ts_code,trade_date,pre_close,open,high,low,close,change,pct_chg,vol,amount
512010.SH,20260508,0.368,0.369,0.369,0.364,0.366,-0.002,-0.5435,11809267.08,432164.734
512010.SH,20260507,0.368,0.37,0.371,0.367,0.368,0.0,0.0,9494480.99,350182.468
512010.SH,20260506,0.37,0.37,0.371,0.367,0.368,-0.002,-0.5405,9469950.16,348683.248
512010.SH,20260430,0.374,0.372,0.373,0.368,0.37,-0.004,-1.0695,9528835.01,352819.786
512010.SH,20260429,0.372,0.372,0.376,0.37,0.374,0.002,0.5376,10304162.99,383651.435
512010.SH,20260428,0.364,0.37,0.378,0.369,0.372,0.008,2.1978,20322876.4,759424.634
512010.SH,20260427,0.366,0.366,0.366,0.362,0.364,-0.002,-0.5464,6735920.0,244902.656
512010.SH,20260424,0.365,0.365,0.369,0.362,0.366,0.001,0.274,10261893.99,375899.312
512010.SH,20260423,0.363,0.364,0.37,0.363,0.365,0.002,0.551,12527007.16,458388.13
512010.SH,20260422,0.365,0.363,0.365,0.361,0.363,-0.002,-0.5479,7555758.0,274075.138
512010.SH,20260421,0.365,0.366,0.368,0.362,0.365,0.0,0.0,7946026.21,289254.72
512010.SH,20260420,0.366,0.366,0.367,0.363,0.365,-0.001,-0.2732,8746088.8,319182.494
512010.SH,20260417,0.377,0.375,0.375,0.365,0.366,-0.011,-2.9178,17756979.84,653784.563
512010.SH,20260416,0.377,0.377,0.379,0.374,0.377,0.0,0.0,8372404.0,315006.142
512010.SH,20260415,0.375,0.378,0.38,0.373,0.377,0.002,0.5333,13402036.5,504423.497
512010.SH,20260414,0.371,0.372,0.375,0.368,0.375,0.004,1.0782,9648402.1,357335.06
512010.SH,20260413,0.373,0.371,0.373,0.369,0.371,-0.002,-0.5362,8031726.71,297487.138
512010.SH,20260410,0.373,0.373,0.378,0.371,0.373,0.0,0.0,10692896.03,400676.403
512010.SH,20260409,0.375,0.373,0.378,0.372,0.373,-0.002,-0.5333,9128764.69,341658.682
512010.SH,20260408,0.369,0.373,0.375,0.368,0.375,0.006,1.626,11845253.93,441012.109
512010.SH,20260407,0.368,0.369,0.373,0.363,0.369,0.001,0.2717,10267935.24,377796.09
512010.SH,20260403,0.374,0.372,0.373,0.366,0.368,-0.006,-1.6043,11250229.22,414886.196
512010.SH,20260402,0.377,0.376,0.378,0.373,0.374,-0.003,-0.7958,14589954.43,547837.867
512010.SH,20260401,0.364,0.368,0.377,0.364,0.377,0.013,3.5714,21264182.02,793257.17
512010.SH,20260331,0.365,0.366,0.373,0.364,0.364,-0.001,-0.274,13375630.6,491974.704
512010.SH,20260330,0.365,0.361,0.367,0.36,0.365,0.0,0.0,10455288.19,380535.178
512010.SH,20260327,0.353,0.35,0.365,0.349,0.365,0.012,3.3994,19928187.89,716845.284
512010.SH,20260326,0.359,0.358,0.362,0.351,0.353,-0.006,-1.6713,10997147.51,391265.755
512010.SH,20260325,0.357,0.358,0.36,0.356,0.359,0.002,0.5602,7618608.1,272790.487
512010.SH,20260324,0.348,0.352,0.357,0.351,0.357,0.009,2.5862,13559053.4,479613.287
512010.SH,20260323,0.362,0.358,0.358,0.346,0.348,-0.014,-3.8674,25481461.1,896642.033
512010.SH,20260320,0.365,0.365,0.369,0.36,0.362,-0.003,-0.8219,11114904.45,404761.875
512010.SH,20260319,0.37,0.368,0.37,0.364,0.365,-0.005,-1.3514,12114131.06,443616.777
512010.SH,20260318,0.371,0.37,0.372,0.367,0.37,-0.001,-0.2695,9908187.0,365567.313
512010.SH,20260317,0.369,0.37,0.377,0.368,0.371,0.002,0.542,15670669.28,584394.174
512010.SH,20260316,0.368,0.368,0.372,0.365,0.369,0.001,0.2717,9376652.07,345588.849
512010.SH,20260313,0.371,0.369,0.371,0.367,0.368,-0.003,-0.8086,9454310.0,348656.339
512010.SH,20260312,0.373,0.373,0.375,0.369,0.371,-0.002,-0.5362,8278929.0,307508.637
512010.SH,20260311,0.374,0.374,0.375,0.371,0.373,-0.001,-0.2674,7708059.11,287512.601
512010.SH,20260310,0.367,0.368,0.375,0.368,0.374,0.007,1.9074,11695990.79,435972.443
512010.SH,20260309,0.372,0.368,0.369,0.363,0.367,-0.005,-1.3441,11492034.0,420840.628
512010.SH,20260306,0.363,0.362,0.372,0.361,0.372,0.009,2.4793,11599453.01,427593.522
512010.SH,20260305,0.361,0.364,0.367,0.361,0.363,0.002,0.554,10532376.0,382637.935
512010.SH,20260304,0.366,0.364,0.366,0.358,0.361,-0.005,-1.3661,14684446.0,530903.594
512010.SH,20260303,0.371,0.372,0.375,0.365,0.366,-0.005,-1.3477,17852863.6,659579.988
512010.SH,20260302,0.379,0.375,0.378,0.37,0.371,-0.008,-2.1108,16598173.16,618581.956
512010.SH,20260227,0.38,0.379,0.381,0.377,0.379,-0.001,-0.2632,5980568.99,226802.462
512010.SH,20260226,0.382,0.384,0.385,0.378,0.38,-0.002,-0.5236,10674692.0,406536.668
512010.SH,20260225,0.381,0.381,0.384,0.38,0.382,0.001,0.2625,7345531.0,280478.603
512010.SH,20260224,0.382,0.385,0.386,0.381,0.381,-0.001,-0.2618,10100584.0,386100.886
512010.SH,20260213,0.387,0.387,0.388,0.382,0.382,-0.005,-1.292,9640098.4,370305.022
512010.SH,20260212,0.388,0.388,0.392,0.387,0.387,-0.001,-0.2577,9284435.91,361284.396
512010.SH,20260211,0.388,0.387,0.39,0.387,0.388,0.0,0.0,8754040.05,339980.287
512010.SH,20260210,0.383,0.383,0.39,0.382,0.388,0.005,1.3055,14450596.66,558999.177
512010.SH,20260209,0.383,0.385,0.385,0.382,0.383,0.0,0.0,9457545.8,362251.849
512010.SH,20260206,0.384,0.383,0.386,0.381,0.383,-0.001,-0.2604,10580625.0,406310.447
512010.SH,20260205,0.38,0.38,0.386,0.379,0.384,0.004,1.0526,19562986.93,750335.166
512010.SH,20260204,0.377,0.375,0.382,0.373,0.38,0.003,0.7958,14708000.0,553609.011
512010.SH,20260203,0.372,0.373,0.377,0.371,0.377,0.005,1.3441,11455143.44,428471.049
512010.SH,20260202,0.38,0.378,0.381,0.371,0.372,-0.008,-2.1053,18410392.42,690799.72
512010.SH,20260130,0.386,0.384,0.388,0.379,0.38,-0.006,-1.5544,18195962.49,696062.883
512010.SH,20260129,0.378,0.376,0.386,0.374,0.386,0.008,2.1164,23963958.38,912007.485
512010.SH,20260128,0.381,0.382,0.383,0.376,0.378,-0.003,-0.7874,22802603.69,862617.317
512010.SH,20260127,0.387,0.388,0.388,0.38,0.381,-0.006,-1.5504,21677058.33,829777.708
512010.SH,20260126,0.388,0.388,0.39,0.383,0.387,-0.001,-0.2577,20546015.69,793752.802
512010.SH,20260123,0.388,0.388,0.391,0.386,0.388,0.0,0.0,18723423.41,727230.686
512010.SH,20260122,0.39,0.391,0.392,0.386,0.388,-0.002,-0.5128,13628109.46,528929.825
512010.SH,20260121,0.393,0.392,0.395,0.389,0.39,-0.003,-0.7634,12220795.97,478326.376
512010.SH,20260120,0.396,0.396,0.397,0.391,0.393,-0.003,-0.7576,12442212.58,488804.198
512010.SH,20260119,0.399,0.398,0.4,0.394,0.396,-0.003,-0.7519,13723618.7,543908.048
512010.SH,20260116,0.404,0.404,0.406,0.398,0.399,-0.005,-1.2376,13436680.09,539113.686
512010.SH,20260115,0.407,0.406,0.41,0.403,0.404,-0.003,-0.7371,12869005.12,521727.959
512010.SH,20260114,0.41,0.411,0.418,0.403,0.407,-0.003,-0.7317,21424660.57,881582.342
512010.SH,20260113,0.404,0.407,0.418,0.407,0.41,0.006,1.4851,26314688.06,1085664.765
512010.SH,20260112,0.403,0.404,0.407,0.401,0.404,0.001,0.2481,15273383.68,616766.81
512010.SH,20260109,0.399,0.399,0.403,0.398,0.403,0.004,1.0025,12240959.01,491049.894
512010.SH,20260108,0.397,0.399,0.401,0.397,0.399,0.002,0.5038,12011342.08,479175.848
512010.SH,20260107,0.396,0.396,0.401,0.395,0.397,0.001,0.2525,12426170.0,495358.757
512010.SH,20260106,0.392,0.393,0.397,0.391,0.396,0.004,1.0204,16478433.5,649699.689
512010.SH,20260105,0.378,0.38,0.394,0.379,0.392,0.014,3.7037,21645293.62,841474.505
512010.SH,20251231,0.381,0.382,0.384,0.378,0.378,-0.003,-0.7874,8940055.21,339729.445
512010.SH,20251230,0.383,0.383,0.383,0.38,0.381,-0.002,-0.5222,8343548.3,318378.84
512010.SH,20251229,0.387,0.386,0.387,0.383,0.383,-0.004,-1.0336,9097126.0,349806.646
512010.SH,20251226,0.388,0.387,0.388,0.384,0.387,-0.001,-0.2577,8047720.0,310796.753
512010.SH,20251225,0.384,0.384,0.388,0.383,0.388,0.004,1.0417,8986880.0,346736.641
512010.SH,20251224,0.385,0.384,0.387,0.383,0.384,-0.001,-0.2597,7814156.68,300608.361
512010.SH,20251223,0.387,0.386,0.388,0.384,0.385,-0.002,-0.5168,8488963.0,327211.564
512010.SH,20251222,0.388,0.388,0.389,0.384,0.387,-0.001,-0.2577,7838986.0,303081.893
512010.SH,20251219,0.383,0.384,0.39,0.382,0.388,0.005,1.3055,10488471.16,405816.012
512010.SH,20251218,0.383,0.382,0.386,0.381,0.383,0.0,0.0,9458211.0,362865.077
512010.SH,20251217,0.378,0.378,0.385,0.376,0.383,0.005,1.3228,13102290.84,498525.493
512010.SH,20251216,0.384,0.384,0.386,0.377,0.378,-0.006,-1.5625,13584530.84,516301.403
512010.SH,20251215,0.391,0.39,0.39,0.384,0.384,-0.007,-1.7903,12659130.0,489486.617
512010.SH,20251212,0.39,0.39,0.392,0.387,0.391,0.001,0.2564,10144263.03,394775.209
512010.SH,20251211,0.392,0.392,0.394,0.389,0.39,-0.002,-0.5102,10175712.0,398834.602
512010.SH,20251210,0.391,0.39,0.393,0.385,0.392,0.001,0.2558,11702633.3,455624.437
512010.SH,20251209,0.391,0.391,0.396,0.389,0.391,0.0,0.0,11710568.97,459460.133
512010.SH,20251208,0.389,0.391,0.394,0.389,0.391,0.002,0.5141,10371417.3,405961.69
512010.SH,20251205,0.387,0.387,0.39,0.384,0.389,0.002,0.5168,18634390.92,722089.377
512010.SH,20251204,0.386,0.386,0.388,0.385,0.387,0.001,0.2591,8131583.0,314096.441
512010.SH,20251203,0.388,0.387,0.389,0.385,0.386,-0.002,-0.5155,9336211.57,360747.252
512010.SH,20251202,0.393,0.393,0.394,0.387,0.388,-0.005,-1.2723,11325865.39,441001.437
512010.SH,20251201,0.393,0.392,0.394,0.39,0.393,0.0,0.0,9661467.29,378659.066
512010.SH,20251128,0.392,0.394,0.394,0.389,0.393,0.001,0.2551,7931712.0,310796.767
512010.SH,20251127,0.394,0.394,0.395,0.39,0.392,-0.002,-0.5076,9486211.0,372343.724
512010.SH,20251126,0.393,0.394,0.398,0.393,0.394,0.001,0.2545,9709715.0,384471.298
512010.SH,20251125,0.392,0.393,0.395,0.391,0.393,0.001,0.2551,9109580.0,358342.76
512010.SH,20251124,0.387,0.39,0.393,0.388,0.392,0.005,1.292,11222957.0,438370.628
512010.SH,20251121,0.394,0.392,0.396,0.385,0.387,-0.007,-1.7766,20914166.5,814844.761
512010.SH,20251120,0.398,0.399,0.401,0.394,0.394,-0.004,-1.005,11129468.0,441530.403
512010.SH,20251119,0.399,0.399,0.4,0.396,0.398,-0.001,-0.2506,11219410.98,446544.732
512010.SH,20251118,0.401,0.401,0.403,0.398,0.399,-0.002,-0.4988,11735796.17,469828.621
512010.SH,20251117,0.408,0.407,0.408,0.399,0.401,-0.007,-1.7157,17009168.92,683152.019
512010.SH,20251114,0.411,0.409,0.413,0.407,0.408,-0.003,-0.7299,12079831.67,495392.697
512010.SH,20251113,0.405,0.405,0.412,0.404,0.411,0.006,1.4815,15832349.78,647303.855
512010.SH,20251112,0.404,0.404,0.409,0.403,0.405,0.001,0.2475,13833749.72,561926.062
512010.SH,20251111,0.405,0.406,0.407,0.401,0.404,-0.001,-0.2469,10900967.0,439551.097
512010.SH,20251110,0.401,0.402,0.406,0.399,0.405,0.004,0.9975,12674689.44,511053.216
512010.SH,20251107,0.404,0.402,0.404,0.4,0.401,-0.003,-0.7426,8349539.0,335459.475
512010.SH,20251106,0.402,0.402,0.404,0.399,0.404,0.002,0.4975,8340934.47,335396.401
512010.SH,20251105,0.402,0.399,0.404,0.398,0.402,0.0,0.0,9104447.88,365719.428
512010.SH,20251104,0.409,0.408,0.409,0.399,0.402,-0.007,-1.7115,16077498.91,648031.554
512010.SH,20251103,0.413,0.414,0.415,0.407,0.409,-0.004,-0.9685,15019720.0,614930.053
512010.SH,20251031,0.409,0.409,0.416,0.407,0.413,0.004,0.978,14559692.61,601071.824
512010.SH,20251030,0.42,0.416,0.417,0.407,0.409,-0.011,-2.619,25039508.99,1030129.951
512010.SH,20251029,0.416,0.415,0.42,0.412,0.42,0.004,0.9615,12510757.15,520013.386
512010.SH,20251028,0.423,0.421,0.421,0.414,0.416,-0.007,-1.6548,13291467.9,554323.88
512010.SH,20251027,0.417,0.423,0.428,0.42,0.423,0.006,1.4388,15021217.58,636738.353
512010.SH,20251024,0.416,0.416,0.421,0.415,0.417,0.001,0.2404,10049667.08,419810.778
512010.SH,20251023,0.416,0.415,0.417,0.41,0.416,0.0,0.0,12474381.1,515002.052
512010.SH,20251022,0.419,0.419,0.422,0.415,0.416,-0.003,-0.716,8165487.0,340753.401
512010.SH,20251021,0.414,0.416,0.42,0.415,0.419,0.005,1.2077,10450442.7,436831.918
512010.SH,20251020,0.415,0.416,0.42,0.413,0.414,-0.001,-0.241,10863035.07,452068.046
512010.SH,20251017,0.424,0.423,0.425,0.414,0.415,-0.009,-2.1226,17415903.86,727079.316
512010.SH,20251016,0.422,0.422,0.429,0.419,0.424,0.002,0.4739,16734246.54,709802.66
512010.SH,20251015,0.416,0.416,0.423,0.413,0.422,0.006,1.4423,25757458.51,1079903.813
512010.SH,20251014,0.426,0.427,0.429,0.413,0.416,-0.01,-2.3474,21171569.67,890466.881
512010.SH,20251013,0.437,0.425,0.429,0.421,0.426,-0.011,-2.5172,18749971.91,796334.518
512010.SH,20251010,0.448,0.445,0.446,0.434,0.437,-0.011,-2.4554,16652130.02,731721.071
512010.SH,20251009,0.446,0.446,0.448,0.438,0.448,0.002,0.4484,21059070.0,934378.155
512010.SH,20250930,0.435,0.435,0.446,0.434,0.446,0.011,2.5287,14522227.55,640937.753
512010.SH,20250929,0.433,0.432,0.436,0.425,0.435,0.002,0.4619,12884779.26,554305.568
512010.SH,20250926,0.443,0.439,0.439,0.433,0.433,-0.01,-2.2573,11718900.46,509759.769
512010.SH,20250925,0.435,0.438,0.444,0.436,0.443,0.008,1.8391,14924220.79,659051.613
512010.SH,20250924,0.432,0.431,0.436,0.43,0.435,0.003,0.6944,9486022.76,411781.795
512010.SH,20250923,0.44,0.44,0.44,0.426,0.432,-0.008,-1.8182,15753766.06,680110.898
512010.SH,20250922,0.439,0.441,0.448,0.437,0.44,0.001,0.2278,12481386.0,550897.641
512010.SH,20250919,0.443,0.443,0.446,0.436,0.439,-0.004,-0.9029,12430298.23,546400.181
512010.SH,20250918,0.445,0.445,0.452,0.439,0.443,-0.002,-0.4494,18562357.0,827349.57
512010.SH,20250917,0.441,0.441,0.446,0.438,0.445,0.004,0.907,13326727.8,589921.211
512010.SH,20250916,0.443,0.442,0.443,0.436,0.441,-0.002,-0.4515,11959318.0,525786.773
512010.SH,20250915,0.441,0.441,0.445,0.439,0.443,0.002,0.4535,12714927.0,562993.828
512010.SH,20250912,0.44,0.442,0.445,0.437,0.441,0.001,0.2273,16134086.44,711332.09
512010.SH,20250911,0.443,0.435,0.441,0.422,0.44,-0.003,-0.6772,25368330.84,1098523.596
512010.SH,20250910,0.445,0.444,0.45,0.44,0.443,-0.002,-0.4494,12659118.0,562288.274
512010.SH,20250909,0.456,0.454,0.459,0.442,0.445,-0.011,-2.4123,17771971.77,799810.558
512010.SH,20250908,0.446,0.447,0.458,0.447,0.456,0.01,2.2422,20982985.66,952186.547
512010.SH,20250905,0.431,0.431,0.448,0.429,0.446,0.015,3.4803,19373242.99,849207.863
512010.SH,20250904,0.447,0.45,0.45,0.425,0.431,-0.016,-3.5794,22891326.97,996364.217
512010.SH,20250903,0.448,0.447,0.455,0.444,0.447,-0.001,-0.2232,18896819.98,847416.274
512010.SH,20250902,0.446,0.449,0.456,0.442,0.448,0.002,0.4484,23779452.53,1068010.601
512010.SH,20250901,0.431,0.433,0.448,0.431,0.446,0.015,3.4803,28552722.17,1260765.949
512010.SH,20250829,0.419,0.419,0.433,0.418,0.431,0.012,2.864,22199904.37,946965.849
512010.SH,20250828,0.42,0.419,0.421,0.409,0.419,-0.001,-0.2381,21589602.64,898068.191
512010.SH,20250827,0.429,0.429,0.433,0.42,0.42,-0.009,-2.0979,22206608.05,948009.277
512010.SH,20250826,0.434,0.433,0.433,0.428,0.429,-0.005,-1.1521,15108254.9,650118.172
512010.SH,20250825,0.424,0.426,0.434,0.424,0.434,0.01,2.3585,21584696.01,925959.47
512010.SH,20250822,0.42,0.421,0.424,0.418,0.424,0.004,0.9524,14513236.31,610954.517
512010.SH,20250821,0.415,0.416,0.424,0.416,0.42,0.005,1.2048,21427562.31,901294.901
512010.SH,20250820,0.411,0.409,0.415,0.407,0.415,0.004,0.9732,14088817.55,578233.274
512010.SH,20250819,0.418,0.418,0.426,0.41,0.411,-0.007,-1.6746,21538508.11,900735.343
512010.SH,20250818,0.417,0.418,0.421,0.416,0.418,0.001,0.2398,17689594.27,739618.684
512010.SH,20250815,0.415,0.413,0.419,0.413,0.417,0.002,0.4819,13144862.82,547360.894
512010.SH,20250814,0.418,0.419,0.423,0.413,0.415,-0.003,-0.7177,17445358.86,728325.847
512010.SH,20250813,0.408,0.409,0.419,0.408,0.418,0.01,2.451,19073477.32,789222.793
512010.SH,20250812,0.407,0.409,0.412,0.405,0.408,0.001,0.2457,12948331.42,528533.295
512010.SH,20250811,0.406,0.405,0.41,0.404,0.407,0.001,0.2463,12950526.09,527395.119
512010.SH,20250808,0.407,0.406,0.408,0.402,0.406,-0.001,-0.2457,13048615.9,528004.265
512010.SH,20250807,0.41,0.409,0.413,0.405,0.407,-0.003,-0.7317,12992767.14,530261.777
512010.SH,20250806,0.411,0.411,0.415,0.408,0.41,-0.001,-0.2433,12553293.17,515358.438
512010.SH,20250805,0.409,0.41,0.413,0.408,0.411,0.002,0.489,14175015.0,581426.107
512010.SH,20250804,0.409,0.406,0.409,0.4,0.409,0.0,0.0,20769713.51,840472.992
512010.SH,20250801,0.416,0.414,0.421,0.407,0.409,-0.007,-1.6827,21611189.47,893017.035
512010.SH,20250731,0.424,0.422,0.424,0.413,0.416,-0.008,-1.8868,27405896.0,1146435.858
512010.SH,20250730,0.421,0.42,0.431,0.418,0.424,0.003,0.7126,33852572.31,1438786.07
512010.SH,20250729,0.41,0.415,0.424,0.41,0.421,0.011,2.6829,32614342.15,1363348.213
512010.SH,20250728,0.401,0.405,0.412,0.405,0.41,0.009,2.2444,28187924.9,1151343.127
512010.SH,20250725,0.401,0.402,0.408,0.4,0.401,0.0,0.0,23417185.56,944613.884
512010.SH,20250724,0.393,0.392,0.404,0.392,0.401,0.008,2.0356,22761682.94,905755.088
512010.SH,20250723,0.392,0.392,0.397,0.391,0.393,0.001,0.2551,15731983.97,620402.989
512010.SH,20250722,0.39,0.39,0.396,0.389,0.392,0.002,0.5128,15988152.31,627758.549
512010.SH,20250721,0.391,0.392,0.392,0.387,0.39,-0.001,-0.2558,15059095.2,586767.451
512010.SH,20250718,0.387,0.388,0.392,0.387,0.391,0.004,1.0336,17165796.22,668151.535
512010.SH,20250717,0.381,0.381,0.387,0.38,0.387,0.006,1.5748,17371192.5,667255.062
512010.SH,20250716,0.381,0.381,0.384,0.379,0.381,0.0,0.0,10793129.0,411424.276
512010.SH,20250715,0.38,0.381,0.383,0.377,0.381,0.001,0.2632,14611556.9,555173.606
512010.SH,20250714,0.381,0.38,0.383,0.379,0.38,-0.001,-0.2625,11141196.13,424624.02
512010.SH,20250711,0.375,0.377,0.384,0.376,0.381,0.006,1.6,23076079.47,879946.18
512010.SH,20250710,0.374,0.372,0.378,0.372,0.375,0.001,0.2674,12501124.81,469152.554
512010.SH,20250709,0.369,0.37,0.376,0.367,0.374,0.005,1.355,19489286.1,725654.33
512010.SH,20250708,0.367,0.367,0.37,0.366,0.369,0.002,0.545,12224159.81,450843.861
512010.SH,20250707,0.371,0.372,0.373,0.366,0.367,-0.004,-1.0782,11080804.77,408330.617
512010.SH,20250704,0.37,0.371,0.374,0.37,0.371,0.001,0.2703,13182005.5,490263.863
512010.SH,20250703,0.368,0.369,0.371,0.367,0.37,0.002,0.5435,8884092.0,328611.849
512010.SH,20250702,0.37,0.371,0.373,0.367,0.368,-0.002,-0.5405,9281595.33,343031.305
512010.SH,20250701,0.368,0.368,0.371,0.368,0.37,0.002,0.5435,9648629.08,356898.456
512010.SH,20250630,0.365,0.365,0.369,0.363,0.368,0.003,0.8219,12341209.0,451269.21
512010.SH,20250627,0.366,0.365,0.367,0.364,0.365,-0.001,-0.2732,12545396.0,458388.0
512010.SH,20250626,0.369,0.368,0.369,0.364,0.366,-0.003,-0.813,13598213.46,498191.128
512010.SH,20250625,0.365,0.366,0.369,0.363,0.369,0.004,1.0959,13788382.44,504664.566
512010.SH,20250624,0.363,0.364,0.366,0.362,0.365,0.002,0.551,16042051.0,585251.626
512010.SH,20250623,0.363,0.362,0.364,0.359,0.363,0.0,0.0,12236042.0,441628.543
512010.SH,20250620,0.361,0.362,0.364,0.361,0.363,0.002,0.554,6934309.3,251300.889
512010.SH,20250619,0.365,0.365,0.367,0.36,0.361,-0.004,-1.0959,12390929.0,449764.714
512010.SH,20250618,0.367,0.367,0.368,0.364,0.365,-0.002,-0.545,7618170.22,278491.508
512010.SH,20250617,0.374,0.375,0.378,0.366,0.367,-0.007,-1.8717,18545391.64,688486.234
512010.SH,20250616,0.377,0.376,0.378,0.372,0.374,-0.003,-0.7958,20859706.65,780614.015
512010.SH,20250613,0.383,0.382,0.386,0.376,0.377,-0.006,-1.5666,19543897.69,741083.501
512010.SH,20250612,0.378,0.377,0.384,0.376,0.383,0.005,1.3228,14833156.8,564767.176
512010.SH,20250611,0.379,0.379,0.382,0.377,0.378,-0.001,-0.2639,10643951.0,403386.037
512010.SH,20250610,0.378,0.378,0.383,0.376,0.379,0.001,0.2646,18755287.5,712165.216
512010.SH,20250609,0.373,0.373,0.382,0.373,0.378,0.005,1.3405,16030875.2,607132.891
512010.SH,20250606,0.376,0.376,0.377,0.372,0.373,-0.003,-0.7979,9378188.52,350394.291
512010.SH,20250605,0.379,0.379,0.38,0.374,0.376,-0.003,-0.7916,12061422.45,453510.358
512010.SH,20250604,0.375,0.376,0.38,0.374,0.379,0.004,1.0667,15747422.01,594778.322
512010.SH,20250603,0.373,0.372,0.377,0.371,0.375,0.002,0.5362,11418739.38,428450.321
512010.SH,20250530,0.372,0.371,0.376,0.371,0.373,0.001,0.2688,13342322.07,498571.8
512010.SH,20250529,0.367,0.367,0.373,0.365,0.372,0.005,1.3624,13270970.0,491406.985
512010.SH,20250528,0.367,0.367,0.369,0.366,0.367,0.0,0.0,7961019.47,292555.601
512010.SH,20250527,0.365,0.365,0.369,0.365,0.367,0.002,0.5479,8928339.47,327449.968
512010.SH,20250526,0.37,0.369,0.371,0.364,0.365,-0.005,-1.3514,13241419.31,485754.335
512010.SH,20250523,0.369,0.37,0.376,0.369,0.37,0.001,0.271,18124069.14,676342.727
512010.SH,20250522,0.371,0.37,0.372,0.368,0.369,-0.002,-0.5391,12415675.6,459161.057
512010.SH,20250521,0.368,0.367,0.373,0.366,0.371,0.003,0.8152,17577252.67,651257.059
512010.SH,20250520,0.363,0.363,0.369,0.363,0.368,0.005,1.3774,14461946.52,530370.944
512010.SH,20250519,0.363,0.363,0.364,0.36,0.363,0.0,0.0,7317802.8,264896.887
512010.SH,20250516,0.363,0.363,0.364,0.36,0.363,0.0,0.0,9219030.24,333833.364
512010.SH,20250515,0.363,0.363,0.365,0.362,0.363,0.0,0.0,10945360.0,398122.489
512010.SH,20250514,0.36,0.359,0.364,0.358,0.363,0.003,0.8333,14042598.91,507337.59
512010.SH,20250513,0.357,0.359,0.361,0.358,0.36,0.003,0.8403,16052127.4,577642.137
512010.SH,20250512,0.358,0.357,0.358,0.354,0.357,-0.001,-0.2793,12749290.0,453550.061
512010.SH,20250509,0.357,0.357,0.36,0.356,0.358,0.001,0.2801,9731561.7,348565.696
512010.SH,20250508,0.357,0.356,0.358,0.355,0.357,0.0,0.0,6364841.0,227178.618
512010.SH,20250507,0.357,0.36,0.362,0.355,0.357,0.0,0.0,11545085.82,412711.806
512010.SH,20250506,0.354,0.357,0.358,0.355,0.357,0.003,0.8475,10318687.82,368030.764
512010.SH,20250430,0.35,0.35,0.356,0.349,0.354,0.004,1.1429,16545879.43,584346.824
512010.SH,20250429,0.349,0.35,0.352,0.349,0.35,0.001,0.2865,8991348.99,314885.351
512010.SH,20250428,0.351,0.35,0.351,0.348,0.349,-0.002,-0.5698,11567269.86,404212.648
512010.SH,20250425,0.352,0.353,0.355,0.35,0.351,-0.001,-0.2841,15687915.0,552149.51
512010.SH,20250424,0.351,0.352,0.355,0.35,0.352,0.001,0.2849,12145435.0,428427.272
512010.SH,20250423,0.352,0.352,0.355,0.35,0.351,-0.001,-0.2841,9673032.28,340506.763
512010.SH,20250422,0.348,0.348,0.353,0.347,0.352,0.004,1.1494,16624131.28,582878.478
512010.SH,20250421,0.347,0.345,0.349,0.344,0.348,0.001,0.2882,11351020.2,393508.087
512010.SH,20250418,0.348,0.348,0.35,0.345,0.347,-0.001,-0.2874,9115742.0,315869.943
512010.SH,20250417,0.348,0.346,0.349,0.345,0.348,0.0,0.0,11331670.0,393842.198
512010.SH,20250416,0.347,0.346,0.348,0.342,0.348,0.001,0.2882,14838092.01,511078.704
512010.SH,20250415,0.35,0.349,0.349,0.345,0.347,-0.003,-0.8571,13264453.0,459894.68
512010.SH,20250414,0.349,0.35,0.353,0.348,0.35,0.001,0.2865,14013837.5,491045.454
512010.SH,20250411,0.348,0.346,0.35,0.344,0.349,0.001,0.2874,17246952.98,599015.005
512010.SH,20250410,0.343,0.348,0.353,0.346,0.348,0.005,1.4577,22127902.66,772594.089
512010.SH,20250409,0.344,0.339,0.344,0.333,0.343,-0.001,-0.2907,23328799.08,791443.193
512010.SH,20250408,0.342,0.343,0.347,0.339,0.344,0.002,0.5848,23118547.59,791626.548
512010.SH,20250407,0.366,0.355,0.356,0.333,0.342,-0.024,-6.5574,34384073.09,1191762.787
512010.SH,20250403,0.369,0.366,0.371,0.364,0.366,-0.003,-0.813,18152853.0,666564.557
512010.SH,20250402,0.374,0.374,0.374,0.367,0.369,-0.005,-1.3369,22042533.54,816846.808
512010.SH,20250401,0.362,0.364,0.376,0.363,0.374,0.012,3.3149,33389214.55,1244026.373
512010.SH,20250331,0.366,0.365,0.369,0.361,0.362,-0.004,-1.0929,13144868.0,479031.649
512010.SH,20250328,0.366,0.365,0.371,0.365,0.366,0.0,0.0,20357153.81,749601.877
512010.SH,20250327,0.359,0.358,0.367,0.356,0.366,0.007,1.9499,22569094.41,818039.408
512010.SH,20250326,0.36,0.36,0.363,0.358,0.359,-0.001,-0.2778,12504119.2,450186.868
512010.SH,20250325,0.359,0.359,0.36,0.357,0.36,0.001,0.2786,9868945.9,353940.493
512010.SH,20250324,0.36,0.36,0.361,0.356,0.359,-0.001,-0.2778,12421493.81,444842.861
512010.SH,20250321,0.366,0.365,0.367,0.359,0.36,-0.006,-1.6393,17960212.0,650075.2
512010.SH,20250320,0.37,0.371,0.371,0.365,0.366,-0.004,-1.0811,15933188.0,585300.801
512010.SH,20250319,0.37,0.37,0.373,0.368,0.37,0.0,0.0,21264363.1,787110.417
512010.SH,20250318,0.365,0.369,0.375,0.367,0.37,0.005,1.3699,23558794.09,875508.933
512010.SH,20250317,0.366,0.368,0.368,0.364,0.365,-0.001,-0.2732,12733118.0,465907.319
512010.SH,20250314,0.356,0.357,0.367,0.356,0.366,0.01,2.809,31949122.74,1160893.364
512010.SH,20250313,0.357,0.357,0.359,0.355,0.356,-0.001,-0.2801,11238660.0,400434.711
512010.SH,20250312,0.36,0.361,0.363,0.357,0.357,-0.003,-0.8333,12117633.0,434812.696
512010.SH,20250311,0.359,0.356,0.36,0.355,0.36,0.001,0.2786,14029852.4,501701.711
512010.SH,20250310,0.358,0.359,0.362,0.355,0.359,0.001,0.2793,13259432.0,474728.407
512010.SH,20250307,0.362,0.36,0.361,0.356,0.358,-0.004,-1.105,17002344.0,609459.557
512010.SH,20250306,0.356,0.357,0.362,0.357,0.362,0.006,1.6854,18432102.0,663307.05
512010.SH,20250305,0.359,0.359,0.359,0.354,0.356,-0.003,-0.8357,13194404.2,469492.924
512010.SH,20250304,0.358,0.357,0.36,0.355,0.359,0.001,0.2793,11706498.48,418175.162
512010.SH,20250303,0.357,0.358,0.364,0.357,0.358,0.001,0.2801,17126252.0,617767.305
512010.SH,20250228,0.367,0.365,0.369,0.357,0.357,-0.01,-2.7248,21544598.71,780786.4
512010.SH,20250227,0.367,0.366,0.37,0.363,0.367,0.0,0.0,17705548.0,648961.804
512010.SH,20250226,0.362,0.364,0.367,0.362,0.367,0.005,1.3812,15714102.1,572150.121
512010.SH,20250225,0.368,0.364,0.366,0.361,0.362,-0.006,-1.6304,14607641.7,531291.58
512010.SH,20250224,0.373,0.372,0.374,0.366,0.368,-0.005,-1.3405,20584092.84,760152.19
512010.SH,20250221,0.365,0.366,0.374,0.365,0.373,0.008,2.1918,33739664.52,1249129.71
512010.SH,20250220,0.358,0.358,0.369,0.358,0.365,0.007,1.9553,25458188.29,930009.217
512010.SH,20250219,0.357,0.356,0.361,0.354,0.358,0.001,0.2801,19489555.02,696738.833
512010.SH,20250218,0.364,0.362,0.364,0.356,0.357,-0.007,-1.9231,19154121.8,689313.02
512010.SH,20250217,0.362,0.364,0.368,0.361,0.364,0.002,0.5525,25468299.23,928177.575
512010.SH,20250214,0.353,0.353,0.363,0.352,0.362,0.009,2.5496,33745914.86,1210790.809
512010.SH,20250213,0.354,0.354,0.356,0.351,0.353,-0.001,-0.2825,17640042.6,623917.036
512010.SH,20250212,0.353,0.352,0.354,0.35,0.354,0.001,0.2833,12732094.34,448619.343
512010.SH,20250211,0.357,0.357,0.358,0.352,0.353,-0.004,-1.1204,12784427.0,452276.854
512010.SH,20250210,0.354,0.354,0.357,0.352,0.357,0.003,0.8475,18716041.01,664830.544
512010.SH,20250207,0.349,0.349,0.357,0.348,0.354,0.005,1.4327,29811744.84,1053100.355
512010.SH,20250206,0.346,0.346,0.35,0.343,0.349,0.003,0.8671,17143360.68,594458.268
512010.SH,20250205,0.346,0.348,0.348,0.343,0.346,0.0,0.0,12729437.88,439115.813
512010.SH,20250127,0.346,0.346,0.349,0.345,0.346,0.0,0.0,10719766.12,371571.353
512010.SH,20250124,0.343,0.343,0.348,0.342,0.346,0.003,0.8746,15346843.86,530026.934
512010.SH,20250123,0.342,0.345,0.348,0.343,0.343,0.001,0.2924,15239916.87,526286.632
512010.SH,20250122,0.346,0.345,0.346,0.341,0.342,-0.004,-1.1561,10245222.3,351395.383
512010.SH,20250121,0.347,0.348,0.349,0.343,0.346,-0.001,-0.2882,12407105.0,428762.894
512010.SH,20250120,0.341,0.343,0.349,0.343,0.347,0.006,1.7595,19701018.9,683120.49
512010.SH,20250117,0.34,0.339,0.343,0.338,0.341,0.001,0.2941,11179710.0,380481.662
512010.SH,20250116,0.343,0.343,0.347,0.339,0.34,-0.003,-0.8746,15823656.0,542491.473
512010.SH,20250115,0.346,0.346,0.346,0.341,0.343,-0.003,-0.8671,10902060.0,373579.007
512010.SH,20250114,0.338,0.338,0.347,0.337,0.346,0.008,2.3669,18159908.57,623730.904
512010.SH,20250113,0.336,0.334,0.339,0.334,0.338,0.002,0.5952,13621894.0,459477.627
512010.SH,20250110,0.341,0.341,0.342,0.336,0.336,-0.005,-1.4663,14152011.0,479623.388
512010.SH,20250109,0.341,0.341,0.344,0.339,0.341,0.0,0.0,10451387.0,357114.131
512010.SH,20250108,0.344,0.344,0.345,0.337,0.341,-0.003,-0.8721,19307606.8,658516.839
512010.SH,20250107,0.349,0.35,0.35,0.341,0.344,-0.005,-1.4327,19215012.5,661122.524
512010.SH,20250106,0.348,0.349,0.353,0.348,0.349,0.001,0.2874,18031284.53,630579.467
512010.SH,20250103,0.351,0.352,0.354,0.346,0.348,-0.003,-0.8547,17516210.56,613971.691
512010.SH,20250102,0.361,0.361,0.362,0.349,0.351,-0.01,-2.7701,23732602.19,843158.05
512010.SH,20241231,0.366,0.366,0.367,0.361,0.361,-0.005,-1.3661,15520325.57,564687.253
512010.SH,20241230,0.366,0.366,0.37,0.365,0.366,0.0,0.0,12928897.99,475126.488
512010.SH,20241227,0.367,0.366,0.368,0.365,0.366,-0.001,-0.2725,14722870.5,539233.754
512010.SH,20241226,0.369,0.369,0.369,0.366,0.367,-0.002,-0.542,9464518.0,347538.264
512010.SH,20241225,0.37,0.372,0.373,0.367,0.369,-0.001,-0.2703,14359538.96,531330.13
512010.SH,20241224,0.366,0.366,0.37,0.365,0.37,0.004,1.0929,12353110.0,454848.003
512010.SH,20241223,0.368,0.368,0.37,0.365,0.366,-0.002,-0.5435,18942227.0,696056.757
512010.SH,20241220,0.369,0.368,0.371,0.367,0.368,-0.001,-0.271,14020012.0,517419.048
512010.SH,20241219,0.37,0.368,0.37,0.365,0.369,-0.001,-0.2703,14832498.0,545253.647
512010.SH,20241218,0.369,0.37,0.371,0.368,0.37,0.001,0.271,10118322.1,374154.492
512010.SH,20241217,0.37,0.37,0.372,0.368,0.369,-0.001,-0.2703,15036891.55,555778.644
512010.SH,20241216,0.374,0.374,0.374,0.368,0.37,-0.004,-1.0695,15760735.0,583794.55
512010.SH,20241213,0.385,0.383,0.383,0.373,0.374,-0.011,-2.8571,21055531.0,795233.143
512010.SH,20241212,0.381,0.381,0.385,0.38,0.385,0.004,1.0499,24150833.09,923986.685
512010.SH,20241211,0.381,0.38,0.383,0.379,0.381,0.0,0.0,15003909.2,572021.253
512010.SH,20241210,0.383,0.393,0.396,0.38,0.381,-0.002,-0.5222,28440385.71,1098655.332
512010.SH,20241209,0.382,0.385,0.387,0.381,0.383,0.001,0.2618,16410709.45,629855.0
512010.SH,20241206,0.373,0.373,0.383,0.372,0.382,0.009,2.4129,23949840.47,907121.706
512010.SH,20241205,0.374,0.374,0.374,0.37,0.373,-0.001,-0.2674,12603119.64,468686.794
512010.SH,20241204,0.379,0.378,0.379,0.373,0.374,-0.005,-1.3193,13981093.32,525126.544
512010.SH,20241203,0.381,0.38,0.38,0.377,0.379,-0.002,-0.5249,20267504.91,767559.363
512010.SH,20241202,0.377,0.378,0.382,0.375,0.381,0.004,1.061,16947703.13,643424.802
512010.SH,20241129,0.373,0.372,0.381,0.372,0.377,0.004,1.0724,19170062.13,722224.482
512010.SH,20241128,0.376,0.376,0.377,0.37,0.373,-0.003,-0.7979,13671628.0,510359.676
512010.SH,20241127,0.37,0.369,0.377,0.368,0.376,0.006,1.6216,17637432.21,657536.314
512010.SH,20241126,0.368,0.368,0.375,0.367,0.37,0.002,0.5435,18856169.8,700688.031
512010.SH,20241125,0.371,0.371,0.374,0.365,0.368,-0.003,-0.8086,18976878.9,701230.546
512010.SH,20241122,0.385,0.384,0.385,0.37,0.371,-0.014,-3.6364,23205364.39,874877.092
512010.SH,20241121,0.387,0.387,0.387,0.382,0.385,-0.002,-0.5168,17796557.5,684323.727
512010.SH,20241120,0.379,0.378,0.39,0.377,0.387,0.008,2.1108,31385500.6,1209708.899
512010.SH,20241119,0.375,0.377,0.38,0.371,0.379,0.004,1.0667,17927713.08,673979.564
512010.SH,20241118,0.38,0.38,0.383,0.373,0.375,-0.005,-1.3158,23244496.74,880041.428
512010.SH,20241115,0.387,0.386,0.389,0.38,0.38,-0.007,-1.8088,23572491.6,905870.065
512010.SH,20241114,0.399,0.398,0.398,0.387,0.387,-0.012,-3.0075,25100863.0,985817.036
512010.SH,20241113,0.402,0.4,0.404,0.394,0.399,-0.003,-0.7463,27404118.65,1090574.864
512010.SH,20241112,0.397,0.398,0.412,0.397,0.402,0.005,1.2594,53081631.52,2151395.497
512010.SH,20241111,0.394,0.39,0.398,0.387,0.397,0.003,0.7614,31941312.33,1253559.849
512010.SH,20241108,0.397,0.402,0.405,0.392,0.394,-0.003,-0.7557,35063713.45,1393852.067
512010.SH,20241107,0.382,0.38,0.398,0.379,0.397,0.015,3.9267,44923584.11,1752097.141
512010.SH,20241106,0.383,0.384,0.39,0.38,0.382,-0.001,-0.2611,32883400.0,1266101.438
512010.SH,20241105,0.375,0.374,0.384,0.371,0.383,0.008,2.1333,34741044.16,1318937.083
512010.SH,20241104,0.371,0.372,0.375,0.371,0.375,0.004,1.0782,15001055.31,559231.287
512010.SH,20241101,0.37,0.369,0.376,0.368,0.371,0.001,0.2703,21072259.4,783833.303
512010.SH,20241031,0.373,0.372,0.375,0.368,0.37,-0.003,-0.8043,23033684.0,853419.712
512010.SH,20241030,0.378,0.375,0.38,0.37,0.373,-0.005,-1.3228,20683206.4,773545.456
512010.SH,20241029,0.385,0.387,0.389,0.377,0.378,-0.007,-1.8182,28350339.0,1082371.593
512010.SH,20241028,0.382,0.382,0.386,0.378,0.385,0.003,0.7853,27274987.37,1043841.251
512010.SH,20241025,0.376,0.375,0.384,0.371,0.382,0.006,1.5957,31423185.82,1189904.899
512010.SH,20241024,0.382,0.381,0.382,0.375,0.376,-0.006,-1.5707,21545743.9,814119.51
512010.SH,20241023,0.381,0.382,0.384,0.377,0.382,0.001,0.2625,31799923.52,1210404.814
512010.SH,20241022,0.377,0.375,0.384,0.374,0.381,0.004,1.061,24064625.72,914109.263
512010.SH,20241021,0.376,0.376,0.382,0.369,0.377,0.001,0.266,37555464.12,1410581.98
512010.SH,20241018,0.36,0.359,0.385,0.357,0.376,0.016,4.4444,40260192.63,1491388.973
512010.SH,20241017,0.363,0.365,0.368,0.359,0.36,-0.003,-0.8264,16222348.2,590487.142
512010.SH,20241016,0.37,0.365,0.368,0.36,0.363,-0.007,-1.8919,22367346.3,814427.347
512010.SH,20241015,0.382,0.381,0.383,0.369,0.37,-0.012,-3.1414,21669995.18,816062.073
512010.SH,20241014,0.379,0.38,0.383,0.372,0.382,0.003,0.7916,24663320.5,931729.399
512010.SH,20241011,0.4,0.396,0.397,0.374,0.379,-0.021,-5.25,37076395.7,1420051.725
512010.SH,20241010,0.4,0.403,0.414,0.392,0.4,0.0,0.0,31582466.21,1272589.094
512010.SH,20241009,0.439,0.425,0.431,0.398,0.4,-0.039,-8.8838,48582490.17,2012542.67
512010.SH,20241008,0.399,0.439,0.439,0.41,0.439,0.04,10.0251,85738307.49,3717311.506
512010.SH,20240930,0.363,0.381,0.399,0.373,0.399,0.036,9.9174,57248015.35,2232110.908
512010.SH,20240927,0.335,0.341,0.365,0.341,0.363,0.028,8.3582,30863992.32,1083558.385
512010.SH,20240926,0.322,0.321,0.336,0.318,0.335,0.013,4.0373,28715617.61,939091.281
512010.SH,20240925,0.317,0.32,0.328,0.32,0.322,0.005,1.5773,26138409.14,848205.071
512010.SH,20240924,0.307,0.309,0.318,0.306,0.317,0.01,3.2573,21972639.62,688052.977
512010.SH,20240923,0.308,0.311,0.314,0.307,0.307,-0.001,-0.3247,11064006.0,342997.306
512010.SH,20240920,0.312,0.312,0.313,0.306,0.308,-0.004,-1.2821,12192536.02,376051.439
512010.SH,20240919,0.309,0.31,0.315,0.306,0.312,0.003,0.9709,10916658.0,339625.059
512010.SH,20240918,0.31,0.31,0.311,0.307,0.309,-0.001,-0.3226,8038577.01,248319.442
512010.SH,20240913,0.311,0.311,0.313,0.309,0.31,-0.001,-0.3215,9005957.2,280183.505
512010.SH,20240912,0.315,0.315,0.318,0.311,0.311,-0.004,-1.2698,10874667.2,341591.728
512010.SH,20240911,0.314,0.313,0.317,0.311,0.315,0.001,0.3185,8722741.2,274327.53
512010.SH,20240910,0.316,0.316,0.317,0.311,0.314,-0.002,-0.6329,9588801.0,299956.9
512010.SH,20240909,0.316,0.316,0.32,0.314,0.316,0.0,0.0,10389747.0,329749.629
512010.SH,20240906,0.322,0.321,0.322,0.315,0.316,-0.006,-1.8634,8810329.0,280321.965
512010.SH,20240905,0.319,0.319,0.323,0.319,0.322,0.003,0.9404,8322386.0,267276.1
512010.SH,20240904,0.32,0.318,0.323,0.317,0.319,-0.001,-0.3125,9076812.0,290503.94
512010.SH,20240903,0.316,0.315,0.323,0.315,0.32,0.004,1.2658,9093931.0,290846.789
512010.SH,20240902,0.323,0.322,0.322,0.316,0.316,-0.007,-2.1672,9657740.01,307409.322
512010.SH,20240830,0.317,0.319,0.326,0.317,0.323,0.006,1.8927,13011310.19,419552.521
512010.SH,20240829,0.314,0.313,0.319,0.312,0.317,0.003,0.9554,9603620.0,303484.875
512010.SH,20240828,0.315,0.314,0.316,0.312,0.314,-0.001,-0.3175,7806838.0,244437.449
512010.SH,20240827,0.315,0.314,0.316,0.313,0.315,0.0,0.0,6869731.0,215977.87
512010.SH,20240826,0.317,0.318,0.319,0.313,0.315,-0.002,-0.6309,9608755.5,302706.25
512010.SH,20240823,0.318,0.317,0.32,0.316,0.317,-0.001,-0.3145,7173322.0,227720.525
512010.SH,20240822,0.32,0.321,0.323,0.318,0.318,-0.002,-0.625,8950008.0,285888.062
512010.SH,20240821,0.322,0.322,0.324,0.32,0.32,-0.002,-0.6211,6064612.0,195138.09
512010.SH,20240820,0.326,0.326,0.327,0.321,0.322,-0.004,-1.227,8240900.41,266267.346
512010.SH,20240819,0.329,0.33,0.333,0.325,0.326,-0.003,-0.9119,7853358.0,257941.445
512010.SH,20240816,0.329,0.329,0.33,0.325,0.329,0.0,0.0,8026787.0,263386.573
512010.SH,20240815,0.328,0.327,0.332,0.326,0.329,0.001,0.3049,10041288.0,330342.654
512010.SH,20240814,0.332,0.332,0.332,0.326,0.328,-0.004,-1.2048,8067816.0,264584.633
512010.SH,20240813,0.336,0.335,0.336,0.329,0.332,-0.004,-1.1905,11186203.22,370490.736
512010.SH,20240812,0.331,0.331,0.338,0.33,0.336,0.005,1.5106,10474160.44,350679.469
512010.SH,20240809,0.338,0.338,0.34,0.331,0.331,-0.007,-2.071,11296054.0,377566.182
512010.SH,20240808,0.336,0.335,0.341,0.334,0.338,0.002,0.5952,12052067.0,406784.285
512010.SH,20240807,0.338,0.338,0.338,0.334,0.336,-0.002,-0.5917,10877459.77,365631.519
512010.SH,20240806,0.334,0.335,0.34,0.334,0.338,0.004,1.1976,11955259.0,402869.357
512010.SH,20240805,0.334,0.333,0.342,0.333,0.334,0.0,0.0,15068408.0,507945.269
512010.SH,20240802,0.332,0.331,0.341,0.33,0.334,0.002,0.6024,15063954.0,507349.378
512010.SH,20240801,0.334,0.335,0.337,0.33,0.332,-0.002,-0.5988,11073903.78,368940.909
512010.SH,20240731,0.32,0.319,0.335,0.319,0.334,0.014,4.375,18368483.79,604300.668
512010.SH,20240730,0.322,0.322,0.324,0.318,0.32,-0.002,-0.6211,11816239.16,378561.362
512010.SH,20240729,0.328,0.328,0.328,0.321,0.322,-0.006,-1.8293,10025093.0,324823.325
512010.SH,20240726,0.328,0.328,0.329,0.324,0.328,0.0,0.0,10795536.65,353103.327
512010.SH,20240725,0.328,0.326,0.33,0.325,0.328,0.0,0.0,8670081.0,284505.533
512010.SH,20240724,0.332,0.331,0.335,0.328,0.328,-0.004,-1.2048,10082911.0,333325.992
512010.SH,20240723,0.342,0.342,0.342,0.332,0.332,-0.01,-2.924,12087985.55,406060.631
512010.SH,20240722,0.341,0.341,0.345,0.339,0.342,0.001,0.2933,10951613.3,374814.85
512010.SH,20240719,0.338,0.337,0.341,0.336,0.341,0.003,0.8876,10548320.4,357659.277
512010.SH,20240718,0.335,0.334,0.339,0.333,0.338,0.003,0.8955,12139167.44,408321.076
512010.SH,20240717,0.327,0.327,0.336,0.326,0.335,0.008,2.4465,17373708.2,577146.577
512010.SH,20240716,0.326,0.325,0.328,0.324,0.327,0.001,0.3067,7399489.2,241533.829
512010.SH,20240715,0.329,0.327,0.329,0.324,0.326,-0.003,-0.9119,7557291.23,246418.479
512010.SH,20240712,0.329,0.329,0.331,0.326,0.329,0.0,0.0,10405479.13,341394.1
512010.SH,20240711,0.319,0.323,0.33,0.321,0.329,0.01,3.1348,15979239.5,521634.425
512010.SH,20240710,0.319,0.318,0.323,0.317,0.319,0.0,0.0,11466622.27,367167.884
512010.SH,20240709,0.317,0.317,0.32,0.313,0.319,0.002,0.6309,12029734.0,380443.408
512010.SH,20240708,0.325,0.324,0.324,0.316,0.317,-0.008,-2.4615,11940166.56,381505.85
512010.SH,20240705,0.317,0.316,0.326,0.315,0.325,0.008,2.5237,15643740.0,500866.21
512010.SH,20240704,0.322,0.322,0.323,0.317,0.317,-0.005,-1.5528,13886233.99,442907.345
512010.SH,20240703,0.323,0.323,0.326,0.32,0.322,-0.001,-0.3096,10442991.52,336889.001
512010.SH,20240702,0.327,0.326,0.327,0.322,0.323,-0.004,-1.2232,12197357.0,395336.23
512010.SH,20240701,0.326,0.326,0.328,0.322,0.327,0.001,0.3067,10589362.01,343825.205
512010.SH,20240628,0.329,0.328,0.331,0.325,0.326,-0.003,-0.9119,12985833.0,426227.121
512010.SH,20240627,0.334,0.334,0.334,0.328,0.329,-0.005,-1.497,9655909.0,318665.347
512010.SH,20240626,0.329,0.33,0.335,0.328,0.334,0.005,1.5198,11285290.0,374080.937
512010.SH,20240625,0.331,0.332,0.333,0.328,0.329,-0.002,-0.6042,10923936.0,361066.358
512010.SH,20240624,0.334,0.333,0.335,0.33,0.331,-0.003,-0.8982,12161242.91,404490.135
512010.SH,20240621,0.336,0.335,0.336,0.331,0.334,-0.002,-0.5952,10742496.9,358354.383
512010.SH,20240620,0.341,0.341,0.343,0.335,0.336,-0.005,-1.4663,12027890.09,406954.189
512010.SH,20240619,0.343,0.344,0.345,0.34,0.341,-0.002,-0.5831,8519605.49,291295.575
512010.SH,20240618,0.347,0.347,0.348,0.343,0.343,-0.004,-1.1527,10657550.56,367585.402
512010.SH,20240617,0.347,0.345,0.348,0.344,0.347,0.0,0.0,7311715.0,253092.653
512010.SH,20240614,0.349,0.348,0.349,0.342,0.347,-0.002,-0.5731,15162386.0,523198.332
512010.SH,20240613,0.354,0.354,0.354,0.348,0.349,-0.005,-1.4124,11176363.0,391486.417
512010.SH,20240612,0.353,0.353,0.356,0.35,0.354,0.001,0.2833,11850916.72,418312.535
512010.SH,20240611,0.352,0.351,0.354,0.348,0.353,0.001,0.2841,9441007.0,331226.049
512010.SH,20240607,0.353,0.355,0.356,0.35,0.352,-0.001,-0.2833,8985390.2,316831.868
512010.SH,20240606,0.357,0.358,0.358,0.353,0.353,-0.004,-1.1204,9399801.0,333926.539
512010.SH,20240605,0.357,0.356,0.36,0.355,0.357,0.0,0.0,9604312.0,343643.475
512010.SH,20240604,0.35,0.349,0.357,0.349,0.357,0.007,2.0,12858061.2,455239.996
512010.SH,20240603,0.352,0.351,0.353,0.348,0.35,-0.002,-0.5682,10478995.0,366759.737
512010.SH,20240531,0.353,0.355,0.357,0.351,0.352,-0.001,-0.2833,8431083.43,298235.855
512010.SH,20240530,0.355,0.355,0.356,0.351,0.353,-0.002,-0.5634,8090869.72,285832.278
512010.SH,20240529,0.355,0.355,0.357,0.353,0.355,0.0,0.0,7111466.73,252483.399
512010.SH,20240528,0.357,0.356,0.358,0.353,0.355,-0.002,-0.5602,8244251.0,293121.81
512010.SH,20240527,0.355,0.355,0.358,0.352,0.357,0.002,0.5634,9200946.87,326533.534
512010.SH,20240524,0.359,0.359,0.361,0.355,0.355,-0.004,-1.1142,12624861.03,450901.169
512010.SH,20240523,0.364,0.363,0.364,0.359,0.359,-0.005,-1.3736,9744570.97,351369.365
512010.SH,20240522,0.365,0.365,0.366,0.362,0.364,-0.001,-0.274,9688796.0,352156.279
512010.SH,20240521,0.369,0.368,0.368,0.363,0.365,-0.004,-1.084,8279776.24,302593.946
512010.SH,20240520,0.369,0.368,0.37,0.366,0.369,0.0,0.0,11699664.24,430609.864
512010.SH,20240517,0.369,0.37,0.372,0.365,0.369,0.0,0.0,13613228.69,500202.358
512010.SH,20240516,0.37,0.371,0.372,0.367,0.369,-0.001,-0.2703,11151779.93,412784.247
512010.SH,20240515,0.376,0.375,0.375,0.369,0.37,-0.006,-1.5957,8556797.79,317961.359
512010.SH,20240514,0.371,0.371,0.378,0.37,0.376,0.005,1.3477,13003314.65,488195.738
512010.SH,20240513,0.371,0.374,0.375,0.369,0.371,0.0,0.0,9934690.0,369608.661
512010.SH,20240510,0.373,0.374,0.375,0.369,0.371,-0.002,-0.5362,8161789.88,303141.67
512010.SH,20240509,0.372,0.371,0.375,0.37,0.373,0.001,0.2688,11051736.3,412058.735
512010.SH,20240508,0.377,0.376,0.377,0.371,0.372,-0.005,-1.3263,10057443.51,375080.15
512010.SH,20240507,0.377,0.378,0.378,0.375,0.377,0.0,0.0,9026841.0,340138.56
512010.SH,20240506,0.368,0.372,0.379,0.371,0.377,0.009,2.4457,15367478.3,577464.191
512010.SH,20240430,0.369,0.368,0.371,0.366,0.368,-0.001,-0.271,11941967.78,439912.231
512010.SH,20240429,0.359,0.359,0.372,0.359,0.369,0.01,2.7855,20705515.7,759889.036
512010.SH,20240426,0.351,0.35,0.36,0.35,0.359,0.008,2.2792,16307334.67,580327.259
512010.SH,20240425,0.351,0.349,0.355,0.348,0.351,0.0,0.0,9969721.47,350336.873
512010.SH,20240424,0.353,0.352,0.352,0.349,0.351,-0.002,-0.5666,9757217.41,341665.757
512010.SH,20240423,0.349,0.348,0.354,0.345,0.353,0.004,1.1461,15929881.63,557345.721
512010.SH,20240422,0.347,0.347,0.352,0.347,0.349,0.002,0.5764,7676715.72,268074.032
512010.SH,20240419,0.35,0.349,0.349,0.344,0.347,-0.003,-0.8571,10100885.31,350270.422
512010.SH,20240418,0.354,0.353,0.356,0.35,0.35,-0.004,-1.1299,11755342.79,414904.496
512010.SH,20240417,0.348,0.348,0.354,0.346,0.354,0.006,1.7241,14455039.44,507639.734
512010.SH,20240416,0.352,0.35,0.352,0.347,0.348,-0.004,-1.1364,9930269.0,346662.915
512010.SH,20240415,0.348,0.348,0.356,0.348,0.352,0.004,1.1494,11395667.56,401416.225
512010.SH,20240412,0.353,0.352,0.355,0.348,0.348,-0.005,-1.4164,8775234.0,307647.093
512010.SH,20240411,0.355,0.353,0.356,0.351,0.353,-0.002,-0.5634,12489384.8,441196.77
512010.SH,20240410,0.361,0.359,0.36,0.354,0.355,-0.006,-1.662,8758495.38,312422.05
512010.SH,20240409,0.354,0.356,0.361,0.352,0.361,0.007,1.9774,12684637.0,452699.323
512010.SH,20240408,0.361,0.359,0.359,0.354,0.354,-0.007,-1.9391,10496724.65,373865.136
512010.SH,20240403,0.363,0.362,0.365,0.36,0.361,-0.002,-0.551,11875266.77,429562.974
512010.SH,20240402,0.369,0.368,0.368,0.362,0.363,-0.006,-1.626,10949692.04,398088.614
512010.SH,20240401,0.363,0.363,0.369,0.362,0.369,0.006,1.6529,10557547.13,386854.38
512010.SH,20240329,0.365,0.363,0.365,0.36,0.363,-0.002,-0.5479,8297865.55,300226.311
512010.SH,20240328,0.363,0.363,0.368,0.361,0.365,0.002,0.551,9516498.33,346680.568
512010.SH,20240327,0.367,0.367,0.369,0.363,0.363,-0.004,-1.0899,8791691.89,321665.948
512010.SH,20240326,0.369,0.368,0.369,0.365,0.367,-0.002,-0.542,10045180.98,368101.07
512010.SH,20240325,0.371,0.371,0.375,0.368,0.369,-0.002,-0.5391,8458078.47,314117.651
512010.SH,20240322,0.376,0.375,0.375,0.368,0.371,-0.005,-1.3298,13412979.2,496901.073
512010.SH,20240321,0.379,0.379,0.38,0.375,0.376,-0.003,-0.7916,9386525.16,353948.75
512010.SH,20240320,0.381,0.38,0.381,0.376,0.379,-0.002,-0.5249,10922543.29,413130.589
512010.SH,20240319,0.386,0.384,0.385,0.38,0.381,-0.005,-1.2953,11255754.93,430080.035
512010.SH,20240318,0.384,0.383,0.386,0.378,0.386,0.002,0.5208,11512935.96,439955.124
512010.SH,20240315,0.387,0.384,0.39,0.38,0.384,-0.003,-0.7752,9866048.93,378689.882
512010.SH,20240314,0.385,0.397,0.399,0.383,0.387,0.002,0.5195,16621244.15,650458.449
512010.SH,20240313,0.389,0.389,0.389,0.383,0.385,-0.004,-1.0283,11939268.0,460253.968
512010.SH,20240312,0.38,0.381,0.39,0.381,0.389,0.009,2.3684,17889298.65,691937.198
512010.SH,20240311,0.37,0.37,0.38,0.369,0.38,0.01,2.7027,15305945.03,574308.503
512010.SH,20240308,0.369,0.369,0.374,0.367,0.37,0.001,0.271,10311490.29,381525.245
512010.SH,20240307,0.384,0.379,0.38,0.369,0.369,-0.015,-3.9063,16391620.3,613482.143
512010.SH,20240306,0.386,0.385,0.387,0.381,0.384,-0.002,-0.5181,8050042.88,309101.605
512010.SH,20240305,0.387,0.384,0.387,0.382,0.386,-0.001,-0.2584,11976836.72,461031.454
512010.SH,20240304,0.378,0.378,0.39,0.377,0.387,0.009,2.381,16768345.13,645098.499
512010.SH,20240301,0.379,0.378,0.379,0.374,0.378,-0.001,-0.2639,9580601.15,361206.593
512010.SH,20240229,0.372,0.371,0.379,0.37,0.379,0.007,1.8817,12711454.75,476893.79
512010.SH,20240228,0.378,0.378,0.385,0.372,0.372,-0.006,-1.5873,20316839.95,771042.133
512010.SH,20240227,0.374,0.373,0.378,0.371,0.378,0.004,1.0695,12171424.95,454986.514
512010.SH,20240226,0.375,0.374,0.377,0.37,0.374,-0.001,-0.2667,10329867.43,386114.904
512010.SH,20240223,0.376,0.375,0.376,0.37,0.375,-0.001,-0.266,9439422.95,352364.795
512010.SH,20240222,0.375,0.374,0.376,0.372,0.376,0.001,0.2667,8824854.89,329659.055
512010.SH,20240221,0.371,0.369,0.379,0.368,0.375,0.004,1.0782,13985841.62,523895.272
512010.SH,20240220,0.369,0.368,0.373,0.366,0.371,0.002,0.542,9135484.79,338176.847
512010.SH,20240219,0.368,0.369,0.37,0.364,0.369,0.001,0.2717,13694132.08,502064.146
512010.SH,20240208,0.372,0.372,0.375,0.365,0.368,-0.004,-1.0753,12164809.12,447741.807
512010.SH,20240207,0.363,0.364,0.372,0.362,0.372,0.009,2.4793,15584472.74,574195.13
512010.SH,20240206,0.34,0.338,0.364,0.337,0.363,0.023,6.7647,24718606.02,877297.981
512010.SH,20240205,0.334,0.329,0.347,0.326,0.34,0.006,1.7964,23697600.96,794988.326
512010.SH,20240202,0.344,0.345,0.347,0.325,0.334,-0.01,-2.907,20325081.23,683222.223
512010.SH,20240201,0.341,0.339,0.349,0.338,0.344,0.003,0.8798,17586004.85,604730.993
512010.SH,20240131,0.353,0.349,0.35,0.341,0.341,-0.012,-3.3994,18800176.31,647020.333
512010.SH,20240130,0.36,0.358,0.36,0.352,0.353,-0.007,-1.9444,18045320.47,642165.393
512010.SH,20240129,0.371,0.371,0.373,0.36,0.36,-0.011,-2.965,19797954.05,724123.518
512010.SH,20240126,0.382,0.38,0.383,0.368,0.371,-0.011,-2.8796,22655636.18,854191.347
512010.SH,20240125,0.379,0.378,0.383,0.375,0.382,0.003,0.7916,18016152.56,683968.22
512010.SH,20240124,0.375,0.377,0.379,0.368,0.379,0.004,1.0667,13708981.42,512484.701
512010.SH,20240123,0.374,0.372,0.378,0.371,0.375,0.001,0.2674,13717069.35,513648.751
512010.SH,20240122,0.381,0.381,0.383,0.371,0.374,-0.007,-1.8373,14862454.33,561569.221
512010.SH,20240119,0.381,0.379,0.384,0.378,0.381,0.0,0.0,12674340.09,483697.583
512010.SH,20240118,0.376,0.374,0.382,0.368,0.381,0.005,1.3298,19684678.22,734971.717
512010.SH,20240117,0.385,0.383,0.385,0.375,0.376,-0.009,-2.3377,13932364.54,528978.885
512010.SH,20240116,0.385,0.384,0.385,0.379,0.385,0.0,0.0,14345235.89,548285.796
512010.SH,20240115,0.384,0.382,0.389,0.381,0.385,0.001,0.2604,11245124.6,433429.225
512010.SH,20240112,0.39,0.388,0.391,0.384,0.384,-0.006,-1.5385,13564838.42,525158.566
512010.SH,20240111,0.386,0.39,0.393,0.385,0.39,0.004,1.0363,13344786.8,519625.678
512010.SH,20240110,0.39,0.389,0.392,0.385,0.386,-0.004,-1.0256,13077975.14,507626.3
512010.SH,20240109,0.389,0.389,0.393,0.387,0.39,0.001,0.2571,14170862.48,552313.988
512010.SH,20240108,0.393,0.392,0.394,0.388,0.389,-0.004,-1.0178,12157971.06,475710.969
512010.SH,20240105,0.401,0.4,0.401,0.392,0.393,-0.008,-1.995,18239960.99,722718.534
512010.SH,20240104,0.405,0.405,0.405,0.397,0.401,-0.004,-0.9877,15865269.95,634685.633
512010.SH,20240103,0.407,0.406,0.41,0.404,0.405,-0.002,-0.4914,12578833.0,510936.988
512010.SH,20240102,0.411,0.412,0.412,0.405,0.407,-0.004,-0.9732,10384187.06,422977.805
512010.SH,20231229,0.41,0.409,0.414,0.409,0.411,0.001,0.2439,12202669.98,501947.848
512010.SH,20231228,0.403,0.402,0.411,0.4,0.41,0.007,1.737,20774225.8,844189.99
512010.SH,20231227,0.401,0.401,0.403,0.398,0.403,0.002,0.4988,11940031.8,478026.034
512010.SH,20231226,0.404,0.404,0.404,0.398,0.401,-0.003,-0.7426,10349618.13,413927.331
512010.SH,20231225,0.403,0.402,0.406,0.401,0.404,0.001,0.2481,9089029.88,366445.83
512010.SH,20231222,0.405,0.405,0.406,0.4,0.403,-0.002,-0.4938,13814895.0,556362.228
512010.SH,20231221,0.401,0.399,0.406,0.398,0.405,0.004,0.9975,13245078.5,533664.333
512010.SH,20231220,0.403,0.404,0.408,0.4,0.401,-0.002,-0.4963,10710150.0,432502.43
512010.SH,20231219,0.407,0.407,0.407,0.401,0.403,-0.004,-0.9828,15072410.4,607038.076
512010.SH,20231218,0.407,0.406,0.412,0.403,0.407,0.0,0.0,16929414.4,689692.308
512010.SH,20231215,0.412,0.413,0.415,0.405,0.407,-0.005,-1.2136,19675573.91,806295.63
512010.SH,20231214,0.413,0.415,0.419,0.411,0.412,-0.001,-0.2421,10761211.0,446238.585
512010.SH,20231213,0.417,0.417,0.418,0.413,0.413,-0.004,-0.9592,10555346.11,438383.634
512010.SH,20231212,0.419,0.419,0.42,0.415,0.417,-0.002,-0.4773,8554964.8,356554.207
512010.SH,20231211,0.416,0.415,0.422,0.411,0.419,0.003,0.7212,12860940.43,534142.254
512010.SH,20231208,0.412,0.412,0.418,0.41,0.416,0.004,0.9709,11700228.6,484960.167
512010.SH,20231207,0.417,0.416,0.416,0.41,0.412,-0.005,-1.199,11787594.58,485907.034
512010.SH,20231206,0.416,0.415,0.421,0.413,0.417,0.001,0.2404,20857430.92,866181.267
512010.SH,20231205,0.422,0.421,0.423,0.415,0.416,-0.006,-1.4218,15788242.33,662113.254
512010.SH,20231204,0.434,0.434,0.434,0.422,0.422,-0.012,-2.765,16260099.93,691931.979
512010.SH,20231201,0.436,0.436,0.439,0.428,0.434,-0.002,-0.4587,15145622.34,655732.967
512010.SH,20231130,0.434,0.434,0.438,0.432,0.436,0.002,0.4608,10874198.88,473956.309
512010.SH,20231129,0.436,0.436,0.438,0.432,0.434,-0.002,-0.4587,9922381.59,431855.776
512010.SH,20231128,0.43,0.43,0.437,0.428,0.436,0.006,1.3953,11347191.21,492839.285
512010.SH,20231127,0.434,0.434,0.434,0.427,0.43,-0.004,-0.9217,12281523.45,527429.939
512010.SH,20231124,0.435,0.435,0.437,0.432,0.434,-0.001,-0.2299,10032168.22,435685.722
512010.SH,20231123,0.433,0.433,0.435,0.431,0.435,0.002,0.4619,9580872.11,415057.239
512010.SH,20231122,0.439,0.439,0.439,0.432,0.433,-0.006,-1.3667,11622728.75,505973.995
512010.SH,20231121,0.439,0.44,0.443,0.438,0.439,0.0,0.0,11685589.39,515095.817
512010.SH,20231120,0.435,0.436,0.441,0.433,0.439,0.004,0.9195,12290998.06,537594.934
512010.SH,20231117,0.432,0.432,0.435,0.43,0.435,0.003,0.6944,9978606.4,431460.157
512010.SH,20231116,0.44,0.438,0.441,0.432,0.432,-0.008,-1.8182,11753414.99,511082.827
512010.SH,20231115,0.435,0.44,0.442,0.437,0.44,0.005,1.1494,15476210.77,679317.347
512010.SH,20231114,0.435,0.436,0.439,0.433,0.435,0.0,0.0,9261434.67,403307.951
512010.SH,20231113,0.44,0.442,0.443,0.433,0.435,-0.005,-1.1364,11805038.53,514609.815
512010.SH,20231110,0.441,0.439,0.443,0.436,0.44,-0.001,-0.2268,10091283.45,443504.817
512010.SH,20231109,0.445,0.444,0.448,0.439,0.441,-0.004,-0.8989,11627344.02,514731.093
512010.SH,20231108,0.442,0.442,0.45,0.44,0.445,0.003,0.6787,15243093.62,679805.942
512010.SH,20231107,0.445,0.444,0.446,0.442,0.442,-0.003,-0.6742,11552662.28,512605.106
512010.SH,20231106,0.435,0.439,0.447,0.438,0.445,0.01,2.2989,19258937.87,853709.486
512010.SH,20231103,0.433,0.434,0.439,0.432,0.435,0.002,0.4619,12651222.63,551466.307
512010.SH,20231102,0.435,0.436,0.44,0.433,0.433,-0.002,-0.4598,10917178.41,476159.795
512010.SH,20231101,0.438,0.438,0.439,0.43,0.435,-0.003,-0.6849,13383778.99,581212.893
512010.SH,20231031,0.438,0.437,0.439,0.433,0.438,0.0,0.0,15083913.57,658237.152
512010.SH,20231030,0.426,0.425,0.439,0.425,0.438,0.012,2.8169,28871018.52,1257793.37
512010.SH,20231027,0.412,0.41,0.429,0.408,0.426,0.014,3.3981,28124861.91,1181511.076
512010.SH,20231026,0.408,0.406,0.412,0.405,0.412,0.004,0.9804,14983778.62,613053.316
512010.SH,20231025,0.411,0.414,0.415,0.406,0.408,-0.003,-0.7299,19234913.36,790026.257
512010.SH,20231024,0.409,0.409,0.413,0.405,0.411,0.002,0.489,16473036.72,673869.666
512010.SH,20231023,0.408,0.406,0.411,0.403,0.409,0.001,0.2451,13690770.0,556872.701
512010.SH,20231020,0.415,0.412,0.413,0.406,0.408,-0.007,-1.6867,17262564.37,705385.647
512010.SH,20231019,0.42,0.418,0.42,0.413,0.415,-0.005,-1.1905,14093013.74,586598.394
512010.SH,20231018,0.427,0.426,0.426,0.42,0.42,-0.007,-1.6393,13289645.33,560710.607
512010.SH,20231017,0.428,0.43,0.431,0.422,0.427,-0.001,-0.2336,12763364.81,542432.154
512010.SH,20231016,0.435,0.437,0.439,0.427,0.428,-0.007,-1.6092,14895136.62,643252.927
512010.SH,20231013,0.437,0.434,0.439,0.433,0.435,-0.002,-0.4577,10696778.05,466034.773
512010.SH,20231012,0.435,0.439,0.44,0.434,0.437,0.002,0.4598,12012347.6,525375.425
512010.SH,20231011,0.426,0.427,0.44,0.427,0.435,0.009,2.1127,20835778.54,908357.555
512010.SH,20231010,0.433,0.433,0.433,0.425,0.426,-0.007,-1.6166,9508719.0,407188.995
512010.SH,20231009,0.428,0.428,0.434,0.423,0.433,0.005,1.1682,13345306.08,572602.31
512010.SH,20230928,0.432,0.432,0.434,0.427,0.428,-0.004,-0.9259,10157686.73,436113.763
512010.SH,20230927,0.423,0.423,0.433,0.423,0.432,0.009,2.1277,17158373.56,737107.995
512010.SH,20230926,0.425,0.425,0.426,0.422,0.423,-0.002,-0.4706,6922197.81,293472.42
512010.SH,20230925,0.419,0.419,0.427,0.418,0.425,0.006,1.432,18039630.23,764161.181
512010.SH,20230922,0.415,0.414,0.42,0.41,0.419,0.004,0.9639,11110462.14,461503.637
512010.SH,20230921,0.419,0.418,0.419,0.414,0.415,-0.004,-0.9547,8686970.0,361067.343
512010.SH,20230920,0.421,0.421,0.421,0.418,0.419,-0.002,-0.4751,8730792.31,366168.673
512010.SH,20230919,0.423,0.423,0.424,0.418,0.421,-0.002,-0.4728,9174068.75,385973.584
512010.SH,20230918,0.417,0.417,0.425,0.417,0.423,0.006,1.4388,17464559.33,736680.91
512010.SH,20230915,0.411,0.412,0.421,0.41,0.417,0.006,1.4599,21650326.48,902160.956
512010.SH,20230914,0.411,0.41,0.412,0.407,0.411,0.0,0.0,9325994.15,382232.881
512010.SH,20230913,0.413,0.413,0.415,0.407,0.411,-0.002,-0.4843,11769531.08,482611.116
512010.SH,20230912,0.415,0.414,0.416,0.412,0.413,-0.002,-0.4819,8409228.69,348086.746
512010.SH,20230911,0.405,0.406,0.416,0.405,0.415,0.01,2.4691,21058225.27,869250.989
512010.SH,20230908,0.405,0.404,0.408,0.404,0.405,0.0,0.0,11000136.4,445879.023
512010.SH,20230907,0.412,0.412,0.412,0.405,0.405,-0.007,-1.699,12111629.1,493756.383
512010.SH,20230906,0.418,0.417,0.418,0.411,0.412,-0.006,-1.4354,12775086.96,527611.673
512010.SH,20230905,0.42,0.419,0.42,0.417,0.418,-0.002,-0.4762,7973520.14,333594.387
512010.SH,20230904,0.416,0.417,0.422,0.416,0.42,0.004,0.9615,11624351.25,486984.405
512010.SH,20230901,0.419,0.419,0.42,0.414,0.416,-0.003,-0.716,11431206.39,475232.555
512010.SH,20230831,0.421,0.419,0.42,0.416,0.419,-0.002,-0.4751,10174795.38,425379.306
512010.SH,20230830,0.421,0.422,0.423,0.418,0.421,0.0,0.0,14187831.18,596084.765
512010.SH,20230829,0.415,0.414,0.423,0.413,0.421,0.006,1.4458,15044553.52,630939.674
512010.SH,20230828,0.409,0.433,0.435,0.413,0.415,0.006,1.467,22150102.33,933473.18
512010.SH,20230825,0.412,0.41,0.414,0.407,0.409,-0.003,-0.7282,12253718.0,502984.345
512010.SH,20230824,0.402,0.403,0.414,0.402,0.412,0.01,2.4876,17579120.87,718351.611
512010.SH,20230823,0.41,0.408,0.409,0.401,0.402,-0.008,-1.9512,12309748.67,498915.916
512010.SH,20230822,0.412,0.412,0.414,0.402,0.41,-0.002,-0.4854,20035452.28,814562.596
512010.SH,20230821,0.416,0.413,0.417,0.409,0.412,-0.004,-0.9615,16121519.1,664878.595
512010.SH,20230818,0.422,0.422,0.423,0.415,0.416,-0.006,-1.4218,14271041.39,596591.028
512010.SH,20230817,0.42,0.419,0.423,0.417,0.422,0.002,0.4762,12733635.97,534874.826
512010.SH,20230816,0.419,0.419,0.425,0.418,0.42,0.001,0.2387,14199009.25,599709.767
512010.SH,20230815,0.423,0.422,0.423,0.416,0.419,-0.004,-0.9456,14132047.3,591771.41
512010.SH,20230814,0.421,0.418,0.423,0.417,0.423,0.002,0.4751,14749734.92,618965.779
512010.SH,20230811,0.427,0.427,0.429,0.42,0.421,-0.006,-1.4052,13600777.57,577227.426
512010.SH,20230810,0.426,0.425,0.427,0.422,0.427,0.001,0.2347,12145942.0,515373.701
512010.SH,20230809,0.42,0.419,0.429,0.418,0.426,0.006,1.4286,23960458.7,1017337.472
512010.SH,20230808,0.418,0.416,0.423,0.415,0.42,0.002,0.4785,21448420.93,898965.206
512010.SH,20230807,0.431,0.429,0.43,0.416,0.418,-0.013,-3.0162,38905788.2,1634645.965
512010.SH,20230804,0.434,0.436,0.438,0.431,0.431,-0.003,-0.6912,16341406.8,708318.371
512010.SH,20230803,0.428,0.427,0.435,0.426,0.434,0.006,1.4019,16981641.8,732194.801
512010.SH,20230802,0.435,0.434,0.435,0.428,0.428,-0.007,-1.6092,20520019.9,883033.867
512010.SH,20230801,0.437,0.436,0.442,0.433,0.435,-0.002,-0.4577,20321622.4,888343.972
512010.SH,20230731,0.448,0.45,0.451,0.434,0.437,-0.011,-2.4554,28375041.0,1252930.388
512010.SH,20230728,0.441,0.44,0.449,0.438,0.448,0.007,1.5873,15228031.92,676052.924
512010.SH,20230727,0.44,0.44,0.444,0.439,0.441,0.001,0.2273,13639324.98,601562.918
512010.SH,20230726,0.436,0.435,0.442,0.434,0.44,0.004,0.9174,14683960.85,645188.414
512010.SH,20230725,0.431,0.434,0.436,0.431,0.436,0.005,1.1601,14719310.86,638827.199
512010.SH,20230724,0.429,0.428,0.436,0.428,0.431,0.002,0.4662,11670658.5,503853.647
512010.SH,20230721,0.424,0.425,0.434,0.424,0.429,0.005,1.1792,14712561.82,631638.161
512010.SH,20230720,0.426,0.428,0.431,0.424,0.424,-0.002,-0.4695,7848152.44,335651.384
512010.SH,20230719,0.43,0.429,0.43,0.425,0.426,-0.004,-0.9302,8929661.77,381357.439
512010.SH,20230718,0.427,0.428,0.43,0.426,0.43,0.003,0.7026,7899694.77,338046.966
512010.SH,20230717,0.431,0.43,0.431,0.426,0.427,-0.004,-0.9281,7883106.33,336634.449
512010.SH,20230714,0.433,0.433,0.434,0.43,0.431,-0.002,-0.4619,8282851.88,357687.76
512010.SH,20230713,0.425,0.426,0.434,0.425,0.433,0.008,1.8824,15625445.51,673289.389
512010.SH,20230712,0.427,0.427,0.428,0.424,0.425,-0.002,-0.4684,7909352.0,337211.177
512010.SH,20230711,0.423,0.425,0.427,0.422,0.427,0.004,0.9456,9820241.0,417736.447
512010.SH,20230710,0.421,0.423,0.429,0.422,0.423,0.002,0.4751,12550196.0,533833.12
512010.SH,20230707,0.422,0.421,0.424,0.42,0.421,-0.001,-0.237,10957349.0,462194.9
512010.SH,20230706,0.428,0.428,0.428,0.421,0.422,-0.006,-1.4019,12528633.0,530804.164
512010.SH,20230705,0.432,0.431,0.432,0.428,0.428,-0.004,-0.9259,8585697.0,368859.12
512010.SH,20230704,0.429,0.428,0.435,0.423,0.432,0.003,0.6993,16997318.42,728651.074
512010.SH,20230703,0.425,0.426,0.429,0.424,0.429,0.004,0.9412,11268135.0,480890.369
512010.SH,20230630,0.421,0.421,0.428,0.42,0.425,0.004,0.9501,12678570.0,539159.133
512010.SH,20230629,0.421,0.421,0.424,0.419,0.421,0.0,0.0,10473185.8,441497.804
512010.SH,20230628,0.424,0.424,0.425,0.42,0.421,-0.003,-0.7075,8109361.0,342121.273
512010.SH,20230627,0.423,0.424,0.428,0.422,0.424,0.001,0.2364,11899145.31,504581.176
512010.SH,20230626,0.425,0.422,0.424,0.419,0.423,-0.002,-0.4706,12199997.99,514348.576
512010.SH,20230621,0.436,0.434,0.435,0.423,0.425,-0.011,-2.5229,15026196.7,643314.736
512010.SH,20230620,0.438,0.439,0.441,0.435,0.436,-0.002,-0.4566,10149474.98,443941.919
512010.SH,20230619,0.443,0.442,0.443,0.437,0.438,-0.005,-1.1287,8074541.01,355021.962
512010.SH,20230616,0.441,0.441,0.446,0.44,0.443,0.002,0.4535,10151678.99,449571.018
512010.SH,20230615,0.431,0.432,0.441,0.431,0.441,0.01,2.3202,13913203.68,607039.578
512010.SH,20230614,0.429,0.43,0.435,0.428,0.431,0.002,0.4662,12187376.99,526591.389
512010.SH,20230613,0.428,0.428,0.432,0.426,0.429,0.001,0.2336,8787454.0,376565.055
512010.SH,20230612,0.428,0.427,0.43,0.423,0.428,0.0,0.0,9849335.0,419659.524
512010.SH,20230609,0.423,0.424,0.429,0.423,0.428,0.005,1.182,11327779.29,483632.311
512010.SH,20230608,0.426,0.425,0.426,0.421,0.423,-0.003,-0.7042,13645289.03,577484.563
512010.SH,20230607,0.433,0.434,0.435,0.423,0.426,-0.007,-1.6166,13926131.28,596972.896
512010.SH,20230606,0.44,0.441,0.441,0.432,0.433,-0.007,-1.5909,11676762.36,509330.8
512010.SH,20230605,0.443,0.443,0.445,0.438,0.44,-0.003,-0.6772,8432251.4,371533.981
512010.SH,20230602,0.441,0.441,0.445,0.439,0.443,0.002,0.4535,11402571.54,504448.436
512010.SH,20230601,0.437,0.437,0.445,0.436,0.441,0.004,0.9153,12792832.0,564218.522
512010.SH,20230531,0.447,0.445,0.447,0.436,0.437,-0.01,-2.2371,16295502.87,717101.53
512010.SH,20230530,0.452,0.451,0.453,0.439,0.447,-0.005,-1.1062,15508234.4,691284.018
512010.SH,20230529,0.453,0.454,0.457,0.448,0.452,-0.001,-0.2208,10940895.59,494161.899
512010.SH,20230526,0.452,0.452,0.456,0.452,0.453,0.001,0.2212,9899841.0,449358.878
512010.SH,20230525,0.455,0.454,0.455,0.449,0.452,-0.003,-0.6593,11063228.0,499843.873
512010.SH,20230524,0.462,0.461,0.461,0.454,0.455,-0.007,-1.5152,11172747.5,509887.66
512010.SH,20230523,0.462,0.463,0.468,0.461,0.462,0.0,0.0,12414691.57,577083.547
512010.SH,20230522,0.459,0.459,0.466,0.459,0.462,0.003,0.6536,16239138.0,751418.482
512010.SH,20230519,0.455,0.454,0.462,0.452,0.459,0.004,0.8791,11788585.0,539500.809
512010.SH,20230518,0.459,0.459,0.461,0.453,0.455,-0.004,-0.8715,9237107.5,421510.997
512010.SH,20230517,0.463,0.463,0.463,0.457,0.459,-0.004,-0.8639,9607312.08,441219.829
512010.SH,20230516,0.459,0.461,0.464,0.459,0.463,0.004,0.8715,13565669.61,626900.533
512010.SH,20230515,0.449,0.449,0.459,0.447,0.459,0.01,2.2272,13050778.3,591483.266
512010.SH,20230512,0.452,0.451,0.455,0.448,0.449,-0.003,-0.6637,10543200.0,475265.753
512010.SH,20230511,0.454,0.454,0.46,0.451,0.452,-0.002,-0.4405,15194673.5,691981.221
512010.SH,20230510,0.453,0.452,0.455,0.448,0.454,0.001,0.2208,18305596.8,826925.789
512010.SH,20230509,0.457,0.457,0.459,0.451,0.453,-0.004,-0.8753,14348720.97,652795.9
512010.SH,20230508,0.455,0.459,0.46,0.453,0.457,0.002,0.4396,15384385.7,701610.224
512010.SH,20230505,0.462,0.463,0.463,0.454,0.455,-0.007,-1.5152,12373689.5,565069.658
512010.SH,20230504,0.461,0.461,0.466,0.46,0.462,0.001,0.2169,9876636.0,456836.839
512010.SH,20230428,0.459,0.461,0.465,0.457,0.461,0.002,0.4357,12944866.2,596244.196
512010.SH,20230427,0.455,0.454,0.462,0.453,0.459,0.004,0.8791,12920035.61,590533.31
512010.SH,20230426,0.455,0.452,0.459,0.451,0.455,0.0,0.0,13936500.16,634043.46
512010.SH,20230425,0.462,0.463,0.463,0.45,0.455,-0.007,-1.5152,26902920.0,1220298.561
512010.SH,20230424,0.464,0.465,0.47,0.46,0.462,-0.002,-0.431,14556560.67,676547.557
512010.SH,20230421,0.471,0.47,0.473,0.463,0.464,-0.007,-1.4862,16868925.51,790061.788
512010.SH,20230420,0.481,0.48,0.482,0.47,0.471,-0.01,-2.079,22071059.0,1047505.762
512010.SH,20230419,0.485,0.484,0.485,0.478,0.481,-0.004,-0.8247,19182091.0,921344.501
512010.SH,20230418,0.49,0.487,0.488,0.482,0.485,-0.005,-1.0204,18213479.09,883259.412
512010.SH,20230417,0.488,0.486,0.492,0.485,0.49,0.002,0.4098,18147947.78,886964.159
512010.SH,20230414,0.489,0.492,0.498,0.486,0.488,-0.001,-0.2045,20932553.4,1027111.53
512010.SH,20230413,0.481,0.479,0.492,0.476,0.489,0.008,1.6632,21859476.57,1062506.469
512010.SH,20230412,0.485,0.485,0.488,0.479,0.481,-0.004,-0.8247,14427070.0,696017.817
512010.SH,20230411,0.487,0.488,0.492,0.482,0.485,-0.002,-0.4107,17241377.87,838431.825
512010.SH,20230410,0.483,0.484,0.49,0.483,0.487,0.004,0.8282,24293107.47,1184198.224
512010.SH,20230407,0.472,0.471,0.484,0.47,0.483,0.011,2.3305,30501169.0,1465945.754
512010.SH,20230406,0.469,0.469,0.472,0.467,0.472,0.003,0.6397,17241631.21,810209.394
512010.SH,20230404,0.466,0.465,0.469,0.463,0.469,0.003,0.6438,15915183.0,740985.207
512010.SH,20230403,0.47,0.469,0.471,0.463,0.466,-0.004,-0.8511,15527387.0,723410.885
512010.SH,20230331,0.473,0.473,0.475,0.469,0.47,-0.003,-0.6342,8460492.0,398601.269
512010.SH,20230330,0.471,0.471,0.474,0.468,0.473,0.002,0.4246,8748594.1,412464.782
512010.SH,20230329,0.475,0.475,0.475,0.47,0.471,-0.004,-0.8421,9257460.87,437033.333
512010.SH,20230328,0.474,0.474,0.476,0.472,0.475,0.001,0.211,8827394.2,418387.082
512010.SH,20230327,0.469,0.469,0.477,0.463,0.474,0.005,1.0661,13523132.7,637719.023
512010.SH,20230324,0.472,0.473,0.475,0.468,0.469,-0.003,-0.6356,9981561.99,470461.054
512010.SH,20230323,0.472,0.471,0.475,0.47,0.472,0.0,0.0,8264827.0,390338.616
512010.SH,20230322,0.471,0.472,0.475,0.471,0.472,0.001,0.2123,11278339.52,533593.416
512010.SH,20230321,0.456,0.458,0.472,0.457,0.471,0.015,3.2895,16855985.7,785859.841
512010.SH,20230320,0.463,0.461,0.462,0.453,0.456,-0.007,-1.5119,14524520.92,663381.658
512010.SH,20230317,0.473,0.475,0.476,0.46,0.463,-0.01,-2.1142,21796712.62,1016915.11
512010.SH,20230316,0.475,0.473,0.478,0.471,0.473,-0.002,-0.4211,11484838.2,544188.975
512010.SH,20230315,0.477,0.481,0.483,0.473,0.475,-0.002,-0.4193,13300370.05,636259.995
512010.SH,20230314,0.477,0.477,0.483,0.476,0.477,0.0,0.0,14337897.0,687034.311
512010.SH,20230313,0.48,0.478,0.481,0.476,0.477,-0.003,-0.625,11362061.24,543007.336
512010.SH,20230310,0.48,0.477,0.485,0.474,0.48,0.0,0.0,15160783.79,725615.64
512010.SH,20230309,0.48,0.48,0.483,0.478,0.48,0.0,0.0,9504325.21,456367.304
512010.SH,20230308,0.482,0.48,0.482,0.477,0.48,-0.002,-0.4149,9861842.16,472794.231
512010.SH,20230307,0.49,0.489,0.494,0.481,0.482,-0.008,-1.6327,15494136.38,754795.217
512010.SH,20230306,0.492,0.492,0.493,0.488,0.49,-0.002,-0.4065,9835775.87,482405.079
512010.SH,20230303,0.491,0.492,0.497,0.489,0.492,0.001,0.2037,11045401.38,544358.826
512010.SH,20230302,0.496,0.494,0.495,0.49,0.491,-0.005,-1.0081,9378272.4,461598.57
512010.SH,20230301,0.494,0.494,0.496,0.489,0.496,0.002,0.4049,13619300.47,672259.452
512010.SH,20230228,0.489,0.49,0.496,0.489,0.494,0.005,1.0225,9965960.0,490839.693
512010.SH,20230227,0.494,0.491,0.493,0.487,0.489,-0.005,-1.0121,8164641.0,399588.387
512010.SH,20230224,0.498,0.499,0.5,0.492,0.494,-0.004,-0.8032,8211012.0,406455.527
512010.SH,20230223,0.503,0.501,0.506,0.496,0.498,-0.005,-0.994,10926612.0,546196.664
512010.SH,20230222,0.506,0.503,0.507,0.5,0.503,-0.003,-0.5929,7286583.0,366546.785
512010.SH,20230221,0.509,0.508,0.509,0.503,0.506,-0.003,-0.5894,9504700.92,480884.476
512010.SH,20230220,0.502,0.501,0.511,0.495,0.509,0.007,1.3944,14292577.59,719372.494
512010.SH,20230217,0.505,0.502,0.507,0.5,0.502,-0.003,-0.5941,9885377.43,498505.832
512010.SH,20230216,0.507,0.507,0.513,0.498,0.505,-0.002,-0.3945,11842057.76,599750.212
512010.SH,20230215,0.515,0.515,0.517,0.506,0.507,-0.008,-1.5534,9664449.0,491893.042
512010.SH,20230214,0.514,0.514,0.517,0.511,0.515,0.001,0.1946,9775415.03,502509.509
512010.SH,20230213,0.51,0.509,0.52,0.509,0.514,0.004,0.7843,12704881.74,653863.069
512010.SH,20230210,0.512,0.51,0.512,0.505,0.51,-0.002,-0.3906,10356245.34,526667.989
512010.SH,20230209,0.505,0.503,0.512,0.502,0.512,0.007,1.3861,10233139.0,520320.644
512010.SH,20230208,0.504,0.505,0.511,0.504,0.505,0.001,0.1984,8408119.85,426287.628
512010.SH,20230207,0.503,0.506,0.509,0.501,0.504,0.001,0.1988,11935319.0,602686.85
512010.SH,20230206,0.515,0.508,0.51,0.501,0.503,-0.012,-2.3301,16101720.0,812947.05
512010.SH,20230203,0.52,0.516,0.521,0.51,0.515,-0.005,-0.9615,13157402.08,677139.779
512010.SH,20230202,0.518,0.518,0.527,0.515,0.52,0.002,0.3861,10799248.74,563627.979
512010.SH,20230201,0.513,0.514,0.519,0.509,0.518,0.005,0.9747,10637197.08,546566.713
512010.SH,20230131,0.527,0.526,0.528,0.512,0.513,-0.014,-2.6565,12961189.97,671157.666
512010.SH,20230130,0.532,0.539,0.541,0.526,0.527,-0.005,-0.9398,9781786.0,519052.431
512010.SH,20230120,0.534,0.534,0.542,0.531,0.532,-0.002,-0.3745,11108451.14,594300.242
512010.SH,20230119,0.523,0.523,0.539,0.52,0.534,0.011,2.1033,14814155.14,788319.232
512010.SH,20230118,0.528,0.527,0.528,0.521,0.523,-0.005,-0.947,8188160.35,428474.381
512010.SH,20230117,0.531,0.53,0.533,0.524,0.528,-0.003,-0.565,9525113.44,503277.545
512010.SH,20230116,0.511,0.512,0.54,0.51,0.531,0.02,3.9139,20197706.4,1071329.053
512010.SH,20230113,0.496,0.498,0.511,0.496,0.511,0.015,3.0242,11266521.3,569112.105
512010.SH,20230112,0.499,0.499,0.503,0.495,0.496,-0.003,-0.6012,8421395.0,419950.477
512010.SH,20230111,0.502,0.502,0.507,0.498,0.499,-0.003,-0.5976,9286117.58,466243.647
512010.SH,20230110,0.495,0.495,0.505,0.492,0.502,0.007,1.4141,11124426.66,556156.84
512010.SH,20230109,0.491,0.492,0.497,0.488,0.495,0.004,0.8147,8889283.86,438343.644
512010.SH,20230106,0.494,0.494,0.495,0.488,0.491,-0.003,-0.6073,8937791.22,438587.648
512010.SH,20230105,0.48,0.482,0.498,0.481,0.494,0.014,2.9167,17405027.85,855433.276
512010.SH,20230104,0.477,0.476,0.482,0.476,0.48,0.003,0.6289,10552893.39,506430.262
512010.SH,20230103,0.478,0.478,0.482,0.472,0.477,-0.001,-0.2092,10813259.61,515512.513
512010.SH,20221230,0.476,0.477,0.48,0.475,0.478,0.002,0.4202,8665316.0,413988.79
512010.SH,20221229,0.469,0.468,0.479,0.466,0.476,0.007,1.4925,12507723.09,594018.967
512010.SH,20221228,0.469,0.467,0.473,0.467,0.469,0.0,0.0,8638128.8,406509.179
512010.SH,20221227,0.463,0.465,0.47,0.46,0.469,0.006,1.2959,10260100.1,477364.464
512010.SH,20221226,0.464,0.465,0.467,0.462,0.463,-0.001,-0.2155,6584619.0,305841.179
512010.SH,20221223,0.46,0.457,0.465,0.456,0.464,0.004,0.8696,10309804.56,476233.523
512010.SH,20221222,0.452,0.455,0.467,0.452,0.46,0.008,1.7699,12950162.38,596425.174
512010.SH,20221221,0.451,0.453,0.456,0.452,0.452,0.001,0.2217,7901364.0,358477.699
512010.SH,20221220,0.458,0.457,0.46,0.45,0.451,-0.007,-1.5284,12113856.44,549295.21
512010.SH,20221219,0.47,0.471,0.472,0.457,0.458,-0.012,-2.5532,13997856.41,646456.107
512010.SH,20221216,0.468,0.467,0.472,0.466,0.47,0.002,0.4274,12732320.19,597240.046
512010.SH,20221215,0.47,0.47,0.474,0.466,0.468,-0.002,-0.4255,10852781.89,508542.21
512010.SH,20221214,0.471,0.471,0.475,0.467,0.47,-0.001,-0.2123,11479056.74,540747.683
512010.SH,20221213,0.473,0.474,0.475,0.466,0.471,-0.002,-0.4228,13141983.78,617121.117
512010.SH,20221212,0.47,0.471,0.478,0.47,0.473,0.003,0.6383,15923423.03,754986.179
512010.SH,20221209,0.47,0.47,0.471,0.464,0.47,0.0,0.0,14782625.86,691850.932
512010.SH,20221208,0.471,0.471,0.473,0.468,0.47,-0.001,-0.2123,10475744.75,492362.713
512010.SH,20221207,0.471,0.469,0.475,0.466,0.471,0.0,0.0,16374898.06,770622.426
512010.SH,20221206,0.471,0.47,0.477,0.467,0.471,0.0,0.0,13315208.06,629369.609
512010.SH,20221205,0.469,0.473,0.475,0.468,0.471,0.002,0.4264,17655028.76,831649.751
512010.SH,20221202,0.473,0.471,0.474,0.468,0.469,-0.004,-0.8457,11120403.0,523319.346
512010.SH,20221201,0.464,0.472,0.475,0.468,0.473,0.009,1.9397,17138896.44,808376.374
512010.SH,20221130,0.468,0.467,0.468,0.462,0.464,-0.004,-0.8547,10370967.16,482236.884
512010.SH,20221129,0.457,0.456,0.469,0.456,0.468,0.011,2.407,15169535.02,704364.735
512010.SH,20221128,0.465,0.454,0.459,0.45,0.457,-0.008,-1.7204,15555635.12,704947.579
512010.SH,20221125,0.465,0.464,0.466,0.456,0.465,0.0,0.0,11349905.6,524020.564
512010.SH,20221124,0.463,0.464,0.469,0.462,0.465,0.002,0.432,11408088.69,530434.073
512010.SH,20221123,0.473,0.471,0.471,0.459,0.463,-0.01,-2.1142,15942192.81,738048.772
512010.SH,20221122,0.482,0.48,0.487,0.468,0.473,-0.009,-1.8672,16261955.01,774246.539
512010.SH,20221121,0.487,0.481,0.483,0.476,0.482,-0.005,-1.0267,12151010.4,582883.007
512010.SH,20221118,0.48,0.483,0.491,0.482,0.487,0.007,1.4583,17940826.64,873328.469
512010.SH,20221117,0.482,0.479,0.484,0.473,0.48,-0.002,-0.4149,15434285.04,737981.669
512010.SH,20221116,0.482,0.481,0.493,0.478,0.482,0.0,0.0,20910359.81,1015996.466
512010.SH,20221115,0.479,0.479,0.482,0.467,0.482,0.003,0.6263,21182391.0,1006765.789
512010.SH,20221114,0.467,0.467,0.482,0.465,0.479,0.012,2.5696,22429522.37,1069334.34
512010.SH,20221111,0.464,0.48,0.482,0.466,0.467,0.003,0.6466,33307880.4,1582463.543
512010.SH,20221110,0.467,0.465,0.47,0.461,0.464,-0.003,-0.6424,11717001.0,544868.874
512010.SH,20221109,0.47,0.468,0.474,0.466,0.467,-0.003,-0.6383,11549330.0,542152.743
512010.SH,20221108,0.479,0.477,0.478,0.466,0.47,-0.009,-1.8789,15348757.0,721717.652
512010.SH,20221107,0.478,0.476,0.479,0.472,0.479,0.001,0.2092,15450257.99,734973.734
512010.SH,20221104,0.468,0.467,0.483,0.466,0.478,0.01,2.1368,18312732.46,869534.27
512010.SH,20221103,0.471,0.465,0.472,0.462,0.468,-0.003,-0.6369,16644211.41,776046.999
512010.SH,20221102,0.464,0.46,0.48,0.458,0.471,0.007,1.5086,25033022.26,1180820.789
512010.SH,20221101,0.446,0.448,0.464,0.441,0.464,0.018,4.0359,19764329.22,892051.293
512010.SH,20221031,0.45,0.443,0.452,0.438,0.446,-0.004,-0.8889,16863620.42,749655.567
512010.SH,20221028,0.46,0.453,0.462,0.447,0.45,-0.01,-2.1739,15967569.77,726212.868
512010.SH,20221027,0.469,0.47,0.47,0.454,0.46,-0.009,-1.919,20805003.0,955473.12
512010.SH,20221026,0.444,0.446,0.474,0.445,0.469,0.025,5.6306,19732440.24,916520.212
512010.SH,20221025,0.455,0.454,0.455,0.439,0.444,-0.011,-2.4176,16376190.0,729549.94
512010.SH,20221024,0.473,0.471,0.473,0.451,0.455,-0.018,-3.8055,17743599.26,815723.99
512010.SH,20221021,0.475,0.473,0.478,0.468,0.473,-0.002,-0.4211,10211128.08,481708.304
512010.SH,20221020,0.474,0.47,0.485,0.468,0.475,0.001,0.211,14474765.4,691237.363
512010.SH,20221019,0.484,0.479,0.481,0.471,0.474,-0.01,-2.0661,15266123.54,724712.961
512010.SH,20221018,0.481,0.482,0.488,0.471,0.484,0.003,0.6237,17456816.26,840684.818
512010.SH,20221017,0.482,0.479,0.49,0.476,0.481,-0.001,-0.2075,21264472.0,1025054.695
512010.SH,20221014,0.438,0.443,0.482,0.441,0.482,0.044,10.0457,39953811.0,1872644.362
512010.SH,20221013,0.429,0.426,0.443,0.424,0.438,0.009,2.0979,14133483.81,618575.552
512010.SH,20221012,0.426,0.425,0.429,0.412,0.429,0.003,0.7042,15661563.76,656405.45
512010.SH,20221011,0.428,0.429,0.431,0.42,0.426,-0.002,-0.4673,8443685.72,358450.329
512010.SH,20221010,0.442,0.444,0.446,0.427,0.428,-0.014,-3.1674,10442002.07,455728.077
512010.SH,20220930,0.444,0.441,0.449,0.441,0.442,-0.002,-0.4505,9522597.88,423390.479
512010.SH,20220929,0.434,0.439,0.453,0.439,0.444,0.01,2.3041,15862553.23,707438.451
512010.SH,20220928,0.439,0.435,0.442,0.433,0.434,-0.005,-1.139,13102706.0,573770.332
512010.SH,20220927,0.416,0.417,0.439,0.416,0.439,0.023,5.5288,18742217.03,801688.621
512010.SH,20220926,0.419,0.415,0.423,0.415,0.416,-0.003,-0.716,10813325.2,453668.346
512010.SH,20220923,0.421,0.42,0.423,0.413,0.419,-0.002,-0.4751,12854382.49,538440.111
512010.SH,20220922,0.429,0.425,0.427,0.419,0.421,-0.008,-1.8648,12718175.0,538224.939
512010.SH,20220921,0.442,0.439,0.44,0.428,0.429,-0.013,-2.9412,14654511.26,632146.614
512010.SH,20220920,0.441,0.443,0.444,0.437,0.442,0.001,0.2268,9759481.13,429850.787
512010.SH,20220919,0.448,0.447,0.45,0.439,0.441,-0.007,-1.5625,11472159.0,508767.888
512010.SH,20220916,0.462,0.46,0.462,0.448,0.448,-0.014,-3.0303,15285004.19,693752.123
512010.SH,20220915,0.464,0.466,0.472,0.459,0.462,-0.002,-0.431,12581693.16,585395.135
512010.SH,20220914,0.466,0.461,0.465,0.458,0.464,-0.002,-0.4292,10616021.0,490100.141
512010.SH,20220913,0.475,0.472,0.474,0.466,0.466,-0.009,-1.8947,12874410.76,603416.922
512010.SH,20220909,0.461,0.465,0.475,0.465,0.475,0.014,3.0369,14738985.4,693868.994
512010.SH,20220908,0.463,0.464,0.467,0.46,0.461,-0.002,-0.432,8933798.64,413897.043
512010.SH,20220907,0.464,0.463,0.465,0.458,0.463,-0.001,-0.2155,9675367.0,447081.83
512010.SH,20220906,0.465,0.466,0.466,0.461,0.464,-0.001,-0.2151,9024507.5,418405.703
512010.SH,20220905,0.473,0.473,0.476,0.462,0.465,-0.008,-1.6913,14519678.2,677286.624
512010.SH,20220902,0.478,0.479,0.484,0.471,0.473,-0.005,-1.046,10010655.06,476513.149
512010.SH,20220901,0.48,0.479,0.484,0.477,0.478,-0.002,-0.4167,8771071.42,421903.989
512010.SH,20220831,0.471,0.47,0.485,0.469,0.48,0.009,1.9108,14470439.61,690877.504
512010.SH,20220830,0.473,0.472,0.475,0.467,0.471,-0.002,-0.4228,9020174.0,424115.227
512010.SH,20220829,0.479,0.474,0.475,0.47,0.473,-0.006,-1.2526,9704207.0,458646.491
512010.SH,20220826,0.478,0.478,0.485,0.476,0.479,0.001,0.2092,9565327.14,459876.821
512010.SH,20220825,0.472,0.473,0.478,0.47,0.478,0.006,1.2712,9926912.64,470912.713
512010.SH,20220824,0.477,0.476,0.481,0.471,0.472,-0.005,-1.0482,10132481.93,481986.562
512010.SH,20220823,0.484,0.482,0.484,0.475,0.477,-0.007,-1.4463,9548903.05,455554.582
512010.SH,20220822,0.481,0.479,0.484,0.474,0.484,0.003,0.6237,9549923.49,458817.404
512010.SH,20220819,0.485,0.483,0.483,0.479,0.481,-0.004,-0.8247,11890434.0,572163.032
512010.SH,20220818,0.495,0.494,0.494,0.484,0.485,-0.01,-2.0202,12392494.6,604354.382
512010.SH,20220817,0.491,0.49,0.498,0.487,0.495,0.004,0.8147,8428092.63,415120.486
512010.SH,20220816,0.497,0.498,0.499,0.489,0.491,-0.006,-1.2072,11027367.0,543408.445
512010.SH,20220815,0.506,0.504,0.505,0.496,0.497,-0.009,-1.7787,9747779.41,486986.085
512010.SH,20220812,0.505,0.503,0.508,0.5,0.506,0.001,0.198,8509318.29,429364.765
512010.SH,20220811,0.489,0.493,0.506,0.491,0.505,0.016,3.272,12953926.98,647250.575
512010.SH,20220810,0.5,0.498,0.499,0.487,0.489,-0.011,-2.2,10360938.0,509434.459
512010.SH,20220809,0.503,0.501,0.502,0.495,0.5,-0.003,-0.5964,7890759.0,392863.26
512010.SH,20220808,0.509,0.51,0.51,0.5,0.503,-0.006,-1.1788,9007010.88,454320.11
512010.SH,20220805,0.496,0.497,0.509,0.497,0.509,0.013,2.621,11877351.04,598311.599
512010.SH,20220804,0.485,0.488,0.497,0.487,0.496,0.011,2.268,12227519.41,604252.33
512010.SH,20220803,0.482,0.483,0.493,0.482,0.485,0.003,0.6224,11583964.0,563406.538
512010.SH,20220802,0.493,0.489,0.49,0.479,0.482,-0.011,-2.2312,10298137.8,498350.15
512010.SH,20220801,0.491,0.489,0.494,0.484,0.493,0.002,0.4073,9888830.11,485224.545
512010.SH,20220729,0.506,0.506,0.507,0.49,0.491,-0.015,-2.9644,13626910.1,677216.2
512010.SH,20220728,0.51,0.512,0.514,0.504,0.506,-0.004,-0.7843,12722485.0,645592.294
512010.SH,20220727,0.519,0.519,0.519,0.509,0.51,-0.009,-1.7341,11281097.0,578494.36
512010.SH,20220726,0.521,0.524,0.527,0.516,0.519,-0.002,-0.3839,9736595.68,505874.037
512010.SH,20220725,0.525,0.522,0.524,0.516,0.521,-0.004,-0.7619,8467119.83,440555.984
512010.SH,20220722,0.527,0.529,0.534,0.521,0.525,-0.002,-0.3795,9582544.0,504913.41
512010.SH,20220721,0.528,0.527,0.532,0.524,0.527,-0.001,-0.1894,10071428.0,531774.539
512010.SH,20220720,0.523,0.527,0.534,0.524,0.528,0.005,0.956,10090348.59,533745.576
512010.SH,20220719,0.531,0.53,0.533,0.518,0.523,-0.008,-1.5066,11123804.0,582123.611
512010.SH,20220718,0.529,0.53,0.532,0.515,0.531,0.002,0.3781,9699545.4,508201.266
512010.SH,20220715,0.542,0.54,0.545,0.529,0.529,-0.013,-2.3985,8506444.64,458326.821
512010.SH,20220714,0.53,0.53,0.549,0.529,0.542,0.012,2.2642,10345991.24,560323.671
512010.SH,20220713,0.529,0.528,0.534,0.526,0.53,0.001,0.189,7937237.36,420493.769
512010.SH,20220712,0.546,0.549,0.552,0.528,0.529,-0.017,-3.1136,12651051.45,678011.752
512010.SH,20220711,0.552,0.553,0.556,0.541,0.546,-0.006,-1.087,11828949.44,646616.517
512010.SH,20220708,0.551,0.552,0.56,0.55,0.552,0.001,0.1815,10037386.15,557020.55
512010.SH,20220707,0.56,0.559,0.563,0.542,0.551,-0.009,-1.6071,12789554.94,703472.087
512010.SH,20220706,0.575,0.572,0.581,0.556,0.56,-0.015,-2.6087,12977306.32,737539.481
512010.SH,20220705,0.572,0.573,0.579,0.56,0.575,0.003,0.5245,14718795.09,837299.73
512010.SH,20220704,0.546,0.549,0.573,0.546,0.572,0.026,4.7619,13159016.89,741379.535
512010.SH,20220701,0.549,0.549,0.554,0.542,0.546,-0.003,-0.5464,8625112.0,472069.345
512010.SH,20220630,0.533,0.533,0.553,0.533,0.549,0.016,3.0019,11700205.18,638921.937
512010.SH,20220629,0.535,0.533,0.546,0.53,0.533,-0.002,-0.3738,11851702.62,639055.673
512010.SH,20220628,0.535,0.535,0.536,0.526,0.535,0.0,0.0,11386584.0,604529.04
512010.SH,20220627,0.525,0.527,0.541,0.527,0.535,0.01,1.9048,10751548.7,575966.714
512010.SH,20220624,0.512,0.513,0.526,0.512,0.525,0.013,2.5391,11699845.0,609828.83
512010.SH,20220623,0.509,0.51,0.512,0.502,0.512,0.003,0.5894,11131901.0,565168.649
512010.SH,20220622,0.517,0.517,0.521,0.508,0.509,-0.008,-1.5474,9050599.2,465878.321
512010.SH,20220621,0.522,0.521,0.526,0.512,0.517,-0.005,-0.9579,8952195.02,464677.899
512010.SH,20220620,0.514,0.515,0.528,0.514,0.522,0.008,1.5564,12452386.36,647478.089
512010.SH,20220617,0.498,0.494,0.515,0.491,0.514,0.016,3.2129,12296845.23,617895.078
512010.SH,20220616,0.492,0.492,0.504,0.492,0.498,0.006,1.2195,9370078.91,467800.122
512010.SH,20220615,0.484,0.485,0.498,0.484,0.492,0.008,1.6529,11420427.47,560686.402
512010.SH,20220614,0.482,0.477,0.485,0.473,0.484,0.002,0.4149,8247950.49,394731.003
512010.SH,20220613,0.492,0.484,0.486,0.478,0.482,-0.01,-2.0325,8987301.0,432111.23
512010.SH,20220610,0.488,0.483,0.493,0.481,0.492,0.004,0.8197,9566956.93,466830.538
512010.SH,20220609,0.498,0.498,0.501,0.486,0.488,-0.01,-2.008,8793940.93,433064.423
512010.SH,20220608,0.49,0.491,0.505,0.49,0.498,0.008,1.6327,15909914.14,791933.623
512010.SH,20220607,0.483,0.482,0.491,0.48,0.49,0.007,1.4493,9619900.01,469110.98
512010.SH,20220606,0.469,0.469,0.483,0.467,0.483,0.014,2.9851,10111014.5,480975.37
512010.SH,20220602,0.476,0.473,0.474,0.466,0.469,-0.007,-1.4706,7185886.0,336933.253
512010.SH,20220601,0.478,0.477,0.481,0.471,0.476,-0.002,-0.4184,6080669.34,289779.834
512010.SH,20220531,0.468,0.467,0.479,0.462,0.478,0.01,2.1368,9170521.0,431896.107
512010.SH,20220530,0.462,0.465,0.47,0.459,0.468,0.006,1.2987,6145640.0,285692.547
512010.SH,20220527,0.458,0.461,0.471,0.461,0.462,0.004,0.8734,8233502.48,383803.351
512010.SH,20220526,0.463,0.464,0.465,0.454,0.458,-0.005,-1.0799,7531113.0,344915.161
512010.SH,20220525,0.461,0.46,0.465,0.46,0.463,0.002,0.4338,5665993.0,261757.507
512010.SH,20220524,0.479,0.48,0.48,0.461,0.461,-0.018,-3.7578,8268611.0,387198.586
512010.SH,20220523,0.479,0.483,0.484,0.476,0.479,0.0,0.0,5277434.0,252734.945
512010.SH,20220520,0.465,0.468,0.481,0.468,0.479,0.014,3.0108,6974125.75,332343.905
512010.SH,20220519,0.466,0.461,0.466,0.46,0.465,-0.001,-0.2146,5142530.78,238071.597
512010.SH,20220518,0.471,0.472,0.474,0.466,0.466,-0.005,-1.0616,5048809.0,236716.911
512010.SH,20220517,0.476,0.475,0.476,0.467,0.471,-0.005,-1.0504,5974043.0,280965.459
512010.SH,20220516,0.483,0.486,0.487,0.474,0.476,-0.007,-1.4493,5282148.5,252797.901
512010.SH,20220513,0.484,0.488,0.492,0.48,0.483,-0.001,-0.2066,4948175.6,239926.853
512010.SH,20220512,0.479,0.476,0.487,0.475,0.484,0.005,1.0438,6832292.99,329373.865
512010.SH,20220511,0.469,0.47,0.488,0.468,0.479,0.01,2.1322,9288496.0,447103.025
512010.SH,20220510,0.465,0.46,0.472,0.457,0.469,0.004,0.8602,5467380.41,254845.11
512010.SH,20220509,0.47,0.467,0.472,0.464,0.465,-0.005,-1.0638,5142768.0,240790.489
512010.SH,20220506,0.48,0.47,0.476,0.467,0.47,-0.01,-2.0833,5930746.0,279392.942
512010.SH,20220505,0.479,0.476,0.483,0.474,0.48,0.001,0.2088,6223162.0,297559.513
512010.SH,20220429,0.469,0.469,0.48,0.466,0.479,0.01,2.1322,7605593.0,359987.966
512010.SH,20220428,0.472,0.47,0.472,0.462,0.469,-0.003,-0.6356,5953291.0,278300.896
512010.SH,20220427,0.463,0.457,0.472,0.452,0.472,0.009,1.9438,7938346.0,366468.748
512010.SH,20220426,0.456,0.456,0.471,0.453,0.463,0.007,1.5351,7339133.0,340221.869
512010.SH,20220425,0.48,0.472,0.475,0.455,0.456,-0.024,-5.0,7827799.0,366106.84
512010.SH,20220422,0.481,0.478,0.487,0.471,0.48,-0.001,-0.2079,7986636.0,381599.512
512010.SH,20220421,0.494,0.492,0.497,0.477,0.481,-0.013,-2.6316,9105275.7,444755.633
512010.SH,20220420,0.502,0.502,0.504,0.492,0.494,-0.008,-1.5936,7284059.0,362603.002
512010.SH,20220419,0.514,0.513,0.517,0.5,0.502,-0.012,-2.3346,7079467.0,357566.896
512010.SH,20220418,0.515,0.512,0.516,0.508,0.514,-0.001,-0.1942,5867588.0,299884.246
512010.SH,20220415,0.51,0.506,0.522,0.504,0.515,0.005,0.9804,8183345.12,420410.929
512010.SH,20220414,0.507,0.509,0.515,0.504,0.51,0.003,0.5917,8611038.4,438647.166
512010.SH,20220413,0.519,0.515,0.516,0.506,0.507,-0.012,-2.3121,7469337.0,381109.615
512010.SH,20220412,0.507,0.506,0.522,0.504,0.519,0.012,2.3669,8249570.61,422618.54
512010.SH,20220411,0.516,0.513,0.516,0.505,0.507,-0.009,-1.7442,7138958.84,363910.069
512010.SH,20220408,0.521,0.521,0.522,0.511,0.516,-0.005,-0.9597,7650182.0,395704.595
512010.SH,20220407,0.53,0.525,0.533,0.52,0.521,-0.009,-1.6981,7330188.16,384780.099
512010.SH,20220406,0.532,0.534,0.539,0.527,0.53,-0.002,-0.3759,7337320.9,390449.974
512010.SH,20220401,0.535,0.53,0.535,0.525,0.532,-0.003,-0.5607,6873717.1,364827.806
512010.SH,20220331,0.538,0.534,0.545,0.533,0.535,-0.003,-0.5576,7011414.99,377303.544
512010.SH,20220330,0.525,0.529,0.539,0.519,0.538,0.013,2.4762,8572418.64,455035.358
512010.SH,20220329,0.52,0.522,0.528,0.517,0.525,0.005,0.9615,6824119.55,357867.908
512010.SH,20220328,0.527,0.521,0.526,0.517,0.52,-0.007,-1.3283,7838244.0,408728.228
512010.SH,20220325,0.544,0.542,0.544,0.526,0.527,-0.017,-3.125,11836065.18,632034.034
512010.SH,20220324,0.532,0.526,0.55,0.522,0.544,0.012,2.2556,10990960.52,590861.125
512010.SH,20220323,0.52,0.521,0.534,0.517,0.532,0.012,2.3077,9073688.9,479231.343
512010.SH,20220322,0.532,0.528,0.53,0.518,0.52,-0.012,-2.2556,6751745.0,352878.562
512010.SH,20220321,0.527,0.53,0.533,0.521,0.532,0.005,0.9488,6991803.39,368823.101
512010.SH,20220318,0.524,0.519,0.529,0.518,0.527,0.003,0.5725,8077837.44,422407.281
512010.SH,20220317,0.504,0.511,0.533,0.51,0.524,0.02,3.9683,14425649.22,752712.566
512010.SH,20220316,0.488,0.494,0.506,0.478,0.504,0.016,3.2787,10432203.0,510793.878
512010.SH,20220315,0.508,0.502,0.512,0.486,0.488,-0.02,-3.937,9482348.58,475216.886
512010.SH,20220314,0.516,0.519,0.523,0.508,0.508,-0.008,-1.5504,8824849.52,455182.759
512010.SH,20220311,0.504,0.495,0.516,0.493,0.516,0.012,2.381,10674443.0,536447.105
512010.SH,20220310,0.487,0.498,0.506,0.496,0.504,0.017,3.4908,7805735.0,391720.064
512010.SH,20220309,0.502,0.501,0.502,0.468,0.487,-0.015,-2.988,10897719.37,531270.006
512010.SH,20220308,0.515,0.514,0.521,0.497,0.502,-0.013,-2.5243,8904378.56,451528.325
512010.SH,20220307,0.533,0.53,0.531,0.512,0.515,-0.018,-3.3771,7726413.0,400302.642
512010.SH,20220304,0.536,0.531,0.541,0.53,0.533,-0.003,-0.5597,6201625.44,332148.945
512010.SH,20220303,0.542,0.544,0.546,0.536,0.536,-0.006,-1.107,6169169.01,332273.838
512010.SH,20220302,0.548,0.544,0.545,0.537,0.542,-0.006,-1.0949,6833876.49,369729.234
512010.SH,20220301,0.546,0.546,0.552,0.544,0.548,0.002,0.3663,4948087.33,271044.982
512010.SH,20220228,0.544,0.543,0.547,0.537,0.546,0.002,0.3676,6077131.06,329847.825
512010.SH,20220225,0.527,0.531,0.548,0.531,0.544,0.017,3.2258,7812793.58,424353.155
512010.SH,20220224,0.539,0.536,0.542,0.521,0.527,-0.012,-2.2263,7208959.99,383271.315
512010.SH,20220223,0.528,0.529,0.539,0.529,0.539,0.011,2.0833,5321263.3,284909.948
512010.SH,20220222,0.537,0.533,0.534,0.526,0.528,-0.009,-1.676,4981236.92,263436.628
512010.SH,20220221,0.537,0.542,0.543,0.534,0.537,0.0,0.0,4767123.28,256125.023
512010.SH,20220218,0.534,0.53,0.538,0.528,0.537,0.003,0.5618,4132638.0,220329.128
512010.SH,20220217,0.533,0.533,0.538,0.53,0.534,0.001,0.1876,4617648.99,246708.793
512010.SH,20220216,0.533,0.535,0.539,0.532,0.533,0.0,0.0,6427874.96,343793.548
512010.SH,20220215,0.511,0.51,0.534,0.508,0.533,0.022,4.3053,12052630.0,633333.006
512010.SH,20220214,0.509,0.506,0.517,0.506,0.511,0.002,0.3929,6257528.0,320449.839
512010.SH,20220211,0.526,0.523,0.523,0.508,0.509,-0.017,-3.2319,9031770.98,465310.935
512010.SH,20220210,0.533,0.533,0.534,0.524,0.526,-0.007,-1.3133,7862375.0,414414.886
512010.SH,20220209,0.529,0.528,0.535,0.522,0.533,0.004,0.7561,7525360.0,398500.739
512010.SH,20220208,0.536,0.529,0.529,0.516,0.529,-0.007,-1.306,10112636.0,527693.381
512010.SH,20220207,0.53,0.538,0.545,0.534,0.536,0.006,1.1321,5539482.1,298442.357
512010.SH,20220128,0.534,0.536,0.539,0.529,0.53,-0.004,-0.7491,6515938.29,347865.233
512010.SH,20220127,0.542,0.542,0.543,0.533,0.534,-0.008,-1.476,6135474.92,330028.654
512010.SH,20220126,0.552,0.554,0.556,0.537,0.542,-0.01,-1.8116,8237115.0,448635.303
512010.SH,20220125,0.564,0.562,0.566,0.551,0.552,-0.012,-2.1277,6830348.94,382018.355
512010.SH,20220124,0.566,0.561,0.569,0.56,0.564,-0.002,-0.3534,5647055.0,318042.759
512010.SH,20220121,0.58,0.58,0.58,0.565,0.566,-0.014,-2.4138,7893326.24,449301.718
512010.SH,20220120,0.582,0.58,0.585,0.579,0.58,-0.002,-0.3436,6279350.38,365235.984
512010.SH,20220119,0.598,0.598,0.598,0.58,0.582,-0.016,-2.6756,8870943.37,521041.085
512010.SH,20220118,0.599,0.598,0.604,0.593,0.598,-0.001,-0.1669,5168722.03,309646.982
512010.SH,20220117,0.597,0.597,0.601,0.594,0.599,0.002,0.335,4651484.1,277806.822
512010.SH,20220114,0.596,0.594,0.6,0.591,0.597,0.001,0.1678,5488288.0,326975.603
512010.SH,20220113,0.609,0.609,0.61,0.596,0.596,-0.013,-2.1346,5971239.0,359654.455
512010.SH,20220112,0.604,0.603,0.611,0.601,0.609,0.005,0.8278,5906307.99,359117.469
512010.SH,20220111,0.604,0.601,0.607,0.599,0.604,0.0,0.0,4536693.91,273676.902
512010.SH,20220110,0.599,0.598,0.606,0.592,0.604,0.005,0.8347,5219367.0,313201.63
512010.SH,20220107,0.601,0.601,0.604,0.597,0.599,-0.002,-0.3328,4721268.5,283366.739
512010.SH,20220106,0.609,0.606,0.609,0.595,0.601,-0.008,-1.3136,7795819.9,467863.176
512010.SH,20220105,0.617,0.616,0.617,0.606,0.609,-0.008,-1.2966,7076072.0,431655.892
512010.SH,20220104,0.633,0.63,0.631,0.615,0.617,-0.016,-2.5276,11018729.71,683190.37
512010.SH,20211231,0.633,0.633,0.636,0.63,0.633,0.0,0.0,5677531.0,359489.041
512010.SH,20211230,0.629,0.628,0.634,0.624,0.633,0.004,0.6359,5701545.45,358993.586
512010.SH,20211229,0.638,0.638,0.643,0.628,0.629,-0.009,-1.4107,6951217.7,441794.719
512010.SH,20211228,0.634,0.633,0.638,0.628,0.638,0.004,0.6309,5768670.0,365681.244
512010.SH,20211227,0.63,0.63,0.634,0.627,0.634,0.004,0.6349,6962300.77,439165.658
512010.SH,20211224,0.627,0.628,0.632,0.624,0.63,0.003,0.4785,4957216.0,311305.83
512010.SH,20211223,0.632,0.634,0.635,0.625,0.627,-0.005,-0.7911,5114425.59,320999.825
512010.SH,20211222,0.631,0.632,0.635,0.629,0.632,0.001,0.1585,3475728.0,219621.505
512010.SH,20211221,0.624,0.625,0.632,0.624,0.631,0.007,1.1218,4796048.0,301636.434
512010.SH,20211220,0.636,0.634,0.638,0.624,0.624,-0.012,-1.8868,8090937.92,509456.27
512010.SH,20211217,0.642,0.644,0.648,0.635,0.636,-0.006,-0.9346,7254972.06,463439.226
512010.SH,20211216,0.639,0.635,0.644,0.634,0.642,0.003,0.4695,6157121.87,393811.423
512010.SH,20211215,0.659,0.658,0.659,0.636,0.639,-0.02,-3.0349,11702701.94,756841.908
512010.SH,20211214,0.656,0.655,0.663,0.654,0.659,0.003,0.4573,5576523.03,368106.183
512010.SH,20211213,0.662,0.661,0.667,0.656,0.656,-0.006,-0.9063,8040416.07,530977.154
512010.SH,20211210,0.668,0.665,0.669,0.659,0.662,-0.006,-0.8982,8448567.86,559510.496
512010.SH,20211209,0.652,0.654,0.67,0.65,0.668,0.016,2.454,9615746.83,637561.225
512010.SH,20211208,0.644,0.645,0.652,0.641,0.652,0.008,1.2422,5476512.38,354629.213
512010.SH,20211207,0.639,0.641,0.647,0.639,0.644,0.005,0.7825,4660304.23,299480.61
512010.SH,20211206,0.651,0.65,0.651,0.638,0.639,-0.012,-1.8433,6609243.86,425330.213
512010.SH,20211203,0.646,0.647,0.652,0.646,0.651,0.005,0.774,3996018.32,259188.859
512010.SH,20211202,0.655,0.652,0.656,0.645,0.646,-0.009,-1.374,5070930.0,329465.736
512010.SH,20211201,0.663,0.66,0.661,0.653,0.655,-0.008,-1.2066,5101649.0,334297.241
512010.SH,20211130,0.664,0.662,0.664,0.655,0.663,-0.001,-0.1506,5133498.66,338253.166
512010.SH,20211129,0.664,0.676,0.686,0.663,0.664,0.0,0.0,6753089.66,453715.155
512010.SH,20211126,0.665,0.667,0.672,0.664,0.664,-0.001,-0.1504,6926597.96,461846.526
512010.SH,20211125,0.659,0.659,0.668,0.657,0.665,0.006,0.9105,6846922.9,453843.036
512010.SH,20211124,0.654,0.654,0.66,0.649,0.659,0.005,0.7645,7875624.65,516164.462
512010.SH,20211123,0.653,0.655,0.658,0.651,0.654,0.001,0.1531,6491913.0,424412.343
512010.SH,20211122,0.659,0.66,0.66,0.65,0.653,-0.006,-0.9105,8169040.0,532936.818
512010.SH,20211119,0.661,0.656,0.661,0.653,0.659,-0.002,-0.3026,5913302.86,388371.945
512010.SH,20211118,0.676,0.673,0.674,0.659,0.661,-0.015,-2.2189,5751268.0,381693.894
512010.SH,20211117,0.676,0.677,0.685,0.671,0.676,0.0,0.0,5658725.42,382907.367
512010.SH,20211116,0.656,0.657,0.678,0.656,0.676,0.02,3.0488,10197209.83,683145.13
512010.SH,20211115,0.642,0.642,0.656,0.641,0.656,0.014,2.1807,6336343.08,412866.31
512010.SH,20211112,0.645,0.646,0.647,0.64,0.642,-0.003,-0.4651,4531602.97,291136.938
512010.SH,20211111,0.647,0.644,0.65,0.64,0.645,-0.002,-0.3091,5827430.0,375139.698
512010.SH,20211110,0.631,0.631,0.648,0.623,0.647,0.016,2.5357,7615805.17,486065.81
512010.SH,20211109,0.627,0.627,0.633,0.624,0.631,0.004,0.638,3998887.0,251819.877
512010.SH,20211108,0.641,0.641,0.641,0.623,0.627,-0.014,-2.1841,7406020.46,465232.942
512010.SH,20211105,0.641,0.64,0.647,0.638,0.641,0.0,0.0,3539424.32,227823.246
512010.SH,20211104,0.638,0.64,0.645,0.636,0.641,0.003,0.4702,3566723.01,228237.507
512010.SH,20211103,0.632,0.634,0.644,0.634,0.638,0.006,0.9494,3707732.38,236941.873
512010.SH,20211102,0.642,0.64,0.645,0.63,0.632,-0.01,-1.5576,5395610.45,344143.535
512010.SH,20211101,0.655,0.654,0.657,0.638,0.642,-0.013,-1.9847,5130813.37,329942.443
512010.SH,20211029,0.646,0.645,0.657,0.636,0.655,0.009,1.3932,4341736.08,281776.988
512010.SH,20211028,0.648,0.646,0.653,0.642,0.646,-0.002,-0.3086,3297931.62,213166.118
512010.SH,20211027,0.663,0.662,0.663,0.646,0.648,-0.015,-2.2624,4299082.46,280648.258
512010.SH,20211026,0.668,0.665,0.672,0.661,0.663,-0.005,-0.7485,3737525.38,248688.395
512010.SH,20211025,0.666,0.665,0.672,0.664,0.668,0.002,0.3003,3579101.0,238846.584
512010.SH,20211022,0.662,0.662,0.67,0.658,0.666,0.004,0.6042,3386091.0,225136.457
512010.SH,20211021,0.665,0.664,0.669,0.659,0.662,-0.003,-0.4511,3359352.39,222680.063
512010.SH,20211020,0.667,0.666,0.671,0.653,0.665,-0.002,-0.2999,3807599.9,251499.539
512010.SH,20211019,0.657,0.656,0.671,0.655,0.667,0.01,1.5221,3541829.53,235713.833
512010.SH,20211018,0.669,0.668,0.669,0.653,0.657,-0.012,-1.7937,3875695.0,254705.567
512010.SH,20211015,0.677,0.671,0.674,0.664,0.669,-0.008,-1.1817,4225696.69,282126.209
512010.SH,20211014,0.692,0.689,0.692,0.672,0.677,-0.015,-2.1676,5367176.0,365011.228
512010.SH,20211013,0.68,0.677,0.694,0.675,0.692,0.012,1.7647,4516488.0,308962.119
512010.SH,20211012,0.683,0.679,0.69,0.673,0.68,-0.003,-0.4392,3522500.0,240134.678
512010.SH,20211011,0.694,0.692,0.703,0.68,0.683,-0.011,-1.585,4465211.0,307792.664
512010.SH,20211008,0.69,0.687,0.698,0.678,0.694,0.004,0.5797,3420160.91,236248.338
512010.SH,20210930,0.68,0.679,0.692,0.678,0.69,0.01,1.4706,3977983.19,273675.524
512010.SH,20210929,0.691,0.684,0.69,0.673,0.68,-0.011,-1.5919,4038617.36,274608.214
512010.SH,20210928,0.696,0.694,0.701,0.683,0.691,-0.005,-0.7184,4193676.26,289953.882
512010.SH,20210927,0.685,0.694,0.706,0.683,0.696,0.011,1.6058,4924113.06,342556.941
512010.SH,20210924,0.68,0.677,0.691,0.673,0.685,0.005,0.7353,4252611.29,290511.294
512010.SH,20210923,0.68,0.678,0.69,0.67,0.68,0.0,0.0,3928163.71,267029.731
512010.SH,20210922,0.684,0.676,0.693,0.673,0.68,-0.004,-0.5848,3907623.9,266270.886
512010.SH,20210917,0.654,0.652,0.688,0.647,0.684,0.03,4.5872,6780413.89,456943.581
512010.SH,20210916,0.652,0.649,0.66,0.643,0.654,0.002,0.3067,3565882.48,232349.607
512010.SH,20210915,0.663,0.66,0.662,0.648,0.652,-0.011,-1.6591,3439183.11,224999.277
512010.SH,20210914,0.659,0.66,0.67,0.657,0.663,0.004,0.607,3210119.67,213723.57
512010.SH,20210913,0.664,0.668,0.675,0.654,0.659,-0.005,-0.753,4579965.0,303877.231
512010.SH,20210910,0.667,0.666,0.668,0.656,0.664,-0.003,-0.4498,3244196.74,214629.852
512010.SH,20210909,0.667,0.667,0.674,0.662,0.667,0.0,0.0,2594912.0,172911.297
512010.SH,20210908,0.673,0.673,0.675,0.663,0.667,-0.006,-0.8915,2997586.0,200216.151
512010.SH,20210907,0.675,0.673,0.673,0.664,0.673,-0.002,-0.2963,4439654.9,296767.713
512010.SH,20210906,0.641,0.643,0.677,0.641,0.675,0.034,5.3042,5844830.82,388374.548
512010.SH,20210903,0.638,0.637,0.646,0.626,0.641,0.003,0.4702,3269406.0,208515.536
512010.SH,20210902,0.659,0.66,0.661,0.636,0.638,-0.021,-3.1866,4703862.7,303481.441
512010.SH,20210901,0.648,0.649,0.667,0.636,0.659,0.011,1.6975,3535003.4,230755.116
512010.SH,20210831,0.663,0.663,0.67,0.647,0.648,-0.015,-2.2624,3461468.0,226625.288
512010.SH,20210830,0.665,0.668,0.673,0.657,0.663,-0.002,-0.3008,2331907.13,155047.79
512010.SH,20210827,0.666,0.664,0.681,0.662,0.665,-0.001,-0.1502,2568728.1,172075.654
512010.SH,20210826,0.692,0.692,0.692,0.665,0.666,-0.026,-3.7572,3030083.69,203738.264
512010.SH,20210825,0.688,0.688,0.698,0.681,0.692,0.004,0.5814,2370191.77,163706.552
512010.SH,20210824,0.675,0.676,0.691,0.674,0.688,0.013,1.9259,2777824.39,190066.265
512010.SH,20210823,0.665,0.66,0.677,0.654,0.675,0.01,1.5038,3296534.52,219888.139
512010.SH,20210820,0.701,0.69,0.691,0.658,0.665,-0.036,-5.1355,5980170.44,400978.607
512010.SH,20210819,0.698,0.699,0.709,0.698,0.701,0.003,0.4298,2251624.69,158300.911
512010.SH,20210818,0.699,0.699,0.707,0.694,0.698,-0.001,-0.1431,2493139.0,174369.23
512010.SH,20210817,0.724,0.721,0.727,0.695,0.699,-0.025,-3.453,4102160.0,291083.669
512010.SH,20210816,0.727,0.725,0.728,0.719,0.724,-0.003,-0.4127,2900626.0,210115.389
512010.SH,20210813,0.729,0.73,0.737,0.72,0.727,-0.002,-0.2743,2188300.0,159241.479
512010.SH,20210812,0.742,0.735,0.742,0.726,0.729,-0.013,-1.752,2569860.09,188027.369
512010.SH,20210811,0.759,0.759,0.76,0.739,0.742,-0.017,-2.2398,3216755.0,239659.715
512010.SH,20210810,0.749,0.751,0.759,0.738,0.759,0.01,1.3351,2507011.52,187759.028
512010.SH,20210809,0.744,0.735,0.75,0.733,0.749,0.005,0.672,2182127.62,162508.735
512010.SH,20210806,0.772,0.767,0.768,0.737,0.744,-0.028,-3.6269,3947473.75,295266.469
512010.SH,20210805,0.778,0.773,0.783,0.761,0.772,-0.006,-0.7712,2873798.57,222780.484
512010.SH,20210804,0.778,0.779,0.781,0.763,0.778,0.0,0.0,3358601.12,259815.72
512010.SH,20210803,0.751,0.745,0.781,0.742,0.778,0.027,3.5952,4225871.25,324858.59
512010.SH,20210802,0.741,0.738,0.753,0.711,0.751,0.01,1.3495,3260324.88,239627.01
512010.SH,20210730,0.748,0.745,0.745,0.722,0.741,-0.007,-0.9358,2754864.58,201613.6
512010.SH,20210729,0.732,0.74,0.754,0.74,0.748,0.016,2.1858,3137260.37,234288.139
512010.SH,20210728,0.711,0.707,0.733,0.698,0.732,0.021,2.9536,3601678.1,258668.546
512010.SH,20210727,0.741,0.737,0.742,0.71,0.711,-0.03,-4.0486,3989970.6,290569.985
512010.SH,20210726,0.783,0.778,0.778,0.722,0.741,-0.042,-5.364,5953660.88,444972.745
512010.SH,20210723,0.809,0.805,0.805,0.78,0.783,-0.026,-3.2138,3728166.0,293128.538
512010.SH,20210722,0.835,0.833,0.834,0.803,0.809,-0.026,-3.1138,4782640.23,388468.724
512010.SH,20210721,0.826,0.828,0.836,0.82,0.835,0.009,1.0896,2051391.13,170282.228
512010.SH,20210720,0.821,0.818,0.832,0.818,0.826,0.005,0.609,2273140.8,187523.6
512010.SH,20210719,0.803,0.802,0.822,0.802,0.821,0.018,2.2416,2329073.96,189786.025
512010.SH,20210716,0.807,0.807,0.809,0.796,0.803,-0.004,-0.4957,1955860.89,156969.993
512010.SH,20210715,0.801,0.802,0.807,0.793,0.807,0.006,0.7491,1870180.11,149705.703
512010.SH,20210714,0.799,0.796,0.815,0.789,0.801,0.002,0.2503,2662492.0,214586.813
512010.SH,20210713,0.797,0.795,0.804,0.788,0.799,0.002,0.2509,1487259.0,118152.109
512010.SH,20210712,0.779,0.782,0.799,0.768,0.797,0.018,2.3107,2415613.04,190762.021
512010.SH,20210709,0.777,0.771,0.78,0.755,0.779,0.002,0.2574,1918793.4,147840.291
512010.SH,20210708,0.791,0.791,0.8,0.775,0.777,-0.014,-1.7699,2322358.0,181853.889
512010.SH,20210707,0.775,0.766,0.798,0.766,0.791,0.016,2.0645,2440204.95,191875.221
512010.SH,20210706,0.804,0.805,0.806,0.754,0.775,-0.029,-3.607,4067477.09,314447.972
512010.SH,20210705,0.809,0.8,0.815,0.796,0.804,-0.005,-0.618,2288087.76,183743.186
512010.SH,20210702,0.848,0.844,0.846,0.808,0.809,-0.039,-4.5991,3723661.0,305544.821
512010.SH,20210701,0.832,0.834,0.855,0.832,0.848,0.016,1.9231,2926236.78,247135.337
512010.SH,20210630,0.829,0.83,0.835,0.825,0.832,0.003,0.3619,1547409.0,128454.706
512010.SH,20210629,0.836,0.838,0.841,0.826,0.829,-0.007,-0.8373,1889393.53,157161.971
512010.SH,20210628,0.821,0.821,0.837,0.821,0.836,0.015,1.827,1895809.0,157814.37
512010.SH,20210624,3.258,3.256,3.258,3.177,3.206,-0.052,-1.5961,575413.2,184262.113
512010.SH,20210623,3.26,3.261,3.3,3.245,3.258,-0.002,-0.0613,470005.44,153764.187
512010.SH,20210622,3.176,3.179,3.261,3.149,3.26,0.084,2.6448,577314.5,185768.721
512010.SH,20210621,3.165,3.155,3.195,3.125,3.176,0.011,0.3476,383975.0,121654.539
512010.SH,20210618,3.136,3.136,3.189,3.129,3.165,0.029,0.9247,376880.92,119210.096
512010.SH,20210617,3.116,3.103,3.163,3.103,3.136,0.02,0.6418,338352.5,106129.552
512010.SH,20210616,3.219,3.214,3.228,3.113,3.116,-0.103,-3.1998,470337.8,148674.691
512010.SH,20210615,3.282,3.262,3.288,3.21,3.219,-0.063,-1.9196,500143.0,161611.271
512010.SH,20210611,3.296,3.293,3.302,3.233,3.282,-0.014,-0.4248,358955.0,117361.474
512010.SH,20210610,3.236,3.245,3.32,3.244,3.296,0.06,1.8541,526478.0,173398.473
512010.SH,20210609,3.229,3.219,3.251,3.196,3.236,0.007,0.2168,304517.26,98343.157
512010.SH,20210608,3.28,3.28,3.317,3.201,3.229,-0.051,-1.5549,460974.97,150289.39
512010.SH,20210607,3.272,3.269,3.283,3.221,3.28,0.008,0.2445,315487.2,102847.459
512010.SH,20210604,3.255,3.243,3.289,3.208,3.272,0.017,0.5223,378831.5,123206.398
512010.SH,20210603,3.288,3.276,3.298,3.239,3.255,-0.033,-1.0036,429627.29,140352.572
512010.SH,20210602,3.356,3.356,3.369,3.274,3.288,-0.068,-2.0262,475851.3,157840.364
512010.SH,20210601,3.296,3.296,3.359,3.274,3.356,0.06,1.8204,668599.0,221897.473
512010.SH,20210531,3.248,3.246,3.309,3.241,3.296,0.048,1.4778,472511.26,155294.446
512010.SH,20210528,3.314,3.312,3.318,3.226,3.248,-0.066,-1.9916,750455.27,245287.982
512010.SH,20210527,3.289,3.282,3.322,3.241,3.314,0.025,0.7601,493125.0,162383.618
512010.SH,20210526,3.293,3.291,3.314,3.248,3.289,-0.004,-0.1215,403436.91,132280.544
512010.SH,20210525,3.197,3.213,3.296,3.213,3.293,0.096,3.0028,601213.0,196309.056
512010.SH,20210524,3.214,3.209,3.213,3.117,3.197,-0.017,-0.5289,597606.11,189029.067
512010.SH,20210521,3.26,3.263,3.292,3.204,3.214,-0.046,-1.411,436827.52,141457.992
512010.SH,20210520,3.272,3.263,3.295,3.253,3.26,-0.012,-0.3667,365735.16,119590.141
512010.SH,20210519,3.282,3.27,3.288,3.241,3.272,-0.01,-0.3047,392185.0,127940.702
512010.SH,20210518,3.311,3.307,3.329,3.24,3.282,-0.029,-0.8759,464441.45,152085.208
512010.SH,20210517,3.242,3.261,3.336,3.261,3.311,0.069,2.1283,581862.39,192882.372
512010.SH,20210514,3.167,3.183,3.28,3.158,3.242,0.075,2.3682,627022.92,202746.911
512010.SH,20210513,3.149,3.13,3.182,3.111,3.167,0.018,0.5716,529444.5,167054.501
512010.SH,20210512,3.103,3.099,3.155,3.073,3.149,0.046,1.4824,469945.0,146459.967
512010.SH,20210511,3.044,3.035,3.105,2.99,3.103,0.059,1.9382,479775.0,146875.336
512010.SH,20210510,2.985,2.997,3.073,2.997,3.044,0.059,1.9765,397638.0,120790.16
512010.SH,20210507,3.061,3.061,3.094,2.983,2.985,-0.076,-2.4828,559278.2,169636.168
512010.SH,20210506,3.202,3.153,3.17,3.022,3.061,-0.141,-4.4035,783694.56,240832.385
512010.SH,20210430,3.15,3.145,3.229,3.14,3.202,0.052,1.6508,511377.0,163459.326
512010.SH,20210429,3.162,3.157,3.171,3.104,3.15,-0.012,-0.3795,436155.47,137048.95
512010.SH,20210428,3.098,3.095,3.162,3.079,3.162,0.064,2.0658,440987.27,137815.317
512010.SH,20210427,3.018,3.003,3.098,2.99,3.098,0.08,2.6508,557803.64,170895.83
512010.SH,20210426,3.032,3.059,3.119,3.014,3.018,-0.014,-0.4617,613760.31,188534.535
512010.SH,20210423,2.964,2.962,3.053,2.956,3.032,0.068,2.2942,535124.69,161701.741
512010.SH,20210422,2.963,2.964,2.977,2.937,2.964,0.001,0.0337,671233.14,198656.379
512010.SH,20210421,2.9,2.88,2.965,2.877,2.963,0.063,2.1724,428783.89,125652.7
512010.SH,20210420,2.893,2.892,2.926,2.857,2.9,0.007,0.242,386273.0,111926.411
512010.SH,20210419,2.809,2.817,2.894,2.786,2.893,0.084,2.9904,538282.5,154016.359
512010.SH,20210416,2.825,2.842,2.843,2.78,2.809,-0.016,-0.5664,487402.0,136747.844
512010.SH,20210415,2.849,2.838,2.852,2.793,2.825,-0.024,-0.8424,367605.32,103858.666
512010.SH,20210414,2.849,2.85,2.88,2.8,2.849,0.0,0.0,555719.32,157714.403
512010.SH,20210413,2.822,2.809,2.88,2.805,2.849,0.027,0.9568,451991.0,129047.692
512010.SH,20210412,2.905,2.9,2.92,2.81,2.822,-0.083,-2.8571,443536.56,126263.855
512010.SH,20210409,2.96,2.952,2.959,2.89,2.905,-0.055,-1.8581,341471.5,99497.288
512010.SH,20210408,2.902,2.893,2.963,2.87,2.96,0.058,1.9986,384381.0,112872.406
512010.SH,20210407,2.918,2.907,2.919,2.86,2.902,-0.016,-0.5483,263390.32,76065.037
512010.SH,20210406,2.968,2.967,2.968,2.907,2.918,-0.05,-1.6846,311759.0,91218.413
512010.SH,20210402,2.946,2.964,2.99,2.937,2.968,0.022,0.7468,496544.54,147054.774
512010.SH,20210401,2.888,2.888,2.956,2.888,2.946,0.058,2.0083,494421.51,144968.704
512010.SH,20210331,2.909,2.904,2.904,2.851,2.888,-0.021,-0.7219,348763.41,100279.621
512010.SH,20210330,2.861,2.865,2.937,2.85,2.909,0.048,1.6777,395091.13,114720.322
512010.SH,20210329,2.88,2.873,2.895,2.836,2.861,-0.019,-0.6597,420926.96,120702.263
512010.SH,20210326,2.769,2.783,2.883,2.782,2.88,0.111,4.0087,681704.0,193813.486
512010.SH,20210325,2.738,2.707,2.777,2.694,2.769,0.031,1.1322,386118.44,106103.012
512010.SH,20210324,2.753,2.735,2.778,2.721,2.738,-0.015,-0.5449,292562.5,80442.702
512010.SH,20210323,2.753,2.75,2.785,2.713,2.753,0.0,0.0,298691.0,81979.192
512010.SH,20210322,2.737,2.749,2.795,2.716,2.753,0.016,0.5846,351273.0,96759.33
512010.SH,20210319,2.802,2.749,2.785,2.713,2.737,-0.065,-2.3198,321123.5,88140.907
512010.SH,20210318,2.743,2.75,2.81,2.75,2.802,0.059,2.1509,418582.5,116828.167
512010.SH,20210317,2.729,2.717,2.759,2.678,2.743,0.014,0.513,402326.08,109951.374
512010.SH,20210316,2.707,2.718,2.753,2.682,2.729,0.022,0.8127,325259.6,88417.742
512010.SH,20210315,2.82,2.81,2.81,2.669,2.707,-0.113,-4.0071,400866.0,109372.341
512010.SH,20210312,2.817,2.828,2.834,2.771,2.82,0.003,0.1065,336252.0,94393.199
512010.SH,20210311,2.744,2.738,2.855,2.738,2.817,0.073,2.6603,682141.7,191757.852
512010.SH,20210310,2.673,2.72,2.776,2.711,2.744,0.071,2.6562,613837.16,168392.246
512010.SH,20210309,2.743,2.739,2.773,2.63,2.673,-0.07,-2.552,672939.63,182612.4
512010.SH,20210308,2.936,2.95,2.967,2.74,2.743,-0.193,-6.5736,769169.14,218548.195
512010.SH,20210305,2.935,2.86,2.958,2.86,2.936,0.001,0.0341,367375.92,107110.88
512010.SH,20210304,3.053,3.01,3.02,2.916,2.935,-0.118,-3.8651,474779.49,140470.025
512010.SH,20210303,2.99,2.98,3.055,2.962,3.053,0.063,2.107,382708.0,115500.399
512010.SH,20210302,3.071,3.087,3.089,2.962,2.99,-0.081,-2.6376,576495.77,173798.617
512010.SH,20210301,3.027,3.055,3.072,2.997,3.071,0.044,1.4536,408097.53,124293.323
512010.SH,20210226,3.076,3.02,3.083,2.971,3.027,-0.049,-1.593,519279.0,157341.017
512010.SH,20210225,3.068,3.078,3.12,3.057,3.076,0.008,0.2608,485178.8,149713.433
512010.SH,20210224,3.212,3.21,3.216,3.04,3.068,-0.144,-4.4832,819112.4,254684.03
512010.SH,20210223,3.217,3.199,3.262,3.178,3.212,-0.005,-0.1554,533200.12,171605.034
512010.SH,20210222,3.395,3.395,3.398,3.215,3.217,-0.178,-5.243,803769.28,263650.223
512010.SH,20210219,3.397,3.381,3.417,3.296,3.395,-0.002,-0.0589,578494.0,194016.326
512010.SH,20210218,3.56,3.623,3.628,3.39,3.397,-0.163,-4.5787,723030.8,250177.523
512010.SH,20210210,3.473,3.474,3.569,3.43,3.56,0.087,2.505,436032.69,153470.857
512010.SH,20210209,3.406,3.421,3.477,3.388,3.473,0.067,1.9671,507324.19,174203.855
512010.SH,20210208,3.311,3.315,3.414,3.311,3.406,0.095,2.8692,490045.3,164462.045
512010.SH,20210205,3.216,3.216,3.36,3.216,3.311,0.095,2.954,561579.32,185971.482
512010.SH,20210204,3.252,3.227,3.271,3.172,3.216,-0.036,-1.107,406725.46,130757.517
512010.SH,20210203,3.236,3.24,3.311,3.218,3.252,0.016,0.4944,537345.65,175716.321
512010.SH,20210202,3.168,3.178,3.237,3.127,3.236,0.068,2.1465,384351.71,123175.512
512010.SH,20210201,3.094,3.092,3.169,3.088,3.168,0.074,2.3917,532124.49,167144.002
512010.SH,20210129,3.114,3.119,3.156,3.05,3.094,-0.02,-0.6423,535729.17,166479.608
512010.SH,20210128,3.203,3.171,3.193,3.102,3.114,-0.089,-2.7786,443088.0,139272.709
512010.SH,20210127,3.221,3.223,3.239,3.141,3.203,-0.018,-0.5588,361072.0,115269.151
512010.SH,20210126,3.326,3.318,3.318,3.213,3.221,-0.105,-3.1569,464252.0,150786.454
512010.SH,20210125,3.322,3.33,3.347,3.287,3.326,0.004,0.1204,549001.4,182262.595
512010.SH,20210122,3.169,3.18,3.326,3.17,3.322,0.153,4.828,648355.38,211452.522
512010.SH,20210121,3.11,3.125,3.172,3.118,3.169,0.059,1.8971,478684.5,150765.722
512010.SH,20210120,2.988,3.001,3.111,2.999,3.11,0.122,4.083,611927.5,187795.165
512010.SH,20210119,3.053,3.054,3.06,2.982,2.988,-0.065,-2.1291,428987.1,129496.765
512010.SH,20210118,3.044,3.039,3.076,2.995,3.053,0.009,0.2957,374448.0,113919.809
512010.SH,20210115,3.052,3.048,3.056,2.99,3.044,-0.008,-0.2621,534400.57,161633.421
512010.SH,20210114,3.107,3.1,3.108,3.044,3.052,-0.055,-1.7702,604362.28,185611.354
512010.SH,20210113,3.167,3.17,3.171,3.083,3.107,-0.06,-1.8945,580471.07,181111.753
512010.SH,20210112,3.096,3.085,3.169,3.074,3.167,0.071,2.2933,423126.96,132390.519
512010.SH,20210111,3.162,3.154,3.172,3.08,3.096,-0.066,-2.0873,465379.9,145418.529
512010.SH,20210108,3.183,3.175,3.219,3.13,3.162,-0.021,-0.6598,427527.34,135365.767
512010.SH,20210107,3.131,3.13,3.184,3.1,3.183,0.052,1.6608,498047.45,155962.021
512010.SH,20210106,3.077,3.088,3.14,3.069,3.131,0.054,1.755,632572.21,196796.912
512010.SH,20210105,3.026,3.021,3.078,3.0,3.077,0.051,1.6854,641088.26,195562.307
512010.SH,20210104,3.002,2.991,3.037,2.976,3.026,0.024,0.7995,763996.35,230062.01
