trade_date,etf_code,theme,style,dividend_yield_abs,weighted_pb,weighted_pe_ttm,constituent_count,source
2021-01-22,512000.SH,证券,cyclical_value,0.010458062190525802,2.92218551872091,24.822264089859388,47,constituent_weighted
2021-01-22,512800.SH,银行,stable_value,0.04433476410142521,0.9369675743942212,6.841308502621409,37,constituent_weighted
2021-01-22,512200.SH,地产,cyclical_value,0.03852221086286442,1.4190031068823399,8.082011627366834,128,constituent_weighted
2021-01-22,159928.SZ,消费,stable_value,0.00823369273311342,17.540976331399865,58.52489848369347,110,constituent_weighted
2021-01-22,512010.SH,医药,growth,0.005771211885442588,13.987036098183282,48.545830773953206,317,constituent_weighted
2021-01-22,512480.SH,半导体,growth,0.0014449007311325473,17.52273396161934,102.36125770295548,46,constituent_weighted
2021-01-22,159995.SZ,芯片,growth,0.0011281405284909907,15.894796546111547,103.9476767090911,68,constituent_weighted
2021-01-22,159819.SZ,人工智能,growth,0.0037758264030193474,9.455228759217725,70.40037531896161,224,constituent_weighted
2021-01-22,512660.SH,军工,growth,0.0024014450537684588,6.156714672279779,75.61038542152804,73,constituent_weighted
2021-01-22,515030.SH,新能源车,growth,0.041485243380837845,1.2567096032777754,11.04383000647527,38,constituent_weighted
2021-01-22,515790.SH,光伏,growth,0.00425687239507282,9.336307484329874,50.80098413314465,208,constituent_weighted
2021-01-22,512400.SH,有色,cyclical_value,0.005076939776664874,5.656089389527386,54.721015509436825,121,constituent_weighted
2021-01-22,515220.SH,煤炭,cyclical_value,0.04288333205836265,1.216680014718748,10.821294272231857,35,constituent_weighted
2021-01-22,515210.SH,钢铁,cyclical_value,0.024819512978640143,1.7356523034231979,14.103839610633814,35,constituent_weighted
2021-01-22,561560.SH,电力,stable_value,0.024575530702956642,1.9119737944019457,16.36414122316815,171,constituent_weighted
2021-02-19,512000.SH,证券,cyclical_value,0.011027578464725312,2.706082550587463,23.492164453125433,47,constituent_weighted
2021-02-19,512800.SH,银行,stable_value,0.04172341260870348,1.0150569373524243,7.204161930297102,38,constituent_weighted
2021-02-19,512200.SH,地产,cyclical_value,0.03833242096651748,1.4668662917641218,8.092944033794506,128,constituent_weighted
2021-02-19,159928.SZ,消费,stable_value,0.007496562277063567,20.133371636781362,64.45236832502071,110,constituent_weighted
2021-02-19,512010.SH,医药,growth,0.005791828558521379,14.821587555473643,48.291926117141166,318,constituent_weighted
2021-02-19,512480.SH,半导体,growth,0.0015750769066786964,14.632047118081214,95.01487378970722,46,constituent_weighted
2021-02-19,159995.SZ,芯片,growth,0.0012264438715772843,13.490960470062053,97.13029688340546,69,constituent_weighted
2021-02-19,159819.SZ,人工智能,growth,0.003931821170841044,8.634579894033088,66.91441894200692,227,constituent_weighted
2021-02-19,512660.SH,军工,growth,0.002672952871482613,5.519541981475826,66.50766347681252,75,constituent_weighted
2021-02-19,515030.SH,新能源车,growth,0.04054646104797392,1.3692737665127719,11.303129977937058,38,constituent_weighted
2021-02-19,515790.SH,光伏,growth,0.00430547841173311,9.165551590710935,49.75722707451374,211,constituent_weighted
2021-02-19,512400.SH,有色,cyclical_value,0.004711255679486482,5.352090520411623,59.12778955672128,121,constituent_weighted
2021-02-19,515220.SH,煤炭,cyclical_value,0.04209772985313675,1.311689169574332,11.026776951852893,35,constituent_weighted
2021-02-19,515210.SH,钢铁,cyclical_value,0.023998062051493383,1.7220477095543456,14.65010504345909,35,constituent_weighted
2021-02-19,561560.SH,电力,stable_value,0.024133619862225623,1.9198061718494264,16.27656236393336,176,constituent_weighted
2021-03-19,512000.SH,证券,cyclical_value,0.012181883528498572,2.114855415581809,21.007142262644052,47,constituent_weighted
2021-03-19,512800.SH,银行,stable_value,0.04272468147333887,0.9441867801590041,7.023812393481407,38,constituent_weighted
2021-03-19,512200.SH,地产,cyclical_value,0.0377752481233179,1.4655220349583924,8.18704066193434,128,constituent_weighted
2021-03-19,159928.SZ,消费,stable_value,0.00940979680627243,15.392652557450011,50.64426522177972,111,constituent_weighted
2021-03-19,512010.SH,医药,growth,0.006632450826535815,10.372262738789846,40.49472365454258,318,constituent_weighted
2021-03-19,512480.SH,半导体,growth,0.0018540929817241892,11.817847370412752,74.75868438373803,46,constituent_weighted
2021-03-19,159995.SZ,芯片,growth,0.0014483924623568663,10.854505872818937,76.36294553075017,69,constituent_weighted
2021-03-19,159819.SZ,人工智能,growth,0.004346473612615453,6.785675488471078,56.81082633954864,226,constituent_weighted
2021-03-19,512660.SH,军工,growth,0.0030153800845990797,4.694720276063153,58.08147278834974,75,constituent_weighted
2021-03-19,515030.SH,新能源车,growth,0.03988979477237805,1.3084463949323897,11.487038234629267,38,constituent_weighted
2021-03-19,515790.SH,光伏,growth,0.005080089960316594,6.766714466634217,41.98012623527664,211,constituent_weighted
2021-03-19,512400.SH,有色,cyclical_value,0.00541193164083746,4.330054242311228,52.34456476016264,124,constituent_weighted
2021-03-19,515220.SH,煤炭,cyclical_value,0.041267239360048516,1.2608362611991535,11.246566780183676,35,constituent_weighted
2021-03-19,515210.SH,钢铁,cyclical_value,0.020865015982286825,1.5712797820690942,16.596196081504754,35,constituent_weighted
2021-03-19,561560.SH,电力,stable_value,0.02220512422225611,2.074649791029514,17.897942732656983,177,constituent_weighted
2021-04-30,512000.SH,证券,cyclical_value,0.011638382633633731,2.2438841286939475,19.134880189330183,47,constituent_weighted
2021-04-30,512800.SH,银行,stable_value,0.04335046943517037,0.95506896867308,6.508829267971973,38,constituent_weighted
2021-04-30,512200.SH,地产,cyclical_value,0.03912235776633093,1.4712914812752993,8.066606113360482,125,constituent_weighted
2021-04-30,159928.SZ,消费,stable_value,0.008737758755692045,14.691441862359202,49.73458859646276,112,constituent_weighted
2021-04-30,512010.SH,医药,growth,0.00580543697284076,12.338746751369538,39.56003877277633,315,constituent_weighted
2021-04-30,512480.SH,半导体,growth,0.0017918598103909868,13.06111824392958,67.81859079278496,45,constituent_weighted
2021-04-30,159995.SZ,芯片,growth,0.0013833846817209983,11.921540734458102,71.6445197674573,71,constituent_weighted
2021-04-30,159819.SZ,人工智能,growth,0.0044923306039857825,7.127908778640284,48.15790307050517,227,constituent_weighted
2021-04-30,512660.SH,军工,growth,0.0031645711208878216,4.296178077942143,55.52820458821353,77,constituent_weighted
2021-04-30,515030.SH,新能源车,growth,0.03790151742879087,1.2702030731498148,9.756167992628528,36,constituent_weighted
2021-04-30,515790.SH,光伏,growth,0.00518434814963806,7.380263969731212,36.95780438502717,212,constituent_weighted
2021-04-30,512400.SH,有色,cyclical_value,0.005512855721933164,4.56808037337173,34.32182964630471,124,constituent_weighted
2021-04-30,515220.SH,煤炭,cyclical_value,0.03911423537312107,1.2251490998583492,9.603286767327281,34,constituent_weighted
2021-04-30,515210.SH,钢铁,cyclical_value,0.01974760397280829,1.5804412681405693,11.74796925971748,35,constituent_weighted
2021-04-30,561560.SH,电力,stable_value,0.02348581187749143,2.0233789260011608,15.67942759215192,179,constituent_weighted
2021-05-28,512000.SH,证券,cyclical_value,0.010991804089809733,2.59809215599988,21.29787858632636,48,constituent_weighted
2021-05-28,512800.SH,银行,stable_value,0.041504881055357955,1.025151533805269,6.80404809957221,38,constituent_weighted
2021-05-28,512200.SH,地产,cyclical_value,0.03780935881191347,1.6103946128230342,8.282988379527895,128,constituent_weighted
2021-05-28,159928.SZ,消费,stable_value,0.008252959974687144,16.42317953742677,54.485536388306244,116,constituent_weighted
2021-05-28,512010.SH,医药,growth,0.005681828791490173,12.907066386217746,40.39866750422152,320,constituent_weighted
2021-05-28,512480.SH,半导体,growth,0.0019215662192008142,13.009869797903448,70.71307171887591,46,constituent_weighted
2021-05-28,159995.SZ,芯片,growth,0.0015039908476955723,12.02470917134605,74.16830901869264,71,constituent_weighted
2021-05-28,159819.SZ,人工智能,growth,0.004420943341646149,7.767346939852922,51.5268067302758,229,constituent_weighted
2021-05-28,512660.SH,军工,growth,0.0030548705467107456,4.954694814370306,62.05978189907079,77,constituent_weighted
2021-05-28,515030.SH,新能源车,growth,0.037336536637304824,1.3279032025695308,10.21685509719269,38,constituent_weighted
2021-05-28,515790.SH,光伏,growth,0.005026950938744315,7.880382006055454,38.40409791732371,212,constituent_weighted
2021-05-28,512400.SH,有色,cyclical_value,0.005205430329063075,4.92073116062702,36.29795621298436,126,constituent_weighted
2021-05-28,515220.SH,煤炭,cyclical_value,0.03854505904836584,1.2830073147431362,10.05006696278159,35,constituent_weighted
2021-05-28,515210.SH,钢铁,cyclical_value,0.018280321997326304,1.5941316392485714,11.55390359344272,35,constituent_weighted
2021-05-28,561560.SH,电力,stable_value,0.022545818984804584,2.0805936773043725,16.16094977418052,180,constituent_weighted
2021-06-25,512000.SH,证券,cyclical_value,0.011565824600076017,2.7185639479493977,21.18741016161573,48,constituent_weighted
2021-06-25,512800.SH,银行,stable_value,0.05596483116563073,0.9784123762363931,6.526547489138605,39,constituent_weighted
2021-06-25,512200.SH,地产,cyclical_value,0.035250627370162636,1.4773786680411336,7.786133733243558,128,constituent_weighted
2021-06-25,159928.SZ,消费,stable_value,0.0072512486578503324,16.99125336237639,51.73235726900903,118,constituent_weighted
2021-06-25,512010.SH,医药,growth,0.006521713341426235,14.05637753020699,40.29892669255314,319,constituent_weighted
2021-06-25,512480.SH,半导体,growth,0.0016308446407832299,15.488591091069043,85.14438848409132,46,constituent_weighted
2021-06-25,159995.SZ,芯片,growth,0.0013690000345681357,14.31671982659979,87.91586025431718,71,constituent_weighted
2021-06-25,159819.SZ,人工智能,growth,0.00424482378708559,7.546759273444341,52.713322645293744,231,constituent_weighted
2021-06-25,512660.SH,军工,growth,0.00343753295096214,5.459749346881438,64.71299812091893,77,constituent_weighted
2021-06-25,515030.SH,新能源车,growth,0.012829379576938419,1.4536691770714585,11.117988065999386,38,constituent_weighted
2021-06-25,515790.SH,光伏,growth,0.004793344115408944,9.78447113487093,45.42096294848731,212,constituent_weighted
2021-06-25,512400.SH,有色,cyclical_value,0.006851272109342997,5.120352657601831,36.1047809804505,124,constituent_weighted
2021-06-25,515220.SH,煤炭,cyclical_value,0.012841466059277598,1.4085583968481226,10.941540676121846,35,constituent_weighted
2021-06-25,515210.SH,钢铁,cyclical_value,0.025595581045716277,1.7627651492577272,11.644405298000132,35,constituent_weighted
2021-06-25,561560.SH,电力,stable_value,0.021395401440021996,2.091390273181763,16.51379608823698,184,constituent_weighted
2021-07-23,512000.SH,证券,cyclical_value,0.01356328008238679,2.724066942323146,20.608371261470005,48,constituent_weighted
2021-07-23,512800.SH,银行,stable_value,0.045013372911620025,0.9090079637232568,6.022728779044073,40,constituent_weighted
2021-07-23,512200.SH,地产,cyclical_value,0.030679587981692083,1.447830530900077,7.285742901156543,128,constituent_weighted
2021-07-23,159928.SZ,消费,stable_value,0.00979629734827335,16.712943089599815,47.91301306103587,118,constituent_weighted
2021-07-23,512010.SH,医药,growth,0.006829197334638968,13.163602105505104,38.13650785614103,320,constituent_weighted
2021-07-23,512480.SH,半导体,growth,0.0016886297378428115,19.243040668760656,95.74235415717835,46,constituent_weighted
2021-07-23,159995.SZ,芯片,growth,0.001417399653764872,17.046081398639245,98.94530889019484,73,constituent_weighted
2021-07-23,159819.SZ,人工智能,growth,0.004421167827962778,7.818399871617077,54.15169475416303,229,constituent_weighted
2021-07-23,512660.SH,军工,growth,0.00351893024492298,6.31094200821877,69.03192175719786,77,constituent_weighted
2021-07-23,515030.SH,新能源车,growth,0.051252946330576005,1.4655616433292036,10.421409338798998,38,constituent_weighted
2021-07-23,515790.SH,光伏,growth,0.004226066188975817,11.517245377826503,52.34731027450914,216,constituent_weighted
2021-07-23,512400.SH,有色,cyclical_value,0.005725510469123677,7.362923429990491,44.06125196674179,127,constituent_weighted
2021-07-23,515220.SH,煤炭,cyclical_value,0.05210466676456747,1.419050128395858,10.242005111448565,35,constituent_weighted
2021-07-23,515210.SH,钢铁,cyclical_value,0.024913663846556026,2.000224398816258,13.366950674310829,35,constituent_weighted
2021-07-23,561560.SH,电力,stable_value,0.025879536827229235,2.0834989523346454,15.681265125224304,188,constituent_weighted
2021-08-20,512000.SH,证券,cyclical_value,0.016911884738484536,2.5649376217840363,20.332957629690963,48,constituent_weighted
2021-08-20,512800.SH,银行,stable_value,0.04728429701333054,0.8867143129314914,5.865772978908158,40,constituent_weighted
2021-08-20,512200.SH,地产,cyclical_value,0.033610149020104674,1.4177743203942108,7.123091396324102,128,constituent_weighted
2021-08-20,159928.SZ,消费,stable_value,0.012532869127001169,12.714343245793179,39.18217251987935,118,constituent_weighted
2021-08-20,512010.SH,医药,growth,0.007708167585305592,10.147281407236257,33.38679724266332,323,constituent_weighted
2021-08-20,512480.SH,半导体,growth,0.0017287667303671527,18.774542940936108,88.12613365462788,46,constituent_weighted
2021-08-20,159995.SZ,芯片,growth,0.0014145921802038357,16.34638790404755,88.97302548860331,76,constituent_weighted
2021-08-20,159819.SZ,人工智能,growth,0.0044440138299876066,7.042433932440964,51.59403134021026,233,constituent_weighted
2021-08-20,512660.SH,军工,growth,0.0028827922530415464,6.552233555781997,71.41264346386008,77,constituent_weighted
2021-08-20,515030.SH,新能源车,growth,0.051721617076306174,1.551835285425482,10.176861725627012,38,constituent_weighted
2021-08-20,515790.SH,光伏,growth,0.004623296667602203,10.233602641486748,49.934601807395545,217,constituent_weighted
2021-08-20,512400.SH,有色,cyclical_value,0.005665987503858219,8.525864147905205,41.26227844856596,127,constituent_weighted
2021-08-20,515220.SH,煤炭,cyclical_value,0.052663207577989236,1.5017407698910508,10.0090275206073,35,constituent_weighted
2021-08-20,515210.SH,钢铁,cyclical_value,0.024123939657035836,2.1342933537040514,12.507680902335645,35,constituent_weighted
2021-08-20,561560.SH,电力,stable_value,0.024268797778967885,2.24332826726977,16.602745678545745,190,constituent_weighted
2021-09-30,512000.SH,证券,cyclical_value,0.015179443410426804,2.6801965800305765,20.145087555043688,48,constituent_weighted
2021-09-30,512800.SH,银行,stable_value,0.047556134544569625,0.8629033780674487,5.599074914838216,41,constituent_weighted
2021-09-30,512200.SH,地产,cyclical_value,0.03948809462071076,1.4532428265257749,7.455832166541569,127,constituent_weighted
2021-09-30,159928.SZ,消费,stable_value,0.01080294320385632,13.76326853734113,43.81730696301179,119,constituent_weighted
2021-09-30,512010.SH,医药,growth,0.0073784729878766655,10.865957393639,34.09419766165288,325,constituent_weighted
2021-09-30,512480.SH,半导体,growth,0.0018406228714412378,16.312280401202035,69.93835336728478,46,constituent_weighted
2021-09-30,159995.SZ,芯片,growth,0.0015173143150837164,14.358225651377392,73.93066178809727,78,constituent_weighted
2021-09-30,159819.SZ,人工智能,growth,0.00431877065353029,6.653725054121988,51.9234393230446,233,constituent_weighted
2021-09-30,512660.SH,军工,growth,0.00313670537411892,5.569529352510937,66.16972279982667,78,constituent_weighted
2021-09-30,515030.SH,新能源车,growth,0.03936140041106042,1.8822156685124716,11.877423122670972,38,constituent_weighted
2021-09-30,515790.SH,光伏,growth,0.004223418926468317,9.979144495650772,52.58615462987294,218,constituent_weighted
2021-09-30,512400.SH,有色,cyclical_value,0.005730839591833798,7.396359962093672,35.59921271188463,126,constituent_weighted
2021-09-30,515220.SH,煤炭,cyclical_value,0.03994190855025842,1.8293624600559617,11.72760331860949,35,constituent_weighted
2021-09-30,515210.SH,钢铁,cyclical_value,0.02409725639415441,1.9272780164333607,9.373939357900522,35,constituent_weighted
2021-09-30,561560.SH,电力,stable_value,0.01974590684871003,2.6797907026531056,20.512990220168728,191,constituent_weighted
2021-10-29,512000.SH,证券,cyclical_value,0.01572863808244967,2.439688813020818,19.024426794296875,48,constituent_weighted
2021-10-29,512800.SH,银行,stable_value,0.04646634574130432,0.8846070050799999,5.610025995458851,41,constituent_weighted
2021-10-29,512200.SH,地产,cyclical_value,0.04280457482173594,1.3674456055443858,7.067513510988295,128,constituent_weighted
2021-10-29,159928.SZ,消费,stable_value,0.010673574086837594,12.999615144135474,43.74998586267189,121,constituent_weighted
2021-10-29,512010.SH,医药,growth,0.007541920631699126,10.039148657026683,34.13889578881871,327,constituent_weighted
2021-10-29,512480.SH,半导体,growth,0.0018122211964087995,15.025298827908063,62.25945646229019,46,constituent_weighted
2021-10-29,159995.SZ,芯片,growth,0.001487311253345132,13.434941951098502,66.97557314782199,78,constituent_weighted
2021-10-29,159819.SZ,人工智能,growth,0.004308212603139922,6.830157438981811,52.832467005719764,234,constituent_weighted
2021-10-29,512660.SH,军工,growth,0.003073425822642515,5.973041043620517,68.93575920994437,78,constituent_weighted
2021-10-29,515030.SH,新能源车,growth,0.04682484910405934,1.5436747030442601,9.148896458239589,38,constituent_weighted
2021-10-29,515790.SH,光伏,growth,0.0037307529826885438,11.196912890660688,55.275581049179515,217,constituent_weighted
2021-10-29,512400.SH,有色,cyclical_value,0.005746375880394771,6.9626754902565295,29.741152838099005,128,constituent_weighted
2021-10-29,515220.SH,煤炭,cyclical_value,0.04752369018043336,1.4912075683300474,9.031460409763982,35,constituent_weighted
2021-10-29,515210.SH,钢铁,cyclical_value,0.03961695159110636,1.8761956339185684,7.808895559733513,35,constituent_weighted
2021-10-29,561560.SH,电力,stable_value,0.021539047970091988,2.4866840316456886,20.794693302636407,195,constituent_weighted
2021-11-26,512000.SH,证券,cyclical_value,0.01584747952647722,2.530716905270931,19.006570693601454,48,constituent_weighted
2021-11-26,512800.SH,银行,stable_value,0.04905913737123559,0.7879556652514533,5.27997877452708,40,constituent_weighted
2021-11-26,512200.SH,地产,cyclical_value,0.04125978110566552,1.4942061499117418,7.518037119028595,128,constituent_weighted
2021-11-26,159928.SZ,消费,stable_value,0.01018445258173669,13.190912878059073,45.08697703489176,121,constituent_weighted
2021-11-26,512010.SH,医药,growth,0.007334907738811975,9.95231208710798,35.29974457838337,330,constituent_weighted
2021-11-26,512480.SH,半导体,growth,0.0016953295347035438,13.382760127816177,64.25212723211754,46,constituent_weighted
2021-11-26,159995.SZ,芯片,growth,0.0013809751368653272,12.429906399541185,69.7500635658275,80,constituent_weighted
2021-11-26,159819.SZ,人工智能,growth,0.004078063309716381,6.738159196533083,55.871528861037795,236,constituent_weighted
2021-11-26,512660.SH,军工,growth,0.0028753764613241293,6.173508220173272,72.81554221787339,78,constituent_weighted
2021-11-26,515030.SH,新能源车,growth,0.048492036027657025,1.5716474788364725,8.488188698942142,38,constituent_weighted
2021-11-26,515790.SH,光伏,growth,0.003647670488362839,11.160387399455104,56.68212723424369,219,constituent_weighted
2021-11-26,512400.SH,有色,cyclical_value,0.005256963694971831,6.690842212712632,31.84036174613284,127,constituent_weighted
2021-11-26,515220.SH,煤炭,cyclical_value,0.049302679669951215,1.5176846304675213,8.360557380695072,35,constituent_weighted
2021-11-26,515210.SH,钢铁,cyclical_value,0.043320215345054425,2.1713788727540333,7.206286776198178,35,constituent_weighted
2021-11-26,561560.SH,电力,stable_value,0.022305642335902588,2.388739158951016,21.15627266823913,195,constituent_weighted
2021-12-24,512000.SH,证券,cyclical_value,0.014371163514082658,2.6945374646737728,19.700199005802705,48,constituent_weighted
2021-12-24,512800.SH,银行,stable_value,0.04753800103675752,0.8236467083154645,5.424120716468498,41,constituent_weighted
2021-12-24,512200.SH,地产,cyclical_value,0.038026869563533586,1.5785117767329238,8.098772735900587,126,constituent_weighted
2021-12-24,159928.SZ,消费,stable_value,0.009443958741950432,13.889290980874936,48.39719748502919,115,constituent_weighted
2021-12-24,512010.SH,医药,growth,0.007462578983986255,9.469646396508676,34.699262726026284,333,constituent_weighted
2021-12-24,512480.SH,半导体,growth,0.0018349849730963752,12.83904771905342,63.44785118305519,47,constituent_weighted
2021-12-24,159995.SZ,芯片,growth,0.0014375404276032611,11.902299292441816,67.98686608381176,84,constituent_weighted
2021-12-24,159819.SZ,人工智能,growth,0.005855712462929743,7.313605474526041,48.89092790727602,241,constituent_weighted
2021-12-24,512660.SH,军工,growth,0.002901573556771533,6.313713055611979,70.51460992444976,98,constituent_weighted
2021-12-24,515030.SH,新能源车,growth,0.04389365422519713,1.8096786968060177,9.377453709462806,37,constituent_weighted
2021-12-24,515790.SH,光伏,growth,0.0036086639359423646,9.985827602884918,52.77420771530597,242,constituent_weighted
2021-12-24,512400.SH,有色,cyclical_value,0.00557356643855488,5.4503325689481965,28.5680507886541,121,constituent_weighted
2021-12-24,515220.SH,煤炭,cyclical_value,0.04407665635737087,1.782169169935238,9.33673107602001,36,constituent_weighted
2021-12-24,515210.SH,钢铁,cyclical_value,0.040547260674708936,2.0991449987636965,7.923681993797722,43,constituent_weighted
2021-12-24,561560.SH,电力,stable_value,0.02125316127205952,2.507377623942945,25.9534708036791,120,constituent_weighted
2022-01-21,512000.SH,证券,cyclical_value,0.014475453905339638,2.564379095488972,19.755571268733565,47,constituent_weighted
2022-01-21,512800.SH,银行,stable_value,0.045797769479143526,0.851856379629837,5.571498245920651,41,constituent_weighted
2022-01-21,512200.SH,地产,cyclical_value,0.03657159356015498,1.4984306798650062,8.492779410837128,126,constituent_weighted
2022-01-21,159928.SZ,消费,stable_value,0.010360214756818148,12.608290769715786,44.11917673105738,115,constituent_weighted
2022-01-21,512010.SH,医药,growth,0.007938953174913723,8.069430570888137,32.68558611460363,336,constituent_weighted
2022-01-21,512480.SH,半导体,growth,0.002024301817003254,11.562173997490612,57.44610568370504,46,constituent_weighted
2022-01-21,159995.SZ,芯片,growth,0.0015763107455604528,10.582929720756443,61.61729582830863,88,constituent_weighted
2022-01-21,159819.SZ,人工智能,growth,0.005695308197796872,7.117688896555804,50.47797972695439,243,constituent_weighted
2022-01-21,512660.SH,军工,growth,0.0032891760732716453,5.2693954027925365,62.241867339796684,98,constituent_weighted
2022-01-21,515030.SH,新能源车,growth,0.0429229960879354,1.6732143051475747,9.577066511497046,37,constituent_weighted
2022-01-21,515790.SH,光伏,growth,0.0038391570844016802,9.751830377835285,49.511514733601956,242,constituent_weighted
2022-01-21,512400.SH,有色,cyclical_value,0.005770338511263265,4.9450082581005415,27.713568800186735,121,constituent_weighted
2022-01-21,515220.SH,煤炭,cyclical_value,0.043032328210581526,1.6493175021540734,9.550845253589868,36,constituent_weighted
2022-01-21,515210.SH,钢铁,cyclical_value,0.04035090714936257,1.9141978524335657,7.951636888241507,43,constituent_weighted
2022-01-21,561560.SH,电力,stable_value,0.023110517720425446,2.3310093510635257,23.99652392169643,120,constituent_weighted
2022-02-25,512000.SH,证券,cyclical_value,0.01594549256380095,2.0927701343541156,16.95142983995407,48,constituent_weighted
2022-02-25,512800.SH,银行,stable_value,0.04671167428614351,0.8054804680814862,5.458319522489927,42,constituent_weighted
2022-02-25,512200.SH,地产,cyclical_value,0.038151821441211355,1.4705084923499785,8.622205711587018,125,constituent_weighted
2022-02-25,159928.SZ,消费,stable_value,0.01115709270637896,11.667884312943178,40.95299518486034,116,constituent_weighted
2022-02-25,512010.SH,医药,growth,0.008155305883802174,7.794441073665201,31.37208469732314,341,constituent_weighted
2022-02-25,512480.SH,半导体,growth,0.002038438654483768,11.639044989845967,56.59461081712675,47,constituent_weighted
2022-02-25,159995.SZ,芯片,growth,0.0015839973745215,10.580550048025279,59.09994913402142,91,constituent_weighted
2022-02-25,159819.SZ,人工智能,growth,0.006288864189653714,6.057925132109391,45.73726962209256,245,constituent_weighted
2022-02-25,512660.SH,军工,growth,0.003238401277003353,5.394281384851494,63.03699672350583,98,constituent_weighted
2022-02-25,515030.SH,新能源车,growth,0.04145043902764166,1.747816283470874,9.574718850960547,37,constituent_weighted
2022-02-25,515790.SH,光伏,growth,0.0038771440603060626,9.450519300384332,47.82778366308029,242,constituent_weighted
2022-02-25,512400.SH,有色,cyclical_value,0.00526094225224031,5.812614701592695,30.367531629921505,122,constituent_weighted
2022-02-25,515220.SH,煤炭,cyclical_value,0.04134842252463102,1.7290834433750109,9.594920026699247,36,constituent_weighted
2022-02-25,515210.SH,钢铁,cyclical_value,0.03962316906366811,2.1583740586574858,8.063286473051912,43,constituent_weighted
2022-02-25,561560.SH,电力,stable_value,0.02289898407351522,2.3364444343542647,24.048028197375324,121,constituent_weighted
2022-03-25,512000.SH,证券,cyclical_value,0.017127483440530254,1.8339780929584906,15.346816813726342,48,constituent_weighted
2022-03-25,512800.SH,银行,stable_value,0.04828153148792421,0.7711088888577883,5.2903692714737005,42,constituent_weighted
2022-03-25,512200.SH,地产,cyclical_value,0.03708396709770076,1.4278316649014662,8.995854273303577,126,constituent_weighted
2022-03-25,159928.SZ,消费,stable_value,0.012447014537116259,10.40803088767714,36.367567357848664,116,constituent_weighted
2022-03-25,512010.SH,医药,growth,0.008278411489715457,7.464818283471365,30.40642535294486,342,constituent_weighted
2022-03-25,512480.SH,半导体,growth,0.00222633158852184,10.850687757535614,49.5593354885912,47,constituent_weighted
2022-03-25,159995.SZ,芯片,growth,0.0017389861517575036,9.859598437061601,51.9651827331958,91,constituent_weighted
2022-03-25,159819.SZ,人工智能,growth,0.007105975330984027,5.208111956942377,41.100254726055084,247,constituent_weighted
2022-03-25,512660.SH,军工,growth,0.003516391753520762,4.961781418890461,57.241108858372016,99,constituent_weighted
2022-03-25,515030.SH,新能源车,growth,0.037486280447742895,1.879580086202274,10.02796394876751,37,constituent_weighted
2022-03-25,515790.SH,光伏,growth,0.004143112216010262,8.913426754895879,42.93728411916821,244,constituent_weighted
2022-03-25,512400.SH,有色,cyclical_value,0.005558770367289667,4.999354391626389,26.288043958832578,124,constituent_weighted
2022-03-25,515220.SH,煤炭,cyclical_value,0.03740395906495365,1.864401793287377,10.041700882305433,36,constituent_weighted
2022-03-25,515210.SH,钢铁,cyclical_value,0.0441444779671564,1.854664248856236,7.489771473972676,43,constituent_weighted
2022-03-25,561560.SH,电力,stable_value,0.024775919375476345,2.1648952465291496,22.12841975552926,121,constituent_weighted
2022-04-22,512000.SH,证券,cyclical_value,0.017475669568122104,1.834215455870636,14.910955708590713,47,constituent_weighted
2022-04-22,512800.SH,银行,stable_value,0.04660855070826077,0.7681474177991608,5.402675407242497,42,constituent_weighted
2022-04-22,512200.SH,地产,cyclical_value,0.03791125054286804,1.3653566975917963,10.479838184850724,126,constituent_weighted
2022-04-22,159928.SZ,消费,stable_value,0.012027498280393045,10.421495493847873,37.35019751152317,116,constituent_weighted
2022-04-22,512010.SH,医药,growth,0.009064328399911658,6.649006965811774,26.934784194564827,345,constituent_weighted
2022-04-22,512480.SH,半导体,growth,0.0026726501714088783,8.755148920658025,37.97811087110716,47,constituent_weighted
2022-04-22,159995.SZ,芯片,growth,0.002097344453623268,7.855322450770495,41.10317705908626,98,constituent_weighted
2022-04-22,159819.SZ,人工智能,growth,0.008129637979873223,4.4246377434061,37.30330197915035,246,constituent_weighted
2022-04-22,512660.SH,军工,growth,0.004044082116573136,4.037928873382091,50.58867620100537,99,constituent_weighted
2022-04-22,515030.SH,新能源车,growth,0.03576844642090855,1.8254964749589044,9.854637052792807,36,constituent_weighted
2022-04-22,515790.SH,光伏,growth,0.005094525065747002,6.496548039509634,32.574889826616975,243,constituent_weighted
2022-04-22,512400.SH,有色,cyclical_value,0.006198966185196893,4.274856575783268,21.423843953045466,125,constituent_weighted
2022-04-22,515220.SH,煤炭,cyclical_value,0.03566295200122125,1.8115544016952432,9.846784275153505,35,constituent_weighted
2022-04-22,515210.SH,钢铁,cyclical_value,0.045001525594428424,1.6018918483255566,7.880520229692163,43,constituent_weighted
2022-04-22,561560.SH,电力,stable_value,0.024237558907273908,2.2125386916798844,23.34937285096782,120,constituent_weighted
2022-05-20,512000.SH,证券,cyclical_value,0.01782174348692872,1.803869285508118,15.917111345967625,48,constituent_weighted
2022-05-20,512800.SH,银行,stable_value,0.04851474286342963,0.69442566793624,5.028938763302266,42,constituent_weighted
2022-05-20,512200.SH,地产,cyclical_value,0.03849354598752964,1.4154573818870084,12.705339632194304,124,constituent_weighted
2022-05-20,159928.SZ,消费,stable_value,0.012204395534422829,9.392685935045154,35.462420310632865,115,constituent_weighted
2022-05-20,512010.SH,医药,growth,0.010671446426981136,6.526123539139447,25.231715032926292,337,constituent_weighted
2022-05-20,512480.SH,半导体,growth,0.002636238872873713,8.643189128529423,39.73901904972416,47,constituent_weighted
2022-05-20,159995.SZ,芯片,growth,0.0021816877088269835,7.888847966954498,42.242342987370414,99,constituent_weighted
2022-05-20,159819.SZ,人工智能,growth,0.00837689348010112,4.42433509160287,37.20057043383227,247,constituent_weighted
2022-05-20,512660.SH,军工,growth,0.004163588100501831,4.451693759323447,52.61087108808942,98,constituent_weighted
2022-05-20,515030.SH,新能源车,growth,0.03522215543382885,1.7610507282552887,9.00081695747753,35,constituent_weighted
2022-05-20,515790.SH,光伏,growth,0.004384470229849604,7.108806046157507,35.83378585409954,244,constituent_weighted
2022-05-20,512400.SH,有色,cyclical_value,0.006675890574462281,4.539327336999317,20.20969271110942,126,constituent_weighted
2022-05-20,515220.SH,煤炭,cyclical_value,0.03488008107893923,1.7619918574984896,9.03549452339627,36,constituent_weighted
2022-05-20,515210.SH,钢铁,cyclical_value,0.0454480921535086,1.84766766789254,8.46707324026357,43,constituent_weighted
2022-05-20,561560.SH,电力,stable_value,0.02398258505506648,2.1523745505451832,25.831070823301587,119,constituent_weighted
2022-06-17,512000.SH,证券,cyclical_value,0.015355569035470073,1.991154700786584,17.488510779832204,47,constituent_weighted
2022-06-17,512800.SH,银行,stable_value,0.03825332659132427,0.6991639294231056,5.057589425199857,42,constituent_weighted
2022-06-17,512200.SH,地产,cyclical_value,0.0382659640741634,1.3647261394495802,11.929255617791005,124,constituent_weighted
2022-06-17,159928.SZ,消费,stable_value,0.011423532727507783,10.551532174328322,38.40687389242348,116,constituent_weighted
2022-06-17,512010.SH,医药,growth,0.010613648891862285,7.11639383375218,26.444215271520402,340,constituent_weighted
2022-06-17,512480.SH,半导体,growth,0.0028788398978972615,8.346792890992633,39.5455903119385,47,constituent_weighted
2022-06-17,159995.SZ,芯片,growth,0.0023787756128787283,7.6762037445036375,42.326559516948286,101,constituent_weighted
2022-06-17,159819.SZ,人工智能,growth,0.008172299183208965,5.115819381876408,40.09259242130567,247,constituent_weighted
2022-06-17,512660.SH,军工,growth,0.004760909815238023,4.804750235229341,55.741695924422096,99,constituent_weighted
2022-06-17,515030.SH,新能源车,growth,0.03551939607909052,1.9299899377087975,9.586710456651895,35,constituent_weighted
2022-06-17,515790.SH,光伏,growth,0.004939261041692838,8.16657515962791,40.37395791977549,247,constituent_weighted
2022-06-17,512400.SH,有色,cyclical_value,0.009071069824883211,5.646228701008937,22.8583578721043,126,constituent_weighted
2022-06-17,515220.SH,煤炭,cyclical_value,0.035386679593857155,1.9305586444349063,9.617603688439159,36,constituent_weighted
2022-06-17,515210.SH,钢铁,cyclical_value,0.05216822757465066,2.0789341894477604,8.70795633558319,44,constituent_weighted
2022-06-17,561560.SH,电力,stable_value,0.023551853410162776,2.266202761683616,26.69437550019967,121,constituent_weighted
2022-07-29,512000.SH,证券,cyclical_value,0.02095133321737793,1.854290613478952,16.358594853751104,48,constituent_weighted
2022-07-29,512800.SH,银行,stable_value,0.058485054804485584,0.660287054953502,4.673235619641086,42,constituent_weighted
2022-07-29,512200.SH,地产,cyclical_value,0.03039272957152066,1.3258237808506843,11.607013450440965,114,constituent_weighted
2022-07-29,159928.SZ,消费,stable_value,0.012967601549790533,11.269031112512883,37.70444293399867,115,constituent_weighted
2022-07-29,512010.SH,医药,growth,0.010551273004678171,6.6199573475513205,25.333552046801692,341,constituent_weighted
2022-07-29,512480.SH,半导体,growth,0.0033503209477043464,8.43813906507886,39.110568248662176,43,constituent_weighted
2022-07-29,159995.SZ,芯片,growth,0.002770390793761644,7.569178020441679,41.66284287912059,105,constituent_weighted
2022-07-29,159819.SZ,人工智能,growth,0.008103049733857932,5.412492067875669,40.38762019747387,249,constituent_weighted
2022-07-29,512660.SH,军工,growth,0.004342024076838801,5.182694460699415,58.78374196873567,95,constituent_weighted
2022-07-29,515030.SH,新能源车,growth,0.06313271225661839,1.9609444789423072,8.630581060766787,36,constituent_weighted
2022-07-29,515790.SH,光伏,growth,0.00483591686948285,7.644058147612855,42.97545254293726,238,constituent_weighted
2022-07-29,512400.SH,有色,cyclical_value,0.008975043923125507,4.891124665275591,21.761684197390966,119,constituent_weighted
2022-07-29,515220.SH,煤炭,cyclical_value,0.06318912878253087,1.927945399283057,8.595534621403434,36,constituent_weighted
2022-07-29,515210.SH,钢铁,cyclical_value,0.054196365504117,2.204554458509879,8.295020955989347,43,constituent_weighted
2022-07-29,561560.SH,电力,stable_value,0.020376911918699916,2.426014532644399,27.297723917190048,116,constituent_weighted
2022-08-26,512000.SH,证券,cyclical_value,0.021581495337208823,1.8495840714736984,16.679202524843713,48,constituent_weighted
2022-08-26,512800.SH,银行,stable_value,0.05937157153644849,0.6273485010867524,4.581608608656047,42,constituent_weighted
2022-08-26,512200.SH,地产,cyclical_value,0.02570850155174577,1.334784942161378,11.595422264281638,115,constituent_weighted
2022-08-26,159928.SZ,消费,stable_value,0.013185163680919817,10.657591712209555,37.17351897430785,117,constituent_weighted
2022-08-26,512010.SH,医药,growth,0.01088149589235015,6.096582803059087,24.642000840830665,352,constituent_weighted
2022-08-26,512480.SH,半导体,growth,0.003696332800182079,7.809671183548901,38.77040042046904,46,constituent_weighted
2022-08-26,159995.SZ,芯片,growth,0.003275987913249249,7.343622803874638,41.26243769679683,111,constituent_weighted
2022-08-26,159819.SZ,人工智能,growth,0.008713236409653206,4.881147657766906,39.86145344824895,261,constituent_weighted
2022-08-26,512660.SH,军工,growth,0.00446311663646398,4.960007301397611,57.189143051988886,99,constituent_weighted
2022-08-26,515030.SH,新能源车,growth,0.053674719919525306,2.2797570573886845,9.420428821772699,38,constituent_weighted
2022-08-26,515790.SH,光伏,growth,0.0046885201461818815,7.20678300994969,39.220248766418415,256,constituent_weighted
2022-08-26,512400.SH,有色,cyclical_value,0.008924492885182177,4.713300593804268,19.632071182216645,128,constituent_weighted
2022-08-26,515220.SH,煤炭,cyclical_value,0.0542358430469891,2.2406803419936563,9.30142519779053,36,constituent_weighted
2022-08-26,515210.SH,钢铁,cyclical_value,0.05814077992575499,1.9223733749466902,9.060311200845485,44,constituent_weighted
2022-08-26,561560.SH,电力,stable_value,0.01864934515053246,2.4640082719618155,28.493304041576565,120,constituent_weighted
2022-09-23,512000.SH,证券,cyclical_value,0.023047665780862172,1.6040861400723267,16.022360810931914,48,constituent_weighted
2022-09-23,512800.SH,银行,stable_value,0.05853603965914707,0.6333981025059595,4.612606006211712,42,constituent_weighted
2022-09-23,512200.SH,地产,cyclical_value,0.025203972226712067,1.342101472067559,12.99455641337257,115,constituent_weighted
2022-09-23,159928.SZ,消费,stable_value,0.014003524172580438,10.210320675243675,35.232804150181494,118,constituent_weighted
2022-09-23,512010.SH,医药,growth,0.012164854873026005,5.315721495381967,22.265044980714244,351,constituent_weighted
2022-09-23,512480.SH,半导体,growth,0.0039892764353078435,7.16116456461841,34.233799196326956,46,constituent_weighted
2022-09-23,159995.SZ,芯片,growth,0.0035004532756820533,6.808861009600652,37.79679510550506,114,constituent_weighted
2022-09-23,159819.SZ,人工智能,growth,0.009278741047119935,4.619856410273734,37.99828863345713,265,constituent_weighted
2022-09-23,512660.SH,军工,growth,0.004369995914950994,5.203964561640211,57.320268937137335,99,constituent_weighted
2022-09-23,515030.SH,新能源车,growth,0.05412204363870517,2.0381205397961617,7.9817846833300505,38,constituent_weighted
2022-09-23,515790.SH,光伏,growth,0.005427329571741403,6.253044508957654,33.24722670290134,260,constituent_weighted
2022-09-23,512400.SH,有色,cyclical_value,0.009821903414031361,4.292763905282433,17.24355625062012,128,constituent_weighted
2022-09-23,515220.SH,煤炭,cyclical_value,0.054672131640982495,2.0004346820060888,7.881985225712741,36,constituent_weighted
2022-09-23,515210.SH,钢铁,cyclical_value,0.05953153263019494,1.6502430947699191,10.852596787745872,44,constituent_weighted
2022-09-23,561560.SH,电力,stable_value,0.01954142836935832,2.252864379425498,25.22315548854675,122,constituent_weighted
2022-10-28,512000.SH,证券,cyclical_value,0.024367904745084264,1.457748664709475,15.375127122260203,48,constituent_weighted
2022-10-28,512800.SH,银行,stable_value,0.06324044762939508,0.5553056047210572,4.244466243872975,42,constituent_weighted
2022-10-28,512200.SH,地产,cyclical_value,0.02917218135560046,1.1931272868782299,11.469964258437066,115,constituent_weighted
2022-10-28,159928.SZ,消费,stable_value,0.017913020062512237,7.275060812476185,27.474422309889338,119,constituent_weighted
2022-10-28,512010.SH,医药,growth,0.011014124268330873,5.474336492213254,24.33900857655162,354,constituent_weighted
2022-10-28,512480.SH,半导体,growth,0.004082458220240103,7.038058100997585,34.63503282930863,47,constituent_weighted
2022-10-28,159995.SZ,芯片,growth,0.003664178442970092,6.75648717031882,38.24358012975274,118,constituent_weighted
2022-10-28,159819.SZ,人工智能,growth,0.008639526319262365,4.932752128949804,41.20662316338097,265,constituent_weighted
2022-10-28,512660.SH,军工,growth,0.004242246255139721,5.184734701112886,56.98039897173073,99,constituent_weighted
2022-10-28,515030.SH,新能源车,growth,0.06063372570642053,1.795171304029671,6.977234437794387,38,constituent_weighted
2022-10-28,515790.SH,光伏,growth,0.005883275393016666,5.553507830508213,28.744794510712346,260,constituent_weighted
2022-10-28,512400.SH,有色,cyclical_value,0.010967298261471897,3.525005184338295,14.77371333178479,128,constituent_weighted
2022-10-28,515220.SH,煤炭,cyclical_value,0.06121951576055146,1.7625938662370289,6.8934605809159955,36,constituent_weighted
2022-10-28,515210.SH,钢铁,cyclical_value,0.0585801419920392,1.523666213452994,12.08456668523202,44,constituent_weighted
2022-10-28,561560.SH,电力,stable_value,0.02117846466129861,2.0376004964084444,22.36216076133554,122,constituent_weighted
2022-11-25,512000.SH,证券,cyclical_value,0.02223980475370027,1.594195693679568,18.75487910331181,48,constituent_weighted
2022-11-25,512800.SH,银行,stable_value,0.05898093620603102,0.5978136675158836,4.479032069782117,42,constituent_weighted
2022-11-25,512200.SH,地产,cyclical_value,0.025037210005954717,1.401881683255742,13.868719509414813,115,constituent_weighted
2022-11-25,159928.SZ,消费,stable_value,0.016274267919925704,8.028622068195775,30.302010133118827,119,constituent_weighted
2022-11-25,512010.SH,医药,growth,0.010324177898155654,5.688558278759011,25.843896141588598,358,constituent_weighted
2022-11-25,512480.SH,半导体,growth,0.003926136339249068,6.5779469219273485,37.4793696054988,47,constituent_weighted
2022-11-25,159995.SZ,芯片,growth,0.0034773254048643502,6.460107633083145,41.868295489127284,121,constituent_weighted
2022-11-25,159819.SZ,人工智能,growth,0.008266296311740702,5.092046711293616,45.5031485582634,267,constituent_weighted
2022-11-25,512660.SH,军工,growth,0.004382951227386063,4.856572975140124,54.068454036569506,99,constituent_weighted
2022-11-25,515030.SH,新能源车,growth,0.05985669107344349,1.6955585531562143,6.9443794707183475,38,constituent_weighted
2022-11-25,515790.SH,光伏,growth,0.005925646319773079,5.398895046334912,28.079605917218217,264,constituent_weighted
2022-11-25,512400.SH,有色,cyclical_value,0.010261776404609808,3.596693796798643,15.543062768860803,127,constituent_weighted
2022-11-25,515220.SH,煤炭,cyclical_value,0.06042169289366977,1.6680806473599015,6.858461117205281,36,constituent_weighted
2022-11-25,515210.SH,钢铁,cyclical_value,0.048696065149663285,1.6266280743210253,15.95512495038368,44,constituent_weighted
2022-11-25,561560.SH,电力,stable_value,0.019882736159828978,2.15566705335945,24.751274626859765,122,constituent_weighted
2022-12-23,512000.SH,证券,cyclical_value,0.02263479127418434,1.5965821334169894,18.39341875763486,49,constituent_weighted
2022-12-23,512800.SH,银行,stable_value,0.05812474117989594,0.6135508943399216,4.508027135119346,42,constituent_weighted
2022-12-23,512200.SH,地产,cyclical_value,0.025599865198610957,1.3889563293163771,13.65291696097193,115,constituent_weighted
2022-12-23,159928.SZ,消费,stable_value,0.013958251520978196,9.4255913578753,35.33049294696251,119,constituent_weighted
2022-12-23,512010.SH,医药,growth,0.010675000003062379,5.737156461564716,25.269686592761563,358,constituent_weighted
2022-12-23,512480.SH,半导体,growth,0.00415284775980627,5.991599414904325,35.27482507379843,47,constituent_weighted
2022-12-23,159995.SZ,芯片,growth,0.0036672945593927107,5.868653539993863,39.47157602155761,124,constituent_weighted
2022-12-23,159819.SZ,人工智能,growth,0.008407630714714343,5.022235164392485,44.7246694542225,267,constituent_weighted
2022-12-23,512660.SH,军工,growth,0.0049533858646893135,4.387652863448796,49.438042073106296,99,constituent_weighted
2022-12-23,515030.SH,新能源车,growth,0.06577100056850384,1.5211599610283248,6.313908292772098,38,constituent_weighted
2022-12-23,515790.SH,光伏,growth,0.006273039058372164,4.966500179520923,26.267756024578418,264,constituent_weighted
2022-12-23,512400.SH,有色,cyclical_value,0.010296016779583942,3.334925683370037,14.739942589636788,127,constituent_weighted
2022-12-23,515220.SH,煤炭,cyclical_value,0.06631003605925735,1.5084760903935237,6.243514407053811,36,constituent_weighted
2022-12-23,515210.SH,钢铁,cyclical_value,0.050263788347431115,1.493200028407246,15.23254320819838,44,constituent_weighted
2022-12-23,561560.SH,电力,stable_value,0.021560431674382544,1.967485169464614,22.670984971248817,123,constituent_weighted
2023-01-20,512000.SH,证券,cyclical_value,0.020906622077003365,1.849944045773013,20.688007106563436,49,constituent_weighted
2023-01-20,512800.SH,银行,stable_value,0.05537199472624554,0.6568255586874366,4.7078286021826745,42,constituent_weighted
2023-01-20,512200.SH,地产,cyclical_value,0.025500326242790076,1.405464272117876,14.978393852999886,115,constituent_weighted
2023-01-20,159928.SZ,消费,stable_value,0.017666216020234816,10.514366006575779,37.200613479337335,119,constituent_weighted
2023-01-20,512010.SH,医药,growth,0.00985990424557438,6.330538663165074,27.285276679931485,360,constituent_weighted
2023-01-20,512480.SH,半导体,growth,0.0036821852016430123,6.655435330823156,39.76089585627442,48,constituent_weighted
2023-01-20,159995.SZ,芯片,growth,0.0032305098102924723,6.475769968863895,44.92993999550619,126,constituent_weighted
2023-01-20,159819.SZ,人工智能,growth,0.007331635589592127,5.999912052310167,50.980683426864076,267,constituent_weighted
2023-01-20,512660.SH,军工,growth,0.004590502850626751,4.69407353662568,53.635892040402865,96,constituent_weighted
2023-01-20,515030.SH,新能源车,growth,0.06177639922678431,1.5965138392638945,6.740751949809675,38,constituent_weighted
2023-01-20,515790.SH,光伏,growth,0.00547001813926264,5.715380298274166,29.942556410686816,265,constituent_weighted
2023-01-20,512400.SH,有色,cyclical_value,0.009335379424538472,3.739152774210143,16.722526246220056,128,constituent_weighted
2023-01-20,515220.SH,煤炭,cyclical_value,0.06212560727357157,1.5968950725607485,6.682298025935857,36,constituent_weighted
2023-01-20,515210.SH,钢铁,cyclical_value,0.047345823548506104,1.6039087571895472,16.206680291365924,44,constituent_weighted
2023-01-20,561560.SH,电力,stable_value,0.020321968863896936,2.0932571721101025,23.71512582037674,123,constituent_weighted
2023-02-24,512000.SH,证券,cyclical_value,0.021564770135341225,1.7601131368880782,20.202390292626728,50,constituent_weighted
2023-02-24,512800.SH,银行,stable_value,0.05712231219510338,0.6175725271093851,4.550031341247095,42,constituent_weighted
2023-02-24,512200.SH,地产,cyclical_value,0.025874751152716473,1.3968194954801423,14.761603627147,115,constituent_weighted
2023-02-24,159928.SZ,消费,stable_value,0.017878888863517364,10.242104414407189,36.72120244368503,119,constituent_weighted
2023-02-24,512010.SH,医药,growth,0.010123281854825106,5.860732520889512,26.56103346014168,359,constituent_weighted
2023-02-24,512480.SH,半导体,growth,0.003927594122891563,6.215338323855152,38.53425060195191,48,constituent_weighted
2023-02-24,159995.SZ,芯片,growth,0.0033827536354059935,6.147432433604387,44.49237952756002,128,constituent_weighted
2023-02-24,159819.SZ,人工智能,growth,0.0069452852699396035,5.702833776201201,55.324820703750326,267,constituent_weighted
2023-02-24,512660.SH,军工,growth,0.004192174179813027,5.094898201745655,57.95061780350511,98,constituent_weighted
2023-02-24,515030.SH,新能源车,growth,0.06129099530642936,1.6146442880987164,6.804204806829492,38,constituent_weighted
2023-02-24,515790.SH,光伏,growth,0.005700733354194687,5.209980063613541,28.65737797632761,266,constituent_weighted
2023-02-24,512400.SH,有色,cyclical_value,0.009367850879643874,3.655485085694716,16.6225557048975,128,constituent_weighted
2023-02-24,515220.SH,煤炭,cyclical_value,0.06174809512466136,1.6086976290001924,6.733105578757895,36,constituent_weighted
2023-02-24,515210.SH,钢铁,cyclical_value,0.044106739762110096,1.7001502011621483,17.347573016909134,44,constituent_weighted
2023-02-24,561560.SH,电力,stable_value,0.019797554954127317,2.0996695396153715,25.383412740762317,123,constituent_weighted
2023-03-24,512000.SH,证券,cyclical_value,0.021791692269397048,1.697282772099195,19.95033643801814,50,constituent_weighted
2023-03-24,512800.SH,银行,stable_value,0.056441125691633884,0.6006173465848469,4.605603461148522,42,constituent_weighted
2023-03-24,512200.SH,地产,cyclical_value,0.026883232237676667,1.3614266305214278,14.777420830879969,115,constituent_weighted
2023-03-24,159928.SZ,消费,stable_value,0.018373459806448965,9.991576417066053,35.943121629366715,119,constituent_weighted
2023-03-24,512010.SH,医药,growth,0.010489697242116774,5.573319647376645,25.559695295236804,361,constituent_weighted
2023-03-24,512480.SH,半导体,growth,0.003786738849562047,6.494005995544873,41.57980625237761,48,constituent_weighted
2023-03-24,159995.SZ,芯片,growth,0.003073926310928678,6.582323036148069,49.544422596916746,129,constituent_weighted
2023-03-24,159819.SZ,人工智能,growth,0.005995857136207828,6.222031224638151,61.94862295278603,268,constituent_weighted
2023-03-24,512660.SH,军工,growth,0.004161365406761109,5.014363201708674,58.53615708254013,98,constituent_weighted
2023-03-24,515030.SH,新能源车,growth,0.06387039120144693,1.511983816262389,6.509863399987353,38,constituent_weighted
2023-03-24,515790.SH,光伏,growth,0.006019627036754568,4.602507454732585,25.859385803613872,268,constituent_weighted
2023-03-24,512400.SH,有色,cyclical_value,0.00963714218355686,3.3756815907849873,15.444126874801494,128,constituent_weighted
2023-03-24,515220.SH,煤炭,cyclical_value,0.06429743422101111,1.5090333716438467,6.4467724897085334,36,constituent_weighted
2023-03-24,515210.SH,钢铁,cyclical_value,0.04697971416264045,1.4873394672600302,16.621154062038915,45,constituent_weighted
2023-03-24,561560.SH,电力,stable_value,0.0195661695097171,2.063948833956632,25.044972933682434,123,constituent_weighted
2023-04-21,512000.SH,证券,cyclical_value,0.021877506907515613,1.6726532710430257,20.695173911807906,50,constituent_weighted
2023-04-21,512800.SH,银行,stable_value,0.05415037595672675,0.6090025139890464,4.76604244352418,42,constituent_weighted
2023-04-21,512200.SH,地产,cyclical_value,0.027338026539862757,1.2750910478318684,15.614303558341154,115,constituent_weighted
2023-04-21,159928.SZ,消费,stable_value,0.019323130897181545,9.005787007780025,33.377301093825444,120,constituent_weighted
2023-04-21,512010.SH,医药,growth,0.010238067765876633,5.449261342981433,25.79288153546015,364,constituent_weighted
2023-04-21,512480.SH,半导体,growth,0.003763982669801892,6.499389039677953,49.79064153376092,48,constituent_weighted
2023-04-21,159995.SZ,芯片,growth,0.0028125890639117187,6.843826814029374,59.26712691673853,133,constituent_weighted
2023-04-21,159819.SZ,人工智能,growth,0.0062037697219231545,5.921147596699393,63.48145152374457,269,constituent_weighted
2023-04-21,512660.SH,军工,growth,0.00411627072640887,4.560720110867341,57.07358869889246,98,constituent_weighted
2023-04-21,515030.SH,新能源车,growth,0.06256740582091225,1.518158585756755,6.649522524374368,40,constituent_weighted
2023-04-21,515790.SH,光伏,growth,0.006124955146389157,4.3462194155592435,23.78752192548562,269,constituent_weighted
2023-04-21,512400.SH,有色,cyclical_value,0.010923263440261614,3.3076488317312878,15.214110941554337,129,constituent_weighted
2023-04-21,515220.SH,煤炭,cyclical_value,0.06316016502886654,1.5202981535583378,6.587595805081992,37,constituent_weighted
2023-04-21,515210.SH,钢铁,cyclical_value,0.04761575750752834,1.4213819892399913,18.284007278274462,45,constituent_weighted
2023-04-21,561560.SH,电力,stable_value,0.019482289237099423,2.0557897991268907,24.103225836870546,122,constituent_weighted
2023-05-19,512000.SH,证券,cyclical_value,0.0209764692969651,1.6259282244883637,19.416207306335092,50,constituent_weighted
2023-05-19,512800.SH,银行,stable_value,0.05144374620121387,0.6113923812304474,5.019848282915709,42,constituent_weighted
2023-05-19,512200.SH,地产,cyclical_value,0.030917035611785555,1.2120233487099799,15.807861023779694,113,constituent_weighted
2023-05-19,159928.SZ,消费,stable_value,0.018901241287106657,7.728157520980735,30.387257605909948,120,constituent_weighted
2023-05-19,512010.SH,医药,growth,0.008979737421556559,5.410235645954154,29.341141136186696,361,constituent_weighted
2023-05-19,512480.SH,半导体,growth,0.003931428755447798,5.7409858891610765,57.42504712617744,48,constituent_weighted
2023-05-19,159995.SZ,芯片,growth,0.002822500923204849,6.022112565427033,65.47863440559962,138,constituent_weighted
2023-05-19,159819.SZ,人工智能,growth,0.008789740869461365,5.714968350449586,62.293388159676425,264,constituent_weighted
2023-05-19,512660.SH,军工,growth,0.0048489779826154464,5.143452914198921,60.62822696569665,99,constituent_weighted
2023-05-19,515030.SH,新能源车,growth,0.06428593415617397,1.4758381795019992,6.756802148617005,38,constituent_weighted
2023-05-19,515790.SH,光伏,growth,0.007832048808353972,4.257505438171574,22.46296070075414,268,constituent_weighted
2023-05-19,512400.SH,有色,cyclical_value,0.014265764703284268,2.964901086655341,14.835031825859943,129,constituent_weighted
2023-05-19,515220.SH,煤炭,cyclical_value,0.06441222117707253,1.4788749913473456,6.721868525116094,37,constituent_weighted
2023-05-19,515210.SH,钢铁,cyclical_value,0.0496403617637053,1.3738624787573135,21.570059850189157,45,constituent_weighted
2023-05-19,561560.SH,电力,stable_value,0.018125523171858733,2.085572422387769,24.295136039183546,124,constituent_weighted
2023-06-30,512000.SH,证券,cyclical_value,0.02280865641576081,1.522445377661282,18.48981053068105,50,constituent_weighted
2023-06-30,512800.SH,银行,stable_value,0.05419732418190872,0.5855018572016316,4.784126413399926,42,constituent_weighted
2023-06-30,512200.SH,地产,cyclical_value,0.033576893862964884,1.1921355760963703,15.221821283299816,107,constituent_weighted
2023-06-30,159928.SZ,消费,stable_value,0.022810341526163083,8.54665595500273,29.063009743634566,120,constituent_weighted
2023-06-30,512010.SH,医药,growth,0.012220654434710227,5.323193865514515,27.67401781153415,360,constituent_weighted
2023-06-30,512480.SH,半导体,growth,0.004197356633798992,5.649962885157423,55.970779452567854,48,constituent_weighted
2023-06-30,159995.SZ,芯片,growth,0.003043544654596014,5.977642411303126,64.30317158174103,142,constituent_weighted
2023-06-30,159819.SZ,人工智能,growth,0.006096155736502535,6.230441533120798,64.398672657531,268,constituent_weighted
2023-06-30,512660.SH,军工,growth,0.0045937527241754995,5.6195250864628505,62.23995383494368,98,constituent_weighted
2023-06-30,515030.SH,新能源车,growth,0.07808751591570454,1.408751327152306,6.280748343808123,38,constituent_weighted
2023-06-30,515790.SH,光伏,growth,0.009619828210748659,4.303755258490614,22.520234569338122,269,constituent_weighted
2023-06-30,512400.SH,有色,cyclical_value,0.0163909426308212,2.879869612870606,14.418054111966663,130,constituent_weighted
2023-06-30,515220.SH,煤炭,cyclical_value,0.07827083962659774,1.4117620503684127,6.248193979409146,37,constituent_weighted
2023-06-30,515210.SH,钢铁,cyclical_value,0.027495696432515905,1.3269465149443667,20.860599973428908,45,constituent_weighted
2023-06-30,561560.SH,电力,stable_value,0.01916619809172838,2.08814929147638,24.218188326497515,123,constituent_weighted
2023-07-28,512000.SH,证券,cyclical_value,0.016320107522150754,1.7159167784199973,21.176113508933366,50,constituent_weighted
2023-07-28,512800.SH,银行,stable_value,0.05628835126262306,0.6291952817461401,4.93720691814371,42,constituent_weighted
2023-07-28,512200.SH,地产,cyclical_value,0.02189731731077698,1.3463656738263725,17.01841501815285,109,constituent_weighted
2023-07-28,159928.SZ,消费,stable_value,0.02083192538516204,9.542601422578759,31.90655631800655,121,constituent_weighted
2023-07-28,512010.SH,医药,growth,0.012456352755775519,5.5204665025153705,27.907545534116537,363,constituent_weighted
2023-07-28,512480.SH,半导体,growth,0.003680012953869157,5.506810599920813,55.51034120426681,48,constituent_weighted
2023-07-28,159995.SZ,芯片,growth,0.002876223841476338,5.632157432909155,62.64354053991501,141,constituent_weighted
2023-07-28,159819.SZ,人工智能,growth,0.005948932711675236,6.103761976496644,60.70521930607978,266,constituent_weighted
2023-07-28,512660.SH,军工,growth,0.004549696118907132,4.471139083600084,59.349646725485144,100,constituent_weighted
2023-07-28,515030.SH,新能源车,growth,0.0931663310306309,1.4939855950355703,6.056912817158129,38,constituent_weighted
2023-07-28,515790.SH,光伏,growth,0.011395078057821214,4.231844143023515,21.45471388238568,283,constituent_weighted
2023-07-28,512400.SH,有色,cyclical_value,0.018085858694873683,2.9726723022166124,14.70115144016867,129,constituent_weighted
2023-07-28,515220.SH,煤炭,cyclical_value,0.0936184030780236,1.4974431374942454,6.022550245910018,37,constituent_weighted
2023-07-28,515210.SH,钢铁,cyclical_value,0.02313795951150241,1.3627060934015727,22.30588820246211,44,constituent_weighted
2023-07-28,561560.SH,电力,stable_value,0.02103989044586209,2.086913390225405,23.25172449964057,126,constituent_weighted
2023-08-25,512000.SH,证券,cyclical_value,0.01673299988468776,1.7221245503165508,21.189992913121497,50,constituent_weighted
2023-08-25,512800.SH,银行,stable_value,0.05868680699071866,0.5925708996445035,4.711978622684928,42,constituent_weighted
2023-08-25,512200.SH,地产,cyclical_value,0.018732114999123528,1.357037804645607,15.914634593103752,109,constituent_weighted
2023-08-25,159928.SZ,消费,stable_value,0.022218475580091063,8.600116574611883,29.40695826883844,121,constituent_weighted
2023-08-25,512010.SH,医药,growth,0.013711566837324737,4.820714553700825,25.51487978117258,365,constituent_weighted
2023-08-25,512480.SH,半导体,growth,0.0035029862765458466,4.891808287623709,52.708705639549464,50,constituent_weighted
2023-08-25,159995.SZ,芯片,growth,0.0028336638113844867,5.038112827696173,60.383234092992545,146,constituent_weighted
2023-08-25,159819.SZ,人工智能,growth,0.00621589308163609,5.515411474091625,56.835432895542674,267,constituent_weighted
2023-08-25,512660.SH,军工,growth,0.004772033491727707,4.057151059058983,53.80488663686644,101,constituent_weighted
2023-08-25,515030.SH,新能源车,growth,0.09476717812325833,1.4346224830277774,6.048769005695464,38,constituent_weighted
2023-08-25,515790.SH,光伏,growth,0.012412005888547831,3.8384986236491896,19.386925655134842,286,constituent_weighted
2023-08-25,512400.SH,有色,cyclical_value,0.018620438156718343,2.744322418838974,14.221989570060591,129,constituent_weighted
2023-08-25,515220.SH,煤炭,cyclical_value,0.0952003037432018,1.4379933903960234,6.016029672997744,37,constituent_weighted
2023-08-25,515210.SH,钢铁,cyclical_value,0.024594396191357174,1.2103890177425123,20.713572040368188,44,constituent_weighted
2023-08-25,561560.SH,电力,stable_value,0.022494707997205095,2.052272571194772,22.532499335697732,126,constituent_weighted
2023-09-22,512000.SH,证券,cyclical_value,0.014701615732904688,1.6348029883428286,21.462536789717145,50,constituent_weighted
2023-09-22,512800.SH,银行,stable_value,0.05741667210750477,0.590657912556314,4.781639098401519,42,constituent_weighted
2023-09-22,512200.SH,地产,cyclical_value,0.019427433081514914,1.3194216254514572,15.798746628349711,109,constituent_weighted
2023-09-22,159928.SZ,消费,stable_value,0.022431109403382152,8.725052755770248,29.350644848908118,121,constituent_weighted
2023-09-22,512010.SH,医药,growth,0.013114059333316882,5.0645617136756975,27.12995040879409,366,constituent_weighted
2023-09-22,512480.SH,半导体,growth,0.003389942567170474,4.907744540701124,59.780232889186586,50,constituent_weighted
2023-09-22,159995.SZ,芯片,growth,0.0027409189266361105,5.0843458758532485,68.58696351384715,147,constituent_weighted
2023-09-22,159819.SZ,人工智能,growth,0.006127042909365431,5.440066338926512,57.88319860981573,267,constituent_weighted
2023-09-22,512660.SH,军工,growth,0.004665176230173018,4.137874212410294,53.98159435464711,100,constituent_weighted
2023-09-22,515030.SH,新能源车,growth,0.08393251520370007,1.564232890192165,7.934541267770811,38,constituent_weighted
2023-09-22,515790.SH,光伏,growth,0.0130154104633293,3.522860986734184,18.526191238563342,289,constituent_weighted
2023-09-22,512400.SH,有色,cyclical_value,0.0176914380884157,2.7556533189004426,16.51663352376431,128,constituent_weighted
2023-09-22,515220.SH,煤炭,cyclical_value,0.08429710841063041,1.5678228568039192,7.894000667125868,37,constituent_weighted
2023-09-22,515210.SH,钢铁,cyclical_value,0.023895065266063106,1.2554460522796012,23.744311610363035,44,constituent_weighted
2023-09-22,561560.SH,电力,stable_value,0.022498167069430454,2.025870709532628,21.96528869816237,126,constituent_weighted
2023-10-27,512000.SH,证券,cyclical_value,0.01511275006467629,1.5972359664180151,21.012846687894147,50,constituent_weighted
2023-10-27,512800.SH,银行,stable_value,0.058207734964699435,0.5733811572188302,4.7075556214904735,42,constituent_weighted
2023-10-27,512200.SH,地产,cyclical_value,0.021385238262048988,1.246510998759373,14.265212307879672,109,constituent_weighted
2023-10-27,159928.SZ,消费,stable_value,0.023975204242238663,7.6292334773072366,26.997374412187686,121,constituent_weighted
2023-10-27,512010.SH,医药,growth,0.012381731617992551,5.0871457346653575,29.038005972545896,473,constituent_weighted
2023-10-27,512480.SH,半导体,growth,0.002797937477471647,5.046273908374878,72.22840390872508,145,constituent_weighted
2023-10-27,159995.SZ,芯片,growth,0.0027811541292863525,5.066619577729345,73.1924414948717,147,constituent_weighted
2023-10-27,159819.SZ,人工智能,growth,0.0059598678451655545,5.362554518366238,59.065460234247965,331,constituent_weighted
2023-10-27,512660.SH,军工,growth,0.005191307139555648,4.093838544027092,51.8544412733975,136,constituent_weighted
2023-10-27,515030.SH,新能源车,growth,0.08622409498538468,1.4872565455012954,7.891320904969024,38,constituent_weighted
2023-10-27,515790.SH,光伏,growth,0.01352660912419357,3.2140113670163375,18.101505034798777,343,constituent_weighted
2023-10-27,512400.SH,有色,cyclical_value,0.018516928505316606,2.6415989299840885,16.652893037665233,136,constituent_weighted
2023-10-27,515220.SH,煤炭,cyclical_value,0.08660481295698319,1.4905798798529184,7.85041276517779,37,constituent_weighted
2023-10-27,515210.SH,钢铁,cyclical_value,0.02175364017261482,1.220559543989888,20.87891745481261,45,constituent_weighted
2023-10-27,561560.SH,电力,stable_value,0.023289096621282476,1.9952246746623317,19.59781785579851,126,constituent_weighted
2023-11-24,512000.SH,证券,cyclical_value,0.014608319641651357,1.6082850682169172,21.47153222237906,50,constituent_weighted
2023-11-24,512800.SH,银行,stable_value,0.058717741315490415,0.550919556526806,4.666087210253515,42,constituent_weighted
2023-11-24,512200.SH,地产,cyclical_value,0.020363703246725925,1.2589559245756188,15.70080509602073,108,constituent_weighted
2023-11-24,159928.SZ,消费,stable_value,0.023437736523843334,7.713129649863524,27.16550606740057,121,constituent_weighted
2023-11-24,512010.SH,医药,growth,0.012603185602241102,5.045419218571937,31.819287479891695,473,constituent_weighted
2023-11-24,512480.SH,半导体,growth,0.0027197768397343473,5.108703756398983,80.71123993018577,146,constituent_weighted
2023-11-24,159995.SZ,芯片,growth,0.0027010566557605377,5.138098830314201,81.83779655760779,148,constituent_weighted
2023-11-24,159819.SZ,人工智能,growth,0.005787192780720547,5.482572948810944,63.190897396262216,331,constituent_weighted
2023-11-24,512660.SH,军工,growth,0.005121023068785046,4.053057199853291,52.71600743852623,136,constituent_weighted
2023-11-24,515030.SH,新能源车,growth,0.08268506484442194,1.604073358538805,8.642025307444372,38,constituent_weighted
2023-11-24,515790.SH,光伏,growth,0.013819197975296255,3.214473008669281,18.157177602047575,342,constituent_weighted
2023-11-24,512400.SH,有色,cyclical_value,0.018964292195762025,2.570269908277546,16.682697804224084,136,constituent_weighted
2023-11-24,515220.SH,煤炭,cyclical_value,0.08304138793535104,1.6078616499872505,8.597474730379961,37,constituent_weighted
2023-11-24,515210.SH,钢铁,cyclical_value,0.02188044728161745,1.1990595195255855,20.82064613242915,45,constituent_weighted
2023-11-24,561560.SH,电力,stable_value,0.023190836736912242,1.981459730505441,18.087763461108196,127,constituent_weighted
2023-12-22,512000.SH,证券,cyclical_value,0.015243471403963779,1.526937622614867,20.321547509717384,50,constituent_weighted
2023-12-22,512800.SH,银行,stable_value,0.060397962804560085,0.5296558116359756,4.536259709419239,42,constituent_weighted
2023-12-22,512200.SH,地产,cyclical_value,0.02267667619437116,1.1539936006852967,13.937706272865032,109,constituent_weighted
2023-12-22,159928.SZ,消费,stable_value,0.0306026414071124,7.632025854418366,24.797415389237784,121,constituent_weighted
2023-12-22,512010.SH,医药,growth,0.013254824729459371,4.888710566975069,30.064150870160802,473,constituent_weighted
2023-12-22,512480.SH,半导体,growth,0.0029111453291738158,5.094439468753163,78.25292368854366,148,constituent_weighted
2023-12-22,159995.SZ,芯片,growth,0.0028929382102705686,5.121677374138264,79.30285957310225,150,constituent_weighted
2023-12-22,159819.SZ,人工智能,growth,0.006166855705800662,5.207778850472697,59.428196776166324,331,constituent_weighted
2023-12-22,512660.SH,军工,growth,0.005323020457290158,3.849653604593777,50.686031919630054,136,constituent_weighted
2023-12-22,515030.SH,新能源车,growth,0.08006057412226159,1.6528176164870731,8.938061312536595,38,constituent_weighted
2023-12-22,515790.SH,光伏,growth,0.014986816465839853,3.0119292143119845,16.95332029880783,344,constituent_weighted
2023-12-22,512400.SH,有色,cyclical_value,0.019426992022230243,2.4979144309086934,16.271646348566442,136,constituent_weighted
2023-12-22,515220.SH,煤炭,cyclical_value,0.08037097803226624,1.6567427168017719,8.895810340063731,37,constituent_weighted
2023-12-22,515210.SH,钢铁,cyclical_value,0.02302605898044535,1.1207650691640385,19.724086565436814,45,constituent_weighted
2023-12-22,561560.SH,电力,stable_value,0.023205933369360908,2.01762844096374,18.2781813351886,127,constituent_weighted
2024-01-19,512000.SH,证券,cyclical_value,0.015333168946866595,1.4545052137658896,19.346977674993802,50,constituent_weighted
2024-01-19,512800.SH,银行,stable_value,0.05883798663789426,0.5461442649651932,4.653762048667548,42,constituent_weighted
2024-01-19,512200.SH,地产,cyclical_value,0.024540128183465935,1.0584753804980298,12.874995139457836,107,constituent_weighted
2024-01-19,159928.SZ,消费,stable_value,0.025700200233045534,7.4144078296653655,24.077056573035485,121,constituent_weighted
2024-01-19,512010.SH,医药,growth,0.014113230549646017,4.589590831932675,28.33176718516139,472,constituent_weighted
2024-01-19,512480.SH,半导体,growth,0.003198602023523743,4.575838221369545,71.22509051286254,148,constituent_weighted
2024-01-19,159995.SZ,芯片,growth,0.0031798631497528896,4.596470870435601,72.15045898897763,150,constituent_weighted
2024-01-19,159819.SZ,人工智能,growth,0.006971041805126715,4.4490831496623295,52.53272900918719,330,constituent_weighted
2024-01-19,512660.SH,军工,growth,0.005826742488097733,3.3576740699989913,45.067592061135784,137,constituent_weighted
2024-01-19,515030.SH,新能源车,growth,0.07793757556604691,1.7108452579728932,9.183753063705991,38,constituent_weighted
2024-01-19,515790.SH,光伏,growth,0.01494332198961695,2.9315268923449462,16.946226640730067,345,constituent_weighted
2024-01-19,512400.SH,有色,cyclical_value,0.02050134218832763,2.392061592764955,15.778526746482363,136,constituent_weighted
2024-01-19,515220.SH,煤炭,cyclical_value,0.07818870060789779,1.7148517794164524,9.146308564695426,37,constituent_weighted
2024-01-19,515210.SH,钢铁,cyclical_value,0.024150115391022606,1.0576066835158398,18.807087405058056,45,constituent_weighted
2024-01-19,561560.SH,电力,stable_value,0.023147361318520424,2.013336286665097,18.30340670423319,127,constituent_weighted
2024-02-23,512000.SH,证券,cyclical_value,0.01439471839831985,1.5074369755073742,20.853969104664,50,constituent_weighted
2024-02-23,512800.SH,银行,stable_value,0.052079871607570626,0.6103244199379486,5.247781486083104,42,constituent_weighted
2024-02-23,512200.SH,地产,cyclical_value,0.02409822078535964,1.0541824274250755,14.303528919587581,107,constituent_weighted
2024-02-23,159928.SZ,消费,stable_value,0.024349526219546915,7.897696878778528,25.426730344248632,121,constituent_weighted
2024-02-23,512010.SH,医药,growth,0.014316005514418322,4.632325240192758,27.760722356645104,472,constituent_weighted
2024-02-23,512480.SH,半导体,growth,0.0032935145109905836,4.5209875830193065,69.05024695745209,151,constituent_weighted
2024-02-23,159995.SZ,芯片,growth,0.003273299373114246,4.541451809458659,69.96354153021686,153,constituent_weighted
2024-02-23,159819.SZ,人工智能,growth,0.006838976871921424,4.541248153584224,52.2978748150832,331,constituent_weighted
2024-02-23,512660.SH,军工,growth,0.005709918144456672,3.4413487808014165,45.86748886186356,137,constituent_weighted
2024-02-23,515030.SH,新能源车,growth,0.06670955779457234,2.0366842904523765,10.81402761949506,38,constituent_weighted
2024-02-23,515790.SH,光伏,growth,0.0156038245498542,2.8220271290374566,16.284940300139223,346,constituent_weighted
2024-02-23,512400.SH,有色,cyclical_value,0.01988729234006378,2.4876325692086265,16.197351247779757,136,constituent_weighted
2024-02-23,515220.SH,煤炭,cyclical_value,0.06687485505028434,2.0411288979036524,10.778030714536394,37,constituent_weighted
2024-02-23,515210.SH,钢铁,cyclical_value,0.022821963345923554,1.1180451660603115,19.634152188793735,45,constituent_weighted
2024-02-23,561560.SH,电力,stable_value,0.021506962251741903,2.153029136200066,19.094376334716262,127,constituent_weighted
2024-03-22,512000.SH,证券,cyclical_value,0.01451810479764811,1.4921672269320752,20.709051885516157,50,constituent_weighted
2024-03-22,512800.SH,银行,stable_value,0.05401212856869997,0.5864088222984569,5.073922340970032,42,constituent_weighted
2024-03-22,512200.SH,地产,cyclical_value,0.024668977815003015,1.0853972783628079,14.342734059096344,107,constituent_weighted
2024-03-22,159928.SZ,消费,stable_value,0.024015399924581182,7.922727557635223,25.82744855246867,121,constituent_weighted
2024-03-22,512010.SH,医药,growth,0.014090053904919766,5.221836944319163,28.239736775254695,473,constituent_weighted
2024-03-22,512480.SH,半导体,growth,0.002922322003393775,5.133845555703583,78.39596976823627,150,constituent_weighted
2024-03-22,159995.SZ,芯片,growth,0.0028982683184833715,5.1767214879587655,79.59154062689366,152,constituent_weighted
2024-03-22,159819.SZ,人工智能,growth,0.0062122035798485315,5.003735710433826,57.26210416683916,332,constituent_weighted
2024-03-22,512660.SH,军工,growth,0.005322115529651273,3.7314593765222854,49.87073720573313,137,constituent_weighted
2024-03-22,515030.SH,新能源车,growth,0.07106330763683393,1.9040563058510551,10.100196277105555,38,constituent_weighted
2024-03-22,515790.SH,光伏,growth,0.014443864717903751,3.0963788764345352,17.87346132033165,345,constituent_weighted
2024-03-22,512400.SH,有色,cyclical_value,0.017992997761862146,2.7535707296516905,17.398145145481802,136,constituent_weighted
2024-03-22,515220.SH,煤炭,cyclical_value,0.07125588059669058,1.9083247308173816,10.064252437657942,37,constituent_weighted
2024-03-22,515210.SH,钢铁,cyclical_value,0.022767315769422834,1.160484218671678,18.62775114067996,45,constituent_weighted
2024-03-22,561560.SH,电力,stable_value,0.02131106743083789,2.1447022095458212,19.212717511638374,127,constituent_weighted
2024-04-30,512000.SH,证券,cyclical_value,0.014742827368819685,1.4458771451702686,22.443209267106944,49,constituent_weighted
2024-04-30,512800.SH,银行,stable_value,0.0510851748249062,0.5923901767133645,5.401538676015303,42,constituent_weighted
2024-04-30,512200.SH,地产,cyclical_value,0.02539585583292337,1.2271796581111614,19.126050312909978,104,constituent_weighted
2024-04-30,159928.SZ,消费,stable_value,0.02379667245338622,6.664380738147957,23.90986835112374,120,constituent_weighted
2024-04-30,512010.SH,医药,growth,0.014299415070917504,4.470068222332973,30.61390042323462,467,constituent_weighted
2024-04-30,512480.SH,半导体,growth,0.003107388142501801,4.779825279954986,66.86398818970198,152,constituent_weighted
2024-04-30,159995.SZ,芯片,growth,0.003088412404128673,4.82849057642628,67.16854395348044,154,constituent_weighted
2024-04-30,159819.SZ,人工智能,growth,0.0069675640915609705,4.6742319366271285,51.020447248831445,326,constituent_weighted
2024-04-30,512660.SH,军工,growth,0.005471144872525575,3.5274805430213525,49.94555802386881,135,constituent_weighted
2024-04-30,515030.SH,新能源车,growth,0.06895203292396879,1.788779933154395,12.135753630509784,38,constituent_weighted
2024-04-30,515790.SH,光伏,growth,0.01773785557612558,3.0387292453704307,23.728504903050847,347,constituent_weighted
2024-04-30,512400.SH,有色,cyclical_value,0.015972215819275784,2.86154431473917,22.459817187558905,135,constituent_weighted
2024-04-30,515220.SH,煤炭,cyclical_value,0.06912560424320562,1.79254177635173,12.116508914438125,37,constituent_weighted
2024-04-30,515210.SH,钢铁,cyclical_value,0.017080403143769084,1.2065074812395653,19.597343296674932,45,constituent_weighted
2024-04-30,561560.SH,电力,stable_value,0.02053501222768814,2.19296444878306,17.503708668024462,127,constituent_weighted
2024-05-31,512000.SH,证券,cyclical_value,0.015137321388796072,1.3730510651229098,21.7355090477594,50,constituent_weighted
2024-05-31,512800.SH,银行,stable_value,0.04988699365687374,0.6003565211644578,5.482036824169752,42,constituent_weighted
2024-05-31,512200.SH,地产,cyclical_value,0.020906575614612687,1.2501519003454917,20.22638404502731,104,constituent_weighted
2024-05-31,159928.SZ,消费,stable_value,0.024566691805061616,6.446418374408041,23.080429167846557,121,constituent_weighted
2024-05-31,512010.SH,医药,growth,0.014744133877103728,4.398556462504821,29.509744742093527,471,constituent_weighted
2024-05-31,512480.SH,半导体,growth,0.0032595028576268194,4.62013405285624,67.07154037761714,154,constituent_weighted
2024-05-31,159995.SZ,芯片,growth,0.00324147783639939,4.649071863636292,67.34138724644095,156,constituent_weighted
2024-05-31,159819.SZ,人工智能,growth,0.009030726011425934,4.322896138011772,47.864081085980104,331,constituent_weighted
2024-05-31,512660.SH,军工,growth,0.0050738789971759065,3.5832045367165835,50.96002872193981,136,constituent_weighted
2024-05-31,515030.SH,新能源车,growth,0.06396793800291521,1.9217756324178858,12.939817338772137,37,constituent_weighted
2024-05-31,515790.SH,光伏,growth,0.015145834340899562,3.032685678016091,23.639276243956267,348,constituent_weighted
2024-05-31,512400.SH,有色,cyclical_value,0.015873222943167162,2.890871441511037,22.452289275354953,136,constituent_weighted
2024-05-31,515220.SH,煤炭,cyclical_value,0.06396793800291521,1.9217756324178858,12.939817338772137,37,constituent_weighted
2024-05-31,515210.SH,钢铁,cyclical_value,0.021658337423729437,1.205274009179245,19.12976101603828,45,constituent_weighted
2024-05-31,561560.SH,电力,stable_value,0.020258556051992355,2.284000106398719,18.130816572492105,126,constituent_weighted
2024-06-28,512000.SH,证券,cyclical_value,0.018305484682784926,1.2609306892981953,20.23450732934966,50,constituent_weighted
2024-06-28,512800.SH,银行,stable_value,0.058228468951553036,0.6049164074135147,5.472899752552435,42,constituent_weighted
2024-06-28,512200.SH,地产,cyclical_value,0.018974816216560757,1.105839602643262,17.439286566068684,103,constituent_weighted
2024-06-28,159928.SZ,消费,stable_value,0.03398400415315851,6.603462795454868,20.41623077274032,121,constituent_weighted
2024-06-28,512010.SH,医药,growth,0.016128243284614846,4.1974870321401365,27.004870990724243,471,constituent_weighted
2024-06-28,512480.SH,半导体,growth,0.0029026174188117254,4.876967697299726,68.8891374406629,154,constituent_weighted
2024-06-28,159995.SZ,芯片,growth,0.0028987811513455112,4.902474202681745,69.14072368914742,156,constituent_weighted
2024-06-28,159819.SZ,人工智能,growth,0.009988939668240613,4.101376451813147,44.71167147840869,332,constituent_weighted
2024-06-28,512660.SH,军工,growth,0.006092711197187881,3.6081773339128427,49.58839138714034,136,constituent_weighted
2024-06-28,515030.SH,新能源车,growth,0.06810328129810744,1.97994882609639,12.56896572383014,37,constituent_weighted
2024-06-28,515790.SH,光伏,growth,0.01876445520587422,2.8826830227937803,21.310028704017952,345,constituent_weighted
2024-06-28,512400.SH,有色,cyclical_value,0.019518875445092978,2.7820986111389803,20.892858981634816,136,constituent_weighted
2024-06-28,515220.SH,煤炭,cyclical_value,0.06810328129810744,1.97994882609639,12.56896572383014,37,constituent_weighted
2024-06-28,515210.SH,钢铁,cyclical_value,0.0314101181138856,1.1045418786734396,17.3216750567863,45,constituent_weighted
2024-06-28,561560.SH,电力,stable_value,0.019752415384480197,2.416014721003586,18.656849098754755,126,constituent_weighted
2024-07-26,512000.SH,证券,cyclical_value,0.01776732941687416,1.2781467911889675,20.636982356531515,50,constituent_weighted
2024-07-26,512800.SH,银行,stable_value,0.05294468148507256,0.6202252835730987,5.472211414146645,42,constituent_weighted
2024-07-26,512200.SH,地产,cyclical_value,0.02086883093415225,1.08269790860184,18.756878193643495,103,constituent_weighted
2024-07-26,159928.SZ,消费,stable_value,0.03312819861508907,6.528077959277833,19.66152956304618,121,constituent_weighted
2024-07-26,512010.SH,医药,growth,0.016154019958649894,3.9908434328666385,26.337043407755846,472,constituent_weighted
2024-07-26,512480.SH,半导体,growth,0.002889330065078511,5.274397266145767,70.28609685419357,154,constituent_weighted
2024-07-26,159995.SZ,芯片,growth,0.002866918387735218,5.295065696598391,70.53567872677667,156,constituent_weighted
2024-07-26,159819.SZ,人工智能,growth,0.010420674738153692,3.888974018169556,42.652929762923414,334,constituent_weighted
2024-07-26,512660.SH,军工,growth,0.005801432287743593,3.7349225214467228,50.663234228908195,136,constituent_weighted
2024-07-26,515030.SH,新能源车,growth,0.054665841428705016,1.9601184692126856,11.329347861215469,36,constituent_weighted
2024-07-26,515790.SH,光伏,growth,0.019203528805927697,2.932257298321881,21.17269274827674,346,constituent_weighted
2024-07-26,512400.SH,有色,cyclical_value,0.01934932914877993,2.6431399534770494,19.41791971809107,135,constituent_weighted
2024-07-26,515220.SH,煤炭,cyclical_value,0.054665841428705016,1.9601184692126856,11.329347861215469,36,constituent_weighted
2024-07-26,515210.SH,钢铁,cyclical_value,0.02755794443766167,1.046022998840039,16.837946667569714,45,constituent_weighted
2024-07-26,561560.SH,电力,stable_value,0.022151367196800668,2.6312176441695443,19.062831219074557,126,constituent_weighted
2024-08-23,512000.SH,证券,cyclical_value,0.01681730066497172,1.2631822711044451,20.67371622994076,49,constituent_weighted
2024-08-23,512800.SH,银行,stable_value,0.04974958320507174,0.6587930738543858,5.807180886298526,42,constituent_weighted
2024-08-23,512200.SH,地产,cyclical_value,0.02725155179050641,1.0664319661807018,18.850162305580714,103,constituent_weighted
2024-08-23,159928.SZ,消费,stable_value,0.03592843630767152,6.135373365934349,18.85344879734172,123,constituent_weighted
2024-08-23,512010.SH,医药,growth,0.016371105695747172,3.910341685274408,25.774850659940295,471,constituent_weighted
2024-08-23,512480.SH,半导体,growth,0.003350764052201733,4.9389902469532565,62.322155576857845,157,constituent_weighted
2024-08-23,159995.SZ,芯片,growth,0.003346312056296624,4.946211477928589,62.40507013376643,158,constituent_weighted
2024-08-23,159819.SZ,人工智能,growth,0.01132400908502644,3.6235254650982043,40.51634739960235,334,constituent_weighted
2024-08-23,512660.SH,军工,growth,0.007146626548526443,3.4222251325239466,47.83954232989438,136,constituent_weighted
2024-08-23,515030.SH,新能源车,growth,0.05771434408378713,1.8910742907334344,11.316247325760017,37,constituent_weighted
2024-08-23,515790.SH,光伏,growth,0.02011699669176424,2.7235637529637957,19.957819810293298,349,constituent_weighted
2024-08-23,512400.SH,有色,cyclical_value,0.020618177490169066,2.6509839783673232,18.561270306977963,132,constituent_weighted
2024-08-23,515220.SH,煤炭,cyclical_value,0.05771434408378713,1.8910742907334344,11.316247325760017,37,constituent_weighted
2024-08-23,515210.SH,钢铁,cyclical_value,0.02933547733152611,0.982434028658629,15.999192215329142,45,constituent_weighted
2024-08-23,561560.SH,电力,stable_value,0.024354709549984477,2.53056653457159,17.854025764471427,131,constituent_weighted
2024-09-30,512000.SH,证券,cyclical_value,0.011620427572231433,1.9132412410054247,30.341119865301934,49,constituent_weighted
2024-09-30,512800.SH,银行,stable_value,0.04883825710608931,0.6565783340662502,5.935052070267022,42,constituent_weighted
2024-09-30,512200.SH,地产,cyclical_value,0.014481664182537957,1.563797327284116,36.53070387349088,103,constituent_weighted
2024-09-30,159928.SZ,消费,stable_value,0.027308050648801298,7.466080863108323,23.81994141127251,123,constituent_weighted
2024-09-30,512010.SH,医药,growth,0.014789632216057662,4.791331467264946,32.425152830579954,473,constituent_weighted
2024-09-30,512480.SH,半导体,growth,0.002681245722639512,6.075635832481948,78.20036517162718,156,constituent_weighted
2024-09-30,159995.SZ,芯片,growth,0.0026770990994981272,6.090035195373238,78.3214915968485,157,constituent_weighted
2024-09-30,159819.SZ,人工智能,growth,0.008544366027369098,5.321828130526791,57.73459209850204,335,constituent_weighted
2024-09-30,512660.SH,军工,growth,0.005775335481513002,4.128560487817256,59.823219451318565,138,constituent_weighted
2024-09-30,515030.SH,新能源车,growth,0.0504244973289875,2.1418615775718397,13.194952451542019,37,constituent_weighted
2024-09-30,515790.SH,光伏,growth,0.015233007062086952,3.589254246374484,30.077399565187704,349,constituent_weighted
2024-09-30,512400.SH,有色,cyclical_value,0.016944876781717404,2.9094372405261986,20.675829526872583,132,constituent_weighted
2024-09-30,515220.SH,煤炭,cyclical_value,0.0504244973289875,2.1418615775718397,13.194952451542019,37,constituent_weighted
2024-09-30,515210.SH,钢铁,cyclical_value,0.02791476659688992,1.2074828352973632,20.018478121435802,45,constituent_weighted
2024-09-30,561560.SH,电力,stable_value,0.023234837415877542,2.4471913687949414,18.285752770132778,131,constituent_weighted
2024-10-18,512000.SH,证券,cyclical_value,0.012644564383857524,1.9200381918239984,29.148085146456392,50,constituent_weighted
2024-10-18,512800.SH,银行,stable_value,0.04838043919014505,0.6736323300534408,6.059029751110625,42,constituent_weighted
2024-10-18,512200.SH,地产,cyclical_value,0.015460763845722559,1.4884306331102874,34.37861206462262,103,constituent_weighted
2024-10-18,159928.SZ,消费,stable_value,0.030743857855974218,6.740590016595123,21.304449415292183,123,constituent_weighted
2024-10-18,512010.SH,医药,growth,0.016178411695097036,4.586737848432788,30.705146552398986,472,constituent_weighted
2024-10-18,512480.SH,半导体,growth,0.002315348561267534,7.881306421934636,90.64002457872279,157,constituent_weighted
2024-10-18,159995.SZ,芯片,growth,0.002315348561267534,7.881306421934636,90.64002457872279,157,constituent_weighted
2024-10-18,159819.SZ,人工智能,growth,0.007946830961434132,6.141093025617042,61.7113872049237,336,constituent_weighted
2024-10-18,512660.SH,军工,growth,0.0056991889877469285,4.701720423347865,62.25890154449181,138,constituent_weighted
2024-10-18,515030.SH,新能源车,growth,0.05388150271718051,2.032307921407094,12.414319904506293,37,constituent_weighted
2024-10-18,515790.SH,光伏,growth,0.015953570414062982,3.5222654537998315,28.982018905366957,349,constituent_weighted
2024-10-18,512400.SH,有色,cyclical_value,0.01800304605515962,2.815560228768449,19.775963975335383,132,constituent_weighted
2024-10-18,515220.SH,煤炭,cyclical_value,0.05388150271718051,2.032307921407094,12.414319904506293,37,constituent_weighted
2024-10-18,515210.SH,钢铁,cyclical_value,0.02614622814791517,1.17095925698305,19.16366244904029,45,constituent_weighted
2024-10-18,561560.SH,电力,stable_value,0.02489101235719618,2.272543873300307,17.195151952199055,131,constituent_weighted
2024-11-29,512000.SH,证券,cyclical_value,0.012930018924166472,2.108125571216986,27.325519109325157,50,constituent_weighted
2024-11-29,512800.SH,银行,stable_value,0.05154214128577744,0.6299407947203195,5.828227031594078,42,constituent_weighted
2024-11-29,512200.SH,地产,cyclical_value,0.014387964140220652,1.8214437140425326,39.322278892434284,103,constituent_weighted
2024-11-29,159928.SZ,消费,stable_value,0.029879806837661217,6.327838157565476,21.81044217312453,123,constituent_weighted
2024-11-29,512010.SH,医药,growth,0.01625616993607427,4.564607165603372,32.3865676038623,475,constituent_weighted
2024-11-29,512480.SH,半导体,growth,0.0022134886857840784,9.184069133595003,86.25241164137265,156,constituent_weighted
2024-11-29,159995.SZ,芯片,growth,0.0022078567974530504,9.203175241646138,86.42877667652044,158,constituent_weighted
2024-11-29,159819.SZ,人工智能,growth,0.007140851301083072,7.018328558132442,68.54399730219919,337,constituent_weighted
2024-11-29,512660.SH,军工,growth,0.005697107500510397,4.747293747485051,70.61197909496185,138,constituent_weighted
2024-11-29,515030.SH,新能源车,growth,0.05925786810227402,1.7676476590502266,12.145056428724805,37,constituent_weighted
2024-11-29,515790.SH,光伏,growth,0.014705316248876176,3.383248477391024,33.3912791281002,349,constituent_weighted
2024-11-29,512400.SH,有色,cyclical_value,0.018584465656396078,2.7273515311956804,19.11540130429546,134,constituent_weighted
2024-11-29,515220.SH,煤炭,cyclical_value,0.05925786810227402,1.7676476590502266,12.145056428724805,37,constituent_weighted
2024-11-29,515210.SH,钢铁,cyclical_value,0.025631381564793006,1.2601744110872695,23.43328427979747,45,constituent_weighted
2024-11-29,561560.SH,电力,stable_value,0.025753472843053328,2.109853535200138,16.78934132604085,131,constituent_weighted
2024-12-27,512000.SH,证券,cyclical_value,0.014872298557715474,2.1053663489924936,27.51519878419309,50,constituent_weighted
2024-12-27,512800.SH,银行,stable_value,0.048352265673791715,0.6836629709521349,6.315225674072345,42,constituent_weighted
2024-12-27,512200.SH,地产,cyclical_value,0.015598842209686659,1.419690165230651,36.64514752432454,102,constituent_weighted
2024-12-27,159928.SZ,消费,stable_value,0.031407218801701664,6.942471836732571,21.736024801912478,123,constituent_weighted
2024-12-27,512010.SH,医药,growth,0.017012927676955607,4.365882120359943,31.411688231286778,473,constituent_weighted
2024-12-27,512480.SH,半导体,growth,0.002225726731394072,10.417256759552348,89.50786572434731,159,constituent_weighted
2024-12-27,159995.SZ,芯片,growth,0.002223144219082094,10.423232126332834,89.61184240893121,160,constituent_weighted
2024-12-27,159819.SZ,人工智能,growth,0.0074016698465135845,6.589135392722891,66.39545052716835,335,constituent_weighted
2024-12-27,512660.SH,军工,growth,0.005754581145068589,4.966149841254739,70.85362990749064,140,constituent_weighted
2024-12-27,515030.SH,新能源车,growth,0.05908197461792478,1.8082506948027275,12.239350762810654,36,constituent_weighted
2024-12-27,515790.SH,光伏,growth,0.015550002240280327,3.3135898185518964,32.087603883801094,349,constituent_weighted
2024-12-27,512400.SH,有色,cyclical_value,0.01951141635104021,2.6203665666533102,18.498239783963744,134,constituent_weighted
2024-12-27,515220.SH,煤炭,cyclical_value,0.05908197461792478,1.8082506948027275,12.239350762810654,36,constituent_weighted
2024-12-27,515210.SH,钢铁,cyclical_value,0.02535120323708975,1.2545319589033157,23.77571137231043,45,constituent_weighted
2024-12-27,561560.SH,电力,stable_value,0.02487040005652088,2.2407343824607846,17.615626909986133,132,constituent_weighted
2025-01-24,512000.SH,证券,cyclical_value,0.016467964346794477,1.9021802574038444,24.455449290138667,50,constituent_weighted
2025-01-24,512800.SH,银行,stable_value,0.064720201292675,0.6701065324803757,6.13749972147117,42,constituent_weighted
2025-01-24,512200.SH,地产,cyclical_value,0.016913013374822008,1.5887217524147519,35.409702181093465,103,constituent_weighted
2025-01-24,159928.SZ,消费,stable_value,0.03746129957706066,6.606741582776794,20.143345508351015,123,constituent_weighted
2025-01-24,512010.SH,医药,growth,0.01814441777374761,4.119266787565026,29.42061202493502,474,constituent_weighted
2025-01-24,512480.SH,半导体,growth,0.0023378800426501626,9.857473889365593,87.74488094035597,158,constituent_weighted
2025-01-24,159995.SZ,芯片,growth,0.0023347669538114945,9.867483191400055,87.86187660412438,159,constituent_weighted
2025-01-24,159819.SZ,人工智能,growth,0.007810288039771643,6.3002052030738955,63.41692796258414,336,constituent_weighted
2025-01-24,512660.SH,军工,growth,0.006534239218487677,4.1770791864111505,64.63684308954177,139,constituent_weighted
2025-01-24,515030.SH,新能源车,growth,0.0638091568244046,1.6897432983218663,11.407707004183496,37,constituent_weighted
2025-01-24,515790.SH,光伏,growth,0.01717970191198285,3.315178974003558,31.010191931337094,349,constituent_weighted
2025-01-24,512400.SH,有色,cyclical_value,0.0189600895420219,2.718365851079902,19.1573010236701,136,constituent_weighted
2025-01-24,515220.SH,煤炭,cyclical_value,0.0638091568244046,1.6897432983218663,11.407707004183496,37,constituent_weighted
2025-01-24,515210.SH,钢铁,cyclical_value,0.026200526458628554,1.1905343961755714,22.719859278864156,45,constituent_weighted
2025-01-24,561560.SH,电力,stable_value,0.02864333386923055,2.089195450724342,16.536322434291023,131,constituent_weighted
2025-02-21,512000.SH,证券,cyclical_value,0.015992023900444127,1.9463533072859798,24.509978381775813,50,constituent_weighted
2025-02-21,512800.SH,银行,stable_value,0.06356460995371332,0.6824103413705421,6.239562497893829,42,constituent_weighted
2025-02-21,512200.SH,地产,cyclical_value,0.01662370719267884,1.6560164590838993,36.02590415209667,103,constituent_weighted
2025-02-21,159928.SZ,消费,stable_value,0.03745859437228594,6.7382688441821985,20.58343542059438,123,constituent_weighted
2025-02-21,512010.SH,医药,growth,0.01699967293101938,4.451018748091456,31.43513231487814,476,constituent_weighted
2025-02-21,512480.SH,半导体,growth,0.0020673820242512494,11.856994195063466,100.51595486168297,158,constituent_weighted
2025-02-21,159995.SZ,芯片,growth,0.002064872783100076,11.864466887727083,100.6381022270571,159,constituent_weighted
2025-02-21,159819.SZ,人工智能,growth,0.006354645886290862,7.362675576248304,78.00767466535736,336,constituent_weighted
2025-02-21,512660.SH,军工,growth,0.006361632800056321,4.332205234391632,66.41968019782333,139,constituent_weighted
2025-02-21,515030.SH,新能源车,growth,0.06772369982556364,1.5905812874222285,10.62516786081479,37,constituent_weighted
2025-02-21,515790.SH,光伏,growth,0.016432237482365355,3.546327909591011,32.62650381255494,351,constituent_weighted
2025-02-21,512400.SH,有色,cyclical_value,0.018744274587959322,2.7993842428415414,19.379877560113417,136,constituent_weighted
2025-02-21,515220.SH,煤炭,cyclical_value,0.06772369982556364,1.5905812874222285,10.62516786081479,37,constituent_weighted
2025-02-21,515210.SH,钢铁,cyclical_value,0.02502022499827265,1.2701126213470588,23.79139662202717,45,constituent_weighted
2025-02-21,561560.SH,电力,stable_value,0.028359003911570143,2.095029628071315,16.76496408894873,131,constituent_weighted
2025-03-21,512000.SH,证券,cyclical_value,0.015858467646735278,1.8408727377668788,24.453899370155472,49,constituent_weighted
2025-03-21,512800.SH,银行,stable_value,0.06324052351380223,0.6888587440716182,6.276402927584524,42,constituent_weighted
2025-03-21,512200.SH,地产,cyclical_value,0.016623701340423774,1.6416610918242927,36.19562073911887,102,constituent_weighted
2025-03-21,159928.SZ,消费,stable_value,0.03573157414574627,7.01241909777044,21.54200023978,123,constituent_weighted
2025-03-21,512010.SH,医药,growth,0.01723824324375713,4.510421945105341,30.944898177910236,476,constituent_weighted
2025-03-21,512480.SH,半导体,growth,0.0021229786011778195,10.78642235909253,92.02900831230366,158,constituent_weighted
2025-03-21,159995.SZ,芯片,growth,0.002120231361030717,10.795391130880988,92.14825274523703,159,constituent_weighted
2025-03-21,159819.SZ,人工智能,growth,0.007021817189961796,6.4403271793923,71.90180386600143,332,constituent_weighted
2025-03-21,512660.SH,军工,growth,0.006106045640611377,4.304338173806245,68.78577888505589,139,constituent_weighted
2025-03-21,515030.SH,新能源车,growth,0.06557837878868034,1.6835235765942635,10.92186053382796,37,constituent_weighted
2025-03-21,515790.SH,光伏,growth,0.016513204075452544,3.3756688719643932,32.66173587885606,352,constituent_weighted
2025-03-21,512400.SH,有色,cyclical_value,0.017749107331365324,3.0028989395553753,20.592864245153446,136,constituent_weighted
2025-03-21,515220.SH,煤炭,cyclical_value,0.06557837878868034,1.6835235765942635,10.92186053382796,37,constituent_weighted
2025-03-21,515210.SH,钢铁,cyclical_value,0.023224158881880567,1.352019878054208,25.641832255233364,45,constituent_weighted
2025-03-21,561560.SH,电力,stable_value,0.027850456952473106,2.0713684274026707,17.231267738763215,129,constituent_weighted
2025-04-30,512000.SH,证券,cyclical_value,0.017000358368932978,1.612363251040515,18.38549943878071,50,constituent_weighted
2025-04-30,512800.SH,银行,stable_value,0.057929553880224645,0.6692367990868132,6.3338079642207905,42,constituent_weighted
2025-04-30,512200.SH,地产,cyclical_value,0.017490920137093902,1.4539074517526778,37.0851293222886,102,constituent_weighted
2025-04-30,159928.SZ,消费,stable_value,0.036153145002182696,6.112250825719908,21.80751462415006,122,constituent_weighted
2025-04-30,512010.SH,医药,growth,0.016767149562894535,4.472806505770808,31.388587960826165,469,constituent_weighted
2025-04-30,512480.SH,半导体,growth,0.002256932994985902,10.538794554256079,83.71496702332271,159,constituent_weighted
2025-04-30,159995.SZ,芯片,growth,0.0022542725330813055,10.5481372203459,83.81376629330522,160,constituent_weighted
2025-04-30,159819.SZ,人工智能,growth,0.007741922532277045,6.193941516320205,71.29685461779579,333,constituent_weighted
2025-04-30,512660.SH,军工,growth,0.006430506155326397,4.124646157476388,66.9314979331717,136,constituent_weighted
2025-04-30,515030.SH,新能源车,growth,0.06715037988400112,1.6882990409555496,11.92125243964314,37,constituent_weighted
2025-04-30,515790.SH,光伏,growth,0.017843364501044384,3.0511682467064785,28.763278075723875,351,constituent_weighted
2025-04-30,512400.SH,有色,cyclical_value,0.017608665146760117,2.810411979024972,17.523253680731354,137,constituent_weighted
2025-04-30,515220.SH,煤炭,cyclical_value,0.06715037988400112,1.6882990409555496,11.92125243964314,37,constituent_weighted
2025-04-30,515210.SH,钢铁,cyclical_value,0.025769906282532923,1.1630113391949488,28.061763612760785,45,constituent_weighted
2025-04-30,561560.SH,电力,stable_value,0.027326908725679756,2.1412009196639623,17.401051574187186,131,constituent_weighted
2025-05-30,512000.SH,证券,cyclical_value,0.016624463960507294,1.6201451207554718,18.569027196110415,50,constituent_weighted
2025-05-30,512800.SH,银行,stable_value,0.05577125235303324,0.6963671040078421,6.594692389253991,42,constituent_weighted
2025-05-30,512200.SH,地产,cyclical_value,0.016905335802124364,1.4869402783224928,36.80084406876543,102,constituent_weighted
2025-05-30,159928.SZ,消费,stable_value,0.035952415343514704,6.208861524181012,21.759255193142895,123,constituent_weighted
2025-05-30,512010.SH,医药,growth,0.015073772482600636,4.8281460824724345,33.4809984695422,472,constituent_weighted
2025-05-30,512480.SH,半导体,growth,0.002340368721997126,8.925848127174344,76.38672931416244,158,constituent_weighted
2025-05-30,159995.SZ,芯片,growth,0.0023368617588825228,8.94411780288829,76.50136401222778,159,constituent_weighted
2025-05-30,159819.SZ,人工智能,growth,0.006937979021292166,6.234691564010805,71.7976456282271,333,constituent_weighted
2025-05-30,512660.SH,军工,growth,0.005096288559825636,4.472149724717303,71.63961670143144,137,constituent_weighted
2025-05-30,515030.SH,新能源车,growth,0.06019261428424181,1.7995433289936555,12.406838180903565,37,constituent_weighted
2025-05-30,515790.SH,光伏,growth,0.016143269060363542,3.037839829844226,29.763359718402675,356,constituent_weighted
2025-05-30,512400.SH,有色,cyclical_value,0.01685502196166403,2.895005972001729,17.770536257205908,136,constituent_weighted
2025-05-30,515220.SH,煤炭,cyclical_value,0.06019261428424181,1.7995433289936555,12.406838180903565,37,constituent_weighted
2025-05-30,515210.SH,钢铁,cyclical_value,0.023990083424153458,1.152944945941123,27.897403477390853,44,constituent_weighted
2025-05-30,561560.SH,电力,stable_value,0.026398249421033165,2.2100085183671516,17.80689196203451,130,constituent_weighted
2025-06-27,512000.SH,证券,cyclical_value,0.015443620071121798,1.78232505902144,20.166066240998944,50,constituent_weighted
2025-06-27,512800.SH,银行,stable_value,0.041823783577099434,0.7402660713650641,7.118605558669582,42,constituent_weighted
2025-06-27,512200.SH,地产,cyclical_value,0.015595573649620614,1.4874366313822278,36.94310677312041,102,constituent_weighted
2025-06-27,159928.SZ,消费,stable_value,0.036872738360791135,6.343130043258591,20.39135568032923,123,constituent_weighted
2025-06-27,512010.SH,医药,growth,0.01393551049244148,4.911942104031269,33.24453148810476,473,constituent_weighted
2025-06-27,512480.SH,半导体,growth,0.0021269265417655685,9.165670984974025,81.17535386756822,161,constituent_weighted
2025-06-27,159995.SZ,芯片,growth,0.00212393958302898,9.183348899000977,81.28951315645183,162,constituent_weighted
2025-06-27,159819.SZ,人工智能,growth,0.0064044826357561105,6.866734751567396,74.71745487017586,335,constituent_weighted
2025-06-27,512660.SH,军工,growth,0.005240815749089837,4.809244473990866,76.50865824340504,139,constituent_weighted
2025-06-27,515030.SH,新能源车,growth,0.05416354407548897,1.8625608548637416,12.26813350974701,37,constituent_weighted
2025-06-27,515790.SH,光伏,growth,0.013591595489558095,3.2454317185770996,31.257917829121048,357,constituent_weighted
2025-06-27,512400.SH,有色,cyclical_value,0.01641946917520816,3.2035434140615413,19.38600623093914,136,constituent_weighted
2025-06-27,515220.SH,煤炭,cyclical_value,0.05416354407548897,1.8625608548637416,12.26813350974701,37,constituent_weighted
2025-06-27,515210.SH,钢铁,cyclical_value,0.019429446180896013,1.1624023675565684,27.61901056811213,44,constituent_weighted
2025-06-27,561560.SH,电力,stable_value,0.026095863186131035,2.215085347958974,17.62551571701166,131,constituent_weighted
2025-07-25,512000.SH,证券,cyclical_value,0.013590254535902692,1.899009902258025,21.698365581203035,50,constituent_weighted
2025-07-25,512800.SH,银行,stable_value,0.040409855598971325,0.7510721376937496,7.118688424055894,42,constituent_weighted
2025-07-25,512200.SH,地产,cyclical_value,0.011988190237976537,1.5950742860675182,47.626731802802595,102,constituent_weighted
2025-07-25,159928.SZ,消费,stable_value,0.034333066175313676,6.47600099405915,21.023298478464145,123,constituent_weighted
2025-07-25,512010.SH,医药,growth,0.01313766028858231,5.388205551456764,37.0767833462805,474,constituent_weighted
2025-07-25,512480.SH,半导体,growth,0.002225137287188452,9.927068862587,85.95795566245285,162,constituent_weighted
2025-07-25,159995.SZ,芯片,growth,0.002221573012656011,9.953328706741871,86.09586594065796,163,constituent_weighted
2025-07-25,159819.SZ,人工智能,growth,0.005962601842686072,7.2425884720954485,79.39194456455276,334,constituent_weighted
2025-07-25,512660.SH,军工,growth,0.004840858135502926,5.0979509844166895,82.53719787504129,139,constituent_weighted
2025-07-25,515030.SH,新能源车,growth,0.0509845393151467,2.0038770366288867,12.82588657501524,37,constituent_weighted
2025-07-25,515790.SH,光伏,growth,0.011951879437743177,3.4597746595085788,33.96408870703995,357,constituent_weighted
2025-07-25,512400.SH,有色,cyclical_value,0.014366973991700921,3.5968783164557663,21.580958399440096,137,constituent_weighted
2025-07-25,515220.SH,煤炭,cyclical_value,0.0509845393151467,2.0038770366288867,12.82588657501524,37,constituent_weighted
2025-07-25,515210.SH,钢铁,cyclical_value,0.015590590439725743,1.3843519984675947,32.79302496209891,44,constituent_weighted
2025-07-25,561560.SH,电力,stable_value,0.026342603516642398,2.3313073291507713,17.859681295888333,132,constituent_weighted
2025-08-22,512000.SH,证券,cyclical_value,0.01357122127988329,2.0967112310404348,23.289220501651585,50,constituent_weighted
2025-08-22,512800.SH,银行,stable_value,0.03936856235391453,0.7861660042619997,7.357536807838901,42,constituent_weighted
2025-08-22,512200.SH,地产,cyclical_value,0.009281966119105537,1.7962679440355724,52.65883260918484,100,constituent_weighted
2025-08-22,159928.SZ,消费,stable_value,0.03357707369310519,6.2022062628171915,21.44612528347159,124,constituent_weighted
2025-08-22,512010.SH,医药,growth,0.012409610906886522,5.988534199168854,38.7745224552071,474,constituent_weighted
2025-08-22,512480.SH,半导体,growth,0.0018748579499843166,17.90108682027798,105.67567193723629,162,constituent_weighted
2025-08-22,159995.SZ,芯片,growth,0.0018748579499843166,17.90108682027798,105.67567193723629,162,constituent_weighted
2025-08-22,159819.SZ,人工智能,growth,0.005254083782696237,8.806328952434148,88.2289200667677,334,constituent_weighted
2025-08-22,512660.SH,军工,growth,0.004451985596826658,6.080437401980303,92.13010618960038,137,constituent_weighted
2025-08-22,515030.SH,新能源车,growth,0.04873753800908485,1.7813025373562312,12.891588595573621,37,constituent_weighted
2025-08-22,515790.SH,光伏,growth,0.0120305794644727,3.767559479884371,35.22036375805317,361,constituent_weighted
2025-08-22,512400.SH,有色,cyclical_value,0.013495577736821938,3.876462813610579,22.971030378923786,137,constituent_weighted
2025-08-22,515220.SH,煤炭,cyclical_value,0.04873753800908485,1.7813025373562312,12.891588595573621,37,constituent_weighted
2025-08-22,515210.SH,钢铁,cyclical_value,0.015820336297913344,1.379355210758889,31.864160987234115,44,constituent_weighted
2025-08-22,561560.SH,电力,stable_value,0.026392614066598086,2.343236613105989,18.1979643486374,131,constituent_weighted
2025-09-30,512000.SH,证券,cyclical_value,0.013728883847511048,1.9966597322182835,20.279058380895915,50,constituent_weighted
2025-09-30,512800.SH,银行,stable_value,0.04305332482151697,0.7133284434372801,6.724727033638977,42,constituent_weighted
2025-09-30,512200.SH,地产,cyclical_value,0.007885887216443878,2.2703066436671753,59.17295394339076,100,constituent_weighted
2025-09-30,159928.SZ,消费,stable_value,0.0346726378682307,6.295843784005553,21.12585406439329,124,constituent_weighted
2025-09-30,512010.SH,医药,growth,0.012968074832106439,5.703767056324604,38.631592031419586,472,constituent_weighted
2025-09-30,512480.SH,半导体,growth,0.001565286117731347,18.403775680164465,122.19457639719268,161,constituent_weighted
2025-09-30,159995.SZ,芯片,growth,0.001565286117731347,18.403775680164465,122.19457639719268,161,constituent_weighted
2025-09-30,159819.SZ,人工智能,growth,0.005591451071051311,8.99387083368801,87.4952089011465,335,constituent_weighted
2025-09-30,512660.SH,军工,growth,0.004427459819327773,5.786672001198969,89.99690602681824,138,constituent_weighted
2025-09-30,515030.SH,新能源车,growth,0.05024690278305499,1.7285659394994317,13.953865111222813,37,constituent_weighted
2025-09-30,515790.SH,光伏,growth,0.009833280745541404,4.704085290074225,43.761178954057165,361,constituent_weighted
2025-09-30,512400.SH,有色,cyclical_value,0.012402372053639038,4.506414590692717,26.671688885635046,137,constituent_weighted
2025-09-30,515220.SH,煤炭,cyclical_value,0.05024690278305499,1.7285659394994317,13.953865111222813,37,constituent_weighted
2025-09-30,515210.SH,钢铁,cyclical_value,0.01627144812481285,1.3564353243036091,32.08352867961624,44,constituent_weighted
2025-09-30,561560.SH,电力,stable_value,0.026552417512084914,2.5099541383697663,18.139185107072095,131,constituent_weighted
2025-10-31,512000.SH,证券,cyclical_value,0.014061200688680433,1.8811586577979662,17.795445681587378,50,constituent_weighted
2025-10-31,512800.SH,银行,stable_value,0.039940340599292704,0.7603056060296168,7.20613279311567,42,constituent_weighted
2025-10-31,512200.SH,地产,cyclical_value,0.008202051700429149,1.9756460213500415,53.68871937125656,100,constituent_weighted
2025-10-31,159928.SZ,消费,stable_value,0.034908042286539036,5.600203068629482,21.712561279699088,124,constituent_weighted
2025-10-31,512010.SH,医药,growth,0.013288277839161285,5.6233265960638565,38.26526761694251,474,constituent_weighted
2025-10-31,512480.SH,半导体,growth,0.0017483835990395665,12.899574343794129,101.5804555522544,163,constituent_weighted
2025-10-31,159995.SZ,芯片,growth,0.0017467992355241209,12.89623805620297,101.67258999128228,164,constituent_weighted
2025-10-31,159819.SZ,人工智能,growth,0.006507174751860062,8.658030927315064,83.92664853637203,334,constituent_weighted
2025-10-31,512660.SH,军工,growth,0.004295271561511617,5.10768553237905,82.05320464590373,137,constituent_weighted
2025-10-31,515030.SH,新能源车,growth,0.04452581067208494,2.1193881585961947,16.79047784541553,37,constituent_weighted
2025-10-31,515790.SH,光伏,growth,0.010061374507486436,4.533973585710133,41.22361721956918,362,constituent_weighted
2025-10-31,512400.SH,有色,cyclical_value,0.012554266477454858,4.302531261461947,25.53311848174902,137,constituent_weighted
2025-10-31,515220.SH,煤炭,cyclical_value,0.04452581067208494,2.1193881585961947,16.79047784541553,37,constituent_weighted
2025-10-31,515210.SH,钢铁,cyclical_value,0.016501561240255983,1.4648737593132246,27.237471735656538,44,constituent_weighted
2025-10-31,561560.SH,电力,stable_value,0.02554736289065964,2.1802764260512744,18.80255132663221,130,constituent_weighted
2025-11-28,512000.SH,证券,cyclical_value,0.015710568567147868,1.7480834273662658,16.641720032582057,47,constituent_weighted
2025-11-28,512800.SH,银行,stable_value,0.038890970811667556,0.7821077270967417,7.427599410899788,42,constituent_weighted
2025-11-28,512200.SH,地产,cyclical_value,0.008307474196484341,1.9476521162646103,52.260387175495474,100,constituent_weighted
2025-11-28,159928.SZ,消费,stable_value,0.03466142309826346,5.602663070065294,21.850049219676336,124,constituent_weighted
2025-11-28,512010.SH,医药,growth,0.013413975812449509,5.500446799087278,36.96789462866868,476,constituent_weighted
2025-11-28,512480.SH,半导体,growth,0.0018763416997474016,12.526280053656855,96.79493792147422,163,constituent_weighted
2025-11-28,159995.SZ,芯片,growth,0.0018763416997474016,12.526280053656855,96.79493792147422,163,constituent_weighted
2025-11-28,159819.SZ,人工智能,growth,0.006799776038844367,8.037503662252508,79.30014047183461,333,constituent_weighted
2025-11-28,512660.SH,军工,growth,0.004383227692293181,5.020945358079636,80.17620082265098,136,constituent_weighted
2025-11-28,515030.SH,新能源车,growth,0.05576033694071564,2.0965127997885986,16.280721163476564,37,constituent_weighted
2025-11-28,515790.SH,光伏,growth,0.010624974010979213,4.408104366700531,39.712195888443205,364,constituent_weighted
2025-11-28,512400.SH,有色,cyclical_value,0.013014675732287893,4.156334212411889,24.86357484210334,137,constituent_weighted
2025-11-28,515220.SH,煤炭,cyclical_value,0.05576033694071564,2.0965127997885986,16.280721163476564,37,constituent_weighted
2025-11-28,515210.SH,钢铁,cyclical_value,0.0165195086170462,1.6440085837096348,27.208175157108737,44,constituent_weighted
2025-11-28,561560.SH,电力,stable_value,0.02641878155800596,2.1439424397807523,18.410720674233673,131,constituent_weighted
2025-12-26,512000.SH,证券,cyclical_value,0.01430412040409414,1.813987960805281,17.553410880113663,50,constituent_weighted
2025-12-26,512800.SH,银行,stable_value,0.041140742080420144,0.7503883731489766,7.113870190730966,42,constituent_weighted
2025-12-26,512200.SH,地产,cyclical_value,0.008667920253599637,1.945691029051678,50.50748130072743,100,constituent_weighted
2025-12-26,159928.SZ,消费,stable_value,0.03644948469487886,5.954483656092794,21.17407489687405,124,constituent_weighted
2025-12-26,512010.SH,医药,growth,0.013347417046745514,5.268872344501733,36.252091847393224,477,constituent_weighted
2025-12-26,512480.SH,半导体,growth,0.0017775340752368644,12.670430522162484,103.42881980019396,168,constituent_weighted
2025-12-26,159995.SZ,芯片,growth,0.0017775340752368644,12.670430522162484,103.42881980019396,168,constituent_weighted
2025-12-26,159819.SZ,人工智能,growth,0.006946823895622044,8.23648010398043,78.64434573482733,335,constituent_weighted
2025-12-26,512660.SH,军工,growth,0.003900242590981539,5.939186733231658,90.7439287744997,137,constituent_weighted
2025-12-26,515030.SH,新能源车,growth,0.05761418118908726,2.118971800233313,15.752284366925661,37,constituent_weighted
2025-12-26,515790.SH,光伏,growth,0.010140625924090457,4.575765626945875,41.11170384271426,364,constituent_weighted
2025-12-26,512400.SH,有色,cyclical_value,0.011929135563645287,4.7755620830631305,28.34595759399882,138,constituent_weighted
2025-12-26,515220.SH,煤炭,cyclical_value,0.05761418118908726,2.118971800233313,15.752284366925661,37,constituent_weighted
2025-12-26,515210.SH,钢铁,cyclical_value,0.015966684556602117,1.6994045634982615,28.078817009413015,44,constituent_weighted
2025-12-26,561560.SH,电力,stable_value,0.02637572971620368,2.135240844928643,18.500545440575248,130,constituent_weighted
2026-01-23,512000.SH,证券,cyclical_value,0.014521942259013296,1.7978139957466948,17.1065412172688,50,constituent_weighted
2026-01-23,512800.SH,银行,stable_value,0.04561819889736039,0.6916968595620089,6.582103494899021,42,constituent_weighted
2026-01-23,512200.SH,地产,cyclical_value,0.008164044365948633,1.9917647654867903,51.170479402160296,100,constituent_weighted
2026-01-23,159928.SZ,消费,stable_value,0.037907215305229884,5.689563224257492,20.380030494738428,124,constituent_weighted
2026-01-23,512010.SH,医药,growth,0.012827097577797316,5.403834972994572,38.20084421532712,478,constituent_weighted
2026-01-23,512480.SH,半导体,growth,0.0014684372732015985,14.518849519010997,122.68137074464366,170,constituent_weighted
2026-01-23,159995.SZ,芯片,growth,0.0014684372732015985,14.518849519010997,122.68137074464366,170,constituent_weighted
2026-01-23,159819.SZ,人工智能,growth,0.006249381103341145,8.991339284246905,87.20593863091398,335,constituent_weighted
2026-01-23,512660.SH,军工,growth,0.0031811508805280144,7.174268135759146,106.82819309202694,138,constituent_weighted
2026-01-23,515030.SH,新能源车,growth,0.05557114673451932,2.378949436915253,16.159878076708022,37,constituent_weighted
2026-01-23,515790.SH,光伏,growth,0.009370475287319841,4.862189092506872,44.2195188575859,365,constituent_weighted
2026-01-23,512400.SH,有色,cyclical_value,0.009956763469201586,5.7253128434384575,33.931031744831,137,constituent_weighted
2026-01-23,515220.SH,煤炭,cyclical_value,0.05557114673451932,2.378949436915253,16.159878076708022,37,constituent_weighted
2026-01-23,515210.SH,钢铁,cyclical_value,0.015277635368484949,1.8112792347671551,30.01097142998304,44,constituent_weighted
2026-01-23,561560.SH,电力,stable_value,0.02613508725346984,2.1893780530408726,18.563079401242295,131,constituent_weighted
2026-02-27,512000.SH,证券,cyclical_value,0.016277646250531224,1.7713848978531308,16.751474965910063,50,constituent_weighted
2026-02-27,512800.SH,银行,stable_value,0.04822949650210391,0.6809542731365066,6.469442447951244,42,constituent_weighted
2026-02-27,512200.SH,地产,cyclical_value,0.008396683887477552,1.9355323162188571,54.1000623469376,100,constituent_weighted
2026-02-27,159928.SZ,消费,stable_value,0.03597250344934053,5.7968931298540305,20.84770123591034,124,constituent_weighted
2026-02-27,512010.SH,医药,growth,0.013543091583069454,5.041045306122283,35.98435103343625,479,constituent_weighted
2026-02-27,512480.SH,半导体,growth,0.0015783012807643155,13.82603628501759,118.85848066200772,171,constituent_weighted
2026-02-27,159995.SZ,芯片,growth,0.0015783012807643155,13.82603628501759,118.85848066200772,171,constituent_weighted
2026-02-27,159819.SZ,人工智能,growth,0.006523309435138063,8.615820425849488,83.66027049327394,334,constituent_weighted
2026-02-27,512660.SH,军工,growth,0.0033234141787241373,6.872423978557859,105.81696003188463,139,constituent_weighted
2026-02-27,515030.SH,新能源车,growth,0.05061116727363857,3.776712684663035,17.780135349090592,37,constituent_weighted
2026-02-27,515790.SH,光伏,growth,0.008727667748591354,4.94496454727522,44.09650465566451,364,constituent_weighted
2026-02-27,512400.SH,有色,cyclical_value,0.009500103984275747,6.285721431972111,35.836073983374646,138,constituent_weighted
2026-02-27,515220.SH,煤炭,cyclical_value,0.05061116727363857,3.776712684663035,17.780135349090592,37,constituent_weighted
2026-02-27,515210.SH,钢铁,cyclical_value,0.014281842970519116,2.093146820134296,32.104071431461236,44,constituent_weighted
2026-02-27,561560.SH,电力,stable_value,0.025472911244235223,2.2847031475344783,19.104481133713346,131,constituent_weighted
2026-03-27,512000.SH,证券,cyclical_value,0.01811322963070175,1.5478903198370115,15.117625739909007,50,constituent_weighted
2026-03-27,512800.SH,银行,stable_value,0.04653839484896775,0.7025446905741913,6.704180203338867,42,constituent_weighted
2026-03-27,512200.SH,地产,cyclical_value,0.009446880062872155,1.5569695789578113,56.96563863397879,99,constituent_weighted
2026-03-27,159928.SZ,消费,stable_value,0.03751792720040058,5.525849214759537,20.068216683071753,123,constituent_weighted
2026-03-27,512010.SH,医药,growth,0.014075753923948652,5.338548832721058,33.83590245634864,479,constituent_weighted
2026-03-27,512480.SH,半导体,growth,0.0017827642835198066,13.113726111508822,99.68257200055157,170,constituent_weighted
2026-03-27,159995.SZ,芯片,growth,0.0017827642835198066,13.113726111508822,99.68257200055157,170,constituent_weighted
2026-03-27,159819.SZ,人工智能,growth,0.007565338526690362,7.566363156810206,71.95692921252798,334,constituent_weighted
2026-03-27,512660.SH,军工,growth,0.003951693063811976,5.777378082893162,86.25418607093192,138,constituent_weighted
2026-03-27,515030.SH,新能源车,growth,0.04510512760723101,2.9608465645951187,20.274751479900445,37,constituent_weighted
2026-03-27,515790.SH,光伏,growth,0.008454673380793764,5.010329343601095,42.986858333501424,365,constituent_weighted
2026-03-27,512400.SH,有色,cyclical_value,0.011564501627483894,5.109020331670479,28.140456898214193,138,constituent_weighted
2026-03-27,515220.SH,煤炭,cyclical_value,0.04510512760723101,2.9608465645951187,20.274751479900445,37,constituent_weighted
2026-03-27,515210.SH,钢铁,cyclical_value,0.01691165929038008,2.000344763948235,27.309873125536587,43,constituent_weighted
2026-03-27,561560.SH,电力,stable_value,0.023480124987283243,2.54427074267494,20.729444443618572,131,constituent_weighted
2026-04-24,512000.SH,证券,cyclical_value,0.018038105788291924,1.5564147327384181,15.065083172197006,49,constituent_weighted
2026-04-24,512800.SH,银行,stable_value,0.044559828002115866,0.7173129853309164,6.888139480000378,42,constituent_weighted
2026-04-24,512200.SH,地产,cyclical_value,0.009336456902396727,1.646251960864986,65.55766003662559,97,constituent_weighted
2026-04-24,159928.SZ,消费,stable_value,0.036799617854687994,5.358029545021561,21.308601809398063,122,constituent_weighted
2026-04-24,512010.SH,医药,growth,0.013882190577707836,5.563010825672336,34.43690532983347,479,constituent_weighted
2026-04-24,512480.SH,半导体,growth,0.0015408282134911798,16.40093386135893,109.45957422308624,172,constituent_weighted
2026-04-24,159995.SZ,芯片,growth,0.0015369152099647117,16.382391029135125,109.57741579249578,173,constituent_weighted
2026-04-24,159819.SZ,人工智能,growth,0.007361155403501141,8.102164117062554,71.5136664216795,333,constituent_weighted
2026-04-24,512660.SH,军工,growth,0.0036552758870116208,6.501033647652193,87.0749879120598,139,constituent_weighted
2026-04-24,515030.SH,新能源车,growth,0.04500418805251794,2.600517255310355,19.92193198396107,37,constituent_weighted
2026-04-24,515790.SH,光伏,growth,0.009361425806779011,5.247299442608524,42.22915282804592,367,constituent_weighted
2026-04-24,512400.SH,有色,cyclical_value,0.011304450075186465,5.404151166671532,26.674633224121685,140,constituent_weighted
2026-04-24,515220.SH,煤炭,cyclical_value,0.04500418805251794,2.600517255310355,19.92193198396107,37,constituent_weighted
2026-04-24,515210.SH,钢铁,cyclical_value,0.015689177385496186,2.029779735737584,28.671631229385913,43,constituent_weighted
2026-04-24,561560.SH,电力,stable_value,0.0246322945261424,2.4085705357975704,19.800121296321564,131,constituent_weighted
2026-05-08,512000.SH,证券,cyclical_value,0.017738164659119628,1.5566839041918776,15.103738337454914,50,constituent_weighted
2026-05-08,512800.SH,银行,stable_value,0.042549137806022166,0.6869920993942742,6.724932121707952,42,constituent_weighted
2026-05-08,512200.SH,地产,cyclical_value,0.008640667361055024,2.012030656419706,31.536962653605364,99,constituent_weighted
2026-05-08,159928.SZ,消费,stable_value,0.037936346568081515,4.7427307823016305,22.536603362274878,121,constituent_weighted
2026-05-08,512010.SH,医药,growth,0.013876609841121164,7.5269846921664545,34.48940908098335,477,constituent_weighted
2026-05-08,512480.SH,半导体,growth,0.001437091081094883,19.40761542989585,105.49855962343288,173,constituent_weighted
2026-05-08,159995.SZ,芯片,growth,0.001437091081094883,19.40761542989585,105.49855962343288,173,constituent_weighted
2026-05-08,159819.SZ,人工智能,growth,0.0067355205595761285,8.857652696418747,75.20147161468066,333,constituent_weighted
2026-05-08,512660.SH,军工,growth,0.003428050186857985,7.147657203343487,84.56692495928506,137,constituent_weighted
2026-05-08,515030.SH,新能源车,growth,0.04625828753266926,3.2311124229883355,19.73851253469581,37,constituent_weighted
2026-05-08,515790.SH,光伏,growth,0.009189717141208514,5.401658842776756,43.002771348310986,365,constituent_weighted
2026-05-08,512400.SH,有色,cyclical_value,0.010763960704719498,5.658121123532155,25.588158282772195,140,constituent_weighted
2026-05-08,515220.SH,煤炭,cyclical_value,0.04625828753266926,3.2311124229883355,19.73851253469581,37,constituent_weighted
2026-05-08,515210.SH,钢铁,cyclical_value,0.015395448100345979,2.0432325096251356,28.90981631237553,44,constituent_weighted
2026-05-08,561560.SH,电力,stable_value,0.02400491872615174,2.548800792801749,20.453283357215334,131,constituent_weighted
