ts_code,trade_date,close,turnover_rate,turnover_rate_f,volume_ratio,pe,pe_ttm,pb,ps,ps_ttm,dv_ratio,dv_ttm,total_share,float_share,free_share,total_mv,circ_mv
600230.SH,20250725,14.4,12.7738,23.6599,0.73,214.9009,382.8222,1.4957,1.1755,1.2218,0.9634,0.1458,41396.1015,41396.1015,22349.3591,596103.8616,596103.8616
301552.SZ,20250725,39.98,6.6111,6.6111,0.75,25.3352,25.1914,3.4177,6.222,5.9983,0.0,1.7866,9520.0,2380.0,2380.0,380609.6,95152.4
688528.SH,20250725,11.26,1.2787,3.7942,0.67,,,3.6688,5.9019,6.8703,,,16800.0,16800.0,5661.896,189168.0,189168.0
605028.SH,20250725,19.55,2.9868,11.9473,1.44,18.2152,18.3416,2.4424,8.7087,9.0849,3.0691,4.0921,16000.0,16000.0,4000.0,312800.0,312800.0
600237.SH,20250725,7.67,2.574,3.3694,0.61,50.5303,48.9805,2.5942,3.7557,3.6093,0.0,,63070.9155,62167.6155,47491.8898,483753.9219,476825.6109
002465.SZ,20250725,13.01,2.2027,3.0313,0.76,607.6628,574.3529,2.5825,6.5632,6.7059,1.153,0.4612,248183.3948,247788.7109,180057.4224,3228865.9663,3223731.1288
300732.SZ,20250725,8.6,15.8743,30.5078,1.23,,,1.0972,1.8585,1.8191,2.3255,,32431.5368,32390.4885,16853.944,278911.2165,278558.2011
002428.SZ,20250725,21.99,9.1668,11.4596,1.49,270.4955,192.0318,9.9184,18.7152,16.3791,0.091,0.1364,65312.0,65303.5625,52237.7225,1436210.88,1436025.3394
600007.SH,20250725,20.99,0.2682,1.3858,0.95,16.7483,17.0875,2.3873,5.4045,5.4495,6.1934,5.2406,100728.2534,100728.2534,19492.2293,2114286.0389,2114286.0389
688701.SH,20250725,9.15,1.8606,3.7119,0.94,,,6.1408,5.0667,5.8915,,,13427.7372,13427.7372,6730.7755,122863.7954,122863.7954
000756.SZ,20250725,17.1,5.3263,10.4676,1.09,25.0949,26.7926,2.367,1.3932,1.4006,1.5842,1.606,68977.6535,49262.3924,25066.7844,1179517.8749,842386.91
688118.SH,20250725,26.88,8.6065,11.1496,1.14,376.9976,134.9369,3.0202,5.8787,6.2255,0.372,0.558,9181.7613,9181.7613,7087.4804,246805.7437,246805.7437
300068.SZ,20250725,15.14,2.8931,3.3436,0.8,,,3.5976,1.703,2.2143,0.4126,,89803.9858,85239.0439,73756.3948,1359632.345,1290519.1246
920491.BJ,20250725,28.82,2.0413,2.1971,0.67,46.4062,45.0552,4.1115,6.591,6.26,0.694,1.0409,14114.318,11557.5071,10738.0269,406774.6448,333087.3546
603829.SH,20250725,17.58,1.2509,4.9502,0.57,22.2942,20.7236,2.6692,1.3198,1.3,0.5688,0.711,16000.8269,16000.8269,4043.4569,281294.5369,281294.5369
002646.SZ,20250725,10.21,3.4736,5.9802,0.67,116.7963,3790.65,1.7099,3.9218,4.2411,1.5965,0.431,48200.2974,47592.9624,27644.6584,492125.0365,485924.1461
003025.SZ,20250725,13.99,1.7144,3.0299,0.99,21.8535,21.261,3.4092,6.3671,6.2133,1.1913,1.3105,28395.3558,23849.8831,13494.9255,397251.0276,333659.8646
300552.SZ,20250725,27.94,2.8116,3.5785,1.24,,,3.2001,6.4018,6.1978,0.0,,21313.3112,13339.6226,10480.9463,595493.9149,372709.0554
300801.SZ,20250725,22.71,3.7125,5.7055,0.68,41.1394,46.2944,2.0374,2.1033,1.9911,1.0496,0.7813,21843.0,13687.9425,8906.6675,496054.53,310853.1742
601369.SH,20250725,9.0,0.5902,1.5501,0.71,14.8919,14.7074,1.7946,1.5093,1.4996,6.3411,5.0025,172347.4492,170579.5987,64950.7364,1551127.0428,1535216.3883
002518.SZ,20250725,23.03,1.6458,4.1589,1.22,34.0144,35.1698,3.1012,3.224,3.1392,1.9696,0.9987,58222.5094,56519.7914,22366.1816,1340864.3915,1301650.7959
600597.SH,20250725,8.72,0.9026,1.8664,0.93,16.6476,17.4017,1.2412,0.4951,0.4961,2.5229,,137847.3763,137845.5363,66659.4767,1202029.1213,1202013.0765
603515.SH,20250725,18.46,0.133,0.8875,0.55,15.2064,14.8724,2.2181,1.9349,1.9604,4.5561,4.8536,74381.7633,73635.4775,11038.2639,1373087.3505,1359310.9147
603105.SH,20250725,8.55,1.1189,1.8437,0.81,22.0833,22.5055,2.1661,6.206,6.3792,1.7544,2.3392,50000.6519,50000.6519,30344.6519,427505.5737,427505.5737
603132.SH,20250725,13.32,0.5434,5.4232,0.93,27.3122,26.5872,4.2055,8.4642,8.2287,3.0781,2.9279,97800.0,97800.0,9800.0,1302696.0,1302696.0
002913.SZ,20250725,34.73,2.1532,6.0269,0.79,31.1987,31.1384,2.5635,2.414,2.3189,0.907,1.7276,31736.0504,26526.8874,9476.8874,1102193.0304,921278.7994
600956.SH,20250725,7.89,0.2153,1.7478,0.9,19.8419,18.4888,1.4636,1.5526,1.6285,2.7123,2.7123,420569.3073,234808.8677,28924.7424,3318291.8346,1852641.9662
601818.SH,20250725,4.08,0.3752,1.0859,1.03,5.7816,5.7763,0.5059,1.7802,1.7988,4.2402,4.6324,5908555.1061,4640681.5561,1603602.1164,24106904.8329,18933980.7489
600926.SH,20250725,16.37,0.8084,1.263,0.97,6.9875,6.3635,0.9607,3.0918,3.0323,4.4692,3.581,724900.2548,724900.2548,463946.5687,11866617.1711,11866617.1711
002166.SZ,20250725,8.26,3.2322,3.4334,1.02,37.5796,36.6785,2.0172,3.4575,3.2674,2.3964,1.1857,74162.3525,44756.634,42134.3665,612581.0317,369689.7968
920047.BJ,20250725,22.71,5.3855,5.8938,1.75,,,19.2562,86.377,86.0204,,,27427.1974,18010.6427,16457.4419,622871.653,409021.6957
000529.SZ,20250725,6.39,0.9093,2.0522,0.91,30.6333,30.5749,1.1971,1.5971,1.6303,2.3474,1.8779,58379.033,56988.4377,25250.7268,373042.0209,364156.1169
300559.SZ,20250725,11.93,3.3744,4.6811,1.43,130.985,240.4351,4.1623,11.0864,12.8504,1.2493,1.2573,39951.4567,31113.6833,22428.3245,476620.8784,371186.2418
300247.SZ,20250725,4.08,2.1757,2.5463,1.05,70.015,57.5399,2.9922,4.7627,4.2935,0.0,,80404.0313,80327.5313,68636.3011,328048.4477,327736.3277
603038.SH,20250725,14.77,2.06,3.7983,1.33,171.781,144.3624,2.9311,3.7635,3.5235,0.2604,0.3385,26867.7106,26867.7106,14571.3357,396836.0856,396836.0856
002030.SZ,20250725,7.11,14.7313,21.5464,3.63,,,1.2579,11.6978,12.112,0.211,,140344.6032,140344.6032,95953.7128,997850.1288,997850.1288
600157.SH,20250725,1.51,4.2669,5.2328,1.0,21.111,28.7727,0.7046,1.1618,1.235,0.3709,0.3709,2181776.4145,2181776.4145,1779047.1763,3294482.3859,3294482.3859
001208.SZ,20250725,12.15,14.5168,17.7942,0.79,59.541,53.8681,3.9988,1.5616,1.524,0.4115,0.5103,53442.4,27007.2747,22033.035,649325.16,328138.3876
002772.SZ,20250725,8.25,1.6204,2.5403,0.92,25.3398,22.9303,1.0028,1.6764,1.6887,3.6364,3.4653,39324.1359,39013.5165,24886.6794,324424.1212,321861.5111
603212.SH,20250725,11.59,2.4939,4.4536,0.6,,,1.92,1.6879,1.8359,0.6212,,43749.0636,43749.0636,24498.2398,507051.6471,507051.6471
920099.BJ,20250725,34.32,5.5082,5.7605,1.88,23.2048,22.5684,3.2366,4.8466,4.8295,1.4569,2.0396,7839.9998,3938.4433,3765.9419,269068.7931,135167.3741
002394.SZ,20250725,9.86,8.2146,13.8063,0.41,15.8357,12.5606,0.7701,0.7638,0.8025,0.0,1.0142,32370.0,32328.5606,19235.1506,319168.2,318759.6075
002723.SZ,20250725,7.69,3.2463,4.6868,0.85,,,2.4502,1.5998,1.6434,0.2471,,31800.6876,31711.3383,21964.8534,244547.2876,243860.1915
300050.SZ,20250725,5.69,2.8836,3.4988,1.16,,,7.8179,11.0026,11.3443,0.0,,54484.6718,54451.4549,44876.9849,310017.7825,309828.7784
603819.SH,20250725,14.83,2.8127,5.9604,1.36,,,4.108,2.521,2.412,2.0229,0.1349,21773.0187,21773.0187,10274.5188,322893.8673,322893.8673
920656.BJ,20250725,18.89,16.9477,16.9477,1.41,37.2215,39.983,2.9231,11.3652,11.3603,2.1175,1.0588,10000.0,2500.0125,2500.0125,188900.0,47225.2361
000612.SZ,20250725,8.83,2.5742,3.4113,0.61,17.882,17.2777,1.6857,1.6283,1.5894,1.5855,1.4723,119219.9394,119142.0144,89906.1453,1052712.0649,1052023.9872
301101.SZ,20250725,46.16,2.8909,8.9109,1.5,52.6162,51.1861,5.755,12.0756,11.9968,0.6474,1.079,20151.21,19091.685,6193.8936,930179.8536,881272.1796
605337.SH,20250725,12.83,2.2943,5.8038,1.14,22.6117,21.7178,3.214,3.5762,3.6129,3.8285,3.8285,39443.3036,39443.3036,15592.6638,506057.5852,506057.5852
300239.SZ,20250725,6.01,1.7497,2.3958,1.07,41.4919,45.1216,2.1251,4.0315,4.2922,0.3661,0.4086,59360.7933,58976.1783,43071.5339,356758.3677,354446.8316
601333.SH,20250725,3.05,0.9441,1.7654,0.94,20.3788,22.0141,0.7817,0.7975,0.7889,2.2951,2.2951,708353.7,565223.7,302278.57,2160478.785,1723932.285
688678.SH,20250725,20.8,7.5289,12.5524,1.51,98.9032,129.9549,3.0009,4.1961,3.9144,0.9583,0.4808,25926.9037,25926.9037,15550.863,539279.597,539279.597
301391.SZ,20250725,44.19,1.1283,1.7467,0.64,217.0195,1162.3666,2.0331,6.5311,6.9318,1.2868,0.2632,9501.4811,4931.6694,3185.7573,419870.4498,217930.4708
300583.SZ,20250725,18.33,2.3153,4.3241,1.07,,,1.9214,3.5826,3.5264,2.455,0.0546,18970.2126,18614.8926,9967.0744,347723.997,341210.9814
300636.SZ,20250725,8.27,2.2266,2.7955,1.32,32.5846,41.4426,1.5103,4.5764,4.6975,0.4855,0.4837,41995.1495,36735.7684,29259.7589,347299.8864,303804.8047
002952.SZ,20250725,20.97,1.7588,4.6174,1.05,205.1439,255.1273,3.9995,4.7601,4.4726,0.3769,0.2355,16434.0,13204.5032,5029.6542,344620.98,276898.4321
601969.SH,20250725,8.51,5.9104,27.1275,3.27,24.0762,27.4624,2.4428,4.1839,4.1036,1.4016,1.1679,199879.2238,197809.6038,43098.0852,1700972.1945,1683359.7283
000411.SZ,20250725,11.2,1.46,3.4411,1.07,11.1226,11.2531,1.3089,0.1753,0.1761,2.7201,3.4216,52189.2509,32277.7045,13695.2291,584519.6101,361510.2904
603238.SH,20250725,17.68,2.8401,7.2435,2.34,32.9565,29.8398,2.2784,1.4032,1.3035,1.6968,1.6968,17750.9,17750.9,6960.0,313835.912,313835.912
603386.SH,20250725,13.49,1.8883,4.4385,1.06,,,3.2431,1.8754,1.7936,0.6375,,32632.256,32632.256,13882.806,440209.1334,440209.1334
300456.SZ,20250725,17.88,2.812,3.4433,1.22,,,2.5952,10.8673,10.922,0.1957,,73221.3134,59349.6578,48468.5821,1309197.0836,1061171.8815
000657.SZ,20250725,19.08,20.3425,36.8441,2.09,46.2849,39.6531,4.7215,2.9494,2.8668,0.4178,0.8386,227895.438,124730.9137,68867.114,4348244.957,2379865.8334
603395.SH,20250725,34.18,3.8684,3.8684,0.66,95.3859,95.7432,6.4605,2.5497,2.4419,,0.3376,26000.0,5359.6492,5359.6492,888680.0,183192.8097
688027.SH,20250725,274.42,1.3869,1.8192,1.18,,,8.7677,111.4072,107.1577,,,10286.1001,8037.437,6127.437,2822711.5894,2205633.4615
603429.SH,20250725,8.88,2.6987,4.578,1.11,,,3.7526,10.1696,13.3382,1.6187,,52448.5465,52448.5465,30918.0165,465743.0929,465743.0929
300917.SZ,20250725,46.69,6.9016,17.938,1.38,64.8696,65.8143,7.1458,2.7555,2.7036,0.4712,0.5354,16900.0,16900.0,6502.265,789061.0,789061.0
301266.SZ,20250725,34.81,2.1385,5.1406,0.7,99.0566,101.6443,2.1455,1.1677,1.1899,0.7341,0.2873,10987.8593,10424.0093,4336.5093,382487.3822,362859.7637
603883.SH,20250725,19.2,2.5784,4.9877,0.88,28.1157,32.5434,2.1553,0.6527,0.6558,4.3674,2.1394,76009.5613,75889.0236,39231.3026,1459383.577,1457069.2531
300517.SZ,20250725,11.7,3.1639,4.2452,0.7,101.9316,227.3668,2.2995,5.5878,5.8448,0.1856,1.0296,20040.9524,12402.1799,9243.2617,234479.1431,145105.5048
600638.SH,20250725,6.12,1.752,2.7989,0.79,50.4377,26.4511,0.9009,1.4102,1.3749,0.4575,0.4575,67339.6786,67339.6786,42152.1523,412118.833,412118.833
300417.SZ,20250725,13.28,4.4121,5.3516,1.6,121.0162,115.0203,3.9235,14.3747,13.6743,0.6024,0.6024,13456.32,8699.9738,7172.6355,178699.9296,115535.6521
002756.SZ,20250725,37.82,6.9734,7.9591,1.19,19.5394,26.5953,1.6583,2.5253,2.6961,6.5077,2.5883,53910.154,38869.4078,34055.6526,2038882.0243,1470041.003
920245.BJ,20250725,34.36,7.5963,15.8099,0.59,82.5044,87.0934,5.0684,5.0536,4.973,0.4283,0.4366,4969.5,3799.5962,1825.6283,170752.02,130554.1254
688022.SH,20250725,14.78,1.9379,2.9562,0.68,,,3.9117,5.4845,6.5308,,,17587.8324,17587.8324,11529.5327,259948.1629,259948.1629
002404.SZ,20250725,6.61,1.3356,2.0371,0.87,23.0322,22.8897,1.975,0.8116,0.8074,4.5386,4.5386,56005.1541,45578.7096,29883.602,370194.0686,301275.2705
600057.SH,20250725,7.54,0.6025,1.2993,0.92,14.9138,13.9189,1.293,0.0577,0.0589,3.2218,3.262,280636.9661,219251.0201,101661.7309,2116002.7244,1653152.6916
000921.SZ,20250725,26.95,1.2918,2.9546,1.0,11.154,10.6875,2.2546,0.4026,0.3968,3.7574,3.7574,138561.6805,91822.9193,40147.0523,3734237.2895,2474627.6751
002496.SZ,20250725,1.72,1.6154,1.6712,0.96,,,1.9298,9.2606,8.7363,0.0,,150758.9677,118138.6559,114196.4999,259305.4244,203198.4881
601018.SH,20250725,3.75,0.3654,1.8827,0.94,14.8961,14.7412,0.9439,2.5417,2.529,2.4267,2.88,1945438.8399,1580741.737,306805.4656,7295395.6496,5927781.5138
600749.SH,20250725,19.26,7.9002,14.5302,1.16,261.9632,159.7513,4.2325,20.4831,20.2331,0.0,,22696.5517,22696.5517,12340.3559,437135.5857,437135.5857
002657.SZ,20250725,30.95,19.9955,21.8424,1.2,,,5.8543,9.0203,8.6418,0.0,,34005.1995,33635.6264,30791.6213,1052460.9245,1041022.6371
001259.SZ,20250725,26.33,5.9661,5.9661,1.17,178.8745,3755.3516,2.7206,5.0802,5.2873,1.5058,0.6002,7358.8888,2192.8888,2192.8888,193759.5421,57738.7621
000981.SZ,20250725,2.08,2.3697,4.092,0.84,,,17.5618,4.1839,4.2955,0.0,,999747.0888,951332.0768,550933.0438,2079473.9447,1978770.7197
301032.SZ,20250725,13.34,3.6572,6.6303,0.67,40.6634,39.4328,2.7678,1.4232,1.4108,0.2249,0.7496,24113.34,15987.2775,8818.3975,321671.9556,213270.2819
000408.SZ,20250725,47.09,0.6312,1.4372,0.91,28.6598,26.427,5.1111,22.7458,23.1894,2.2514,0.5522,157022.5745,157020.9245,68960.4908,7394193.0332,7394115.3347
600117.SH,20250725,3.8,7.7838,18.1587,3.81,,,2.7926,2.1636,2.1852,0.0,,325511.4857,325511.4857,139531.1068,1236943.6457,1236943.6457
000601.SZ,20250725,5.36,2.466,3.6105,0.58,75.5139,81.8337,1.4305,1.304,1.2608,0.0,3.6673,108055.1669,108046.0052,73796.3126,579175.6946,579126.5879
600919.SH,20250725,11.37,0.7455,1.0327,1.03,6.5526,6.4042,0.882,2.5819,2.5408,4.1336,4.5789,1835132.4463,1835132.4463,1324741.9932,20865455.9144,20865455.9144
300980.SZ,20250725,23.0,3.0886,3.6397,0.82,124.426,116.6894,2.3091,6.6873,6.351,1.0213,0.7634,13835.6888,9834.1448,8345.3198,318220.8424,226185.3304
605266.SH,20250725,22.14,2.2253,4.2855,1.15,26.7047,31.278,1.3511,0.3686,0.3694,4.839,4.7631,15454.2928,15454.2928,8024.8384,342158.0426,342158.0426
603326.SH,20250725,9.06,1.755,5.5739,1.54,23.807,20.2752,2.6678,2.0187,1.9691,3.0166,5.5441,31917.693,31917.693,10049.343,289174.2986,289174.2986
688236.SH,20250725,22.4,1.9859,3.3066,1.96,68.7421,67.1982,2.9854,10.6619,10.5571,1.9842,1.9842,38356.85,28842.8,17323.01,859193.44,646078.72
002241.SZ,20250725,23.79,2.2872,2.9458,0.62,31.1675,30.1569,2.5047,0.8228,0.848,1.0237,1.2375,349149.7159,308431.9307,239476.3856,8306271.7413,7337595.6314
300775.SZ,20250725,27.19,3.816,5.5124,0.89,39.1724,43.5546,2.6794,9.3657,10.0457,0.6727,0.7356,54753.935,53157.5436,36798.6693,1488759.4927,1445353.6105
300043.SZ,20250725,4.61,5.2438,8.023,1.19,,,4.0802,4.2162,3.895,0.0,0.2164,124419.8401,124353.9501,81276.2934,573575.4629,573271.71
603685.SH,20250725,14.72,1.8198,3.6302,0.75,224.3909,577.1929,2.232,1.9654,2.0248,1.1141,0.1495,16900.9125,16900.9125,8472.48,248781.432,248781.432
688526.SH,20250725,17.31,0.7831,2.8794,1.08,21.1028,20.0037,2.0882,8.5662,8.215,2.4764,2.4723,46612.8056,46612.8056,12677.3149,806867.6649,806867.6649
000301.SZ,20250725,9.11,0.1731,0.513,0.64,,,1.789,0.4375,0.4589,1.0977,,661122.7974,660855.3402,222938.9895,6022828.6843,6020392.1492
920002.BJ,20250725,131.35,5.6884,8.6519,0.55,103.8142,96.6445,8.6507,17.2888,17.1483,,0.2175,4550.2968,3185.7967,2094.6064,597681.4847,418454.3965
002164.SZ,20250725,9.25,3.4312,5.423,0.6,107.2126,90.4107,3.5435,3.3677,3.3056,0.0,,53217.3689,47977.5218,30355.8761,492260.6623,443792.0767
301077.SZ,20250725,21.52,2.904,4.8271,0.45,24.7155,24.2145,3.2618,4.619,4.6041,2.8425,3.5239,17007.8941,9540.2629,5739.518,366009.881,205306.4576
600548.SH,20250725,10.34,0.2967,1.5412,0.93,22.9173,22.7771,1.1696,2.8382,2.9224,4.2582,2.3598,253785.6127,143327.0326,27593.7696,2624143.2353,1482001.5171
600381.SH,20250725,4.12,0.835,1.4347,1.18,,,2.3224,8.9493,8.9806,0.0,,58706.0741,58706.0741,34168.2758,241869.0253,241869.0253
600602.SH,20250725,23.47,7.6132,13.5858,1.26,158.5984,173.9797,6.7832,5.7088,5.7239,0.1832,0.1917,136767.3455,107430.299,60201.6978,3209929.5989,2521389.1175
002707.SZ,20250725,7.83,4.4938,5.5033,1.03,72.647,79.4626,8.7576,1.192,1.1666,0.0,,98271.5033,82520.7225,67382.439,769465.8708,646137.2572
000603.SZ,20250725,16.17,2.1126,3.5659,0.52,28.6046,27.4057,3.7619,5.5418,5.3064,0.4611,0.6184,68996.9346,66671.6359,39498.3563,1115680.4325,1078080.3525
301002.SZ,20250725,22.16,3.0206,3.9763,0.75,,,3.6183,3.0819,3.0179,0.4513,,12287.6546,7332.3773,5570.1376,272294.4259,162485.481
000042.SZ,20250725,8.21,1.0432,2.2373,0.82,,,1.5727,1.2624,1.4867,0.0,,66483.1139,66413.1202,30965.6689,545826.3651,545251.7168
601069.SH,20250725,19.82,2.2017,6.2917,0.57,62.3583,61.8245,3.8376,2.5791,2.4024,0.0,0.2541,91099.9123,68399.276,23934.9008,1805600.2618,1355673.6503
002205.SZ,20250725,13.3,20.5729,29.4773,1.45,,,7.0719,3.6454,3.7901,0.0,,18584.3228,18584.3228,12970.4108,247171.4932,247171.4932
301066.SZ,20250725,16.54,5.237,13.6402,1.96,88.9704,93.4916,4.6548,4.6759,4.5678,0.3572,0.6566,18884.0162,18878.6643,7248.3031,312341.6279,312253.1075
301238.SZ,20250725,18.77,0.9552,3.2834,0.74,162.7011,202.0483,1.939,6.5485,6.8451,1.0655,0.5328,73333.33,73333.33,21333.33,1376466.6041,1376466.6041
600980.SH,20250725,24.05,13.2538,24.4862,1.32,43.0156,42.5672,3.2665,3.8316,3.728,0.341,0.5405,18926.3526,17567.7206,9509.029,455178.78,422503.6804
600252.SH,20250725,2.72,1.262,1.782,1.01,,,1.5039,3.9687,4.0836,0.3782,,331334.5567,330228.0267,233868.3465,901229.9942,898220.2326
002136.SZ,20250725,10.98,3.0882,4.4167,0.76,209.7437,,2.0288,1.2513,1.2469,0.9107,,21502.0,21445.576,14994.9976,236091.96,235472.4245
300199.SZ,20250725,18.69,8.5513,9.1449,0.76,,,25.4594,27.9699,22.013,0.0,,88324.1336,70628.3126,66043.5295,1650778.057,1320043.1625
603080.SH,20250725,18.19,3.0639,5.7745,1.67,16.4103,15.5144,1.7199,1.7416,1.6903,2.5838,3.0786,14150.0,14150.0,7507.88,257388.5,257388.5
002827.SZ,20250725,53.96,26.3156,63.5674,4.46,100.5139,95.0293,16.488,8.8004,8.573,0.278,0.278,27600.0,27599.8875,11425.7881,1489296.0,1489289.9295
688433.SH,20250725,34.47,1.4811,3.405,0.68,212.4244,337.2006,7.3717,29.019,28.9224,0.2786,0.1418,41416.88,20210.432,8791.0756,1427639.8536,696653.591
603868.SH,20250725,37.85,0.3096,3.0931,1.11,36.0097,35.9399,5.5038,3.9756,3.9922,6.0766,1.321,43560.0,43560.0,4360.0,1648746.0,1648746.0
603506.SH,20250725,13.47,3.0945,7.8989,1.86,115.4684,82.7581,2.255,1.4009,1.3928,2.5709,,18777.7779,18777.7779,7356.4453,252936.6683,252936.6683
688358.SH,20250725,32.79,2.1098,7.5337,0.98,26.1668,26.9187,2.7227,7.8442,8.0659,2.4343,3.0429,11212.4537,11212.4537,3140.0581,367656.3568,367656.3568
605277.SH,20250725,24.01,10.7833,23.7921,0.85,50.8684,48.4969,5.2796,2.2052,2.0928,0.6794,0.6247,32429.7261,31398.2369,14230.6271,778637.7237,753871.668
605167.SH,20250725,11.11,1.1799,3.1582,0.69,20.7455,21.0209,2.7345,1.4285,1.4246,0.3826,1.0054,44907.0,44907.0,16777.5387,498916.77,498916.77
603650.SH,20250725,33.5,1.7985,4.8476,1.6,38.828,37.6785,6.5189,6.1356,6.0006,2.499,2.2278,59896.2122,59576.6579,22103.3879,2006523.1087,1995818.0397
920469.BJ,20250725,14.46,4.542,5.8082,0.55,56.6185,89.5178,4.3752,2.4919,2.5084,0.798,0.3458,14094.6,9794.9051,7659.6736,203807.916,141634.3277
300804.SZ,20250725,45.86,27.0348,27.0348,2.76,97.8522,99.4603,2.5306,4.6907,4.6319,0.0,,7400.0,2750.0,2750.0,339364.0,126115.0
601696.SH,20250725,15.13,11.2976,21.6196,1.14,46.3704,42.6925,2.302,14.5543,13.8991,0.3371,0.3371,277800.0,277800.0,145168.4209,4203114.0,4203114.0
001356.SZ,20250725,15.08,6.7395,6.7395,1.08,40.3767,44.1271,4.4166,3.9169,3.9187,,0.252,58932.0,12523.05,12523.05,888694.56,188847.594
002582.SZ,20250725,9.61,2.5151,2.8463,0.81,,,1.3731,2.6013,2.7342,10.1319,14.075,45195.4369,34406.9017,30403.6436,434328.1486,330650.3253
001298.SZ,20250725,29.05,7.1053,7.1053,0.83,286.07,200.3706,5.4537,1.1921,1.1591,0.3277,0.1424,29683.5996,15408.4852,15408.4852,862308.5684,447616.4951
688510.SH,20250725,22.86,1.8054,2.4745,0.56,46.6834,47.0449,5.237,8.3992,8.2416,0.8749,0.8749,25838.2608,25838.2608,18851.9694,590662.6419,590662.6419
301528.SZ,20250725,57.6,2.2443,3.2271,0.68,69.0931,58.2304,2.3794,22.0088,19.4392,0.2188,0.2813,6190.0,3184.9956,2215.0178,356544.0,183455.7466
301167.SZ,20250725,17.07,3.3511,3.3511,0.58,122.8142,71.3926,2.0355,5.3997,5.2176,1.2654,0.3515,11200.0,6953.0354,6953.0354,191184.0,118688.3143
001286.SZ,20250725,9.19,1.7012,2.6154,0.66,11.4543,12.649,1.4233,1.4883,1.517,3.9173,4.4614,375000.0,105000.0,68298.5948,3446250.0,964950.0
600203.SH,20250725,10.08,13.624,18.8861,3.08,,,3.6979,0.5618,0.5799,0.0,,59298.8082,59298.8082,42776.868,597731.9867,597731.9867
600693.SH,20250725,5.91,2.8446,7.698,1.03,118.2138,113.2171,1.4569,2.8313,2.8267,1.5228,1.3536,86984.6246,86895.2782,32109.3183,514079.1314,513551.0942
002940.SZ,20250725,57.59,11.2588,19.2317,1.31,144.6144,170.7909,7.6261,7.5542,7.8741,0.361,0.211,20172.8186,18527.5467,10846.5886,1161752.6232,1067001.4145
000039.SZ,20250725,8.3,1.8963,2.4567,0.74,15.0581,13.0394,0.9473,0.2519,0.2469,0.2622,2.1205,539252.0385,230140.7141,177640.7141,4475791.9196,1910167.927
002508.SZ,20250725,19.6,0.7673,1.6165,0.86,11.7413,12.1927,1.6754,1.6518,1.6758,7.6463,5.0998,94493.8916,93355.1787,44316.1702,1852080.2754,1829761.5025
603020.SH,20250725,9.3,0.7737,1.1724,0.59,22.405,22.673,1.1045,1.3281,1.401,1.0539,1.8971,38323.7774,38323.7774,25290.3508,356411.1298,356411.1298
300515.SZ,20250725,25.28,2.9595,5.3941,0.58,36.314,34.2207,6.7107,9.0212,8.7664,0.5597,1.1579,20575.45,18026.7265,9890.4965,520147.376,455715.6459
688562.SH,20250725,18.35,2.1247,2.1247,0.98,,,4.3369,6.3117,6.3824,0.2452,0.2452,40000.0,17302.0,17302.0,734000.0,317491.7
301338.SZ,20250725,45.91,10.3971,10.3971,0.79,69.2724,52.5501,3.3055,5.7026,5.4356,0.3485,0.4356,10640.0,3430.0,3430.0,488482.4,157471.3
000911.SZ,20250725,7.75,4.5129,9.645,0.64,113.4831,106.2482,23.682,0.9541,1.0168,0.0,,40031.9818,40031.9818,18731.2137,310247.859,310247.859
601555.SH,20250725,10.37,4.737,6.6094,1.71,21.7758,17.8298,1.2522,4.4674,4.1552,2.5362,3.0087,496870.2837,496870.2837,356109.0216,5152544.842,5152544.842
002980.SZ,20250725,20.54,3.3078,5.4449,0.96,28.0655,27.7219,3.7669,4.8111,4.582,2.0462,2.5322,18914.116,10037.556,6097.9245,388495.9426,206171.4002
600425.SH,20250725,4.3,5.0287,7.0937,0.45,19.5105,22.1053,1.1194,1.5943,1.6143,2.3256,2.3256,160470.3707,137879.0086,97742.244,690022.594,592879.737
002606.SZ,20250725,9.57,3.4419,4.777,0.61,19.9036,19.0575,2.4328,2.8087,2.7137,0.6933,0.7657,43907.322,42114.2055,30343.3746,420193.0715,403032.9466
920703.BJ,20250725,16.75,1.4906,2.3177,0.6,16.3757,19.3918,2.398,4.6668,5.7098,2.1322,1.7058,15072.4,7626.5147,4905.0463,252462.7,127744.1212
002543.SZ,20250725,11.87,0.4868,1.3924,1.07,13.4218,13.1557,1.8548,1.2022,1.1527,5.0058,3.6848,74360.0,66161.1003,23130.3926,882653.2,785332.2606
002642.SZ,20250725,8.05,4.6861,5.9342,1.52,189.4812,223.9964,4.5509,2.6344,2.9697,0.0,,66158.0313,66158.0313,52243.3661,532572.152,532572.152
688123.SH,20250725,75.48,2.6498,3.5979,0.85,41.1155,35.2406,5.2643,11.6064,11.4522,0.2637,0.3975,15811.5819,15811.5819,11645.2664,1193458.2018,1193458.2018
688777.SH,20250725,47.77,1.5122,1.9646,0.94,33.8111,34.5957,3.8262,4.1327,4.1929,1.4599,1.4771,79059.1256,78262.3493,60243.2524,3776654.4299,3738592.4261
301339.SZ,20250725,17.64,6.1194,6.1194,1.25,48.8191,48.2343,3.8783,11.4315,11.2763,1.1927,1.2958,58033.332,16806.0869,16806.0869,1023707.9765,296459.3729
603808.SH,20250725,8.3,1.0287,2.3214,0.99,,,1.2171,1.0091,1.0289,2.8496,0.5937,36909.2878,36909.2878,16355.0864,306347.0887,306347.0887
688280.SH,20250725,7.5,2.1361,3.3837,0.75,,,7.0347,3.3923,3.087,,,59022.1667,52054.4145,32861.0486,442666.2503,390408.1088
600048.SH,20250725,8.38,1.5055,2.5398,1.14,20.0577,317.6062,0.5141,0.3219,0.3468,4.8497,4.8497,1197044.3418,1197044.3418,709550.0956,10031231.5843,10031231.5843
000881.SZ,20250725,8.07,1.7998,2.8752,0.87,,,1.4768,1.2369,1.2888,0.0,,94542.5815,83373.484,52189.25,762958.6327,672824.0159
300335.SZ,20250725,5.98,7.0082,7.6973,0.98,58.7709,48.4167,1.5084,2.557,2.4995,2.0067,1.6722,47701.2388,38416.1164,34977.2651,285253.408,229728.3761
300811.SZ,20250725,57.26,5.1045,7.9555,0.84,44.0794,43.8179,6.2383,9.9592,9.6784,0.2417,0.3489,28923.4574,23034.0837,14779.4492,1656157.1707,1318931.6327
603262.SH,20250725,39.11,54.0475,54.0475,,89.6812,87.8648,10.7187,15.6154,15.049,,,40001.0,3880.2645,3880.2645,1564439.11,151757.1446
601020.SH,20250725,21.42,6.2324,8.3276,0.8,69.3332,67.3409,5.2052,10.8832,10.7895,0.13,0.1867,81996.4698,81996.4698,61366.5418,1756364.3831,1756364.3831
603578.SH,20250725,14.7,7.1762,16.5392,5.67,,,2.5875,2.6108,2.3397,0.8844,,18035.7032,18035.7032,7825.5032,265124.837,265124.837
000838.SZ,20250725,2.9,1.5685,2.3561,0.63,,,7.5029,3.852,5.7024,0.0,,110046.217,105376.5855,70154.1376,319134.0293,305592.098
603052.SH,20250725,27.7,3.8906,3.8906,1.17,78.3739,92.7132,4.8493,6.6502,6.2982,0.9253,0.637,18789.7282,5645.9682,5645.9682,520475.4711,156393.3191
300748.SZ,20250725,28.7,8.2232,14.4399,1.03,135.3071,112.5548,5.6202,5.8226,5.6408,1.1764,0.692,137213.1923,113433.9915,64598.0146,3938018.619,3255555.5561
001326.SZ,20250725,34.65,3.9029,4.4902,1.29,25.0322,34.7596,2.0856,1.7246,1.71,4.2713,2.7706,7320.0,2410.3328,2095.0773,253638.0,83518.0315
001279.SZ,20250725,40.25,3.9663,3.9663,0.95,78.2349,75.7056,6.58,4.3536,4.2727,,0.3106,16000.0,3762.3967,3762.3967,644000.0,151436.4672
002126.SZ,20250725,29.86,5.7166,6.0721,0.7,31.814,30.989,3.9532,1.9624,1.8957,0.3285,0.3988,83479.7184,78419.3137,73828.9182,2492704.3914,2341600.7071
688330.SH,20250725,27.19,0.6562,1.304,0.59,17.0902,18.3739,1.0028,3.8894,4.1366,1.2771,,14000.0,14000.0,7045.3602,380660.0,380660.0
002927.SZ,20250725,16.78,5.0418,10.3666,0.47,100.2227,104.864,3.689,4.1986,4.3217,1.1025,0.5959,22319.218,22064.26,10730.9535,374516.478,370238.2828
301392.SZ,20250725,163.82,10.4343,11.9258,1.11,240.59,247.1124,22.57,31.4857,30.0044,0.1526,0.2747,10000.0,4079.5911,3569.3867,1638200.0,668318.614
002014.SZ,20250725,11.74,0.5414,1.5517,1.32,15.3728,15.2912,3.1285,2.0396,2.032,4.6848,5.2811,61249.1866,60433.6316,21084.754,719065.4507,709490.835
300902.SZ,20250725,21.15,7.1268,11.1009,1.41,,,4.6803,12.5062,12.7279,1.0185,,18180.3369,12158.3244,7805.6959,384514.1254,257148.5611
001213.SZ,20250725,4.51,2.0007,11.6319,1.06,30.0578,34.9876,1.0579,1.779,1.7672,1.286,1.3525,444444.4444,444444.4444,76444.4444,2004444.4442,2004444.4442
002851.SZ,20250725,53.79,3.3582,3.8737,0.46,67.5509,72.7662,4.8269,3.6048,3.4027,0.37,0.093,54769.3154,45546.5114,39485.4189,2946041.4754,2449946.8482
300447.SZ,20250725,16.12,4.638,5.9314,0.54,282.8653,,2.5404,5.5298,6.0926,0.4094,0.307,31231.0375,20133.139,15743.119,503444.3245,324546.2007
002761.SZ,20250725,9.78,7.3716,12.962,0.84,54.6466,48.7125,1.566,0.1312,0.1296,0.511,0.5112,108178.4396,108178.4396,61522.2044,1057985.1393,1057985.1393
600072.SH,20250725,12.84,1.5119,2.1015,0.78,132.0951,,1.8164,2.2965,2.2736,0.257,0.2336,150652.1728,108333.7316,77940.5069,1934373.8988,1391005.1137
002343.SZ,20250725,7.82,4.9465,6.7582,1.37,122.3847,101.4928,3.7176,10.1464,6.7444,0.0,,47494.9686,47494.9686,34762.2307,371410.6545,371410.6545
002334.SZ,20250725,8.26,2.1285,2.1807,0.61,23.442,24.5095,2.3129,1.5549,1.5951,0.7216,0.7181,81353.092,72073.8114,70349.5671,671976.5399,595329.6822
600745.SH,20250725,37.11,2.2325,3.3284,1.0,,,1.3988,0.6275,0.6556,0.3352,0.3352,124457.9059,124457.9059,83479.7861,4618632.8879,4618632.8879
000777.SZ,20250725,21.68,5.3843,7.4008,0.59,36.2467,35.7262,3.849,4.5092,4.3158,0.9572,0.8948,38341.7593,38341.0827,27894.1648,831249.3416,831234.6729
920651.BJ,20250725,31.9,12.9846,12.9846,0.9,26.184,25.1509,4.1343,6.4934,6.1107,2.1944,2.1944,6100.0,1527.4871,1527.4871,194590.0,48726.8385
600740.SH,20250725,4.19,1.9327,4.4893,0.79,40.8003,84.5073,0.7053,1.4301,1.4572,1.1933,0.4773,256212.1154,256212.1154,110300.67,1073528.7635,1073528.7635
000811.SZ,20250725,11.85,3.6603,5.1148,0.63,18.7278,19.6265,2.0319,1.7729,1.8459,0.6492,1.6228,99263.8145,96957.7424,69384.9128,1176276.2018,1148949.2474
603500.SH,20250725,9.45,1.4497,3.0864,0.65,41.7155,34.0141,3.5885,4.71,4.4863,1.0149,1.3757,33280.0046,33183.3469,15587.0231,314496.0435,313582.6282
600354.SH,20250725,6.59,5.8836,8.2354,1.21,69.7367,46.8212,4.8604,3.009,2.6606,0.0,,52780.208,52780.208,37707.3403,347821.5707,347821.5707
605006.SH,20250725,7.61,2.3137,7.1761,0.53,,,1.8348,2.3179,2.2153,0.6833,,61095.9502,60000.9302,19345.3578,464940.181,456607.0788
300512.SZ,20250725,8.92,1.3855,2.9838,0.54,137.98,158.0632,2.2726,3.5809,3.391,1.2289,0.6653,40764.0875,32853.9651,15255.6648,363615.6605,293057.3687
300191.SZ,20250725,18.54,2.2359,2.889,0.97,,,5.4699,12.2115,12.2319,0.0,,32000.0,22119.5,17119.0,593280.0,410095.53
300807.SZ,20250725,42.73,6.2712,9.8292,1.2,,,6.0024,17.7655,15.9926,0.0,,6803.9587,4905.3142,3129.6422,290733.1553,209604.0758
300582.SZ,20250725,13.35,14.7978,16.6903,5.19,439.3227,397.6132,2.7108,1.4937,1.5336,0.0,0.2808,29853.6488,22156.8138,19644.3579,398546.2115,295793.4642
600895.SH,20250725,30.58,8.5571,17.3766,1.99,48.2063,40.9025,3.538,23.8788,21.3086,0.7914,0.7914,154868.955,154868.955,76265.295,4735892.6439,4735892.6439
603933.SH,20250725,16.48,1.9927,4.9388,0.95,92.6194,106.9488,2.6404,1.7664,1.6791,0.7967,0.5461,20754.4575,20754.4575,8373.9839,342033.4596,342033.4596
605566.SH,20250725,22.31,3.8804,8.7369,4.56,135.1059,144.1273,1.5087,3.0827,3.2109,0.5379,0.4458,13334.0,13334.0,5922.1201,297481.54,297481.54
300219.SZ,20250725,6.84,1.74,2.9349,1.06,59.5253,76.4551,1.878,1.1461,1.1184,1.462,0.2193,70794.3506,70663.5766,41894.2042,484233.3581,483338.8639
002338.SZ,20250725,49.15,6.6734,11.5853,1.76,177.5963,186.8987,8.8987,15.8233,15.9573,0.0712,0.1424,24000.0,24000.0,13824.5216,1179600.0,1179600.0
301396.SZ,20250725,56.14,6.89,7.3092,0.7,,,7.1177,13.1024,7.8333,0.1908,0.0636,15351.7547,7608.1075,7171.7837,861847.5089,427119.1551
000783.SZ,20250725,7.65,2.2217,3.7617,1.24,23.0551,17.5346,1.2693,6.2257,5.3028,1.5686,1.9608,553007.2948,553007.2948,326620.5335,4230505.8052,4230505.8052
600193.SH,20250725,4.18,1.4103,2.0646,0.39,,,18.0915,21.1641,24.4067,0.0,,42537.3,42537.3,29056.8882,177805.914,177805.914
600690.SH,20250725,25.83,0.773,1.3366,0.8,12.932,12.4576,2.2286,0.8475,0.8184,3.0725,3.7001,938291.3334,625450.1095,361716.1889,24236065.1417,16155376.3284
002029.SZ,20250725,7.03,1.3695,2.3182,1.07,17.4182,15.1224,0.7479,1.5784,1.6034,1.707,1.3598,70502.3537,66540.5959,39311.2659,495631.5465,467780.3892
301197.SZ,20250725,20.15,3.9971,4.7268,0.72,43.5751,43.2562,1.7998,6.1417,6.135,0.4896,0.4801,12054.0,8229.3,6958.8,242888.1,165820.395
688196.SH,20250725,44.99,1.0264,4.1055,0.94,36.229,29.7778,1.9319,1.5151,1.5862,0.6001,1.1114,12000.0,12000.0,3000.0,539880.0,539880.0
300483.SZ,20250725,11.18,5.3299,7.9542,1.31,,,1.6012,1.965,1.5457,0.0,,27172.1538,27160.1538,18199.3155,303784.6795,303650.5195
600367.SH,20250725,15.89,8.4904,12.6031,1.11,60.8497,48.3745,2.2533,2.4671,2.4228,0.1259,0.1888,34113.0902,32197.3182,21690.5846,542057.0033,511615.3862
301487.SZ,20250725,21.57,4.6978,6.3389,0.67,,,5.3364,5.5264,5.2739,0.1159,,45961.6438,27279.4004,20217.248,991392.6568,588416.6666
600251.SH,20250725,8.13,0.9322,1.6811,0.71,30.8752,42.6996,1.7014,1.6353,1.7681,5.6581,0.984,77699.3583,77699.3583,43085.8715,631695.783,631695.783
002943.SZ,20250725,28.2,8.7178,10.8391,3.63,,,6.9854,5.5836,7.2032,1.0826,,20542.9262,13243.9923,10652.0175,579310.5188,373480.5829
688343.SH,20250725,54.93,6.4071,7.3977,2.51,,,5.0832,21.4857,18.1999,,,35882.666,26013.728,22530.0055,1971034.8434,1428934.079
688314.SH,20250725,36.81,2.848,7.7266,1.09,33.8285,32.3245,4.6386,9.2886,8.9395,1.3583,0.978,8123.9172,8123.9172,2994.4957,299041.3921,299041.3921
002991.SZ,20250725,57.91,2.1652,3.0512,1.09,14.3495,15.9871,3.3651,2.3915,2.4816,5.5528,4.8808,9321.5831,4968.5531,3525.8156,539812.8773,287728.91
300428.SZ,20250725,18.71,1.4467,3.8395,0.87,16.9208,20.1175,1.672,0.4391,0.4204,0.6252,1.7936,63949.679,55714.4821,20993.355,1196498.4941,1042417.9601
600935.SH,20250725,2.57,0.8065,3.4231,0.8,,,1.5269,1.8064,1.8085,0.1139,,359473.8056,350740.1812,82641.9138,923847.6804,901402.2657
002591.SZ,20250725,6.38,5.9256,6.8998,1.26,,,2.8889,4.3514,4.5756,0.0,,30019.9484,22351.2462,19195.2622,191527.2708,142600.9508
600820.SH,20250725,6.79,6.1534,9.9964,0.87,7.5143,7.8279,0.692,0.3102,0.3272,4.8601,4.8601,314409.6094,314409.6094,193539.8955,2134841.2478,2134841.2478
301169.SZ,20250725,42.78,2.2636,5.8367,1.1,,,6.5683,8.9732,9.5438,0.0,,7204.0536,7201.8036,2793.039,308189.413,308093.158
000690.SZ,20250725,4.8,1.1812,1.4508,0.53,14.8032,13.1214,0.8587,1.3214,1.3465,6.25,3.125,217588.7862,217447.1375,177044.5617,1044426.1738,1043746.26
000733.SZ,20250725,48.09,2.3844,3.4571,1.21,27.469,28.7562,1.8119,5.1061,5.2119,2.3165,0.3743,55416.9431,55376.8231,38193.0287,2665000.7937,2663071.4229
600551.SH,20250725,9.15,3.8647,10.1947,1.27,15.5286,15.605,1.0996,0.7447,0.7701,4.9961,4.3716,67805.5239,67805.5239,25703.9459,620420.5437,620420.5437
002020.SZ,20250725,15.49,2.1197,2.8193,0.56,18.7332,18.9438,2.4677,3.2072,3.29,1.9367,2.1358,86102.914,72396.8335,54430.2753,1333734.1379,1121426.9509
300757.SZ,20250725,178.81,3.2577,5.0192,0.62,469.3568,942.4142,17.3976,27.104,31.8996,0.0939,0.0274,16769.2391,14817.111,9616.7978,2998507.6435,2649447.6179
603011.SH,20250725,16.47,10.7225,16.5457,0.86,,,3.7768,3.9257,3.7397,0.0,,49441.4437,49441.4437,32040.6925,814300.5777,814300.5777
300484.SZ,20250725,21.98,3.7692,4.2126,0.71,164.551,94.5166,6.9707,12.9411,11.0242,0.7298,0.7296,20716.39,16635.2625,14884.0749,455346.2522,365643.0698
605198.SH,20250725,42.61,0.7029,4.4028,0.94,55.7666,49.5494,5.3219,10.2529,9.2165,0.5163,,34120.0,25053.6,4000.0,1453853.2,1067533.896
605050.SH,20250725,16.27,0.8736,2.6167,0.54,25.3178,24.2366,1.8958,0.7109,0.708,2.6429,2.1472,49282.9181,49282.9181,16452.9181,801833.0775,801833.0775
300166.SZ,20250725,10.25,4.7959,5.344,1.62,396.6456,,1.9398,4.1796,4.2229,0.0,,113874.5748,90577.7562,81288.9246,1167214.3917,928422.0011
600571.SH,20250725,18.76,8.1643,10.2092,1.18,121.2111,122.5889,7.7596,4.4471,4.3993,1.3859,0.2505,46631.8309,45775.1703,36606.1545,874813.1477,858742.1948
002091.SZ,20250725,7.58,0.7583,1.3442,0.88,11.158,10.8689,0.8213,0.3172,0.311,5.277,5.277,162763.215,159725.1425,90100.1274,1233745.1697,1210716.5802
920914.BJ,20250725,28.4,3.2725,5.6229,0.61,42.1098,39.5346,3.0887,3.3326,3.168,0.3486,0.3486,10000.0,10000.0,5819.9795,284000.0,284000.0
300321.SZ,20250725,29.76,3.3638,7.2026,2.67,314.6025,266.3251,4.2241,7.0773,6.9307,0.0,0.1445,8880.0,8866.12,4140.714,264268.8,263855.7312
002861.SZ,20250725,14.63,5.2677,6.5589,1.31,202.5597,675.0158,2.423,3.3433,3.334,0.8561,0.6835,18628.3962,15016.835,12060.6202,272533.4364,219696.2961
300668.SZ,20250725,18.37,1.9184,3.2477,1.12,,,3.0055,3.7742,3.8398,1.6331,,12038.1273,9279.8062,5481.6163,221140.3985,170470.0399
920058.BJ,20250725,36.42,5.3019,10.4305,1.84,36.3835,32.2904,6.3191,3.8762,3.1116,3.4247,2.6118,5608.705,2755.7923,1400.7892,204269.0361,100365.9556
920634.BJ,20250725,28.98,6.1133,13.5272,0.76,66.5158,72.3638,6.9178,1.955,1.9078,0.3359,0.3443,6391.2046,3999.7368,1807.5876,185217.1093,115912.3725
688710.SH,20250725,42.06,12.0627,12.0627,1.1,40.1257,61.6115,2.5216,5.1938,5.6217,,0.7608,14097.9615,2819.5924,2819.5924,592960.2607,118592.0563
301305.SZ,20250725,18.77,2.9646,3.3334,1.49,21.0067,17.9014,1.2606,2.5281,2.6482,0.5315,,24122.8204,12371.3454,11002.5984,452785.3389,232210.1532
688308.SH,20250725,19.76,2.2656,3.9372,0.75,54.7538,89.3465,1.2386,2.7835,2.6932,1.7605,0.7531,15878.1708,15878.1708,9136.7651,313752.655,313752.655
000626.SZ,20250725,7.21,2.9183,7.0976,0.59,,,1.5537,0.0417,0.0422,0.0,,50894.0464,50603.0121,20806.6968,366946.0745,364847.7172
603042.SH,20250725,15.82,3.7872,4.9173,0.64,174.3733,280.45,2.8551,2.8054,2.8652,0.0,,16058.984,16058.984,12368.4819,254053.1269,254053.1269
688377.SH,20250725,27.65,0.7179,1.1531,0.57,62.8782,68.6236,3.0058,4.7892,4.8555,0.8266,0.5045,19466.7,19466.7,12119.95,538254.255,538254.255
002017.SZ,20250725,24.78,23.9018,42.8642,1.32,75.7763,74.5069,8.456,10.3877,10.6888,0.6053,0.6618,58043.1909,58008.5882,32346.4733,1438310.2705,1437452.8156
000525.SZ,20250725,7.44,10.4546,14.4295,2.38,24.8863,24.311,3.3402,3.2116,3.2094,0.0,,129802.7341,99007.7577,71734.1959,965732.3417,736617.7173
300351.SZ,20250725,16.37,2.152,2.942,0.78,50.4745,58.2769,2.5998,3.1432,3.0752,0.6091,0.3665,38787.4197,26188.2492,19155.5707,634950.0605,428701.6394
001331.SZ,20250725,10.49,9.4649,9.4649,1.92,,,1.97,0.5537,0.5081,0.5674,,28224.0,7056.0,7056.0,296069.76,74017.44
688327.SH,20250725,15.88,13.1882,13.1882,2.96,,,15.8207,41.4704,43.3417,,,103854.852,83344.104,83344.104,1649215.0498,1323504.3715
300139.SZ,20250725,19.84,8.1107,8.5958,0.54,116.769,114.8923,5.3409,15.5309,14.7709,0.0,,27400.0,23365.1725,22046.7925,543616.0,463565.0224
600171.SH,20250725,34.95,5.3213,7.108,2.16,62.6416,62.4071,5.7259,8.7901,8.7081,0.2861,0.4864,70892.3303,70892.3303,53072.3303,2477686.944,2477686.944
601579.SH,20250725,18.95,1.742,4.2118,0.72,46.3116,45.9453,2.513,5.5692,5.4224,1.0874,2.0712,47946.3409,47946.3409,19830.5209,908583.1601,908583.1601
600476.SH,20250725,18.35,3.9717,6.547,0.65,224.0436,176.9834,20.1155,4.6245,4.4827,0.0,,16107.0,16107.0,9771.228,295563.45,295563.45
300492.SZ,20250725,68.41,0.3856,1.1565,0.49,253.9049,132.0649,36.0145,4.7497,4.539,0.0,0.2663,19668.1058,19668.1058,6557.0174,1345495.1178,1345495.1178
600352.SH,20250725,10.77,0.8845,1.1803,0.87,17.2578,15.7215,1.0351,2.2059,2.2414,4.1783,4.1783,325333.186,325333.186,243794.564,3503838.4132,3503838.4132
688230.SH,20250725,62.3,4.1879,16.7514,3.18,65.6262,65.8608,3.3381,20.7583,20.436,0.9631,1.2841,11760.0,11760.0,2940.0,732648.0,732648.0
600706.SH,20250725,10.53,4.1066,7.0717,0.54,,,4.361,2.1432,2.3188,0.0,,25505.9785,25403.0185,14751.9064,268577.9536,267493.7848
300260.SZ,20250725,34.1,10.478,16.7537,1.53,61.4386,66.5904,7.0479,4.8811,4.9087,0.176,0.1751,40780.6752,28763.6945,17989.2436,1390621.0243,980841.9825
301517.SZ,20250725,42.88,7.2559,7.2559,0.85,139.0446,358.3993,4.859,10.2971,12.1624,0.2182,0.1266,15123.738,5946.738,5946.738,648505.8854,254996.1254
301193.SZ,20250725,19.5,2.5822,6.9814,0.7,65.6878,,2.4846,1.6096,1.6051,1.0256,,19201.2173,13472.8373,4983.1873,374423.7374,262720.3274
300101.SZ,20250725,20.94,3.8831,5.4925,2.17,297.2979,363.6263,6.7362,14.9193,14.3802,0.0,0.349,56790.57,56604.3415,40018.3415,1189194.5358,1185294.911
000669.SZ,20250725,3.05,3.2235,4.0653,1.05,,,116.3712,1.5876,1.6384,0.0,,68040.8797,68040.8797,53950.9653,207524.6831,207524.6831
605389.SH,20250725,44.0,3.0801,12.3647,0.97,66.9229,68.7707,3.0408,7.1758,7.2246,1.7045,1.4773,14408.707,13626.676,3394.466,633983.108,599573.744
600477.SH,20250725,2.75,1.2051,1.9697,0.65,38.5603,42.2337,1.293,0.8198,0.8398,3.078,2.5347,236896.615,236896.615,144934.7486,651465.6913,651465.6913
000928.SZ,20250725,6.53,1.9885,3.8727,0.62,11.2163,10.9963,1.1496,0.5309,0.576,4.0735,4.5789,143464.4621,143462.7071,73662.5166,936822.9375,936811.4774
002969.SZ,20250725,3.61,1.3924,3.3342,0.77,18.8199,23.3272,1.4886,1.078,1.1216,7.6469,0.692,95545.129,94977.5824,39662.5304,344917.9157,342869.0725
688337.SH,20250725,35.03,5.0747,5.0747,1.65,73.6646,75.7359,2.1961,8.7642,8.5782,1.3613,1.1398,19410.403,6790.1112,6790.1112,679946.4171,237857.5953
688091.SH,20250725,59.73,2.7363,5.1087,1.0,1770.0227,,8.6783,71.1474,70.2051,0.3974,,20670.364,20670.364,11071.2916,1234640.8417,1234640.8417
002662.SZ,20250725,3.62,0.9661,1.6663,1.03,15.3424,18.9359,1.2799,1.7546,1.8564,2.7624,1.989,150000.0,149998.11,86961.3328,543000.0,542993.1582
600482.SH,20250725,23.09,0.8849,1.7778,1.08,37.4,30.629,1.3284,1.0062,0.9888,0.5856,0.9413,225286.1845,225286.1845,112136.1414,5201858.0001,5201858.0001
603713.SH,20250725,55.38,1.5724,2.9688,1.29,15.4942,14.9347,2.0368,0.7226,0.697,0.9799,1.2823,15812.7156,15812.7156,8375.2029,875708.1899,875708.1899
301210.SZ,20250725,41.61,6.073,6.073,0.57,84.7695,87.2236,2.627,3.4949,3.3288,0.778,0.778,11461.4334,4346.3918,4346.3918,476910.2438,180853.3628
300798.SZ,20250725,8.96,8.6632,11.1677,1.65,743.2081,,2.4887,4.163,3.9803,0.2232,0.1116,46884.6751,37279.9037,28919.6684,420086.6889,334027.9372
688538.SH,20250725,2.58,1.8568,2.5725,1.98,,,3.7563,7.1856,7.0662,,,1380943.7625,575223.5725,415182.0245,3562834.9073,1484076.8171
002888.SZ,20250725,18.83,2.8282,4.0993,1.06,280.9959,205.05,8.178,10.2526,9.7925,0.3597,1.0834,14764.3412,7492.302,5169.0269,278012.5448,141080.0467
002771.SZ,20250725,18.04,17.0179,18.5127,1.79,535.8265,,5.8029,7.0623,7.4611,0.0,0.0565,20976.41,17451.4655,16042.359,378414.4364,314824.4376
920427.BJ,20250725,16.71,7.6788,13.7249,0.52,111.9057,124.0851,5.2772,21.514,21.7399,1.6756,0.8677,10309.5,5062.0164,2832.108,172271.745,84586.294
600594.SH,20250725,4.19,1.9684,2.5703,0.95,,,1.3378,1.5263,1.5779,1.5752,,79192.74,79192.74,60646.9764,331817.5806,331817.5806
603993.SH,20250725,9.21,1.0417,2.6756,0.63,14.5611,12.7896,2.9097,0.925,0.9255,1.6748,2.7687,2139431.0176,1746084.2176,679784.1776,19704159.6721,16081435.6441
301037.SZ,20250725,14.08,3.5789,6.1512,0.94,,,3.1559,0.9132,0.9388,0.0,,13950.1778,6798.1499,3955.3083,196418.5034,95717.9506
600060.SH,20250725,23.95,0.787,1.5139,1.01,13.9141,13.3962,1.5452,0.534,0.5279,3.3635,3.3635,130497.2254,129509.4388,67324.1185,3125408.5483,3101751.0593
603156.SH,20250725,22.19,0.1897,0.4689,0.82,16.2403,18.8306,3.1398,4.6166,4.9927,7.2333,6.1289,126027.7566,126027.7566,50991.2472,2796555.919,2796555.919
601598.SH,20250725,5.34,0.4115,1.9139,0.93,9.9425,10.3596,0.9987,0.3688,0.3706,5.4015,5.3672,729421.6875,525591.6875,112997.9605,3895111.8113,2806659.6113
300275.SZ,20250725,13.53,4.0011,4.1917,0.61,74.884,74.2354,4.5667,8.3155,8.244,0.1657,0.218,30766.7668,25801.9972,24628.6052,416274.3548,349101.0221
920608.BJ,20250725,22.56,8.9117,12.0295,1.99,42.5981,41.7824,3.0715,9.0246,8.8448,0.6649,1.3298,6224.0,4089.9548,3029.9124,140413.44,92269.3803
301630.SZ,20250725,165.26,18.9248,18.9248,0.6,46.128,46.6284,4.141,6.9403,6.5527,,,4000.0,1000.0,1000.0,661040.0,165260.0
301500.SZ,20250725,16.33,3.154,3.154,0.74,71.6005,44.1009,2.0521,0.7314,0.6898,0.0,0.5686,56294.1089,14405.0667,14405.0667,919282.7983,235234.7392
300598.SZ,20250725,43.34,2.7058,3.6849,1.13,,,6.2621,4.7599,4.6265,0.2129,,21698.1741,21692.0975,15928.1906,940398.8655,940135.5057
600577.SH,20250725,7.71,2.7384,3.7144,0.65,29.4995,28.675,2.8902,0.7423,0.7106,2.1406,1.1575,214917.7564,214917.7564,158444.8445,1657015.9018,1657015.9018
688798.SH,20250725,69.29,1.8127,2.3095,1.27,63.3768,57.0533,4.1027,5.5076,5.775,0.0717,0.4753,23312.8636,13574.324,10654.1049,1615348.3188,940564.91
920260.BJ,20250725,14.42,2.2423,5.2065,0.64,33.5368,29.5132,3.5575,5.0635,4.9174,2.0804,1.387,10355.0,9896.0709,4261.9309,149319.1,142701.3424
601003.SH,20250725,7.34,7.6424,44.9853,0.97,,,2.1784,0.2682,0.2797,0.0,,256279.32,256279.32,43538.1917,1881090.2088,1881090.2088
601001.SH,20250725,15.08,2.8779,6.7646,0.78,8.9882,9.9368,1.3191,1.679,1.8291,5.2387,,167370.0,167370.0,71206.7492,2523939.6,2523939.6
300832.SZ,20250725,57.12,1.1394,2.3668,1.51,24.5454,24.3948,5.6224,9.8955,9.6751,1.7507,2.2759,78571.8785,68020.7526,32746.0938,4488025.6999,3885345.3885
600400.SH,20250725,2.26,1.1779,3.1602,0.84,,,2.0673,2.6433,2.7797,0.8852,0.4425,229137.1852,229137.1852,85408.0243,517850.0386,517850.0386
688213.SH,20250725,99.19,1.4156,1.5444,0.81,101.489,69.9072,9.0696,6.6786,5.7931,0.1654,0.151,40184.1572,32304.4273,29611.267,3985866.5527,3204276.1439
301393.SZ,20250725,56.91,8.319,8.319,1.08,45.8497,44.2105,2.6991,13.6017,12.3952,0.6539,0.6788,10800.0,4210.4775,4210.4775,614628.0,239618.2745
600111.SH,20250725,38.25,11.3874,18.3755,1.06,137.6874,99.9936,6.0798,4.1945,3.7893,0.183,0.0915,361506.5842,361506.5842,224026.6051,13827626.8457,13827626.8457
688410.SH,20250725,16.62,6.9838,10.4579,2.38,75.3357,72.4986,3.1481,9.4139,8.9835,0.8076,0.5986,32131.5646,23455.3572,15663.4334,534026.6037,389828.0367
000627.SZ,20250725,1.66,4.099,11.3608,0.68,,,0.3752,0.1638,0.1933,0.0,,490413.9165,451601.4165,162937.6288,814087.1014,749658.3514
300621.SZ,20250725,9.33,1.9344,3.3589,0.89,234.9712,2815.9873,2.2998,0.165,0.2038,0.1072,0.1072,20805.67,19609.2784,11292.8734,194116.9011,182954.5675
300919.SZ,20250725,35.09,1.1781,2.6446,1.17,22.4386,23.5894,1.6583,0.8183,0.789,3.1382,1.7892,93802.8458,91257.7544,40653.2995,3291541.8591,3202234.6019
301125.SZ,20250725,16.3,12.6594,26.1033,2.28,222.3124,141.1475,3.843,3.809,3.7041,0.1311,0.1836,14175.792,11735.592,5691.442,231065.4096,191290.1496
600776.SH,20250725,11.27,1.3151,3.0636,1.12,93.776,,4.1218,4.8911,5.0977,0.5413,0.5413,125600.0064,95600.0064,41038.4512,1415512.0721,1077412.0721
600231.SH,20250725,2.11,1.0314,3.4344,0.67,,,1.1312,0.3325,0.3584,0.0,,285216.5135,281918.5135,84661.7701,601806.8435,594848.0635
301102.SZ,20250725,11.55,3.6808,3.6808,1.02,61.9997,80.7713,1.5352,6.9944,7.1378,0.8658,0.1732,40600.0,10150.0,10150.0,468930.0,117232.5
600155.SH,20250725,7.54,1.9501,2.3177,0.97,270.2479,4605.2691,0.8459,4.9798,5.0915,0.0,,221354.2477,221354.2477,186243.8283,1669011.0277,1669011.0277
600110.SH,20250725,5.62,5.9739,8.5176,0.59,,,1.6991,1.8479,1.7299,0.0,,173518.0932,173518.0932,121698.6201,975171.6838,975171.6838
300266.SZ,20250725,2.81,1.4488,2.4549,0.87,,,66.8052,4.1539,4.1865,0.0,,155380.7314,155291.4664,91651.1081,436619.8552,436369.0206
688030.SH,20250725,17.75,1.2279,2.2683,1.03,,,3.8513,3.2101,3.1879,,,18023.2658,18023.2658,9756.1631,319912.968,319912.968
002418.SZ,20250725,3.64,10.5696,14.6052,2.89,,,2.8855,1.5815,1.4905,0.0,,113640.0,113639.6775,82239.6775,413649.6,413648.4261
603660.SH,20250725,7.39,7.6698,10.1427,3.76,,,4.0584,2.9805,2.8024,0.0,,53672.5728,53243.2378,40262.075,396640.313,393467.5273
301189.SZ,20250725,27.76,1.3562,3.7155,1.02,,,1.5028,5.8258,5.6248,0.0,,11639.6465,11175.7873,4079.1675,323116.5868,310239.8554
600778.SH,20250725,6.69,3.0953,5.0309,0.87,656.1168,203.2593,8.7832,1.3019,1.3281,0.0,,31149.1352,31121.4882,19147.8301,208387.7145,208202.7561
688665.SH,20250725,54.16,1.7499,5.6272,0.7,48.3001,43.3414,5.2219,6.2373,5.7524,1.1054,0.6433,10055.3341,10055.3341,3126.9841,544596.8949,544596.8949
300881.SZ,20250725,38.9,12.2457,23.2484,0.73,18.9503,18.9821,4.3211,1.6069,1.5588,1.4139,2.5546,11000.0,5740.625,3023.78,427900.0,223310.3125
002120.SZ,20250725,7.94,8.1709,18.3028,4.94,12.0275,12.6304,1.1549,0.4742,0.4643,2.1356,2.5125,289919.5363,281512.395,125676.2144,2301961.1182,2235208.4163
688680.SH,20250725,46.99,2.1451,3.4609,0.74,,,2.869,1.5235,1.9449,0.2517,0.2517,8402.0325,8402.0325,5207.6525,394811.5072,394811.5072
600817.SH,20250725,12.48,0.7182,2.4787,0.66,29.3099,26.957,2.683,1.7521,1.7496,3.8239,0.8057,53330.4346,52724.9346,15277.2432,665563.8238,658007.1838
920810.BJ,20250725,16.45,4.5591,7.7592,0.49,,,6.8357,20.0555,13.914,0.4342,,9590.0,6240.7545,3666.9144,157755.5,102660.4115
002542.SZ,20250725,4.51,25.9231,44.3726,1.95,,,10.6122,5.3236,5.5892,0.0,,180611.6738,175864.6284,102742.8211,814558.6488,793149.4741
300608.SZ,20250725,12.34,6.7025,10.2561,2.43,,,2.8308,4.6897,4.9161,0.0809,,33122.9961,28756.6907,18792.8156,408737.7719,354857.5632
300889.SZ,20250725,13.66,2.0973,2.6149,0.57,,,2.0181,3.2982,3.3533,0.1563,,21806.488,14720.4779,11806.8119,297876.6261,201081.7281
603108.SH,20250725,18.72,6.6884,9.5087,1.37,204.4224,,2.6772,1.3596,1.4302,0.5299,0.1603,60366.4264,60366.4264,42461.7085,1130059.5022,1130059.5022
002850.SZ,20250725,115.69,1.2969,1.4903,0.47,21.5014,20.4095,2.7374,2.6303,2.5227,1.28,1.7287,27350.6733,19683.7693,17129.6847,3164199.3941,2277215.2703
002777.SZ,20250725,19.15,3.7615,6.1325,1.18,106.7089,104.6118,4.8105,5.8363,5.7836,0.6266,0.7833,40823.1038,40451.1491,24811.8891,781762.4378,774639.5053
600211.SH,20250725,39.9,2.3424,5.1795,0.53,12.2331,12.7629,3.3262,4.5821,4.5692,3.8444,4.9048,32231.9196,32231.9196,14576.6768,1286053.592,1286053.592
688345.SH,20250725,27.18,0.9301,3.6653,0.74,,,2.5435,1.4909,1.3052,,,10114.95,10000.0,2537.5,274924.341,271800.0
002388.SZ,20250725,4.48,2.0905,2.4929,1.07,,,2.3105,1.0419,1.0808,0.0,,51069.76,50652.8553,42476.4994,228792.5248,226924.7917
688788.SH,20250725,49.3,2.7388,6.7256,1.33,,,3.6578,32.899,32.0193,,,15707.4408,15707.4408,6396.4411,774376.8314,774376.8314
002256.SZ,20250725,2.35,1.5281,2.035,0.75,,,3.9865,13.4782,13.3907,0.0,,198612.5387,195109.3547,146508.6447,466739.4659,458506.9835
002896.SZ,20250725,82.61,10.9736,20.8025,0.64,223.772,220.6717,14.0914,16.6281,16.4975,0.0745,0.2421,19652.267,19652.267,10366.8077,1623473.7769,1623473.7769
000767.SZ,20250725,3.06,2.0064,4.8784,0.83,293.5223,15.6684,1.5709,0.5648,0.5863,0.0,,307694.2219,291224.6436,119777.0123,941544.319,891147.4094
600123.SH,20250725,7.07,2.3415,4.2943,0.75,14.5132,16.9048,0.6579,0.8905,0.8958,10.6937,2.1216,147324.0021,147324.0021,80329.8021,1041580.6948,1041580.6948
000631.SZ,20250725,3.15,0.4668,1.4842,0.9,88.8788,87.0971,1.3079,24.0892,27.1715,3.1013,,239527.9084,239527.9084,75344.7232,754512.9115,754512.9115
300602.SZ,20250725,22.94,2.6255,3.7269,0.57,70.6651,59.8512,3.5762,2.6533,2.5523,0.1429,0.1651,58186.3431,39540.3873,27855.6122,1334794.7107,907056.4847
002097.SZ,20250725,11.01,33.8272,54.8198,4.95,162.0855,139.4886,2.5165,1.662,1.6975,0.4541,0.1817,107461.7264,107267.6639,66190.7779,1183153.6077,1181016.9795
603669.SH,20250725,5.96,2.3063,5.2422,0.72,,,6.2239,11.3187,12.176,0.0,,72124.4755,72124.4755,31730.5915,429861.874,429861.874
300826.SZ,20250725,18.18,2.8202,5.1076,0.74,269.1296,289.5645,2.2714,4.5688,4.754,0.5104,0.1617,16650.5437,16093.0466,8886.0112,302706.8845,292571.5872
688598.SH,20250725,27.05,3.0513,3.467,1.06,,,1.0843,10.2863,11.1684,,,20415.7916,20415.7916,17967.5954,552247.1628,552247.1628
688266.SH,20250725,116.48,2.3028,3.5159,2.25,,,25.1492,57.8534,52.0522,,,26470.8186,26470.8186,17337.3251,3083320.9505,3083320.9505
603195.SH,20250725,48.05,0.4204,2.8268,1.73,20.3414,20.1264,6.3139,5.1634,5.127,3.1803,3.5686,180858.7688,180072.8214,26778.7145,8690263.8408,8652499.0683
603200.SH,20250725,58.53,5.4173,11.1794,0.76,239.1121,315.4207,10.7528,20.1382,21.0524,0.1195,0.1538,17548.0103,17548.0103,8503.4854,1027085.0429,1027085.0429
002792.SZ,20250725,15.75,3.6654,4.5819,0.71,198.8234,172.6161,2.9624,6.8914,6.8094,0.9757,0.1585,52243.3405,31380.5678,25103.7176,822832.6129,494243.9429
603040.SH,20250725,47.8,3.1651,6.8248,0.9,30.8314,28.3828,4.8405,9.5902,9.0942,1.2381,1.8767,13648.6896,13506.3396,6263.7896,652407.3629,645603.0329
300617.SZ,20250725,36.42,10.0597,15.9256,0.7,33.2419,36.8127,2.1134,5.6175,6.1328,0.4844,0.6459,16736.0156,14059.1636,8880.7281,609525.6882,512034.7383
600863.SH,20250725,4.38,1.006,2.1509,0.86,12.2946,13.1086,1.658,1.2823,1.3129,4.2237,4.2237,652688.7811,652688.7811,305250.0385,2858776.8612,2858776.8612
301159.SZ,20250725,38.34,9.8239,16.6849,0.65,,,4.7155,8.901,8.8768,0.2608,,7735.0,5301.4975,3121.4763,296559.9,203259.4142
688659.SH,20250725,9.34,1.3927,2.5331,0.78,,,2.7159,2.3733,2.3577,,,16000.0,16000.0,8796.688,149440.0,149440.0
301021.SZ,20250725,30.57,6.6864,15.3819,3.84,213.0513,158.6699,4.7863,10.413,10.2627,0.0,0.3257,15215.1932,15212.4782,6612.6959,465128.4561,465045.4586
300102.SZ,20250725,11.62,1.3763,2.1283,0.75,111.3008,82.5567,2.5966,4.3956,4.0319,0.0,0.3868,92033.3863,91226.5362,58991.638,1069427.9488,1060052.3506
300088.SZ,20250725,6.14,1.3677,1.6649,0.98,42.983,39.626,1.7997,1.3869,1.3634,1.1205,0.9528,249773.3579,248550.3647,204186.735,1533608.4175,1526099.2393
002261.SZ,20250725,32.4,13.9873,15.7412,2.08,,,15.9646,9.9364,10.4171,0.0,,125957.7814,114607.8432,101838.5911,4081032.1174,3713294.1197
000719.SZ,20250725,12.97,0.6551,1.4403,0.79,12.8856,11.9881,1.2078,1.3464,1.3437,3.2382,4.6261,102320.3749,66714.7543,30345.1786,1327095.2625,865290.3633
300568.SZ,20250725,11.99,3.3626,3.485,0.55,44.2557,53.0657,1.6382,4.547,4.3333,1.8345,0.4136,134290.2078,121387.532,117125.2947,1610139.5915,1455436.5087
603068.SH,20250725,34.98,3.4503,5.6871,1.38,,,3.1139,6.3562,6.3764,0.1429,0.1429,15042.4966,15042.4966,9126.0053,526186.5311,526186.5311
000882.SZ,20250725,2.0,4.1997,6.2881,1.0,269.2919,347.6034,0.7947,3.9168,3.8525,0.0,,273735.1947,273535.1766,182687.4751,547470.3894,547070.3532
001238.SZ,20250725,39.75,2.7931,2.7931,1.78,,821.6162,3.9569,3.5352,3.1548,0.1761,,11000.0,3197.7125,3197.7125,437250.0,127109.0719
600493.SH,20250725,6.74,2.3422,3.4968,0.96,34.477,33.7889,1.6502,1.9723,2.0046,1.4837,0.8709,27200.0,27200.0,18218.6406,183328.0,183328.0
920489.BJ,20250725,24.28,13.8695,13.8695,2.49,282.2097,516.0685,6.9265,5.7615,5.9488,0.8237,0.7414,13645.92,8569.3749,8569.3749,331322.9376,208064.4226
301371.SZ,20250725,26.39,3.226,3.226,1.11,20.7608,22.8459,2.5638,6.805,7.1898,2.9149,4.3723,52010.4,7727.2,7727.2,1372554.456,203920.808
001278.SZ,20250725,17.93,4.7659,4.7659,1.15,72.7153,490.6705,1.7192,1.0158,1.0343,0.5577,0.5577,12373.34,5053.4501,5053.4501,221853.9862,90608.3603
300797.SZ,20250725,15.06,2.8283,7.8646,0.77,39.7506,38.6796,4.9853,5.2518,5.1825,0.6647,0.7968,38278.38,37855.989,13613.7365,576472.4028,570111.1943
600537.SH,20250725,4.1,19.2657,23.1826,0.75,,,12.5662,1.3953,1.5751,0.0,,118371.5018,118371.5018,98371.5018,485323.1574,485323.1574
301631.SZ,20250725,82.6,4.4996,4.4996,0.8,32.3892,32.4022,3.2404,1.9336,1.85,,1.0377,9141.458,1923.3151,1923.3151,755084.4308,158865.8273
301333.SZ,20250725,55.54,6.9296,12.0715,1.03,38.2547,37.4469,2.9026,7.2098,7.2536,0.3579,0.2852,9658.1256,5714.4314,3280.3352,536412.2958,317379.52
688368.SH,20250725,87.2,1.7864,5.2227,1.84,,,6.3669,5.1062,5.0796,,0.566,8804.8706,8804.8706,3011.6718,767784.7163,767784.7163
301200.SZ,20250725,57.62,16.4487,16.4863,1.18,81.406,69.1906,4.7113,7.3339,6.9017,0.0,0.6852,42550.9152,6228.6128,6214.4016,2451783.7338,358892.6695
002372.SZ,20250725,11.15,0.8965,2.194,0.61,18.6331,19.4463,4.0149,2.8327,2.8794,7.9695,5.313,159203.7988,147085.8109,60099.5878,1775122.3566,1640006.7915
300002.SZ,20250725,12.25,2.5458,2.5871,0.97,16.8396,17.5313,3.4037,3.726,3.8236,0.4886,0.8163,196256.4954,181791.1574,178890.7551,2404142.0687,2226941.6782
002063.SZ,20250725,6.27,1.9049,2.5208,0.86,40.7795,40.7457,3.2937,4.9804,5.0726,0.4147,0.4785,190509.6,171136.9158,129321.0523,1194495.192,1073028.4621
300311.SZ,20250725,5.35,6.6907,7.5567,1.07,,,5.8419,7.631,7.226,0.0,,67363.015,53740.9093,47582.1917,360392.1303,287513.8648
003009.SZ,20250725,46.35,1.3594,3.7247,0.48,368.1103,,4.6433,7.789,9.0184,0.1769,0.1251,15539.3819,15539.3029,5671.3796,720250.3511,720246.6894
002689.SZ,20250725,4.07,2.1782,4.4697,0.87,234.3789,162.6457,3.7057,3.5303,3.7192,0.0,,104331.0725,104291.1524,50823.7754,424627.4651,424464.9903
600578.SH,20250725,4.33,0.4407,2.1517,0.66,16.8222,12.5081,1.3353,0.8182,0.8008,2.4249,2.7714,669462.1015,669462.1015,137100.4264,2898770.8995,2898770.8995
300685.SZ,20250725,24.13,2.5625,3.307,1.18,37.0699,33.6057,5.298,8.5196,8.2315,0.6306,1.2433,39153.6144,38959.7363,30189.5747,944776.7155,940098.4369
600621.SH,20250725,15.79,2.8259,6.3159,0.98,45.846,37.7998,1.9771,1435.4465,26.0067,0.8803,0.6586,106089.9292,106089.9292,47468.3404,1675159.9821,1675159.9821
688399.SH,20250725,57.36,2.3361,3.8977,0.99,,,1.4742,13.7608,13.7415,,,8387.1721,8387.1721,5026.8025,481088.1917,481088.1917
603737.SH,20250725,39.7,0.575,1.7434,0.77,88.2432,75.1048,11.2266,2.4198,2.4069,0.2879,0.5757,73781.7473,73781.7473,24336.3845,2929135.3678,2929135.3678
601158.SH,20250725,4.82,0.1723,1.506,0.76,29.4696,27.6002,1.3842,3.3055,3.2445,3.5062,2.7178,480000.0,480000.0,54903.9311,2313600.0,2313600.0
603897.SH,20250725,24.15,1.5688,3.7661,0.82,21.116,21.2332,2.1638,0.3839,0.3709,9.1097,9.1097,20643.5681,20643.5681,8599.2381,498542.1696,498542.1696
600539.SH,20250725,12.53,6.9062,11.5038,2.39,,,8.9393,6.003,5.8908,0.0,,23000.0,23000.0,13807.7796,288190.0,288190.0
001299.SZ,20250725,11.9,4.4114,4.4114,1.24,33.0751,30.8314,2.4485,4.3406,4.127,1.94,5.085,24263.8606,6543.0071,6543.0071,288739.9411,77861.7845
002406.SZ,20250725,7.85,15.3673,17.0138,2.29,48.4385,47.2538,1.453,4.4905,4.4148,1.2739,1.9108,73022.5082,60221.2035,54393.2538,573226.6894,472736.4475
300121.SZ,20250725,15.08,6.6077,9.5287,1.7,35.2274,39.0132,1.9483,1.9727,1.9566,1.8156,1.2392,44881.4098,43298.2749,30025.3089,676811.6598,652937.9855
003011.SZ,20250725,19.9,3.7298,4.888,1.41,40.7834,32.028,1.4547,1.4932,1.5269,2.9857,1.4929,10267.6,7808.8766,5958.6401,204325.24,155396.6443
688334.SH,20250725,18.93,3.6038,5.6553,0.58,26.2069,24.4554,2.1428,7.5064,7.0334,2.1923,2.1025,31657.9466,15690.4698,9998.6609,599284.9291,297020.5933
000021.SZ,20250725,18.8,2.003,3.0587,1.16,31.5356,29.711,2.4742,1.9787,1.9474,0.6915,1.0106,156058.7588,156040.3088,102184.4311,2933904.6654,2933557.8054
688371.SH,20250725,16.9,2.052,2.052,0.93,125.6906,122.8211,2.9718,11.8247,11.5348,,,33547.2356,12693.9022,12693.9022,566948.2816,214526.9472
603360.SH,20250725,19.79,1.8395,3.0582,1.6,40.4805,47.0411,9.0849,10.655,9.8301,1.5469,2.1656,70622.3654,70622.3654,42479.9955,1397616.6113,1397616.6113
002928.SZ,20250725,8.76,1.4038,2.5559,0.96,41.7855,34.4237,3.2516,1.6724,1.6338,0.0,,127824.155,127824.155,70204.838,1119739.5978,1119739.5978
688515.SH,20250725,91.45,3.3314,4.1551,1.42,,,4.7058,18.4642,18.0761,,,8000.0,4981.94,3994.3132,731600.0,455598.413
000875.SZ,20250725,5.29,0.9589,1.3548,0.83,17.4559,17.3833,1.1055,1.3966,1.4021,1.7013,2.0038,362727.0626,334240.0367,236556.553,1918826.1612,1768129.7941
600521.SH,20250725,22.02,3.2965,5.5634,1.25,29.4638,28.7807,3.6769,3.4532,3.5009,0.879,1.13,149725.1081,145609.8818,86280.1993,3296946.8804,3206329.5972
300215.SZ,20250725,6.25,5.68,10.5689,0.68,212.8323,3959.4764,2.3843,7.559,8.0489,0.56,0.08,74909.4187,56217.5744,30212.8854,468183.8669,351359.84
001306.SZ,20250725,80.58,7.4032,7.4032,0.53,80.4823,89.8026,3.776,7.5069,7.0794,1.0015,0.4033,6200.0,1550.0,1550.0,499596.0,124899.0
300884.SZ,20250725,13.67,5.8455,7.2438,0.6,,,2.7462,4.8226,4.9018,2.8593,0.7125,25386.282,19140.9886,15446.0468,347030.4749,261657.3142
688488.SH,20250725,14.64,3.5224,6.378,1.04,,,6.1828,14.7444,11.7839,,,42078.2808,42078.2808,23238.9408,616026.0309,616026.0309
002663.SZ,20250725,1.87,1.6946,2.213,0.7,,,1.3186,1.6206,1.619,0.0,,172334.8902,139644.8135,106934.6346,322266.2447,261135.8012
600221.SH,20250725,1.6,5.6463,7.4862,2.39,,,27.6202,1.0599,1.0591,0.0,,4321563.2535,3287267.6656,2479344.848,6914501.2056,5259628.265
002572.SZ,20250725,14.24,1.8831,2.2396,1.89,10.0032,11.2632,2.109,1.3068,1.3159,6.9397,7.0225,96304.7164,65146.212,54775.0938,1371379.1615,927682.0589
002112.SZ,20250725,13.37,2.2857,2.6818,0.44,32.5619,34.5346,4.6297,1.8062,1.853,0.1999,0.4665,29413.1282,26208.0,22337.779,393253.524,350400.96
600187.SH,20250725,3.14,2.3708,3.0901,1.16,116.2774,124.844,1.5816,28.2842,26.9228,0.0,,161378.1103,161378.1103,123813.1403,506727.2663,506727.2663
002759.SZ,20250725,9.45,6.0544,8.9591,1.27,,,1.4993,2.3062,2.2275,1.0519,,50138.2605,50107.2093,33861.2445,473806.5617,473513.1279
000716.SZ,20250725,6.2,1.9492,3.1883,0.9,60.0949,60.8358,1.8182,1.8956,1.9089,0.8065,0.8065,75348.955,71085.8137,43458.846,467163.521,440732.0449
603519.SH,20250725,12.58,0.7628,1.6037,0.67,21.0727,20.6657,3.0298,1.9592,1.9303,7.873,7.873,26632.7839,26632.7839,12668.5567,335040.4215,335040.4215
300925.SZ,20250725,24.31,3.4209,3.9686,0.74,79.5673,82.1302,4.905,2.4122,2.3692,0.3243,0.2631,42870.8945,33057.8613,28495.4054,1042191.4453,803636.6082
300153.SZ,20250725,32.24,4.9314,7.781,0.62,294.765,258.1058,11.6533,8.1007,7.5238,0.0,,32000.0,31833.0118,20174.8418,1031680.0,1026296.3004
688035.SH,20250725,41.46,3.0987,4.745,1.07,60.5288,53.2303,2.5736,5.0544,4.6075,0.5993,0.5954,14224.0,8881.7622,5800.1242,589727.04,368237.8608
301025.SZ,20250725,11.06,4.8794,12.3521,1.25,301.0316,391.6944,7.2222,10.9181,11.1673,0.0,0.2712,40030.94,27715.074,10948.1272,442742.1964,306528.7184
002083.SZ,20250725,4.99,1.5344,2.5096,1.05,13.5789,12.2727,1.0727,0.8835,0.8759,4.1335,5.3607,94663.9012,94626.3012,57855.1186,472372.867,472185.243
300248.SZ,20250725,15.19,4.6445,4.8632,0.72,65.6543,73.4287,3.4583,7.3519,7.5557,0.5267,0.5267,47634.8393,40915.4359,39074.9689,723573.209,621505.4713
605298.SH,20250725,15.58,4.9986,18.1313,2.96,75.323,60.6927,2.9308,6.0589,5.9885,0.4937,0.9628,18785.0,18465.2,5090.6339,292670.3,287687.816
603948.SH,20250725,22.3,3.0137,11.0442,1.53,17.3326,18.1326,1.8365,1.5134,1.5468,4.4845,4.4843,16248.9167,16248.9167,4433.9197,362350.8424,362350.8424
002796.SZ,20250725,11.52,1.8343,2.6765,0.8,31.5659,35.5118,3.3,3.0307,3.0931,0.0,,25242.6948,22654.6483,15526.4761,290795.8441,260981.5484
600655.SH,20250725,5.88,0.4007,0.8644,1.02,182.9345,,0.6593,0.4883,0.5954,3.2232,3.2098,389694.3613,388984.6273,180296.8711,2291402.8444,2287229.6085
600307.SH,20250725,1.84,4.1596,10.0948,1.43,,,1.6147,0.3308,0.3449,,,626335.7424,626335.7424,258083.7496,1152457.766,1152457.766
601006.SH,20250725,6.73,0.672,1.3165,1.0,15.0,15.8329,0.8345,1.8169,1.8284,6.8504,3.8206,2014717.7716,2014717.7716,1028360.1661,13559050.6029,13559050.6029
603828.SH,20250725,5.06,0.294,0.5909,0.75,351.3377,1697.7375,3.9891,1.2259,1.3222,0.0,,59596.0158,59593.9625,29654.2988,301555.8399,301545.4503
603955.SH,20250725,33.49,2.0386,3.4426,0.64,156.0093,200.1648,2.9165,39.6348,40.6522,0.0,0.1493,13572.0,13572.0,8036.8213,454526.28,454526.28
002763.SZ,20250725,7.24,1.4736,2.861,1.06,37.5442,49.2177,1.5263,1.0047,1.0008,5.5249,2.0718,40992.4,30355.795,15635.7,296784.976,219775.9558
603711.SH,20250725,13.8,0.759,4.1025,1.09,22.5034,27.235,1.6847,1.7332,1.8131,2.5232,1.8116,41287.41,41287.41,7638.6389,569766.258,569766.258
600982.SH,20250725,4.86,6.1427,12.5103,2.79,19.0609,18.1853,1.2891,1.2804,1.3228,3.0864,3.0864,111762.7485,111762.7485,54876.7377,543166.9577,543166.9577
300921.SZ,20250725,26.6,16.0663,20.1031,1.02,267.1149,239.4246,6.0392,8.1299,8.7103,0.5336,0.2664,18379.7487,11470.1067,9166.8925,488901.3154,305104.8382
920275.BJ,20250725,10.43,1.5243,4.1553,1.2,118.9332,140.0542,7.2295,23.1723,23.7555,0.2876,0.5753,15937.76,13200.069,4842.2553,166230.8368,137676.7197
300953.SZ,20250725,100.85,2.586,3.4543,0.7,68.8927,63.7691,4.5279,2.4542,2.3394,0.0253,0.1465,17347.7731,12475.3594,9339.3741,1749522.9171,1258139.9955
600246.SH,20250725,7.22,2.9182,4.8047,0.89,,,2.8179,27.9649,25.92,0.0,,191691.6076,191691.6076,116427.7146,1384013.4069,1384013.4069
600739.SH,20250725,12.14,1.0963,1.9388,0.82,88.6188,39.5942,0.6275,1.645,1.6294,0.8197,0.8197,152970.9816,152970.9816,86496.4382,1857067.7166,1857067.7166
300790.SZ,20250725,21.16,3.654,3.7901,1.1,43.1265,41.1992,3.2608,2.8856,2.8375,0.4199,0.4687,37411.8981,29707.6275,28640.769,791635.7638,628613.3979
300054.SZ,20250725,29.4,2.4056,2.6563,1.4,53.3316,47.8692,5.9525,8.3201,8.0409,0.0,0.3401,94454.3607,73443.5485,66511.5252,2776958.2046,2159240.3259
688049.SH,20250725,57.22,4.5024,5.9674,1.23,78.4546,59.943,4.3515,12.8275,11.528,0.2886,,14613.6404,14613.6404,11026.0248,836192.5037,836192.5037
301069.SZ,20250725,16.84,2.7143,5.7071,1.47,126.5215,116.2025,4.7626,7.6337,7.3989,1.1876,0.5938,42064.1138,39196.1138,18641.5738,708359.6764,660062.5564
688130.SH,20250725,22.5,5.3924,5.4971,1.84,,,2.1547,20.1716,18.7355,,,12089.1094,3899.1094,3824.8534,272004.9615,87729.9615
688319.SH,20250725,20.84,2.5488,3.9587,0.48,407.5453,213.1937,9.2001,14.3662,13.9702,0.1824,,40593.36,40540.93,26101.9915,845965.6224,844872.9812
688395.SH,20250725,24.43,1.5886,3.9696,0.91,55.9198,54.3732,2.7937,5.7677,5.5503,0.813,0.614,8659.772,8659.772,3465.512,211558.23,211558.23
600963.SH,20250725,4.82,1.1765,2.0862,0.66,50.8091,63.7867,1.0706,1.0414,1.0227,0.0,0.6253,175756.7854,175756.7854,99114.3753,847147.7056,847147.7056
600599.SH,20250725,7.76,1.8463,4.6383,1.14,,,11.6836,3.9775,4.0787,0.0,,16600.0,16600.0,6607.7948,128816.0,128816.0
688720.SH,20250725,43.2,4.0422,4.4741,1.95,113.7289,113.547,3.8778,8.8095,7.9902,0.4499,0.1038,8813.3334,5528.2656,4994.6688,380736.0029,238821.0739
600284.SH,20250725,6.84,1.6233,2.5767,0.97,11.1846,11.7189,0.8543,0.3519,0.4053,5.5848,3.9035,97025.6,97025.6,61126.3687,663655.104,663655.104
000651.SZ,20250725,46.8,1.1278,1.4843,2.29,8.1451,7.8454,1.9051,1.3858,1.3491,5.0133,7.1439,560140.5741,551494.9814,419042.5605,26214578.8679,25809965.1295
300931.SZ,20250725,8.23,2.6408,4.2375,0.86,,,3.1133,3.7208,3.7822,1.2151,,24014.6,20044.3513,12491.5113,197640.158,164965.0112
002809.SZ,20250725,12.79,15.5525,20.9392,0.69,55.5033,70.7578,1.7315,4.0073,3.9771,1.1652,2.3455,21160.0295,13910.6432,10332.0725,270636.7773,177917.1265
688103.SH,20250725,58.24,1.5175,2.3418,0.96,183.585,146.5822,5.0097,7.0056,6.3214,0.3975,0.3606,9531.5536,9531.5536,6176.5666,555117.6817,555117.6817
600826.SH,20250725,12.21,15.2999,41.2049,0.93,29.2689,31.2392,2.2665,5.4645,5.2882,2.0965,2.2578,73553.3549,73553.3549,27311.2947,898086.4633,898086.4633
002182.SZ,20250725,12.9,3.0501,4.3821,0.92,80.1491,100.6671,2.4064,1.4243,1.398,0.7198,0.3876,99179.1553,86551.246,60242.4065,1279411.1034,1116511.0734
000852.SZ,20250725,7.1,1.8119,3.7961,0.65,70.0626,87.6735,2.1876,0.8445,0.8586,0.0,,95596.7689,94573.8786,45140.0787,678737.0592,671474.5381
002390.SZ,20250725,3.76,1.0123,1.8197,0.95,72.0928,87.2171,1.0918,1.2116,1.2407,2.3436,1.5568,194385.1868,185230.5076,103045.255,730888.3024,696466.7086
300708.SZ,20250725,12.89,5.9471,6.6088,1.11,44.8235,41.9628,3.1824,3.177,3.0331,1.2041,1.1742,68015.2346,52228.9663,46999.8168,876716.374,673231.3756
301171.SZ,20250725,28.7,17.3246,18.7417,2.5,58.4196,56.9824,3.7424,5.3177,4.522,0.4702,0.087,47188.5905,30877.5025,28542.8345,1354312.5474,886184.3218
301662.SZ,20250725,104.82,13.5674,13.5674,0.71,40.3593,47.0039,5.8851,4.0113,4.4543,,0.954,8000.0,1577.6325,1577.6325,838560.0,165367.4387
001309.SZ,20250725,87.3,6.2563,15.1716,1.34,56.401,229.9722,8.3244,4.1428,3.7922,0.0744,0.2455,22647.8428,15977.5046,6588.6104,1977156.6764,1394836.1516
603416.SH,20250725,54.95,2.0913,4.0275,1.14,37.7803,37.5279,3.3372,5.0547,4.9153,0.3547,1.5805,15713.8633,13950.5,7243.894,863476.7883,766579.975
000550.SZ,20250725,22.14,1.4711,4.6424,1.12,12.4332,13.9055,1.7003,0.498,0.4958,3.0894,,86321.4,51846.316,16428.716,1911155.796,1147877.4362
300173.SZ,20250725,6.04,3.3359,4.2107,1.06,53.3323,100.308,4.4727,3.3231,3.411,0.0,,73472.5698,73472.5698,58208.1697,443774.3216,443774.3216
002455.SZ,20250725,7.08,2.6686,2.8494,0.56,38.7143,36.5598,2.3725,0.7573,0.7219,0.0,0.8475,59425.6087,51923.486,48627.7784,420733.3096,367618.2809
600512.SH,20250725,2.42,2.7323,3.4098,0.72,148.3483,,0.6223,1.0374,1.0534,0.8291,0.8264,159381.0979,158740.5163,127198.7537,385702.2569,384152.0494
601877.SH,20250725,23.31,0.3812,0.8116,0.7,12.9294,12.6592,1.1961,0.7764,0.7931,2.3595,2.5681,214896.8976,214896.8976,100947.8178,5009246.6831,5009246.6831
600126.SH,20250725,9.28,4.0793,11.0905,1.02,,,1.6178,0.4923,0.505,0.5388,,337718.9083,337718.9083,124218.9972,3134031.469,3134031.469
300151.SZ,20250725,13.54,2.3259,2.6965,0.74,70.7132,76.1041,4.7047,6.9402,6.8372,0.8124,0.997,53250.8734,36869.7021,31802.2796,721016.8258,499215.7664
000726.SZ,20250725,6.98,1.4275,1.8744,0.85,13.9032,11.6311,0.6045,0.9367,0.926,4.0116,3.5817,81730.6422,58870.0815,44834.7232,570479.8826,410913.1689
002813.SZ,20250725,23.78,3.1165,9.14,1.77,,,9.7645,7.9141,7.5922,0.0,,12000.0,11985.6075,4086.7635,285360.0,285017.7464
002274.SZ,20250725,7.11,1.4867,2.4787,1.04,12.9875,22.0272,1.2382,0.8539,0.8765,4.2194,4.2194,95236.4646,93784.913,56249.5929,677131.2633,666810.7314
601228.SH,20250725,3.39,0.3435,1.9187,0.84,26.5192,28.1475,1.2113,1.8174,1.7945,1.2684,,754453.1351,754453.1351,135073.0696,2557596.128,2557596.128
601326.SH,20250725,3.35,0.3219,1.3878,0.8,11.9611,12.0639,0.9731,2.7264,2.7678,2.4776,2.5373,558741.2,475755.9,110357.5437,1871783.02,1593782.265
300587.SZ,20250725,6.8,5.3893,6.8024,2.21,580.645,1336.9947,3.2497,4.1337,4.6522,0.0,0.3963,129826.8797,102201.797,80970.3789,882822.782,694972.2196
688070.SH,20250725,53.29,4.2533,9.6855,0.93,,,8.6139,9.8421,9.6089,,,8758.0,8758.0,3846.0,466713.82,466713.82
002997.SZ,20250725,38.99,2.6779,4.6898,0.65,23.2972,21.9438,3.4984,3.3665,3.0615,0.7694,0.7694,20932.1325,20932.1325,11952.4825,816143.8462,816143.8462
002170.SZ,20250725,10.51,3.797,4.1673,0.99,24.8428,19.2846,3.2367,3.0679,2.6972,1.3152,2.6559,96709.2607,78352.0175,71389.005,1016414.33,823479.7039
300075.SZ,20250725,17.8,3.4891,3.7369,1.23,,,3.1304,15.4992,18.3824,0.2776,,62113.0158,51439.0726,48027.4482,1105611.6812,915615.4923
000820.SZ,20250725,2.87,2.4043,2.4702,0.97,,,11.84,15.0446,19.1396,0.0,,64655.5179,29696.6877,28904.9696,185561.3364,85229.4937
000901.SZ,20250725,12.79,2.8508,4.3795,0.69,831.5958,8889.5495,2.4227,1.48,1.4787,0.0,,79820.1406,79819.3381,51957.9676,1020899.5983,1020889.3343
300264.SZ,20250725,6.2,3.986,4.2143,1.09,,,91.9496,17.9097,14.2849,0.0,,43085.7518,37041.2272,35034.9831,267131.6612,229655.6086
688456.SH,20250725,40.44,1.7074,2.7046,0.84,70.5934,69.9362,3.4935,1.2983,1.2464,0.4946,0.4946,10366.0,10366.0,6543.875,419201.04,419201.04
300796.SZ,20250725,10.84,4.8383,6.7542,1.05,,,2.2579,2.9473,2.8027,0.369,,36114.2872,36114.2872,25869.9004,391478.8732,391478.8732
688506.SH,20250725,304.58,0.7471,1.0344,0.63,32.9431,,36.227,20.9759,285.3427,,,40100.0,10289.112,7431.3429,12213658.0,3133857.733
605007.SH,20250725,12.31,0.9228,4.257,0.84,16.2243,20.0572,1.7676,0.7668,0.7414,1.5136,2.0309,47690.0681,40154.9828,8704.2745,587064.7383,494307.8383
601678.SH,20250725,4.6,2.5299,3.0888,1.14,43.1538,33.1077,0.8284,0.925,0.7844,1.0698,0.8533,205683.6276,202983.6276,166255.9794,946144.687,933724.687
002235.SZ,20250725,8.31,9.3817,11.3324,0.67,171.0719,184.1216,6.4348,13.9997,13.5649,0.0,,57957.2284,55357.8302,45828.5245,481624.568,460023.569
002688.SZ,20250725,7.11,9.9831,15.5262,2.79,54.7533,51.6729,2.4628,2.3143,2.2155,1.3889,1.3709,77163.4398,74988.9867,48216.6796,548632.057,533171.6954
301479.SZ,20250725,89.28,14.1679,14.1679,1.84,48.0721,47.0326,7.0709,7.2751,6.7714,,1.2001,8896.5333,1988.4811,1988.4811,794282.493,177531.5926
920735.BJ,20250725,37.4,4.4227,6.5571,1.15,24.7911,23.3418,3.9301,5.0522,4.8017,0.642,0.82,11731.599,10375.7231,6998.2631,438761.8026,388052.0439
600366.SH,20250725,12.7,17.3874,25.2653,1.44,146.8015,105.1606,2.374,2.7686,2.7169,0.3947,0.3855,109904.1051,106304.2036,73157.835,1395782.1348,1350063.3857
600350.SH,20250725,10.29,0.259,1.9587,0.98,15.565,15.3854,1.6561,1.7459,1.7496,4.0866,,483457.0825,483457.0825,63933.0459,4974773.3789,4974773.3789
688320.SH,20250725,50.14,3.8523,4.6221,0.84,,,5.8583,9.3402,9.0698,0.2192,,15101.3668,11087.6387,9241.0015,757182.5314,555934.2044
688819.SH,20250725,28.6,0.2282,1.6443,0.83,17.8847,18.8822,1.7494,0.6173,0.605,2.2727,1.4303,97210.0,97210.0,13490.0,2780206.0,2780206.0
688170.SH,20250725,34.67,5.567,8.9443,0.71,,,2.9475,5.0105,5.1288,0.8624,,10336.0,10336.0,6433.21,358349.12,358349.12
600601.SH,20250725,5.5,3.6811,6.1342,0.94,89.1123,88.5728,5.4726,6.5878,6.2602,0.0,,417029.3287,417029.3287,250259.2986,2293661.3079,2293661.3079
603778.SH,20250725,3.91,6.069,8.3455,0.45,,,3.106,1.2262,1.2347,0.0,,65664.212,64285.7142,46750.0835,256747.0689,251357.1425
603927.SH,20250725,20.25,1.5703,2.4115,1.09,47.39,53.7666,5.6193,2.5226,2.5426,1.94,1.679,83104.0,83104.0,54116.9138,1682856.0,1682856.0
920111.BJ,20250725,28.72,3.9977,3.9977,0.5,38.4155,36.1444,5.3197,4.449,4.1687,,0.6964,15515.45,3688.85,3688.85,445603.724,105943.772
603107.SH,20250725,16.11,2.655,4.132,1.99,28.6854,28.7853,2.6884,2.5274,2.5032,1.8622,1.8622,33733.5,21817.3998,14018.759,543446.685,351478.3108
000006.SZ,20250725,6.27,1.8515,2.9385,1.23,,,1.574,1.3956,1.1392,0.0,,134999.5046,134998.7396,85059.9248,846446.8938,846442.0973
600635.SH,20250725,4.34,1.9053,2.6039,0.78,54.9587,32.0671,1.4723,2.0507,2.0804,0.8065,0.8065,295243.4675,241879.1675,176981.5081,1281356.649,1049755.587
000797.SZ,20250725,2.82,1.3998,3.103,0.88,176.9563,,0.8582,0.6525,0.6559,0.3546,,157075.4217,157057.4029,70850.5381,442952.6892,442901.8762
002251.SZ,20250725,5.12,14.0255,20.798,2.33,11.3611,10.5044,1.7159,4.012,3.7653,0.0,,268869.9689,151338.3056,102057.7233,1376614.2408,774852.1247
605005.SH,20250725,18.42,0.5911,4.6236,0.97,27.7865,28.12,3.8289,4.315,4.3246,1.0858,1.0858,40100.0,40100.0,5126.5051,738642.0,738642.0
002842.SZ,20250725,9.95,14.7287,19.3132,1.0,,,3.1401,1.8613,1.8409,0.0,,32717.2422,26846.2509,20473.5737,325536.5599,267120.1965
301408.SZ,20250725,14.69,15.3561,17.9203,1.14,42.6737,38.8764,2.8996,1.2967,1.2518,0.6807,0.6807,40001.0,14917.1303,12782.6932,587614.69,219132.6441
600390.SH,20250725,6.23,1.7427,3.5147,0.62,55.4354,108.2953,0.6622,31.7484,30.0527,2.4559,0.61,449806.5459,449806.5459,223024.9462,2802294.781,2802294.781
688617.SH,20250725,286.9,0.9148,1.6117,1.57,60.1007,56.4914,15.8552,19.5841,18.603,0.3308,0.4207,14101.3796,14101.3796,8004.4376,4045685.8072,4045685.8072
603369.SH,20250725,40.19,1.09,2.0073,0.83,14.6864,14.2218,3.2117,4.3405,4.1853,2.4882,2.9858,124680.0037,124680.0037,67699.5104,5010889.3487,5010889.3487
300657.SZ,20250725,29.28,7.92,9.6544,1.35,248.6852,397.8402,10.8955,2.4049,2.4394,0.0,,48255.5756,46861.3051,38442.774,1412923.2536,1372099.0133
603409.SH,20250725,34.83,3.0917,3.0917,0.76,26.9121,28.1382,3.127,4.1056,3.8751,,1.4355,12603.0,3087.5897,3087.5897,438962.49,107540.7493
600992.SH,20250725,15.27,4.0361,5.273,1.09,,,2.6129,1.7446,1.7904,0.3536,0.0786,24509.0,24509.0,18760.0182,374252.43,374252.43
300012.SZ,20250725,12.53,2.4836,2.6307,1.0,22.8927,22.8023,3.0644,3.4658,3.4126,0.7943,0.7933,168282.8214,143176.9688,135174.1844,2108583.7521,1794007.4191
601601.SH,20250725,37.49,0.7673,1.7686,1.08,8.0219,8.4213,1.4243,0.8925,0.8963,2.7207,2.8808,962034.1455,684504.1455,296987.6535,36066660.1148,25662060.4148
002539.SZ,20250725,10.7,1.2203,1.398,0.53,16.0636,15.2936,1.461,0.634,0.6113,1.8692,1.8692,120772.3762,88314.006,77085.3823,1292264.4253,944959.8642
300261.SZ,20250725,7.49,3.8058,5.8633,1.56,,,3.6231,6.0018,5.5591,0.6676,0.6676,96330.9471,93707.9377,60825.5175,721518.7938,701872.4534
920982.BJ,20250725,338.65,1.0831,1.5127,0.83,53.2115,48.7414,25.5233,27.0072,24.6035,0.4019,0.6814,11506.534,5965.8404,4271.6661,3896687.7391,2020331.8515
001332.SZ,20250725,37.83,2.9101,2.9101,0.66,16.3083,15.8596,1.7447,2.7132,2.7274,2.6194,2.6434,11000.0,2700.0,2700.0,416130.0,102141.0
002886.SZ,20250725,19.22,2.2334,3.0372,0.63,138.2309,135.7556,2.8543,2.6669,2.6242,0.0361,0.2185,26320.3565,20907.8164,15374.4412,505877.2519,401848.2312
300437.SZ,20250725,9.25,2.5751,3.0633,0.67,,,1.64,2.1386,2.3107,0.0,,25242.2911,17581.0597,14779.3097,233491.1927,162624.8022
603356.SH,20250725,14.41,2.811,4.2122,1.51,,,4.4335,1.7139,1.7913,0.0,,13334.0,13334.0,8898.4683,192142.94,192142.94
300821.SZ,20250725,9.95,4.1505,10.2969,0.72,210.3536,250.219,2.4215,2.3182,2.4233,0.0,0.1508,120000.0,119978.2,48360.9055,1194000.0,1193783.09
920425.BJ,20250725,24.83,4.3723,7.2954,1.25,104.3272,84.1543,7.2312,22.6227,21.5223,0.8219,0.5753,7093.6548,5921.3298,3548.7992,176135.4487,147026.6189
300457.SZ,20250725,20.98,3.1541,5.6381,0.83,27.0691,37.8547,2.1367,1.5979,1.7034,0.8295,,64919.2963,63762.4858,35670.1788,1362006.8364,1337736.9521
920339.BJ,20250725,10.99,0.6692,1.8521,0.64,36.4497,34.2631,4.1391,3.3707,3.2231,1.8065,0.9074,22020.38,15089.7135,5452.3073,242003.9762,165835.9514
688291.SH,20250725,32.4,5.26,5.26,0.67,109.0801,93.5817,3.5757,15.6814,14.6527,0.3071,0.1972,10266.67,3366.67,3366.67,332640.108,109080.108
920809.BJ,20250725,5.73,3.5302,3.5302,0.84,,,1.9718,2.2767,1.7362,,,60045.0411,46050.7559,46050.7559,344058.0855,263870.8313
000960.SZ,20250725,18.96,2.7396,4.873,0.87,21.6062,19.2926,1.6769,0.7434,0.7206,1.3713,1.5295,164580.1952,164580.1952,92527.1987,3120440.501,3120440.501
300651.SZ,20250725,23.88,9.1236,12.0802,1.14,125.1575,150.6298,3.3697,8.9654,9.4257,0.5766,0.5766,14025.7895,8648.1233,6531.4621,334935.8533,206517.1844
601872.SH,20250725,6.27,0.6867,2.1821,1.15,9.9125,11.0116,1.3003,1.9624,2.0138,5.437,4.0966,807453.8502,807453.8502,254110.8705,5062735.6408,5062735.6408
002526.SZ,20250725,4.0,4.2618,5.4087,0.54,62.8603,51.9383,2.2577,2.9964,2.9725,0.575,0.25,178279.3836,177108.4438,139553.8516,713117.5344,708433.7752
300442.SZ,20250725,51.51,3.5412,3.5412,0.75,47.0219,48.2084,8.2802,19.2871,18.397,1.0761,1.0665,163434.3573,55425.2446,55425.2446,8418503.7445,2854954.3493
688278.SH,20250725,75.99,0.4471,1.14,0.59,37.3522,35.0913,12.3796,10.973,10.496,0.5395,0.8159,40680.0,40680.0,15955.5262,3091273.2,3091273.2
920414.BJ,20250725,15.5,6.4804,7.3972,0.74,,,4.3016,15.0857,16.9664,0.2427,,7974.8171,5527.5836,4842.5029,123609.6651,85677.5458
000686.SZ,20250725,8.41,1.5209,2.6501,0.89,22.5299,18.6594,1.0338,3.0258,2.8899,1.1891,1.4269,234045.2915,234045.2915,134321.0589,1968320.9015,1968320.9015
000893.SZ,20250725,31.43,1.0808,1.6703,0.71,30.5565,23.1656,2.4046,8.1857,7.0369,0.0,,92405.1187,81172.0074,52521.9515,2904292.8807,2551236.1926
600208.SH,20250725,3.89,1.9878,4.6862,0.88,32.5868,30.9978,0.7963,2.0079,2.2692,0.0,,850894.08,850797.6337,360889.6671,3309977.9712,3309602.7951
000036.SZ,20250725,3.78,0.7675,1.1776,0.56,138.4595,217.2961,1.1036,13.1888,13.0515,0.0,,148393.4025,148126.6283,96538.0024,560927.0615,559918.655
600872.SH,20250725,19.33,1.6723,2.0898,0.93,16.8609,18.0308,2.7784,2.7285,2.932,2.0373,2.1615,77899.1206,77098.795,61697.2788,1505790.0012,1490319.7074
601008.SH,20250725,6.23,2.9864,7.2415,0.99,40.5444,45.5767,1.9137,2.9368,2.9667,0.8026,0.9631,124063.8006,124063.8006,51163.7271,772917.4777,772917.4777
603383.SH,20250725,42.81,5.5419,9.5683,1.63,45.3251,44.1604,6.3955,13.2473,13.161,2.6089,1.8687,20538.6979,20449.8019,11844.5042,879261.6571,875456.0193
300565.SZ,20250725,12.2,2.9841,3.0808,0.87,,,4.9658,5.4697,4.833,0.0,,24970.4612,22820.5145,22103.8656,304639.6266,278410.2769
920375.BJ,20250725,16.98,2.9833,3.9516,0.6,59.1692,75.7025,2.3391,3.0175,3.0437,0.8562,,10349.0,6492.7306,4901.8627,175726.02,110246.5656
688277.SH,20250725,18.14,8.0994,12.0913,4.32,,,6.2822,45.9142,39.3867,,,45266.8589,45266.8589,30321.9238,821140.8204,821140.8204
600615.SH,20250725,12.63,2.9831,4.2648,0.71,325.4118,214.3639,3.8811,15.0914,8.6989,0.066,0.066,22562.461,22514.941,15748.459,284963.8824,284363.7048
002482.SZ,20250725,1.84,1.5613,3.3881,1.14,,,12.9163,9.109,7.8296,0.0,,375096.2363,374370.9801,172522.5433,690177.0748,688842.6034
300541.SZ,20250725,16.08,6.6552,6.6552,0.83,179.7686,97.281,4.1528,3.1155,2.9178,0.5741,0.1119,43004.4492,38657.8485,38657.8485,691511.5431,621618.2039
688663.SH,20250725,31.59,1.5268,2.6829,0.57,25.4794,27.2583,3.3745,2.3165,2.1987,1.5752,1.8718,14062.023,14062.023,8002.5564,444219.3066,444219.3066
600141.SH,20250725,25.2,2.0129,3.1552,0.74,17.3613,18.1668,1.3418,0.9791,0.9675,2.3809,3.9683,110325.5933,110325.5933,70385.5196,2780204.9512,2780204.9512
600280.SH,20250725,3.55,1.9947,4.6392,0.86,,,5.9661,1.743,1.7327,0.0,,112833.4788,112833.4788,48514.7372,400558.8497,400558.8497
688400.SH,20250725,30.85,2.5542,4.965,0.8,132.8271,110.4767,3.6915,6.3664,5.9136,0.1615,0.08,46097.6733,46086.9955,23709.237,1422113.2213,1421783.8112
920037.BJ,20250725,75.31,10.4869,10.4869,0.57,57.3473,47.3288,8.8123,11.5353,10.4208,,,8846.2908,2956.4308,2956.4308,666214.1601,222648.8035
301559.SZ,20250725,17.4,7.8873,7.8873,0.67,34.3568,38.0724,2.3362,3.1173,3.1248,2.5862,2.5287,60000.0,9000.0,9000.0,1044000.0,156600.0
300271.SZ,20250725,8.96,6.3485,8.3793,0.72,,,1.9397,4.4656,4.3897,0.0,,81186.0673,79724.2504,60402.4923,727427.163,714329.2836
001260.SZ,20250725,19.73,4.4494,4.4494,0.84,46.9836,48.8253,2.8819,3.7855,3.8368,0.6336,0.6386,11500.0,3175.0,3175.0,226895.0,62642.75
603273.SH,20250725,18.56,8.1008,8.1008,0.74,102.5104,114.5925,4.574,6.1723,6.6967,0.7274,0.3772,21431.34,5605.84,5605.84,397765.6704,104044.3904
688158.SH,20250725,26.38,10.4948,12.6662,0.93,,,5.039,8.009,7.8639,,,45630.5081,40547.3908,33596.2081,1203732.8037,1069640.1693
600241.SH,20250725,8.51,3.3139,6.4517,1.36,129.2123,129.7774,2.1395,6.2475,6.1371,0.0,,29430.2115,29430.2115,15116.8642,250451.0999,250451.0999
601766.SH,20250725,7.58,0.3618,0.9036,0.94,17.561,15.073,1.2688,0.8827,0.8273,2.6385,2.6385,2869886.4088,2432779.8048,974021.9798,21753738.9787,18440470.9204
688420.SH,20250725,25.99,2.6921,2.6921,0.45,56.5035,64.3795,1.6025,4.2063,4.1663,1.1181,0.5588,8843.0,3410.9,3410.9,229829.57,88649.291
300960.SZ,20250725,26.83,2.5207,9.0562,0.61,78.4735,77.4965,6.7574,9.084,8.8884,1.8593,1.4642,14373.0153,13016.4153,3623.0016,385628.0005,349230.4225
688048.SH,20250725,62.25,4.5887,5.004,0.84,,,3.687,40.2488,34.899,,,17627.9943,10620.9943,9739.5945,1097342.6452,661156.8952
601169.SH,20250725,6.56,0.4829,0.6971,0.92,5.3694,5.4096,0.5149,1.9838,1.9999,4.878,4.878,2114298.4272,2114298.4272,1464497.3937,13869797.6824,13869797.6824
001358.SZ,20250725,23.67,3.7175,4.0409,1.71,35.9353,38.1791,2.0855,6.2292,6.2596,3.6212,2.0718,12320.0,5097.6307,4689.6968,291614.4,120660.9187
001896.SZ,20250725,5.57,3.3125,8.6828,0.58,,,2.6797,0.6992,0.7229,0.0,,152578.133,152578.133,58208.0646,849860.2008,849860.2008
603787.SH,20250725,12.55,2.2561,6.4019,1.07,112.7161,94.9515,1.8857,0.8227,0.7583,1.5936,1.1952,23014.379,23014.379,8110.459,288830.4565,288830.4565
300323.SZ,20250725,7.63,3.1234,3.9406,1.34,,,1.8072,3.0014,2.8426,0.0,,162299.8797,87914.9878,69683.6835,1238348.0821,670791.3569
688499.SH,20250725,52.55,6.3242,10.2864,0.57,,,3.9639,3.5722,3.6391,,,16872.851,16872.851,10373.6925,886668.3201,886668.3201
601963.SH,20250725,10.29,0.7128,2.1885,0.99,6.9868,6.8764,0.6777,2.6137,2.5797,3.965,4.0233,347458.3227,187939.9252,61209.0005,3575346.1406,1933901.8303
301459.SZ,20250725,52.48,29.9024,29.9024,1.33,33.7886,35.4667,4.5921,5.7605,5.7594,0.5856,0.732,10412.182,2612.182,2612.182,546431.3114,137087.3114
002454.SZ,20250725,8.35,2.9743,5.3053,1.37,38.4601,31.0077,1.3299,1.05,1.0213,0.7159,1.1931,62858.16,62697.9228,35150.8419,524865.636,523527.6554
603949.SH,20250725,19.78,2.4947,9.6147,0.47,69.1327,70.4615,4.1185,11.6024,11.5185,1.6684,0.5056,21113.668,21020.5274,5454.1738,417628.353,415786.032
300513.SZ,20250725,9.14,4.3812,4.5683,1.37,,,2.0864,2.5742,2.5485,0.3829,,31369.1155,28143.6804,26991.1284,286713.7157,257233.2389
600258.SH,20250725,14.23,2.3247,4.3694,1.3,19.7061,19.1794,1.3891,2.0499,2.0713,1.546,2.5299,111660.3126,111660.3126,59405.9451,1588926.2483,1588926.2483
300848.SZ,20250725,17.68,2.1265,4.0633,0.81,97.5023,90.711,5.0311,4.5616,4.5562,0.4212,0.3959,42788.7627,23942.3688,12530.115,756505.3245,423301.0804
300972.SZ,20250725,150.76,1.0237,1.9986,1.23,96.3636,56.3291,21.1195,0.8749,0.7381,0.0,0.3818,18761.5062,16344.3447,8371.1962,2828484.6747,2464073.407
600446.SH,20250725,18.81,3.3627,4.5114,0.8,,,5.0101,3.7927,4.3144,0.3156,,94627.5005,94627.5005,70531.7864,1779943.2844,1779943.2844
300197.SZ,20250725,2.24,1.8099,3.0639,0.59,,,4.0974,6.3505,6.7014,0.0,,296529.808,296522.308,175167.8797,664226.7699,664209.9699
300401.SZ,20250725,16.64,7.8245,11.1965,1.34,29.2462,28.7782,2.9922,7.2737,7.2965,0.4253,0.6851,54346.7766,53468.3767,37365.7353,904330.3626,889713.7883
002532.SZ,20250725,9.45,1.057,1.6183,0.65,9.8667,9.1705,1.6308,1.565,1.506,3.674,4.1969,465188.5415,413000.5452,269751.2086,4396031.7172,3902855.1521
002807.SZ,20250725,4.73,1.5129,1.6055,1.31,5.716,5.6943,0.6335,2.9386,2.892,4.0169,4.2283,246139.2789,245794.9789,231613.0295,1164238.7892,1162610.2502
601688.SH,20250725,19.89,1.2189,1.7382,0.79,11.6964,10.7501,1.0754,4.3301,4.1189,2.9167,2.9167,902730.2281,730675.8106,512399.8491,17955304.2369,14533141.8728
300251.SZ,20250725,19.36,1.5667,3.2241,0.91,194.4917,30.1581,5.5722,35.8201,16.2754,0.3591,1.0296,293360.8432,278130.3282,135158.6512,5679465.9244,5384603.154
300454.SZ,20250725,103.65,2.3576,2.8457,0.74,222.1173,100.2915,4.9285,5.8151,5.6448,0.0475,0.06,42188.1295,27829.2778,23055.6778,4372799.6227,2884504.644
688229.SH,20250725,63.32,3.9444,8.3147,0.73,,,6.8421,20.002,20.2083,,,4440.0,4440.0,2106.282,281140.8,281140.8
000056.SZ,20250725,3.12,2.9932,3.7435,0.75,,,32.5655,5.6087,6.114,0.0,,118252.822,90372.8783,72260.1883,368948.8046,281963.3803
920145.BJ,20250725,23.09,2.2343,3.5361,0.71,,,6.1774,23.1951,22.7315,,,7055.0,4876.475,3081.175,162899.95,112597.8078
600309.SH,20250725,62.98,1.7452,3.3161,0.68,15.1275,16.4878,2.0641,1.0829,1.1016,3.4159,1.9906,313047.1626,313047.1626,164752.5792,19715710.3005,19715710.3005
301173.SZ,20250725,45.25,3.4552,3.4552,0.78,23.2702,28.4004,2.8956,1.6509,1.683,,0.5039,8783.4772,1686.1923,1686.1923,397452.3433,76300.2016
000791.SZ,20250725,6.81,1.5353,3.8659,1.14,13.4354,10.6598,1.6391,2.5405,2.1181,0.797,2.6432,324383.9742,193562.1786,76868.893,2209054.8643,1318158.4363
002625.SZ,20250725,39.79,1.1319,1.8279,1.27,131.4958,128.5979,9.4368,55.0347,53.2814,0.5842,0.5842,215458.7862,215458.0737,133422.5425,8573105.1029,8573076.7525
600373.SH,20250725,10.14,0.9976,2.2713,1.09,18.6281,21.1448,0.7938,1.4904,1.5686,7.6106,4.0242,136750.5119,134735.8719,59181.7687,1386650.1907,1366221.7411
300507.SZ,20250725,7.89,2.2378,3.5823,0.63,45.8153,45.7579,3.0736,3.7837,3.1743,0.7518,0.7566,80064.6907,77566.6748,48454.6044,631710.4096,612001.0642
605338.SH,20250725,18.88,1.0916,3.1823,0.92,16.3526,16.4974,2.2823,2.706,2.6808,2.2122,4.2373,23956.6662,23956.6662,8217.7662,452301.8579,452301.8579
603489.SH,20250725,27.65,0.8353,3.1145,0.79,101.6071,93.8067,2.5149,4.7812,4.7637,2.5833,0.3617,23461.7979,23461.7979,6292.184,648718.7119,648718.7119
301303.SZ,20250725,15.4,2.0565,2.0597,1.03,19.6319,19.2276,1.9511,4.1936,4.0362,2.2727,2.2727,40880.0,10157.9753,10142.4691,629552.0,156432.8196
002158.SZ,20250725,18.05,0.9649,2.5038,0.77,11.1892,11.5738,2.4113,2.6268,2.7332,3.2133,3.2133,53472.4139,53360.2149,20562.4659,965177.0709,963151.8789
688356.SH,20250725,98.67,5.362,10.7171,0.81,200.5646,219.4809,4.7141,26.3518,25.8604,0.5804,0.1517,6065.07,6065.07,3034.5062,598440.4569,598440.4569
002637.SZ,20250725,11.66,8.1488,12.918,1.99,40.529,32.8648,1.4705,0.5083,0.4656,0.8442,1.0073,47040.1,44272.315,27927.489,548487.566,516215.1929
601005.SH,20250725,1.58,4.074,6.0867,0.68,,,0.8477,0.5133,0.5354,0.0,,885176.3767,831363.6567,556462.7464,1398578.6752,1313554.5776
920171.BJ,20250725,31.52,7.8899,13.5471,1.13,,,15.091,20.751,20.1916,,,10023.3235,6737.5108,3923.95,315935.1567,212366.3404
688443.SH,20250725,33.43,5.7711,5.7711,0.6,,,6.1271,407.3145,243.9695,,,36668.0,11668.0,11668.0,1225811.24,390061.24
301390.SZ,20250725,37.65,3.2863,3.7394,0.52,63.5662,63.4062,2.3691,3.357,3.3008,1.0624,0.2636,6000.0,2905.073,2553.073,225900.0,109375.9985
300029.SZ,20250725,5.31,2.3074,2.6454,2.3,,,,6.6077,9.5689,0.0,,20050.65,20036.025,17476.1756,106468.9515,106391.2928
002910.SZ,20250725,9.96,6.188,11.7185,0.42,,,1.8272,2.1882,2.2255,0.0,,19553.9347,17106.195,9033.0835,194757.1896,170377.7022
603357.SH,20250725,8.8,1.3408,2.5656,0.57,9.6143,10.141,1.3329,1.3967,1.5363,3.9787,3.1818,56057.7909,55560.2959,29036.4559,493308.5599,488930.6039
688233.SH,20250725,32.85,3.3693,6.0479,1.21,135.9524,82.0316,3.0928,18.4803,15.9728,,0.227,17030.5736,17030.5736,9487.8142,559454.3428,559454.3428
600563.SH,20250725,114.28,0.6931,1.2072,0.71,24.7432,23.6347,5.0404,5.3886,5.1476,1.7501,1.7501,22500.0,22500.0,12917.9776,2571300.0,2571300.0
688016.SH,20250725,111.74,4.0486,6.7835,1.55,27.4314,30.7824,3.6214,11.4176,11.668,3.2785,1.7848,12326.2117,12326.2117,7356.6247,1377330.8954,1377330.8954
603630.SH,20250725,23.77,11.263,28.04,3.34,129.4065,202.1897,2.8,6.0234,6.1203,1.1654,0.5827,22520.458,22520.458,9045.9628,535311.2867,535311.2867
300709.SZ,20250725,43.5,5.1898,5.8984,0.9,67.6338,62.6075,3.8153,3.7489,3.6144,0.3678,0.2529,18607.6681,14922.6436,13129.9496,809433.5624,649134.9966
600981.SH,20250725,3.02,1.3461,4.1302,0.64,230.7268,43.137,1.3529,0.1249,0.1221,0.0,0.3311,224243.3192,224243.3192,73084.2181,677214.824,677214.824
300888.SZ,20250725,42.48,8.3483,8.3483,1.91,35.5739,32.4842,2.1957,2.7554,2.5571,2.1186,1.5301,58232.9808,17550.5681,17550.5681,2473737.0244,745548.1329
600176.SH,20250725,12.83,0.858,1.5919,0.74,21.0078,18.181,1.723,3.2392,3.0297,2.1434,1.8706,400313.6728,400313.6728,215765.7914,5136024.422,5136024.422
600637.SH,20250725,7.92,1.281,2.4031,0.88,39.8172,39.6865,0.8973,3.4589,3.5104,2.2727,2.2727,336189.9817,336189.9817,179206.9386,2662624.6551,2662624.6551
300857.SZ,20250725,81.0,1.9613,3.1523,0.96,40.2032,39.8025,8.3579,3.7534,3.5987,0.0982,0.2584,34335.7204,34238.3854,21301.7485,2781193.3524,2773309.2174
600032.SH,20250725,7.77,0.3987,1.8,0.97,32.9818,39.1287,1.4959,3.766,3.8135,1.6216,0.9138,240467.5324,240467.5324,53267.5324,1868432.7267,1868432.7267
300138.SZ,20250725,13.12,1.686,1.8774,0.95,67.3929,38.4282,2.0087,0.9062,0.9083,1.0242,0.9909,48310.0093,39831.3292,35771.0914,633827.322,522587.0391
300868.SZ,20250725,32.09,7.5117,10.5049,2.05,580.5271,,2.6959,5.392,5.8649,0.0,0.1389,12797.6,8018.8805,5734.0133,410674.984,257325.8752
688078.SH,20250725,33.42,1.901,3.7428,1.63,73.7559,81.6237,3.276,7.4135,7.6332,1.0647,0.4069,7289.3,7289.3,3702.2115,243608.406,243608.406
920017.BJ,20250725,22.08,3.8694,6.8903,0.97,32.5776,32.5469,1.7489,4.1666,4.246,1.1262,0.7191,12228.82,12141.79,6818.4952,270012.3456,268090.7232
920627.BJ,20250725,28.73,3.8541,6.7071,0.85,82.5925,84.5347,6.1245,3.7975,3.6236,1.0442,0.4177,9445.0,4681.75,2690.27,271354.85,134506.6775
000705.SZ,20250725,9.33,8.6119,9.6844,0.34,89.7621,60.6895,1.5715,0.8334,0.9042,0.6431,0.6431,33412.3286,28196.0726,25073.5212,311737.0258,263069.3574
603439.SH,20250725,12.85,2.6427,5.8623,0.85,19.2169,20.2594,3.6692,2.4557,2.4712,1.5505,2.6137,40980.2216,40384.0216,18204.927,526595.8476,518934.6776
300204.SZ,20250725,44.7,3.5573,6.3114,0.74,,,22.3996,65.7493,72.8773,0.0,,47777.2555,47197.9301,26602.3813,2135643.3209,2109747.4755
300328.SZ,20250725,11.55,7.7337,10.6174,1.98,7930.8373,,7.3405,4.8257,4.9935,0.026,0.026,69042.36,68636.7975,49995.2575,797439.258,792755.0111
688151.SH,20250725,24.13,1.324,4.4651,0.43,369.0003,809.8568,1.9854,13.5975,14.9782,0.0986,0.2441,34450.0,34450.0,10215.32,831278.5,831278.5
603768.SH,20250725,12.76,1.7799,4.0693,1.11,44.5474,71.8824,1.2526,0.8907,0.8721,0.8621,1.3165,23795.5857,23795.5857,10408.0857,303631.6735,303631.6735
002155.SZ,20250725,18.93,4.0293,6.2049,1.35,34.9433,29.1017,4.292,1.0626,0.8926,0.5283,0.9346,156265.1316,156251.0907,101464.3952,2958098.9412,2957833.147
300027.SZ,20250725,2.79,3.8289,4.2853,0.95,,,20.09,16.6415,16.2667,0.0,,277450.5919,248487.8824,222021.7726,774087.1514,693281.1919
688215.SH,20250725,45.0,3.1767,7.998,1.08,175.5579,170.7437,6.0993,7.2482,7.455,0.1425,0.1846,6242.3269,6242.3269,2479.3923,280904.7105,280904.7105
600800.SH,20250725,4.14,2.0584,3.609,0.8,,,2.8783,0.9607,1.0646,0.0,,111004.5216,110973.0216,63295.1014,459558.7194,459428.3094
600716.SH,20250725,3.87,0.8698,1.8166,0.93,,,0.7276,4.285,3.7587,0.0,,93606.059,93606.059,44817.7047,362255.4483,362255.4483
002701.SZ,20250725,5.7,0.5677,0.8544,0.52,18.4571,12.4095,1.5546,1.0671,0.9296,2.1053,2.1053,255976.0469,255740.5761,169934.7795,1459063.4673,1457721.2838
300979.SZ,20250725,57.22,0.2193,1.5644,1.02,17.388,17.5046,4.3311,2.7816,2.7151,2.0972,4.0196,116700.0,116699.235,16358.235,6677574.0,6677530.2267
600489.SH,20250725,14.92,3.2025,5.9126,1.29,21.3592,19.8599,2.7213,1.1032,1.0754,2.6944,2.6005,484731.2564,484731.2564,262549.579,7232190.3455,7232190.3455
920014.BJ,20250725,14.49,2.5918,3.7859,1.29,29.8615,31.7937,2.2801,2.6743,2.6903,1.2288,1.3598,12444.8188,6963.8743,4767.3657,180325.4244,100906.5386
003027.SZ,20250725,18.57,2.2598,3.2266,0.61,62.188,54.8826,1.4639,3.3515,3.0199,0.3253,1.5793,13072.32,10486.0968,7344.1307,242752.9824,194726.8176
600377.SH,20250725,15.19,0.1905,1.5395,0.72,15.4696,15.5829,1.9309,3.2987,3.1226,3.0941,3.0941,503774.75,380218.3001,47054.5099,7652338.4525,5775515.9785
603163.SH,20250725,29.69,4.6973,6.1167,1.51,25.9523,23.6485,2.7993,1.4788,1.3319,2.6945,2.5261,10000.0,3500.275,2688.025,296900.0,103923.1648
000739.SZ,20250725,16.05,2.4498,5.0114,1.52,18.0318,17.9478,2.8938,1.5466,1.6092,1.9873,2.2181,115844.3576,115800.8405,56607.975,1859301.9395,1858603.49
002314.SZ,20250725,2.93,2.8762,4.5046,0.58,,,0.8724,0.9447,0.713,0.0,,270778.2513,133832.4039,85454.015,793380.2763,392128.9434
301353.SZ,20250725,26.96,10.2127,10.2127,1.52,42.0156,41.4847,2.1261,3.0356,2.8904,0.8424,1.3966,9818.1249,3188.1249,3188.1249,264696.6473,85951.8473
600744.SH,20250725,7.27,5.1772,11.5788,0.52,,,12.9263,1.7688,1.7456,0.0,,203112.4274,203112.4274,90817.3794,1476627.3472,1476627.3472
002276.SZ,20250725,14.55,3.6394,4.9026,0.51,43.2574,41.3976,2.5703,0.8309,0.8231,0.3783,0.3436,101428.9836,100508.3336,74610.7513,1475791.7114,1462396.2539
688352.SH,20250725,11.65,3.1499,3.1499,2.18,44.2174,52.0687,2.3131,7.0697,6.96,1.2876,0.8584,118903.7288,36588.1123,36588.1123,1385228.4405,426251.5083
605077.SH,20250725,17.86,1.5375,2.4651,0.78,20.1593,20.0816,1.8329,1.9272,1.8101,3.0342,2.7996,30304.8234,29942.7734,18675.8487,541244.1459,534777.9329
002517.SZ,20250725,18.38,1.8013,2.0075,0.68,24.1133,22.8245,5.5856,7.6722,7.6049,1.0831,1.0856,213644.3234,189083.3723,169655.6632,3926782.6641,3475352.3829
301220.SZ,20250725,45.95,10.5547,10.6547,2.45,93.0259,43.1551,3.0531,6.5042,5.8604,0.3085,0.3085,11277.084,6557.3654,6495.8354,518182.0098,301310.9401
301212.SZ,20250725,27.97,4.4018,15.2841,3.05,175.0263,147.8401,2.2561,4.7762,4.4779,0.7079,0.429,10800.0,9375.0,2700.0,302076.0,262218.75
300042.SZ,20250725,24.89,7.9493,11.461,1.06,,,4.8955,6.0132,5.9306,0.0,,20040.0,20038.155,13898.365,498795.6,498749.678
688450.SH,20250725,29.99,1.93,2.8154,0.82,,,1.9749,10.8473,9.8902,0.7336,,6600.0,4893.0672,3354.1878,197934.0,146743.0853
601136.SH,20250725,20.48,6.7313,6.7313,1.24,56.8376,61.1336,4.2014,23.1549,24.4882,0.7568,0.2686,273333.38,48148.38,48148.38,5597867.6224,986078.8224
002773.SZ,20250725,40.3,1.5428,3.3349,0.65,31.1621,30.4841,4.3662,8.3369,8.1431,0.9412,1.4888,92112.3104,68667.9679,31768.4857,3712126.1091,2767319.1064
600329.SH,20250725,36.11,0.755,1.7748,0.73,12.4737,12.5473,3.8451,3.8058,4.1651,3.5451,3.5447,77009.4356,56708.9356,24123.3828,2780810.7195,2047759.6645
920541.BJ,20250725,17.0,2.1677,3.2895,0.6,40.7764,38.1445,5.6321,8.3012,8.054,1.3076,1.3529,13670.0,9005.8684,5934.8484,232390.0,153099.7628
920237.BJ,20250725,23.68,1.0661,3.1469,0.6,27.9386,29.8245,4.1616,5.3608,5.3346,0.7496,0.9745,8639.28,8453.7856,2864.033,204578.1504,200185.643
601366.SH,20250725,4.73,0.694,1.1708,0.8,158.7076,214.8559,1.073,0.5809,0.5901,0.5896,0.3939,91393.2943,91393.2943,54172.8587,432290.282,432290.282
600588.SH,20250725,14.65,2.3884,4.5657,0.91,,,6.6766,5.4693,5.7005,0.0,,341699.7409,341699.7409,178747.6627,5005901.2042,5005901.2042
002855.SZ,20250725,18.16,1.283,3.5247,1.52,,,8.7955,3.2989,3.032,0.0,,24641.9682,24622.7232,8962.7232,447498.1425,447148.6533
002865.SZ,20250725,45.87,6.7322,9.6162,0.93,,,2.694,1.3486,1.6543,1.6175,,29258.4052,22486.5791,15742.6163,1342083.0465,1031459.3833
002012.SZ,20250725,5.3,2.003,2.5667,1.12,431.7207,524.6583,1.6198,4.1971,4.1966,0.5849,0.0755,46762.547,46653.7641,36406.9724,247841.4991,247264.9497
000785.SZ,20250725,3.16,1.916,5.8886,1.03,25.576,31.1423,0.9632,1.5176,1.4974,1.9753,,622704.8814,589794.4146,191901.1898,1967747.4252,1863750.3501
001328.SZ,20250725,43.9,2.9198,2.9198,0.67,46.8945,45.2557,5.5232,4.8449,4.6375,1.4806,1.7084,17217.38,4304.35,4304.35,755842.982,188960.965
603823.SH,20250725,13.02,3.7895,12.0226,1.26,30.7915,29.9144,2.3164,2.2556,2.2757,1.1404,1.1521,41636.7704,41103.1504,12955.6097,542110.7506,535163.0182
002371.SZ,20250725,341.96,0.865,1.6968,0.77,43.8981,40.6165,7.6871,8.27,7.6669,0.1679,0.2296,72160.3463,72098.0776,36755.0237,24675952.0207,24654658.6161
601669.SH,20250725,7.22,15.9146,25.7213,3.7,10.3515,10.7161,0.8962,0.1963,0.1955,1.8904,1.7583,1722615.9334,1307152.585,808778.7421,12437287.0391,9437641.6637
920212.BJ,20250725,18.02,2.575,4.5242,0.69,108.9575,76.7158,4.5637,3.8481,4.0112,0.2477,0.333,10610.0,5133.2127,2921.6127,191192.2,92500.4929
301310.SZ,20250725,40.15,5.7032,6.6604,1.07,46.9471,44.7018,2.4073,2.0612,1.871,1.6367,1.6189,13593.804,4962.776,4249.5418,545791.2306,199255.4564
002225.SZ,20250725,6.98,9.5629,11.8098,1.18,52.2215,56.5717,2.0907,1.3584,1.3477,0.9864,0.707,101043.6311,82537.4009,66833.951,705284.5451,576111.0583
002644.SZ,20250725,8.84,2.3764,6.325,1.15,75.1494,73.9256,2.5035,4.6053,4.896,0.3394,0.1357,51065.7,51065.7,19185.9464,451420.788,451420.788
301296.SZ,20250725,9.75,1.3728,2.5828,1.02,22.2737,28.3493,1.5719,2.4,2.5173,0.5436,0.5901,42000.0,27167.9453,14440.3528,409500.0,264887.4667
002998.SZ,20250725,7.56,1.8429,2.9714,0.8,29.4561,38.6887,1.6216,1.0476,1.0136,0.6565,7.2382,32641.163,24344.4655,15098.6283,246767.1923,184044.1592
603227.SH,20250725,8.65,2.5194,3.9369,0.37,13.8685,15.2384,1.947,1.5194,1.5335,2.8902,2.3121,107169.2689,97407.5458,62336.9797,927014.176,842575.2712
603368.SH,20250725,17.69,2.1546,2.8897,1.28,8.2187,8.446,0.945,0.3317,0.339,3.4041,4.2453,39716.8858,39716.8858,29613.6063,702591.7098,702591.7098
002292.SZ,20250725,9.86,4.0629,4.8742,0.7,,,4.7828,5.3696,5.3555,0.0,,147869.9697,101786.8772,84843.6651,1457997.9012,1003618.6092
000736.SZ,20250725,4.67,0.9542,1.9255,0.83,,,,0.1906,0.1311,0.0,,74709.8401,72126.6045,35741.9096,348894.9533,336831.243
002480.SZ,20250725,6.81,2.1618,3.0688,0.8,,,5.2264,2.1094,2.224,0.0,,76916.867,76771.6496,54081.1292,523803.8643,522814.9338
603088.SH,20250725,8.92,1.919,3.8293,0.78,27.2251,30.3497,4.283,5.4815,5.4639,2.8338,2.8336,50238.7966,43559.3088,21829.0095,448130.0657,388549.0345
002995.SZ,20250725,19.89,6.9692,9.6892,0.82,,,3.8569,2.6387,2.8402,0.0,,17745.448,11241.7208,8085.9355,352956.9607,223597.8267
300776.SZ,20250725,58.28,1.591,2.0428,0.89,30.2175,28.6923,4.6882,7.9148,7.5029,0.5972,0.6666,27356.0526,16760.0895,13053.2911,1594310.7455,976778.0161
600293.SH,20250725,3.26,3.6159,5.4285,0.81,301.0327,,2.1554,2.182,2.3058,0.0,,116014.5046,116014.5046,77276.6617,378207.285,378207.285
301049.SZ,20250725,23.79,3.1227,5.2069,1.01,,,3.421,7.7175,7.8962,0.0,,9425.3334,4282.6359,2568.4034,224228.6816,101883.9081
300228.SZ,20250725,7.94,2.7106,2.767,0.6,21.2199,18.6339,2.103,1.4001,1.3756,0.4948,1.0076,58586.1549,54999.1299,53877.1299,465174.0699,436693.0914
002791.SZ,20250725,23.08,4.7276,6.1705,1.28,90.7627,85.7542,1.4855,1.2305,1.2609,0.3937,0.8557,35388.5013,19127.6284,14654.9888,816766.61,441465.6635
688388.SH,20250725,20.78,3.5907,4.5559,0.68,,,1.312,1.358,1.1696,0.0716,,42623.9162,42623.9162,33593.8892,885724.9786,885724.9786
300554.SZ,20250725,24.11,6.072,7.6049,1.0,,,4.2226,7.894,9.5689,0.3318,,11421.1577,7913.8721,6318.73,275364.1121,190803.4563
605133.SH,20250725,33.4,2.0307,5.7843,0.5,57.8076,55.8148,2.6701,4.0162,3.7732,0.2928,0.3455,28280.6592,24039.4071,8439.407,944574.0173,802916.1971
300091.SZ,20250725,2.84,2.3033,3.4885,0.58,,,6.9468,3.0052,3.6657,0.0,,148916.4214,141329.1249,93315.1892,422922.6368,401374.7147
601033.SH,20250725,15.56,1.4551,1.4551,0.86,17.0661,17.2113,1.3795,3.72,3.7433,3.3419,3.856,90000.0,24000.0,24000.0,1400400.0,373440.0
688090.SH,20250725,34.12,1.4283,2.3421,0.76,371.1765,339.6262,4.6818,4.7083,4.6616,0.3535,0.2249,12237.0064,12237.0064,7462.7052,417526.6584,417526.6584
301636.SZ,20250725,56.29,5.3746,5.3746,0.56,27.3772,26.5235,3.3114,4.1043,3.9667,,,6386.7823,1514.1113,1514.1113,359511.9757,85229.3251
300404.SZ,20250725,10.52,8.7418,10.2017,0.71,140.5749,250.2612,4.0854,5.4517,5.67,0.0938,0.1133,38453.3803,27958.2087,23957.1889,404529.5608,294120.3555
601155.SH,20250725,15.35,1.2621,3.848,1.82,46.0183,41.7336,0.566,0.389,0.4103,0.0,,225562.2856,225562.2856,73982.2856,3462381.084,3462381.084
603366.SH,20250725,9.75,1.8756,4.7455,1.04,37.3297,36.3692,1.9474,1.5608,1.5725,0.8009,0.5538,81304.8101,81304.8101,32135.0795,792721.8985,792721.8985
300480.SZ,20250725,15.71,3.8264,4.5097,0.97,,,4.3331,9.6686,9.5476,0.317,0.317,35282.9602,24774.1664,21020.6369,554295.3047,389202.1541
603616.SH,20250725,5.95,38.9255,60.6731,2.73,,,9.8122,2.9597,2.6956,0.0,,39131.8,38136.8,24467.08,232834.21,226913.96
688789.SH,20250725,70.36,1.0115,2.0176,0.95,30.469,28.946,3.9946,7.0523,6.6449,0.7612,1.137,17945.1332,17945.1332,8996.3941,1262619.572,1262619.572
301259.SZ,20250725,43.65,6.3068,8.3745,1.93,,,8.0798,36.8819,31.322,0.0,,15600.0,9887.1038,7445.9475,680940.0,431572.0809
300452.SZ,20250725,14.04,11.1928,13.9956,2.18,27.5627,28.1854,3.8845,3.7296,3.6871,1.7667,2.1201,23444.9487,18680.2167,14939.2544,329167.0797,262270.2425
000571.SZ,20250725,4.8,6.0799,8.574,1.66,,,20.4791,4.9081,5.722,0.0,,83912.9,81399.545,57721.3418,402781.92,390717.816
600581.SH,20250725,3.82,8.1681,16.3435,0.8,,,,0.3149,0.3145,0.0,,153869.147,153289.787,76610.8606,587780.1415,585566.9863
000721.SZ,20250725,8.69,2.0996,3.2481,0.86,,,18.257,7.4906,7.7179,0.0,,57391.4308,51236.0308,33119.842,498731.5337,445241.1077
002165.SZ,20250725,9.16,7.0216,8.7884,0.76,115.1385,130.345,3.3265,2.4707,2.4205,1.0917,0.7642,73526.9837,72762.9496,58134.7917,673507.1707,666508.6183
300842.SZ,20250725,44.67,2.0368,2.2524,0.77,17.5922,28.9341,3.743,0.4125,0.4018,1.2696,0.6666,14176.2418,12618.8115,11410.9801,633252.7212,563682.3097
002263.SZ,20250725,3.55,6.0172,8.3463,0.52,363.916,209.0378,2.4163,5.0343,5.034,0.0,,187836.01,187834.51,135418.708,666817.8355,666812.5105
603885.SH,20250725,12.98,0.9312,2.434,0.82,31.0061,31.9108,3.3313,1.283,1.2828,1.231,1.4575,218400.5268,218400.5268,83560.8385,2834838.8379,2834838.8379
603511.SH,20250725,19.71,7.9723,56.8937,3.44,48.7498,56.2337,1.8527,2.5174,2.5376,3.8435,2.042,40405.0612,40188.7312,5631.514,796383.7563,792119.892
300676.SZ,20250725,52.51,2.2631,3.9837,1.07,,,2.3954,5.6804,5.9086,0.1893,,41831.7075,41604.6525,23635.4653,2196582.9608,2184660.3028
000607.SZ,20250725,4.8,3.984,7.4574,0.5,,,3.1129,3.4134,3.6286,0.6042,,101769.841,88503.3444,47282.0267,488495.2368,424816.0531
002870.SZ,20250725,34.54,3.3794,7.8253,1.64,29.3823,34.1856,2.8026,0.7729,0.7786,0.2895,0.2895,13207.5636,12792.3561,5524.4036,456189.2467,441847.9797
600501.SH,20250725,20.91,2.211,4.106,0.88,,,5.1148,3.7256,3.8664,0.2872,,43120.8,42770.22,23030.8428,901655.928,894325.3002
300579.SZ,20250725,31.49,1.8145,3.9465,0.77,675.1104,546.6831,9.7284,7.5746,7.5665,0.0,0.0953,27000.0,26227.8592,12058.6907,850230.0,825915.2862
688584.SH,20250725,18.29,1.1218,2.7024,1.22,100.7691,99.9902,3.019,10.9776,10.6784,1.6319,1.0935,66545.8353,33978.8393,14105.1077,1217123.3276,621472.9708
300080.SZ,20250725,4.49,1.1228,3.0025,0.96,,,1.6559,2.4579,2.399,0.0,,187338.0436,187012.0728,69931.4143,841147.8158,839684.2069
002990.SZ,20250725,33.74,4.6562,8.1654,0.56,50.4086,58.6738,3.7002,7.2141,7.1682,1.1618,0.6224,26130.7388,13409.5388,7646.6588,881651.1271,452437.8391
688593.SH,20250725,16.99,2.0052,2.7242,1.02,925.8286,353.5563,5.0367,15.3871,14.0049,0.2293,,45952.9412,32268.1723,23752.1239,780740.471,548236.2474
300326.SZ,20250725,6.1,1.9855,2.2621,0.74,,,1.5916,4.4426,4.3602,0.9836,,71702.6333,71206.1091,62499.295,437386.0631,434357.2655
002656.SZ,20250725,2.32,1.2296,1.5472,0.89,,,2.9451,7.6355,6.7454,0.0,,71251.9844,67658.9803,53770.5607,165304.6038,156968.8343
002589.SZ,20250725,3.12,2.5372,3.0999,1.17,227.6594,239.236,0.8531,0.5893,0.6094,0.641,0.3508,150471.0471,136559.1548,111772.0415,469469.667,426064.563
002945.SZ,20250725,15.49,1.02,10.2003,0.49,118.4273,104.2038,6.0969,29.15,28.1306,0.0258,0.2582,270000.0,270000.0,27000.0,4182300.0,4182300.0
600328.SH,20250725,8.45,3.9082,7.1983,1.21,23.883,25.8254,1.0324,0.961,0.9525,3.2557,1.4567,146630.9533,146538.8977,79560.879,1239031.5554,1238253.6856
600970.SH,20250725,9.31,1.3755,2.8707,0.59,8.239,8.166,1.1937,0.5328,0.5345,4.2998,4.8335,263995.803,225185.6839,107897.7455,2457800.9259,2096478.7171
002892.SZ,20250725,14.82,10.3502,13.1512,2.5,183.7893,214.592,8.7802,6.6648,6.3716,0.3621,0.2812,74496.1064,48354.8144,38055.9106,1104032.2968,716618.3494
301311.SZ,20250725,21.56,9.7045,9.7045,0.73,808.3055,,2.852,2.585,2.5348,0.2597,0.2505,24000.0,8724.2367,8724.2367,517440.0,188094.5433
600335.SH,20250725,6.59,0.8759,2.7985,0.91,25.1166,24.4238,0.8639,0.2346,0.2428,0.4552,1.5933,149578.8692,149578.8692,46818.041,985724.748,985724.748
301293.SZ,20250725,49.52,3.6734,4.557,0.71,97.1191,92.8164,4.4221,7.1362,6.8647,0.1476,0.2945,20598.6987,16094.5692,12974.0267,1020047.5596,797003.0668
300537.SZ,20250725,25.14,8.897,10.1962,0.86,,,5.8021,10.1054,10.3044,0.0,,20831.0179,14392.4989,12558.6273,523691.79,361827.4223
300658.SZ,20250725,7.03,3.578,5.1234,1.36,85.739,80.1495,1.7667,1.5757,1.4565,1.0516,0.9815,33276.4105,22540.3035,15741.3875,233933.1658,158458.3336
002733.SZ,20250725,16.56,2.115,3.3754,0.77,65.5248,63.6279,2.3734,1.7902,1.7934,0.895,0.5938,38421.4913,36886.2759,23112.2674,636259.8959,610836.7289
688071.SH,20250725,44.37,3.5285,5.4293,0.64,,,3.4709,8.8848,8.1227,,,8478.9724,8478.9724,5510.4387,376212.0054,376212.0054
601665.SH,20250725,6.18,1.1384,2.1469,0.48,6.3053,6.0693,0.7754,2.5161,2.4876,3.3832,4.1005,508741.5325,508741.5325,269761.8396,3144022.6709,3144022.6709
300523.SZ,20250725,23.56,1.226,2.5203,0.75,,,4.7128,3.912,3.7214,0.0,,23263.7638,23235.846,11302.7968,548094.2751,547436.5318
603197.SH,20250725,40.19,1.7689,2.5117,0.73,28.3771,26.0366,2.6632,1.2222,1.1529,2.0995,1.7928,21362.2446,21362.2446,15045.0171,858548.6105,858548.6105
000977.SZ,20250725,54.89,2.9237,4.3035,1.0,35.2591,33.0092,4.0187,0.7041,0.5611,0.2368,0.2915,147213.5122,147042.0889,99897.2119,8080549.6847,8071140.2597
300795.SZ,20250725,15.85,3.1819,3.8956,0.67,30.5312,41.717,9.3413,6.3051,6.8411,3.0452,3.1095,29889.387,17326.5206,14152.3448,473746.784,274625.3515
600196.SH,20250725,26.66,1.7315,2.9857,1.27,25.7027,24.3405,1.4862,1.7336,1.7653,1.0128,1.0128,267042.9325,211848.8825,122859.787,7119364.5805,5647891.2075
002329.SZ,20250725,3.83,5.9907,6.5312,0.32,,,3.6014,1.5584,1.584,0.0,,83240.3985,65038.8924,59655.8077,318810.7263,249098.9579
600757.SH,20250725,9.56,0.6647,1.5215,0.98,12.2766,10.7002,1.2299,1.6406,1.6001,4.1841,4.2887,121365.0273,121349.7103,53012.2899,1160249.661,1160103.2305
301598.SZ,20250725,62.85,4.3785,4.3785,0.73,36.304,34.4346,4.0111,7.1815,6.9134,,2.0684,5889.7223,1472.4306,1472.4306,370169.0466,92542.2632
002949.SZ,20250725,14.13,2.4031,4.2463,0.92,22.1074,22.2187,2.0138,2.3738,2.3044,5.6617,2.477,19604.2743,15188.1168,8595.2643,277008.3959,214608.0904
601816.SH,20250725,5.57,0.3211,0.6398,1.2,21.3432,21.3418,1.3779,6.4643,6.4464,2.0106,2.1221,4892567.937,4892567.937,2455697.6065,27251603.4091,27251603.4091
688329.SH,20250725,20.25,1.605,2.7121,1.16,,,2.1163,4.8059,4.8022,0.7241,,7720.0,7720.0,4568.7,156330.0,156330.0
603050.SH,20250725,16.93,0.4029,1.5035,0.8,38.3951,37.2363,4.0523,1.6659,1.6035,1.3303,0.7982,40331.9193,40331.9193,10806.6012,682819.3937,682819.3937
603311.SH,20250725,11.7,2.3934,4.9229,0.86,42.4338,30.6975,2.073,3.4999,3.3358,0.6838,1.0256,23588.3907,23588.3907,11467.9471,275984.1712,275984.1712
603355.SH,20250725,24.05,0.6689,3.549,1.63,11.2092,11.6251,2.7203,1.4124,1.4017,6.2373,6.2373,57348.1858,57113.9378,10764.1449,1379223.8685,1373590.2041
000615.SZ,20250725,3.08,1.2297,1.8161,0.84,,,,2.1469,2.2222,0.0,,76297.9719,76250.0287,51632.2709,234997.7535,234850.0884
002420.SZ,20250725,6.43,2.2652,3.0625,0.98,27.9405,42.235,4.5231,0.9861,0.9353,0.0,,41150.0,40024.4644,29604.5744,264594.5,257357.3061
300154.SZ,20250725,9.39,1.8479,3.9527,0.82,28.0851,25.7869,2.4432,4.1596,4.3458,2.1345,2.1299,44955.5201,31530.4451,14740.4551,422132.3337,296070.8795
300719.SZ,20250725,18.58,2.9773,3.5745,0.53,341.6116,17261.7227,4.6119,7.4647,7.1639,1.0784,0.2153,25422.715,17962.0132,14961.4318,472354.0447,333734.2053
301308.SZ,20250725,87.2,6.6279,6.6319,1.43,73.2918,,5.5752,2.0929,2.1167,0.2845,0.2845,41914.5267,11905.3323,11898.1423,3654946.7282,1038144.9766
688549.SH,20250725,8.04,3.576,4.1507,1.76,1185.9297,9514.5361,3.9303,11.5369,11.1378,0.1244,0.0622,147727.6,57773.5989,49773.5989,1187729.904,464499.7352
600228.SH,20250725,4.33,1.0337,1.4804,0.59,,,4.2415,7.4051,7.7458,0.0,,41701.2377,41603.7177,29050.1353,180566.3592,180144.0976
605598.SH,20250725,23.28,4.0689,13.1813,0.8,61.545,58.0351,3.1884,4.3911,4.1235,0.9193,0.4897,24458.4809,24301.6809,7501.6809,569393.4354,565743.1314
001201.SZ,20250725,17.75,1.5046,2.98,0.77,,386.4296,1.3537,3.0099,2.6379,0.0,,25778.4001,23420.1295,11824.5826,457566.6018,415707.2986
600376.SH,20250725,2.7,2.6816,5.664,0.71,,,0.8026,0.2876,0.2827,0.0,,257956.5242,257956.5242,122126.6904,696482.6153,696482.6153
600463.SH,20250725,11.23,2.1083,5.6012,0.97,,,3.4139,6.9928,6.0084,0.0,,30000.0,30000.0,11292.1181,336900.0,336900.0
002249.SZ,20250725,6.83,1.6922,1.9419,0.76,18.7863,17.3029,1.7973,1.3765,1.3282,2.724,2.7584,244125.7838,183033.3703,159502.3124,1667379.1034,1250117.9191
001209.SZ,20250725,18.16,2.1242,5.0666,1.36,29.7536,65.9501,1.854,1.3456,1.3283,0.5384,1.0768,13152.272,9609.4636,4028.7859,238845.2595,174507.859
601200.SH,20250725,8.26,0.494,1.1355,0.93,19.3255,18.4052,0.9905,1.7761,1.7687,1.0089,1.2107,134623.0251,134623.0251,58565.0067,1111986.1873,1111986.1873
300866.SZ,20250725,125.28,1.0447,1.5219,1.05,31.4937,28.959,7.7735,2.6949,2.5295,1.6998,1.6761,53153.8199,29829.0079,20476.0929,6659110.5571,3736978.1097
000729.SZ,20250725,12.91,0.6196,1.3544,0.8,34.4682,32.5362,2.4612,2.4809,2.441,0.7746,,281853.9341,250960.6667,114810.7076,3638734.2892,3239902.2071
000538.SZ,20250725,56.53,0.4962,1.2213,0.93,21.2372,20.2453,2.6094,2.5195,2.5153,5.8196,4.2417,178426.2603,177269.5245,72020.3502,10086436.4948,10021046.22
002134.SZ,20250725,21.17,2.0878,2.9614,0.67,153.6907,213.2794,10.7778,4.6132,4.4135,0.0,,24584.9768,24584.9768,17332.4014,520463.9589,520463.9589
300727.SZ,20250725,27.97,2.7211,5.575,0.73,52.2764,50.064,4.1353,3.7893,3.723,0.5077,0.8251,17986.7353,16179.3245,7896.8707,503088.9863,452535.7063
000993.SZ,20250725,10.77,4.0524,8.439,0.42,29.1283,24.4742,1.9574,8.184,7.6159,1.857,,45795.1455,43974.7572,21116.6007,493213.717,473608.135
600315.SH,20250725,23.3,4.2147,8.8022,1.59,,,2.2863,2.7583,2.8599,1.1203,1.1203,67222.598,67222.598,32188.2402,1566286.5334,1566286.5334
301026.SZ,20250725,27.65,3.7218,4.3837,0.4,37.528,36.7923,2.9536,1.6459,1.4289,0.7702,1.0269,15827.3987,11158.0666,9473.3775,437627.5741,308520.5415
000810.SZ,20250725,11.67,1.0705,2.3496,0.96,53.1201,88.8568,2.1567,1.5325,1.6231,1.2853,1.114,114159.5579,111046.3175,50596.7258,1332242.0407,1295910.5252
301078.SZ,20250725,12.88,2.8177,4.2262,0.87,89.6605,81.0124,4.0895,1.7406,1.7024,0.4761,0.5212,126177.3066,125469.0476,83651.1704,1625163.709,1616041.3331
000066.SZ,20250725,15.31,3.5173,5.9814,1.75,,,4.5154,3.4773,3.4302,0.0,,322579.9088,314179.3331,184751.8223,4938698.4037,4810085.5898
300930.SZ,20250725,32.4,20.6592,33.0022,1.31,63.5964,59.4192,3.6609,6.4478,5.8612,0.3086,0.3086,10000.0,4712.5001,2950.0,324000.0,152685.0032
605060.SH,20250725,20.84,1.0457,3.061,0.54,26.745,27.5791,2.1966,4.5646,4.6273,1.6717,1.6675,24059.2,24059.2,8219.2,501393.728,501393.728
300903.SZ,20250725,10.63,7.1251,8.5588,0.52,,,2.4207,1.2981,1.2142,0.0,,41469.4422,32825.0835,27326.3725,440820.1706,348930.6376
002042.SZ,20250725,4.69,2.0317,3.4973,1.15,,,1.3951,0.7411,0.7988,0.6239,0.6239,170068.1355,170068.1355,98799.3593,797619.5555,797619.5555
002650.SZ,20250725,6.05,0.6208,1.0742,0.99,,,3.6874,5.3578,5.649,0.0,,115200.02,115196.27,66570.35,696960.121,696937.4335
300289.SZ,20250725,5.77,2.267,4.2311,1.2,,,1.89,8.4784,8.8543,0.1733,,54401.1487,54315.6487,29102.3335,313894.628,313401.293
600566.SH,20250725,27.22,0.6116,1.5904,0.54,9.9104,11.7975,1.8977,3.1295,3.514,4.7734,7.6586,92170.416,91574.816,35215.2342,2508878.7235,2492666.4915
601886.SH,20250725,7.6,2.5525,7.7761,1.89,13.503,14.3422,1.2206,0.3843,0.3823,4.6053,7.2368,113300.206,113300.206,37191.1394,861081.5656,861081.5656
001234.SZ,20250725,23.47,4.7699,31.6507,1.41,36.4867,41.5887,2.8744,2.8295,2.917,2.9757,2.1305,10941.37,9136.97,1376.97,256793.9539,214444.6859
600529.SH,20250725,23.35,4.8081,5.9725,2.05,16.4322,16.3828,1.9326,3.0233,3.0382,2.9979,2.6552,66361.4113,66361.4113,53423.3133,1549538.9539,1549538.9539
300729.SZ,20250725,14.8,1.6707,3.007,1.06,15.052,16.4253,1.416,0.8916,0.8298,2.4734,2.0252,34161.2314,32030.7984,17796.5148,505586.2247,474055.8163
601388.SH,20250725,2.74,2.5443,4.7471,1.05,325.1484,532.0137,1.4138,0.8617,0.8359,0.6569,0.1825,220122.2616,220122.2616,117976.163,603134.9968,603134.9968
600449.SH,20250725,14.14,2.1659,4.2498,0.42,28.0072,27.2109,0.9431,0.7814,0.8489,1.768,1.4851,47818.1042,47818.1042,24370.5938,676147.9934,676147.9934
920526.BJ,20250725,29.41,3.1247,6.4327,1.49,104.2694,111.7657,11.1594,21.1446,21.1799,0.34,0.34,8270.0,5236.7486,2543.7467,243220.7,154012.7763
301365.SZ,20250725,18.0,3.4207,3.4207,0.66,96.1473,95.1233,1.8966,6.1146,6.1367,0.9444,2.8722,18000.0,4635.0,4635.0,324000.0,83430.0
600608.SH,20250725,3.93,0.4388,0.5413,0.82,,,33.7393,75.0244,84.0997,0.0,,32886.1441,31837.1441,25809.9759,129242.5463,125119.9763
688102.SH,20250725,14.02,1.574,3.478,0.76,89.7626,84.0483,9.0888,7.712,7.3958,0.4351,0.5673,73142.3882,73142.3882,33102.5715,1025456.2826,1025456.2826
300081.SZ,20250725,7.09,4.7045,5.2569,1.83,,,3.651,11.4321,11.8539,0.0,,60479.5417,60470.3842,54115.9021,428799.9507,428735.024
603051.SH,20250725,27.81,1.5529,2.6495,0.68,171.8021,469.2128,1.8838,1.4079,1.5772,0.0,,10462.3456,10426.2256,6111.0461,290957.8311,289953.3339
000966.SZ,20250725,4.66,1.0512,2.5126,0.79,22.6805,41.4377,1.218,0.9328,0.9833,0.661,1.5451,348103.5016,326152.282,136454.6365,1622162.3175,1519869.6341
600101.SH,20250725,10.42,4.7285,6.8953,0.8,27.2732,28.8439,1.9031,2.0085,1.8866,0.7382,1.1516,54786.2471,54786.2471,37570.2847,570872.6948,570872.6948
300506.SZ,20250725,4.15,1.7405,2.4511,1.07,,,36.1745,24.6955,24.4303,0.0,,69559.6569,57572.545,40880.9749,288672.5761,238926.0618
688129.SH,20250725,27.02,1.8306,5.2625,1.46,38.4132,37.8429,3.754,5.448,5.3417,0.9411,0.7685,12047.88,12047.88,4190.88,325533.7176,325533.7176
300018.SZ,20250725,8.6,9.3783,11.2065,0.68,54.2254,44.2948,3.2245,7.5383,7.301,0.576,0.8064,48533.5536,38557.5539,32267.2589,417388.561,331594.9635
601858.SH,20250725,20.13,0.924,5.0383,1.63,36.7527,36.4696,3.0605,5.3796,5.414,1.2916,1.3612,79050.0,79050.0,14497.065,1591276.5,1591276.5
001313.SZ,20250725,8.06,1.1205,3.5932,0.94,,,2.2096,0.9544,0.9414,0.611,,70000.0,69913.2701,21802.2701,564200.0,563500.957
000702.SZ,20250725,7.83,6.1841,8.2603,0.63,,,7.7001,2.4213,2.3099,0.0,,34662.4948,26663.4576,19961.696,271407.3343,208774.873
001387.SZ,20250725,14.27,2.9069,3.8823,0.48,25.5877,25.2267,2.1575,1.3424,1.3389,1.8326,1.3855,18303.84,11391.0333,8529.0383,261195.7968,162550.0452
301007.SZ,20250725,34.82,10.2177,12.2758,1.39,98.9126,102.9741,8.1077,7.7331,7.9388,0.6605,0.6605,15334.0,15299.35,12734.35,533929.88,532723.367
300622.SZ,20250725,34.85,11.1165,12.9397,1.79,76.6092,72.9874,10.0488,6.6003,6.4384,1.6704,0.5961,22780.19,15471.3017,13291.3798,793889.6215,539174.8642
002829.SZ,20250725,20.62,2.8637,3.3328,0.67,,,2.5671,10.1324,9.2017,0.0,,20780.9394,14606.2364,12550.5131,428502.9704,301180.5946
300229.SZ,20250725,23.76,14.215,20.3118,1.29,,,5.06,26.7134,28.6798,0.1149,,87362.0932,87303.0233,61098.2957,2075723.3344,2074319.8336
920455.BJ,20250725,10.87,2.0598,3.5762,0.72,55.417,66.4344,5.9557,13.6364,13.2346,1.2879,1.6559,17745.0,9292.8457,5352.5309,192888.15,101013.2328
300360.SZ,20250725,16.2,1.2807,1.9478,0.83,12.5325,11.4505,2.1262,4.1058,4.177,4.2917,3.7037,51418.7126,50019.4887,32888.1152,832983.1441,810315.7169
601789.SH,20250725,5.52,3.2593,4.4567,0.62,19.4564,20.0313,1.3484,0.2849,0.2934,1.8116,1.8116,108679.859,108679.859,79479.859,599912.8217,599912.8217
300115.SZ,20250725,21.44,3.1191,4.6414,0.86,37.7448,45.702,3.647,1.7197,1.6747,0.0,0.6054,135826.4729,135434.2757,91015.4646,2912119.579,2903710.871
300859.SZ,20250725,37.37,3.3335,6.1553,1.12,66.9534,84.0946,8.4997,19.0718,19.0795,0.8028,0.8028,15500.0,15500.0,8394.3779,579235.0,579235.0
688551.SH,20250725,30.71,0.9107,1.9651,0.72,52.6385,50.5123,2.016,5.3982,5.4443,1.9476,1.2899,8407.0709,8407.0709,3896.2982,258181.1473,258181.1473
688380.SH,20250725,28.48,5.4972,5.4972,1.75,83.3302,80.0579,3.8939,12.5074,12.4927,0.8761,0.8745,40036.5,14778.0,14778.0,1140239.52,420877.44
688722.SH,20250725,21.13,2.1918,4.2216,0.73,36.4616,30.4207,3.4663,7.3105,6.0026,0.4259,0.316,22466.67,22410.52,11635.52,474720.7371,473534.2876
601336.SH,20250725,63.79,0.9571,2.8414,1.09,7.5869,7.3244,2.4922,1.5012,1.4267,2.179,2.179,311954.66,208543.934,70249.7025,19899587.7614,13303017.5499
601615.SH,20250725,11.6,1.4817,1.9641,1.36,76.129,76.5988,1.0171,0.9702,0.8846,2.4819,2.4818,227149.6706,227149.6706,171358.2269,2634936.179,2634936.179
000727.SZ,20250725,2.44,1.3901,2.6247,0.61,118.196,,3.8898,0.2001,0.2021,0.0,,452956.698,452956.698,239895.4182,1105214.3431,1105214.3431
600114.SH,20250725,23.28,10.8043,14.1743,3.86,36.1442,33.5634,5.2527,2.7901,2.6089,0.8591,1.2887,61638.3477,61638.3477,46983.7261,1434940.7345,1434940.7345
002285.SZ,20250725,2.49,1.9785,3.7448,0.79,,,1.7517,2.0298,2.0612,0.0,,199282.9038,197579.1576,104390.0093,496214.4305,491972.1024
002882.SZ,20250725,33.8,9.3032,20.009,0.66,104.4134,103.6296,7.1487,3.9813,3.7629,0.5917,0.8876,43290.0,24680.715,11475.3408,1463202.0,834208.167
600611.SH,20250725,6.84,10.6945,15.3366,1.45,76.4337,102.9118,1.6767,6.0911,6.5475,0.731,0.4386,236412.2864,156331.6364,109013.029,1617060.039,1069308.393
002506.SZ,20250725,2.75,1.7458,2.4668,0.49,235.5751,,7.5309,0.9907,0.9781,0.0,,585031.6427,584443.7402,413626.5257,1608837.0174,1607220.2856
002109.SZ,20250725,3.61,1.9551,4.5713,0.71,,,1.0454,1.1152,1.134,0.0,,127626.9851,127626.9851,54583.9807,460733.4162,460733.4162
300035.SZ,20250725,17.04,4.2791,4.4929,0.63,38.5439,28.2301,2.519,2.0927,1.9106,0.8803,1.4671,68542.6671,58335.138,55560.2693,1167967.0474,994030.7515
688128.SH,20250725,25.63,0.6118,3.1737,0.63,22.1973,19.8133,3.2879,2.2923,2.168,1.7558,1.9508,40450.0,40450.0,7797.9009,1036733.5,1036733.5
300137.SZ,20250725,5.81,1.1652,1.3814,1.07,,,1.9025,3.273,3.1813,0.0,,53658.221,52677.7645,44432.3393,311754.264,306057.8117
603890.SH,20250725,12.32,3.4082,5.078,1.29,25.5984,22.8094,1.948,1.3712,1.3857,0.0,1.1922,43906.6035,43906.6035,29468.5155,540929.3551,540929.3551
601827.SH,20250725,8.71,0.2076,0.7141,0.49,12.4665,12.2645,1.2551,2.4308,2.4298,2.7051,,167193.33,167193.33,48592.6822,1456253.9043,1456253.9043
301267.SZ,20250725,20.35,2.4455,4.7815,1.08,39.8796,40.4691,2.9901,4.2448,4.1271,0.5365,1.0714,84000.0,32882.8875,16817.8875,1709400.0,669166.7606
300514.SZ,20250725,13.9,2.2014,2.9693,0.76,14.0285,15.7057,2.8072,2.752,2.9121,1.4388,2.1583,20000.0,15841.3475,11744.465,278000.0,220194.7303
002869.SZ,20250725,24.1,1.9985,2.5663,0.78,54.9466,59.6199,2.0064,7.2555,7.0889,0.4011,0.8021,17955.6341,15926.0254,12402.3216,432730.7818,383817.2121
601518.SH,20250725,2.79,0.808,2.5568,0.96,9.7891,9.8871,0.9881,3.5533,3.5851,3.2258,3.0824,189055.3169,189055.3169,59742.6908,527464.3342,527464.3342
300308.SZ,20250725,185.22,2.6037,3.4577,0.54,39.7954,35.8221,10.1326,8.6246,8.0098,0.1725,0.2699,111111.8334,110566.6382,83258.028,20580133.7823,20479152.7274
300425.SZ,20250725,5.57,1.6028,2.5693,0.53,43.083,45.918,1.6166,2.4729,2.355,0.8891,0.4668,68222.4853,67874.4749,42340.0015,379999.2431,378060.8252
603182.SH,20250725,14.38,1.8397,1.8633,0.97,21.6815,20.8263,2.1613,1.59,1.6412,2.7816,0.6954,16455.0,9307.8672,9190.1426,236622.9,133847.1303
300003.SZ,20250725,15.75,5.4634,7.4798,1.96,119.9478,206.2556,1.9548,4.8531,5.0055,2.9523,1.7239,188061.1251,161609.8589,118042.3964,2961962.7203,2545355.2777
002252.SZ,20250725,7.01,0.723,1.0187,0.98,21.2157,23.2364,1.4414,5.691,5.7263,0.9556,0.995,663798.4837,663448.9612,470881.4304,4653227.3707,4650777.218
300946.SZ,20250725,49.86,3.2273,5.2028,0.5,89.0888,98.7264,6.5819,13.2914,13.2236,0.3548,0.2314,15600.78,7580.43,4702.23,777854.8908,377960.2398
000812.SZ,20250725,4.79,3.522,4.2677,1.68,87.635,115.3047,2.0432,2.5569,2.5017,0.4175,0.5846,76869.2614,76816.097,63393.523,368203.7621,367949.1046
002612.SZ,20250725,18.32,3.9584,5.4351,1.01,31.5144,29.9908,2.9957,1.4243,1.4245,2.4563,2.1834,44244.5375,25473.9227,18552.8277,810559.927,466682.2639
301548.SZ,20250725,51.56,5.7004,6.4568,0.61,38.8584,39.1931,3.0458,8.6676,8.5787,1.3376,0.9891,8700.0,2623.4982,2316.1575,448572.0,135267.5672
920953.BJ,20250725,37.71,14.3834,15.1262,2.44,78.6148,72.7705,8.9738,18.0321,17.7012,0.3424,0.3373,12811.599,3761.8264,3577.101,483125.3983,141858.4735
300047.SZ,20250725,16.69,10.7665,10.9819,0.74,458.7311,389.5561,3.2531,1.3048,1.2088,0.0899,0.0899,63774.4672,54971.9014,53893.4571,1064395.8576,917481.0344
002802.SZ,20250725,13.9,1.4809,3.1809,0.83,42.775,37.9133,4.0857,5.563,5.281,2.6112,1.5495,18230.199,18194.2875,8470.3245,253399.7661,252900.5963
300942.SZ,20250725,11.32,7.1024,18.8968,1.49,265.4111,217.5559,5.7478,20.2583,19.159,0.0,0.1541,40131.7665,40131.7665,15083.5802,454291.5968,454291.5968
000157.SZ,20250725,7.58,1.5592,2.3417,0.62,18.6218,16.3287,1.1789,1.4415,1.4307,4.2216,3.9578,864853.5236,707041.7363,470792.1672,6555589.7089,5359376.3612
300305.SZ,20250725,6.63,2.4344,3.3931,0.5,,,1.1574,2.263,2.3531,0.2112,,37540.0292,32147.4192,23064.8653,248890.3936,213137.3893
601096.SH,20250725,4.5,1.1934,2.4297,0.54,52.3119,43.4245,2.7074,1.1873,1.2155,0.5629,0.6133,267515.5088,164297.6541,80700.7764,1203819.7896,739339.4435
688501.SH,20250725,26.5,1.3376,2.2324,0.8,35.0787,20.9892,3.2666,2.482,1.8277,0.8302,0.9057,12307.1,12307.1,7373.9094,326138.15,326138.15
688141.SH,20250725,29.84,4.1345,4.1345,1.5,,,6.7782,7.9433,7.1019,,,44688.0,26394.6216,26394.6216,1333489.92,787615.5085
300203.SZ,20250725,19.83,5.769,7.6325,1.61,43.0165,42.0524,2.9824,2.4625,2.4575,0.0,1.2607,44873.76,44836.8525,33889.6192,889846.6608,889114.7851
603825.SH,20250725,12.17,2.2474,3.5028,1.08,,,8.3017,1.5181,1.9546,0.0,,25333.6552,25333.6552,16254.4192,308310.5838,308310.5838
600668.SH,20250725,12.45,4.873,5.8114,0.46,47.6035,7.4736,0.905,1.7871,1.7981,0.6693,0.6693,41290.0594,41290.0594,34622.367,514061.2395,514061.2395
603848.SH,20250725,17.48,1.4938,12.9697,1.49,28.3078,31.0673,2.9514,4.5179,4.6163,1.7237,1.1442,40240.6511,40240.6511,4634.6511,703406.5812,703406.5812
300290.SZ,20250725,18.38,6.4857,8.1096,2.04,,,14.7802,15.3205,15.308,0.0,,63973.2569,63922.1969,51122.1969,1175828.4618,1174889.979
603877.SH,20250725,15.03,0.3403,1.1451,0.89,27.3945,31.6689,1.6289,1.0408,1.0624,3.9871,2.6613,47107.5401,46932.3226,13949.3219,708026.3277,705392.8087
920639.BJ,20250725,9.47,8.3421,10.7574,0.59,79.3109,243.4665,2.2822,0.951,0.9424,1.046,,20160.0,11721.5883,9089.7537,190915.2,111003.4412
000909.SZ,20250725,6.47,1.7751,3.0311,2.11,,,2.6626,8.7919,9.3798,0.0,,43771.4245,43771.057,25634.2299,283201.1165,283198.7388
688060.SH,20250725,39.63,0.9016,3.2593,1.52,,,2.634,8.0321,8.4699,,,6019.0728,6019.0728,1665.0528,238535.8551,238535.8551
600331.SH,20250725,9.76,2.2333,3.2515,0.99,713.9801,4558.1903,8.0785,7.5623,7.3312,0.0,,264160.0,203200.0,139568.5195,2578201.6,1983232.0
688281.SH,20250725,65.0,1.3545,2.1027,0.99,42.8029,48.9186,3.9271,15.5516,15.636,0.2669,0.7055,27257.0675,17035.6675,10973.931,1771709.3875,1107318.3875
002675.SZ,20250725,15.72,1.5364,1.9271,0.85,70.5159,89.875,2.8995,4.5183,4.4566,1.1132,0.5089,82459.5705,74338.3994,59266.9525,1296264.4483,1168599.6386
920001.BJ,20250725,24.36,3.2094,6.7883,1.27,113.597,117.909,4.9624,17.1861,17.6364,0.4105,0.4105,15365.6204,8869.102,4193.1651,374306.5129,216051.3247
603818.SH,20250725,4.42,1.8592,3.2075,0.5,,,1.3883,0.8572,0.8593,0.4525,0.4525,68886.1855,68654.3855,39795.3283,304476.9399,303452.3839
603728.SH,20250725,60.35,1.6479,4.3773,0.62,324.484,321.587,8.6767,10.4637,10.521,0.0665,0.0398,41888.25,41888.25,15769.8375,2527955.8875,2527955.8875
600613.SH,20250725,6.89,1.5634,3.1293,0.9,51.5458,58.9347,1.6044,1.796,1.883,1.4514,2.1771,53407.1628,47931.9978,23946.9962,367975.3517,330251.4648
300518.SZ,20250725,13.89,5.0202,7.0648,1.02,,,3.6013,17.1748,16.451,0.0,,19941.1576,19938.7776,14168.341,276982.6791,276949.6209
600018.SH,20250725,5.72,0.1735,1.4443,0.86,8.9051,8.7812,0.9928,3.4937,3.4425,3.8815,3.4091,2328136.5262,2321457.7754,278896.4599,13316940.9299,13278738.4753
301557.SZ,20250725,72.73,3.1657,3.1657,0.68,30.6231,30.1002,3.351,3.0685,2.972,,1.5124,4430.7871,1108.0,1108.0,322251.1458,80584.84
600199.SH,20250725,10.78,2.2908,3.1423,0.81,,,3.3262,7.6645,8.8437,0.0,,65779.6824,65779.6824,47953.974,709104.9763,709104.9763
000597.SZ,20250725,6.49,6.2782,14.5039,1.03,22.5981,23.8377,1.7777,1.2345,1.2333,1.543,1.5408,142708.8265,140903.5987,60991.6802,926180.284,914464.3556
002857.SZ,20250725,27.77,4.0774,6.2387,0.81,198.1829,512.4229,7.0055,5.2696,5.2653,0.128,0.0533,12917.03,12800.0,8365.5353,358705.9231,355456.0
002275.SZ,20250725,14.98,0.8673,3.2294,1.32,16.8767,16.7229,3.007,4.0118,4.0413,3.6716,4.0053,58756.86,55904.1316,15013.3059,880177.7628,837443.8914
600869.SH,20250725,5.51,2.0693,4.5957,0.72,,,2.8328,0.4686,0.4675,1.2704,1.2704,221935.2746,221935.2746,99931.9003,1222863.363,1222863.363
002234.SZ,20250725,8.84,3.7046,5.1124,1.68,,,1.5681,1.4284,1.4656,0.0,,34896.0212,30140.8639,21841.0152,308480.8274,266445.2369
600570.SH,20250725,33.53,2.5426,3.2109,0.81,60.8005,57.1069,7.4513,9.6384,9.8812,0.3876,0.2978,189176.7477,189176.7477,149802.439,6343096.3504,6343096.3504
600628.SH,20250725,7.69,1.3841,2.4824,0.9,71.032,81.2068,1.177,4.4411,4.5093,0.3901,0.3901,64687.5384,64687.5384,36065.7964,497447.1703,497447.1703
300021.SZ,20250725,6.39,31.7039,45.8743,1.53,70.6296,71.1643,2.8457,1.3086,1.2873,0.4491,0.9228,89671.7698,74708.944,51631.5685,573002.609,477390.1522
603167.SH,20250725,10.71,1.243,2.0777,1.07,18.319,18.6413,1.4425,2.7618,2.8118,7.4697,8.31,46914.4503,46914.4503,28065.9398,502453.7627,502453.7627
600159.SH,20250725,2.88,1.5666,2.9955,1.01,,,1.3847,3.1783,2.9161,0.0,,83000.3232,83000.3232,43408.6677,239040.9308,239040.9308
688618.SH,20250725,26.28,1.4378,3.5946,0.85,88.3613,114.4848,3.4038,8.128,8.0093,1.3366,0.6088,11036.4881,11004.7848,4401.6963,290038.9073,289205.7445
301117.SZ,20250725,23.72,6.5201,7.6617,0.79,267.696,238.5889,2.3572,9.097,8.9427,0.0,0.0602,12916.862,7944.9887,6761.2093,306387.9666,188455.132
002805.SZ,20250725,13.21,2.2093,3.1719,0.66,,,2.2839,2.4836,2.2,0.0,,28006.2508,27881.5318,19419.8691,369962.5731,368315.0351
688168.SH,20250725,73.6,1.2027,1.8508,0.48,,,5.2348,7.6777,5.7234,0.0676,,7685.5124,7685.5124,4994.0188,565653.7126,565653.7126
300550.SZ,20250725,13.63,1.5152,3.0198,0.93,91.0683,99.4947,3.2525,8.8143,9.1001,0.2201,0.1834,26256.0141,26231.6361,13162.0581,357869.4722,357537.2
920792.BJ,20250725,13.74,2.6024,4.1201,0.46,43.6402,41.6629,2.3041,3.3328,3.4337,,0.7278,16554.0,10035.8838,6339.0483,227451.96,137893.0434
002186.SZ,20250725,11.11,1.7417,3.107,0.89,99.9064,148.0104,4.0448,2.4316,2.4775,0.0,,30692.1588,30651.1338,17181.9862,340989.8843,340534.0965
605020.SH,20250725,25.0,0.7971,1.7853,0.63,46.7988,37.7592,2.6851,2.5539,2.4863,0.485,0.9982,47049.0376,37912.1955,16926.5492,1176225.94,947804.8875
300490.SZ,20250725,10.04,16.3902,20.9428,0.96,,,1.7293,2.0965,2.7211,0.0,,39867.0674,39326.0612,30777.2363,400265.3567,394833.6544
688176.SH,20250725,11.25,2.8358,3.2574,0.61,,,3.3914,31.814,26.9044,,,57000.0,43451.5463,37828.0953,641250.0,488829.8959
300306.SZ,20250725,13.25,3.1126,4.0568,0.95,38.5862,39.3767,2.4407,8.1725,8.2721,2.2642,2.4151,26895.8778,15756.4939,12089.4799,356370.3809,208773.5442
600794.SH,20250725,4.63,3.2696,5.5453,0.86,26.4889,33.3664,2.171,6.1749,6.5953,2.6998,1.5119,120015.2157,120015.2157,70762.6761,555670.4487,555670.4487
300844.SZ,20250725,43.91,1.1143,4.2746,0.84,138.8249,227.9538,5.199,8.6524,8.5694,0.0,,9049.6,8732.5,2276.4,397367.936,383444.075
300665.SZ,20250725,9.54,19.5738,19.5738,0.62,,,4.3744,3.6775,3.6354,0.4969,,19986.2378,15052.8635,15052.8635,190668.7086,143604.3178
002196.SZ,20250725,8.9,3.8353,4.6598,0.68,,,3.1841,1.784,1.7523,0.0,,49587.193,48841.0407,40198.441,441326.0177,434685.2622
000090.SZ,20250725,3.7,1.1348,1.878,0.8,11.1407,12.268,0.6155,0.3237,0.3217,6.7568,2.7027,186854.5434,186845.9934,112899.5706,691361.8106,691330.1756
600429.SH,20250725,4.71,0.5172,1.924,0.78,129.6842,102.4819,1.4091,1.0137,1.074,1.0403,0.2548,150917.6043,149755.7426,40256.6929,710821.9163,705349.5476
300077.SZ,20250725,25.8,6.8537,6.8537,1.41,,,15.5393,12.8857,12.1228,0.0,,58312.67,56702.99,56702.99,1504466.886,1462937.142
300106.SZ,20250725,11.35,6.3888,10.981,0.9,,,5.8124,2.5568,2.6988,0.0,,21133.231,21133.231,12295.4139,239862.1719,239862.1719
600271.SH,20250725,9.41,0.8504,1.6052,0.53,1092.8148,,1.2747,2.0985,2.1893,0.3507,0.0425,185288.4638,185288.4638,98160.8244,1743564.4444,1743564.4444
600095.SH,20250725,11.28,2.7991,9.0756,0.7,295.4321,476.3836,2.7186,73.6774,85.1262,0.31,,285918.7743,285918.7743,88183.9293,3225163.7741,3225163.7741
301083.SZ,20250725,16.48,4.3806,6.6213,1.19,88.7622,110.6296,3.6281,7.3262,7.4654,0.7282,0.7282,17786.6667,8560.9917,5663.8583,293124.2672,141085.1432
603075.SH,20250725,21.39,3.9175,3.9175,0.38,28.7222,27.6408,4.5471,4.4743,4.3926,2.3232,3.2731,40248.3111,4001.0,4001.0,860911.3744,85581.39
002033.SZ,20250725,8.91,2.7893,5.0926,1.42,23.2178,25.8328,2.066,6.056,6.1895,3.9282,3.9282,54949.0711,54948.0181,30096.1546,489596.2235,489586.8413
688195.SH,20250725,43.7,4.202,6.4378,1.19,81.4868,79.4489,6.1521,12.6984,12.1696,0.457,0.3875,12935.0,12935.0,8442.7,565259.5,565259.5
002856.SZ,20250725,11.71,2.2885,3.4563,0.76,,,18.3941,2.2513,2.7739,0.0,,13531.2808,12010.1655,7952.1355,158451.2982,140639.038
002600.SZ,20250725,9.17,1.3232,3.3516,1.02,36.6497,34.5943,3.1778,1.4536,1.3999,0.3263,0.2181,700818.1986,689968.8104,272402.9871,6426502.8812,6327013.9914
600754.SH,20250725,22.98,1.1673,2.488,0.91,26.9248,32.3966,1.5871,1.7442,1.7777,2.7058,0.5237,106741.8804,90800.9823,42600.2598,2452928.4116,2086606.5733
002789.SZ,20250725,8.29,1.6585,2.9272,0.77,,,,0.2117,0.2147,0.0,,15962.3514,13147.9786,7449.502,132327.8931,108996.7426
688072.SH,20250725,176.15,1.5903,1.7162,0.92,71.6035,92.8423,9.6508,12.008,11.3526,0.1334,0.1526,27972.9118,27972.9118,25921.2813,4927428.4136,4927428.4136
300240.SZ,20250725,8.6,5.4407,9.5015,1.18,,,2.2144,0.483,0.4911,0.174,,37156.295,36337.8879,20807.6776,319544.137,312505.8359
301329.SZ,20250725,20.43,2.6541,2.6541,0.85,49.8447,52.5186,2.2664,4.4189,4.3608,1.86,1.9579,17020.0,5994.4,5994.4,347718.6,122465.592
300405.SZ,20250725,6.81,17.8708,21.3575,0.75,,,4.4804,3.065,3.3195,0.0,,28437.2671,21879.2849,18307.452,193657.789,148997.9302
002393.SZ,20250725,23.74,6.9818,14.6707,0.45,33.1543,33.8665,1.2994,4.5787,4.5617,1.8069,1.4661,25770.4999,25032.4607,11912.9756,611791.6676,594270.617
920826.BJ,20250725,12.65,6.4906,6.7925,1.08,43.2743,41.9006,5.2173,3.3272,3.1858,0.9753,0.7905,14051.5814,6018.2612,5750.799,177752.5047,76131.0042
300724.SZ,20250725,56.92,2.1251,2.3873,0.74,7.1616,6.8407,1.739,1.0479,0.9698,2.1059,2.1031,34771.3586,28713.6029,25560.0679,1979185.7315,1634378.2771
001288.SZ,20250725,20.13,3.8461,7.5943,0.69,30.0591,28.5462,2.3706,3.0789,2.817,0.8368,0.8873,23491.7429,15151.0294,7673.1591,472888.7846,304990.2218
603214.SH,20250725,19.62,4.3327,6.7097,0.75,25.5452,25.4527,2.4159,0.784,0.7723,2.3394,1.8451,13854.0036,13854.0036,8945.9181,271815.5506,271815.5506
688677.SH,20250725,43.2,3.892,6.1479,2.09,38.2619,36.0646,4.1549,11.6945,10.97,1.281,1.376,11987.7,11987.7,7588.9,517868.64,517868.64
300780.SZ,20250725,16.5,3.4591,3.9378,0.91,,,2.3232,4.7316,4.6763,0.0,,14667.0,10487.3449,9212.584,242005.5,173041.1909
300365.SZ,20250725,6.9,8.9863,9.5776,0.84,,,2.2118,4.3269,3.8143,0.2174,,59985.5469,47429.7617,44501.3479,413900.2736,327265.3557
300948.SZ,20250725,11.52,2.5129,4.7173,0.58,,,2.102,11.1031,11.9839,0.515,,14003.0528,13080.6091,6968.0528,161315.1683,150688.6168
920454.BJ,20250725,19.96,4.2838,6.94,0.71,91.5835,80.0052,6.822,15.7447,14.5965,0.501,0.8016,10510.0,6317.9125,3899.8,209779.6,126105.5335
605299.SH,20250725,9.25,1.8947,6.9677,1.68,41.9044,44.6401,3.1643,2.6712,2.6713,3.2349,2.17,40922.6523,40922.6523,11127.8707,378534.5338,378534.5338
300663.SZ,20250725,19.8,4.8813,5.2019,0.73,,,12.522,11.2434,12.3134,0.0,,47844.9738,44759.292,42001.2884,947330.4812,886233.9816
688597.SH,20250725,8.05,3.2917,4.6105,1.88,24.301,21.7113,3.5155,2.8775,2.7551,0.4228,1.2578,33605.946,33605.946,23993.0721,270527.8653,270527.8653
301489.SZ,20250725,72.32,7.2739,7.4589,0.63,111.3339,96.8371,5.6305,8.9007,7.8415,0.2509,0.2469,8075.3867,4760.0652,4641.9941,584011.9661,344247.9153
600035.SH,20250725,4.4,0.8807,1.9132,0.92,9.229,9.2782,0.8206,1.6148,1.5333,4.3182,3.8636,161011.5901,161011.5901,74122.5182,708450.9964,708450.9964
300293.SZ,20250725,27.01,19.6642,32.2515,1.64,,,10.3286,6.7102,6.8245,0.0,,33843.8106,28033.5917,17092.4617,914121.3243,757187.3118
002970.SZ,20250725,46.66,2.147,3.1747,0.98,28.7023,24.6557,4.9216,2.9971,2.9835,1.6618,2.127,17840.4741,12100.7564,8183.3911,832436.5215,564621.2936
600183.SH,20250725,38.05,0.9592,1.9392,0.53,53.1633,48.3886,6.5345,4.5336,4.284,1.1512,1.5769,242926.293,239450.1544,118447.9962,9243345.4487,9111078.3749
688216.SH,20250725,24.42,4.81,11.7334,3.17,,,4.1954,3.9215,3.8748,,,10704.1145,10628.5805,4357.0407,261394.4761,259549.9358
301395.SZ,20250725,11.75,1.702,1.702,0.74,53.5929,42.3905,1.8477,1.2915,1.2402,5.0787,0.7002,24285.0438,13743.0438,13743.0438,285349.2647,161480.7647
002230.SZ,20250725,50.19,4.2315,4.959,3.39,207.1253,173.85,6.5783,4.9704,4.7639,0.1976,0.1985,231169.2581,218914.3764,186797.7366,11602385.064,10987312.5515
300984.SZ,20250725,56.55,4.0919,5.7212,1.02,266.7154,215.1859,6.9508,6.0803,5.9329,0.164,0.1884,12326.8602,8019.9556,5735.9111,697083.9443,453528.4892
002387.SZ,20250725,9.51,1.0882,1.8162,1.2,,,2.646,1.6752,1.6714,0.0,,139667.866,139487.896,83579.8325,1328241.4057,1326529.891
603918.SH,20250725,21.7,7.7288,10.291,1.11,,,7.7557,11.3752,10.7679,0.1839,,36652.2926,36622.8626,27504.9021,795354.7494,794716.1184
001229.SZ,20250725,33.66,7.8903,7.8903,1.46,42.0697,47.0759,3.5861,17.1047,17.1442,1.7825,1.7825,10000.0,2940.5909,2940.5909,336600.0,98980.2897
002540.SZ,20250725,6.06,0.9018,1.283,0.71,16.3441,17.4131,1.4208,1.0179,1.0062,7.9131,5.8774,124841.3917,86927.0192,61102.066,756538.8337,526777.7364
600186.SH,20250725,6.13,1.9856,2.4644,0.72,54.2851,43.2349,6.2101,4.1555,3.8396,0.0,,179400.2141,178671.0441,143953.4246,1099723.3124,1095253.5003
300737.SZ,20250725,5.46,4.234,6.5586,0.6,137.5151,190.3188,1.3278,0.8875,0.8993,1.4652,6.9597,110996.8359,88691.6272,57255.9413,606042.724,484256.2845
600708.SH,20250725,3.53,2.2542,4.7514,2.88,,,0.8167,1.4164,1.6145,0.1416,,222863.6743,222527.7771,105573.6866,786708.7703,785523.0532
003012.SZ,20250725,6.26,0.8086,2.198,0.83,22.0504,23.3992,0.9919,1.1195,1.1226,4.7887,3.8819,115698.1158,114488.4978,42117.409,724270.2049,716697.9962
002941.SZ,20250725,12.01,2.8095,6.1501,0.43,24.2529,23.8254,2.3126,1.1297,1.1237,1.3312,1.249,64558.1082,64558.1082,29491.2692,775342.8795,775342.8795
000063.SZ,20250725,34.39,1.6403,2.153,0.83,19.5264,20.217,2.3727,1.3562,1.33,1.9859,1.7941,478353.4887,402737.371,306843.331,16450576.4764,13850138.1887
600918.SH,20250725,6.87,0.9754,1.4027,1.16,51.0775,49.0633,1.269,4.3956,4.3933,0.5822,0.5095,696862.5756,397280.9819,276253.0026,4787445.8944,2729320.3457
600520.SH,20250725,29.47,2.2135,2.8429,1.04,213.4739,288.5747,12.4063,14.8515,15.1569,0.0,,15843.0,15843.0,12335.6667,466893.21,466893.21
600483.SH,20250725,9.56,0.6958,1.9957,0.99,9.5152,8.8046,1.0552,1.825,1.8238,3.0101,3.2427,278013.78,278013.78,96930.2576,2657811.7368,2657811.7368
688480.SH,20250725,43.81,5.2237,7.8164,2.14,23.104,35.0759,4.0371,4.5042,4.2044,1.1413,1.438,9532.6179,6384.6179,4266.8607,417623.9902,279710.1102
920701.BJ,20250725,19.96,0.7398,1.9186,0.72,15.9678,53.0472,3.4922,3.4252,3.3715,1.7893,1.0736,13720.0,10020.724,3864.0,273851.2,200013.651
301533.SZ,20250725,38.76,5.4324,5.5193,0.57,47.91,52.46,3.4561,4.1202,4.1121,1.0304,1.0196,9830.67,2843.67,2798.92,381036.7692,110220.6492
600528.SH,20250725,10.46,18.0056,40.8622,8.11,13.1284,14.3432,0.9507,0.8012,0.8233,0.9685,0.9685,222155.1588,222155.1588,97891.1424,2323742.961,2323742.961
600903.SH,20250725,7.0,0.8565,2.7052,0.73,128.7652,249.6527,2.6624,1.2051,1.1593,0.5143,0.5151,115000.8428,115000.8428,36411.5069,805005.8996,805005.8996
301298.SZ,20250725,17.15,3.1599,4.0319,0.75,40.2504,37.1483,2.8128,4.024,4.0555,1.7201,1.7201,14680.0,10844.3275,8499.0936,251762.0,185980.2166
605056.SH,20250725,14.81,0.5622,1.9416,0.52,27.262,25.7876,3.8493,1.6856,1.5963,1.0153,2.3952,41036.724,40667.324,11775.0733,607753.8824,602283.0684
001337.SZ,20250725,23.88,2.4944,4.4809,0.62,40.4109,37.5238,6.903,15.6753,15.2362,1.4657,1.4657,42000.0,28845.6,16057.31,1002960.0,688832.928
300284.SZ,20250725,9.69,3.736,6.6642,0.68,54.5363,57.12,1.4613,2.5877,2.6322,1.4448,0.9804,126282.7774,119444.7684,66961.4901,1223680.113,1157419.8058
603677.SH,20250725,20.05,1.3481,5.1399,0.84,57.2557,62.2469,3.4325,1.9268,1.8786,0.9952,1.2469,19260.0865,19260.0865,5051.4865,386164.7343,386164.7343
002567.SZ,20250725,4.98,2.7906,3.4076,0.53,20.0796,14.9967,1.2322,0.2932,0.2806,0.0,,143305.1393,143151.4373,117231.6725,713659.5937,712894.1578
601618.SH,20250725,3.11,0.9191,2.5504,0.86,9.5539,11.3579,0.6267,0.1168,0.1229,2.3151,1.8006,2072361.917,1785261.917,643390.387,6445045.5619,5552164.5619
002203.SZ,20250725,10.73,0.4916,0.9122,1.01,30.5305,29.2887,1.6202,0.2457,0.2495,1.5821,1.6099,200112.9937,193100.0234,104058.743,2147212.4224,2071963.2511
300398.SZ,20250725,19.79,5.0162,6.3472,1.19,45.5118,36.6154,2.4815,3.8457,3.8037,0.5167,0.4697,56694.645,56385.0241,44561.2737,1121987.0246,1115859.6269
301020.SZ,20250725,23.03,1.2705,3.9726,0.49,41.1673,38.9973,3.5901,6.4,6.0629,1.5198,1.3461,14640.0,14640.0,4682.0,337159.2,337159.2
002331.SZ,20250725,8.27,6.27,8.1158,2.21,95.3048,117.8316,2.0797,2.904,2.9417,0.0,0.3628,42543.1749,39584.5295,30581.9965,351832.0564,327364.059
688318.SH,20250725,118.37,2.5954,8.3772,1.04,99.7458,100.9744,8.4987,77.9385,81.3129,0.4112,0.3681,25611.9472,25611.9472,7935.1359,3031686.1901,3031686.1901
603869.SH,20250725,7.0,0.3033,0.8035,0.87,170.2696,190.371,0.9513,5.3086,5.767,0.0,0.1764,50450.0508,50450.0508,19045.9689,353150.3556,353150.3556
600336.SH,20250725,7.15,1.8699,3.0479,0.67,,,2.2992,0.73,0.7645,0.4196,0.2797,79801.4769,79801.4769,48959.7544,570580.5598,570580.5598
603150.SH,20250725,33.48,2.2479,4.3642,0.84,20.5851,20.1407,1.7717,0.8459,0.8047,0.0,0.5078,8548.3,8548.3,4403.109,286197.084,286197.084
920547.BJ,20250725,25.76,4.3205,6.4159,0.92,46.7023,42.3006,3.0027,5.9037,5.7016,0.9705,0.7764,7768.8,3560.4,2397.6,200124.288,91715.904
601199.SH,20250725,5.62,0.7476,2.4733,0.79,13.0742,12.7246,1.2021,3.4283,3.4312,2.2064,2.3132,93521.0292,93521.0292,28268.9349,525588.1841,525588.1841
600936.SH,20250725,3.95,5.6733,8.641,10.17,,,14.5498,4.8569,4.915,0.0,,167102.6239,167102.6239,109713.4757,660055.3644,660055.3644
301629.SZ,20250725,154.4,9.469,9.469,1.35,70.1297,72.0933,5.5925,12.6872,12.699,,0.6205,4172.7274,1043.1819,1043.1819,644269.1106,161067.2854
003004.SZ,20250725,18.41,0.9131,1.7623,0.59,,,2.3844,4.9946,4.999,1.0779,,8186.1613,6579.9313,3409.3007,150707.2295,121136.5352
600161.SH,20250725,20.22,1.1808,2.3675,1.15,25.809,27.0767,3.5746,6.6285,6.5249,0.6182,0.4946,197737.1446,197737.1446,98625.1157,3998245.0638,3998245.0638
002185.SZ,20250725,10.39,2.6238,3.3951,1.14,54.0277,61.5782,2.0188,2.3023,2.2309,0.2117,0.5582,320448.4648,320373.9793,247589.5385,3329459.5493,3328685.6449
002142.SZ,20250725,28.94,1.2635,2.5309,2.77,7.0449,6.7649,0.9358,2.8682,2.7555,2.0733,3.1099,660359.0792,659989.4866,329493.3178,19110791.752,19100095.7422
002098.SZ,20250725,9.78,3.4283,8.0996,0.54,17.3416,16.1271,2.6145,1.332,1.2749,1.1247,1.0225,35800.0,35798.5,15152.2318,350124.0,350109.33
002337.SZ,20250725,5.89,1.5771,2.5107,0.84,87.1338,85.795,2.7379,4.5666,4.7085,0.5568,0.3565,58861.575,58799.6532,36933.5732,346694.6768,346329.9573
002295.SZ,20250725,9.64,3.7878,5.4141,0.49,87.1981,85.6994,1.7782,0.6436,0.5883,0.5187,0.5187,25061.6,25029.4,17510.93,241593.824,241283.416
600080.SH,20250725,7.64,1.7279,2.3161,0.69,38.2219,54.9856,1.8385,4.871,4.9425,0.0,0.371,37327.0285,37327.0285,27847.7933,285178.4977,285178.4977
601908.SH,20250725,3.93,5.3216,9.8493,0.56,,,1.0623,2.0671,2.4941,0.3308,,241460.2861,241460.2861,130460.4193,948938.9244,948938.9244
300074.SZ,20250725,5.14,3.4436,4.0666,1.1,,,2.7759,5.6988,5.3145,0.0,,54379.02,54213.2288,45907.051,279508.1628,278655.996
600179.SH,20250725,3.15,2.1614,2.9583,1.37,21.8357,16.6475,1.2103,1.7656,1.6714,0.0,,423152.6979,374423.6495,273563.3988,1332930.9984,1179434.4959
920123.BJ,20250725,19.72,5.5471,9.1499,0.87,48.4596,47.7255,5.7358,3.1654,2.9672,0.7802,1.1702,11154.0,6363.2896,3857.7448,219956.88,125484.0709
300937.SZ,20250725,29.64,4.9643,6.1487,0.76,173.3413,250.5699,3.3591,0.6473,0.6624,0.7422,0.3374,9566.6682,6264.7347,5057.9847,283556.0454,185686.7365
603960.SH,20250725,19.36,2.1546,3.4599,0.95,92.1882,95.6706,4.6086,8.6655,8.922,0.6944,0.3264,26219.79,26219.79,16327.4491,507615.1344,507615.1344
603689.SH,20250725,8.64,0.9623,3.0273,1.35,12.7326,12.9598,1.3308,0.7304,0.745,3.9505,4.0509,49019.3073,48530.0063,15427.2255,423526.8151,419299.2544
603002.SH,20250725,6.68,1.6677,3.5575,0.49,149.6975,167.6595,2.2109,3.5328,3.4151,0.7485,0.2994,113407.8509,113407.8509,53164.5774,757564.444,757564.444
600584.SH,20250725,34.82,2.1515,2.7771,1.09,38.7105,37.1383,2.2581,1.7326,1.6203,0.2872,0.3446,178941.457,178941.457,138629.1648,6230741.5327,6230741.5327
688606.SH,20250725,73.0,1.7004,3.5991,1.04,19.134,18.1484,1.5106,6.6785,6.6132,4.0195,4.0283,7928.0855,7928.0855,3745.732,578750.2415,578750.2415
688621.SH,20250725,55.37,4.9591,6.8484,0.92,34.9555,46.1986,6.1255,5.7502,5.8667,0.298,0.2872,11200.0,11200.0,8110.27,620144.0,620144.0
600535.SH,20250725,16.19,0.9333,1.8746,1.05,25.3112,24.8153,2.0291,2.8462,2.8441,4.0766,3.2736,149395.0005,149395.0005,74378.1968,2418705.0581,2418705.0581
920305.BJ,20250725,16.1,8.4933,13.7758,0.59,,,3.4144,42.2861,131.6095,,,13237.6125,8110.0875,5000.1718,213125.5613,130572.4088
301275.SZ,20250725,55.79,5.6685,5.6685,1.13,33.1802,34.1003,6.1569,5.2528,5.2444,,0.2725,42240.0,3176.0754,3176.0754,2356569.6,177193.2466
002779.SZ,20250725,86.5,7.3614,13.0467,1.89,247.1827,210.6841,20.7456,16.4645,16.2386,0.1239,0.0908,18480.0,16580.8335,9355.5,1598520.0,1434242.0978
002962.SZ,20250725,15.15,3.2841,3.8661,1.69,67.853,80.5942,2.4868,4.0763,4.0533,1.3256,1.3066,29166.5352,20918.4005,17769.1653,441873.0083,316913.7676
603065.SH,20250725,9.19,1.8646,2.7818,0.7,97.8257,106.2952,1.906,2.56,2.5767,1.4146,1.4054,41896.7572,19667.3455,13182.4898,385031.1987,180742.9051
300770.SZ,20250725,41.52,2.4082,4.4359,2.04,14.4613,14.184,2.6624,6.0259,6.0033,7.6332,6.9038,22913.0909,22913.0909,12439.2614,951351.5342,951351.5342
600925.SH,20250725,5.24,0.6205,0.8571,0.73,26.0583,31.6226,2.3541,2.5453,2.569,4.0076,2.3282,688888.8889,160604.8586,116256.994,3609777.7778,841569.4591
688381.SH,20250725,23.41,2.3111,2.7217,0.81,,,2.1975,11.01,10.521,0.6271,0.8845,24750.0,18354.64,15585.64,579397.5,429682.1224
002564.SZ,20250725,6.94,7.8341,11.3059,1.42,247.9662,216.141,37.9328,2.4194,2.4449,0.0,,85890.4477,85890.4477,59515.5589,596079.707,596079.707
301038.SZ,20250725,26.7,16.2178,52.7415,1.43,112.7371,163.4054,7.0204,6.9686,7.0713,0.0,0.2651,22308.0,22308.0,6859.63,595623.6,595623.6
301239.SZ,20250725,43.05,4.3669,9.2298,2.08,,,3.0173,2.4049,2.3468,0.9245,,14961.9048,14961.9048,7078.9463,644110.0016,644110.0016
300606.SZ,20250725,19.76,2.4496,3.3991,0.79,,,4.2485,5.5503,5.2717,0.7591,0.6073,13834.7826,11767.4486,8480.2608,273375.3042,232524.7843
301031.SZ,20250725,84.48,1.8207,2.2017,0.68,44.4331,37.621,6.844,5.8457,5.3869,0.5585,0.5964,9832.248,6855.608,5669.0625,830628.311,579161.7638
300907.SZ,20250725,26.98,2.4209,6.2881,1.04,30.4439,30.158,3.3557,2.2307,2.2122,3.7064,1.8532,9600.0,9600.0,3696.0,259008.0,259008.0
000868.SZ,20250725,5.94,2.4535,3.7537,0.78,665.0017,705.582,6.4607,2.0404,1.9789,0.0,,93951.4735,73332.8418,47931.9522,558071.7526,435597.0803
300702.SZ,20250725,24.94,1.6847,2.6479,0.81,155.154,85.4178,2.4318,3.2988,3.2135,0.2005,0.2005,34797.7159,21116.4483,13435.601,867855.0345,526644.2206
001319.SZ,20250725,27.25,1.9309,3.6984,0.79,34.3252,33.0754,3.0472,3.9904,3.866,1.3945,1.4312,14140.0,11913.8575,6220.01,385315.0,324652.6169
000715.SZ,20250725,6.13,1.8897,3.1998,0.73,32.9972,31.435,1.7343,4.3401,4.3415,0.6274,1.2549,54043.4622,53899.3399,31831.036,331286.4233,330402.9536
603535.SH,20250725,11.59,4.9145,13.8746,1.76,28.9334,29.3525,2.3536,4.3998,4.4232,0.3939,0.5247,51091.2924,47768.9298,16920.0777,592148.0789,553641.8964
300001.SZ,20250725,23.53,1.253,1.8599,0.81,27.0979,27.0041,3.3505,1.6155,1.666,0.4188,0.6326,105553.7713,103155.6106,69498.5825,2483680.2387,2427251.5174
000887.SZ,20250725,17.71,5.5145,9.2726,1.58,18.6265,18.0277,1.7649,1.2366,1.2261,1.1293,0.847,131648.9747,131437.0608,78166.9287,2331503.3419,2327750.3468
605577.SH,20250725,13.27,0.8444,4.1076,1.27,29.2914,34.1504,1.5677,3.5455,3.8829,0.6029,1.1304,44444.4445,44444.4445,9136.4445,589777.7785,589777.7785
603106.SH,20250725,10.83,4.7903,11.401,0.45,140.4967,84.5666,4.3513,12.8862,12.8515,0.0,0.277,52052.0,52052.0,21870.4721,563723.16,563723.16
688568.SH,20250725,37.1,1.19,2.7664,0.92,85.3985,81.0571,8.0727,9.2203,8.9839,0.2331,0.2352,80955.5636,80955.5636,34823.6405,3003451.4096,3003451.4096
601101.SH,20250725,7.79,1.6432,4.4782,0.59,10.8218,13.0245,0.9599,1.2276,1.2112,4.4929,5.8793,143999.7926,143999.7926,52838.4382,1121758.3844,1121758.3844
000795.SZ,20250725,11.61,7.6852,15.1763,1.18,53.1483,52.9231,5.0259,3.2833,3.2975,0.229,1.0338,113368.4103,113368.4103,57409.4192,1316207.2436,1316207.2436
603567.SH,20250725,12.46,4.8141,16.7809,3.89,26.7599,53.2675,1.4887,4.3369,5.7048,1.6061,,94114.0609,93954.0524,26953.4145,1172661.1988,1170667.4929
301188.SZ,20250725,21.64,6.6909,12.1388,2.55,78.298,63.2507,3.3644,4.7861,4.7465,0.4431,0.4403,23904.6345,23904.6345,13176.139,517296.2906,517296.2906
603939.SH,20250725,24.44,0.7724,1.6801,0.92,19.385,18.8577,2.8278,1.2315,1.2295,2.7282,2.6596,121241.6854,121219.45,55730.9148,2963146.7912,2962603.358
300441.SZ,20250725,8.27,1.5816,3.024,0.81,6.4033,6.5207,2.2625,2.296,2.5413,2.6665,5.4414,64441.5868,62695.9236,32791.9565,532931.9228,518495.2882
301349.SZ,20250725,37.33,5.1523,5.9821,0.77,,,1.413,4.7003,4.145,0.7959,,10200.0,4213.9253,3629.4079,380766.0,157305.8314
603331.SH,20250725,10.64,2.231,3.4149,0.94,65.1555,86.5363,1.6697,1.4016,1.3881,1.88,0.7519,20217.5636,20217.5636,13208.0826,215114.8767,215114.8767
301248.SZ,20250725,24.31,4.8651,5.0281,0.78,,,2.4972,5.7989,5.7197,0.4074,,15370.5,10214.5875,9883.4425,373656.855,248316.6221
002565.SZ,20250725,6.62,3.0159,3.7744,0.57,154.7767,179.4818,3.7628,4.6217,4.7478,0.3927,0.5879,105998.8922,105995.5172,84694.2022,701712.6664,701690.3239
603345.SH,20250725,75.45,1.5293,2.0391,0.58,16.9357,17.4515,1.6586,1.6624,1.6796,4.1655,4.4159,33328.8932,29329.4232,21997.3013,2514664.9919,2212904.9804
600375.SH,20250725,6.86,2.3134,3.6031,0.96,69.9413,46.8555,3.3228,2.6044,2.3775,0.0,,160307.1367,108768.576,69835.7954,1099706.9578,746152.4314
601699.SH,20250725,14.29,5.0947,13.5704,1.25,17.4513,23.4992,0.9293,1.1924,1.2514,11.1197,2.8691,299140.92,299140.92,112306.2688,4274723.7468,4274723.7468
300667.SZ,20250725,15.94,2.8169,3.181,0.84,,,2.9042,4.2472,4.5003,0.6216,,20463.6039,17264.8362,15288.4042,326189.8462,275201.489
688787.SH,20250725,143.8,9.4303,15.6055,1.6,765.234,702.8732,11.9823,36.5895,32.5816,,0.2415,6032.518,6032.518,3645.3904,867476.0884,867476.0884
300755.SZ,20250725,18.51,1.0465,3.4913,0.75,173.5805,106209.1681,2.4078,0.8151,0.9428,6.9598,6.8382,41679.84,41642.7135,12482.7135,771493.8384,770806.6269
600163.SH,20250725,5.38,0.5969,1.7537,0.84,15.7232,14.8453,1.491,5.8799,5.7204,1.3011,1.9145,190299.6143,190299.6143,64770.5089,1023811.9249,1023811.9249
301063.SZ,20250725,27.71,3.8217,5.2158,1.92,86.7064,61.7171,1.8805,2.164,1.9559,0.533,0.5413,10436.0724,10044.6628,7360.0049,289183.5662,278337.6062
688757.SH,20250725,26.93,11.6581,11.6581,1.23,133.7893,129.1257,12.7001,26.1544,24.8506,,0.5533,40331.1486,3257.4732,3257.4732,1086117.8318,87723.7533
000400.SZ,20250725,23.12,3.2603,5.285,0.42,21.0878,21.6614,2.0726,1.3783,1.4165,2.0852,1.8124,101874.9309,100832.2059,62203.5605,2355348.4024,2331240.6004
603359.SH,20250725,6.84,5.0403,9.3441,1.09,,,1.1407,8.1166,8.5407,0.1462,,44609.6,44609.6,24062.5868,305129.664,305129.664
301028.SZ,20250725,12.85,2.3422,5.1477,0.38,22.7181,22.2069,3.2676,4.3294,4.2604,1.5414,1.5472,38404.9688,24845.9438,11305.0738,493503.8491,319270.3778
002148.SZ,20250725,7.19,5.2959,5.6735,1.16,153.4846,244.8307,3.3299,14.2714,12.9554,0.2072,0.2223,55898.733,44931.7611,41941.4214,401911.8903,323059.3623
300220.SZ,20250725,17.25,2.4756,4.9302,0.83,1234.3816,1483.986,40.3288,9.4818,9.8997,0.0,,15120.0,15101.9348,7583.31,260820.0,260508.3753
300655.SZ,20250725,10.41,7.2546,8.6942,1.43,,,4.5889,7.6859,7.4767,0.2685,0.4315,105957.4198,99755.7805,83238.1681,1103016.7401,1038457.675
300013.SZ,20250725,4.16,8.4686,9.2858,2.66,,,11.2388,4.8316,4.9313,0.0,,55835.8894,44606.0865,40680.8215,232277.2999,185561.3198
688059.SH,20250725,58.32,4.7319,7.6934,0.8,47.5244,42.7185,4.1759,6.6967,6.2683,0.9734,0.7349,8715.9984,8715.9984,5360.8704,508317.0267,508317.0267
688385.SH,20250725,48.16,2.2208,4.0715,1.41,69.0889,72.2522,6.6258,11.0188,11.0335,0.2067,0.1661,82142.73,53709.73,29295.2905,3955993.8768,2586660.5968
002481.SZ,20250725,5.43,1.3391,2.2113,1.13,70.8022,108.1809,2.5732,2.7365,2.666,0.9208,0.7366,123369.65,111815.26,67711.2305,669897.1995,607156.8618
603049.SH,20250725,46.14,5.1732,5.1732,0.92,10.6541,11.4802,1.8812,1.0279,0.9888,,2.8175,87448.5598,8482.3411,8482.3411,4034876.5492,391375.2184
603866.SH,20250725,5.66,1.0708,2.3798,1.13,17.3428,18.4449,1.8078,1.4875,1.5377,5.3004,4.417,159971.9155,159971.9155,71982.0582,905441.0417,905441.0417
920837.BJ,20250725,17.1,1.2734,3.7991,0.59,40.086,38.0992,5.065,4.9242,4.774,1.1696,1.2865,15171.2787,13678.7787,4584.7787,259428.8658,233907.1158
002678.SZ,20250725,4.98,0.5571,3.3642,0.93,,,1.993,9.9892,11.517,0.0402,,135832.0323,135757.4448,22480.9325,676443.5209,676072.0751
603233.SH,20250725,17.19,0.4456,1.188,0.73,21.4011,20.052,2.8724,0.7388,0.7332,3.5946,3.5855,113884.7895,113884.7895,42721.5969,1957679.5315,1957679.5315
300827.SZ,20250725,24.02,3.7177,4.6779,0.69,28.8099,26.4966,5.4656,2.5275,2.4659,0.2968,0.3549,50228.6329,38328.3863,30461.5234,1206491.7623,920647.8389
688455.SH,20250725,14.46,2.0504,3.0807,0.87,,,2.8261,1.8765,1.8717,,,18084.9167,12984.9167,8642.2958,261507.8955,187761.8955
301558.SZ,20250725,9.31,8.2484,8.2484,1.01,511.1213,,5.4925,4.1937,4.1615,1.5038,,78885.1223,21928.1852,21928.1852,734420.4886,204151.4042
300912.SZ,20250725,16.05,5.1339,6.984,0.75,,,3.5394,3.1908,3.214,0.0,,11498.2,8583.5975,6309.7475,184546.11,137766.7399
301511.SZ,20250725,27.68,7.1522,9.8457,0.56,,,4.3496,2.2353,1.914,0.1419,,63032.2,37454.5551,27207.9554,1744731.296,1036742.0852
688355.SH,20250725,19.16,1.3723,4.3531,1.15,35.8004,37.6468,2.2825,3.761,3.7903,2.3255,2.5969,12395.6072,12395.6072,3907.6756,237499.834,237499.834
600019.SH,20250725,7.44,0.3773,1.029,0.75,22.0131,20.5925,0.8085,0.5031,0.5158,4.1362,2.7866,2178208.4749,2178208.4749,798651.6922,16205871.0533,16205871.0533
603507.SH,20250725,23.91,3.6862,5.095,0.63,24.7291,36.1006,1.8096,1.1168,1.1345,1.247,1.2375,18430.1307,18177.2307,13151.2045,440664.425,434617.586
600886.SH,20250725,15.42,0.7873,2.5239,1.03,18.5803,18.4616,1.888,2.1347,2.1718,2.9882,2.9882,800449.4262,745417.9797,232532.2636,12342930.152,11494345.247
688171.SH,20250725,37.0,7.225,9.798,1.58,267.8704,460.1942,3.7986,31.4881,35.9358,0.2324,0.1121,8377.34,5134.8489,3786.4252,309961.58,189989.4093
002666.SZ,20250725,5.12,1.7856,2.3263,0.66,58.6625,54.0261,1.1426,0.8136,0.7962,1.2313,,78799.9301,50066.8201,38431.6691,403455.6421,256342.1189
000409.SZ,20250725,12.39,15.9764,18.9149,2.11,90.5757,108.9853,5.4343,6.2185,6.6089,0.0,,67799.0505,42334.3245,35757.4555,840030.2357,524522.2806
600395.SH,20250725,5.23,0.9029,1.9299,0.67,107.7853,,1.0812,1.2615,1.1902,5.3537,5.3537,214662.4894,214662.4894,100426.127,1122684.8196,1122684.8196
300906.SZ,20250725,28.81,2.4337,4.9405,0.94,30.6,30.8081,2.6257,14.3438,14.4559,1.7355,1.7355,8000.0,7152.9375,3523.5625,230480.0,206076.1294
601890.SH,20250725,10.16,3.4844,5.419,0.54,34.5738,36.5821,2.7209,4.9016,4.5819,1.0335,0.9843,95940.0,95940.0,61688.9232,974750.4,974750.4
301498.SZ,20250725,93.29,2.3664,4.7406,1.39,59.7389,54.8346,8.7967,7.1154,6.6323,0.4502,0.536,40004.45,17902.1919,8936.3045,3732015.1405,1670095.4824
300535.SZ,20250725,18.01,13.4357,15.439,1.51,,,2.042,2.5061,2.5232,0.3887,,10480.1463,7644.5046,6652.5808,188747.4349,137677.5278
000533.SZ,20250725,6.91,5.9146,9.7021,0.67,50.754,47.9581,5.3749,1.9729,1.9458,0.0,,69081.6,68490.24,41752.8232,477353.856,473267.5584
003031.SZ,20250725,52.97,1.0599,2.3411,0.96,44.314,41.232,4.0013,9.0211,8.8023,0.5259,0.7929,45105.2859,34015.6696,15399.705,2389226.9941,1801810.0187
300898.SZ,20250725,27.6,3.9921,8.526,0.91,33.3899,38.2197,3.7109,4.4778,4.5692,1.8116,2.1739,12400.0,11473.4689,5372.133,342240.0,316667.7416
688726.SH,20250725,46.46,3.8055,3.8055,0.88,25.8205,23.341,5.1597,3.2875,3.0791,,0.7964,40532.6189,3631.145,3631.145,1883145.4741,168702.9967
300690.SZ,20250725,24.59,4.8495,6.1326,0.67,47.3049,35.9164,2.7709,4.3092,4.0416,0.854,0.854,16534.8919,10948.0933,8657.5175,406592.9918,269213.6142
300851.SZ,20250725,28.56,1.494,2.3976,0.83,51.1044,56.5697,1.975,7.3604,7.5201,1.5756,1.5056,8693.34,5385.6237,3355.8905,248281.7904,153813.4129
601061.SH,20250725,8.33,3.6311,3.6311,1.05,18.2361,15.3773,1.8837,0.3135,0.3101,1.8007,2.0168,490000.0,50115.3847,50115.3847,4081700.0,417461.1546
301206.SZ,20250725,29.91,2.3569,2.6979,1.03,57.6606,57.2969,1.41,8.4886,9.0158,1.3362,4.6457,20232.57,10761.12,9400.643,605156.1687,321865.0992
688085.SH,20250725,19.55,4.7163,8.9096,2.02,568.4374,247.0524,3.2138,14.3723,13.4805,0.2973,0.0179,33346.2498,29814.4242,15782.1938,651919.1836,582871.9931
603726.SH,20250725,17.72,1.8436,4.13,0.59,19.1072,19.2272,2.619,1.7366,1.6893,2.2347,2.2548,18565.12,18400.12,8213.3824,328973.9264,326050.1264
920799.BJ,20250725,59.58,2.727,4.4729,0.86,190.3102,156.8629,31.4443,20.5414,22.3538,0.4178,0.4178,20978.005,12070.4571,7359.1775,1249869.5379,719157.834
603066.SH,20250725,12.17,1.7212,3.6929,1.07,71.2085,67.1685,2.5484,2.4802,2.476,1.1915,0.4273,29418.0074,29418.0074,13711.2104,358017.1501,358017.1501
301302.SZ,20250725,24.48,2.5649,4.7458,0.76,,,2.2722,15.3021,15.2533,0.0,,15586.5,15586.5,8424.0,381557.52,381557.52
300397.SZ,20250725,14.12,8.064,8.86,1.0,,,4.9013,18.1638,20.5597,0.0,,51763.6745,40550.5408,36907.5658,730903.0839,572573.6361
603297.SH,20250725,90.32,1.7499,5.8237,2.08,48.0378,45.8203,5.2988,11.2359,11.1881,1.0596,0.9411,11093.67,11072.91,3327.2145,1001980.2744,1000105.2312
600133.SH,20250725,9.24,1.3919,1.6535,0.76,18.6555,20.0798,1.1349,2.9259,2.8658,1.6234,1.7857,106623.9875,106623.9875,89758.9822,985205.6445,985205.6445
300011.SZ,20250725,7.86,1.6551,2.221,0.92,395.0052,,3.3537,2.7655,2.7486,0.0,,55865.0387,50162.8829,37382.0316,439099.2042,394280.2596
300872.SZ,20250725,25.71,15.3601,17.994,0.91,161.9222,1039.1289,3.5453,7.1054,7.1091,0.1594,0.1815,48812.1083,42204.1693,36026.5112,1254959.3044,1085069.1927
301110.SZ,20250725,53.01,6.7854,7.8236,1.32,54.1784,64.217,3.5236,4.2538,4.0833,1.563,1.5091,9253.5333,4854.0333,4209.9012,490529.8002,257312.3052
301036.SZ,20250725,37.01,3.2186,4.8729,1.15,30.6634,29.8529,2.2685,2.3494,2.317,1.6212,1.351,10000.0,7043.4135,4652.3035,370100.0,260676.7336
001219.SZ,20250725,14.07,1.4697,2.8251,0.78,28.1443,27.8361,2.7463,5.217,5.1885,1.6402,2.1322,19498.375,18996.2298,9882.7393,274342.1363,267276.9533
603950.SH,20250725,23.97,1.515,4.123,0.8,33.7262,29.7456,2.8865,4.0472,3.875,0.0,0.8983,32413.08,32360.68,11890.7497,776941.5276,775685.4996
301088.SZ,20250725,14.73,1.9227,6.2651,1.91,31.4606,33.2702,1.3501,4.8719,5.102,3.2396,3.2383,22790.0,18785.0,5765.0,335696.7,276703.05
688097.SH,20250725,29.16,0.7908,2.7991,0.75,32.6919,33.5078,2.9869,2.6289,2.6321,0.7304,0.7721,44664.7765,44362.3515,12532.994,1302424.8827,1293606.1697
000951.SZ,20250725,18.95,0.9209,1.9033,0.52,15.0465,14.686,1.4685,0.4955,0.4797,3.9537,3.6545,117486.936,117486.936,56846.8984,2226377.4372,2226377.4372
300529.SZ,20250725,24.11,5.3475,6.5952,2.92,23.4753,26.5866,6.8926,7.1917,7.7613,1.6089,3.2174,79860.5275,51158.5981,41480.2132,1925437.318,1233433.8002
920098.BJ,20250725,34.88,5.1213,7.0223,0.56,32.6354,32.7517,3.1649,5.867,5.7972,,0.8601,8132.0369,4353.7729,3175.1741,283645.4471,151859.5988
003005.SZ,20250725,23.43,19.948,27.6437,2.64,126.9811,115.2449,2.9959,11.2332,11.1267,0.0,0.9756,23138.8691,12697.8206,9162.8953,542143.703,297509.9367
688525.SH,20250725,64.78,2.7166,3.0762,1.15,185.3263,,7.177,4.463,4.5887,,,46126.5626,31730.4342,28020.9946,2988078.7252,2055497.5275
603716.SH,20250725,31.22,34.8825,45.131,1.1,,,7.0359,3.2936,3.6972,0.0,,19101.8075,19101.8075,14764.0928,596358.4302,596358.4302
300549.SZ,20250725,19.93,9.1463,14.5801,3.11,193.9946,159.718,4.8652,7.6565,7.3616,0.5018,0.2509,13334.0,10105.4675,6339.34,265746.62,201401.9673
002259.SZ,20250725,4.34,3.1006,4.3261,1.34,272.1224,169.48,12.2874,4.4572,4.0243,0.0,,75232.8267,75232.8267,53921.2742,326510.4679,326510.4679
688108.SH,20250725,12.92,6.3408,9.0282,1.1,3588.8395,875.4676,6.1198,11.7176,11.4729,,,41604.8,41604.8,29220.0604,537534.016,537534.016
301113.SZ,20250725,22.51,5.5788,12.6604,2.4,183.3893,181.0116,2.9825,6.9255,6.7067,0.1025,2.3921,9100.0,5511.7465,2428.7445,204841.0,124069.4137
001333.SZ,20250725,21.35,3.0684,3.0684,0.79,18.6671,18.7903,1.646,1.5852,1.5514,1.6862,1.6862,12800.0,4400.0,4400.0,273280.0,93940.0
300999.SZ,20250725,30.9,1.2369,1.2369,0.86,66.9568,64.4052,1.7788,0.7013,0.6961,0.3592,0.3592,542159.1536,54264.7097,54264.7097,16752717.8462,1676779.5297
300329.SZ,20250725,9.8,23.6331,42.5961,3.2,,,3.5005,15.5657,17.6087,0.0,0.3265,25288.878,25214.0431,13989.2231,247831.0044,247097.6224
605296.SH,20250725,35.1,1.068,7.963,0.58,26.8221,20.0459,3.7119,3.2988,3.0838,0.0,,52483.9012,52456.4418,7035.3461,1842184.9321,1841221.1072
002144.SZ,20250725,12.32,3.592,3.8932,1.53,77.93,78.8008,1.0577,3.5221,3.5108,1.2175,0.4058,17676.2528,13764.4276,12699.4253,217771.4345,169577.748
300485.SZ,20250725,14.84,11.4516,15.3293,0.57,,44.1954,2.1042,17.1626,17.893,0.1482,,48166.64,27381.7182,20455.2484,714792.9376,406344.6981
688181.SH,20250725,32.07,2.4169,3.0388,0.65,56.3003,52.9497,2.092,5.8489,5.5873,0.2526,,13448.1546,13448.1546,10696.1673,431282.318,431282.318
301609.SZ,20250725,56.34,46.7001,46.7001,,72.4652,71.1301,7.9011,13.9441,13.6961,,,16288.0,3475.0244,3475.0244,917665.92,195782.8747
301345.SZ,20250725,161.15,17.8909,17.8909,2.02,40.5924,37.5182,5.7388,5.8812,5.6544,0.933,1.2411,10863.1741,2868.3741,2868.3741,1750600.5062,462238.4862
600461.SH,20250725,9.5,0.5785,1.0551,0.92,10.2518,10.1792,1.348,1.4829,1.5253,4.4402,4.8842,128415.5178,128415.5178,70411.7799,1219947.4191,1219947.4191
603117.SH,20250725,5.99,1.7719,2.5905,1.32,262.8952,311.5108,3.527,12.1861,12.4659,0.0,,59919.7742,59919.7742,40986.75,358919.4475,358919.4475
600405.SH,20250725,6.67,8.4792,9.4407,1.17,,,13.045,6.9985,7.4382,0.0,,61282.9588,61011.9397,54798.0782,408757.3352,406949.6378
920906.BJ,20250725,24.95,3.8532,5.9324,0.8,92.5948,99.2943,2.9801,2.2501,2.2589,0.3567,0.3567,6497.0,3318.3223,2155.2799,162100.15,82792.1414
601956.SH,20250725,6.7,2.542,4.8113,0.69,32.757,33.4971,1.679,0.6673,0.6629,2.9851,1.4925,62178.204,62161.659,32842.6548,416593.9668,416483.1153
300389.SZ,20250725,11.92,1.3227,2.5424,0.85,37.6384,53.4341,2.9537,1.2012,1.2141,2.481,1.2584,36910.0317,23318.1321,12131.6017,439967.5779,277952.1346
301123.SZ,20250725,24.01,5.169,5.7988,0.75,,,1.9702,3.2791,3.1836,0.4111,0.4111,23360.0,9214.8803,8214.0794,560873.6,221249.276
000663.SZ,20250725,6.96,1.7452,2.7594,0.81,,,2.3522,7.2529,7.2991,0.0,,33668.3929,30630.1196,19372.3995,234332.0146,213185.6324
605588.SH,20250725,47.55,4.206,12.2902,1.61,,,3.3848,2.5704,2.4591,0.1517,,7346.8201,7309.9561,2501.6228,349341.2958,347588.4126
688248.SH,20250725,33.75,1.2941,1.8898,0.67,52.2088,50.1528,6.4191,6.3243,6.3151,0.9185,0.8,56470.0,22840.0,15640.0,1905862.5,770850.0
601113.SH,20250725,4.16,1.0207,1.6539,0.91,9.3988,9.1386,1.1839,0.6107,0.6967,0.0,,110415.2226,110415.2226,68139.9924,459327.326,459327.326
688429.SH,20250725,14.91,1.0902,1.4949,0.72,,,3.8901,8.3917,7.9754,0.3002,,40000.08,11982.7267,8738.7235,596401.1928,178662.4551
000793.SZ,20250725,2.64,1.7479,2.2586,0.99,,,28.4173,15.7066,16.8659,0.0,,199724.5457,196100.8615,151761.1002,527272.8006,517706.2744
300444.SZ,20250725,7.38,3.1867,3.5066,0.55,72.9071,4169.9355,3.6099,1.6973,1.9209,0.0,,79862.509,59230.0893,53827.0277,589385.3164,437118.059
000709.SZ,20250725,2.49,0.9576,2.719,0.66,36.3843,32.9733,0.5037,0.2116,0.2069,1.6064,1.2048,1033712.1092,1033541.2398,364017.535,2573943.1519,2573517.6871
002391.SZ,20250725,6.67,17.6588,19.8151,3.53,,,1.0252,1.2294,1.2087,2.9386,,64959.255,46412.0811,41361.4067,433278.2309,309568.5809
003028.SZ,20250725,31.74,2.0208,3.1101,0.95,22.5935,23.7504,2.6635,3.2763,3.1944,1.0951,2.1856,14471.1,7053.8198,4583.3464,459312.714,223888.2405
001376.SZ,20250725,12.52,2.6639,2.6639,0.82,30.1757,30.0011,5.2697,5.0954,5.1651,1.1981,1.195,46090.0,21131.6715,21131.6715,577046.8,264568.5272
600356.SH,20250725,8.75,1.3395,1.9118,0.53,22.5687,21.4781,1.0189,0.9425,0.8964,1.5634,1.3714,29873.1378,29873.1378,20930.8295,261389.9558,261389.9558
002349.SZ,20250725,7.65,2.9386,4.4789,1.27,29.847,31.1447,2.4052,4.5268,4.5385,1.1802,1.0262,82967.4908,81418.0908,53418.6248,634701.3046,622848.3946
300206.SZ,20250725,12.87,3.4228,4.49,1.5,46.0199,39.5393,3.8192,4.0669,4.1192,1.6084,1.6084,57966.3346,33837.9565,25795.1638,746026.7263,435494.5002
688150.SH,20250725,27.79,3.1525,3.1635,1.75,66.8409,60.5569,6.2311,23.7061,22.2519,0.6463,0.8973,40243.7585,17934.3304,17871.6783,1118374.0487,498395.0418
688717.SH,20250725,58.85,2.8481,3.1433,0.62,46.2474,43.6762,2.1182,3.0643,2.9543,1.593,1.593,16000.0,9713.9537,8801.4497,941600.0,571666.1752
002470.SZ,20250725,1.79,1.77,2.5251,0.78,98.55,141.3894,2.8455,0.7063,0.675,0.0,,328602.7742,328574.9417,230320.2025,588198.9658,588149.1456
600498.SH,20250725,21.7,1.4865,2.5787,0.97,36.5773,35.8768,1.9663,0.9003,0.9333,0.5904,0.8249,118447.4064,116658.9384,67249.1643,2570308.7189,2531498.9633
300656.SZ,20250725,27.61,8.1022,12.2246,2.24,,,4.6113,11.5396,11.8792,0.1087,,17112.5072,13289.7892,8808.178,472476.3238,366931.0798
300477.SZ,20250725,2.21,4.5295,4.6057,1.17,,,2.1745,0.8941,1.0356,0.0,,107201.8687,93547.8109,91999.2249,236916.1298,206740.6621
301161.SZ,20250725,28.11,34.0788,34.0788,0.89,63.4401,56.8019,3.4623,4.7141,4.4737,0.2134,0.2988,12000.0,5332.8,5332.8,337320.0,149905.008
600825.SH,20250725,8.05,6.3232,13.0351,3.15,207.9021,210.9596,3.4476,5.8728,5.8282,0.1615,0.1491,104488.785,104488.785,50686.785,841134.7193,841134.7193
688202.SH,20250725,64.8,8.544,14.7114,0.95,,,4.0958,8.3894,8.3285,,,13435.2184,13435.2184,7802.7945,870602.1523,870602.1523
000633.SZ,20250725,6.23,6.4294,8.776,1.73,205.4494,199.137,12.5788,8.6556,7.5162,0.0,,38510.6373,38510.3523,28213.1548,239921.2704,239919.4948
002757.SZ,20250725,19.39,11.378,18.6165,1.01,,,2.8823,1.7195,1.7774,2.5786,2.5786,29545.5913,28205.3921,17238.4954,572889.0153,546902.5528
920719.BJ,20250725,17.21,6.225,6.8239,0.55,,,2.4452,4.3122,4.6007,0.5811,,9309.34,7319.3662,6676.9655,160213.7414,125966.2923
002007.SZ,20250725,16.8,1.4899,2.3987,1.28,28.2219,26.9495,2.6034,7.0107,6.8845,1.787,1.1905,182745.6666,157370.2879,97742.3394,3070127.1989,2643820.8367
301367.SZ,20250725,88.99,4.7612,7.5778,2.5,51.3154,44.9465,2.7852,9.4531,8.6982,0.8027,0.4458,8960.0,5652.4786,3551.479,797350.4,503014.0706
002084.SZ,20250725,3.68,2.3975,4.0923,0.93,,,1.6245,0.833,0.8392,0.8101,,64605.604,64197.2375,37609.8218,237748.6227,236245.834
920438.BJ,20250725,19.77,4.2137,4.2137,2.19,40.7005,61.8135,2.9418,5.05,5.6734,0.494,0.988,14463.0,13939.405,13939.405,285933.51,275582.0369
300072.SZ,20250725,3.54,1.1667,1.8671,0.73,,,1.4012,3.4281,3.8749,0.0,,234972.0302,233136.0051,145682.5268,831800.9869,825301.4581
000825.SZ,20250725,4.32,0.7992,2.1783,0.59,,,0.7527,0.2456,0.2485,0.0,,570691.3596,569624.7796,208979.3462,2465386.6735,2460779.0479
300332.SZ,20250725,5.21,2.1184,2.556,0.71,36.1127,38.2235,1.0677,1.1726,1.2436,1.0797,,86511.6484,82963.5134,68759.2594,450725.6882,432239.9048
301045.SZ,20250725,23.84,6.2224,7.6923,0.45,96.9904,95.8667,2.6433,4.0209,4.0575,0.5034,0.2097,11031.8358,6723.9054,5439.0921,262998.9655,160297.9047
688116.SH,20250725,44.85,1.9089,2.1031,0.55,65.6838,64.5593,4.5467,11.3481,11.1356,0.629,0.3255,36641.5836,34474.1494,31291.1932,1643375.0245,1546165.6006
300181.SZ,20250725,18.68,3.1968,3.3788,1.27,25.8028,23.9739,4.8456,5.0824,4.8003,2.409,3.1711,70138.7335,60291.0919,57043.8303,1310191.5418,1126237.5967
603637.SH,20250725,11.22,1.8978,2.4089,0.93,27.5416,28.265,2.7174,5.1746,5.704,1.1586,1.7825,23868.5877,23868.5877,18804.6041,267805.554,267805.554
000968.SZ,20250725,7.23,1.5705,3.6696,0.82,16.1017,15.2219,1.1476,3.0871,3.0951,2.3513,0.4149,96750.266,96750.266,41407.4749,699504.4232,699504.4232
605179.SH,20250725,20.15,0.8133,3.9056,0.76,279.1666,253.4119,7.3234,2.9369,2.925,0.397,0.2481,40100.0,40100.0,8350.8,808015.0,808015.0
600089.SH,20250725,14.03,3.4226,4.1759,0.65,17.1451,18.9488,1.1045,0.725,0.7264,1.4163,1.7704,505279.2571,505279.2571,414129.9271,7089067.9771,7089067.9771
600756.SH,20250725,15.3,3.3961,4.1976,1.36,363.8807,,2.2154,2.6522,2.8983,0.2288,,32409.8753,32409.8753,26221.7753,495871.0921,495871.0921
300327.SZ,20250725,26.82,10.1107,13.2117,2.34,68.264,77.2532,5.4144,6.8153,6.8146,0.7429,0.7415,34138.9229,34031.5158,26043.7586,915605.9122,912725.2538
002679.SZ,20250725,10.09,1.3426,3.6913,0.75,228.4872,233.0953,3.2315,15.7825,15.7437,0.2527,0.3627,23575.6,23575.6,8574.8126,237877.804,237877.804
603313.SH,20250725,8.66,1.8842,3.5573,1.28,,,1.3368,0.5848,0.5697,0.0,0.5774,57058.6885,57058.6885,30221.8138,494128.2424,494128.2424
688605.SH,20250725,61.27,6.0631,6.0631,1.28,57.9576,59.2881,8.3384,10.9175,10.1697,,0.3264,20237.9856,4047.6,4047.6,1239981.3777,247996.452
301047.SZ,20250725,74.3,3.8229,10.3743,2.48,74.1227,89.6565,1.5941,14.7271,14.6566,2.8273,1.3459,12163.6742,11958.0621,4406.5191,903760.9931,888484.014
300829.SZ,20250725,17.71,5.1231,6.039,1.46,107.3595,68.2124,1.7638,2.6738,2.6846,0.4626,0.2333,22727.5107,15824.4431,13424.4431,402504.2145,280250.8873
000970.SZ,20250725,14.13,15.5034,20.5507,3.42,1430.5896,138.2688,2.6711,2.5446,2.6188,0.3539,0.1401,121572.5773,121572.5773,91714.4624,1717820.5172,1717820.5172
600692.SH,20250725,7.61,2.686,2.8849,0.78,421.14,,2.8875,4.0542,4.3808,0.2628,0.2628,35176.4064,25501.0517,23742.2313,267692.4527,194063.0034
603113.SH,20250725,7.61,1.671,3.3183,0.74,,152.2706,0.7686,0.3967,0.3722,1.2352,1.5769,84795.2378,84795.2378,42699.7634,645291.7597,645291.7597
688237.SH,20250725,32.48,1.3973,3.3898,0.7,224.1119,,2.4312,7.2112,7.3451,1.032,1.032,8960.331,8960.331,3693.4068,291031.5509,291031.5509
000821.SZ,20250725,12.17,2.4833,3.2289,1.05,17.6786,19.2355,1.851,0.869,0.8963,0.7127,0.5752,62287.4778,60465.0764,46503.138,758038.6048,735859.9798
002782.SZ,20250725,13.72,1.5026,3.7297,1.24,29.6081,27.4327,3.409,1.4521,1.4001,0.5769,1.0746,49673.2013,48650.12,19599.2923,681516.3218,667479.6464
920116.BJ,20250725,69.98,12.1204,12.1204,2.96,131.5815,129.6628,22.4037,38.7765,37.3305,,0.1521,15977.5,3657.5,3657.5,1118105.45,255951.85
002485.SZ,20250725,4.15,0.8403,3.4172,0.68,,,1.8476,2.7419,2.5847,0.0,,54400.0,54400.0,13377.7333,225760.0,225760.0
600480.SH,20250725,12.07,2.1078,3.5882,0.92,22.5102,22.7342,1.9655,0.7832,0.7816,2.2311,2.5494,122236.0477,120416.1985,70734.912,1475389.0957,1453423.5159
002577.SZ,20250725,20.84,1.7685,4.2229,1.61,159.7626,153.9947,4.9966,13.4186,13.344,0.0,,28175.68,28174.18,11798.8922,587181.1712,587149.9112
002281.SZ,20250725,47.8,2.7349,4.5251,0.64,58.3194,52.5393,4.0847,4.6622,4.1905,0.4942,0.5439,80685.1752,77963.8234,47119.8644,3856751.3746,3726670.7585
603276.SH,20250725,16.74,2.3987,2.3987,1.03,99.7336,112.3262,2.0239,4.7599,4.5543,0.9139,0.7389,20764.9497,7764.9497,7764.9497,347605.258,129985.258
002556.SZ,20250725,6.04,3.1813,5.148,0.97,33.8443,40.7527,1.6184,0.3653,0.3684,3.2155,3.2155,94651.808,93508.9313,57784.4988,571696.9203,564793.9451
300245.SZ,20250725,18.53,3.9277,4.8366,0.94,,,4.5378,13.5592,11.3651,0.0,,31345.7493,31127.6445,25277.9852,580836.7345,576795.2526
002630.SZ,20250725,2.62,3.7226,3.8626,0.84,,,19.0282,1.1929,1.253,0.0,,118080.0,106362.984,102506.092,309369.6,278671.0181
002703.SZ,20250725,12.91,3.2831,6.5816,0.66,71.2172,60.3147,5.4674,3.9429,3.6397,0.1883,0.4648,82263.2384,58604.8074,29233.9581,1062018.4077,756588.0635
688350.SH,20250725,19.18,3.4788,7.5306,0.59,,,1.7472,1.4965,1.5326,1.2581,,12215.0207,12215.0207,5642.8175,234284.097,234284.097
300876.SZ,20250725,28.0,1.3843,2.8706,0.67,,,3.694,5.458,5.2714,0.7109,,9600.2324,6838.7324,3297.8724,268806.5072,191484.5072
603048.SH,20250725,19.27,2.1748,8.4686,0.32,53.0402,57.456,2.1835,4.39,4.3268,2.1705,0.3612,14688.0,14688.0,3772.0,283037.76,283037.76
601015.SH,20250725,3.94,5.6055,15.0525,1.07,,,1.312,0.5519,0.617,0.0,,204249.7639,204249.7639,76062.3145,804744.0698,804744.0698
603270.SH,20250725,26.68,5.4326,5.4326,0.76,58.7263,53.3883,2.6809,4.3131,3.9931,0.937,0.7496,21910.6667,7071.6667,7071.6667,584576.5876,188672.0676
301071.SZ,20250725,30.26,1.8514,2.7645,0.66,39.2174,72.0393,1.4957,11.4771,13.9155,2.2615,1.1308,26027.2313,19459.4167,13032.3102,787584.0191,588841.9493
601666.SH,20250725,8.82,3.0924,5.7016,0.65,9.2915,12.3979,0.9678,0.7209,0.7957,11.1108,6.4602,247515.1493,246935.3693,133929.8046,2183083.6168,2177969.9572
300789.SZ,20250725,31.78,7.6103,12.0265,1.11,62.7302,62.4528,4.4737,7.1454,7.2728,0.7061,0.4783,14384.9057,9895.0711,6261.5105,457152.3031,314465.3596
301192.SZ,20250725,26.02,2.5708,4.8473,0.86,62.1171,64.0338,4.5237,6.1559,6.1216,0.7686,0.9608,9990.0,4786.875,2538.75,259939.8,124554.4875
003001.SZ,20250725,32.3,23.9131,32.7155,2.68,91.1691,82.8393,4.8314,7.2212,6.9966,0.2637,0.6146,17616.5288,10733.0309,7845.2216,569013.8802,346676.8981
603730.SH,20250725,5.89,0.4471,2.1579,0.72,15.776,15.5079,2.9039,1.9845,1.9834,4.0184,4.571,214858.352,214858.352,44516.262,1265515.6933,1265515.6933
688707.SH,20250725,13.96,1.5811,2.4574,0.73,,,1.6433,3.6214,4.4486,0.3582,,50874.0205,50874.0205,32731.484,710201.3262,710201.3262
300752.SZ,20250725,19.41,4.0811,4.9223,0.8,41.6932,37.9619,3.6051,3.3596,3.2491,0.0,,22849.8956,15726.455,13039.0999,443516.4736,305250.4916
920873.BJ,20250725,9.13,21.0196,22.4452,0.61,,,4.605,19.2276,19.9773,,,15338.7002,11020.3517,10320.3517,140042.3328,100615.811
300445.SZ,20250725,18.82,2.0424,2.838,0.8,31.8761,32.6935,3.3352,6.9481,6.9021,0.4251,0.4782,21243.0013,14206.4743,10223.6178,399793.2845,267365.8463
000025.SZ,20250725,17.38,1.6361,4.0255,0.82,54.8328,55.245,4.3607,2.8664,3.4305,0.1784,0.5754,43105.832,39277.832,15963.3846,749179.3602,682648.7202
300017.SZ,20250725,10.99,4.4176,5.1108,1.6,39.8484,36.927,2.827,5.4498,5.3257,2.2543,2.2732,244573.2567,228795.6919,197764.2238,2687860.0911,2514464.654
300867.SZ,20250725,17.8,3.2907,4.0887,0.76,26.5606,24.0203,1.3004,3.0579,3.0735,0.3034,0.382,27174.1053,19162.7822,15422.9304,483699.0743,341097.5232
300803.SZ,20250725,92.32,8.5201,14.1965,0.91,538.8293,248.3465,24.9847,46.3463,40.2696,0.0,,60815.0449,60063.4087,36047.561,5614444.9452,5545053.8912
002077.SZ,20250725,14.33,3.0216,5.949,1.52,351.9382,346.0951,2.5137,24.7292,25.3868,0.0,,58034.8513,58034.8513,29476.9403,831639.4191,831639.4191
300256.SZ,20250725,4.13,1.9591,2.9345,0.84,,,10.1659,7.7964,7.0187,0.0,,226839.3386,164339.3386,109716.933,936846.4684,678721.4684
002187.SZ,20250725,6.55,2.1192,4.2793,1.04,96.4303,101.4033,1.1265,0.8304,0.8119,0.4601,0.6134,70089.4633,51711.0966,25608.8866,459085.9846,338707.6827
002895.SZ,20250725,25.0,1.2039,2.2608,0.57,15.8112,14.7711,2.2828,2.5608,2.3797,3.5626,4.3437,60492.5951,59388.6051,31625.1351,1512314.8775,1484715.1275
603129.SH,20250725,227.51,1.5888,2.6422,0.84,23.586,21.5687,5.6422,2.3083,2.1391,0.9074,1.6922,15257.7663,15257.7663,9174.6295,3471294.4109,3471294.4109
300469.SZ,20250725,47.05,5.5771,6.8687,0.97,,,26.5627,43.4628,38.6415,0.0,,24823.8824,24823.2554,20155.2931,1167963.6669,1167934.1666
301509.SZ,20250725,38.05,8.4618,9.6799,0.77,118.7018,66.1461,2.133,9.2211,8.3476,1.5018,1.0512,12044.6669,5674.0928,4960.0428,458299.5755,215899.231
300105.SZ,20250725,7.6,2.3314,4.0069,0.84,60.045,42.1329,2.0432,3.0709,3.0081,1.9748,1.3158,51581.442,51547.287,29992.215,392018.9592,391759.3812
603239.SH,20250725,16.02,1.04,2.4782,0.56,25.2548,23.2581,3.7068,3.5417,3.3411,1.9975,1.3109,27072.0,27072.0,11360.91,433693.44,433693.44
603906.SH,20250725,14.3,3.7039,6.4027,0.95,,,3.3021,1.2768,1.2575,0.0,,68507.8903,56507.8903,32689.6851,979662.8313,808062.8313
002765.SZ,20250725,12.94,3.3511,4.428,0.72,67.8994,59.9764,3.3504,2.3866,2.3463,0.0,0.3864,65212.809,59591.0765,45098.4045,843853.7485,771108.5299
603929.SH,20250725,35.86,2.3928,6.0951,1.64,12.0318,12.7293,4.214,1.422,1.4945,2.7886,2.7886,21336.0,21336.0,8376.0,765108.96,765108.96
300374.SZ,20250725,17.83,6.6947,9.8515,0.57,,,5.2532,2.3066,2.3779,0.0,,24591.2337,20342.4393,13823.9401,438461.6969,362705.6927
002718.SZ,20250725,16.9,2.7594,5.1607,0.95,,,2.45,3.5579,3.6554,1.1654,,13144.7829,6520.7956,3486.678,222146.831,110201.4456
603350.SH,20250725,38.69,6.0489,7.828,0.97,40.9619,41.9069,3.514,2.947,2.6282,0.0,2.4503,11641.5,4400.0,3400.0,450409.635,170236.0
300835.SZ,20250725,56.96,21.3364,24.9899,1.2,61.2242,62.523,6.3445,5.8109,5.7958,0.3458,0.3409,11937.1904,8237.7273,7033.403,679942.3652,469220.947
920575.BJ,20250725,16.59,6.266,6.2932,3.31,,,9.6617,5262.6989,6157.7963,,,28094.0,18793.868,18712.6,466079.46,311790.2701
300124.SZ,20250725,65.41,0.9876,1.2343,0.87,41.1386,36.7506,6.1927,4.7596,4.4603,0.6834,0.6264,269529.6963,238746.4528,191027.2627,17629937.435,15616405.4776
603700.SH,20250725,12.48,1.3549,1.9797,0.79,48.0223,36.501,1.5908,1.6776,1.6613,2.3578,1.5882,20169.9184,20169.9184,13804.3055,251720.5816,251720.5816
002960.SZ,20250725,10.59,2.1872,3.7053,2.07,26.0763,26.8157,1.5457,1.8701,1.8829,2.8291,1.5738,86932.1448,74170.1213,43780.9455,920611.4134,785461.5846
920802.BJ,20250725,18.71,8.0544,8.6253,0.96,67.7298,66.9153,3.6488,7.9359,8.1734,0.6167,0.6578,8200.829,2209.8593,2063.6093,153437.5106,41346.4675
300594.SZ,20250725,19.26,10.8161,17.603,1.41,,,2.1393,2.0086,2.0639,0.5192,,9187.345,9099.8125,5591.3125,176948.2647,175262.3888
002734.SZ,20250725,18.64,6.0478,7.6797,0.68,101.0468,41.5264,2.5872,1.9401,1.8441,1.5021,1.9119,44103.6711,39961.8987,31470.0532,822092.4293,744889.7918
002729.SZ,20250725,14.69,2.6962,4.0032,0.63,73.2323,56.0254,5.0479,7.1424,6.5154,0.1906,0.1906,18296.992,17546.3711,11817.7486,268782.8125,257756.1915
000045.SZ,20250725,10.73,1.3054,2.676,0.91,60.8136,60.7545,1.8507,1.6295,1.6215,0.6058,0.6617,50652.1849,45700.0849,22293.1413,543497.944,490361.911
688622.SH,20250725,80.7,1.2042,2.8221,1.54,,,14.6036,28.0674,30.3014,,,7043.262,7043.262,3005.4097,568391.2434,568391.2434
000899.SZ,20250725,9.33,1.24,4.2754,0.69,12.7485,12.9399,1.6163,1.3153,1.3593,1.6184,3.537,97567.776,97567.776,28298.5929,910307.3501,910307.3501
600719.SH,20250725,6.59,2.1036,3.1352,0.84,,,5.7436,4.2421,4.4532,0.0,,40459.96,40459.96,27146.5816,266631.1364,266631.1364
688656.SH,20250725,121.55,1.6882,5.1901,0.68,209.6513,222.7898,9.614,19.1778,19.5662,0.3227,0.2421,6347.974,6347.974,2064.8272,771596.2397,771596.2397
603693.SH,20250725,13.82,0.7004,4.3969,0.56,29.5531,37.3224,1.83,5.8693,6.1395,1.0854,1.0854,89147.588,89147.588,14200.6602,1232019.6662,1232019.6662
600857.SH,20250725,12.69,8.2182,12.5066,1.64,,,3.4233,3.4407,4.0532,0.6698,,22431.9919,22431.9919,14740.2798,284661.9772,284661.9772
301448.SZ,20250725,28.86,2.1621,3.2475,0.42,42.6414,55.1817,4.3646,3.5858,3.6335,1.0821,1.1435,10400.0,4784.0,3185.0,300144.0,138066.24
301000.SZ,20250725,44.87,1.652,4.3764,0.59,76.6999,76.1591,9.3629,14.3878,13.8046,1.161,0.891,24239.5322,22878.7322,8636.3882,1087627.8098,1026568.7138
301061.SZ,20250725,94.06,0.6374,1.6498,0.68,29.9673,27.07,5.5497,8.0309,7.4105,0.7193,0.8154,21758.1796,14448.4438,5582.0278,2046574.3732,1359020.6238
300601.SZ,20250725,17.55,4.5621,6.7177,1.63,97.2074,115.2926,2.137,7.3922,6.8894,1.1396,0.5128,111692.8537,90039.5462,61147.0996,1960209.5824,1580194.0358
600418.SH,20250725,49.99,5.2253,7.2753,1.54,,,9.7557,2.5923,2.6857,0.042,,218400.9791,218400.9791,156860.9089,10917864.9452,10917864.9452
000030.SZ,20250725,6.05,0.3517,1.2694,0.56,15.3875,15.3777,1.3476,0.6318,0.6371,4.1322,2.5117,171981.0845,167057.9617,46286.2584,1040485.5612,1010700.6683
600557.SH,20250725,15.67,2.8812,4.9556,1.0,22.6399,27.1115,1.9397,2.2762,2.597,2.4352,,56615.8806,56615.8806,32916.6344,887170.849,887170.849
920075.BJ,20250725,34.08,7.9619,11.2573,1.35,53.572,71.475,5.8191,3.7287,4.0117,1.3365,1.3566,6481.5,3487.8864,2466.8645,220889.52,118867.1685
000520.SZ,20250725,4.89,2.1326,3.1554,0.85,,,10.8442,5.5751,5.9069,0.0,,101208.3455,101208.3455,68401.3199,494908.8095,494908.8095
002884.SZ,20250725,16.57,2.2073,3.2423,1.66,13.3966,13.1084,2.8697,3.7227,3.6279,6.035,6.035,35768.2509,27303.0113,18587.4751,592679.9174,452410.8972
600470.SH,20250725,5.95,3.0174,4.0499,0.9,123.2757,,1.7577,0.4965,0.4641,0.0,,52160.0,52160.0,38862.8256,310352.0,310352.0
301368.SZ,20250725,64.68,6.0242,6.0242,0.58,462.5132,512.9537,7.9933,15.3918,14.8633,0.1314,0.1036,12010.0,6412.144,6412.144,776806.8,414737.4739
600847.SH,20250725,11.21,1.6319,2.3153,0.67,,,3.1907,2.9736,2.9722,0.0,,15328.74,15328.74,10804.3383,171835.1754,171835.1754
300414.SZ,20250725,13.99,20.1877,35.8945,1.12,559.0204,577.2731,4.6503,10.6996,10.463,0.1072,0.0715,32601.9466,31353.983,17634.0413,456101.2329,438642.2222
000415.SZ,20250725,3.67,1.8014,2.5939,0.83,25.1092,19.1596,0.7169,0.5906,0.4831,0.0,,618452.1282,539295.5733,374536.9497,2269719.3105,1979214.754
000429.SZ,20250725,12.79,0.5609,1.4686,1.04,17.1186,14.8654,2.6732,5.8516,5.9487,4.2768,4.0891,209080.6126,130332.9006,49783.9054,2674141.0352,1666957.7987
601952.SH,20250725,9.94,0.6921,2.1524,0.92,18.7621,21.1283,2.0178,1.2546,1.3109,3.6217,2.7163,137800.0,137800.0,44310.3574,1369732.0,1369732.0
300192.SZ,20250725,15.92,8.0638,12.6278,1.4,36.1224,36.8259,5.7647,6.59,6.6254,2.6382,2.1985,32914.3329,32313.5829,20634.5832,523996.1798,514432.2398
300693.SZ,20250725,31.33,3.3638,3.8046,0.63,22.8449,22.5015,5.5596,3.2277,3.2222,1.045,1.5921,31279.5823,26749.3993,23649.9799,979989.3135,838058.6801
301292.SZ,20250725,19.66,5.0264,5.0264,0.74,,,1.5415,1.2118,1.128,0.0,,22279.5778,8511.9956,8511.9956,438016.4995,167345.8335
688110.SH,20250725,37.35,5.7277,9.4473,2.23,,,5.2377,25.771,24.4001,,,44224.9758,44224.9758,26812.5196,1651802.8461,1651802.8461
002005.SZ,20250725,2.5,0.9286,1.4864,0.98,,,22.4746,5.9415,5.9635,0.0,,175242.4858,175199.3158,109452.0915,438106.2145,437998.2895
002151.SZ,20250725,28.48,2.2249,2.4047,1.15,,,3.0466,10.3206,10.0642,0.5224,,54295.9091,44286.704,40975.9275,1546347.4912,1261285.3299
300393.SZ,20250725,6.27,1.6486,2.0606,0.59,,,2.1132,1.1207,1.0613,2.201,,108962.7358,95406.8487,76330.7088,683196.3535,598200.9413
300675.SZ,20250725,15.95,7.8072,15.263,0.78,974.1473,,4.1172,6.2844,6.5717,0.2508,0.0627,14666.67,14666.67,7502.1757,233933.3865,233933.3865
002859.SZ,20250725,22.01,1.1119,2.3874,0.66,46.9153,51.9471,3.3586,5.2201,5.078,1.4411,1.0778,43093.7219,40561.0456,18891.0135,948492.819,892748.6137
000557.SZ,20250725,5.56,0.8303,1.5885,0.75,30.8301,33.1701,1.3277,6.0272,6.0722,0.0,0.8993,145837.4735,145791.6198,76206.9067,810856.3527,810601.4061
688500.SH,20250725,67.88,3.9811,6.0169,0.52,,,6.9051,11.4953,11.3435,,,7519.671,7331.591,4851.0095,510435.2675,497668.3971
002255.SZ,20250725,8.76,4.9287,5.184,0.72,19.2936,17.946,1.7249,2.61,2.6086,0.0,,83088.1055,63797.2243,60655.1205,727851.8042,558863.6849
002059.SZ,20250725,5.23,1.5134,3.3968,1.43,,,3.8558,9.5058,11.0621,0.0,,101243.4813,101243.4813,45107.2907,529503.4072,529503.4072
301006.SZ,20250725,16.31,3.0298,5.5415,0.87,28.6816,28.5161,1.8501,6.3373,6.2947,1.8394,1.2115,13928.0,8608.61,4706.66,227165.68,140406.4291
002793.SZ,20250725,5.35,2.4359,4.23,0.79,,,4.1712,2.1979,2.3833,0.0,,108758.8486,108593.8944,62536.1128,581859.84,580977.335
688025.SH,20250725,86.15,1.98,3.1937,0.59,61.714,57.4871,4.0328,5.6323,5.3138,0.4051,0.4862,9504.9423,9504.9423,5892.8513,818850.7791,818850.7791
920252.BJ,20250725,20.88,11.5358,19.2492,0.96,306.0918,265.8496,8.233,5.4363,5.3232,0.2874,0.2395,10265.0665,6823.1239,4088.9845,214334.5885,142466.827
002830.SZ,20250725,15.93,2.8678,5.3232,0.76,52.2134,53.2157,3.3173,3.1521,3.2165,1.4859,1.5464,13334.0,6685.25,3601.5812,212410.62,106496.0325
601515.SH,20250725,3.88,1.1546,2.2628,0.79,,,1.4034,5.1068,5.3288,0.6335,0.6335,187443.1281,187443.1281,95640.8381,727279.337,727279.337
002696.SZ,20250725,6.35,3.5259,6.3498,0.98,,,1.6448,0.7146,0.6743,0.0,,34636.2262,33547.4948,18628.1967,219940.0364,213026.592
002900.SZ,20250725,16.14,19.0336,30.6702,1.49,87.0217,462.4751,2.4679,4.5087,4.6815,1.2393,1.2392,31635.755,17308.0045,10741.192,510601.0857,279351.1926
002741.SZ,20250725,19.2,3.459,5.1298,0.6,,,4.8065,3.4486,3.3502,0.0,,46502.231,42635.8415,28749.0275,892842.8352,818608.1568
603656.SH,20250725,18.97,1.1567,2.0347,0.8,162.0258,149.2757,2.7025,6.1699,6.0658,0.2562,0.2589,18337.5358,18337.5358,10424.7764,347863.0541,347863.0541
600844.SH,20250725,3.39,2.2454,3.1474,0.66,,,17.8857,4.4758,4.2753,0.0,,101652.424,82273.0634,58695.4202,344601.7174,278905.6849
600033.SH,20250725,3.56,0.798,1.8098,0.73,12.5133,12.4763,0.8248,3.2288,3.2321,4.7753,2.809,274440.0,274440.0,121003.1499,977006.4,977006.4
688398.SH,20250725,18.77,1.3091,2.5791,0.62,40.8207,54.0721,3.1064,3.3741,3.2948,1.7272,0.7951,16781.3997,16781.3997,8517.7957,314986.8724,314986.8724
300498.SZ,20250725,18.16,0.5608,0.5707,0.47,13.091,9.6918,2.9517,1.1523,1.1257,1.372,1.9164,665392.6433,596316.1204,586001.5158,12083530.4023,10829100.7465
601168.SH,20250725,17.48,1.1205,1.6194,0.56,14.2092,13.8741,2.68,0.8327,0.7493,2.8604,5.7208,238300.0,238300.0,164886.5693,4165484.0,4165484.0
000807.SZ,20250725,16.41,1.1121,1.9208,0.7,12.8997,13.4779,1.9836,1.0452,0.9897,2.8032,2.4985,346795.7405,346791.9401,200781.0453,5690918.1016,5690855.737
603135.SH,20250725,10.11,2.0033,3.1584,1.06,112.9367,116.0768,2.1469,6.6558,6.6495,1.4104,0.6477,62953.808,25265.7156,16025.3039,636462.9989,255436.3847
600438.SH,20250725,21.13,2.0128,3.6754,0.69,,,2.1446,1.0341,1.0766,4.2639,,450198.6092,450198.6092,246545.1605,9512696.6124,9512696.6124
603012.SH,20250725,5.94,4.1537,5.3421,0.72,18.0453,20.2094,1.0325,1.2373,1.333,2.5264,1.6835,65047.2,64650.0,50268.1078,386380.368,384021.0
002488.SZ,20250725,13.98,0.7951,1.087,1.15,600.3009,662.2714,4.0202,4.144,4.0602,0.0857,0.0709,99543.9065,92008.3999,67300.3401,1391623.8129,1286277.4306
002345.SZ,20250725,14.17,2.4824,4.0639,0.82,65.0156,50.0179,3.5984,1.9316,1.8054,2.47,2.47,88851.2707,86700.4365,52960.5902,1259022.5058,1228545.1852
300087.SZ,20250725,9.2,3.8289,5.4172,1.12,76.1805,88.1618,4.5301,1.8508,1.7891,1.087,0.5435,94733.1751,89369.7291,63167.4076,871545.2109,822201.5077
688620.SH,20250725,12.33,4.7136,4.7136,1.52,,,3.408,9.1699,9.3287,0.2433,,39200.0,23231.852,23231.852,483336.0,286448.7352
688683.SH,20250725,26.45,0.6117,1.5729,1.03,109.8731,103.4419,4.09,7.8084,6.9413,0.2457,0.2471,15517.7929,15517.7929,6034.5869,410445.6222,410445.6222
600283.SH,20250725,10.27,2.2253,5.3137,0.65,26.7589,24.1248,1.9355,2.4804,2.443,1.2257,2.4343,56082.4898,54416.7189,22788.482,575967.1702,558859.7031
600063.SH,20250725,5.2,3.8889,5.6146,1.73,29.601,24.8591,1.3151,1.3629,1.329,0.9854,1.1538,210461.8229,192589.4692,133392.9574,1094401.4791,1001465.2398
002961.SZ,20250725,22.34,2.7053,11.0743,0.71,25.985,25.4078,3.5855,5.4915,5.1958,1.5667,1.4772,44503.5762,44503.3512,10871.3512,994209.8923,994204.8658
002670.SZ,20250725,15.62,6.3405,19.1102,0.91,180.5475,140.7188,2.7145,19877.9798,19520.1701,0.0,,193508.4653,162335.0634,53860.679,3022602.228,2535673.6903
920146.BJ,20250725,10.2,4.9046,7.3789,1.14,,,6.0857,2.6886,2.6347,,,13499.0443,10856.3062,7215.9275,137690.2519,110734.3232
688076.SH,20250725,46.0,5.6008,8.9293,0.65,35.9514,29.6291,5.1993,8.9478,7.9246,0.7377,1.3886,31605.1897,31605.1897,19824.0006,1453838.7262,1453838.7262
300519.SZ,20250725,16.0,2.8887,4.5766,0.65,50.8037,49.1349,3.1722,9.5644,9.8324,2.5,1.875,16000.0,11410.0,7201.91,256000.0,182560.0
300468.SZ,20250725,40.47,10.3017,13.3398,0.67,318.7979,336.4606,13.4429,29.0061,30.4811,0.1483,0.2471,53064.9275,52979.4065,40913.5262,2147537.6159,2144076.5811
300123.SZ,20250725,6.35,2.235,2.6996,0.69,,,4.2083,6.8164,6.5346,0.0,,102183.4123,100037.3818,82818.5257,648864.6681,635237.3744
920924.BJ,20250725,28.77,4.8446,6.0735,0.89,113.3586,113.087,10.0884,7.691,7.5421,0.1323,0.1737,10757.15,6181.366,4930.6066,309483.2055,177837.8998
300188.SZ,20250725,15.98,6.8317,11.8609,2.73,,,4.0603,7.7634,7.672,0.0,,85947.731,85569.549,49286.633,1373444.7414,1367401.393
603118.SH,20250725,10.96,2.3892,4.1003,0.68,,,1.7308,1.0302,1.0145,1.1649,,78727.6406,78727.6406,45874.6875,862854.941,862854.941
300781.SZ,20250725,44.95,25.6407,41.8427,4.7,,,11.395,8.3375,7.6287,0.0747,,16385.499,12084.5236,7405.2439,736528.1801,543199.3358
002999.SZ,20250725,7.2,2.081,3.2464,1.23,112.5437,84.4889,2.1173,0.1731,0.1652,1.6667,1.7222,34759.2,34359.675,22025.675,250266.24,247389.66
603021.SH,20250725,3.52,0.7012,1.1848,0.48,,,40.6301,2.7345,2.8056,0.0,,31994.807,31994.807,18936.7934,112621.7206,112621.7206
000936.SZ,20250725,7.27,1.4342,2.3365,0.65,54.8953,48.2148,1.2335,1.9751,1.9024,0.5502,0.5502,88601.2887,88588.7337,54375.7854,644131.3688,644040.094
605287.SH,20250725,15.48,1.4581,3.1229,0.79,,,1.3792,0.5243,0.5377,0.7666,,14000.0,14000.0,6536.5343,216720.0,216720.0
002593.SZ,20250725,5.01,2.2351,3.1328,0.63,77.4819,85.4923,1.6978,1.3121,1.3164,0.998,0.998,80385.8029,57044.1809,40698.7934,402732.8725,285791.3463
688589.SH,20250725,22.48,2.6247,3.3297,1.46,38.7374,44.4044,3.4427,5.9526,6.3221,1.0759,1.1089,14532.831,14532.831,11455.5536,326698.0409,326698.0409
000032.SZ,20250725,23.17,4.6838,10.7322,2.64,79.9649,94.6341,4.171,0.3913,0.4084,0.4748,0.5179,113795.9234,110151.2632,48072.6799,2636651.5452,2552204.7683
600518.SH,20250725,2.14,2.608,3.4955,1.09,3451.7148,3080.0808,4.3158,5.703,5.5973,0.0,,1382889.669,1382235.2188,1031293.84,2959383.8917,2957983.3682
603036.SH,20250725,16.81,1.4471,1.8665,0.83,36.0793,33.4859,2.645,8.4807,8.2669,1.1898,1.1898,20600.6025,20600.6025,15972.2373,346296.128,346296.128
600178.SH,20250725,15.04,13.6418,27.8028,2.12,1223.6584,413.2419,2.7698,1.5192,1.5305,0.0351,0.0507,46647.6161,46647.6161,22888.3161,701580.1461,701580.1461
002474.SZ,20250725,7.1,3.9666,4.1775,1.24,,,3.181,9.1195,8.6643,0.0,,62220.0,53054.657,50376.1385,441762.0,376688.0647
300238.SZ,20250725,16.96,7.3781,10.046,1.25,164.0243,161.2334,8.0707,11.9132,11.8082,0.0,,26515.5701,26513.4082,19472.2994,449704.0689,449667.4031
688159.SH,20250725,56.8,6.7307,10.4706,0.61,52.6426,89.2698,6.0327,1.7194,1.6165,,0.1743,9290.882,9272.882,5960.7909,527722.0976,526699.6976
600889.SH,20250725,15.28,1.3293,2.596,0.65,,,15.1011,8.4494,8.8956,0.0,,36634.601,36634.601,18758.6391,559776.7033,559776.7033
000593.SZ,20250725,6.28,1.9415,3.3953,1.04,118.2441,270.2723,2.6432,1.2969,1.2955,0.0,,35863.1009,35848.3169,20498.8813,225220.2737,225127.4301
688183.SH,20250725,48.52,1.0119,3.8202,0.46,121.576,79.8089,9.3476,8.6117,7.4998,,0.5056,83182.1175,83182.1175,22032.1364,4035996.3411,4035996.3411
300533.SZ,20250725,35.39,7.656,8.8953,0.61,,21.4351,5.6936,2.976,2.8797,1.394,,23446.197,16497.9566,14199.3739,829760.9118,583862.6841
603256.SH,20250725,21.21,2.4371,15.5472,0.62,818.3446,302.2017,12.5975,22.356,20.9486,0.0,,87972.75,87972.75,13790.0521,1865902.0275,1865902.0275
600316.SH,20250725,43.79,2.2835,4.4043,0.48,800.3455,785.4136,5.8998,5.9791,5.7155,0.0343,0.0388,71711.4512,71711.4512,37180.2292,3140244.448,3140244.448
300502.SZ,20250725,172.97,3.2403,3.3374,0.52,60.5688,42.0684,17.8455,19.8781,14.8351,0.0639,0.1856,99371.4892,88515.154,85939.4457,17188286.4869,15310466.1874
601888.SH,20250725,68.05,3.9944,8.5531,1.91,32.9932,36.1127,2.5693,2.4929,2.5874,2.4247,1.543,206885.9044,195247.5544,91183.2854,14078585.7944,13286596.0769
002402.SZ,20250725,23.56,4.8963,5.0686,0.69,59.8286,49.8611,4.576,2.2563,2.1237,0.6402,0.4227,92508.0285,80628.6248,77888.0398,2179489.1515,1899610.4003
920089.BJ,20250725,16.8,3.2068,3.9965,0.75,20.934,20.3008,2.2218,1.5694,1.4727,0.5102,0.5952,15066.8,9350.0819,7502.3847,253122.24,157081.3759
000790.SZ,20250725,4.06,2.7824,3.3888,1.14,,,2.5037,2.931,3.1201,0.2463,0.2463,62371.9364,62270.7614,51127.6333,253230.0618,252819.2913
603229.SH,20250725,9.54,1.9106,3.8704,1.24,38.3045,37.0992,3.4606,9.96,9.8888,0.9659,1.0457,83029.7145,83029.7145,40986.3442,792103.4763,792103.4763
600818.SH,20250725,11.57,2.0804,2.2994,1.1,,,6.3461,3.8103,3.6274,0.0,,32144.791,23795.791,21529.961,371915.2319,275317.3019
002317.SZ,20250725,16.63,5.182,6.0676,0.7,,,3.7031,5.7394,5.7554,1.1973,1.2026,85155.6477,76161.7406,65045.6406,1416138.4213,1266569.7462
920895.BJ,20250725,32.48,4.4673,6.8799,1.05,1174.9211,,9.3892,22.3385,26.1992,1.0776,,5652.4,2873.69,1865.94,183589.952,93337.4512
601137.SH,20250725,18.7,1.7373,3.2251,1.21,11.2115,10.7798,1.837,0.8135,0.7933,2.3146,2.6777,81150.9741,81054.9741,43663.2724,1517523.2157,1515728.0157
603898.SH,20250725,11.28,0.8375,2.544,1.36,43.6074,50.1101,1.1666,1.8388,1.8506,1.8617,0.6915,31128.6357,31128.6357,10247.2496,351131.0107,351131.0107
600666.SH,20250725,3.37,7.9381,9.3701,1.29,,,11.2122,25.4478,24.6975,0.0,,276351.2843,241975.2935,204997.1095,931303.8281,815456.7391
603909.SH,20250725,10.28,0.8304,1.4516,0.88,28.0284,28.6714,2.5124,0.4055,0.4111,0.7782,1.1673,26067.314,26067.314,14911.747,267971.9879,267971.9879
601066.SH,20250725,26.11,0.2835,1.7664,0.67,28.0384,25.8391,2.5866,9.5854,9.3102,1.3022,1.3022,775669.4797,649567.1035,104246.0291,20252730.115,16960197.0724
603061.SH,20250725,90.68,3.877,5.3872,1.39,69.3259,60.9631,4.0671,13.379,12.1798,0.1873,0.1821,6000.0,4182.6334,3010.0825,544080.0,379281.1967
605086.SH,20250725,28.17,2.2727,8.3849,0.58,39.4499,39.2232,4.073,15.7069,15.4243,1.5959,1.0153,17920.0,17920.0,4857.17,504806.4,504806.4
688223.SH,20250725,5.54,0.7859,2.4831,0.89,560.297,,1.8561,0.5994,0.666,4.0313,,1000520.2308,1000520.2308,316673.8308,5542882.0786,5542882.0786
601399.SH,20250725,3.48,5.714,15.2745,1.24,58.1305,57.8349,1.7303,1.9806,1.8897,0.0,,721355.589,721355.589,269849.5069,2510317.4497,2510317.4497
002820.SZ,20250725,11.23,2.9611,4.4919,0.98,83.3209,150.1913,2.513,4.5516,4.6844,1.732,1.299,20086.8295,20033.5578,13206.2264,225575.0953,224976.8541
920167.BJ,20250725,20.8,3.2214,5.8849,0.6,53.9589,363.5481,3.7623,0.8537,0.7858,0.5318,0.1875,10970.6125,6527.4437,3573.1087,228188.74,135770.829
002198.SZ,20250725,6.7,0.948,1.2201,0.81,164.971,110.2829,4.6956,9.0394,8.4295,0.7463,,50750.9848,50750.9848,39433.1062,340031.5982,340031.5982
601866.SH,20250725,2.62,1.4231,3.8246,0.88,20.5095,20.1065,1.1397,1.2516,1.2303,1.9704,1.9704,1319765.582,975198.382,362847.9822,3457785.8248,2555019.7608
688599.SH,20250725,16.08,1.0663,1.9642,0.75,,,1.4258,0.4365,0.4589,3.9122,,217936.5412,217936.5412,118310.6293,3504419.5825,3504419.5825
600714.SH,20250725,12.5,5.1431,8.6482,1.06,102.8805,74.7862,4.7943,10.5009,10.1132,0.8,1.0,28817.6273,28817.6273,17137.856,360220.3413,360220.3413
603665.SH,20250725,24.4,0.8701,1.8968,0.87,,,5.5739,2.586,2.4075,0.0,,16111.1057,16016.7707,7347.1441,393110.9791,390809.2051
603121.SH,20250725,22.81,2.2317,4.6358,0.53,117.6876,183.3635,6.5534,6.2258,6.5727,0.7891,1.6659,33853.3715,33853.3715,16297.6971,772195.4039,772195.4039
002937.SZ,20250725,17.19,1.2106,2.6343,0.8,22.398,26.099,3.4668,2.6911,2.8082,2.3269,1.7452,29777.7779,29695.2759,13646.214,511880.0021,510461.7927
688531.SH,20250725,46.92,1.7793,1.7793,0.72,54.2179,53.6543,2.4255,10.5067,9.8449,1.0938,1.1674,16559.3939,10696.3834,10696.3834,776966.7618,501874.3091
300318.SZ,20250725,6.37,1.7798,3.8328,1.24,562.8021,,3.7847,6.1098,6.5761,0.0,,81690.0495,79853.9484,37079.8505,520365.6153,508669.6513
300610.SZ,20250725,12.18,2.6275,2.8543,0.51,31.2167,29.4405,2.2965,2.8737,2.9049,1.4631,1.6355,21500.798,16123.7572,14842.8581,261879.7196,196387.3627
603915.SH,20250725,15.5,1.2652,3.7528,0.65,34.6747,37.4306,2.8216,3.9305,3.9057,2.0779,1.5542,65663.248,65663.248,22137.5404,1017780.344,1017780.344
300510.SZ,20250725,4.86,2.6796,3.9686,0.63,,,1.7566,3.6982,3.4542,0.0,,82469.07,82469.07,55683.8009,400799.6802,400799.6802
301226.SZ,20250725,27.59,1.6664,3.694,0.58,102.4451,99.8426,3.3421,5.8935,5.7802,0.8336,0.3625,10880.0,10880.0,4907.9864,300179.2,300179.2
600337.SH,20250725,2.12,1.2359,2.301,0.66,,,1.0691,0.8974,0.9235,0.0,0.5653,143699.8137,143699.8137,77187.1513,304643.605,304643.605
920179.BJ,20250725,34.35,6.0714,8.2522,1.58,78.2601,82.1694,3.5097,8.4074,8.3887,0.2903,0.3493,7497.0,5966.097,4389.4324,257521.95,204935.432
688580.SH,20250725,45.0,1.7719,4.9431,0.76,42.2648,37.9924,2.7181,10.7727,10.5552,2.3713,1.7767,9577.1288,9577.1288,3433.0017,430970.796,430970.796
300849.SZ,20250725,12.61,2.8305,4.7614,0.86,,,3.1794,5.6801,5.5573,0.0,,15000.0,12146.8023,7220.7363,189150.0,153171.177
002633.SZ,20250725,17.12,2.9281,6.1352,0.78,374.1129,367.9547,6.1088,7.92,7.8839,0.0,,15000.0,14941.875,7131.325,256800.0,255804.9
301607.SZ,20250725,35.31,5.0914,5.0914,0.8,58.0084,58.2006,5.3844,2.8378,2.5172,,0.0364,15542.0399,3302.6835,3302.6835,548789.4289,116617.7544
300543.SZ,20250725,11.68,5.3095,6.0668,0.4,69.2064,67.5823,2.4841,2.205,2.1485,0.3746,0.8562,30637.1334,25019.8808,21896.6245,357841.7181,292232.2077
920992.BJ,20250725,22.42,12.9014,12.9014,1.05,119.904,116.8167,3.5575,7.3323,7.1861,0.446,0.3568,9673.0934,2789.8177,2789.8177,216870.754,62547.7128
002309.SZ,20250725,3.21,1.1714,1.4254,0.64,,,5.5906,4.0944,4.5732,0.0,,300766.5385,121562.1777,99903.664,965460.5886,390214.5904
688309.SH,20250725,20.45,1.3385,2.6149,1.05,93.9191,73.082,2.21,10.5604,8.182,0.4465,0.427,8001.0733,8001.0733,4095.6641,163621.949,163621.949
002800.SZ,20250725,14.15,8.4927,16.2077,1.24,241.6121,306.7975,4.1725,1.4084,1.3431,0.0,0.212,15225.3067,14165.41,7422.52,215438.0898,200440.5515
000755.SZ,20250725,5.12,0.4902,2.1227,0.81,16.1213,15.3698,1.4558,4.6685,4.6444,0.8789,3.9063,146731.0196,146731.0196,33885.2341,751262.8204,751262.8204
002996.SZ,20250725,7.77,2.7661,4.168,0.55,79.9933,40.0328,1.66,0.3722,0.3574,0.99,0.6352,66943.6581,41646.3824,27638.1932,520152.2234,323592.3912
688486.SH,20250725,66.87,5.0679,6.2584,1.59,61.7378,62.8258,6.6349,19.1322,18.9407,1.082,0.7962,13332.7968,7438.2056,6023.2538,891564.122,497392.8085
600012.SH,20250725,17.12,0.3581,1.7628,1.2,17.5263,16.6156,2.3254,4.1246,3.3909,3.5105,,170859.1889,116560.0,23676.4279,2925109.314,1995507.2
002405.SZ,20250725,8.63,1.8976,2.1007,1.44,,,2.3725,5.8188,5.7395,0.0,,237181.7314,235585.1219,212800.791,2046878.342,2033099.602
600105.SH,20250725,9.58,16.4242,22.2463,1.63,228.0555,43.246,4.2439,3.4068,3.3566,0.358,0.5219,146199.4802,146199.4802,107937.6107,1400591.0203,1400591.0203
601999.SH,20250725,7.22,1.0408,3.2047,1.4,38.9289,34.0666,1.5225,1.6394,1.6275,0.8587,0.8587,55091.47,55091.47,17891.47,397760.4134,397760.4134
603969.SH,20250725,8.42,6.3794,11.0422,0.51,30.5046,27.0435,2.9475,2.364,2.2803,0.825,0.9501,85734.4,84290.3,48697.0962,721883.648,709724.326
002216.SZ,20250725,11.34,0.668,1.3617,0.79,18.3862,19.1337,2.2884,1.5032,1.5113,4.4092,2.6455,87918.4048,63025.6229,30915.9643,996994.7104,714710.5637
600547.SH,20250725,30.65,0.6892,1.5657,0.76,46.4537,41.8292,5.5201,1.6616,1.532,0.7178,0.7439,447342.9525,361444.3347,159109.303,13711061.4941,11078268.8586
001382.SZ,20250725,22.02,12.9471,12.9471,0.61,67.2616,66.7682,5.8761,3.2016,3.1661,,1.1353,41200.0,6013.9493,6013.9493,907224.0,132427.1636
002522.SZ,20250725,5.12,3.1814,4.6535,1.23,62.5296,64.3376,2.0374,2.7118,2.7458,0.6836,0.4883,90577.9387,90501.9879,61873.165,463759.0461,463370.178
300861.SZ,20250725,14.67,1.0079,1.2601,0.68,67.7274,,1.5823,4.3397,5.3638,1.4611,3.1635,67184.044,42186.4889,33744.6881,985589.9255,618875.7922
600561.SH,20250725,6.75,2.065,3.4276,1.09,174.0623,244.3247,2.1614,1.2273,1.217,0.0,,28447.68,28447.68,17138.7147,192021.84,192021.84
300368.SZ,20250725,11.13,14.9475,21.3512,1.37,,,42.8256,32.1409,42.1919,0.0,,52894.3475,52894.3475,37030.2475,588714.0877,588714.0877
000553.SZ,20250725,7.47,0.4864,3.0346,1.33,,,0.9095,0.5902,0.597,0.0,,232981.1766,217707.1961,34893.4,1740369.3892,1626272.7549
601600.SH,20250725,7.72,1.3652,2.3078,0.87,10.6806,9.6619,1.8337,0.5587,0.543,2.0987,2.0987,1715563.2078,1316562.2419,778803.9708,13244147.9642,10163860.5075
300631.SZ,20250725,33.03,18.9917,25.8507,0.75,77.9054,72.9023,3.3061,7.7448,7.6685,0.545,0.545,12504.3424,12060.3956,8860.3956,413018.4295,398354.8667
002009.SZ,20250725,16.21,4.1856,5.0724,0.61,,,3.2921,2.2026,2.2231,0.1234,0.1234,40223.3207,35358.4988,29176.894,652020.0285,573161.2655
600106.SH,20250725,6.22,2.0331,2.7884,0.78,52.5022,39.5612,1.6097,73.1299,73.1746,0.7717,0.5788,132902.5062,132902.5062,96903.073,826653.5886,826653.5886
000586.SZ,20250725,11.44,1.4329,2.1339,0.67,,,6.7789,5.2415,4.9394,0.0,,19344.0,19344.0,12989.4369,221295.36,221295.36
688013.SH,20250725,36.92,3.1324,6.4779,1.4,57.7372,55.7657,5.6353,11.0008,10.7782,1.3227,3.9776,8115.56,8115.56,3924.347,299626.4752,299626.4752
601800.SH,20250725,9.47,0.931,4.5616,0.65,6.5924,6.7881,0.5392,0.1997,0.2056,3.0893,3.1854,1627861.1425,1177843.7225,240382.0621,15415845.0195,11154180.0521
603568.SH,20250725,19.48,0.2865,0.8739,0.72,12.2804,12.2644,2.5342,4.6304,4.6292,1.2754,2.4489,170455.8119,170147.4119,55769.8295,3320479.2158,3314471.5838
688425.SH,20250725,6.57,8.3471,30.1221,2.53,23.2379,23.8149,1.9587,3.488,3.5015,1.3699,1.3699,533349.7,533349.7,147795.7,3504107.529,3504107.529
688428.SH,20250725,29.48,2.153,2.2824,0.71,,,7.6916,51.5348,42.4706,,,176464.3952,26835.9717,25314.6263,5202170.3705,791124.4457
002273.SZ,20250725,20.58,2.5864,3.0257,0.89,27.7898,26.694,3.1863,4.5589,4.4614,1.9216,1.4418,139063.2221,135791.343,116075.5416,2861921.1108,2794585.8389
600487.SH,20250725,15.79,2.2776,3.1577,1.16,14.0673,13.8486,1.3543,0.6493,0.6337,0.933,1.4433,246673.4657,244518.1125,176365.6767,3894974.0234,3860940.9964
002881.SZ,20250725,45.6,5.0077,7.0174,1.42,88.058,68.0591,7.5354,4.0587,3.5488,0.2161,0.2842,26180.1844,18104.8114,12919.9234,1193816.4086,825579.3998
301092.SZ,20250725,32.94,5.975,9.8946,1.12,43.0271,43.8532,2.3535,7.7497,7.5523,0.7819,0.784,13453.5284,6068.8584,3664.7684,443159.2255,199908.1957
920720.BJ,20250725,14.85,5.1143,5.2046,1.05,69.6882,63.8724,8.4207,6.8563,6.3029,0.76,0.7696,26630.716,7158.8383,7034.5743,395466.1326,106308.7488
600673.SH,20250725,13.62,1.0597,2.2504,0.65,109.3105,73.9536,4.5121,3.3601,3.2234,2.4338,,300955.5059,300155.7927,141347.7557,4099013.9904,4088121.8966
688733.SH,20250725,19.68,1.7553,2.4321,0.84,327.5189,299.6137,1.8155,7.7929,7.6981,0.5035,0.5035,19977.519,19977.519,14418.3548,393157.5739,393157.5739
300143.SZ,20250725,10.18,1.5517,2.7164,1.16,66.0992,64.0102,3.0976,4.893,4.9157,0.0,,74945.1604,64137.668,36638.7295,762941.7329,652921.4602
002298.SZ,20250725,7.58,11.5982,11.9245,1.21,,,2.7204,2.8725,2.8965,0.0,,74011.0901,65366.5416,63577.978,561004.063,495478.3853
300292.SZ,20250725,4.93,4.0862,4.3703,1.22,71.6678,69.9552,4.6763,1.5188,1.5,0.0,,134176.4974,111594.4813,104339.9501,661490.1322,550160.7928
688258.SH,20250725,53.03,4.563,7.9494,0.94,195.6115,185.048,7.5627,19.8649,18.9969,0.2643,0.1852,12114.2237,12114.2237,6953.5554,642417.2828,642417.2828
688073.SH,20250725,58.98,2.6186,3.3466,0.84,45.6481,43.9207,2.7411,4.8641,4.7197,1.4902,1.4525,9088.2948,4323.4172,3382.9941,536027.6273,254995.1465
300855.SZ,20250725,25.24,1.5407,2.1827,0.41,37.3897,45.8192,5.1773,7.9374,8.3637,1.5841,0.9905,39553.15,29295.6138,20679.1,998321.506,739421.2923
301215.SZ,20250725,6.33,0.983,3.4153,1.19,50.2857,48.6529,2.9728,20.9452,19.9352,1.5938,1.2151,132390.0,132240.0,38060.0,838028.7,837079.2
002839.SZ,20250725,4.57,1.5108,1.9093,0.78,5.9464,5.8916,0.6348,2.371,2.35,3.8846,4.3764,244434.4974,244299.3707,193314.042,1117065.6531,1116448.1241
601916.SH,20250725,3.44,0.9109,1.2504,0.74,6.2214,6.2067,0.5477,1.3966,1.424,4.7674,4.5349,2746463.5963,2154443.5963,1569528.5592,9447834.7713,7411285.9713
000949.SZ,20250725,4.04,2.3654,3.7844,0.73,27.975,32.5605,1.0527,0.9326,0.9437,0.7236,0.7236,170032.9922,169984.6795,106246.0831,686933.2885,686738.1052
002380.SZ,20250725,24.83,3.6766,4.6902,0.58,23.6627,22.0757,2.6145,3.5423,3.4329,0.0,0.1611,23999.1649,14175.189,11111.779,595899.2645,351969.9429
603013.SH,20250725,21.92,0.9551,4.5677,0.52,22.468,22.4162,2.6578,1.3913,1.3716,2.0529,1.8248,51259.9264,51259.9264,10717.9264,1123617.5867,1123617.5867
603268.SH,20250725,45.74,1.1539,2.3783,1.01,,,5.2735,143.4206,137.9936,0.0,,86169.7311,12416.88,6024.68,3941403.5005,567948.0912
603739.SH,20250725,14.14,3.3365,8.0349,1.15,57.1196,60.1403,2.0778,2.7089,2.6617,0.7072,0.7072,25302.8866,25302.8866,10507.0426,357782.8165,357782.8165
301178.SZ,20250725,54.15,3.3637,4.0024,0.62,,,4.7712,16.2496,15.6401,0.1823,,6710.88,4947.6342,4158.1856,363394.152,267914.3919
002446.SZ,20250725,7.14,2.139,2.197,0.73,,,2.6223,6.0408,6.0416,,,91532.1724,84768.3296,82531.2153,653539.7109,605245.8733
600515.SH,20250725,4.27,5.9246,9.8802,2.69,106.4033,143.4041,2.0628,11.1685,11.4374,0.0,0.1171,1142530.9602,917601.2508,550231.8395,4878607.2001,3918157.3409
300148.SZ,20250725,5.14,5.2988,6.0448,0.95,130.8991,74.5516,4.4546,9.316,8.8246,0.0,,83533.9343,80162.9335,70268.9133,429364.4223,412037.4782
603878.SH,20250725,5.78,2.3845,3.927,0.8,25.7964,36.8485,1.2682,1.223,1.3489,9.1695,1.5434,56106.9165,56106.9165,34068.3591,324297.9774,324297.9774
600249.SH,20250725,5.94,3.1428,4.979,1.19,40.2842,47.9005,1.5053,3.1024,3.0104,0.5051,0.5051,55000.0,55000.0,34716.6244,326700.0,326700.0
300707.SZ,20250725,14.51,3.9203,4.8465,1.25,122.7774,,2.3328,2.9589,3.3938,0.34,0.4094,17653.992,14328.3815,11590.0195,256159.4239,207904.8156
603826.SH,20250725,20.32,0.5284,1.9549,1.04,378.8427,344.0937,7.0003,13.7269,13.687,0.3515,,65520.0,65520.0,17711.3054,1331366.4,1331366.4
600397.SH,20250725,6.58,8.6493,14.2596,2.88,,,55.5008,1.2053,1.2822,0.0,,98995.9882,98995.9882,60047.3792,651393.6024,651393.6024
000428.SZ,20250725,3.4,2.3858,5.3251,1.2,,,2.3304,5.7367,5.9386,0.0,,101892.6,101892.6,45651.708,346434.84,346434.84
600866.SH,20250725,7.99,4.791,6.1423,1.03,14.0753,11.3868,1.7088,0.7658,0.773,4.7559,4.7559,166147.2616,110937.3959,86531.6339,1327516.6202,886389.7932
002146.SZ,20250725,1.48,3.732,5.5879,1.12,,,0.4601,0.1693,0.1899,0.0,,434816.3851,389652.1351,260238.265,643528.2499,576685.1599
300976.SZ,20250725,50.5,1.9768,3.3503,0.71,27.8094,25.092,1.9985,2.62,2.4256,0.3231,1.5438,13311.4976,8521.0032,5027.524,672230.6288,430310.6616
600648.SH,20250725,11.34,0.5282,1.6503,1.05,16.2086,16.1801,1.0252,2.1715,2.1531,2.9152,3.0864,135991.2218,93479.1624,29921.8108,1542140.4552,1060053.7016
300911.SZ,20250725,54.5,3.9664,8.6784,1.01,372.4075,,8.2351,14.0642,15.6006,1.0673,1.3898,18136.1991,16936.2923,7740.678,988422.851,923027.9304
920879.BJ,20250725,31.6,17.0259,32.7891,1.11,68.5053,63.5066,9.0733,14.7874,14.2843,1.0249,1.0351,16696.6331,13484.1998,7001.7398,527613.606,426100.7137
688114.SH,20250725,69.0,3.1235,3.5652,1.43,,,3.712,9.54,9.7858,,,41651.6155,21293.2489,18655.3701,2873961.4695,1469234.1741
600967.SH,20250725,19.63,5.6077,13.0643,0.61,66.8783,64.4895,2.8667,3.4117,3.2626,1.6664,0.7489,170179.4667,170179.4667,73047.2168,3340622.9313,3340622.9313
920403.BJ,20250725,24.23,3.9241,5.092,1.08,29.1468,33.6565,5.0963,7.1512,7.3696,0.4535,0.5896,9936.108,5802.433,4471.558,240751.8968,140592.9516
600039.SH,20250725,8.57,0.7272,2.2538,0.67,10.3532,10.3282,1.6084,0.6961,0.6904,6.4665,4.8309,871003.9485,671556.6605,216691.4536,7464503.8386,5755240.5805
000031.SZ,20250725,3.23,1.1356,4.3989,0.99,,,1.3371,0.3868,0.3738,0.0,,428631.3339,400288.7169,103339.4287,1384479.2085,1292932.5556
000738.SZ,20250725,21.15,1.2433,2.4811,0.91,37.0748,43.6852,2.2669,5.075,5.1373,0.7849,0.8132,131518.4001,131515.2576,65901.0785,2781614.1621,2781547.6982
600888.SH,20250725,7.4,1.933,3.3429,1.07,8.6329,9.5533,0.9484,1.4189,1.3719,1.5904,3.6486,140371.1261,140371.1261,81167.0636,1038746.3331,1038746.3331
600340.SH,20250725,2.27,3.1862,5.188,0.93,,,4.3766,0.3738,0.3763,0.0,,391372.0342,389335.5062,239108.1667,888414.5176,883791.5991
688489.SH,20250725,40.75,2.4623,3.5063,0.54,111.0359,258.7518,2.5891,9.8832,9.5571,0.4817,0.2716,11476.8476,5053.2972,3548.7252,467681.5397,205921.8609
603209.SH,20250725,15.29,2.6659,6.2524,1.83,14.181,14.3315,1.5508,3.2806,3.2877,0.8329,1.1258,32500.0,28000.0,11938.5,496925.0,428120.0
603159.SH,20250725,18.88,4.5783,10.3545,1.64,90.7164,110.4252,5.2232,5.386,5.5439,0.5826,0.3443,14000.0,14000.0,6190.1,264320.0,264320.0
600812.SH,20250725,6.83,1.3763,3.0586,1.05,92.2767,70.4523,2.1717,1.1873,1.1853,0.1464,0.4392,171573.037,171573.037,77203.1554,1171843.8427,1171843.8427
688561.SH,20250725,34.73,0.8135,2.049,1.11,,,2.8512,5.4713,5.4949,,,68517.2377,68517.2377,27203.0793,2379603.6653,2379603.6653
600955.SH,20250725,14.64,1.1439,2.4941,1.65,142.2903,,0.956,0.8456,0.8226,0.3757,0.2036,55000.0,55000.0,25226.3,805200.0,805200.0
002712.SZ,20250725,5.98,4.4017,7.0783,1.9,,,2.3722,0.527,0.4904,0.0,,54427.6198,54090.6048,33636.1659,325477.1664,323461.8167
603566.SH,20250725,14.99,1.8577,2.7153,1.1,55.8956,43.8105,2.0405,4.9757,4.778,2.6573,2.6365,34606.2273,34606.2273,23676.3105,518747.3472,518747.3472
920208.BJ,20250725,29.3,7.3786,8.1301,0.88,21.2958,21.7527,4.3775,4.0891,4.1096,2.8006,2.4378,13380.4554,8761.8461,7951.9461,392047.3432,256722.0907
000061.SZ,20250725,6.66,0.4917,1.3648,0.63,29.4184,30.0513,1.8025,2.0081,1.847,1.6517,1.0511,169696.4131,169693.3006,61139.8363,1130178.1112,1130157.382
605507.SH,20250725,21.45,1.2957,1.5532,1.22,15.3363,15.024,1.5134,2.0348,2.0004,1.3903,2.7949,55882.35,30172.2186,25170.099,1198676.4075,647194.089
002082.SZ,20250725,7.36,3.585,6.5473,0.41,81.2041,107.693,1.7162,3.1191,3.3868,1.087,,61168.9055,55325.5922,30294.1977,450203.1445,407196.3586
601108.SH,20250725,8.27,1.413,2.0903,1.33,16.4135,17.6719,1.0778,6.1097,6.4598,1.8138,1.923,464376.0927,464376.0927,313898.2471,3840390.2866,3840390.2866
920519.BJ,20250725,15.32,4.2011,4.8266,0.55,44.6369,53.2035,2.7071,2.5966,2.8432,1.9525,0.6447,8925.8104,6299.4354,5483.0888,136743.4153,96507.3503
301229.SZ,20250725,20.42,15.1541,20.3326,5.14,61.0339,81.952,3.4945,3.3547,3.3298,0.3056,0.6176,16024.1898,10803.3097,8051.8293,327213.9557,220603.5841
300893.SZ,20250725,25.29,1.7183,3.3875,1.57,30.7804,29.3717,6.0474,4.0664,3.7486,0.563,0.5649,31691.4122,15838.7597,8034.0722,801475.8145,400562.2328
300853.SZ,20250725,24.19,4.4347,4.9733,0.45,,,5.0761,22.5558,21.8713,0.8093,,14694.586,11025.6483,9831.6003,355462.0353,266710.4324
301516.SZ,20250725,17.3,6.512,6.512,0.73,,,3.6927,5.8476,6.1702,1.0636,,28070.1755,7017.5439,7017.5439,485614.0362,121403.5095
688301.SH,20250725,88.25,1.284,2.3932,1.18,37.984,37.6744,4.0276,9.648,9.6978,1.1526,0.8087,20021.837,20021.837,10741.8007,1766927.1153,1766927.1153
603886.SH,20250725,12.78,0.7586,1.6847,0.82,12.3301,13.213,2.2078,1.3257,1.3751,7.8247,7.8247,24000.0,24000.0,10807.0723,306720.0,306720.0
001324.SZ,20250725,22.27,30.2001,42.0145,2.05,51.0678,52.1162,2.7579,6.6748,6.4633,0.4444,0.3254,13800.0,8165.36,5869.26,307326.0,181842.5672
605099.SH,20250725,32.2,0.7386,7.3714,0.83,25.2966,23.6837,4.8676,4.3813,4.2307,1.6705,1.9876,40164.2,40009.0,4009.0,1293287.24,1288289.8
000019.SZ,20250725,6.95,2.8524,4.3854,0.94,24.6231,22.7085,1.6556,1.4902,1.4488,2.8777,2.1583,115253.5254,41621.6407,27071.6427,801012.0015,289270.4029
605177.SH,20250725,20.03,1.2631,2.5772,0.62,,,1.3074,1.918,2.2171,1.6,,11473.9776,11258.3673,5518.0029,229823.7713,225505.097
002315.SZ,20250725,52.6,4.9306,6.0292,0.76,36.9839,34.304,7.4018,10.0475,9.7036,2.9435,2.0913,31723.5869,20203.3116,16522.1276,1668660.6709,1062694.1902
603097.SH,20250725,21.94,1.0849,3.6165,0.7,39.3817,40.4607,3.5608,2.282,2.228,0.0,0.9116,16443.5,16000.0,4800.0,360770.39,351040.0
600763.SH,20250725,46.05,5.9611,9.0171,1.62,41.0781,40.2191,5.1387,7.1675,7.0784,0.6755,0.9772,44728.9117,44728.9117,29569.9918,2059766.3838,2059766.3838
603000.SH,20250725,20.82,1.5238,3.537,1.18,110.0247,106.4787,6.4093,11.0262,11.1218,0.8117,0.634,110569.1056,110569.1056,47633.3171,2302048.7786,2302048.7786
603801.SH,20250725,10.4,2.5198,4.6869,0.96,11.7204,11.879,1.4291,0.8591,0.8595,6.7648,5.7979,43434.9842,43434.9842,23351.8995,451723.8357,451723.8357
300095.SZ,20250725,10.9,16.5157,18.4075,0.65,,,2.7439,3.7951,3.6837,0.8856,0.868,42009.0164,33872.7079,30391.575,457898.2788,369212.5161
603060.SH,20250725,7.09,1.3575,4.2979,0.83,27.99,28.4409,3.0103,2.1781,2.1495,1.5797,1.6079,80394.0905,80394.0905,25392.8346,569994.1016,569994.1016
600422.SH,20250725,14.76,2.0131,3.144,1.08,17.2401,18.0247,2.0902,1.3299,1.3697,1.3553,1.3553,75697.5757,75697.5757,48468.1411,1117296.2173,1117296.2173
603320.SH,20250725,18.84,2.2093,5.439,0.94,42.1713,37.9768,2.5061,2.659,2.6313,0.4628,0.7431,14914.6203,14914.6203,6058.1913,280991.4465,280991.4465
002451.SZ,20250725,7.15,1.1944,2.1413,0.65,175.7112,186.6612,4.1006,2.3358,2.13,0.1399,0.1399,43920.0,43914.9,24495.4059,314028.0,313991.535
300471.SZ,20250725,11.24,2.9606,4.3813,0.67,,,3.945,7.2069,6.2953,0.0,,40416.5856,36655.1986,24769.3989,454282.4221,412004.4323
000677.SZ,20250725,5.8,5.9942,8.9923,1.3,114.1975,107.8345,9.6719,4.7497,4.8144,0.0,,86397.7948,86397.7948,57592.7701,501107.2098,501107.2098
002483.SZ,20250725,6.48,0.9556,1.4267,0.82,11.8447,11.6602,1.3676,0.6985,0.7023,1.5432,4.6296,88646.8413,88525.0799,59294.6919,574431.5316,573642.5178
300516.SZ,20250725,38.76,2.1709,6.7844,0.99,225.2371,335.5441,5.4941,13.0569,12.9694,0.9082,0.178,18000.0,18000.0,5759.6038,697680.0,697680.0
002267.SZ,20250725,8.06,0.8421,2.3676,0.9,12.3809,12.9151,1.3729,0.9923,0.9669,4.9628,5.5831,111207.5445,111207.5445,39554.4989,896332.8087,896332.8087
000698.SZ,20250725,4.23,3.865,7.0231,0.44,,,2.4523,0.6905,0.6974,0.0,,81951.4395,78571.0473,43239.565,346654.5891,332355.5301
300184.SZ,20250725,9.85,3.1306,3.2376,0.87,115.4887,109.8246,3.0168,1.4534,1.3948,0.0,,115401.1922,104872.2716,101404.7402,1136701.7432,1032991.8753
301330.SZ,20250725,27.43,6.6294,7.5424,0.74,35.2681,34.6756,1.9669,3.2421,3.2195,1.3415,1.5118,23535.155,9169.6923,8059.6744,645569.3017,251524.6598
601002.SH,20250725,5.25,1.2154,2.2097,0.92,38.5029,24.0549,1.2109,2.1145,1.9869,1.9094,1.9048,95444.072,95444.072,52497.1293,501081.378,501081.378
688121.SH,20250725,12.94,1.2079,1.915,0.71,31.8982,23.8702,1.1926,1.0651,1.0229,,,23361.4003,20266.6667,12782.948,302296.5199,262250.6671
002047.SZ,20250725,2.01,0.7893,1.1943,1.07,,,,1.4431,2.1482,0.0,,151624.8693,151617.1712,100200.6312,304765.9873,304750.5141
300210.SZ,20250725,10.92,2.079,2.9687,0.7,,,12.8204,23.314,18.6064,0.0,,48421.9953,48372.3012,33874.5569,528768.1887,528225.5291
002611.SZ,20250725,13.39,8.2304,9.79,0.49,32.5613,22.2784,3.1715,3.4115,3.3736,0.0,0.9709,121728.634,100219.7707,84254.3281,1629946.4093,1341942.7297
603528.SH,20250725,8.95,8.3601,20.196,4.76,999.2685,1521.975,3.2847,12.0887,13.7211,0.0,0.5547,70593.0131,70593.0131,29221.7831,631807.4672,631807.4672
688609.SH,20250725,10.55,3.5064,4.7213,1.22,,,6.0484,2.1031,2.2046,,,50000.0,50000.0,37134.546,527500.0,527500.0
000567.SZ,20250725,7.02,6.3994,26.0801,1.54,41.5648,70.7731,2.5799,15.9288,18.6124,4.1753,,195459.2155,194993.0556,47846.3763,1372123.6928,1368851.2503
300402.SZ,20250725,19.51,2.8272,6.2565,0.7,70.3946,69.9032,3.295,2.8229,2.9008,0.506,0.4613,24679.0497,24361.8497,11008.7597,481488.2596,475299.6876
002849.SZ,20250725,15.22,2.4997,2.9894,0.67,99.8449,99.6676,2.5364,2.5882,2.5069,0.2628,0.2628,22063.4016,18990.5445,15879.8737,335804.9724,289036.0873
002358.SZ,20250725,5.35,2.7684,3.526,0.68,56.0787,53.7095,1.5282,1.7975,1.7148,0.3738,0.3738,92975.6977,92975.5702,72997.1487,497419.9827,497419.3006
300141.SZ,20250725,9.53,1.9834,4.3064,0.52,,,3.7716,5.6514,5.9083,0.1259,,25388.46,25266.9791,11637.367,241952.0238,240794.3108
600010.SH,20250725,2.47,10.6474,16.7542,1.54,422.7156,454.7876,2.1566,1.6429,1.7007,0.0,0.081,4528861.9348,3138079.8287,1994274.3511,11186288.979,7751057.1769
600861.SH,20250725,21.02,1.2346,2.1722,0.95,15.0362,10.1576,1.7688,0.2765,0.2747,2.3026,3.3254,56611.2718,36657.4848,20835.2552,1189968.9332,770540.3305
300560.SZ,20250725,14.15,11.5563,14.4856,1.96,,,3.3865,2.6933,2.8891,0.0919,0.0919,22974.3622,18696.4785,14915.6436,325087.2251,264555.1708
601958.SH,20250725,13.21,4.1243,14.9195,2.96,14.2908,14.9279,2.3103,3.1408,3.0584,3.028,,322660.44,322660.44,89194.8133,4262344.4124,4262344.4124
000701.SZ,20250725,7.4,18.2182,30.5761,2.1,,,,0.1142,0.1319,0.0,,67580.7106,66770.6056,39783.882,500097.2584,494102.4814
601208.SH,20250725,16.19,13.1668,17.7978,1.03,80.2054,65.3468,3.3591,3.248,3.0997,0.9415,0.6122,89678.7568,89678.7568,66344.2493,1451899.0726,1451899.0726
002425.SZ,20250725,3.14,1.0269,1.2773,0.74,,,1.0045,6.616,6.2122,0.0,,95666.5066,95606.0898,76865.1401,300392.8307,300203.122
688271.SH,20250725,137.09,0.8259,1.069,0.99,89.5369,89.058,5.5881,10.9692,10.8351,0.2682,0.145,82415.7988,59329.8976,45833.9362,11298381.8575,8133535.662
600592.SH,20250725,22.62,5.9568,9.5847,0.72,72.1233,75.3841,3.6551,5.086,5.2799,0.5615,0.4421,39955.3571,39955.3571,24831.9771,903790.1776,903790.1776
600997.SH,20250725,6.36,0.7776,2.5312,0.67,12.3796,14.9918,0.7243,0.4769,0.497,5.3994,4.0881,158779.9851,158779.9851,48778.1263,1009840.7052,1009840.7052
603176.SH,20250725,7.74,20.0307,63.7398,1.28,52.8649,54.4682,3.4614,1.0618,1.0793,0.2516,0.2972,47432.1207,46178.6207,14511.9541,367124.6142,357422.5242
600216.SH,20250725,15.18,3.5484,5.6558,1.28,12.5787,9.9988,1.3623,1.557,1.556,0.9881,2.413,96163.775,96163.3475,60331.3541,1459766.1045,1459759.6151
600419.SH,20250725,11.09,3.001,4.752,1.24,81.3355,,1.536,1.2663,1.2736,1.2079,0.1865,32020.4085,32020.4085,20221.5251,355106.3303,355106.3303
603758.SH,20250725,13.6,2.9292,8.3116,0.94,34.5225,38.0339,2.4584,3.73,4.0298,3.6243,2.1497,43879.7049,43879.7049,15464.398,596763.9866,596763.9866
688648.SH,20250725,46.9,9.8621,12.1404,0.87,,,4.1517,6.9919,6.8414,0.3412,,13600.0,6612.8924,5371.8918,637840.0,310144.6536
300403.SZ,20250725,15.13,4.3498,5.145,0.75,38.9708,39.1725,4.4955,8.004,7.9008,2.5116,1.1897,60300.0,42293.9514,35757.5338,912339.0,639907.4847
301105.SZ,20250725,38.42,4.351,4.351,0.74,,,2.2685,9.5398,9.5479,0.0,,5000.0,1643.7497,1643.7497,192100.0,63152.8635
301611.SZ,20250725,56.02,9.3951,9.3951,1.36,78.5424,70.2596,15.6118,28.4876,25.8578,0.1785,0.357,43600.0,6000.0,6000.0,2442472.0,336120.0
000885.SZ,20250725,14.3,0.5264,1.9371,0.66,8.0438,7.7064,1.0771,1.3889,1.3523,1.7622,2.4895,64207.8255,64207.8255,17447.3891,918171.9047,918171.9047
605098.SH,20250725,36.46,2.1029,5.3728,2.24,16.1889,15.9356,4.8298,5.5498,5.6226,6.8029,6.1442,11925.11,11925.11,4667.5598,434789.5106,434789.5106
301568.SZ,20250725,38.88,5.9083,5.9083,1.07,51.9283,49.5072,4.1771,11.5141,11.0638,1.749,1.4309,10325.84,4764.402,4764.402,401468.6592,185239.9498
301095.SZ,20250725,57.79,3.6833,4.3836,1.02,144.1942,129.3906,3.7561,21.1647,20.3254,0.7603,0.4256,20028.1088,10761.8956,9042.6217,1157424.4076,621929.9467
002400.SZ,20250725,7.86,4.6117,5.6983,1.61,135.7634,133.2049,2.7801,0.6633,0.6474,0.3435,0.229,174333.7128,172616.4618,139701.2883,1370262.9826,1356765.3897
600984.SH,20250725,3.42,3.3597,5.5182,0.54,,,1.0649,1.5767,1.6207,0.0,,125704.3925,125704.3925,76534.8182,429909.0224,429909.0224
603605.SH,20250725,84.21,1.7629,3.502,1.16,21.5001,20.3534,6.3232,3.0958,3.0457,1.076,1.4052,39624.7646,39540.5126,19904.0831,3336801.427,3329706.566
600986.SH,20250725,8.74,5.6607,6.5319,1.51,82.3965,53.6462,2.496,1.6877,1.6864,0.5677,0.5677,148737.4062,148737.4062,128897.8046,1299964.9302,1299964.9302
600848.SH,20250725,9.55,0.3128,0.9754,0.87,21.9682,22.6266,1.2583,2.1697,2.2316,2.0942,2.0942,252248.7004,239391.2273,76770.3939,2408975.0888,2286186.2207
603456.SH,20250725,17.22,4.8031,8.4781,1.5,25.2703,24.722,1.817,2.9679,2.9596,2.9079,1.727,88944.6028,88944.6028,50389.3356,1531626.0602,1531626.0602
000988.SZ,20250725,47.85,1.9721,2.435,0.64,39.4129,35.8844,4.6326,4.109,3.7313,0.3135,0.418,100550.2707,100498.5657,81394.0143,4811330.453,4808856.3687
300532.SZ,20250725,12.53,1.5147,2.4463,0.89,20.5482,22.8754,3.3128,2.3993,2.4653,4.3693,3.5289,45332.4086,43091.9116,26681.7269,568015.0798,539941.6523
002154.SZ,20250725,3.92,1.4931,1.8552,0.91,11.5577,13.7804,1.2805,1.1101,1.1209,8.1633,3.0612,145933.3729,142149.5183,114398.6152,572058.8218,557226.1117
600198.SH,20250725,8.63,1.4514,3.0641,1.25,403.3299,393.0673,45.3929,11.9378,12.0887,0.0,,130360.3541,130194.9804,61670.072,1125009.8559,1123582.6809
600556.SH,20250725,5.17,2.5529,4.1775,1.36,181.5182,186.1683,2.4383,2.2984,2.3377,0.2998,0.1663,180774.7642,180774.7642,110470.798,934605.5309,934605.5309
603995.SH,20250725,18.27,1.8405,3.3874,0.79,8.2955,8.4946,1.2138,0.1596,0.1593,2.7296,2.7217,36561.7601,36561.7601,19865.4207,667983.357,667983.357
301617.SZ,20250725,39.21,3.496,3.496,0.76,24.5865,24.8277,3.2115,3.9462,3.9098,,1.1771,13364.0,3341.0,3341.0,524002.44,131000.61
300475.SZ,20250725,33.89,2.3226,3.4634,0.86,59.519,58.932,5.1687,0.6476,0.5261,0.4833,0.1689,46377.3767,44644.8767,29938.5858,1571729.2964,1513014.8714
920926.BJ,20250725,17.51,1.4611,4.969,1.19,43.6777,43.3825,6.023,3.2234,3.1995,0.9442,1.5647,8836.1737,8018.2379,2357.6617,154721.4015,140399.3456
300253.SZ,20250725,10.69,4.6846,5.0369,1.34,269.1175,308.9461,4.0093,8.5016,8.9845,0.1814,0.1394,221268.4146,191272.8635,177892.7793,2365359.3521,2044706.9108
000985.SZ,20250725,19.06,0.9404,2.5763,0.65,167.0067,135.4102,4.0733,1.2547,1.2426,0.0944,0.2623,12963.95,12963.95,4731.89,247092.887,247092.887
002137.SZ,20250725,9.07,6.1891,7.3004,0.54,,,3.5041,8.8071,9.0588,0.0,,57750.4854,39645.8956,33611.0973,523796.9026,359588.2731
603183.SH,20250725,4.52,2.4422,3.1967,0.83,37.2707,46.3783,1.4193,2.4762,2.5483,1.0034,0.5531,49715.3251,49715.3251,37982.2191,224713.2695,224713.2695
000498.SZ,20250725,6.01,1.0335,2.6003,0.74,4.0176,4.0091,0.6296,0.1308,0.1304,3.4928,3.3109,155243.9109,144934.4864,57602.983,933015.9045,871056.2633
603115.SH,20250725,15.9,9.4347,28.7795,0.62,23.6368,22.5957,1.9844,1.9727,1.8727,3.1447,3.7736,23920.0,23920.0,7841.6,380328.0,380328.0
000555.SZ,20250725,13.07,2.7021,4.9291,0.91,,,2.2976,1.275,1.227,0.2416,,97577.4437,97218.7287,53293.8897,1275337.1892,1270648.7841
603986.SH,20250725,121.94,5.3778,5.9007,2.28,73.4442,71.5086,4.8867,11.0081,10.602,0.0,0.2786,66405.919,66371.6019,60490.4506,8097537.7629,8093353.1357
301058.SZ,20250725,11.52,2.1162,4.1019,0.72,25.2551,24.9762,2.8052,2.2252,2.1324,1.3021,1.3021,51227.4245,51227.4245,26428.9379,590139.9302,590139.9302
600587.SH,20250725,16.38,2.0523,2.8914,0.65,14.3685,15.5022,1.2891,0.9917,1.0141,2.3481,1.5263,60667.7919,60436.2036,42897.6809,993738.4313,989945.015
688058.SH,20250725,30.62,2.6155,4.9544,1.01,,,3.4154,8.3982,9.375,0.5921,,7773.0937,7773.0937,4103.5119,238012.1291,238012.1291
000737.SZ,20250725,11.29,5.0263,10.2537,0.72,35.0907,28.7393,3.3485,0.892,0.8455,0.8242,0.9743,190471.6435,190453.816,93359.4498,2150424.8551,2150223.5826
605208.SH,20250725,13.14,3.2209,5.5105,0.71,115.5813,103.6859,2.0416,1.0575,0.9683,0.1502,0.2964,32994.0,32994.0,19285.0483,433541.16,433541.16
300345.SZ,20250725,7.2,3.7869,5.1467,0.65,,,7.3726,4.0314,3.9948,0.0,,57794.5612,44335.0612,32621.2517,416120.8406,319212.4406
301168.SZ,20250725,40.29,3.1283,6.0469,1.28,67.719,85.5737,2.2642,3.0462,3.0256,0.6203,0.3594,12000.0,9531.3335,4930.89,483480.0,384017.4267
688293.SH,20250725,55.7,2.6123,3.9718,1.15,300.4267,391.8211,3.0262,21.2778,20.9972,0.8098,0.7546,11354.8754,7740.9308,5091.4129,632466.5598,431169.8456
300342.SZ,20250725,17.17,3.2753,4.7004,0.82,80.7219,76.5069,4.7011,6.9648,6.9826,0.5824,0.3786,42503.5113,41774.8485,29109.696,729785.289,717274.1487
300964.SZ,20250725,45.01,5.25,8.3293,0.48,146.5566,129.4108,3.4751,5.8366,5.4011,0.8775,0.2194,7729.8284,5406.0922,3407.4854,347919.5763,243328.2099
688184.SH,20250725,10.18,0.6021,0.7397,0.83,,,0.8239,1.7069,2.1979,,,15904.7514,10048.7514,8179.7841,161910.3693,102296.2893
301043.SZ,20250725,35.14,2.4535,5.584,1.11,22.7573,24.1485,2.8666,3.972,3.9403,2.5043,2.5043,6800.0,6800.0,2987.8,238952.0,238952.0
300828.SZ,20250725,18.0,4.0485,6.947,1.33,54.1668,55.7529,3.9348,4.8159,4.8249,0.8308,1.6536,16642.2,12473.819,7269.384,299559.6,224528.742
603316.SH,20250725,8.61,3.4339,6.6433,0.67,,,3.4899,6.5403,5.7731,0.0,,26426.4,26426.4,13659.9578,227531.304,227531.304
301571.SZ,20250725,47.93,5.7625,5.7625,1.41,49.8042,49.1072,4.7057,8.9522,8.8228,,0.2024,17942.5908,3588.5182,3588.5182,859988.377,171997.6773
600468.SH,20250725,6.84,4.5213,10.7451,0.71,,,3.8,3.792,3.813,0.4825,,108773.5321,108773.5321,45769.6009,744010.9596,744010.9596
300217.SZ,20250725,5.23,2.1046,2.6428,0.71,24.3264,27.9168,1.8775,2.0828,2.1963,1.3002,0.6119,147797.694,122695.1512,97710.0338,772981.9396,641695.6408
600864.SH,20250725,6.98,4.0234,7.5066,0.93,42.4007,45.4079,1.14,8.3693,8.5682,0.0,0.7163,208057.052,208057.052,111515.5528,1452238.223,1452238.223
688056.SH,20250725,35.44,1.2811,3.0129,0.89,61.0634,59.2592,3.0252,5.6379,5.7247,2.5622,2.0102,6745.246,6745.246,2868.1033,239051.5182,239051.5182
301388.SZ,20250725,33.61,26.9405,33.9498,0.7,224.8312,227.7325,3.5783,7.3496,7.235,1.0414,0.2975,10244.76,2735.6588,2170.8535,344326.3836,91945.4923
688133.SH,20250725,27.4,3.0628,4.2666,0.83,349.4612,286.7095,1.6196,1.5625,1.5959,0.2607,0.2555,16443.6977,16443.6977,11804.1659,450557.317,450557.317
002648.SZ,20250725,18.6,1.551,3.1286,0.73,10.3193,9.4681,2.0788,1.3726,1.2742,2.1505,2.6785,336864.569,336648.2485,166886.0266,6265680.9834,6261657.4221
920576.BJ,20250725,33.55,1.8384,7.4848,0.72,60.2059,69.8639,8.3999,6.9831,7.5568,2.3845,0.8942,10895.0,10712.9937,2631.3437,365527.25,359420.9386
603151.SH,20250725,24.9,7.8258,8.4961,0.85,84.2271,73.0542,3.3277,1.6612,1.3174,0.7958,0.6024,16956.9671,8240.1671,7590.0471,422228.4808,205180.1608
002785.SZ,20250725,28.15,3.08,3.799,1.42,,,7.1593,4.9947,5.0653,0.0,,22661.9695,19349.5023,15687.1279,637934.4414,544688.4897
300209.SZ,20250725,5.3,1.6623,1.8655,0.76,86.7124,82.1486,5.3331,12.7266,16.8769,0.0,,92863.6126,49001.854,43664.3409,492177.1468,259709.8262
600037.SH,20250725,8.69,3.0569,4.93,1.27,,,0.9518,5.2264,5.3987,0.3107,0.3107,139177.7884,139177.7884,86298.0171,1209454.9812,1209454.9812
920262.BJ,20250725,27.05,11.4925,19.6318,1.66,66.638,65.026,5.8136,3.6257,3.5736,0.8298,0.9953,6911.4185,3118.5407,1825.5988,186953.8704,84356.5259
002247.SZ,20250725,2.77,2.3304,2.9129,0.86,10.8114,10.2729,3.7542,2.8072,2.9157,0.0,,85087.0049,64354.0672,51484.5522,235691.0036,178260.7661
688232.SH,20250725,30.57,1.1146,2.9575,1.19,49.3863,46.5994,1.88,4.7003,4.7388,1.1661,1.149,33000.0,33000.0,12436.3512,1008810.0,1008810.0
601689.SH,20250725,47.16,2.4559,5.993,1.58,27.3133,28.0608,3.7621,3.081,3.0719,0.7888,1.1005,173783.558,173783.558,71216.1785,8195632.5953,8195632.5953
300705.SZ,20250725,17.44,10.9209,14.9594,1.31,17.0259,17.0224,3.5284,2.9767,2.8736,1.2711,1.7622,50021.1112,37001.3364,27012.2076,872368.1793,645303.3068
002624.SZ,20250725,14.43,2.2811,3.1776,0.92,,,4.2139,5.0254,4.4686,3.1181,1.5626,193996.8404,182773.3041,131204.2939,2799374.407,2637418.7782
000987.SZ,20250725,7.64,1.3625,5.3746,1.0,16.7092,15.4355,1.2871,4.2566,4.2078,2.2251,2.217,501713.2462,501458.8728,127127.2963,3833089.201,3831145.7882
002265.SZ,20250725,38.81,21.2439,37.9025,1.0,154.229,147.7626,10.9592,9.2069,9.5101,0.0,,103304.0407,40309.7025,22593.0966,4009229.8196,1564419.554
603901.SH,20250725,10.45,1.6666,3.4128,0.82,327.098,286.4191,2.1524,1.4288,1.4056,0.7611,0.1427,48767.3635,47926.596,23404.946,509618.9486,500832.9282
001366.SZ,20250725,13.12,9.0864,9.0864,1.9,,,2.61,2.073,1.9841,0.9146,,16068.0,5568.0,5568.0,210812.16,73052.16
601608.SH,20250725,4.79,2.5594,7.1396,0.64,58.5665,58.3879,2.3957,2.7304,2.7251,0.5638,,457955.3437,455056.793,163124.5936,2193606.0963,2179722.0385
000886.SZ,20250725,7.18,13.8776,18.865,1.41,115.4376,525.4545,2.3525,30.503,26.1422,0.9749,0.2786,98882.83,97783.6898,71932.4659,709978.7194,702086.8928
601968.SH,20250725,5.22,1.7139,4.3026,1.33,38.632,38.3002,1.4851,0.8006,0.7987,2.3666,1.3117,127577.946,127577.946,50818.6311,665956.8781,665956.8781
000801.SZ,20250725,15.2,1.2621,2.4542,0.72,79.9629,86.4722,5.2295,3.7206,3.7861,0.6579,0.6579,102280.6646,102280.6646,52598.1558,1554666.1019,1554666.1019
601021.SH,20250725,55.68,0.2629,0.5961,0.63,23.9661,25.4529,3.2063,2.7237,2.7035,1.2552,1.4651,97833.3423,97833.3423,43141.974,5447360.4993,5447360.4993
000665.SZ,20250725,5.7,8.5105,14.4556,3.52,,,1.5107,4.0746,4.1681,0.0,,113714.9495,113711.033,66945.6168,648175.2122,648152.8881
688545.SH,20250725,28.8,7.4211,7.4211,0.94,65.0138,61.3657,3.6935,9.1187,8.443,,0.6944,36000.0,7288.3564,7288.3564,1036800.0,209904.6643
688295.SH,20250725,22.33,0.9852,3.21,1.71,,,4.3872,12.9049,13.3032,0.4747,,90000.0,60160.0718,18464.0864,2009700.0,1343374.4033
688626.SH,20250725,46.15,1.6844,5.1959,0.86,71.7286,85.0488,3.6989,9.931,9.7096,1.1186,0.5011,16000.0,16000.0,5186.78,738400.0,738400.0
688775.SH,20250725,165.53,4.7137,4.7137,0.77,66.7279,67.0332,13.0026,11.9082,11.1258,,,40100.0,3050.1569,3050.1569,6637753.0,504892.4717
300900.SZ,20250725,21.01,8.7186,9.9066,0.68,,,4.8547,5.9564,5.726,0.3388,,29714.9916,22028.8241,19387.1721,624311.9735,462825.5943
603798.SH,20250725,11.73,4.737,10.074,1.31,55.0535,45.0553,2.5895,2.8198,2.7697,0.5037,0.9234,25644.965,25644.965,12058.836,300815.4395,300815.4395
600862.SH,20250725,27.36,1.4649,2.6406,1.45,33.0653,32.8719,5.372,7.5143,7.3917,0.8151,0.9101,139304.9107,139304.9107,77282.6466,3811382.3568,3811382.3568
300159.SZ,20250725,3.11,4.0105,4.4947,0.73,,,,6.9955,6.9827,0.0,,149564.5923,147183.9203,131325.6306,465145.8821,457741.9921
000034.SZ,20250725,39.76,6.4861,6.9378,1.94,37.5713,38.4735,2.6954,0.2206,0.2164,1.0308,0.6657,71126.0675,59436.8043,55567.3592,2827972.4438,2363207.339
600721.SH,20250725,8.11,6.4714,8.5825,0.98,75.1373,75.0335,3.9926,8.0793,7.9547,0.0,,38429.3875,38429.3875,28976.8788,311662.3326,311662.3326
002162.SZ,20250725,4.48,2.308,4.8183,0.73,,,5.087,3.4217,3.4953,0.0,,91970.0965,91849.4121,43995.5601,412026.0323,411485.3662
920693.BJ,20250725,46.97,12.3522,20.2787,1.93,198.9135,218.1719,9.7878,13.8315,12.9574,0.0766,0.149,7270.0,3661.0,2230.0,341471.9,171957.17
002554.SZ,20250725,2.85,1.9405,3.0501,0.87,,,1.6198,1.4573,1.689,0.2822,,133372.0072,133347.09,84835.3279,380110.2205,380039.2065
300726.SZ,20250725,35.77,2.3195,3.9261,0.8,52.7559,57.5995,3.1091,9.2914,9.1832,0.8387,1.6774,41183.9845,21443.8423,12668.4845,1473151.1256,767046.2391
603124.SH,20250725,49.67,7.83,7.83,0.76,41.0597,40.2431,4.3391,0.8322,0.7904,,0.7449,14574.5199,2863.7506,2863.7506,723916.4034,142242.4923
301382.SZ,20250725,33.19,13.4671,16.6822,1.12,70.9326,69.3118,5.3425,6.1663,5.5944,0.2856,0.23,28586.0403,17691.2778,14281.7392,948770.6776,587173.5102
301515.SZ,20250725,22.54,8.1173,9.9065,1.51,156.2905,425.8108,1.8235,2.9892,3.2098,1.6625,1.0379,10000.0,6367.38,5217.38,225400.0,143520.7452
300279.SZ,20250725,7.23,3.0553,4.2403,0.77,67.6431,42.9421,3.5037,1.7004,1.7601,0.0,,48909.949,45883.5752,33060.9465,353618.9313,331738.2487
301529.SZ,20250725,60.52,14.5633,17.5088,0.84,52.5783,50.4319,4.1536,3.8546,3.4465,0.4957,0.4873,8483.721,4523.851,3762.801,513434.7949,273783.4625
300619.SZ,20250725,27.09,8.53,10.2628,1.29,,,3.1475,3.124,3.6005,0.5963,,17399.9658,14984.5165,12454.503,471365.0735,405930.552
300562.SZ,20250725,16.25,14.8401,16.1157,2.16,57.5877,50.0254,3.5739,3.5914,3.5037,1.7154,1.7139,21746.6188,16112.1279,14836.856,353382.5555,261822.0784
300958.SZ,20250725,13.69,6.6365,7.083,0.67,,,1.6384,2.6938,2.678,0.8619,,15673.6579,9104.9427,8530.9773,214572.3767,124646.6656
603888.SH,20250725,19.25,2.3023,6.0943,2.74,55.5246,52.9608,3.7465,6.0643,6.0606,0.8432,0.5435,67473.8168,67473.8168,25490.2634,1298870.9734,1298870.9734
300802.SZ,20250725,19.38,1.6238,2.5757,1.07,84.5601,84.0443,3.5313,8.4673,8.2256,0.8107,0.7808,28929.5555,19858.8658,12519.812,560654.7856,384864.8192
000401.SZ,20250725,5.05,1.1633,3.2215,0.42,,,0.5123,0.5309,0.5193,0.0,1.9802,265821.6238,263135.3638,95019.7423,1342399.2002,1328833.5872
600191.SH,20250725,7.76,1.1569,2.4789,0.66,147.8896,108.7233,2.2858,7.2975,8.1843,0.0,,48493.2,48493.2,22632.5707,376307.232,376307.232
300355.SZ,20250725,4.38,3.4905,3.7379,0.66,198.5929,147.1282,1.6641,3.275,3.2063,0.5251,0.0913,160424.2081,136606.5794,127567.1798,702658.0315,598336.8178
920299.BJ,20250725,21.55,7.5693,10.8022,0.49,79.3781,76.35,7.2165,16.715,16.3838,2.0599,1.5404,9010.9276,4508.0484,3158.8469,194185.4898,97148.443
300476.SZ,20250725,155.53,2.6874,3.9024,0.52,116.2252,71.925,13.8724,12.5029,10.6048,0.1217,0.192,86268.8641,85520.8713,58893.9522,13417396.4335,13301061.1133
300416.SZ,20250725,14.69,2.0243,2.9834,0.82,32.5641,32.744,2.8686,3.6882,3.7122,1.0119,1.0211,50854.7806,50514.3444,34274.1984,747056.727,742055.7192
600250.SH,20250725,11.87,7.1087,15.1877,0.74,80.7788,116.8174,6.0711,4.7484,4.8517,0.0,,31059.3879,31059.3879,14537.4566,368674.9344,368674.9344
605358.SH,20250725,24.9,4.089,5.4761,3.47,,,2.3768,5.406,5.1696,0.3429,,67136.5928,67136.5928,50130.856,1671701.1607,1671701.1607
603682.SH,20250725,6.05,1.2944,3.0818,0.78,193.7634,51.4868,2.9475,2.836,2.8716,3.6364,7.2727,47250.0,47250.0,19845.0,285862.5,285862.5
605289.SH,20250725,35.93,1.6215,3.4978,0.87,,,3.0885,5.6953,5.2408,0.7007,,10900.75,10833.75,5022.3,391663.9475,389256.6375
301518.SZ,20250725,22.65,4.5492,5.4001,0.56,54.596,57.9068,2.2462,1.041,1.0701,2.2075,0.7318,14017.8204,5345.5228,4503.2257,317503.6321,121076.0914
688298.SH,20250725,29.39,2.4085,4.6822,1.12,,,0.9085,7.1566,7.0793,,,20160.0,20160.0,10370.2233,592502.4,592502.4
603505.SH,20250725,16.51,1.2529,2.7655,0.9,54.0641,52.7645,9.0274,5.0489,4.3931,1.7309,0.6474,84166.8813,84166.8813,38132.3225,1389595.2103,1389595.2103
600573.SH,20250725,12.27,0.8964,1.7956,0.73,47.3159,46.4481,2.3892,4.7406,4.737,0.489,0.652,25000.0,25000.0,12480.5422,306750.0,306750.0
300249.SZ,20250725,14.97,7.6518,9.6335,0.66,,,20.4362,5.7612,5.4446,,,44048.7994,37359.6925,29674.7127,659410.527,559274.5967
000059.SZ,20250725,5.45,1.6764,3.1651,0.51,,,0.7841,0.252,0.2541,0.2569,0.3303,159944.2537,159944.2537,84712.3362,871696.1827,871696.1827
600830.SH,20250725,11.03,5.5558,8.108,0.75,94.245,90.6494,2.2954,14.9496,13.759,0.136,0.136,45432.2747,45432.2747,31131.0133,501117.9899,501117.9899
688061.SH,20250725,33.6,3.7647,3.7647,2.07,,,1.5877,6.8288,6.7076,0.0876,,11488.9391,4329.777,4329.777,386028.3538,145480.5072
600868.SH,20250725,2.84,1.388,1.4947,0.67,,,2.7373,15.088,14.5351,0.0,,189814.8679,189814.8679,176264.8506,539074.2248,539074.2248
605168.SH,20250725,31.35,1.6658,3.8304,0.42,53.5998,44.6236,2.5332,1.5705,1.6164,3.8013,2.2967,21081.6986,21081.6986,9168.2743,660911.2511,660911.2511
300358.SZ,20250725,8.61,3.3856,5.5639,1.62,,,1.2154,0.8718,0.9206,1.1614,,59030.4736,57626.6453,35065.5039,508252.3777,496165.416
600369.SH,20250725,4.69,0.8866,1.639,1.0,44.5608,43.5632,1.2003,12.1472,12.0077,1.1727,0.4264,664510.9124,664510.9124,359465.4207,3116556.1792,3116556.1792
301015.SZ,20250725,21.59,1.4752,6.7421,0.58,16.4087,18.5848,5.7892,1.402,1.3715,3.5294,3.5294,52561.9476,52555.1976,11499.1976,1134812.4487,1134666.7162
300450.SZ,20250725,26.52,2.0688,3.0381,0.65,145.1749,478.2226,3.4905,3.5035,3.5675,1.2841,0.2097,156616.3034,155942.1113,106192.5467,4153464.3662,4135584.7917
600359.SH,20250725,7.25,1.884,3.1567,0.68,86.894,258.1148,3.9299,4.8371,4.9098,0.0,,38151.282,38151.282,22769.7245,276596.7945,276596.7945
601949.SH,20250725,6.85,0.6681,2.914,1.23,20.2528,21.0223,1.3909,2.1314,2.1742,2.2336,1.4891,190396.8054,190396.8054,43654.2902,1304218.117,1304218.117
603899.SH,20250725,31.41,0.6814,1.9097,1.17,20.7241,21.6819,3.5593,1.194,1.2059,2.5546,3.1658,92097.0377,92097.0377,32859.5319,2892767.9542,2892767.9542
000862.SZ,20250725,5.71,1.8321,2.4092,0.78,60.3073,46.0955,1.2133,4.1414,4.1006,0.0,,91795.4696,62796.7088,47754.4231,524152.1314,358569.2072
300048.SZ,20250725,6.17,1.4413,1.7722,0.58,670.2591,251.6183,3.9674,1.4448,1.0923,0.0,,111848.8857,111767.6982,90899.1564,690107.6248,689606.6979
002976.SZ,20250725,25.51,4.6084,7.5129,1.18,,,3.9401,1.7421,1.6195,0.5855,,12117.15,6521.625,4000.405,309108.4965,166366.6538
300030.SZ,20250725,8.2,13.1624,16.207,1.88,,,4.1256,4.3613,4.5623,0.0,,30918.7315,25992.4674,21109.631,253533.5983,213138.2327
300387.SZ,20250725,9.47,3.7303,6.1329,1.22,29.2484,30.2429,1.9943,2.2164,2.236,0.6336,0.7392,28905.7018,28895.6645,17575.5317,273736.996,273641.9428
603687.SH,20250725,7.57,0.9968,1.9761,0.69,39.1855,35.2067,1.2793,1.9536,1.9318,0.6381,0.7656,55003.1864,55003.1864,27745.9753,416374.121,416374.121
002722.SZ,20250725,17.45,8.7945,13.4976,1.29,22.8759,23.2541,1.4038,1.4701,1.5324,1.0887,1.3135,20660.4363,17551.8532,11436.1361,360524.6134,306279.8383
301297.SZ,20250725,42.13,5.6527,5.6527,1.43,279.0213,267.715,3.9059,38.924,36.4374,0.0891,,72106.8167,14130.76,14130.76,3037860.1876,595328.9188
002111.SZ,20250725,10.85,1.0864,1.6451,0.64,77.3507,85.9944,1.9161,1.999,1.9506,1.3392,1.3397,53200.597,47819.1178,31579.1843,577226.4775,518837.4281
600229.SH,20250725,7.05,0.9362,2.4597,0.93,54.8935,76.803,1.457,1.9149,1.9646,3.8298,0.9929,66070.7784,66070.7784,25148.1503,465798.9877,465798.9877
920351.BJ,20250725,29.58,6.3706,6.3979,1.1,148.509,105.7173,5.7827,1.2537,1.214,0.3381,0.3381,8803.5439,3526.0439,3511.034,260408.8286,104300.3786
688099.SH,20250725,75.0,1.5753,2.0189,1.29,38.4253,35.786,4.6962,5.3292,5.1965,,,42110.1263,42110.1263,32856.0176,3158259.4725,3158259.4725
300352.SZ,20250725,5.44,2.2129,2.3172,0.78,,,5.8619,15.2632,17.6041,0.0,,144982.4087,122194.3382,116695.0543,788704.3033,664737.1998
600248.SH,20250725,4.0,1.0871,3.4006,0.74,5.0541,5.2962,0.6035,0.099,0.102,5.0372,3.5093,373973.5286,370573.9286,118466.4071,1495894.1144,1482295.7144
605066.SH,20250725,7.66,2.2784,4.0583,0.7,31.9739,30.6537,2.263,1.3297,1.3265,3.9253,4.571,50661.7875,50243.3125,28207.2275,388069.2923,384863.7738
301502.SZ,20250725,42.85,2.9939,4.548,0.47,72.6935,72.525,3.0048,5.0599,5.0272,1.2252,0.8168,5708.35,2430.625,1600.0625,244602.7975,104152.2813
003018.SZ,20250725,12.17,1.7023,2.9775,0.85,22.4084,21.569,2.0743,3.5463,3.6358,1.6434,2.4651,26000.0,13275.0275,7589.6325,316420.0,161557.0847
301601.SZ,20250725,35.11,9.3707,9.3707,0.72,45.7158,47.9927,3.9329,7.4453,6.7223,,0.5127,14048.0,3160.8,3160.8,493225.28,110975.688
603556.SH,20250725,28.33,1.5087,4.3214,0.82,13.7478,14.8255,1.9899,2.9205,2.9948,3.8828,2.4518,48626.417,48626.417,16976.5074,1377586.3936,1377586.3936
002727.SZ,20250725,15.02,6.1187,7.9969,0.89,77.0624,272.4044,1.2002,0.4886,0.4978,2.7104,1.9582,58560.4125,39731.2433,30399.4531,879577.3958,596763.2744
002959.SZ,20250725,48.69,1.7578,5.363,1.47,26.569,28.6663,2.8092,1.6069,1.5654,2.4375,2.0259,15703.8674,15170.4101,4972.2082,764621.3037,738647.2678
688435.SH,20250725,35.02,3.4582,3.8275,0.87,,,2.6547,15.3511,15.4831,,,8350.0,4614.7915,4169.5415,292417.0,161609.9983
001270.SZ,20250725,39.28,1.45,2.7475,0.97,,599.6736,5.79,38.5572,28.7427,0.3838,,20764.6561,20349.9561,10739.8291,815635.6916,799346.2756
002159.SZ,20250725,15.7,14.062,20.4913,1.94,19.6061,20.12,2.0614,4.0199,4.0785,1.4013,1.5924,17730.1325,13846.1713,9501.8413,278363.0803,217384.8894
688127.SH,20250725,27.97,2.0743,4.4192,1.43,51.1371,47.6253,6.2775,10.9042,10.0448,0.7122,0.7151,40319.24,40319.24,18925.2179,1127729.1428,1127729.1428
603192.SH,20250725,22.12,6.1062,20.5682,1.23,25.0668,24.173,2.0504,1.169,1.1958,0.7994,1.6953,14115.3667,13866.6667,4116.6667,312231.9114,306730.6674
603893.SH,20250725,163.36,2.2096,5.2955,0.74,115.5258,93.2845,18.2742,21.9113,19.7576,0.1217,0.2741,42067.795,42055.545,17547.7018,6872194.9912,6870193.8312
603199.SH,20250725,36.08,1.53,2.7629,0.9,21.4686,19.7118,2.6483,5.2239,4.8773,2.1896,1.8847,11068.0,11068.0,6129.1646,399333.44,399333.44
301522.SZ,20250725,35.73,4.1424,4.1424,0.8,82.2327,90.2536,7.4044,5.2967,5.3771,,0.3275,37186.6667,7437.3334,7437.3334,1328679.6012,265735.9224
688189.SH,20250725,9.87,5.3811,9.6584,0.63,,,2.9167,10.2867,16.1658,,,27440.0,27440.0,15288.0,270832.8,270832.8
002429.SZ,20250725,4.68,0.6983,1.5162,0.79,13.2207,13.9156,1.3464,1.0423,1.0623,2.265,2.2863,452694.0607,452433.3018,208363.3791,2118608.2041,2117387.8524
000869.SZ,20250725,22.04,0.3797,1.5763,0.88,48.514,48.4616,1.4082,4.5181,4.5179,2.2899,1.8149,67182.39,45509.4295,10962.0439,1480699.8756,1003027.8262
001367.SZ,20250725,24.72,25.0479,25.0479,3.19,30.6437,31.1967,2.7552,7.9651,7.9201,0.9053,0.4647,15192.644,3870.8913,3870.8913,375562.1597,95688.4329
603166.SH,20250725,17.16,2.5263,6.0738,0.55,59.8493,50.6825,4.6268,6.7305,6.167,1.0281,1.1418,64620.8651,63900.8651,26579.0611,1108894.0451,1096538.8451
600156.SH,20250725,6.81,4.5759,7.6665,1.49,,,6.8822,3.522,3.4036,0.0,0.1468,40211.0702,40211.0702,24000.639,273837.3881,273837.3881
002549.SZ,20250725,12.97,21.2284,40.6051,1.43,,153.4329,4.4565,15.3369,14.8393,0.0,,69534.7901,69235.9526,36196.6835,901866.2276,897990.3052
002373.SZ,20250725,10.81,2.582,3.5523,0.44,,,1.494,2.3564,2.347,0.4615,,158018.8215,137759.4126,100131.8023,1708183.4604,1489179.2502
603860.SH,20250725,32.49,4.3026,8.0032,0.77,48.5531,44.5483,2.7282,8.3336,8.2883,0.4761,0.5149,6668.0,6668.0,3584.8,216643.32,216643.32
002003.SZ,20250725,11.21,0.901,1.333,0.99,18.71,18.1298,3.182,2.8032,2.7,5.8001,4.4607,116888.9653,101826.5037,68829.7475,1310325.301,1141475.1065
603230.SH,20250725,13.35,0.8814,3.1156,0.97,13.9597,12.9443,1.7247,2.6062,2.5629,3.3708,3.5955,35352.3,35352.3,10000.67,471953.205,471953.205
301289.SZ,20250725,50.53,2.1634,8.8063,1.02,52.3565,49.1609,4.0812,13.3104,12.7267,0.7916,0.8114,7800.0,7755.21,1905.21,394134.0,391870.7613
000920.SZ,20250725,11.18,1.7076,3.2649,0.43,26.7292,25.3994,2.8886,3.0303,2.982,1.5474,1.7621,47262.1118,42197.75,22070.1104,528390.4099,471770.845
300019.SZ,20250725,22.08,8.5479,13.9438,0.64,36.5433,32.3508,3.4529,2.7477,2.5066,1.3516,1.3587,39311.67,34529.2811,21167.3019,868001.6736,762406.5267
300024.SZ,20250725,17.61,2.9058,3.9116,1.38,,,6.297,6.662,6.7353,0.0,,156561.995,153329.7954,113902.5783,2757056.732,2700137.697
920061.BJ,20250725,42.5,8.932,16.0247,0.73,149.8268,244.183,10.9308,24.0946,24.6907,0.4471,0.3341,7079.0,3748.94,2089.62,300857.5,159329.95
300772.SZ,20250725,12.91,2.8119,4.7053,1.18,21.856,22.4286,1.5892,0.4577,0.4524,0.3454,0.4648,78692.9305,69782.1899,41702.1899,1015925.7328,900888.0716
600392.SH,20250725,22.35,13.9117,18.8608,0.96,189.075,66.2756,4.1268,3.4452,3.4135,0.3132,0.5369,175282.657,175282.657,129288.376,3917567.384,3917567.384
600475.SH,20250725,14.4,1.2603,4.0065,0.52,19.5456,21.2786,1.5963,1.5105,1.6832,3.0937,3.0996,95596.5729,94288.5729,29660.5809,1376590.6498,1357755.4498
688543.SH,20250725,52.95,4.4558,4.4558,0.51,55.6451,56.8675,5.3009,9.1812,9.6531,1.0501,1.4164,20884.2028,11596.2028,11596.2028,1105818.5383,614018.9383
000898.SZ,20250725,2.83,0.5961,2.3026,0.6,,,0.5622,0.2523,0.2578,0.0,,936922.1258,795719.7673,205994.2606,2651489.616,2251886.9415
600546.SH,20250725,10.27,3.982,9.4602,0.98,8.9755,10.4942,1.3164,0.6887,0.7348,6.3291,6.7186,198245.614,198245.614,83444.9858,2035982.4558,2035982.4558
301231.SZ,20250725,25.55,6.879,6.879,0.54,,,2.4876,8.1118,7.3349,0.1945,,8440.0,5390.0,5390.0,215642.0,137714.5
301551.SZ,20250725,49.73,4.9782,4.9782,1.2,76.0758,70.4136,8.2278,32.4356,32.5039,0.189,0.7923,40001.0,3788.2341,3788.2341,1989249.73,188388.8818
600961.SH,20250725,12.26,2.7302,4.3974,0.54,16.7232,14.5443,4.2286,0.6657,0.6532,0.0,,107287.2703,75181.2398,46677.3173,1315341.9339,921721.9999
603596.SH,20250725,50.02,3.2288,4.8052,1.97,25.0963,23.9012,4.589,3.0531,2.8314,0.4855,0.6976,60651.082,60629.732,40740.0609,3033767.1216,3032699.1946
301137.SZ,20250725,34.7,8.6169,17.7369,0.63,155.839,156.5,4.6828,4.011,3.8733,0.3689,0.2594,18181.34,10170.18,4940.8234,630892.498,352905.246
605122.SH,20250725,15.0,8.9277,26.8937,0.79,,,1.2648,1.8305,1.9358,0.1533,,17235.4,17235.4,5721.49,258531.0,258531.0
301012.SZ,20250725,21.95,4.7576,5.9385,0.29,61.4585,59.404,3.8716,3.2425,3.03,0.3254,0.4621,19696.0162,15682.9162,12564.3882,432327.5556,344240.0106
600828.SH,20250725,3.96,0.9309,6.888,1.21,184.6372,,0.9794,2.5255,2.707,0.6818,,173198.2546,173136.0181,23397.9684,685865.0882,685618.6317
600165.SH,20250725,4.31,0.6937,0.9798,0.76,,,382.5168,8.5482,7.6623,0.0,,68488.3775,68488.3775,48488.3775,295184.907,295184.907
000682.SZ,20250725,10.58,1.6987,2.9011,1.26,20.7409,20.1661,2.7414,1.8801,1.8487,1.1059,0.775,134072.7007,134059.4657,78496.9419,1418489.1734,1418349.1471
920110.BJ,20250725,38.67,3.828,5.7762,1.09,33.6779,31.643,4.5057,7.5373,7.5603,2.0688,2.586,3900.0,1623.9,1076.2,150813.0,62796.213
002443.SZ,20250725,6.84,2.5953,3.297,0.6,17.6797,19.9462,1.0451,0.7712,0.7987,0.8772,2.8788,52053.552,51942.6572,40886.7293,356046.2957,355287.7752
301141.SZ,20250725,67.97,24.3847,24.3847,0.79,509.0641,324.8152,6.6954,15.429,14.3764,0.3153,0.1471,12403.2605,4451.2605,4451.2605,843049.6162,302552.1762
300886.SZ,20250725,30.13,11.3788,16.6278,0.92,102.0226,81.4944,3.9396,6.5289,6.1889,0.0,0.3308,7479.8,4364.63,2986.815,225366.374,131506.3019
600050.SH,20250725,5.47,0.8946,2.1731,0.83,18.9389,18.6109,1.0333,0.439,0.4347,2.7131,2.8898,3126442.5327,3076682.6127,1266637.6291,17101640.6539,16829453.8915
300149.SZ,20250725,11.5,15.8412,23.2111,1.28,,,4.693,5.9025,5.7446,0.0,,49796.3992,49708.4411,33925.2712,572658.5908,571647.0727
002197.SZ,20250725,6.9,2.6077,3.0333,1.07,,,1.9784,4.5824,4.7655,0.0,,61436.2928,53400.0012,45908.5058,423910.4203,368460.0083
688270.SH,20250725,47.27,3.6474,3.6474,0.95,566.8589,219.9909,4.6834,33.3518,31.4094,0.2569,,21405.16,14423.1696,14423.1696,1011821.9132,681783.227
300093.SZ,20250725,13.11,3.1663,4.2127,1.59,,,,22.8969,18.567,0.0,,21600.0,21565.68,16208.6774,283176.0,282726.0648
600026.SH,20250725,10.38,1.09,3.009,1.14,12.2681,14.1143,1.3936,2.1305,2.1383,5.4913,4.1426,477077.6395,347477.6395,125870.4041,4952065.898,3606817.898
002145.SZ,20250725,4.38,1.2589,1.9233,0.99,29.5062,29.38,1.4336,2.4253,2.2316,1.1072,0.3507,380667.2183,374826.5532,245352.0302,1667322.4162,1641740.303
300310.SZ,20250725,6.52,4.4219,4.4362,1.61,,,3.0336,2.2972,2.3216,0.0,,88165.8531,69174.0446,68950.4782,574841.3622,451014.7708
600338.SH,20250725,12.45,8.7073,9.4621,0.76,49.5711,29.9314,3.0207,6.9424,5.9729,0.0,0.4418,91421.0168,91421.0168,84128.0672,1138191.6592,1138191.6592
300255.SZ,20250725,42.44,2.5523,3.6774,0.75,,,24.9079,37.8391,39.1933,0.0,,91906.0878,91729.8698,63665.397,3900494.3662,3893015.6743
002116.SZ,20250725,10.66,1.9679,3.7423,0.95,14.8147,14.3045,1.9409,0.7283,0.7264,2.4561,2.9022,46605.6258,45717.3227,24040.3792,496815.971,487346.66
000959.SZ,20250725,4.32,0.5694,2.8372,0.56,71.2887,40.7927,0.6746,0.3101,0.3189,0.6963,0.5093,777398.102,650726.3647,130589.0145,3358359.8006,2811137.8955
000027.SZ,20250725,6.69,0.3761,1.4973,0.68,15.8726,14.1348,0.9965,0.7722,0.7691,2.0927,2.2422,475738.9916,475738.9916,119510.6804,3182693.8538,3182693.8538
688685.SH,20250725,53.7,1.3631,2.249,0.81,171.4736,100.0423,10.0929,16.38,13.1264,0.1103,0.2924,14542.6667,14542.6667,8814.4333,780941.2018,780941.2018
688191.SH,20250725,27.52,0.9605,1.9152,0.6,124.18,149.2051,7.8381,6.5673,6.3789,0.7231,1.4611,23165.037,23165.037,11618.0061,637501.8182,637501.8182
603976.SH,20250725,21.57,2.648,9.2001,1.95,61.2489,75.6443,2.7809,4.0711,4.5488,1.3908,1.6041,15120.2102,15120.2102,4351.986,326142.934,326142.934
688063.SH,20250725,45.0,1.9186,2.8781,0.91,268.5938,,1.2224,5.5074,5.4893,1.6421,0.9756,24535.9249,24535.9249,16355.5814,1104116.6205,1104116.6205
002217.SZ,20250725,2.52,1.3858,2.4058,0.95,12.4064,9.8712,10.1334,14.2072,13.9028,0.0,,747939.8928,568036.4278,327204.1088,1884808.5299,1431451.7981
920689.BJ,20250725,42.23,7.5815,11.4153,0.75,56.7132,58.789,6.9152,5.8625,5.7719,1.184,0.9472,7340.0,3793.0617,2519.162,309968.2,160180.9956
000532.SZ,20250725,15.72,2.1234,4.0914,0.64,34.6169,63.8537,3.6082,11.1529,10.852,0.4135,0.3817,34470.834,34354.9746,17830.1088,541881.5105,540060.2007
002326.SZ,20250725,13.54,3.0972,3.8961,0.78,,,4.6184,2.7302,2.5955,0.0,,92540.0795,80403.2935,63915.3335,1252992.6764,1088660.594
002808.SZ,20250725,5.07,6.8176,8.7023,1.17,,,4.8472,8.4253,8.1205,0.3945,,26880.0,18686.1056,14639.1808,136281.6,94738.5554
603903.SH,20250725,8.23,1.1127,2.0222,0.71,,,1.3832,1.9861,2.0918,2.3329,,25531.948,25531.948,14048.1904,210127.932,210127.932
300086.SZ,20250725,7.61,43.4603,60.8544,2.3,,,3.0644,7.3252,7.2082,0.0,,45512.4411,44068.2522,31472.2026,346349.6768,335359.3992
600298.SH,20250725,35.07,2.1607,3.5181,1.79,22.9853,22.1315,2.8386,2.0034,1.9631,1.4086,1.5683,86813.8471,85715.0471,52644.2726,3044561.6178,3006026.7018
600509.SH,20250725,6.67,2.2059,3.3645,1.19,36.8996,32.5196,1.2112,0.9888,0.9965,2.3732,0.8246,137439.7407,137439.7407,90112.1667,916723.0705,916723.0705
002224.SZ,20250725,4.67,2.6292,3.2472,0.88,127.2521,89.2207,1.3091,4.7101,4.4726,0.6424,0.6424,90211.6324,80638.0369,65291.6384,421288.3233,376579.6323
002613.SZ,20250725,4.17,13.2472,17.4341,1.19,75.9317,118.1111,2.092,2.8087,2.8594,1.3273,0.7194,110056.8692,77225.6538,58679.5262,458937.1446,322030.9763
300711.SZ,20250725,21.85,1.1733,3.5055,0.81,73.6983,66.3176,7.6304,10.0149,10.0223,0.4577,0.9153,24917.0606,24842.6804,8314.9239,544437.7741,542812.5667
003007.SZ,20250725,39.36,6.8111,12.7986,0.5,123.9577,226.2698,4.7749,9.7985,10.2691,0.4975,0.1614,10400.0,7406.7636,3941.7009,409344.0,291530.2153
603337.SH,20250725,43.49,1.192,3.4408,0.87,25.5086,23.8142,4.584,3.4002,3.3112,1.7919,1.7701,47642.7291,47103.9291,16319.0371,2071982.2886,2048549.8766
301378.SZ,20250725,31.27,8.7584,11.4387,0.67,,,2.2783,6.8877,7.3047,1.1421,,9660.0,4386.2109,3358.4648,302068.2,137156.8148
920981.BJ,20250725,36.3,5.2522,7.9761,1.29,468.5869,369.9325,5.5526,5.285,5.2277,,0.4132,7646.8,3730.9618,2456.8096,277578.84,135433.9133
601100.SH,20250725,75.63,0.9723,2.9231,0.87,40.4217,40.1698,6.5549,10.7997,10.7305,0.9256,0.9256,134082.0992,134082.0992,44598.9514,10140629.1625,10140629.1625
688075.SH,20250725,41.89,1.3368,5.3473,1.63,27.684,34.0957,1.0369,9.8456,10.1094,1.9098,2.8646,12708.2805,12708.2805,3177.0805,532349.8701,532349.8701
600478.SH,20250725,5.79,1.9644,2.7578,0.62,123.4097,118.5455,3.4387,2.4487,2.3027,0.2591,0.2591,166554.0916,166554.0916,118634.0779,964348.1904,964348.1904
688600.SH,20250725,22.32,1.1385,2.0595,0.88,208.6926,70.6248,4.1367,4.0613,3.9577,0.8563,0.4168,13470.849,13470.849,7447.0147,300669.3497,300669.3497
301336.SZ,20250725,56.21,4.3734,4.8777,0.54,77.6205,72.9276,2.7608,6.4735,6.1987,0.2612,0.4836,4000.0,2574.6624,2308.4694,224840.0,144721.7735
301285.SZ,20250725,39.06,13.3624,13.3624,3.07,,,8.0156,9.7221,9.5897,0.2359,0.1278,20667.0,7870.9808,7870.9808,807253.02,307440.51
603266.SH,20250725,22.32,15.2817,34.1005,2.15,40.2899,43.1745,2.9386,3.2485,3.3174,0.7616,0.7616,19888.675,19888.675,8912.865,443915.226,443915.226
603076.SH,20250725,28.61,2.6015,5.1813,0.96,163.6618,129.7801,2.7219,2.317,2.3372,0.5243,1.3981,12070.1344,12070.1344,6060.3001,345326.5452,345326.5452
300880.SZ,20250725,20.71,1.1217,2.5129,0.7,20.9318,22.5795,4.0538,3.9845,4.2341,1.4415,2.1729,19513.728,19510.953,8708.793,404129.3069,404071.8366
300175.SZ,20250725,5.02,0.9594,1.2615,0.45,,,4.5603,9.6319,10.3177,0.0,,47080.0,47080.0,35804.704,236341.6,236341.6
301281.SZ,20250725,37.38,22.3562,38.1225,4.58,66.9639,65.2873,2.9746,8.7292,9.4434,0.8026,0.535,10829.0,6885.2,4037.69,404788.02,257368.776
300508.SZ,20250725,30.36,1.6426,2.7678,0.86,34.3372,35.1962,4.4879,7.0361,6.8971,0.2664,0.6192,10792.502,8107.2148,4811.2201,327660.3607,246135.0413
002058.SZ,20250725,14.19,1.8579,3.5026,0.31,,,16.9414,12.5234,13.2386,0.0,,14344.8332,14303.5097,7586.9241,203553.1831,202966.8026
688303.SH,20250725,26.3,1.0829,4.3305,0.79,,,1.4247,7.6134,10.573,1.5833,,214520.5724,214520.5724,53645.5724,5641891.0541,5641891.0541
600262.SH,20250725,23.53,3.2485,5.8557,0.51,22.3583,21.0053,2.4381,1.3706,1.3462,1.0667,1.343,17000.0,17000.0,9430.8501,400010.0,400010.0
002375.SZ,20250725,4.1,0.5755,1.2413,0.7,18.1483,18.0406,0.6872,0.4527,0.4696,0.4728,1.6548,133999.6498,132679.3698,61510.567,549398.5642,543985.4162
000799.SZ,20250725,48.47,3.2276,4.6778,0.76,1260.6214,,3.9388,11.0651,12.3673,2.0631,2.0631,32492.898,32490.048,22417.3189,1574930.7661,1574792.6266
300333.SZ,20250725,14.39,5.3224,6.2146,0.88,,,8.2622,37.7618,35.64,0.0,,33600.0,33478.0067,28671.4571,483504.0,481748.5164
301230.SZ,20250725,38.31,19.1237,21.1286,1.44,313.0313,210.6221,5.343,9.8216,9.1697,0.9147,1.106,13958.6605,7686.0305,6956.7105,534756.2838,294451.8285
002386.SZ,20250725,5.34,1.8141,2.6785,0.94,,,0.9283,0.52,0.5149,1.4981,,130164.7073,130141.5367,88141.882,695079.537,694955.806
300720.SZ,20250725,21.88,1.6489,4.0947,1.03,89.1499,85.9849,7.5406,18.0346,17.8742,1.1883,1.0512,19487.7256,17330.2051,6978.4936,426391.4361,379184.8876
600006.SH,20250725,7.42,1.5199,3.8099,0.65,508.8787,368.6117,1.763,1.3568,1.4437,0.4057,0.0674,200000.0,200000.0,79785.462,1484000.0,1484000.0
603520.SH,20250725,10.41,2.5972,3.5752,1.09,,,1.756,1.9419,1.9065,0.4803,1.4409,43840.9881,43840.9881,31848.3625,456384.6861,456384.6861
300703.SZ,20250725,24.69,8.3213,12.441,1.03,41.2653,36.5084,5.0581,2.2965,2.1524,0.6075,0.6075,18039.184,16966.1583,11347.9458,445387.453,418894.4484
002983.SZ,20250725,21.3,4.08,8.1715,2.15,40.1858,36.7581,3.5963,4.0215,3.9929,1.3665,1.1727,22343.522,12812.8469,6397.4964,475917.0186,272913.639
002668.SZ,20250725,10.2,2.0999,4.7182,1.65,10.8491,10.0911,4.0604,0.6023,0.5894,0.0,,108411.1428,108411.1428,48250.6196,1105793.6566,1105793.6566
920694.BJ,20250725,21.77,6.5254,12.0402,1.03,27.4315,23.647,3.5052,4.7984,4.3586,1.0672,1.0661,13208.8476,6249.0441,3386.7634,287556.6123,136041.6901
600960.SH,20250725,4.71,1.496,2.7081,0.55,,,1.2703,1.059,1.1006,0.0,,95051.5518,95051.5518,52508.6638,447692.809,447692.809
601099.SH,20250725,4.14,3.8446,4.3157,1.0,128.2405,111.4681,2.8891,21.3883,20.9006,0.0,,681631.637,681631.637,607227.6395,2821954.9772,2821954.9772
600526.SH,20250725,4.97,1.1273,1.6907,0.68,18.3368,18.124,1.0244,1.031,1.0255,0.0,2.0121,88970.314,71162.6073,47448.3375,442182.4606,353678.1583
300938.SZ,20250725,23.95,4.2727,5.2241,0.64,31.1412,31.8449,3.9068,7.5646,7.7193,0.6377,1.1772,22898.8343,15313.0936,12524.1357,548427.0815,366748.5917
002968.SZ,20250725,10.82,1.9447,3.9652,1.23,21.5191,22.629,2.0421,0.7228,0.7504,2.6171,2.6171,22627.7783,21309.9533,10451.2607,244832.5612,230573.6947
301041.SZ,20250725,25.68,3.3091,4.0344,0.77,70.1314,88.93,4.099,4.0131,4.0153,0.2328,,10668.0,7892.0639,6473.2681,273954.24,202668.201
300067.SZ,20250725,5.47,2.7215,3.4617,0.65,,,2.5025,6.4866,6.1173,0.7313,0.1828,115437.4574,93748.3681,73701.4864,631442.892,512803.5735
920527.BJ,20250725,21.81,6.8716,8.6939,0.82,56.5651,53.5125,3.4579,3.4424,3.3965,0.3668,0.6786,6004.27,3634.7987,2872.8987,130953.1287,79274.9596
603329.SH,20250725,12.29,3.0612,5.5637,1.49,59.7274,52.8721,2.2555,0.5041,0.4764,0.6259,0.1878,20638.3053,20638.3053,11355.2483,253644.7721,253644.7721
000700.SZ,20250725,7.58,1.6645,2.6767,0.6,11.1102,11.0404,1.9118,0.9751,1.0048,1.438,4.3008,91801.5389,91801.5389,57087.0307,695855.6649,695855.6649
603069.SH,20250725,22.83,12.0071,27.9978,1.38,,,9.1238,8.6155,9.2765,0.0,,31600.0,31600.0,13551.93,721428.0,721428.0
600976.SH,20250725,40.72,1.549,2.1357,1.01,17.2467,16.7539,2.5946,1.7821,1.8227,2.947,2.2102,15339.86,15329.86,11118.5986,624639.0992,624231.8992
300947.SZ,20250725,23.48,3.3043,5.4979,0.63,103.9241,129.8821,2.7939,2.8173,2.8504,0.0,,15113.7696,15107.7731,9079.9165,354871.3102,354730.5124
300846.SZ,20250725,21.91,23.6756,25.657,1.93,,,12.1297,7.8729,7.9751,0.0,,50190.8216,39170.3819,36145.2965,1099680.9013,858223.0674
000007.SZ,20250725,7.28,2.4212,3.9427,1.15,44.7017,43.8228,13.9324,8.2081,7.0178,0.0,,34644.8044,34644.8044,21275.216,252214.176,252214.176
003816.SZ,20250725,3.75,0.4075,2.3819,0.89,17.5117,18.5017,1.609,2.1816,2.1605,2.5067,2.5333,5049861.11,3933498.61,672983.2225,18936979.1625,14750619.7875
000788.SZ,20250725,6.77,3.5905,5.4423,0.57,29.2395,28.9057,2.6157,1.9586,1.9507,1.1226,1.1817,59598.7425,59598.7425,39320.3001,403483.4867,403483.4867
920931.BJ,20250725,18.53,3.9195,3.9195,0.58,44.4429,46.9304,4.46,4.341,4.5629,0.5397,0.5397,9393.0,2877.58,2877.58,174052.29,53321.5574
002632.SZ,20250725,9.18,1.4007,3.1077,0.86,33.7409,32.5842,2.7363,3.9785,3.9302,4.6841,2.8322,62459.909,58080.0011,26177.3298,573381.9646,533174.4101
301277.SZ,20250725,14.81,8.5735,8.5735,0.65,33.443,33.3177,3.9035,7.9934,7.6239,1.378,1.9292,39207.84,10101.84,10101.84,580668.1104,149608.2504
300142.SZ,20250725,12.86,7.367,7.367,1.63,144.679,157.3903,2.1843,7.2898,7.6632,0.0778,0.0778,159934.8541,155941.0251,155941.0251,2056762.2237,2005401.5828
920508.BJ,20250725,30.6,5.7549,9.5459,0.66,425.5263,618.9278,9.6504,22.7762,22.7867,0.5447,0.5447,6000.0,3124.5,1883.669,183600.0,95609.7
002332.SZ,20250725,10.64,5.1474,6.5703,0.8,26.4997,26.9847,1.8346,2.6308,2.6505,2.8195,2.8195,98920.4866,98457.3711,77135.1903,1052513.9774,1047586.4285
002762.SZ,20250725,6.42,4.4981,5.7888,0.8,43.5822,45.9263,2.6812,10.1155,8.8352,0.7788,0.7788,35402.5,21137.8434,16424.9434,227284.05,135704.9546
603232.SH,20250725,16.69,3.9392,5.5297,0.47,107.0211,103.3784,2.902,7.4435,7.4841,0.3523,0.2972,23604.9995,23129.9995,16477.1586,393967.4417,386039.6917
300025.SZ,20250725,6.8,2.9601,3.2758,0.9,,,6.1144,5.0077,5.191,0.0,,50879.2922,43127.2121,38971.1381,345979.187,293265.0423
300605.SZ,20250725,16.73,28.3087,33.6328,2.22,,,5.9007,12.113,11.7072,0.2389,,16458.2684,11893.1198,10010.4173,275346.8303,198971.8943
300033.SZ,20250725,289.12,3.2352,4.5292,0.74,85.2486,84.4828,23.9866,37.1241,36.0114,0.7609,1.0376,53760.0,27550.5581,19679.3199,15543091.2,7965417.3579
301223.SZ,20250725,17.34,1.0998,2.34,0.8,23.3199,23.637,1.1563,1.2038,1.142,1.7301,2.0058,19312.756,11201.506,5264.48,334883.189,194234.114
000655.SZ,20250725,8.5,3.4429,8.2783,0.57,24.8103,21.9066,1.5138,3.2743,3.1214,2.2353,2.1176,59534.023,59534.023,24760.0085,506039.1955,506039.1955
605009.SH,20250725,39.9,1.5112,4.5785,1.12,22.1444,21.8699,2.6298,2.9294,2.6811,3.0506,3.0327,21506.764,21461.964,7083.5961,858119.8836,856332.3636
688458.SH,20250725,40.82,2.3211,2.5048,0.93,,,2.4412,11.2649,10.4752,0.1731,,11153.6629,8506.8541,7882.8512,455292.5196,347249.7844
603271.SH,20250725,37.06,4.8539,4.8539,1.01,22.8222,22.1871,2.783,0.8988,0.8655,,0.877,19672.0,3857.0371,3857.0371,729044.32,142941.7949
600674.SH,20250725,15.81,0.6893,2.0377,1.08,17.0968,16.3504,1.8511,47.8983,44.9341,2.53,2.53,487460.6828,487460.6828,164901.6785,7706753.3951,7706753.3951
603198.SH,20250725,41.37,1.01,3.6357,0.73,12.782,13.2128,3.4939,4.5067,4.6835,3.1424,3.6258,80000.0,80000.0,22223.415,3309600.0,3309600.0
002603.SZ,20250725,16.06,2.8393,5.2243,1.07,,,2.5434,4.1199,4.2265,1.868,,167070.5376,137684.8989,74828.1309,2683152.8339,2211219.4763
002351.SZ,20250725,13.52,3.6381,4.6572,1.37,26.7582,27.1899,4.4982,4.0841,4.1129,1.4768,1.8491,88910.7,52104.4175,40702.6633,1202072.664,704451.7246
300816.SZ,20250725,32.55,2.9276,4.8102,0.68,52.2076,47.6071,3.0844,2.7511,2.7376,0.0,0.3508,8000.0,4559.6547,2775.148,260400.0,148416.7605
001266.SZ,20250725,30.21,22.5352,22.5352,2.17,179.3808,131.2686,3.2272,4.0019,3.5377,0.6612,0.9894,10316.976,3527.16,3527.16,311675.845,106555.5036
002190.SZ,20250725,34.5,3.4845,7.1234,0.6,,,3.6439,5.2286,5.1889,0.0348,,35872.9343,35872.9343,17547.96,1237616.2334,1237616.2334
603025.SH,20250725,14.01,0.295,1.6126,0.82,26.7766,25.8917,7.0387,6.1863,5.9908,2.127,2.4815,111665.4773,110917.4773,20287.5129,1564433.337,1553953.857
600023.SH,20250725,5.25,0.6972,2.6001,0.81,9.0794,10.0383,0.9931,0.7999,0.8226,4.7619,5.5238,1340873.2749,1340873.2749,359556.5748,7039584.6932,7039584.6932
002683.SZ,20250725,37.44,1.9896,2.9943,0.49,31.6947,31.0686,4.5407,2.0843,1.8826,2.0156,1.7215,76000.2247,65117.9364,43268.4891,2845448.4128,2438015.5388
600212.SH,20250725,9.07,5.2522,6.0826,0.53,454.5078,437.6563,12.8064,6.2929,6.0085,0.0,,70426.7213,51481.7213,44453.6728,638770.3622,466939.2122
000720.SZ,20250725,3.69,1.4749,2.8182,1.0,,,1.9506,3.9978,3.6013,0.0,,125653.1571,125653.1571,65761.185,463660.1497,463660.1497
000969.SZ,20250725,14.05,3.6713,5.7115,0.69,39.6421,39.2319,2.7248,1.9493,1.9778,0.5694,1.4235,105071.8097,103359.2054,66438.0425,1476258.9263,1452196.8359
603585.SH,20250725,19.48,3.3194,10.6916,1.22,,137.8777,1.4983,1.5767,1.4735,0.2472,,18688.6904,18273.1904,5673.1904,364055.689,355961.749
600728.SH,20250725,5.76,1.9966,2.3723,1.07,,65.2277,1.5918,1.5454,1.3484,0.3214,,213259.9261,213259.9261,179484.5557,1228377.1743,1228377.1743
688362.SH,20250725,29.45,3.3783,3.8013,1.39,181.8775,95.4539,4.7447,3.3424,3.1513,,,40962.593,27857.74,24757.74,1206348.3639,820410.443
300791.SZ,20250725,23.57,1.8824,3.3904,1.29,22.2835,21.9054,3.2475,1.7201,1.719,2.7414,2.1177,30731.896,25662.9897,14248.4697,724350.7887,604876.6672
002821.SZ,20250725,114.48,4.3503,6.9541,1.45,43.5015,41.5472,2.4594,7.1117,6.9425,1.5536,0.9567,36059.372,31701.6913,19831.657,4128076.9066,3629209.62
601127.SH,20250725,129.16,0.8957,1.8893,0.94,35.4806,32.5856,9.7934,1.4532,1.5314,0.2369,0.9879,163336.6086,150978.2193,71580.6827,21096556.3668,19500346.8048
000516.SZ,20250725,5.58,1.6414,2.3844,0.76,,,3.6151,2.5944,2.6927,0.0,,223889.6753,220485.6269,151778.4345,1249304.3882,1230309.7981
000902.SZ,20250725,14.32,1.521,3.0713,1.5,13.6639,12.0946,1.6878,1.1545,1.0634,2.095,2.095,125473.3325,114278.2507,56594.2911,1796778.1214,1636464.55
600746.SH,20250725,8.23,0.686,2.7637,0.99,45.1784,39.3501,1.7845,1.5012,1.4749,0.0,0.5991,116784.2884,116608.2347,28942.9346,961134.6935,959685.7716
603773.SH,20250725,25.3,4.4687,6.6285,2.15,,,4.598,2.546,2.5208,0.1819,0.196,22349.0233,20409.5082,13759.5735,565430.2895,516360.5575
301072.SZ,20250725,25.72,6.8066,13.4477,0.71,,,3.5304,3.6208,3.4986,0.2333,,10504.5985,6713.9923,3398.2923,270178.2734,172683.882
600004.SH,20250725,9.59,0.834,1.9487,1.03,24.5147,21.9483,1.2424,3.0574,2.9935,0.7789,1.6371,236671.8283,236671.8283,101297.3731,2269682.8334,2269682.8334
300901.SZ,20250725,16.48,1.1385,2.7714,0.69,,,4.0335,11.0394,10.9256,0.8986,,24000.0,24000.0,9859.6596,395520.0,395520.0
600590.SH,20250725,9.14,2.9578,4.5558,0.64,,,2.4468,1.7896,1.76,0.0,,85286.975,84356.9523,54768.4677,779522.9515,771022.544
601083.SH,20250725,12.18,8.3418,8.3418,0.84,15.4436,12.5788,1.8344,2.6404,2.4685,3.2594,3.2677,129412.0,19412.0,19412.0,1576238.16,236438.16
920370.BJ,20250725,5.08,5.1712,10.0311,0.9,,,2.4581,3.2507,3.3353,,,30028.3343,26156.2412,13483.9612,152543.9382,132873.7053
688766.SH,20250725,65.67,2.8747,4.9535,1.5,33.2484,37.2564,4.4012,5.3906,5.3865,0.2058,0.6717,14804.9102,14804.9102,8591.869,972238.4528,972238.4528
000099.SZ,20250725,22.32,1.8761,3.0569,0.69,57.1025,55.6939,3.2573,8.004,7.8648,0.366,0.56,77577.0137,77577.0137,47609.5662,1731518.9458,1731518.9458
300014.SZ,20250725,47.1,1.4367,2.2001,0.78,23.6416,23.438,2.5806,1.982,1.8496,1.059,1.058,204572.1497,186143.4646,121556.2471,9635348.2509,8767357.1827
301335.SZ,20250725,33.33,21.6018,21.6018,1.66,92.0284,87.0112,2.2495,1.5304,1.4948,1.319,0.5772,12690.28,5077.7804,5077.7804,422967.0324,169242.4207
920108.BJ,20250725,18.03,4.7513,4.7513,0.53,47.4427,67.5981,6.6502,6.7072,6.3561,,0.4239,17220.0,3260.285,3260.285,310476.6,58782.9386
688652.SH,20250725,59.25,3.7772,4.9377,0.84,65.0963,61.9231,4.7171,9.6974,8.6917,0.1266,,16800.0,10221.0,7818.7353,995400.0,605594.25
688671.SH,20250725,22.34,1.699,2.5344,0.68,,,1.6073,5.3258,5.2546,0.4029,0.4029,7851.89,4586.5622,3074.7475,175411.2226,102463.7995
603186.SH,20250725,31.49,5.0437,8.5338,0.81,,,3.1423,1.1571,1.1069,0.0,,14201.2027,14201.2027,8393.1778,447195.873,447195.873
688767.SH,20250725,35.5,2.3785,5.6699,1.73,31.2734,38.2446,2.2892,9.4768,10.361,1.5778,3.0158,14933.3334,14933.3334,6264.5334,530133.3357,530133.3357
688522.SH,20250725,45.77,9.672,9.672,3.3,181.0153,147.4585,6.2041,40.1653,37.282,0.1673,0.1559,30299.5606,12100.9841,12100.9841,1386810.8887,553862.0423
300660.SZ,20250725,47.04,2.5834,6.5654,0.51,71.422,66.7614,6.2429,5.9766,5.6762,1.1477,0.7896,44713.6548,44677.8565,17580.182,2103330.3218,2101646.3698
301269.SZ,20250725,110.56,1.7845,2.706,1.33,548.3038,538.2326,12.0396,49.1082,48.2841,0.1357,0.1357,54294.1768,26232.1446,17299.2832,6002764.187,2900225.907
600626.SH,20250725,3.89,1.121,2.1143,0.92,89.241,329.451,1.6226,0.4345,0.452,0.0,,132074.4667,110797.871,58746.4337,513769.6755,431003.7182
002930.SZ,20250725,11.76,6.8919,14.6044,2.29,33.9806,45.1209,2.2468,3.71,3.8616,2.9814,2.551,45748.9639,43298.1707,20432.5012,538007.8155,509186.4874
688052.SH,20250725,165.0,1.4539,2.2201,1.05,,,3.9757,11.9969,10.1592,,,14252.8433,14252.8433,9334.0553,2351719.1445,2351719.1445
000407.SZ,20250725,3.52,1.2684,1.8257,0.84,26.4232,24.8358,1.05,0.7331,0.7451,1.5625,1.1932,88008.4656,87576.1747,60840.8573,309789.7989,308268.1349
000668.SZ,20250725,7.94,0.686,1.161,0.72,,,1.6212,8.7361,5.6924,0.0,,14684.189,14684.189,8677.2104,116592.4607,116592.4607
603551.SH,20250725,11.45,0.3546,1.1863,0.84,15.0238,15.0897,3.5898,2.3942,2.4404,9.4972,7.2386,39015.865,38987.865,11654.9088,446731.6543,446411.0543
603617.SH,20250725,7.93,6.3186,11.0621,0.37,38.9743,36.8261,2.0818,2.787,2.6325,0.5033,1.0088,39047.1337,38364.1337,21913.2122,309643.7702,304227.5802
603601.SH,20250725,4.54,2.5925,4.5146,0.66,51.1092,50.4452,2.1998,3.1431,3.1767,1.9824,1.5418,102165.2765,102165.2765,58669.5525,463830.3553,463830.3553
600724.SH,20250725,4.82,0.6293,2.7323,0.49,33.2004,34.8106,2.541,4.0964,4.6966,3.112,2.9046,144524.1071,144494.2664,33279.4209,696606.1962,696462.364
300993.SZ,20250725,14.24,3.0503,6.9344,0.86,23.64,24.4892,3.0407,5.7028,5.7608,1.9278,1.377,30813.12,24126.57,10612.9525,438778.8288,343562.3568
600232.SH,20250725,6.39,2.3258,4.675,0.81,104.253,243.9271,2.5141,1.7816,1.7589,3.9124,3.1299,36471.8544,36471.8544,18144.5093,233055.1496,233055.1496
603083.SH,20250725,47.69,6.8461,7.9274,0.58,76.6845,74.244,5.589,3.4999,3.4582,0.3418,0.5243,26801.9841,26801.9841,23146.3388,1278186.6217,1278186.6217
002749.SZ,20250725,15.7,1.0222,2.1077,1.49,19.9487,19.3763,3.8694,3.6864,3.6512,5.2133,5.758,46635.855,42280.8197,20505.3442,732182.9235,663808.8693
001330.SZ,20250725,4.84,2.0499,2.5154,1.01,,,1.5378,4.5521,4.3005,0.0,,137451.8984,105517.8085,85990.8469,665267.1883,510706.1931
603035.SH,20250725,13.67,1.0374,1.5051,0.8,12.2103,12.7103,1.0195,0.9167,0.8737,3.1544,2.4576,38003.0933,38003.0933,26193.4051,519502.2854,519502.2854
600649.SH,20250725,4.57,1.0348,2.1743,0.92,47.6289,42.5825,0.5551,1.2256,1.0184,1.2999,0.8666,252957.5634,252957.5634,120390.4091,1156016.0647,1156016.0647
002571.SZ,20250725,6.1,4.2265,6.112,1.51,,,2.2958,1.2865,1.2826,0.0,,39195.07,29830.6188,20627.99,239089.927,181966.7747
600184.SH,20250725,18.67,6.4539,15.1909,1.17,,,3.2353,8.3881,7.9245,0.2666,,58272.7468,50876.0826,21614.706,1087952.1828,949856.4621
300212.SZ,20250725,23.64,4.3073,6.6411,1.97,,,27.9604,36.6144,35.8324,0.0,,71989.2422,69852.6621,45305.7407,1701825.6856,1651316.932
000078.SZ,20250725,2.74,1.6881,3.1444,0.98,,,3.9634,0.2378,0.2435,0.0,,263112.3257,262644.1138,140999.601,720927.7724,719644.8718
603970.SH,20250725,14.59,3.6804,9.1326,2.19,19.2833,19.5622,2.6987,0.3701,0.3655,3.0843,3.0843,26880.0134,26880.0134,10832.6534,392179.3955,392179.3955
300882.SZ,20250725,16.42,1.5146,4.6958,0.68,39.5185,41.9768,3.9721,5.0133,4.9668,2.6101,0.3045,28620.1188,26632.7028,8590.1041,469942.3507,437308.98
300128.SZ,20250725,5.42,3.3235,4.5865,1.47,,,9.5606,3.9172,3.7829,0.0,,129911.5412,129771.7037,94037.7122,704120.5533,703362.6341
300491.SZ,20250725,19.13,2.6962,3.5047,0.79,139.6259,343.688,2.9602,2.7646,2.7003,0.6248,0.3555,17473.8099,15505.2705,11928.3057,334273.9834,296615.8247
002677.SZ,20250725,7.17,1.0902,2.4021,1.31,41.94,112.7538,3.1609,5.2793,6.5913,10.4603,4.1841,64605.1647,52932.4342,24022.7842,463219.0309,379525.5532
688702.SH,20250725,69.28,2.3325,5.5638,2.47,,,12.1992,26.2563,27.038,,,41000.0,20149.1783,8447.1999,2840480.0,1395935.0726
603717.SH,20250725,7.76,3.2648,4.7708,0.71,,,4.2282,2.8091,2.7605,0.0,,29014.624,29014.624,19855.5611,225153.4822,225153.4822
001202.SZ,20250725,13.52,2.4258,4.9945,1.19,27.6282,30.1945,2.9649,2.1669,2.0712,1.6813,,16669.111,11682.3955,5673.971,225366.3807,157945.9872
603351.SH,20250725,29.81,1.4925,3.5135,1.06,27.574,27.2054,2.3963,3.1135,3.0665,1.0064,1.3418,13543.9132,13543.9132,5753.2703,403744.0525,403744.0525
600051.SH,20250725,7.71,1.6007,2.2572,0.72,29.5274,27.2569,0.7168,1.3414,1.2553,1.5564,1.5564,31088.0,31088.0,22046.24,239688.48,239688.48
002988.SZ,20250725,47.54,1.1139,2.4239,0.59,57.8592,63.0852,4.3886,1.816,1.7473,0.495,0.8199,25485.8672,25478.1469,11708.9728,1211598.1267,1211231.1036
600636.SH,20250725,8.51,0.8865,1.5158,1.34,,,1.8473,13.1923,12.5001,0.47,0.47,43863.6802,43863.6802,25654.7641,373279.9185,373279.9185
605089.SH,20250725,25.74,1.3498,5.1902,1.5,40.5824,40.3069,2.9815,5.2856,5.2309,2.6923,1.3846,13800.0,13800.0,3588.8196,355212.0,355212.0
000530.SZ,20250725,6.65,8.637,12.0771,0.94,50.8212,50.4329,1.7967,1.2375,1.2367,0.4511,0.7519,84321.2507,60003.8695,42912.1761,560736.3172,399025.7322
002608.SZ,20250725,7.62,0.5372,2.8549,1.18,8.8909,8.6617,0.8842,0.8009,0.8316,1.3123,1.3123,377807.9704,377807.9704,71091.8133,2878896.7344,2878896.7344
920509.BJ,20250725,25.97,5.236,7.6389,1.74,82.5408,74.3963,13.6904,21.465,20.6633,0.9794,0.9635,16030.5696,8397.126,5755.6853,416313.8925,218073.3622
600641.SH,20250725,14.85,2.4816,3.9284,2.01,128.5096,133.2951,1.6968,23.7689,20.4832,0.3296,0.2851,93062.992,93062.992,58788.3699,1381985.4312,1381985.4312
600993.SH,20250725,28.17,1.4161,2.1633,1.06,22.9936,22.7393,2.8441,3.2572,3.2449,1.42,1.42,43105.3891,43030.7016,28169.398,1214278.8109,1212174.8641
601139.SH,20250725,6.57,0.3908,1.5981,0.94,12.9713,13.9318,1.2508,0.6667,0.63,2.4353,2.4353,287674.0942,287674.0942,70346.9513,1890018.7989,1890018.7989
300410.SZ,20250725,7.25,6.5551,9.7692,0.82,,,11.7126,3.7448,3.8878,0.0,,36711.4797,36711.4797,24633.1876,266158.2278,266158.2278
300301.SZ,20250725,2.49,2.8527,3.0841,1.99,,,165.4686,4.0907,4.2514,0.0,,82986.8769,78987.6719,73061.8561,206637.3235,196679.303
300285.SZ,20250725,18.25,1.9576,2.1986,0.66,30.0855,29.9668,2.7146,4.4966,4.3377,0.5479,0.8172,99704.8299,80394.9847,71583.7612,1819613.1457,1467208.4708
300458.SZ,20250725,41.18,4.4312,5.2207,0.75,203.8177,162.4477,11.4695,14.8545,13.6038,0.2788,0.4658,82529.7512,67558.0017,57340.5276,3398575.1544,2782038.51
605090.SH,20250725,27.65,0.5175,1.1416,0.59,10.8605,10.6959,1.927,0.8294,0.8626,2.7244,4.2656,66132.7037,65883.5091,29867.0609,1828569.2573,1821679.0266
688686.SH,20250725,103.65,0.8129,2.9201,1.36,92.9814,92.6038,4.3403,13.9018,13.3031,0.6368,0.3659,12223.5455,12223.5455,3402.7889,1266970.4911,1266970.4911
002057.SZ,20250725,10.6,13.1465,19.6485,0.99,46.3904,42.7212,2.5825,2.9483,2.8273,2.1938,1.0783,75388.3706,75342.4916,50410.3655,799116.7284,798630.411
002233.SZ,20250725,8.37,1.9714,3.28,0.53,18.5519,18.0094,0.8594,2.333,2.3739,5.866,5.2946,119227.5016,119148.4966,71611.8172,997934.1884,997272.9165
688332.SH,20250725,103.16,6.3559,6.3559,1.66,41.4562,42.8847,3.1674,6.8393,6.8229,0.8006,0.967,12059.82,4431.4351,4431.4351,1244091.0312,457146.8449
301376.SZ,20250725,18.6,1.9081,2.5507,1.58,22.4371,21.7615,2.2836,0.9213,0.8938,3.2187,1.6076,40238.8475,19356.2374,14479.8909,748442.5635,360026.0156
300488.SZ,20250725,34.79,2.4733,6.7752,0.49,46.5992,45.8339,3.8975,9.9026,9.5292,1.5426,1.5642,17313.6506,14415.3848,5262.4479,602341.9044,501511.2372
301185.SZ,20250725,19.82,2.7128,4.0986,1.1,43.377,42.9813,2.9367,14.3099,14.6046,1.0091,1.5136,15341.76,13978.0663,9251.6719,304073.6832,277045.2741
600029.SH,20250725,5.86,0.4533,1.4106,0.76,,,3.1248,0.6095,0.6137,0.0,,1812091.7175,1267334.8439,407245.0931,10618857.4646,7426582.1853
000519.SZ,20250725,21.74,4.3424,7.5309,0.53,,,2.9917,6.6257,7.0357,0.253,,139255.8982,139255.8982,80297.7002,3027423.2269,3027423.2269
002379.SZ,20250725,15.63,2.4408,3.1689,1.05,,,9.3285,5.0948,5.1526,0.0,,113637.3753,113637.3753,87527.7148,1776152.1759,1776152.1759
300649.SZ,20250725,16.6,5.7516,7.7234,0.5,,,4.542,10.5116,12.5745,0.3614,0.3012,13241.6609,10611.6814,7902.5499,219811.5709,176153.9112
920132.BJ,20250725,26.36,10.1029,11.6247,1.39,102.8787,152.1344,8.5114,7.3909,8.7791,0.4878,0.3414,8282.4,2812.3225,2444.1546,218324.064,74132.8211
688418.SH,20250725,26.78,1.8214,2.6661,0.8,187.9436,229.4656,5.6493,5.4186,5.4846,,,19255.4634,19255.4634,13155.2172,515661.3099,515661.3099
605008.SH,20250725,14.61,0.5186,2.9483,0.49,100.1615,711.0026,4.7624,2.5972,2.636,2.1113,,64596.2414,64238.0414,11298.8249,943751.0869,938517.7849
603777.SH,20250725,13.08,1.4761,3.9673,0.88,,,2.5237,1.2978,1.3028,0.3924,,33442.4166,33442.4166,12442.8666,437426.8091,437426.8091
000596.SZ,20250725,142.58,1.1621,3.4609,1.24,13.6604,13.0366,3.1643,3.1965,3.0841,3.1561,4.2082,52860.0,40860.0,13719.5978,7536778.8,5825818.8
600195.SH,20250725,7.88,1.5911,3.2472,0.79,113.5178,137.8572,1.451,1.3373,1.3082,1.5102,0.2919,102114.826,102114.826,50037.0567,804664.8289,804664.8289
600456.SH,20250725,32.03,2.2277,4.3065,0.89,26.5474,30.7005,2.2332,2.2989,2.4348,1.0927,1.2176,47777.7539,47777.7539,24715.4488,1530321.4574,1530321.4574
300680.SZ,20250725,37.63,3.8074,4.2142,0.82,38.1924,37.1965,4.7696,3.5744,3.5158,0.5328,0.5297,22771.6078,17583.814,15886.6344,856895.6015,661678.9208
603213.SH,20250725,12.99,3.9015,15.2248,0.9,30.0346,32.0662,3.1193,1.9796,1.8562,2.1365,2.0077,44180.8522,44180.8522,11321.7402,573909.2701,573909.2701
301567.SZ,20250725,42.63,8.1687,8.1687,1.97,80.9891,81.6193,4.1581,7.6351,7.791,0.6568,0.4222,7200.0,2123.985,2123.985,306936.0,90545.4806
000895.SZ,20250725,25.06,0.355,1.1971,1.15,17.403,17.8851,4.417,1.4577,1.4577,5.427,5.6265,346466.1213,346412.3744,102739.638,8682440.9998,8681094.1025
603882.SH,20250725,30.3,3.0624,5.1353,1.39,,,2.0379,1.9524,2.0597,2.9043,2.9043,46325.8275,46013.4577,27439.3749,1403672.5733,1394207.7683
000590.SZ,20250725,12.09,4.8732,8.9413,0.68,,,4.9747,8.4357,8.738,0.0,,23947.1267,23937.1427,13046.2677,289520.7618,289400.0552
920971.BJ,20250725,35.35,2.1369,4.2528,0.54,94.334,112.9513,8.6426,14.5767,14.1395,0.7142,0.5707,10508.8002,8435.2802,4238.3702,371486.0871,298187.1551
002202.SZ,20250725,9.87,0.8954,1.5043,0.8,22.4147,19.8951,1.1234,0.7355,0.7045,1.0132,1.0132,422506.7647,335482.5179,199690.0135,4170141.7676,3311212.4517
600052.SH,20250725,4.41,1.23,2.014,0.86,,,1.4627,8.32,7.2742,1.0829,,84419.4741,84419.4741,51558.1371,372289.8808,372289.8808
601577.SH,20250725,10.12,0.5845,1.0058,0.75,5.2,5.1475,0.6109,1.5692,1.5543,3.7549,4.1502,402155.3754,402068.3625,233673.4883,4069812.399,4068931.8285
301035.SZ,20250725,65.48,0.9819,3.0211,1.84,40.8478,33.1868,2.6914,1.3827,1.3834,1.7885,0.8934,28077.0974,28031.7705,9110.8978,1838488.3378,1835520.3323
600125.SH,20250725,5.89,1.1933,1.7049,0.67,20.134,21.0598,1.0451,0.5908,0.629,1.8676,1.528,130552.1874,130552.1874,91377.407,768952.3838,768952.3838
002535.SZ,20250725,4.19,4.0601,6.2528,0.92,35.2309,36.7717,5.0858,1.9952,1.9322,0.0,,80168.3074,74633.8485,48461.791,335905.208,312715.8252
002242.SZ,20250725,10.18,1.0672,3.2522,1.39,63.818,83.175,2.2563,0.8824,0.8889,1.4658,1.4658,76701.7,76570.57,25125.7864,780823.306,779488.4026
603217.SH,20250725,18.8,1.1653,3.092,0.68,18.887,19.735,1.201,1.7625,1.7689,2.1081,1.8359,20808.76,20808.76,7842.4171,391204.688,391204.688
600308.SH,20250725,3.62,1.1774,1.949,1.11,151.8467,,0.5983,0.4209,0.4324,1.2988,0.2168,151687.0176,151687.0176,91630.6913,549107.0037,549107.0037
605188.SH,20250725,11.14,2.3188,15.8489,0.5,2091.6372,,4.7645,2.078,2.0478,0.0887,0.0887,50135.15,50135.15,7335.1498,558505.571,558505.571
000656.SZ,20250725,1.45,0.926,1.08,0.79,,,,0.281,0.3722,0.0,,533971.5816,531828.0442,456007.9598,774258.7933,771150.6641
002931.SZ,20250725,15.51,1.4779,2.9283,0.53,737.8806,205.164,3.6172,7.0798,6.8123,0.6043,0.9266,21850.5856,20061.1572,10124.9298,338902.5827,311148.5482
600391.SH,20250725,28.55,4.8541,7.5867,1.05,137.0096,126.4818,5.6599,2.4478,2.4833,0.0,,33012.9367,33012.9367,21122.2062,942519.3428,942519.3428
300065.SZ,20250725,17.83,7.2841,7.5315,0.66,1565.5561,316.6738,7.3646,33.4595,18.7947,0.0,,72049.4503,65584.661,63429.8587,1284641.6988,1169374.5056
600698.SH,20250725,10.44,7.3433,14.1054,0.57,2709.6154,2552.0869,14.6255,25.7952,25.2044,0.0,,106863.7732,83034.5271,43227.7691,1115657.7922,866880.4629
002836.SZ,20250725,9.82,1.1814,3.1855,0.98,36.2021,33.3138,6.81,6.1656,5.6512,0.986,2.4651,23040.0,23040.0,8544.842,226252.8,226252.8
300673.SZ,20250725,16.0,4.9077,6.4147,1.83,21.8505,24.4667,2.2651,2.3998,2.4826,0.0,2.1283,24883.014,16199.2309,12393.4784,398128.224,259187.6944
603009.SH,20250725,40.56,1.7785,2.9536,0.78,192.2093,175.8971,8.3345,6.7856,6.6139,0.1515,0.2095,33852.6168,33840.897,20377.6115,1373062.1374,1372586.7823
600662.SH,20250725,5.78,0.4219,1.4993,0.71,12.1481,11.9595,2.5009,0.5917,0.5687,2.2491,2.2491,228349.6485,227008.0651,63881.8516,1319860.9683,1312106.6163
002562.SZ,20250725,5.73,10.6237,12.1093,0.7,149.3373,70.1167,1.95,1.7711,1.7215,0.0,,106370.0541,70152.8783,61546.3733,609500.41,401975.9927
300459.SZ,20250725,5.65,11.3579,12.6953,3.16,,,9.3884,17.3778,18.1845,0.0,,351581.0939,328086.6048,293523.6577,1986433.1805,1853689.3171
002180.SZ,20250725,24.49,0.7925,1.1454,0.8,46.5152,62.715,3.4297,1.3193,1.3378,0.0,,142298.9339,136509.5801,94456.9165,3484900.8912,3343119.6166
300833.SZ,20250725,36.45,2.322,4.998,1.05,15.2826,18.124,1.9877,3.8043,3.8855,4.3896,3.5665,12649.05,8126.0074,3775.1881,461057.8725,296192.9697
600218.SH,20250725,9.24,1.4424,2.196,0.85,48.2892,45.8282,1.2521,1.0134,0.9957,0.7576,0.6494,43559.9919,43559.9919,28611.6243,402494.3252,402494.3252
601106.SH,20250725,2.98,1.1123,2.7723,0.81,,,3.8612,1.2298,1.3369,0.0,,685778.2927,685778.2927,275153.0356,2043619.3122,2043619.3122
002598.SZ,20250725,11.25,6.1137,9.507,1.51,49.0727,56.0095,2.9647,1.6824,1.6726,0.8888,0.8889,31203.8571,28208.4472,18140.0109,351043.3924,317345.031
688197.SH,20250725,43.26,4.9811,5.717,0.91,,,8.4847,1632.0541,1632.0646,,,14871.9343,6400.4882,5576.6242,643359.8778,276885.1195
688478.SH,20250725,33.0,2.576,4.1348,0.82,84.9549,125.4547,2.967,10.7446,11.0113,0.6016,0.7504,13836.6096,10340.9466,6442.341,456608.1168,341251.2378
600785.SH,20250725,12.18,1.876,3.2413,0.83,20.3689,20.6532,1.2094,0.4493,0.4515,1.642,2.0525,22563.128,22563.128,13059.2086,274818.899,274818.899
603123.SH,20250725,13.1,4.0849,8.2128,0.65,,,5.087,4.6944,4.828,0.0,,79873.6665,65227.5949,32443.4516,1046345.0312,854481.4932
600633.SH,20250725,14.05,2.0416,3.9878,0.91,34.8297,32.0412,1.7914,5.7533,5.7014,1.5629,1.7782,126807.4472,126807.4472,64920.0636,1781644.6332,1781644.6332
003038.SZ,20250725,18.01,1.5117,1.8588,0.68,26.0678,27.0661,1.4636,0.512,0.4995,1.6142,1.0871,24369.5765,16549.7912,13459.5475,438896.0728,298061.7395
301301.SZ,20250725,12.33,5.182,5.182,1.01,19.6361,20.5827,3.618,4.7752,4.9705,1.8189,2.1869,223008.5,61881.7357,61881.7357,2749694.805,763001.8012
688257.SH,20250725,16.75,6.1007,8.3287,0.73,23.3926,22.9852,1.9316,2.2708,2.1185,1.4606,1.5211,25240.8504,25240.8504,18488.6896,422784.2442,422784.2442
300340.SZ,20250725,16.91,6.4459,9.8162,0.56,,,83.7257,2.198,2.2166,0.0,,27589.3365,27346.4562,17957.3118,466535.6802,462428.5743
000880.SZ,20250725,46.0,8.708,8.708,0.52,82.3987,79.0136,7.283,3.8086,3.6375,0.3913,0.0652,33132.06,16216.2,16216.2,1524074.76,745945.2
605286.SH,20250725,39.04,1.1876,4.3183,1.1,26.6159,23.6193,3.2321,2.5965,2.5392,1.3271,0.6148,16800.0,16800.0,4620.07,655872.0,655872.0
603291.SH,20250725,12.13,6.3879,11.0132,0.7,34.2413,39.8522,2.9756,4.5016,4.4333,1.5251,1.5251,42322.0604,12994.3077,7537.0773,513366.5927,157620.9524
000779.SZ,20250725,9.65,2.4573,4.5004,0.46,19.4836,19.3129,1.1652,2.2688,2.2894,0.829,0.829,46482.9452,46478.89,25378.3637,448560.4212,448521.2885
301024.SZ,20250725,47.03,3.2684,11.3163,0.58,,,7.0778,21.5726,23.3544,0.0,,6358.5,6021.0,1739.0,299040.255,283167.63
300063.SZ,20250725,8.58,6.0192,6.6824,1.82,99.8641,98.0676,3.9604,0.8934,0.933,0.0,,75852.715,62524.59,56318.9667,650816.2947,536460.9822
002864.SZ,20250725,29.83,5.9045,6.7724,1.4,26.36,26.3377,1.939,3.2554,3.1267,0.7375,1.0022,10628.096,7398.4574,6450.3341,317036.1037,220695.9842
300055.SZ,20250725,6.34,3.0798,3.4501,0.78,149.1594,173.0445,1.0273,1.9426,1.9947,0.2366,0.2366,83674.9606,63270.1144,56480.259,530499.2502,401132.5253
603983.SH,20250725,41.37,0.9892,5.1515,0.98,48.5596,45.3206,5.0045,5.5861,5.2581,1.8613,1.8129,40100.0,40100.0,7700.0,1658937.0,1658937.0
688517.SH,20250725,15.22,1.5048,2.5195,0.58,22.8188,23.1938,2.7358,3.1606,3.1097,3.2467,3.5875,13661.3184,13661.3184,8159.2895,207925.266,207925.266
300494.SZ,20250725,14.19,6.3458,6.8617,0.8,,,4.7521,6.1286,5.815,0.2463,,49051.0076,39834.8068,36839.6068,696033.7978,565255.9085
300010.SZ,20250725,9.06,7.7407,7.8594,1.22,136.5342,122.9665,11.1415,24.7394,24.779,0.0,,206661.2659,166333.2582,163821.7072,1872351.0691,1506979.3193
688286.SH,20250725,71.0,3.7194,4.6022,1.97,,,3.8442,7.8635,7.1978,,,5601.2729,5601.2729,4526.7703,397690.3759,397690.3759
603179.SH,20250725,43.18,1.2133,1.9901,1.25,21.5452,21.3471,3.8203,1.5864,1.5319,0.6948,0.6948,48730.3796,48730.3796,29708.9044,2104177.7911,2104177.7911
002414.SZ,20250725,10.62,1.3085,2.8597,0.49,,,7.0692,16.9389,15.6918,0.1318,,427073.6108,339861.2431,155507.6723,4535521.7467,3609326.4017
002021.SZ,20250725,2.41,1.9096,2.3776,0.86,162.915,151.0099,4.6285,3.1498,3.2427,0.0,,119547.7323,119543.7891,96014.3204,288110.0348,288100.5317
002755.SZ,20250725,26.16,2.0078,7.3749,0.79,151.4756,132.3343,8.0038,13.6589,13.2125,0.0,0.4587,92816.0351,92815.1576,25269.1241,2428067.4782,2428044.5228
300278.SZ,20250725,5.62,1.8545,2.8717,0.98,102.9158,157.098,4.4371,3.072,3.6119,0.0,,142150.6508,141706.518,91509.1968,798886.6575,796390.6312
688069.SH,20250725,23.34,0.8002,1.525,0.81,,,2.1765,5.8822,5.777,0.9108,1.738,11300.0,11300.0,5929.6,263742.0,263742.0
688695.SH,20250725,31.08,3.2822,5.2228,1.12,68.2752,76.166,3.3139,13.608,13.3678,0.7722,0.4505,8505.1378,5126.9194,3221.9194,264339.6828,159344.655
688601.SH,20250725,42.17,7.1348,11.9445,1.21,44.7953,68.4585,4.6131,7.1592,7.71,1.4228,0.9419,13369.27,13369.27,7985.8701,563782.1159,563782.1159
603315.SH,20250725,13.95,9.2513,20.5373,0.93,51.0584,44.6821,2.6712,3.6127,3.607,0.4875,0.595,32042.6264,31372.6264,14132.2281,446994.6383,437648.1383
688299.SH,20250725,18.22,2.7045,3.3723,0.65,,,2.5523,3.9184,4.0611,0.2696,,28739.2894,28739.2894,23048.5386,523629.8529,523629.8529
300975.SZ,20250725,11.91,2.385,3.1483,0.57,115.5704,95.9138,3.7399,1.25,1.1635,0.0919,0.1002,68700.5604,46915.8314,35541.6884,818223.6744,558767.552
300941.SZ,20250725,27.45,4.2811,5.8371,0.79,101.0735,128.5298,4.4443,26.8455,28.3127,0.5778,0.5056,20475.0,11890.4578,8720.8265,562038.75,326393.0666
920896.BJ,20250725,20.65,2.2359,3.8531,0.67,59.0932,50.3099,5.2586,6.0091,5.744,0.9685,1.4528,10122.424,4440.181,2576.6376,209028.0556,91689.7377
600426.SH,20250725,24.05,1.6108,2.3027,0.79,13.0845,14.408,1.6419,1.4919,1.501,3.7423,2.4935,212321.9998,211917.6553,148241.8973,5106344.0952,5096619.61
002942.SZ,20250725,19.25,3.8537,11.5627,3.3,51.9728,43.0613,2.5778,3.1179,3.0357,1.0213,1.5584,15585.793,13720.8793,4572.9418,300026.5153,264126.9265
002040.SZ,20250725,9.87,2.7642,8.4834,0.87,31.4671,30.1174,1.4736,4.8949,4.7966,1.0393,0.9625,48794.6985,48594.0145,15833.5474,481603.6742,479622.9231
688185.SH,20250725,70.88,3.1474,6.8811,1.0,,,3.5803,20.7237,20.1782,,,24744.9899,11477.8999,5249.9571,1753924.8841,813553.5449
300006.SZ,20250725,5.0,11.0781,16.7647,0.93,,,2.8362,6.636,6.4949,0.0,,105591.1205,105582.0898,69768.8934,527955.6025,527910.449
300694.SZ,20250725,13.11,2.8088,4.4386,0.84,50.8413,72.3362,2.0549,1.8548,1.9579,0.3814,0.6102,21531.6977,21531.6977,13625.4987,282280.5568,282280.5568
688565.SH,20250725,10.21,1.9739,2.9071,0.53,602.1208,311.6527,3.2006,4.0899,4.0863,,,14973.0,14973.0,10166.8,152874.33,152874.33
002721.SZ,20250725,3.81,3.9331,5.6261,0.57,696.8673,,4.8983,27.1831,25.8942,0.0,,265937.8615,265937.8615,185915.208,1013223.2523,1013223.2523
603583.SH,20250725,36.53,2.2384,4.6862,0.78,49.52,42.9471,3.2326,3.8235,3.5764,0.4682,0.8238,38224.6955,38224.6955,18258.6222,1396348.1266,1396348.1266
600108.SH,20250725,3.06,1.9309,2.685,0.9,62.0078,61.5354,1.3894,1.4212,1.4022,0.1797,0.1797,194691.5121,194691.5121,140015.2748,595756.027,595756.027
600583.SH,20250725,5.66,0.7079,1.5868,0.76,11.5781,11.2362,0.9655,0.8354,0.8518,2.5972,3.5512,442135.48,442135.48,197245.4091,2502486.8168,2502486.8168
603308.SH,20250725,27.33,1.4577,2.1956,0.47,64.8021,64.4658,3.9625,7.3835,7.383,0.4391,0.2561,67903.6441,67903.6441,45082.6923,1855806.5933,1855806.5933
688135.SH,20250725,21.64,2.5856,3.8389,0.8,,,4.065,8.9999,8.7643,0.456,,20300.8275,20300.8275,13673.4865,439309.9071,439309.9071
300626.SZ,20250725,11.31,2.4115,4.2319,1.11,,,3.9347,2.7074,2.587,0.1503,0.1503,18000.0,17990.1525,10251.3768,203580.0,203468.6248
688583.SH,20250725,95.66,3.6571,3.6571,0.66,70.1611,67.5148,7.6144,25.4262,24.1083,,0.4423,8840.0,1768.0001,1768.0001,845634.4,169126.8896
600523.SH,20250725,15.49,5.982,12.3276,1.59,35.2526,34.9165,2.0519,2.6311,2.5794,0.7876,0.8522,40431.132,40404.462,19606.3,626278.2347,625865.1164
603895.SH,20250725,26.72,0.9045,2.7793,0.5,,,15.3423,6.1524,6.9635,0.0,,10808.0,10808.0,3517.4448,288789.76,288789.76
002602.SZ,20250725,12.54,1.7716,2.1776,0.71,77.032,48.8883,3.4749,4.1316,3.5262,0.0,,745255.6968,687870.8273,559649.7754,9345506.4379,8625900.1743
002631.SZ,20250725,4.92,1.5719,3.3252,0.98,,,1.7625,2.5725,2.6795,0.5037,,79728.2881,79357.2352,37513.5082,392263.1775,390437.5972
301091.SZ,20250725,29.01,1.2634,3.3777,0.56,144.6889,139.0114,6.6784,11.6222,12.0578,0.0632,0.1352,52728.0,52728.0,19721.822,1529639.28,1529639.28
600058.SH,20250725,8.39,0.9627,2.5715,0.61,71.5724,29.936,1.8074,0.1338,0.1381,0.0,,107191.0711,107191.0711,40130.5789,899333.0865,899333.0865
002015.SZ,20250725,12.77,4.4031,8.4717,0.75,42.3885,37.3507,1.7513,2.1161,2.0097,0.9918,0.7629,162332.4614,162332.4614,84370.7172,2072985.5321,2072985.5321
688200.SH,20250725,138.13,0.8865,1.4628,0.87,56.0658,50.2707,5.2879,20.6785,19.3766,0.5706,0.7081,13553.3225,13553.3225,8213.928,1872120.4369,1872120.4369
301261.SZ,20250725,84.78,8.9501,11.344,0.61,106.9501,127.484,4.929,7.216,7.2522,0.5308,0.5898,8789.0196,3748.3321,2957.3203,745133.0817,317783.5954
002643.SZ,20250725,12.9,2.6562,4.6593,0.73,48.7116,52.6539,1.7126,3.2482,3.3171,2.3259,0.7752,92996.9005,90932.557,51838.8201,1199660.0165,1173029.9853
001211.SZ,20250725,23.52,1.9686,3.3953,0.94,59.5797,62.7161,1.9564,1.2379,1.2126,0.0,0.8858,7200.0,6699.6575,3884.4502,169344.0,157575.9444
002466.SZ,20250725,41.89,9.3902,13.9865,1.79,,,1.645,5.2628,5.263,3.2217,,164122.1583,147584.5634,99084.9325,6875077.2112,6182317.3608
603005.SH,20250725,29.06,4.6479,5.5181,1.23,74.9812,70.4867,4.4186,16.7724,16.0623,0.1584,0.2887,65217.1706,65217.1706,54932.194,1895210.9776,1895210.9776
002956.SZ,20250725,20.45,1.8873,4.1238,0.68,34.2783,31.9904,3.0932,2.4077,2.2985,1.5033,2.0421,22324.6885,22322.4301,10216.0481,456539.8798,456493.6955
600975.SH,20250725,6.51,2.9247,4.117,0.68,208.8232,26.2121,2.6911,1.1655,1.0979,0.0,,126129.2033,101695.6114,72242.5788,821101.1135,662038.4302
000710.SZ,20250725,14.18,6.4252,8.9949,0.99,,,3.0065,4.6495,4.9318,0.0,,35352.1465,32687.9311,23349.4607,501293.4374,463514.863
300147.SZ,20250725,8.01,1.4775,1.912,0.89,,,5.4769,2.8498,3.0961,0.0,,66127.9045,65745.9042,50804.9121,529684.515,526624.6926
603380.SH,20250725,28.22,1.2314,2.8431,0.47,24.5869,23.2437,3.266,2.0951,2.0044,0.9082,3.5436,16044.12,16044.12,6948.85,452765.0664,452765.0664
002753.SZ,20250725,7.35,2.9222,3.4999,0.65,24.7902,25.2316,1.208,0.6532,0.6673,1.8392,2.0122,37569.8285,24280.7661,20272.9535,276138.2395,178463.6308
002655.SZ,20250725,13.17,3.5776,4.113,1.08,60.0985,56.7345,6.8845,3.9259,3.8254,0.2278,0.2278,36000.0,35990.1075,31305.306,474120.0,473989.7158
600585.SH,20250725,24.39,2.6666,5.1505,0.65,16.7942,16.1477,0.6932,1.4199,1.4563,3.9142,2.911,529930.2579,399970.2579,207083.2565,12924998.9902,9755274.5902
300451.SZ,20250725,5.84,5.9787,7.5646,1.99,,,2.053,6.3592,6.764,0.1707,,154912.4692,152669.377,120661.5701,904688.8201,891589.1617
301358.SZ,20250725,32.8,5.4294,5.4294,1.09,42.0424,47.1543,2.1382,1.1042,1.0046,1.2684,0.4764,76080.2721,38611.8204,38611.8204,2495432.9249,1266467.7091
605369.SH,20250725,20.14,2.0152,6.9299,2.05,25.8734,28.8478,2.6575,3.982,4.0087,1.8165,2.4729,22049.2949,22049.2949,6411.73,444072.7993,444072.7993
002364.SZ,20250725,16.05,7.6233,12.8843,1.36,82.507,76.0663,3.7775,4.6104,4.5213,0.3115,0.6211,56356.496,55810.376,33021.5056,904521.7608,895756.5348
300243.SZ,20250725,11.08,2.4001,2.8353,0.66,125.6872,157.8129,2.6294,1.3868,1.3967,0.9025,0.4513,25042.6501,19451.3284,16465.2179,277472.5631,215520.7187
688106.SH,20250725,18.09,1.0395,1.9146,0.84,43.3295,51.6693,3.0033,3.4527,3.408,2.7539,1.3724,48197.7496,48197.7496,26169.7733,871897.2903,871897.2903
920300.BJ,20250725,18.5,6.0467,7.5414,0.86,,,7.2354,13.3458,12.8892,,,8584.7126,6653.1656,5334.472,158817.1831,123083.5636
001379.SZ,20250725,21.06,2.718,2.8716,0.66,54.9655,54.9788,2.888,2.3321,2.3429,0.8547,0.7217,20000.0,6730.0,6370.0,421200.0,141733.8
000426.SZ,20250725,19.11,2.242,3.0854,0.69,22.1801,20.2598,4.0996,7.946,7.2888,0.3519,,177563.5739,177520.5464,128996.5044,3393239.8972,3392417.6417
688235.SH,20250725,234.87,2.0549,2.0549,0.94,,,14.3588,13.2994,12.1036,,,154097.5898,11505.526,11505.526,36192900.9163,2702302.8916
002085.SZ,20250725,16.77,1.8212,3.0128,0.57,54.5032,50.7526,5.0268,2.1893,2.1857,0.8945,0.5963,212329.752,212329.752,128350.3253,3560769.941,3560769.941
600600.SH,20250725,69.5,1.0364,2.4175,1.0,21.821,21.2673,3.4142,2.9502,2.9233,2.8777,3.1655,136419.6788,70912.5943,30399.3888,9481167.6766,4928425.3039
000568.SZ,20250725,124.83,0.8178,1.6685,0.97,13.6379,13.6189,3.6628,5.8899,5.8592,4.326,5.4145,147195.1503,146936.1143,72016.7862,18374370.6119,18342035.1481
605388.SH,20250725,7.88,1.7446,5.3278,0.84,,,2.7369,3.245,3.2327,0.9007,0.9904,60048.4,60048.4,19663.0596,473181.392,473181.392
605255.SH,20250725,24.66,4.6473,18.5893,0.96,99.9943,103.1251,4.1033,9.6593,9.9017,1.7843,1.5004,13408.0,13408.0,3352.0,330641.28,330641.28
603618.SH,20250725,6.66,2.6541,5.6552,0.57,33.3966,34.4258,1.5223,0.5202,0.5019,0.9009,0.9009,69137.5616,69137.5616,32447.3616,460456.1603,460456.1603
600790.SH,20250725,3.86,0.662,1.0815,0.7,40.1746,49.2875,0.9318,5.958,6.0344,2.4,2.88,146579.0928,146579.0928,89723.1946,565795.2982,565795.2982
603817.SH,20250725,6.11,0.8517,1.6499,0.86,18.1654,18.9373,1.1518,2.8648,2.8159,1.5341,0.6903,57008.4039,57008.4039,29428.1768,348321.3478,348321.3478
002620.SZ,20250725,3.88,2.7758,3.934,0.6,,,85.6495,1.8712,2.1816,0.0,,37749.4,31537.7353,22253.0797,146467.672,122366.413
603228.SH,20250725,58.3,3.6108,9.3155,1.05,47.0173,46.7402,5.033,4.3418,4.1451,0.7658,1.3608,94278.6361,92883.9261,36002.4531,5496444.4846,5415132.8916
600100.SH,20250725,7.73,2.7318,3.9975,1.55,184.1739,2143.5999,1.5908,1.5414,1.6302,0.0,,335029.7713,335029.7713,228955.7108,2589780.1321,2589780.1321
600162.SH,20250725,1.75,0.8254,2.5691,0.98,92.5575,403.7755,0.9808,1.5211,1.5312,9.1429,0.6249,326843.8122,326843.8122,105011.2242,571976.6714,571976.6714
920195.BJ,20250725,18.97,5.0271,9.0907,1.13,28.8539,22.5401,2.5107,1.9259,1.8361,0.7907,1.0543,9803.0,7075.8985,3912.9068,185962.91,134229.7945
002889.SZ,20250725,16.5,15.1772,34.1908,4.02,32.5398,33.839,2.5866,1.7543,1.72,0.2619,0.3247,37766.7472,25128.4554,11154.426,623151.3288,414619.5141
000012.SZ,20250725,5.06,1.622,2.6721,0.92,58.2433,,1.1649,1.0053,1.0659,4.9407,1.3601,307069.2107,195926.7327,118930.4879,1553770.2061,991389.2675
301121.SZ,20250725,40.22,5.0497,6.2177,1.16,49.5597,55.4729,2.4034,3.4715,3.4421,0.5288,0.6169,9882.6057,5059.1641,4108.8161,397478.4013,203479.5801
301056.SZ,20250725,10.88,3.7642,8.2403,0.66,29.9715,34.224,3.7237,4.0522,4.5766,1.8382,3.6765,26678.6667,17599.583,8039.6667,290263.8937,191483.463
600278.SH,20250725,7.66,1.075,2.829,0.64,31.0698,31.7563,0.9013,0.1896,0.1913,2.4371,2.181,87714.3737,87191.5557,33132.4668,671892.1025,667887.3167
601098.SH,20250725,13.19,0.7322,2.0739,1.28,17.2888,16.2764,1.5645,1.7747,1.7915,4.928,4.1698,179600.0,179600.0,63411.652,2368924.0,2368924.0
000897.SZ,20250725,2.44,2.0085,2.5398,0.79,7.7608,11.4545,1.2249,1.3939,2.0478,0.0,,161727.2234,161724.1634,127892.9294,394614.4251,394606.9587
600567.SH,20250725,1.95,2.3281,3.2772,0.81,,,0.7142,0.365,0.3638,0.4323,0.4323,547133.0563,547133.0563,388684.4898,1066909.4598,1066909.4598
920475.BJ,20250725,22.49,4.9752,7.737,0.87,144.8343,356.6511,6.5191,5.2174,6.1006,0.542,0.2223,10106.0,4204.986,2703.9451,227283.94,94570.1351
301280.SZ,20250725,40.68,3.9149,4.0631,0.6,29.9628,29.0267,3.1774,3.4713,3.2902,1.7354,2.107,13678.014,3792.264,3653.93,556421.6095,154269.2995
920023.BJ,20250725,4.95,16.0058,18.1236,1.17,167.8108,295.3834,1.3508,3.2827,3.2788,0.2179,,32730.4,24068.333,21255.813,162015.48,119138.2484
301139.SZ,20250725,18.01,9.5444,10.5212,0.59,51.6971,67.0272,1.1252,1.7075,1.8711,0.3165,0.1943,12158.08,6785.8475,6155.8535,218967.0208,122213.1135
301218.SZ,20250725,22.28,3.583,4.4035,0.61,260.8245,283.4021,2.7168,5.0717,4.2519,0.2065,0.1122,11404.0,7006.8836,5701.2086,254081.12,156113.3666
920866.BJ,20250725,10.31,8.0716,11.2328,1.75,37.2671,38.5138,2.5066,3.7073,3.6014,1.4294,1.4294,18020.59,9360.9737,6726.5588,185792.2829,96511.6388
002484.SZ,20250725,21.64,2.7793,4.4871,0.68,28.1142,27.4798,3.1742,3.8279,3.7449,1.1922,1.1925,85052.3941,82047.2265,50819.4799,1840533.8083,1775501.9815
688051.SH,20250725,33.6,3.4548,9.8266,0.99,,,3.6775,8.649,10.1524,,,7733.4,7733.4,2718.8842,259842.24,259842.24
603189.SH,20250725,18.8,6.2029,10.4141,1.74,483.6818,503.3292,3.3774,15.1526,14.8225,0.527,0.7904,26954.8349,26954.8349,16054.8349,506750.8961,506750.8961
688426.SH,20250725,22.97,2.5213,2.5213,0.84,,,1.7935,20.5281,18.4468,,,11249.3716,3799.3332,3799.3332,258398.0657,87270.6836
001389.SZ,20250725,64.23,5.1873,5.1873,0.42,40.3976,35.4075,8.74,7.3141,6.7159,0.3865,0.7473,42523.5,15024.258,15024.258,2731284.405,965008.0913
600841.SH,20250725,6.75,2.4788,7.8846,0.86,,,2.8312,1.4485,1.5584,0.0,,138782.1784,104302.4484,32790.941,936779.7042,704041.5267
300968.SZ,20250725,14.71,2.5453,5.4711,1.08,114.6914,181.256,3.25,4.9821,5.0972,0.3399,0.3399,41338.0,41338.0,19231.8537,608081.98,608081.98
300634.SZ,20250725,28.49,5.2844,9.5109,1.34,55.8575,58.4627,4.6396,7.7807,7.4905,0.7299,0.5846,45121.09,43468.09,24151.7478,1285499.8541,1238405.8841
300295.SZ,20250725,15.34,2.7406,2.9312,0.68,,,2.5744,23.6957,27.4772,0.0,,18961.3714,16754.8624,15665.1778,290867.4373,257019.5892
688370.SH,20250725,22.88,15.0554,15.0554,6.16,34.8478,43.1448,1.1944,5.2697,5.3744,1.5873,1.5734,13710.7879,4374.9116,4374.9116,313702.8272,100097.9774
301106.SZ,20250725,30.72,6.6167,6.6167,1.29,32.7022,31.6063,2.5717,3.7837,3.6424,0.9301,1.3021,10162.1335,2918.5334,2918.5334,312180.7411,89657.346
300126.SZ,20250725,7.64,2.3105,3.3933,0.84,,,2.1911,5.3118,5.1251,0.1287,,30395.76,21065.2704,14343.4672,232223.6064,160938.6659
920578.BJ,20250725,29.1,5.0832,5.0832,0.93,,300.9482,8.3029,8.8107,8.858,,,7647.9097,2300.0,2300.0,222554.1723,66930.0
300793.SZ,20250725,17.94,6.9962,9.8725,1.94,165.195,160.8427,2.2916,2.7675,2.7233,0.7347,0.6619,38052.5392,37206.6892,26366.6892,682662.5532,667488.0042
002378.SZ,20250725,9.77,8.4282,20.5744,1.39,68.232,62.6387,5.6211,3.1955,2.9451,0.6141,0.7369,120141.7666,119508.9584,48956.5528,1173785.0597,1167602.5236
600488.SH,20250725,4.49,0.7435,1.6943,1.18,36.737,36.7265,1.6285,1.5248,1.5627,1.9413,2.1826,109188.668,109188.668,47915.0231,490257.1193,490257.1193
001268.SZ,20250725,27.71,3.1204,4.2329,0.63,41.8529,40.0568,3.0322,3.9799,3.7276,0.8996,1.6088,10793.3334,6293.3334,4639.3334,299083.2685,174388.2685
601198.SH,20250725,11.62,1.3297,2.4177,1.01,24.322,24.021,1.3141,4.0085,4.259,1.3425,1.3425,323244.552,323244.552,177784.5036,3756101.6942,3756101.6942
600276.SH,20250725,56.4,0.7923,1.2999,1.0,59.0762,54.7146,6.4915,13.3766,12.823,0.354,0.3541,663719.9874,637900.2274,388806.5783,37433807.2894,35977572.8254
605333.SH,20250725,30.42,0.8363,3.5361,0.64,19.8208,20.0507,5.9967,1.679,1.6769,0.1644,0.7561,43677.6081,43677.6081,10329.8681,1328672.8384,1328672.8384
002035.SZ,20250725,6.6,1.2617,1.5748,0.99,11.5424,11.9818,1.5385,0.878,0.8951,4.4565,4.4565,84765.3618,78052.3042,62531.4167,559451.3879,515145.2077
605081.SH,20250725,12.89,1.0509,1.4795,0.68,,,1.5066,14.1233,15.418,0.0,,11324.7072,11324.7072,8044.3505,145975.4758,145975.4758
301317.SZ,20250725,32.98,4.3989,4.3989,0.68,99.0164,11.962,3.7123,5.5912,5.8278,0.8831,0.8831,15719.0,4480.0,4480.0,518412.62,147750.4
301306.SZ,20250725,57.08,18.6741,22.2711,1.16,,,4.8244,12.3906,13.5246,0.0,,8440.0,3928.0,3293.6,481755.2,224210.24
688348.SH,20250725,45.43,0.8999,2.4255,0.76,50.696,55.0393,1.9849,4.009,4.6282,1.5591,0.8707,15627.7435,15627.7435,5798.3023,709968.3872,709968.3872
002114.SZ,20250725,7.52,3.5692,4.916,0.63,,,2.709,1.9294,2.3227,0.0,,32339.5267,32339.0823,23479.3223,243193.2408,243189.8989
688590.SH,20250725,22.01,5.2448,8.0137,1.39,714.9966,664.8246,4.1121,2.9001,2.8988,0.5135,0.1573,26289.3294,26289.3294,17205.8007,578628.1401,578628.1401
002301.SZ,20250725,7.12,1.6961,2.9518,1.19,81.7502,82.4893,1.6703,0.4506,0.4498,1.157,0.9701,72130.7933,71799.0223,41254.5126,513571.2483,511209.0388
603639.SH,20250725,14.32,2.0756,6.0639,1.56,26.8361,24.8892,1.4476,1.2456,1.2096,3.4927,3.4916,33989.8336,33987.8336,11633.6295,486734.4172,486705.7772
600130.SH,20250725,3.35,1.8312,2.2008,0.82,491.5807,646.9884,2.6051,6.9674,6.6034,,,75000.0,75000.0,62405.36,251250.0,251250.0
605377.SH,20250725,9.22,0.5171,0.9877,0.8,10.9468,12.7451,1.3367,1.362,1.4005,10.8982,7.8633,55667.0268,55667.0268,29141.658,513249.9871,513249.9871
300094.SZ,20250725,3.98,5.5496,7.2117,0.76,,,2.4387,1.317,1.4122,0.0,,112816.7253,110551.7399,85071.6556,449010.5667,439995.9248
300862.SZ,20250725,24.04,3.7461,4.0408,1.46,684.3448,,2.2173,7.2825,7.4806,0.2258,0.0416,18461.7902,15147.1007,14042.2042,443821.4364,364136.3008
000692.SZ,20250725,3.69,1.2003,1.7144,0.67,,,13.0345,0.9368,0.9324,0.0,,53283.2976,53283.2976,37303.6368,196615.3681,196615.3681
600299.SH,20250725,10.13,0.3053,2.1662,0.8,22.5584,19.514,1.7157,1.7489,1.6629,0.5923,1.7769,268190.1273,268190.1273,37798.485,2716765.9895,2716765.9895
688408.SH,20250725,51.79,1.3871,2.3422,0.78,17.9653,19.305,2.6255,1.257,1.2936,1.0474,1.9127,21906.5886,21906.5886,12973.0838,1134542.2236,1134542.2236
300596.SZ,20250725,30.05,1.998,2.9655,0.98,16.1852,16.1562,1.5383,1.2133,1.1869,1.1448,1.2313,22961.9667,22468.851,15138.3571,690007.0993,675188.9726
920092.BJ,20250725,44.48,8.6538,15.8872,1.75,181.6276,154.0319,7.1847,10.1569,9.8743,0.2568,0.1113,6207.97,3192.9705,1739.2103,276130.5056,142023.3278
920185.BJ,20250725,23.11,0.5205,1.9793,0.69,28.007,29.3295,2.1781,1.83,1.8477,1.7053,1.7166,112733.8649,110917.2997,29169.9009,2605279.6178,2563298.7961
688529.SH,20250725,20.37,2.5732,4.5658,0.68,,,1.7182,1.8941,1.8273,0.5469,,16817.5953,16817.5953,9478.1785,342574.4163,342574.4163
688616.SH,20250725,13.42,1.458,3.6023,0.76,23.2074,22.3889,3.0097,4.1003,4.1415,1.8306,2.1967,17937.8265,17937.8265,7260.2265,240725.6316,240725.6316
603289.SH,20250725,9.86,1.2805,3.7273,0.84,35.1862,38.4316,2.0671,2.5194,2.5074,1.5327,1.5213,29336.7953,29336.7953,10078.2034,289260.8017,289260.8017
000029.SZ,20250725,19.16,0.4738,1.6062,1.02,,,5.4039,47.6225,28.595,0.0,,101166.0,89166.0,26301.7736,1938340.56,1708420.56
002016.SZ,20250725,5.73,1.3992,3.5227,1.2,123.9113,146.6353,0.9695,4.7255,5.0569,0.8726,0.1745,80909.5632,80909.5632,32137.2958,463611.7971,463611.7971
300760.SZ,20250725,231.84,0.5932,1.2395,0.83,24.0899,25.2391,7.4145,7.6538,7.898,3.1099,3.3126,121244.1394,121241.9194,58024.9632,28109241.2785,28108726.5937
301603.SZ,20250725,58.0,9.818,11.1383,1.22,34.1256,30.669,3.2935,3.9805,3.7462,1.3793,1.5517,12076.0,3773.25,3326.0,700408.0,218848.5
301216.SZ,20250725,13.93,4.6174,4.7874,1.76,,,1.3596,0.4165,0.4246,1.067,1.0672,51522.3189,28482.6936,27471.0186,717705.9023,396763.9218
002728.SZ,20250725,9.13,6.5599,7.8944,0.87,228.3778,109.0855,2.6383,6.8053,5.7199,3.8963,0.533,51266.1866,37647.3716,31283.5389,468060.2837,343720.5027
300963.SZ,20250725,20.22,10.6729,19.2983,1.13,97.1356,99.6069,8.73,8.6215,8.9163,0.1943,0.1943,45864.0,28941.268,16006.003,927370.08,585192.439
002444.SZ,20250725,33.71,1.6337,2.8097,1.17,17.4794,17.1278,2.3809,2.7215,2.6586,1.7799,1.4832,119447.8182,114316.8402,66468.6983,4026585.9515,3853620.6831
603648.SH,20250725,11.22,2.1978,4.352,1.21,31.0644,33.3097,2.1633,2.6761,2.8143,3.1194,3.1194,36241.28,36241.28,18301.9174,406627.1616,406627.1616
601825.SH,20250725,9.38,0.2276,0.3849,0.9,7.362,7.3546,0.7354,3.3957,3.4639,6.5885,4.6055,964444.4445,931658.3609,550960.0587,9046488.8894,8738955.4252
301232.SZ,20250725,31.89,3.9159,4.3393,0.7,,,1.75,1.3354,1.1965,0.448,,7516.2347,4466.7265,4030.9725,239692.7246,142443.9081
000753.SZ,20250725,5.84,2.933,4.7127,0.88,108.4051,113.6321,2.1328,1.7534,1.7816,0.5137,0.3425,99148.1071,99148.1071,61705.3723,579024.9455,579024.9455
603569.SH,20250725,7.96,1.4166,4.8951,1.12,60.3769,69.9875,1.6292,1.1507,1.0846,0.8793,0.6281,60350.7251,60350.7251,17464.8246,480391.7718,480391.7718
002291.SZ,20250725,6.52,5.9543,7.0989,1.64,,,1.8364,1.2923,1.4817,0.0,,94411.2844,87766.9001,73615.5138,615561.5743,572240.1887
300721.SZ,20250725,15.54,15.3673,22.9011,3.39,268.7173,,2.1728,1.449,1.5078,0.6435,0.1931,16484.6739,13673.8494,9175.5884,256171.8324,212491.6197
002167.SZ,20250725,13.24,14.9452,20.0741,0.7,57.9942,44.731,5.9283,6.6475,7.3425,0.0,,77467.33,75778.385,56417.3027,1025667.4492,1003305.8174
920641.BJ,20250725,17.85,4.5112,7.1937,0.88,,552.0282,3.9991,2.4633,2.5223,1.1539,0.5602,7507.5,4465.7345,2800.4845,134008.875,79713.3608
001368.SZ,20250725,26.04,15.1092,15.1092,3.72,28.7747,29.762,2.1646,3.0517,2.9548,5.5699,3.0746,11383.6944,3208.6099,3208.6099,296431.4022,83552.2018
300169.SZ,20250725,8.28,8.0338,8.2066,0.91,,,82.6534,5.0812,5.2905,0.0,,32598.434,30173.5782,29538.0015,269915.0335,249837.2275
603721.SH,20250725,20.12,1.6938,3.4136,0.46,,,5.332,8.7145,10.6006,0.0,,13000.0,13000.0,6450.5215,261560.0,261560.0
300171.SZ,20250725,14.25,3.7028,5.6326,2.31,56.2258,72.9669,1.4047,2.1782,2.1658,1.6705,0.5299,76582.804,56265.7355,36988.4597,1091304.957,801786.7309
301203.SZ,20250725,33.3,1.5248,2.0133,0.56,20.1935,21.2416,1.9679,8.4408,8.3086,4.5045,4.5045,8000.0,4384.25,3320.3405,266400.0,145995.525
301087.SZ,20250725,37.17,2.8528,6.246,3.04,24.93,25.7388,1.6715,2.6055,2.6675,4.7153,4.7106,20909.2,19424.702,8872.0525,777194.964,722016.1733
300959.SZ,20250725,43.46,2.4099,3.3743,0.85,114.67,78.0792,3.0837,3.0757,3.5395,0.6275,0.7537,8036.78,5235.5219,3739.1496,349278.4588,227535.7818
688661.SH,20250725,40.25,2.0039,4.4027,0.74,,262.8631,4.9854,10.7441,8.9758,0.1176,0.1529,15188.7826,15164.9191,6902.506,611348.4997,610387.9938
600166.SH,20250725,2.81,1.2384,1.8317,0.88,276.2245,85.5484,1.5116,0.4664,0.4483,0.0,,791740.0367,648882.8939,438691.3605,2224789.5031,1823360.9319
002955.SZ,20250725,25.27,2.8452,5.2667,1.44,26.946,29.5027,1.8558,1.6963,1.7162,1.6791,5.0179,23663.9912,18737.772,10122.7555,597989.0576,473503.4984
301097.SZ,20250725,48.4,15.3308,15.3308,1.52,,,2.4482,6.8099,6.784,1.0257,1.008,5894.7368,1834.7368,1834.7368,285305.2611,88801.2611
601838.SH,20250725,19.48,0.6272,1.1921,0.85,6.4211,6.3417,0.999,3.5927,3.5649,4.1426,,423843.5356,423105.8198,222607.6431,8256472.0735,8242101.3697
002456.SZ,20250725,11.48,1.7697,2.0483,0.94,660.1761,,10.3218,1.8859,1.8644,0.0,,335733.9213,331254.6834,286203.6357,3854225.4165,3802803.7654
000802.SZ,20250725,5.15,3.2333,4.17,1.45,,,4.2532,11.6331,9.0207,0.0,,71590.0255,71546.5255,55475.6027,368688.6313,368464.6063
301225.SZ,20250725,86.05,8.2059,8.3546,0.96,67.8838,66.1293,6.1052,10.2829,9.9269,0.4564,0.4792,10338.0,3018.0,2964.3,889584.9,259698.9
301170.SZ,20250725,28.26,5.1638,5.1638,0.47,25.7576,26.2559,1.6538,2.6518,2.6451,0.8846,1.0616,10000.0,3357.5425,3357.5425,282600.0,94884.1511
002207.SZ,20250725,7.41,3.7874,5.4217,0.6,,,37.5286,5.6841,5.8812,0.0,,26205.5378,26080.76,18219.1322,194183.0351,193258.4316
600784.SH,20250725,6.56,1.068,1.6652,1.0,14.7055,14.7511,1.3938,1.3119,1.3116,0.9146,1.0061,67565.2277,67565.2277,43334.9276,443227.8937,443227.8937
601996.SH,20250725,2.29,1.1977,2.0281,0.75,,,0.9971,1.2706,1.3221,5.2402,,112091.4416,112091.4416,66196.8416,256689.4013,256689.4013
001212.SZ,20250725,43.56,8.0987,13.7005,1.09,261.296,672.6883,4.5389,14.9773,16.621,0.2218,0.1593,18302.3996,15623.6753,9235.5828,797252.5266,680567.2961
688296.SH,20250725,13.84,1.7247,2.9652,1.1,,,2.207,3.1151,3.4017,,,10789.866,10739.316,6246.6386,149331.7454,148632.1334
002673.SZ,20250725,8.78,10.268,17.8277,6.66,27.9655,26.1953,1.3656,5.8466,6.1964,1.139,1.1375,446958.1705,410919.4608,236671.4325,3924292.737,3607872.8658
301256.SZ,20250725,10.58,1.486,5.8603,0.77,50.5325,53.5757,3.0066,4.2094,3.7699,2.3629,1.6068,48000.0,48000.0,12171.52,507840.0,507840.0
920566.BJ,20250725,14.05,11.5188,12.6782,1.0,23.8635,24.8029,2.6673,4.9167,4.9029,2.4996,1.4235,14546.338,11167.2428,10146.0296,204376.0489,156899.7613
301085.SZ,20250725,61.65,5.8408,9.8567,1.0,194.505,243.9761,4.9219,3.8804,4.1438,0.452,0.1932,8677.5675,5891.1742,3490.944,534972.0364,363190.8894
688261.SH,20250725,48.58,7.6544,14.5209,2.92,147.9447,136.0689,2.0507,5.9335,5.3482,0.2823,0.0811,12253.1446,12253.1446,6459.0426,595257.7647,595257.7647
920779.BJ,20250725,44.38,5.581,5.581,0.76,48.2856,50.8577,7.6185,20.2646,20.7182,2.2529,2.4138,8007.472,2003.3201,2003.3201,355371.6074,88907.346
688508.SH,20250725,58.93,3.9624,5.3634,1.54,69.5061,60.1727,3.1165,8.0221,7.2818,0.2471,0.6671,13131.0346,13131.0346,9700.9346,773811.869,773811.869
002903.SZ,20250725,21.7,4.7935,5.6058,0.5,253.3008,716.2054,4.2398,7.1548,6.8507,0.9221,0.3687,15580.5,10408.6427,8900.4393,338096.85,225867.5466
300952.SZ,20250725,26.77,3.3621,5.0115,0.6,38.3091,36.792,2.8889,3.5165,3.3991,0.8152,0.5277,16677.531,9874.7509,6624.7509,446457.5049,264347.0816
000948.SZ,20250725,20.07,3.5644,5.5378,0.8,68.3224,83.4275,2.9651,0.8359,0.833,0.5981,0.4484,39361.7825,38903.6297,25040.5557,789990.9748,780795.8481
603889.SH,20250725,6.09,0.8012,1.4654,1.05,10.3869,10.2633,1.3482,0.919,0.9184,4.9272,4.9261,73049.0943,72065.8743,39401.8156,444868.9843,438881.1745
002438.SZ,20250725,13.35,2.905,3.6468,0.59,22.9774,22.5336,1.9205,3.1614,3.1513,1.1985,1.3109,50753.7461,46888.0667,37349.9212,677562.5104,625955.6904
301155.SZ,20250725,66.0,2.8258,4.0347,0.9,217.0234,254.6846,2.6286,10.5926,8.6079,0.0,0.1364,21739.1478,12180.0012,8530.6002,1434783.7548,803880.0792
300786.SZ,20250725,15.38,9.2748,10.0186,1.58,,,2.4945,5.7403,5.5363,,,18401.5879,14670.1444,13580.8874,283016.4219,225626.8209
301166.SZ,20250725,33.0,3.1125,4.2389,1.03,281.7998,,1.4052,2.5587,2.6918,1.4237,0.6895,8666.6668,5620.2568,4126.7868,286000.0044,185468.4744
920128.BJ,20250725,36.16,7.003,7.3847,0.65,61.1977,62.5305,5.8486,4.631,4.603,,1.1062,8119.0,2196.0,2082.5,293583.04,79407.36
920970.BJ,20250725,10.14,5.2562,6.8009,0.58,,,3.8921,9.217,8.8994,,,11136.04,6904.09,5335.94,112919.4456,70007.4726
601997.SH,20250725,6.51,1.2315,1.6431,0.7,4.6096,4.7058,0.39,1.5941,1.6628,4.4547,4.4547,365619.8076,365619.8076,274020.5751,2380184.9475,2380184.9475
600201.SH,20250725,8.77,5.8638,6.7376,0.9,90.1557,123.0058,1.8643,7.8264,7.8035,0.9095,0.3364,112036.9226,112036.9226,97506.14,982563.8112,982563.8112
002399.SZ,20250725,13.46,1.3209,6.2577,0.81,30.5374,30.4644,1.6568,3.74,3.7252,0.0,1.8574,146729.6204,124720.1704,26326.689,1974980.6906,1678733.4936
000630.SZ,20250725,3.68,2.3723,3.7376,0.71,16.7637,16.5739,1.4104,0.3235,0.3181,2.1523,2.7111,1279413.2824,1052767.2764,668192.63,4708240.8792,3874183.5772
002899.SZ,20250725,22.16,2.6907,3.712,0.8,30.0148,29.9314,1.921,2.6982,2.5868,0.3177,0.3356,14779.6976,14779.6976,10713.4976,327518.0988,327518.0988
002780.SZ,20250725,14.04,11.0847,11.824,2.3,,,3.254,2.7648,2.6823,0.0,,15758.7486,13065.2734,12248.3672,221252.8303,183436.4385
000999.SZ,20250725,31.67,0.6512,1.7746,1.13,15.7,16.1496,2.5461,1.9146,1.9457,5.2322,3.2061,166958.829,166205.3945,60991.1266,5287586.1144,5263724.8438
688160.SH,20250725,99.41,1.6805,5.2602,0.98,184.6868,184.5544,7.4064,16.4934,15.9136,0.2791,0.2791,9083.2206,8400.0,2683.6554,902962.9598,835044.0
600713.SH,20250725,5.33,0.7399,1.6878,1.05,12.2261,11.8466,1.028,0.1299,0.1292,3.0028,3.1888,130891.6414,128689.1624,56412.6907,697652.4487,685913.2356
002213.SZ,20250725,17.34,8.7872,10.9069,1.12,,,7.3301,3.9305,3.8699,0.0,0.1211,23733.783,20629.2094,16620.1615,411543.7972,357710.491
603071.SH,20250725,13.64,0.6057,2.0926,0.57,10.3037,11.6412,1.4261,0.1702,0.1722,5.132,4.3988,55795.4442,55795.4442,16150.0481,761049.8589,761049.8589
000531.SZ,20250725,6.55,0.9589,2.0127,0.9,40.9361,29.3149,1.0284,1.5868,1.6192,1.5267,1.2101,104140.1332,90974.5488,43344.2359,682117.8725,595883.2946
920169.BJ,20250725,38.91,8.1095,13.7448,0.67,228.1802,219.0027,10.3017,17.3593,16.7044,0.2601,0.257,8174.539,5081.199,2997.924,318071.3125,197709.4531
301578.SZ,20250725,36.44,5.2366,5.2366,1.28,62.8913,71.9029,3.2319,3.3995,3.3749,1.0103,1.0507,8148.5391,2316.99,2316.99,296932.7648,84431.1156
300111.SZ,20250725,3.46,2.7894,3.9838,1.43,569.0054,623.312,6.4912,13.4811,13.9657,0.0,,128721.0714,128721.0714,90130.1583,445374.907,445374.907
300607.SZ,20250725,34.38,8.1341,9.1095,1.22,,,5.8546,5.7104,7.344,0.1105,,47697.2412,33768.9987,30153.2522,1639831.1525,1160978.1753
002011.SZ,20250725,11.73,1.5361,2.4803,1.08,11.9607,11.8579,2.1834,0.9857,0.9559,0.0,,106543.6182,91631.143,56748.2514,1249756.6415,1074833.3074
601998.SH,20250725,8.14,0.1292,1.0721,0.89,6.6051,6.5746,0.6528,2.1201,2.1401,5.9383,4.2627,5564516.2264,4076299.9287,491376.2394,45295162.0829,33181081.4196
002413.SZ,20250725,5.72,3.6484,3.6484,0.61,,,2.2143,6.0635,6.1859,0.0,,131698.9628,123850.1674,123850.1674,753318.0672,708422.9575
300950.SZ,20250725,30.25,13.4234,19.4436,0.61,47.6918,66.1214,6.1461,9.0614,10.1931,0.4894,0.6525,15248.0,9037.4775,6239.231,461252.0,273383.6944
002674.SZ,20250725,10.43,2.1237,4.5441,0.5,21.763,24.474,1.2895,1.0446,1.034,5.6809,1.4382,29555.0944,29256.3652,13672.8766,308259.6346,305143.889
300777.SZ,20250725,36.16,1.7668,2.224,0.87,44.6458,38.7597,3.6354,19.5697,17.5733,0.3291,0.6068,43970.7537,42361.5261,33652.9396,1589982.4538,1531792.7838
301519.SZ,20250725,14.27,8.5512,10.1162,0.84,171.6194,,1.6147,3.5895,3.5506,1.4015,0.6793,16416.0,7801.25,6594.3536,234256.32,111323.8375
301060.SZ,20250725,10.77,5.5475,11.0117,4.22,,,2.7469,2.476,2.6038,0.0,1.8478,40051.7,35537.8877,17903.2537,431356.809,382743.0505
688432.SH,20250725,11.68,1.3284,2.4328,1.32,62.5675,64.5935,3.371,14.6315,14.6884,0.0854,0.5122,124762.1058,50756.5658,27714.3158,1457221.3957,592836.6885
000990.SZ,20250725,7.86,1.4636,2.7409,1.03,41.4234,59.5221,0.535,0.8632,0.8421,0.6361,0.6361,121523.7535,121523.6635,64890.8432,955176.7025,955175.9951
301198.SZ,20250725,12.37,6.6566,13.3022,1.96,,,2.2836,5.7066,5.5759,0.9701,,16900.0,15555.436,7784.14,209053.0,192420.7433
920718.BJ,20250725,18.86,3.2191,5.2824,0.7,22.4276,23.182,3.0009,1.4278,1.3626,0.5302,1.0604,9066.67,4148.9069,2528.385,170997.3962,78248.3841
600676.SH,20250725,5.28,6.8902,12.8402,1.27,,,1.0638,1.224,1.1927,0.0,,102849.2944,102849.2944,55189.9254,543044.2744,543044.2744
300686.SZ,20250725,10.18,3.1271,3.5324,1.22,,,2.6814,1.7207,1.6928,0.0,,26062.422,19367.0867,17144.9281,265315.456,197156.9426
688055.SH,20250725,3.87,0.2124,2.046,0.93,,,3.0491,3.7795,4.1784,,,333333.34,333333.34,34611.34,1290000.0258,1290000.0258
002119.SZ,20250725,16.87,5.5856,8.3021,2.09,76.1036,70.1041,4.5815,3.2226,3.2079,0.1778,0.1778,37528.4,37528.4,25248.7713,633104.108,633104.108
000652.SZ,20250725,4.39,1.2128,1.8101,0.88,56.7679,56.7465,1.1392,0.3398,0.3455,0.9112,0.6834,147557.3852,147446.2359,98788.1848,647776.921,647288.9756
300231.SZ,20250725,12.13,2.7163,3.5101,1.03,,,3.4152,3.3478,3.1748,1.5551,0.8244,44427.7005,44425.419,34378.067,538908.0071,538880.3325
688247.SH,20250725,11.96,8.4449,10.5608,1.15,42.4583,43.2738,4.2462,10.5976,10.6493,0.5467,0.5134,45334.0,14232.16,11380.6906,542194.64,170216.6336
605488.SH,20250725,31.61,1.3049,2.1043,0.55,63.6356,61.2804,5.9141,3.4863,3.4268,0.4275,0.5545,28020.35,27734.19,17198.54,885723.2635,876677.7459
300412.SZ,20250725,5.52,3.1028,4.3312,1.08,75.7608,73.6286,2.7013,1.9865,1.9484,0.0,1.087,49775.6637,46786.1646,33517.1546,274761.6636,258259.6286
301622.SZ,20250725,86.71,20.3904,20.3904,1.15,56.7054,50.6026,6.7912,8.4865,8.2979,,0.4613,11593.188,2898.297,2898.297,1005245.3315,251311.3329
603056.SH,20250725,16.16,3.4492,16.4249,2.36,19.1496,23.5622,2.0013,0.4083,0.3974,0.4889,0.8911,101981.5388,101981.5388,21416.116,1648021.667,1648021.667
301196.SZ,20250725,81.8,2.3771,6.9232,0.51,46.5174,39.4191,3.2693,5.6325,5.0464,1.7015,1.3404,12525.6497,12457.7272,4277.4272,1024598.1455,1019042.085
300026.SZ,20250725,4.12,3.8857,5.2418,1.38,576.5562,522.7664,1.4368,2.1403,2.1668,0.7282,0.7282,300415.4837,276342.3182,204848.9433,1237711.7928,1138530.351
002973.SZ,20250725,14.41,7.0884,12.6079,2.41,20.3613,22.5958,2.419,1.5044,1.5208,0.694,0.694,40866.5563,22289.199,12531.4076,588887.0763,321187.3576
688210.SH,20250725,34.88,11.5339,19.1568,1.82,74.8893,89.1372,4.4696,6.8656,6.513,0.5627,0.4207,16024.1309,16024.1309,9647.8037,558921.6858,558921.6858
300932.SZ,20250725,11.56,2.3726,4.0477,0.78,58.4392,55.4695,2.1725,1.7067,1.6555,1.0457,1.347,32010.3998,22799.3798,13364.0307,370040.2217,263560.8305
300586.SZ,20250725,11.96,2.2352,3.3249,0.55,237.5275,454.8673,4.4245,4.918,4.8411,0.4181,,71121.6645,53459.6468,35939.2478,850615.1074,639377.3757
688107.SH,20250725,28.84,1.1891,4.3657,1.57,,,10.0079,17.7358,19.1675,,,40084.9367,40084.9367,10918.1275,1156049.5744,1156049.5744
002767.SZ,20250725,18.28,4.5495,10.0766,1.58,103.5727,109.3753,3.298,4.4188,4.3222,0.0875,0.2407,15000.0,13018.2321,5877.6855,274200.0,237973.2828
603863.SH,20250725,15.65,4.6736,6.6239,0.91,,,7.1196,4.4068,4.6662,0.0,,20465.0,20465.0,14439.35,320277.25,320277.25
002139.SZ,20250725,14.35,2.2578,2.3754,0.77,26.6472,25.8298,2.625,1.7038,1.6484,0.4108,0.4807,124683.4988,107108.9847,101808.7668,1789208.2078,1537013.9304
688297.SH,20250725,56.12,1.6598,5.1533,0.69,,,6.6382,55.2812,44.0628,0.3154,,67500.0,67500.0,21740.1843,3788100.0,3788100.0
300503.SZ,20250725,23.47,5.1032,6.8466,1.06,86.6525,85.6101,5.991,5.4975,5.3805,0.0,0.2258,30607.2836,23908.7302,17820.7062,718352.9461,561137.8978
920060.BJ,20250725,36.4,13.9801,13.9801,0.42,44.8816,45.4465,5.6505,5.3075,5.1776,,1.3736,15204.4663,7010.1274,7010.1274,553442.5733,255168.6374
300817.SZ,20250725,22.87,3.7251,4.789,0.62,74.1053,74.2198,4.976,5.8825,5.7199,0.8745,0.8745,21829.824,12420.864,9661.68,499248.0749,284065.1597
301380.SZ,20250725,37.43,9.143,9.143,1.04,57.1854,53.4943,5.2844,3.8465,3.5947,1.0502,0.6449,10139.2433,4372.7501,4372.7501,379511.8767,163672.0362
600219.SH,20250725,4.13,1.0756,1.9839,0.79,9.9306,8.4406,0.9438,1.4328,1.3613,4.8656,4.1144,1161367.0848,1161367.0848,629664.9162,4796446.0602,4796446.0602
000731.SZ,20250725,7.18,1.3391,1.5373,0.6,14.7657,21.832,0.9824,0.881,0.8716,3.8236,3.7604,55882.9131,55882.9131,48677.5579,401239.3161,401239.3161
688046.SH,20250725,16.09,1.3038,2.9916,0.84,60.0702,59.7975,3.1163,9.6048,9.416,1.1765,0.8677,41000.0,41000.0,17868.8872,659690.0,659690.0
000818.SZ,20250725,22.79,3.0844,4.2306,0.8,,,7.8825,3.6056,4.1616,0.2242,,66000.0039,65821.1439,47987.9239,1504140.0889,1500063.8695
603155.SH,20250725,15.92,1.7252,6.813,0.86,43.9603,44.9084,2.3178,6.9772,7.1625,1.8844,4.397,31578.68,31578.68,7996.1699,502732.5856,502732.5856
301327.SZ,20250725,56.82,3.5174,3.5174,0.46,41.3645,33.5183,1.6113,2.7481,2.6513,0.354,1.7927,17438.1356,4814.9188,4814.9188,990834.8648,273583.6862
002080.SZ,20250725,27.84,1.8877,4.7474,0.48,52.3833,45.0206,2.5253,1.9479,1.8643,2.0115,0.8082,167812.3584,167812.3584,66724.898,4671896.0579,4671896.0579
300715.SZ,20250725,10.69,1.2662,2.6289,0.53,,,2.2571,1.698,1.7438,1.1943,,37805.543,33415.8876,16094.6999,404141.2547,357215.8384
603968.SH,20250725,12.38,1.7569,3.4013,1.2,,,1.4095,0.8693,0.8782,2.2617,,20738.1,20448.0,10562.2894,256737.678,253146.24
688081.SH,20250725,21.1,2.8961,6.2748,0.72,,,5.2278,14.2106,14.177,,,10304.0,10304.0,4755.7809,217414.4,217414.4
600876.SH,20250725,11.36,1.6533,4.2961,0.86,,,1.8846,1.5965,1.8118,0.0,,64567.4963,39567.4963,15227.474,733486.758,449486.758
300990.SZ,20250725,52.88,4.3037,7.7395,0.84,58.5054,42.7045,4.7634,4.1556,3.65,0.9385,0.9436,16974.934,7772.947,4322.347,897634.5099,411033.4374
603633.SH,20250725,9.42,6.0279,9.4251,1.75,54.7048,59.8889,2.0546,2.7433,2.7088,0.5414,0.5414,42681.0818,42681.0818,27296.7896,402055.7906,402055.7906
001323.SZ,20250725,33.04,1.4198,1.4365,1.55,17.2238,17.7609,3.1048,2.3589,2.3931,5.2514,5.2105,40001.0,8602.29,8502.29,1321633.04,284219.6616
000404.SZ,20250725,7.23,1.2054,1.7406,0.8,11.1771,10.6916,1.2556,0.4205,0.4155,3.4578,4.1494,69599.5979,69272.8247,47973.3275,503205.0928,500842.5226
002052.SZ,20250725,11.54,5.2391,7.954,1.86,123.6668,43.1572,40.4417,14.3606,9.8734,0.0,,74595.9694,72308.4512,47627.6031,860837.4869,834439.5268
002034.SZ,20250725,17.46,0.7068,1.5183,0.8,13.51,13.0613,1.1492,2.3881,2.324,2.8341,2.8195,43398.4137,43183.0349,20103.4057,757736.3032,753975.7894
300814.SZ,20250725,35.04,9.8851,28.4856,2.19,176.082,182.8967,4.1571,4.6133,4.372,0.2962,0.2854,19143.0132,19143.0132,6643.0132,670771.1825,670771.1825
000065.SZ,20250725,11.31,2.7121,5.1426,0.69,11.5457,12.5895,1.2416,0.6351,0.684,0.7608,1.3077,107138.5874,97496.2288,51416.3105,1211737.4235,1102682.3477
920249.BJ,20250725,15.09,8.5538,8.5538,1.79,,,9.0984,3.2488,3.1145,,,42163.0,11541.0726,11541.0726,636239.67,174154.7855
300824.SZ,20250725,12.74,1.684,4.3657,0.89,59.814,44.5044,5.7639,5.5168,4.8159,2.192,1.5604,32634.1682,31604.5307,12191.0126,415759.3029,402641.7211
000766.SZ,20250725,23.8,1.9076,2.3746,0.86,407.5773,390.9754,10.1468,17.3925,17.3438,0.0,,96649.4707,96600.7681,77600.7681,2300257.4027,2299098.2808
000591.SZ,20250725,4.62,0.8537,1.2015,0.76,14.7739,15.5586,0.7691,2.9978,3.0534,3.1526,2.4441,391856.8213,360398.914,256068.0753,1810378.5144,1665042.9827
002993.SZ,20250725,39.56,0.8726,1.7705,0.5,23.491,23.386,2.2863,1.7001,1.6795,3.0334,3.7707,27604.0,23844.6933,11752.0683,1092014.24,943296.0669
603259.SH,20250725,88.88,2.4584,2.941,1.31,27.0132,22.8338,4.3638,6.5054,6.2395,1.1314,1.5061,287221.7205,248514.1055,207731.8798,25528266.518,22087933.6968
000541.SZ,20250725,6.58,1.5835,3.1496,0.74,22.6485,23.6535,1.5607,1.1168,1.1647,1.8237,1.8237,153577.823,123053.3206,61867.5403,1010542.0753,809690.8495
688152.SH,20250725,45.31,4.523,4.523,1.0,582.8455,3026.0114,3.7378,16.1509,16.628,,,10208.0546,4009.6546,4009.6546,462526.9539,181677.4499
600222.SH,20250725,6.17,2.3154,3.0101,0.88,70.0813,114.9738,2.2433,1.8239,2.0055,0.4386,0.1566,57388.6283,57388.6283,44144.5115,354087.8366,354087.8366
601318.SH,20250725,58.08,0.4723,0.5187,0.8,8.3538,9.0464,1.1617,1.0279,1.0408,4.1686,4.3486,1821023.4607,1076265.7695,979993.8593,105765042.5975,62509515.8926
300531.SZ,20250725,19.88,4.0975,6.2966,0.84,,,5.0562,5.246,5.0996,0.2481,0.2481,32225.1025,30875.8738,20092.2707,640635.0377,613812.3711
300696.SZ,20250725,22.17,5.2739,5.885,0.6,,,3.5354,21.5873,19.6252,0.4511,,29315.2983,16870.5375,15118.7194,649920.1633,374019.8164
600479.SH,20250725,10.85,2.2671,3.1719,0.98,19.6779,19.102,1.9334,1.251,1.2495,3.2681,3.318,41850.7117,41850.7117,29912.5981,454080.2219,454080.2219
688218.SH,20250725,21.9,2.274,2.7822,0.74,57.4662,118.4543,2.8706,3.7147,4.0398,1.564,0.852,11860.1725,11860.1725,9693.8602,259737.7778,259737.7778
688292.SH,20250725,22.13,5.5757,6.2549,1.31,97.0155,136.9893,3.452,7.9231,8.7284,0.5377,0.5363,15834.6667,9002.0429,8024.5198,350421.1741,199215.2094
603912.SH,20250725,8.95,2.127,3.8401,0.76,135.2308,234.3511,2.7209,6.0185,5.8614,0.8938,0.8939,54181.8152,54181.8152,30010.2959,484927.246,484927.246
688276.SH,20250725,24.08,2.0194,6.0654,1.39,42.9174,57.7131,2.403,8.1043,8.885,0.6229,0.7018,41365.7598,41365.7598,13772.0919,996087.496,996087.496
002901.SZ,20250725,44.22,2.2769,10.108,1.04,51.311,45.9795,6.1219,8.5729,8.1058,0.5654,1.1105,41401.9506,28851.2773,6498.937,1830794.2555,1275803.4822
002544.SZ,20250725,22.31,0.9331,1.6549,0.85,1356.5725,,4.1008,3.0533,3.1893,0.1173,0.0372,68053.389,67870.4655,38267.457,1518271.1086,1514190.0853
603330.SH,20250725,7.13,1.5079,2.3217,0.86,,,2.0103,2.3394,2.4718,1.112,,43267.3649,43267.3649,28100.1782,308496.3117,308496.3117
601375.SH,20250725,4.56,3.2828,4.3123,0.84,86.1166,97.1081,1.4955,12.5281,14.6316,0.4386,0.4386,464288.47,344751.97,262453.5853,2117155.4232,1572068.9832
688082.SH,20250725,122.47,0.5595,3.1117,1.46,46.8657,40.9637,6.6892,9.6204,9.0042,0.5055,,44129.1188,43610.7535,7841.5227,5404493.1794,5341008.9811
002462.SZ,20250725,14.07,2.9286,4.0957,2.0,25.5453,31.2631,0.9494,0.1709,0.1931,1.8479,1.2082,29170.712,29147.0419,20841.3183,410431.9178,410098.8795
603659.SH,20250725,18.66,0.991,2.1212,0.7,33.4948,32.3303,2.1534,2.9654,2.926,0.7471,0.8971,213716.5372,213639.9076,99812.9224,3987950.5842,3986520.6758
300499.SZ,20250725,18.28,5.3164,5.5377,0.79,,,4.0892,8.0721,7.6372,0.0,,30524.8564,27140.8406,26056.188,557994.375,496134.5662
688026.SH,20250725,19.3,6.8256,12.2894,1.84,37.5263,33.6634,2.5407,4.8491,4.6371,0.3695,0.3709,14036.322,14031.8398,7793.3727,270901.0146,270814.5081
301181.SZ,20250725,26.22,3.6946,3.6946,0.7,24.9127,25.2039,2.2169,5.8973,5.8503,2.5077,2.4845,11554.0973,3754.0973,3754.0973,302948.4312,98432.4312
920679.BJ,20250725,22.5,4.9538,7.7314,0.95,54.3143,158.3527,2.6033,9.1577,13.2877,5.7778,2.9333,5585.0,2617.925,1677.4,125662.5,58903.3125
300943.SZ,20250725,15.52,3.2074,3.8977,0.59,58.6398,57.5665,3.2934,6.2038,6.1643,0.7706,0.7732,20382.0,13434.0287,11054.9201,316328.64,208496.1254
688179.SH,20250725,14.8,2.5615,4.8321,0.83,49.8422,46.5104,4.9627,9.2259,8.7084,1.2075,1.1217,33260.2199,33260.2199,17631.1166,492251.2545,492251.2545
300858.SZ,20250725,17.16,4.4461,5.5266,1.24,47.9203,47.0169,2.553,14.9329,14.0692,0.8741,0.8741,26349.5118,18955.3454,15249.2782,452157.6225,325273.7271
002605.SZ,20250725,26.97,3.6576,5.7552,1.15,20.8887,21.2878,3.3288,3.4417,3.6693,3.3083,1.8489,41747.116,33706.1982,21421.3422,1125919.7185,909056.1655
300887.SZ,20250725,8.61,4.5008,8.3197,0.91,,,1.5888,3.0484,3.2213,0.6969,,54573.7213,36219.722,19594.0707,469879.7404,311851.8064
600076.SH,20250725,2.43,1.3101,2.1293,0.94,,,0.8245,5.4256,5.3835,,,134454.3367,134454.3367,82725.2982,326724.0382,326724.0382
300277.SZ,20250725,13.31,4.467,6.3663,0.8,480.8624,546.5096,9.3898,19.9424,20.2325,0.1473,0.1473,34170.0,34131.4746,23948.8146,454802.7,454289.9269
002204.SZ,20250725,6.38,3.2237,7.2326,0.51,24.7495,23.0435,1.6604,0.8629,0.844,0.5437,0.7759,193137.0032,193137.0032,86084.3077,1232214.0804,1232214.0804
300366.SZ,20250725,8.14,5.2759,5.5822,1.05,,,2.7782,3.5186,3.3777,0.0,,60757.615,53050.249,50139.3514,494566.9861,431829.0269
601390.SH,20250725,5.83,0.8698,1.9752,0.62,5.1724,5.4573,0.4711,0.1246,0.1264,3.6037,3.0533,2474100.8919,2047485.7941,901613.2051,14424008.1998,11936842.1796
603225.SH,20250725,12.52,0.9536,2.356,0.84,17.3458,16.867,1.1262,0.2845,0.2841,2.0116,1.7625,152465.4505,151177.1505,61187.2409,1908867.4403,1892737.9243
300551.SZ,20250725,11.57,6.9707,8.8141,0.71,,,7.9358,13.212,15.5911,0.0,,34006.2839,33907.2858,26815.9321,393452.7047,392307.2967
000890.SZ,20250725,4.03,4.8118,8.0727,0.49,,,102.6381,5.4139,6.2815,0.0,,41950.3968,41949.1046,25004.2336,169060.0991,169054.8915
920433.BJ,20250725,7.8,3.6767,6.8892,0.98,189.4533,188.448,4.299,9.6225,9.2944,1.0371,0.7692,25591.9681,16935.5422,9038.2415,199617.3512,132097.2292
003015.SZ,20250725,16.47,3.5069,4.208,0.56,68.6064,51.8715,4.9024,7.9395,7.6815,0.5761,1.1935,28106.6667,24740.1692,20618.1569,462916.8005,407470.5867
301082.SZ,20250725,19.47,5.9663,11.6546,0.86,,,4.4261,2.3055,2.2005,0.6604,0.5136,22630.9174,20923.1511,10711.1406,440623.9618,407373.7519
603307.SH,20250725,39.8,5.265,5.265,1.76,18.79,20.4018,1.9719,3.2523,3.178,3.4721,2.4996,6787.7,1700.0,1700.0,270150.46,67660.0
920729.BJ,20250725,9.91,6.7201,6.8725,1.17,67.4805,68.2601,4.2645,10.0708,10.1099,1.7924,1.3118,27335.0,7682.5041,7512.2133,270889.85,76133.6156
688028.SH,20250725,23.26,1.7824,3.4505,0.74,35.6486,36.6156,1.8283,5.2104,5.1622,1.5045,1.4559,15199.7828,15076.9432,7788.2667,353546.9479,350689.6988
002319.SZ,20250725,13.56,7.4164,10.0222,2.36,,,15.7519,7.1289,7.0529,0.0,,20947.251,20000.0,14800.0041,284044.7236,271200.0
002822.SZ,20250725,3.37,2.1764,2.2189,1.95,,,2.9457,1.0675,1.2117,0.0,,73467.7285,58990.205,57859.9592,247586.245,198796.9909
688165.SH,20250725,24.4,1.9893,4.8576,0.96,,,8.0791,9.2714,9.8662,,,52178.0,52178.0,21368.1322,1273143.2,1273143.2
600791.SH,20250725,5.08,0.9377,1.7148,0.71,,,4.0055,0.4215,0.4105,,,45288.0,45231.3696,24733.0051,230063.04,229775.3576
301446.SZ,20250725,26.49,22.5857,22.5857,1.13,38.0537,35.0521,2.4044,5.8799,5.9423,0.9583,0.755,10400.0,3177.2,3177.2,275496.0,84164.028
000544.SZ,20250725,8.55,0.5349,2.1593,0.89,8.0738,8.5615,0.989,1.531,1.6511,2.1053,3.0409,97468.4488,97468.4488,24142.7944,833355.2372,833355.2372
000681.SZ,20250725,20.59,5.5671,7.6991,1.45,121.0684,119.1229,4.0215,17.7825,17.4656,0.1406,0.1406,70057.7436,67609.3793,48887.758,1442488.9407,1392077.1198
600210.SH,20250725,6.54,1.1972,1.6336,0.74,12.2642,12.0823,1.6894,0.9325,0.9222,3.8226,4.5872,151673.6158,151673.6158,111152.8382,991945.4473,991945.4473
920363.BJ,20250725,22.75,5.3802,7.6204,0.6,,,6.248,14.0314,13.2575,0.9158,,9545.0,5188.937,3663.5,217148.75,118048.3168
600137.SH,20250725,21.55,14.1246,32.0184,1.73,89.523,74.8963,3.9351,5.5167,5.6188,0.8353,0.8631,9721.7588,9721.7588,4288.6433,209503.9021,209503.9021
300250.SZ,20250725,16.69,8.0128,9.0877,1.56,,,6.8828,14.2123,15.9933,0.0,,21406.7479,15767.4797,13902.5648,357278.6225,263159.2362
600909.SH,20250725,6.27,1.2808,2.4254,1.02,19.7462,16.238,1.3298,6.4565,5.4435,1.6015,1.5949,467839.8535,467839.8535,247044.6799,2933355.8814,2933355.8814
688610.SH,20250725,43.1,1.5822,2.7729,0.76,186.4005,193.0822,2.0055,11.8054,11.2627,0.4553,,6800.0,4093.2568,2335.6498,293080.0,176419.3681
603017.SH,20250725,9.59,2.3458,4.1804,0.52,51.6134,61.9497,1.7731,1.9847,2.1221,1.0285,1.0285,27619.0293,27619.0293,15498.4571,264866.491,264866.491
300194.SZ,20250725,4.62,4.5025,4.861,1.02,19.6417,24.2792,1.2532,2.2984,2.6815,1.0823,1.0823,118971.2382,96789.0798,89651.5943,549647.1205,447165.5487
300350.SZ,20250725,6.33,6.4917,6.923,1.47,207.5397,,3.8926,10.6418,10.1915,0.0,,56201.2279,47156.5417,44218.5838,355753.7726,298500.909
000639.SZ,20250725,3.31,2.9515,3.6904,0.88,,,1.2234,0.7186,0.758,0.0,,107942.8095,107942.6247,86332.2604,357290.6994,357290.0878
300152.SZ,20250725,3.09,14.4788,14.4788,1.68,,,9.3433,11.5879,10.2417,0.0,,71280.0,71249.8481,71249.8481,220255.2,220162.0306
600302.SH,20250725,6.33,1.9903,3.4778,0.59,,,3.4015,4.907,5.1457,0.0,,34600.9804,34600.9804,19801.8356,219024.2059,219024.2059
300448.SZ,20250725,6.77,3.1172,3.1425,0.95,,,3.6502,13.2975,14.1784,0.4812,0.4812,67651.7079,49377.3902,48979.8024,458002.0625,334284.9317
002383.SZ,20250725,9.91,2.2553,3.9114,0.7,,,4.3822,6.1223,5.797,0.0,,74036.0305,74036.0305,42688.047,733697.0623,733697.0623
603681.SH,20250725,14.95,3.872,6.7538,1.64,17.4994,22.8385,1.1402,0.4605,0.4456,0.9651,0.9721,19113.1005,19113.1005,10957.7034,285740.8525,285740.8525
300426.SZ,20250725,10.06,3.31,4.8129,2.18,,,9.3101,23.9335,25.7436,0.0,,45524.221,40000.0,27509.4624,457973.6633,402400.0
688045.SH,20250725,36.19,3.7088,5.4017,0.96,,,1.853,3.672,3.7404,,,6983.7819,3769.5069,2588.1018,252743.067,136418.4547
920946.BJ,20250725,12.1,2.5424,9.1906,1.35,41.7398,43.803,4.4453,9.6171,9.8389,1.3223,1.157,42691.834,42678.709,11806.275,516571.1914,516412.3789
300787.SZ,20250725,13.73,2.2516,2.9177,0.5,56.1141,48.8414,2.9786,1.9449,1.7323,1.4161,1.2139,31343.2816,19095.8656,14736.3175,430343.2564,262186.2347
002296.SZ,20250725,11.7,8.2593,8.5877,2.63,16.6028,15.7721,1.9513,3.5837,3.5622,0.8547,1.7094,38958.042,34741.5444,33413.1119,455809.0914,406476.0695
300406.SZ,20250725,14.81,2.0459,3.6991,1.3,16.3024,17.5332,2.2908,5.2342,5.4789,1.3523,2.6938,58630.8628,42441.6455,23473.8441,868323.0781,628560.7699
300625.SZ,20250725,12.35,1.6231,2.6023,1.87,71.7396,185.6878,1.7399,1.6601,1.7119,4.8583,2.4291,27933.1,16312.4956,10174.4103,344973.785,201459.3207
688448.SH,20250725,31.03,3.565,5.2385,1.35,43.169,47.9035,2.2233,4.6467,4.7029,,0.9647,7165.23,4797.23,3264.6823,222337.0869,148858.0469
688595.SH,20250725,37.84,2.3301,4.034,1.38,,,8.0116,7.6738,7.5975,,,14242.5592,14242.5592,8226.8039,538938.4401,538938.4401
600618.SH,20250725,10.58,2.7385,9.7303,0.87,15.5384,15.1537,1.4089,1.4948,1.5598,1.8904,1.9849,115639.9976,74983.9976,21103.4329,1223471.1746,793330.6946
688778.SH,20250725,48.13,0.9011,2.7113,0.51,49.1643,43.2314,2.7933,1.8268,1.6717,1.21,0.691,50469.1083,50469.1083,16772.8499,2429078.1825,2429078.1825
605169.SH,20250725,11.24,0.8365,3.2377,0.82,18.3661,16.4308,1.6957,1.1551,1.0756,1.7661,2.1788,28288.0,28288.0,7308.8723,317957.12,317957.12
688366.SH,20250725,54.93,0.8467,1.8842,1.28,30.466,30.999,2.3156,4.7483,4.7971,2.0093,1.7913,23319.3695,19405.1855,8720.3855,1280932.9666,1065926.8395
300747.SZ,20250725,26.36,5.797,9.9222,1.26,110.8801,169.9051,4.5634,4.6565,4.785,0.4553,0.1897,56480.2491,50927.3642,29754.2809,1488819.3663,1342445.3203
601065.SH,20250725,8.61,2.5735,3.4299,1.06,12.0057,13.9909,1.2839,2.0631,2.1599,4.065,2.5552,64277.6079,41625.6079,31232.2346,553430.204,358396.484
002501.SZ,20250725,2.11,1.3458,1.7373,0.8,,,22.9073,22.4563,26.4008,0.0,,355000.0,354999.9006,274999.9006,749050.0,749049.7903
300540.SZ,20250725,17.1,1.5112,2.3321,0.65,54.2439,57.9391,3.6506,4.5565,4.4976,0.0,0.2089,22955.911,20343.4881,13182.7653,392546.0781,347873.6465
603856.SH,20250725,12.04,3.9957,9.7954,0.63,20.0661,21.2274,1.3144,1.3641,1.435,1.4271,1.495,28205.606,28205.606,11505.4157,339595.4962,339595.4962
301090.SZ,20250725,8.14,0.3017,1.6456,0.66,,,1.8748,0.6701,0.6926,0.4791,,148635.8853,147940.9053,27121.9719,1209896.1063,1204238.9691
002152.SZ,20250725,13.73,1.1898,2.3814,0.66,37.0688,37.333,2.783,3.1378,3.0969,1.4567,1.4567,248338.2898,248213.3713,124008.9459,3409684.719,3407969.5879
002369.SZ,20250725,8.9,4.284,4.9116,1.13,,,11.6279,2.9553,2.9468,0.0,,56695.628,56597.3349,49365.6177,504591.0892,503716.2806
688109.SH,20250725,35.31,2.595,6.2873,0.64,88.4365,65.9313,3.6732,6.2222,6.1378,0.8285,1.0584,7884.23,7884.23,3254.1759,278392.1613,278392.1613
600679.SH,20250725,13.08,1.6977,4.2086,0.92,,,3.2892,3.0747,2.9827,0.1835,0.1835,51529.4257,34369.4257,13864.5025,674004.8882,449552.0882
603260.SH,20250725,56.12,1.831,8.5522,1.15,38.1191,45.0624,2.0036,2.4856,2.5032,1.2033,1.2033,118220.6941,118220.6941,25310.1712,6634545.3529,6634545.3529
300970.SZ,20250725,15.45,2.9081,3.7414,0.93,,,1.2411,1.7993,1.7758,1.2443,,12020.24,9272.9429,7207.6646,185712.708,143266.9678
601339.SH,20250725,5.37,0.843,3.2795,0.74,19.6323,15.9992,0.8642,1.014,1.0274,5.5487,4.8417,149956.9,149956.9,38548.2228,805268.553,805268.553
002019.SZ,20250725,13.9,2.3792,2.8903,0.96,43.8063,43.0192,1.9716,3.2768,3.2764,0.7194,1.4388,121639.0085,84147.408,69267.2503,1690782.2182,1169648.9712
301633.SZ,20250725,80.6,18.774,18.774,0.69,47.5529,50.0235,5.1884,7.4583,7.5024,,1.2407,5568.0,1392.0,1392.0,448780.8,112195.2
600439.SH,20250725,3.7,3.1214,4.7083,1.12,,,1.5862,3.3803,3.2981,0.2703,,113198.544,113198.544,75044.7223,418834.6128,418834.6128
002304.SZ,20250725,68.3,0.3482,0.9029,0.77,15.418,24.1795,2.1335,3.5631,4.3436,6.8228,6.8038,150644.5074,150640.8924,58084.9922,10289019.8554,10288772.9509
300771.SZ,20250725,13.05,14.006,16.6431,2.25,79.3334,83.5925,1.6371,6.9448,6.6331,0.7503,1.1255,24000.0,18119.9138,15248.7878,313200.0,236464.8751
688639.SH,20250725,33.71,1.2123,1.7512,0.52,44.4884,54.7348,3.2945,3.8713,3.5662,1.6792,0.7401,25011.5693,25011.5693,17314.8052,843140.0011,843140.0011
920478.BJ,20250725,21.95,11.4916,14.2736,1.99,34.7869,30.6108,3.5849,6.3877,6.153,0.9298,1.3017,7870.87,4720.6071,3800.5397,172765.5965,103617.3258
002559.SZ,20250725,9.88,4.417,4.8739,1.41,72.4215,78.4146,3.1925,2.6401,2.7621,1.0121,0.7505,54976.5024,50040.7524,45349.8385,543167.8437,494402.6337
600421.SH,20250725,6.27,0.987,2.125,0.42,,,170.3648,10.4669,10.6422,0.0,,19560.0,19560.0,9085.2748,122641.2,122641.2
002897.SZ,20250725,40.24,5.7274,9.6536,2.0,62.8865,76.4683,3.1547,1.2808,1.3161,0.2485,0.2485,19404.9696,18245.9713,10825.1419,780855.9767,734217.8851
300150.SZ,20250725,5.28,4.1497,5.5517,0.59,90.404,63.7767,2.0112,3.6463,3.4921,0.0,,58510.6053,51473.3937,38475.0371,308935.996,271779.5187
603101.SH,20250725,8.04,0.938,2.3722,0.86,64.8025,48.8312,2.7107,1.5697,1.5559,3.1841,0.6152,47040.0,47040.0,18600.02,378201.6,378201.6
002095.SZ,20250725,21.39,7.8379,15.7527,1.29,,,6.0756,9.6676,8.4529,0.2338,0.2338,25272.0,25170.8415,12524.0534,540568.08,538404.2997
301237.SZ,20250725,35.4,2.5634,2.5634,0.28,,,2.1415,5.6292,5.3406,0.282,0.276,8000.0,3925.0,3925.0,283200.0,138945.0
600879.SH,20250725,9.97,1.1826,1.5884,0.73,60.0233,75.6646,1.6007,2.3034,2.7035,0.4814,0.5015,329929.9334,329929.9334,245643.9251,3289401.436,3289401.436
300461.SZ,20250725,20.5,5.3355,9.3859,2.19,,,6.0988,14.2423,14.5387,0.0,,15705.6692,11400.8765,6480.8761,321966.2186,233717.9683
603836.SH,20250725,13.98,2.7016,6.4676,1.47,34.788,68.582,1.6292,0.2803,0.2767,1.4075,1.0557,20523.5237,20523.5237,8572.8973,286918.8613,286918.8613
300316.SZ,20250725,28.7,0.6818,1.4172,0.71,14.9752,18.6709,2.2541,2.1383,2.3193,2.435,1.3914,130953.3797,123155.5433,59247.9989,3758361.9974,3534564.0927
600808.SH,20250725,3.42,1.1546,3.0843,0.66,,,1.1423,0.3228,0.3266,0.0,,772210.4586,596775.1186,223407.4037,2640959.7684,2040970.9056
605288.SH,20250725,52.93,0.7708,3.0573,0.38,42.8457,44.0115,1.6795,2.7817,2.7057,0.8691,0.7085,7019.8912,7019.8912,1769.8912,371562.8412,371562.8412
688391.SH,20250725,30.9,2.5011,2.5011,1.45,38.0133,42.6946,1.8849,6.0111,6.061,1.8459,,11513.922,5730.7224,5730.7224,355780.1898,177079.3222
601138.SH,20250725,28.66,0.541,3.2221,0.77,24.5159,23.4591,3.6215,0.9344,0.8745,2.0245,2.0245,1985946.7566,1985818.2061,333433.2014,56917234.0442,56913549.7868
300813.SZ,20250725,24.58,7.3738,11.8076,1.05,228.27,278.269,3.6713,8.5361,8.8681,0.3663,0.4068,12119.9219,7605.1073,4749.3657,297907.6803,186933.5374
600238.SH,20250725,6.46,2.8248,3.472,0.92,,,28.4274,16.5254,17.5287,0.0,,44820.0,44500.158,36204.3908,289537.2,287471.0207
601975.SH,20250725,2.91,2.6571,3.7952,1.06,7.2737,9.1062,1.2578,2.158,2.325,0.0,,480185.6148,480185.6148,336183.8465,1397340.1391,1397340.1391
300618.SZ,20250725,38.59,6.9951,8.8425,1.34,59.0123,55.6463,2.1794,1.9997,1.9376,0.2613,0.3887,30832.4991,27132.0758,21463.3879,1189826.1403,1047026.8051
002671.SZ,20250725,4.96,5.2722,8.9025,0.54,42.6277,47.2308,1.7042,2.4387,2.3425,0.0,,56369.4346,55058.6548,32606.4486,279592.3956,273090.9278
000923.SZ,20250725,14.7,1.9774,3.1415,0.92,16.9477,21.2325,0.9961,1.719,1.843,4.0816,3.4014,65272.8961,62789.5729,39522.223,959511.5727,923006.7216
002427.SZ,20250725,7.68,2.8351,7.147,1.07,,1607.6965,8.1038,3.3112,3.2536,0.0,,98543.2777,98475.6861,39063.6845,756812.3727,756293.2692
601799.SH,20250725,120.6,0.6013,1.3157,0.78,24.4645,23.1597,3.3754,2.5996,2.4724,1.1531,1.2375,28567.9419,28567.9419,13056.7792,3445293.7931,3445293.7931
300357.SZ,20250725,24.87,3.5515,6.3747,1.09,40.9711,41.3438,5.5054,14.0713,13.8879,0.7439,0.8846,52358.4,48406.4205,26968.5481,1302153.408,1203867.6778
002639.SZ,20250725,11.43,29.7156,31.6035,1.47,245.3357,237.4752,3.5596,3.8651,3.767,0.0,,77260.2178,65058.1806,61171.8799,883084.2895,743615.0043
688630.SH,20250725,95.5,4.9822,8.1236,1.54,78.2925,72.8074,6.09,13.1887,12.6048,0.8326,0.386,13174.0716,13174.0716,8079.63,1258123.8378,1258123.8378
301591.SZ,20250725,44.31,28.3799,28.3799,3.59,51.7407,48.6681,4.2863,9.0564,8.7198,0.7064,0.7222,8412.0,3394.8725,3394.8725,372735.72,150426.8005
300391.SZ,20250725,4.32,1.5247,1.9337,0.81,,,,13.5583,9.6881,0.0,,35033.6112,35033.6112,27623.1259,151345.2004,151345.2004
002947.SZ,20250725,34.95,3.0988,3.7682,0.79,19.6003,18.1026,2.8714,3.6017,3.3045,1.2785,1.6743,25620.9336,19240.5609,15822.4658,895451.6293,672457.6035
603015.SH,20250725,12.7,2.3428,4.9536,0.81,80.4432,73.1482,3.7877,6.0884,5.833,1.1811,0.3937,40421.9,40421.9,19117.18,513358.13,513358.13
301176.SZ,20250725,30.99,18.3559,21.8991,0.76,,,3.4134,3.646,3.5173,0.0,,16906.6667,5635.5556,4723.7367,523937.601,174645.868
301059.SZ,20250725,12.05,1.1094,3.5254,0.88,52.1817,50.9556,4.9007,7.2245,6.734,0.8237,1.4004,23115.4,20673.7026,6505.6983,278540.57,249118.1163
600768.SH,20250725,12.91,3.9196,6.2463,1.19,1104.927,213.0434,4.5097,1.6535,1.4365,0.0,0.7746,13374.72,13374.72,8392.7118,172667.6352,172667.6352
300051.SZ,20250725,7.46,7.6251,9.5198,0.52,,,12.6368,5.5438,5.1554,0.0,,37197.669,36566.7415,29289.0649,277494.6107,272787.8916
002028.SZ,20250725,79.99,1.345,1.4844,0.94,30.3868,25.3663,4.9828,4.028,3.5002,0.4973,0.6249,77840.5282,60678.7461,54983.0495,6226463.8507,4853692.9005
002965.SZ,20250725,36.75,7.0578,7.7102,0.89,27.133,30.0915,2.336,1.4461,1.4323,1.2565,1.1198,26538.0359,19942.1609,18254.6609,975272.8193,732874.4131
300635.SZ,20250725,13.74,14.7133,17.1851,1.26,,,5.1713,2.7978,2.882,0.0708,,14013.4,11976.0032,10253.4055,192544.116,164550.284
300643.SZ,20250725,24.95,6.3198,12.6709,2.26,46.6731,43.229,4.978,5.3254,5.3807,0.6355,0.6376,23125.3546,23066.2312,11504.6066,576977.5973,575502.4684
300207.SZ,20250725,21.39,1.9497,2.5436,0.59,26.8906,25.7059,1.6549,0.7048,0.6886,0.5616,0.6957,184580.6346,171168.5196,131199.3011,3948179.7741,3661294.6342
601995.SH,20250725,37.19,0.889,2.6322,0.87,31.527,27.6293,1.9047,8.4152,7.7446,0.726,0.726,482725.6868,292354.244,98738.676,17952568.2921,10872654.3344
603019.SH,20250725,70.36,3.26,3.9035,2.41,53.8653,52.6559,5.1965,7.8299,7.7663,0.2416,0.3836,146311.5784,146270.6864,122158.6316,10294482.6562,10291605.4951
601288.SH,20250725,6.18,0.1084,1.2087,0.72,7.6676,7.6258,0.834,3.044,3.0412,3.7362,3.9142,34998303.3873,31924421.0777,2862106.1712,216289514.9335,197292922.2602
600612.SH,20250725,48.41,0.711,2.326,1.07,12.9881,14.3809,2.073,0.4459,0.5202,4.0281,3.553,52311.7764,31710.963,9693.7837,2532413.0955,1535127.7188
002248.SZ,20250725,9.47,6.8731,8.3315,1.16,342.4414,263.14,36.695,8.7116,8.7216,0.0,,30749.56,30749.56,25366.98,291198.3332,291198.3332
300376.SZ,20250725,4.06,0.4151,0.9732,0.66,49.9569,50.4415,1.3847,3.1055,3.1366,1.2069,0.5117,232824.0476,232743.4901,99284.6609,945265.6333,944938.5698
600686.SH,20250725,12.83,3.6479,6.6325,1.38,58.3208,49.2372,2.9667,0.4006,0.3848,0.2728,0.6235,71704.7417,71704.7417,39437.9871,919971.836,919971.836
000623.SZ,20250725,19.08,1.4649,2.0195,0.79,14.7079,11.856,0.7848,8.7405,9.6202,4.1929,2.5896,119589.5387,119107.9343,86399.8594,2281768.3984,2272579.3864
300045.SZ,20250725,18.82,1.9105,2.109,0.92,,,7.8933,22.8042,24.4378,0.0,,66267.5236,51631.3176,46772.191,1247154.7942,971701.3972
301093.SZ,20250725,26.41,1.7496,3.0939,0.72,87.4779,75.7173,1.9369,7.3951,7.1627,1.7897,0.5825,16420.1624,15693.3991,8874.6805,433656.489,414462.6702
600827.SH,20250725,9.77,0.7722,1.7615,0.77,11.1209,11.1197,0.8772,0.6299,0.6593,1.2282,,178416.8117,160444.992,70337.9552,1743132.2503,1567547.5718
300718.SZ,20250725,91.57,11.3882,18.9553,0.64,119.4228,119.0043,17.2105,24.0531,23.9266,0.4381,0.4378,29877.903,19386.4233,11647.2288,2735919.5777,1775214.7816
600330.SH,20250725,7.77,2.512,3.0973,0.83,108.0192,103.7769,1.1977,3.1206,3.2586,1.0227,0.2793,123343.4416,123343.4416,100035.6343,958378.5412,958378.5412
300378.SZ,20250725,50.43,14.5591,18.6318,1.36,87.9334,87.1714,6.2829,5.8723,5.8284,0.225,0.0591,27139.283,26938.058,21049.7073,1368634.0417,1358486.2649
000708.SZ,20250725,13.41,0.383,2.3719,0.7,13.2047,13.1432,1.7186,0.6198,0.6289,4.2108,3.7824,504715.752,504715.752,81506.482,6768238.2343,6768238.2343
603501.SH,20250725,126.68,1.3494,2.0288,1.14,46.3978,42.4603,6.1647,5.9925,5.8056,0.2643,0.2643,121717.0649,121717.0649,80956.5737,15419117.7815,15419117.7815
603399.SH,20250725,10.6,15.3605,27.2357,2.04,213.6085,,3.1794,0.9211,0.9804,0.0,,51229.0649,51229.0649,28892.4122,543028.0879,543028.0879
301616.SZ,20250725,42.48,4.905,4.905,0.66,36.5662,35.0881,2.6227,3.8104,3.6509,,,8000.0,2000.0,2000.0,339840.0,84960.0
603288.SH,20250725,39.32,0.4039,1.5451,1.13,36.2688,34.7175,6.0587,8.5534,8.3602,1.6742,2.1831,585182.4944,556060.0544,145373.4558,23009375.6798,21864281.339
300158.SZ,20250725,7.03,24.3349,34.837,2.42,,,1.9303,2.3787,2.401,0.0,,100531.9756,100253.7163,70030.6972,706739.7885,704783.6256
688017.SH,20250725,130.45,1.7884,2.8391,0.62,425.5099,424.5076,6.9735,61.6918,59.2304,0.2117,0.0767,18321.2735,18321.2735,11540.6577,2390010.1281,2390010.1281
002626.SZ,20250725,19.65,1.4274,3.063,1.01,35.0458,30.5017,2.8935,3.6991,3.6055,1.0178,2.0356,60993.4771,60984.4771,28420.4446,1198521.825,1198344.975
600816.SH,20250725,3.04,1.424,2.2655,0.82,562.9306,508.489,2.1591,6388.2897,,0.0,,984444.8254,546913.7919,343759.4815,2992712.2692,1662617.9274
688670.SH,20250725,15.77,1.1689,3.2629,0.98,,,1.542,24.0446,24.5162,,,12320.0,12320.0,4413.5585,194286.4,194286.4
301179.SZ,20250725,14.99,1.4857,2.6071,0.51,27.5681,28.9846,2.5993,4.4669,4.3987,2.9662,2.6358,40172.0697,23480.5167,13381.1127,602179.3248,351972.9453
002909.SZ,20250725,6.29,2.253,3.7493,0.7,127.2354,103.113,2.7215,1.9091,1.8843,0.7961,1.574,39000.0,38100.3758,22894.7396,245310.0,239651.3638
688638.SH,20250725,38.71,2.3646,2.3646,0.77,,,2.3559,4.2807,4.6036,0.2583,,5600.0,2646.1022,2646.1022,216776.0,102430.6162
002043.SZ,20250725,10.37,1.8093,2.9534,1.15,14.7431,14.4325,2.9863,0.939,0.9612,7.9467,5.712,83205.8923,73628.3755,45104.4561,862845.1032,763526.2539
688563.SH,20250725,59.05,2.9458,2.9458,1.35,45.7323,46.8126,2.5647,9.0626,9.1428,0.8891,0.8163,45000.0,11698.8993,11698.8993,2657250.0,690820.0037
000833.SZ,20250725,12.49,3.8365,4.6948,0.53,35.9628,30.0655,2.8025,3.5828,3.4985,0.3803,0.9768,80208.2221,45370.2026,37075.8377,1001800.694,566673.8305
600833.SH,20250725,13.13,2.1737,3.9485,1.11,17.9633,22.233,2.5697,1.5294,1.4967,0.952,,22308.6347,22308.6347,12281.1613,292912.3736,292912.3736
603680.SH,20250725,12.8,0.5772,4.2521,0.44,33.2099,24.5828,1.8736,2.2295,2.1362,0.9375,1.1719,78371.8767,78371.8767,10638.1717,1003160.0218,1003160.0218
002188.SZ,20250725,5.79,2.894,3.7741,0.74,267.4967,191.0144,6.0818,5.2181,5.0772,0.0,,32710.3864,25736.3007,19735.0005,189393.1373,149013.1811
000778.SZ,20250725,3.89,1.4992,2.5109,0.56,92.0723,115.4578,0.6062,0.4259,0.435,1.5518,0.5141,396318.2285,389362.4752,232482.1349,1541677.9089,1514620.0285
920027.BJ,20250725,29.41,6.6111,6.6111,0.54,43.6281,42.4616,5.5284,6.9479,6.5357,,,7920.35,2627.8,2627.8,232937.4935,77283.598
300593.SZ,20250725,15.85,15.7057,16.6776,5.28,,,3.5565,9.3287,9.0019,0.6277,,54249.8469,45026.3501,42402.4023,859860.0734,713667.6491
603530.SH,20250725,26.65,0.3338,1.6635,0.49,37.0238,36.4984,6.9933,8.5541,8.2235,0.9668,1.7164,43168.4575,42746.4774,8576.2672,1150439.3924,1139193.6227
688357.SH,20250725,30.38,1.3557,2.5332,0.61,40.6625,44.3575,1.8115,3.9034,3.9757,1.975,0.9875,10005.8481,10005.8481,5354.63,303977.6653,303977.6653
301389.SZ,20250725,32.79,14.2726,14.2726,0.58,113.046,97.7498,4.2682,32.2842,30.7577,0.9107,0.7585,28350.0,8207.7047,8207.7047,929596.5,269130.6371
002107.SZ,20250725,6.82,3.6355,7.4099,0.45,108.1375,79.3728,5.305,5.154,5.137,3.6657,,57720.96,56961.665,27947.0287,393656.9472,388478.5553
603833.SH,20250725,56.42,0.7664,2.9856,1.58,13.223,12.7805,1.9723,1.8161,1.8329,4.8646,4.3709,60915.2528,60915.2528,15637.4174,3436838.563,3436838.563
600545.SH,20250725,2.43,1.4899,2.7606,0.8,,,1.3984,1.0791,1.1357,0.0,,178791.2222,178791.2222,96497.6549,434462.6699,434462.6699
002676.SZ,20250725,7.65,2.1826,3.5378,0.77,101.7078,90.9699,4.3921,2.0421,1.9254,0.1307,0.2614,72000.0,71996.8613,44418.391,550800.0,550775.9889
601899.SH,20250725,19.85,0.6086,0.8639,0.67,16.4604,14.6723,3.8536,1.7375,1.714,1.5114,1.91,2657757.394,2058793.834,1450442.0636,52756484.2709,40867057.6049
002887.SZ,20250725,8.68,19.2981,34.2483,3.82,26.5856,29.7461,1.1821,6.6159,6.5988,2.8802,2.8802,30598.67,19460.036,10965.2611,265596.4556,168913.1125
002392.SZ,20250725,7.25,2.6529,2.6529,0.93,27.0914,23.7977,1.5848,1.3642,1.3272,0.869,0.4455,119049.0839,114388.1383,114388.1383,863105.8583,829314.0027
300573.SZ,20250725,60.95,14.594,16.0935,2.17,44.2346,33.2897,9.5369,7.6948,7.0218,3.0826,1.7551,24534.8945,18845.0754,17089.2241,1495401.8198,1148607.3456
002713.SZ,20250725,4.52,1.3947,2.0997,1.03,,,,1.4633,1.8533,0.0,,41953.698,41035.3994,27256.7139,189630.715,185480.0053
000963.SZ,20250725,42.73,0.6059,1.4483,0.69,21.341,21.0279,3.2528,1.7886,1.7748,2.1767,2.1765,175407.7048,175194.1228,73300.3071,7495171.2261,7486044.8672
600715.SH,20250725,2.33,2.238,3.5088,2.23,,,8.3622,23.832,24.1525,0.0,,405985.35,266237.2241,169811.9725,945945.8655,620332.7322
300650.SZ,20250725,14.4,4.2035,4.6947,0.71,61.4411,62.6208,2.5235,1.2214,1.3041,0.4167,0.3472,21829.6126,15276.8663,13678.5068,314346.4214,219986.8747
301370.SZ,20250725,11.32,1.348,2.6058,1.05,40.7704,56.6088,2.1934,0.7251,0.7228,1.0343,0.7363,47060.0,32374.8561,16747.7693,532719.2,366483.3711
688173.SH,20250725,13.61,6.589,12.4574,2.67,,,3.8086,10.2371,9.303,,,41031.9336,40585.7147,21466.7995,558444.6163,552371.5771
002511.SZ,20250725,7.86,1.7241,3.5244,1.07,131.631,209.4893,1.8525,1.2465,1.2133,0.7744,,129255.6013,126526.5927,61894.7839,1015949.0262,994499.0186
300061.SZ,20250725,13.11,2.2465,2.7807,0.79,,,15.5757,13.7836,15.716,0.0,,65899.3677,62053.9736,50131.011,863940.7105,813527.5939
603367.SH,20250725,21.43,9.6918,21.6853,0.92,19.0654,19.8177,1.6177,2.4369,2.5854,3.0612,2.0532,45275.4129,45275.4129,20234.8829,970252.0984,970252.0984
002966.SZ,20250725,8.69,0.8256,0.9735,1.03,7.6654,7.5187,0.8123,3.1782,3.1718,5.619,4.2396,447066.2011,438895.8484,372210.916,3885005.2876,3814004.9226
000758.SZ,20250725,6.37,8.1198,12.6178,0.69,31.535,36.2744,2.1694,1.4226,1.409,0.0,0.7226,199167.207,197616.8316,127169.8337,1268695.1086,1258819.2173
920106.BJ,20250725,98.98,1.6838,1.8229,0.52,68.1847,50.4612,11.7281,17.6783,15.1509,,0.433,5582.85,2927.51,2704.112,552590.493,289764.9398
920225.BJ,20250725,21.05,8.3973,10.1846,0.87,24.9188,21.5966,3.9062,5.5218,5.2675,0.7918,0.9501,12691.8894,8278.2154,6825.4768,267164.2719,174256.4342
688379.SH,20250725,38.2,2.2274,4.5876,0.58,42.6864,20.4397,3.2184,1.7944,1.6056,0.372,0.7035,9008.552,9008.552,4373.752,344126.6864,344126.6864
000507.SZ,20250725,5.63,1.7898,2.5774,0.86,17.7275,16.5332,1.0134,1.0104,1.0399,0.2099,1.1368,91973.4895,90233.2186,62658.5036,517810.7459,508013.0207
000757.SZ,20250725,4.89,2.9942,4.3169,1.07,,913.7787,1.6725,0.7247,0.7793,0.0,,53271.6095,53271.4539,36949.5601,260498.1705,260497.4096
000876.SZ,20250725,10.02,0.708,1.5613,0.64,95.2615,15.8151,2.0559,0.4377,0.4356,0.0,0.2408,450257.0853,449900.0019,204016.3142,4511575.9947,4507998.019
688087.SH,20250725,27.22,1.1898,2.127,1.17,17.2359,17.235,1.9724,1.8117,1.718,0.6731,0.3535,19459.661,18624.549,10418.4874,529691.9724,506960.2238
002747.SZ,20250725,21.72,3.6752,5.7538,1.11,,,10.2817,4.6976,4.4311,0.2762,,86701.8453,78240.5153,49976.1236,1883164.0799,1699383.9923
600300.SH,20250725,3.48,1.8147,2.6267,0.67,13.6878,15.8367,1.6796,1.5391,1.6551,1.8678,3.6782,161714.218,161714.218,111721.418,562765.4786,562765.4786
000609.SZ,20250725,3.17,1.2232,1.6189,0.47,,,8.3974,3.1067,3.5422,0.0,,29926.5522,29105.8272,21991.3472,94867.1705,92265.4722
002705.SZ,20250725,15.06,1.3231,3.9629,1.09,11.6132,10.8481,1.5228,0.7269,0.7116,2.6766,2.9647,81187.578,80816.1403,26982.5442,1222684.9247,1217091.0729
601368.SH,20250725,5.09,0.5422,1.2579,0.78,51.11,64.9778,0.9528,1.8139,1.8148,0.5108,0.5894,88297.3077,88297.3077,38062.6493,449433.2962,449433.2962
603348.SH,20250725,21.64,2.3033,4.4038,2.18,59.1412,119.6716,1.6134,1.0893,1.1272,0.6795,1.3727,31447.7192,31447.7192,16447.7192,680528.6435,680528.6435
920046.BJ,20250725,16.46,6.7178,8.9082,0.63,119.2767,116.6957,6.8519,9.2282,9.4998,0.434,0.486,10115.0,5143.8737,3879.0537,166492.9,84668.1611
601919.SH,20250725,16.43,0.9573,2.3325,1.13,5.1832,4.7094,1.1259,1.0882,1.0449,4.6195,9.4718,1548975.4739,1260993.5239,517561.5342,25449667.0362,20718123.5977
300052.SZ,20250725,10.75,2.9858,3.5896,0.93,,,7.152,12.3931,13.9672,0.0,,26185.871,26184.871,21780.3832,281498.1133,281487.3633
301560.SZ,20250725,35.81,5.3639,5.3639,0.54,45.651,42.6434,4.7788,4.4511,4.2857,,,12160.0,2309.96,2309.96,435449.6,82719.6676
688004.SH,20250725,21.6,5.9787,9.7113,2.35,,,2.847,10.0094,10.4729,,,8008.8,8008.8,4930.6081,172990.08,172990.08
600624.SH,20250725,7.3,3.8335,5.4053,0.68,,,7.8559,7.6849,7.6206,0.0,,67934.6942,67934.6942,48180.1806,495923.2677,495923.2677
603926.SH,20250725,12.17,1.1679,2.3086,0.59,27.7495,27.815,1.7285,1.1921,1.1971,3.0485,2.1364,23510.2531,23083.8611,11677.4522,286119.7802,280930.5896
002448.SZ,20250725,8.85,2.8078,2.9522,0.69,25.5382,23.0421,1.4814,1.5732,1.5204,1.4689,1.4689,58840.9646,48687.6658,46306.6493,520742.5367,430885.8423
300347.SZ,20250725,62.0,4.1517,4.6185,1.68,131.7647,159.0975,2.6595,8.0846,8.204,0.9166,0.48,86102.605,56621.4206,50898.8877,5338361.51,3510528.0772
600370.SH,20250725,1.99,0.5653,3.0209,0.9,,,1.4796,0.3213,0.3355,0.0,,389663.1384,389663.1384,72917.5801,775429.6454,775429.6454
603690.SH,20250725,25.5,3.3098,4.7162,1.14,414.5755,,2.0451,2.714,2.7785,0.7583,0.1944,38364.465,38296.425,26876.3607,978293.8575,976558.8375
600783.SH,20250725,12.92,0.7232,2.3768,0.89,59.3895,34.916,2.1892,114.5384,107.8015,0.8514,0.5418,74435.9294,74435.9294,22649.7417,961712.2078,961712.2078
920706.BJ,20250725,30.45,40.0907,59.3903,1.19,54.9865,58.7137,5.1152,6.1746,6.2632,0.821,0.6568,9240.5245,4234.687,2858.5745,281373.971,128946.2192
600511.SH,20250725,29.91,0.8428,1.5435,1.2,11.2829,11.2854,1.3288,0.446,0.4409,2.8552,2.6747,75450.2998,55334.6424,30215.7901,2256718.467,1655059.1542
920066.BJ,20250725,33.5,4.0088,4.0088,0.54,43.3952,43.1928,5.5032,4.6403,4.4514,,1.0661,6285.3326,1705.4251,1705.4251,210558.6421,57131.7409
002660.SZ,20250725,9.45,4.6089,8.4088,2.43,49.9398,60.0446,2.6726,2.6024,2.5269,1.0582,1.0582,35662.6019,34298.671,18799.1556,337011.588,324122.441
600288.SH,20250725,13.2,12.9394,18.4198,1.81,,,3.1569,3.2708,3.1507,0.0909,0.0909,43680.0,43680.0,30684.0,576576.0,576576.0
603122.SH,20250725,7.24,1.579,3.509,1.18,104.5444,199.6946,2.5883,3.0687,3.489,0.8287,1.7956,39805.2633,39805.2633,17911.4748,288190.1063,288190.1063
600079.SH,20250725,21.95,1.0968,1.7235,0.85,26.943,25.8925,1.9756,1.4086,1.4214,2.7792,0.6834,163222.5965,154317.877,98205.943,3582735.9932,3387277.4002
920556.BJ,20250725,11.33,3.633,4.9697,0.8,72.6559,68.8789,3.613,5.7173,5.4654,2.6368,0.8789,16131.52,11816.5939,8638.4489,182770.1216,133882.0089
300996.SZ,20250725,19.34,7.4521,9.6835,0.51,45.1042,52.5709,4.4175,6.5407,6.6908,0.3703,0.5503,28277.6048,23688.4849,18229.9389,546888.8768,458135.298
301202.SZ,20250725,43.0,4.4952,4.7156,0.68,64.3004,57.5482,4.9024,4.5501,4.3998,0.9302,1.1628,13640.0,3718.0,3544.25,586520.0,159874.0
300384.SZ,20250725,18.37,2.5508,3.6514,1.15,18.4106,18.335,2.2498,5.4565,5.7236,4.159,2.7436,31900.7265,22000.0215,15368.9282,586016.3458,404140.395
603776.SH,20250725,21.98,6.3956,11.4648,2.09,,,1.8146,11.5786,12.3812,1.2987,1.1274,24117.2208,24117.2208,13453.6547,530096.5132,530096.5132
603538.SH,20250725,25.94,14.4246,19.6596,0.99,85.3562,77.0744,2.6538,4.1536,4.1126,0.0767,0.1928,21982.8692,21539.3312,15803.7398,570235.627,558730.2513
002302.SZ,20250725,6.66,6.4994,17.1514,1.15,,,0.992,0.4132,0.4195,1.7267,1.8769,126235.4304,126235.4304,47836.009,840727.9665,840727.9665
688739.SH,20250725,28.52,0.6888,1.5194,1.08,34.6453,35.6056,1.2764,7.0856,7.1124,2.7741,2.7726,41645.0,41645.0,18878.6236,1187715.4,1187715.4
688523.SH,20250725,22.21,3.1607,3.1607,0.95,88.9745,84.0971,5.5049,17.7876,17.1885,0.895,,40688.0,9651.5937,9651.5937,903680.48,214361.8961
301219.SZ,20250725,58.33,7.8825,12.0829,1.39,25.0877,25.8634,1.9574,2.6276,2.6496,2.5284,0.853,29471.7182,17192.9326,11216.1876,1719085.3226,1002863.7586
920871.BJ,20250725,17.49,5.1369,8.5007,0.65,50.7892,54.8886,5.9293,8.8631,8.5498,0.9922,1.0396,8498.5577,4418.7733,2670.226,148639.7742,77284.345
002356.SZ,20250725,3.3,1.5438,2.2242,0.6,,,7.8058,10.6429,8.0009,0.0,,131125.4521,131125.4521,91013.8462,432713.9919,432713.9919
300160.SZ,20250725,6.13,4.0629,6.5552,0.8,21.5958,20.6053,1.8714,2.9859,2.8874,1.6313,1.6313,77294.6292,76235.9517,47250.7607,473816.077,467326.3839
600223.SH,20250725,8.5,2.0974,4.5874,1.24,35.4823,36.7382,2.1103,2.1697,2.1776,1.7647,1.2941,101656.8775,101656.8775,46478.3575,864083.4588,864083.4588
002685.SZ,20250725,7.59,9.3909,12.0777,2.75,62.1592,56.0165,4.887,6.4584,6.134,0.0,,100769.0641,100751.2291,78337.8139,764837.1965,764701.8289
688315.SH,20250725,16.11,1.906,5.2958,1.13,34.072,32.9728,2.6692,3.1757,3.1261,0.2893,0.3021,41620.0,41620.0,14979.6235,670498.2,670498.2
603027.SH,20250725,12.3,1.7021,3.2502,1.12,24.5325,24.2644,3.3246,4.1041,4.1913,4.074,,102548.1086,96124.259,50340.1869,1261341.7358,1182328.3857
603990.SH,20250725,15.95,5.481,7.1071,0.84,,,5.9348,10.5269,11.7425,0.0,,30628.2731,30628.2731,23620.5583,488520.9559,488520.9559
603666.SH,20250725,33.15,1.7084,2.9481,0.75,,,3.159,11.6979,10.1775,0.0,,20649.0816,20649.0816,11966.1716,684517.055,684517.055
001339.SZ,20250725,53.91,16.8817,16.8817,0.67,108.5936,88.0008,6.3219,3.3627,3.2514,0.2216,0.2956,25163.7724,7478.1441,7478.1441,1356578.9701,403146.7484
002006.SZ,20250725,16.82,2.1746,2.9491,0.64,59.4972,66.1282,3.8088,5.0575,5.5083,0.768,0.8916,51979.344,51979.344,38329.104,874292.5661,874292.5661
300145.SZ,20250725,3.75,2.3945,3.5151,0.63,33.0047,36.8066,2.6691,1.4252,1.4194,0.0,,192090.0236,190399.3301,129701.0067,720337.5885,713997.4879
002690.SZ,20250725,17.33,1.2244,1.7742,0.99,23.5517,23.2808,6.6,6.6165,6.4465,4.0305,4.0393,88223.505,43362.6565,29926.084,1528913.3417,751474.8371
002244.SZ,20250725,10.44,1.7113,4.3717,1.5,12.7598,11.351,1.1404,0.4697,0.4167,0.8621,0.8621,311144.389,268235.374,104997.1218,3248347.4212,2800377.3046
300753.SZ,20250725,29.06,7.9536,10.3965,0.7,339.1394,,5.443,9.0712,9.6173,0.2237,0.2237,12604.8,8243.3549,6306.3239,366295.488,239551.8934
605155.SH,20250725,12.71,1.7505,4.5003,1.08,19.8875,19.931,1.9408,2.9757,2.8978,1.1262,1.9376,19129.81,18909.744,7355.544,243139.8851,240342.8462
300037.SZ,20250725,35.51,1.2838,1.5014,0.63,28.187,26.3714,2.8801,3.384,3.1863,1.6977,1.1226,74777.9115,54025.6007,46197.5591,2655363.6374,1918449.0809
002403.SZ,20250725,14.34,3.0852,6.7892,0.77,324.1185,10839.5689,2.9585,1.6696,1.6897,0.0,0.1255,34063.8579,29716.1454,13504.0093,488475.7223,426129.525
001217.SZ,20250725,11.91,1.5765,4.2704,0.62,45.0473,55.3233,1.7621,2.4085,2.3019,0.8396,0.8396,33187.0,32858.2647,12129.8727,395257.17,391341.9326
000680.SZ,20250725,10.03,4.3931,6.4361,0.9,13.6505,12.8888,2.7752,1.0582,1.0413,1.4957,0.8951,150014.2612,131470.1804,89738.3804,1504643.0398,1318645.9094
605318.SH,20250725,29.57,5.4931,19.33,2.18,,,5.8154,6.0987,6.1111,1.0408,1.0145,12572.9028,12572.9028,3572.9028,371780.7358,371780.7358
603231.SH,20250725,17.26,1.2073,1.6174,0.71,27.2699,25.7384,1.7753,2.1246,2.1256,2.8969,1.7381,19145.9105,10626.5982,7931.989,330458.4152,183415.0849
300967.SZ,20250725,20.03,7.1888,12.251,0.84,83.8369,24.4406,5.1077,3.8706,3.1583,0.0,0.9884,18756.9361,12479.1142,7322.6714,375701.4301,249956.6574
301328.SZ,20250725,43.51,4.5375,4.5413,0.88,55.9456,51.5603,2.5162,8.9512,8.2588,1.1389,1.1451,10989.3594,3413.3841,3410.5441,478147.0275,148516.3422
301027.SZ,20250725,19.83,5.0519,5.6997,0.99,,,3.145,4.8186,4.8536,0.0661,,14700.0,11824.2296,10480.4621,291501.0,234474.473
300969.SZ,20250725,80.3,6.3321,6.3321,0.55,42.0835,47.1559,6.9573,9.3461,9.7383,0.3558,0.3558,11200.0,3036.0288,3036.0288,899360.0,243793.1126
301039.SZ,20250725,8.95,1.0661,2.5051,0.56,15.4541,16.7894,1.1939,0.7988,0.8208,3.1285,6.257,187412.442,145368.0,61863.6854,1677341.3559,1301043.6
600371.SH,20250725,9.43,3.1213,6.0911,0.95,52.4246,67.7412,4.9925,8.0489,8.5597,2.1209,1.5907,29257.8,29257.8,14992.7865,275901.054,275901.054
300674.SZ,20250725,27.04,4.9916,6.6297,0.8,50.1187,46.9031,4.5777,4.8099,4.9034,0.7221,0.9387,70405.706,70301.1795,52931.5754,1903770.2902,1900943.8937
600704.SH,20250725,5.66,1.1496,2.0943,0.85,9.506,9.0472,0.7312,0.0488,0.0488,3.7256,3.7102,517117.989,517117.989,283852.848,2926887.8177,2926887.8177
300539.SZ,20250725,23.71,28.7164,55.2819,2.4,139.0125,128.6561,9.587,7.0341,6.7065,0.3363,0.5694,22280.02,17200.7953,8935.0122,528259.2742,407830.8566
000581.SZ,20250725,19.7,1.2028,2.0517,0.6,11.4765,13.002,1.0136,1.7055,1.7161,6.2334,5.7077,96678.5693,79386.7049,46540.425,1904567.8152,1563918.0865
003002.SZ,20250725,28.23,15.9977,32.679,1.57,40.3234,37.7161,4.1742,5.1275,4.9262,0.8767,0.5291,20000.0,18287.45,8952.45,564600.0,516254.7135
603709.SH,20250725,13.77,1.7172,5.8237,1.43,,,3.2499,1.085,1.0813,1.0034,,12619.1,12510.927,3688.971,173765.007,172275.4648
002092.SZ,20250725,4.98,4.0274,5.8377,1.52,,,0.5943,0.4282,0.4431,0.0,,259001.9517,257561.6717,177688.8573,1289829.7195,1282657.1251
603661.SH,20250725,29.2,0.3578,1.2561,0.55,15.4367,19.133,1.1127,0.3682,0.3584,0.0,2.4658,13906.7031,13906.7031,3960.9165,406075.7305,406075.7305
601992.SH,20250725,1.7,1.3434,3.734,0.52,,,0.4405,0.164,0.1582,1.4706,2.9412,1067777.1134,833415.8264,299843.6426,1815221.0928,1416806.9049
688550.SH,20250725,39.55,1.3865,2.6845,0.69,27.2717,26.1003,2.3023,4.7062,4.6556,1.1749,1.7816,17357.5305,17357.5305,8964.8705,686490.3313,686490.3313
920396.BJ,20250725,36.89,9.9888,15.4156,0.76,70.0808,73.5246,8.2875,10.4197,10.9559,0.4953,0.5647,7197.6336,5081.2223,3292.4402,265520.7035,187446.2906
001215.SZ,20250725,29.05,2.4652,4.1928,1.04,33.7246,40.0002,1.5916,1.5107,1.5051,0.6588,,9716.0446,9679.1495,5690.9495,282251.0956,281179.293
300211.SZ,20250725,7.1,2.4574,4.5278,0.67,,,4.5985,21.3035,18.3097,0.0,,30392.9723,29848.1824,16199.6851,215790.1033,211922.095
300071.SZ,20250725,5.19,8.5027,11.2266,2.55,,,36.9838,4.0971,4.374,0.0,,96388.4336,94535.0866,71598.2969,500255.9704,490637.0995
000608.SZ,20250725,1.83,0.9183,1.3153,0.53,,,0.5983,3.7325,3.4273,0.0,,74991.3309,74475.9609,51998.8609,137234.1355,136291.0084
002687.SZ,20250725,4.87,2.1332,2.9939,1.12,27.8299,30.2753,1.6569,1.9473,1.9072,3.9647,,50477.9491,41354.8986,29466.1907,245827.6121,201398.3562
300785.SZ,20250725,36.28,13.2625,17.3975,2.38,95.8854,80.737,3.8658,4.7538,4.8427,0.3859,0.4135,19885.5243,12223.9455,9318.5793,721446.8216,443484.7427
300955.SZ,20250725,22.12,23.9294,31.3889,1.62,,,2.5132,2.4157,2.3767,1.5823,1.2658,10080.0,5884.6341,4486.1788,222969.6,130168.1063
002060.SZ,20250725,3.82,2.3136,3.2453,0.47,12.2772,12.5478,1.0704,0.2099,0.2074,4.0576,3.6649,375439.3242,156281.466,111412.052,1434178.2184,596995.2001
002877.SZ,20250725,8.66,1.8957,2.5303,0.9,135.7634,221.2146,2.6683,2.8192,2.9195,0.5162,0.2309,35584.3695,24051.4652,18019.0792,308160.6399,208285.6886
301600.SZ,20250725,103.86,4.2679,4.2679,0.39,61.8685,58.4815,9.3171,10.6224,10.3078,,1.6155,10452.35,2614.95,2614.95,1085581.071,271588.707
002250.SZ,20250725,10.35,7.1853,9.6931,1.64,91.4523,62.8138,1.472,1.6616,1.6487,0.1932,0.1908,91133.3117,90653.4156,67199.8303,943229.7761,938262.8515
000503.SZ,20250725,11.04,2.1882,2.9785,0.93,,,7.9659,30.3553,30.1397,0.0,,98131.2532,97923.5472,71940.8899,1083369.0353,1081075.9611
002492.SZ,20250725,6.84,5.6223,9.8478,2.07,42.5479,45.1331,1.6335,8.0733,8.2993,1.7544,0.2913,40500.0,39783.4725,22713.2925,277020.0,272118.9519
301086.SZ,20250725,46.59,2.1074,3.5011,1.19,38.2164,41.673,2.2199,5.1208,4.8611,1.9317,1.7171,9000.0,4733.8313,2849.4,419310.0,220549.2003
688411.SH,20250725,88.18,1.9986,1.9986,0.49,24.5132,27.2098,4.1376,1.9203,1.8749,,1.2474,18009.2492,3564.9425,3564.9425,1588055.5945,314356.6297
688095.SH,20250725,75.66,3.3271,5.5285,0.83,256.6306,218.0086,2.7388,9.7285,9.2924,0.5134,0.389,9143.9524,9143.9524,5502.8856,691831.4386,691831.4386
300860.SZ,20250725,29.38,5.1391,8.3686,1.14,134.2885,121.0994,1.7875,9.6852,8.7885,1.4449,0.7055,19093.1343,11189.7529,6871.5124,560956.2857,328754.9402
301510.SZ,20250725,31.49,1.7952,2.4511,0.83,250.7361,236.2942,9.2003,30.1518,28.8717,0.1191,0.1238,40001.0,27915.926,20446.74,1259631.49,879072.5097
000537.SZ,20250725,8.83,0.5281,1.6824,0.71,18.093,16.6537,0.9385,4.7518,4.5509,2.0385,2.265,206660.2352,206660.2352,64869.2715,1824809.8768,1824809.8768
600312.SH,20250725,15.91,3.3,5.6335,0.57,21.0997,18.7445,2.009,1.7408,1.6777,2.1999,1.8165,135692.1309,135692.1309,79485.2086,2158861.8026,2158861.8026
002786.SZ,20250725,9.68,2.0678,3.3635,1.05,,,21.9832,2.1599,2.1307,0.0,,49561.2,49411.2,30376.27,479752.416,478300.416
000421.SZ,20250725,6.92,3.2326,7.0399,1.34,86.5577,53.9138,1.465,0.6051,0.5589,1.4541,0.8695,57441.5734,57429.6297,26370.565,397495.6879,397413.0375
605108.SH,20250725,19.5,1.0316,3.2847,1.04,50.6573,58.9486,2.2479,2.008,2.0071,2.0945,0.613,26000.0,26000.0,8165.4852,507000.0,507000.0
600433.SH,20250725,3.22,0.8458,1.5674,0.88,30.6771,39.7358,1.2409,0.7427,0.756,0.0,1.8634,175027.9233,175027.9233,94450.9404,563589.913,563589.913
002368.SZ,20250725,25.32,2.186,3.5804,0.81,82.5825,82.6121,3.0352,2.0138,2.0843,0.7148,0.3653,62323.1286,62021.6484,37866.9392,1578021.6162,1570388.1375
603458.SH,20250725,8.9,5.461,6.0316,1.01,,,0.9155,1.8107,1.8174,0.6285,,30612.4514,30612.4514,27716.2789,272450.8175,272450.8175
600990.SH,20250725,27.43,2.8,5.2045,0.52,,,4.0059,4.676,4.8152,0.0,,27328.9812,26901.2696,14473.0042,749633.9543,737901.8251
603517.SH,20250725,15.79,1.5074,2.6188,0.93,42.1323,52.5527,1.5464,1.5294,1.5785,5.1321,3.9899,60600.1936,60600.1936,34880.6236,956877.0569,956877.0569
600115.SH,20250725,3.93,0.3676,0.8067,0.74,,,6.253,0.6631,0.662,0.0,,2229129.657,1711451.8793,779823.8447,8760479.552,6726005.8856
600589.SH,20250725,8.62,10.5786,13.8355,0.91,,518.5099,17.2466,31.5711,31.2351,0.0,,148466.989,147846.989,113044.0091,1279785.4452,1274441.0452
603222.SH,20250725,7.08,2.9152,4.7284,0.9,,,2.5444,4.7925,5.1405,,,52509.0615,52509.0615,32373.8075,371764.1554,371764.1554
000937.SZ,20250725,6.22,0.6201,2.1466,0.62,18.1897,26.835,1.1411,1.1734,1.2615,12.8617,12.8617,353354.685,343339.4152,99180.7284,2197866.1407,2135571.1625
002838.SZ,20250725,23.25,2.3963,4.9385,0.61,78.9186,74.1912,3.2663,2.0983,2.0674,0.2569,0.4148,47839.8402,42063.1724,20409.832,1112276.2847,977968.7583
688262.SH,20250725,27.18,2.2331,3.0172,1.32,,,4.2357,15.9046,18.9114,,,33599.9913,33599.9913,24868.0813,913247.7635,913247.7635
300733.SZ,20250725,17.52,1.7726,2.5087,0.74,105.8094,87.0818,3.2782,3.0544,3.0524,0.0,0.283,30567.628,22551.7783,15934.009,535544.8426,395107.1558
002507.SZ,20250725,13.26,1.3863,2.1466,1.07,19.1418,19.1264,1.8033,6.4098,6.5068,2.2624,3.1674,115391.9028,114891.4515,74201.6595,1530096.6311,1523460.6469
002333.SZ,20250725,5.74,0.7032,2.1886,0.73,75.7883,85.1124,2.0575,2.3135,2.2437,0.6098,0.1742,67492.48,65256.31,20967.5612,387406.8352,374571.2194
000534.SZ,20250725,14.61,1.4814,2.2361,0.73,38.2131,36.8886,4.9361,6.8268,6.5561,0.774,0.774,50412.2316,49785.8491,32982.2675,736522.7037,727371.2554
003042.SZ,20250725,17.63,5.2108,10.1647,0.85,,,1.8472,1.2475,1.2,0.0,,14248.0,12671.516,6495.866,251192.24,223398.8271
002475.SZ,20250725,38.33,1.1323,1.8184,0.83,20.7973,19.943,3.9403,1.0341,0.9993,0.7747,0.5215,725201.5767,723887.1337,450733.3701,27796976.4349,27746593.8347
920122.BJ,20250725,45.39,3.4844,8.0933,0.65,142.6752,141.4953,12.8133,20.642,20.9279,0.6831,0.6449,9224.2108,3572.4138,1538.0394,418686.9282,162151.8624
603309.SH,20250725,14.18,3.084,6.2028,1.89,18.9289,18.2095,2.31,2.7515,2.6822,3.5296,3.5261,29286.8018,29187.1418,14511.7162,415286.8495,413873.6707
002381.SZ,20250725,6.97,1.6631,2.2157,0.59,18.6789,22.0938,1.3698,1.0575,1.0309,3.5868,2.8694,41157.7356,32202.5936,24171.6388,286869.4171,224452.0774
600983.SH,20250725,10.88,0.4601,2.2708,0.55,41.3241,27.124,3.2452,2.285,2.0998,0.7197,2.6654,76643.9,76643.9,15529.6791,833885.632,833885.632
600064.SH,20250725,7.83,0.8731,1.3378,0.63,7.8532,7.1628,0.7219,6.8585,4.9223,3.576,3.8314,173033.9644,173033.9644,112925.6424,1354855.9413,1354855.9413
002355.SZ,20250725,6.52,7.7365,9.74,1.66,22.6871,13.1947,2.9294,5.1785,5.0731,0.0,,62057.04,61816.665,49101.165,404611.9008,403044.6558
920950.BJ,20250725,22.18,13.1335,24.1052,0.92,27.3844,27.0597,5.6464,7.2795,7.1611,1.8208,1.6907,7332.0,3705.0,2018.64,162623.76,82176.9
002609.SZ,20250725,11.33,2.5397,3.6981,0.87,232.9626,154.2963,3.1335,4.6311,4.4457,1.1063,0.6143,64535.6761,45940.0191,31550.0167,731189.2102,520500.4164
000950.SZ,20250725,5.34,1.239,2.7417,1.07,32.6103,30.2308,0.8101,0.1146,0.1132,1.4981,1.1236,172818.4696,172818.4696,78098.9493,922850.6277,922850.6277
688333.SH,20250725,62.89,1.6262,2.2943,0.92,163.6567,193.0645,3.6061,12.8937,12.7452,0.1658,0.1766,27176.8196,27176.8196,19262.572,1709150.1846,1709150.1846
688062.SH,20250725,32.71,6.697,6.697,0.59,,,10.2344,65.426,73.8408,,,39960.0,20417.0,20417.0,1307091.6,667840.07
688003.SH,20250725,47.9,1.8449,4.3765,0.76,74.5777,71.318,5.1039,5.7804,5.6906,1.2339,1.0344,19413.65,19413.65,8183.65,929913.835,929913.835
605199.SH,20250725,9.29,3.1427,12.7422,2.18,,,5.1278,2.6296,2.9043,1.3455,,40010.8752,40010.8752,9868.1802,371701.0306,371701.0306
302132.SZ,20250725,85.29,1.7069,3.6941,0.55,2032.813,918.2446,12.7541,128.2772,47.9356,0.0,0.7456,267678.2376,59076.0499,27295.9497,22830276.8849,5038596.296
002023.SZ,20250725,11.07,2.9325,3.8361,0.71,115.703,128.2217,1.9081,6.2155,6.0427,0.4517,,74086.0235,74086.0235,56634.6254,820132.2801,820132.2801
603998.SH,20250725,10.85,3.8485,6.1688,0.83,18.6667,17.4327,3.0183,2.6802,2.7111,2.3063,2.8572,43908.136,43908.136,27393.0053,476403.2756,476403.2756
001206.SZ,20250725,26.19,10.7029,14.4606,1.19,22.5102,21.3377,2.6602,2.6938,2.5494,3.4083,3.3047,18489.3808,10631.5461,7868.8934,484236.8832,278440.1924
000792.SZ,20250725,18.8,1.4587,2.2425,0.83,21.3337,20.4127,2.6384,6.5733,6.4061,0.0,,529157.2541,529154.5246,344210.4072,9948156.3771,9948105.0625
601865.SH,20250725,17.36,1.4895,3.5999,0.91,40.4063,115.2695,1.9153,2.1771,2.3875,2.9247,0.7451,234292.0139,190020.5139,78623.3139,4067309.3613,3298756.1213
603558.SH,20250725,9.62,1.1644,2.3155,1.22,10.4566,11.2198,1.4123,1.3201,1.3142,4.8143,5.2352,35318.3149,35318.3149,17759.9374,339762.1893,339762.1893
301377.SZ,20250725,48.84,11.9223,11.9223,0.7,88.2637,77.3761,8.2144,12.6766,11.9895,0.4095,0.9828,41000.0,7102.4,7102.4,2002440.0,346881.216
688316.SH,20250725,80.1,15.6158,23.9173,0.9,,,59.7126,14.0729,15.6641,,,4779.9688,4779.9688,3120.8899,382875.5009,382875.5009
603126.SH,20250725,6.76,2.7037,5.511,0.6,542.8534,,2.0321,1.7756,1.7778,1.2278,0.074,61050.0,61050.0,29951.4214,412698.0,412698.0
920090.BJ,20250725,9.53,17.1359,17.1359,0.97,,,19.134,9.1659,26.7542,,,19933.3546,13534.74,13534.74,189964.8693,128986.0722
601878.SH,20250725,11.66,2.3405,4.3713,1.53,27.6054,23.218,1.4837,3.3719,3.7221,1.009,0.4252,457379.6639,457379.6639,244897.148,5333046.8811,5333046.8811
688375.SH,20250725,63.67,0.4533,2.9633,0.69,78.3005,90.0521,6.3181,14.6457,16.8817,0.801,1.4292,59601.49,59601.49,9117.0754,3794826.8683,3794826.8683
688255.SH,20250725,33.34,1.4525,2.8017,0.71,117.2429,152.9217,3.5699,6.5743,6.5227,0.4288,0.8576,10985.887,10985.887,5695.5709,366269.4726,366269.4726
300717.SZ,20250725,19.0,2.7892,5.9174,1.45,38.5934,34.9879,2.7901,6.1265,5.9477,1.0526,1.0526,10277.5,10185.34,4800.9618,195272.5,193521.46
603196.SH,20250725,19.36,3.5325,8.5199,1.07,,,7.1274,5.2985,5.3496,0.1136,,23698.8282,23698.8282,9825.9682,458809.314,458809.314
600490.SH,20250725,4.52,2.951,3.9942,0.82,,,1.6126,1.9488,1.6489,0.0,,221288.7079,199262.1386,147219.7928,1000224.9597,900664.8665
300302.SZ,20250725,15.27,2.3466,2.8927,1.09,,,7.0481,20.0651,22.9753,0.0,,47926.3798,36888.8895,29925.3047,731835.8195,563293.3427
002694.SZ,20250725,4.91,0.9203,1.5342,0.72,,,9.1638,4.4497,4.2307,0.0,,76308.48,71879.7525,43116.5233,374674.6368,352929.5848
603130.SH,20250725,32.37,4.1756,5.9336,0.53,44.3549,51.4086,3.3565,1.7003,1.6756,1.2357,0.7105,13751.42,5106.345,3593.4246,445133.4654,165292.3877
688057.SH,20250725,12.83,0.5661,1.1159,0.78,25.8775,24.1149,1.1308,8.6576,8.6304,3.8971,1.9486,27600.0,27600.0,14000.8,354108.0,354108.0
603032.SH,20250725,18.26,5.3974,12.1686,0.67,,,3.9472,11.7083,10.4278,0.0,0.3067,23351.468,23166.304,10275.4644,426397.8057,423016.711
600549.SH,20250725,25.0,5.7186,9.0818,1.25,22.9694,23.5813,2.4392,1.1277,1.0666,1.4292,1.68,158758.5826,155393.198,97847.5624,3968964.565,3884829.95
600917.SH,20250725,5.82,0.3156,0.7007,0.65,23.7395,23.9047,1.6417,0.8941,0.8898,1.9544,1.4794,156103.976,156103.976,70306.0631,908525.1403,908525.1403
000683.SZ,20250725,6.0,8.1447,10.8239,1.88,12.3192,14.1101,1.6278,1.6822,1.7361,5.0162,5.0,371873.906,331810.9523,249679.212,2231243.436,1990865.7138
600874.SH,20250725,6.11,0.6695,1.6,0.9,11.8869,11.8405,0.9936,1.9876,1.9786,2.7169,2.7823,157041.8085,123041.8085,51485.2899,959525.4499,751785.4499
688372.SH,20250725,60.64,6.9064,7.563,1.67,70.4361,58.477,3.423,8.3872,7.6637,0.4017,0.4297,14894.3529,10325.8033,9429.3063,903193.5599,626156.7121
300825.SZ,20250725,11.7,6.2726,7.3139,0.92,,,2.6049,6.0012,5.9014,0.0,,49804.0481,48441.02,41544.329,582707.3628,566759.934
600067.SH,20250725,3.07,1.1191,1.7595,0.7,,,0.7264,0.5056,0.4985,0.0,,139166.8739,139166.8739,88510.0741,427242.3029,427242.3029
002039.SZ,20250725,16.21,1.4665,2.3759,0.84,31.7614,32.6678,1.7245,3.5858,3.566,1.789,0.987,42755.8126,42755.8126,26391.5181,693071.7222,693071.7222
920273.BJ,20250725,38.76,2.3841,4.3949,0.87,46.1225,43.0799,6.5913,6.4874,6.0972,0.543,0.9199,10318.8407,6775.9167,3675.7567,399958.2655,262634.5313
301186.SZ,20250725,45.45,0.9099,2.7637,0.42,37.6155,37.1178,2.4567,5.0421,5.0644,1.129,1.0995,7994.8232,7473.7938,2460.539,363364.7144,339683.9282
688721.SH,20250725,46.0,5.8766,5.8766,1.07,66.8714,72.7571,5.2526,24.9124,25.4657,,0.8696,13350.0,2670.0,2670.0,614100.0,122820.0
920579.BJ,20250725,29.86,4.1017,4.1017,0.65,330.1646,467.6863,7.4012,8.4111,8.5085,0.7703,0.1072,12948.0,4457.442,4457.442,386627.28,133099.2181
300409.SZ,20250725,16.8,6.6516,6.9641,0.76,83.7818,70.5263,1.6948,1.6953,1.7503,1.6494,1.8369,78224.8953,68748.9642,65664.1535,1314178.241,1154982.5986
000930.SZ,20250725,6.06,0.6712,1.5175,0.65,448.4733,276.0834,1.0658,0.562,0.5719,0.0,,185972.2694,185634.808,82111.4818,1126991.9526,1124946.9365
002346.SZ,20250725,14.19,1.3869,2.8643,1.07,85.6598,17.1956,2.3547,6.4619,6.4345,1.3911,3.3014,44157.5416,39339.9954,19048.1334,626595.5153,558234.5347
600351.SH,20250725,7.21,16.2495,18.7794,1.5,20.7962,21.2332,1.8471,1.879,1.9954,2.1399,4.1609,70000.0046,70000.0046,60570.0046,504700.0332,504700.0332
300723.SZ,20250725,72.07,3.1964,8.7329,0.83,,,16.8231,22.4471,27.0306,0.2897,,45169.2766,41764.989,15286.4928,3255349.7646,3010002.7572
002178.SZ,20250725,7.73,13.5479,20.4071,0.74,,,12.9891,10.0326,10.6316,0.0,,71215.3001,71178.3158,47254.1164,550494.2698,550208.3811
003035.SZ,20250725,4.78,0.4218,1.573,0.67,,,2.6979,5.7394,5.5339,0.1904,0.1255,378787.8787,378787.8787,101575.7575,1810606.0602,1810606.0602
600803.SH,20250725,18.5,0.1967,0.6669,0.78,12.7518,13.0544,2.6624,0.4218,0.4233,4.8948,5.5567,309708.7607,282055.8602,83182.9532,5729612.073,5218033.4137
605055.SH,20250725,7.08,1.5839,7.2046,1.33,70.5083,79.9901,2.7625,1.9732,1.9951,0.8475,0.8388,44000.0,44000.0,9673.4268,311520.0,311520.0
603338.SH,20250725,53.28,2.3147,5.2987,1.18,16.5632,15.3702,2.711,3.4592,3.2721,1.8769,1.8769,50634.7879,50634.7879,22119.4099,2697821.4993,2697821.4993
605111.SH,20250725,32.18,2.1983,2.8445,1.15,30.755,30.1852,3.3129,7.3098,7.0131,0.6484,0.3661,41533.2567,41533.2567,32097.9901,1336540.2006,1336540.2006
301029.SZ,20250725,24.03,2.4809,3.5456,0.98,37.6855,35.4507,3.7695,6.0851,5.8974,1.5163,1.2484,63420.2712,46188.3017,32318.0387,1523989.1169,1109904.8899
688611.SH,20250725,32.65,0.4564,1.0466,0.61,68.5688,68.3725,5.7334,9.2509,9.2046,0.3907,0.4375,15338.96,15338.96,6688.7719,500817.044,500817.044
003022.SZ,20250725,16.52,0.6217,2.3947,0.89,94.1108,86.7233,3.0509,3.5201,3.4913,0.4843,0.3632,133556.8,133556.8,34673.1663,2206358.336,2206358.336
603257.SH,20250725,54.87,19.6456,19.6456,0.94,43.3134,41.8424,2.7815,2.6597,2.696,,0.9112,12000.0,2440.0163,2440.0163,658440.0,133883.6944
000558.SZ,20250725,5.19,18.3339,29.7677,3.27,,,6.1329,16.204,13.4378,0.0,,128922.3949,128868.4608,79370.1947,669107.2295,668827.3116
300334.SZ,20250725,7.3,1.5467,2.6147,0.72,199.6012,194.7374,3.8075,8.9658,8.9884,0.0,,30206.5356,30202.9761,17866.0196,220507.7099,220481.7255
688518.SH,20250725,22.57,2.4707,2.8895,0.52,46.5389,41.8596,2.4516,2.446,2.3403,0.6602,0.6646,34132.5095,34132.5095,29184.9493,770370.7394,770370.7394
301016.SZ,20250725,17.46,2.1275,6.8807,0.5,56.7008,57.3099,3.9872,10.418,10.3847,1.0385,2.4546,21840.0,20715.0157,6405.1919,381326.4,361684.1741
600661.SH,20250725,11.52,6.7201,10.5707,1.68,,,47.5634,2.6846,2.6205,0.0,,28654.883,28654.883,18216.675,330104.2522,330104.2522
603466.SH,20250725,10.85,5.2984,9.6334,0.85,,,3.0817,4.6887,4.4076,1.8433,1.8433,59478.5851,59478.5851,32713.2132,645342.6483,645342.6483
000670.SZ,20250725,7.63,7.7198,8.6798,1.15,,,146.3457,1.5694,1.6585,0.0,,83948.936,72210.6712,64223.4611,640530.3817,550967.4213
301608.SZ,20250725,77.5,7.0899,7.0899,1.06,39.2696,38.1661,3.4146,4.9203,4.5933,0.8129,1.2479,8899.0,1780.27,1780.27,689672.5,137970.925
000800.SZ,20250725,7.17,0.2658,1.2157,0.63,56.6903,73.1781,1.3519,0.6023,0.6541,1.9656,0.6974,492128.0975,492082.5923,107567.6022,3528558.4591,3528232.1868
002672.SZ,20250725,4.74,0.7175,1.4811,1.07,,,1.5164,1.5026,1.5443,0.0,,110525.5802,90511.8302,43846.2783,523891.2501,429026.0751
300628.SZ,20250725,34.64,1.3468,2.1415,1.15,16.5683,16.6093,5.5383,7.8043,7.747,4.3166,5.4676,126646.781,72554.1421,45631.8509,4387044.4938,2513275.4823
603324.SH,20250725,26.98,2.3233,6.5256,1.06,33.5461,33.1034,2.4086,2.7719,2.6686,0.831,0.458,14907.406,14907.406,5307.406,402201.8139,402201.8139
002975.SZ,20250725,38.18,8.9347,11.095,4.38,271.9318,,2.8122,4.9089,5.201,0.0,0.3313,15850.2693,10585.898,8524.7626,605163.2819,404169.5856
301456.SZ,20250725,26.32,8.8406,10.9564,0.5,63.2887,63.444,1.8463,8.2235,7.6567,1.257,1.2664,15044.7805,6050.0068,4881.6457,395978.6228,159236.179
605378.SH,20250725,20.27,1.4718,5.8863,0.48,34.6751,37.6592,4.3894,4.0793,3.9991,1.8878,1.7619,26134.64,26134.64,6534.64,529749.1528,529749.1528
920304.BJ,20250725,14.93,7.6845,7.6845,0.57,28.1229,31.195,4.9935,3.0966,3.1597,1.3396,1.3396,16228.8,7882.8854,7882.8854,242295.984,117691.479
603090.SH,20250725,30.6,8.0613,16.226,1.2,61.9942,53.7369,5.3501,4.2915,4.1829,0.9804,0.9804,10000.0,10000.0,4968.13,306000.0,306000.0
600217.SH,20250725,4.54,1.0831,1.7241,0.87,334.8883,447.0802,2.1847,1.8701,1.7654,0.6828,0.6828,165765.3673,165765.3673,104134.5446,752574.7675,752574.7675
002490.SZ,20250725,5.48,3.6133,6.4144,0.58,,,8.7845,3.2235,3.0068,0.0,,79784.84,54161.3625,30509.6625,437220.9232,296804.2665
300383.SZ,20250725,15.19,3.8335,5.0063,1.11,71.5842,95.2678,2.1554,3.7501,3.8272,0.6583,0.395,179759.2847,179374.2765,137351.6488,2730543.5346,2724695.26
688047.SH,20250725,135.48,1.3528,3.327,2.03,,,19.4646,107.7376,106.6887,,,40100.0,40100.0,16304.8697,5432748.0,5432748.0
605003.SH,20250725,21.06,0.9731,3.6515,0.79,28.8259,28.9987,1.6412,4.2079,4.1461,1.9468,1.9468,11000.0,11000.0,2931.5404,231660.0,231660.0
002550.SZ,20250725,11.26,8.6741,10.5146,0.54,40.4754,34.9015,5.6992,9.4418,9.5055,1.0407,1.0407,127980.0,95773.958,79009.9409,1441054.8,1078414.7671
600834.SH,20250725,9.03,1.3264,3.1909,0.86,83.1893,90.1546,2.5373,7.3578,6.946,0.7863,0.4208,47738.1905,47738.1905,19843.8106,431075.8602,431075.8602
920665.BJ,20250725,15.11,2.4751,3.9915,0.8,31.627,37.5342,2.8061,5.8325,6.0853,1.6545,0.9927,12999.0,6407.1668,3972.9375,196414.89,96812.2903
688676.SH,20250725,37.96,5.1637,9.9668,1.09,30.3514,29.6998,4.0046,2.5264,2.5126,1.1792,1.3227,45928.6072,45928.6072,23794.9995,1743449.9293,1743449.9293
300613.SZ,20250725,48.22,2.4317,4.5191,1.51,43.4728,47.4243,4.1872,6.2561,6.3968,0.2449,0.2465,23228.4484,21907.9458,11788.5868,1120075.7818,1056401.1465
601022.SH,20250725,10.03,7.729,7.729,0.66,23.7036,23.355,2.268,2.4899,2.3965,1.1565,1.2662,130863.3334,24863.3334,24863.3334,1312559.234,249379.234
600883.SH,20250725,8.28,1.1836,2.1997,0.91,27.0929,36.3073,2.0216,45.7856,41.3779,0.6039,0.7246,23608.8,23608.8,12702.9695,195480.864,195480.864
001390.SZ,20250725,24.66,12.2469,12.2469,0.97,29.3235,28.6511,3.3177,5.1018,4.9472,,,20000.0,4899.8847,4899.8847,493200.0,120831.1567
600368.SH,20250725,4.42,1.3882,2.7936,0.67,10.1895,10.4504,1.0378,3.9027,3.8992,1.8622,2.9638,160965.3858,160965.3858,79986.519,711467.0052,711467.0052
003023.SZ,20250725,27.41,24.7567,50.4196,5.48,26.3479,27.9254,1.8816,2.2184,2.313,1.4593,1.4593,10534.16,10507.2344,5159.1901,288741.3256,288003.2949
920476.BJ,20250725,17.9,1.6526,2.0697,0.79,116.6426,59.6505,3.3061,4.9143,4.6842,1.1094,0.798,8517.98,8062.9983,6437.9983,152471.842,144327.6696
300165.SZ,20250725,3.95,1.6064,1.9044,0.78,,,1.5285,2.2996,2.3214,0.0,,49551.1725,42053.211,35472.8422,195727.1314,166110.1835
002868.SZ,20250725,23.56,0.3172,0.8181,0.86,,,,5.6387,5.8038,0.0,,15541.5837,15403.7868,5973.2501,366159.712,362913.217
002527.SZ,20250725,17.38,9.0114,10.5703,1.95,,,9.3032,3.4324,3.3334,0.0,,66306.1291,52907.2832,45104.4035,1152400.5238,919528.582
002133.SZ,20250725,3.25,2.8165,4.2422,0.64,,,0.8755,0.5412,0.6029,1.5385,,77414.4175,76987.0201,51112.7811,251596.8569,250207.8153
920395.BJ,20250725,14.76,1.6261,2.9863,0.69,38.8655,35.1503,11.3202,14.1442,12.6129,2.1944,2.2843,15258.5704,10373.8024,5648.88,225216.4991,153117.3234
001338.SZ,20250725,11.96,2.6203,2.6203,0.73,20.0423,20.8139,1.6947,1.4014,1.3692,0.8779,2.5084,50173.0834,23595.4481,23595.4481,600070.0775,282201.5593
002457.SZ,20250725,12.21,9.5874,13.6018,0.54,15.2092,15.4537,1.6808,1.4453,1.4861,1.4603,1.7036,33348.68,33332.1649,23494.5995,407187.3828,406985.7334
000510.SZ,20250725,4.85,2.5443,2.8366,0.75,,,2.4654,1.5441,1.5793,0.0,,64854.3589,60666.4817,54414.8214,314543.6407,294232.4362
002051.SZ,20250725,8.72,1.5158,4.1698,0.46,29.8644,28.7323,0.9467,0.8839,0.8971,1.4335,1.4335,123740.8937,123728.8157,44978.8836,1079020.5931,1078915.2729
301369.SZ,20250725,54.83,4.7156,4.7156,0.94,190.3277,184.1595,2.6251,12.4155,12.1327,0.325,0.47,7047.8768,2502.5068,2502.5068,386435.0849,137212.4478
688363.SH,20250725,53.83,1.1046,3.1438,1.08,148.7871,790.668,3.7708,4.8278,5.0959,0.7011,0.2029,48167.8242,48167.8242,16924.1738,2592873.9767,2592873.9767
600877.SH,20250725,12.67,1.0926,1.8616,1.68,218.5138,242.7377,6.0649,14.3621,14.4239,0.0,,118405.9492,118405.9492,69495.3439,1500203.3764,1500203.3764
300841.SZ,20250725,68.8,5.6799,8.2753,0.5,22.4264,33.1255,2.6781,6.2438,7.1042,2.9663,1.4535,12994.6899,11892.9275,8162.9608,894034.6651,818233.412
002801.SZ,20250725,33.84,2.9242,4.9672,0.82,35.2302,32.637,4.4313,5.5149,5.2603,0.8786,1.0251,22963.2,11580.27,6817.2,777074.688,391876.3368
920806.BJ,20250725,16.58,4.0036,12.3258,2.87,42.9491,43.3561,3.3484,2.1708,2.1561,0.6031,0.6031,30073.6667,30073.6667,9768.3387,498621.3939,498621.3939
300839.SZ,20250725,13.45,5.5178,11.7639,0.72,,,9.5427,1.4567,1.6417,0.0,,24688.0715,24160.6197,11332.4043,332054.5617,324960.335
002731.SZ,20250725,13.56,5.2978,6.9221,1.69,16.0296,14.3268,1.9315,0.7827,0.7742,0.5236,,25615.6,22965.64,17576.7158,347347.536,311414.0784
300883.SZ,20250725,6.36,4.0253,5.6027,1.36,,,1.548,2.6973,2.5834,0.1554,,34600.0,33067.4575,23757.44,220056.0,210309.0297
002102.SZ,20250725,4.25,4.8138,6.0747,1.18,,,3.3028,0.9111,0.9234,0.0,,263258.049,232983.7684,184625.436,1118846.7083,990181.0157
603131.SH,20250725,17.9,2.001,4.2234,0.87,453.3336,2478.9835,4.7041,5.2744,5.3413,0.0,0.067,31799.1057,31799.1057,15066.1458,569203.992,569203.992
920570.BJ,20250725,41.57,4.6936,6.8197,0.64,199.8275,375.8112,6.1237,16.2557,18.3918,0.7186,0.2187,5016.9821,2462.8672,1695.0527,208555.9459,102381.3895
000975.SZ,20250725,18.81,1.0529,1.6206,0.87,24.0347,22.0953,4.1228,3.8446,3.4512,1.4886,1.9405,277672.2265,252743.2441,164212.4499,5223014.5805,4754100.4215
002037.SZ,20250725,14.8,32.7111,58.9344,7.15,182.38,158.0928,3.7907,1.1071,1.0724,0.0,,48388.3566,48388.3566,26857.6012,716147.6777,716147.6777
600289.SH,20250725,6.57,1.1514,1.6726,1.03,,,3.3818,12.9457,13.2568,0.0,,63105.2069,56592.2684,38956.2787,414601.2093,371811.2034
300395.SZ,20250725,76.1,3.7376,4.6866,0.61,126.4889,116.2552,9.5184,22.818,22.8703,0.2743,0.1703,52226.7673,51304.2984,40915.1221,3974456.9915,3904257.1082
601607.SH,20250725,18.98,0.4774,1.6019,0.89,15.4606,16.2053,0.9784,0.2557,0.2551,2.5774,1.9488,370836.1809,278920.7505,83117.2772,7038470.7135,5293915.8445
002458.SZ,20250725,8.85,2.3044,2.6682,1.06,19.4349,25.6787,2.2658,3.1225,3.1881,2.2599,2.2272,110641.2915,74886.8285,64675.1303,979175.4298,662748.4322
600882.SH,20250725,28.02,0.7064,1.4879,0.69,126.2775,92.7337,3.1943,2.9621,2.7983,0.0,,51205.3647,51205.3647,24310.0793,1434774.3189,1434774.3189
001283.SZ,20250725,78.04,8.1285,8.1285,1.01,68.9374,52.4678,3.0651,1.2315,1.1781,0.6071,0.5677,8061.0011,5785.5721,5785.5721,629080.5258,451506.0467
000718.SZ,20250725,2.23,1.7184,2.6029,1.07,40.969,55.7908,0.7247,3.1905,3.2867,3.5874,4.4843,303463.6384,228209.3122,150654.2061,676723.9136,508906.7662
002141.SZ,20250725,3.79,2.5822,3.767,0.72,,,4.6871,8.8877,5.4485,0.0,,103293.5798,103159.2875,70714.2228,391482.6674,390973.6996
920174.BJ,20250725,72.81,16.0673,29.0409,0.94,62.6285,64.8911,8.2217,8.2028,8.4223,0.401,,9000.8718,8675.1764,4799.6684,655353.4758,631639.5937
300542.SZ,20250725,22.67,7.0124,10.5536,1.41,,,12.1353,5.0155,5.2776,0.0618,,29855.9899,24638.5295,16371.1141,676835.291,558555.4638
000423.SZ,20250725,50.98,1.1681,1.7631,0.78,21.0854,20.1587,3.3104,5.5449,5.3072,5.7356,4.7352,64397.6824,64301.8085,42602.1748,3282993.8488,3278106.1973
300015.SZ,20250725,13.11,1.6075,3.0421,1.07,34.3796,32.9857,6.0126,5.8265,5.6048,1.1409,1.2165,932539.667,793095.9173,419093.3864,12225595.0344,10397487.4758
300699.SZ,20250725,31.66,1.4146,2.2704,0.86,35.5116,35.6313,5.0047,10.7434,10.5129,1.5672,1.5672,83135.2,82144.3049,51180.1545,2632060.432,2600688.6931
600460.SH,20250725,26.27,3.0087,4.4004,1.74,198.8247,113.9273,3.5551,3.8959,3.7186,0.0,0.1523,166407.1845,166407.1845,113780.4915,4371516.7368,4371516.7368
002389.SZ,20250725,25.32,2.9271,4.7459,0.56,284.5474,458.3535,3.1692,9.7745,10.376,0.2369,0.2355,99092.9102,99081.0477,61109.498,2509032.4863,2508732.1278
688625.SH,20250725,31.54,0.6931,1.9022,0.59,23.7329,22.8418,4.3909,6.7339,6.522,1.6729,1.3383,18832.0951,18832.0951,6862.0951,593964.2795,593964.2795
000650.SZ,20250725,5.81,2.4568,3.3267,1.11,16.8779,17.3454,1.3264,1.996,2.1276,3.4423,2.5818,139993.8234,133138.5834,98324.1448,813364.114,773535.1696
605058.SH,20250725,27.89,1.9446,6.4748,0.58,28.1709,27.1376,2.3857,3.0829,2.9384,1.0757,2.1513,14292.395,14292.395,4292.395,398614.8966,398614.8966
000518.SZ,20250725,2.3,0.9108,1.3887,0.73,,,6.6554,11.6353,12.4004,0.0,,102955.6222,102953.5693,67525.4539,236797.9311,236793.2094
600167.SH,20250725,6.08,0.1996,0.6701,0.8,20.8766,19.2977,1.2552,3.9203,3.9408,5.1886,5.1741,226284.0463,226284.0463,67406.2721,1375807.0015,1375807.0015
603299.SH,20250725,10.64,2.1515,5.7903,1.61,10.8149,11.8189,1.4135,1.5563,1.5922,3.9959,4.1635,78165.8202,77724.7495,28880.4655,831684.3269,826991.3347
002108.SZ,20250725,3.78,2.3603,3.1403,0.62,40.6811,43.9675,1.2677,2.2908,2.2343,2.6559,2.6443,166539.4648,164836.3706,123896.8281,629519.1769,623081.4809
300079.SZ,20250725,5.9,3.6212,3.7187,1.32,344.8383,333.1191,1.9951,12.5774,12.0363,0.1698,0.1697,142602.8062,128147.9656,124788.0026,841356.5566,756072.997
600025.SH,20250725,9.37,0.1376,1.3758,0.39,20.3278,19.2979,2.9632,6.7785,6.5254,1.921,2.1345,1800000.0,1800000.0,180000.0,16866000.0,16866000.0
688132.SH,20250725,19.95,1.878,2.4633,0.79,,,2.1199,8.7549,12.3223,,,15222.5204,10849.5718,8271.4766,303689.282,216448.9574
688259.SH,20250725,41.78,2.6236,5.0188,1.61,77.1698,81.6923,3.0777,7.8824,8.3816,0.4415,0.4636,11170.0,11170.0,5839.166,466682.6,466682.6
301316.SZ,20250725,43.38,9.0539,9.961,1.09,267.2079,319.7346,17.8806,10.0547,9.3179,0.1826,0.1844,40400.0,24282.6503,22071.3403,1752552.0,1053381.37
601116.SH,20250725,11.62,1.4576,4.5334,0.5,44.6516,39.5288,2.0067,1.6421,1.6371,1.7212,1.7212,54767.84,54767.84,17609.1858,636402.3008,636402.3008
605016.SH,20250725,20.84,2.4351,5.7027,1.29,35.6397,29.5087,4.8504,7.6004,6.8918,0.866,0.7013,42001.232,42001.232,17934.5871,875305.6749,875305.6749
600148.SH,20250725,21.96,5.6966,12.0086,1.19,,,6.6808,4.502,4.5077,0.1366,,14151.645,14151.645,6713.18,310770.1242,310770.1242
002352.SZ,20250725,47.95,0.4653,1.046,1.21,23.8688,23.1351,2.5609,0.8535,0.8402,4.1526,3.8164,506269.2017,479528.0282,213335.3143,24275608.2215,22993368.9522
688312.SH,20250725,26.07,1.4458,2.7975,1.4,39.414,41.9382,2.7753,7.6286,7.2829,1.4946,1.8949,14560.0816,14560.0816,7524.8903,379581.3273,379581.3273
300577.SZ,20250725,20.65,2.0442,2.9033,1.14,12.9967,12.5265,2.3624,1.1678,1.085,1.153,1.6175,23979.2667,14021.1858,9872.3074,495171.8574,289537.4868
000912.SZ,20250725,4.74,0.9371,2.3548,0.7,97.4637,93.2708,1.1586,1.4662,1.4068,0.0,,156800.0,156800.0,62401.1061,743232.0,743232.0
600094.SH,20250725,3.27,0.887,1.3655,1.15,,,0.7787,1.8541,1.7189,0.9005,0.9005,236485.2045,216613.195,140716.9511,773306.6187,708325.1477
002778.SZ,20250725,19.01,9.5584,14.6569,1.46,,,7.7416,4.8106,5.7434,0.0,,12475.33,12343.129,8049.505,237156.0233,234642.8823
300894.SZ,20250725,14.26,4.669,8.8058,0.94,521.3891,,4.6011,4.2253,4.8844,4.2232,,40772.2935,29407.301,15592.391,581412.9053,419348.1123
000011.SZ,20250725,8.8,0.7098,1.9982,0.77,,,1.5579,1.9182,1.8592,3.5455,,59597.9092,52647.5543,18702.6342,524461.601,463298.4778
600941.SH,20250725,110.28,1.3065,1.3709,1.06,17.2239,17.0976,1.7775,2.29,2.2899,4.1384,4.2351,2161155.4459,90276.7867,86040.0867,238332222.5739,9955724.0373
002918.SZ,20250725,9.05,2.527,3.8156,1.0,30.0686,67.0425,1.1978,0.8114,0.8352,3.2639,2.176,41518.5333,21946.7884,14534.8559,375742.7264,198618.435
002592.SZ,20250725,6.87,3.5997,5.7038,2.18,27.8142,20.0092,2.0908,2.9543,2.8556,0.0,,28333.1157,26271.637,16580.1814,194648.5049,180486.1462
002396.SZ,20250725,25.86,1.6157,2.1981,0.5,37.619,34.9765,2.3129,0.9083,0.8899,0.9689,0.9621,58860.9418,58328.0278,42872.8328,1522143.9549,1508362.7989
300304.SZ,20250725,9.5,4.4294,7.6392,1.05,20.7998,21.1605,2.738,3.8892,3.8008,0.8199,0.8132,87814.3718,85558.3384,49609.5743,834236.5321,812804.2148
300935.SZ,20250725,26.16,3.3483,4.786,0.67,,,2.5298,15.5275,15.2993,0.0,,7943.068,6027.3655,4216.7045,207790.6589,157675.8815
920932.BJ,20250725,23.59,10.0305,14.018,0.91,73.7335,115.8693,3.6976,5.868,5.9616,0.6011,0.0902,10787.035,8615.2895,6164.6437,254466.1557,203234.6793
301107.SZ,20250725,28.8,4.9028,9.8492,1.49,55.7349,41.5139,3.2671,5.3745,4.619,0.9862,1.7216,10241.812,5957.665,2965.641,294964.1856,171580.752
300877.SZ,20250725,25.76,23.5742,47.5635,4.53,99.9134,78.9996,1.9672,2.9942,2.9869,0.3407,0.3764,12000.0,11999.895,5947.5855,309120.0,309117.2952
600822.SH,20250725,12.62,8.6087,21.643,0.47,123.8524,120.1006,5.1645,1.3858,1.5167,0.0,,49597.2914,39614.7908,15757.1946,625917.8175,499938.6599
000637.SZ,20250725,4.28,6.1442,7.8518,1.86,,,3.6314,0.5926,0.6644,0.0,,51987.5356,36801.4255,28797.7054,222506.6524,157510.1011
688513.SH,20250725,55.61,3.839,7.65,1.3,41.2072,43.862,3.6519,7.2731,7.3239,0.7095,0.7619,17653.2256,17653.2256,8858.9506,981695.8756,981695.8756
688556.SH,20250725,9.54,5.0583,6.6923,1.12,,,2.156,1.6322,1.9526,4.9345,4.1927,76547.6919,76547.6919,57857.8448,730264.9807,730264.9807
603277.SH,20250725,17.33,0.7257,3.452,1.6,19.6458,18.4473,3.8592,3.8614,3.8865,5.9559,3.996,61330.3455,60974.6025,12818.6525,1062854.8875,1056689.8613
001965.SZ,20250725,11.74,0.2405,1.1972,1.02,15.0446,14.9451,1.1928,6.2993,6.4097,4.523,4.523,682033.7394,682033.7394,137036.0134,8007076.1006,8007076.1006
600758.SH,20250725,4.13,1.8725,3.785,0.69,27.0107,25.5183,0.9625,0.988,1.004,0.4843,0.4843,132201.7394,132074.3394,65339.4203,545993.1837,545467.0217
000524.SZ,20250725,12.08,3.0023,10.6716,1.12,53.9212,53.0484,3.6148,1.8789,1.8695,0.0,0.6623,67020.8597,67000.0134,18849.2068,809611.9852,809360.1619
000566.SZ,20250725,6.74,15.7641,23.0289,1.25,,,19.1433,8.8263,10.4812,0.0,,129736.5126,116590.9733,79810.3926,874424.0949,785823.16
920753.BJ,20250725,27.92,3.7851,5.5728,0.94,79.0668,75.4854,6.0636,10.454,10.1224,1.4613,1.4613,8140.4368,3148.39,2138.4265,227280.9955,87903.0488
920088.BJ,20250725,38.32,9.619,9.619,0.76,62.7732,56.5963,5.1406,8.8904,8.6253,,0.2088,8807.15,2415.0,2415.0,337489.988,92542.8
002320.SZ,20250725,8.18,10.0628,37.3241,1.7,70.9768,88.5815,4.2192,4.3207,4.3946,1.4181,0.489,222893.3187,222893.3187,60093.3126,1823267.347,1823267.347
600499.SH,20250725,11.06,0.7257,1.2643,0.73,21.0784,20.3614,1.8573,1.6834,1.5365,2.9371,1.7517,191785.6391,191785.6391,110077.5451,2121149.1684,2121149.1684
002852.SZ,20250725,11.56,3.7961,5.3422,0.83,22.4757,19.3452,1.8279,0.6691,0.6727,1.3581,1.8858,34396.8305,28581.8746,20310.2587,397627.3606,330406.4704
301586.SZ,20250725,57.4,6.2138,6.2138,0.51,47.4358,55.106,3.8252,7.5982,6.787,,0.8362,8297.5503,2074.3876,2074.3876,476279.3872,119069.8482
600871.SH,20250725,2.04,0.7591,3.648,0.98,61.2286,57.5061,4.3003,0.4769,0.4809,0.0,,1895704.5833,1354701.2351,281911.5987,3867237.3499,2763590.5196
002067.SZ,20250725,4.75,18.4653,19.2302,0.95,83.7983,227.6019,1.0412,1.0899,1.1052,0.4958,,125722.8448,111997.8448,107542.8448,597183.5128,531989.7628
601225.SH,20250725,20.76,0.518,1.4906,0.58,9.0013,8.9402,2.355,1.093,1.0947,6.8593,6.494,969500.0,969500.0,336903.9335,20126820.0,20126820.0
688800.SH,20250725,49.64,2.6657,4.1264,0.53,58.2513,48.8062,4.8139,4.2282,3.7623,0.1543,0.54,20567.4335,20567.4335,13286.7098,1020967.3989,1020967.3989
002398.SZ,20250725,6.16,16.7788,17.666,0.96,87.2846,96.8348,1.2182,1.643,1.6372,1.2874,1.2805,69802.3396,57936.7954,55027.1196,429982.4119,356890.6597
003010.SZ,20250725,50.47,7.8182,10.7388,1.48,104.4745,91.7878,16.0285,6.2501,5.6097,0.3115,0.7187,21867.0276,15832.3766,11526.5389,1103628.883,799060.047
000958.SZ,20250725,6.92,0.8659,3.0767,0.87,35.6846,38.1156,1.8756,7.9905,7.885,0.9104,0.9971,538341.852,538339.602,151505.1693,3725325.6158,3725310.0458
000050.SZ,20250725,9.15,0.5011,1.0035,0.83,,,0.8215,0.6714,0.6603,0.0,,245774.7661,245771.8636,122725.874,2248839.1098,2248812.5519
300837.SZ,20250725,24.31,4.0914,8.6847,0.65,30.4389,70.41,1.8115,3.7223,4.4585,1.2341,1.2341,10000.1548,7058.2798,3325.1548,243103.7632,171586.7819
601990.SH,20250725,8.53,1.1168,2.0188,1.25,31.393,30.9613,1.7578,9.9904,10.3266,1.5006,1.5006,368636.1034,365978.8847,202460.3071,3144465.962,3121799.8865
000048.SZ,20250725,16.42,1.7018,4.0072,0.77,12.1985,11.2832,2.0604,1.4608,1.4985,2.2665,4.3525,53028.225,52675.975,22370.8801,870723.4545,864939.5095
002075.SZ,20250725,6.15,1.7975,2.4554,0.72,82.9855,71.4719,2.1022,0.9359,0.9498,1.2195,0.813,219382.5445,219382.192,160595.0194,1349202.6487,1349200.4808
300669.SZ,20250725,26.76,1.0362,2.1908,1.77,186.1149,209.0339,5.9756,15.9358,15.8039,0.4484,0.3717,19270.5526,18208.7818,8612.1454,515679.9876,487267.001
301265.SZ,20250725,12.18,8.7927,11.8109,0.55,78.1105,63.2795,1.7853,5.7555,5.2243,0.0,0.3269,30297.3182,16979.7153,12640.6511,369021.3357,206812.9324
600332.SH,20250725,26.9,0.9009,1.8803,1.43,15.4237,16.2055,1.1798,0.5832,0.5869,4.2714,2.974,162579.0949,140589.0949,67358.5846,4373377.6528,3781846.6528
688485.SH,20250725,12.15,3.5145,3.5145,1.16,163.7417,154.6041,1.4452,5.0854,5.3992,0.4058,0.1837,15029.2062,8815.7978,8815.7978,182604.8553,107111.9433
600234.SH,20250725,8.79,2.6667,5.0365,1.26,57.7222,47.0859,4.9035,6.161,5.4648,0.0,,26252.0973,26252.0973,13899.8888,230755.9353,230755.9353
603881.SH,20250725,27.0,4.5593,8.6983,1.08,146.7293,138.0587,5.9813,11.2735,11.1849,0.2664,0.2068,71837.6999,71837.6999,37654.1112,1939617.8973,1939617.8973
002025.SZ,20250725,50.49,0.7962,1.3524,0.63,66.2488,136.75,3.6272,4.5761,4.7146,0.755,0.4555,45542.5988,45386.3583,26719.3828,2299445.8134,2291557.2306
002915.SZ,20250725,18.8,4.0722,6.8535,0.44,,,4.6999,4.3566,4.2418,0.0,,32546.8375,28830.6375,17130.3767,611880.545,542015.985
000725.SZ,20250725,4.1,0.7549,0.868,0.66,28.8164,25.7661,1.1845,0.7732,0.7553,0.7364,1.2195,3741388.0464,3670605.0201,3192458.4014,15339690.9902,15049480.5824
600113.SH,20250725,31.0,2.55,5.5946,1.65,96.9228,93.0627,5.4769,18.0707,17.8808,0.5811,0.3873,42117.666,41143.116,18753.2086,1305647.646,1275436.596
000543.SZ,20250725,7.29,1.2772,2.9524,0.86,8.0081,8.0431,1.072,0.5491,0.5596,3.0316,4.3759,226686.3331,226686.3331,98063.3989,1652543.3683,1652543.3683
603089.SH,20250725,14.1,2.3551,5.9967,0.66,47.3596,39.2681,2.4772,1.4696,1.3552,0.0,0.6703,24003.3268,24003.3268,9426.8471,338446.9079,338446.9079
601860.SH,20250725,3.07,1.6591,2.1644,0.71,6.9227,6.8535,0.5768,2.5183,2.5514,3.2573,3.2573,366098.4783,355156.8467,272254.3862,1123922.3284,1090331.5194
600131.SH,20250725,18.3,0.6025,1.4488,0.58,32.1697,30.641,3.2286,3.0013,2.6912,1.1333,1.1333,119972.4419,119590.5149,49731.7834,2195495.6868,2188506.4227
300923.SZ,20250725,26.06,1.8571,4.0894,0.94,48.3701,47.6129,1.8306,4.3447,4.1972,1.7158,1.7158,7860.0,7635.6,3467.6,204831.6,198983.736
600720.SH,20250725,8.3,3.6733,4.8781,0.46,10.8755,10.8635,1.2591,1.5317,1.5914,3.9772,,229459.5565,100904.9771,75982.8987,1904514.319,837511.3099
300555.SZ,20250725,9.66,2.2034,2.8114,1.35,,,3.807,10.9091,11.605,0.0,,20000.0,19782.2713,15503.978,193200.0,191096.7408
600989.SH,20250725,16.09,0.4698,1.5898,0.58,18.6178,16.046,2.7149,3.5774,3.3213,1.7405,2.5481,733336.0,733336.0,216714.873,11799376.24,11799376.24
600562.SH,20250725,30.4,0.7777,2.2729,0.58,59.9471,64.0357,6.4082,11.1022,11.7913,0.477,0.5164,124185.784,124185.784,42490.8042,3775247.8336,3775247.8336
001380.SZ,20250725,20.79,3.3016,4.0149,0.79,24.8703,22.5506,3.3145,3.0268,2.8085,0.6866,0.975,27085.4208,8800.3853,7236.7887,563105.8984,182960.0104
300388.SZ,20250725,7.33,0.501,1.3906,0.7,13.6146,13.8992,1.1197,1.3009,1.331,1.7735,1.7735,68104.2231,68011.3748,24501.7551,499203.9553,498523.3773
601058.SH,20250725,13.45,1.3182,1.6999,1.39,10.8857,10.8728,2.2388,1.3906,1.3435,2.3792,2.8253,328810.0259,328810.0259,254980.1104,4422494.8484,4422494.8484
601798.SH,20250725,8.28,2.2895,3.5922,0.72,,,2.3616,4.3464,4.1374,0.0,,35452.8198,35452.8198,22595.9948,293549.3479,293549.3479
301055.SZ,20250725,19.44,0.8605,1.9729,0.6,121.0961,99.8638,4.818,3.3405,3.2968,0.749,0.5992,15600.0,15600.0,6803.76,303264.0,303264.0
000009.SZ,20250725,9.06,1.2033,1.8358,1.2,135.3665,86.4092,2.3124,1.1552,1.163,0.4967,0.4967,257921.3965,257602.0465,168846.8425,2336767.8523,2333874.5413
002848.SZ,20250725,7.78,1.9225,2.5383,0.64,,,9.6531,9.6519,9.3236,0.0,,16715.0,16425.7981,12440.6951,130042.7,127792.7092
002221.SZ,20250725,9.86,0.9812,1.534,1.02,35.0089,35.2605,1.3973,0.5023,0.4886,0.0,,157612.7767,146088.9862,93439.5698,1554061.9783,1440437.4039
603322.SH,20250725,38.57,4.912,6.7134,1.69,,,21.8395,3.6326,4.1288,0.0,,15758.6796,15758.6796,11530.1796,607812.2722,607812.2722
603091.SH,20250725,65.05,3.2553,3.2553,0.93,20.5357,19.9736,3.3651,4.3013,4.2099,,1.4758,10223.8793,2044.776,2044.776,665063.3485,133012.6788
688113.SH,20250725,36.9,1.5879,2.6408,1.01,28.8015,25.6735,2.5595,4.8198,4.6513,1.5365,1.0732,6439.7559,6439.7559,3872.1335,237626.9927,237626.9927
300765.SZ,20250725,52.15,0.331,1.1598,0.5,1363.3825,,19.9162,36.9806,37.9796,0.5108,0.038,140459.2944,124707.2434,35594.7438,7324952.203,6503482.7433
301010.SZ,20250725,18.37,2.6193,7.9371,0.8,66.2443,69.0418,2.4161,1.7755,1.7839,1.0887,1.0887,10800.0,10800.0,3564.0,198396.0,198396.0
688205.SH,20250725,55.29,4.3251,4.3251,0.39,87.1195,95.1445,3.897,10.4024,10.2655,0.6216,0.6907,15828.5329,8933.5887,8933.5887,875159.584,493938.1192
300375.SZ,20250725,5.1,5.9931,6.6978,1.32,49.6125,55.4932,1.71,1.5657,1.4969,0.6863,0.7059,75537.8818,50511.8725,45197.1539,385243.1972,257610.5498
002316.SZ,20250725,5.2,3.2163,3.4599,1.47,205.3358,173.6974,27.6934,3.3654,3.2495,0.0,,39312.0,34074.75,31675.6694,204422.4,177188.7
603305.SH,20250725,13.67,1.3135,3.203,0.67,31.3072,36.7385,2.0336,2.9559,3.0192,1.647,2.7783,95331.6329,95331.6329,39092.9258,1303183.4217,1303183.4217
001230.SZ,20250725,22.0,6.2822,6.2822,0.96,20.8771,19.9147,1.5929,1.9084,1.9057,1.317,1.4436,13349.6097,5407.7714,5407.7714,293691.4134,118970.9708
600737.SH,20250725,10.07,0.627,1.2726,0.8,12.5708,14.8545,1.8463,0.6628,0.7246,8.2423,8.2423,213884.8228,213884.8228,105381.5155,2153820.1656,2153820.1656
688390.SH,20250725,43.45,1.9408,2.8994,0.74,,,3.8618,1.5644,1.4065,1.2294,,24258.6404,24258.6404,16238.6144,1054037.9254,1054037.9254
300394.SZ,20250725,86.19,2.6102,4.8607,0.57,49.873,47.7835,16.3635,20.6062,19.3397,1.0038,0.8277,77741.5891,77585.2385,41662.9699,6700547.5645,6687071.7063
920682.BJ,20250725,10.78,7.7805,11.3584,0.61,26.3165,27.3683,3.2455,0.9758,0.9665,2.3786,1.5461,32448.0,18832.4422,12900.2283,349789.44,203013.7269
688302.SH,20250725,55.51,6.2502,7.4542,1.05,,,4.7233,14983.1305,14984.6124,,,9901.5598,8151.512,6834.9038,549635.5845,452490.4311
300564.SZ,20250725,18.8,27.3348,47.5037,1.7,97.878,53.3969,2.5642,6.9491,7.0942,2.6854,2.6596,16131.52,11319.535,6513.535,303272.576,212807.258
601009.SH,20250725,11.62,0.5159,0.9325,0.96,7.1203,6.981,0.8464,2.8577,2.8091,6.4468,4.2143,1236356.7245,1236356.7245,683947.4232,14366465.1387,14366465.1387
603300.SH,20250725,11.94,18.1153,23.4377,0.96,39.3045,37.212,3.7262,4.5962,4.4389,0.1808,0.211,199065.0596,199065.0596,153859.8432,2376836.8116,2376836.8116
002195.SZ,20250725,5.88,11.2372,12.4704,3.3,1027.1437,,3.4043,50.3989,51.0892,0.1717,,567055.4696,560126.1712,504733.2768,3334286.1612,3293541.8867
301295.SZ,20250725,25.0,5.3195,5.3195,0.54,92.3149,94.1778,2.6756,3.9807,3.6272,1.4286,0.96,10080.0,2940.0,2940.0,252000.0,73500.0
002573.SZ,20250725,4.13,0.6211,1.461,0.67,,,0.9919,0.6749,0.6944,2.4376,,142438.8579,141299.4679,60067.413,588272.4831,583566.8024
603353.SH,20250725,16.57,2.2894,6.9721,1.41,97.3315,87.2713,1.7559,1.0131,1.0279,0.5983,1.2174,17190.6,17041.8,5596.0,284848.242,282382.626
002958.SZ,20250725,3.56,1.2061,1.4423,0.83,6.9239,6.7188,0.5639,1.7926,1.7878,2.809,3.3708,555561.9241,493964.2632,413072.5132,1977800.4498,1758512.777
002982.SZ,20250725,16.46,12.7826,15.3966,1.42,34.0944,21.9961,2.0923,0.7956,0.7643,0.0,1.3019,20319.3911,12987.5824,10782.5824,334457.1775,213775.6063
002300.SZ,20250725,6.63,2.4049,5.389,0.61,52.68,57.098,2.6153,0.3491,0.3567,2.4133,1.6591,72233.37,72227.5059,32232.8285,478907.2431,478868.3641
600657.SH,20250725,3.95,0.5952,2.2106,0.69,,,0.4767,1.4031,1.4519,0.0,,285187.8595,285187.8595,76789.1751,1126492.045,1126492.045
002867.SZ,20250725,13.29,0.8419,2.3222,1.13,14.2816,15.6639,2.5165,1.0385,1.2551,7.1482,7.1482,108547.3893,107909.6804,39124.4912,1442594.8038,1434119.6525
300369.SZ,20250725,7.89,1.5516,2.0857,0.96,,,2.5573,2.6745,2.6671,0.0,,79930.8527,79822.7068,59384.7256,630654.4278,629801.1567
600858.SH,20250725,5.71,2.1296,3.6609,0.77,43.895,60.8219,1.0968,0.548,0.5554,0.5254,0.9282,52006.6589,51754.8029,30105.9585,296958.0223,295519.9246
920394.BJ,20250725,43.32,3.6844,3.6844,0.72,63.0262,53.1268,8.443,15.5304,13.7798,0.4617,0.4617,14625.0,4795.375,4795.375,633555.0,207735.645
301581.SZ,20250725,53.9,6.2715,6.2715,1.02,38.5281,39.8968,4.4148,5.9506,5.5615,,1.2987,8000.0,2000.0,2000.0,431200.0,107800.0
603095.SH,20250725,15.76,0.7154,2.4338,0.92,41.3022,33.9306,1.7333,3.1425,2.9271,2.4888,4.9637,25826.92,25826.92,7591.1844,407032.2592,407032.2592
600150.SH,20250725,35.13,1.3426,2.7078,1.09,43.4728,36.202,3.0858,1.9993,1.9845,0.5693,0.7116,447242.8758,447242.8758,221754.6394,15711642.2269,15711642.2269
300536.SZ,20250725,9.23,3.2651,4.032,1.31,,,5.2284,11.6865,12.9001,0.0,,29328.8133,29325.324,23747.324,270704.9468,270672.7405
605319.SH,20250725,30.7,0.9356,2.3889,0.67,20.3165,19.4331,3.1525,3.0335,2.9069,1.8834,1.9198,25006.1583,21368.1583,8368.1583,767689.0598,656002.4598
300595.SZ,20250725,17.98,4.9697,6.7345,1.1,28.1579,29.8631,3.4624,8.8844,8.8179,1.2416,1.2458,89615.2386,66849.476,49330.7632,1611281.99,1201953.5785
603255.SH,20250725,30.12,2.679,4.2362,0.75,,,2.5677,5.1931,5.0829,0.1538,,13461.1667,6067.5248,3837.1667,405450.341,182753.847
000561.SZ,20250725,9.71,2.3137,4.3012,0.54,,,2.6361,6.9827,6.4259,0.072,0.072,86401.8238,60179.0068,32371.4251,838961.7091,584338.156
600428.SH,20250725,7.03,1.3796,2.9293,0.7,12.6028,11.8632,1.1926,1.1496,0.9609,2.7599,,274392.0395,214665.0771,101098.0926,1928976.0377,1509095.492
300546.SZ,20250725,27.29,7.0964,8.153,0.71,174.7366,243.2225,4.6881,9.2264,9.4704,0.0,0.1649,18663.2691,13415.3235,11676.6937,509320.6137,366104.1783
600531.SH,20250725,8.41,3.0509,4.8047,0.76,11.3593,10.5758,1.6813,0.233,0.2227,1.9025,2.6754,109025.835,109025.835,69230.6481,916907.2724,916907.2724
002498.SZ,20250725,3.58,0.9065,2.7109,0.67,18.1795,19.95,1.4473,1.2862,1.28,1.0056,1.1173,332679.6,332679.6,111238.7984,1190992.968,1190992.968
000599.SZ,20250725,5.17,2.0849,3.555,0.98,,,2.836,0.9742,0.9846,0.0,,81675.8987,81674.5112,47899.2012,422264.3963,422257.2229
688560.SH,20250725,15.02,0.9752,1.5523,0.76,,,1.1125,3.5,4.2569,,,20130.1918,20130.1918,12646.1918,302355.4808,302355.4808
002863.SZ,20250725,5.27,1.349,2.0368,0.91,47.1605,47.2201,1.1399,0.6448,0.6114,0.3411,0.4173,59948.3554,59948.3554,39705.9006,315927.833,315927.833
002743.SZ,20250725,6.24,3.2283,4.8384,0.59,52.8682,52.1813,0.8397,0.6899,0.6872,1.0737,1.0737,43526.8478,43457.0978,28995.4664,271607.5303,271172.2903
601700.SH,20250725,4.86,1.3978,2.8258,0.5,60.8107,,2.1262,1.7204,1.9802,1.0288,0.4019,114224.67,114224.67,56502.4,555131.8962,555131.8962
603378.SH,20250725,6.19,2.4272,6.3744,0.66,,,2.1802,1.2926,1.4253,0.6961,,42859.6642,42859.6642,16320.0492,265301.3214,265301.3214
002919.SZ,20250725,16.45,1.8797,3.1811,1.14,93.844,299.4775,5.3289,3.1765,3.1773,0.7588,0.3035,26652.6066,26399.817,15599.6342,438435.3786,434276.9897
601319.SH,20250725,8.47,0.2629,3.1254,1.0,8.7377,8.0115,1.3409,0.6022,0.5855,1.8419,2.5856,4422399.0583,3549775.6583,298560.3196,37457720.0238,30066599.8258
600610.SH,20250725,13.16,4.8865,7.7179,0.78,,1400.0942,174.0327,12.8201,13.0026,0.0,,107127.4605,70872.6705,44872.6705,1409797.3802,932684.3438
002215.SZ,20250725,11.85,9.7119,12.0783,1.61,20.3758,15.731,2.8962,2.2525,2.1414,1.275,2.9536,100519.131,78453.4765,63082.9512,1191151.7024,929673.6965
600694.SH,20250725,19.94,2.6008,4.2805,1.16,11.8295,11.7922,0.8021,0.9978,1.0226,4.104,4.5591,34776.7828,34435.7828,20922.4964,693449.049,686649.509
600121.SH,20250725,4.55,14.6286,30.4172,2.19,19.6127,29.3886,3.0336,1.3184,1.3744,0.0,,121841.2038,121841.2038,58597.2758,554377.4773,554377.4773
920367.BJ,20250725,24.98,5.4216,11.3846,1.34,78.9842,125.0932,3.7485,11.5119,11.9562,1.0008,1.0008,7086.125,4178.1867,1989.745,177011.4025,104371.1038
000752.SZ,20250725,9.22,5.3929,6.6446,1.66,92.832,75.173,7.4428,5.77,5.5823,0.0,,26375.8491,26375.8491,21407.3042,243185.3287,243185.3287
600831.SH,20250725,3.93,0.6807,0.9614,0.86,,,1.4513,1.8065,1.879,0.0,,71094.6992,71094.6992,50335.6344,279402.1679,279402.1679
603800.SH,20250725,28.18,5.7063,10.7656,2.58,50.102,93.5953,7.5786,4.2672,5.0026,0.521,0.3441,20800.0,20800.0,11025.0,586144.0,586144.0
300740.SZ,20250725,17.01,5.6317,9.6824,0.98,60.3338,59.3258,3.2118,1.5656,1.5461,0.5859,,39000.414,35901.587,20881.7003,663397.0421,610685.9949
603822.SH,20250725,63.0,4.1315,6.7548,1.44,,,8.5344,3.8004,3.9014,0.0,,7682.5886,7682.5886,4699.0388,484003.0818,484003.0818
301418.SZ,20250725,37.12,3.5612,3.5612,0.96,73.4765,118.0447,1.6923,8.2426,8.666,0.9128,0.2689,7333.3334,2943.6334,2943.6334,272213.3358,109267.6718
300834.SZ,20250725,23.2,1.0534,2.9427,0.62,46.2316,48.0378,1.5325,2.6527,2.7195,0.8381,1.0896,19371.2353,19242.6778,6888.531,449412.659,446430.125
002876.SZ,20250725,26.11,4.338,4.9437,2.45,66.6774,67.7859,1.9197,1.7532,1.5917,0.0955,0.5732,17388.4932,14894.941,13069.8899,454013.5575,388906.9095
301313.SZ,20250725,25.56,5.7469,5.7477,0.74,,,3.3893,7.3305,6.3362,0.5841,,10469.34,6666.4906,6665.5327,267596.3304,170395.4997
301163.SZ,20250725,26.5,4.3937,7.1889,1.47,101.3037,158.4748,1.9571,3.318,3.0216,0.9434,0.4717,8160.0,5472.5639,3344.7421,216240.0,145022.9434
300172.SZ,20250725,5.61,5.0783,5.588,0.88,51.1923,52.9019,2.0208,4.534,4.6994,0.5348,0.8913,67671.0,52351.2387,47576.5986,379634.31,293690.4491
300666.SZ,20250725,70.98,2.9887,3.3066,0.98,47.0149,37.8063,4.0887,5.224,4.9132,0.2807,0.4294,26532.0683,22105.2113,19979.6148,1883246.2079,1569027.8981
000514.SZ,20250725,5.87,4.162,11.3057,0.55,,53.839,1.2997,12.7511,12.7934,0.2044,0.2044,84377.0965,84377.0965,31062.1866,495293.5565,495293.5565
600282.SH,20250725,4.74,0.4401,1.1818,0.68,12.926,12.7873,1.1202,0.4728,0.4929,7.384,3.903,616509.1011,616509.1011,229601.355,2922253.1392,2922253.1392
000166.SZ,20250725,5.44,0.4155,1.189,0.92,26.142,23.4842,1.2777,5.5071,5.5522,1.3419,1.3419,2503994.456,2253550.7316,787417.7642,13621729.8406,12259315.9799
688566.SH,20250725,33.3,1.5299,4.9893,0.4,30.2791,30.6965,2.9564,7.4075,7.3454,1.5502,1.5616,19943.0865,19943.0865,6115.4263,664104.7805,664104.7805
600741.SH,20250725,18.04,0.3208,0.7698,0.79,8.5006,8.4911,0.9343,0.3368,0.3303,4.1574,4.4346,315272.3984,315272.3984,131406.0855,5687514.0671,5687514.0671
688631.SH,20250725,89.36,3.0667,4.0484,0.69,113.1996,112.5004,7.9112,9.0741,9.9109,0.4588,0.4476,16347.0,6487.0,4913.94,1460767.92,579678.32
001317.SZ,20250725,47.39,34.6765,60.699,2.28,441.5099,6113.5682,4.7526,3.2082,2.9465,0.2532,0.211,8005.1007,2939.0289,1679.0289,379361.7222,139280.5796
605305.SH,20250725,37.34,4.1671,5.953,0.72,25.2077,22.3562,3.0616,6.1103,5.7714,0.5356,1.2051,21252.0,21252.0,14876.3999,793549.68,793549.68
300558.SZ,20250725,61.82,2.2305,3.7983,0.6,64.6094,64.2982,4.6846,8.9939,8.462,0.2735,0.3218,42073.3843,41937.4505,24626.4881,2600976.6174,2592573.1899
000707.SZ,20250725,7.1,6.0457,8.0731,1.78,11.7413,31.3008,1.4679,1.1398,1.2331,1.9718,2.5563,46414.5765,46414.5765,34758.2555,329543.4932,329543.4932
603138.SH,20250725,15.23,2.4001,4.3843,0.98,,,5.5664,12.0161,11.5103,0.0,,29387.271,28311.699,15499.0937,447568.1373,431187.1758
600732.SH,20250725,14.77,1.5884,2.3481,0.52,,,8.3414,2.4181,2.1111,0.0,,182631.0605,158531.7243,107239.5301,2697460.7636,2341513.5679
002599.SZ,20250725,9.3,13.3471,16.0986,1.47,,,4.0613,2.4221,2.457,0.2151,0.2151,53267.9787,39800.6736,32998.0768,495392.2019,370146.2645
920006.BJ,20250725,34.53,6.2513,6.3911,0.66,,,9.9958,41.95,39.0444,1.2192,0.3186,9028.72,3429.1876,3354.1622,311761.7016,118409.8478
002423.SZ,20250725,12.65,1.4322,3.848,0.68,24.0904,29.9462,1.3674,52.2234,93.6552,1.0514,1.249,230410.5575,230410.5575,85756.2135,2914693.5524,2914693.5524
600855.SH,20250725,13.82,2.7445,4.9304,0.6,,,4.1327,5.584,5.8417,0.0,,46854.2728,46763.9728,26031.234,647526.0501,646278.1041
600379.SH,20250725,13.73,5.1074,9.1515,1.32,50.1738,48.7689,6.0051,3.0963,3.281,0.7793,0.7972,33020.1564,33020.1564,18428.448,453366.7474,453366.7474
301175.SZ,20250725,5.42,2.2258,2.2258,0.75,24.8759,24.4823,2.3003,4.7977,4.6553,1.845,2.4908,147188.0,62188.0,62188.0,797758.96,337058.96
920985.BJ,20250725,10.53,2.5712,3.858,0.75,17.8844,23.5136,2.4629,0.8569,0.8674,2.0623,2.333,30947.62,21931.7859,14616.7859,325878.4386,230941.7055
600838.SH,20250725,8.61,5.2954,7.8561,2.76,82.1191,77.9741,2.2644,37.2321,37.2302,0.5459,0.5459,40088.1981,40088.1981,27021.328,345159.3856,345159.3856
300300.SZ,20250725,5.09,4.3381,5.5344,2.03,597.5784,144.5325,21.539,20.0838,19.0867,0.0,,66684.7062,66679.7962,52265.955,339425.1546,339400.1627
002305.SZ,20250725,2.77,3.5562,5.9761,1.29,,,,1.6176,1.6611,0.0,,173421.577,173410.3276,103190.0979,480377.7683,480346.6075
300769.SZ,20250725,35.35,8.1193,10.0312,1.59,,,1.8377,1.301,1.2822,0.0,,28018.803,25175.3158,20376.8849,990464.6861,889947.4135
600361.SH,20250725,4.2,2.8947,2.8947,0.87,17.0743,18.4398,1.6125,0.2131,0.2095,1.6667,1.7592,410743.5885,146926.1844,146926.1844,1725123.0717,617089.9745
603100.SH,20250725,20.47,0.8156,1.7841,0.64,13.502,14.1344,2.4493,1.3838,1.4059,2.8193,2.8095,51320.1484,51000.0559,23313.3716,1050523.4377,1043971.1443
300865.SZ,20250725,36.95,18.2926,40.5035,0.92,,4318.9069,4.1084,9.5081,9.3675,0.1488,,9568.0,6774.8052,3059.6986,353537.6,250329.0521
300096.SZ,20250725,4.03,1.0761,1.284,0.48,,,6.0835,3.1033,3.046,0.0,,43000.0,43000.0,36039.3251,173290.0,173290.0
600038.SH,20250725,39.43,0.9934,1.7829,0.75,58.1579,51.5075,1.9034,1.0861,1.1237,0.4526,0.5174,81989.3213,66893.5221,37271.6611,3232838.9389,2637611.5764
600128.SH,20250725,10.83,3.0474,4.1451,0.6,79.9839,79.1861,1.2707,0.3732,0.357,0.9234,0.9234,24676.75,24676.75,18141.9029,267249.2025,267249.2025
603698.SH,20250725,17.15,0.5864,2.1081,0.5,48.5831,43.7226,2.722,2.6959,2.2868,0.6122,0.6297,53599.0,53599.0,14910.1927,919222.85,919222.85
002730.SZ,20250725,17.73,4.9167,10.5112,0.48,67.9827,69.2291,4.0593,5.3985,5.3058,0.7332,0.7332,36207.988,34602.988,16185.738,641967.6272,613510.9772
002284.SZ,20250725,11.18,1.749,3.0971,0.84,38.8065,32.7216,2.7789,1.9395,1.8375,0.8945,0.4472,73910.0348,73121.4173,41292.9298,826314.1891,817497.4454
002537.SZ,20250725,9.87,7.0144,9.3731,0.8,235.658,259.0937,2.8514,1.5475,1.6269,0.0,,117401.6745,116919.9745,87498.0597,1158754.5273,1154000.1483
000809.SZ,20250725,2.97,1.0635,1.6186,0.68,,,0.9051,6.3992,6.4334,0.0,,82479.1293,82479.1293,54193.3793,244963.014,244963.014
601882.SH,20250725,19.66,0.44,1.6187,0.56,19.6227,20.8819,3.9249,3.0618,3.0768,1.3733,1.8311,52200.0,52200.0,14190.4977,1026252.0,1026252.0
000564.SZ,20250725,2.4,3.212,4.5876,1.21,,,2.815,30.4418,30.9899,0.0,,1805806.3354,1471503.0732,1030260.2987,4333935.205,3531607.3757
000617.SZ,20250725,8.9,2.0302,10.1625,0.54,24.1862,26.835,1.1065,139.8614,133.7581,1.3146,1.3146,1264207.9079,1264207.9079,252557.9044,11251450.3803,11251450.3803
002578.SZ,20250725,3.56,3.0531,5.3134,0.55,160.8504,237.3972,2.1865,1.4991,1.5761,1.1236,,93863.0183,86116.2561,49483.0537,334152.3451,306573.8717
300396.SZ,20250725,14.7,2.4004,5.0102,1.04,28.2456,111.9726,2.0055,3.2917,5.4341,3.4246,1.7687,27270.0161,27245.1937,13053.2434,400869.2367,400504.3474
002286.SZ,20250725,11.01,9.1918,13.0606,2.81,37.6493,30.2506,1.9876,1.7425,1.6507,1.018,0.8542,38011.738,36955.213,26008.4036,418509.2354,406876.8951
002574.SZ,20250725,5.84,1.5541,3.3864,0.68,171.5214,,1.0069,0.7838,0.868,1.7123,,52800.0,52800.0,24232.0827,308352.0,308352.0
300131.SZ,20250725,8.27,3.0388,3.0486,0.79,155.7298,158.6317,5.301,1.7557,1.7534,0.0,,113501.9485,104226.7516,103889.8619,938661.1141,861955.2357
600829.SH,20250725,8.59,3.0185,11.9895,0.4,23.3563,27.5543,1.7018,0.4957,0.4924,1.6764,,57988.8597,57988.8597,14599.4243,498124.3048,498124.3048
001225.SZ,20250725,41.52,16.456,21.4151,1.79,46.6654,56.1969,1.9768,10.7051,12.2265,3.0106,2.9432,6466.68,2103.8773,1616.68,268496.5536,87352.9855
301379.SZ,20250725,25.17,4.9835,4.9835,0.76,33.068,30.8766,3.7278,3.3672,3.1646,0.8151,1.12,19757.284,12666.249,12666.249,497290.8383,318809.4873
300343.SZ,20250725,5.04,1.9889,2.2644,1.22,246.4348,126.9673,2.7457,6.2016,6.0794,,,106896.9119,106621.9389,93649.7579,538760.436,537374.5721
300683.SZ,20250725,46.43,16.3812,27.2784,1.11,,,2.5558,9.3647,9.0202,0.0,0.28,13089.4391,12206.4641,7330.2141,607742.6574,566746.1282
301182.SZ,20250725,39.18,7.1662,16.4961,1.02,,,4.847,6.2982,6.2106,0.0,,9582.17,9582.17,4162.67,375429.4206,375429.4206
600530.SH,20250725,9.02,2.4823,5.4454,1.11,229.3132,259.6886,22.5708,21.495,21.6372,0.0,0.1308,77492.0,77492.0,35324.9283,698977.84,698977.84
603577.SH,20250725,9.71,3.6925,9.2781,0.53,21.2866,21.24,1.7579,0.713,0.7102,0.5149,1.4089,33913.91,33913.91,13496.9567,329304.0661,329304.0661
920016.BJ,20250725,26.64,7.148,7.148,1.19,55.9929,76.0018,5.6043,9.2315,9.0508,0.488,0.7508,7698.1929,2635.9121,2635.9121,205079.8589,70220.6983
300022.SZ,20250725,8.53,4.3415,6.6367,0.84,,,7.7802,1.5563,1.5186,0.0,,49424.038,49422.943,32330.3584,421587.0441,421577.7038
603073.SH,20250725,18.14,3.6102,3.8931,1.35,21.0204,22.102,1.5679,2.7298,2.6742,1.6538,1.6538,11600.0,5089.2848,4719.4226,210424.0,92319.6263
301013.SZ,20250725,17.9,5.0826,5.6709,1.22,590.9427,,5.0581,7.2512,8.6105,0.0,0.2793,23374.3056,18924.1638,16961.1092,418400.0702,338742.532
920964.BJ,20250725,8.99,11.2573,11.2573,0.73,295.4186,558.1206,2.6336,2.3875,2.3226,0.5562,0.2225,26120.8,13235.7378,13235.7378,234825.992,118989.2828
300354.SZ,20250725,40.31,7.7059,10.0083,0.85,45.7459,45.1744,7.3573,11.1021,11.0049,0.3169,0.4381,13832.0201,8120.0,6252.0242,557568.7302,327317.2
600455.SH,20250725,28.46,1.9266,2.4265,0.81,54.159,52.569,5.9026,6.1945,6.1236,0.0,,6245.8,6245.8,4958.9938,177755.468,177755.468
601012.SH,20250725,16.52,1.2014,1.6393,0.89,,,2.1263,1.5159,1.5935,1.0283,,757805.0192,757804.2646,555365.167,12518938.9172,12518926.4512
300472.SZ,20250725,4.56,10.3057,11.2447,0.99,,,147.1979,9.6005,145.3915,0.0,,27525.8621,24584.1578,22531.1442,125517.9312,112103.7596
605069.SH,20250725,10.77,4.7123,4.8512,0.49,,,2.4929,6.3987,6.5056,0.0,,21169.7778,8416.1278,8175.0978,227998.5069,90641.6964
603678.SH,20250725,36.8,1.701,2.8502,1.05,89.9699,77.1292,2.956,6.2469,6.0099,0.5726,0.3448,47556.6631,47556.6631,28382.1536,1750085.2021,1750085.2021
300136.SZ,20250725,24.28,2.8597,3.033,0.62,35.5084,39.9916,3.2019,2.6868,2.7227,0.4119,0.2027,96756.8638,82456.7926,77744.2043,2349256.6531,2002050.9243
300449.SZ,20250725,7.88,2.2348,2.9065,1.23,,,8.9876,20.579,17.2521,0.0,,38603.5989,38603.5989,29681.4579,304196.3593,304196.3593
600383.SH,20250725,4.07,3.321,5.3246,0.98,,,0.3149,0.2441,0.2474,0.484,,451458.3572,451458.3572,281581.6135,1837435.5138,1837435.5138
002636.SZ,20250725,11.69,3.6018,10.8324,0.65,229.6433,104.7524,2.5509,2.1022,2.04,0.5133,0.7271,72800.0,72431.5417,24083.8617,851032.0,846724.7225
600310.SH,20250725,4.17,1.2353,2.5205,0.69,97.0346,,2.2241,1.5546,1.6152,0.7194,0.7194,146571.0722,146571.0722,71835.2412,611201.3711,611201.3711
603587.SH,20250725,12.7,1.0518,4.7142,1.09,19.838,21.8147,1.7325,2.7136,2.7872,6.3245,3.8911,47409.2787,47409.2787,10577.9687,602097.8395,602097.8395
300187.SZ,20250725,5.45,1.1475,2.4407,0.81,35.7984,35.2328,3.3196,4.6285,4.2621,1.1009,2.2018,64562.2165,64220.1042,30192.1719,351864.0799,349999.5679
300774.SZ,20250725,9.13,6.3389,9.0907,0.87,28.0007,30.1642,2.632,3.5867,3.4698,2.7382,3.2859,40876.366,19488.0451,13589.0092,373201.2216,177925.8518
000933.SZ,20250725,19.06,1.9353,2.9176,0.72,9.9547,10.9243,2.0086,1.1173,1.0777,5.7719,4.1793,224935.0569,224321.3979,148790.7237,4287262.1845,4275565.844
600396.SH,20250725,3.53,2.5535,5.7271,0.58,61.3591,48.9667,3.5035,1.1672,1.1717,0.0,,147270.6817,147270.6817,65662.6238,519865.5064,519865.5064
920008.BJ,20250725,38.44,3.813,4.2979,0.7,48.7225,89.0272,8.0598,8.7861,11.0639,,,6375.0,3317.4309,2943.1301,245055.0,127522.0438
300411.SZ,20250725,14.12,21.3583,22.856,0.83,458.0395,399.0848,5.9634,10.9916,11.3411,0.0,,40652.0007,30640.0275,28632.1838,574006.2499,432637.1883
000419.SZ,20250725,6.0,1.165,2.0927,0.8,21.706,27.0699,0.9331,1.6998,1.6754,2.0,2.0,54358.2655,54358.2655,30261.0171,326149.593,326149.593
300470.SZ,20250725,38.06,3.2264,4.2065,0.61,20.168,19.5954,2.9591,5.0526,4.8247,2.5705,2.5984,20796.1737,19730.9685,15133.942,791502.371,750960.6611
002654.SZ,20250725,11.96,3.5427,4.6551,1.78,161.1758,205.2022,6.5844,2.0744,1.9654,0.0,,84530.2544,84524.2544,64326.429,1010981.8426,1010910.0826
688573.SH,20250725,30.17,19.5168,19.5168,0.95,,,3.848,4.7428,4.7269,0.6567,,9775.4388,5199.4296,5199.4296,294924.9886,156866.791
603706.SH,20250725,20.42,1.2485,4.0061,0.92,19.5838,18.7755,2.4186,2.6788,2.719,4.4074,4.4074,18938.2714,18938.2714,5902.231,386719.502,386719.502
600513.SH,20250725,16.32,15.7265,26.1653,0.7,55.3546,62.3863,3.3439,2.1563,2.0616,0.9191,0.5453,28545.627,28545.627,17157.1454,465864.6326,465864.6326
300672.SZ,20250725,84.2,3.3468,4.7011,1.27,188.1869,170.1456,4.4675,9.2438,9.4215,0.3551,0.3544,21714.0672,21033.7661,14974.3253,1828324.4582,1771043.1056
603979.SH,20250725,50.55,0.8604,1.4703,0.79,19.9087,18.206,3.487,3.1715,2.9249,0.3918,0.8902,62377.7888,62377.7888,36503.0478,3153197.2238,3153197.2238
300603.SZ,20250725,11.84,3.5109,3.8173,0.45,212.7246,201.5073,3.819,6.9848,6.6865,0.0,,46479.8231,37047.0021,34073.6664,550321.1055,438636.5049
600885.SH,20250725,23.6,0.3735,0.5141,0.62,21.1218,20.4318,3.8137,2.4428,2.3544,1.3287,1.5587,145974.694,145974.694,106053.0648,3445002.7784,3445002.7784
600071.SH,20250725,21.65,1.6799,3.3131,1.29,453.3909,153.8677,12.7473,3.6262,3.7608,0.0,,28157.3889,28157.3889,14277.0761,609607.4697,609607.4697
601599.SH,20250725,3.91,2.2824,2.9671,1.19,37.7681,36.641,2.9202,1.4925,1.4157,0.0,,116054.2453,116054.2453,89272.4964,453772.0991,453772.0991
603043.SH,20250725,15.96,0.5298,1.621,1.04,18.381,19.1476,2.4829,1.7717,1.7601,3.0075,3.0075,56877.0805,56877.0805,18588.6261,907758.2048,907758.2048
301227.SZ,20250725,30.18,9.5755,9.8533,0.9,,,1.7359,5.073,5.3048,1.5985,,9523.05,3393.4925,3297.81,287405.649,102415.6037
603188.SH,20250725,4.47,2.4103,3.4256,0.84,,,3.3985,3.6346,3.6659,0.0,,57017.0,57017.0,40117.0,254865.99,254865.99
300032.SZ,20250725,5.33,2.2532,2.698,0.74,,,6.3169,2.8665,2.7336,0.0,,80316.9608,80316.7608,67074.0895,428089.4011,428088.3351
688755.SH,20250725,47.14,7.7966,7.7966,0.87,52.2865,48.9696,3.4973,6.0044,5.7753,,,8800.0,1654.0747,1654.0747,414832.0,77973.0814
603978.SH,20250725,18.71,6.4793,10.3251,2.44,,,2.2776,1.5407,1.4088,0.0,,21109.4299,21109.4299,13246.7285,394957.4334,394957.4334
002272.SZ,20250725,11.75,18.835,20.398,0.97,,,3.834,3.5677,3.5085,0.4255,,48487.73,38670.3348,35707.1428,569730.8275,454376.4339
601668.SH,20250725,5.8,0.7328,1.7324,1.02,5.1889,5.1786,0.5244,0.1096,0.1093,4.7141,4.681,4132039.0444,4132039.0444,1747894.7919,23965826.4575,23965826.4575
002297.SZ,20250725,9.9,33.9031,44.5314,2.84,,,2.7643,7.9624,7.3754,0.0,,57310.4819,57310.4819,43632.194,567373.7708,567373.7708
601163.SH,20250725,14.13,0.5702,1.6186,0.81,10.2515,11.5982,0.8572,1.1131,1.1287,4.7417,3.7509,80000.0,80000.0,28183.215,1130400.0,1130400.0
688031.SH,20250725,53.69,7.8429,9.4634,2.05,,,6.3257,17.5063,17.4301,,,12112.9516,9396.6144,7787.5587,650344.3714,504504.2271
000417.SZ,20250725,5.74,1.1104,1.7923,0.65,23.4897,27.8686,0.954,0.6363,0.6246,1.9164,1.9164,77988.42,77902.7451,48263.6984,447653.5308,447161.7569
688143.SH,20250725,40.67,2.0181,2.1583,0.57,277.4014,250.7501,4.2376,15.0472,14.6738,,0.1198,12237.4426,9452.2576,8838.419,497696.7905,384423.3166
003032.SZ,20250725,6.57,1.489,2.1129,0.86,,,2.1084,10.763,9.8983,0.2435,,40244.75,27436.1385,19334.8808,264408.0075,180255.4299
300294.SZ,20250725,27.27,1.1941,2.0514,0.87,34.6377,35.7675,1.8224,7.926,7.5458,1.6868,1.1735,50424.8738,50424.8738,29350.7645,1375086.3085,1375086.3085
002595.SZ,20250725,56.88,0.3324,0.6754,0.75,22.6228,21.3513,4.5098,5.1631,4.8791,1.7549,1.3601,80000.0,79428.5583,39095.6384,4550400.0,4517896.3961
688285.SH,20250725,8.77,0.626,2.5031,0.67,73.1185,65.8562,2.0043,3.2734,3.0629,0.3193,0.2052,37628.9913,37628.9913,9410.0,330006.2537,330006.2537
600973.SH,20250725,5.33,2.1042,3.81,0.65,,,2.0964,0.1577,0.1511,0.0,,137136.6248,137136.6248,75738.3015,730938.2102,730938.2102
600645.SH,20250725,26.81,3.0297,3.9337,0.98,125.0169,142.1883,3.4645,7.9132,8.1559,0.0,,46794.889,46777.0165,36027.7493,1254570.9741,1254091.8124
600180.SH,20250725,4.67,1.4377,3.9226,0.74,76.2042,,0.6432,0.1611,0.1711,2.4431,1.0622,108662.7464,108662.7464,39825.5628,507455.0257,507455.0257
689009.SH,20250725,59.05,1.3174,1.3651,0.96,39.1866,30.2453,7.2196,2.9927,2.5369,0.4708,1.8846,71944.466,55507.4253,53567.3143,4248320.7173,3277713.464
002469.SZ,20250725,8.66,2.9723,3.8485,1.14,21.3942,21.898,2.1747,2.1999,2.1754,4.6189,4.6189,64886.263,62889.4911,48570.7248,561915.0376,544622.9929
600999.SH,20250725,18.35,0.4682,1.1519,0.81,15.3652,15.1459,1.4085,7.6386,7.4901,1.9237,2.6049,869652.6806,742200.5272,301633.7568,15958126.689,13619379.6741
002936.SZ,20250725,2.15,2.1769,3.0827,0.86,10.4214,10.1606,0.4395,1.518,1.5092,0.0,0.9302,909209.1358,670071.5742,473192.9186,1954799.642,1440653.8845
300430.SZ,20250725,20.23,4.1863,5.797,0.88,57.2121,70.4928,2.4744,5.7652,6.2825,0.3956,0.346,27304.6796,25985.4209,18765.4998,552373.6683,525685.0648
301062.SZ,20250725,8.75,2.9107,3.2634,0.73,70.9293,147.399,2.5171,3.1768,3.138,0.5293,0.5714,43227.7187,31160.928,27793.3411,378242.5386,272658.12
300463.SZ,20250725,13.1,3.5687,4.251,1.64,63.273,264.425,1.2703,3.1479,3.2847,1.1723,0.7888,61246.959,49052.4561,41179.5288,802335.1629,642587.1749
601177.SH,20250725,18.25,5.1066,9.286,0.71,30.9177,30.7531,2.8079,3.236,3.1971,0.2687,0.3288,40797.5,40006.0,22000.375,744554.375,730109.5
600671.SH,20250725,14.68,12.6253,22.2586,5.06,117.2592,59.4657,31.1025,8.2271,7.3917,0.0,,12177.8885,12172.0533,6904.1073,178771.4032,178685.7424
603985.SH,20250725,17.04,4.0627,7.9869,1.14,,,2.3235,4.3525,3.5878,0.0,,44085.8003,44085.8003,22425.4463,751222.0371,751222.0371
000403.SZ,20250725,18.22,1.5361,2.4834,1.13,23.2333,24.3048,2.2321,6.5229,6.6763,1.4774,2.111,95039.7386,94071.0132,58188.5124,1731624.0373,1713973.8605
300620.SZ,20250725,53.62,4.923,9.6736,0.67,199.4696,187.3058,6.9246,13.3761,12.1038,0.187,0.1865,24918.0545,24685.3486,12562.5216,1336106.0823,1323628.3919
601880.SH,20250725,1.58,0.6872,2.0305,1.01,33.0171,38.688,0.9584,3.413,3.5282,1.2141,1.4857,2390547.4669,1874675.867,634495.4415,3777064.9977,2961987.8699
920670.BJ,20250725,15.3,8.4684,10.2821,1.83,,,6.805,24.4885,21.9824,0.3922,,10618.24,6664.8421,5489.1912,162459.072,101972.0841
300836.SZ,20250725,42.26,6.4626,7.1398,0.59,142.8985,191.1963,7.4938,8.408,8.2095,0.2554,0.7431,9268.561,6320.9837,5721.4186,391689.3879,267124.7712
300348.SZ,20250725,17.64,8.6772,8.9129,0.77,769.486,722.7873,6.7886,8.2363,8.1949,0.0512,0.0398,81075.1526,70820.6141,68948.0541,1430165.6919,1249275.6327
002210.SZ,20250725,2.97,5.6436,8.0571,1.0,277.2818,368.265,15.7884,33.0518,34.1292,0.0,,266123.2774,265625.6674,186058.3817,790386.1339,788908.2322
300381.SZ,20250725,7.66,2.2754,3.2098,0.93,120.9812,230.3142,1.4642,4.5528,4.5333,0.7644,1.2765,49106.1461,48934.0774,34688.2396,376153.0791,374835.0329
002748.SZ,20250725,9.82,1.4499,3.1326,0.97,90.0543,39.0772,1.7361,1.1874,1.1645,1.0183,1.5275,24000.0,24000.0,11108.5,235680.0,235680.0
300918.SZ,20250725,19.59,2.2532,5.1094,0.43,51.9545,51.868,2.6647,6.1362,6.1264,0.6152,0.6495,50613.4427,43470.5856,19170.5856,991517.3425,851588.7719
002395.SZ,20250725,18.85,2.7036,7.6197,0.93,10.711,9.6959,3.6417,2.2081,2.051,0.5305,0.7958,26820.9,26820.9,9516.3715,505573.965,505573.965
300843.SZ,20250725,30.97,1.9471,4.5483,0.69,49.3197,45.6066,3.3189,3.9383,3.7929,0.2951,0.4198,16370.4863,15709.0219,6725.0088,506993.9607,486508.4082
300684.SZ,20250725,27.13,12.1712,14.0953,1.06,40.3485,34.8583,4.2759,5.1879,5.03,0.8831,2.3839,29950.9223,20324.4969,17550.0165,812568.522,551403.6009
603667.SH,20250725,35.43,3.2911,5.4024,0.72,142.0,141.9691,4.4587,3.9744,3.8376,0.5113,0.3388,36620.277,36620.277,22308.9447,1297456.4141,1297456.4141
688779.SH,20250725,5.78,1.2129,2.3623,0.68,,,1.6743,2.0131,1.903,,,192921.8895,192921.8895,99053.2403,1115088.5213,1115088.5213
300267.SZ,20250725,3.76,17.3328,22.9117,3.96,,,1.7372,6.8053,6.3706,0.0,,206260.487,142239.1891,107604.716,775539.4311,534819.351
300553.SZ,20250725,37.64,1.9256,2.2516,0.76,218.7687,169.2605,5.039,15.5551,14.0931,0.1359,,11101.2881,8507.7044,7275.9755,417852.4841,320229.9936
601933.SH,20250725,4.86,1.5572,3.4315,0.73,,,9.6723,0.6527,0.6958,0.0,,907503.6993,907503.6993,411826.5243,4410467.9786,4410467.9786
601231.SH,20250725,15.62,4.3159,19.1716,5.83,20.7602,20.7567,1.9707,0.5653,0.5669,1.7207,1.4679,219627.3929,219627.3929,49442.6327,3430579.8771,3430579.8771
600207.SH,20250725,4.91,2.3648,5.1966,1.12,,,2.0527,1.2326,1.3231,0.0,,108931.2554,108931.2554,49570.4638,534852.464,534852.464
600226.SH,20250725,2.77,1.4812,2.3991,0.62,43.4884,41.9555,2.5059,6.1733,5.4498,0.0,,297438.1224,297438.1224,183637.1575,823903.599,823903.599
688161.SH,20250725,28.73,1.1292,5.8913,1.83,51.3605,47.757,2.9184,7.9107,8.2381,0.8325,1.0025,40000.0,40000.0,7666.6667,1149200.0,1149200.0
301381.SZ,20250725,21.31,4.446,8.1638,2.08,40.1575,49.1071,3.3438,0.8367,0.7863,2.5595,1.3961,40345.82,19565.72,10655.52,859769.4242,416945.4932
000069.SZ,20250725,2.37,1.0637,2.1159,0.98,,,0.3922,0.3501,0.3731,0.0,,803775.8053,689826.7141,346774.7179,1904948.6586,1634889.3124
601360.SH,20250725,11.04,2.7116,6.648,1.21,,,2.6365,9.723,9.5496,0.9058,0.9058,699955.7879,699955.7879,285504.122,7727511.8984,7727511.8984
600109.SH,20250725,9.56,1.5745,2.4827,0.74,21.2493,18.8181,1.0488,5.3259,5.0225,1.4557,1.2453,371255.951,371255.951,235442.4905,3549206.8916,3549206.8916
001203.SZ,20250725,12.43,3.0276,10.0997,0.83,24.951,25.5228,3.0135,4.8779,4.8718,0.7932,2.3692,150802.1588,129244.3386,38743.3704,1874470.8339,1606507.1288
000955.SZ,20250725,5.14,14.123,18.8202,2.55,,,4.2762,5.2915,5.3736,0.0,,53839.5,53804.4825,40375.7124,276735.03,276555.0401
600527.SH,20250725,2.18,1.8795,2.9013,0.83,99.1596,97.9704,1.8224,6.9811,6.8755,2.2936,2.2734,173176.0902,173176.0902,112182.1595,377523.8766,377523.8766
002719.SZ,20250725,9.48,3.8224,4.7838,0.78,,,7.3059,2.5989,2.6187,0.0,,17413.9457,16187.2295,12934.0365,165084.2052,153454.9357
688772.SH,20250725,14.07,1.3066,3.3632,0.96,37.0118,40.156,2.3735,1.3801,1.3862,1.8998,2.1131,113206.8851,113206.8851,43979.8363,1592820.8734,1592820.8734
301209.SZ,20250725,98.77,5.4319,5.4319,1.33,196.0273,187.6495,15.1437,20.6919,20.6657,0.1446,0.2025,11200.0,3430.0,3430.0,1106224.0,338781.1
000008.SZ,20250725,2.85,1.8993,3.1194,0.72,,,2.5895,3.7184,3.6438,0.0,,271637.7683,271623.3929,165381.5472,774167.6397,774126.6698
300134.SZ,20250725,12.11,1.487,2.8644,0.89,,,2.379,4.0,3.9751,0.0,,76749.8006,69405.8006,36031.1929,929440.0853,840504.2453
301138.SZ,20250725,36.9,4.2096,9.253,0.66,43.73,43.6053,3.9622,6.8565,6.7113,1.355,0.271,12000.0,6856.014,3119.08,442800.0,252986.9166
603323.SH,20250725,5.49,1.0375,1.2,0.66,5.6976,5.6234,0.6146,2.6547,2.632,2.9303,2.9806,201854.1437,201854.1437,174520.0056,1108179.2489,1108179.2489
300528.SZ,20250725,14.65,19.2216,48.6123,2.26,,,9.0523,8.3477,7.2826,0.0,,37260.8054,37260.8054,14733.1068,545870.7991,545870.7991
000691.SZ,20250725,5.68,7.8015,9.2939,1.27,,,,4.1448,4.2825,0.0,,32327.0,32327.0,27135.9005,183617.36,183617.36
002551.SZ,20250725,3.82,3.4922,4.1008,1.07,144.9509,144.4278,1.2228,2.2302,2.2247,0.0,0.2092,84549.4578,61101.711,52033.2276,322978.9288,233408.536
301361.SZ,20250725,32.15,4.6428,4.6428,0.69,46.9171,43.5524,3.2315,15.6648,14.7791,0.3733,0.4292,11633.6,2908.4,2908.4,374020.24,93505.06
000096.SZ,20250725,12.55,1.8921,4.1177,1.12,68.3437,63.3602,2.3848,3.351,3.7263,0.4382,0.5976,52800.0,51084.8,23472.9623,662640.0,641114.24
300698.SZ,20250725,46.97,12.1436,22.3323,1.4,152.3688,140.3819,12.9199,11.2217,10.0456,0.4897,0.4897,13400.0,11854.5943,6446.1868,629398.0,556810.2943
688602.SH,20250725,9.0,9.3921,11.8745,3.97,,,1.6658,6.9269,6.2372,0.7333,,51937.5,25959.6161,20532.7317,467437.5,233636.5449
600712.SH,20250725,6.5,4.4081,6.2006,0.69,,,4.4809,5.736,5.9282,0.0,,54465.536,53864.8371,38293.6826,354025.984,350121.4412
300167.SZ,20250725,5.03,2.6073,2.8326,0.77,,,52.5677,4.3589,4.1141,0.0,,36055.0,35408.5,32592.8387,181356.65,178104.755
600773.SH,20250725,11.34,7.1161,12.0928,1.17,859.8478,391.7224,2.2475,9.1219,6.5742,0.0882,0.0882,95158.6865,95158.6865,55996.916,1079099.5049,1079099.5049
920790.BJ,20250725,50.71,9.0953,19.9124,1.14,416.5957,223.0659,12.2937,17.8098,17.7613,0.3944,0.493,7896.702,5434.8958,2482.4558,400441.7584,275603.566
605398.SH,20250725,30.31,3.3259,11.5673,1.41,230.5975,281.1435,4.7972,9.2521,9.4759,0.2804,0.2804,16271.6379,16271.6379,4678.4805,493193.3447,493193.3447
603855.SH,20250725,21.0,4.5697,7.979,1.24,15.3331,14.3669,3.7291,1.7879,1.7209,4.7623,4.7619,33752.9,33355.4,19103.26,708810.9,700463.4
002824.SZ,20250725,16.64,2.763,4.123,0.94,57.7198,61.5771,2.7844,1.3934,1.3805,1.1452,1.0216,27911.4081,18915.5983,12676.2334,464445.8308,314755.5557
603278.SH,20250725,10.08,3.901,7.9133,0.58,,,1.7229,0.6759,0.6797,0.3447,,34175.9392,34175.9392,16847.6952,344493.4671,344493.4671
300246.SZ,20250725,9.43,12.4276,14.0334,2.15,,,2.1154,2.3527,2.3959,0.0,,26457.59,21125.9015,18708.5439,249495.0737,199217.2511
300314.SZ,20250725,13.59,7.3945,11.0511,2.11,68.3495,93.8056,3.3543,7.4264,7.9412,1.3245,0.6402,28800.0,14374.1448,9617.9398,391392.0,195344.6278
300809.SZ,20250725,42.4,18.9284,24.8677,2.63,173.4423,184.0,6.6679,24.104,24.0442,0.2815,0.2828,25353.92,14111.2904,10741.0072,1075006.208,598318.713
002279.SZ,20250725,7.21,12.4878,16.1772,2.89,,,4.8089,1.5398,1.7134,0.0,,86220.6871,78972.7349,60962.157,621651.154,569393.4186
002957.SZ,20250725,17.11,1.4042,3.5456,0.57,51.5578,47.8883,2.4067,2.9358,2.946,0.9823,0.9881,41998.2466,41002.5366,16239.3132,718589.9993,701553.4012
301067.SZ,20250725,35.62,27.5275,41.9411,9.59,429.864,279.4473,4.1508,3.9695,3.9963,0.1396,0.1391,9723.6,6382.89,4189.32,346354.632,227358.5418
000917.SZ,20250725,7.77,2.0409,2.4489,1.21,114.8082,154.5252,1.0719,2.823,2.8057,0.2574,0.2574,141755.6338,141745.9363,118131.7383,1101441.2746,1101365.9251
600604.SH,20250725,6.0,3.3078,8.2694,0.43,368.1456,206.9892,1.7613,4.354,4.1259,0.0,0.1667,187330.4804,140745.4804,56298.9292,1123982.8824,844472.8824
688267.SH,20250725,28.25,2.0003,2.282,0.64,34.2048,32.927,1.834,7.4671,7.4659,0.6956,1.2173,17620.0,9280.7159,8135.0022,497765.0,262180.2242
301150.SZ,20250725,23.87,16.3205,18.5532,1.41,,,1.5852,1.1633,1.0976,0.2236,,23323.3467,11796.1947,10376.5947,556728.2857,281575.1675
600685.SH,20250725,27.51,1.3052,3.1525,0.72,103.0729,71.173,2.2844,2.0042,1.9215,0.0836,0.2981,141350.6378,82143.5181,34009.7481,3888556.0459,2259768.1829
600099.SH,20250725,11.33,2.052,3.5443,0.79,134.7212,124.646,4.7349,2.3628,2.2163,0.1942,0.2648,21912.0,21912.0,12686.308,248262.96,248262.96
920819.BJ,20250725,4.31,1.4359,3.7213,1.49,,,1.0441,0.9062,0.9042,2.3202,,122580.0,120758.25,46594.9042,528319.8,520468.0575
688466.SH,20250725,19.15,1.0344,2.6234,0.63,35.2991,33.8415,2.0929,3.8206,3.7067,2.1242,2.1242,12311.9025,12311.9025,4854.4064,235772.9329,235772.9329
603815.SH,20250725,8.12,1.6704,3.3564,0.63,38.5872,38.4796,2.1729,1.2043,1.2008,1.0468,0.792,61892.4235,61892.4235,30802.7345,502566.4788,502566.4788
300443.SZ,20250725,21.96,2.5836,2.889,0.85,40.678,35.2409,1.1609,3.5734,3.1717,1.5204,0.6349,32013.4598,24277.4045,21710.8461,703015.5772,533131.8028
603938.SH,20250725,15.19,2.8582,8.5735,2.06,91.1283,72.3661,2.3749,3.2841,3.216,0.3423,0.1115,38262.4497,38262.4497,12755.7918,581206.6109,581206.6109
688208.SH,20250725,33.32,1.7972,2.8737,1.08,34.8411,31.2024,6.6679,5.6788,5.3643,1.5795,1.7873,67018.3308,67018.3308,41913.0815,2233050.7823,2233050.7823
300422.SZ,20250725,5.12,2.0004,3.2792,1.11,,,2.0956,1.7175,2.2298,0.0,,53388.0389,51654.0352,31509.5011,273346.7592,264468.6602
300127.SZ,20250725,31.22,13.0936,28.2864,1.48,68.5436,68.8353,7.33,12.6277,12.7365,1.2812,1.1211,32314.636,23081.614,10684.3314,1008862.9359,720607.9891
002653.SZ,20250725,48.2,0.4929,1.0531,0.87,136.501,154.1797,13.615,14.5055,13.98,0.7121,0.8594,111991.797,53545.9383,25064.2628,5398004.6154,2580914.2261
600169.SH,20250725,2.63,1.5581,3.1387,0.62,45.1444,46.0394,1.6724,0.9518,0.8555,0.0,,334710.317,333314.15,165460.0875,880288.1337,876616.2145
002692.SZ,20250725,5.08,3.9212,5.4983,1.03,51.9585,48.4142,3.0872,0.8203,0.8167,0.3937,0.3937,71814.6,71786.4975,51195.8935,364818.168,364675.4073
000688.SZ,20250725,14.94,3.257,12.9021,1.71,,33.9178,4.8236,8.7673,7.8252,0.1197,0.1197,112539.7021,112539.2701,28409.2949,1681343.1494,1681336.6953
688066.SH,20250725,19.96,2.6541,3.7355,0.66,,,6.3916,3.3106,3.5294,,,26127.7407,26127.7407,18563.7796,521509.7044,521509.7044
688628.SH,20250725,35.2,1.0026,2.326,0.83,21.4464,21.3884,3.318,3.4796,3.3979,3.3815,3.6661,11174.2888,11165.3848,4812.8168,393334.9658,393021.545
603696.SH,20250725,10.93,1.856,4.9751,0.73,67.0623,67.9045,4.5596,4.2386,4.1907,0.6862,0.8234,23520.0,23520.0,8774.3565,257073.6,257073.6
300429.SZ,20250725,13.92,8.4055,9.4846,1.37,,,4.2871,8.0786,8.0541,0.0,,53630.2383,39864.6447,35328.8232,746532.9171,554915.8542
301556.SZ,20250725,121.89,17.1097,17.1097,1.04,84.1935,83.8583,11.5487,21.2618,20.672,,0.4812,8528.0,1935.4483,1935.4483,1039477.92,235911.7933
000425.SZ,20250725,8.53,1.559,1.5754,0.64,16.7766,15.6701,1.6998,1.0938,1.0632,2.1214,2.0513,1175371.5813,809683.8779,801236.1332,10025919.5885,6906603.4785
600325.SH,20250725,5.02,1.3686,1.904,0.76,14.523,17.4262,0.6927,0.2303,0.1933,7.3705,2.0661,275215.2116,275215.2116,197830.6853,1381580.3622,1381580.3622
605376.SH,20250725,39.57,1.8622,3.2112,0.79,118.3356,86.4331,6.7063,10.9504,10.4011,1.2636,1.1878,26160.0,26160.0,15170.52,1035151.2,1035151.2
600996.SH,20250725,8.34,1.7974,3.393,1.85,,,3.6011,6.5142,6.8658,0.0,,124679.9854,124679.9854,66047.039,1039831.0782,1039831.0782
600132.SH,20250725,56.51,1.3281,3.3203,1.18,24.5374,24.0891,22.3852,1.8675,1.8596,7.6093,4.247,48397.1198,48397.1198,19358.848,2734921.2399,2734921.2399
002096.SZ,20250725,14.69,10.1986,15.5438,2.44,25.5556,24.5114,2.3863,2.1323,2.0754,1.3955,,124044.077,70094.3763,45990.4951,1822207.4911,1029686.3878
600845.SH,20250725,25.9,1.9722,6.0393,1.85,32.9689,35.2241,6.3319,5.4741,5.8391,3.2184,2.3166,288380.3858,213374.0521,69678.6847,7469051.9922,5526387.9494
600120.SH,20250725,6.23,1.8644,3.7191,0.71,22.7245,20.1772,1.3741,2.8528,3.3516,0.9124,1.3213,341538.1492,341538.1492,171211.5538,2127782.6695,2127782.6695
688175.SH,20250725,20.81,3.4628,4.0084,1.05,,,1.5286,10.0987,9.9823,0.6905,0.4805,12931.7,7331.7,6333.7374,269108.677,152572.677
603098.SH,20250725,10.63,0.7216,2.0765,0.64,77.9927,66.5332,2.0744,1.954,1.89,0.4704,0.4704,53969.9978,53879.9978,18724.5546,573701.0766,572744.3766
600603.SH,20250725,7.75,0.5275,1.233,0.64,18.1733,18.127,1.2875,2.4747,2.6583,0.0,,119332.9151,119332.9151,51048.6002,924830.092,924830.092
000925.SZ,20250725,7.92,1.7417,1.7417,0.52,219.9009,4632.959,1.6105,2.6469,2.6899,0.1875,0.1875,67636.9858,67324.4308,67324.4308,535684.9275,533209.4919
688326.SH,20250725,93.57,1.1646,1.649,0.67,,,2.8884,2.0258,1.8772,,,11996.736,9004.0181,6359.331,1122534.5875,842505.9736
605222.SH,20250725,15.85,0.8203,2.7998,0.8,48.2987,54.3417,1.4509,0.2875,0.2963,1.0223,0.2524,41290.1024,41290.1024,12097.1124,654448.123,654448.123
688536.SH,20250725,140.49,2.2046,3.4958,0.83,,,3.5224,15.2756,12.9251,,,13260.1444,13260.1444,8362.579,1862917.6868,1862917.6868
000505.SZ,20250725,7.11,7.8885,17.8117,1.46,197.8,318.3209,1.6445,0.452,0.5203,0.9986,0.2532,72695.0251,62251.5364,27570.0371,516861.6285,442608.4238
688203.SH,20250725,12.37,5.1604,5.8378,1.14,70.6141,86.9637,1.6966,2.9663,2.9199,0.6467,0.482,20267.8068,11772.7907,10406.8413,250712.7701,145629.421
300722.SZ,20250725,37.68,5.3326,15.9928,0.46,131.6978,138.7775,17.6185,23.4298,24.8455,0.3539,0.4777,27675.648,27675.648,9228.0606,1042818.4166,1042818.4166
688981.SH,20250725,93.47,2.2236,2.6183,1.4,201.818,164.198,4.9928,12.9155,12.1369,,,798606.2443,198835.9129,168861.6944,74645725.6547,18585192.7788
300584.SZ,20250725,33.76,6.5933,9.4882,0.55,100.7312,96.6941,3.9487,8.0324,7.4684,0.1481,0.2962,12000.0,8211.5121,5706.1481,405120.0,277220.6485
003040.SZ,20250725,24.43,8.9859,18.142,0.7,522.6432,539.9871,7.6998,10.7423,10.729,0.6222,0.1228,46113.5972,45685.0258,22628.2308,1126555.1796,1116085.1803
688032.SH,20250725,104.43,0.6202,1.7962,0.85,37.6419,48.6086,2.1829,6.5014,6.4857,2.2934,3.0402,12407.3545,12407.3545,4284.116,1295700.0304,1295700.0304
605128.SH,20250725,34.95,1.1422,1.9033,0.56,53.8448,53.5327,3.7154,3.2418,3.4478,0.4066,0.7407,21113.8706,21113.8706,12670.1598,737929.7775,737929.7775
000983.SZ,20250725,7.77,4.3043,8.2376,0.9,14.1926,15.5382,1.2263,0.974,1.0079,10.296,2.8314,567710.1059,464021.3529,242458.7911,4411107.5228,3605445.912
688338.SH,20250725,27.57,1.7477,3.2338,1.47,25.897,27.6847,1.8026,9.5673,9.7972,0.9431,1.1725,10614.24,10614.24,5736.2255,292634.5968,292634.5968
002638.SZ,20250725,2.34,1.2708,2.0022,0.77,,,1.5064,8.8834,8.1437,0.0,,143659.4349,134705.7259,85500.4769,336163.0777,315211.3986
301195.SZ,20250725,37.3,3.4715,4.1305,0.94,24.4826,23.8477,2.107,4.3623,4.2735,1.8005,1.7426,13206.984,4964.349,4172.2185,492620.5032,185170.2177
002081.SZ,20250725,3.74,0.754,1.4902,0.88,18.2608,17.902,0.7325,0.5418,0.5348,2.6738,2.6738,265532.3689,264379.1927,133761.6615,993091.0597,988778.1807
300423.SZ,20250725,6.93,1.8308,2.1789,0.71,,,2.5959,2.3692,2.5428,0.0,,49751.129,33332.0825,28006.7703,344775.324,230991.3317
603102.SH,20250725,44.51,4.1543,4.1543,1.57,20.4483,20.3963,1.7392,3.5546,3.4749,1.6581,,6400.0,3586.4455,3586.4455,284864.0,159632.6892
300359.SZ,20250725,6.25,2.7681,4.387,1.25,,,6.8781,8.9438,9.392,0.0,,63333.3422,63330.1697,39960.3938,395833.3888,395813.5606
002452.SZ,20250725,7.42,5.1371,5.395,0.43,18.2578,17.9918,1.9164,2.615,2.4943,0.9233,1.0782,62033.2085,51590.479,49123.768,460286.4071,382801.3542
688088.SH,20250725,48.16,2.9324,4.9666,2.33,109.3487,100.5304,7.2458,23.7009,22.9867,0.7674,0.8297,40117.04,40117.04,23686.4768,1932036.6464,1932036.6464
002853.SZ,20250725,13.1,3.3469,5.0587,1.24,,,2.7066,2.7049,2.8598,1.5267,,18291.5948,12870.4815,8515.2293,239619.8919,168603.3077
002044.SZ,20250725,5.14,1.6357,2.2158,0.78,71.2848,68.5453,2.6566,1.88,1.8883,0.3696,0.2626,391425.3923,387244.872,285856.822,2011926.5164,1990438.6421
000151.SZ,20250725,13.04,1.6305,2.4719,0.56,,,12.95,3.5873,4.3891,0.0,,33737.0728,30793.4695,20311.8595,439931.4293,401546.8423
920263.BJ,20250725,16.89,8.0784,14.663,0.8,44.1201,34.3844,4.1556,7.0985,7.2076,0.8384,0.8461,14124.2896,10259.3737,5652.2845,238559.2513,173280.8218
002799.SZ,20250725,8.45,3.6363,6.9126,1.6,,,2.1018,1.9365,2.2833,0.426,0.426,32004.0,32003.58,16835.176,270433.8,270430.251
603390.SH,20250725,13.42,1.8154,4.96,0.51,184.2957,144.8742,2.9637,7.0897,6.4827,0.5962,0.5216,35167.1984,34975.5265,12801.3985,471943.8025,469371.5656
688612.SH,20250725,31.69,0.6891,0.7727,0.46,33.335,34.486,4.1773,2.0934,2.098,2.7043,1.9374,42095.7142,25305.2908,22567.3599,1334013.183,801924.6655
002628.SZ,20250725,5.18,8.5204,10.7362,0.66,,,1.3525,4.8388,5.1169,0.0,,75710.0415,75405.4352,59842.6874,392178.015,390600.1543
301132.SZ,20250725,36.12,15.9654,16.0067,0.46,50.2251,41.829,3.0789,4.2192,3.9034,1.1194,1.16,14808.6249,4600.7127,4588.8431,534887.5314,166177.7427
301314.SZ,20250725,42.3,4.3784,4.3784,1.07,130.5773,185.7091,2.254,13.7816,13.7759,0.8511,0.4728,5525.0,1625.0,1625.0,233707.5,68737.5
688662.SH,20250725,42.36,5.3812,10.6071,0.89,84.0358,87.0933,5.5276,7.2491,7.1879,,0.8261,8824.0,8824.0,4476.647,373784.64,373784.64
002576.SZ,20250725,17.32,5.358,7.5488,0.62,43.0022,39.6174,2.264,1.7069,1.6473,0.3176,0.4618,16510.0,16190.2771,11491.5277,285953.2,280415.5994
600665.SH,20250725,3.38,0.9249,2.177,0.81,,,1.038,0.2719,0.2548,0.0,,86412.2521,86412.2521,36712.1583,292073.4121,292073.4121
300629.SZ,20250725,21.29,3.7847,4.2579,0.69,44.4976,88.9124,3.2044,11.1366,13.4904,0.4641,0.4672,25142.3424,21161.9597,18809.7764,535280.4697,450538.122
920690.BJ,20250725,25.25,1.9469,3.6563,0.83,26.7803,27.8855,3.0894,5.8574,5.4323,0.9901,1.5842,6630.0,4309.908,2294.87,167407.5,108825.177
600568.SH,20250725,1.65,0.9358,1.5256,1.31,,,1.899,6.3067,6.1711,0.0,,199286.9681,166906.7279,102374.4773,328823.4974,275396.101
002601.SZ,20250725,17.53,1.3681,1.8401,1.11,19.2899,21.975,1.8575,1.5204,1.5335,5.1264,4.5393,238629.3256,198781.5761,147791.5015,4183172.0778,3484641.029
300382.SZ,20250725,16.99,3.7634,5.7151,0.96,,,4.7957,7.2866,6.4778,0.5597,,64839.9994,64820.4122,42684.7342,1101631.5898,1101298.8033
600774.SH,20250725,10.61,11.2608,27.0365,0.84,,,1.882,2.6632,2.8554,0.0,,29503.2402,29484.2131,12280.2818,313029.3785,312827.501
301362.SZ,20250725,43.28,8.5585,8.5585,0.61,19.6458,18.8771,1.8781,2.7607,2.6717,4.4131,4.3164,10467.0,2967.0,2967.0,453011.76,128411.76
600318.SH,20250725,10.28,8.9379,11.6987,0.58,169.1368,149.8761,4.8785,16.7943,16.4803,0.0,,51272.7632,51272.7632,39172.7725,527084.0057,527084.0057
603318.SH,20250725,6.85,1.4679,2.144,0.61,30.6351,32.3647,2.1252,1.2141,1.215,0.8613,0.9927,45907.0924,38354.4591,26259.4238,314463.5829,262728.0448
300110.SZ,20250725,3.59,4.0356,5.9918,2.0,,,3.223,3.1365,3.3955,0.585,,118221.2982,118117.7607,79554.8944,424414.4605,424042.7609
301129.SZ,20250725,25.48,6.2269,6.2269,0.89,45.1875,53.9221,2.0419,8.1018,8.4347,0.578,0.6672,13608.24,3749.05,3749.05,346737.9552,95525.794
002171.SZ,20250725,9.16,5.6172,7.588,1.97,61.1589,54.2698,1.8057,0.2615,0.2506,2.0256,0.6445,153468.1428,152548.5026,112927.848,1405768.188,1397344.2838
002775.SZ,20250725,4.52,5.742,9.335,1.42,,,24.9102,3.9528,4.0912,0.0,,60773.5472,44322.9472,27263.0524,274696.4333,200339.7213
001227.SZ,20250725,2.53,1.5126,1.7017,0.68,7.6333,7.5816,0.4837,1.8348,1.8199,3.9526,3.9936,569569.7168,421276.5417,374467.0117,1441011.3835,1065829.6505
301508.SZ,20250725,34.6,5.6191,5.6191,0.66,59.0691,57.5147,4.0739,9.4125,9.3902,1.1821,0.6098,22608.52,5883.64,5883.64,782254.792,203573.944
000750.SZ,20250725,4.35,2.1973,3.1732,1.02,64.8487,51.9219,1.2586,6.5867,6.5512,1.0575,0.8276,638617.4477,579620.3977,401352.9034,2777985.8975,2521348.73
300190.SZ,20250725,3.81,0.8154,1.2456,0.8,,,1.0956,1.4543,1.4793,0.2529,,78159.7732,77617.3629,50810.1373,297788.7359,295722.1526
301458.SZ,20250725,35.21,5.9847,5.9847,0.67,88.9544,79.4734,5.9866,14.2371,13.6894,,0.5623,26666.67,6455.1316,6455.1316,938933.4507,227285.1836
600678.SH,20250725,9.91,20.3137,25.5528,0.99,,580.9685,13.6647,9.6946,8.7221,0.0,,34899.0,34899.0,27743.6516,345849.09,345849.09
300973.SZ,20250725,46.0,1.6051,2.1521,1.24,29.0694,27.8633,3.399,2.031,1.9647,1.5079,1.4997,16934.0501,11652.6251,8690.9476,778966.3046,536020.7546
603908.SH,20250725,26.89,6.5001,16.4305,3.39,29.9733,30.287,4.696,1.925,1.9574,3.1876,2.4173,9336.6,9336.6,3693.6686,251061.174,251061.174
300287.SZ,20250725,5.71,4.1401,4.2326,0.93,,,7.1378,14.0097,15.1227,0.0,,143527.3808,131075.0881,128213.0251,819541.3444,748438.7531
603169.SH,20250725,7.93,3.2097,6.6993,0.71,66.3273,75.2775,3.1237,1.7889,1.6507,0.0,,130629.1798,130629.1798,62585.2094,1035889.3958,1035889.3958
920523.BJ,20250725,26.06,2.6578,3.5575,0.92,17.5338,16.9127,4.4093,5.0768,5.0025,0.5904,1.1512,10130.1369,8103.9513,6054.4062,263991.3676,211188.9709
002374.SZ,20250725,2.89,2.0272,2.4957,1.16,,,3.5434,4.9291,5.1547,0.0,,108520.9283,108520.9283,88148.8104,313625.4828,313625.4828
300792.SZ,20250725,25.1,3.3196,6.1273,1.29,78.2597,81.7914,2.0842,4.8124,4.9492,0.538,0.3984,23694.273,21253.3673,11514.5487,594726.2523,533459.5192
688155.SH,20250725,55.56,4.0805,9.55,0.69,31.2597,29.9313,3.4913,2.8294,2.7934,0.9225,1.0762,12547.9333,12547.9333,5361.4898,697163.1741,697163.1741
603332.SH,20250725,14.64,4.122,10.3161,1.38,54.8326,54.5643,2.5702,1.8868,1.878,1.0213,1.4979,21634.7184,21634.7184,8644.6218,316732.2774,316732.2774
301397.SZ,20250725,28.81,3.4242,3.4242,1.0,36.6014,36.3049,2.3759,3.6113,3.3202,2.2189,2.124,15566.2898,7073.7798,7073.7798,448464.8091,203795.596
002645.SZ,20250725,14.73,18.1367,33.3036,0.73,,,2.6326,1.5362,1.4761,0.0,,58153.4939,51286.213,27929.867,856600.9651,755445.9175
300527.SZ,20250725,11.31,5.0091,11.7856,0.61,1291.6838,,4.3016,9.6135,9.9304,0.0,0.0232,98690.2597,98690.2597,41945.0704,1116186.8372,1116186.8372
688716.SH,20250725,37.79,4.4728,4.9531,0.59,117.0542,102.5101,3.9865,16.5949,15.2019,0.5292,0.5292,12168.0,6857.8553,6192.9403,459828.72,259158.3518
000717.SZ,20250725,3.04,2.2656,4.8163,0.68,,,0.9475,0.2364,0.2559,0.0,,242384.559,242353.6215,114002.3325,736849.0594,736755.0094
688793.SH,20250725,34.1,3.383,9.28,1.91,285.8361,,7.8741,2.7008,2.9638,,,8594.5419,8594.5419,3133.1544,293073.8788,293073.8788
300908.SZ,20250725,29.94,0.7662,1.5636,0.99,24.9211,25.274,2.6414,3.9824,3.9718,2.9557,3.34,14600.0,12358.1549,6055.4619,437124.0,370003.1577
601089.SH,20250725,20.8,2.3144,8.4594,0.61,20.4308,20.5124,2.9017,2.8976,2.8744,2.3537,2.3438,48000.0,48000.0,13132.2997,998400.0,998400.0
002168.SZ,20250725,3.66,0.8758,1.0688,1.38,,,,14.5513,12.6572,0.0,,78416.3368,78416.3368,64258.0991,287003.7927,287003.7927
300230.SZ,20250725,5.11,3.5352,3.9875,1.11,18.6342,18.7554,1.3336,1.8567,1.7903,2.4486,1.272,81321.3441,62982.2499,55836.815,415552.0684,321839.297
000782.SZ,20250725,4.86,2.1621,2.4674,1.01,,,1.8769,1.0255,1.0726,0.0,,68658.1509,52813.9623,46278.9623,333678.6134,256675.8568
300600.SZ,20250725,14.68,6.454,17.5024,0.6,,,4.3268,15.5624,15.4053,0.0,,29423.448,24627.6836,9081.4059,431936.2166,361534.3952
002774.SZ,20250725,9.79,7.0426,17.499,1.95,24.8893,28.7841,2.8482,2.0849,2.1999,4.0858,3.6772,33668.79,28177.1935,11340.1142,329617.4541,275854.7244
000972.SZ,20250725,3.36,3.0579,4.7512,0.7,,,,8.4098,9.6846,0.0,,77128.3579,77128.3579,49641.076,259151.2825,259151.2825
000856.SZ,20250725,11.8,11.1727,15.961,0.65,122.5404,149.9507,6.3863,1.0735,1.0644,0.0,,22700.0,22700.0,15890.0001,267860.0,267860.0
603896.SH,20250725,22.05,1.7075,2.9246,1.32,25.0195,28.0285,1.9603,6.3198,6.8132,1.7687,1.2245,19824.3911,19824.3911,11574.2878,437127.8238,437127.8238
002430.SZ,20250725,22.78,0.6829,1.4805,0.61,24.1627,23.598,2.4662,1.6248,1.5947,3.532,1.3244,97835.1223,97769.5648,45099.9729,2228684.086,2227190.6861
920152.BJ,20250725,21.48,2.023,2.4672,0.74,,,5.9387,3.8668,3.8003,0.1362,,11134.17,8216.1225,6736.94,239161.9716,176482.3113
688376.SH,20250725,44.97,12.616,12.616,2.98,31.4809,30.4455,3.3322,3.5081,3.4212,0.6671,0.4447,13440.0,5098.5589,5098.5589,604396.8,229282.1937
002971.SZ,20250725,26.85,1.8007,2.7148,0.75,77.5112,83.1583,3.6464,3.6997,3.7056,0.2821,0.7449,21123.5,16014.8598,10622.6563,567165.975,429998.9856
301299.SZ,20250725,67.77,21.1118,21.8236,3.6,58.0346,63.6538,7.0785,13.8983,13.7111,3.0792,2.7219,6038.056,3560.1248,3444.0087,409199.0551,241269.6577
301386.SZ,20250725,22.76,3.7229,3.7229,0.64,35.3642,35.269,2.2263,6.3024,6.2903,3.5149,2.1968,14000.0,4292.1004,4292.1004,318640.0,97688.2051
301587.SZ,20250725,23.55,4.1101,4.5262,1.18,46.213,64.4152,1.752,5.451,5.7074,0.0,1.4862,14732.804,7345.304,6670.054,346957.5342,172981.9092
688221.SH,20250725,19.53,11.2031,19.0121,1.07,,,6.6674,56.5023,54.9407,,,37457.8653,37457.8653,22072.4153,731552.1093,731552.1093
603931.SH,20250725,27.08,2.8435,8.3389,1.74,36.9508,37.5337,3.4799,8.2372,8.3431,0.9786,0.8124,19955.838,19955.838,6804.7892,540404.093,540404.093
688567.SH,20250725,16.79,2.2977,3.6312,0.61,,,2.101,1.7567,1.8517,,,122210.3885,122210.3885,77331.631,2051912.4229,2051912.4229
688530.SH,20250725,17.8,4.3469,4.3469,1.83,101.1313,174.368,3.371,6.5226,6.9035,0.2247,0.5899,16004.4824,6777.8204,6777.8204,284879.7867,120645.2031
301363.SZ,20250725,19.18,3.8797,3.8797,0.85,29.9936,30.5106,3.1341,6.8441,6.7837,0.594,0.3717,56887.118,15625.3408,15625.3408,1091094.9232,299694.0365
920533.BJ,20250725,35.11,2.9562,4.2793,0.61,89.7428,132.3513,13.3987,6.0806,6.5184,0.4363,0.6563,13075.7328,7118.7379,4917.6967,459088.9786,249938.8877
600301.SH,20250725,24.15,5.9827,8.2326,1.17,23.2257,22.2727,3.6816,3.2988,3.11,0.0,,63256.7479,27533.5681,20008.7623,1527650.4618,664935.6696
301272.SZ,20250725,38.24,2.7432,3.694,0.84,30.164,34.9271,2.2583,3.749,3.745,1.334,1.5601,5850.23,3132.85,2326.46,223712.7952,119800.184
603014.SH,20250725,38.48,16.8886,16.8886,2.57,35.2282,34.5942,2.3669,4.3924,4.3274,,,41139.4066,3811.2587,3811.2587,1583044.366,146657.2348
301606.SZ,20250725,45.9,3.8419,3.8419,0.88,41.1966,37.3087,6.7811,3.0868,2.8386,0.6536,1.9608,41490.9806,3320.1916,3320.1916,1904436.0095,152396.7944
601162.SH,20250725,4.98,7.4823,9.9346,1.14,,136.2923,1.8453,18.7074,16.0395,0.0,,1014177.2224,866575.7464,652664.9097,5050602.5676,4315547.2171
603216.SH,20250725,13.48,4.0618,15.9558,3.15,49.0011,46.9095,1.7207,2.6878,2.6851,2.2255,1.4837,22269.0,22269.0,5669.0,300186.12,300186.12
920808.BJ,20250725,58.86,1.0983,3.7887,1.33,191.6501,315.1495,17.492,23.2533,23.2607,0.1784,0.1053,20000.0001,19460.3262,5641.5028,1177200.0059,1145434.8001
601881.SH,20250725,17.84,0.8994,3.128,0.79,19.447,17.0886,1.7694,5.4994,5.4466,1.704,1.5695,1093440.2256,724341.7623,208280.6759,19506973.6247,12922257.0394
002837.SZ,20250725,31.65,2.5263,3.3885,0.67,67.7294,69.8854,10.843,6.6812,6.4196,0.3711,0.4861,96867.8626,84231.7727,62800.0416,3065867.8513,2665935.606
600503.SH,20250725,2.69,1.5786,1.6996,0.84,,,1.2033,12.2174,13.5575,0.1487,,160229.0,160229.0,148827.0,431016.01,431016.01
688008.SH,20250725,84.6,2.3033,2.6567,1.29,68.6008,56.5148,8.4019,26.6149,23.4851,0.3492,0.4576,114478.9273,114478.9273,99252.5014,9684917.2496,9684917.2496
603181.SH,20250725,13.24,1.477,2.6232,0.49,19.5949,18.935,2.5187,3.341,3.2414,1.082,1.5508,58870.0,58870.0,33146.65,779438.8,779438.8
688669.SH,20250725,21.37,2.3301,4.4779,1.4,,,1.9756,0.6355,0.6495,0.9359,,12133.3334,12133.3334,6313.4869,259289.3348,259289.3348
300242.SZ,20250725,4.59,2.5408,3.2289,0.97,,,10.2504,1.8529,1.5053,0.0,,63455.5224,63455.4878,49932.8978,291260.8478,291260.689
002366.SZ,20250725,8.17,12.035,13.2098,0.77,,,3.6639,16.8903,16.626,0.0,,208093.764,125646.439,114472.2056,1700126.0519,1026531.4066
600031.SH,20250725,19.93,1.3033,1.8426,0.55,28.2667,24.5983,2.3511,2.1718,2.0811,1.1025,1.7938,847497.8037,847439.0037,599430.178,16890631.2277,16889459.3437
603033.SH,20250725,10.83,0.3427,1.0401,0.65,,,3.6484,2.1671,2.2158,0.4609,,103116.3554,101253.1018,33357.8229,1116750.129,1096571.0925
603499.SH,20250725,15.83,0.9972,2.6344,0.7,72.874,46.9632,5.8409,5.4106,4.9296,0.1354,0.9024,30259.439,30259.439,11454.233,479006.9194,479006.9194
603201.SH,20250725,16.4,5.7474,7.5865,1.07,12.707,12.4612,1.9203,1.0347,1.0307,2.7072,2.4378,19003.8522,7771.1202,5887.269,311663.1761,127446.3713
002541.SZ,20250725,18.85,2.2081,3.05,0.81,16.8422,18.4316,1.4121,0.6046,0.5938,2.748,1.9025,69001.3309,49617.4288,35921.6987,1300675.0875,935288.5329
002478.SZ,20250725,5.68,1.3847,1.6953,0.81,8.0692,8.832,0.9219,0.8984,0.9132,4.9316,3.8442,90098.6228,71958.9938,58776.4896,511760.1775,408727.0848
300638.SZ,20250725,26.41,3.156,3.8497,0.8,30.2645,33.8124,5.8403,2.4687,2.552,1.4345,1.3207,76545.3542,53292.655,43688.5083,2021562.8044,1407459.0186
600660.SH,20250725,56.79,0.7383,1.0422,1.34,19.7663,18.2075,4.4868,3.7758,3.6752,2.2891,3.1696,260974.3532,200298.6332,141881.6828,14820733.5182,11374959.3794
600016.SH,20250725,5.05,0.9671,1.5293,1.08,6.8461,6.9953,0.3987,1.6223,1.5926,6.8515,3.802,4378241.8502,3546212.3213,2242598.1348,22110121.3435,17908372.2226
601619.SH,20250725,3.83,2.2614,4.6635,1.77,14.7965,13.8613,1.4014,3.8497,3.7485,3.1331,2.8721,243436.2939,243436.2939,118045.3874,932361.0056,932361.0056
300162.SZ,20250725,7.59,3.403,4.2,1.24,,,3.5773,2.5421,2.6286,0.0,,41951.003,34216.178,27723.5653,318408.1128,259700.791
301079.SZ,20250725,33.74,17.3902,20.8999,0.64,574.586,655.9713,7.7247,10.4656,10.4076,0.03,0.0595,10893.2234,6952.5199,5785.0074,367537.3575,234578.0214
601595.SH,20250725,33.07,6.0846,19.7659,1.95,164.6024,135.7244,8.6974,21.4695,20.3613,0.635,0.635,44820.0,44820.0,13797.1683,1482197.4,1482197.4
600398.SH,20250725,7.14,0.4926,1.2263,0.76,15.8861,15.5377,2.0075,1.6363,1.6356,11.0644,5.7423,480277.0296,480277.0296,192919.4365,3429177.9913,3429177.9913
920885.BJ,20250725,21.54,5.9155,8.8222,0.74,227.7082,214.3368,9.7604,24.8728,23.6052,0.1631,0.2089,16992.84,8802.3583,5902.1955,366025.7736,189602.7978
000883.SZ,20250725,4.66,0.3181,1.2423,0.88,16.6965,21.7805,0.9094,1.5121,1.5935,1.9317,2.1459,649972.3456,647975.6454,165891.9813,3028871.1305,3019566.5076
600408.SH,20250725,2.33,2.6344,3.8496,0.59,,,1.6125,0.3514,0.3971,0.0,,100680.0,100680.0,68899.2884,234584.4,234584.4
688096.SH,20250725,10.93,1.8976,2.4702,0.46,,,2.8808,5.4189,5.1433,,0.9513,23603.746,23603.746,18131.916,257988.9438,257988.9438
603269.SH,20250725,10.13,4.7957,6.4495,0.58,32.6093,30.6717,3.1018,1.9562,1.9643,1.511,2.1154,30875.1768,30875.1768,22957.941,312765.541,312765.541
301251.SZ,20250725,42.53,23.4666,23.4666,1.12,102.4957,99.929,3.8092,5.6042,5.0808,0.3151,0.3151,13462.176,5392.624,5392.624,572546.3453,229348.2987
688768.SH,20250725,47.28,3.9354,6.3065,1.95,38.6905,34.5429,4.0868,7.1268,6.8589,0.2256,0.9037,8798.8713,8726.3549,5445.4043,416010.6351,412582.0597
688349.SH,20250725,24.98,1.5812,1.5812,0.89,16.9072,22.6101,2.3836,1.7219,1.6786,2.305,2.3888,122640.4215,23454.7515,23454.7515,3063557.7291,585899.6925
920564.BJ,20250725,32.76,42.9771,69.4585,2.87,500.4467,487.0494,9.373,16.3526,16.267,0.1277,0.1272,8910.3621,4051.5548,2506.8761,291903.4624,132728.9352
002833.SZ,20250725,16.71,1.4454,2.0257,0.94,13.7019,13.9536,2.6609,2.6313,2.6675,5.386,4.1891,42423.1297,28855.8246,20589.9144,708890.4973,482180.8291
600320.SH,20250725,4.66,1.9485,3.5896,0.61,46.0158,39.6612,1.5979,0.7125,0.711,1.073,1.1803,526835.3501,332199.7661,180323.2242,2455052.7315,1548050.91
688552.SH,20250725,38.58,6.7953,6.7953,0.48,,,4.9782,59.734,23.7275,0.2385,,33724.8,8682.7551,8682.7551,1301102.784,334980.6918
603116.SH,20250725,6.96,5.7893,13.8954,2.05,,,1.5036,1.8727,1.9067,2.8311,3.5273,57620.08,57620.08,24006.6792,401035.7568,401035.7568
000060.SZ,20250725,4.99,1.5964,2.4835,0.88,17.2393,16.7189,1.3702,0.3118,0.3223,1.1222,1.7435,373760.1761,373754.5511,240248.4813,1865063.2787,1865035.21
688120.SH,20250725,115.24,0.9838,1.6267,0.83,39.6894,38.5126,6.1563,11.9248,11.1636,0.215,0.3198,35246.8705,35246.8705,21316.7481,4061849.3564,4061849.3564
300873.SZ,20250725,22.22,9.5761,15.2024,3.66,17.4624,17.4289,1.6621,3.1051,3.1081,1.7734,,23060.1779,16683.9685,10509.3654,512397.1529,370717.7801
300641.SZ,20250725,23.31,1.4444,3.291,0.76,10.4352,8.1721,4.0966,3.5678,3.2545,1.7777,2.9628,53268.2322,53268.2322,23378.3482,1241682.4926,1241682.4926
300232.SZ,20250725,7.27,2.009,2.2782,1.15,79.4137,58.7423,1.7357,1.0204,1.0095,0.6856,3.2861,109110.7141,88626.7403,78157.1606,793234.8915,644316.402
002367.SZ,20250725,7.4,1.0507,3.6695,0.57,16.5491,15.8665,1.7556,1.4477,1.4608,4.7236,4.0488,79878.6187,52668.0483,15080.9177,591101.7784,389743.5574
300913.SZ,20250725,46.66,2.571,8.1183,0.56,95.355,86.8493,11.9193,7.9668,7.6356,0.2123,0.2135,31271.0663,25585.1903,8102.6903,1459107.9536,1193804.9794
603858.SH,20250725,18.05,0.7024,1.5175,1.16,,,1.9059,1.814,1.7905,0.6793,0.6793,110604.2645,110604.2645,51193.463,1996406.9742,1996406.9742
002124.SZ,20250725,3.15,2.3765,2.4808,0.58,4.7987,7.1293,1.8406,0.7258,0.6973,0.0,,222193.3832,197235.9148,188938.0102,699909.1571,621293.1316
000582.SZ,20250725,8.39,1.2913,2.9881,0.87,16.3085,19.4156,1.0897,2.8389,2.7975,3.9669,2.2797,236964.4158,185337.1595,80095.7935,1988131.4486,1554978.7682
002422.SZ,20250725,35.17,1.2318,1.4438,0.95,19.1436,22.536,2.521,2.5767,2.8126,3.0004,2.1596,159805.3372,130587.473,111410.9486,5620353.7093,4592761.4254
300505.SZ,20250725,19.69,8.759,9.5542,0.77,30.741,23.7689,2.1365,1.6874,1.617,0.5587,1.5236,27486.7523,21736.1222,19927.0097,541214.1528,427984.2461
002053.SZ,20250725,10.98,0.6243,2.3461,0.7,14.9764,18.743,1.3767,2.9277,2.9454,1.4572,3.0055,92072.9464,92070.0299,24499.4605,1010960.9515,1010928.9283
603237.SH,20250725,17.66,4.2376,6.2666,1.96,24.4914,20.8875,2.2239,1.5463,1.5221,3.9941,2.7794,19712.5868,12187.5642,8241.5242,348124.2829,215232.3838
688729.SH,20250725,20.95,14.2637,14.2637,0.95,114.4947,94.3503,7.2995,13.3648,12.951,,,295556.0,19978.7692,19978.7692,6191898.2,418555.2147
300440.SZ,20250725,11.58,2.7385,4.1609,0.5,105.3243,91.228,3.2664,5.2192,5.0193,0.377,0.489,44391.86,44222.3565,29104.6131,514057.7388,512094.8883
301199.SZ,20250725,26.05,3.3563,4.4141,0.7,56.4581,49.4009,2.6033,4.4573,4.5925,0.1919,0.2742,18667.6,6382.6,4853.1,486290.98,166266.73
000632.SZ,20250725,4.11,3.0015,3.8224,0.89,,,1.9366,0.1826,0.2152,0.0,,46551.957,46548.1606,36552.1005,191328.5433,191312.9401
000504.SZ,20250725,10.97,2.8189,4.7487,1.57,,,15.4139,26.9276,27.6516,0.0,,33002.3098,32911.7898,19536.7046,362035.3385,361042.3341
002001.SZ,20250725,22.48,1.1171,2.2652,1.14,11.773,10.0439,2.3752,3.1972,3.0638,2.0018,3.113,307342.168,303701.1928,149777.9497,6909051.9366,6827202.8141
688131.SH,20250725,58.4,3.5647,5.8202,0.85,61.2888,49.9772,4.3659,5.4424,5.21,0.2509,0.3243,21156.1896,21144.2896,12950.2811,1235521.4726,1234826.5126
300905.SZ,20250725,30.2,2.1132,3.8498,0.72,47.117,46.6738,2.9136,3.9417,3.9971,1.6408,0.9934,17789.7756,13820.0166,7585.8944,537251.2231,417364.5013
605366.SH,20250725,6.59,2.5159,6.217,0.5,,,2.1216,2.8204,2.8619,0.5845,,63233.2672,63233.2672,25589.2766,416707.2308,416707.2308
688558.SH,20250725,26.74,1.0735,3.6219,0.68,27.5801,25.9422,2.2178,3.4024,3.2746,1.8599,2.2268,13200.0,13200.0,3912.2368,352968.0,352968.0
603007.SH,20250725,4.79,4.0005,4.9507,1.34,,,8.3156,45.8347,59.8462,0.0,,87689.6101,49983.0778,40389.651,420033.2324,239418.9427
300189.SZ,20250725,4.94,39.5679,41.73,1.67,,,7.2458,32.3206,34.786,0.0,,102400.0,88624.7574,84033.1049,505856.0,437806.3016
002266.SZ,20250725,4.0,13.3557,27.8818,2.02,21.4899,22.4135,1.8526,0.9983,0.9758,1.2402,1.2369,521927.1402,489680.1048,234561.9451,2087708.5608,1958720.4192
600525.SH,20250725,3.29,0.8324,1.1934,0.91,,,1.0831,0.551,0.5693,0.0,,131878.0152,131878.0152,91981.1744,433878.67,433878.67
600380.SH,20250725,12.26,1.1399,2.2332,0.58,16.176,16.2229,1.5708,1.436,1.4594,1.5041,1.6313,182945.3386,182945.3386,93379.9733,2242909.8512,2242909.8512
603191.SH,20250725,15.48,10.0706,17.6465,1.28,78.949,91.9915,2.1356,1.5351,1.4249,0.9695,0.3229,33235.3407,33003.7407,18834.6866,514483.074,510897.906
300633.SZ,20250725,32.42,2.072,2.3297,1.15,98.5168,279.0018,4.5524,6.966,7.1409,0.9823,0.3064,43271.2405,43271.2405,38484.9805,1402853.617,1402853.617
002500.SZ,20250725,6.37,1.395,2.6912,1.24,32.1239,28.4828,1.2686,7.2545,6.9865,2.1978,1.5699,358977.1547,358977.1547,186075.9833,2286684.4754,2286684.4754
002312.SZ,20250725,11.62,2.0151,3.4133,0.63,41.1968,41.216,2.3639,2.6844,2.5554,0.7754,1.2134,188933.8619,175872.2877,103830.5748,2195411.4753,2043635.9831
688592.SH,20250725,43.9,6.6702,6.6702,0.78,,,3.8131,8.5555,8.45,0.2281,0.2072,8046.0614,3751.1673,3751.1673,353222.0955,164676.2445
920415.BJ,20250725,17.2,5.2616,7.3219,1.39,139.7647,193.1004,4.5968,13.2748,13.7023,0.4039,0.202,14051.1487,10641.9991,7647.5463,241679.7576,183042.3845
301320.SZ,20250725,19.91,6.6579,6.6975,0.48,76.955,71.3955,3.4743,4.3563,4.2877,0.5022,0.4971,18120.0,6768.5375,6728.5375,360769.2,134761.5816
601330.SH,20250725,7.49,0.6365,2.0259,0.87,17.8385,16.5353,1.3006,3.071,3.05,3.3378,1.3351,139345.3149,98909.3357,31074.1843,1043696.4086,740830.9244
603365.SH,20250725,18.04,0.4472,1.1549,0.9,12.9221,13.048,1.6674,1.1299,1.1269,4.9908,4.92,26263.35,25980.23,10059.846,473790.834,468683.3492
603281.SH,20250725,25.88,4.0227,4.4429,2.39,16.0466,17.7471,2.0658,4.3595,4.5549,3.864,3.8186,37333.3334,25169.3916,22789.3916,966186.6684,651383.8546
300005.SZ,20250725,8.56,2.4668,3.3774,0.94,70.946,89.2371,3.5948,4.7528,4.8345,0.2681,0.134,88370.2186,88331.4286,64514.807,756449.0712,756117.0288
002938.SZ,20250725,44.77,0.836,3.0642,0.41,28.6655,28.7378,3.4166,2.9533,2.8401,1.1125,2.2336,231805.1016,230678.1753,62933.9763,10377914.3986,10327461.9082
002659.SZ,20250725,5.33,4.1658,5.9511,0.48,,,1.4732,9.9749,9.5673,0.0,,59828.0384,59827.6634,41879.254,318883.4447,318881.4459
002883.SZ,20250725,15.11,28.2431,47.5334,1.21,232.1267,3149.4227,3.4941,3.8859,4.6947,0.4302,0.1324,15615.7166,13142.4555,7808.8849,235953.4778,198582.5026
300713.SZ,20250725,17.8,2.8289,4.176,0.72,,,5.178,11.1362,9.8129,0.0,,15872.081,8704.3193,5896.4664,282523.0418,154936.8835
603610.SH,20250725,12.62,2.2238,5.422,1.25,28.5488,28.6321,1.4928,1.506,1.4905,7.9239,0.7924,35299.1621,35299.1621,14477.7225,445475.4257,445475.4257
301512.SZ,20250725,44.24,5.3986,7.6884,1.72,51.8514,68.9519,2.3073,4.0942,4.201,1.6953,0.8476,5333.34,2481.34,1742.34,235946.9616,109774.4816
920748.BJ,20250725,59.21,2.1494,9.3756,0.87,199.1844,196.5803,14.8105,18.8967,18.7954,0.1689,0.1689,7674.0,6234.7575,1429.3509,454377.54,369159.9916
688139.SH,20250725,32.86,1.4593,2.5045,1.31,28.497,30.7947,2.4247,4.5747,4.5706,1.556,1.4099,31795.2508,31795.2508,18525.7386,1044791.9413,1044791.9413
002521.SZ,20250725,9.17,1.2718,1.5007,1.02,45.7236,64.9848,1.3284,1.5157,1.5269,1.9264,3.2715,56006.105,40282.9782,34137.6299,513575.9829,369394.9101
603358.SH,20250725,34.9,0.6056,1.6574,0.69,72.8748,148.1566,4.7041,3.2107,3.4712,0.9373,1.4046,46974.3076,43904.0,16040.5268,1639403.3352,1532249.6
300731.SZ,20250725,28.69,3.7772,4.7289,1.41,209.9211,138.0051,6.0253,3.7859,3.3741,0.3486,0.2788,12643.1804,12015.8039,9597.6634,362732.8457,344733.4139
000910.SZ,20250725,8.02,0.7184,1.3419,1.12,31.5794,41.7027,0.6673,0.8206,0.8428,2.3691,2.3691,54739.75,54711.7,29291.62,439012.795,438787.834
002933.SZ,20250725,36.4,4.6584,7.8463,1.01,226.0236,121.4584,2.8255,9.2542,9.2743,0.0687,0.0549,11735.0,11407.2547,6772.5962,427154.0,415224.0711
600867.SH,20250725,8.25,0.9749,1.6488,0.97,,,2.6889,8.0407,7.8072,3.0662,3.007,195854.2829,195854.2829,115800.5687,1615797.8339,1615797.8339
600389.SH,20250725,22.85,1.8044,2.5401,0.69,43.852,33.0581,2.5703,1.8117,1.7596,0.8753,1.3129,43065.0,43065.0,30592.1859,984035.25,984035.25
002172.SZ,20250725,4.02,3.5101,5.069,0.89,75.89,108.6884,20.1164,1.5316,1.6372,0.0,,76573.236,76527.198,52992.2381,307824.4087,307639.336
300985.SZ,20250725,18.35,0.951,3.4978,0.78,,,3.4645,2.9719,2.9709,1.5538,,18651.248,18651.248,5071.248,342250.4008,342250.4008
600495.SH,20250725,5.01,4.737,6.8444,1.51,262.3108,111.0445,1.86,4.6081,4.197,0.2395,0.2794,120819.0886,120819.0886,83617.6131,605303.6339,605303.6339
301263.SZ,20250725,36.08,5.1061,5.8509,1.07,141.8587,162.8022,8.9583,21.2917,21.4237,0.8276,0.5517,42549.75,30358.6055,26493.7332,1535194.98,1095338.4864
301103.SZ,20250725,23.28,3.9064,4.4808,1.14,,,1.9481,3.3577,3.3374,2.5542,0.6332,15802.6471,8309.0131,7243.8464,367885.6245,193433.825
300201.SZ,20250725,5.59,3.4164,4.4089,0.63,25.2215,24.5586,3.6722,3.5443,3.2913,0.6132,0.5291,100904.3607,100544.3115,77909.5029,564055.3763,562042.7013
300303.SZ,20250725,6.33,1.8041,2.0698,0.89,26.3849,26.5679,2.4725,2.9347,2.8098,1.4745,2.0415,141560.5527,132799.7986,115753.3432,896078.2986,840622.7251
000863.SZ,20250725,3.66,1.8354,3.4443,0.87,224.1613,73.1336,0.9592,3.5728,3.1168,0.0,,118069.956,116361.5343,62007.2198,432136.039,425883.2155
301589.SZ,20250725,154.08,1.4152,1.5169,1.47,24.0167,24.8666,3.9041,4.3433,4.4245,3.6338,0.5497,9244.8,3446.496,3215.6269,1424438.784,531036.1037
600683.SH,20250725,4.17,1.2018,2.7179,0.94,,,16.8118,2.1806,2.1846,0.0,,74077.7597,74077.7597,32755.457,308904.2579,308904.2579
603859.SH,20250725,37.15,3.5945,4.9073,0.72,47.4121,49.1356,3.0885,6.0209,6.3017,0.1816,0.0538,24469.7701,24469.7701,17923.4341,909051.9592,909051.9592
000728.SZ,20250725,8.72,1.7168,2.9258,1.27,16.9544,14.3654,1.0026,4.8489,4.6634,1.7202,1.8349,436377.7891,436377.7891,256053.2416,3805214.321,3805214.321
603375.SH,20250725,41.11,8.2347,13.5214,0.64,180.636,140.934,2.624,8.2079,8.2185,0.973,,10066.6667,6378.0929,3884.346,413840.668,262203.3991
920642.BJ,20250725,18.95,3.1139,5.7208,0.66,,465.9877,8.0841,11.7911,11.5089,0.3143,0.2619,10367.0278,10070.6878,5481.5158,196455.1768,190839.5338
688244.SH,20250725,25.76,5.9882,7.3037,1.71,458.4616,869.2209,3.8966,10.9135,10.894,0.3986,0.1305,15096.1519,7289.2684,5976.3382,388876.8729,187771.554
002738.SZ,20250725,39.01,7.3592,8.6218,1.37,37.1814,44.2813,2.3564,5.2472,4.8748,2.5637,1.2817,72149.1877,71122.8026,60707.0196,2814539.8122,2774500.5294
688009.SH,20250725,5.43,0.4646,1.9959,1.17,16.4541,16.6582,1.2974,1.7708,1.7604,3.1308,3.1308,1058981.9,862101.8,200680.2,5750271.717,4681212.774
000420.SZ,20250725,4.11,2.9561,4.0758,0.84,364.6668,673.7775,2.2975,2.6023,2.4173,0.0,,245886.8343,245802.8143,178276.4524,1010594.889,1010249.5668
920553.BJ,20250725,10.21,2.395,3.7438,0.84,95.3698,112.7296,4.4407,3.3273,3.2872,0.9794,0.7835,14369.046,9186.5218,5876.9126,146707.9597,93794.3876
688690.SH,20250725,27.43,3.0024,5.3595,1.25,133.7058,116.3887,6.2686,14.1562,13.5585,0.1812,0.2279,40381.4765,40381.4765,22621.6538,1107663.9004,1107663.9004
300995.SZ,20250725,41.59,3.9774,7.382,0.68,402.9274,377.1194,5.6733,10.1122,9.6369,0.2861,0.3598,8416.0,5990.4781,3227.6241,350021.44,249143.9842
688533.SH,20250725,27.1,0.9976,3.7393,1.01,18.7655,21.6306,2.8974,1.5898,1.5682,1.1239,1.6605,16284.7152,16284.7152,4344.7164,441315.7819,441315.7819
301158.SZ,20250725,17.82,2.9134,5.3266,0.65,27.0139,25.6821,2.0421,4.016,3.8353,2.3469,1.7138,15037.051,14652.0431,8013.8221,267960.2488,261099.408
601118.SH,20250725,5.2,4.807,13.4857,2.27,215.2359,142.467,2.2899,0.448,0.4315,0.4019,0.2096,427942.7797,427942.7797,152541.5773,2225302.4544,2225302.4544
603285.SH,20250725,24.8,3.78,3.78,0.72,25.1668,26.4406,2.4701,5.8987,6.0152,4.0323,4.8387,16000.0,6229.678,6229.678,396800.0,154496.0144
000989.SZ,20250725,11.58,5.183,7.3714,0.53,45.8451,52.6806,2.7412,4.1798,4.7254,3.4163,2.5614,85594.2012,69415.3353,48807.3173,991180.8499,803829.5828
601179.SH,20250725,6.77,2.378,6.237,0.48,32.9195,30.2871,1.5603,1.5649,1.5262,1.4919,1.226,512588.2352,512588.2352,195437.9429,3470222.3523,3470222.3523
300453.SZ,20250725,8.68,6.0539,6.9333,3.0,19.9399,19.9305,3.5463,3.0221,2.9639,2.8369,3.449,52239.7525,35652.0547,31130.1737,453441.0517,309459.8348
300991.SZ,20250725,30.23,5.9629,8.1059,0.73,221.1888,182.4403,6.7702,6.3148,6.0745,0.0992,0.0992,14400.0,8989.2,6612.6,435312.0,271743.516
301008.SZ,20250725,22.86,3.3463,7.051,0.9,57.0624,62.0367,2.0613,2.9155,2.7776,1.5845,0.3767,13096.3234,11584.3234,5497.6834,299381.9529,264817.6329
002194.SZ,20250725,13.11,2.9928,3.9225,0.78,168.2316,153.6215,3.5931,6.0428,5.7799,0.9153,0.5339,68328.5806,51089.4975,38980.8572,895787.6917,669783.3122
002322.SZ,20250725,12.88,1.1175,1.6034,0.66,17.5988,18.152,1.739,4.5363,4.5654,9.2207,5.651,37914.797,36501.9679,25440.2293,488342.5854,470145.3466
300056.SZ,20250725,14.48,3.525,4.1706,0.89,,,30.4992,11.9782,12.8008,0.0,,38549.0443,38519.4493,32556.024,558190.1615,557761.6259
300567.SZ,20250725,61.08,3.4289,3.7544,1.5,,,4.8065,6.6613,6.024,0.3201,,27974.337,20218.3641,18465.5641,1708672.504,1234937.6792
002231.SZ,20250725,3.03,2.6267,2.9365,0.93,,,3.9933,3.6079,4.9598,0.0,,34685.0017,29481.8767,26371.6067,105095.5552,89330.0864
688502.SH,20250725,352.98,15.0745,15.0745,1.67,524.6855,389.2418,15.8029,37.065,34.8925,0.1841,0.0592,5280.0,1680.0,1680.0,1863734.4,593006.4
600795.SH,20250725,4.65,0.5765,1.3016,0.78,8.4361,8.4139,1.4825,0.4629,0.4782,3.4409,4.3011,1783561.9082,1783561.9082,789997.4544,8293562.8731,8293562.8731
300965.SZ,20250725,55.64,5.9764,8.2113,0.43,124.8386,132.8725,2.7356,18.5441,17.8046,0.0539,0.683,6000.0,2060.925,1500.0,333840.0,114669.867
300922.SZ,20250725,29.51,8.2559,9.84,0.58,112.2764,114.3636,5.1882,20.2992,19.3468,0.4977,0.5972,15858.236,12466.7618,10459.8053,467976.5444,367894.1407
300614.SZ,20250725,15.01,1.334,2.1782,0.4,,,2.1763,5.3271,5.2139,0.0,,16043.5533,16043.5533,9825.2767,240813.735,240813.735
600020.SH,20250725,4.74,0.7734,2.4297,1.52,12.0998,11.1874,0.9365,1.5285,1.485,3.1435,3.5865,224737.1832,224737.1832,71537.6752,1065254.2484,1065254.2484
300782.SZ,20250725,76.73,2.3861,3.2679,1.29,102.149,260.7241,4.0548,9.1479,10.1271,0.2913,0.1328,53494.3198,44824.752,32729.4995,4104619.1583,3439403.221
000636.SZ,20250725,14.06,0.9002,1.4042,1.11,48.2191,49.4414,1.3341,3.2935,3.1556,0.3527,1.0581,115701.3211,115701.3136,74171.0144,1626760.5747,1626760.4692
000826.SZ,20250725,1.97,3.2058,4.1541,0.77,,,4.0715,0.5354,0.547,0.0,,142535.3248,142517.2959,109982.6828,280794.5899,280759.0729
920392.BJ,20250725,34.0,10.884,20.2394,0.54,76.5789,72.9072,7.8298,3.9933,3.5515,0.2252,0.2252,7620.5,3638.99,1956.92,259097.0,123725.66
688290.SH,20250725,50.2,1.4747,3.2398,0.73,136.434,131.9729,4.0452,18.6052,18.7243,0.3089,0.2272,10218.9714,10218.9714,4651.5312,512992.3643,512992.3643
688288.SH,20250725,28.71,1.6294,3.5889,0.56,,106.0052,3.8716,5.5446,5.1698,,,10104.392,10104.392,4587.4615,290097.0943,290097.0943
605599.SH,20250725,15.53,0.6026,1.6173,0.84,16.7994,15.7644,3.1843,0.597,0.5456,4.5074,4.6362,77777.78,77777.78,28977.5982,1207888.9234,1207888.9234
603082.SH,20250725,39.7,4.8526,4.8526,0.96,37.8598,37.6424,4.2464,3.1237,3.1155,1.461,1.461,16222.7543,4055.69,4055.69,644043.3457,161010.893
688758.SH,20250725,18.96,16.8705,16.8705,1.68,92.7215,92.9884,6.2608,25.0306,24.5017,,0.2162,41646.4084,4247.9336,4247.9336,789615.9033,80540.8211
920943.BJ,20250725,28.41,5.9005,9.3331,0.49,37.0158,33.667,4.8035,2.9779,2.8854,0.704,0.88,10152.1378,5180.7833,3275.3213,288422.2349,147186.0536
688331.SH,20250725,66.68,4.7812,4.7812,0.71,,,14.905,21.8896,19.6515,,,56360.8243,16222.3872,16222.3872,3758139.7643,1081708.7785
920019.BJ,20250725,25.75,9.6349,9.6349,0.83,75.5447,71.6029,6.0509,3.88,3.7814,,0.7767,21026.67,5586.49,5586.49,541436.7525,143852.1175
300569.SZ,20250725,5.55,2.6642,3.446,1.01,,,1.0969,1.7342,1.7112,1.3333,,102271.062,101960.4127,78828.7175,567604.3941,565880.2905
603385.SH,20250725,7.08,0.7633,1.9029,0.83,19.3974,22.2054,0.7188,0.7785,0.7844,0.0,1.5537,38066.4968,38066.4968,15269.267,269510.7973,269510.7973
002812.SZ,20250725,30.48,2.9297,4.2584,1.34,,,1.2022,2.9075,2.7971,5.076,,96951.2254,81562.5055,56113.7525,2955073.3502,2486025.1676
000017.SZ,20250725,6.43,2.0461,2.5888,0.58,263.0688,226.8543,12.6804,7.6422,7.0602,0.0,,68918.4933,30298.4965,23947.6218,443145.9119,194819.3325
600965.SH,20250725,5.21,0.9548,2.4832,0.64,82.5055,81.2683,1.9879,4.1755,4.0481,0.9405,0.7294,81870.0955,81870.0955,31478.4226,426543.1976,426543.1976
301577.SZ,20250725,59.23,2.6485,2.6485,0.61,81.2444,80.2883,3.4625,6.2086,6.2016,1.3507,0.5065,4426.0,1884.1155,1884.1155,262151.98,111596.1611
301565.SZ,20250725,23.0,2.62,4.3552,0.71,81.3094,104.2374,3.8745,3.7199,3.8523,0.0,,40001.0,12801.0,7701.0,920023.0,294423.0
688559.SH,20250725,31.88,1.6813,2.2871,0.59,,,2.578,1.7456,1.9669,0.2546,,24775.9044,24775.9044,18213.8244,789855.8323,789855.8323
600780.SH,20250725,6.2,0.9793,2.3783,0.95,13.8652,12.9798,0.9024,0.6564,0.6406,2.9032,,114650.2523,114650.2523,47208.4052,710831.5643,710831.5643
603344.SH,20250725,25.72,3.7603,3.7603,0.71,25.2056,24.9863,2.4944,2.0385,1.9757,1.2053,1.2053,19453.098,5403.098,5403.098,500333.6806,138967.6806
601166.SH,20250725,23.17,0.3914,0.5188,1.06,6.3512,6.3959,0.6359,2.3105,2.3332,4.4062,4.5749,2116283.6117,2116283.6117,1596673.6989,49034291.2831,49034291.2831
600629.SH,20250725,11.54,11.6496,24.2761,1.65,28.6011,30.1109,2.1587,1.3203,1.3835,1.2134,1.0572,97033.8659,95311.705,45738.1448,1119770.8125,1099897.0757
600343.SH,20250725,13.84,4.2899,7.6312,0.63,,,6.1417,9.5441,9.5614,0.0,,63820.6348,63820.6348,35876.5744,883277.5856,883277.5856
920436.BJ,20250725,21.12,1.5992,4.5348,1.0,,,5.2102,2.4956,2.2746,,,9447.6,8886.8151,3133.9714,199533.312,187689.5349
001296.SZ,20250725,20.03,5.5512,7.9743,0.78,24.7148,23.7186,1.7667,2.8643,2.7631,1.4261,1.9518,14959.1086,7685.1339,5349.9238,299630.9453,153933.232
301052.SZ,20250725,48.96,6.7025,7.7723,1.56,118.6543,100.8706,6.8478,8.3227,7.9045,0.1487,0.1083,9895.9339,8019.592,6915.7645,484504.9237,392639.2243
002294.SZ,20250725,48.68,0.5833,1.4016,0.57,90.2129,90.2032,6.4908,13.526,13.6236,1.0055,1.0271,111481.6535,111456.5736,46382.0404,5426926.8924,5425706.0028
000014.SZ,20250725,12.25,2.6256,3.9792,1.01,180.2887,,1.8371,8.2844,19.116,1.7633,,24204.6224,24204.6224,15971.0154,296506.6244,296506.6244
002055.SZ,20250725,7.35,5.8919,6.4162,0.66,,,3.2146,0.8581,0.9067,0.0,,60449.0017,59486.7771,54626.2805,444300.1625,437227.8117
603586.SH,20250725,17.88,2.2407,5.556,0.98,38.0321,23.3867,1.5557,2.0154,1.8605,2.5168,2.2371,19605.278,19605.278,7906.7263,350542.3706,350542.3706
002054.SZ,20250725,7.25,1.3857,1.7155,0.71,57.3114,46.6129,1.4249,1.1437,1.1408,0.9517,0.9457,48211.5452,38437.5669,31048.2149,349533.7027,278672.36
600136.SH,20250725,1.97,0.7378,1.2384,1.3,,,16.117,9.3704,7.2606,0.0,,204082.5931,194308.9494,115766.8728,402042.7084,382788.6303
920942.BJ,20250725,55.93,37.3641,47.6923,2.05,91.3498,75.7005,6.9937,17.5193,17.876,0.2668,0.2682,6132.71,4125.2514,3231.8914,343002.4703,230725.3108
601658.SH,20250725,5.6,0.232,1.507,0.73,7.7768,7.8385,0.6984,1.9283,1.9286,3.6874,3.6958,12009505.3492,6712239.52,1033304.1125,67253229.9555,37588541.312
002819.SZ,20250725,28.96,1.7174,3.4316,0.58,,,2.147,2.9355,2.9742,0.0825,0.0824,29961.01,23512.7781,11767.6311,867670.8496,680930.0538
688718.SH,20250725,14.62,2.1436,6.3822,0.58,65.831,62.2415,3.2685,6.7698,6.5652,0.7834,,17375.4389,17375.4389,5835.7859,254028.9167,254028.9167
603306.SH,20250725,45.27,2.2219,3.1565,0.92,53.6921,48.0587,5.1956,6.7312,6.5321,0.4219,0.1922,32906.0224,32906.0224,23162.3021,1489655.634,1489655.634
002424.SZ,20250725,5.36,4.331,5.3047,1.43,222.8048,1228.7472,2.3371,1.9583,2.3027,0.0,,139759.84,121321.4512,99053.1441,749112.7424,650282.9784
603328.SH,20250725,10.01,1.0247,2.4981,0.55,22.8509,22.2625,2.5283,2.8503,2.7503,1.9381,1.978,99844.2611,99844.2611,40955.5363,999441.0536,999441.0536
603989.SH,20250725,16.16,0.8534,2.4693,0.6,32.7049,27.6329,1.7548,1.6572,1.6046,1.6302,0.9228,40113.0603,40113.0603,13863.2102,648227.0544,648227.0544
603194.SH,20250725,41.05,6.6174,6.6174,1.16,19.6009,19.2189,3.4484,2.5122,2.457,,1.5347,40100.0,5145.512,5145.512,1646105.0,211223.2676
600884.SH,20250725,10.33,7.7512,8.6756,1.46,,,1.0763,1.2439,1.1776,1.8824,,224941.2863,175723.6492,156999.2359,2323643.4875,1815225.2962
688325.SH,20250725,54.74,11.3639,15.9739,6.01,59.808,54.1787,2.8565,11.9976,11.2166,0.3493,1.7846,8613.9015,5384.2916,3830.4117,471524.9681,294736.1222
002237.SZ,20250725,12.25,1.9115,3.2581,0.77,26.2038,25.4968,1.4983,0.1855,0.1902,1.102,1.151,114808.0932,91046.6532,53416.0566,1406399.1417,1115321.5017
300113.SZ,20250725,20.15,2.8666,3.1651,0.88,54.6835,50.6556,6.3451,7.4876,6.8682,0.3942,0.4405,68356.6082,51814.5946,46926.7943,1377385.6552,1044064.0812
601808.SH,20250725,14.12,0.3637,1.9589,0.84,21.4775,19.8824,1.5451,1.3949,1.3764,1.4873,1.6331,477159.2,296046.8,54962.07,6737487.904,4180180.816
603488.SH,20250725,8.36,1.9345,3.073,0.56,244.9888,,2.5497,5.2032,5.4218,2.3923,0.3589,29199.044,29199.044,18381.2219,244104.0078,244104.0078
603006.SH,20250725,13.66,3.3873,12.2441,0.73,55.1045,58.0912,2.5675,4.4363,4.4365,2.0498,2.7818,25425.425,25425.425,7033.9398,347311.3055,347311.3055
600797.SH,20250725,9.79,7.6287,8.2272,1.26,,,3.0346,3.0342,3.1404,0.4086,,102752.637,102752.637,95277.757,1005948.3162,1005948.3162
300041.SZ,20250725,10.16,6.3977,7.7674,0.68,55.8052,54.6414,2.12,1.425,1.3896,0.9496,1.4764,55943.4092,54443.4293,44842.7217,568385.0375,553145.2417
300678.SZ,20250725,34.14,2.9337,4.3806,1.35,1056.4796,1953.511,11.9762,19.9578,21.3925,0.1465,0.1465,29638.6293,29127.8395,19507.1281,1011862.8043,994424.4405
688180.SH,20250725,38.0,1.5854,2.4264,0.82,,,5.9387,20.0246,18.8647,,,102668.9871,76639.4171,50075.6027,3901421.5098,2912297.8498
920242.BJ,20250725,34.0,1.8993,2.6159,0.71,21.0137,19.8566,3.6571,2.9751,2.8533,1.4414,0.5884,6582.375,3670.0225,2664.6516,223800.75,124780.765
688251.SH,20250725,19.71,2.4772,3.496,0.75,46.2718,37.9251,2.4115,2.3751,2.3004,0.6544,0.901,10074.23,5996.394,4248.8795,198563.0733,118188.9257
603127.SH,20250725,29.9,7.5948,12.3223,1.37,302.5212,57.843,2.7636,11.1029,11.3129,0.5336,0.5336,74947.7334,63048.2128,38859.5514,2240937.2287,1885141.5627
000929.SZ,20250725,8.09,1.0058,1.3684,0.75,,,3.0445,7.1384,7.3545,0.0,,18576.6,18575.4223,13653.4694,150284.694,150275.1664
920130.BJ,20250725,30.72,9.0321,17.2183,1.49,,,5.4827,10.1423,9.7644,0.651,,9224.3236,5666.3256,2972.3552,283371.221,174069.5224
002191.SZ,20250725,4.04,1.5512,2.382,1.33,81.4777,325.8671,0.8886,2.0528,2.1737,7.2324,7.2324,145177.8834,144082.4536,93828.4827,586518.6489,582093.1125
600582.SH,20250725,6.42,0.8242,2.1053,0.8,10.1346,7.8936,1.0815,0.8704,0.8877,4.3614,4.9377,413858.8892,413858.8892,162018.4906,2656974.0687,2656974.0687
300845.SZ,20250725,11.09,4.7923,5.2424,1.34,41.3969,42.9585,2.8954,5.9238,5.9061,1.2115,2.2216,20505.2707,14402.0835,13165.4187,227403.4521,159719.106
603565.SH,20250725,10.49,1.0367,2.7625,1.28,12.0026,11.0498,2.2168,1.9568,1.9951,6.8637,7.531,210006.3103,210006.3103,78813.6016,2202966.195,2202966.195
002076.SZ,20250725,1.83,2.2029,2.4972,0.77,,,7.0056,10.5772,9.7518,0.0,,110912.4491,102894.0354,90767.6706,202969.7819,188296.0848
688409.SH,20250725,56.5,4.354,7.0574,2.06,85.3734,144.0981,3.8242,5.6919,5.5809,0.9476,0.6157,30621.0771,17721.3527,10932.9672,1730090.8562,1001256.4276
688503.SH,20250725,49.6,3.626,4.0415,0.95,28.7191,27.7992,2.5821,0.9613,0.9582,1.4997,0.833,24203.3643,18066.4831,16209.0466,1200486.8693,896097.5618
002270.SZ,20250725,17.74,0.3945,0.6986,0.28,25.8816,24.1362,5.0438,6.8465,6.6788,4.6223,3.0612,89622.5431,89621.1069,50608.0234,1589903.9146,1589878.4364
301112.SZ,20250725,37.22,2.6928,8.1896,1.39,828.9909,172.0627,3.3615,6.1665,5.9888,0.3224,0.2687,11026.66,11026.66,3625.6909,410412.2852,410412.2852
688569.SH,20250725,21.8,0.4432,1.7727,0.73,21.4284,25.3606,1.6423,3.2581,3.5849,2.0642,1.6055,21066.67,21066.67,5266.67,459253.406,459253.406
603325.SH,20250725,84.85,2.8556,2.8556,0.61,22.8556,18.1914,2.7388,5.8688,5.055,1.2768,1.3259,8000.4,3418.32,3418.32,678833.94,290044.452
600805.SH,20250725,5.79,1.4018,2.1857,0.58,180.7721,178.7945,1.136,1.6246,1.6747,0.0,0.8636,85089.4494,85027.5368,54534.3055,492667.912,492309.4381
688246.SH,20250725,36.45,6.7953,11.8735,1.36,,,3.2608,8.4721,8.7892,,,13758.5598,13758.5598,7874.137,501499.5047,501499.5047
603766.SH,20250725,12.37,1.254,2.0925,1.01,22.6549,18.534,2.8656,1.51,1.3978,0.8084,3.2336,205354.185,205354.185,123065.998,2540231.2685,2540231.2685
603408.SH,20250725,11.8,0.4632,1.748,0.84,10.9588,10.946,1.659,1.0549,1.0467,5.6466,6.1819,44757.3,44757.3,11860.1633,528136.14,528136.14
000004.SZ,20250725,8.73,3.4154,4.6184,1.54,,,22.0762,11.7137,11.3809,0.0,,13238.0282,12628.8093,9339.3905,115567.9862,110249.5052
601628.SH,20250725,41.5,0.0723,1.0037,0.75,10.9691,10.1916,2.2567,2.2192,2.2654,1.5181,1.5663,2826470.5,2082353.0,150000.0,117298525.75,86417649.5
301042.SZ,20250725,40.82,2.2295,4.2473,1.02,39.8989,42.4335,2.7312,4.1209,4.3732,5.2291,2.3769,6972.3577,6598.3127,3463.5718,284611.6413,269343.1244
002350.SZ,20250725,7.27,9.0635,14.7472,2.13,100.5576,56.4735,2.3859,1.9304,1.7875,0.0,0.3894,54233.1351,53055.1471,32607.1247,394274.8922,385710.9194
600505.SH,20250725,14.82,4.301,9.741,0.64,651.4065,246.9373,4.4738,3.7155,3.6499,0.081,0.135,36456.75,36456.75,16096.8977,540289.035,540289.035
688172.SH,20250725,19.93,0.8997,2.4248,1.92,,,1.652,14.0663,14.7713,0.2001,,120289.4111,58525.1811,21716.1305,2397367.9632,1166406.8593
688449.SH,20250725,43.04,6.7945,6.7945,1.77,167.6997,238.4095,11.6571,16.8672,16.5257,,,46000.0,7000.0,7000.0,1979840.0,301280.0
300750.SZ,20250725,282.8,0.3442,0.5423,0.52,25.409,23.7903,4.6168,3.5617,3.5138,1.7715,2.0375,455931.0311,390255.6433,247712.5548,128937295.5951,110364295.9252
300315.SZ,20250725,5.56,3.0756,3.1269,0.97,135.7578,181.4159,3.089,18.3873,20.7614,0.0,,270761.1003,258302.7657,254067.9967,1505431.7177,1436163.3773
000938.SZ,20250725,25.04,1.7801,2.9182,1.18,45.5449,47.5131,5.3174,0.9063,0.8649,0.5591,0.2995,286007.9874,286007.9874,174460.0354,7161640.0045,7161640.0045
001231.SZ,20250725,20.9,4.3929,4.829,1.06,34.8771,33.125,2.1345,3.219,2.9541,0.6131,0.6131,10000.0,3564.15,3242.2733,209000.0,74490.735
600887.SH,20250725,27.83,0.7044,0.7703,1.26,20.8255,23.7752,3.5482,1.5255,1.5193,4.3397,4.3838,632536.0667,629392.9721,575539.3895,17603478.7363,17516006.4135
002354.SZ,20250725,6.77,5.6954,5.6954,0.86,,,9.1342,7.096,6.6134,0.0,,165458.582,162593.1279,162593.1279,1120154.6001,1100755.4759
300307.SZ,20250725,8.38,3.5384,5.4241,1.05,23.4494,50.038,2.0731,3.0005,2.9788,1.1836,2.3769,79424.8776,78221.1234,51026.8665,665580.4743,655493.0141
300637.SZ,20250725,11.24,3.4559,5.5685,1.22,,,3.7323,3.6076,3.177,0.0,,23475.013,23433.7735,14543.3135,263859.1461,263395.6141
001311.SZ,20250725,21.69,3.3598,3.3599,1.18,15.8496,16.6183,1.499,1.875,1.828,2.237,2.3761,31050.9334,7884.6669,7884.5824,673494.7454,171018.4251
300762.SZ,20250725,23.44,4.5099,5.4838,1.01,,,6.2173,41.6599,35.8324,0.0,,62796.5772,62796.5772,51644.1879,1471951.7696,1471951.7696
000625.SZ,20250725,12.95,1.4834,2.9286,1.58,17.536,17.0819,1.7066,0.8038,0.8184,2.6497,2.278,991408.606,826072.778,418427.432,12838741.4477,10697642.4751
301136.SZ,20250725,13.24,2.0513,5.4338,0.54,,,2.5204,6.0629,6.2775,0.1511,,27520.482,27520.482,10388.982,364371.1817,364371.1817
002681.SZ,20250725,6.82,3.8876,4.1216,0.41,126.0637,105.9109,5.1558,3.8928,3.7684,0.0,,179465.2232,153268.078,144563.7625,1223952.8222,1045288.292
301234.SZ,20250725,37.15,5.5169,18.797,1.16,63.2027,70.723,3.3785,5.2913,5.1401,1.0767,0.8075,6800.0,6800.0,1995.8,252620.0,252620.0
000922.SZ,20250725,12.07,7.1064,11.1717,0.72,32.7171,38.3893,1.8957,1.7127,1.7117,1.4344,0.9196,69521.6654,58731.8753,37360.0914,839126.5014,708893.7349
688585.SH,20250725,66.06,5.5965,36.3557,1.07,300.4696,287.1729,20.9529,17.8375,17.423,0.0908,0.106,40336.1728,40336.1728,6209.2151,2664607.5752,2664607.5752
688226.SH,20250725,36.02,2.3655,4.5406,0.76,71.2454,92.7495,4.0709,1.9418,1.8989,0.5401,0.422,18764.752,18764.752,9775.8579,675906.367,675906.367
600256.SH,20250725,5.59,1.6459,2.5582,0.64,12.0674,12.5488,1.5949,0.9805,1.0122,12.7262,11.127,639200.2964,639200.2964,411254.7151,3573129.6569,3573129.6569
600030.SH,20250725,29.7,0.9969,1.3527,0.75,20.2809,18.8993,1.6383,6.9004,6.4926,2.4074,2.4074,1482054.6829,1217655.0974,897394.4126,44017024.0821,36164356.3928
603057.SH,20250725,21.01,4.1985,4.1985,1.11,25.0748,28.2319,4.814,2.5835,2.6882,5.2242,3.91,41351.375,6806.1925,6806.1925,868792.3888,142998.1044
000828.SZ,20250725,11.27,0.5143,1.7044,0.84,12.2648,15.1814,1.2071,6.9242,7.1132,4.2147,4.2147,103951.6992,103951.5642,31367.3048,1171535.65,1171534.1285
002183.SZ,20250725,4.67,1.5718,2.3576,0.97,114.568,113.0085,1.3159,0.1563,0.1618,0.257,0.2141,259700.9091,259699.4091,173142.0697,1212803.2455,1212796.2405
000153.SZ,20250725,6.92,7.3159,10.3563,1.92,19.9971,21.1811,1.5942,0.7506,0.7835,1.5485,1.4451,46477.3722,45294.3722,31996.8047,321623.4156,313437.0556
002086.SZ,20250725,2.93,6.013,6.9427,1.03,,,4.0724,16.8736,16.4561,0.0,,195894.65,158128.6037,136952.531,573971.3245,463316.8088
300020.SZ,20250725,3.95,1.2855,1.4392,0.79,,,0.9965,5.729,21.7099,0.0,,79467.7974,76663.9584,68475.6577,313897.7997,302822.6357
605567.SH,20250725,10.58,1.5316,2.7887,0.94,259.1486,83.6098,1.9794,0.8416,0.8201,0.0,0.9452,20000.0,20000.0,10984.305,211600.0,211600.0
000506.SZ,20250725,10.56,2.3058,3.4416,0.53,,,18.5512,29.4419,25.743,0.0,,92901.7761,92867.0961,62218.8027,981042.7556,980676.5348
603527.SH,20250725,11.27,2.629,4.195,0.78,28.0634,19.7757,1.7581,0.3832,0.3652,1.331,1.4197,31697.12,31697.12,19864.3908,357226.5424,357226.5424
688655.SH,20250725,23.26,3.7507,6.8257,1.35,,,4.5818,6.5376,6.2506,0.3224,,13339.0,13339.0,7329.77,310265.14,310265.14
600988.SH,20250725,23.75,2.1619,2.5297,0.62,25.5817,22.0465,4.2616,5.0006,4.7118,0.2086,0.6737,190041.1178,166391.1378,142198.5632,4513476.5478,3951789.5228
002548.SZ,20250725,4.09,4.7067,6.9572,0.68,109.1871,58.3474,2.2115,0.7218,0.7036,0.0,,80509.3658,80447.1492,54423.992,329283.3061,329028.8402
301131.SZ,20250725,46.35,3.8346,4.9423,0.58,57.5703,55.622,2.6587,1.2955,1.2808,0.7981,0.8843,4779.2367,3079.951,2389.6275,221517.621,142755.7289
000605.SZ,20250725,7.35,1.3421,2.2802,0.63,161.0845,158.8748,1.2139,1.4717,1.5113,0.2721,0.2721,35265.86,35265.86,20756.9665,259204.071,259204.071
000913.SZ,20250725,16.45,2.8007,4.7132,1.71,12.8007,13.8897,1.8547,1.4364,1.439,4.7427,4.7419,52661.1,46324.3,27527.1603,866275.095,762034.735
601233.SH,20250725,12.42,2.1687,3.6234,1.16,24.85,24.2238,0.8091,0.2948,0.2998,0.3441,0.798,240477.9773,239589.8093,143398.6138,2986736.4781,2975705.4315
920357.BJ,20250725,25.25,3.4123,5.9332,0.69,41.8935,36.9516,5.785,5.3658,5.209,1.5842,1.9802,8008.0,4451.46,2560.149,202202.0,112399.365
000967.SZ,20250725,7.2,2.5447,7.471,0.89,44.4038,43.708,1.308,1.7382,1.7141,1.7361,,316694.3318,316543.5618,107819.0008,2280199.189,2279113.645
600062.SH,20250725,19.49,1.4929,3.7893,1.22,12.4388,11.7832,1.922,1.8059,1.7675,1.833,2.4169,103883.6522,103263.0823,40683.5199,2024692.3814,2012597.474
601111.SH,20250725,7.63,0.6449,2.1352,0.76,,,3.0946,0.7986,0.7988,0.0,,1744842.1,1163810.9474,351501.2707,13313145.223,8879877.5287
601216.SH,20250725,5.61,0.6177,1.6445,0.66,16.8833,15.2763,1.7522,1.8776,1.8054,5.7041,2.6738,843801.739,843801.739,316969.099,4733727.7558,4733727.7558
002175.SZ,20250725,4.62,3.2874,4.0688,0.81,355.0773,385.2105,9.8757,18.1209,17.8208,0.0,,127678.0727,127678.0727,103157.0685,589872.6959,589872.6959
688576.SH,20250725,70.17,5.8171,5.8225,3.24,32.3588,37.891,1.8948,9.4914,9.7319,1.5311,1.4154,4550.006,2179.2239,2177.187,319273.921,152916.1411
301040.SZ,20250725,26.6,3.1859,5.1272,0.77,,,3.428,4.5968,4.5361,0.0,,10000.0907,9423.2282,5855.194,266002.4126,250657.8701
605186.SH,20250725,22.48,1.4131,2.8408,0.9,94.0103,99.5712,2.8438,9.6035,8.4977,0.4448,0.4448,13600.0,13600.0,6765.1778,305728.0,305728.0
688603.SH,20250725,52.0,13.592,13.592,2.5,86.8463,85.6617,5.8062,17.0375,16.1291,0.3008,0.3848,12472.4524,4742.1607,4742.1607,648567.5248,246592.3564
688321.SH,20250725,33.69,6.1572,9.1245,0.92,,,9.5534,20.881,19.9224,,,40779.6477,40779.6477,27518.1997,1373866.331,1373866.331
605368.SH,20250725,10.08,0.5689,1.3175,0.8,14.3102,16.647,2.1291,1.5148,1.5763,12.5811,8.8701,71463.4963,71463.4963,30859.4103,720352.0427,720352.0427
688359.SH,20250725,64.8,2.4581,4.0416,1.02,,,9.4964,10.1968,11.3026,,,9775.905,9775.905,5945.705,633478.644,633478.644
603058.SH,20250725,9.21,2.5089,4.6266,2.26,24.1678,24.6406,3.2997,4.2726,4.2595,0.8684,1.2486,41989.4162,41884.3522,22712.4522,386722.5232,385754.8838
002922.SZ,20250725,16.81,2.8409,3.8221,0.73,22.6151,23.954,2.0961,1.4261,1.3368,1.7486,1.7657,39353.9191,37462.678,27845.4192,661539.3801,629747.6172
603786.SH,20250725,53.96,0.3478,1.2419,1.52,28.2185,28.7102,4.1914,3.6516,3.678,1.112,1.2046,40385.93,40385.67,11309.7157,2179224.7828,2179210.7532
301585.SZ,20250725,35.25,9.3781,9.3781,1.19,36.4745,41.3123,3.9371,7.6621,7.8375,,0.8729,10400.0,2600.0,2600.0,366600.0,91650.0
920271.BJ,20250725,17.77,2.5643,4.5282,0.69,26.2059,24.5558,4.1251,6.6958,6.199,1.5348,1.0232,13082.3,5788.4931,3277.9919,232472.471,102861.5224
003003.SZ,20250725,12.69,7.4629,9.4729,0.71,35.1276,36.7253,1.7848,1.9484,2.1044,0.7815,1.5551,17679.83,11610.3532,9146.8407,224357.0427,147335.3821
300424.SZ,20250725,16.91,2.6544,3.1222,0.74,,,5.6474,2.4372,2.4617,0.0578,,24542.8777,24495.8211,20825.2247,415020.0619,414224.3348
002533.SZ,20250725,10.17,2.1835,2.9872,0.63,13.1255,13.0689,1.8918,0.4224,0.4091,5.8479,4.3859,73394.1062,63764.5433,46608.6245,746418.0601,648485.4054
000761.SZ,20250725,4.02,0.4902,3.2389,0.87,,,1.6215,0.3221,0.3384,0.0,,410823.2205,370823.2205,56123.2579,1651509.3464,1490709.3464
002199.SZ,20250725,8.85,2.57,4.5115,0.59,,,10.0154,9.9196,9.5984,0.0,,24344.2363,24344.2363,13867.6514,215446.4913,215446.4913
002758.SZ,20250725,9.32,0.94,1.8439,0.82,12.784,12.7381,1.0522,0.1158,0.1149,3.2198,3.1455,52139.9299,51835.6549,26424.1553,485944.1467,483108.3037
688307.SH,20250725,39.66,7.8353,7.8353,0.52,65.3209,66.3034,4.142,7.6762,7.1608,1.0086,1.1346,8800.0,5814.9322,5814.9322,349008.0,230620.2111
603341.SH,20250725,40.14,1.5891,1.8902,0.76,37.5968,35.7395,3.3459,0.4062,0.4148,1.2343,1.2144,46938.1544,26621.2831,22379.9838,1884097.5176,1068578.3036
300784.SZ,20250725,54.74,3.6402,3.6402,0.78,46.7767,49.2546,3.918,6.015,5.9773,0.3654,0.7307,5623.76,1692.885,1692.885,307844.6224,92668.5249
688553.SH,20250725,20.73,3.8075,5.2982,0.62,26.9868,34.6635,2.3369,8.0239,8.05,1.0223,2.2232,42360.0,34353.9725,24687.8373,878122.8,712157.8499
300109.SZ,20250725,17.19,3.0891,3.2728,0.91,23.8938,27.0646,2.3228,5.2015,5.4378,3.8719,1.4503,48605.0005,44968.8521,42445.5475,835519.9586,773014.5676
000070.SZ,20250725,7.43,2.5922,4.1655,1.02,,,4.5009,1.5171,1.6199,0.0,,90034.476,88859.4676,55296.9683,668956.1567,660225.8443
300566.SZ,20250725,19.45,2.5337,2.8151,0.96,26.9826,25.6784,2.5633,2.3581,2.4238,0.7624,1.0126,26374.155,22658.6606,20393.4372,512977.3148,440710.9487
600227.SH,20250725,2.5,1.985,2.4029,0.83,,,1.689,1.7738,1.6838,0.0,,168872.7685,127759.9803,105540.0845,422181.9213,319399.9508
688177.SH,20250725,29.37,1.0308,4.2682,0.63,,,19.7835,16.3645,15.4309,,,41408.0,41408.0,9999.9423,1216152.96,1216152.96
601186.SH,20250725,8.26,1.0694,2.7055,0.7,5.0491,5.256,0.4238,0.1051,0.1069,4.2373,3.632,1357954.15,1150324.55,454692.891,11216701.279,9501680.783
600506.SH,20250725,19.5,3.4948,4.5914,0.79,119.2946,112.4896,7.7189,1.6182,1.625,0.0,,19201.8934,14770.6873,11242.8858,374436.9213,288028.4024
600892.SH,20250725,3.09,1.1571,1.8015,0.77,,,26.089,10.3627,9.4922,0.0,,55946.4188,55931.9536,35925.55,172874.4341,172829.7366
002290.SZ,20250725,30.61,2.1236,3.79,1.08,77.5685,62.7784,8.8765,3.0067,2.9166,0.0,,24811.233,24724.983,13853.5647,759471.8421,756831.7296
600787.SH,20250725,6.06,2.2483,4.8234,0.88,32.7054,68.122,0.9661,0.2087,0.2111,2.1178,1.1551,217495.258,217007.9582,101153.1707,1318021.2635,1315068.2267
600985.SH,20250725,13.27,1.2539,3.2523,0.5,7.3607,9.0315,0.871,0.5437,0.606,7.5358,5.6518,269325.8709,269325.8709,103832.6564,3573954.3068,3573954.3068
002581.SZ,20250725,7.44,3.5694,4.3753,0.72,,,2.5952,13.6192,15.7357,0.0,,65973.5586,40079.1161,32696.8361,490843.276,298188.6238
002803.SZ,20250725,16.16,16.5263,18.6376,3.78,40.2092,36.8927,2.6761,1.323,1.2874,3.2969,2.0569,45267.9288,28877.0188,25605.7737,731529.7294,466652.6238
603077.SH,20250725,1.99,2.9673,4.4186,1.31,558.5445,1238.5572,0.9707,2.0561,2.1241,0.9133,0.9133,883136.9728,883136.9728,593059.9379,1757442.5759,1757442.5759
000919.SZ,20250725,7.15,1.573,2.5623,0.87,110.3573,224.6941,1.1887,1.359,1.3332,1.4106,1.3986,62370.8628,59035.9462,36241.5623,445951.669,422107.0153
603629.SH,20250725,23.94,2.9872,5.8188,0.78,252.7877,296.707,3.7026,2.7687,2.4654,0.3725,0.2078,25993.0,25641.2,13163.602,622272.42,613850.328
300581.SZ,20250725,20.71,7.3297,15.8419,0.54,,,11.5772,81.0713,79.9488,0.0628,,55010.9546,55010.9546,25452.392,1139276.8698,1139276.8698
603733.SH,20250725,21.79,0.6345,3.0601,1.6,15.3245,15.8392,1.9967,1.4974,1.3914,1.6062,2.2946,70597.6114,70597.6114,14637.6703,1538321.9524,1538321.9524
688660.SH,20250725,12.88,8.3206,21.8962,1.21,,,3.483,1.6453,1.5992,,,133333.34,133333.34,50666.6764,1717333.4192,1717333.4192
920021.BJ,20250725,7.75,8.4808,10.4299,1.69,,,3.752,3.7125,4.1,0.2581,,30899.9983,25188.1971,20480.9989,239474.9868,195208.5275
300616.SZ,20250725,13.96,2.2557,2.5945,1.24,,,0.9837,0.8272,0.835,6.3013,5.9799,22451.598,15596.6242,13559.7713,313424.3081,217728.8738
300561.SZ,20250725,11.49,4.678,7.929,0.85,,,6.2859,41.966,42.3823,0.3046,0.3046,32810.7975,24105.7574,14222.2872,376996.0633,276975.1525
688227.SH,20250725,31.11,4.2078,4.2078,1.7,,,2.6806,6.7636,6.4072,,,11305.5275,6409.6781,6409.6781,351714.9605,199405.0857
002826.SZ,20250725,22.99,23.9015,33.1946,1.63,95.4451,119.0455,5.9071,6.7246,6.8496,0.1278,0.4272,19067.775,17432.6389,12552.2358,438368.1473,400776.3683
002027.SZ,20250725,7.51,0.8891,1.3193,1.4,21.0383,20.6572,5.9644,8.8452,8.7537,5.7257,1.3316,1444219.9726,1444219.9726,973320.6673,10846091.9942,10846091.9942
688092.SH,20250725,24.0,0.9972,2.1184,0.83,29.6156,32.5176,3.1715,4.3954,4.3582,2.2454,1.4923,8269.0657,8269.0657,3892.4282,198457.5768,198457.5768
002121.SZ,20250725,5.99,3.0652,4.0549,0.42,,,17.4292,2.2452,2.1626,0.0,,166081.6688,139992.2404,105823.7113,994829.1961,838553.52
002282.SZ,20250725,7.77,1.2342,1.8222,1.01,21.3487,21.3067,1.1656,2.4346,2.3794,1.9932,2.574,52683.8348,50201.5138,34002.9047,409353.3964,390065.7622
600170.SH,20250725,2.5,1.669,3.0292,0.69,10.2482,13.0834,0.7176,0.074,0.0836,2.4,,888593.9744,888593.9744,489596.9199,2221484.936,2221484.936
603589.SH,20250725,33.91,0.9045,1.5234,0.69,12.2531,12.0984,1.9729,3.3721,3.3483,4.4329,3.8367,59811.9472,59811.9472,35515.1278,2028223.1296,2028223.1296
002442.SZ,20250725,6.83,1.7203,2.7784,1.03,24.1924,23.9587,1.9114,0.7892,0.7784,1.7134,1.757,50328.2253,48847.6603,30244.8316,343741.7788,333629.5198
688169.SH,20250725,166.0,1.7614,2.2292,1.58,21.7591,23.307,3.3172,3.6006,3.1783,1.4288,0.4595,25908.555,25908.555,20470.8139,4300820.13,4300820.13
600149.SH,20250725,5.56,2.1399,3.3076,0.52,24.8886,23.9764,8.8371,5.3356,5.326,0.0,,38016.0,38016.0,24595.425,211368.96,211368.96
300478.SZ,20250725,14.46,4.2419,6.2048,1.0,,,27.6979,4.7729,4.5935,0.0,,12667.3,12667.3,8659.9227,183169.158,183169.158
002209.SZ,20250725,16.09,14.3799,18.5246,0.52,45.8848,35.2855,4.3345,2.1058,1.8953,0.1492,0.3232,19902.905,15640.3784,12140.9922,320237.7415,251653.6885
601019.SH,20250725,9.17,0.4917,2.4011,1.18,15.0682,13.8408,1.3077,1.6329,1.6319,6.1069,3.3806,208690.0,208690.0,42738.5758,1913687.3,1913687.3
300237.SZ,20250725,2.09,6.5851,9.0286,1.06,,,56.1089,1.694,1.7196,0.0,,144191.493,144190.143,105166.7751,301360.2204,301357.3989
002212.SZ,20250725,8.15,2.1886,2.3603,0.63,115.7955,92.4835,1.0334,3.4081,3.5157,0.2178,0.4598,117945.3879,116737.6933,108244.8064,961254.9114,951412.2004
002347.SZ,20250725,7.33,2.515,3.7555,0.6,253.554,983.0725,3.1126,3.4436,3.2496,0.0,0.2729,50470.2276,49338.2901,33041.4224,369946.7683,361649.6664
688322.SH,20250725,71.5,3.4088,4.8352,0.95,,,9.8515,50.8073,43.2816,,,40109.984,29219.588,20599.796,2867863.856,2089200.542
688225.SH,20250725,19.19,2.7753,3.0734,1.45,800.3837,,3.9738,2.1352,1.6698,,,40001.0,20910.7763,18882.5361,767619.19,401277.7972
300692.SZ,20250725,6.55,2.1183,2.7442,0.96,46.9153,58.0211,1.2953,2.9041,2.9837,0.5962,0.4477,42450.7648,37533.3573,28973.3914,278052.5094,245843.4903
300768.SZ,20250725,17.38,1.5454,3.344,1.21,69.4334,72.1601,3.395,9.6899,9.4895,0.4523,0.4546,64382.9039,42066.7709,19441.2393,1118974.8698,731120.4782
600865.SH,20250725,9.2,1.4098,4.0709,0.91,26.0735,30.5597,1.5114,17.8031,18.6016,2.5,1.9565,37624.0316,37624.0316,13029.4289,346141.0907,346141.0907
601898.SH,20250725,12.19,0.2569,1.5265,0.49,8.3643,8.8168,1.0366,0.8533,0.8861,6.3659,6.3659,1325866.34,915200.04,154018.6592,16162310.6846,11156288.4876
301075.SZ,20250725,35.4,4.5547,13.287,0.78,,,4.2836,11.7692,13.3829,0.3485,,8000.0,8000.0,2742.3729,283200.0,283200.0
603170.SH,20250725,12.6,0.6055,1.8201,0.84,21.6096,21.848,3.7785,1.9011,1.8695,4.1667,3.1746,40001.0,40001.0,13307.268,504012.6,504012.6
688010.SH,20250725,34.03,4.341,8.7969,1.24,575.511,565.118,3.2668,8.793,8.5802,,0.1657,16056.1578,16056.1578,7923.1877,546391.0499,546391.0499
688119.SH,20250725,4.27,1.7017,4.184,1.03,,,1.614,2.1957,2.1872,0.7494,,112500.0,112500.0,45755.9416,480375.0,480375.0
301505.SZ,20250725,20.78,3.7127,3.7127,0.46,81.8077,82.3551,2.4348,7.7231,7.9943,1.6288,0.9625,11439.9991,7540.6699,7540.6699,237723.1813,156695.1205
301323.SZ,20250725,46.36,4.5425,9.4114,0.97,33.4898,34.8886,2.3426,5.4877,5.3884,0.8537,1.0641,10492.289,6700.7163,3234.1663,486422.518,310645.2077
600502.SH,20250725,4.94,2.311,3.4638,0.8,6.3052,6.3007,0.7885,0.0879,0.087,5.2632,5.4656,171653.3938,171653.3938,114524.2874,847967.7654,847967.7654
301580.SZ,20250725,48.77,8.0391,11.2422,1.24,34.5345,32.7972,2.6412,5.8516,5.6516,0.0,0.952,10656.4537,7201.6992,5149.7953,519715.2469,351226.87
601010.SH,20250725,2.66,1.6806,2.633,0.77,30.8991,36.1262,1.1407,2.5997,2.7046,3.1892,4.5248,184800.0,184800.0,117954.7026,491568.0,491568.0
301126.SZ,20250725,11.86,3.5213,4.654,0.85,91.6685,236.9197,1.3975,0.4655,0.4638,0.3391,0.6897,20540.32,13788.3269,10432.5125,243608.1952,163529.557
688581.SH,20250725,82.5,7.8923,11.1234,2.73,22.7706,22.5047,2.8515,10.4939,10.2203,1.2473,1.6644,8097.8794,4141.6416,2938.5881,668075.0505,341685.432
688019.SH,20250725,157.58,1.1984,1.7322,0.79,49.5912,44.2995,9.3854,14.4217,13.2198,0.1309,0.2195,16794.0414,16794.0414,11618.6197,2646405.0438,2646405.0438
300125.SZ,20250725,6.84,1.5901,2.0391,0.61,,,,29.932,51.4021,0.0,,26759.9995,26542.8408,20697.5148,183038.3966,181553.0311
002524.SZ,20250725,4.71,2.7187,3.6449,0.79,,,21.4063,2.7351,2.7089,0.0,,51846.7074,50829.9424,37913.0716,244197.9919,239409.0287
603099.SH,20250725,37.83,1.97,5.9709,0.99,69.9336,73.131,8.8211,13.5716,13.5546,0.2062,0.2154,26667.0,26667.0,8798.1752,1008812.61,1008812.61
600333.SH,20250725,5.0,0.9339,2.264,0.65,,,1.5766,1.3215,1.3507,0.0,,60903.0684,60903.0684,25121.9808,304515.342,304515.342
002594.SZ,20250725,337.93,1.351,1.9173,0.92,46.127,41.4092,8.6977,2.3894,2.2575,0.9167,0.9167,549466.5855,116241.3941,81905.1221,185681243.238,39281454.3082
600055.SH,20250725,17.95,1.1726,2.1497,1.28,80.2025,79.298,2.6787,8.2789,7.9414,0.7242,0.7242,70306.1058,70306.1058,38348.1077,1261994.5991,1261994.5991
001322.SZ,20250725,8.8,2.0927,2.0927,0.83,127.4744,101.3484,1.8355,1.1934,1.2078,1.4985,1.4781,96716.296,16561.28,16561.28,851103.4048,145739.264
002669.SZ,20250725,12.63,3.5157,4.9488,0.75,,,1.4064,1.2357,1.1131,0.5507,,30340.0,30189.835,21447.6729,383194.2,381297.6161
002510.SZ,20250725,6.62,3.2495,3.873,0.58,70.5514,73.231,2.723,2.4475,2.4522,0.4205,0.4532,101513.8708,100484.6946,84306.7754,672021.8247,665208.6783
002041.SZ,20250725,10.03,1.2297,3.1177,0.92,155.8729,172.7624,2.456,7.0857,7.5066,0.3589,0.2891,88000.0,88000.0,34708.0741,882640.0,882640.0
002370.SZ,20250725,5.63,36.8058,43.1034,1.18,122.6091,142.6232,4.3746,10.3612,11.759,0.0,,74566.753,74566.753,63672.1964,419810.8194,419810.8194
603339.SH,20250725,12.53,0.8803,1.5766,0.9,16.3498,16.5513,1.5219,2.0812,2.0194,2.0487,1.8424,30944.1175,30944.1175,17277.9339,387729.7923,387729.7923
603508.SH,20250725,29.17,1.6501,3.8492,1.55,20.2811,19.3466,2.5417,7.3404,7.2443,3.4506,4.9307,38127.4377,38127.4377,16344.9096,1112177.3577,1112177.3577
000878.SZ,20250725,13.79,2.5509,3.8532,0.71,21.8473,20.1254,1.9059,0.1552,0.15,2.393,1.9579,200362.831,200358.8966,132638.3083,2763003.4395,2762949.1841
920768.BJ,20250725,11.83,4.6978,6.2193,0.93,,107.9893,1.9772,0.8068,0.7755,,,11097.0,7657.1789,5783.905,131277.51,90584.4264
000888.SZ,20250725,14.26,5.353,8.8624,2.55,32.0227,34.2897,2.9505,7.415,7.6214,1.4025,1.7532,52691.3102,52691.3102,31826.6608,751378.0835,751378.0835
600725.SH,20250725,3.4,1.8967,2.7187,0.85,,,14.2412,5.5243,6.1233,0.0,,123247.0,123247.0,85981.0643,419039.8,419039.8
002616.SZ,20250725,6.4,2.1559,3.7979,1.05,21.917,19.6455,1.7076,1.2544,1.2654,1.5624,,74202.4111,47028.8011,26696.5111,474895.431,300984.327
002875.SZ,20250725,16.03,2.1729,2.8095,0.72,,,4.9004,5.3441,5.8365,0.0,,21301.6872,18243.6562,14110.1002,341466.0458,292445.8089
300034.SZ,20250725,17.71,2.3934,4.045,0.55,56.7621,67.5473,3.7693,4.0053,3.8534,0.681,0.5647,79696.1563,76647.6725,45351.393,1411418.9281,1357430.28
688636.SH,20250725,33.52,6.9685,11.8346,3.07,288.9675,144.5538,4.9852,12.8374,11.971,0.2811,0.2843,16771.6671,16762.7405,9870.2626,562186.2812,561887.0616
000620.SZ,20250725,1.67,1.5187,3.3782,0.92,,,2.0257,3.2222,3.8694,0.0,,587181.504,467172.674,210024.6712,980593.1117,780178.3656
300130.SZ,20250725,30.94,5.1957,6.0299,0.69,74.9431,103.3361,4.1334,5.5765,5.7244,2.7817,1.2923,56729.9123,43424.5433,37416.8991,1755223.4866,1343555.3697
600851.SH,20250725,7.14,1.0877,2.1354,0.94,57.0978,56.7856,2.0165,10.8287,10.9151,0.9104,0.9104,120705.6692,73820.611,37600.7099,861838.4781,527079.1625
920239.BJ,20250725,35.05,3.4656,3.4676,0.61,32.364,29.921,7.0955,1.7384,1.6658,,1.019,18207.4204,6959.4118,6955.4118,638170.085,243927.3836
301236.SZ,20250725,56.59,3.6349,4.0738,1.09,298.9655,207.2774,5.2589,1.722,1.6402,0.3181,0.1767,95294.1177,68031.5389,60701.6051,5392694.1206,3849904.7864
600726.SH,20250725,2.62,1.8465,4.8463,0.72,125.1613,94.0896,4.8997,1.1414,1.154,0.0,,790733.621,274734.4834,104676.1352,2071722.087,719804.3465
600933.SH,20250725,16.36,1.036,2.1805,1.03,17.1542,16.7032,1.9901,2.389,2.3808,1.7587,1.8337,98512.1171,97736.9171,46438.0418,1611658.2358,1598975.9638
603767.SH,20250725,17.51,3.8641,11.1279,0.79,162.5429,222.3776,3.9416,5.9538,6.1982,1.1422,1.1422,30863.15,30863.15,10717.15,540413.7565,540413.7565
300940.SZ,20250725,27.27,9.5618,11.451,1.15,294.3496,98.7398,5.4739,13.2784,10.2507,0.0,,22264.4372,14744.7553,12312.1867,607151.2024,402089.477
601778.SH,20250725,3.31,1.6111,2.1171,0.69,36.4388,30.452,0.7704,2.4755,2.3135,0.3254,0.8253,357097.3871,357097.3871,271757.3871,1181992.3513,1181992.3513
688317.SH,20250725,23.9,5.2443,8.3156,0.87,,,1.3003,25.7068,28.7829,0.4547,0.4547,19215.7999,19215.7999,12118.6439,459257.6176,459257.6176
600378.SH,20250725,26.01,0.6401,1.4233,0.81,31.84,30.4597,1.9799,2.4024,2.1633,0.9399,1.0996,128999.962,107256.5363,48236.724,3355289.0116,2789742.5092
603697.SH,20250725,12.47,1.8377,5.9281,1.07,33.8995,32.4487,3.0742,4.5109,4.1335,4.0898,3.769,42769.2098,42769.2098,13258.4489,533332.0462,533332.0462
301270.SZ,20250725,44.87,7.2761,7.8029,0.84,509.3985,283.4616,4.551,23.527,23.2509,0.766,0.2228,10000.0,7406.1625,6906.17,448700.0,332314.5114
601900.SH,20250725,15.01,2.1176,5.6565,1.13,16.3476,13.5401,1.5407,1.4434,1.4394,3.5976,,88197.0094,88197.0094,33018.8402,1323837.1111,1323837.1111
600906.SH,20250725,7.35,1.5934,2.7066,1.04,34.7405,34.3878,1.9772,9.7593,9.5422,1.3605,1.3605,324500.0,212423.495,125052.46,2385075.0,1561312.6883
000058.SZ,20250725,8.43,0.5552,1.8948,0.69,276.3224,291.7366,5.1565,6.0644,6.2701,0.3559,0.1483,123120.0672,98471.1604,28854.8422,1037902.1665,830111.8822
600522.SH,20250725,13.92,1.9998,2.5864,1.14,16.7405,16.7904,1.3716,0.9886,0.9584,1.5805,2.1432,341294.9652,341294.9652,263883.1769,4750825.9156,4750825.9156
300623.SZ,20250725,30.54,2.3965,3.9803,1.32,53.7202,51.5607,4.3836,8.9331,8.4004,0.1677,0.4912,83207.9919,72605.0677,43714.7097,2541172.0726,2217358.7676
603062.SH,20250725,47.67,3.5063,3.9987,0.84,24.4161,22.122,2.5786,2.4065,2.2763,3.8813,3.376,10800.0,3788.64,3322.08,514836.0,180604.4688
300585.SZ,20250725,15.25,2.5033,4.2611,0.94,,,3.6957,5.9284,5.8956,0.0656,,17111.1111,17111.1111,10052.58,260944.4443,260944.4443
601717.SH,20250725,16.69,1.9081,3.0491,1.05,7.5749,7.4861,1.4571,0.8048,0.8028,5.0334,6.7106,178539.993,154216.573,96507.8473,2979832.4832,2573874.6034
603030.SH,20250725,2.84,9.3434,13.1717,3.86,,,4.0351,4.7832,4.7054,0.0,,131693.352,131693.352,93417.4659,374009.1197,374009.1197
300735.SZ,20250725,25.56,1.8721,3.9217,1.17,71.1581,77.9357,4.1075,2.8506,3.058,0.9781,0.9781,76746.0689,75710.9526,36141.7866,1961629.5211,1935171.9485
603202.SH,20250725,101.7,9.5217,9.5217,1.68,14.3178,14.1966,2.5967,3.6446,3.5594,,2.4484,16000.0,3254.3652,3254.3652,1627200.0,330968.9408
600699.SH,20250725,18.33,3.1912,5.1094,1.41,26.8842,25.9664,1.9391,0.4622,0.4517,1.4157,1.3943,140870.1543,136808.4624,85447.7183,2582149.9283,2507699.1158
600538.SH,20250725,6.29,3.5919,3.9876,0.73,,,4.2352,9.6843,9.9461,0.0,,52419.8348,52419.8348,47218.0463,329720.7609,329720.7609
301318.SZ,20250725,34.19,7.6863,11.1643,2.09,37.1672,31.9323,2.5283,6.8871,6.1796,0.4475,1.0947,13513.0876,5851.3647,4028.5047,462012.465,200058.1591
300474.SZ,20250725,78.29,7.2774,8.931,3.18,,,5.8538,87.7378,88.8661,0.1345,0.0766,52261.9223,40646.1459,33120.3464,4091585.8969,3182186.7625
301501.SZ,20250725,53.77,9.2691,9.2691,0.63,36.1664,31.0381,4.0231,4.9887,4.7458,,0.6413,14790.0,3506.7354,3506.7354,795258.3,188557.1625
300473.SZ,20250725,31.12,3.7823,5.378,0.76,144.8856,95.6523,2.9413,1.0409,1.0052,0.0,,15097.3101,15004.9988,10552.8025,469828.2903,466955.5627
600727.SH,20250725,7.97,3.7621,5.721,0.92,16.1424,17.0945,1.3304,0.7331,0.7525,1.2547,1.2547,52858.3135,52852.3135,34755.3948,421280.7586,421232.9386
002871.SZ,20250725,10.74,3.5694,5.0898,0.59,20.0201,19.4962,2.6855,4.5281,4.3677,2.8661,2.8657,24389.1027,14533.071,10191.5861,261938.963,156085.1825
301373.SZ,20250725,33.38,6.651,6.7599,1.03,26.8435,26.4718,2.2956,7.5606,7.4298,0.8987,1.4979,10847.2091,3847.2823,3785.2731,362079.8398,128422.2832
600846.SH,20250725,11.17,1.3256,2.3244,0.97,17.185,16.6639,1.6759,1.6723,1.7107,1.7905,1.7905,62476.1516,62476.1516,35630.1471,697858.6134,697858.6134
600928.SH,20250725,3.92,0.5329,1.9961,0.75,6.8094,6.7321,0.5239,2.1272,2.0881,1.4286,2.551,444444.4445,442335.4066,118102.3627,1742222.2224,1733954.7939
920974.BJ,20250725,9.41,6.4648,7.4866,0.62,75.8321,94.9517,2.4547,1.4519,1.5618,1.4346,,16380.0,12877.2918,11119.7884,154135.8,121175.3158
002902.SZ,20250725,20.47,5.2955,6.0938,0.64,,,5.3051,2.9521,3.0326,0.0,,23547.7062,17763.2246,15436.2478,482021.5459,363613.2076
301019.SZ,20250725,17.06,2.5422,3.2884,0.56,28.5173,27.0854,2.7937,5.8126,5.9009,1.6748,3.4534,16799.9995,11146.5861,8617.2052,286607.9915,190160.7589
300640.SZ,20250725,6.6,4.4241,5.3183,0.9,225.3853,180.2616,2.5587,2.2637,2.0969,1.0606,0.303,31099.3427,22074.913,18363.2738,205255.6618,145694.4258
002460.SZ,20250725,39.43,6.3667,7.1341,1.41,,,1.9352,4.2069,4.5139,2.0289,0.3804,201716.7779,120872.1796,107869.7099,7953692.5526,4765990.0416
002520.SZ,20250725,6.61,4.3113,5.7383,0.71,,,10.6276,2.7486,2.9227,0.0,,75024.5171,71744.0171,53902.5573,495912.058,474227.953
688111.SH,20250725,305.53,1.5037,3.5793,1.29,86.0232,84.1916,12.3903,27.6352,27.2301,0.2871,0.294,46317.9293,46317.9293,19458.0468,14151516.939,14151516.939
600905.SH,20250725,4.38,0.5294,1.1189,0.81,20.4885,20.404,1.4045,4.2135,4.2523,1.7829,1.7829,2858765.0142,2858765.0142,1352516.4842,12521390.7622,12521390.7622
600346.SH,20250725,15.68,0.3937,1.495,0.55,15.6701,15.8693,1.7763,0.4671,0.4699,3.5077,2.8699,703909.9786,703909.9786,185385.0616,11037308.4644,11037308.4644
920870.BJ,20250725,18.76,4.9081,8.6785,0.65,116.9322,116.2738,5.7115,28.1188,25.6103,0.7996,0.5864,13400.0,6600.29,3732.76,251384.0,123821.4404
600104.SH,20250725,17.47,0.4385,1.421,0.86,121.3534,102.3494,0.6925,0.3293,0.33,2.0929,2.0929,1157529.9445,1157529.9445,357187.0166,20222048.1304,20222048.1304
300319.SZ,20250725,11.0,1.8228,2.4355,0.81,29.0043,28.978,2.1286,3.0699,2.9714,0.8426,1.0426,87909.5862,82970.9988,62099.8332,967005.4482,912680.9868
603220.SH,20250725,22.75,3.6289,5.0785,1.08,68.237,84.3364,5.1152,3.3104,3.5227,0.509,0.4835,43425.2192,43425.2192,31029.8677,987923.7368,987923.7368
301507.SZ,20250725,15.26,6.9944,6.9944,1.36,59.2484,56.8746,3.4559,8.485,8.024,0.6553,0.6533,35655.433,11053.1858,11053.1858,544101.9076,168671.6153
300695.SZ,20250725,91.3,1.4918,5.1264,0.61,66.8392,64.3893,3.6222,14.0293,13.9062,0.5292,0.6858,10225.6924,10225.6924,2975.6923,933605.7161,933605.7161
300214.SZ,20250725,7.06,1.5447,2.3171,0.53,,,1.3486,0.9334,0.8545,0.5559,,46516.2614,40268.3086,26844.2085,328404.8055,284294.2587
605218.SH,20250725,22.8,1.6486,5.5451,1.25,86.6783,82.9731,3.7126,2.3936,2.3339,0.5965,0.2412,21283.346,21283.346,6327.5505,485260.2888,485260.2888
002245.SZ,20250725,14.13,3.0808,3.59,0.55,33.3684,29.1256,2.3261,2.4094,2.3074,0.1062,0.46,115204.6537,108343.0357,92976.5879,1627841.7568,1530887.0944
000703.SZ,20250725,6.18,0.4192,1.0463,0.72,95.1707,,0.9811,0.1775,0.184,1.5214,0.7412,360261.7872,358365.0372,143565.1188,2226417.8449,2214695.9299
688005.SH,20250725,23.26,3.464,3.5478,0.83,56.1808,52.324,2.0357,1.1019,1.1577,0.8698,1.5683,71472.547,46508.0406,45409.1473,1662451.4432,1081777.0244
920039.BJ,20250725,16.2,4.5183,14.6807,0.42,44.7872,47.7816,4.8336,7.631,7.3467,1.7284,1.2346,15382.0,15381.99,4734.09,249188.4,249188.238
601398.SH,20250725,7.49,0.1227,0.9557,0.82,7.2964,7.3668,0.7307,3.2483,3.2765,4.0908,4.1121,35640625.7089,26961221.2539,3462274.4921,266948286.5597,201939547.1917
002031.SZ,20250725,8.16,3.4282,3.7459,0.41,,,8.2046,18.2674,17.6624,0.0,,219939.567,198224.8013,181411.1413,1794706.8667,1617514.3786
920261.BJ,20250725,15.61,1.1938,1.7822,0.33,25.7399,24.1735,3.0115,0.6627,0.649,1.8661,1.8661,29113.2748,17089.4686,11447.1877,454458.2196,266766.6048
300341.SZ,20250725,16.85,2.4822,5.2078,0.76,53.9964,52.9844,4.7979,6.4406,6.3578,0.4154,0.4154,51741.0336,51532.7661,24562.2757,871836.4162,868327.1088
605123.SH,20250725,75.6,1.124,2.5834,0.55,34.7106,34.189,2.0545,2.8513,2.8319,2.381,1.0291,12117.0892,12117.0892,5272.0892,916051.9435,916051.9435
600717.SH,20250725,4.76,0.6996,1.6354,0.94,13.8638,14.3008,0.7112,1.1413,1.1203,2.1429,2.1849,289400.1038,289400.1038,123802.7519,1377544.4941,1377544.4941
301262.SZ,20250725,25.91,1.8086,4.9883,0.95,26.9934,26.4565,2.9521,11.0402,11.1309,1.1115,1.9143,41700.0,12207.5392,4426.0914,1080447.0,316297.3407
605068.SH,20250725,17.98,0.9489,3.0871,0.8,,,1.8977,2.4718,2.3572,0.0,,16214.0136,16214.0136,4984.0136,291527.9645,291527.9645
688033.SH,20250725,7.05,1.8339,2.453,0.48,,,1.1074,5.1943,6.1153,0.3542,0.3542,56219.8596,56219.8596,42029.9324,396350.0102,396350.0102
603280.SH,20250725,37.47,53.8826,53.8826,1.43,44.7381,43.7752,3.1442,4.0564,4.2899,0.9074,0.6939,10840.6667,2794.1667,2794.1667,406199.7812,104697.4262
600481.SH,20250725,5.82,3.7377,6.8474,0.58,,,2.4614,0.8364,1.0034,2.0585,,187376.8632,187376.8632,102280.878,1090533.3438,1090533.3438
002845.SZ,20250725,14.85,1.7649,2.0856,0.76,149.5988,,1.8434,0.5089,0.5199,0.5387,0.2603,32755.1705,25023.5351,21175.0533,486414.2819,371599.4962
002615.SZ,20250725,8.38,4.523,5.7525,1.06,13.636,13.1779,2.3693,1.1728,1.129,1.1818,2.9664,46626.7732,30604.8207,24063.4711,390732.3594,256468.3975
301030.SZ,20250725,18.99,3.3637,3.8287,0.55,,,3.4463,1.8712,1.9924,1.1183,,20238.333,16144.691,14183.991,384325.9437,306587.6821
920223.BJ,20250725,11.16,2.2725,3.2579,0.58,,,6.789,6.0904,5.7124,,,15728.5,8158.375,5690.875,175530.06,91047.465
002056.SZ,20250725,16.26,2.9592,5.9957,0.83,14.4793,13.6936,2.7009,1.4252,1.3531,2.3774,2.7376,162671.2074,162505.8009,80205.8009,2645033.8323,2642344.3226
600188.SH,20250725,13.31,0.8166,3.1642,0.61,9.2616,9.9862,2.3477,0.9603,1.0292,10.3434,5.7858,1003748.0544,592391.1084,152876.8213,13359886.6041,7884725.6528
002459.SZ,20250725,11.65,1.8106,3.4492,0.67,,,1.5006,0.5499,0.5948,4.7969,,330967.9544,330542.0405,173511.2833,3855776.6688,3850814.7718
688188.SH,20250725,134.34,0.3611,1.0219,0.92,43.8904,41.0139,7.2881,22.3241,20.9392,1.3315,1.5292,28839.1239,28839.1239,10189.5503,3874247.9047,3874247.9047
600416.SH,20250725,14.07,2.1811,3.6177,0.8,74.9066,77.3854,2.4755,3.9667,4.0106,0.0,,132540.6445,132540.6445,79908.5747,1864846.8681,1864846.8681
300897.SZ,20250725,28.07,5.5377,10.227,0.4,48.322,52.9863,4.0826,5.9268,6.1468,1.4449,1.5142,14021.9804,8765.7631,4746.4739,393596.9898,246054.9702
300119.SZ,20250725,21.92,4.5337,5.6375,1.27,33.8765,30.952,2.3047,3.3185,3.0335,1.8163,1.3404,46475.4706,33496.2021,26937.6503,1018742.3156,734236.75
603937.SH,20250725,10.42,6.576,17.8054,1.43,,,1.4088,1.3783,1.2946,0.9309,,20888.0925,20888.0925,7714.5527,217653.9239,217653.9239
600580.SH,20250725,23.67,7.3431,12.007,0.57,46.6374,44.1058,3.6429,2.2758,2.2349,0.3511,0.5264,156211.7511,156211.7511,95533.9972,3697532.1485,3697532.1485
600682.SH,20250725,7.54,13.6269,24.3589,3.06,44.1156,44.3567,0.5752,1.515,1.5175,0.3958,0.2111,134613.2221,116506.0275,65175.6975,1014983.6946,878455.4474
603298.SH,20250725,22.19,0.7314,1.9002,0.9,14.3741,13.9767,2.9263,1.763,1.7279,1.6095,2.2533,130981.2049,130981.2049,50413.7501,2906472.9367,2906472.9367
300745.SZ,20250725,19.83,3.3793,3.7968,0.79,,,1.4637,1.486,1.4517,0.0,,16761.4391,14128.5215,12574.9639,332379.3374,280168.5813
603936.SH,20250725,10.12,8.7645,11.4078,0.98,,,1.4846,1.9532,1.8932,0.1976,,63039.8004,63039.8004,48432.8493,637962.78,637962.78
002090.SZ,20250725,9.94,5.029,6.3774,0.66,55.0974,58.1369,2.6489,2.2455,2.3665,0.7545,0.6539,40057.7071,39601.7512,31228.4434,398173.6086,393641.4069
001696.SZ,20250725,23.63,2.6973,3.4477,0.54,58.6471,47.679,5.4297,2.6058,2.3913,1.058,0.8464,114502.692,89133.9725,69733.7925,2705698.612,2106235.7702
000712.SZ,20250725,14.71,18.1814,31.5233,2.98,,,5.8236,19.89,19.7095,0.0,,89600.0,89573.4125,51662.3621,1318016.0,1317624.8979
000679.SZ,20250725,9.58,6.3883,8.8799,0.92,,,14.1367,9.1722,7.9896,0.0,,35640.0,35640.0,25640.0,341431.2,341431.2
603290.SH,20250725,86.32,2.5256,5.4881,1.61,40.7184,46.062,3.1158,6.0966,5.8975,1.3214,0.7368,23947.3466,23947.3466,11020.6475,2067134.9585,2067134.9585
603207.SH,20250725,32.88,9.0691,9.0691,0.76,25.7182,24.7954,5.0119,11.1239,11.0272,,4.562,16055.9967,4000.0,4000.0,527921.1715,131520.0
603039.SH,20250725,65.42,2.5186,5.2221,1.07,84.0063,84.7914,7.8553,7.2185,7.2641,0.3406,0.227,26060.3073,26060.3073,12569.0389,1704865.3036,1704865.3036
601929.SH,20250725,1.91,4.2878,6.2501,1.42,,,1.2686,3.3634,3.1244,0.0,,348978.8168,348978.8168,239409.0804,666549.5401,666549.5401
002101.SZ,20250725,12.78,1.7115,3.4832,1.42,20.4502,21.5545,1.1118,1.0543,1.0111,2.5049,2.4491,66437.6239,66219.7199,32538.3311,849072.8334,846288.0203
688633.SH,20250725,28.37,0.5615,1.6775,1.11,27.5558,29.8944,2.6725,6.4472,6.3479,1.1468,1.2294,14376.9462,14376.9462,4812.1462,407873.9637,407873.9637
300269.SZ,20250725,5.18,4.4437,5.2846,0.79,448.6269,686.7487,32.9128,4.2742,4.5328,0.0,,54911.3825,52567.5103,44202.5723,284440.9614,272299.7034
301588.SZ,20250725,19.16,1.9499,3.0649,0.94,38.9121,40.0926,2.4645,2.7341,2.7396,0.9916,0.7307,11886.7754,7335.9183,4667.047,227750.6167,140556.1946
601828.SH,20250725,3.11,0.6282,1.973,1.03,,,0.2949,1.7316,1.8489,0.0,,435473.2673,361344.7039,115060.2502,1354321.8613,1123782.0291
001228.SZ,20250725,25.07,1.6908,2.9608,1.07,29.665,28.7156,1.5762,0.6678,0.6074,3.7684,2.5514,10386.4609,10386.4609,5931.4609,260388.5748,260388.5748
600507.SH,20250725,5.83,2.746,5.012,0.66,54.412,33.3172,1.4233,0.6255,0.6505,1.7285,0.5538,231318.789,231318.789,126733.9177,1348588.5399,1348588.5399
601187.SH,20250725,7.12,2.281,2.4807,0.69,7.2421,7.5534,0.7424,3.2627,3.4259,6.4607,4.3539,263912.7888,128404.6023,118069.1613,1879059.0563,914240.7684
301172.SZ,20250725,21.51,2.3789,3.1471,0.92,80.4695,95.6871,2.5646,9.7907,10.7344,0.9962,0.6641,17248.0,9876.608,7465.808,371004.48,212445.8381
600469.SH,20250725,6.01,1.3935,3.4,0.71,15.6046,18.6771,1.3231,0.6535,0.6383,4.8253,2.6622,72945.0871,72945.0871,29896.8215,438399.9735,438399.9735
603708.SH,20250725,10.6,0.7452,2.517,1.1,51.2798,53.4182,2.8543,0.3706,0.3757,2.7959,1.755,63833.8675,63833.8675,18898.2586,676638.9955,676638.9955
600552.SH,20250725,11.58,1.514,2.1408,0.95,78.0442,72.8157,2.6382,2.2352,2.2345,0.4318,0.4318,94460.6894,94460.6894,66803.3558,1093854.7833,1093854.7833
603139.SH,20250725,22.8,6.2499,12.3535,3.13,,,2.7108,4.0547,4.0986,0.0,,9988.0,9988.0,5053.0963,227726.4,227726.4
301222.SZ,20250725,29.68,4.5913,4.5913,1.07,23.1938,26.1173,2.1513,4.284,4.2999,1.0062,0.9999,10133.34,2931.84,2931.84,300757.5312,87017.0112
600930.SH,20250725,6.77,21.3592,21.3592,0.55,31.4073,30.8395,2.6271,8.1654,7.8551,,,4096894.4214,250517.5252,250517.5252,27735975.2329,1696003.6456
300891.SZ,20250725,9.6,2.1173,3.7577,0.35,868.6294,1057.7432,2.9807,2.3132,2.2095,0.3113,0.1035,40000.792,33242.167,18730.4198,384007.6032,319124.8032
601616.SH,20250725,3.93,1.4349,2.0076,0.69,44.8959,53.8174,1.3981,3.2354,3.2719,1.7812,1.7812,85367.5319,85367.5319,61015.9149,335494.4004,335494.4004
301022.SZ,20250725,32.28,4.3627,6.7872,0.83,177.5463,95.0302,2.8072,4.1208,3.8268,0.7733,0.9089,8666.1176,5411.4007,3478.3655,279742.2761,174680.0146
003039.SZ,20250725,14.28,0.6588,3.3206,0.55,32.8583,32.6185,3.3186,4.7954,4.5651,1.2115,1.4706,61751.873,61751.873,12251.873,881816.7464,881816.7464
002553.SZ,20250725,24.75,9.164,10.7933,0.46,353.096,66.0122,7.2408,10.9844,10.7774,0.8081,0.8081,34800.0,25080.0,21294.2168,861300.0,620730.0
920284.BJ,20250725,28.81,5.4053,7.2755,0.6,,,9.712,14.2938,13.431,0.1041,,10478.5645,6776.2315,5034.3964,301887.4432,195223.2295
603286.SH,20250725,29.05,5.0488,7.9076,1.18,303.6186,,3.8743,3.5143,3.3478,0.1005,0.1025,11742.3931,11541.4831,7368.9831,341116.5196,335280.0841
600764.SH,20250725,35.41,1.7989,5.5632,1.28,110.3664,98.5325,3.0771,7.9302,7.5652,0.5676,0.5676,71062.9386,71062.9386,22978.9134,2516338.6558,2516338.6558
300632.SZ,20250725,12.96,2.2239,2.7411,0.55,75.772,81.6525,2.2471,4.9313,4.9137,2.8796,2.1428,30518.162,22120.9758,17946.6132,395515.3795,286687.8464
002093.SZ,20250725,12.42,2.3649,5.105,0.67,74.2118,62.146,3.411,22.7752,22.6587,0.5549,0.7927,100750.0,100686.625,46642.8644,1251315.0,1250527.8825
300198.SZ,20250725,2.35,1.4701,1.8476,0.79,,,28.8801,15.4241,19.2254,0.0,,103154.854,102446.6411,81512.3582,242413.9069,240749.6066
300183.SZ,20250725,17.39,1.854,3.3298,0.79,120.3809,126.8675,2.587,7.8069,7.5768,0.575,0.575,46260.9137,40653.7112,22635.2787,804477.2892,706968.0378
002987.SZ,20250725,21.29,3.5206,8.7358,0.59,59.2799,59.6242,6.8231,3.9846,3.949,0.4061,0.8388,86768.7711,84344.4625,33991.0833,1847307.1367,1795693.6066
603602.SH,20250725,15.49,1.637,2.3635,0.55,188.3448,151.1373,3.4321,2.1338,2.2187,0.3358,0.313,22933.8293,22933.8293,15884.3162,355245.0159,355245.0159
001359.SZ,20250725,52.9,18.3738,18.3738,0.63,45.1203,43.1964,5.3724,9.2836,8.9486,0.5104,0.6805,18550.3165,4638.0,4638.0,981311.7429,245350.2
688148.SH,20250725,5.66,1.9778,2.6474,0.69,,,8.276,1.336,1.3441,,,51017.3053,51017.3053,38113.5152,288757.948,288757.948
001207.SZ,20250725,24.27,1.8683,3.8128,0.56,18.0458,16.3659,2.5808,2.1675,2.0884,2.4423,1.6282,20235.5964,19654.8571,9630.8354,491117.9246,477023.3818
002106.SZ,20250725,10.74,2.1349,2.9764,1.14,20.2446,22.8291,1.3992,1.2858,1.2848,2.3277,0.9311,70581.616,70413.4658,50506.1147,758046.5558,756240.6227
300895.SZ,20250725,47.86,10.7204,21.8512,1.66,,,8.2222,24.2492,24.2317,0.0,,14080.0657,13817.2254,6778.895,673871.9444,661292.4076
600998.SH,20250725,5.39,0.5963,1.3124,0.93,10.8395,9.2459,1.0675,0.179,0.1772,3.5955,3.6693,504247.0234,504247.0234,229116.1831,2717891.4561,2717891.4561
600158.SH,20250725,8.79,2.4369,3.377,0.93,134.3256,553.6284,3.2545,3.3498,3.9928,0.2617,0.2241,95951.3067,95951.3067,69239.4885,843411.9859,843411.9859
300155.SZ,20250725,5.08,2.9845,4.2046,1.07,,,2.2811,13.7843,14.8636,0.0,,56122.7744,33070.9357,23473.8433,285103.694,168000.3534
002226.SZ,20250725,6.17,5.7695,14.3178,0.88,18.3426,18.3139,1.7243,1.7239,1.7183,1.1345,1.2156,264892.2855,264888.1652,106740.0367,1634385.4015,1634359.9793
301005.SZ,20250725,37.4,4.4897,8.7248,0.59,473.0371,357.8588,6.6854,7.9682,7.3577,0.2056,0.1323,13426.7251,13237.1786,6811.76,502159.5187,495070.4796
002566.SZ,20250725,8.36,2.2855,2.656,0.85,53.1189,64.4462,1.2495,4.1389,4.4112,1.7943,1.1962,33095.16,23179.0468,19945.3335,276675.5376,193776.8312
301111.SZ,20250725,17.47,2.0647,6.1021,0.93,671.4897,,3.7126,10.0316,10.0455,0.5724,0.2862,16000.0,16000.0,5413.848,279520.0,279520.0
000906.SZ,20250725,6.67,1.2071,2.2136,0.69,12.8328,14.9264,0.9896,0.0234,0.0228,5.1722,2.9938,70966.3179,70123.9764,38238.6951,473345.3404,467726.9226
600979.SH,20250725,5.1,1.5846,2.4505,0.66,27.2957,27.9964,1.4223,2.0016,1.9806,1.0588,1.1176,126165.6994,123225.979,79682.7,643445.0669,628452.4929
002787.SZ,20250725,8.77,1.8324,2.2975,0.7,41.5553,39.935,1.6077,1.2002,1.2097,0.0,1.1308,33517.6599,25086.1114,20007.7388,293949.8773,220005.197
000768.SZ,20250725,28.62,0.7557,1.6732,0.55,77.7738,76.5562,3.7785,1.8418,1.8425,0.3495,0.4193,278114.9071,277272.5857,125229.6139,7959648.6412,7935541.4027
688586.SH,20250725,11.37,0.8875,2.3435,0.83,71.7528,106.4147,3.6794,8.2328,9.0504,1.1434,0.7916,79133.9156,79133.9156,29969.6828,899752.6204,899752.6204
600436.SH,20250725,203.83,0.4748,0.9684,0.84,41.308,40.9603,8.057,11.3993,11.4302,1.7024,0.5642,60331.721,60331.721,29579.4567,12297414.6914,12297414.6914
601788.SH,20250725,18.9,1.9765,4.3108,1.41,28.4927,27.2726,1.4666,9.0791,8.8032,1.9619,0.4788,461078.7639,390669.8839,179122.5656,8714388.6377,7383660.8057
300509.SZ,20250725,9.32,6.5227,12.6001,2.38,61.0456,48.6997,4.9227,2.5693,2.5344,1.2876,1.6094,29640.0,24710.3523,12791.8741,276244.8,230300.4834
600707.SH,20250725,6.41,1.5724,4.3522,1.38,18.5515,17.9065,1.0532,1.972,1.9633,0.0,,358838.9732,358766.9732,129621.5326,2300157.8182,2299696.2982
920087.BJ,20250725,18.96,5.7345,13.023,1.32,62.0973,70.5998,5.8915,8.0064,8.3449,1.0549,0.7911,16520.0,16062.4725,7072.9289,313219.2,304544.4786
600153.SH,20250725,10.61,0.6221,1.169,0.98,10.4434,10.5143,0.5596,0.0439,0.0431,6.8354,6.7058,289953.8551,289953.8551,154285.0566,3076410.4026,3076410.4026
603839.SH,20250725,7.17,1.1381,4.2363,0.93,,,1.5677,1.3711,1.3282,1.6049,1.3808,38903.45,38903.45,10451.4982,278937.7365,278937.7365
002698.SZ,20250725,16.37,1.0496,1.6517,0.79,31.9315,29.4358,4.5655,5.8474,5.7699,1.5164,1.5272,102256.0873,84143.8051,53468.5774,1673932.1491,1377434.0895
300671.SZ,20250725,32.46,3.3004,4.8348,1.73,,,4.3884,10.3676,10.023,0.0,,21772.4473,21713.6608,14822.6565,706733.6394,704825.4296
000678.SZ,20250725,16.28,6.7121,12.3869,0.46,,,9.5761,5.1417,5.1118,0.0,,45961.1797,45961.1797,24905.2667,748248.0055,748248.0055
002321.SZ,20250725,2.5,0.9563,1.5985,0.7,164.7755,275.9239,5.6163,1.1272,1.1205,0.0,,213289.0071,212421.2084,127079.8608,533222.5178,531053.021
002872.SZ,20250725,4.59,0.8848,0.8915,0.84,,,0.7322,2.562,2.7168,0.0,,31800.0,21491.8134,21328.9334,145962.0,98647.4235
688696.SH,20250725,105.05,2.059,2.8676,1.43,61.2063,43.6506,2.4563,2.1599,2.1698,0.2771,,7000.0,7000.0,5026.0823,735350.0,735350.0
301190.SZ,20250725,23.05,1.5262,3.1662,1.32,93.426,96.7242,2.6188,9.8042,9.3642,0.6326,0.6226,21463.65,15935.4,7681.19,494737.1325,367310.97
002156.SZ,20250725,26.57,2.5149,3.4772,1.25,59.5089,59.2556,2.7402,1.6884,1.633,0.0452,0.1694,151759.6912,151745.2222,109752.9729,4032254.9952,4031870.5539
301109.SZ,20250725,14.14,5.7029,5.7997,1.21,20.8062,19.0688,1.5357,4.5905,4.132,3.3072,4.5464,78910.0842,20533.5811,20190.6487,1115788.5906,290344.8368
002908.SZ,20250725,11.33,7.4566,10.7611,0.84,239.8766,244.1449,4.4206,7.4313,7.6564,0.4363,0.4363,43143.2088,35985.8632,24935.4645,488812.5557,407719.8301
300195.SZ,20250725,7.99,6.2992,6.7624,0.42,268.523,235.0065,1.2674,2.0616,2.0647,0.0,,42370.7756,31391.2481,29240.8231,338542.497,250816.0723
603165.SH,20250725,12.56,3.8188,7.9068,0.96,11.958,12.8862,1.58,1.5319,1.5415,3.874,3.8303,27262.2828,27262.2828,13166.9941,342414.272,342414.272
300085.SZ,20250725,43.31,7.2734,11.1398,0.9,,,58.9466,35.4774,37.0162,0.0,,70664.0535,63486.636,41451.8865,3060460.1571,2749606.2052
688112.SH,20250725,36.82,1.5075,5.2284,2.36,52.2857,47.88,3.9244,11.7847,11.1575,2.39,1.3851,15920.0019,15920.0019,4590.3175,586174.47,586174.47
300806.SZ,20250725,17.08,1.6379,1.9078,0.66,141.0728,168.7359,3.4792,2.8776,2.8699,0.1165,0.0583,45330.0503,31642.0669,27166.0116,774237.2591,540446.5027
605399.SH,20250725,14.0,2.1352,6.0159,0.39,105.6908,398.0073,1.9914,3.7696,3.9089,0.717,,31224.1328,31155.7328,11057.8878,437137.8592,436180.2592
600388.SH,20250725,12.3,0.612,0.907,0.65,18.812,19.1306,1.559,1.5591,1.6092,1.3745,2.2764,127004.6293,127004.6293,85695.3976,1562156.9404,1562156.9404
300364.SZ,20250725,26.6,10.1815,11.9928,1.42,,,21.5249,16.718,16.5693,0.0,,72850.0118,66042.5473,56068.4187,1937810.3139,1756731.7582
301626.SZ,20250725,144.95,10.075,10.075,0.76,90.4289,91.4525,11.2594,17.783,17.531,,0.3863,11568.0,2602.8,2602.8,1676781.6,377275.86
000592.SZ,20250725,3.06,2.9588,3.5769,0.84,,,3.1258,3.781,4.7182,0.0,,193178.0892,191509.2449,158411.7626,591124.953,586018.2894
600061.SH,20250725,7.82,0.6471,1.7935,0.94,18.5581,16.5319,0.969,24.5091,23.7219,1.4124,1.624,639398.1723,639398.1723,230704.0442,5000093.7074,5000093.7074
688252.SH,20250725,24.28,5.1355,7.3605,1.6,36.1285,30.438,4.3038,4.7246,4.025,0.2286,0.2946,40902.1341,18233.9485,12721.8882,993103.8159,442720.2696
002467.SZ,20250725,6.13,3.9092,4.5938,0.73,123.0156,147.1974,4.4421,9.7169,10.5656,0.0,0.1631,137537.1873,136359.6664,116037.5479,843102.9581,835884.755
300164.SZ,20250725,5.43,6.332,7.075,0.63,57.4217,60.9327,2.2952,2.6713,2.6057,0.0,,58845.8629,58321.0778,52196.4142,319533.0355,316683.4525
601236.SH,20250725,8.93,1.0617,4.5797,0.88,55.1308,44.806,1.7349,20.8324,19.1435,1.1982,1.6797,471678.7742,471678.7742,109351.8042,4212091.4536,4212091.4536
300487.SZ,20250725,54.66,1.0758,1.374,1.06,35.2485,34.206,7.6272,10.8648,11.1,1.2499,1.3138,50766.5541,30662.6865,24008.626,2774899.8471,1676022.4441
605011.SH,20250725,22.75,0.7873,3.9393,0.65,42.9413,44.6689,3.9502,2.5707,2.6622,0.7033,0.7033,40010.0,40010.0,7996.67,910227.5,910227.5
301291.SZ,20250725,40.86,2.0262,2.0262,0.98,19.2545,18.6232,2.7938,1.9796,1.8996,1.5663,1.7621,31220.0,17477.1195,17477.1195,1275649.2,714115.1028
600345.SH,20250725,24.14,1.4545,2.2957,0.78,46.6196,43.1949,2.2737,8.6148,8.5831,0.3314,0.2278,32961.2132,21155.9297,13404.0182,795683.6866,510704.143
000931.SZ,20250725,5.57,1.4281,2.0862,0.63,78.2748,72.6801,2.6151,1.6567,1.6502,0.0,,75312.6982,75102.9532,51410.927,419491.729,418323.4493
605580.SH,20250725,15.25,2.7251,10.5951,1.09,31.2603,27.3838,4.6707,5.2446,4.9995,2.2951,2.2951,28000.0,28000.0,7201.6,427000.0,427000.0
688084.SH,20250725,101.65,5.8977,5.8977,0.66,,,4.9338,46.9695,42.3254,0.1947,,7565.9066,3532.5611,3532.5611,769074.4059,359084.8358
603235.SH,20250725,28.32,0.8041,2.8917,1.29,19.0379,17.1659,2.7302,5.6136,5.3142,1.76,2.3868,43778.0,14706.52,4089.3509,1239792.96,416488.6464
603987.SH,20250725,8.4,2.7551,4.5597,1.61,17.0393,17.026,1.4473,1.6224,1.6382,1.9048,1.7857,43679.088,43679.088,26392.2655,366904.3392,366904.3392
688708.SH,20250725,71.93,9.2933,9.2933,0.95,55.6197,61.7306,9.3584,30.0703,32.5494,,0.5561,40001.0,3840.96,3840.96,2877271.93,276280.2528
603379.SH,20250725,46.4,0.9881,2.6585,0.91,36.3839,27.6417,4.2961,7.0122,6.5985,0.4957,0.9639,61047.9037,61047.9037,22688.9564,2832622.7317,2832622.7317
000762.SZ,20250725,23.38,13.9005,17.5685,1.5,109.0446,163.2704,4.1499,19.5838,22.4748,0.4277,0.2139,52117.414,52080.0618,41206.7135,1218505.1393,1217631.8449
002724.SZ,20250725,7.65,1.72,4.1964,0.55,,,2.2472,3.4436,3.3085,0.5131,0.6502,77149.7994,57176.5616,23435.4665,590195.9654,437400.6962
300163.SZ,20250725,3.33,22.7762,24.3233,4.09,,75.172,3.1007,6.0961,5.618,0.0,,47400.0,42545.9051,39839.7228,157842.0,141677.864
300205.SZ,20250725,4.85,1.6427,2.6747,1.01,,,1.955,2.4631,3.7515,0.4124,,43005.6,42960.6036,26385.7631,208577.16,208358.9275
002828.SZ,20250725,10.25,7.0334,8.1445,1.05,476.6814,,3.0577,2.1653,2.223,0.8613,0.4878,20098.76,19390.6006,16745.0634,206012.29,198753.6562
002362.SZ,20250725,25.14,6.5664,8.2898,1.38,,,5.4468,3.3822,3.2963,0.0,,24445.4646,20759.3932,16443.7784,614558.98,521891.145
002617.SZ,20250725,7.8,2.5447,3.2693,0.83,58.1335,54.411,2.4077,4.0357,3.9493,,,192300.5903,189145.3762,147224.4581,1499944.6043,1475333.9344
301089.SZ,20250725,34.82,11.9927,17.1657,1.24,,,2.8447,10.449,10.7374,0.718,,12654.45,9097.6313,6356.0079,440627.949,316779.5219
300688.SZ,20250725,34.59,11.3234,13.3396,2.0,,,13.5339,26.0876,27.9238,0.0145,,16737.9464,14829.4083,12588.0082,578965.566,512949.2331
688682.SH,20250725,33.55,2.4439,6.3949,0.91,236.719,202.6912,5.3302,12.6991,12.0797,0.4258,0.5961,10183.8895,10183.8895,3891.9661,341669.4927,341669.4927
688167.SH,20250725,82.22,4.7339,6.0654,1.7,,,3.5703,11.9162,11.322,0.3716,,8985.9524,8985.9524,7013.3328,738825.0063,738825.0063
688689.SH,20250725,24.78,1.2598,3.7575,1.03,44.4418,52.6594,2.7408,3.5138,3.4249,0.807,0.9157,12890.3167,12890.3167,4321.7635,319422.0478,319422.0478
300644.SZ,20250725,32.15,11.7117,16.308,0.42,41.92,38.4255,3.9147,1.4809,1.3957,0.7516,0.7664,10996.9461,8790.5791,6313.0213,353551.8171,282617.1181
300222.SZ,20250725,10.7,3.2552,3.521,0.6,118.9059,103.5486,4.9932,3.0409,2.8905,0.0,,77828.1234,63380.3509,58596.2043,832760.9204,678169.7546
920184.BJ,20250725,21.6,30.1892,42.286,1.84,241.5842,238.5089,4.7298,10.674,10.9393,,,13261.3709,8772.3735,6262.8482,286445.6114,189483.2676
600533.SH,20250725,2.75,1.4902,2.6405,0.98,,,0.8879,1.3636,1.4721,0.0,,105000.0,105000.0,59256.032,288750.0,288750.0
002736.SZ,20250725,14.08,1.0089,3.4917,1.41,16.4714,14.5266,1.5581,6.7111,6.1277,1.9176,2.4858,961242.9377,913884.1807,264068.9313,13534300.5628,12867489.2643
688220.SH,20250725,84.18,4.7501,7.4175,2.91,,,6.2805,10.4002,10.1607,,,41830.0889,36040.8158,23080.0969,3521256.8836,3033915.874
920418.BJ,20250725,29.96,1.4975,2.7225,0.52,32.3147,31.8573,6.0455,6.8045,6.7685,0.894,0.9735,16248.96,15599.6309,8580.5943,486818.8416,467364.9418
300337.SZ,20250725,10.93,1.8094,2.837,0.79,155.7214,207.1732,5.3531,1.6785,1.6047,0.183,0.0915,82192.0,71138.3934,45371.4645,898358.56,777542.6399
300871.SZ,20250725,22.31,12.0416,22.557,2.37,,110.7822,2.3278,3.7607,3.2415,0.9877,0.4752,20233.2557,20233.2557,10801.1044,451403.9347,451403.9347
920407.BJ,20250725,21.76,21.1884,36.8453,4.4,95.7276,123.3617,7.2258,8.1911,8.009,0.707,0.3535,8538.4,3370.3995,1938.196,185795.584,73339.8931
300500.SZ,20250725,13.54,15.754,29.2987,1.28,,,2.1547,1.9882,2.1868,0.4431,1.1078,17397.4869,16759.7955,9011.7955,235561.9726,226927.6311
603125.SH,20250725,17.24,13.9792,13.9792,2.31,34.1726,36.1273,2.9987,6.4628,6.4427,0.6345,0.6,40483.6375,10121.435,10121.435,697937.9105,174493.5394
688300.SH,20250725,50.18,1.1027,2.0743,0.65,48.2027,46.1181,8.1993,12.6171,12.1562,0.7665,0.7665,24146.919,24146.919,12836.6367,1211692.3954,1211692.3954
603072.SH,20250725,54.4,14.6441,14.6441,0.99,105.6456,102.4172,6.9917,5.5515,5.6211,,0.2757,26428.0,6607.0,6607.0,1437683.2,359420.8
000851.SZ,20250725,2.37,3.7552,4.3238,1.25,,,4.6259,1.8741,2.1401,0.0,,115786.002,113213.6826,98327.4814,274412.8247,268316.4278
300664.SZ,20250725,5.6,1.082,1.5316,0.77,26.6513,21.6246,0.9858,2.2176,2.555,2.4215,1.8984,75625.6332,75224.5332,53140.6102,423503.5459,421257.3859
003006.SZ,20250725,29.21,2.4842,6.544,1.83,43.6262,39.7584,9.2982,3.8565,3.6016,1.8818,1.8813,42964.779,42857.2965,16269.078,1255001.1946,1251861.6308
300066.SZ,20250725,6.34,12.9268,20.5896,0.64,103.4035,82.8328,2.6509,4.4756,4.9277,0.7886,0.4732,104003.3262,100591.0348,63154.3133,659381.0881,637747.1606
002691.SZ,20250725,8.33,1.8799,5.235,0.56,,,3.2252,7.4008,6.9939,0.0,,34000.0,33598.0305,12065.205,283220.0,279871.5941
600968.SH,20250725,4.2,0.3175,1.7305,0.93,11.6775,11.3888,1.6171,0.8129,0.7997,2.619,3.2143,1016510.4199,1016510.4199,186510.4199,4269343.7636,4269343.7636
001277.SZ,20250725,45.06,14.6843,14.6843,0.71,24.4046,28.5376,2.3104,2.9345,3.2492,,1.2288,7600.0,1900.0,1900.0,342456.0,85614.0
000831.SZ,20250725,45.59,12.5005,20.1739,1.33,,649.6607,10.2559,15.9813,14.0093,0.1755,,106122.0807,106122.0807,65757.3396,4838105.6591,4838105.6591
603917.SH,20250725,13.73,2.4803,3.6866,0.96,,,1.6891,4.7779,4.9999,1.4567,1.0925,20384.0,20384.0,13714.1015,279872.32,279872.32
002788.SZ,20250725,8.67,1.1647,1.8971,1.02,9.7454,10.1096,1.0874,0.1645,0.1642,3.4602,4.0369,38851.6736,38158.6235,23426.7641,336844.0101,330835.2657
000848.SZ,20250725,9.11,1.5326,2.6419,0.86,14.3924,15.0918,2.8898,2.9169,3.1315,4.3908,3.2837,105255.4074,104301.0074,60507.8208,958876.7614,950182.1774
600168.SH,20250725,4.86,0.7727,1.9357,0.84,54.7237,68.8213,0.9084,1.2791,1.2108,0.9112,0.5556,99339.7569,99339.7569,39657.1387,482791.2185,482791.2185
601568.SH,20250725,4.36,0.4457,1.1824,0.83,75.0132,57.2557,1.5282,1.7185,1.7166,2.2936,2.2936,397222.2224,397222.2224,149719.419,1731888.8897,1731888.8897
601086.SH,20250725,10.93,3.1808,12.9955,0.64,125.4885,129.6747,4.7322,9.6146,10.187,1.6372,0.7257,66600.0,66600.0,16301.3,727938.0,727938.0
300712.SZ,20250725,25.81,1.6222,2.9919,0.37,133.3607,130.2254,3.8037,2.3724,2.3817,0.383,0.1901,18754.6035,18661.896,10118.5725,484056.3163,481663.5358
688692.SH,20250725,227.98,1.5188,2.1475,0.83,71.3418,63.8421,7.7394,24.7182,22.7123,0.3238,0.471,11324.0,7313.665,5172.535,2581645.52,1667369.3467
000935.SZ,20250725,19.8,2.3857,7.2745,0.51,48.8592,36.2317,1.9911,14.0673,12.7402,1.7114,,76344.0333,76344.0333,25036.9549,1511611.8593,1511611.8593
002150.SZ,20250725,11.94,1.4085,3.0472,0.79,19.9711,19.6977,2.2999,1.2867,1.2413,0.5843,0.8375,36323.4553,35854.6553,16572.3281,433702.0563,428104.5843
301191.SZ,20250725,85.82,4.1752,7.1855,0.88,50.6477,63.2933,3.5831,3.5449,3.8106,1.1652,1.1576,6934.2,4529.8244,2632.1234,595093.044,388749.53
688439.SH,20250725,56.57,1.8968,2.6955,0.89,35.0781,55.9106,2.3031,10.6424,12.5167,1.2427,0.2881,20000.0,11391.7642,8016.2908,1131400.0,644432.1008
000915.SZ,20250725,32.95,1.6589,2.4292,0.75,14.9754,14.5875,2.941,3.6174,3.5435,7.5873,7.5873,23433.1485,23419.8835,15993.4471,772122.2431,771685.1613
600243.SH,20250725,3.33,4.1735,5.02,2.2,,,2.2864,6.1764,6.3324,0.0,,43885.0,43885.0,36485.0,146137.05,146137.05
300759.SZ,20250725,30.0,6.6426,10.283,1.92,29.7465,28.5521,3.8973,4.3456,4.1992,0.6677,0.6667,177819.5525,141938.4613,91688.8745,5334586.575,4258153.839
601059.SH,20250725,17.06,5.7639,5.7639,1.02,40.5349,39.9495,2.8965,16.8084,16.1617,0.4865,0.4865,324300.0,69160.0,69160.0,5532558.0,1179869.6
600054.SH,20250725,11.77,1.625,3.849,1.04,27.2525,26.3011,1.8804,4.4455,4.2973,1.7757,1.4613,72937.944,51330.0,21670.425,858479.6009,604154.1
603579.SH,20250725,29.77,6.3359,14.5899,2.59,27.5137,30.5016,2.6801,3.3072,3.3189,3.5447,2.155,17739.7861,17739.7861,7703.7341,528113.4322,528113.4322
002528.SZ,20250725,2.88,0.8919,1.904,0.48,,,19.0287,3.6536,4.422,0.0,,119867.5082,104974.0608,49171.2582,345218.4236,302325.2951
002271.SZ,20250725,12.41,2.3835,2.561,0.58,274.0398,,1.4673,1.0566,1.1036,9.9004,12.3847,238869.9866,191472.9882,178202.916,2964376.5337,2376179.7836
301152.SZ,20250725,30.87,10.6531,11.7433,1.16,,,2.6277,2.0902,2.1134,0.0,,11874.0007,7007.1257,6356.635,366550.4016,216309.9704
688520.SH,20250725,76.36,1.2236,4.9758,0.69,303.7562,334.9618,,13.5335,14.0523,,,44533.5714,44533.5714,10950.9532,3400583.5121,3400583.5121
002823.SZ,20250725,15.02,7.5395,8.7218,2.05,28.9935,25.7937,2.5477,1.6173,1.63,2.1958,2.7372,32836.8949,21869.7497,18905.1999,493210.1614,328483.6405
301070.SZ,20250725,49.1,10.5371,13.3936,1.54,,,5.7918,13.3768,13.7742,0.5829,,9022.984,5935.48,4669.5888,443028.5144,291432.068
000545.SZ,20250725,2.77,4.512,5.8142,0.48,,,2.421,1.2816,1.294,0.0,,98683.3096,98540.3096,76470.3096,273352.7676,272956.6576
920062.BJ,20250725,11.77,9.4782,10.8865,0.75,51.8189,43.4627,3.0503,1.6481,1.5181,0.8401,0.252,18870.6277,13351.0005,11623.856,222107.288,157141.2759
600643.SH,20250725,6.2,1.9827,3.9668,0.67,,,0.8324,7.737,7.5864,0.3231,,159317.0778,159035.1716,79489.5418,987765.8824,986018.0639
600875.SH,20250725,20.93,10.917,21.2908,2.0,24.284,22.3837,1.6094,1.0345,1.0125,2.0665,2.0665,339036.0326,202357.906,103760.6597,7096024.1623,4235350.9726
002299.SZ,20250725,16.21,0.8259,1.779,0.78,27.8288,21.5857,1.9489,1.0845,1.0904,1.8396,2.4528,124340.0295,124333.1721,57723.716,2015551.8782,2015440.7197
603613.SH,20250725,24.5,3.9734,6.0744,2.36,12.1339,12.5049,2.1942,0.3294,0.3651,0.8672,0.2687,72053.7813,72053.7813,47131.2696,1765317.6419,1765317.6419
600688.SH,20250725,2.95,0.4785,1.8785,0.67,98.2645,218.0976,1.2584,0.3569,0.3643,0.0,0.678,1054261.75,732881.35,186665.85,3110072.1625,2161999.9825
688153.SH,20250725,33.19,1.978,2.425,1.07,,,3.6227,6.7912,6.642,0.1611,,43031.3008,16067.7031,13105.889,1428208.8736,533287.0659
002806.SZ,20250725,12.17,3.3343,3.6099,0.83,29.2427,31.3455,2.3777,2.4257,2.2622,0.0,,20540.272,16702.9366,15427.4586,249975.1102,203274.7384
000020.SZ,20250725,13.37,1.5773,4.6183,0.96,103.0496,101.5614,9.2432,4.6357,4.6761,0.0,,28316.1227,18116.5391,6187.5497,378586.5605,242218.1278
300927.SZ,20250725,27.69,2.56,7.5678,0.75,13.4258,13.9714,4.2012,5.8069,4.6079,0.5237,0.325,14436.0,14088.8705,4765.9505,399732.84,390120.8241
600257.SH,20250725,5.43,3.8837,5.2933,1.33,,,3.2868,2.5018,2.6469,0.0,,48123.7188,48123.7188,35308.2176,261311.7931,261311.7931
002061.SZ,20250725,4.13,1.2974,2.6402,0.75,8.4192,8.1998,0.7234,0.2309,0.2288,2.9457,3.0266,267055.143,259913.79,127721.5631,1102937.7406,1073443.9527
603816.SH,20250725,26.29,0.8653,1.6498,1.09,15.2515,14.2565,2.3338,1.1691,1.1345,5.2247,5.2492,82177.1519,81216.6231,42597.9287,2160437.3235,2135185.0213
002878.SZ,20250725,18.87,6.023,10.5284,0.67,,,3.5915,1.7718,1.7155,0.264,,26197.9781,23420.8461,13398.4938,494355.8467,441951.3659
605136.SH,20250725,9.8,3.3231,6.6505,0.68,,,1.5915,2.2709,2.4273,0.5714,0.0612,40045.85,40045.85,20010.1451,392449.33,392449.33
001223.SZ,20250725,43.22,3.0699,3.0699,0.64,117.6705,94.8176,2.1305,9.2863,7.9375,1.3221,0.2479,9335.2,2335.2,2335.2,403467.344,100927.344
300460.SZ,20250725,10.93,4.6978,5.8505,0.98,,,4.9457,5.5685,5.6558,0.0,,28080.4251,28080.4251,22547.6871,306919.0463,306919.0463
000638.SZ,20250725,4.3,8.2215,12.8706,1.69,125.7053,115.2881,9.0766,3.4203,2.8801,0.0,,31138.6551,31014.5601,19811.6301,133896.2169,133362.6084
002069.SZ,20250725,4.31,2.2481,3.9609,1.23,,,61.689,1.9367,1.8877,0.0,,71111.2194,71021.6194,40309.2164,306489.3556,306103.1796
300099.SZ,20250725,7.16,2.6921,3.3239,0.53,55.5209,54.0517,2.3153,8.813,8.7888,0.6285,3.1006,73726.5255,58141.224,47089.9991,527881.9226,416291.1638
301051.SZ,20250725,21.5,3.3933,5.4713,1.47,,,1.9781,2.5871,2.6113,0.5498,0.1938,20304.3456,16100.7966,9985.5883,436543.4304,346167.1269
603109.SH,20250725,35.6,12.5957,31.4941,1.67,38.3843,30.3238,3.8537,2.7136,2.5251,0.9833,0.8301,20884.836,20884.836,8352.636,743500.1616,743500.1616
002873.SZ,20250725,10.58,4.4105,6.4493,0.62,49.3593,63.0855,2.1798,3.0116,2.957,0.587,0.9111,24410.3806,23877.888,16329.3314,258261.8267,252628.055
688190.SH,20250725,99.06,0.959,2.8834,1.1,32.9304,32.6337,4.7381,6.2556,6.3274,1.1609,0.9388,12000.0,12000.0,3991.0052,1188720.0,1188720.0
920139.BJ,20250725,26.82,4.5721,8.9529,2.21,,,6.6316,26.163,26.1685,0.2178,,26950.7392,26063.1945,13310.1236,722818.8253,699014.8765
002310.SZ,20250725,2.17,2.0719,3.5233,1.96,,,8.489,14.8462,24.2515,0.0,,599932.2117,419909.3452,246932.0804,1301852.8994,911203.2791
300415.SZ,20250725,21.24,1.0205,1.5086,0.7,16.3717,15.9374,3.4651,1.9657,1.8795,1.8511,2.309,46856.2084,45309.2139,30648.4831,995225.8664,962367.7032
002569.SZ,20250725,9.1,1.7521,2.0672,1.85,,,43.2245,9.9058,10.1611,0.0,,14401.0,13995.6425,11862.2665,131049.1,127360.3468
600279.SH,20250725,5.73,1.4106,4.0821,0.73,12.8561,13.0823,1.0179,1.5537,1.6556,0.7853,0.6981,118686.6283,118686.6283,41013.9003,680074.3802,680074.3802
002682.SZ,20250725,4.86,3.0082,4.2432,0.61,,,2.4189,0.9108,0.9047,0.0,,56236.8594,56235.7394,39868.4579,273311.1367,273305.6935
600802.SH,20250725,5.34,4.6805,6.8781,0.45,,,2.1635,1.41,1.3952,0.0,,45824.84,45824.84,31183.1693,244704.6456,244704.6456
300805.SZ,20250725,11.16,3.3203,5.5773,1.43,337.2152,357.4067,3.0953,2.0706,1.9733,0.3576,0.1792,42425.3592,28816.2792,17155.1592,473467.0087,321589.6759
300520.SZ,20250725,24.63,5.325,6.765,1.69,,,3.8974,3.7825,3.917,0.0,,29179.1018,27781.3433,21867.6999,718681.2773,684254.4855
002330.SZ,20250725,4.83,1.1723,1.9864,0.54,,,1.337,1.035,1.0484,0.2071,,63531.529,63517.8715,37487.4674,306857.2851,306791.3193
688577.SH,20250725,52.72,2.6167,6.698,2.6,227.1314,233.3852,6.0603,7.667,7.9054,0.5544,0.8129,11127.9729,11127.9729,4347.2975,586666.7313,586666.7313
301151.SZ,20250725,22.08,37.1533,37.1533,1.16,49.1862,47.7355,1.8367,4.0796,4.0317,2.7394,1.8717,16900.41,5573.6944,5573.6944,373161.0528,123067.1724
603599.SH,20250725,11.96,1.6263,2.7862,0.66,13.9801,15.2357,1.1312,2.345,2.4692,5.0167,2.2575,91026.9345,91026.9345,53130.3942,1088682.1366,1088682.1366
000547.SZ,20250725,8.2,2.9282,3.7853,1.25,,,2.6174,7.0136,7.5961,0.0,,159846.8269,158835.0696,122870.6772,1310743.9806,1302447.5707
002453.SZ,20250725,5.76,2.509,3.2883,1.14,,,4.5879,9.0816,9.5182,0.0,,81236.7126,61276.3136,46752.9541,467923.4646,352951.5663
002493.SZ,20250725,9.43,0.2695,0.9792,0.53,130.0241,123.8617,2.2751,0.2885,0.294,1.0163,1.0162,998944.2254,936219.8504,257690.4572,9420044.0455,8828553.1893
002810.SZ,20250725,13.36,3.1073,4.9434,0.89,20.9855,21.8156,2.1358,2.3773,2.3395,1.4693,1.1228,34813.6913,32001.0093,20114.7891,465110.9158,427533.4842
605080.SH,20250725,26.59,3.7191,11.3842,2.09,20.3335,15.5249,1.7892,3.7556,3.468,0.3503,0.7406,14157.304,14035.12,4585.12,376442.7134,373193.8408
300590.SZ,20250725,13.09,2.5269,3.7033,0.87,37.9537,45.2756,3.3986,6.226,6.6048,1.1364,1.6707,45988.0712,35432.4601,24176.8941,601983.852,463810.9027
300697.SZ,20250725,14.42,4.357,10.5023,0.54,47.7393,45.6116,5.5251,2.4062,2.2636,1.0669,0.9602,43264.0,33124.0,13742.009,623866.88,477648.08
300400.SZ,20250725,17.15,1.6166,2.4209,0.85,50.0293,42.6779,5.7695,5.7098,5.505,2.9446,4.5481,24262.58,23997.77,16024.8682,416103.247,411561.7555
600365.SH,20250725,3.25,0.8242,1.0313,1.15,,,4.8232,1.5972,1.6917,0.0,,42728.0,42728.0,34147.8092,138866.0,138866.0
603606.SH,20250725,48.93,1.3137,2.2198,1.13,33.3776,32.8066,4.8165,3.7008,3.389,0.9186,0.9167,68771.5368,68771.5368,40698.0821,3364991.2956,3364991.2956
002140.SZ,20250725,10.22,1.4428,3.462,0.64,17.6378,17.6837,1.6549,0.8165,0.7944,1.0764,1.4677,70801.3872,54344.1443,22647.9042,723590.1772,555397.1547
002472.SZ,20250725,34.64,1.6447,1.9377,0.75,28.679,27.2252,3.2958,3.344,3.3477,0.3413,0.6444,84771.3342,75339.0392,63948.0953,2936479.0167,2609744.3179
002950.SZ,20250725,9.28,1.3978,2.742,1.31,15.9399,16.2653,1.69,1.7667,1.7603,0.2857,0.6317,63326.5407,45199.5209,23042.2373,587670.2977,419451.554
300418.SZ,20250725,35.77,4.9939,7.6096,1.64,,,3.23,7.9301,7.2207,0.1353,,125535.6953,125449.0703,82327.83,4490411.8209,4487313.2446
002048.SZ,20250725,19.39,3.308,5.2622,0.82,16.5584,16.0119,1.3725,0.5995,0.5866,3.2594,2.4155,81383.3122,70980.1383,44621.1404,1578022.4236,1376304.8816
300438.SZ,20250725,26.75,2.3785,2.8096,0.84,,,2.6695,1.6914,1.6719,0.2233,,50334.336,40416.5941,34214.9341,1346443.488,1081143.8922
601636.SH,20250725,6.66,2.6487,4.4838,1.23,46.7151,43.5097,1.3289,1.1421,1.17,4.9077,0.6692,268357.4877,268357.4877,158525.2176,1787260.8681,1787260.8681
002715.SZ,20250725,18.89,4.8769,7.5039,1.2,508.0011,4468.2707,5.4946,5.1009,5.1004,0.0,0.1694,13800.0,13800.0,8968.8196,260682.0,260682.0
002858.SZ,20250725,14.07,10.2023,11.9329,0.85,,,4.3217,5.2333,5.1929,,,16391.9838,14698.0938,12566.5638,230635.2121,206802.1798
600900.SH,20250725,28.75,0.4202,0.8694,1.0,21.6475,20.868,3.555,8.3258,8.1925,2.8522,3.28,2446821.7716,2400725.6503,1160340.4775,70346125.9335,69020862.4461
301017.SZ,20250725,12.97,2.0381,5.0748,0.97,,,2.73,0.5493,0.5528,0.3827,,40535.2766,24335.2766,9773.3066,525742.5375,315628.5375
600073.SH,20250725,7.49,1.6276,2.6163,0.8,32.5078,24.869,1.406,0.3194,0.3126,0.9746,0.9346,93772.9472,93772.9472,58336.4598,702359.3745,702359.3745
603916.SH,20250725,12.59,18.9185,36.3799,5.86,56.8059,54.9497,1.3145,1.5319,1.4888,1.1922,0.7943,43261.4119,42031.4119,21857.4119,544661.1758,529175.4758
688328.SH,20250725,23.75,2.9576,4.5408,0.8,,,2.7172,4.4066,3.727,0.4211,,9445.6295,9445.6295,6152.461,224333.7006,224333.7006
002579.SZ,20250725,12.17,5.629,7.8997,0.63,,,3.0926,2.5427,2.4746,0.0,,61261.862,58152.6694,41437.6178,745556.8605,707717.9866
605088.SH,20250725,42.37,9.828,17.6776,2.51,27.1891,25.6589,3.2428,2.0152,1.9471,1.3229,1.373,19120.15,18809.806,10457.406,810120.7555,796971.4802
002568.SZ,20250725,25.16,1.2929,1.8513,0.82,36.7133,36.1149,6.0273,8.6617,8.8507,0.0,1.1792,104936.8955,72275.8275,50475.9179,2640212.2908,1818459.8199
001300.SZ,20250725,13.13,4.2394,4.333,1.01,143.7312,193.1493,3.0537,5.8002,6.0125,0.0,0.0758,24377.5914,6621.9087,6478.823,320077.7751,86945.6612
300462.SZ,20250725,10.2,2.7687,3.0763,0.59,,544.7297,1.2978,2.9521,3.1743,0.0,,18122.1938,13673.4413,12305.8413,184846.3768,139469.1013
603536.SH,20250725,9.44,1.6213,3.7553,0.69,,,5.3369,1.1997,1.2739,0.2119,,24464.23,24053.226,10384.4753,230942.3312,227062.4534
600235.SH,20250725,6.55,1.5389,2.4156,0.83,31.958,51.5141,1.5343,1.5772,1.666,0.916,0.9466,35130.0,35130.0,22380.0,230101.5,230101.5
300820.SZ,20250725,49.7,1.7435,2.6056,0.45,34.1263,37.5538,4.655,6.187,6.365,0.8003,0.7998,22161.8988,11100.9746,7427.8886,1101446.3704,551718.4376
003000.SZ,20250725,12.86,2.6515,3.6024,0.74,19.9038,20.3253,4.2733,2.4041,2.35,3.088,3.0876,45089.4159,30039.3708,22110.2086,579849.8885,386306.3085
920402.BJ,20250725,10.65,1.7576,5.8385,0.69,57.8698,249.7617,2.7362,6.3719,7.2163,1.3349,0.1878,42206.0067,42206.0067,12705.4549,449493.9714,449493.9714
001236.SZ,20250725,12.54,10.9078,13.5643,1.03,423.7058,285.2954,6.7218,4.3945,3.7843,0.0319,0.0319,100777.7778,32643.5656,26250.5522,1263753.3336,409350.3126
688653.SH,20250725,12.81,3.1982,3.1982,1.21,,,3.745,10.4012,9.4423,,,42448.0,31051.4392,31051.4392,543758.88,397768.9362
002179.SZ,20250725,38.7,0.6442,1.2164,0.89,24.4395,25.276,3.6263,3.963,3.811,1.5514,2.0672,211827.105,208070.885,110195.6796,8197708.9635,8052343.2495
688222.SH,20250725,22.85,8.6011,16.0034,0.68,178.2721,139.3506,6.5356,21.4422,21.4747,0.2181,0.2618,40068.0,40068.0,21534.731,915553.8,915553.8
601702.SH,20250725,16.38,0.7119,2.5575,1.01,13.4295,13.2911,2.974,1.5036,1.4321,1.221,1.8315,99853.06,99853.06,27793.0,1635593.1228,1635593.1228
603373.SH,20250725,48.6,4.5484,6.6842,0.76,41.6418,41.1603,2.9638,1.9666,1.9334,1.0288,1.0288,10752.6882,4543.0108,3091.3979,522580.6465,220790.3249
300421.SZ,20250725,16.0,7.669,8.7015,0.68,85.1745,82.5784,3.8068,4.5038,4.4559,0.75,1.5,29403.0484,23034.4072,20301.2453,470448.7744,368550.5152
600755.SH,20250725,6.48,1.8934,3.0758,2.25,22.4485,22.0487,0.7084,0.0396,0.0428,7.8469,5.0926,216746.3548,213215.8487,131249.8001,1404516.3791,1381638.6996
600415.SH,20250725,20.98,1.3055,3.1894,1.37,37.4297,36.3614,5.8984,7.3104,7.0938,0.9534,1.5729,548364.5926,548286.0526,224432.9298,11504689.1527,11503041.3835
600486.SH,20250725,68.15,2.518,4.7152,3.32,22.9834,22.8729,2.5924,2.6477,2.6313,1.2955,0.9978,40539.8884,40398.8654,21574.2129,2762793.3945,2753182.677
002513.SZ,20250725,5.6,3.852,4.8724,0.9,,,167.6853,1.172,1.0728,0.0,,37528.0278,26385.617,20859.51,210156.9557,147759.4552
300682.SZ,20250725,20.56,3.0529,5.674,0.86,,,3.303,4.9583,4.9592,1.366,1.2137,108024.7336,103406.9502,55638.1852,2220988.5228,2126046.8961
603185.SH,20250725,19.54,2.8794,5.2394,0.47,,,1.124,1.817,1.9603,0.1022,,67902.2202,67902.2202,37317.0982,1326809.3827,1326809.3827
300725.SZ,20250725,44.42,14.4974,15.9915,1.96,40.4119,43.1005,3.1215,5.254,5.0233,0.6947,0.6277,19973.0378,16863.6939,15288.1365,887202.3391,749085.283
600753.SH,20250725,6.95,0.9699,1.7173,1.03,,,,3.9031,5.1352,0.0,,23030.7175,23030.7175,13006.883,160063.4866,160063.4866
002972.SZ,20250725,12.37,2.7159,3.3522,0.49,34.5476,32.5057,2.5076,9.5328,9.2001,3.6206,2.4137,24600.88,13313.7214,10786.4848,304312.8856,164690.7337
300670.SZ,20250725,7.18,4.3351,5.6375,0.53,286.741,,3.6516,6.7442,7.6121,0.0,,31692.0479,22469.4226,17278.4981,227548.9039,161330.4543
000926.SZ,20250725,2.76,4.4272,5.617,0.99,,,0.4709,0.502,0.5484,0.2584,,159296.4774,157304.6151,123984.2257,439658.2776,434160.7377
688651.SH,20250725,37.07,1.9221,1.9221,0.69,1716.3214,,2.8864,9.522,9.3613,0.1613,,7539.9,3151.0426,3151.0426,279504.093,116809.1492
603900.SH,20250725,9.77,2.4938,5.9951,0.61,,,1.7288,2.7416,2.48,1.0241,,34302.384,34150.884,14205.9086,335134.2917,333654.1367
688697.SH,20250725,14.11,0.6686,1.7014,0.63,19.8458,20.3587,4.0258,2.6209,2.5989,3.0374,3.0374,45733.338,45733.338,17971.338,645297.3992,645297.3992
920026.BJ,20250725,29.24,3.0863,7.2641,0.95,,,4.138,19.1811,14.5351,2.3256,,8207.7246,4316.8451,1834.1122,239993.8673,126224.5507
603797.SH,20250725,5.17,4.6645,10.7973,2.19,16.8317,16.9891,0.9214,2.9081,2.9314,0.0,,58449.0586,58449.0586,25250.3775,302181.633,302181.633
603137.SH,20250725,14.71,5.1787,5.1787,0.96,28.8254,29.6338,2.1645,1.2462,1.2285,0.9712,0.5438,18293.3334,7373.3334,7373.3334,269094.9343,108461.7343
688623.SH,20250725,68.0,3.9266,3.9266,1.32,46.2999,45.7653,1.9251,10.4126,10.6261,2.7043,1.9437,5914.27,1914.27,1914.27,402170.36,130170.36
688067.SH,20250725,24.22,2.0049,3.8231,0.98,72.1048,68.3657,3.3247,8.1005,7.8502,0.4129,0.4085,6800.0,6800.0,3566.0,164696.0,164696.0
301260.SZ,20250725,21.1,2.3414,4.2744,0.52,115.8198,74.9279,2.1995,1.8763,1.9117,0.0,,48245.7074,20443.577,11198.34,1017984.4261,431359.4747
603738.SH,20250725,15.49,5.5295,7.6688,0.58,68.8576,91.7004,3.4697,7.3451,7.1843,0.5095,0.51,38932.2772,38932.2772,28071.6186,603060.9738,603060.9738
002497.SZ,20250725,15.59,28.067,30.0934,1.87,69.8849,55.3473,1.7043,2.3288,2.4281,0.2208,0.2545,115256.252,105855.134,98727.1505,1796844.9687,1650281.5391
000711.SZ,20250725,1.75,1.0652,1.1778,1.01,,,7.564,13.2319,10.0376,0.0,,285697.6223,228522.9347,206680.9809,499970.839,399915.1357
002073.SZ,20250725,8.97,2.547,2.9846,0.6,18.0651,17.7988,1.5424,1.2739,1.2156,1.1092,1.1151,101941.9131,99105.0681,84574.2195,914418.9605,888972.4609
300252.SZ,20250725,11.23,3.9768,4.9333,0.6,594.2031,197.0408,3.4304,3.4797,3.3282,0.0,,66215.3834,52977.7687,42706.5974,743598.7556,594940.3425
603928.SH,20250725,15.52,2.3908,7.4633,0.78,100.3855,107.711,2.6977,2.7408,2.6884,0.8277,0.7732,26208.0,26208.0,8395.372,406748.16,406748.16
301257.SZ,20250725,41.16,7.5872,15.0417,0.78,30.554,35.6859,2.7881,4.0459,4.087,0.679,0.6112,7900.477,7531.8909,3799.1761,325183.6333,310012.6294
600843.SH,20250725,11.45,3.3235,4.2863,0.4,,,2.7602,1.8512,1.8468,0.4264,0.4264,71316.648,46922.273,36382.7372,816575.6196,537260.0259
600135.SH,20250725,7.82,1.1523,2.1214,0.9,,,1.772,2.9137,3.0448,0.0,,55330.7099,55330.7099,30053.0656,432686.1514,432686.1514
002239.SZ,20250725,2.95,1.3187,1.7298,0.77,92.2996,86.1718,1.7552,1.1997,1.1615,0.2824,0.1051,330962.3844,324315.3144,247232.4614,976339.034,956730.1775
603668.SH,20250725,13.17,1.1058,1.7261,0.64,254.1332,180.048,2.9342,1.1301,1.1047,0.3037,0.3037,50233.5741,50233.5741,32180.786,661576.1709,661576.1709
300227.SZ,20250725,9.07,2.5452,2.7129,0.72,,,2.8432,4.4135,4.1836,0.2505,0.2505,54411.1391,41259.2224,38709.4224,493509.0316,374221.1472
002149.SZ,20250725,20.76,2.4789,3.7684,0.63,64.2389,66.1455,3.4735,3.4407,3.3839,1.2042,1.4451,48821.4274,48813.9274,32110.2324,1013532.8328,1013377.1328
600543.SH,20250725,6.37,2.226,3.5171,0.84,,,2.5582,6.2315,6.6254,0.0,,32112.0,32112.0,20323.8083,204553.44,204553.44
000908.SZ,20250725,5.88,1.7639,2.4053,1.42,33.9654,36.5518,74.0017,12.4343,12.4482,0.0,,87977.4351,87977.4351,64519.14,517307.3184,517307.3184
301326.SZ,20250725,72.02,6.0453,7.2847,0.66,,,4.1228,6.5824,6.56,0.2752,0.2752,7245.9528,2705.6568,2245.3393,521853.5207,194861.4027
600339.SH,20250725,3.49,0.8511,3.0613,0.75,30.6633,33.1695,0.7304,0.2268,0.2206,1.1748,,558314.7471,558314.7471,155218.0662,1948518.4674,1948518.4674
002307.SZ,20250725,4.24,7.3784,13.7513,0.83,,,1.8135,0.5264,0.5237,0.2358,0.2358,126829.1582,126829.1582,68051.5931,537755.6308,537755.6308
301065.SZ,20250725,24.77,3.3421,5.822,0.52,40.6696,41.5309,2.0237,3.7048,3.8473,0.3929,0.7857,10602.0,8628.75,4953.375,262611.54,213734.1375
920522.BJ,20250725,57.21,4.5755,6.1787,0.84,55.4127,62.27,8.5908,8.5123,9.0209,0.3124,0.3746,15675.072,12859.602,9522.8581,896770.8691,735697.8304
600735.SH,20250725,8.66,2.4285,4.3066,0.38,,,3.0646,2.2687,2.4121,0.4388,,42877.8219,42545.1827,23991.9475,371321.9377,368441.2822
300446.SZ,20250725,17.45,2.6699,3.3335,0.46,18.6335,18.1995,2.8372,1.896,1.8349,0.5731,1.6046,84541.0111,31153.6417,24951.2663,1475240.6437,543631.0477
601989.SH,20250725,4.79,0.7751,1.6215,0.85,83.3322,64.4512,1.2972,1.9702,1.9,0.2088,0.3758,2280203.5324,2280203.5324,1090069.2901,10922174.9202,10922174.9202
688272.SH,20250725,26.48,4.2365,9.1269,1.82,172.9079,,4.0798,6.6578,7.4169,,,7600.0,7600.0,3527.7471,201248.0,201248.0
605001.SH,20250725,7.72,2.6811,5.6653,1.07,54.773,35.9516,1.1326,1.9852,1.8796,2.5907,1.2953,39288.6,39288.6,18593.6367,303307.992,303307.992
600796.SH,20250725,6.14,2.9283,4.3668,1.18,33.2544,32.8994,1.6221,3.0089,3.0024,0.5049,0.5049,86658.5766,30947.7889,20753.2286,532083.6603,190019.4238
002979.SZ,20250725,43.3,2.977,3.9066,0.71,67.8539,67.4403,8.4404,8.5858,8.5373,0.2679,0.7168,31414.0847,21821.3155,16628.8155,1360229.8675,944862.9612
600760.SH,20250725,63.3,0.9276,2.9197,0.51,52.8879,57.7464,8.6408,4.1903,4.5817,0.6141,0.6141,283569.9513,274818.5991,87313.6126,17949977.9173,17396017.323
002907.SZ,20250725,17.33,7.5827,22.9874,2.21,94.3167,94.3119,4.3087,9.3402,9.2147,0.4905,0.4905,41759.6314,30888.8105,10189.106,723694.4122,535303.086
002951.SZ,20250725,16.56,3.9694,22.432,0.67,,,3.8727,17.8458,16.3838,2.9821,5.9642,40500.0,40499.85,7166.5166,670680.0,670677.516
688101.SH,20250725,14.57,0.654,2.138,0.52,15.3659,14.9168,1.1729,3.478,3.5304,1.5786,,33201.2066,33201.2066,10155.9266,483741.5802,483741.5802
605589.SH,20250725,30.49,1.4387,1.7875,0.66,29.7364,27.5366,2.6957,2.5756,2.4951,1.3089,1.7333,84640.1998,78089.33,62848.2503,2580679.6919,2380943.6717
920149.BJ,20250725,16.31,7.4909,10.865,0.73,,,7.2536,2.1973,2.658,0.3014,,7501.56,6192.3173,4269.3236,122350.4436,100996.6952
301486.SZ,20250725,68.18,4.2947,5.5722,0.67,130.4068,114.6383,3.5676,9.0061,8.2315,0.5836,0.5809,12868.0995,7245.3755,5584.3055,877347.0239,493989.7016
000589.SZ,20250725,4.69,1.682,2.161,0.88,11.8467,15.3774,0.8444,0.682,0.6765,4.251,2.761,155468.8404,153716.6004,119646.9664,729148.8615,720930.8559
603396.SH,20250725,27.99,1.3182,2.279,0.52,60.8666,69.9007,1.5149,1.5327,1.5119,0.7149,0.5359,13852.7478,13852.7478,8012.4486,387738.4109,387738.4109
301348.SZ,20250725,21.03,6.7081,7.5228,1.07,333.9914,312.9505,3.3483,7.0782,7.0672,1.1095,0.2378,24000.0,15513.917,13833.9765,504720.0,326257.6745
301372.SZ,20250725,23.93,2.9065,3.2681,0.71,,,2.0921,8.5784,7.2756,0.9987,,6857.143,4117.0445,3661.3993,164091.432,98520.8749
688392.SH,20250725,69.93,2.9454,3.2417,0.77,94.2504,74.6236,4.7182,13.8451,13.2349,0.2793,0.4879,11573.336,7075.2121,6428.4579,809323.3865,494769.5822
000676.SZ,20250725,8.91,1.7675,2.3522,0.54,53.0092,55.8405,2.6831,3.409,3.0789,0.0,,126528.9215,126452.8382,95022.7504,1127372.6906,1126694.7884
300989.SZ,20250725,16.98,2.3449,3.5651,0.5,,,3.6423,11.2364,11.5979,0.2272,,21095.9534,15061.316,9906.2623,358209.2887,255741.1457
300819.SZ,20250725,26.29,4.0796,10.7207,0.4,60.8631,57.7818,4.6331,6.5428,6.4776,1.1411,1.1411,14920.5,13476.225,5128.205,392259.945,354289.9553
001378.SZ,20250725,23.22,1.1154,1.1154,0.68,33.2723,34.7747,1.6681,2.0355,2.0515,2.7993,2.7993,13333.36,6788.6949,6788.6949,309600.6192,157633.4956
688505.SH,20250725,10.28,3.7451,6.0779,0.62,268.1831,266.0557,4.6817,15.021,14.3676,0.8755,0.4864,103657.21,71057.21,43784.081,1065596.1188,730468.1188
605158.SH,20250725,9.26,4.1665,15.151,1.42,20.6434,23.9993,1.9108,0.6836,0.7028,2.1598,1.6035,51142.0,51142.0,14064.084,473574.92,473574.92
688193.SH,20250725,56.69,7.2076,10.7139,1.55,,,2.4974,12.8082,13.1136,0.5164,0.3414,4006.987,3156.8396,2123.7134,227156.093,178961.2369
300612.SZ,20250725,15.74,7.2893,9.193,2.2,,,5.8397,4.1581,4.405,0.0,,18045.4496,17987.9496,14262.9421,284035.3767,283130.3267
300235.SZ,20250725,12.43,16.3987,21.1046,1.72,180.1074,221.1576,4.4753,33.9588,36.5129,0.4023,0.3606,25174.6635,20313.2013,15783.7535,312921.0673,252493.0922
600360.SH,20250725,7.49,5.381,6.927,1.88,56.3093,43.0448,2.1368,3.4956,3.263,0.1549,0.534,96029.5304,96029.5304,74596.8648,719261.1827,719261.1827
300161.SZ,20250725,27.59,2.0506,3.0511,0.81,,,3.5639,3.0756,3.1476,0.0725,0.0362,19869.6906,19499.4903,13105.5198,548204.7637,537990.9374
001282.SZ,20250725,20.15,4.0927,5.7181,0.55,30.6017,30.4476,2.8778,2.8656,2.7805,1.1977,0.709,22218.56,7816.48,5594.616,447703.984,157502.072
300779.SZ,20250725,181.03,3.2483,3.9603,0.9,833.117,2579.0879,27.8967,30.8832,31.2288,0.0586,0.0549,19604.7867,15654.5855,12840.2367,3549054.5363,2833949.6131
300434.SZ,20250725,10.41,5.9746,10.1584,0.89,45.5762,64.5425,1.6842,3.7938,4.0562,1.0567,0.6628,40174.3872,34212.1086,20121.7619,418215.3708,356148.0505
920422.BJ,20250725,14.36,2.6464,6.1117,0.7,84.9411,99.814,3.0788,2.4573,2.5374,1.3928,1.0446,8848.271,6622.271,2867.421,127061.1716,95095.8116
920640.BJ,20250725,27.65,1.2448,2.7938,0.84,101.5258,103.3141,5.9728,6.8048,6.8226,1.085,0.3617,18772.8,18060.2235,8046.6197,519067.92,499365.1798
688615.SH,20250725,183.35,10.9157,10.9157,1.07,64.0876,61.3539,9.9732,17.8487,17.0385,,0.7791,14000.0,2800.0,2800.0,2566900.0,513380.0
301678.SZ,20250725,57.92,30.6482,30.6482,1.21,74.609,75.0876,7.1024,16.4773,15.5945,,,23955.5467,4551.2773,4551.2773,1387505.2649,263609.9812
002536.SZ,20250725,16.63,9.2453,14.6543,2.42,28.9988,28.6817,2.8297,2.0238,2.0814,2.4053,2.4053,57478.5888,54441.72,34346.8259,955868.9317,905365.8036
688273.SH,20250725,33.41,9.9045,9.9045,1.83,32.8899,31.7722,2.5472,7.8695,7.6193,2.9476,2.3426,10000.0,3682.679,3682.679,334100.0,123038.3054
301001.SZ,20250725,31.84,3.8225,6.6004,1.26,190.1856,195.1372,3.214,6.037,6.4657,0.3926,1.1778,8000.0,5030.0,2913.0,254720.0,160155.2
601226.SH,20250725,6.61,1.0884,2.9441,0.63,66.9002,59.3088,1.8519,1.0218,0.9925,0.3936,0.5148,116572.23,116222.37,42964.8044,770542.4403,768229.8657
688265.SH,20250725,37.19,1.3206,2.9993,0.66,446.38,157.3593,1.7227,7.6054,7.4979,0.3451,,7796.3513,7796.3513,3432.7462,289946.3048,289946.3048
300112.SZ,20250725,9.39,2.1395,2.4011,0.93,,,2.7312,2.6435,2.5567,2.1425,,29022.469,23764.2306,21174.9696,272520.9839,223146.1253
002104.SZ,20250725,20.15,23.7774,24.8667,0.68,150.2089,153.9253,6.7291,15.8094,15.6268,0.6411,0.3994,70832.0154,59968.0004,57340.9186,1427265.1103,1208355.2081
002415.SZ,20250725,28.66,0.4245,1.0664,0.73,22.0937,21.8695,3.5084,2.8609,2.839,3.1734,2.43,923319.8326,910566.9814,362472.271,26462346.4023,26096849.6869
300016.SZ,20250725,8.74,6.3403,8.2049,0.74,346.7653,284.0805,2.4981,4.8131,4.4713,0.0,0.5196,54163.9372,54088.2772,41796.3589,473392.8111,472731.5427
002516.SZ,20250725,5.25,0.7257,1.4676,0.94,47.2322,43.6635,2.1393,3.6801,3.5643,1.8727,1.5238,147083.8682,146094.3682,72242.8268,772190.3081,766995.4331
002335.SZ,20250725,42.5,5.2616,6.9839,1.17,69.5014,70.5311,3.6311,2.8238,2.8121,0.2529,0.2353,51541.4041,45467.2644,34254.6021,2190509.6743,1932358.737
301539.SZ,20250725,20.39,2.4572,4.142,0.69,60.198,63.7111,3.9077,2.9343,2.865,0.9809,0.4904,14800.0,7506.1799,4452.9408,301772.0,153051.0082
603811.SH,20250725,11.92,7.1768,9.8198,0.96,19.4392,18.2474,3.2016,5.4614,5.2235,1.6779,2.0357,32730.432,32730.432,23921.0468,390146.7494,390146.7494
301268.SZ,20250725,19.52,1.5763,2.1082,1.09,,,4.5148,3.0544,2.9396,1.2795,,40039.6854,18039.2304,13488.3174,781574.659,352125.7774
002586.SZ,20250725,3.06,0.3632,0.5213,0.77,,,1.1841,1.4102,1.4231,0.0,,114422.3714,89692.0799,62484.0799,350132.4565,274457.7645
301165.SZ,20250725,60.81,7.2075,7.2075,0.64,84.259,71.2345,11.1182,4.1348,4.0016,0.6578,0.7118,79545.4545,9545.4545,9545.4545,4837159.0881,580459.0881
000850.SZ,20250725,4.66,1.877,3.5027,0.81,15.3191,16.5255,0.9989,1.315,1.3282,2.0968,2.0968,94366.5009,94339.6879,50553.6311,439747.8942,439622.9456
300241.SZ,20250725,5.84,8.1013,8.6696,1.91,126.9165,77.7953,1.8633,2.5951,2.5049,0.0,0.3425,68640.2353,57280.4623,53525.5796,400858.9742,334517.8998
688378.SH,20250725,17.91,2.9097,4.2224,1.22,49.3692,214.0848,2.6481,8.3792,10.4387,2.6641,1.1516,24927.9257,24096.0571,16604.9331,446459.1493,431560.3827
603193.SH,20250725,34.21,24.8505,24.8505,1.39,46.1123,44.8097,6.8129,10.5002,9.9467,1.0231,1.1985,40459.3314,10333.6314,10333.6314,1384113.7272,353513.5302
920000.BJ,20250725,20.88,2.4808,4.1053,0.96,29.6904,29.4646,3.1282,4.0377,4.0844,0.8142,0.6705,9168.0,4830.63,2919.18,191427.84,100863.5544
301383.SZ,20250725,39.17,3.7411,5.778,1.45,30.2026,36.5698,3.1835,2.8713,2.8437,0.6547,1.0187,16327.32,7061.4145,4572.1595,639541.1244,276595.606
300221.SZ,20250725,8.72,3.3164,3.3164,0.6,81.2824,62.3309,3.0633,2.0685,1.9531,0.0,,47953.8185,45249.9392,45249.9392,418157.2973,394579.4698
002426.SZ,20250725,3.09,3.8309,4.457,1.44,,,4.284,3.1643,3.1446,0.0,,340262.5916,340259.9891,292467.9937,1051411.408,1051403.3663
603919.SH,20250725,18.65,0.5593,1.2142,0.92,24.3731,23.5979,2.8586,3.1313,3.0977,2.0841,2.6258,50725.9997,50725.9997,23365.453,946039.8944,946039.8944
300778.SZ,20250725,15.64,4.7274,11.4904,0.56,,,2.4923,15.9764,17.5059,0.0,,20365.9642,20361.9486,8377.3736,318523.6801,318460.8761
600027.SH,20250725,5.32,0.9399,2.4156,0.69,10.1746,10.0543,1.2536,0.5135,0.5342,4.0039,3.8363,1090642.439,851032.7533,331126.2963,5802217.7755,4527494.2476
300353.SZ,20250725,21.2,4.9524,5.1695,1.05,337.4206,167.4052,6.169,12.6667,12.6153,0.0,,61489.2881,52220.2547,50026.7668,1303572.9077,1107069.3996
603755.SH,20250725,26.79,0.65,1.7866,0.82,41.371,38.5027,3.6628,6.5274,6.3757,0.0,0.9197,9861.3681,9861.3681,3587.7524,264186.0514,264186.0514
301023.SZ,20250725,44.2,3.4771,4.2052,0.72,36.5667,35.1795,4.2994,12.2431,11.6402,2.5557,2.4059,7818.737,4160.0842,3439.7568,345588.1754,183875.7216
600959.SH,20250725,3.6,1.0038,2.091,1.31,49.2662,45.0188,0.7955,2.256,2.2483,0.5833,0.5833,500071.7686,500071.7686,240057.1686,1800258.367,1800258.367
003019.SZ,20250725,31.08,2.454,3.5718,0.89,29.1489,31.7857,3.6144,2.4768,2.4984,1.3121,1.6088,17639.6112,16870.4912,11590.6443,548239.1161,524334.8665
601928.SH,20250725,11.21,0.8341,3.067,1.97,17.8581,16.3194,1.5084,2.0968,2.1151,4.4603,4.4603,254490.0,254490.0,69211.9742,2852832.9,2852832.9
002269.SZ,20250725,1.95,3.8452,5.9773,0.94,,,17.0272,7.1974,8.9947,0.0,,251250.0,251250.0,161628.6641,489937.5,489937.5
603887.SH,20250725,17.14,2.5302,2.9839,0.81,,,2.9213,6.4389,5.6984,0.0,,60894.4421,59527.9421,50476.418,1043730.7376,1020308.9276
300591.SZ,20250725,11.17,17.4923,19.1624,0.62,,,15.0546,7.7252,8.2997,0.0,,40567.3777,35066.4652,32010.2277,453137.6089,391692.4163
300057.SZ,20250725,5.66,2.0041,2.2543,0.59,,,0.9642,0.7675,0.7471,0.0,0.1762,89208.7273,71949.1798,63962.0761,504921.3965,407232.3577
002769.SZ,20250725,8.69,2.4238,3.5586,0.9,,,2.7553,5.2147,4.605,0.0,,37331.8054,32599.7824,22203.7719,324413.3889,283292.1091
600609.SH,20250725,5.23,1.6056,2.2487,0.74,17.8667,17.7443,4.6374,1.5627,1.5246,0.0,,130455.8558,130455.8558,93150.9024,682284.1258,682284.1258
920717.BJ,20250725,13.3,4.4611,5.5145,0.97,95.2106,96.8653,2.7166,8.6637,8.959,0.6657,0.3106,11468.0,4188.0,3388.0,152524.4,55700.4
600075.SH,20250725,4.6,1.8929,3.2806,1.39,114.7639,35.0381,0.8805,0.704,0.6927,0.0,0.4348,170736.2663,170736.2663,98515.1707,785386.825,785386.825
002377.SZ,20250725,3.2,3.3177,4.447,0.53,,,6.2221,4.005,3.8786,0.0,,91632.5201,87169.1047,65031.4466,293224.0643,278941.135
002911.SZ,20250725,10.47,0.2313,1.667,0.74,15.9238,15.5488,2.9642,0.43,0.4141,4.3634,4.5845,129750.1261,125637.1852,17429.2287,1358483.8203,1315421.329
300349.SZ,20250725,12.31,1.3099,1.85,0.71,14.3007,16.8927,1.206,1.6797,1.6889,4.0194,4.0351,41833.7213,37022.5811,26214.5169,514973.1092,455747.9733
300482.SZ,20250725,24.31,6.7624,10.7429,1.93,20.8384,21.9812,2.15,3.8187,3.896,1.6009,1.6454,48142.4761,43031.1383,27087.3151,1170343.594,1046086.9721
002557.SZ,20250725,22.78,1.3789,2.4047,0.84,13.5652,16.7918,2.2805,1.6159,1.6747,4.3524,5.6097,50585.5097,50477.3372,28944.9729,1152337.911,1149873.7414
300053.SZ,20250725,13.15,2.8194,3.3681,1.14,,,5.1619,43.2099,41.0711,0.0,,69687.4323,65081.8928,54479.2838,916389.7347,855826.8903
001258.SZ,20250725,7.27,2.0696,3.4774,0.74,135.2143,253.7707,2.3508,6.9903,6.9135,1.1004,0.2338,93333.3334,46870.9409,27895.3109,678533.3338,340751.7403
603628.SH,20250725,13.41,2.6384,5.392,0.5,40.6248,32.9423,2.8593,1.9087,1.8955,0.9269,0.493,27314.736,27216.84,13317.8273,366290.6098,364977.8244
600459.SH,20250725,16.44,2.5099,4.108,0.72,21.5695,21.2452,1.7585,0.2631,0.2491,1.1568,1.4607,76029.5046,75383.9558,46058.3239,1249925.0556,1239312.2334
600962.SH,20250725,19.28,2.9579,5.3359,0.51,172.8124,105.8535,5.4495,2.5442,2.3007,0.0,,26221.0,26221.0,14535.4531,505540.88,505540.88
601985.SH,20250725,9.32,0.6126,1.5075,0.74,21.8396,21.647,1.7529,2.4808,2.4095,2.1179,1.9131,2056800.2074,1888328.4867,767402.1658,19169377.933,17599221.496
600642.SH,20250725,8.29,0.6377,1.8463,0.98,10.2862,10.6888,1.1791,1.3698,1.4046,4.8253,5.4282,489409.4676,487904.0506,168529.587,4057204.4864,4044724.5795
600295.SH,20250725,10.6,1.946,8.4351,1.59,16.0628,15.1411,1.3982,1.0445,1.0865,7.5472,5.6604,279877.6254,197557.6254,45577.9458,2966702.8292,2094110.8292
600444.SH,20250725,17.8,11.4811,20.7497,0.62,64.8993,61.7488,3.6977,3.402,3.3789,0.5618,0.618,14642.1932,14642.1932,8101.736,260631.039,260631.039
605100.SH,20250725,19.76,1.1907,2.6334,0.58,45.9527,61.2704,1.8592,3.6901,4.0671,3.0222,2.0243,17113.2,16993.2,7683.2,338156.832,335785.632
301399.SZ,20250725,19.09,4.4534,4.9831,0.76,59.4292,62.942,2.7244,6.7261,6.6884,1.2457,1.0838,18502.0,5468.3586,4887.0768,353203.18,104390.9657
600606.SH,20250725,1.96,1.1854,4.273,0.76,,,0.4331,0.1145,0.1226,0.0,,1405421.8314,1405421.8314,389885.2311,2754626.7895,2754626.7895
300320.SZ,20250725,10.22,1.9058,2.3038,0.49,37.9921,35.3186,2.5981,1.8584,1.7624,0.4207,0.3718,60123.4191,48578.775,40187.1683,614461.3432,496475.0805
003036.SZ,20250725,18.25,3.5175,11.2314,0.88,44.4233,45.2106,2.9063,2.3778,2.4836,2.3009,0.6794,21604.1843,21604.1843,6766.1843,394276.3635,394276.3635
301233.SZ,20250725,54.17,4.8064,4.8577,0.77,32.0463,30.0527,3.0211,6.8937,6.597,0.8044,0.9391,5147.0,1991.5125,1970.4625,278812.99,107880.2321
300313.SZ,20250725,10.75,10.5611,21.913,2.07,,,,24.451,23.2505,0.0,,31297.7396,19735.2789,9511.5479,336450.7007,212154.2482
605118.SH,20250725,31.01,1.9344,17.0184,0.64,72.6363,64.353,8.8789,20.525,19.8846,1.0869,1.2874,41068.4,40711.6,4627.57,1273531.084,1262466.716
300890.SZ,20250725,31.16,5.1215,5.3513,0.67,74.8475,129.7361,1.8327,2.6716,2.7243,0.9437,,11903.2152,10859.3267,10392.9788,370904.1856,338376.62
301309.SZ,20250725,28.48,3.8742,3.8742,0.57,18.9679,19.9255,1.8225,2.8587,2.9141,1.0534,1.0534,10000.0,2500.0,2500.0,284800.0,71200.0
920190.BJ,20250725,32.17,3.1721,6.0181,1.51,149.6377,129.1856,3.7808,1.0885,1.1092,0.3108,0.373,10000.0001,9867.5051,5201.135,321700.0032,317437.6391
000062.SZ,20250725,26.49,1.3543,4.4638,0.55,130.0966,106.099,4.0373,1.262,1.2193,1.6988,1.6233,104590.9322,104492.9326,31704.0486,2770613.794,2768017.7846
300556.SZ,20250725,21.17,11.1064,11.4032,0.81,,,4.7662,4.3772,4.2282,0.1652,,12156.4268,10700.9669,10422.3692,257351.5554,226539.4693
600189.SH,20250725,7.55,1.3507,2.3692,0.84,879.2605,319.2654,4.4393,4.5076,4.2455,0.0,,71519.7812,71519.7812,40773.6949,539974.3481,539974.3481
688136.SH,20250725,48.27,2.694,7.3562,0.67,308.59,217.5514,5.825,6.9049,6.9399,,0.1624,20125.725,20125.725,7370.3978,971468.7458,971468.7458
601121.SH,20250725,6.62,3.7698,4.1915,0.6,38.2939,44.8737,1.7421,4.4283,4.2149,2.5227,1.3218,80000.0,38000.0,34176.4705,529600.0,251560.0
600995.SH,20250725,10.31,1.3546,2.0902,0.57,29.2511,25.3038,1.5004,5.3371,5.034,1.303,1.0256,319600.5805,110910.1643,71878.9637,3295081.985,1143483.7939
300233.SZ,20250725,17.81,5.5489,7.2454,0.5,34.7433,45.9265,1.8527,2.0267,2.1611,1.6645,2.2193,38387.4587,37170.4313,28466.8784,683680.6394,662005.3815
688579.SH,20250725,12.09,1.6857,2.394,0.78,75.4748,88.5408,3.5746,8.7198,9.0516,0.6617,0.5376,40001.0,40001.0,28166.76,483612.09,483612.09
300701.SZ,20250725,10.81,1.97,3.5937,0.83,77.5466,88.7824,3.3278,6.8471,6.9224,0.7863,1.2488,28273.5119,24912.1823,13656.1527,305636.6636,269300.6907
300847.SZ,20250725,19.42,3.3637,8.8716,0.57,46.3823,46.0344,4.1004,4.8648,4.7793,0.5149,0.7003,29601.0,29601.0,11223.4138,574851.42,574851.42
002153.SZ,20250725,11.11,4.1844,8.6516,1.03,,,4.306,10.2878,10.4262,0.09,0.09,272919.3841,159976.3804,77373.1067,3032134.3574,1777337.5862
002410.SZ,20250725,13.37,1.3885,1.6679,0.5,88.1963,80.5538,3.8384,3.5607,3.5998,0.5262,1.1129,165194.4342,158808.1079,132199.0296,2208649.5853,2123264.4026
002929.SZ,20250725,46.16,5.6208,8.6066,1.19,53.1838,69.5976,2.1148,1.4256,1.3892,0.5321,0.2816,28408.3084,21056.0743,13751.3155,1311327.5157,971948.3897
002489.SZ,20250725,3.79,1.8905,3.6086,1.28,17.7917,14.2586,1.8788,1.4484,1.3825,0.2639,1.0554,216901.6313,191302.8928,100222.0613,822057.1826,725037.9637
002283.SZ,20250725,6.35,1.7472,2.3042,0.62,21.7609,21.3783,1.2221,2.0007,1.9796,3.5956,3.1021,113945.7178,100352.6429,76094.8698,723555.308,637239.2824
600255.SH,20250725,3.41,2.4988,2.7702,0.79,98.7732,98.0508,4.2782,1.556,1.5088,0.0,,180614.6955,180614.6955,162918.7555,615896.1117,615896.1117
002583.SZ,20250725,11.96,2.8259,3.335,0.87,,,8.9626,3.5412,3.6995,0.0,,181861.9381,128272.1049,108689.5828,2175068.7797,1534134.3746
300040.SZ,20250725,7.69,6.5659,7.2376,0.64,,,1.9932,3.1768,3.1977,0.871,0.7687,61189.2406,48585.8015,44076.5303,470545.2602,373624.8135
920445.BJ,20250725,10.29,3.2721,3.9067,1.11,92.5487,76.6368,4.6269,4.7338,4.3716,2.6601,2.6183,14693.0025,10526.2791,8816.415,151190.9957,108315.4119
688310.SH,20250725,18.16,2.0012,5.7987,1.07,,,3.8461,10.9825,12.5352,1.9554,,16621.969,16621.969,5736.521,301854.957,301854.957
000796.SZ,20250725,5.39,36.189,46.3788,1.85,,,10.0202,13.2309,13.6546,0.0,,160378.8916,133076.681,103838.5979,864442.2257,717283.3106
002948.SZ,20250725,4.86,1.0951,1.8308,1.03,6.6337,6.3687,0.7527,2.0957,2.0417,3.2922,3.2922,582035.4724,311225.8912,186154.1428,2828692.3959,1512557.8312
300611.SZ,20250725,24.5,4.5302,5.2743,0.53,48.4718,41.5168,4.6872,3.2249,3.0107,0.2012,0.4829,21107.468,14830.298,12737.908,517132.966,363342.301
300951.SZ,20250725,33.26,1.1603,3.2974,1.06,26.6635,27.6532,2.4887,4.3112,4.2187,2.1475,1.7815,16947.4272,15110.4032,5317.2842,563671.4287,502572.0104
688011.SH,20250725,33.47,7.6926,18.3896,1.3,,,3.0973,19.4661,22.8265,,,10000.0,10000.0,4183.1543,334700.0,334700.0
688668.SH,20250725,77.7,5.5672,10.8898,0.79,98.0272,74.5929,6.0097,10.484,8.8917,0.4581,0.6413,13920.1726,13920.1726,7116.3957,1081597.411,1081597.411
000723.SZ,20250725,4.82,2.0202,3.2294,0.69,,,1.5562,1.1153,1.1278,0.0,,440347.5944,439624.4574,275012.2988,2122475.405,2118989.8847
688037.SH,20250725,119.0,2.8209,3.943,1.38,118.0998,125.1015,8.8956,13.6587,13.4207,0.1153,0.0924,20127.7846,20127.7846,14399.7349,2395206.3674,2395206.3674
603590.SH,20250725,57.59,4.6148,9.0022,0.62,217.3863,203.6703,3.0004,11.1187,10.9493,0.5197,1.0409,15935.6477,15723.7477,8060.5117,917733.951,905530.63
002258.SZ,20250725,12.32,2.2671,3.849,0.64,45.7952,30.765,1.2763,1.3489,1.2317,0.0,1.6234,80043.7228,79915.0345,47071.6852,986138.6649,984553.225
688369.SH,20250725,30.83,5.497,6.9635,0.98,,,3.6123,4.1962,4.6185,0.4038,,11521.8071,11521.8071,9095.3421,355217.3129,355217.3129
601107.SH,20250725,5.7,0.7688,3.5965,0.64,11.9478,11.4381,1.0927,1.6822,1.709,4.2105,5.0877,305806.0,216274.0,46233.7162,1743094.2,1232761.8
000980.SZ,20250725,2.0,2.2966,3.5921,0.85,,,76.5198,18.0697,18.5529,0.0,,504254.7739,503138.8673,321679.2165,1008509.5478,1006277.7346
001216.SZ,20250725,14.0,0.7459,2.3284,0.65,17.1987,16.8171,2.1049,2.6319,2.5,1.8571,2.8571,25186.67,25186.67,8068.6366,352613.38,352613.38
600703.SH,20250725,12.83,0.9908,1.5294,1.15,253.1542,184.9894,1.7307,3.9743,3.7963,0.2263,0.147,498901.8727,498901.8727,323219.3001,6400911.0267,6400911.0267
002441.SZ,20250725,9.43,1.4176,2.085,0.73,30.3311,38.796,1.1416,0.464,0.459,3.1813,3.1813,54454.3609,39907.9729,27133.1644,513504.6233,376332.1844
002607.SZ,20250725,3.08,3.3538,3.6478,0.87,103.4174,134.8348,24.8506,7.2319,7.791,0.0,,616739.9389,502874.4315,462349.0709,1899559.0118,1548853.249
600598.SH,20250725,14.86,1.5283,4.2622,0.97,24.2974,24.6624,3.5808,4.948,4.9485,2.961,3.7012,177767.9909,177767.9909,63741.7788,2641632.3448,2641632.3448
600281.SH,20250725,7.42,9.1378,16.1669,0.69,,,23.8461,9.8659,8.7252,0.0,,51440.2025,51440.2025,29074.8686,381686.3026,381686.3026
600008.SH,20250725,3.15,1.0595,1.9757,0.86,6.554,6.485,1.1626,1.1533,1.1597,3.1746,5.3968,734059.0677,734059.0677,393643.2234,2312286.0633,2312286.0633
000819.SZ,20250725,16.43,2.3749,3.6129,0.82,96.2229,110.1699,2.8438,1.589,1.4982,0.6086,0.6086,36969.7506,36553.2306,24028.4195,607413.0024,600569.5788
002661.SZ,20250725,10.52,1.0692,1.779,0.84,24.0126,19.1597,1.529,0.7674,0.7981,1.8481,4.4481,33313.7742,31476.5639,18918.5365,350460.9046,331133.4522
300107.SZ,20250725,7.99,1.941,2.4278,0.46,232.1139,349.8804,2.9982,7.4252,7.8958,0.1981,0.2003,56258.4868,34718.5796,27757.22,449505.3095,277401.451
000001.SZ,20250725,12.35,0.5711,1.3581,0.73,5.3847,5.4878,0.5585,1.6338,1.6921,7.8138,4.9231,1940591.8198,1940557.185,816045.2412,23966308.9745,23965881.2348
002130.SZ,20250725,23.2,4.1221,5.2792,0.51,34.4872,31.9925,5.2252,4.22,4.0062,0.7249,0.5842,125989.8562,124914.9054,97536.1226,2922964.6638,2898025.8053
603789.SH,20250725,5.54,1.2564,2.5322,0.85,,,7.012,5.5618,4.9451,0.0,,27045.14,26000.0,12900.4318,149830.0756,144040.0
002078.SZ,20250725,14.45,0.6506,1.1876,0.63,13.0209,13.3217,1.4095,0.9915,0.9986,2.0762,2.0761,279453.5119,276488.0988,151474.5206,4038103.247,3995253.0277
002361.SZ,20250725,6.26,2.3555,2.6115,0.63,176.9197,155.2273,2.7122,2.4626,2.4442,1.5974,0.7987,95103.4969,80912.2984,72981.8989,595347.8906,506510.988
600696.SH,20250725,5.81,1.4721,4.459,0.96,,,5.1146,6.8293,10.1971,0.0,,33446.9431,33446.9431,11042.1947,194326.7394,194326.7394
688403.SH,20250725,9.97,3.9262,4.0907,0.95,52.4334,48.1365,2.6741,5.5809,5.3688,0.9868,0.9393,84021.8205,58120.6982,55783.1196,837697.5504,579463.3611
601939.SH,20250725,9.35,0.8224,1.1881,0.75,7.2888,7.3649,0.7452,3.2606,3.3085,4.0885,4.1192,26160038.1459,959365.7606,664036.519,244596356.6642,8970069.8616
603727.SH,20250725,14.35,1.2548,2.3424,1.62,40.2074,51.6032,1.2772,1.5312,1.5049,1.0315,1.7153,28171.9277,28171.9277,15091.6977,404267.1625,404267.1625
002066.SZ,20250725,12.53,2.3756,3.9678,1.4,51.6169,57.6137,4.0851,0.6764,0.7015,0.7848,1.1772,23490.7,23100.0,13830.2535,294338.471,289443.0
688313.SH,20250725,55.64,5.9161,9.1815,0.74,393.1379,170.5437,20.1777,23.7572,19.4427,,0.1062,45880.2328,45880.2328,29563.1429,2552776.153,2552776.153
688336.SH,20250725,52.97,2.2335,14.8541,1.57,46.3697,45.6036,5.8177,27.3727,26.3947,0.1567,0.2322,61678.5793,61678.5793,9274.1491,3267114.3455,3267114.3455
301658.SZ,20250725,33.38,10.3566,10.3566,0.59,53.1716,52.475,4.4766,5.0779,5.2027,,0.3775,41237.1135,3872.8009,3872.8009,1376494.8486,129274.094
002939.SZ,20250725,9.18,1.1705,3.2282,0.93,23.4449,20.2143,1.2236,9.2126,8.4332,1.6667,1.4161,403442.6956,348762.2957,126461.7484,3703603.9456,3201637.8745
603272.SH,20250725,18.37,1.647,4.0347,1.2,174.671,130.6293,3.425,8.831,8.2791,0.8165,0.5208,10362.7,10362.7,4230.2,190362.799,190362.799
000815.SZ,20250725,13.53,7.282,10.8966,1.4,,,7.0777,10.3173,12.3168,0.0,,69526.3035,69526.3035,46463.1987,940690.8864,940690.8864
601128.SH,20250725,7.58,2.7035,3.1938,1.97,6.5925,6.2106,0.8949,2.3044,2.1926,2.7257,2.9983,331649.7842,331649.7842,280736.2736,2513905.3642,2513905.3642
001239.SZ,20250725,18.3,29.6791,35.0103,1.78,55.5386,53.9208,3.314,5.1708,3.8326,0.0,,24000.0,11400.0,9664.0513,439200.0,208620.0
000002.SZ,20250725,6.78,1.272,1.9091,0.97,,,0.4112,0.2357,0.2531,0.0,,1193070.9471,971681.279,647400.1999,8089021.0213,6587999.0716
300929.SZ,20250725,11.26,3.1946,4.2307,1.23,,,1.8454,5.3248,4.7115,0.1776,,13213.2956,12674.7356,9570.83,148781.7085,142717.5229
600182.SH,20250725,16.45,1.5838,1.5838,1.09,32.0898,36.8834,5.4337,1.1981,1.185,1.6413,5.5319,34000.0,17000.0,17000.0,559300.0,279650.0
603187.SH,20250725,12.3,0.8824,1.1013,0.52,13.4391,13.852,1.1766,1.679,1.6456,4.432,4.0224,38641.6107,38641.6107,30960.5236,475291.8116,475291.8116
301108.SZ,20250725,26.81,4.1147,7.499,0.56,155.0306,193.1185,1.649,5.5122,5.5731,0.9664,0.2664,11255.6252,6465.5698,3547.6274,301763.3116,173341.9263
688511.SH,20250725,18.74,1.6486,4.1778,1.69,,,2.3312,24.7827,23.7462,1.5494,1.5494,10282.9142,10282.9142,4057.8411,192701.8121,192701.8121
002211.SZ,20250725,2.86,1.4724,2.3583,1.15,,,59.0613,3.559,3.1008,0.0,,43247.5779,43247.5779,27002.3494,123688.0728,123688.0728
002189.SZ,20250725,25.95,4.8274,8.3515,0.55,,,10.473,3.7971,4.2467,0.0,,26119.9273,26115.9921,15095.6014,677812.1134,677709.995
688613.SH,20250725,19.77,7.2689,10.5998,2.58,,,1.9053,13.1467,13.4671,0.3003,,13700.8584,13700.8584,9395.4829,270865.9706,270865.9706
300933.SZ,20250725,7.95,4.6075,8.7999,0.56,97.9448,99.3187,2.3607,1.2084,1.2091,0.4912,0.3774,46965.9755,46965.9755,24590.9755,373379.5052,373379.5052
600510.SH,20250725,5.45,2.5076,6.2676,2.11,46.5979,55.4958,0.5442,1.1687,1.1323,2.2936,0.7523,103202.5457,103202.5457,41290.4959,562453.8741,562453.8741
002157.SZ,20250725,2.92,1.5086,1.6048,0.84,124.8161,61.9763,2.3067,3.0452,2.5897,0.0,,925016.2589,715452.2434,672567.4878,2701047.476,2089120.5507
301319.SZ,20250725,28.64,5.4298,6.5582,0.81,39.5387,39.4716,3.2113,2.9149,2.7066,2.3236,1.9253,12336.1298,5562.1481,4605.1481,353306.7575,159299.9216
301283.SZ,20250725,40.14,10.8802,13.1578,3.04,41.3011,39.1677,2.1263,1.6088,1.5906,1.5938,2.4584,8041.7822,4587.5576,3793.4431,322797.1375,184144.5621
300957.SZ,20250725,46.41,1.732,4.1412,1.31,39.0799,55.4487,3.3751,3.4274,3.5183,1.2837,1.2858,42360.0,42360.0,17716.4311,1965927.6,1965927.6
600623.SH,20250725,8.6,0.8244,2.3818,0.49,20.0479,20.2655,0.8155,0.4089,0.4112,1.5186,2.1026,212283.128,187184.1976,64791.8044,1825634.9008,1609784.0994
301115.SZ,20250725,16.25,3.2821,3.2821,0.64,182.2621,171.5277,1.1965,2.2224,2.1496,2.0864,2.0811,18515.934,10575.1914,10575.1914,300883.9275,171846.8603
002277.SZ,20250725,5.93,1.4836,2.1825,0.71,295.1463,1051.0286,1.231,6.4449,6.6994,0.2698,0.1686,139417.28,139417.28,94772.406,826744.4704,826744.4704
002219.SZ,20250725,2.25,2.3491,4.2269,0.88,66.4103,65.6965,3.7775,2.0062,2.0421,0.0,,338738.1753,327204.372,181845.9128,762160.8944,736209.837
600681.SH,20250725,3.69,0.7327,1.9184,0.91,15.5091,14.8619,1.3807,0.9719,0.9645,5.9621,6.3686,134085.481,133980.8772,51167.5801,494775.4249,494389.4369
000089.SZ,20250725,7.17,0.7202,1.6737,1.17,33.1889,28.7566,1.3049,3.1026,3.022,1.3947,1.6736,205076.9509,205074.2403,88244.6871,1470401.738,1470382.303
300479.SZ,20250725,22.13,10.5606,14.4333,2.73,267.5023,155.1566,8.4541,4.7838,4.4832,0.0,,19704.0865,19692.8365,14408.9938,436051.4342,435802.4717
600319.SH,20250725,6.99,3.8817,5.8305,1.55,,,5.4115,2.9768,2.9426,0.0,,38770.9384,31559.4,21010.7241,271008.8594,220600.206
002891.SZ,20250725,55.88,2.8586,5.9434,1.24,43.1901,39.6712,6.1465,3.8095,3.6282,0.841,0.6987,30437.1875,30437.1725,14639.3881,1700830.0375,1700829.1993
301133.SZ,20250725,23.75,1.2217,3.3206,0.87,29.5898,36.4482,2.537,2.2326,2.2995,0.6315,0.6316,10662.3094,9634.1039,3544.5658,253229.8483,228809.9676
300982.SZ,20250725,19.94,2.512,5.9041,0.57,77.9356,107.8139,1.3993,2.1338,2.2227,1.7421,3.1962,20696.5146,19388.3646,8248.9206,412688.5011,386603.9901
600081.SH,20250725,13.33,1.4019,5.5556,0.91,80.7641,65.5508,1.5951,1.0825,1.091,0.5492,0.5492,55302.617,55302.617,13955.4119,737183.8846,737183.8846
603662.SH,20250725,65.78,2.2395,4.8212,0.7,71.1208,63.2036,6.941,14.3056,13.5994,0.5062,0.4226,28165.9426,28082.9868,13044.8776,1852755.7042,1847298.8717
300716.SZ,20250725,7.34,2.1004,2.6949,1.45,,,103.5868,5.2823,6.3376,0.0,,16002.0,16002.0,12471.56,117454.68,117454.68
601016.SH,20250725,3.08,1.0906,1.9427,0.84,14.9904,15.463,1.1601,3.9662,3.9801,2.7278,2.4026,647339.005,596684.3731,334978.9835,1993804.1354,1837787.8691
600769.SH,20250725,10.78,1.5315,1.9162,0.87,315.4794,302.7467,37.6017,53.3772,54.9986,0.0,,37497.72,37497.72,29968.6023,404225.4216,404225.4216
688015.SH,20250725,21.62,0.9909,2.1369,1.15,48.8114,45.9076,1.6147,1.8662,1.8835,0.9251,1.0638,18868.0742,18868.0742,8749.2671,407927.7642,407927.7642
003041.SZ,20250725,29.0,1.2159,4.0094,1.18,55.0956,16.2292,2.7867,4.7529,4.6438,1.3793,1.3793,14400.0,13682.34,4149.5116,417600.0,396787.86
002174.SZ,20250725,13.72,4.1236,5.1153,1.03,,,2.9874,8.9331,8.7836,0.3631,0.3631,93391.1274,93335.9349,75241.1759,1281326.2679,1280569.0268
002214.SZ,20250725,10.34,0.5705,0.6226,0.94,,,4.2114,22.5455,20.4155,0.4791,,59923.7935,47901.8901,43897.913,619612.0248,495305.5436
000697.SZ,20250725,8.06,0.6856,0.9498,0.68,,,76.9821,4.0214,4.0,0.0,,87310.0876,59089.6429,42653.6149,703719.3061,476262.5218
000026.SZ,20250725,17.44,2.7878,5.0394,0.36,32.1149,37.214,2.1517,1.7958,1.8624,2.2942,2.2936,40576.4007,36476.9323,20179.1996,707652.4282,636157.6993
603636.SH,20250725,13.63,4.2163,7.128,1.22,,,3.4013,10.737,9.8962,0.3595,,58036.0523,58036.0523,34329.2694,791031.3928,791031.3928
920571.BJ,20250725,11.86,5.7105,7.423,0.76,290.6527,,4.898,7.0342,7.2186,,,55540.7453,28693.8449,22074.0566,658713.2393,340309.0005
002640.SZ,20250725,5.57,14.9903,18.4501,0.88,,,10.1491,1.5174,1.5235,0.0,,155804.133,139717.5001,113516.9653,867829.0208,778226.4756
600021.SH,20250725,9.36,1.8284,3.9815,0.62,12.8861,11.7644,1.3559,0.617,0.6193,2.1368,2.9915,281674.3645,261716.4197,120186.3406,2636472.0517,2449665.6884
300291.SZ,20250725,6.39,6.979,11.2034,1.14,,,1.9184,8.1492,7.9459,0.0,,94188.9651,92897.8644,57869.8304,601867.487,593617.3535
002232.SZ,20250725,18.5,1.712,3.8661,1.05,1853.3685,1056.5032,5.5325,8.605,8.7741,0.0541,0.0541,40854.8455,40854.8455,18090.8732,755814.6418,755814.6418
688279.SH,20250725,198.37,1.6838,2.2244,0.91,99.1195,99.1857,4.7735,36.7142,33.6327,0.3071,0.3924,11110.778,5585.8233,4228.288,2204045.0319,1108059.768
000546.SZ,20250725,5.63,10.2075,15.4358,0.73,110.2409,133.4284,1.0481,0.6502,0.5813,0.0,,77764.8262,69670.5206,46072.353,437815.9715,392245.031
002169.SZ,20250725,6.39,0.9883,1.2661,0.68,,,1.9102,1.9267,1.8345,1.5649,1.252,78270.4094,75867.3967,59221.3596,500147.9161,484792.6649
002977.SZ,20250725,35.83,4.1104,5.6028,0.8,268.3783,167.5367,3.9522,31.5197,26.7587,0.5024,0.5024,12012.0,6662.017,4887.517,430389.96,238700.0691
688065.SH,20250725,48.89,0.3708,0.6634,0.9,72.1198,67.73,2.0078,11.9219,11.5651,0.3132,,72128.9794,58337.8039,32603.121,3526385.8029,2852135.2327
002563.SZ,20250725,5.38,1.0221,3.2172,1.04,12.7433,14.4174,1.3044,0.991,0.9951,5.5762,6.5056,269409.016,220169.451,69946.8385,1449420.5061,1184511.6464
300044.SZ,20250725,4.26,6.4329,6.7136,0.9,,,31.2963,22.7109,33.6374,0.0,,76386.9228,76375.7508,73182.1277,325408.2911,325360.6984
603219.SH,20250725,15.27,0.6227,2.9642,0.95,47.2891,46.2929,5.5705,3.1727,2.8986,1.9558,1.307,56140.0,56140.0,11792.9916,857257.8,857257.8
002264.SZ,20250725,6.69,3.9748,6.4136,1.11,18.509,18.5514,2.4584,1.3099,1.4244,0.0,,71981.13,65478.281,40579.9785,481553.7597,438049.6999
688687.SH,20250725,33.34,7.602,10.0643,0.76,40.0317,39.0647,3.1232,4.6324,4.5623,0.7345,0.8813,17094.4422,17094.4422,12912.2421,569928.7029,569928.7029
300615.SZ,20250725,14.09,4.1227,5.8946,0.48,,,5.309,9.8235,8.5998,0.7041,0.3553,19322.92,12525.2425,8760.087,272259.9428,176480.6668
688459.SH,20250725,9.92,1.5209,2.3846,1.07,37.9125,39.5358,1.4181,4.306,4.2746,1.0081,1.0081,48000.0,17558.4968,11199.0049,476160.0,174180.2883
603688.SH,20250725,35.12,2.1815,4.5812,0.8,57.0305,83.4845,3.3278,15.7185,17.7699,10.8106,0.5382,54167.8289,54167.8289,25793.726,1902374.151,1902374.151
688582.SH,20250725,64.96,1.8745,2.697,0.97,117.1629,97.0768,11.8813,64.3518,55.3886,0.1967,0.3447,40071.566,24919.566,17320.266,2603048.9274,1618775.0074
300489.SZ,20250725,40.83,3.7904,6.7709,1.62,458.6064,88.6979,8.9808,3.8644,3.3233,0.0,,13767.2835,13709.1113,7674.5613,562118.1853,559743.0144
600000.SH,20250725,13.07,0.2168,0.6281,0.89,8.7412,8.7071,0.5959,2.3169,2.3088,2.3817,3.137,3026767.9579,3026767.9579,1044722.5822,39559857.2098,39559857.2098
301156.SZ,20250725,20.08,10.5713,16.2238,2.08,57.0152,57.8323,4.0931,5.7701,5.7473,2.1525,1.5936,14078.4675,7462.4767,4862.4676,282695.6274,149846.5321
601901.SH,20250725,8.41,1.4492,3.0504,1.18,31.3637,26.443,1.4357,8.9697,7.9596,0.8442,1.2759,823210.1395,823210.1395,391087.2474,6923197.2732,6923197.2732
002026.SZ,20250725,12.88,9.1094,13.7535,2.99,18.9118,18.874,1.5731,2.5548,2.6121,1.4135,1.0924,44053.1939,42299.3749,28016.1323,567405.1374,544815.9487
688249.SH,20250725,22.47,1.4589,2.1533,0.75,84.5991,76.5259,2.1638,4.8737,4.701,,0.4313,200613.5157,118676.1696,80402.9515,4507785.6978,2666653.5309
002412.SZ,20250725,6.74,1.7628,3.0702,0.9,15.3991,19.5776,1.5463,3.3765,3.326,0.0,,50320.0,49784.5,28583.8811,339156.8,335547.53
601777.SH,20250725,8.48,0.8086,2.2116,1.3,958.0603,859.2015,3.6192,5.4496,5.1562,0.0,,452110.0071,452110.0071,165299.0287,3833892.8602,3833892.8602
920699.BJ,20250725,48.6,6.0685,10.034,1.41,27.2431,26.2289,7.4583,5.3168,5.2648,1.3519,1.3374,4562.53,2087.53,1262.53,221738.958,101453.958
301360.SZ,20250725,50.41,3.1299,3.5373,1.2,59.888,63.3153,2.3542,7.2525,7.2111,0.5951,0.6943,5334.0,2780.0,2459.7543,268886.94,140139.8
000333.SZ,20250725,72.76,0.3535,0.5149,0.79,14.4881,13.3065,2.731,1.3713,1.3018,4.0667,4.7836,767361.8158,691848.0768,474930.2055,55833245.7176,50338866.068
605228.SH,20250725,13.28,3.1018,12.7883,1.86,,,3.6911,4.1061,3.9869,0.294,,42936.841,42636.541,10341.3795,570201.2485,566213.2645
300511.SZ,20250725,6.5,6.5817,7.2191,1.39,,,2.9257,1.7964,1.9431,0.0,,59763.1469,51685.9395,47122.3082,388460.4549,335958.6068
301148.SZ,20250725,25.0,4.5006,4.7755,0.64,58.0148,57.9024,1.6948,5.2397,5.3257,1.5592,1.5516,11649.708,3809.708,3590.438,291242.7,95242.7
000610.SZ,20250725,12.78,3.5585,5.2132,1.14,,,14.8052,5.1973,5.538,0.0,,23674.7901,23550.4294,16075.2121,302563.8175,300974.4877
300497.SZ,20250725,10.03,3.2303,3.4978,0.98,,,2.5271,4.6836,5.1503,0.0,,55000.4834,45313.9628,41848.4451,551654.8485,454499.0469
002570.SZ,20250725,6.24,14.1177,16.2552,1.24,65.4729,54.5016,4.1766,2.43,2.4236,0.0,,108004.3333,100862.9189,87599.9718,673947.0398,629384.6139
600793.SH,20250725,25.58,3.7357,8.2768,0.53,,,19.0258,2.0224,1.8134,0.0,,17690.4002,17690.4002,7984.4982,452520.4371,452520.4371
300751.SZ,20250725,74.7,1.7425,2.4112,0.72,22.5418,25.2114,2.7839,2.1232,2.1209,2.137,1.4685,27940.5006,19207.3403,13880.9623,2087155.3948,1434788.3204
002200.SZ,20250725,7.45,2.0244,2.7976,0.87,,,,2.273,2.3914,0.0,,18413.289,18413.289,13324.0363,137179.0031,137179.0031
002068.SZ,20250725,11.11,3.7787,7.2296,1.2,325.036,,2.8568,0.8063,0.823,0.0,,73534.5196,73441.0821,38385.3584,816968.5128,815930.4221
920496.BJ,20250725,11.83,5.4871,8.1654,0.76,46.1294,45.6625,3.438,3.1114,2.9353,1.6906,0.4227,16557.5,14511.8432,9751.9366,195875.225,171675.1051
002128.SZ,20250725,20.86,0.3238,0.7657,0.49,8.7538,9.4343,1.3544,1.566,1.5559,3.4995,4.0748,224157.3493,224157.3493,94788.8466,4675922.3064,4675922.3064
002236.SZ,20250725,16.62,1.8844,2.1645,1.19,18.7994,18.2208,1.5519,1.6975,1.6935,3.3923,3.8517,328675.5574,211596.205,184217.9102,5462587.764,3516728.9271
300254.SZ,20250725,11.39,23.326,25.6699,1.56,67.0382,82.4684,10.8783,3.3408,3.3717,0.0,,24831.8563,22521.6595,20465.2448,282834.8433,256521.7017
603486.SH,20250725,70.84,1.7264,5.3156,1.04,50.5147,41.4222,5.5195,2.4615,2.4057,0.417,0.6358,57480.6265,56920.1965,18486.0548,4071927.5813,4032226.7201
301288.SZ,20250725,13.65,1.8833,2.3747,0.52,,,1.8247,20.149,20.0889,0.7212,,10801.0,4709.2924,3734.7956,147433.65,64281.8413
301118.SZ,20250725,23.54,2.9622,6.6779,0.5,,,1.953,2.1007,1.9671,0.0,0.532,11019.64,10505.2463,4659.9513,259402.3256,247293.4979
300597.SZ,20250725,9.8,2.4047,2.9214,0.91,545.4612,,2.6122,5.0038,5.0474,0.04,0.0399,27257.003,27137.2238,22337.2238,267118.6294,265944.7932
002161.SZ,20250725,8.09,14.3334,17.0383,2.37,214.9055,,3.9933,10.9673,11.3355,0.2225,0.1854,73975.74,71345.9304,60019.6791,598463.7366,577188.5769
688217.SH,20250725,28.43,3.2175,5.4274,1.77,,,1.74,6.5536,6.8196,,,5585.5896,5585.5896,3311.2375,158798.3123,158798.3123
601088.SH,20250725,38.43,0.1421,0.8748,0.55,13.014,13.9496,1.9668,2.2565,2.3838,5.8808,5.8808,1986851.9955,1649103.7955,267832.8759,76354722.1871,63375058.8611
603638.SH,20250725,18.75,0.807,2.9112,0.56,45.2814,43.5369,4.7139,5.7188,5.4426,1.0684,0.6933,83108.8418,83108.8418,23037.8974,1558290.7838,1558290.7838
600860.SH,20250725,12.11,1.99,4.4781,0.66,887.0126,3173.9988,6.169,4.0223,4.016,0.0,,54766.5988,44226.5988,19653.0936,663223.5115,535584.1115
603317.SH,20250725,11.48,0.3962,1.331,0.88,19.5733,23.3597,3.0067,3.5171,3.745,3.4599,4.781,106499.6294,106499.6294,31700.6094,1222615.7455,1222615.7455
600765.SH,20250725,17.41,1.522,2.3405,0.72,42.8763,53.1476,1.9602,2.6489,2.7393,1.4531,0.6996,157549.2153,156443.8153,101733.68,2742931.8384,2723686.8244
603282.SH,20250725,17.77,1.9706,1.9706,0.97,23.3048,27.7534,1.9036,2.967,3.1111,2.0822,1.3089,13382.0,6418.4459,6418.4459,237798.14,114055.7836
600729.SH,20250725,28.8,1.8957,1.9898,0.92,9.6496,9.2136,1.7263,0.7402,0.783,4.7101,4.7297,44047.5577,19121.2344,18216.8801,1268569.6618,550691.5507
300467.SZ,20250725,23.3,9.4361,10.4333,1.33,230.5609,291.9135,7.5305,15.9189,16.1852,0.0,,20320.4897,16855.7274,15244.6534,473467.41,392738.4484
002529.SZ,20250725,6.33,1.3133,1.5324,0.81,,,6.1397,8.7809,6.8328,0.0,,26000.0,26000.0,22282.5,164580.0,164580.0
300928.SZ,20250725,35.13,2.1348,2.5558,0.64,,,2.4826,2.716,2.6981,0.427,,8000.0,5301.3103,4428.012,281040.0,186235.0308
300773.SZ,20250725,27.78,6.2915,9.1026,0.89,62.3377,89.9367,6.568,3.8018,3.9345,3.2888,2.1816,78808.25,73433.5013,50756.1096,2189293.185,2039982.6661
001301.SZ,20250725,54.15,2.1901,2.722,0.57,16.8482,15.2062,2.2528,2.701,2.3557,1.4767,1.4711,26083.735,16139.6375,12985.6136,1412434.2503,873961.3706
301050.SZ,20250725,51.91,2.7208,3.4148,0.85,37.0822,40.6074,4.2237,10.7711,12.0593,0.9555,0.799,24479.1768,20809.1913,16580.0729,1270714.0677,1080205.1204
000829.SZ,20250725,10.35,1.8682,2.8725,1.09,340.2329,,3.5989,0.1263,0.1322,0.2415,0.0966,102510.0438,102412.9669,66606.1551,1060978.9533,1059974.2074
688498.SH,20250725,197.35,3.8468,3.8468,0.59,,,8.0972,67.2626,61.3422,0.0501,0.0501,8594.7726,6014.9271,6014.9271,1696178.3726,1187045.8632
920510.BJ,20250725,22.3,1.8908,2.7681,0.59,195.0902,316.9811,10.1162,17.6771,18.1774,0.3844,,18421.3929,9389.9078,6414.2078,410797.0617,209394.9439
603261.SH,20250725,20.4,1.7528,5.1556,1.36,,,2.2219,5.4832,4.9487,0.0,,7790.7622,7750.5022,2634.9858,158931.5489,158110.2449
688211.SH,20250725,33.38,0.4107,1.0494,0.9,,,1.2468,1.7754,1.7534,0.2295,,13160.8698,13160.8698,5150.8698,439309.8339,439309.8339
002726.SZ,20250725,5.73,3.1656,5.2877,2.16,286.0437,,4.6284,0.5627,0.5614,0.0,,107916.0689,107711.3189,64483.7189,618359.0748,617185.8573
600143.SH,20250725,12.71,6.0168,7.4883,0.85,40.6383,34.6293,1.8587,0.5538,0.5103,0.7969,0.7683,263661.2697,259722.5566,208684.5173,3351134.7379,3301073.6944
600569.SH,20250725,2.42,2.1774,6.774,0.73,,,2.5982,0.2345,0.2433,0.0,,287242.1386,287242.1386,92331.4083,695125.9754,695125.9754
002714.SZ,20250725,48.58,1.0591,1.6556,0.77,14.8413,10.7219,3.6733,1.9238,1.7963,1.6975,2.8592,546276.8373,381059.2508,243771.1214,26538128.756,18511858.4039
688419.SH,20250725,28.48,9.0843,9.0843,1.09,50.9628,47.8312,3.3081,12.1648,11.5736,0.754,0.9978,11455.1669,3077.2999,3077.2999,326243.1533,87641.5012
300225.SZ,20250725,3.78,2.4052,2.8243,0.76,58.1394,52.9982,2.0875,2.4566,2.4329,0.0,,47542.959,47410.709,40375.435,179712.385,179212.48
300988.SZ,20250725,21.31,3.9781,7.0974,1.2,39.42,35.1326,2.481,1.6254,1.589,0.7837,0.7837,14029.7357,10659.1097,5974.4897,298973.6678,227145.6277
002494.SZ,20250725,5.18,2.8982,3.2391,1.09,87.9624,184.2209,1.5873,3.8941,4.4407,0.0,,37731.0718,28677.0438,25659.0344,195446.9519,148547.0869
601512.SH,20250725,7.86,0.4998,2.6307,0.43,18.492,27.7647,0.812,4.3876,4.6947,3.4733,1.6285,149889.0,149889.0,28479.0,1178127.54,1178127.54
688571.SH,20250725,8.31,0.7476,2.5515,0.65,25.1089,24.7132,2.3342,2.7494,2.7485,1.7548,2.3634,42012.85,42012.85,12310.45,349126.7835,349126.7835
002575.SZ,20250725,8.78,2.0239,2.2175,0.69,,,7.4492,14.6482,12.993,0.0,,61650.0,57829.85,52782.85,541287.0,507746.083
600650.SH,20250725,18.85,14.4771,32.7564,1.3,52.8756,61.188,2.4873,5.6882,5.994,0.4403,0.4403,55161.0107,39056.0075,17261.2122,1039785.0517,736205.7414
300157.SZ,20250725,4.82,3.4326,4.1296,0.56,,,,6.59,8.4771,0.0,,75490.0207,70801.957,58851.9273,363861.8998,341265.4327
600651.SH,20250725,5.05,3.9536,11.4124,4.32,320.7276,432.2793,5.1495,6.4434,6.4634,0.0,,250702.8015,250702.8015,86850.8184,1266049.1476,1266049.1476
605033.SH,20250725,22.3,9.1719,35.5645,1.19,81.7965,134.7566,2.6422,3.4047,3.4942,0.8744,0.6502,13520.0,13520.0,3486.72,301496.0,301496.0
000816.SZ,20250725,3.26,4.086,5.5017,1.0,,,2.346,3.2479,3.2678,0.0,,144701.3318,143672.5522,106702.0822,471726.3417,468372.5202
300538.SZ,20250725,16.2,2.8519,3.4857,0.87,,,3.0699,0.9584,0.9088,0.2469,,18191.8573,11314.1481,9257.0581,294708.0883,183289.1992
300766.SZ,20250725,38.22,14.2427,15.5571,1.32,,,9.4041,32.0759,32.1417,0.0,,39474.9757,35825.0038,32798.2288,1508733.5713,1369231.6452
688021.SH,20250725,16.9,2.4169,4.0475,1.44,,,1.5113,4.5437,4.1846,,,7641.3717,7641.3717,4562.9844,129139.1817,129139.1817
001210.SZ,20250725,14.51,3.3254,5.1683,0.98,46.7315,41.0262,1.6626,2.1216,2.0021,0.8136,1.1486,15681.2676,9530.2565,6132.0255,227535.1929,138284.0218
688468.SH,20250725,7.9,2.2392,3.5585,1.27,24.9361,30.6975,2.2937,7.263,7.801,1.5566,1.5566,40110.8,40110.8,25239.7459,316875.32,316875.32
600663.SH,20250725,9.47,0.2084,0.8192,0.98,31.61,27.6338,1.926,3.2546,2.9657,1.7998,1.5823,503515.3679,315568.3662,80278.0984,4768290.534,2988432.4279
002552.SZ,20250725,16.17,4.1937,10.6084,0.64,25.3351,34.2595,3.6138,2.1678,2.1702,0.9117,0.9117,38798.5331,32023.3796,12659.5432,627372.2802,517818.0481
300344.SZ,20250725,6.0,16.3557,29.6465,1.01,,,15.5753,14.8929,14.19,0.0,,64170.6416,63942.3416,35276.4251,385023.8496,383654.0496
688401.SH,20250725,35.36,4.0106,4.0106,1.67,35.8179,34.3639,4.9364,7.808,7.13,0.6581,0.8431,19333.372,11571.232,11571.232,683628.0339,409158.7635
300226.SZ,20250725,28.05,10.2761,13.9604,0.69,55.4078,54.4899,4.3819,0.1099,0.1131,0.288,,31872.1422,30635.5664,22550.4501,894013.5887,859327.6375
300627.SZ,20250725,35.81,1.5496,2.1001,1.2,47.978,44.9225,7.6714,8.6098,8.1767,0.6821,0.9973,78163.9395,64338.533,47473.7941,2799050.6735,2303962.8667
600082.SH,20250725,4.06,1.4902,2.1211,0.67,273.7433,244.3051,1.4885,7.7695,7.8678,0.1478,,64611.5826,63433.5412,44566.648,262323.0254,257540.1773
603958.SH,20250725,16.69,1.7049,4.6713,0.98,,,5.1378,4.4593,3.8467,0.0,,21936.0,21936.0,8006.1196,366111.84,366111.84
301429.SZ,20250725,19.56,3.6767,4.6034,0.92,36.5399,38.846,1.7568,2.5865,2.4022,1.2986,1.7397,11822.0,4404.1133,3517.5133,231238.32,86144.4561
605180.SH,20250725,14.65,1.6799,5.8431,1.08,50.0951,61.7005,2.197,7.0386,7.2856,0.5461,0.8874,16900.0,16900.0,4858.75,247585.0,247585.0
002103.SZ,20250725,10.38,4.027,5.2051,1.01,36.4394,34.8109,5.1377,1.9963,1.9648,0.0,,53427.2953,37707.5188,29173.4545,554575.3252,391404.0451
300609.SZ,20250725,37.66,3.0199,3.7766,0.63,,,4.4098,12.4495,12.3778,0.5311,,12011.4387,11989.3313,9587.0471,452350.7814,451518.2168
002479.SZ,20250725,5.36,1.1375,1.7517,0.76,19.2276,14.5871,1.1398,0.8827,0.8617,2.7985,2.7985,86500.0,86307.2844,56043.7486,463640.0,462607.0444
688627.SH,20250725,88.53,3.7062,3.7062,1.03,103.8278,106.1765,5.0444,10.363,9.5424,0.4202,0.3591,9401.1754,7235.1688,7235.1688,832286.0582,640529.4939
601921.SH,20250725,8.22,0.5445,2.3624,1.19,16.8726,16.1143,1.3848,1.632,1.6395,4.7445,3.6496,222222.2223,222222.2223,51222.1975,1826666.6673,1826666.6673
002925.SZ,20250725,17.26,0.8354,2.454,1.21,53.3492,49.2331,2.9804,3.7558,3.6584,3.3493,2.436,77744.1784,73616.4491,25060.4996,1341864.5192,1270619.9115
300265.SZ,20250725,10.87,5.9722,9.9402,0.88,106.2831,120.3168,2.2565,1.9213,1.9662,0.736,0.368,45830.0449,45800.0824,27517.0824,498172.5881,497846.8957
603172.SH,20250725,17.05,4.1911,4.8385,1.24,59.332,53.0486,2.1455,4.2497,4.0762,0.5865,0.5279,13338.0,5008.0,4337.99,227412.9,85386.4
600605.SH,20250725,39.7,1.102,2.4041,0.68,86.1114,87.7466,6.0061,59.9857,61.4611,1.5113,0.3526,20628.2429,20628.2429,9455.5154,818941.2431,818941.2431
688521.SH,20250725,93.03,3.1027,5.0881,2.52,,,13.2107,21.0635,20.434,,,52571.3273,49898.9298,30428.5261,4890710.5787,4642097.4393
688187.SH,20250725,45.15,1.4277,1.5425,0.65,16.5591,16.2789,1.4857,2.4614,2.4024,1.7276,1.7276,135794.8412,27932.1813,25852.6027,6131137.0802,1261137.9857
300200.SZ,20250725,10.2,3.2317,4.5475,1.05,32.4757,36.236,2.8077,3.7227,3.8481,0.0,1.421,43097.3206,42326.3062,30079.4435,439592.6701,431728.3232
002866.SZ,20250725,18.23,3.1088,3.873,0.64,,,2.578,2.6998,2.6504,0.0823,,28952.2256,18126.6506,14549.9273,527799.0727,330448.8404
002647.SZ,20250725,5.91,1.3907,1.7062,0.74,,,7.6117,5.7636,6.7602,0.0,,113029.1657,67773.5988,55241.1909,668002.3693,400541.9689
002890.SZ,20250725,13.82,2.0105,3.4117,1.76,139.1785,140.1,3.9468,7.2952,7.3924,0.5566,0.1881,16987.516,16148.4212,9516.1303,234767.4711,223171.181
600129.SH,20250725,22.7,3.9361,6.4238,1.17,474.3012,,3.5449,1.0206,1.1486,1.3216,,55689.0744,55689.0744,34123.092,1264141.9889,1264141.9889
603029.SH,20250725,18.43,1.7391,4.18,1.15,32.2593,32.0826,2.5325,2.8985,2.8379,0.9224,0.9333,12134.2,12134.2,5048.5248,223633.306,223633.306
688166.SH,20250725,99.39,3.3452,5.4418,0.72,222.1262,304.3598,17.5383,32.762,35.2692,0.0964,0.0965,42276.8244,42276.8244,25988.7608,4201893.5771,4201893.5771
000957.SZ,20250725,11.22,2.911,4.3477,1.04,26.6686,23.459,2.2244,1.1602,1.0825,0.303,0.7081,59290.3936,59290.3936,39698.1056,665238.2162,665238.2162
002905.SZ,20250725,9.54,2.7314,14.2031,1.33,,,19.7189,3.546,3.1226,0.0,,37632.0,34944.0,6720.0,359009.28,333365.76
300878.SZ,20250725,20.05,5.5309,19.8448,0.53,,,2.5738,8.2661,13.1347,1.2233,0.685,14479.0322,14412.3959,4016.8314,290304.5956,288968.5378
688228.SH,20250725,63.12,4.0208,9.0622,1.76,207.0139,202.614,3.2971,6.9005,7.222,0.2911,0.2346,6751.824,6751.824,2995.744,426175.1309,426175.1309
001287.SZ,20250725,20.52,5.6564,7.4484,0.35,65.781,57.6772,2.985,0.3206,0.2867,0.4142,0.5458,75990.0097,43739.4498,33216.1873,1559314.999,897533.5099
600987.SH,20250725,7.32,0.7235,1.556,1.13,10.3825,10.2694,1.205,0.6516,0.6619,4.2188,4.0984,102081.8873,102081.8873,47464.009,747239.415,747239.415
603158.SH,20250725,8.35,1.8702,3.1554,1.15,16.404,17.1885,1.8494,1.0748,1.0732,1.8955,1.8955,49079.9306,49079.9306,29088.7958,409817.4205,409817.4205
603310.SH,20250725,18.17,3.5802,3.5802,0.85,24.7436,31.9881,1.6116,5.6658,6.3497,2.2014,3.8525,34534.0,6907.2,6907.2,627482.78,125503.824
301177.SZ,20250725,28.91,0.257,2.5694,0.98,218.0726,261.0948,1.8817,7.8009,7.9009,1.7295,1.7295,40001.0,40001.0,4001.0,1156428.91,1156428.91
688469.SH,20250725,5.14,1.6347,1.6347,1.15,,,2.9614,5.5822,5.2738,,,706908.52,442980.0,442980.0,3633509.7928,2276917.2
603221.SH,20250725,11.34,1.4222,5.4701,0.77,20.1082,22.2857,1.7641,2.119,2.1533,0.8818,1.5873,24458.0,24227.0,6299.0,277353.72,274734.18
600116.SH,20250725,6.93,0.7386,1.5896,0.62,42.7857,45.1476,1.201,1.2838,1.3086,2.1438,0.7143,191214.2904,191214.2904,88844.6091,1325115.0325,1325115.0325
605555.SH,20250725,16.87,3.5389,9.5344,2.95,19.8776,20.085,2.761,1.9942,1.9121,1.5959,1.5959,48406.904,48406.904,17967.5141,816624.4705,816624.4705
002100.SZ,20250725,6.62,2.0009,2.7943,0.6,14.9375,12.9274,1.3248,0.5262,0.5141,0.0,3.3233,136525.1515,136525.1515,97759.3855,903796.5029,903796.5029
920807.BJ,20250725,20.57,20.2537,29.2499,0.83,153.3802,178.7824,4.0613,6.5343,6.5031,0.8751,0.4861,18188.0,12363.2757,8560.7683,374127.16,254312.5811
600172.SH,20250725,4.44,5.9889,7.9403,1.06,,,4.769,4.9207,4.9534,0.0,,144218.4476,127625.575,96259.9564,640329.9073,566657.553
920163.BJ,20250725,19.03,9.2053,16.3775,1.5,54.7553,57.0551,5.2955,3.5058,3.2091,1.3167,0.578,12871.516,6198.5735,3484.036,244944.9495,117958.8537
605300.SH,20250725,13.92,0.5828,3.7857,0.78,75.3567,150.1534,2.2256,2.7375,2.7029,1.7528,0.4267,45439.8597,40001.0,6157.5921,632522.847,556813.92
920207.BJ,20250725,30.68,19.2268,28.6877,2.11,,,9.9445,8.4527,9.923,0.3323,,9219.5,5631.4468,3774.27,282854.26,172772.7878
002074.SZ,20250725,30.57,3.5849,5.952,0.77,45.7352,44.572,2.143,1.5595,1.4942,0.3206,0.3245,180545.7485,172756.4061,104051.6237,5519283.5316,5281163.3345
301419.SZ,20250725,29.28,5.8786,6.0941,0.87,76.7477,67.9632,3.8696,10.0046,9.6061,1.423,1.423,12000.0,4242.0,4092.0,351360.0,124205.76
002693.SZ,20250725,7.71,5.4794,10.7512,1.33,,,8.3399,18.3533,19.0177,0.0,,41468.975,41123.2096,20958.8444,319725.7973,317059.946
000695.SZ,20250725,12.17,2.1541,3.255,0.7,,,18.3969,5.4795,5.6694,0.0,,22214.7539,22172.0364,14672.9684,270353.555,269833.683
000905.SZ,20250725,8.4,3.2385,6.7691,1.74,31.204,33.6075,1.251,0.2814,0.3094,1.8214,1.2857,74180.9597,74180.8097,35490.0575,623120.0615,623118.8015
301332.SZ,20250725,11.07,2.0815,3.1081,1.07,35.8875,35.8198,1.8014,1.447,1.4222,0.9033,1.3455,46156.25,26489.75,17739.75,510949.6875,293241.5325
301278.SZ,20250725,34.97,2.5205,3.1225,0.85,31.7086,45.2101,2.2212,3.4754,3.5913,0.7962,1.4603,8978.0143,3505.7361,2829.8556,313961.1601,122595.5914
920725.BJ,20250725,29.47,2.5801,4.0578,0.5,682.8251,,4.3722,12.4362,13.8392,0.511,0.3371,9127.5,4207.7762,2675.415,268987.425,124003.1646
920068.BJ,20250725,20.6,11.6336,11.903,1.11,78.3283,78.3283,10.6751,16.8553,16.8553,,,65560.0015,6270.4261,6128.5066,1350536.0309,129170.7777
000573.SZ,20250725,4.19,2.1743,2.7432,0.6,,32.0771,1.6046,5.4629,5.2887,1.432,1.1933,63828.0604,63296.4819,50169.3956,267439.5731,265212.2592
300521.SZ,20250725,24.73,1.3315,1.7684,0.46,,,6.8942,19.4154,19.7272,0.0,0.1561,14918.5,14918.374,11233.026,368934.505,368931.389
600639.SH,20250725,11.08,1.1944,3.4289,1.99,12.4121,14.1837,0.8627,4.5642,5.3475,5.1444,,112241.2893,85023.6703,29615.5246,1243633.4854,942062.2669
301149.SZ,20250725,12.12,2.8714,3.7841,0.88,30.4096,28.8394,2.6844,0.9267,0.9017,1.8152,1.2376,43000.0018,25971.9087,19707.2896,521160.0218,314779.5334
600835.SH,20250725,26.36,5.535,14.1522,2.26,28.7618,29.0332,1.9684,1.3035,1.3098,2.4279,1.5933,102273.9308,80650.43,31543.0714,2695940.8159,2125945.3348
000973.SZ,20250725,6.81,2.5521,3.484,0.76,55.0661,54.247,2.3162,2.957,2.942,0.9838,0.514,96742.3171,96742.3171,70866.2659,658815.1795,658815.1795
000501.SZ,20250725,9.99,2.9802,5.2281,0.84,35.5676,34.9284,0.7002,1.146,1.1755,1.4875,2.9393,76899.2731,76829.3891,43794.9828,768223.7383,767525.5971
000822.SZ,20250725,6.31,6.0403,10.1239,1.04,144.0209,,1.1002,0.9394,1.0876,1.5848,,89509.1926,89509.1926,53404.3048,564803.0053,564803.0053
688588.SH,20250725,15.09,2.2567,4.3448,0.93,48.5639,30.2336,4.8669,5.4174,5.4952,1.2922,1.2798,40001.0003,40001.0003,20776.454,603615.0945,603615.0945
300812.SZ,20250725,22.4,4.1044,5.5436,1.23,,,3.9781,7.9908,6.8396,0.1788,,14007.7029,9270.8057,6864.0857,313772.545,207666.0477
301205.SZ,20250725,89.25,9.8003,11.7962,0.59,124.5759,99.5397,7.6701,12.9955,12.229,0.056,0.2241,12974.4,6795.828,5645.968,1157965.2,606527.649
600386.SH,20250725,4.78,1.329,2.9534,0.49,186.112,201.3483,2.1884,0.8532,0.8947,0.4184,0.4184,80640.0,80640.0,36288.0,385459.2,385459.2
605116.SH,20250725,23.51,1.1068,4.1818,0.53,26.9162,24.3598,4.1445,6.4711,6.1926,0.9358,1.2294,40619.5234,39751.1234,10521.2834,954964.9951,934548.9111
002651.SZ,20250725,12.0,4.3928,8.3622,0.45,103.2601,112.6874,4.4855,15.9762,16.6211,0.3333,0.5,103346.0,56546.3641,29704.505,1240152.0,678556.3692
300971.SZ,20250725,20.81,4.1651,4.7302,0.59,55.8845,77.411,2.4828,6.3498,6.4502,0.8581,0.8581,11760.0,9206.2498,8106.3398,244725.6,191582.0583
300808.SZ,20250725,35.85,3.7568,8.6935,0.59,,,5.7451,13.2962,14.5829,0.523,,16000.0,10519.9438,4546.0639,573600.0,377139.9852
603809.SH,20250725,15.75,3.3626,5.1214,0.81,42.0788,39.128,4.3725,5.7388,5.5663,0.5804,0.9469,85984.5527,85984.5527,56455.4014,1354256.705,1354256.705
603010.SH,20250725,10.22,1.7206,3.3546,2.64,58.2599,89.3281,1.6737,2.0333,1.9624,1.7788,0.7603,58957.8593,58957.8593,30239.4927,602549.322,602549.322
600107.SH,20250725,4.43,1.0832,1.3825,0.92,,,3.2956,4.84,5.8202,0.0,,36000.0,36000.0,28205.9362,159480.0,159480.0
603279.SH,20250725,16.03,1.5373,2.7921,0.54,10.894,11.7483,2.0984,1.5076,1.5328,10.7325,6.6126,57645.7,57637.3,31735.2162,924060.571,923925.919
002737.SZ,20250725,15.93,1.7945,4.1444,1.27,18.907,31.6461,2.2448,2.7548,3.6883,9.4162,3.1387,58400.0,58399.9625,25287.7681,930312.0,930311.4026
002193.SZ,20250725,6.36,2.0493,2.7936,0.74,,,2.587,3.7057,3.7878,0.0,,26171.555,26171.405,19198.3885,166451.0898,166450.1358
603393.SH,20250725,29.41,0.7894,1.4003,0.77,10.5192,10.1301,1.4616,3.3011,3.361,3.0602,,42392.1327,42322.1331,23859.4733,1246752.6227,1244693.9345
301009.SZ,20250725,14.13,8.697,14.3566,1.16,123.2285,122.2184,2.8796,3.5617,3.5709,0.5243,0.4855,27186.0,13055.7707,7908.9444,384138.18,184478.04
002313.SZ,20250725,9.67,3.1626,5.6893,1.5,,,97.5353,1.2158,1.3007,0.0,,37440.0,37439.6175,20812.3625,362044.8,362041.1012
002385.SZ,20250725,4.24,2.8311,3.0165,0.79,52.7292,26.4402,2.0996,0.6338,0.6303,1.3692,1.3692,430007.8565,352407.7887,330752.788,1823233.3116,1494209.0241
300652.SZ,20250725,66.98,4.4685,8.6269,0.78,74.3525,73.1072,6.3354,12.072,11.5196,0.5742,0.1723,13339.0572,11971.7927,6201.0835,893450.0513,801870.675
603609.SH,20250725,8.72,0.5353,1.2089,0.92,23.2338,14.1355,1.2233,0.2445,0.2409,0.0,0.6311,91248.0728,91248.0728,40404.2442,795683.1948,795683.1948
002163.SZ,20250725,11.47,20.4443,28.115,1.57,,,9.1781,2.4775,2.5305,0.0,,84495.7867,80354.8875,58431.4672,969166.6734,921670.5596
002065.SZ,20250725,9.65,3.1882,4.5395,1.22,61.9021,63.8859,2.5984,2.3218,2.3396,0.5181,0.5181,320548.2375,290792.1649,204229.5224,3093290.4919,2806144.3913
688041.SH,20250725,141.49,4.0482,4.0482,2.05,170.3119,153.0807,16.13,35.8945,32.9853,0.0777,0.1199,232433.8091,88655.7181,88655.7181,32887059.6496,12543897.554
603016.SH,20250725,28.48,1.2645,2.7999,0.64,59.7424,60.9125,5.3309,6.6685,6.7299,1.3062,1.6608,14816.0,14816.0,6691.48,421959.68,421959.68
920856.BJ,20250725,21.4,3.5085,5.9378,0.7,106.9123,59.1597,4.4096,3.738,3.3377,,0.4248,9512.6628,5255.9097,3105.5581,203570.9839,112476.4676
002926.SZ,20250725,10.28,3.6498,6.843,1.23,37.0691,29.8956,1.1316,6.8846,6.1931,0.4864,0.4864,262500.0,262500.0,140010.0126,2698500.0,2698500.0
000776.SZ,20250725,19.93,1.2686,2.7593,0.7,15.7297,13.9636,1.2594,5.5732,5.1403,2.007,2.5088,760584.5511,590404.9311,271437.224,15158450.1034,11766770.2768
600265.SH,20250725,18.91,0.4141,1.1601,0.81,,,30.8736,5.4907,6.0623,0.0,,12980.0,12980.0,4633.1947,245451.8,245451.8
600702.SH,20250725,53.62,2.3761,3.4078,0.91,51.658,126.1339,2.5666,3.3343,3.6999,3.9843,0.7918,33312.2441,33261.8879,23192.3111,1786202.5286,1783502.4292
002201.SZ,20250725,7.65,2.7015,4.5092,0.76,168.7191,134.3928,4.5118,3.5023,3.4559,0.0654,0.183,65163.6241,60017.7682,35956.7619,498501.7244,459135.9267
603722.SH,20250725,42.08,1.407,2.4194,1.08,,,4.3931,8.6371,8.5859,0.4367,0.2376,9570.0121,9570.0121,5565.3821,402706.1092,402706.1092
301398.SZ,20250725,39.15,7.1478,7.1478,0.77,54.5841,55.0786,4.0086,10.7312,10.5761,0.6386,0.6842,11200.0,3346.0,3346.0,438480.0,130995.9
600824.SH,20250725,4.33,1.4934,2.4752,0.83,129.1887,276.2934,1.8818,5.3302,5.8331,0.3926,0.3926,105402.7073,105402.7073,63593.0544,456393.7226,456393.7226
600011.SH,20250725,7.03,0.6968,1.7513,0.88,10.8882,10.4982,1.9147,0.4494,0.4588,2.845,3.8407,1569809.3359,1099770.9919,437592.3252,11035759.6314,7731390.0731
301208.SZ,20250725,46.52,11.4533,11.4533,0.88,64.3034,71.0592,3.6852,4.9935,5.0803,0.6986,0.4299,12000.006,5012.856,5012.856,558240.2791,233198.0611
600305.SH,20250725,7.87,0.9271,1.5603,0.98,68.3822,67.6896,2.6755,3.9656,3.6875,0.8866,1.2706,110647.1528,110298.8228,65537.4335,870793.0925,868051.7354
600292.SH,20250725,12.24,2.7026,5.6681,1.75,265.7556,214.9893,1.8406,2.0238,2.0076,0.2288,,78081.689,78081.689,37230.0764,955719.8734,955719.8734
920781.BJ,20250725,12.52,6.6668,7.2635,0.79,84.2423,111.7421,4.7719,4.2952,4.2996,0.3631,0.1452,15456.7054,10208.223,9369.7164,193517.9516,127806.952
600406.SH,20250725,22.22,0.783,1.8277,0.43,23.4521,23.1944,3.8298,3.1084,3.0449,3.0304,2.5561,803208.8259,799632.4758,342576.632,17847300.1115,17767833.6123
000055.SZ,20250725,4.32,1.5649,1.9048,0.85,32.0352,36.7101,0.7597,1.0486,1.0882,1.8519,1.1574,107387.4227,67585.4429,55524.4019,463913.6661,291969.1133
000997.SZ,20250725,31.7,2.3544,3.3679,1.08,32.4074,30.5169,4.7431,4.5011,4.3771,1.7031,1.6981,103206.2937,102640.4403,71752.4963,3271639.5103,3253701.9575
000049.SZ,20250725,23.19,1.6017,2.9392,0.92,21.5969,21.3485,1.3726,0.4276,0.4221,1.9405,1.423,38463.8534,38453.4862,20955.5893,891976.7603,891736.345
301213.SZ,20250725,57.23,3.9999,7.6941,0.42,,,5.8324,30.0487,29.5968,0.1747,0.1747,7999.9999,5171.1049,2688.2599,457839.9943,295942.3334
002440.SZ,20250725,7.91,2.2535,3.3768,1.1,41.6457,34.1997,0.9613,1.5611,1.5536,1.8963,1.8457,112399.9905,94635.9428,63155.5451,889083.9249,748570.3075
920892.BJ,20250725,19.42,3.4807,11.0727,0.56,33.7852,33.4449,9.7762,5.8984,5.8548,2.3406,2.8087,17035.1353,14621.6069,4596.3143,330822.3275,283951.606
605196.SH,20250725,18.44,1.9146,2.9391,0.86,29.3495,34.6103,2.9585,1.4766,1.4414,0.3875,0.3422,50824.2781,50764.0781,33068.9781,937199.6882,936089.6002
002534.SZ,20250725,12.65,5.3605,22.3504,0.96,21.2625,39.6613,2.3534,1.4528,1.4391,0.7905,1.5723,73920.6633,72801.3185,17460.7211,935096.3907,920936.679
600881.SH,20250725,1.86,2.6535,3.1346,0.88,,,2.738,0.8333,0.8303,0.0,,323215.0988,323215.0988,273605.4,601180.0838,601180.0838
688231.SH,20250725,18.8,2.1643,2.9571,0.61,70.1956,69.2692,1.7063,3.3353,3.2708,1.5021,1.243,24685.7143,12644.8762,9255.0583,464091.4288,237723.6726
003037.SZ,20250725,9.45,10.7339,33.3043,0.89,224.1764,80.0705,2.0513,0.9137,0.8953,0.5267,0.5267,59907.4678,59207.4678,19082.4778,566125.5707,559510.5707
688386.SH,20250725,55.1,2.2323,3.095,1.14,50.5673,47.1145,6.7504,9.7404,9.245,0.698,0.1396,9100.0,9100.0,6563.5093,501410.0,501410.0
603111.SH,20250725,6.58,0.8942,1.2043,0.88,16.2811,15.9897,1.5197,1.4396,1.3884,3.1387,3.7179,86806.8223,84570.4717,62796.4686,571188.8907,556473.7038
002984.SZ,20250725,19.77,3.5577,4.5929,1.51,9.3645,10.0175,1.5475,2.4053,2.4221,2.5307,2.5229,103546.1086,71311.8085,55238.3703,2047106.567,1409834.454
600372.SH,20250725,12.25,0.6065,1.3557,0.75,56.9569,86.2236,1.5988,2.4823,2.5815,1.0286,0.5714,483889.663,483889.663,216483.9724,5927648.3718,5927648.3718
002436.SZ,20250725,16.26,9.157,9.543,1.03,,,5.4435,4.7508,4.5996,0.3052,0.1831,169967.3563,151049.7256,144940.3118,2763669.2134,2456068.5383
301290.SZ,20250725,26.88,5.992,6.4751,2.39,27.6383,30.0526,1.2242,6.1834,6.3832,2.2046,2.1989,10017.3334,6816.3775,6307.7975,269265.9218,183224.2272
002173.SZ,20250725,14.52,7.8065,9.7556,0.6,,,3.6359,7.8521,7.9299,0.0,,44128.4352,41630.4443,33313.1121,640744.8791,604474.0512
300936.SZ,20250725,40.29,2.1321,3.29,0.49,95.7643,127.2686,3.0085,11.0024,11.6869,1.7374,0.2482,7520.0,4746.0275,3075.6775,302980.8,191217.448
002268.SZ,20250725,17.82,1.6376,2.578,1.04,95.2887,69.4501,2.7598,6.1079,6.0585,0.3367,0.3367,84567.7003,84542.9908,53702.8893,1506996.4193,1506556.0961
688507.SH,20250725,90.01,10.4239,10.4239,0.79,193.5073,170.3404,2.8412,21.1732,20.7932,0.3583,0.2723,8910.8784,4923.573,4923.573,802068.1648,443170.8057
001316.SZ,20250725,33.68,2.1032,6.9471,0.55,43.804,37.9079,3.256,4.2642,4.0763,1.3675,0.7741,11513.46,11060.3115,3348.4535,387773.3328,372511.2913
603838.SH,20250725,6.01,0.7601,2.0783,1.43,,,2.0127,6.7433,6.1127,0.0,,32001.6,32001.6,11703.0368,192329.616,192329.616
002519.SZ,20250725,5.05,1.8362,2.7806,0.5,,,2.4504,10.7568,17.1213,1.9802,,112643.0898,111788.5526,73822.7936,568847.6035,564532.1906
603529.SH,20250725,36.6,1.1134,3.699,1.55,15.7941,14.8851,3.6282,1.4532,1.372,2.3751,2.5337,85785.5156,84815.9756,25529.4056,3139749.871,3104264.707
000900.SZ,20250725,4.43,0.8366,1.5654,0.82,19.7291,20.5421,0.616,0.8815,0.8349,3.386,3.386,151782.8334,151776.0834,81118.1949,672397.952,672368.0495
600958.SH,20250725,11.63,1.995,3.1149,1.12,29.4955,25.3398,1.2865,5.1493,4.7142,1.9256,1.4948,849664.5292,746948.2864,478386.8038,9881598.4746,8687008.5708
601156.SH,20250725,14.14,1.436,2.315,0.76,8.3526,8.4903,1.2755,0.9332,0.9231,2.7511,4.7878,158755.5556,94459.5556,58595.3722,2244803.5562,1335658.1162
600770.SH,20250725,5.65,6.3279,11.3285,2.39,243.0832,111.2214,2.2339,21.1123,19.0159,0.0,,130000.0,130000.0,72615.9262,734500.0,734500.0
600097.SH,20250725,11.01,2.4323,5.0773,0.84,43.3514,39.8752,1.1794,1.1456,1.1319,1.7257,0.7266,24093.6559,24093.6559,11542.017,265271.1515,265271.1515
688089.SH,20250725,27.19,2.2586,4.2448,0.54,36.8426,31.5835,2.9278,8.2368,7.6973,0.7356,0.7356,16830.912,16830.912,8955.3195,457632.4973,457632.4973
603813.SH,20250725,16.05,0.8481,2.0722,0.65,,,2.9467,5.6552,5.5995,1.546,,10501.5,8994.2,3681.2,168549.075,144356.91
300174.SZ,20250725,16.06,8.8987,11.5163,5.52,20.5632,23.0593,1.769,3.1064,3.1624,0.6227,1.421,36421.036,36294.2163,28044.6607,584921.8382,582885.1138
688007.SH,20250725,15.04,1.1267,1.4561,0.89,247.1189,,2.5504,2.8561,2.837,0.4645,0.1653,45929.1145,45929.1145,35538.8966,690773.8821,690773.8821
002416.SZ,20250725,12.21,1.0141,1.9867,0.68,26.0223,28.0378,2.6909,0.2302,0.2664,3.276,4.095,123928.1806,122390.4304,62472.1393,1513163.0851,1494387.1552
000953.SZ,20250725,7.31,5.5966,8.4801,0.83,33.7699,32.7284,18.2299,12.6531,14.054,0.0,,36612.2195,36612.2195,24162.8606,267635.3245,267635.3245
301428.SZ,20250725,40.59,4.5585,5.0308,0.85,64.69,70.1744,3.2297,3.3118,3.3663,0.9819,0.4881,9866.6667,6119.6667,5545.1899,400488.0014,248397.2714
600810.SH,20250725,9.23,0.8441,2.2875,0.89,279.4368,,1.375,0.6708,0.6766,1.5081,0.5201,101510.8086,100528.2086,37093.6599,936944.7634,927875.3654
300073.SZ,20250725,43.35,2.822,3.675,0.82,50.0076,49.9824,1.6653,3.1074,2.9552,1.6143,0.4293,54429.3668,50597.1312,38853.4051,2359513.0508,2193385.6375
603477.SH,20250725,21.69,2.983,5.7473,0.51,21.3354,14.0713,3.5846,1.8202,1.633,,0.7733,51007.0333,51007.0333,26474.3993,1106342.5523,1106342.5523
301119.SZ,20250725,39.42,5.0549,15.5739,0.52,45.0855,37.3188,4.2395,9.7093,9.5796,0.5074,2.5875,10400.0,8411.0,2730.0,409968.0,331561.62
000858.SZ,20250725,123.54,0.4741,1.0545,0.85,15.0545,14.6789,3.53,5.3774,5.2533,3.7802,4.6503,388160.8005,388145.9458,174491.7761,47953385.2938,47951550.1441
603162.SH,20250725,8.7,8.6356,8.6356,1.97,14.6612,15.2818,1.9322,2.2,2.1951,1.1445,1.1387,92521.0928,27552.6296,27552.6296,804933.5074,239707.8775
300322.SZ,20250725,15.75,5.0087,6.1622,0.69,,,7.7835,3.9078,3.6116,0.0,,46081.1445,44120.4055,35861.3508,725778.0259,694896.3866
300371.SZ,20250725,13.13,5.7875,8.4489,0.52,45.7686,43.5707,2.4116,6.8494,6.4525,1.2065,0.6753,20121.7296,13441.0381,9207.2305,264198.3096,176480.8303
603180.SH,20250725,20.19,1.3045,4.1845,1.46,15.628,15.7476,1.1345,0.8963,0.9103,4.102,3.0773,15425.7088,15425.7088,4808.7278,311445.0607,311445.0607
603001.SH,20250725,8.52,8.921,21.13,2.43,,,1.3427,1.3458,1.4419,1.4085,3.169,40098.0,40098.0,16929.2283,341634.96,341634.96
603161.SH,20250725,13.0,5.3978,9.8413,1.59,24.052,28.9109,1.7385,1.0654,1.1093,1.5266,1.2591,19440.7705,19074.875,10462.2001,252730.0165,247973.375
688323.SH,20250725,15.8,2.0429,3.7625,1.77,,,3.5489,8.388,7.8216,,,18000.0224,18000.0224,9773.4106,284400.3539,284400.3539
920198.BJ,20250725,13.1,4.3089,4.41,0.92,514.0423,292.2311,5.2571,10.0289,10.1627,,,16136.3872,7024.4378,6863.4378,211386.6723,92020.1352
300994.SZ,20250725,16.79,7.6709,12.3126,2.29,31.8783,27.5385,3.2471,1.4038,1.3272,2.1739,,23308.8,11666.4,7268.2953,391354.752,195878.856
000521.SZ,20250725,7.63,1.592,2.2227,0.63,11.2379,10.833,1.3246,0.2748,0.2618,3.9318,4.325,102992.3715,87557.9688,62712.1964,785831.7945,668067.3019
688509.SH,20250725,4.57,2.4865,2.4865,0.65,,,2.7535,5.323,5.1448,,,77000.0,38479.22,38479.22,351890.0,175850.0354
300863.SZ,20250725,35.4,1.5135,3.3349,1.16,41.2722,39.1035,4.3491,1.8289,1.777,0.6661,0.6016,18846.9836,18086.8834,8208.4834,667183.2194,640275.6724
300427.SZ,20250725,6.85,3.317,4.041,0.62,,,2.8297,5.4865,5.0947,0.0,,50852.0298,49480.693,40615.6573,348336.4041,338942.7471
300743.SZ,20250725,20.31,2.2718,3.3189,0.86,33.2563,30.2341,5.2166,4.0245,3.8585,1.7093,2.4337,15124.0499,12730.1642,8713.7512,307169.4535,258549.6349
002449.SZ,20250725,9.49,2.8921,3.6831,1.25,113.9014,145.7036,1.5403,1.6901,1.7791,0.6322,0.5269,61847.7169,61847.7169,48565.7274,586934.8334,586934.8334
002846.SZ,20250725,16.4,6.2619,10.533,0.42,,,4.9598,3.4125,3.3608,0.1458,,41999.3636,25701.8096,15279.7196,688789.563,421509.6774
003033.SZ,20250725,43.54,6.6309,20.5874,3.11,27.1758,22.5409,2.804,1.9397,1.9151,1.1484,1.1484,8175.0,8068.8376,2598.8476,355939.5,351317.1891
002798.SZ,20250725,6.53,2.2305,3.28,0.69,,,1.9092,0.9774,0.9982,0.0,,41019.5349,34047.2213,23152.9523,267857.5629,222328.3551
002627.SZ,20250725,5.52,2.6872,4.0357,0.92,34.0141,32.0581,1.3202,5.3955,5.3246,1.7236,1.7236,72460.1378,71716.3942,47751.8948,399979.9607,395874.496
002384.SZ,20250725,53.03,3.1811,3.6108,0.47,89.4679,77.5703,4.7129,2.6415,2.5813,0.4379,0.1223,183160.7532,138632.1723,122137.2084,9713014.7422,7351664.0971
003020.SZ,20250725,26.15,14.3956,23.6174,1.98,30.9673,29.5192,2.9079,3.2751,3.2187,1.605,1.9229,19018.2182,13772.4523,8394.7743,497326.4059,360149.6276
603992.SH,20250725,27.1,2.9733,15.5638,1.6,26.2793,30.8286,3.6995,3.891,4.0511,1.5963,1.8984,43289.5283,42475.1283,8114.4425,1173146.2169,1151075.9769
001314.SZ,20250725,46.76,7.8923,7.8923,1.32,192.6844,161.215,3.2441,2.0654,2.0216,0.7135,0.1938,14044.6,5174.9501,5174.9501,656725.496,241980.6667
300662.SZ,20250725,35.35,6.829,9.8255,1.19,33.8793,31.2702,3.4665,0.5902,0.5588,0.2263,0.4526,19680.6359,19628.3592,13642.1052,695710.4791,693862.4977
001308.SZ,20250725,23.81,1.1185,2.997,0.84,20.0148,19.3348,2.1355,1.0702,1.0496,2.4695,0.756,70061.013,23984.2484,8950.7146,1668152.7195,571064.9544
300749.SZ,20250725,8.95,3.0285,4.364,1.37,,,3.4305,1.7886,1.8157,0.3363,,20516.94,15739.56,10922.712,183626.613,140869.062
002228.SZ,20250725,3.65,0.7471,1.538,0.65,46.6433,39.7623,1.3904,0.3804,0.3885,3.2148,,119554.0803,119147.6883,57876.8163,436372.3931,434889.0623
000635.SZ,20250725,9.22,2.4097,4.9426,0.69,,,2.7389,1.5157,1.5235,0.0,,30348.6737,30308.7602,14776.4915,279814.7715,279446.769
603070.SH,20250725,13.79,0.6638,2.5498,0.83,57.5788,56.1424,2.6295,2.7275,2.7661,1.0877,0.5801,40100.0,39541.6908,10294.0101,552979.0,545279.9161
002923.SZ,20250725,13.14,6.5516,12.8094,0.74,110.3347,346.618,3.9869,3.7218,3.8909,1.5221,1.1416,33489.3286,25808.4833,13200.2343,440049.7778,339123.4706
603810.SH,20250725,16.34,1.1908,2.1657,1.0,,,1.7927,2.587,2.4477,0.0,,16524.5996,16524.5996,9085.726,270011.9575,270011.9575
300840.SZ,20250725,22.5,14.8676,16.8648,1.26,60.9255,,4.3106,7.621,7.7534,0.2222,0.4444,24000.0,17708.5135,15611.3513,540000.0,398441.5538
003008.SZ,20250725,22.46,1.5545,2.5387,0.79,27.3021,26.3389,2.242,10.5533,10.388,2.5858,4.4524,10400.0,7784.8325,4767.0526,233584.0,174847.338
688198.SH,20250725,106.96,0.4851,1.8261,1.63,100.687,86.4063,12.5157,29.3568,28.0237,0.7435,0.7479,13774.8133,13739.5148,3649.8297,1473354.0306,1469578.503
601126.SH,20250725,17.2,1.3711,2.415,0.68,20.0286,18.4687,3.3894,2.0619,1.9812,3.4841,4.186,83326.8,81885.37,46490.3394,1433220.96,1408428.364
688125.SH,20250725,41.58,11.9029,11.9029,2.89,,,1.8002,4.7896,4.8579,0.3591,,8191.4036,2249.7416,2249.7416,340598.5617,93544.2557
002306.SZ,20250725,1.81,3.8778,4.7132,1.82,,,,5.3282,4.3144,0.0,,86976.25,81396.0387,66968.1957,157427.0125,147326.83
920832.BJ,20250725,8.85,4.8673,5.0762,0.91,115.8301,166.3753,1.6533,2.812,2.7842,0.8819,0.904,13876.3865,12252.0083,11747.5881,122806.0205,108430.2735
600718.SH,20250725,10.0,2.0439,2.5959,1.2,188.6204,260.194,1.2902,1.0288,1.027,1.2959,1.4997,118920.3552,118920.3552,93631.7591,1189203.552,1189203.552
300530.SZ,20250725,36.04,4.2857,13.1643,0.51,,,45.0807,49.3442,47.3863,0.0,,17195.1354,15827.4414,5152.6654,619712.6798,570420.9881
688115.SH,20250725,56.53,1.6794,2.5939,0.82,246.7649,,3.0259,20.3374,19.7546,0.7558,0.9205,6667.0,4213.95,2728.305,376885.51,238214.5935
301366.SZ,20250725,37.7,6.4443,7.6556,0.87,89.1792,120.8357,3.7425,8.8994,8.3809,0.7566,0.7537,20953.6201,7613.1648,6408.546,789951.4778,287016.313
688799.SH,20250725,53.8,3.0237,5.0009,0.51,42.9962,48.5642,3.9325,5.0002,5.1334,1.1949,0.7966,13132.0,13132.0,7940.02,706501.6,706501.6
002702.SZ,20250725,4.37,2.5735,3.4097,0.8,,,2.2583,1.4232,1.5421,0.9153,,55576.0,45874.375,34624.5,242867.12,200471.0188
300800.SZ,20250725,11.75,1.2311,2.4267,0.94,69.8714,73.8259,1.3932,3.5947,3.6534,1.52,1.3293,23675.9,23438.15,11890.68,278191.825,275398.2625
920266.BJ,20250725,11.37,8.0051,10.2306,1.15,,,1.5522,2.7311,3.1061,,,12400.0007,7785.5236,6091.8955,140988.008,88521.4033
688393.SH,20250725,31.87,3.5003,6.001,0.58,140.0572,1332.7377,2.413,6.334,6.7487,0.4707,0.3138,9356.7699,9356.7699,5457.6637,298200.2567,298200.2567
603168.SH,20250725,8.14,2.1067,3.2882,0.77,,,1.9134,6.3229,6.8326,0.2602,,37592.5005,32259.2499,20667.7696,306002.9541,262590.2942
920010.BJ,20250725,13.5,2.2988,4.433,0.95,70.0699,75.2674,4.7327,5.8089,6.0731,0.3704,0.3704,23450.0,17366.8103,9006.0754,316575.0,234451.9391
002407.SZ,20250725,12.93,3.8889,4.1555,1.2,,,1.8589,1.8755,1.8826,2.2784,1.5058,119043.2569,108055.0826,101122.5183,1539229.3117,1397152.218
002468.SZ,20250725,15.14,3.6086,8.9815,1.53,22.286,21.3469,2.3809,0.4913,0.4726,0.1314,0.4343,153080.2166,149204.5657,59946.8855,2317634.4793,2258957.1247
300168.SZ,20250725,8.22,5.1584,7.1036,2.93,,,7.9812,5.8875,5.5716,0.0,,144062.8576,143918.2545,104508.1796,1184196.6895,1183008.052
688238.SH,20250725,7.94,4.0877,5.3293,0.91,,,3.1757,20.7671,21.3457,,,64903.67,64114.57,49177.336,515335.1398,509069.6858
688607.SH,20250725,28.95,12.1004,21.6986,2.14,144.5292,193.2446,2.9864,8.5586,8.4045,0.185,0.2089,8812.9027,8812.9027,4914.5679,255133.5332,255133.5332
002716.SZ,20250725,4.79,6.1931,7.4344,0.56,79.6538,70.0484,4.0763,1.6267,1.5696,0.0,,282308.8646,221047.9088,184141.5116,1352259.4614,1058819.4832
002287.SZ,20250725,24.78,0.916,7.2295,0.61,22.6077,23.4863,3.5657,5.6306,5.5407,1.9332,2.415,53123.7399,53010.8991,6716.7303,1316406.2747,1313610.0797
688239.SH,20250725,36.4,2.0295,2.5253,1.15,37.0363,39.7641,3.7521,3.8692,4.2351,0.4413,0.4631,19190.5934,19052.2928,15311.9965,698537.5998,693503.4579
688383.SH,20250725,60.59,4.4202,13.9775,2.92,152.9557,266.5457,4.5184,6.6265,6.894,0.328,0.3267,10213.36,10213.36,3229.8325,618827.4824,618827.4824
688093.SH,20250725,32.13,2.0118,7.144,2.06,30.1738,25.9197,4.4024,10.6185,9.1999,2.2271,1.6082,26263.1312,26263.1312,7395.9643,843834.4055,843834.4055
600508.SH,20250725,12.39,0.7855,2.0936,0.64,12.5133,17.3055,0.7006,0.9437,1.0056,4.9233,3.2284,72271.8,72271.8,27117.8567,895447.602,895447.602
603078.SH,20250725,18.98,4.4279,7.6688,1.54,74.2085,73.1523,3.8587,6.6586,6.473,0.6059,0.4742,38563.7248,38563.7248,22266.3005,731939.4967,731939.4967
300455.SZ,20250725,14.23,1.3361,2.9684,0.78,143.48,153.2783,5.5233,7.6881,7.9157,0.1054,0.1054,71776.7936,70862.2436,31895.7451,1021383.7729,1008369.7264
603598.SH,20250725,18.15,6.4417,12.9138,2.05,,,25.3441,0.7748,0.695,0.0,,26846.29,26786.29,13361.66,487260.1635,486171.1635
002797.SZ,20250725,7.69,4.9298,6.2447,1.67,35.763,36.7887,1.9694,9.1506,9.1835,0.5462,0.9623,420240.0,420240.0,331747.38,3231645.6,3231645.6
301120.SZ,20250725,11.99,6.7357,9.2316,0.54,,,2.947,11.8126,11.3699,0.455,0.2482,37144.1055,21861.9762,15951.2394,445357.8249,262125.0946
920371.BJ,20250725,10.95,1.0218,3.5476,0.77,49.334,51.8202,4.1043,2.4819,2.5017,0.9132,0.9132,20544.5536,19365.3671,5577.5492,224962.8619,212050.7697
688256.SH,20250725,673.3,3.0451,6.2909,2.27,,2170.0088,47.7782,239.8329,124.6242,,,41835.0224,41835.0224,20250.3983,28167520.5819,28167520.5819
002476.SZ,20250725,4.88,2.1796,2.7725,0.6,52.959,47.1755,3.1934,5.5444,5.6148,0.2049,0.2049,61200.0,61192.995,48108.6744,298656.0,298621.8156
300578.SZ,20250725,21.36,3.1196,4.3249,0.68,143.6508,209.2043,3.5726,9.3488,9.1027,0.0,,19826.974,19409.4054,14000.4054,423504.1646,414584.8993
002495.SZ,20250725,2.68,2.2838,2.7716,0.81,101.5326,100.0171,2.255,9.3697,9.4035,0.0,0.2928,93562.56,70077.3507,57743.6991,250747.6608,187807.2999
688776.SH,20250725,89.83,3.3824,8.1823,0.93,206.9261,477.9106,5.258,18.1415,20.1807,0.2226,0.2059,10838.3419,10838.3419,4480.3137,973608.2529,973608.2529
603023.SH,20250725,3.83,1.2144,2.372,0.73,422.826,1450.4605,2.7762,32.7672,25.7972,0.0,,55811.7407,55811.7407,28573.1327,213758.9669,213758.9669
002327.SZ,20250725,7.32,1.6433,2.1432,0.89,11.3157,12.8901,1.7856,2.0377,2.1194,8.8642,8.4699,83824.5539,48774.5772,37396.7596,613595.7345,357029.9051
688305.SH,20250725,58.07,0.8552,1.5412,0.81,59.4169,56.7775,4.2231,12.7469,12.1502,0.3294,0.3245,13290.6678,13221.3778,7336.2778,771789.0791,767765.4088
001872.SZ,20250725,20.44,0.1479,1.1447,1.0,11.3214,11.1876,0.8415,3.1698,3.1029,2.8354,3.5966,250150.8381,174490.3414,22537.6766,5113083.1308,3566582.5782
001226.SZ,20250725,42.99,0.677,2.708,0.16,158.4639,140.1765,4.4538,5.3386,5.0861,0.0,0.9304,7466.67,7466.67,1866.67,320992.1433,320992.1433
300910.SZ,20250725,57.65,0.5102,0.7318,0.52,23.6138,22.3122,5.197,5.4033,5.1817,2.1818,2.0423,29593.5278,20762.875,14475.3612,1706066.8777,1196979.7438
000978.SZ,20250725,6.51,1.8515,3.6672,1.0,,,2.878,7.0598,7.1571,0.0,,46813.0,46811.875,23635.2277,304752.63,304745.3063
603683.SH,20250725,19.7,2.4564,4.0571,0.67,85.1182,88.8134,3.6816,3.027,2.9499,0.1171,0.454,28963.4661,25879.1289,15668.7449,570580.2822,509818.8393
000037.SZ,20250725,9.24,2.7371,4.635,0.43,254.2138,144.0089,3.7778,12.5731,13.2355,0.0,,60276.2596,33890.815,20013.5196,556952.6387,313151.1306
920175.BJ,20250725,13.43,4.9709,5.966,0.86,,,2.0931,5.268,5.9989,0.7446,,11900.0,7927.586,6605.257,159817.0,106467.48
601606.SH,20250725,28.72,8.4275,20.5,0.58,,,9.5769,14.5432,14.4708,0.0279,,72422.84,72422.84,29772.6841,2079983.9648,2079983.9648
600084.SH,20250725,5.77,0.2965,0.6772,0.78,534.7541,503.6221,5.004,40.1646,40.5722,0.0,,112372.683,112372.683,49197.4674,648390.3809,648390.3809
300170.SZ,20250725,19.71,14.1989,15.1428,1.45,104.7728,113.9593,3.8099,6.1012,6.0837,0.0995,0.2892,100143.8711,96420.4067,90410.1058,1973835.6994,1900446.2161
002323.SZ,20250725,1.7,3.2188,4.2061,0.93,,,9.2312,10.5135,10.9631,0.0,,212085.5142,212040.8119,162270.4983,360545.3741,360469.3802
920405.BJ,20250725,22.03,5.5636,10.58,0.94,61.1432,61.3767,3.8624,6.0372,6.0994,0.795,0.8392,14026.0,11009.0256,5789.1638,308992.78,242528.834
600409.SH,20250725,5.64,3.6794,6.7533,1.24,23.3314,28.9574,0.8492,0.5451,0.5568,1.4716,1.2943,206434.9448,206434.9448,112473.3154,1164293.0887,1164293.0887
688260.SH,20250725,20.05,1.6855,2.7869,0.76,,,13.9792,4.2905,4.6293,,,12000.0,12000.0,7257.798,240600.0,240600.0
300761.SZ,20250725,19.67,1.3586,2.7801,0.63,10.8281,9.9995,1.8333,0.9292,0.9074,1.5076,4.0204,83726.9641,61088.679,29852.0345,1646909.3838,1201614.3159
300385.SZ,20250725,5.53,1.9276,3.0114,0.93,,,9.5313,3.0695,2.8031,0.0,,33314.5932,28949.3133,18530.3383,184229.7004,160089.7025
601609.SH,20250725,8.27,4.4198,11.1296,0.51,26.5886,24.3752,1.5266,0.0989,0.097,1.4182,1.3012,148550.035,148550.035,58992.5457,1228508.7895,1228508.7895
002177.SZ,20250725,6.56,6.1409,6.4167,0.74,457.8211,422.944,2.9333,74.6682,76.5616,0.2134,0.0457,76119.1294,66921.0114,64045.2671,499341.4889,439001.8348
605268.SH,20250725,9.72,2.1388,9.5312,0.79,31.2448,29.6066,2.7819,1.3893,1.3635,3.0399,2.0576,44630.25,43769.625,9821.625,433806.03,425440.755
002486.SZ,20250725,2.78,2.4296,3.0913,1.17,119.8802,65.0987,2.2045,1.9379,1.8823,0.0,,82428.31,82046.6875,64485.2894,229150.7018,228089.7913
300589.SZ,20250725,14.85,15.926,20.0351,1.49,498.6186,,6.842,3.243,3.6848,0.202,0.0673,37766.7996,23160.7014,18410.6067,560836.9741,343936.4158
301331.SZ,20250725,36.36,5.9536,6.1812,0.54,99.7705,82.4428,3.535,4.6066,4.5339,1.4592,0.4863,10289.1887,3310.1703,3188.2807,374114.9011,120357.7921
600550.SH,20250725,8.93,2.3976,5.6215,0.39,170.7256,134.2024,26.0886,3.4692,2.964,0.0,,184152.848,184152.848,78540.2094,1644484.9326,1644484.9326
300270.SZ,20250725,8.21,2.108,2.9189,0.68,,,4.1917,13.6207,14.807,0.0,,30280.6028,25670.7898,18539.546,248603.749,210757.1843
000798.SZ,20250725,8.05,1.6834,4.0328,0.94,,,8.6042,0.597,0.6161,0.0,,36585.8712,36582.8712,15270.6996,294516.2632,294492.1132
301282.SZ,20250725,24.57,5.1393,5.1394,0.63,46.3083,44.867,2.2156,2.3202,2.224,0.8088,0.8051,15113.9968,7213.6218,7213.5918,371350.9014,177238.6876
603712.SH,20250725,21.17,1.5649,3.0273,0.85,,,3.7792,7.588,8.6926,0.2834,,77200.0,77200.0,39906.17,1634324.0,1634324.0
688079.SH,20250725,11.23,1.5237,4.306,1.0,,,3.3762,9.4079,8.7986,,,40673.7698,39791.8998,14080.6566,456766.4349,446863.0348
601686.SH,20250725,6.24,0.624,1.3065,0.59,21.1302,16.1415,1.4264,0.1637,0.1618,4.6988,4.6586,143840.1772,143840.1772,68700.2412,897562.7057,897562.7057
002860.SZ,20250725,13.19,3.5782,5.687,0.75,33.0188,30.5763,2.1522,2.2842,2.2422,0.646,0.75,35971.2516,34964.2607,21999.3384,474460.8086,461178.5986
000751.SZ,20250725,3.52,6.0069,7.8615,0.65,267.1954,117.4826,1.5878,0.3645,0.3468,0.8523,0.8523,161563.0595,140986.8779,107726.6753,568701.9694,496273.8102
002580.SZ,20250725,13.67,4.1436,5.3922,0.68,30.2274,28.9675,2.7859,2.0578,1.9554,0.417,0.2926,45386.8993,45233.88,34759.9802,620438.9134,618347.1396
605258.SH,20250725,30.4,1.5453,3.9044,0.64,37.5351,38.2671,2.3041,3.0173,2.9722,1.1513,2.3026,8800.0,8800.0,3483.0,267520.0,267520.0
000028.SZ,20250725,25.74,1.2488,3.5902,1.28,22.2975,24.6269,0.8051,0.1926,0.1947,2.6418,1.4219,55656.5077,47805.3712,16629.1269,1432598.5082,1230510.2547
301004.SZ,20250725,75.41,0.7304,2.5543,0.69,14.9646,14.1109,6.2766,3.867,3.5112,1.8964,2.841,14544.6857,13450.486,3846.2672,1096814.7486,1014301.1493
920580.BJ,20250725,15.0,7.057,10.6653,0.97,135.7538,175.464,3.9532,11.2062,11.3553,0.8,0.4667,8600.0,5590.3561,3699.028,129000.0,83855.3415
002229.SZ,20250725,19.79,22.3116,25.0365,1.04,,,7.3434,19.2495,9.5146,0.0,,49619.1488,49316.4301,43948.9216,981962.9548,975972.1517
000619.SZ,20250725,6.39,2.2649,3.4028,0.97,,,1.0995,0.5343,0.5367,0.0,,44116.8831,36000.0,23962.0607,281906.883,230040.0
002790.SZ,20250725,7.63,1.2443,2.2775,0.85,17.6102,22.1443,1.5423,1.352,1.4189,3.8008,3.1455,41787.23,26069.75,14242.55,318836.5649,198912.1925
300097.SZ,20250725,5.07,1.1563,1.3486,0.88,,,3.1556,3.8092,4.4307,0.0,,28854.9669,27000.9948,23150.5534,146294.6822,136895.0436
601918.SH,20250725,6.89,2.3398,4.3146,0.69,7.459,7.6698,1.1064,1.4024,1.419,2.1771,,259054.18,259054.18,140483.1427,1784883.3002,1784883.3002
002985.SZ,20250725,29.22,2.5761,3.1955,1.23,600.2622,,3.8135,18.0271,17.3112,1.0951,0.9343,33185.36,19808.3174,15968.7369,969676.2192,578799.0344
002538.SZ,20250725,5.57,1.4714,2.1802,1.1,15.2666,17.29,0.9059,1.1102,1.0438,4.3088,4.3088,85355.5763,85355.0213,57606.9413,475430.56,475427.4686
603053.SH,20250725,9.57,0.3039,1.5996,0.82,17.4049,17.3164,1.8537,1.613,1.5829,3.1348,3.1348,88889.0,88889.0,16889.0,850667.73,850667.73
603679.SH,20250725,14.88,2.254,3.5253,0.76,,,3.0399,6.6773,7.2787,1.198,,16478.5986,16478.5986,10536.0112,245201.5472,245201.5472
600619.SH,20250725,17.18,22.0269,34.3714,1.31,544.7813,331.4778,3.0202,0.9836,0.9257,0.0585,0.0757,107334.4406,78917.4798,50574.145,1844005.6895,1355802.303
300679.SZ,20250725,45.64,2.8744,3.9524,1.2,31.1562,33.2114,3.9777,4.1596,4.0247,0.7733,1.0307,42482.0,35914.5259,26118.6935,1938878.48,1639138.9621
603757.SH,20250725,23.51,0.9255,2.5712,0.81,15.1715,15.2681,2.4216,2.0294,1.9254,6.394,2.9774,16474.7529,16474.7529,5929.9529,387321.4407,387321.4407
603516.SH,20250725,50.34,4.6361,6.9,0.57,119.2591,156.7168,7.2713,20.6762,22.2812,0.1962,0.494,20326.6279,20326.6279,13657.3539,1023242.4485,1023242.4485
600771.SH,20250725,20.86,1.4587,1.7195,0.76,137.144,105.5556,6.2513,8.3597,7.8836,0.0,,48949.1141,48949.1141,41525.7673,1021078.5201,1021078.5201
000962.SZ,20250725,18.1,3.8274,6.5024,0.8,42.8655,41.5454,3.4984,7.1372,6.7192,0.3039,0.7293,50496.8262,50165.9588,29528.0574,913992.5542,908003.8543
002920.SZ,20250725,104.45,0.8896,1.8975,1.06,28.9118,26.3193,6.0635,2.0988,2.0153,0.8043,1.1489,55494.9301,55313.5812,25933.0026,5796445.4489,5777503.5563
605500.SH,20250725,10.14,5.6128,23.7273,0.49,21.727,21.9691,1.6424,1.7785,1.8066,1.4793,1.4793,41440.0,41440.0,9802.8545,420201.6,420201.6
688039.SH,20250725,36.75,5.5337,10.515,2.54,,,3.7036,13.256,13.8497,,,11060.1424,11060.1424,5820.6388,406460.2332,406460.2332
300852.SZ,20250725,31.16,1.3336,3.6818,0.56,31.6414,36.194,2.9465,3.141,2.964,0.6846,0.4456,14245.2043,13688.7188,4958.2564,443880.566,426540.4778
002652.SZ,20250725,3.85,14.9105,21.2996,1.02,281.2724,292.5385,7.5329,5.7924,6.091,0.0,,51206.4,51206.4,35846.4,197144.64,197144.64
920662.BJ,20250725,26.22,13.5622,13.5622,0.78,77.0095,80.6312,5.1493,6.6123,6.3748,0.8734,0.656,8755.0002,2458.0687,2458.0687,229556.1052,64450.5613
600575.SH,20250725,3.66,1.0053,2.7371,0.73,16.5817,17.4736,1.2087,0.4738,0.4757,3.2787,,388626.1065,388626.1065,142729.1911,1422371.5498,1422371.5498
000509.SZ,20250725,3.5,0.7375,1.2405,0.82,,,27.8313,3.6381,3.7837,0.0,,107312.8052,107312.4808,63800.9873,375594.8182,375593.6828
603081.SH,20250725,12.37,4.1416,8.2608,0.6,82.9783,84.4727,1.7196,2.9088,2.9077,0.3762,1.0245,43339.2868,43339.2868,21728.5068,536106.9777,536106.9777
600200.SH,20250725,1.46,0.2161,0.2612,0.68,14.7252,,0.5937,0.6493,0.8561,0.0,,71087.948,71087.948,58808.3718,103788.4041,103788.4041
601698.SH,20250725,19.89,0.778,4.9259,1.5,184.8721,201.6287,5.3653,33.0653,33.1409,0.1247,0.1624,422438.5412,422438.5412,66716.4021,8402302.5845,8402302.5845
002847.SZ,20250725,75.03,0.8174,2.1136,1.18,31.9819,31.0796,12.3839,3.8588,3.6429,2.2362,2.1326,27277.9679,24572.1263,9502.7758,2046665.9315,1843646.6363
920504.BJ,20250725,29.02,23.3014,28.7597,2.54,79.5377,79.1525,6.5248,10.294,10.3252,1.2061,0.6892,4333.31,1709.7703,1385.2703,125752.6562,49617.5341
301536.SZ,20250725,59.99,2.9636,3.964,1.33,98.5694,98.4753,8.5734,10.7326,10.1348,0.1667,0.3334,42106.0,18658.837,13949.713,2525938.94,1119343.6316
300977.SZ,20250725,19.29,2.0095,4.9137,0.81,,,2.1557,6.2499,6.266,1.1445,,15222.6727,9473.1684,3874.0433,293645.3564,182737.4184
300185.SZ,20250725,2.91,3.573,4.5649,0.65,274.078,162.5881,1.7052,1.8428,1.8372,0.8591,0.1709,389699.4967,364685.8822,285443.1232,1134025.5354,1061235.9172
002746.SZ,20250725,6.27,1.8473,2.8482,0.81,26.1735,21.8314,1.1999,1.0198,1.014,2.3923,3.9872,86053.8727,70967.6227,46028.8634,539557.7818,444966.9943
301003.SZ,20250725,32.5,3.1872,5.6115,0.6,22.3793,22.5107,3.0054,4.896,4.8398,2.7692,5.5385,9713.3323,7461.0103,4237.6864,315683.2998,242482.8348
002585.SZ,20250725,5.78,2.5912,3.3707,0.4,,,0.7532,1.1225,1.1223,0.5186,0.5163,114742.8712,89286.2834,68636.7782,663213.7955,516074.7181
600809.SH,20250725,185.58,0.7055,2.1928,0.69,18.4925,17.9284,6.6586,6.287,6.0868,2.3548,3.2654,121996.4222,121996.4222,39250.8902,22640096.0319,22640096.0319
301228.SZ,20250725,32.44,4.7485,10.4114,0.81,,,5.4595,8.8051,8.4589,0.0,,12000.0,11975.4,5461.898,389280.0,388481.976
002700.SZ,20250725,7.78,1.0015,1.1774,0.53,34.5348,35.1015,2.4384,4.586,4.4977,0.9254,0.8483,41362.8185,33473.5674,28473.5087,321802.7279,260424.3544
688192.SH,20250725,72.47,0.9386,2.9751,0.79,,,18.58,92.5079,75.9741,,,45941.2894,40972.8086,12926.2969,3329365.2428,2969299.4392
300945.SZ,20250725,19.41,4.4928,7.9644,0.93,52.9187,47.5743,3.1368,2.158,1.9781,0.6283,0.7213,26207.1629,23833.2997,13444.7681,508681.0319,462604.3472
002110.SZ,20250725,4.73,2.1191,5.064,0.88,,,0.597,0.2495,0.2514,0.0,,242907.6227,242907.6227,101648.7803,1148953.0554,1148953.0554
002831.SZ,20250725,24.8,0.715,0.9678,0.93,16.3832,16.1264,2.0659,1.345,1.3278,3.7653,3.6754,93051.3553,52099.3272,38492.8717,2307673.6114,1292063.3146
300739.SZ,20250725,15.38,4.0789,8.3159,0.66,464.7128,362.025,2.2539,3.394,3.2999,1.1296,0.8453,34396.3739,34065.6464,16708.9681,529016.2306,523929.6416
600894.SH,20250725,10.36,0.4121,0.9738,0.46,10.9394,11.0176,1.1014,1.223,1.2467,12.5643,13.1259,85705.6145,84314.4445,35678.2516,887910.1662,873497.645
002623.SZ,20250725,22.13,11.9405,23.1056,0.84,,,1.5194,1.5227,1.716,2.1913,2.1913,19906.25,19863.6125,10265.115,440525.3125,439581.7446
688036.SH,20250725,76.2,0.5129,1.342,0.85,15.6597,19.6926,4.5592,1.2646,1.3519,4.7531,3.937,114035.0575,114035.0575,43586.3763,8689471.3815,8689471.3815
920346.BJ,20250725,29.71,3.1293,4.9641,0.61,53.7681,51.8149,5.5154,9.2134,8.8205,1.1108,1.1444,8067.7603,4462.3718,2812.9693,239693.1585,132577.0662
300939.SZ,20250725,31.88,2.0989,3.8478,0.62,42.2224,44.479,2.8508,3.527,3.3909,1.2398,1.2398,12000.0,12000.0,6545.59,382560.0,382560.0
603236.SH,20250725,81.02,2.3794,3.1218,0.82,36.0398,28.4422,5.1251,1.1401,1.0674,0.4567,0.8393,26165.7654,26165.7654,19943.0205,2119950.3127,2119950.3127
920033.BJ,20250725,21.1,2.9131,6.0891,2.05,31.3045,37.1185,3.4366,7.6064,8.0942,0.7291,,11913.525,8276.0958,3959.398,251375.3775,174625.6214
000576.SZ,20250725,10.85,4.8491,7.7513,0.57,230.818,338.5954,2.9228,11.9487,11.4158,0.0,,43641.8214,43385.2389,27141.4989,473513.7622,470729.8421
301076.SZ,20250725,29.52,4.9885,5.7437,0.5,92.2433,84.3473,4.4828,12.3074,11.9431,0.3909,0.2606,17488.12,10981.1552,9537.2868,516249.3024,324163.7015
920957.BJ,20250725,15.67,3.0837,5.1457,1.39,84.3625,120.9136,4.3363,2.8637,2.7644,0.6382,0.6382,10730.1334,4270.4734,2559.2134,168141.1904,66918.3182
000786.SZ,20250725,26.92,1.1115,2.0606,0.67,12.4711,12.4023,1.816,1.7614,1.741,3.1018,3.2132,168950.7842,163244.7935,88050.9697,4548155.1107,4394549.841
301665.SZ,20250725,30.53,9.2971,9.2971,0.99,51.6603,46.9786,4.1468,3.2431,3.1242,,1.3102,45000.0,3590.6289,3590.6289,1373850.0,109621.9003
301468.SZ,20250725,26.05,8.9274,10.9917,0.89,49.5328,62.5513,1.4953,7.4702,7.7685,1.9194,0.9838,13200.0,7688.8729,6244.8586,343860.0,200295.139
600467.SH,20250725,2.42,2.6207,4.3385,0.79,81.4139,83.0886,1.0398,2.4968,2.5296,0.4215,0.3686,146099.4304,146099.4304,88252.3314,353560.6216,353560.6216
603336.SH,20250725,7.52,8.6521,16.1827,1.68,234.3628,291.6376,3.7822,3.9713,3.865,0.0,,57039.9448,57039.9448,30496.4012,428940.3849,428940.3849
301595.SZ,20250725,38.6,4.8328,4.8328,0.81,47.6912,48.0535,4.7405,4.0992,4.0303,,,10828.0,2309.9106,2309.9106,417960.8,89162.5492
300962.SZ,20250725,17.25,1.7701,4.8908,0.68,41.8291,43.4388,4.8668,12.7026,12.6317,1.6812,0.8464,26400.1897,26400.1897,9554.8386,455403.2723,455403.2723
001979.SZ,20250725,9.38,1.3812,3.5338,1.73,21.0447,20.4716,0.8705,0.4749,0.4839,3.4115,2.059,906083.6177,845782.0444,330583.6592,8499064.334,7933435.5765
688472.SH,20250725,9.4,1.5635,1.5635,0.87,15.4267,20.2053,1.5366,0.751,0.7678,1.2562,0.9704,368821.7324,139273.1603,139273.1603,3466924.2846,1309167.7068
603626.SH,20250725,8.51,3.101,4.404,0.54,,,2.186,1.3961,1.427,1.518,,55487.969,55487.969,39071.3729,472202.6162,472202.6162
688347.SH,20250725,59.85,4.5154,5.2772,1.65,271.6032,569.2066,2.3641,7.184,6.8894,0.2506,,172707.9598,39144.0,33493.1905,10336571.394,2342768.4
688283.SH,20250725,28.34,1.0704,1.4964,0.64,93.207,103.7365,3.6767,15.2354,14.8596,0.5305,0.911,12180.0,8549.1571,6115.2465,345181.2,242283.1122
002635.SZ,20250725,13.8,2.1859,2.8094,1.05,34.7439,48.4909,1.5922,1.8983,1.9292,2.1739,1.4493,65968.6776,39539.7042,30763.7238,910367.7509,545647.918
002463.SZ,20250725,49.54,1.6227,2.3738,0.49,36.835,33.6171,8.1396,7.1432,6.4414,1.0039,1.0091,192371.4885,192246.8044,131414.5821,9530083.5403,9523906.69
603959.SH,20250725,5.21,3.8134,4.8666,0.82,,,23.6035,2.0993,2.0191,0.0,,49029.8992,49029.8992,38419.3842,255445.7748,255445.7748
002123.SZ,20250725,14.55,3.8577,4.0155,1.06,306.9878,354.3727,6.6034,2.6611,2.912,0.172,,80539.869,72004.7618,69175.0774,1171855.094,1047669.2842
603799.SH,20250725,44.92,6.031,7.8083,1.54,18.3963,15.6481,2.1149,1.2541,1.1976,2.1919,1.0982,170154.8103,168635.4743,130250.6546,7643354.0787,7575105.5056
001360.SZ,20250725,16.84,29.3278,32.0181,1.96,58.0964,53.8437,2.4941,4.4197,4.653,1.3211,0.8808,20400.0,8178.1146,7490.9424,343536.0,137719.4499
002049.SZ,20250725,68.49,1.4315,1.9347,1.1,49.3427,58.666,4.7845,10.5589,10.7831,0.9854,0.3043,84962.3598,84942.3798,62852.2472,5819072.0227,5817703.5925
301300.SZ,20250725,38.88,6.0864,8.5406,0.51,52.3168,43.1807,3.1714,5.3524,5.2293,2.4758,2.482,6488.8,3092.5542,2203.91,252284.544,120238.5073
000565.SZ,20250725,8.85,3.3036,5.5567,0.66,878.7275,,3.0975,10.9498,10.7944,0.1695,0.1695,43359.222,43359.222,25778.3238,383729.1147,383729.1147
605138.SH,20250725,7.15,1.0059,4.7783,1.26,85.1517,65.9458,1.6355,1.0835,1.1141,1.2588,0.7525,55556.3735,55556.3735,11695.4856,397228.0705,397228.0705
605365.SH,20250725,15.39,0.9008,5.9206,0.65,18.4886,18.4918,2.1235,1.135,1.1148,2.0841,2.7272,50201.2876,50201.2876,7638.0376,772597.8162,772597.8162
002434.SZ,20250725,7.69,1.1043,2.3445,0.86,42.0602,39.2289,1.7658,1.6787,1.6495,3.9012,1.3004,131260.0,131134.105,61767.865,1009389.4,1008421.2675
000523.SZ,20250725,3.33,1.5328,2.4045,1.04,11.9136,12.1509,3.227,2.9769,3.0583,0.0,,183546.8461,132516.0154,84474.8029,611210.9975,441278.3313
002530.SZ,20250725,10.63,5.6601,7.391,1.03,,3983.6167,6.4685,6.5439,7.1131,0.0,,77919.8175,69512.3334,53233.209,828287.66,738916.104
688219.SH,20250725,11.87,2.4278,4.9224,0.79,31.006,30.0246,2.5103,0.9884,0.9581,0.7633,1.1784,50689.568,50689.568,25000.5828,601685.1722,601685.1722
688575.SH,20250725,15.68,2.1671,4.2544,2.5,29.6627,36.4112,3.3725,4.4463,4.4764,1.7376,1.3393,57042.68,57042.68,29056.6749,894429.2224,894429.2224
688186.SH,20250725,24.86,3.9747,5.2717,0.66,54.6039,33.9805,1.5182,1.5637,1.4789,0.3765,1.3928,25180.0653,25180.0653,18985.0653,625976.4234,625976.4234
603226.SH,20250725,17.04,2.9638,10.5019,1.31,,,6.5186,18.0173,19.0014,0.0,,35549.177,35549.177,10032.6507,605757.9761,605757.9761
300986.SZ,20250725,13.53,3.3919,5.8502,0.9,73.3618,46.4694,2.8785,2.14,2.0535,0.4557,0.4757,39958.6433,39942.9949,23158.2391,540640.4438,540428.721
603312.SH,20250725,38.11,2.0182,2.0182,0.84,27.0333,24.6295,3.7647,2.8452,2.4838,1.7056,1.961,16160.0,5252.0,5252.0,615857.6,200153.72
000430.SZ,20250725,7.18,1.8536,2.3477,0.97,,,11.2402,6.7344,6.7285,0.0,,40481.7686,33173.88,26192.4635,290659.0985,238188.4584
601238.SH,20250725,7.76,0.3583,1.4857,0.86,96.0794,,0.6991,0.7409,0.7529,1.6756,0.6433,1019706.59,738369.7595,178073.4968,7912923.1384,5729749.3337
301613.SZ,20250725,56.31,7.7128,7.7128,0.57,41.9903,40.1148,5.5674,4.2498,3.7412,,1.1839,14384.1247,3596.04,3596.04,809970.0619,202493.0124
600929.SH,20250725,5.37,1.6386,4.2244,1.28,28.9984,61.1577,1.1723,1.6341,1.7735,3.7663,1.6201,164071.165,163962.5498,63600.3879,881062.1561,880478.8924
300008.SZ,20250725,6.88,5.0224,6.1656,0.7,85.8118,80.0546,5.55,3.0134,2.9585,0.0,,172802.9133,164729.0071,134186.0836,1188884.0435,1133335.5688
600028.SH,20250725,5.96,0.1747,1.1705,0.8,14.3625,15.9657,0.8836,0.235,0.2393,5.8131,4.8019,12124523.7698,9484182.4851,1415236.0502,72262161.668,56525727.6112
002348.SZ,20250725,3.87,1.9387,2.7494,0.9,,,8.2808,11.6274,11.3827,0.0,,94720.0,90353.2249,63710.3681,366566.4,349666.9804
300331.SZ,20250725,21.88,8.6503,10.1649,3.01,,,3.6739,3.0867,3.1181,0.0,,25966.2286,20617.6815,17545.6569,568141.0818,451114.8712
603389.SH,20250725,22.67,3.0324,15.9019,1.64,,,25.5203,29.4295,28.2295,0.0,,26275.2,26275.2,5010.5734,595658.784,595658.784
002825.SZ,20250725,10.25,4.1471,5.9282,1.34,27.7103,20.3181,2.2718,1.8425,1.7518,1.3548,1.3483,34153.5127,25654.4008,17946.4677,350073.5052,262957.6082
605018.SH,20250725,12.84,1.2378,5.847,0.66,53.2259,80.0674,2.2695,2.7417,2.9603,1.5343,1.1502,47122.5793,47006.5793,9951.5793,605053.9182,603564.4782
002132.SZ,20250725,3.88,3.6656,4.7824,0.46,399.6329,256.1561,1.5736,1.0693,1.0713,1.2271,2.4481,140154.4698,139948.2156,107266.7817,543799.3428,542999.0765
688020.SH,20250725,39.28,1.8436,3.9589,1.21,,,2.328,9.2146,8.6782,0.4724,0.4724,8083.1748,8083.1748,3764.1925,317507.1061,317507.1061
300659.SZ,20250725,13.69,9.398,10.64,1.16,,,2.8193,4.5397,4.827,0.0,,26039.2378,19033.2729,16811.4597,356477.1655,260565.506
600118.SH,20250725,28.45,1.9568,4.0315,1.26,1205.1953,1338.1422,5.3335,6.5242,6.3866,0.1406,0.0351,118248.9135,118248.9135,57394.7959,3364181.5891,3364181.5891
300036.SZ,20250725,16.66,7.6224,7.8485,0.84,,,3.1515,5.4808,5.7262,0.6002,,49276.6617,43847.7777,42584.2257,820949.1839,730503.9765
000837.SZ,20250725,12.46,2.162,3.9542,0.71,236.3095,227.874,2.5978,3.2927,3.2401,0.0,,102000.5837,100740.1337,55081.5236,1270927.2729,1255222.0659
600215.SH,20250725,7.56,1.7311,2.4679,0.94,54.3252,,1.7668,1.8991,2.3633,1.3286,0.1984,46299.538,45688.288,32049.1173,350024.5073,345403.4573
301287.SZ,20250725,41.72,13.4417,13.4417,1.32,34.244,33.671,2.4564,4.0499,4.2078,0.5992,1.1985,6667.0,1703.135,1703.135,278147.24,71054.7922
603718.SH,20250725,7.66,1.4937,2.4123,1.17,29.3397,27.0309,3.292,18.53,19.1308,0.376,1.0235,65566.22,64897.97,40184.3012,502237.2452,497118.4502
600273.SH,20250725,9.01,0.8936,1.4765,0.94,12.1313,11.3946,1.2119,1.3356,1.2975,4.4707,4.4284,135687.9522,135687.9522,82122.7107,1222548.4493,1222548.4493
920230.BJ,20250725,16.8,6.299,11.5735,1.48,75.1935,109.1539,4.2134,5.4389,5.6176,0.8964,0.4579,10044.7495,4670.9014,2542.2025,168751.7916,78471.1435
300481.SZ,20250725,15.15,2.2903,3.5553,1.14,23.0831,25.6009,1.8905,3.1337,3.1292,3.9807,2.6403,29185.5438,29010.4349,18688.5388,442160.9886,439508.0887
920765.BJ,20250725,17.1,3.7128,7.7801,1.71,79.9572,156.7652,4.9022,2.8278,2.9285,1.3081,1.2209,8967.1523,5637.105,2690.1457,153338.3043,96394.4955
920030.BJ,20250725,7.72,3.6092,5.6577,0.88,249.2866,283.078,2.9832,0.5836,0.5908,,0.2173,17883.9681,11347.4041,7238.9353,138064.2337,87601.9597
603206.SH,20250725,17.59,1.3985,4.8948,1.34,77.3488,83.8474,2.4037,1.1983,1.2185,1.0802,,30519.9988,30519.9988,8719.9988,536846.7789,536846.7789
601077.SH,20250725,6.83,0.6949,1.1426,0.79,6.7376,6.6111,0.6149,2.7447,2.7354,4.224,4.4597,1135700.0,883770.0254,537481.4387,7756831.0,6036149.2735
300738.SZ,20250725,21.85,4.2549,5.8777,0.89,173.4732,171.7471,6.3222,9.9434,9.2797,0.0941,0.0595,98515.2531,98487.3567,71294.806,2152558.2802,2151948.7439
603977.SH,20250725,12.81,3.7849,7.3899,0.51,44.0293,44.9913,2.4828,3.38,3.3889,1.171,0.7026,62124.1828,62124.1828,31818.4796,795810.7817,795810.7817
600801.SH,20250725,16.45,9.7246,23.5592,1.84,14.1538,13.8307,1.1582,0.9995,0.9972,3.2219,2.7964,207899.5649,134427.5649,55488.1709,3419947.8426,2211333.4426
603335.SH,20250725,5.26,13.1944,26.2658,4.58,,,9.5421,2.1559,2.3468,0.0,,42814.46,42814.46,21507.57,225204.0596,225204.0596
603759.SH,20250725,8.73,0.777,1.9513,0.47,13.2246,12.3796,1.4431,2.6545,2.5929,3.0928,,46176.0,46176.0,18387.908,403116.48,403116.48
002004.SZ,20250725,4.47,1.0709,1.4121,1.11,,,0.9287,0.7587,0.7649,4.913,,197991.9191,188222.9004,142744.5304,885023.8784,841356.3648
301355.SZ,20250725,12.43,3.522,3.522,0.67,65.0416,93.3369,1.6097,1.7319,1.6461,0.8045,0.7972,19509.7928,10025.5428,10025.5428,242506.7245,124617.497
300244.SZ,20250725,16.04,7.2745,8.1115,1.09,,,1.5686,0.8219,0.8651,4.3362,5.4894,62497.9436,50145.9061,44971.2938,1002467.0153,804340.3338
920786.BJ,20250725,10.54,11.0496,15.1392,1.19,,,3.0498,1.6992,1.5417,1.8975,,20905.3,14219.6455,10378.394,220341.862,149875.0636
300896.SZ,20250725,191.57,2.466,3.882,0.93,29.6116,30.9342,8.171,19.1586,20.1203,0.8624,1.976,30259.2061,20859.1571,13250.6688,5796756.1126,3995988.7256
300687.SZ,20250725,30.54,7.8502,9.1008,1.34,89.8778,87.2877,4.5659,5.2295,5.3424,0.3568,0.2284,41018.3049,33085.7878,28539.3794,1252699.0316,1010439.9594
603203.SH,20250725,25.49,1.4817,4.1501,1.86,30.4704,29.558,4.7234,6.8415,6.6644,2.303,2.495,25366.1118,24915.3318,8895.1047,646582.1898,635091.8076
600850.SH,20250725,26.14,1.3062,2.0159,0.59,32.5764,32.3977,3.8465,1.6753,1.6742,1.7304,1.3389,68612.4064,61360.6284,39758.8342,1793528.3033,1603966.8264
603703.SH,20250725,10.56,1.783,2.715,0.98,,,5.4184,5.312,5.2329,0.1115,,41498.212,41498.212,27252.3699,438221.1187,438221.1187
605151.SH,20250725,20.1,2.9981,9.4782,0.7,77.2562,882.9988,2.0205,1.6704,1.5668,1.451,0.398,13455.4222,13455.4222,4256.1777,270453.9862,270453.9862
300281.SZ,20250725,7.62,1.8587,3.602,0.61,448.719,654.8365,2.5409,6.7293,6.9611,0.7874,0.7874,41892.358,39732.5912,20502.512,319219.768,302762.3449
300677.SZ,20250725,31.34,5.5014,6.2847,0.92,14.0006,12.9858,1.1568,2.1545,2.0906,0.4072,0.4678,65467.5756,46479.1696,40686.5919,2051753.8193,1456657.1753
300058.SZ,20250725,6.83,9.907,9.907,2.98,,,3.1387,0.3974,0.4076,0.103,,353752.5227,342733.4283,342733.4283,2416129.73,2340869.3153
002032.SZ,20250725,51.71,0.2587,1.5483,0.94,18.4626,18.4682,8.0958,1.8477,1.8064,5.25,5.4025,80135.9733,80039.7246,13371.5342,4143831.1793,4138854.1591
002614.SZ,20250725,6.77,2.5302,2.9287,1.14,65.7071,68.9259,0.9797,0.8733,0.8562,4.4313,1.4771,62347.6963,44101.412,38100.4097,422093.904,298566.5592
002816.SZ,20250725,18.3,4.0061,5.0732,1.75,,,8.0391,74.4066,32.616,0.0,,10000.0,10000.0,7896.57,183000.0,183000.0
000713.SZ,20250725,7.26,4.0075,5.6635,0.96,63.8264,61.0789,2.2429,1.5235,1.5403,0.2755,0.2755,61401.498,61401.498,43447.2078,445774.8755,445774.8755
600420.SH,20250725,11.16,1.3816,3.1495,1.18,13.8125,14.4305,1.1256,1.3685,1.5188,1.7921,2.6882,134117.2692,134117.2692,58835.2257,1496748.7243,1496748.7243
301286.SZ,20250725,27.59,1.7464,4.8243,0.73,74.0034,62.234,6.2081,10.7826,10.5378,0.1802,0.2874,40010.0,16127.9397,5838.368,1103875.9,444969.8563
002238.SZ,20250725,9.08,2.5995,7.5691,0.76,,,3.2889,5.5929,5.6227,1.1013,0.5507,80255.916,80255.916,27562.3499,728723.7173,728723.7173
605183.SH,20250725,19.77,1.928,5.9636,0.98,15.2032,14.7829,2.4556,3.7416,3.7129,1.7471,1.5102,41588.3145,41242.9445,13333.6225,822200.9777,815373.0128
001400.SZ,20250725,59.31,7.618,7.618,1.17,22.9777,22.7013,2.865,3.1313,3.1343,,,6000.0,1500.0,1500.0,355860.0,88965.0
688038.SH,20250725,16.3,3.0915,5.4781,1.26,,,3.1353,5.5372,5.8238,,,11637.34,11637.34,6567.3613,189688.642,189688.642
603128.SH,20250725,6.6,6.6344,12.2424,1.6,16.0342,17.6378,1.4709,0.493,0.4899,6.7576,4.3939,130904.6494,130904.6494,70940.1667,863970.686,863970.686
688163.SH,20250725,24.76,15.2757,15.2757,1.26,60.499,57.534,2.4874,13.7471,13.7952,1.2924,1.2924,10822.0,4437.2,4437.2,267952.72,109865.072
300920.SZ,20250725,49.79,6.5239,7.3314,1.95,195.7269,292.7483,4.2674,12.2471,12.2372,0.4017,0.2008,10000.0,6567.225,5843.8993,497900.0,326982.1328
600536.SH,20250725,47.28,2.1146,3.3272,0.8,,,11.1227,8.5509,8.6545,0.0,,94009.3188,84365.5895,53619.7835,4444760.5929,3988805.0716
600268.SH,20250725,9.93,8.5919,18.6936,0.77,29.6156,25.9327,3.1235,1.1171,1.0448,0.7556,1.4102,101587.0778,101074.2795,46455.7316,1008759.6826,1003667.5954
600009.SH,20250725,32.76,0.8682,1.6213,1.24,42.1535,39.4369,1.9326,6.591,6.5157,0.6717,0.3054,248848.134,191869.5948,102740.5144,8152264.8698,6285647.9256
920419.BJ,20250725,22.45,2.2631,4.2772,1.21,29.5962,28.7023,4.1538,2.9824,2.8804,0.3119,0.4454,10330.64,9360.0549,4952.4776,231922.868,210133.2325
603028.SH,20250725,7.93,9.1774,12.9094,1.96,,,4.4454,1.8257,1.7294,0.4288,,28704.0,28704.0,20405.9262,227622.72,227622.72
688691.SH,20250725,63.72,8.3131,8.3131,1.29,125.2539,,5.7869,7.0172,8.6112,0.6717,0.2668,12000.0,7146.501,7146.501,764640.0,455375.0437
603112.SH,20250725,16.99,2.065,5.5346,0.85,19.4673,18.4004,2.3434,2.3933,2.3726,3.1009,2.2863,53917.0563,50488.6024,18837.595,916050.7865,857801.3548
002421.SZ,20250725,3.44,2.5373,2.9858,1.22,281.8574,,2.1817,2.3006,2.4168,0.5814,0.1453,212058.1639,200669.1755,170531.0616,729480.0838,690301.9637
600736.SH,20250725,5.58,1.482,2.6367,1.15,49.1844,38.7111,0.8658,0.88,1.3767,0.4839,0.3226,115129.2907,115129.2907,64709.8013,642421.4421,642421.4421
688311.SH,20250725,37.48,1.189,1.8618,0.71,,,3.9308,45.1587,43.0435,,,16791.4642,16791.4642,10723.3814,629344.0782,629344.0782
601007.SH,20250725,7.68,2.6519,4.694,0.79,90.0571,92.5197,1.9325,1.6015,1.7009,1.5625,0.9115,39000.0,39000.0,22033.2082,299520.0,299520.0
600059.SH,20250725,10.23,1.081,1.7582,0.88,45.3627,46.0313,1.5855,4.816,4.8862,1.3685,0.782,91154.2413,91154.2413,56045.8255,932507.8885,932507.8885
000932.SZ,20250725,5.8,2.2998,4.6098,1.1,19.7218,18.1949,0.7468,0.278,0.2919,3.9655,1.7136,690863.2499,690854.6583,344660.4238,4007006.8494,4006957.0181
002841.SZ,20250725,35.92,0.7607,1.0939,1.04,25.7488,26.193,2.0159,1.1161,1.0912,2.3669,1.8861,69601.6545,52135.3883,36253.1483,2500091.4296,1872703.1477
688475.SH,20250725,35.0,1.0568,2.8462,0.96,54.6953,53.3402,5.1452,5.0648,4.9348,1.0204,1.0,78750.0,40950.0,15204.4162,2756250.0,1433250.0
300987.SZ,20250725,20.06,13.9264,25.3166,2.99,146.119,142.5033,4.4217,12.075,11.2393,0.8475,0.6231,17336.8,17336.8,9536.8,347776.208,347776.208
688138.SH,20250725,29.31,1.9147,6.5407,1.99,53.6402,52.9776,3.4574,8.2956,8.101,0.4597,0.5768,31480.0,26680.0,7810.3302,922678.8,781990.8
688018.SH,20250725,158.99,2.5283,4.2292,1.25,73.423,65.717,11.4223,12.4141,11.4412,0.3141,0.2679,15670.2722,15670.2722,9368.0123,2491416.5771,2491416.5771
603920.SH,20250725,32.4,3.7091,7.1627,0.64,34.5993,31.2947,3.7485,4.6487,4.5367,1.4104,1.8519,72054.6867,72054.6867,37313.0185,2334571.8491,2334571.8491
601377.SH,20250725,6.79,1.5004,2.1197,1.01,27.0966,24.9295,1.0703,4.7466,4.5921,1.9146,1.9146,863598.7294,863598.7294,611290.5527,5863835.3726,5863835.3726
300916.SZ,20250725,35.79,5.7078,9.8652,0.59,33.5704,35.9006,3.9531,3.2519,3.3031,0.8382,1.1176,14464.4007,9233.7891,5342.4445,517680.9011,330477.3119
300039.SZ,20250725,6.74,6.9612,10.1721,1.6,18.7712,18.9817,1.7178,4.7851,5.0413,1.4837,1.4837,104600.0,91692.6226,62749.2337,705004.0,618008.2763
003026.SZ,20250725,35.41,3.5656,5.3287,0.93,201.5534,160.4083,7.3863,10.8617,11.0322,0.0,0.4223,12961.9,9569.5312,6403.2154,458980.879,338857.0998
688351.SH,20250725,21.98,5.4899,5.4899,1.15,198.6502,157.2681,5.8695,25.0354,24.1613,,,47060.0,12485.9881,12485.9881,1034378.8,274442.0184
301099.SZ,20250725,47.03,3.1,4.5602,0.89,43.3015,46.667,3.7557,1.4873,1.2337,0.1033,,11415.8291,7040.0291,4785.8291,536886.4426,331092.5686
300132.SZ,20250725,6.08,6.5305,7.2023,1.23,57.4363,50.1786,2.4158,1.6192,1.5875,0.0,,51658.0886,50808.1284,46068.9239,314081.1787,308913.4207
301098.SZ,20250725,9.6,2.9198,3.1871,0.75,75.2762,74.2291,1.3493,1.9491,1.9533,0.8808,0.5208,18393.4959,14968.8709,13713.3709,176577.5606,143701.1606
603120.SH,20250725,40.38,7.5977,7.5977,1.02,39.0416,37.8441,3.1913,5.9185,5.8324,,,9040.0,2214.3822,2214.3822,365035.2,89416.7532
301469.SZ,20250725,28.0,2.7028,5.4618,0.94,36.597,38.541,1.868,2.4865,2.5141,1.988,1.2352,8948.0,4605.8685,2279.2358,250544.0,128964.318
688012.SH,20250725,199.88,1.2347,1.8097,0.8,77.4623,74.5131,6.1977,13.806,12.9916,0.1481,0.1496,62614.5307,62614.5307,42722.4636,12515392.3963,12515392.3963
600971.SH,20250725,7.22,2.2631,5.0249,0.82,8.0824,12.9717,0.717,1.2426,1.4203,11.7729,6.5097,120000.4884,120000.4884,54046.5995,866403.5262,866403.5262
300992.SZ,20250725,25.81,3.1366,5.5063,0.59,194.1169,101.0025,2.8738,3.3046,3.3273,0.2709,0.2849,9517.7803,7733.3303,4405.1203,245653.9095,199597.255
002192.SZ,20250725,37.98,8.5521,11.5376,1.05,45.8201,47.6032,2.9571,17.5664,17.1803,0.7899,0.4371,25965.5203,25912.0228,19207.017,986170.461,984138.6259
688373.SH,20250725,7.68,3.8709,3.8709,0.58,,,13.1012,38.6501,38.5906,,,65560.5491,36604.714,36604.714,503505.0171,281124.2035
300736.SZ,20250725,11.43,7.1614,9.5104,1.63,,,16.1072,3.0589,3.2745,0.0,,12729.3324,12444.5237,9370.77,145496.2693,142240.9059
688212.SH,20250725,51.83,1.461,2.0909,1.02,332.1729,,5.3487,9.3119,9.9147,0.5785,0.1515,13466.525,13466.525,9409.529,697969.9908,697969.9908
002022.SZ,20250725,6.79,1.813,2.2285,1.09,,,1.0696,1.9851,2.0497,0.0,,51431.8459,51424.5334,41838.2296,349222.2337,349172.5818
300236.SZ,20250725,42.4,5.8559,7.2273,2.23,75.6217,63.879,2.9618,9.0073,8.2444,0.4662,0.6095,31338.1402,27872.6967,22583.8651,1328737.1445,1181802.3401
300909.SZ,20250725,29.64,5.1214,9.6183,1.84,50.8885,55.0199,2.6122,3.4792,3.4662,0.5061,0.776,17297.2979,12394.3106,6599.5069,512691.9098,367367.3662
600622.SH,20250725,3.13,3.8122,6.8382,0.63,,,1.39,2.5823,2.627,0.0,,149968.5402,149968.5402,83604.4347,469401.5308,469401.5308
603588.SH,20250725,6.55,3.8583,4.7607,1.33,20.7074,19.4725,1.0555,0.6881,0.6795,6.5787,6.1069,152323.4457,152323.4457,123451.9722,997718.5693,997718.5693
002432.SZ,20250725,39.36,2.0078,2.7161,0.87,11.1868,11.0618,0.8749,7.2015,7.9882,0.6783,0.4599,47428.1172,44687.9125,33033.4606,1866770.693,1758916.236
688050.SH,20250725,76.94,3.805,5.4148,1.21,38.3119,39.3602,5.5796,10.5533,10.2145,0.3461,0.4546,19340.3175,18980.956,13338.0102,1488044.0285,1460394.7546
300592.SZ,20250725,11.64,3.0393,5.5715,1.41,27.6605,64.3707,2.0204,0.5217,0.4894,2.4575,0.4254,40436.1469,35103.0174,19148.6575,470676.7499,408599.1225
600684.SH,20250725,4.3,3.1141,4.5196,1.29,235.6353,155.484,7.8786,2.3553,2.3212,0.0,,85346.0723,85346.0723,58805.122,366988.1109,366988.1109
920378.BJ,20250725,12.03,2.0555,3.705,0.94,74.9907,78.39,5.0944,5.51,5.4411,0.8313,0.8313,15552.6,11138.2264,6179.5154,187097.778,133992.8636
002815.SZ,20250725,11.8,1.787,2.3037,0.61,49.5171,50.1867,1.8199,2.0326,1.9622,1.7114,1.0169,108125.1715,64064.8205,49696.9825,1275877.0237,755964.8819
688068.SH,20250725,181.88,2.0908,3.1184,0.78,,,5.6438,33.004,34.5515,0.1029,,9270.794,9270.794,6215.9547,1686172.0127,1686172.0127
002862.SZ,20250725,18.58,4.1151,5.411,0.76,327.758,412.4083,6.7704,7.1476,6.916,0.0,0.1153,16800.0,12624.7916,9601.1665,312144.0,234568.6279
300408.SZ,20250725,33.76,0.7864,1.2141,0.71,29.5378,28.2522,3.2863,8.773,8.4637,0.8294,1.1226,191649.7371,186980.8017,121105.2161,6470095.1245,6312471.8654
600819.SH,20250725,6.8,4.3852,13.1444,0.97,54.7254,43.3325,1.8227,1.128,1.1426,0.5294,0.5588,93491.6069,74741.6067,24935.1835,635742.9269,508242.9256
300580.SZ,20250725,25.57,1.5119,3.5475,0.52,44.3253,44.3011,4.1356,9.4315,9.3866,0.6476,0.6645,50054.3865,47081.3575,20065.4166,1279890.6628,1203870.3113
603086.SH,20250725,9.83,5.1234,7.8026,0.69,,446.1808,2.1475,1.7669,1.7291,0.0,,43481.3143,43481.3143,28551.046,427421.3196,427421.3196
300103.SZ,20250725,7.01,5.1331,9.1439,0.66,,,4.39,14.3526,15.1245,0.0,,31760.1,31734.061,17814.532,222638.301,222455.7676
603982.SH,20250725,9.21,3.9209,7.4304,0.83,,,1.5039,1.157,1.1101,0.0,,28936.3165,28936.3165,15269.2097,266503.475,266503.475
603022.SH,20250725,10.25,2.5743,5.2239,0.97,41.1279,40.8511,2.5805,2.3401,2.3465,0.761,0.761,20000.0,20000.0,9855.63,205000.0,205000.0
300009.SZ,20250725,9.45,2.8609,3.2306,0.73,22.3571,22.6372,4.1217,6.2323,6.3002,2.6449,2.6389,167252.1258,122170.0208,108190.8175,1580532.5888,1154506.6966
603079.SH,20250725,17.83,1.7153,3.4523,0.57,114.544,71.2243,2.183,4.0735,3.9849,0.3014,,18902.9624,17118.8958,8505.5765,337039.8196,305229.9121
300681.SZ,20250725,28.62,3.658,4.1826,0.81,105.9889,102.7674,3.4665,3.0972,3.0081,0.1006,0.102,26294.3304,18389.9126,16083.3885,752543.736,526319.2986
002560.SZ,20250725,8.24,6.2807,7.2783,0.47,169.9339,160.8859,1.6944,0.6986,0.6547,1.2092,1.2092,52573.857,45293.6002,39085.3022,433208.5817,373219.2656
301602.SZ,20250725,27.17,17.9524,17.9524,1.85,79.9417,73.5281,9.311,30.9668,29.2585,,0.3754,42832.9638,5835.3924,5835.3924,1163771.6264,158547.6115
002742.SZ,20250725,5.02,0.7973,0.9916,0.44,,,,1.8137,2.0034,0.0,,43200.0,43185.8082,34724.8239,216864.0,216792.7572
920599.BJ,20250725,22.54,2.6048,4.0504,0.52,13.1169,12.0654,3.5553,1.693,1.6044,2.175,3.0452,46152.5,34757.4346,22352.515,1040277.35,783432.5759
688365.SH,20250725,17.1,4.2678,10.6186,1.21,,,7.7109,15.2401,15.1418,,,42582.4684,42582.4684,17114.4296,728160.2096,728160.2096
603173.SH,20250725,40.54,5.887,5.887,0.86,24.8366,20.8401,3.8994,2.6816,2.4371,0.9127,1.2211,16000.0,4954.0,4954.0,648640.0,200835.16
000570.SZ,20250725,5.97,1.573,2.6647,0.62,227.8533,141.2438,1.2439,1.7439,1.7007,0.7873,0.1675,70569.2507,55569.2507,32802.909,421298.4267,331748.4267
003021.SZ,20250725,115.61,3.0585,7.8039,0.79,123.3666,123.7302,8.6116,18.2141,17.578,0.3387,0.2465,24019.65,20619.704,8081.2245,2776911.7365,2383843.9794
688206.SH,20250725,30.57,3.0927,7.5541,2.42,,,6.7538,31.7443,31.0325,,0.0978,43517.7853,43517.7853,17816.2725,1330338.6966,1330338.6966
600259.SH,20250725,64.4,12.5585,20.405,1.63,,410.9629,6.3557,1.7201,1.7544,0.0,,33643.591,33643.591,20706.3393,2166647.2604,2166647.2604
300647.SZ,20250725,6.63,3.8619,4.6889,1.37,,,5.2686,4.346,4.0618,0.0,,45732.1024,45664.2143,37610.1961,303203.8389,302753.7408
300276.SZ,20250725,11.07,2.9212,3.6568,0.65,530.8829,633.863,7.9492,8.0042,8.6058,0.0,,140104.299,102076.9922,81545.246,1550954.5899,1129992.3037
300122.SZ,20250725,23.88,10.152,13.1483,2.66,28.3202,223.6507,1.8726,2.1927,3.353,4.1876,4.1876,239378.9747,141430.6248,109201.2873,5716369.9158,3377363.3202
301387.SZ,20250725,39.54,5.6159,7.5795,1.11,206.3241,157.3536,2.5867,3.4527,3.1498,0.9009,0.3784,10676.3948,4269.3396,3163.2842,422144.6504,168809.6878
002419.SZ,20250725,5.79,1.5139,3.3323,0.63,88.2151,86.1659,1.6194,0.5742,0.5778,2.7634,1.0363,116884.775,116871.2413,53094.196,676762.8473,676684.4871
300031.SZ,20250725,24.72,3.5256,3.7463,0.59,49.3088,57.9543,2.676,3.1349,3.2134,0.2391,0.4045,41874.6695,35190.1892,33116.4154,1035141.83,869901.477
600893.SH,20250725,40.61,1.6186,3.2993,1.32,125.8292,151.8341,2.7305,2.2609,2.266,0.394,0.2389,266559.4238,266512.4758,130745.0597,10824978.2005,10823071.6422
688029.SH,20250725,87.02,5.3752,9.4396,3.87,29.5475,28.6429,4.2932,5.9325,5.7669,1.7179,1.7158,18784.7422,18784.7422,10696.659,1634648.2662,1634648.2662
301116.SZ,20250725,11.52,0.7981,3.1231,0.74,51.635,,3.0933,0.2482,0.2537,0.6836,1.2912,44897.9593,44897.7343,11472.797,517224.4911,517221.8991
300885.SZ,20250725,17.53,18.5631,34.9893,1.18,61.0748,58.9972,5.0929,14.6258,14.5283,0.4612,0.6897,24815.18,16701.7775,8860.8775,435010.1054,292782.1596
688199.SH,20250725,22.8,7.4401,10.2163,1.12,,,1.4425,2.4697,2.4706,,,16122.7251,16122.7251,11741.4074,367598.1323,367598.1323
603087.SH,20250725,58.09,2.6085,4.2749,0.95,56.8048,42.038,3.2587,11.4653,10.0626,1.2045,2.5715,60106.529,56139.8601,34256.6883,3491588.2696,3261164.4732
603559.SH,20250725,9.02,0.3174,0.4511,1.04,,,3.5911,10.1835,8.8704,0.0,,40127.6979,40127.6979,28231.9697,361951.8351,361951.8351
002658.SZ,20250725,8.03,2.4688,3.3195,0.63,30.2921,27.5944,2.0945,3.5948,3.5391,3.6699,3.0583,63576.0924,35865.7749,26674.2749,510516.022,288002.1724
603867.SH,20250725,26.1,2.3473,3.1816,1.36,22.1732,22.6268,2.1571,1.6965,1.6846,1.6385,1.7027,19277.3989,19277.3989,14222.0998,503140.1113,503140.1113
688658.SH,20250725,29.69,2.6141,5.6994,0.81,107.9924,2599.0813,3.7866,3.5337,3.9407,0.6654,,45000.0,45000.0,20639.988,1336050.0,1336050.0
601279.SH,20250725,4.1,1.6008,8.381,0.3,133.1776,,1.5398,1.3856,1.4371,0.4878,0.2439,158578.5985,158578.5985,30289.8652,650172.2539,650172.2539
600908.SH,20250725,6.16,0.9278,1.2163,0.89,6.0029,5.9534,0.6386,2.8607,2.8331,3.2468,3.5714,219468.1695,199931.2665,152508.0708,1351923.9241,1231576.6016
001335.SZ,20250725,38.1,5.6411,5.6411,0.92,32.1843,30.6929,3.8872,2.5212,2.4641,,0.3937,9373.956,2296.3621,2296.3621,357147.7236,87491.396
301252.SZ,20250725,26.49,4.3675,4.3675,0.55,35.1386,36.1368,3.6151,3.9307,3.869,1.3466,0.6509,16820.0,4730.625,4730.625,445561.8,125314.2563
300180.SZ,20250725,8.76,5.988,7.2572,0.76,217.2326,140.2754,3.2942,3.367,3.4719,0.0,0.0571,176106.0155,148559.1192,122578.3385,1542688.6958,1301377.8842
605339.SH,20250725,17.26,0.2098,1.3106,0.82,36.3628,47.6387,2.1482,2.318,2.3072,0.6399,0.977,42429.0616,42429.0616,6792.9284,732325.6032,732325.6032
601000.SH,20250725,4.08,0.7358,1.6606,1.02,12.2185,13.292,1.211,4.2237,4.4141,4.902,4.902,592592.8614,592592.8614,262552.413,2417778.8745,2417778.8745
002262.SZ,20250725,22.56,1.5517,2.6326,0.91,20.0469,19.4446,3.1604,4.0236,3.9182,1.4065,1.5957,101617.6792,88179.255,51973.5765,2292494.8428,1989323.9928
600814.SH,20250725,7.96,0.7053,2.1313,0.78,23.6479,27.7335,1.6131,3.3386,3.4003,1.7965,1.7211,73510.5598,72949.2148,24140.5732,585144.056,580675.7498
601212.SH,20250725,3.38,1.2262,3.3751,0.65,309.7858,206.5334,1.6695,0.2884,0.3027,0.1006,0.1183,740477.4511,740477.4511,269034.0933,2502813.7847,2502813.7847
603211.SH,20250725,18.28,1.6033,6.4131,0.66,99.2315,103.1014,4.1747,4.2261,4.1466,0.3282,0.3282,27180.8,27180.8,6795.2,496865.024,496865.024
300317.SZ,20250725,4.17,2.7555,3.6725,0.83,,,2.1598,7.0667,6.0458,0.0,,83018.8405,82891.3405,62193.5306,346188.5649,345656.8899
300118.SZ,20250725,10.72,4.5735,4.9515,0.76,,,1.0893,0.6038,0.6679,1.8463,,114001.3863,92682.608,85607.6486,1222094.8611,993557.5578
603518.SH,20250725,9.74,3.2555,4.9003,1.14,11.0102,12.0795,0.9373,0.7672,0.7745,2.6751,3.1872,34620.0184,34405.2934,22856.7594,337198.9792,335107.5577
600691.SH,20250725,2.57,1.4575,2.9351,1.12,,,1.5911,0.5605,0.5828,0.0,,237598.1952,237558.5952,117961.2106,610627.3617,610525.5897
001269.SZ,20250725,26.76,5.0066,7.8555,0.55,,,5.3799,5.4398,6.8901,4.4839,,19241.1335,8390.6479,5347.6009,514892.7325,224533.7378
000789.SZ,20250725,6.24,4.2032,8.2958,0.53,377.8648,85.9764,0.7674,0.8353,0.8662,1.4423,2.2879,79740.7415,79740.7415,40402.2011,497582.227,497582.227
600435.SH,20250725,15.58,5.5604,9.028,0.78,398.596,255.6799,8.5213,8.5641,7.7898,0.2553,0.1283,151040.1918,151040.1918,93026.2348,2353206.1882,2353206.1882
002184.SZ,20250725,13.48,3.2859,3.8969,0.66,,,4.1734,2.0186,1.8502,0.7418,0.7418,35190.837,24037.1504,20268.7087,474372.4828,324020.7874
601988.SH,20250725,5.53,0.1191,1.245,0.81,7.4917,7.5432,0.6945,2.8279,2.8096,3.7763,3.8722,32221241.1814,21076551.4846,2016358.3813,178183463.7331,116553329.7098
920834.BJ,20250725,12.91,4.0939,7.775,0.4,45.5677,42.0117,5.6406,5.7104,5.4956,2.7111,2.1689,12000.0005,6279.6439,3306.5414,154920.0065,81070.2027
600236.SH,20250725,6.49,0.169,1.2886,0.66,22.4033,21.3436,3.2031,5.3297,5.4346,3.1587,3.1587,788237.7802,788237.7802,103402.6809,5115663.1935,5115663.1935
688667.SH,20250725,57.57,1.783,3.9487,1.52,188.5079,90.9691,1.8286,2.5139,2.4028,0.495,,5221.4531,5181.214,2339.5192,300599.055,298282.49
920978.BJ,20250725,24.24,2.8488,3.0792,1.44,31.5229,29.0394,6.6088,5.2583,4.8061,1.1507,1.3808,17926.1468,10027.9448,9277.5382,434529.7984,243077.382
002745.SZ,20250725,8.49,2.897,3.4359,1.22,33.7106,37.598,0.9703,0.7451,0.7501,8.2214,4.8292,148416.6399,106467.6029,89768.9306,1260057.2728,903909.9486
603871.SH,20250725,11.51,1.2016,2.9644,0.54,12.3359,12.7905,2.8827,1.7988,1.7392,4.0653,4.3382,136800.8658,136800.8658,55453.267,1574577.9654,1574577.9654
300363.SZ,20250725,23.66,13.0506,20.3702,1.69,,,2.4754,4.2848,4.1161,2.0481,,54546.452,50045.0517,32062.3518,1290569.0543,1184065.9232
600620.SH,20250725,6.38,2.6155,6.6467,0.3,136.5754,79.2663,2.9893,12.8148,10.6899,0.1567,0.2351,68667.7113,68667.7113,27020.6059,438099.9981,438099.9981
600056.SH,20250725,10.85,1.3663,2.8922,1.22,30.3105,29.1782,1.3685,0.4753,0.4825,2.1376,0.9898,149587.9748,149535.1478,70639.8276,1623029.5266,1622456.3536
002431.SZ,20250725,2.38,2.4864,4.1137,0.94,,,2.8819,1.4079,1.5022,0.0,,181281.6265,181281.6265,109570.513,431450.2711,431450.2711
301246.SZ,20250725,15.45,3.3131,3.4545,0.94,120.0835,211.9954,1.4223,3.4902,3.4756,0.322,0.1926,40000.68,16094.66,15435.995,618010.506,248662.497
603699.SH,20250725,29.81,0.4912,1.4208,0.71,19.8266,18.7563,6.1513,3.673,3.5609,2.9877,5.0861,76857.3661,75468.9893,26093.9625,2291118.0834,2249730.571
002293.SZ,20250725,9.02,0.4706,0.8965,0.82,17.3815,16.4848,1.8952,1.6502,1.6479,6.6457,6.6436,83409.2481,82660.8069,43390.5257,752351.4179,745600.4782
600098.SH,20250725,6.55,0.4294,1.6276,1.0,13.2615,13.2243,0.8904,0.4758,0.4743,3.8174,4.1221,350630.6868,349874.9964,92300.5543,2296630.9985,2291681.2264
688693.SH,20250725,36.8,7.8306,10.4611,1.56,,,3.0646,20.8368,17.7633,0.7337,0.2717,7368.4211,3798.3362,2843.2046,271157.8965,139778.7722
300654.SZ,20250725,11.55,17.2383,34.1753,0.99,98.4885,102.8355,5.0756,7.9645,7.9097,0.4302,0.4762,36612.4852,35264.8284,17787.9011,422874.2041,407308.768
300288.SZ,20250725,15.98,6.481,7.4055,1.86,,,4.9944,14.2462,14.4937,0.3442,0.1564,33794.1402,25656.9391,22453.9147,540030.3604,409997.8868
002437.SZ,20250725,3.41,18.8308,20.2276,2.54,32.9015,31.8123,3.9631,3.1376,3.1924,0.0,,224578.9726,210137.2093,195626.4693,765814.2966,716567.8837
002783.SZ,20250725,10.39,17.2448,20.9183,0.88,35.0191,32.9694,2.063,1.4075,1.3744,0.9633,0.9625,49935.7647,44113.5319,36366.7171,518832.5952,458339.5964
002732.SZ,20250725,17.7,11.3481,27.0091,4.5,27.0961,29.2167,1.9078,1.6078,1.6505,0.8475,0.8475,15735.0,15656.6171,6578.2571,278509.5,277122.1227
002752.SZ,20250725,5.76,0.8459,2.3384,0.89,13.2932,14.2623,1.6499,0.7892,0.7952,1.7361,1.7361,97691.8468,97676.8468,35335.1595,562705.0376,562618.6376
603997.SH,20250725,12.12,0.6106,1.1973,0.83,,,3.172,0.6905,0.6984,0.0,,126801.2438,126801.2438,64664.556,1536831.0749,1536831.0749
000877.SZ,20250725,5.52,1.1584,6.1416,0.85,,,0.482,0.4512,0.4586,2.5163,,711049.1694,711049.0194,134113.7338,3924991.4151,3924990.5871
600664.SH,20250725,3.97,2.0821,3.898,1.0,15.8997,15.0345,1.7974,0.6181,0.6169,0.0,,251850.9876,251850.9876,134527.2853,999848.4208,999848.4208
603085.SH,20250725,11.21,2.1318,4.1614,1.09,,,5.1141,1.9965,1.8537,0.0,,39710.0,39710.0,20342.6121,445149.1,445149.1
002978.SZ,20250725,31.6,1.8281,4.8309,0.63,17.5133,17.5125,1.8319,8.0316,7.6029,2.6825,2.9204,47198.9958,36998.9958,14000.9958,1491488.2673,1169168.2673
688098.SH,20250725,6.64,1.3312,2.4807,0.98,,,1.9385,8.9866,9.2713,0.5271,,41064.4,41064.4,22035.7285,272667.616,272667.616
300432.SZ,20250725,13.05,1.8874,3.2528,0.63,56.2337,46.4018,5.0898,2.6342,2.3071,0.0,0.5473,170976.0242,169069.744,98100.2497,2231237.1158,2206360.1592
301221.SZ,20250725,51.93,2.5566,11.3119,0.78,161.2492,84.1921,2.4445,7.9191,7.7566,0.1926,0.3851,9262.23,6272.3179,1417.6179,480987.6039,325721.4685
002246.SZ,20250725,17.31,13.3357,24.9582,0.92,,771.1846,3.3482,4.8811,4.5387,0.2889,0.2311,54903.4794,54903.4794,29336.1431,950379.2284,950379.2284
000952.SZ,20250725,6.77,1.8688,2.5072,0.66,,,2.307,3.6748,3.8666,0.0,,34675.0339,34399.6035,25640.397,234749.9795,232885.3157
603215.SH,20250725,19.15,7.2275,19.0504,2.65,25.7902,24.9213,3.1817,1.7483,1.5863,1.9464,1.5512,18794.7951,18722.838,7103.253,359920.3262,358542.3477
301130.SZ,20250725,31.45,2.3338,3.0678,0.93,59.7425,69.6913,2.6912,9.3826,9.9445,0.832,0.8267,7649.4685,5862.5634,4459.9004,240575.7843,184377.6189
920344.BJ,20250725,29.5,8.9653,23.8055,2.54,162.0627,449.5165,5.9047,14.007,14.1689,0.2542,,12181.0,11356.0796,4276.7777,359339.5,335004.3482
002832.SZ,20250725,16.57,2.2186,2.7364,1.09,12.1132,12.6082,1.7471,2.3615,2.3511,6.035,6.035,57070.7084,38941.8284,31572.3584,945661.6382,645266.0966
605499.SH,20250725,299.93,0.5576,1.6586,1.87,46.8834,42.8148,21.1966,9.8471,9.0654,1.2824,1.4747,52001.3,52001.3,17483.291,15596749.909,15596749.909
600630.SH,20250725,8.64,2.9421,4.208,1.17,91.789,93.1219,4.7466,2.0735,2.0713,0.1389,,42486.1597,42486.1597,29705.04,367080.4198,367080.4198
688646.SH,20250725,29.07,1.4188,1.4188,0.59,113.7201,157.5124,1.7924,3.9973,3.421,1.5632,0.4409,9516.2608,5803.3362,5803.3362,276637.7015,168702.9833
600807.SH,20250725,3.22,4.2184,5.5306,1.8,,,41.8998,7.6537,7.0456,0.0,,88463.4731,78701.8464,60029.3124,284852.3834,253419.9454
601328.SH,20250725,7.74,0.444,0.7588,1.17,7.3081,7.2782,0.6238,2.6323,2.6392,3.5644,3.6025,8836378.4223,3925086.4015,2296728.4001,68393568.9886,30380168.7476
600559.SH,20250725,17.1,1.8288,2.4477,0.87,19.8732,19.4718,3.1534,2.9197,2.8992,2.6316,3.2164,91474.7444,90950.9444,67951.5412,1564218.1292,1555261.1492
300420.SZ,20250725,3.54,3.8,4.7346,0.86,,,1.712,3.9118,3.9808,0.4237,,111638.3561,111629.6861,89592.7519,395199.7806,395169.0888
300639.SZ,20250725,6.57,2.9601,4.9022,1.51,,,1.0563,5.2083,5.5415,0.9825,,64650.0674,63516.4371,38353.6635,424750.9428,417302.9917
688382.SH,20250725,44.14,1.8164,1.8164,0.65,,,14.4203,151.2372,151.6119,,,57832.7844,41761.2648,41761.2648,2552739.1034,1843342.2283
301258.SZ,20250725,34.49,9.4219,9.4219,0.6,192.7142,91.4944,1.6623,7.3619,7.0849,1.7394,0.2613,9167.0,3387.2,3387.2,316169.83,116824.528
688100.SH,20250725,35.81,0.4997,2.0467,1.54,27.9183,26.7248,6.0531,6.4148,6.1734,1.2008,1.4458,49168.5175,49168.5175,12004.5248,1760724.6117,1760724.6117
600596.SH,20250725,10.28,5.8716,8.4018,1.18,269.8831,,1.1241,0.946,0.9693,0.9728,0.9728,134959.7049,134959.7049,94316.7142,1387385.7664,1387385.7664
300961.SZ,20250725,18.05,5.1545,7.4473,0.7,,,4.168,8.6059,9.2224,0.0,,17728.0,15189.1183,10512.7343,319990.4,274163.5853
603296.SH,20250725,83.8,1.2011,2.6736,0.63,29.0888,26.9141,3.7863,0.7747,0.6617,1.0209,1.071,101575.458,57143.0929,25671.5969,8512023.3804,4788591.185
600519.SH,20250725,1455.0,0.3336,0.7632,1.08,21.1969,20.5343,8.1711,10.695,10.4013,3.7634,3.5383,125619.78,125619.78,54913.6536,182776779.9,182776779.9
300296.SZ,20250725,6.25,2.3776,2.538,0.76,,,2.1594,2.3707,2.4169,0.7457,1.5982,271197.7222,227452.7078,213077.5578,1694985.7638,1421579.4238
601567.SH,20250725,22.18,1.4063,2.9441,0.87,13.8508,13.1244,2.7585,2.1435,2.0581,2.9071,3.9799,141100.6571,141096.4771,67397.3388,3129612.5745,3129519.8621
605336.SH,20250725,16.63,2.0434,6.3943,0.63,50.5824,82.9322,1.636,7.1011,8.4477,3.7282,1.9543,18341.245,18341.245,5861.245,305014.9044,305014.9044
002445.SZ,20250725,2.57,1.6261,2.5381,0.68,106.3689,48.6386,2.7756,6.6307,6.1575,0.0,,237660.7531,236638.0973,151604.3521,610788.1355,608159.9101
002397.SZ,20250725,3.64,2.3518,3.424,1.16,109.4088,104.2859,2.2807,1.5872,1.6635,0.0,,74778.1443,61263.7487,42079.2886,272192.4453,223000.0453
688496.SH,20250725,9.27,1.5659,3.3388,0.93,,,4.1298,5.537,5.4794,,,45000.0,23794.56,11160.0,417150.0,220575.5712
688268.SH,20250725,52.89,2.4138,5.7667,1.2,34.4351,34.5658,3.6172,4.5612,4.5442,0.9412,1.1279,12030.4849,12022.3849,5032.3308,636292.3464,635863.9374
600742.SH,20250725,10.54,1.2375,2.1551,0.92,15.3947,15.2463,0.9343,0.3988,0.3937,2.3719,3.3207,74305.788,74305.788,42668.957,783183.0055,783183.0055
300642.SZ,20250725,17.15,11.3523,13.4468,1.1,80.725,70.5878,1.8879,6.3827,6.6599,0.8726,0.8667,16255.6041,13770.6966,11625.8146,278783.6103,236167.4467
688591.SH,20250725,46.02,6.241,6.9383,1.37,113.7356,80.558,4.7086,13.1263,12.14,0.157,0.4376,24074.3536,16603.7356,14934.8956,1107901.7527,764103.9123
600399.SH,20250725,5.97,2.9861,4.2655,0.49,105.4181,,1.9004,1.3877,1.4414,0.938,0.3,197210.0,197210.0,138058.9056,1177343.7,1177343.7
600015.SH,20250725,8.09,0.2697,0.8141,0.83,4.6521,4.7954,0.4289,1.3253,1.3811,4.7466,5.0062,1591492.8468,1538722.3983,509783.4834,12875177.1306,12448264.2022
920274.BJ,20250725,18.24,3.3602,11.6877,0.56,399.6026,270.591,3.095,2.3198,2.3065,2.7098,0.542,8133.3334,8133.3334,2338.3534,148352.0012,148352.0012
688289.SH,20250725,22.94,2.9863,5.6872,2.07,48.2269,46.4228,1.8502,9.1156,8.6161,1.9422,2.2671,57938.8006,57938.8006,30423.4372,1329116.0858,1329116.0858
300823.SZ,20250725,16.56,16.1387,22.073,1.12,48.4083,70.7607,2.362,4.8075,5.1119,2.5362,1.9686,13098.2727,8478.9426,6199.3754,216907.3959,140411.2895
600586.SH,20250725,5.47,2.6575,3.9098,0.66,129.2305,,1.3443,1.2113,1.3258,1.8135,0.2682,142877.0,142877.0,97113.4722,781537.19,781537.19
301592.SZ,20250725,162.01,8.2172,8.2172,0.62,116.3883,137.3081,12.8577,21.1486,21.6458,,0.4321,7000.0,1750.0,1750.0,1134070.0,283517.5
300545.SZ,20250725,30.56,5.6552,6.6255,1.52,22.7417,23.0197,2.8621,3.9593,3.9096,0.4825,0.6516,18083.5737,11497.1546,9813.3684,552634.0123,351353.0446
920593.BJ,20250725,36.82,2.1486,4.2176,0.67,180.9248,152.2643,10.1489,31.2978,29.2714,0.5487,0.3841,19016.4392,16161.0277,8233.1224,700185.2913,595049.0399
603980.SH,20250725,6.01,10.7734,17.2723,0.67,23.8836,94.6765,1.0571,2.4828,2.5185,1.1677,1.1647,67683.336,67683.336,42216.9565,406776.8494,406776.8494
002342.SZ,20250725,7.18,8.7432,12.0263,0.65,,,2.8332,3.1129,3.0388,0.0418,,96000.0,95469.0,69407.0,689280.0,685467.42
000830.SZ,20250725,11.93,1.4499,2.8391,0.42,11.2329,12.1623,1.236,0.7657,0.7521,1.0933,2.9338,191017.2451,190413.3964,97242.7267,2278835.734,2271631.8191
003030.SZ,20250725,19.27,2.2772,3.6533,0.93,,,2.4563,1.4447,1.3915,0.7747,0.7747,12478.0,8098.4725,5048.0975,240451.06,156057.5651
000156.SZ,20250725,8.38,0.9174,1.7499,1.3,29.0778,28.4783,1.0221,1.6528,1.6371,2.6253,2.6253,185293.2442,169987.5877,89117.3393,1552757.3864,1424495.9849
688657.SH,20250725,45.36,3.4225,4.0011,1.27,47.1709,46.5521,2.17,10.2812,10.1917,1.51,1.5314,6551.4288,4038.9399,3454.9399,297172.8104,183206.3139
300098.SZ,20250725,5.11,3.7304,3.9315,1.83,,,3.3535,6.2682,5.9691,0.0,,173778.2275,154174.3627,146286.5248,888006.7425,787830.9934
002181.SZ,20250725,6.8,2.5544,7.8317,1.0,263.222,98.7592,1.8541,13.2308,12.824,0.7941,0.7941,116105.8174,113452.0181,37003.6799,789519.5583,771473.7231
000927.SZ,20250725,2.75,1.2789,4.0815,0.72,36.2424,35.0044,1.783,0.4365,0.4511,0.3636,0.9818,605035.3641,605035.0581,189584.6918,1663847.2513,1663846.4098
603657.SH,20250725,30.7,2.2312,6.9984,0.44,289.9381,195.1169,4.4787,1.9555,1.7853,0.3294,0.1134,13519.005,13519.005,4310.145,415033.4535,415033.4535
603612.SH,20250725,21.2,6.6859,10.0154,0.82,38.764,18.8802,1.9906,0.768,0.734,0.0,,49810.4459,49810.4459,33251.6481,1055981.4531,1055981.4531
603779.SH,20250725,7.64,1.3111,1.965,0.69,247.2438,4978.4464,4.5255,5.6997,6.1822,0.0,0.1178,33208.2754,33208.2754,22158.256,253711.2241,253711.2241
300576.SZ,20250725,37.98,7.8365,9.1644,2.32,113.7257,115.2584,8.5884,14.6566,14.1033,0.1328,0.1971,36636.7572,23265.4109,19894.4428,1391464.0385,883620.306
600697.SH,20250725,12.57,3.2384,4.3254,1.31,,,0.8771,0.2852,0.2849,0.8751,0.7955,15908.8075,15537.6015,11633.0019,199973.7103,195307.6509
300179.SZ,20250725,10.5,4.8614,6.2659,0.48,43.3818,41.0624,4.3776,9.7184,9.712,1.8912,1.894,48590.883,37563.9785,29143.802,510204.2715,394421.7743
301207.SZ,20250725,19.76,14.2074,14.2074,4.16,57.7879,59.4699,2.0032,10.5304,10.624,3.0364,1.002,60102.75,14164.8488,14164.8488,1187630.34,279897.4123
002629.SZ,20250725,8.17,14.0719,14.6497,0.8,241.3286,180.1349,64.6651,10.9025,10.9027,0.0,,42609.8,35595.0433,34191.0987,348122.066,290811.5038
688557.SH,20250725,32.97,1.8385,3.4025,0.61,30.0697,27.0561,2.9648,2.7903,2.5661,0.9966,1.0009,10220.798,10220.798,5522.6069,336979.7101,336979.7101
002545.SZ,20250725,9.91,1.1056,2.4521,0.62,21.8491,20.4678,1.4052,2.9381,2.898,3.0272,3.0272,124406.2083,113016.3708,50955.2619,1232865.5243,1119992.2346
688629.SH,20250725,54.95,11.8044,11.8044,2.08,,6838.1771,16.9674,23.1996,19.9162,0.091,,46099.2831,18178.3047,18178.3047,2533155.6063,998897.8433
002992.SZ,20250725,60.27,2.455,23.2107,0.7,,,15.4271,7.2029,7.4774,0.0,,18204.3105,7989.1135,845.0156,1097173.7938,481503.8706
000422.SZ,20250725,14.13,5.649,8.2897,0.58,23.5705,27.9784,2.1293,0.9067,0.9204,2.2009,1.4076,108852.2212,105780.3184,72083.7673,1538081.8856,1494675.899
600066.SH,20250725,25.49,0.5794,0.993,1.08,13.7101,13.3914,4.7206,1.5163,1.5244,7.8462,5.8847,221393.9223,221393.9223,129175.5584,5643331.0794,5643331.0794
301068.SZ,20250725,32.96,1.3138,1.782,0.73,54.1792,58.6934,5.4856,4.9194,4.6634,0.4458,0.6955,14131.5742,10077.7827,7430.076,465776.6856,332163.7178
300870.SZ,20250725,131.15,2.8044,6.6739,0.74,52.4199,49.0509,6.0104,3.6992,3.5208,0.4585,0.6604,10711.3481,10711.3481,4501.0204,1404793.3033,1404793.3033
920082.BJ,20250725,23.6,24.7494,24.8418,0.76,51.7399,47.5995,6.733,4.5376,4.8376,,1.0593,14535.5,3909.2415,3894.6953,343037.8,92258.0994
600782.SH,20250725,4.58,2.7884,5.2043,0.85,444.6534,72.3848,0.5566,0.3487,0.3713,3.2371,0.2183,318254.2149,314565.2149,168536.4652,1457604.3042,1440708.6842
301018.SZ,20250725,40.6,3.7635,8.1198,1.27,93.4716,90.5709,4.2384,3.5813,3.4286,0.3941,0.3941,26605.2564,19897.5414,9222.4414,1080173.4098,807840.1808
300259.SZ,20250725,3.72,0.8215,1.4781,0.78,22.7108,21.3186,1.5024,4.8889,5.0094,2.3509,1.8284,116980.1516,116953.3231,64998.6077,435166.164,435066.3619
603676.SH,20250725,12.9,4.404,18.5523,1.55,22.8038,23.8069,4.0325,4.3174,4.3918,3.4651,2.6421,43516.15,43516.15,10330.078,561358.335,561358.335
605303.SH,20250725,12.83,2.881,6.8398,1.11,,,2.0442,2.8649,2.7488,0.0,,16123.7408,16123.7408,6791.5808,206867.5945,206867.5945
301413.SZ,20250725,80.29,8.8428,11.0545,0.98,95.6065,87.5566,6.5995,8.4035,7.7638,0.2874,0.3736,9840.1985,5266.5263,4212.8379,790069.5376,422849.3966
688539.SH,20250725,27.65,3.7603,4.7472,2.46,92.3763,126.431,3.0422,14.8673,15.3005,1.0333,0.7151,18592.0,10472.0,8295.0,514068.8,289550.8
688479.SH,20250725,19.78,1.905,2.4214,1.25,35.3697,52.5754,1.5447,4.7992,5.2342,2.5278,2.497,14431.74,6231.74,4902.54,285459.8172,123263.8172
000552.SZ,20250725,2.63,1.8309,3.2252,0.84,11.591,19.3106,0.854,1.4656,1.6184,3.8023,2.5856,535180.7601,372577.5942,211507.7913,1407525.3991,979879.0727
688719.SH,20250725,39.23,0.9814,1.0497,0.47,61.9025,96.8674,2.7054,4.6557,4.7622,1.0002,0.4847,11538.5418,8856.7578,8279.8307,452656.9948,347450.6085
002709.SZ,20250725,19.84,3.3757,4.0554,0.98,78.4837,73.1582,2.9763,3.034,2.8043,1.5179,0.5018,191434.4146,138490.455,115278.3023,3798058.7857,2747650.6272
920857.BJ,20250725,20.2,1.5966,5.3276,1.08,91.5332,120.4739,3.9017,3.1967,3.2795,1.4851,0.495,7400.7152,7400.7152,2217.8286,149494.447,149494.447
000068.SZ,20250725,3.5,1.1356,2.0295,0.77,268.696,182.1358,5.0999,3.4892,3.5871,0.0,,100667.1464,100667.1464,56326.7969,352335.0124,352335.0124
301135.SZ,20250725,29.29,21.1099,21.1099,1.7,78.1154,71.2246,2.4146,2.3655,2.2076,0.9937,0.9883,10195.2,5558.9,5558.9,298617.408,162820.181
603026.SH,20250725,39.15,2.5909,4.0953,1.11,483.2605,,2.0463,1.4306,1.3417,0.1022,,20268.0,20268.0,12822.4285,793492.2,793492.2
002079.SZ,20250725,10.22,2.0461,2.6624,0.9,112.356,80.3226,2.714,1.4686,1.5336,0.3709,0.1859,81013.9316,80937.8478,62203.4223,827962.381,827184.8045
688335.SH,20250725,14.24,2.9219,5.7824,1.25,,,1.8487,11.2791,9.8708,2.4137,1.3888,14803.4592,14803.4592,7480.3745,210801.259,210801.259
002558.SZ,20250725,23.92,1.7195,2.8314,0.76,32.4789,32.5827,3.6307,15.8336,15.6865,0.9004,1.1443,193475.0611,193475.0611,117497.082,4627923.4615,4627923.4615
603205.SH,20250725,30.12,7.083,7.083,1.21,39.0847,37.8722,3.3366,4.4931,4.3718,,0.8964,15600.0,3900.0,3900.0,469872.0,117468.0
600458.SH,20250725,13.01,1.1512,2.2359,0.97,27.2324,25.4287,1.636,0.6041,0.6055,1.2591,1.47,93118.05,80974.9272,41692.7855,1211465.8305,1053483.8029
002584.SZ,20250725,9.14,6.2844,7.5492,1.28,86.5887,84.4132,2.3158,0.6843,0.7033,0.5799,0.3611,58521.6422,43249.4046,36003.2866,534887.8097,395299.558
002318.SZ,20250725,23.94,0.8218,1.3013,0.67,15.6964,15.0791,3.2406,2.1426,2.0499,1.9751,3.9334,97717.072,95476.1922,60296.5899,2339346.7037,2285700.0413
000823.SZ,20250725,12.21,2.8922,4.1609,0.62,30.3875,27.2855,1.483,1.139,1.1007,0.819,1.638,53699.1508,53696.8764,37324.1464,655666.6313,655638.8608
920429.BJ,20250725,23.1,1.22,2.4539,0.84,32.2004,31.8226,3.4821,2.7653,2.6627,0.8658,1.0704,12450.0,11328.8891,5632.0979,287595.0,261697.3382
000551.SZ,20250725,11.19,2.8527,4.4368,1.37,21.6422,20.2698,2.0468,1.2939,1.2926,0.5214,0.7447,48473.3046,48298.2355,31054.109,542416.2785,540457.2552
600792.SH,20250725,4.12,4.0934,11.9867,0.58,,,1.559,0.6851,0.7508,1.6748,,110992.36,105986.8113,36194.3684,457288.5232,436665.6626
603382.SH,20250725,31.46,7.4696,7.4696,1.11,34.3863,32.8294,3.3379,1.0288,1.0348,,,18125.1368,3552.086,3552.086,570216.8037,111748.6256
300176.SZ,20250725,7.27,1.8811,2.7176,0.93,101.1918,106.0342,3.0127,1.6296,1.6063,0.0,0.2751,38728.08,38728.08,26808.2764,281553.1416,281553.1416
000016.SZ,20250725,4.95,1.5287,2.2756,0.69,,,5.0338,1.0724,1.0645,0.0,,240794.5408,159659.38,107257.1368,1191932.977,790313.931
300339.SZ,20250725,54.84,8.4077,8.8827,1.38,271.0852,262.0288,12.5111,12.8485,12.6172,0.0,,79641.0841,77768.6667,73609.4256,4367517.052,4264833.6818
600287.SH,20250725,5.64,2.5603,5.4308,1.34,50.5956,54.1694,1.1596,0.7619,0.7999,0.0,,43884.7974,43679.6074,20592.4619,247510.2573,246352.9857
688361.SH,20250725,89.94,1.7119,2.1172,1.11,,,11.5406,20.9536,20.0999,0.1549,0.1549,32159.1809,24829.1056,20076.3563,2892396.7301,2233129.7577
300624.SZ,20250725,74.57,12.907,16.1481,1.62,,,13.1445,10.0137,9.8651,0.106,,19333.6324,17123.3216,13686.5526,1441708.9681,1276886.0917
000839.SZ,20250725,2.78,0.8075,1.2704,0.83,,,7.7772,3.2094,3.2376,0.0,,391982.6352,391982.6352,249133.8007,1089711.7259,1089711.7259
300274.SZ,20250725,75.78,1.7852,2.0144,0.67,14.2356,12.3066,4.0739,2.0179,1.8641,0.903,1.411,207321.1424,158970.9449,140880.3307,15710796.1711,12046818.2045
301356.SZ,20250725,18.05,2.4828,2.515,1.09,,18527.6083,1.3124,4.3732,3.3892,0.0,,21600.0,5481.0,5410.992,389880.0,98932.05
600152.SH,20250725,6.62,3.7608,5.9023,0.61,,,2.0065,2.2926,2.3982,0.0,,52907.9375,52907.9375,33711.5965,350250.5463,350250.5463
300049.SZ,20250725,43.16,4.4255,4.7632,1.1,101.4775,115.8828,6.4513,8.5217,8.474,0.0,,26635.61,23351.5217,21696.0562,1149592.9276,1007851.6766
600540.SH,20250725,5.17,2.1826,4.261,0.68,,,5.9692,1.8367,1.1757,0.0,,58137.696,58137.696,29779.4219,300571.8883,300571.8883
300741.SZ,20250725,19.18,0.5548,2.9358,0.59,,,1.7344,8.7062,8.7889,2.7112,0.8863,61588.0,61587.715,11637.715,1181257.84,1181252.3737
002686.SZ,20250725,6.69,2.0907,3.6621,0.55,166.9009,151.3206,2.3196,2.3405,2.265,0.299,0.1493,56623.9133,52273.2608,29843.7027,378813.98,349708.1148
300810.SZ,20250725,42.65,3.1053,5.5994,0.61,,,6.3691,21.0035,21.2748,0.0463,0.0463,11805.0,11398.67,6321.5555,503483.25,486153.2755
920876.BJ,20250725,34.28,15.0183,24.8797,1.35,1421.0865,2370.6872,8.742,5.037,4.7609,0.1459,0.1459,6418.0659,3864.4714,2332.736,220011.2991,132474.0796
600927.SH,20250725,16.02,0.7849,5.1203,0.57,40.5458,46.0436,1.8346,1.0728,1.1852,0.8177,0.7491,145555.5556,145555.5556,22312.2187,2331800.0007,2331800.0007
688157.SH,20250725,30.85,0.6386,1.3537,0.75,55.8583,61.7812,3.6999,6.4731,6.3214,0.5076,0.5374,15643.108,15643.108,7379.7294,482589.8818,482589.8818
002587.SZ,20250725,6.61,4.7905,5.3126,0.96,,,3.2648,5.9621,5.922,0.9063,0.3017,65154.4156,51522.2984,46459.2094,430670.6871,340562.3924
920199.BJ,20250725,36.47,7.5631,15.8231,0.63,89.4119,113.1754,4.7725,8.5293,8.5067,0.8226,0.4113,6810.98,3720.1495,1778.1422,248396.4406,135673.8523
603327.SH,20250725,9.62,0.7594,2.9151,1.01,60.0948,81.9594,4.953,4.0053,3.8715,2.1166,1.9923,99749.2462,99749.2462,25986.4869,959587.7484,959587.7484
601311.SH,20250725,9.41,1.5208,2.5506,0.64,17.9801,15.8877,1.1668,0.708,0.6783,2.8693,3.0818,117314.6118,117314.6118,69950.2078,1103930.497,1103930.497
002512.SZ,20250725,4.95,3.1394,4.504,1.17,234.9693,,12.176,2.9384,3.0803,0.0,,114709.4532,103312.2683,72010.7929,567811.7933,511395.7281
600966.SH,20250725,5.06,2.9651,5.7953,2.75,38.4735,52.5736,0.9922,0.3573,0.3542,0.5377,0.52,133684.4288,133684.4288,68397.8451,676443.2097,676443.2097
600358.SH,20250725,6.17,3.7732,5.3367,1.4,,,40.8138,8.5418,9.4723,0.0,,50493.666,50493.666,35700.7,311545.9192,311545.9192
002893.SZ,20250725,11.07,2.1205,2.8135,0.88,43.7127,38.0542,2.1706,2.728,2.6446,0.7227,0.9214,26364.0,20277.8618,15283.3431,291849.48,224475.9301
300648.SZ,20250725,41.6,13.2635,17.3026,3.17,,,5.2049,6.6454,6.41,0.0,,17428.14,10618.9439,8140.0483,725010.624,441748.0662
002382.SZ,20250725,6.49,1.593,2.167,0.77,,,0.8102,1.0453,1.0414,0.0,,100712.9466,99969.5216,73491.1016,653627.0234,648802.1952
002243.SZ,20250725,8.24,0.877,1.7675,0.94,40.6392,38.2415,1.3907,4.298,4.2559,1.0922,0.8495,121060.4219,120414.229,59748.4831,997537.8765,992213.247
688147.SH,20250725,33.11,6.9842,6.9842,1.43,67.3505,49.6974,5.6376,5.6554,5.0235,0.2543,0.1318,46115.7283,10115.7283,10115.7283,1526891.764,334931.764
002898.SZ,20250725,13.2,3.1444,4.1703,0.88,,,4.6602,8.8144,9.3613,0.1515,,17600.0,10126.2561,7635.0356,232320.0,133666.5805
002760.SZ,20250725,19.58,3.5588,4.6389,1.08,,,2.6011,3.5955,3.522,0.5029,,10798.8706,10798.8706,8284.5849,211441.8863,211441.8863
002963.SZ,20250725,13.27,1.5989,2.7897,0.85,,,1.54,4.3474,5.357,0.0,1.5072,15035.993,12299.4048,7049.1795,199527.6271,163213.1017
688728.SH,20250725,16.11,0.5378,1.2105,1.13,224.2726,399.3405,5.4609,6.5633,6.3305,0.0371,0.135,260058.6667,144888.7173,64373.5706,4189545.1205,2334157.2357
300059.SZ,20250725,23.99,3.5211,3.9073,0.87,39.452,36.5563,4.591,121.881,119.5846,0.1665,0.2498,1580403.7675,1337638.6383,1205436.9612,37913886.3823,32089950.9328
600616.SH,20250725,5.74,1.6247,2.5592,0.87,666.5211,647.6962,1.9849,6.6464,6.8699,0.8711,0.8711,66900.495,66900.495,42471.3015,384008.8413,384008.8413
300831.SZ,20250725,15.32,5.7292,5.7292,0.75,86.3476,75.8116,5.2775,25.5588,25.6317,0.1479,0.1479,32000.0,18448.424,18448.424,490240.0,282629.8557
688126.SH,20250725,19.4,0.8525,1.4387,1.34,,,4.5849,15.7324,15.3836,0.2062,0.2062,274717.7186,273165.8657,161865.8657,5329523.7408,5299417.7946
688699.SH,20250725,35.17,1.5031,3.6927,1.9,546.0605,,3.2127,6.373,6.5313,,,11006.464,11006.464,4479.9963,387097.3389,387097.3389
300413.SZ,20250725,22.54,2.2984,3.9362,1.11,30.9056,33.1796,1.8745,2.9948,3.0878,0.7986,0.976,187072.0815,102169.9958,59658.274,4216604.717,2302911.7053
920855.BJ,20250725,21.38,1.9775,6.5076,0.89,41.1947,35.0803,2.8814,6.0906,5.6767,1.3096,0.9822,7473.3333,6707.4411,2038.2683,159779.866,143405.0907
002324.SZ,20250725,12.18,2.2984,2.9033,0.76,95.988,78.9038,3.106,1.6297,1.6323,0.5692,0.5674,111233.6248,77627.5962,61453.685,1354825.5501,945504.1217
300004.SZ,20250725,8.73,4.6554,6.2669,0.52,56.2575,52.7242,2.3774,6.754,6.498,0.0,,47999.3598,47999.3598,35656.6865,419034.4111,419034.4111
300756.SZ,20250725,26.07,1.8432,1.9571,0.66,558.7444,,2.9931,7.1222,6.861,0.3836,0.1918,15759.8176,13123.0353,12359.6437,410858.4448,342117.5303
300915.SZ,20250725,26.38,2.4671,3.4323,0.84,29.9623,40.4553,2.178,3.0535,3.0938,1.0839,1.0796,12583.9268,5760.8588,4140.8588,331963.989,151971.4551
001318.SZ,20250725,13.4,2.2521,27.8047,0.9,33.0611,32.9018,2.7514,7.2921,7.3478,1.194,1.3433,28266.0,28266.0,2289.48,378764.4,378764.4
300373.SZ,20250725,54.61,3.2366,6.2165,1.57,29.5996,27.1002,3.3638,4.918,4.7215,1.5667,1.2028,54334.7787,54214.786,28227.324,2967222.2648,2960669.4635
002303.SZ,20250725,3.75,3.2905,3.4889,1.16,20.392,19.6323,1.3143,1.433,1.3885,15.2,15.2267,153132.3685,95251.4255,89834.3336,574246.3819,357192.8456
603119.SH,20250725,54.63,6.3077,6.3077,0.64,86.3031,81.7973,10.9342,17.5113,16.7602,0.1967,0.356,36374.215,20387.9483,20387.9483,1987123.3655,1113793.6156
605117.SH,20250725,53.71,0.9284,2.3364,0.69,16.4095,15.0257,5.6449,4.3348,4.0859,3.4532,5.0517,90444.6704,90444.6704,35941.0409,4857783.2472,4857783.2472
688162.SH,20250725,28.49,1.2217,2.9277,0.95,183.3563,176.3605,1.6573,1.1094,1.0753,0.7648,0.7648,13719.8775,13710.0775,5721.0775,390879.31,390600.108
301276.SZ,20250725,21.68,3.8826,3.8917,0.61,16.4109,17.2737,1.3633,2.5562,2.5382,2.9213,2.7675,12960.0,4608.3186,4597.5986,280972.8,99908.3472
920204.BJ,20250725,22.47,5.0897,7.201,0.77,84.7375,105.4158,4.4442,7.2079,7.3155,0.445,0.267,9428.7797,4998.6938,3533.0943,211864.6799,112320.6497
600595.SH,20250725,4.76,1.7768,2.8944,0.69,27.111,21.4284,1.2138,0.8382,0.8441,0.0,,400790.5114,400790.5114,246036.2691,1907762.8343,1907762.8343
603398.SH,20250725,4.94,4.3685,7.0628,0.8,,,2.4228,7.7296,11.0843,0.0,,43364.1524,43364.1524,26821.9566,214218.9129,214218.9129
002588.SZ,20250725,9.12,1.4281,2.2458,1.3,12.717,11.9954,1.5392,1.0237,0.9516,1.4275,2.8509,115189.198,85859.757,54600.1159,1050525.4858,783040.9838
002649.SZ,20250725,14.74,3.0822,3.1522,0.81,69.4263,48.8316,2.0973,1.2507,1.2485,0.1764,1.1601,58534.4532,54864.437,53645.5791,862797.8402,808701.8014
000672.SZ,20250725,9.08,3.794,9.0443,0.69,14.0283,12.7053,1.0444,1.6156,1.6031,4.3447,6.8239,96939.545,96939.545,40664.8803,880211.0686,880211.0686
688083.SH,20250725,64.59,1.0191,1.7646,1.07,171.2434,263.2689,4.2642,12.3342,12.2587,0.4966,0.551,16958.4547,16958.4547,9793.8543,1095346.5891,1095346.5891
000892.SZ,20250725,4.9,17.3928,24.3724,1.72,,,5.4897,12.4892,12.0599,0.0,,98098.0473,71083.6454,50727.2558,480680.4318,348309.8625
600839.SH,20250725,10.09,3.9288,5.1172,1.55,66.2067,53.3327,3.1501,0.4492,0.4363,0.4955,0.9911,461624.4222,461495.8631,354314.5069,4657790.42,4656493.2587
603063.SH,20250725,29.73,2.3752,2.9376,0.46,30.6742,27.5474,3.0024,3.62,3.4142,0.6548,0.4015,45457.2054,45457.2054,36755.2654,1351442.7165,1351442.7165
688548.SH,20250725,10.11,1.3726,1.3726,1.13,53.7958,56.225,2.2914,6.3415,6.0886,1.1672,0.8703,131939.8521,68131.3514,68131.3514,1333911.9047,688807.9627
000659.SZ,20250725,2.8,2.7564,3.27,1.08,,,17.6701,3.5749,3.5668,0.0,,128570.252,128570.252,108374.1312,359996.7056,359996.7056
300076.SZ,20250725,6.46,2.3244,3.3071,0.86,,,2.9729,19.4615,22.42,0.0,,42400.0,42400.0,29800.4,273904.0,273904.0
600658.SH,20250725,4.68,3.3113,6.3204,1.68,,,0.9116,2.4792,3.8984,0.0,,111858.5045,111858.5045,58603.2353,523497.8011,523497.8011
002697.SZ,20250725,5.7,3.5076,5.9048,1.37,14.8743,15.0703,1.7368,0.7658,0.7805,2.1754,2.0175,136000.0,107443.955,63824.13,775200.0,612430.5435
002376.SZ,20250725,7.84,4.0751,5.7314,0.92,130.9291,88.7588,1.7031,2.6743,2.5806,1.4908,2.4979,81056.2541,78746.4555,55990.2303,635481.0321,617372.2111
300661.SZ,20250725,71.75,1.8726,2.8618,1.14,88.6248,87.6812,9.7367,13.2461,13.0108,0.1062,0.2144,61790.0439,59260.416,38776.2796,4433435.6498,4251934.848
002515.SZ,20250725,5.98,2.7529,3.4256,1.79,116.4408,115.1561,2.7705,21.0522,21.2792,0.3344,0.5017,121061.4164,116097.2693,93299.8014,723947.2701,694261.6704
002906.SZ,20250725,30.78,1.1473,2.7072,1.01,24.8043,24.3117,2.539,1.5906,1.5162,1.1365,1.5595,52490.7041,52471.7583,22237.1742,1615663.8722,1615080.7205
600939.SH,20250725,3.73,1.9247,7.7171,0.55,,,0.9138,0.2602,0.2647,0.2681,0.2681,190180.439,190180.439,47431.3209,709373.0375,709373.0375
600423.SH,20250725,3.68,5.0894,7.5959,0.71,97.4042,98.5674,5.3075,17.8248,17.1301,0.0,,79869.5026,79869.5026,53514.783,293919.7696,293919.7696
600491.SH,20250725,3.58,1.7594,2.5915,0.68,,,0.5323,0.6006,0.7058,0.0,,152975.7955,152975.7955,103857.2015,547653.3479,547653.3479
300746.SZ,20250725,15.62,4.995,10.5529,0.98,,,4.6493,3.3347,3.0539,1.4085,,22573.8328,22188.4219,10502.3919,352603.2683,346583.1501
688282.SH,20250725,49.6,1.5404,1.9713,0.7,,1606.9196,3.4265,25.5436,26.6313,,,8800.0,3652.0,2853.8414,436480.0,181139.2
601133.SH,20250725,12.39,3.7148,3.7148,0.55,30.8215,32.5829,2.2972,1.2475,1.2736,1.7615,1.773,52801.8424,14750.0,14750.0,654214.8273,182752.5
301033.SZ,20250725,75.0,5.0538,8.8169,1.56,63.2681,56.6465,7.2487,17.9174,16.9152,0.5268,0.7958,6651.9431,5597.7556,3208.6492,498895.7325,419831.67
002278.SZ,20250725,9.14,4.4601,6.0865,0.52,110.2618,61.4362,2.9565,4.5378,4.1971,0.5449,0.5449,36390.9648,33420.6521,24490.3622,332613.4183,305464.7602
301128.SZ,20250725,52.72,6.263,15.5133,2.49,55.9052,51.7888,6.4954,4.8409,4.2166,0.9484,0.8129,10344.127,10344.127,4176.1008,545342.3754,545342.3754
300869.SZ,20250725,18.82,11.9794,17.7298,6.09,,,4.3362,15.7604,15.355,1.594,1.3284,40180.2977,25336.0994,17118.7424,756193.2027,476825.3907
601633.SH,20250725,22.71,0.3336,1.8928,0.9,15.3144,16.2647,2.4784,0.9613,0.9569,1.3173,1.9814,855894.5933,620924.1633,109424.1633,19437366.2138,14101187.7485
603922.SH,20250725,20.66,10.5142,19.9545,3.1,,419.126,3.6168,4.2697,4.5407,0.0691,,17920.0,17920.0,9442.2223,370227.2,370227.2
600789.SH,20250725,10.46,5.7598,7.5602,1.07,23.8209,23.1583,2.4134,1.5081,1.539,1.0502,1.262,89866.9632,89866.9632,68466.4905,940008.4351,940008.4351
600916.SH,20250725,8.28,1.3322,2.7448,0.98,16.9973,23.5893,1.9884,0.2301,0.2614,5.4348,4.2271,168000.0,168000.0,81540.0,1391040.0,1391040.0
003016.SZ,20250725,8.67,1.7784,5.5282,1.54,,,1.3959,2.6438,2.6766,2.5991,,42852.1612,41888.2842,13475.0419,371528.2376,363171.424
605189.SH,20250725,15.57,5.7126,17.7727,1.29,23.9634,29.7946,1.7021,0.9916,0.9502,0.7434,0.8798,19407.6105,19407.6105,6238.0411,302176.4955,302176.4955
301421.SZ,20250725,82.33,22.7001,22.7889,1.4,257.7716,291.3583,8.0956,22.9083,22.0017,0.4494,0.2065,11571.8,4630.8485,4612.811,952706.294,381257.757
300213.SZ,20250725,9.29,10.8904,11.1666,2.01,74.4628,100.6841,2.5467,4.7859,5.027,0.5333,0.5382,59436.466,54591.9368,53241.9842,552164.7691,507159.0929
002491.SZ,20250725,4.93,2.9259,5.0033,1.05,78.4188,25.6694,2.2648,2.0802,2.1686,0.0,,122999.45,117646.8871,68799.4407,606387.2885,579999.1534
688234.SH,20250725,60.71,0.9949,2.5559,0.8,145.7213,184.4396,4.8959,14.7543,14.907,,,42971.1044,42971.1044,16726.0083,2608775.7481,2608775.7481
301255.SZ,20250725,30.91,4.9319,4.9319,0.62,90.6285,99.3201,4.5782,11.0001,11.0655,1.1554,0.4622,15232.0,3808.0,3808.0,470821.12,117705.28
002766.SZ,20250725,5.35,1.1619,2.0593,0.96,76.7573,89.5862,5.6621,3.2984,3.5498,0.0,,86179.9824,85366.8184,48162.9961,461062.9058,456712.4784
002115.SZ,20250725,8.54,6.1238,6.782,1.5,,,3.3303,0.6326,0.6642,0.0,,81099.1332,75219.5532,67920.2977,692586.5975,642374.9843
300904.SZ,20250725,53.55,8.3558,8.3558,1.53,,,5.2595,11.2289,9.0814,1.0458,,7238.3232,2198.3232,2198.3232,387612.2074,117720.2074
688700.SH,20250725,38.3,2.0219,3.0454,1.14,164.9819,206.6776,6.6412,15.2384,14.9594,0.5014,0.2607,29840.136,29840.136,19812.0874,1142877.2088,1142877.2088
002408.SZ,20250725,5.38,4.7126,10.0671,5.75,482.785,3071.9855,1.3241,0.6065,0.6032,2.4096,1.6594,284284.3629,284267.8254,133071.4091,1529449.8724,1529360.9007
301488.SZ,20250725,75.6,13.3378,13.8181,1.61,68.9235,68.7007,5.4107,4.9365,4.6038,0.6614,0.6614,9200.0,2341.125,2259.745,695520.0,176989.05
603208.SH,20250725,15.02,3.4713,8.5757,0.7,24.4444,31.8558,2.1314,0.8869,0.9586,11.7643,1.2557,17717.2674,17717.2674,7171.6648,266113.3563,266113.3563
688122.SH,20250725,55.02,3.2777,4.881,1.86,44.6366,41.5496,5.2133,7.7495,7.3057,1.2723,1.454,64966.4497,64966.4497,43626.2684,3574454.0625,3574454.0625
920227.BJ,20250725,68.18,4.7771,7.8525,1.18,63.5448,62.4089,6.9227,18.0,17.6921,1.4667,1.4667,3894.15,1762.3704,1072.1521,265503.147,120158.4139
688681.SH,20250725,15.26,1.3849,2.1639,0.75,52.374,45.9892,2.8272,3.8016,3.6289,0.9752,0.971,10467.0,10467.0,6699.1685,159726.42,159726.42
002935.SZ,20250725,15.85,1.0029,1.7594,0.85,104.7089,100.5119,4.3703,6.9704,7.0841,0.4254,0.3173,42410.2508,41509.0883,23660.9251,672202.4752,657919.0496
600496.SH,20250725,3.39,0.9671,1.3595,0.53,13.185,12.5322,0.7825,0.3648,0.3391,1.7699,2.3599,199012.4341,199012.4341,141572.5415,674652.1516,674652.1516
300966.SZ,20250725,19.66,4.2996,5.7243,1.2,,,2.7441,4.2237,4.094,0.0814,,11527.9416,7666.4972,5758.4497,226639.3319,150723.335
920685.BJ,20250725,16.26,4.6316,5.8611,1.1,35.7466,32.9261,2.8092,8.8526,8.5853,2.3891,1.0751,9151.5941,5479.108,4329.7163,148804.9201,89090.2961
300504.SZ,20250725,15.68,1.7611,3.2765,1.18,,,1.9773,2.4046,2.7245,1.2821,,27102.458,21826.2631,11731.7586,424966.5414,342235.8054
605166.SH,20250725,11.55,2.4408,3.7538,0.98,12.1047,11.6934,1.9236,0.5071,0.5125,2.4741,1.1515,31472.6498,31472.6498,20464.191,363509.1052,363509.1052
600326.SH,20250725,15.43,45.8111,60.0083,13.54,,,5.5137,6.5331,6.4653,0.0,,132871.46,132786.3703,101370.7491,2050206.6278,2048893.6937
001373.SZ,20250725,31.39,3.4408,4.6711,1.18,175.7358,333.8194,2.4205,3.3691,3.5487,0.7646,0.3186,6868.6888,3313.1732,2440.5408,215608.1414,104000.5067
920029.BJ,20250725,94.3,3.6288,3.6288,1.09,22.2362,19.6846,4.0629,4.4658,4.165,,1.5907,13888.6667,3179.3334,3179.3334,1309701.2698,299811.1396
301337.SZ,20250725,29.86,4.0462,4.1931,0.83,,,2.8378,14.2784,13.7039,0.6698,0.3349,10420.0,3882.3725,3746.4225,311141.2,115927.6429
300390.SZ,20250725,21.45,5.325,6.4438,1.1,21.0225,51.0739,1.6412,2.6966,2.7241,4.6653,2.7972,83075.0788,67200.7852,55532.7587,1781960.4403,1441456.8425
301100.SZ,20250725,18.17,1.2342,2.1598,1.0,,,1.7863,3.6211,3.4667,0.4128,,20000.0,8750.0,5000.0,363400.0,158987.5
300706.SZ,20250725,33.43,30.4449,42.8901,2.11,,,7.0626,4.3298,4.2148,0.0895,,15322.0499,11357.4749,8061.9323,512216.1282,379680.3859
300069.SZ,20250725,20.17,4.2728,7.5247,0.59,73.5884,66.5647,8.6022,8.6513,8.4812,0.0,,11700.0,11700.0,6643.7463,235989.0,235989.0
600730.SH,20250725,7.18,7.6765,9.5987,2.29,86.1234,95.9215,2.3324,27.9712,28.9832,0.0,0.1393,58665.6002,58665.6002,46917.3018,421219.0094,421219.0094
301520.SZ,20250725,47.32,10.6146,10.6146,0.98,36.8835,46.6026,2.1065,8.3217,8.7637,1.0566,0.7377,6666.6667,2242.2992,2242.2992,315466.6682,106105.5981
300604.SZ,20250725,45.31,3.6059,4.3292,0.81,62.3131,50.5279,7.5506,7.8446,7.3296,0.2194,0.2207,63046.5854,48556.0675,40443.8659,2856640.7845,2200075.4184
920675.BJ,20250725,13.15,2.2368,3.7384,0.57,44.6376,46.5965,3.8303,3.7289,3.798,1.521,1.5209,17216.4,7897.287,4725.166,226395.66,103849.3241
301127.SZ,20250725,15.25,1.0419,1.9851,0.97,30.8495,28.8092,3.0962,5.1782,5.0065,0.6864,0.6294,67412.2924,66558.4879,34934.8693,1028037.4591,1015016.9405
601298.SH,20250725,8.85,0.2824,2.2986,1.4,10.9737,10.797,1.3085,3.0329,2.9737,4.5887,4.5887,649110.0,539207.5,66237.6,5744623.5,4771986.375
601117.SH,20250725,8.0,0.8854,1.5538,0.81,8.5918,8.2602,0.7658,0.263,0.2636,2.2251,,610872.5362,606958.0762,345845.3287,4886980.2896,4855664.6096
688209.SH,20250725,18.55,1.5825,2.9284,1.44,64.097,56.916,4.034,5.5673,5.3973,0.148,0.4807,42933.1405,29896.9373,16156.5666,796409.7563,554588.1869
000722.SZ,20250725,12.78,3.254,6.7136,0.8,87.4893,128.1532,1.9221,17.6132,19.2763,0.3912,0.3912,46415.8282,46415.8282,22496.9877,593194.2844,593194.2844
300710.SZ,20250725,19.99,2.6937,3.0483,1.01,,,4.2272,5.7409,6.2658,0.0,,9949.03,8049.2686,7112.8309,198881.1097,160904.8793
600734.SH,20250725,4.28,4.5949,6.2972,1.72,1649.0293,,24.646,30.2021,26.9508,0.0,,217830.3106,216842.8122,158223.7932,932313.7294,928087.2362
301618.SZ,20250725,60.48,3.0732,3.0732,0.64,77.9113,81.4814,5.8897,9.8639,9.8003,,0.3897,9021.586,2255.4,2255.4,545625.5213,136406.592
603607.SH,20250725,23.68,4.0959,8.1057,0.85,39.9073,38.936,4.3913,4.6647,4.4166,2.1115,2.9561,17851.68,17851.68,9020.6052,422727.7824,422727.7824
300144.SZ,20250725,8.74,1.6636,2.5376,1.11,21.856,21.9707,2.9241,9.4824,9.4766,1.1432,2.2883,262261.294,235552.7204,154420.7043,2292163.7096,2058730.7763
000402.SZ,20250725,3.07,1.063,2.1989,0.79,,,0.3745,0.4811,0.5915,0.0,,298892.9907,298831.7478,144457.9482,917601.4814,917413.4657
605162.SH,20250725,9.04,2.5663,10.1259,0.37,24.7083,26.5105,2.9614,4.1544,4.3794,1.9909,1.9912,40053.2847,40053.2847,10151.1797,362081.6937,362081.6937
301322.SZ,20250725,27.91,1.3875,1.94,0.66,27.9757,30.0971,1.4288,4.7846,4.7852,2.6326,1.7768,14245.8008,9300.581,6651.97,397600.3003,259579.2157
603392.SH,20250725,59.74,0.4789,1.8064,1.16,711.424,,6.1899,33.6592,39.9143,0.5364,,126512.2774,126512.2774,33536.3775,7557843.4519,7557843.4519
600362.SH,20250725,23.96,1.4103,3.3649,0.68,11.9168,11.5236,1.0694,0.1593,0.1627,2.4916,2.9068,346272.9405,207524.7405,86976.8295,8296699.6544,4972292.7824
603041.SH,20250725,12.51,2.7705,5.1188,0.55,35.7202,50.5161,1.5511,3.8112,3.6896,1.5813,0.9488,18314.7692,18314.7692,9912.5392,229117.7627,229117.7627
002835.SZ,20250725,18.4,3.7553,5.6233,1.32,20.1466,19.296,3.4597,3.4761,3.494,1.137,1.7326,21949.3931,12728.7449,8500.4079,403868.833,234208.9062
920770.BJ,20250725,20.28,7.1631,8.7221,0.68,74.9094,78.0325,4.5761,17.0765,16.3481,0.2465,0.5917,13013.2175,8189.38,6725.6341,263908.0509,166080.6264
688080.SH,20250725,48.07,2.3286,3.4615,0.91,27.3318,26.1284,3.3756,5.8032,5.419,0.3525,0.4153,7385.1842,7385.1842,4968.1449,355005.8045,355005.8045
688077.SH,20250725,34.03,10.4692,18.042,1.26,122.2244,127.7568,3.715,2.9541,2.8599,0.5128,0.5668,11447.8504,11447.8504,6642.837,389570.3491,389570.3491
688178.SH,20250725,23.15,1.5987,3.3258,0.97,,,1.9178,3.1707,3.5276,,,8513.4666,8499.7844,4085.9732,197086.7518,196770.0089
688396.SH,20250725,48.28,0.4418,1.3075,1.47,84.061,78.8857,2.855,6.3342,6.1882,0.2309,0.1201,132752.9398,132752.9398,44854.7252,6409311.9335,6409311.9335
300299.SZ,20250725,7.16,3.7149,5.2224,0.76,,,11.0248,17.1875,15.4447,0.0,,69030.0085,68897.5585,49009.9669,494254.8609,493306.5189
002879.SZ,20250725,16.04,2.4287,2.7731,0.43,41.4751,50.872,1.8352,2.4938,2.3586,1.4931,1.1945,19310.764,13788.4005,12075.9296,309744.6546,221165.944
920267.BJ,20250725,30.0,12.103,17.1412,1.11,77.1175,82.1831,5.6691,2.4159,2.4806,0.6333,0.6333,4998.2941,2898.5936,2046.6268,149948.823,86957.808
920057.BJ,20250725,8.38,23.0879,28.5036,0.94,,,2.1517,1.5446,1.5033,0.2374,,18126.3297,11538.5579,9346.2479,151898.6429,96693.1152
300399.SZ,20250725,31.52,7.064,13.0719,0.84,3756.777,339.6137,11.9919,12.1256,11.8225,0.1269,0.1586,19760.0,19758.0725,10677.2227,622835.2,622774.4452
688201.SH,20250725,11.62,4.8257,8.5744,1.6,,,2.8924,7.3624,7.296,0.1732,,31715.3816,30253.0753,17026.564,368532.7342,351540.735
603387.SH,20250725,8.71,1.3788,2.4654,1.02,19.7522,21.8754,1.674,3.7923,4.0624,2.1814,2.0666,50715.3517,50715.3517,28363.712,441730.7133,441730.7133
300767.SZ,20250725,13.5,4.2974,5.7971,0.45,,,2.2862,8.9427,9.3169,0.0,,27629.1028,23969.7494,17768.6042,372992.8878,323591.6169
300758.SZ,20250725,14.78,2.4166,4.087,0.83,48.0365,44.7445,3.4374,3.8273,3.7266,0.3325,0.3325,40603.8596,35364.7024,20910.6045,600125.0449,522690.3015
000528.SZ,20250725,11.15,6.4633,8.6242,0.83,16.966,15.1476,1.2975,0.7489,0.7199,1.7333,2.3815,201924.3764,201850.5477,151275.1925,2251456.7969,2250633.6069
300133.SZ,20250725,7.71,3.6725,4.9715,0.85,60.259,47.9958,2.0349,7.5531,6.2362,0.5236,0.4225,189958.5581,162384.3501,119955.5381,1464580.483,1251983.3393
300956.SZ,20250725,16.41,2.9335,5.736,1.27,344.2987,360.7655,2.58,1.9182,1.8351,0.1867,0.5078,21542.766,21045.2395,10762.6894,353516.7901,345352.3802
600348.SH,20250725,7.22,1.1943,2.6853,0.61,11.7074,13.3272,0.9645,1.0393,1.0537,9.9446,4.2798,360750.0,360750.0,160447.8633,2604615.0,2604615.0
002471.SZ,20250725,4.66,5.2106,6.3634,0.63,,,3.6859,1.1598,1.1581,0.6654,0.6654,136876.0,130499.6763,106859.0384,637842.16,608128.4916
300193.SZ,20250725,9.44,1.6685,1.9749,0.88,17.612,17.7928,2.2051,3.5689,3.5368,6.3524,4.2373,47624.9805,41965.5672,35455.3081,449579.8159,396154.9544
300783.SZ,20250725,26.77,3.0908,3.7179,0.89,26.3277,31.7137,3.5525,1.0106,1.0033,0.9315,0.9317,40100.0,27959.6,23243.2,1073477.0,748478.492
300700.SZ,20250725,10.98,4.4689,5.071,0.87,,,4.6745,12.1029,13.3072,0.7921,,39604.6023,27054.0419,23841.7926,434858.5333,297053.3801
600873.SH,20250725,11.29,1.0433,1.5452,1.0,11.7529,10.7095,2.26,1.2848,1.296,5.2702,5.2758,285278.875,285278.875,192623.2943,3220798.4988,3220798.4988
002932.SZ,20250725,22.08,5.1234,6.3304,1.16,68.8955,132.3057,0.9261,14.6662,14.2987,0.6622,5.2604,23252.0957,15608.5161,12632.342,513406.2731,344636.0355
002597.SZ,20250725,22.96,1.6751,3.0016,1.38,23.438,19.49,1.7707,2.4605,2.4204,0.8411,3.4799,56831.9878,56681.8818,31633.1595,1304862.4399,1301416.0061
920751.BJ,20250725,20.18,6.3071,10.0295,0.76,44.2191,41.7204,4.785,8.1371,8.0196,1.4866,1.4866,8678.0,8306.7125,5223.7125,175122.04,167629.4583
601869.SH,20250725,40.31,1.9978,7.6173,0.68,45.2021,39.6946,2.5961,2.5047,2.4048,1.2751,1.2751,75790.5108,40633.8314,10657.351,3055115.4903,1637949.7437
600777.SH,20250725,4.62,1.0078,1.2823,0.96,15.4345,15.4345,1.3689,3.7572,3.7572,0.0,,680049.5825,636615.2391,500325.8436,3141829.0712,2941162.4046
600759.SH,20250725,2.44,7.5365,10.0066,1.34,20.762,23.3644,1.1689,3.9738,4.1195,0.0,,414900.928,414368.578,312080.9058,1012358.2643,1011059.3303
603059.SH,20250725,27.24,1.2398,4.7085,0.89,,,2.7175,2.1067,2.0468,0.7342,,10044.87,10044.87,2644.87,273622.2588,273622.2588
600096.SH,20250725,24.75,1.5138,2.4558,0.61,8.4604,8.739,2.1576,0.7332,0.7435,4.0404,5.6566,182299.0731,182299.0731,112373.6439,4511902.0592,4511902.0592
601811.SH,20250725,15.07,0.5875,4.0391,1.07,12.0361,11.6326,1.2996,1.5082,1.5065,5.1095,3.9814,123384.1,79190.39,11518.543,1859398.387,1193399.1773
600355.SH,20250725,2.72,2.3604,2.7762,1.03,,,10.9072,9.3931,10.1499,0.0,,49208.92,49208.92,41838.92,133848.2624,133848.2624
300534.SZ,20250725,10.83,6.7691,10.8563,0.96,127.3117,117.8617,4.7354,3.1617,3.06,0.3693,0.3693,30334.5,30204.0613,18832.8586,328522.635,327109.9839
300525.SZ,20250725,15.68,5.317,6.2316,1.78,39.3217,40.2808,4.7458,5.5495,5.5574,1.1883,1.0071,75821.0292,62186.2242,53059.0374,1188873.7379,975079.9955
300763.SZ,20250725,59.23,1.9851,2.9895,0.6,34.2216,27.3258,2.8048,3.6154,3.5498,0.3382,0.3371,39933.3395,32150.9105,21349.6776,2365251.6986,1904298.4289
000088.SZ,20250725,4.62,1.1936,2.7765,1.11,17.8026,17.0977,1.3722,30.2704,31.3748,3.2471,2.8139,519948.3346,316289.4468,135970.4341,2402161.3059,1461257.2442
300548.SZ,20250725,82.66,6.8545,9.0423,0.64,333.8748,148.768,14.5506,13.77,12.1951,0.095,0.0968,29110.0478,26880.7978,20376.8821,2406236.5511,2221966.7461
001336.SZ,20250725,22.48,3.7881,7.2559,1.38,63.7722,78.1228,2.3273,4.4973,5.4322,0.575,0.6629,8037.35,4658.316,2431.9502,180679.628,104718.9437
600138.SH,20250725,10.05,2.1863,2.8464,0.94,45.3387,46.7087,1.1693,0.7306,0.7211,0.8458,0.6965,72384.0,72384.0,55598.0408,727459.2,727459.2
300324.SZ,20250725,4.98,9.54,10.4524,1.26,,,2.9949,3.159,3.1513,0.0,,172759.0595,170986.7023,156060.5859,860340.1163,851513.7775
920592.BJ,20250725,52.02,4.8558,7.8156,0.93,349.7001,314.8549,11.3755,20.0092,19.521,,0.2957,8079.5,4963.5581,3083.8383,420295.59,258204.2924
603843.SH,20250725,3.12,4.6431,6.5206,0.88,,,5.7086,1.6027,1.7177,0.0,,69962.3237,69962.3237,49817.1582,218282.4499,218282.4499
300850.SZ,20250725,33.93,5.7689,6.5678,0.97,197.6824,44.9333,2.3228,4.3876,3.773,0.2887,0.2711,38090.2307,26760.3166,23505.454,1292401.5277,907977.5422
300082.SZ,20250725,7.65,2.0997,4.471,0.48,,,1.8931,1.2137,1.1632,0.0,,68009.82,67820.7738,31850.9165,520275.123,518828.9196
002708.SZ,20250725,10.81,2.6534,3.8164,1.03,119.1166,115.5149,3.6841,2.6309,2.5905,0.0,,56209.7967,51399.5122,35736.6913,607627.9023,555628.7269
600733.SH,20250725,7.97,2.3454,3.5805,0.83,,,9.7548,3.061,2.6472,0.0,,557350.3169,488509.6921,319999.6899,4442082.0257,3893422.246
600119.SH,20250725,8.54,1.966,3.6296,0.86,,,22.7178,6.1493,11.0596,0.0,,36527.037,36527.037,19785.1609,311940.896,311940.896
301321.SZ,20250725,15.51,3.1106,4.9017,0.62,,,2.87,1.2323,1.1096,0.0,,18643.5,14756.6101,9364.3064,289160.685,228875.0227
688002.SH,20250725,67.1,0.9901,1.3114,0.75,53.8916,52.3056,5.6756,7.1048,6.8976,0.2523,0.1962,45696.2515,45696.2515,34499.2385,3066218.4757,3066218.4757
000860.SZ,20250725,16.05,2.0554,3.3343,0.87,51.5002,189.1425,1.657,1.3046,1.4297,0.0,0.9346,74176.6989,74176.6989,45725.5821,1190536.0173,1190536.0173
300257.SZ,20250725,12.97,1.4176,3.5995,0.76,40.2205,39.4215,1.992,3.0431,2.999,0.771,0.771,99363.5018,95455.6716,37594.4374,1288744.6183,1238060.0607
301628.SZ,20250725,87.4,5.4028,5.4028,0.49,58.4816,58.3097,6.1217,8.3071,8.1067,,0.4577,7537.58,1884.4,1884.4,658784.492,164696.56
600517.SH,20250725,5.5,0.5244,2.5706,0.76,19.9786,17.8474,1.4433,4.2242,4.1128,1.8909,1.5091,571843.5744,571843.5744,116657.3593,3145139.6592,3145139.6592
000572.SZ,20250725,4.6,8.9637,13.6858,1.63,,,4.3822,4.2614,4.6942,0.0,,164463.6426,164225.3067,107561.0357,756532.756,755436.4108
001256.SZ,20250725,22.58,14.8494,14.8494,1.48,35.7069,34.4249,2.8073,6.582,6.3688,0.8704,0.8811,14261.2558,3847.428,3847.428,322019.156,86874.9242
300493.SZ,20250725,20.82,4.9431,6.6419,1.38,293.4253,289.1504,9.6176,4.1111,4.0595,0.2135,0.1441,51257.5047,50099.3047,37284.9197,1067181.2479,1043067.5239
002127.SZ,20250725,3.82,2.343,2.704,0.93,,,2.2759,2.7922,2.7802,2.0942,1.0471,245487.0403,198126.0043,171676.1392,937760.4939,756841.3364
603333.SH,20250725,7.98,2.2154,4.5954,0.66,303.4828,270.0605,2.3891,2.8591,2.8765,0.1252,,62152.7586,62152.7586,29962.8986,495979.0136,495979.0136
600821.SH,20250725,5.66,0.9625,1.3834,0.62,14.0828,16.0333,1.2255,3.1296,3.1208,3.0455,3.4806,199726.3453,199726.3453,138962.2939,1130451.1144,1130451.1144
600653.SH,20250725,1.97,1.5205,2.0689,0.91,99.3392,71.1721,4.74,0.9144,0.9546,0.0,,194638.0317,194638.0317,143048.5612,383436.9224,383436.9224
002344.SZ,20250725,4.63,1.4959,3.1826,1.38,66.8451,66.382,0.6988,5.7247,5.7364,0.9287,,128261.696,128145.0092,60233.0025,593851.6525,593311.3926
301162.SZ,20250725,53.61,2.3494,2.9476,1.35,68.8662,65.8634,5.7077,11.7235,10.8998,0.693,0.7306,12022.1656,8522.5548,6793.1764,644508.2978,456894.1628
920077.BJ,20250725,14.54,1.7383,2.5669,0.87,91.0285,87.7823,3.4568,5.3298,5.0788,0.6878,,58768.1817,31695.6817,21464.7599,854489.3619,460855.2119
300283.SZ,20250725,7.33,21.9693,26.6831,0.82,,,4.3111,1.0225,0.9567,0.2636,,43728.2403,30752.2683,25319.6861,320528.0014,225414.1266
688156.SH,20250725,20.42,3.5085,4.8527,0.73,,,2.4611,7.4079,7.5405,0.2449,,10071.4157,10071.4157,7281.6427,205658.3086,205658.3086
002105.SZ,20250725,7.74,3.3673,6.4927,1.3,,,3.2626,2.3915,2.2663,0.3877,,36806.0,36447.1975,18902.3028,284878.44,282101.3087
601728.SH,20250725,7.38,0.3332,1.8016,2.16,20.4568,20.2926,1.4913,1.2898,1.2898,3.4837,3.5203,9150713.8699,7762972.8699,1435912.6872,67532268.3599,57290739.7799
002461.SZ,20250725,10.71,0.4848,3.0563,0.98,29.2553,28.0082,2.3035,4.1362,4.0524,1.1671,1.5873,221332.848,221332.848,35105.8036,2370474.8021,2370474.8021
300501.SZ,20250725,16.23,4.6582,5.8892,0.83,42.1118,45.6314,2.0246,2.7492,2.6856,2.5042,3.2076,19353.7918,12520.1288,9902.9911,314112.0409,203201.6904
002253.SZ,20250725,10.3,4.1894,5.1665,1.74,,,2.0818,14.056,14.1976,0.0,,22562.6095,20776.023,16846.7059,232394.8779,213993.0369
002360.SZ,20250725,5.56,10.4706,11.1527,0.64,,,1.1074,4.1023,4.4521,3.3453,,40177.4248,32727.0912,30725.6537,223386.4819,181962.6271
300949.SZ,20250725,41.36,2.718,5.4826,0.76,,,3.6541,6.0471,7.2818,0.0,,6032.83,3430.1063,1700.475,249517.8488,141869.1966
301526.SZ,20250725,4.81,5.2213,7.2141,0.57,,,2.2649,2.4638,2.3572,0.6237,,377087.8048,140439.2923,101644.463,1813792.3411,675512.996
000998.SZ,20250725,10.06,1.5418,1.8662,0.86,129.8241,423.6883,2.4064,1.7258,1.8708,0.4454,0.3976,146944.8061,131505.0546,108644.9034,1478264.7494,1322940.8493
300135.SZ,20250725,4.35,10.861,16.806,0.96,179.756,189.7462,4.1819,2.0356,2.2304,0.0,0.2299,92160.0,92160.0,59559.1872,400896.0,400896.0
600410.SH,20250725,10.87,30.7304,30.7304,3.09,494.1089,34.9944,2.624,2.7909,2.7936,0.0,0.0607,109649.4683,109649.4683,109649.4683,1191889.7204,1191889.7204
600654.SH,20250725,3.08,1.2738,1.9722,0.77,442.3487,1004.5084,5.3051,2.9043,2.7817,0.0,,287660.756,231551.1746,149551.6683,885995.1285,713177.6178
601566.SH,20250725,9.08,0.8096,2.9154,0.89,29.6115,20.0857,1.3156,1.6401,1.6636,3.304,3.304,57463.715,57463.715,15957.561,521770.5322,521770.5322
688023.SH,20250725,56.98,4.3149,5.7703,0.96,,,2.3971,2.8469,2.8052,,,10206.5545,10206.5545,7632.2073,581569.4754,581569.4754
603496.SH,20250725,29.95,17.8265,24.7499,1.08,357.1918,,7.1236,8.5841,9.7603,0.2504,0.1336,32020.9243,32020.9243,23063.496,959026.6828,959026.6828
300177.SZ,20250725,10.9,5.3748,5.8151,0.91,,3313.6534,5.3059,6.6512,6.4625,0.0,,74416.9066,60630.3251,56039.5369,811144.2819,660870.5436
603966.SH,20250725,11.43,17.9955,32.729,1.99,27.2959,25.821,2.5053,2.1403,2.0784,1.8175,2.0122,39870.0736,39772.2136,21868.135,455714.9412,454596.4014
002739.SZ,20250725,11.89,1.7796,2.781,0.94,,,3.2588,2.0312,1.8951,0.0,,211177.8708,208538.543,133451.1668,2510904.8838,2479523.2763
300572.SZ,20250725,23.08,5.7014,6.1984,1.18,,,2.9551,11.7916,12.069,0.0858,,22898.8812,18359.6561,16887.4139,528506.1781,423740.8628
002125.SZ,20250725,13.82,6.4331,11.1352,0.7,27.6166,27.7252,2.9551,4.5489,4.4147,1.2156,1.1577,62948.1713,62948.1713,36366.8316,869943.7274,869943.7274
003017.SZ,20250725,28.65,6.6165,7.8613,0.86,37.7528,31.5946,2.2817,2.6447,2.4963,1.5238,1.0347,8400.0,6928.7988,5831.6997,240660.0,198510.0856
600748.SH,20250725,3.4,0.7522,1.7757,0.91,,,0.5717,2.5148,2.4233,0.6176,0.6176,184456.2892,184456.2892,78138.9791,627151.3833,627151.3833
000965.SZ,20250725,4.32,5.5555,11.4425,0.52,284.6208,45.5692,0.867,1.8944,1.964,0.463,0.2315,110983.0895,110983.0895,53883.4999,479446.9466,479446.9466
603275.SH,20250725,56.83,7.4342,7.4342,0.67,39.35,40.0388,2.9931,12.5073,12.4188,0.3652,0.4156,14877.1851,4194.2463,4194.2463,845470.4292,238359.0172
300838.SZ,20250725,15.28,1.9803,3.6103,0.86,114.9949,117.1999,2.1494,2.2602,2.3024,1.6265,0.9817,13797.8,10175.4875,5581.3375,210830.384,155481.449
600323.SH,20250725,27.87,0.9686,1.7876,1.07,13.6569,13.3434,1.7249,1.9118,1.9305,1.7223,2.8705,81534.7146,81534.7146,44176.6026,2272372.4959,2272372.4959
002088.SZ,20250725,11.04,0.6369,1.7947,0.93,11.7988,12.3768,2.226,1.604,1.6793,7.2288,7.2464,51312.2586,50579.1378,17950.2306,566487.3349,558393.6813
600103.SH,20250725,2.33,1.5709,2.2206,0.84,61.9467,55.9883,1.3341,2.019,2.0501,0.7163,0.515,225325.5047,221232.9047,156504.7841,525008.426,515472.668
920663.BJ,20250725,21.75,8.496,14.7561,1.9,36.7941,35.4062,8.7353,9.5668,8.8188,1.3764,1.3733,13385.619,6326.2837,3642.4413,291137.2133,137596.6705
600192.SH,20250725,9.35,4.0044,6.6217,0.43,,,3.6293,2.4654,2.6242,0.0,,44174.8,44174.8,26714.0716,413034.38,413034.38
300815.SZ,20250725,19.52,2.3796,5.0724,1.12,13.5231,13.211,1.8777,1.0801,1.0538,1.0246,1.9211,39859.2,38683.8432,18147.5191,778051.584,755108.6193
600363.SH,20250725,57.97,2.3296,2.9447,0.98,109.0021,104.2062,6.2002,8.4687,8.2485,0.1298,0.0931,45351.445,45351.445,35877.8358,2629023.2667,2629023.2667
600743.SH,20250725,2.24,0.8567,1.8716,0.81,,,8.0188,1.1352,1.4213,0.0,,234610.0874,234610.0874,107388.2435,525526.5958,525526.5958
688339.SH,20250725,23.39,1.9581,2.406,1.3,,,2.1951,14.7771,14.8834,,,23165.2081,19578.7119,15934.265,541834.2175,457946.0713
002561.SZ,20250725,8.83,2.3339,3.6743,0.99,868.9112,,1.6755,8.3806,9.0204,1.359,0.6795,41576.3,41443.9567,26324.9866,367118.729,365950.1377
002590.SZ,20250725,13.97,1.7102,3.2543,0.78,34.3266,32.8903,2.5039,1.6724,1.6261,0.0,0.4287,51905.2477,49495.6865,26010.4821,725116.3104,691454.7404
688275.SH,20250725,43.79,8.6319,9.9288,2.43,,,1.0115,0.7342,0.6388,,,12611.8463,8459.6775,7354.6763,552272.7495,370449.2777
000513.SZ,20250725,41.76,2.2975,3.8787,0.55,18.318,18.0649,2.8638,3.1963,3.2132,3.3014,2.5848,90410.043,58433.3053,34612.5429,3775523.3957,2440174.8293
603136.SH,20250725,12.74,2.4001,4.4822,0.83,32.8812,31.996,2.6684,6.4181,6.4386,2.9015,1.8446,27012.671,27012.671,14464.5305,344141.4285,344141.4285
688117.SH,20250725,40.93,6.3817,10.7422,0.88,128.7751,79.8527,6.7772,14.1246,12.0105,0.3477,0.2443,15738.5978,15738.5978,9349.9957,644180.808,644180.808
600938.SH,20250725,26.06,1.0016,1.3191,0.97,8.9797,9.19,1.6404,2.9456,2.9783,4.8998,4.9178,4752995.3984,299000.0,227030.6815,123863060.0823,7791940.0
300083.SZ,20250725,8.71,3.0345,3.2085,0.52,61.1113,52.4379,2.8173,3.1487,3.023,0.0,,166486.2589,149303.5214,141204.9994,1450095.315,1300433.6714
300854.SZ,20250725,17.66,2.5999,4.5831,0.64,134.9531,61.4164,1.8013,2.7367,2.546,0.6292,0.6861,10006.875,8134.0875,4614.32,176721.4125,143647.9853
600560.SH,20250725,17.03,1.0915,1.9891,0.65,72.397,78.9369,4.0044,5.1509,5.3919,0.4169,,22364.55,22364.55,12271.9776,380868.2865,380868.2865
301180.SZ,20250725,15.3,3.5482,8.1237,1.61,,,4.6771,5.6274,5.2794,0.1634,,40001.0,16413.8002,7169.0002,612015.3,251131.1431
000903.SZ,20250725,3.14,5.3125,8.0318,0.62,,,3.8192,1.2841,1.3527,0.0,,193496.141,192026.1648,127011.9255,607577.8827,602962.1575
301235.SZ,20250725,26.5,9.4326,10.6375,1.89,41.8864,40.0195,1.6155,1.6386,1.578,0.3774,0.1849,10560.1018,5095.3018,4518.1472,279842.6977,135025.4977
002547.SZ,20250725,4.49,1.7362,2.4174,0.54,,,2420.7264,2.295,2.3097,0.0,,112805.7168,110480.7166,79349.7165,506497.6684,496058.4175
601965.SH,20250725,20.29,0.559,1.5052,0.63,22.4196,22.0757,2.9072,4.3334,4.3096,1.6268,1.6758,100305.4887,99399.6567,36916.4099,2035198.3657,2016819.0344
603729.SH,20250725,17.36,3.5604,5.0738,1.06,194.4335,81.1759,4.4056,4.7915,4.1175,0.0,0.0569,9333.8,9333.8,6549.77,162034.768,162034.768
000995.SZ,20250725,14.75,6.3359,8.8269,0.72,94.467,86.4562,16.8019,15.179,14.977,0.0,,17740.8,17740.8,12734.2009,261676.8,261676.8
002357.SZ,20250725,10.38,12.7249,18.1527,2.07,26.6218,23.6434,1.9952,3.8021,3.8596,0.4817,0.9634,31348.9036,31347.7786,21974.4565,325401.6194,325389.9419
603701.SH,20250725,17.79,0.8516,1.6752,0.94,100.7915,106.3356,5.8397,6.5762,6.3953,0.1405,0.2248,26136.1901,26136.1901,13287.0002,464962.8219,464962.8219
300864.SZ,20250725,21.13,0.7204,2.7867,0.68,19.7627,20.6402,2.6929,3.9662,3.8985,3.751,4.0227,15648.8669,15648.8669,4045.4169,330660.5576,330660.5576
600403.SH,20250725,4.07,1.3886,8.9568,0.65,,,1.8088,1.9736,2.1166,0.0,,239081.2402,239081.2402,37065.1791,973060.6476,973060.6476
601966.SH,20250725,15.67,1.9207,4.1685,1.08,13.087,13.8831,1.0365,1.0397,1.0098,4.0779,2.208,146350.2683,146350.2683,67433.7023,2293308.7043,2293308.7043
603444.SH,20250725,325.3,1.0142,1.7237,0.36,24.801,24.0392,4.7516,6.3412,6.0027,1.9903,3.0619,7204.1101,7204.1101,4238.8461,2343497.0155,2343497.0155
000035.SZ,20250725,4.45,0.6769,0.9693,0.75,39.7475,60.4991,1.0204,1.9636,1.9795,0.4506,,250078.3182,242579.4086,169420.3439,1112848.516,1079478.3683
600197.SH,20250725,14.95,1.7551,3.1052,1.08,24.7519,26.0998,1.8494,3.2111,3.2643,2.6023,3.01,47317.4717,47317.4717,26744.859,707396.2019,707396.2019
603580.SH,20250725,14.93,1.182,3.6231,0.97,,,4.5935,11.6452,10.925,0.5492,0.5492,13067.32,13067.32,4263.22,195095.0876,195095.0876
600516.SH,20250725,4.95,0.7866,1.2754,0.76,107.1302,919.3069,1.2382,5.1468,5.9768,0.6379,0.379,402597.0368,402597.0368,248307.6847,1992855.3322,1992855.3322
300436.SZ,20250725,74.99,12.1661,19.315,0.97,,,36.0078,27.0545,28.5034,0.0,,15926.7,13671.9819,8611.6758,1194343.233,1025261.9227
603557.SH,20250725,2.81,1.293,1.9227,0.51,,,11.0758,5.3532,5.5035,0.0,,62343.6888,62343.6888,41926.6552,175185.7655,175185.7655
603861.SH,20250725,9.98,1.643,4.0999,0.68,25.0414,24.5694,1.4328,0.9861,0.9775,0.7423,0.9969,49255.9946,48061.8469,19260.3781,491574.8261,479657.2321
920471.BJ,20250725,16.21,3.1247,5.2072,1.21,,,2.5479,2.4994,2.5225,0.609,0.6074,8320.0,5303.0607,3182.2643,134867.2,85962.6139
601222.SH,20250725,5.95,0.77,1.2618,0.81,16.2814,18.6117,0.802,1.8181,1.942,5.0456,4.4628,206016.9156,206016.9156,125718.9229,1225800.6478,1225800.6478
301596.SZ,20250725,87.08,3.3399,4.5006,0.98,66.603,67.3743,8.16,10.911,10.7707,0.0,0.4593,7716.53,3464.8,2571.215,671955.4324,301714.784
600261.SH,20250725,3.45,2.4017,4.5024,0.92,22.6871,21.8278,1.356,1.4502,1.5178,3.7681,4.058,133505.2966,133505.2966,71216.9134,460593.2733,460593.2733
688182.SH,20250725,24.88,1.1086,3.744,0.91,172.1969,151.0622,4.5819,24.2202,21.9028,0.2361,0.3014,40000.0,40000.0,11844.47,995200.0,995200.0
000629.SZ,20250725,2.84,1.3218,2.9666,0.62,92.5577,221.7323,2.1305,1.9985,2.2477,0.0,,929497.0045,929027.0724,413941.5366,2639771.4928,2638436.8856
300433.SZ,20250725,23.62,0.7771,2.0602,0.72,34.1862,33.0933,2.4076,1.7724,1.7336,1.2593,1.6854,524502.8971,496569.634,187316.0907,12388758.4295,11728974.7551
000813.SZ,20250725,3.89,5.1624,9.3486,1.15,,,1.6398,18.0535,18.529,0.0,,216495.599,216461.099,119532.7903,842167.8801,842033.6751
603004.SH,20250725,22.87,14.2484,14.2484,2.5,32.9578,34.2936,2.7182,7.6927,7.6378,0.9707,0.9182,23552.0,5888.0,5888.0,538634.24,134658.56
600722.SH,20250725,6.16,6.4697,14.7179,1.9,79.6379,78.4355,3.4565,8.3925,8.5956,0.0,,68031.9676,68031.9676,29905.6699,419076.9204,419076.9204
000600.SZ,20250725,7.39,3.0438,5.3893,0.81,25.1727,18.4828,1.2516,0.5685,0.5693,1.0825,1.7591,180929.9376,109005.0876,61564.0593,1337072.2389,805547.5974
300466.SZ,20250725,10.65,2.9718,5.3392,0.67,,,7.9311,10.3437,10.1076,0.0,,53552.9908,41998.6257,23376.6085,570339.352,447285.3637
600173.SH,20250725,6.51,1.8946,4.7303,0.45,111.6,171.8984,1.204,1.263,1.0805,0.9095,,70050.6244,70041.6244,28053.1999,456029.5648,455970.9748
688484.SH,20250725,37.38,1.1593,1.1593,0.81,51.8498,58.9705,4.0542,6.1985,6.0035,1.0104,0.798,42570.2911,29321.5445,29321.5445,1591277.4813,1096039.3334
300892.SZ,20250725,33.48,4.4569,7.9565,0.77,479.0786,192.5649,3.2068,3.82,3.9618,0.0,0.2957,10000.0,6456.25,3616.54,334800.0,216155.25
603321.SH,20250725,8.35,2.5224,6.8365,0.62,19.0667,39.184,2.1834,3.158,3.2225,1.7547,2.3746,30700.0,30251.5,11161.5,256345.0,252600.025
600303.SH,20250725,3.66,1.9249,2.2902,0.63,,,1.9701,1.6958,1.6897,0.0,,68360.4211,67560.4211,56784.441,250199.1412,247271.1412
301525.SZ,20250725,79.45,2.1659,2.4291,0.8,44.5339,42.102,2.3498,5.7765,5.5331,0.8181,0.6923,9431.1768,4940.1197,4404.8399,749306.9968,392492.5102
000410.SZ,20250725,6.71,0.7227,1.0332,0.95,2241.9318,996.8889,5.7598,10.5254,10.5136,0.0,,235897.062,168091.5944,117587.36,1582869.286,1127894.5984
300234.SZ,20250725,5.34,2.8413,3.3505,1.03,113.2274,104.7221,2.344,5.9896,6.2596,0.5618,0.2622,50317.109,34398.7044,29170.6158,268693.3621,183689.0815
603400.SH,20250725,51.98,6.5574,6.5574,0.8,33.8629,32.4585,4.2492,4.226,3.9747,,,10000.0,1959.7624,1959.7624,519800.0,101868.4496
300599.SZ,20250725,8.82,4.1804,5.5732,0.94,,,1.5765,3.0643,3.0847,2.2259,,35813.1567,21219.0567,15916.2767,315872.0421,187152.0801
000554.SZ,20250725,6.89,5.1903,5.1903,0.93,33.3503,24.766,3.149,1.0021,1.0144,0.6241,1.5094,48079.3318,36265.3197,36265.3197,331266.5961,249868.0527
002038.SZ,20250725,7.97,3.0941,4.1577,0.56,,,1.4627,12.3981,14.0157,1.8821,0.2509,102735.0,85153.8469,63369.6922,818797.95,678676.1598
000158.SZ,20250725,23.82,8.921,13.9785,0.94,,,7.2212,4.3182,4.1459,0.0,,159861.6721,158780.3357,101332.8419,3807905.0294,3782147.5964
002122.SZ,20250725,4.17,8.2134,12.3206,3.23,,,3.9522,8.9103,8.6382,0.0,,200150.0575,198845.2863,132558.4194,834625.7398,829184.8439
300223.SZ,20250725,68.56,3.2496,4.1568,1.13,90.3408,93.7601,2.7361,7.8533,7.7555,0.2911,0.1456,48254.0723,42056.1411,32877.1338,3308299.1969,2883369.0338
301183.SZ,20250725,65.65,8.8437,10.0671,0.53,94.0891,77.1796,6.049,8.7972,8.3358,0.0,0.1904,8000.0,5862.6976,5150.2634,525200.0,384886.0974
600177.SH,20250725,7.59,0.5297,1.2468,1.4,12.6802,13.2727,0.8659,2.4733,2.5668,9.2227,6.5876,462344.1902,462344.1902,196417.5821,3509192.4036,3509192.4036
002160.SZ,20250725,4.45,1.7789,2.3252,0.49,70.725,43.1119,1.2427,0.5857,0.5686,0.0,,103278.1167,79353.0298,60708.5017,459587.6193,353120.9826
301439.SZ,20250725,16.16,2.4821,3.9862,0.69,31.9993,30.9633,2.2062,1.8504,1.7349,2.4752,1.8564,38910.1809,18324.6924,11410.1809,628788.5233,296127.0292
002817.SZ,20250725,7.89,1.4532,2.4272,0.89,47.9132,44.7259,2.5543,4.9841,4.9775,1.0773,0.8238,29909.817,29003.9295,17364.823,235988.4561,228841.0038
603876.SH,20250725,9.46,1.1182,2.4691,0.59,29.2498,24.7451,1.2565,0.3666,0.3473,2.3243,1.0381,93095.7413,92926.7213,42083.6914,880685.7127,879086.7835
603611.SH,20250725,24.11,4.2595,6.7503,1.29,13.4459,13.2373,2.1783,0.89,0.9052,2.5798,3.7204,25760.0791,25760.0791,16254.8448,621075.5071,621075.5071
688053.SH,20250725,32.09,1.7881,4.9389,1.44,,,2.0022,22.3144,20.8649,0.9571,,10000.0,10000.0,3620.38,320900.0,320900.0
601229.SH,20250725,10.4,0.3798,0.5868,0.82,6.2722,6.2347,0.628,2.7889,2.7627,7.1142,4.8069,1420897.2242,1420897.2242,919809.8015,14777331.1317,14777331.1317
603160.SH,20250725,75.35,1.2506,2.2592,1.08,57.6739,54.6891,3.9574,7.9584,8.2489,0.2361,0.5214,46207.9234,46207.9234,25578.2858,3481767.0282,3481767.0282
301217.SZ,20250725,20.9,36.1083,36.1083,1.13,,,3.2169,3.6717,3.3184,0.2871,,82901.5544,22901.5544,22901.5544,1732642.487,478642.487
300419.SZ,20250725,5.57,2.4437,2.8751,1.01,,,4.6358,4.8195,4.9569,0.0,,36775.377,36775.377,31257.377,204838.8499,204838.8499
301073.SZ,20250725,22.75,3.6659,9.0228,1.01,175.5484,189.08,4.6681,6.5455,6.5255,0.6593,0.6593,19445.1046,17817.95,7239.4134,442376.1297,405358.3625
603991.SH,20250725,75.38,3.0575,4.1883,1.0,,,26.3208,15.4115,14.8308,0.0,,7453.4998,7453.4998,5441.0548,561844.8149,561844.8149
000803.SZ,20250725,6.29,2.7979,4.0627,0.59,227.2279,91.0619,2.0332,2.0444,2.02,0.0,,47098.8309,45978.778,31664.5457,296251.6464,289206.5136
688105.SH,20250725,25.03,0.9482,2.9779,1.14,,,2.5915,7.225,7.313,0.5169,0.7192,39773.4544,39773.4544,12664.7093,995529.5636,995529.5636
601868.SH,20250725,2.72,6.5516,17.5136,1.61,13.5062,13.299,1.0443,0.2597,0.2579,0.9559,1.4154,4169116.3636,3242872.7636,1213109.5764,11339996.509,8820613.917
600779.SH,20250725,42.69,0.8876,2.4168,0.85,15.5191,15.473,3.8769,3.9894,3.9699,2.1357,2.1357,48750.3198,48750.3198,17903.6978,2081151.1523,2081151.1523
688387.SH,20250725,5.83,1.3012,1.6328,1.22,,,3.2555,3.0705,3.1451,,,341875.0,137875.0,109875.0,1993131.25,803811.25
600151.SH,20250725,7.4,0.8998,1.4449,0.54,,,2.1841,1.9843,2.1788,0.0,,143425.2287,143425.2287,89318.9076,1061346.6924,1061346.6924
000536.SZ,20250725,4.5,1.7409,3.3057,0.86,,,11.7071,7.1578,7.507,0.0,,276603.2803,276308.2516,145509.2221,1244714.7614,1243387.1322
688269.SH,20250725,34.65,1.0833,1.4582,0.68,48.8994,43.9616,4.6726,2.6853,2.256,1.443,1.443,13070.4,13070.4,9710.4,452889.36,452889.36
002885.SZ,20250725,14.38,2.0301,2.9877,0.68,102.3061,82.2548,2.7623,1.2983,1.2135,0.0973,0.1516,27190.6715,23249.327,15797.721,391001.8562,334325.3223
001388.SZ,20250725,46.71,8.7091,8.7091,0.48,51.035,50.5619,5.115,7.2501,7.1308,,,15600.0,3057.2689,3057.2689,728676.0,142805.0303
002289.SZ,20250725,19.34,1.2766,2.3227,0.63,,,23.3826,24.6053,22.3597,0.0,,28025.3733,27995.3733,15387.0492,542010.7196,541430.5196
600901.SH,20250725,5.95,0.4737,1.198,0.63,11.7117,11.4783,1.4767,6.5297,6.2205,4.0574,4.5378,579237.9763,578994.8431,228941.958,3446465.959,3445019.3164
002353.SZ,20250725,39.73,0.6901,0.8317,0.64,15.4843,14.97,1.9362,3.0459,2.9243,1.5283,2.0387,102385.5833,69324.389,57522.645,4067779.2245,2754257.975
300435.SZ,20250725,15.69,1.7076,2.6019,0.55,,,2.0154,2.2277,2.3111,0.9419,1.2747,38571.3,36881.463,24205.23,605183.697,578670.1545
300084.SZ,20250725,8.29,4.1932,4.6515,0.82,,,3.2766,7.052,6.9112,0.0,,51024.7899,34459.7584,31064.5282,422995.5083,285671.3971
002365.SZ,20250725,20.42,9.7398,10.9129,0.6,97.4228,209.5292,3.0935,7.1737,7.3985,0.4866,0.4805,29468.25,24556.0101,21916.3869,601741.665,501433.7262
300653.SZ,20250725,22.43,2.6734,4.7432,1.59,29.9868,33.3989,4.8428,11.1154,10.8823,3.5667,2.0239,18000.0,17999.9475,10145.1101,403740.0,403738.8224
002206.SZ,20250725,5.66,2.2197,2.665,0.62,16.0222,13.8331,1.7823,1.1147,1.1012,2.6554,3.0847,116220.722,91617.4636,76308.735,657809.2865,518554.844
603045.SH,20250725,17.9,3.8244,5.3312,0.63,53.1301,72.1113,2.5343,0.6296,0.5766,0.3408,0.3408,13544.5155,13544.5155,9716.3649,242446.8275,242446.8275
002363.SZ,20250725,8.12,5.7874,10.0262,2.29,72.2203,66.2007,1.609,1.4249,1.4332,1.6041,1.3547,41782.8301,41575.8167,23998.6727,339276.5804,337595.6316
688535.SH,20250725,83.8,3.8015,4.2369,0.94,168.793,196.0098,6.4769,20.391,19.7092,0.4773,0.1193,8069.6453,5245.5548,4706.5377,676236.2761,439577.4922
600640.SH,20250725,12.8,1.1416,3.2857,1.73,670.8983,648.4668,2.5649,4.7621,4.8814,0.0156,,79569.594,79569.594,27645.6331,1018490.8032,1018490.8032
002695.SZ,20250725,12.79,2.3056,6.3097,1.06,177.4182,137.2679,2.6,4.1139,4.1415,1.4011,0.86,55944.1921,51131.1204,18683.955,715526.217,653967.0299
301315.SZ,20250725,53.63,5.1046,5.1046,0.79,91.2665,94.6948,4.7127,16.071,16.9903,0.6526,0.7459,8800.0,3700.0,3700.0,471944.0,198431.0
000628.SZ,20250725,45.9,3.731,4.3392,0.7,263.4792,545.1691,7.6453,2.2687,2.416,0.3312,0.3312,35228.0,19208.2585,16516.0285,1616965.2,881659.0652
003029.SZ,20250725,27.35,4.8974,7.6478,0.62,,,4.7222,13.0216,15.5257,0.0,,19362.0227,17324.6731,11094.1941,529551.3208,473829.8093
300571.SZ,20250725,32.11,3.9911,5.0976,1.18,,,3.0768,3.1049,4.1669,0.0,,13952.8294,11560.347,9051.097,448025.352,371202.7422
000338.SZ,20250725,15.62,0.9011,0.9152,0.86,11.9386,11.8236,1.5767,0.6312,0.628,4.2586,4.6008,871567.1296,498516.5772,490852.0752,13613878.5644,7786828.9359
688512.SH,20250725,11.43,3.9203,4.2621,1.36,,,2.8862,10.0509,9.4708,,,46076.2548,32457.0296,29854.1848,526651.5924,370983.8483
002735.SZ,20250725,15.55,12.0044,13.774,0.63,,,3.4419,2.9862,2.7932,0.3159,0.0836,38200.6553,28059.581,24454.7266,594020.1899,436326.4846
603096.SH,20250725,18.94,2.0039,5.0861,1.31,23.0723,28.4808,1.6083,3.5601,3.9165,4.7518,4.2239,15423.4624,15423.4624,6076.8624,292120.3779,292120.3779
688596.SH,20250725,35.98,1.7305,2.094,1.16,19.9443,19.5909,2.9912,1.9245,1.894,0.769,0.777,29253.9068,29253.9068,24174.9808,1052555.5667,1052555.5667
300547.SZ,20250725,31.77,5.0498,5.8428,0.48,33.9913,33.6205,5.8036,5.0553,4.9939,1.3084,1.3084,21690.6174,17663.3031,15265.9274,689110.9148,561163.1395
603391.SH,20250725,40.08,12.6922,12.6922,1.35,12.5288,14.4183,1.7728,3.4257,3.7863,3.1188,6.2375,9100.0,2275.0,2275.0,364728.0,91182.0
003043.SZ,20250725,43.97,3.802,5.3713,1.04,72.9642,79.2993,3.5045,9.3923,7.9295,0.3395,0.4839,13398.7726,7984.3282,5651.6061,589144.0312,351070.911
300062.SZ,20250725,5.57,2.2989,2.7292,0.64,,,2.6047,2.7066,3.1823,0.359,,55760.6117,38611.6997,32523.8397,310586.6072,215067.1673
600761.SH,20250725,19.0,1.2025,1.8548,1.05,12.8242,13.522,1.6716,0.9768,0.9785,2.7982,3.1579,89069.2761,89069.2761,57744.4119,1692316.2459,1692316.2459
300070.SZ,20250725,4.75,1.7441,2.6779,0.66,293.8466,631.7693,0.6302,2.0136,2.0694,0.9053,0.0842,362420.9363,343458.0996,223699.5069,1721499.4474,1631425.9731
301011.SZ,20250725,27.36,2.068,4.0891,1.07,47.4118,52.7361,5.4782,3.9446,4.0653,0.731,0.731,14669.2,13830.7488,6994.7888,401349.312,378409.2872
000661.SZ,20250725,103.75,1.6153,2.22,0.84,16.385,19.2639,1.8871,3.1431,3.1856,4.276,2.4678,40793.7529,39962.6806,29077.5719,4232351.8634,4146128.1123
301157.SZ,20250725,48.16,4.3315,5.0794,0.83,76.3892,79.5316,2.6686,10.3315,10.997,0.3115,0.4153,6000.0,2066.0055,1761.8155,288960.0,99498.8249
301279.SZ,20250725,23.96,9.6159,9.6159,0.35,72.8006,64.0294,2.3821,5.0061,4.8794,0.9631,0.8291,12973.8973,3711.3973,3711.3973,310854.5793,88925.0793
000889.SZ,20250725,3.57,3.3755,4.5609,1.49,,,35.3063,2.2844,2.2706,0.0,,93629.1116,86984.9676,64375.7658,334255.9284,310536.3343
688679.SH,20250725,15.95,1.1348,2.4765,0.84,96.581,95.3089,1.8516,1.3125,1.3124,0.5269,0.3827,13168.9675,13168.9675,6034.4875,210045.0316,210045.0316
603177.SH,20250725,9.61,4.4464,10.6993,0.92,86.643,104.9673,5.215,2.1566,2.1671,0.0,0.4162,20615.4,20419.2,8485.8,198113.994,196228.512
002967.SZ,20250725,17.37,1.0093,2.2751,0.78,28.7722,28.4789,3.1085,3.1592,3.1296,0.8517,2.2126,58324.5846,52972.1139,23501.0091,1013098.0345,920125.6184
688709.SH,20250725,33.32,1.7974,2.8676,0.93,173.6905,248.4037,7.5148,35.1384,34.2037,0.3361,0.06,63684.7026,21792.2251,13659.6582,2121974.2906,726116.9403
688367.SH,20250725,18.94,1.7841,2.7949,1.13,63.1664,61.1608,2.8276,5.596,5.4258,0.5264,0.5808,8762.46,8762.46,5593.4737,165960.9924,165960.9924
600017.SH,20250725,3.33,1.0347,2.0655,0.81,15.6394,16.4644,0.7495,1.2112,1.2351,1.952,2.5826,307565.3888,307565.3888,154068.5515,1024192.7447,1024192.7447
688570.SH,20250725,21.14,1.2077,1.8191,0.9,26.9561,31.255,2.1507,4.9192,5.3118,1.8921,1.561,43300.0,18820.0,12494.5,915362.0,397854.8
300570.SZ,20250725,102.98,6.8568,8.0159,0.53,89.527,75.7243,16.1057,16.9758,15.3365,0.4855,0.7768,22712.6867,19219.3023,16440.1603,2338952.4764,1979203.7509
601038.SH,20250725,13.59,0.776,3.0989,0.77,16.5618,17.9203,2.0493,1.2828,1.2935,2.3503,2.2038,112364.5275,73170.5275,18321.9422,1527033.9287,994387.4687
600313.SH,20250725,6.48,1.9405,3.2225,1.0,149.5643,132.1932,3.5744,1.2606,1.1157,0.0,,108219.8663,108219.8663,65166.6375,701264.7336,701264.7336
301081.SZ,20250725,10.53,1.1551,2.6068,0.91,56.2028,59.3831,2.1108,3.0213,2.9163,2.5918,2.773,22512.6451,21589.8481,9567.0461,237058.1529,227341.1005
688608.SH,20250725,253.1,3.8787,6.4337,2.0,92.3076,68.1836,6.4779,13.0258,11.7923,0.2588,0.552,16793.7371,16793.7371,10124.4713,4250494.86,4250494.86
601519.SH,20250725,13.81,5.4837,11.4379,0.57,,,20.7345,35.6362,35.3826,0.0,,198916.0,198916.0,95367.9323,2747029.96,2747029.96
002094.SZ,20250725,8.94,8.8144,11.2171,0.53,175.8968,178.3446,4.1479,3.4453,3.4612,0.0,,69089.7549,69045.3549,54255.5227,617662.4088,617265.4728
301535.SZ,20250725,20.25,5.1195,5.1195,0.73,80.236,70.2745,7.7526,12.6334,12.062,,0.5827,42529.4118,5990.1023,5990.1023,861220.589,121299.5716
603067.SH,20250725,13.97,1.3215,2.1062,0.68,20.9977,19.672,3.1256,2.4416,2.3992,0.9348,0.9651,71076.0277,71076.0277,44594.521,992932.107,992932.107
601677.SH,20250725,13.0,2.176,2.5582,0.76,9.247,8.8537,0.9211,0.5002,0.4861,1.0,1.2999,124370.4027,121800.6627,103600.0459,1616815.2351,1583408.6151
300379.SZ,20250725,5.66,7.0222,7.1616,1.38,,,1.0167,4.1675,3.8684,0.0,,55792.2828,52663.7564,51638.5483,315784.3206,298076.8612
001289.SZ,20250725,16.94,0.0933,3.5274,0.65,22.3182,24.1923,1.8818,3.8202,4.008,1.3135,1.3135,835981.6164,504193.4164,13333.6023,14161528.5818,8541036.4738
000685.SZ,20250725,9.57,1.5861,3.1412,1.14,11.7756,10.7302,0.8242,2.4862,2.4511,2.0794,4.4915,147511.1351,125396.2161,63317.5459,1411681.5629,1200041.7881
002986.SZ,20250725,12.55,11.2247,13.1121,6.65,15.6748,17.8912,1.2074,0.625,0.6212,0.7983,2.3904,38350.0152,30194.1192,25847.7702,481292.6908,378936.196
301325.SZ,20250725,61.73,5.5112,5.5112,0.55,289.3392,,3.0872,5.2282,4.546,1.011,0.3386,14389.266,5789.47,5789.47,888249.3902,357383.9831
300268.SZ,20250725,10.79,0.8213,1.1728,1.05,,,,0.55,0.6128,0.0,,17420.0,13370.75,9364.1581,187961.8,144270.3925
600202.SH,20250725,5.78,1.7392,2.6364,0.66,301.2301,,2.7007,1.5748,1.6699,0.173,0.346,38334.0672,38334.0672,25289.1287,221570.9084,221570.9084
600675.SH,20250725,3.04,0.4557,1.6292,0.9,,51.4035,1.2424,2.6412,1.4984,0.9211,0.9211,604613.5331,604613.5331,169128.0739,1838025.1406,1838025.1406
603018.SH,20250725,8.48,5.7527,5.7527,0.62,15.1545,16.6802,1.1281,1.3095,1.3444,3.6266,1.1671,68379.3565,68379.3565,68379.3565,579856.9431,579856.9431
301187.SZ,20250725,27.08,3.806,3.806,0.61,27.2388,25.3618,5.1012,3.9137,3.5154,3.4835,3.0644,25493.3525,6683.5882,6683.5882,690359.9857,180991.5685
002795.SZ,20250725,5.73,5.6894,8.0551,1.64,,,5.1228,3.1029,3.3949,0.0,,44575.4078,43477.2547,30708.7443,255417.0867,249124.6694
300575.SZ,20250725,6.96,10.4053,11.806,1.26,283.24,,1.5777,1.3706,1.3294,1.6799,0.7,47699.24,34270.8216,30204.6888,331986.7104,238524.9183
603103.SH,20250725,17.08,1.2701,10.8559,0.73,,390.1812,7.1712,5.4944,4.707,0.7026,0.7026,63420.0,63420.0,7420.0,1083213.6,1083213.6
301048.SZ,20250725,11.16,2.0312,8.1249,0.57,31.2284,32.8,2.2457,1.9241,2.017,0.439,0.5566,53333.34,53333.34,13333.34,595200.0744,595200.0744
603686.SH,20250725,16.44,5.2454,6.4347,0.61,46.9575,47.4602,2.0438,1.3551,1.3607,1.5207,0.9611,41543.0404,41543.0404,33864.8504,682967.5842,682967.5842
603879.SH,20250725,6.9,3.0123,4.7792,0.46,,,9.5879,6.6949,6.7665,0.0,,35934.444,35934.444,22649.0554,247947.6636,247947.6636
300196.SZ,20250725,13.85,4.2392,5.4144,0.78,20.6009,18.4895,1.2504,2.1267,1.9905,1.082,1.4257,40871.6549,24611.5028,19269.6425,566072.4204,340869.3138
002768.SZ,20250725,35.36,2.2482,3.3604,0.56,14.1805,14.4379,1.9317,0.499,0.4993,0.5041,0.7736,27125.0,17674.8125,11824.8125,959140.0,624981.37
301566.SZ,20250725,16.86,2.6385,3.5253,0.81,59.2785,49.5988,4.9012,20.8577,19.6216,0.3559,0.3559,40001.0,21108.6774,15798.9573,674416.86,355892.301
688306.SH,20250725,10.39,1.8451,4.874,0.96,1556.7674,782.4756,7.2319,4.7946,5.0796,,,122828.28,122828.28,46497.9649,1276185.8292,1276185.8292
002135.SZ,20250725,4.49,1.2424,2.169,0.68,26.299,33.559,0.7953,0.4455,0.4692,2.276,1.559,111551.713,104386.6712,59793.2813,500867.1914,468696.1537
003013.SZ,20250725,15.0,0.5349,2.4063,0.76,12.4508,13.8257,2.3406,2.2289,2.257,3.2001,3.2,40832.6898,39989.7575,8889.4467,612490.347,599846.3625
000526.SZ,20250725,50.81,1.2315,1.9586,0.78,34.4589,30.4602,7.2573,2.2226,2.103,0.0,,12186.1109,11832.2859,7439.8334,619176.2948,601198.4466
600353.SH,20250725,13.07,6.8957,11.8785,1.02,105.8566,101.0409,6.0534,6.8377,7.0329,0.3065,0.4591,82997.6239,82881.1159,48113.8997,1084778.9444,1083256.1848
600750.SH,20250725,22.2,1.0586,1.869,1.4,17.8851,17.4829,3.7223,3.1782,3.2096,5.3565,5.3846,63499.6022,62729.2416,35528.208,1409691.1688,1392589.1635
002921.SZ,20250725,15.57,5.7996,7.3958,0.71,,,1.9618,2.008,2.0089,0.564,,13864.4495,11819.6498,9268.7202,215869.4787,184031.9474
002328.SZ,20250725,5.86,1.3656,1.545,0.47,29.3817,31.0393,1.3956,0.9014,0.9744,2.6621,2.4232,77177.0,57079.1896,50452.6896,452257.22,334484.0511
002024.SZ,20250725,1.93,0.1372,0.3881,0.98,29.2838,24.6484,1.4173,0.3149,0.3131,0.0,,926476.7618,925444.1318,327062.7251,1788100.1503,1786107.1744
603806.SH,20250725,13.54,0.6814,1.7898,0.68,27.0139,29.7531,2.2624,1.8448,2.0242,1.3702,1.9182,260873.6752,260873.6752,99312.0466,3532229.5622,3532229.5622
000563.SZ,20250725,3.73,1.8525,3.2824,0.97,14.015,13.6205,1.0391,6.5155,6.6092,2.9491,2.4129,511397.0358,511397.0358,288624.8934,1907510.9435,1907510.9435
600078.SH,20250725,6.47,1.8641,3.2028,0.77,,,2.6057,1.2774,1.2012,0.4791,,66257.2861,66257.2861,38563.8247,428684.6411,428684.6411
603210.SH,20250725,20.96,5.2309,5.2309,0.81,40.3709,38.9585,4.1354,4.2251,4.0489,,,34040.0,7358.7566,7358.7566,713478.4,154239.5383
301080.SZ,20250725,52.72,2.907,3.9303,0.86,71.4591,66.1659,3.4388,13.7188,12.9085,1.2177,0.9469,16784.8198,12666.8848,9368.8655,884895.6999,667798.1667
603663.SH,20250725,28.03,7.4052,17.1533,1.68,156.604,169.5214,9.2574,11.2583,11.5312,0.2677,0.2676,42329.975,42281.975,18253.4593,1186509.1993,1185163.7593
600815.SH,20250725,2.94,7.4209,16.0564,1.06,770.6329,750.9131,3.4238,7.633,7.7214,0.0,,177409.448,177409.448,81995.0117,521583.7771,521583.7771
002050.SZ,20250725,27.07,2.2583,4.0684,1.22,36.7633,33.9616,3.9097,4.0768,3.905,1.2864,1.2922,420892.5935,367722.7033,204113.2426,11393562.506,9954253.5783
300788.SZ,20250725,32.31,2.5747,9.7157,2.19,51.7713,45.4896,2.8472,3.6408,3.6052,0.9595,0.9842,19015.1515,19015.1515,5039.0151,614379.545,614379.545
603788.SH,20250725,16.25,1.9122,3.9189,1.15,19.019,18.4822,1.8522,2.4816,2.4187,3.6923,4.3077,22306.5068,22306.5068,10884.0468,362480.7355,362480.7355
605259.SH,20250725,26.07,6.6617,15.2842,1.13,24.1643,21.7462,2.7234,1.9991,1.826,1.3699,2.3015,17248.0,17248.0,7517.6584,449655.36,449655.36
002117.SZ,20250725,12.16,3.2132,4.6466,0.7,40.3533,40.4757,4.7858,5.4079,5.5366,2.5646,2.1382,52372.0955,52355.468,36205.143,636844.6813,636642.4909
920925.BJ,20250725,24.9,8.5193,12.4735,1.12,405.0109,285.7927,6.8451,13.0082,11.7746,0.4001,0.1194,9721.0643,5529.5053,3776.6043,242054.5011,137684.682
002634.SZ,20250725,4.32,2.5707,4.0561,0.93,,,7.8734,1.795,2.3445,0.0,,45935.2513,44651.4538,28299.4375,198440.2856,192894.2804
000859.SZ,20250725,6.93,2.9917,4.2205,1.43,,,2.2437,2.6829,2.6912,0.0,,89597.6271,89585.4021,63501.2387,620911.5558,620826.8366
688360.SH,20250725,23.15,4.4374,8.7993,0.57,65.994,59.3136,4.398,4.1894,3.9937,0.551,0.4628,26374.5667,25228.6035,12722.4563,610571.2191,584042.171
688737.SH,20250725,21.98,1.8778,3.5557,1.18,,,1.4332,1.6793,1.6496,,,11956.4509,11956.4509,6314.4567,262802.7908,262802.7908
300286.SZ,20250725,22.47,1.6337,3.3454,0.9,33.181,31.8789,2.6304,5.2994,5.2924,1.5241,1.7161,25078.4655,17576.0899,8583.3475,563513.1198,394934.7401
002223.SZ,20250725,35.88,1.9469,3.2035,1.59,19.9196,20.3094,2.8309,4.7541,4.6289,3.3429,2.2291,100247.6929,94015.8164,57138.8717,3596887.2213,3373287.4924
002036.SZ,20250725,10.89,2.6892,2.9453,0.94,,,5.3997,1.1298,1.1626,0.0,,105938.6883,105338.0602,96179.629,1153672.3156,1147131.4756
688207.SH,20250725,16.39,7.3349,7.3349,1.9,,,2.1313,36.2043,45.0651,,,25897.3147,18867.6306,18867.6306,424456.9879,309240.4655
002401.SZ,20250725,21.97,17.7893,34.8839,0.73,63.9881,106.1129,4.8786,4.5452,4.7111,0.8198,,37166.844,37136.394,18937.954,816555.5627,815886.5762
688137.SH,20250725,46.51,7.6223,11.0423,1.17,,,1.5597,25.5878,24.1924,1.075,1.075,7017.5439,3267.5439,2255.5439,326385.9668,151973.4668
600644.SH,20250725,14.19,5.4414,13.3567,0.71,363.5656,386.6139,4.0066,2.568,2.5434,0.0,,57832.0818,53840.0659,21934.0185,820637.2407,763990.5351
301160.SZ,20250725,58.08,3.0515,3.7196,0.76,32.5139,32.2662,4.1061,4.5299,4.5866,1.1593,1.1492,11584.9275,7627.6387,6257.5936,672852.5892,443013.2557
600160.SH,20250725,26.92,0.756,1.6288,0.82,37.089,29.5675,4.0386,2.971,2.9313,0.4086,0.8544,269974.6081,269974.6081,125311.1586,7267716.4501,7267716.4501
002843.SZ,20250725,22.61,11.0755,21.9124,3.66,112.889,170.5297,4.2284,3.2882,3.4659,0.8885,0.4423,25173.7562,25079.2562,12676.0962,569178.6277,567041.9827
603803.SH,20250725,8.63,2.414,4.2827,0.77,,,2.3181,2.6526,2.9376,0.0,,42488.3557,42488.3557,23949.2352,366674.5097,366674.5097
600617.SH,20250725,2.87,1.0932,2.7819,0.84,,,1.5851,0.3429,0.3506,3.6088,,192919.1776,177554.2689,69769.0395,553678.0397,509580.7517
001395.SZ,20250725,45.63,5.2151,5.2151,0.75,25.74,23.2172,3.5905,4.6029,4.9856,,1.3588,8724.0,1929.0404,1929.0404,398076.12,88022.1135
600382.SH,20250725,5.54,0.9268,1.6616,0.81,698.5087,152.6126,1.4333,8.9494,8.1347,3.2996,1.6852,69440.8089,69440.8089,38731.202,384702.0813,384702.0813
603725.SH,20250725,9.42,7.0317,11.6716,3.0,28.4319,27.6366,3.8547,0.9263,0.9104,1.2802,1.0489,30485.768,28665.768,17270.0703,287175.9346,270031.5346
300689.SZ,20250725,47.15,4.3172,9.6216,0.72,470.9769,313.624,7.9903,15.1324,14.222,0.0878,,11560.0,10117.3174,4539.6101,545054.0,477031.5154
002046.SZ,20250725,18.49,6.7933,13.5256,1.36,35.4376,35.0668,2.3754,3.7311,3.6397,1.0669,1.1357,53626.6835,52728.2201,26482.9543,991557.3779,974944.7896
000598.SZ,20250725,7.44,0.4731,1.1047,0.76,11.1237,10.8459,1.2191,2.4539,2.4067,2.2854,2.5134,298443.4721,297934.3221,127602.5291,2220419.4324,2216631.3564
920374.BJ,20250725,33.61,6.479,8.7286,1.08,121.958,152.9167,10.9984,13.8655,14.182,0.3541,0.3239,8151.8,3378.9881,2508.1233,273981.998,113567.79
002706.SZ,20250725,8.98,1.7616,1.9584,1.16,32.3141,30.9677,2.6191,2.3799,2.3004,2.784,2.3659,112312.502,91469.0278,82273.8667,1008566.268,821391.8696
000488.SZ,20250725,1.97,2.5097,3.4473,1.79,,,0.752,0.2549,0.3456,0.0,,294145.62,167582.453,122004.3211,579466.8714,330137.4324
603608.SH,20250725,6.11,2.2948,3.6528,1.03,,,2.4903,2.3342,2.3946,0.0,,41971.5527,41971.5527,26368.0873,256446.187,256446.187
002064.SZ,20250725,7.69,0.7669,2.281,0.61,17.1904,18.6992,1.4552,1.417,1.4353,1.9506,1.9506,496254.3897,495199.0572,166498.7545,3816196.2568,3808080.7499
002045.SZ,20250725,15.91,3.5206,4.6947,1.1,35.3751,34.9233,1.9994,1.1326,1.0695,0.0,,56248.3132,56183.2882,42132.8137,894910.663,893876.1153
603223.SH,20250725,10.92,4.7833,9.272,2.96,50.2935,45.9965,2.0519,3.8951,4.7179,0.6335,0.6335,71418.7046,55319.04,28538.5155,779892.2542,604083.9168
920976.BJ,20250725,27.97,4.3824,6.926,0.91,41.6231,37.4724,7.9879,7.9803,7.5758,1.5323,2.5027,7095.34,4262.72,2697.24,198456.6598,119228.2784
600267.SH,20250725,11.82,3.4867,5.6091,0.7,23.5708,25.9114,1.7091,1.4479,1.4621,0.0,1.7319,119884.8196,119818.8946,74479.9943,1417038.5677,1416259.3342
001914.SZ,20250725,12.39,0.663,1.7669,1.03,15.6308,15.1145,1.2351,0.7651,0.7334,1.3721,1.3721,106034.606,106034.276,39786.4507,1313768.7683,1313764.6796
920247.BJ,20250725,20.69,3.2051,8.2962,0.85,84.2416,86.9131,7.3144,7.9403,7.8291,0.5348,0.5354,15754.4166,11423.5163,4413.3285,325958.8795,236352.5522
603171.SH,20250725,50.9,1.9032,7.8321,1.31,183.909,198.0336,8.4957,10.643,10.1922,0.295,0.3929,40676.325,40589.0,9862.9502,2070424.9425,2065980.1
000735.SZ,20250725,6.65,10.6355,13.5378,1.39,31.6749,54.5582,1.808,2.2979,2.6504,0.3008,0.3008,115151.3578,115089.7517,90416.4995,765756.5294,765346.8488
603303.SH,20250725,12.49,0.4398,1.8279,1.35,17.1526,17.8075,1.8167,1.3443,1.3715,2.655,5.8094,47694.4575,47694.4575,11474.5139,595703.7742,595703.7742
002099.SZ,20250725,6.13,0.767,1.2737,0.96,,,1.9274,5.1189,5.2323,0.0,,161871.5253,161569.7863,97291.5276,992272.4501,990422.79
920726.BJ,20250725,20.82,1.6236,3.5518,0.66,115.072,145.391,4.775,8.8914,9.4999,0.962,0.8175,10167.0,5591.7205,2556.0525,211676.94,116419.6208
300997.SZ,20250725,16.24,0.6944,2.9498,0.7,48.2057,71.3687,6.8238,3.8304,4.0534,2.0432,1.7659,43747.3475,38600.7256,9086.1438,710456.9234,626875.7837
002531.SZ,20250725,6.75,0.9528,1.9349,0.76,59.329,132.2605,1.359,2.4955,2.5627,1.1111,0.2963,179687.8658,178686.6124,87992.9437,1212893.0942,1206134.6337
603533.SH,20250725,21.19,3.1218,6.027,0.59,188.6773,193.0863,3.7718,3.6001,3.6499,0.1416,0.4719,43889.6835,43889.6835,22733.617,930022.3934,930022.3934
300298.SZ,20250725,23.46,2.6834,4.1498,2.07,40.2826,41.402,4.2554,2.9582,2.9397,0.8427,0.9256,56026.6088,45129.948,29182.1125,1314384.2424,1058748.5801
603388.SH,20250725,2.28,5.6162,7.2122,1.4,,,0.9038,5.0924,4.8503,0.0,,32573.3572,32573.3572,25365.2252,74267.2544,74267.2544
600452.SH,20250725,9.16,1.2294,2.1069,1.19,27.3584,28.3208,2.6461,4.516,4.5602,1.6765,1.1463,153654.1654,153654.1654,89659.9591,1407472.1551,1407472.1551
688516.SH,20250725,34.5,1.1552,1.9909,0.85,8.5549,10.0707,3.0348,1.1839,1.242,6.599,7.1209,31563.7856,29194.7873,16940.0003,1088950.6032,1007220.1619
920821.BJ,20250725,30.84,2.8015,5.4544,0.69,165.292,158.7351,8.2807,10.8932,10.3628,0.2482,0.2316,13836.1899,7285.3422,3741.898,426708.0965,224679.9534
600206.SH,20250725,19.89,5.936,8.8712,0.64,114.0089,78.455,4.3245,1.8411,1.9302,0.6938,0.548,84655.3332,84655.3332,56645.4964,1683794.5773,1683794.5773
000559.SZ,20250725,7.81,1.2526,3.4764,0.79,27.132,26.7184,2.913,2.0051,1.8944,1.9206,2.3047,330379.1344,330377.8789,119034.4163,2580261.0397,2580251.2342
002981.SZ,20250725,28.0,4.7303,13.6129,0.91,33.5413,30.19,3.7175,2.1837,2.0512,0.9379,0.9286,13525.3115,11942.6315,4149.9177,378708.722,334393.682
301053.SZ,20250725,29.24,1.7421,5.7943,0.65,49.8702,50.4208,3.7996,3.9125,3.6753,0.2712,1.017,8247.5816,7575.2702,2277.5816,241159.286,221500.9006
603093.SH,20250725,24.23,4.1799,18.1542,0.6,32.2768,32.2688,3.6029,2.588,2.8139,0.2724,0.3107,61006.5893,61006.5893,14046.4993,1478189.6587,1478189.6587
600269.SH,20250725,5.23,0.5545,1.2088,1.0,9.5483,9.2786,0.6533,2.0408,2.0403,3.0593,3.2505,233540.7014,233540.7014,107129.8107,1221417.8683,1221417.8683
300875.SZ,20250725,42.08,6.7531,12.2252,0.63,,,4.3714,30.3581,28.0198,0.0,,9983.4751,8563.954,4730.6478,420104.6322,360371.1843
300557.SZ,20250725,28.22,2.6494,4.1896,0.48,99.3977,95.299,3.4969,5.2799,5.2429,0.4195,0.5452,12094.6746,11983.6731,7578.1714,341311.7172,338179.2549
300691.SZ,20250725,19.37,8.5642,12.0846,3.65,135.142,324.875,3.2826,2.7718,2.7919,0.7739,0.413,26904.8766,21061.6646,14926.1297,521147.4597,407964.4433
300563.SZ,20250725,37.63,4.9145,5.6606,0.87,84.8873,163.0232,6.4671,7.6981,7.8009,0.7004,0.7041,17943.0526,12477.3575,10832.6748,675197.0693,469522.9627
301357.SZ,20250725,78.6,23.86,23.86,0.61,,,6.6734,69.4522,72.25,0.0454,,9520.0,2380.0,2380.0,748272.0,187068.0
002725.SZ,20250725,13.46,3.7819,5.3773,0.4,73.012,66.3597,3.382,4.8642,4.9593,0.0,,25600.0,21192.6445,14905.1425,344576.0,285252.995
000010.SZ,20250725,3.4,6.2793,7.2839,0.49,221.8227,107.2239,13.2054,4.6413,4.4287,0.0,,114965.2292,73155.4111,63065.8311,390881.7793,248728.3977
603218.SH,20250725,12.59,0.7783,1.913,0.61,20.7963,19.7222,1.3118,2.7626,2.4483,2.2019,2.7494,103041.625,102803.625,41826.6562,1297294.0588,1294297.6388
301312.SZ,20250725,42.06,6.6367,11.1185,0.67,85.7022,56.1521,4.357,9.1933,8.0373,0.6161,0.6841,12122.2703,6055.2763,3614.4312,509862.6888,254684.9212
600036.SH,20250725,44.83,0.3375,0.6576,0.94,7.6191,7.6599,1.1135,3.3501,3.3767,4.3988,4.4613,2521984.5601,2062894.4429,1058737.0295,113060567.8293,92479557.8752
603790.SH,20250725,18.52,1.916,4.9194,1.09,62.2401,59.5617,2.9121,4.1341,4.0891,0.54,0.6479,19136.0,19136.0,7453.054,354398.72,354398.72
600853.SH,20250725,3.84,5.9524,10.6605,0.7,9.4292,9.391,1.2285,0.2129,0.214,0.9121,1.0417,101403.1746,101144.1846,56475.1816,389388.1905,388393.6689
002596.SZ,20250725,4.45,20.6657,28.7167,1.0,,,6.9705,3.9172,4.1459,0.0,,114758.0518,114646.4893,82504.2251,510673.3305,510176.8774
603658.SH,20250725,40.3,1.1713,4.0478,1.98,19.2795,20.1982,2.8232,5.1504,5.2601,2.6437,3.1266,57142.4768,57142.4768,16534.6579,2302841.815,2302841.815
002912.SZ,20250725,27.19,5.1747,8.1765,0.83,77.4794,79.3666,2.8883,7.051,7.065,1.1033,0.7356,17075.2,16222.2011,10266.5556,464274.688,441081.6479
002227.SZ,20250725,13.51,2.4375,5.2164,0.55,,,3.3943,9.6171,9.7981,0.0,,24780.617,24593.6766,11491.9799,334786.1357,332260.5709
300822.SZ,20250725,18.72,1.6882,5.87,1.13,105.5526,118.7192,4.6912,6.85,6.7443,0.4088,0.5315,31153.62,28898.2038,8310.8838,583195.7664,540974.3751
601188.SH,20250725,3.57,1.1505,3.094,0.64,30.8252,28.5691,1.03,5.5438,5.5887,1.7785,1.9731,131587.8571,131587.8571,48929.0,469768.6498,469768.6498
300983.SZ,20250725,21.97,1.0094,2.7639,0.58,,,1.3312,17.7418,17.1312,0.2023,,17280.0,11828.2465,4320.0,379641.6,259866.5756
301122.SZ,20250725,23.25,4.5084,10.5422,1.58,53.5319,79.5503,1.5896,7.3273,8.1213,1.7204,1.0753,12224.5658,6733.8533,2879.7185,284221.1549,156562.0892
002010.SZ,20250725,6.55,2.8022,6.7349,0.53,120.4115,102.2761,1.0361,0.684,0.6935,1.5136,1.5136,278797.0508,278097.9606,115710.4221,1826120.6827,1821541.6419
601611.SH,20250725,9.65,1.4233,4.3152,0.63,14.0894,14.1279,1.3659,0.2561,0.255,0.9009,0.9009,301383.4212,301383.4212,99407.5324,2908350.0146,2908350.0146
002072.SZ,20250725,6.55,4.1606,6.2728,0.83,,,49.2725,3.8404,3.8931,0.0,,36768.0,31436.085,20850.9337,240830.4,205906.3568
000155.SZ,20250725,10.5,2.1127,3.4898,1.23,26.6681,35.3737,1.8436,6.3455,6.7118,1.5238,1.5238,184616.8342,184616.8342,111765.2937,1938476.7591,1938476.7591
600327.SH,20250725,5.05,2.3669,4.2806,0.77,102.391,79.2065,1.3263,1.2267,1.2564,1.1733,0.5867,88477.9518,88477.9518,48922.7146,446813.6566,446813.6566
600859.SH,20250725,14.35,4.4806,6.7044,1.08,60.0513,131.7906,0.8294,1.4183,1.4598,1.4021,0.5575,112393.1424,112382.8064,75105.1668,1612841.5934,1612693.2718
601718.SH,20250725,3.97,2.81,5.6142,0.62,,,1.3824,1.7636,1.956,0.7557,0.7557,439162.9404,439162.9404,219811.6813,1743476.8734,1743476.8734
002311.SZ,20250725,55.65,0.5993,1.3251,1.19,20.5568,18.797,4.0757,0.8079,0.791,0.8984,1.9766,166374.997,166252.1303,75193.1944,9258768.5831,9251931.0512
688001.SH,20250725,26.74,0.4769,2.5075,1.0,,,3.6029,6.5344,6.5885,0.6285,,44537.7843,44537.7843,8470.0015,1190940.3522,1190940.3522
600266.SH,20250725,4.98,2.5133,4.6124,0.94,,,0.5457,0.4063,0.3354,2.008,,207574.3507,207574.3507,113108.0246,1033720.2665,1033720.2665
688750.SH,20250725,21.68,5.5794,5.5794,1.01,66.0912,80.3434,4.1553,12.4033,13.563,,0.3875,46250.0,8325.0,8325.0,1002700.0,180486.0
603655.SH,20250725,30.56,2.1205,6.5531,1.22,116.0117,97.8836,5.9754,14.0008,13.2189,0.3892,0.4864,10600.0,10600.0,3430.0,323936.0,323936.0
603267.SH,20250725,52.5,1.7005,2.7456,0.73,78.9093,85.7308,2.8506,8.1322,7.9343,0.6661,0.3231,23108.0892,23108.0892,14312.5148,1213174.683,1213174.683
603008.SH,20250725,16.09,1.667,2.6068,1.06,18.5397,18.7127,1.7019,0.6847,0.6871,3.1707,3.2318,37144.148,37144.148,23753.1246,597649.3413,597649.3413
920118.BJ,20250725,28.5,3.9115,3.9115,0.76,20.5719,24.6269,2.6638,0.9098,0.9359,,3.5088,5089.6,2196.4,2196.4,145053.6,62597.4
301359.SZ,20250725,21.36,7.4658,7.4909,1.08,55.987,54.8696,3.1114,8.0807,7.8437,1.672,1.672,12017.6,3655.1453,3642.8953,256695.936,78073.9036
603153.SH,20250725,17.84,2.5362,4.5652,0.55,21.3439,22.1552,2.0753,1.7613,1.6966,1.3453,1.408,40986.1106,13500.0,7499.9902,731192.2131,240840.0
002555.SZ,20250725,17.02,2.6821,3.0499,0.7,14.086,14.448,3.0947,2.1588,2.2235,5.8421,5.8421,221223.7681,159896.7293,140614.2273,3765228.5331,2721442.3327
300830.SZ,20250725,10.96,18.1272,22.2616,1.04,409.0014,262.8734,3.9818,10.724,10.8748,0.2121,0.219,43012.8079,31557.2104,25696.3979,471420.3746,345867.026
002811.SZ,20250725,10.4,1.8969,4.4138,0.76,33.5655,40.5814,2.6031,2.6982,2.6022,3.2998,3.5213,30797.0005,28311.675,12167.4539,320288.8052,294441.42
301499.SZ,20250725,28.53,12.051,12.051,1.87,87.0668,83.0435,3.1193,4.6781,4.5213,0.5889,0.3505,13825.4866,3456.3717,3456.3717,394441.1327,98610.2846
002667.SZ,20250725,12.49,4.5079,5.7274,0.93,,,8.8889,5.6831,6.2222,0.0,,24237.1,23566.6,18548.4007,302721.379,294346.834
002523.SZ,20250725,4.02,7.6157,10.8964,1.52,107.9519,80.723,2.2959,3.0713,2.9642,0.3731,0.3731,141664.08,141154.2683,98655.0517,569489.6016,567440.1586
600272.SH,20250725,14.27,2.0543,3.7052,0.69,107.0897,190.0877,4.8573,3.4263,3.3193,0.3064,0.2752,26265.1945,16000.0,8871.0217,374804.3255,228320.0
600969.SH,20250725,7.63,1.7053,2.4354,0.74,,,0.7921,0.6579,0.6579,0.0,,37005.0484,37005.0484,25911.3429,282348.5193,282348.5193
300439.SZ,20250725,11.35,2.5432,3.3474,1.35,16.9072,20.8412,1.4934,2.5034,2.668,1.1795,1.1883,38431.8815,29275.7051,22241.7258,436201.855,332279.2529
600022.SH,20250725,1.55,1.1191,2.7095,0.64,,,0.8868,0.202,0.2112,0.0,,1069884.9554,1069884.9554,441891.4279,1658321.6809,1658321.6809
688146.SH,20250725,30.39,3.126,3.126,1.12,52.9362,53.5801,2.9196,8.342,8.0079,0.6252,0.5693,52941.1765,14497.0842,14497.0842,1608882.3538,440566.3888
688698.SH,20250725,56.0,1.6448,3.5849,0.49,48.8619,48.27,5.581,7.2995,7.044,0.7416,0.7247,21379.4774,21379.4774,9808.9894,1197250.7344,1197250.7344
603363.SH,20250725,3.92,1.8748,3.1886,0.85,17.6123,9.3639,3.4882,1.1644,1.2538,0.0,,260296.1826,159796.1826,93957.244,1020361.0358,626401.0358
300007.SZ,20250725,42.14,5.7292,6.3677,0.59,179.9492,174.3778,4.8566,6.1943,6.1689,0.3085,0.1661,32744.5619,28297.4451,25460.036,1379855.8385,1192454.3365
000595.SZ,20250725,4.86,0.4055,1.1367,0.64,,,18.9048,23.352,25.4747,0.0,,113865.6366,113865.6366,40624.0442,553386.9939,553386.9939
300856.SZ,20250725,15.39,0.978,2.6319,0.95,13.0154,18.7373,2.7793,3.2166,3.7338,6.2527,4.1754,47568.7052,45655.3715,16965.1645,732082.373,702636.1674
603283.SH,20250725,34.23,3.6657,6.0819,1.25,17.2046,18.0545,3.08,2.3531,2.3789,0.0,1.1551,27859.0823,27171.6823,16377.215,953616.3871,930086.6851
603381.SH,20250725,21.52,1.6249,2.5079,1.14,19.0429,22.4222,1.4024,0.6239,0.5496,0.0,2.6022,23725.6326,14213.7686,9209.1435,510575.6136,305880.3003
002340.SZ,20250725,6.68,1.9296,2.1092,0.81,33.5458,31.8247,1.7146,1.031,0.9968,1.1947,0.9831,512429.9057,508438.5687,465154.5424,3423031.7701,3396369.6389
301046.SZ,20250725,20.9,1.1351,2.1406,0.64,60.5807,65.8673,4.0643,2.9008,2.738,1.4109,1.4354,15229.5829,11316.3579,6000.7079,318298.2826,236511.8801
603988.SH,20250725,23.93,1.4185,3.2071,0.71,,457.7507,8.8393,8.4473,8.35,0.2507,0.1672,23520.0,23520.0,10402.4624,562833.6,562833.6
688578.SH,20250725,96.16,0.6826,1.3586,0.81,30.2634,28.2032,7.9293,12.1621,11.0572,0.676,0.676,45000.0,45000.0,22609.8594,4327200.0,4327200.0
001391.SZ,20250725,6.91,3.6401,3.6401,0.84,43.1911,37.0993,3.3964,4.0985,3.8783,,0.9407,1220888.1225,85876.526,85876.526,8436336.9265,593406.7947
300998.SZ,20250725,27.28,5.5,9.0683,0.84,,1287.6707,2.9066,3.8584,3.4949,0.3642,,13716.923,10768.058,6530.853,374197.6594,293752.6222
001218.SZ,20250725,19.07,4.9758,8.5716,1.98,22.7507,23.8072,1.1426,0.6803,0.6422,3.4473,2.6744,13017.826,9185.978,5332.478,248249.9418,175176.6005
603619.SH,20250725,19.86,4.8655,6.4591,1.87,12.6505,11.7189,2.1598,2.2207,2.1499,4.8088,2.1417,46233.8461,46233.8461,34827.4535,918204.1835,918204.1835
002439.SZ,20250725,16.23,3.2852,3.6163,0.84,,,1.7345,5.9306,6.4816,1.6732,,121140.0205,72534.2936,65892.8165,1966102.5327,1177231.5851
603037.SH,20250725,12.54,3.5476,5.5757,1.45,37.1893,36.988,3.6826,4.4913,4.3408,2.0264,1.9936,26807.4568,26661.4368,16963.8355,336165.5083,334334.4175
300078.SZ,20250725,3.97,5.5741,6.7137,1.55,,,7.9959,6.4247,4.9248,0.0,,111787.223,111336.7148,92437.6966,443795.2753,442006.7578
002946.SZ,20250725,16.87,0.9356,4.2541,0.86,27.0037,24.9829,4.9097,1.3614,1.36,0.8891,1.6894,86067.6864,85070.8651,18710.1739,1451961.8696,1435145.4942
300465.SZ,20250725,15.86,2.9841,4.1092,0.75,224.4428,374.5958,11.0029,5.986,6.3202,0.0,,44374.9357,44374.9357,32225.3701,703786.4802,703786.4802
600689.SH,20250725,12.8,5.4135,8.2359,1.99,139.4389,150.5579,5.564,2.1388,1.9397,0.0,0.1172,20099.1343,15220.4143,10004.52,257268.919,194821.303
301550.SZ,20250725,95.68,3.0405,4.4638,0.54,80.3061,80.5449,8.7795,19.7086,18.9199,0.3604,0.3604,15950.0,9745.6675,6638.331,1526096.0,932465.4664
603615.SH,20250725,22.55,1.3102,2.9082,0.71,,,4.796,9.7368,9.8375,0.2217,,24182.0,24182.0,10894.7773,545304.1,545304.1
300346.SZ,20250725,32.55,5.1907,6.033,1.88,83.0223,79.0961,6.6963,9.5656,9.1082,0.2053,0.3767,69115.6903,65655.108,56488.6583,2249715.7193,2137073.7654
601857.SH,20250725,8.67,0.1128,1.6603,1.46,9.6358,9.5704,1.0447,0.5401,0.5512,5.1903,5.421,18302097.7818,16192207.7818,1099851.2248,158679187.7682,140386441.4682
603707.SH,20250725,11.51,0.675,2.1305,0.79,22.5093,25.3465,2.9211,4.7395,4.8878,0.8688,0.8688,161563.4969,161563.4969,51190.178,1859595.8493,1859595.8493
601500.SH,20250725,4.76,3.9231,7.0047,2.53,20.234,23.3668,1.2597,1.0873,0.9907,1.1748,,158931.5735,158300.0735,88657.7677,756514.2899,753508.3499
001205.SZ,20250725,16.63,1.7502,2.0262,1.04,22.7959,24.4691,1.527,2.0849,2.0925,0.6488,0.7118,18800.3136,15941.8805,13770.3987,312649.2152,265113.4727
300486.SZ,20250725,9.5,3.2689,4.6825,0.54,,,3.6273,4.7967,4.528,0.0,,40765.4221,39637.6703,27671.6763,387271.51,376557.8679
688389.SH,20250725,13.95,2.1722,3.4169,1.44,17.3061,20.4805,3.0106,5.2066,5.6537,2.0126,2.0215,42848.573,42848.573,27239.6931,597737.5934,597737.5934
600977.SH,20250725,13.25,4.2837,13.1257,1.99,176.1235,,2.2799,5.4076,5.4458,0.5358,0.3472,186700.0,186700.0,60931.75,2473775.0,2473775.0
601218.SH,20250725,4.23,2.8556,3.9768,0.61,134.6054,68.1741,1.4209,3.3702,3.1107,2.6034,0.2367,96903.3512,96903.3512,69583.4124,409901.1756,409901.1756
300926.SZ,20250725,27.47,1.5601,3.7182,0.62,19.4588,18.0345,4.2714,2.8224,2.6345,0.3506,0.5273,43430.9173,28329.1691,11886.4339,1193047.2982,778202.2752
300046.SZ,20250725,43.7,18.2387,24.7544,1.46,408.6587,167.7182,9.3642,29.1871,29.5696,0.0,0.3318,23653.1371,23653.1371,17427.3371,1033642.0913,1033642.0913
600053.SH,20250725,16.16,2.4614,9.2981,0.73,,,2.7007,20.7503,21.5409,0.0,,43354.08,43354.08,11476.495,700601.9328,700601.9328
300224.SZ,20250725,17.09,13.6594,24.6519,1.95,155.0412,170.8293,3.9809,2.5846,2.4578,1.1442,1.1627,83771.4453,83208.9124,46105.1676,1431654.0002,1422040.3129
002514.SZ,20250725,5.74,2.2156,2.7916,0.65,,,26.8469,12.303,16.219,0.0,,72003.4264,55403.4264,43971.375,413299.6675,318015.6675
600880.SH,20250725,5.32,4.83,7.5002,1.11,309.1218,395.345,1.9164,10.7343,9.3646,0.188,0.188,109333.2092,109303.0175,70389.7562,581652.6729,581492.0531
300140.SZ,20250725,6.4,0.7213,1.1937,0.6,32.7595,28.7523,1.4544,3.3507,3.352,0.9375,1.875,309906.7016,102012.125,61646.5386,1983402.8902,652877.6
301503.SZ,20250725,40.09,3.3045,5.1601,1.08,27.7801,26.0569,3.0797,2.4218,2.2913,1.3969,1.6214,8000.0,3248.0,2080.0,320720.0,130212.32
300100.SZ,20250725,45.22,3.7702,6.9826,0.67,52.0411,44.6835,9.3291,5.2673,5.0386,0.1536,0.3079,57198.294,55238.2082,29825.5115,2586506.8547,2497871.7748
300496.SZ,20250725,59.72,3.7494,4.0894,0.73,67.4228,67.124,2.787,5.1019,4.8405,0.6252,0.3059,46001.2019,36787.6865,33728.9099,2747191.7775,2196960.6378
600085.SH,20250725,36.27,0.6291,1.3229,0.9,32.5913,32.4567,3.8005,2.6748,2.6736,2.7571,2.7571,137147.0262,137147.0262,65216.1722,4974322.6403,4974322.6403
002953.SZ,20250725,10.71,1.6019,2.1867,0.68,30.4608,28.1358,2.6474,1.1896,1.1333,0.7182,0.9265,45688.8849,27163.7531,19898.8262,489327.9573,290923.7957
920839.BJ,20250725,32.0,3.3508,6.7665,0.46,35.0889,31.3984,6.8307,6.0697,5.8385,1.2404,1.5493,11921.5,6605.8875,3271.225,381488.0,211388.4
002138.SZ,20250725,28.48,1.2644,1.4326,1.17,27.5981,25.656,3.8704,3.8942,3.7654,1.0321,2.0616,80631.8354,75339.1921,66489.8563,2296394.6722,2145660.191
002840.SZ,20250725,10.82,2.2125,3.7517,0.76,119.2632,32.9281,2.1718,0.9581,0.9494,0.0,,80506.2893,49776.3761,29354.7045,871078.0502,538580.3894
300370.SZ,20250725,3.05,1.7224,2.2627,0.55,,,8.8901,12.0077,12.0565,0.0,,156537.6225,132484.7224,100850.977,477439.7486,404078.4033
600088.SH,20250725,16.61,1.4491,3.3611,1.33,150.66,270.6374,5.1704,5.8074,5.9115,0.1325,,39770.64,39770.64,17146.9217,660590.3304,660590.3304
300380.SZ,20250725,48.93,6.2844,10.5235,0.92,448.9525,478.3313,18.0416,6.8393,6.7556,0.0,0.1022,13843.905,12737.3543,7606.3971,677382.2717,623238.7459
002409.SZ,20250725,55.8,2.5489,3.0516,1.21,30.4696,29.9753,3.6386,3.8699,3.6073,1.2186,1.0394,47592.7678,31852.2747,26605.4437,2655676.4432,1777356.9283
301538.SZ,20250725,63.08,11.2678,15.8102,0.69,28.1031,27.8692,3.8561,5.7206,5.3244,0.7926,0.9059,7840.0,3121.9671,2224.997,494547.2,196933.6847
600558.SH,20250725,5.59,5.366,8.0537,0.66,32.3761,30.2432,2.0816,1.4091,1.4341,0.9839,0.9839,89760.4831,89760.4831,59805.0432,501761.1005,501761.1005
002208.SZ,20250725,7.14,1.5328,3.7716,0.7,,479.9624,0.8855,0.7453,0.6185,1.1905,,80329.1894,80308.4383,32638.3224,573550.4123,573402.2495
002254.SZ,20250725,10.7,1.5977,2.2865,0.94,102.44,120.8287,1.3076,2.3343,2.2813,2.8025,0.4656,85721.3183,81844.072,57189.262,917218.1058,875731.5704
601068.SH,20250725,4.96,1.1934,10.3228,0.69,67.0037,80.976,5.1855,0.6174,0.6221,0.0,,298783.6267,255959.0667,29590.6667,1481966.7884,1269556.9708
301057.SZ,20250725,18.06,2.7771,4.4502,0.59,68.309,60.8292,2.8534,2.5199,2.4121,1.6517,1.0952,11696.9438,8258.6963,5153.7438,211246.805,149152.0552
300120.SZ,20250725,8.82,2.5288,2.9529,0.8,236.1026,1820.9259,1.6913,1.5535,1.6438,0.0,,57439.3929,52744.7002,45169.2766,506615.4454,465208.2558
603880.SH,20250725,6.78,2.2386,4.2435,0.99,,,7.2207,3.252,3.0893,0.0,,28904.2,28904.2,15248.1585,195970.476,195970.476
603595.SH,20250725,19.74,1.8814,3.6821,1.01,398.3714,481.1195,2.92,2.3165,2.2945,0.0,0.076,23244.2326,23244.2326,11876.7724,458841.1515,458841.1515
300218.SZ,20250725,16.2,6.2125,9.875,1.71,18.1017,17.6345,2.4725,1.463,1.4545,0.7908,1.5208,21698.7,21627.6394,13606.1894,351518.94,350367.7583
000560.SZ,20250725,3.12,5.6425,7.7752,1.01,100.1081,135.3331,0.7831,0.5862,0.583,0.0,0.1378,235550.0851,225527.2394,163667.0503,734916.2655,703644.9869
301555.SZ,20250725,28.97,7.484,9.4582,0.92,333.1209,123.4157,2.4909,1.8823,1.5592,0.7594,,9226.67,4834.725,3825.585,267296.6299,140061.9833
688619.SH,20250725,14.87,3.1521,6.6944,0.82,,,3.1781,19.2882,19.7489,,,18543.8042,18543.8042,8731.4537,275746.3685,275746.3685
300182.SZ,20250725,5.71,4.399,4.6602,1.18,63.8213,60.3193,1.8274,5.3063,5.2429,0.0,0.0876,266382.5632,225955.8332,213291.7757,1521044.4359,1290207.8076
603956.SH,20250725,6.95,1.7572,3.1007,0.6,,,1.9929,3.1943,3.4982,1.243,,56990.6286,56990.6286,32297.4222,396084.8688,396084.8688
688287.SH,20250725,5.22,0.7384,1.4977,0.9,,,2.3521,21.4938,27.7051,1.1494,,37051.56,37051.56,18267.2898,193409.1432,193409.1432
001222.SZ,20250725,19.55,8.2762,9.7801,0.98,22.7166,24.3737,2.8185,2.8488,2.6672,1.0096,0.7572,19089.0,7854.5225,6646.73,373189.95,153555.9149
300338.SZ,20250725,4.04,1.9014,2.1098,1.08,,,191.9228,9.5248,9.7457,0.0,,40262.4692,34938.6242,31487.8582,162660.3756,141152.0418
002222.SZ,20250725,38.81,8.513,10.7321,2.55,83.4151,82.8003,11.55,20.8406,20.1149,0.4919,0.5153,47025.0,46815.1715,37135.1715,1825040.25,1816896.8059
002240.SZ,20250725,16.55,12.6775,16.0164,1.6,,,1.3157,3.3064,3.7362,1.443,,91529.3872,86627.7805,68568.5052,1514811.3582,1433689.7673
603055.SH,20250725,10.23,4.6809,15.8335,3.3,12.5499,12.323,1.8654,1.2792,1.2781,1.5555,2.4432,89029.2633,88545.2633,26176.9331,910769.3636,905818.0436
600285.SH,20250725,23.12,1.0274,1.3093,0.68,18.1464,17.5059,4.6809,3.7453,3.6295,3.4408,3.8927,56711.5486,56586.5486,44404.7588,1311171.0036,1308281.0036
002062.SZ,20250725,5.26,5.5719,8.7861,0.82,23.0028,25.4284,1.3228,1.0988,1.1817,1.6749,1.882,123727.0889,112469.5898,71324.8711,650804.4876,591590.0423
600854.SH,20250725,5.41,1.2628,1.8625,0.8,21.0767,20.7266,1.183,30.5531,30.8032,2.5878,2.2181,51945.8538,51945.8538,35218.3425,281027.0691,281027.0691
600322.SH,20250725,2.91,1.7776,2.3357,0.6,,,,1.1866,1.1817,0.0,,110570.0,110570.0,84151.356,321758.7,321758.7
600448.SH,20250725,3.44,4.156,5.1078,0.74,,,1.796,0.7383,0.715,0.0,,62981.9662,62981.9662,51245.5192,216657.9637,216657.9637
688253.SH,20250725,32.85,7.4046,7.4046,1.33,18.1587,22.8632,2.2557,7.2139,8.1988,1.2141,1.6783,13645.8196,6881.068,6881.068,448265.1739,226043.0838
002487.SZ,20250725,32.13,1.5842,2.6255,0.95,43.2411,31.4352,2.7498,5.4214,4.5971,0.5664,0.249,63774.9349,63092.0266,38068.336,2049088.6583,2027146.8147
300263.SZ,20250725,8.26,4.313,5.0776,0.47,57.0121,61.6983,2.4176,2.7561,2.7591,0.3578,0.5964,90446.1479,84498.4323,71775.155,747085.1817,697957.0508
603421.SH,20250725,6.81,0.8077,1.8564,0.78,,,1.4813,1.439,1.5609,0.8957,,65219.0511,65219.0511,28376.7874,444141.738,444141.738
688006.SH,20250725,20.41,1.1727,3.4955,1.11,37.7554,45.7792,2.3675,4.1329,4.4364,2.2048,1.1073,60367.2152,60367.2152,20252.3574,1232094.8622,1232094.8622
603258.SH,20250725,23.01,1.953,4.4893,0.86,183.6166,,2.5614,10.2002,10.8985,1.8962,1.0054,24401.57,24124.895,10495.1873,561480.1257,555113.834
300146.SZ,20250725,11.83,1.2431,1.4749,0.98,30.821,52.8374,1.8456,2.9424,3.3625,7.5374,3.012,170084.5431,112998.7059,95233.4123,2012100.1449,1336774.6908
920505.BJ,20250725,67.27,8.8829,19.1733,0.74,180.386,173.0265,13.4076,28.8026,28.5122,0.1531,0.2221,6486.773,3627.7191,1680.7013,436365.2197,244036.6639
601801.SH,20250725,6.93,0.673,3.0621,1.0,19.2466,17.0101,1.1649,1.2623,1.2838,5.8442,2.886,195793.1237,195793.1237,43032.2372,1356846.3472,1356846.3472
920221.BJ,20250725,21.45,4.1873,5.7015,0.77,46.0085,45.6126,6.6239,7.7448,7.7196,0.777,1.9425,11604.0,4966.2068,3647.304,248905.8,106525.1359
300879.SZ,20250725,33.26,3.0452,6.421,0.63,417.7288,40.8409,4.8249,3.8227,2.547,0.0,0.0622,20239.8833,20102.8448,9533.8721,673178.5186,668620.618
603190.SH,20250725,23.81,7.4029,7.4029,1.4,31.7112,40.1443,1.3505,1.637,1.6271,1.932,1.092,12000.0,4051.948,4051.948,285720.0,96476.8819
688711.SH,20250725,22.53,5.1154,6.2192,0.8,,,4.6347,3.6025,3.4696,0.2851,,21288.4185,21288.4185,17510.1147,479628.0688,479628.0688
920833.BJ,20250725,20.69,3.3527,7.2739,0.76,68.7232,55.3913,2.7933,4.0169,3.8864,2.175,1.2083,8236.0,6246.675,2879.2217,170402.84,129243.7058
601991.SH,20250725,3.47,3.1617,11.6694,0.7,14.2511,11.8634,1.9872,0.5201,0.5223,0.2161,0.2161,1850671.0504,1239608.9106,335854.3159,6421828.5449,4301442.9198
002129.SZ,20250725,8.62,1.4922,2.1296,0.58,,,1.1989,1.2264,1.4175,3.0125,,404311.5773,404001.3796,283073.5696,3485165.7963,3482491.8922
300645.SZ,20250725,18.58,4.229,5.9545,0.44,220.1704,249.6984,2.6031,2.2097,2.2107,0.2103,0.1051,14210.201,13931.5939,9894.556,264025.5346,258849.0147
600572.SH,20250725,4.6,1.2564,2.0208,1.1,18.6359,19.4701,1.8288,1.7804,1.8193,4.3427,3.2604,252158.8948,251484.7095,156362.7099,1159930.9161,1156829.6637
300386.SZ,20250725,20.07,7.1908,9.0571,1.27,,,5.6379,11.7744,11.2277,0.0,,41804.4,24821.5153,19706.7437,839014.308,498167.8121
600233.SH,20250725,15.29,1.8819,4.0795,1.7,13.0336,13.3203,1.6908,0.7575,0.74,2.2881,2.3545,342022.6138,342022.6138,157774.2294,5229525.765,5229525.765
603319.SH,20250725,27.4,7.0497,9.2156,1.12,56.0531,53.1082,3.8813,4.6996,4.5642,0.8955,0.5474,33914.9678,33914.9678,25943.9598,929270.1177,929270.1177
603110.SH,20250725,15.9,3.2905,3.8931,0.86,229.2341,223.6933,4.5985,7.3358,7.4491,0.0,0.3145,20122.6732,20122.6732,17008.1392,319950.5039,319950.5039
600667.SH,20250725,6.73,1.0049,1.5063,0.82,21.5607,22.6059,1.6821,0.403,0.4031,1.5602,1.4116,210619.0178,210619.0178,140516.371,1417465.9898,1417465.9898
920278.BJ,20250725,12.18,18.0818,22.6709,3.01,77.8267,71.4801,5.5157,6.2207,6.3103,0.814,0.814,17600.0,7554.8,6025.5162,214368.0,92017.464
688416.SH,20250725,38.95,6.3094,6.3094,2.05,,,2.4129,8.6763,8.8033,,,8292.9413,4809.3811,4809.3811,323010.0636,187325.3938
002218.SZ,20250725,3.81,4.9477,8.0157,0.65,499.045,,1.3037,4.0731,4.167,0.5232,0.2616,141302.0549,139239.8249,85945.3237,538360.8292,530503.7329
603178.SH,20250725,18.46,0.7733,2.0922,0.7,146.6838,,3.4695,2.6953,2.6472,0.3792,0.2167,23641.1881,23641.1881,8738.2991,436416.3323,436416.3323
920493.BJ,20250725,155.44,9.0259,11.2147,1.54,769.8001,705.7507,21.3758,14.1781,12.8518,,,5970.9405,4129.6948,3323.7098,928122.9913,641919.7597
600731.SH,20250725,8.48,18.7863,24.5676,2.39,17.8527,15.171,1.526,1.9176,1.8521,2.3585,2.3585,55874.2416,55798.2665,42667.5816,473813.5688,473169.2999
603600.SH,20250725,11.06,1.6316,3.3797,1.13,12.3381,11.7486,1.651,0.7695,0.7454,5.0752,4.1689,33043.317,30003.8034,14484.9563,365459.086,331842.0656
301273.SZ,20250725,28.2,15.4649,21.7333,1.04,,,2.143,7.1573,7.1519,0.7092,,7164.1792,3462.7892,2464.0392,202029.8534,97650.6554
601456.SH,20250725,11.57,2.3176,4.66,0.95,165.3781,66.2333,1.3017,24.4954,16.1398,0.5598,0.5598,568059.2806,238913.3168,118819.4842,6572445.8765,2764227.0754
002664.SZ,20250725,21.79,4.5236,9.8088,0.83,422.0371,,2.6085,1.5029,1.5126,0.3204,,40820.0,40257.6088,18565.9,889467.8,877213.2958
603301.SH,20250725,21.99,1.4551,3.5668,0.95,15.2121,16.1406,1.0586,1.3742,1.3653,2.2727,2.9545,26645.1202,26645.1202,10870.3136,585926.1932,585926.1932
300377.SZ,20250725,25.2,5.193,6.3786,0.8,,,7.5829,14.105,13.8921,0.1587,,75100.308,66873.9779,54444.4998,1892527.7616,1685224.2431
301590.SZ,20250725,154.16,6.796,6.796,0.58,25.2885,26.3743,3.4438,4.3238,4.2615,,0.7784,4200.0,816.4562,816.4562,647472.0,125864.8878
000517.SZ,20250725,1.97,1.119,3.7886,1.0,,,1.0745,0.2616,0.3317,16.2437,16.2437,318392.2485,249198.6416,73600.6121,627232.7295,490921.324
002546.SZ,20250725,5.92,2.1222,3.5503,0.66,18.5152,12.6386,1.4864,6.4412,6.2904,2.027,2.027,83404.9096,80123.2096,47892.9178,493757.0648,474329.4008
300899.SZ,20250725,23.72,3.7593,4.6186,2.12,,125.5659,2.3177,18.5396,12.228,1.5177,,6378.3466,4093.6066,3332.0266,151294.3814,97100.3486
600497.SH,20250725,5.73,1.8386,3.0929,0.79,22.3423,22.2247,1.8272,1.536,1.4984,2.468,2.2752,504038.0483,504038.0483,299625.7602,2888138.0168,2888138.0168
002917.SZ,20250725,15.16,12.8357,19.0064,0.73,42.4722,36.2594,3.327,3.2287,3.1433,0.6493,0.6493,34761.4197,26050.0531,17592.4467,526983.1227,394918.805
002641.SZ,20250725,4.38,1.1147,2.6312,0.75,28.2681,39.1892,1.0025,0.8154,0.8241,2.2613,1.1306,122909.3871,113399.4653,48039.9775,538343.1155,496689.658
600127.SH,20250725,7.04,8.4802,10.7803,1.58,2027.196,477.8824,6.6778,0.9764,0.9908,0.0,,64178.3218,64178.3218,50485.0967,451815.3855,451815.3855
601011.SH,20250725,2.92,2.2686,2.9771,0.6,,,0.979,4.3335,6.248,0.0,,191566.4539,191566.4539,145977.1046,559374.0454,559374.0454
300129.SZ,20250725,7.23,1.8877,1.996,0.44,37.147,39.2046,1.5111,1.3972,1.3584,0.6916,,93489.9232,66451.7277,62848.335,675932.1447,480445.9913
600185.SH,20250725,6.0,2.1126,3.8377,1.25,,,10.5682,2.1433,2.3961,0.0,,188500.5795,188500.5795,103766.6015,1131003.477,1131003.477
600738.SH,20250725,5.53,9.6675,18.9106,1.33,58.0295,62.3009,2.1272,6.3214,6.482,0.6986,0.262,76133.5236,76066.6196,38886.9734,421018.3855,420648.4064
603999.SH,20250725,6.74,1.8036,4.2778,1.01,62.3583,61.6887,1.9653,4.0167,4.216,0.7715,0.4896,57600.0,57600.0,24285.4056,388224.0,388224.0
600751.SH,20250725,3.84,7.499,14.7958,0.57,89.4504,99.5296,1.4775,9.9689,10.275,0.0,,289933.7783,257318.9052,130418.0367,1113345.7087,988104.596
920270.BJ,20250725,17.14,1.6793,5.0936,0.81,28.8306,30.6163,4.6897,7.0803,7.2412,2.431,2.9172,10461.6,8115.8317,2675.7387,179311.824,139105.3553
002622.SZ,20250725,3.06,1.9824,2.6647,0.8,,,6.7278,2.9834,3.0564,0.0,,84000.0,83997.525,62491.4284,257040.0,257032.4265
002916.SZ,20250725,131.98,1.5819,3.1221,0.67,46.8673,44.2317,6.1369,4.914,4.6983,0.5246,0.8743,66674.0795,66502.0631,33695.1961,8799645.0124,8776942.2879
600576.SH,20250725,7.97,3.1248,4.6523,1.7,57.3507,50.7272,2.9539,9.7264,8.9452,0.0,,105454.844,66039.0083,44355.8125,840475.1067,526330.8962
600775.SH,20250725,10.57,2.8839,4.4129,0.76,,,3.1371,3.6507,3.762,0.0,,91383.8529,67183.8529,43905.6474,965927.3252,710133.3252
300092.SZ,20250725,13.57,4.7621,6.2223,0.39,21.9572,21.8701,2.2999,3.0578,2.9319,1.6949,1.7539,27392.3271,20986.6256,16061.6933,371713.8787,284788.5094
600710.SH,20250725,10.72,1.4242,3.7105,0.76,12.1986,11.4468,1.803,0.1196,0.1204,3.0784,3.4422,130674.9434,130674.9434,50158.035,1400835.3932,1400835.3932
688519.SH,20250725,42.15,1.2646,3.6467,0.82,199.7625,163.8819,4.1342,2.9903,2.7485,0.2222,0.4467,23848.365,23229.365,8055.2566,1005208.5848,979117.7348
300818.SZ,20250725,22.85,3.4313,4.1801,0.41,33.1111,46.5253,2.2014,3.4379,3.6124,0.9027,0.7015,16877.2604,10948.2412,8986.9987,385645.4001,250167.3114
600798.SH,20250725,4.18,4.156,7.4127,0.99,227.9496,19319.776,1.2966,2.0734,2.1271,0.7177,0.4785,120653.4201,120653.4201,67645.1591,504331.296,504331.296
300464.SZ,20250725,5.47,2.5996,3.844,0.84,,,22.1839,1.6587,1.6942,0.0,,45781.9663,35534.2675,24030.6156,250427.3557,194372.4432
601528.SH,20250725,5.77,0.9115,0.9479,0.91,5.8915,5.811,0.613,2.5819,2.5505,3.1196,3.4662,196216.1395,173445.6538,166782.1579,1132167.1249,1000781.4224
601588.SH,20250725,1.84,0.8874,1.5981,0.76,,,0.6588,0.8662,0.9352,1.087,,336702.0,266000.0,147715.7197,619531.68,489440.0
301201.SZ,20250725,27.05,9.9866,14.228,0.62,,,1.9821,12.5626,13.5635,0.7244,0.7239,15471.3824,10854.4304,7618.6927,418500.8939,293612.3423
603967.SH,20250725,11.79,2.5284,7.4441,1.15,16.1742,15.7799,1.841,0.3452,0.3544,4.2409,5.0891,34666.671,34666.671,11774.591,408720.0511,408720.0511
000159.SZ,20250725,5.86,3.3809,4.3808,1.02,,,1.3779,1.0933,1.263,0.0,,48068.5993,48067.2868,37096.398,281681.9919,281674.3006
300981.SZ,20250725,13.18,1.67,5.4849,1.47,,,1.0476,2.3009,2.2246,3.4372,1.7186,42886.4959,39303.4879,11966.924,565244.016,518019.9705
300407.SZ,20250725,10.94,2.4055,2.8639,1.15,37.0755,46.7555,1.9411,1.5736,1.4933,1.1522,0.9059,31820.0493,24426.0074,20516.9167,348111.3393,267220.521
301307.SZ,20250725,24.65,6.0482,6.7943,1.43,,,1.7205,1.4188,1.3771,0.4868,,21060.0,10899.164,9702.194,519129.0,268664.3926
601727.SH,20250725,7.91,2.3822,4.8197,1.07,163.7735,121.6824,2.301,1.0674,1.0524,0.0,,1557980.9092,1265532.7092,625489.1707,12323628.9918,10010363.7298
600897.SH,20250725,15.07,0.5191,1.6219,1.17,14.5743,14.408,1.409,3.3393,3.2844,1.7253,2.1234,41693.4,41693.4,13343.4,628319.538,628319.538
002131.SZ,20250725,3.84,8.7468,9.1953,0.86,,299.7634,2.032,1.2283,1.2331,0.7758,0.7439,677177.8703,584972.3957,556440.1244,2600363.022,2246293.9995
002008.SZ,20250725,26.42,3.5201,4.3688,1.13,16.0589,31.3248,1.772,1.8416,1.8064,0.7646,1.3248,102960.3408,95672.4021,77087.0831,2720212.2039,2527664.8635
002717.SZ,20250725,1.75,2.7656,3.0952,0.97,,,3.1912,3.6961,5.1031,0.0,,182023.3558,160075.708,143026.8601,318540.8727,280132.489
601211.SH,20250725,20.49,1.0073,1.2458,1.16,27.7357,15.8597,1.1588,8.3239,7.6553,1.4276,0.3894,1762970.8696,1349399.3295,1091081.3756,36123273.1181,27649192.2615
300258.SZ,20250725,14.04,3.98,6.3791,0.57,50.3011,52.5204,1.7636,3.9663,3.9492,1.2595,0.621,57211.958,55696.5475,34749.671,803255.8903,781979.5269
001255.SZ,20250725,32.75,9.3075,9.3075,0.52,201.0963,157.295,3.5934,7.8053,7.337,0.2577,0.118,8128.4,1855.6,1855.6,266205.1,60770.9
300978.SZ,20250725,11.5,2.8303,3.5437,1.07,32.3146,30.5054,3.0661,2.22,2.2632,2.1739,3.0435,42270.2739,18896.0084,15092.1235,486108.1499,217304.0966
688786.SH,20250725,23.76,2.027,3.321,1.25,48.6059,48.5702,4.8947,8.1783,8.0228,1.5031,0.8768,14380.0003,14380.0003,8776.9003,341668.8071,341668.8071
600711.SH,20250725,8.05,3.6272,4.4208,1.12,12.4062,12.3901,1.5991,0.9669,0.9781,0.3193,1.2422,309061.1551,309061.1551,253581.1654,2487942.2986,2487942.2986
603719.SH,20250725,13.1,3.5314,8.0959,0.54,,,2.4931,0.7338,0.8157,3.6183,3.8015,40100.0,40100.0,17491.666,525310.0,525310.0
300730.SZ,20250725,15.03,9.5701,12.5553,0.56,,,12.7696,11.6875,14.7052,0.0,,24113.8947,19667.8152,14991.4656,362431.8373,295607.2625
000100.SZ,20250725,4.61,1.1503,1.1892,0.67,58.2557,38.9942,1.6006,0.5528,0.5523,1.6488,1.0846,1976537.2873,1809674.5896,1750390.4891,9111836.8945,8342599.8581
300272.SZ,20250725,6.97,2.3455,2.9445,0.49,48.1385,46.7298,3.5209,2.3827,2.3492,3.872,2.2472,57721.7911,43112.0454,34341.4115,402320.884,300490.9564
600239.SH,20250725,2.54,2.7593,4.6834,1.08,,,3.1834,2.1141,2.1291,0.0,,160568.6909,160568.6909,94602.2647,407844.4749,407844.4749
000759.SZ,20250725,7.6,6.3329,9.9481,1.06,,,3.0122,0.4905,0.5257,0.0,,66997.1694,65570.6025,41742.3281,509178.4874,498336.579
000539.SZ,20250725,4.79,0.9291,2.9119,0.63,26.0815,55.264,1.1138,0.44,0.4577,0.4175,0.4175,525028.3986,255389.6649,81486.6644,2514886.0293,1223316.4949
002818.SZ,20250725,12.31,5.3407,10.7335,5.39,13.348,14.1569,1.8643,6.4436,6.6778,8.7734,8.7734,74845.894,29835.7191,14845.4129,921352.9551,367277.7021
000548.SZ,20250725,5.61,1.4568,2.1524,0.58,34.3956,42.8667,1.3787,4.437,5.4404,1.6043,0.8913,49921.5811,49918.4311,33787.7854,280060.07,280042.3985
301211.SZ,20250725,19.38,4.3108,14.0761,2.2,60.9678,86.5449,2.4818,12.5182,13.2183,2.4768,1.29,28800.0,28800.0,8820.0,558144.0,558144.0
920368.BJ,20250725,28.55,1.4858,2.5021,0.89,19.6861,33.6617,1.5841,1.1823,1.3063,1.0451,0.5254,23478.044,22336.9634,13264.462,670298.1562,637720.3051
002339.SZ,20250725,8.17,3.3334,4.0114,0.74,130.3254,80.1025,2.3699,1.5852,1.5167,0.2448,0.2448,50409.2274,47879.3604,39786.5766,411843.3879,391174.3745
300522.SZ,20250725,15.55,6.7188,11.6762,0.52,221.6618,449.7316,6.3439,7.1909,7.3143,0.3215,0.2572,32245.1507,24384.6866,14031.4833,501412.0934,379181.8766
301096.SZ,20250725,48.31,2.1825,3.3066,0.75,,,2.0668,6.5802,7.3807,0.6148,,10922.8284,10900.7179,7194.9679,527681.84,526613.6817
920961.BJ,20250725,22.44,6.5038,8.2885,1.57,257.3001,145.5472,4.2279,13.7749,13.0393,0.2205,0.2228,14284.0508,10543.8808,8273.5298,320534.1,236604.6852
688353.SH,20250725,33.06,3.01,5.6557,0.57,,,1.5522,10.4438,9.2691,0.8972,0.8972,15950.0,11907.0954,6336.9639,527307.0,393648.5739
002989.SZ,20250725,34.03,2.6324,5.3896,0.92,,,4.4555,18.9427,21.0867,0.0,,20132.4174,18666.9924,9117.2437,685106.1641,635237.7514
301153.SZ,20250725,26.61,4.0006,9.8891,2.64,89.9061,129.8418,5.5532,11.3833,12.0398,2.0704,0.6708,35285.058,32923.0008,13318.8295,938935.3934,876081.0513
002880.SZ,20250725,29.57,0.9593,3.5208,0.88,26.4538,26.7774,3.0348,5.5739,5.5799,0.6764,0.6764,22680.0,22601.3,6158.3,670647.6,668320.441
603031.SH,20250725,27.83,1.3921,2.19,0.92,34.9352,32.3573,3.106,1.2667,1.2361,1.1151,0.8624,21112.0,21112.0,13419.9748,587546.96,587546.96
