ts_code,trade_date,close,turnover_rate,turnover_rate_f,volume_ratio,pe,pe_ttm,pb,ps,ps_ttm,dv_ratio,dv_ttm,total_share,float_share,free_share,total_mv,circ_mv
002217.SZ,20250124,1.97,0.6032,0.7564,1.26,,,,3.1821,9.8119,0.0,,747939.8928,568036.4278,453036.0995,1473441.5888,1119031.7628
920689.BJ,20250124,24.0,28.9214,45.5114,2.21,29.0841,28.47,3.8301,3.467,3.3698,2.0833,2.0833,7340.0,3709.0866,2357.0369,176160.0,89018.0784
000532.SZ,20250124,13.29,6.4965,12.5608,3.69,61.9053,70.1904,3.3565,11.4256,10.7786,0.4891,0.4891,34470.834,34354.9746,17768.5088,458117.3839,456577.6124
002326.SZ,20250124,8.38,0.7401,0.931,0.89,,,2.5177,1.8786,1.7807,0.0,,92540.0795,80397.3261,63909.3661,775485.8662,673729.5927
002808.SZ,20250124,2.46,4.2011,5.3662,1.0,,,2.06,4.2822,4.0217,0.813,0.813,26880.0,18638.3713,14591.4465,66124.8,45850.3934
603903.SH,20250124,6.41,1.9951,2.8791,0.95,10.0166,22.1179,1.0061,1.0235,1.1923,2.9953,2.9953,25531.948,20230.3752,14018.6004,163659.7867,129676.705
300086.SZ,20250124,4.52,2.8128,3.9712,1.24,178.4204,,1.6449,2.7816,3.1568,0.0,,45512.4411,44078.7522,31221.1671,205716.2338,199235.9599
600298.SH,20250124,34.92,0.7335,1.1966,1.01,23.8812,23.1258,2.907,2.2335,2.0439,1.4138,1.4138,86864.4671,85449.5871,52378.8126,3033307.1911,2983899.5815
600509.SH,20250124,6.17,1.0813,1.6493,1.23,19.6798,16.4258,1.1046,0.8919,0.8577,2.5656,2.5656,137439.7407,137439.7407,90112.1667,848003.2001,848003.2001
002224.SZ,20250124,4.34,0.6819,0.9228,1.02,56.6682,94.5794,1.2062,4.209,4.2009,0.6912,0.6912,90211.6324,80629.0744,59583.9634,391518.4846,349930.1829
002613.SZ,20250124,3.89,2.4403,3.5091,0.78,51.7876,50.0292,1.9152,2.5866,2.6613,1.4229,1.4229,110056.8692,60892.1904,42346.0628,428121.2212,236870.6207
300711.SZ,20250124,24.59,3.5498,10.606,0.86,100.0987,93.7983,8.7354,13.5887,12.708,0.4067,0.4067,24917.0606,24842.6804,8314.9239,612710.5202,610881.511
003007.SZ,20250124,29.99,6.0944,11.4755,1.95,40.0576,36.9865,3.8088,7.153,7.3361,0.6529,0.6529,10400.0,7389.4311,3924.3684,311896.0,221609.0387
603337.SH,20250124,32.66,1.2193,3.4474,2.89,29.3035,21.166,3.573,2.9804,2.6741,2.3532,2.3532,48309.2591,47632.6791,16847.7871,1577780.4022,1555683.2994
300243.SZ,20250124,9.27,2.1257,2.4631,1.15,27.2168,41.5836,2.1545,1.3072,1.2032,1.0787,1.0787,25042.6416,19069.5133,16457.3344,232145.2876,176774.3883
688106.SH,20250124,17.01,0.5218,0.9611,0.86,26.0267,30.7619,2.7835,3.3775,3.2726,2.9288,2.9288,48197.7235,48197.7235,26169.7472,819843.2767,819843.2767
920300.BJ,20250124,11.06,5.0247,6.415,1.2,,,3.4766,5.732,6.2353,,,8584.7126,6009.3167,4706.8895,94946.9214,66463.0427
001379.SZ,20250124,21.38,4.3796,4.6272,0.62,49.9493,62.4341,2.9667,2.4649,2.4989,0.8419,0.8419,20000.0,6730.0,6370.0,427600.0,143887.4
000426.SZ,20250124,12.56,1.1616,1.7573,0.77,23.0073,12.9195,2.9145,6.0178,4.8718,0.5355,0.5355,177563.5739,177523.5464,117345.6407,2230198.4882,2229695.7428
688235.SH,20250124,189.0,1.0756,1.0756,0.56,,,10.8321,15.028,11.0555,,,138538.3567,11505.526,11505.526,26183749.4163,2174544.414
002085.SZ,20250124,17.34,3.3531,6.2579,0.91,50.6436,48.8192,5.3335,2.2718,2.3042,0.8651,0.8651,212329.752,212329.752,113771.4903,3681797.8997,3681797.8997
600600.SH,20250124,69.85,0.5924,1.3822,0.76,22.3272,21.9054,3.1979,2.8079,2.9855,2.8633,2.8633,136419.6788,70903.0943,30389.8888,9528914.5642,4952581.1369
000568.SZ,20250124,114.87,0.5793,1.1801,1.08,12.7645,11.8461,3.8935,5.5926,5.1875,4.7011,5.8839,147195.1503,146732.2833,72026.3302,16908306.915,16855137.3827
605388.SH,20250124,5.83,0.5915,1.8064,0.83,60.8036,142.9965,1.8469,2.1424,2.4058,1.2175,1.2175,60048.4,60048.4,19663.0596,350082.172,350082.172
605255.SH,20250124,13.1,0.6711,2.6842,0.57,57.3848,68.3405,2.1882,5.0417,5.2413,3.3588,3.3588,13408.0,13408.0,3352.0,175644.8,175644.8
603618.SH,20250124,5.92,2.4468,5.5386,0.83,30.1961,30.1167,1.3639,0.5557,0.4978,1.0135,1.0135,69137.5616,69137.5616,30543.5857,409294.3647,409294.3647
600790.SH,20250124,3.55,0.6917,1.1112,0.99,24.2678,26.7975,0.829,6.0875,5.5844,2.6096,2.6096,146579.0928,146579.0928,91242.828,520355.7794,520355.7794
603817.SH,20250124,5.61,0.7554,1.5612,1.16,20.7711,16.8234,1.1102,2.8439,2.6645,1.7825,1.7825,53435.8757,53435.8757,25855.6486,299775.2627,299775.2627
002620.SZ,20250124,2.89,3.9944,5.6631,0.7,,,8.867,0.703,1.148,0.0,,37749.4,31508.9681,22224.3125,109095.766,91060.9178
603228.SH,20250124,36.52,3.3651,9.2992,0.62,36.3749,29.8646,3.1436,3.1659,2.8184,1.236,1.236,93253.2312,92060.0812,33313.8582,3405608.0034,3362034.1654
600100.SH,20250124,6.84,1.3427,1.9648,1.12,,,1.5182,0.7948,1.1408,0.0,,335029.7713,335029.7713,228955.7108,2291603.6357,2291603.6357
600162.SH,20250124,1.79,0.8324,2.5908,0.97,84.1952,99.0832,0.9904,1.7731,1.4482,8.9385,8.9385,326843.8122,326843.8122,105011.2242,585050.4238,585050.4238
920195.BJ,20250124,11.65,2.2477,4.0647,1.59,13.6331,20.5818,1.6032,1.3789,1.2612,1.2876,1.2876,9803.0,7075.8985,3912.9068,114204.95,82434.2175
002889.SZ,20250124,19.91,2.2956,5.0464,0.97,33.7945,29.1105,2.2639,1.9955,1.6704,0.3039,0.3039,26976.248,17514.9017,7967.4846,537097.0977,348721.6928
000012.SZ,20250124,4.95,0.6702,1.1219,0.93,9.1808,15.5834,1.0802,0.8354,0.9183,5.0505,5.0505,307069.2107,195927.9645,117033.375,1519992.593,969843.4243
301121.SZ,20250124,49.99,5.9703,7.3539,0.84,149.7999,43.4039,2.1243,3.6408,3.1303,0.5938,0.5938,7080.3184,3607.9217,2929.1017,353945.1168,180360.0058
301056.SZ,20250124,8.51,0.8927,1.3912,0.85,25.0954,21.3719,2.6662,3.1378,3.0764,2.3502,2.3502,26678.6667,26678.6667,17118.7504,227035.4536,227035.4536
600278.SH,20250124,6.5,0.5854,1.4418,0.85,20.9668,24.3408,0.759,0.1696,0.186,2.87,2.87,87777.0565,87142.3725,35383.2836,570550.8673,566425.4213
601098.SH,20250124,13.6,0.8064,2.284,1.34,13.1696,15.4986,1.6297,1.7943,1.7736,4.7794,4.7794,179600.0,179600.0,63411.652,2442560.0,2442560.0
000897.SZ,20250124,2.24,1.549,1.9588,0.77,6.9022,9.0652,1.1797,1.1824,1.4291,0.0,,161727.2234,161724.1634,127892.9294,362268.9804,362262.126
600567.SH,20250124,1.7,1.7168,2.4102,0.81,59.5368,27.2651,0.6563,0.3171,0.314,0.4959,0.4959,547133.0563,547133.0563,389735.8598,930126.1957,930126.1957
920475.BJ,20250124,18.76,18.4546,33.4271,3.49,61.2795,328.6412,5.3582,4.9828,4.4604,0.6382,0.6382,10289.52,4152.986,2292.7984,193031.3952,77910.0174
301280.SZ,20250124,45.45,8.5995,8.9649,1.76,30.219,25.4346,2.5315,3.6504,3.0512,2.1745,2.1745,9770.01,2641.26,2533.5894,444046.9545,120045.267
920023.BJ,20250124,4.55,2.3384,2.3398,0.92,44.617,35.9452,1.2255,3.2388,2.955,0.2371,0.2371,32730.4,24732.468,24717.468,148923.32,112532.7294
301139.SZ,20250124,22.63,6.0053,6.1774,1.6,39.7134,51.8544,1.4156,1.5463,1.586,0.2519,0.2519,12158.08,7172.2018,6972.3285,275137.3504,162306.9267
301218.SZ,20250124,21.59,6.7193,6.7193,2.0,74.9072,101.2681,2.66,4.3819,4.1793,0.2131,0.2131,11404.0,5701.2086,5701.2086,246212.36,123089.0937
920866.BJ,20250124,7.3,1.5865,2.1677,0.84,25.6043,34.3734,1.7599,3.1172,2.9677,2.0188,2.0188,18020.59,9475.3994,6934.8063,131550.307,69170.4156
002484.SZ,20250124,26.48,5.5677,8.989,0.88,31.8524,34.4425,3.9438,4.6486,4.8901,0.9743,0.9743,85052.3941,82047.6015,50819.8549,2252187.3958,2172620.4877
300045.SZ,20250124,19.27,2.7183,3.0203,0.89,724.8902,,7.4664,17.995,17.2962,0.0,,66267.5236,48589.1061,43729.9795,1276975.1798,936312.0745
000518.SZ,20250124,2.36,2.4778,3.8731,1.12,,,5.2019,10.321,11.4894,0.0,,102955.6222,102953.5693,65862.7693,242975.2684,242970.4235
600167.SH,20250124,5.47,0.1238,0.4155,1.1,14.4086,17.3335,1.1919,3.6282,3.5116,5.7673,5.7673,226284.0463,226284.0463,67406.2721,1237773.7333,1237773.7333
603299.SH,20250124,10.85,0.786,2.1301,0.66,11.4903,9.9784,1.4335,1.4931,1.5304,3.9171,3.9171,78196.8869,77405.5511,28561.2671,848436.2229,839850.2294
002108.SZ,20250124,3.4,0.8624,1.1474,1.14,20.7722,33.6826,1.1148,2.162,2.1876,2.9528,2.9528,166539.4648,164836.3706,123896.8281,566234.1803,560443.66
300079.SZ,20250124,5.45,2.6095,2.7107,1.38,418.1719,1399.8843,1.8502,11.0328,14.1295,0.1837,0.1837,142751.8462,128147.9656,123361.0026,777997.5618,698406.4125
600025.SH,20250124,8.82,0.1645,1.6455,1.01,20.7853,19.4561,2.7376,6.7669,6.417,2.0408,2.0408,1800000.0,1800000.0,180000.0,15876000.0,15876000.0
688132.SH,20250124,18.0,2.4646,3.5612,2.09,,,1.8299,15.1644,10.0927,,,15222.5204,10849.5718,7508.5528,274005.3672,195292.2924
688259.SH,20250124,36.66,1.233,2.3588,1.22,70.0715,62.7077,2.7422,6.1941,6.4543,0.5032,0.9096,11170.0,11170.0,5839.166,409492.2,409492.2
301316.SZ,20250124,23.21,15.2752,20.5396,1.63,112.5998,132.7597,8.9558,6.8337,5.8087,0.3447,0.3447,40001.0,24282.6503,18058.8403,928423.21,563600.3135
601116.SH,20250124,9.88,0.9409,2.9264,0.95,39.2962,34.6473,1.697,1.3888,1.3672,2.0243,2.0243,54767.84,54767.84,17609.1858,541106.2592,541106.2592
605016.SH,20250124,16.82,1.2513,3.3148,0.4,28.1577,23.199,3.3657,6.2589,5.2513,1.3949,1.3949,32308.64,32308.64,12196.5716,543431.3248,543431.3248
600148.SH,20250124,17.8,1.5358,3.3815,0.82,3811.9803,304.4191,5.4182,3.6183,3.66,0.1685,0.1685,14151.645,14151.645,6427.33,251899.281,251899.281
002352.SZ,20250124,38.53,0.4201,0.946,1.33,23.3309,20.0391,2.0415,0.7435,0.6954,5.1748,5.1748,498618.6983,478872.9748,212680.2609,19211778.4455,18450975.719
688312.SH,20250124,30.05,0.9152,1.7794,0.71,63.485,47.1931,3.1957,13.3146,9.0827,1.3033,1.3033,14484.8536,14484.8536,7449.6623,435269.8507,435269.8507
300577.SZ,20250124,25.45,3.0635,4.3505,1.05,52.7817,19.3716,3.0222,1.9655,1.5866,0.9355,0.9355,23979.2667,14024.2328,9875.3544,610272.3375,356916.7248
000912.SZ,20250124,4.42,0.499,1.2084,0.64,46.1921,178.1023,1.0722,1.0798,1.3046,0.0,,156800.0,156800.0,64753.1247,693056.0,693056.0
600094.SH,20250124,3.09,0.9329,1.5533,0.6,34.3685,,0.6028,0.654,1.4491,0.9067,0.9067,247532.5057,227660.4962,136726.7511,764875.4426,703470.9333
002778.SZ,20250124,16.92,3.0111,4.6172,0.89,,,5.4481,3.4209,4.5352,0.0,,12475.33,12343.129,8049.505,211082.5836,208845.7427
300894.SZ,20250124,14.06,4.5326,8.9398,0.53,23.1856,144.2994,4.4008,2.6795,3.6245,4.2833,4.2833,40772.0479,29407.0554,14909.5554,573254.9935,413463.1989
000011.SZ,20250124,8.1,0.7564,2.1293,0.77,10.4036,20.4341,1.0778,1.6281,2.6016,3.8519,3.8519,59597.9092,52647.5543,18702.6342,482743.0645,426445.1898
600941.SH,20250124,109.02,1.0942,1.1481,0.86,17.8029,17.1052,1.7701,2.3242,2.2881,4.1862,4.1862,2151731.7437,90276.7867,86040.0867,234581794.6982,9841975.286
002918.SZ,20250124,9.31,4.708,7.1088,0.7,14.5184,52.6995,1.1776,0.6528,0.7812,3.1728,3.1728,41518.4133,21946.6684,14534.7359,386536.4278,204323.4828
002592.SZ,20250124,4.78,0.9725,1.5409,0.64,12.8375,55.9697,1.5006,2.4956,2.1172,0.0,,28333.1157,26271.637,16580.1814,135432.293,125578.4249
002396.SZ,20250124,20.51,6.3256,8.6058,1.16,28.4156,31.3711,1.8404,0.7589,0.7211,1.2216,1.2216,58860.9418,58328.0278,42872.8328,1207237.9163,1196307.8502
300304.SZ,20250124,8.53,2.0737,3.5763,1.17,24.5606,19.8073,2.5718,4.482,3.6603,0.9131,0.9131,87814.3718,85560.6034,49611.8393,749056.5915,729831.947
300935.SZ,20250124,22.8,2.6721,3.8195,1.08,,,2.1247,11.1444,12.947,0.0,,7943.068,6027.3655,4216.7045,181101.9504,137423.9334
920932.BJ,20250124,24.18,3.9467,6.1747,1.07,33.8852,32.5287,2.7074,4.244,3.9401,0.8185,0.8185,7728.0,6218.3219,3974.569,186863.04,150359.0235
301107.SZ,20250124,27.6,5.0361,5.0361,0.53,32.3592,38.5206,2.1957,3.9812,3.9849,1.4358,1.4358,7340.0,2097.865,2097.865,202584.0,57901.074
300877.SZ,20250124,13.92,0.6869,1.3859,0.86,55.1777,66.3025,1.064,1.855,1.647,0.6304,0.6304,12000.0,11999.895,5947.5855,167040.0,167038.5384
600822.SH,20250124,9.58,1.4146,3.5565,0.96,33.9358,83.3012,3.9518,0.604,0.7227,0.0,,49597.2914,39614.7908,15757.1946,475142.0516,379509.6959
000637.SZ,20250124,3.63,1.2946,1.6544,0.89,,,3.036,0.415,0.5625,0.0,,51987.5356,36801.4255,28797.7054,188714.7542,133589.1746
688513.SH,20250124,30.82,0.6148,1.2251,0.96,24.013,21.7732,2.0324,4.8703,4.1619,1.2802,1.2802,17653.2256,17653.2256,8858.9506,544072.413,544072.413
688556.SH,20250124,10.87,0.9491,1.3391,1.21,4.0677,12.0377,1.6466,0.9611,1.0996,6.0631,6.0631,54676.9006,54676.9006,38752.8798,594337.9095,594337.9095
603277.SH,20250124,25.65,0.3231,1.4446,0.44,21.3203,18.6697,3.9997,4.1065,4.0515,5.8115,5.8115,42466.35,42051.45,9403.9863,1089261.8775,1078619.6925
002003.SZ,20250124,14.37,1.4056,2.0794,1.71,30.0964,25.8649,3.9375,4.2997,3.6657,4.5246,4.5246,116888.9653,101826.5037,68829.7475,1679694.4314,1463246.8582
603230.SH,20250124,12.02,0.6191,2.1887,1.0,13.4977,15.1284,1.5691,2.3098,2.309,3.7438,3.7438,35352.3,35352.3,10000.67,424934.646,424934.646
301289.SZ,20250124,46.7,3.6829,4.7877,0.84,48.8452,47.8281,3.7989,13.9516,12.5241,0.8565,0.8565,7800.0,2534.9901,1950.0,364260.0,118384.0377
000920.SZ,20250124,8.48,0.6964,1.3316,0.84,24.3275,22.515,2.1765,2.3504,2.3707,2.0401,2.0401,47262.1118,42197.75,22070.1104,400782.7081,357836.92
300019.SZ,20250124,14.26,1.3631,2.2935,1.0,17.7873,22.4229,2.2411,2.1514,1.9838,2.0928,2.0928,39311.67,34566.0311,20543.1619,560584.4142,492911.6035
300024.SZ,20250124,19.63,5.3504,7.2192,1.02,632.7384,1081.3284,7.0669,7.748,7.7128,0.0,,156561.995,152302.7369,112875.5198,3073311.9619,2989702.7253
920061.BJ,20250124,30.95,7.4824,13.4583,0.87,49.631,95.8926,7.782,11.6039,16.596,0.6139,0.6139,7079.0,3736.94,2077.61,219095.05,115658.293
688051.SH,20250124,20.4,1.0793,3.1112,1.14,,,1.9928,4.8934,4.5803,,,7733.4,7733.4,2682.8842,157761.36,157761.36
601138.SH,20250124,23.35,1.1677,6.9443,1.04,22.0491,20.4401,3.2317,0.9739,0.7945,2.4838,2.4838,1986801.2447,1986406.3018,334021.2971,46391809.0637,46382587.147
300813.SZ,20250124,17.66,1.6781,2.3721,1.04,108.8202,221.3039,2.7255,7.9316,6.9222,0.5098,0.5098,12119.9219,7604.6423,5379.6057,214037.8208,134297.983
600238.SH,20250124,5.5,6.158,7.5645,1.07,,,10.5111,10.9791,10.9672,0.0,,44820.0,44500.158,36226.1908,246510.0,244750.869
601975.SH,20250124,3.17,1.8217,2.5755,0.79,9.7763,7.5744,1.4531,2.4565,2.3213,0.0,,480185.6148,480185.6148,339631.7365,1522188.3989,1522188.3989
300618.SZ,20250124,33.06,1.5891,2.0088,0.91,73.7359,58.2819,1.9233,2.1286,1.9405,0.305,0.305,30832.4991,27132.0758,21463.3879,1019322.4202,896986.4259
002671.SZ,20250124,4.8,1.9179,3.2313,0.96,97.5465,25.9878,1.6145,2.4468,2.2661,0.0,,56456.6759,55237.9323,32785.7261,270992.0443,265142.075
000923.SZ,20250124,14.09,1.2644,1.9743,1.74,10.0792,11.171,0.9584,1.5676,1.4077,4.2583,4.2583,65272.8961,62789.5729,40211.543,919695.106,884705.0822
002427.SZ,20250124,3.32,1.0705,2.3868,0.45,,,3.5531,1.2675,1.4068,0.0,,98543.2777,98542.6686,44197.1062,327163.682,327161.6598
601799.SH,20250124,131.28,0.4004,0.8761,1.05,34.0287,28.8998,3.8805,3.6595,3.0648,1.0593,1.0593,28567.9419,28567.9419,13056.7792,3750399.4126,3750399.4126
300357.SZ,20250124,19.75,1.0586,1.9403,1.34,33.3375,33.1126,4.4802,12.1916,11.4309,0.9367,1.443,52358.4,48406.4205,26408.6808,1034078.4,956026.8049
002639.SZ,20250124,6.75,3.3628,3.5765,0.71,,11676.0729,2.1149,2.5658,2.7313,0.0,,77260.2178,65058.1806,61171.8799,521506.4702,439142.7191
688630.SH,20250124,59.7,1.5395,2.614,1.04,43.8632,36.4202,3.8082,9.4889,7.6884,1.3319,1.3319,13174.0716,13174.0716,7758.79,786492.0745,786492.0745
301591.SZ,20250124,40.43,19.6789,19.6789,1.21,45.1659,45.1417,3.9453,8.724,8.1136,0.7742,0.7742,8412.0,2103.0,2103.0,340097.16,85024.29
300391.SZ,20250124,4.0,14.7163,18.6643,2.33,,,99.0325,1.1702,5.0645,0.0,,35033.6112,35033.6112,27623.1259,140134.4448,140134.4448
002947.SZ,20250124,35.5,7.0964,8.9314,1.59,32.3239,22.9059,3.0244,5.0024,3.9329,1.2587,1.2587,25621.3786,16636.3588,13218.2637,909558.9403,590590.7374
603015.SH,20250124,12.3,9.9322,21.4546,0.67,77.7249,62.1678,3.6996,6.8918,5.9103,1.2195,1.2195,40421.9,40421.9,18712.97,497189.37,497189.37
301176.SZ,20250124,17.22,5.3153,6.5716,0.6,,,1.8594,2.2803,2.1508,0.0,,16906.6667,5635.5556,4558.2467,291132.8006,97044.2674
301059.SZ,20250124,10.9,1.4504,4.5389,0.93,72.0031,49.9241,4.4002,8.5583,6.8005,0.9106,0.9106,23115.4,20673.7026,6606.5383,251957.86,225343.3583
600768.SH,20250124,8.96,1.9886,3.1691,1.02,76.1398,112.0005,3.069,3.6409,3.0258,0.0,1.1161,13374.72,13374.72,8392.7118,119837.4912,119837.4912
300051.SZ,20250124,6.4,1.3457,1.6801,1.06,,,8.9792,9.7191,5.8116,0.0,,37197.669,36566.7415,29289.0649,238065.0816,234027.1456
002028.SZ,20250124,80.68,1.1829,1.3059,1.32,40.1698,30.0172,5.0428,5.0266,4.0516,0.4944,0.4944,77629.6709,60472.0138,54776.3172,6263161.8482,4878882.0734
002965.SZ,20250124,47.04,24.4318,27.4664,1.46,23.6172,24.1045,2.3462,1.6843,1.4391,1.2757,1.2757,20420.8638,15273.3138,13585.8138,960597.4332,718456.6812
300635.SZ,20250124,9.34,2.8039,3.275,0.95,497.3642,1217.0677,2.8484,1.8556,1.7935,0.1042,0.1042,14013.4,11976.7532,10254.1555,130885.156,111862.8749
300643.SZ,20250124,12.21,1.2933,2.5981,1.12,23.5132,23.4886,2.5575,2.6389,2.6986,1.3015,1.3015,23073.9261,23022.4011,11460.7765,281732.6377,281103.5174
300207.SZ,20250124,21.92,1.1659,1.5214,0.89,37.5954,27.2505,1.7396,0.8453,0.7807,0.548,0.548,184580.6346,171168.5196,131179.3336,4046007.5104,3752013.9496
601995.SH,20250124,31.81,0.3572,1.0577,1.06,24.9434,34.8466,1.7259,6.6792,8.093,0.8488,0.8488,482725.6868,292354.244,98738.676,15355504.0971,9299788.5016
603019.SH,20250124,66.5,2.928,3.5029,0.81,53.0002,52.4503,5.0724,6.7794,6.6482,0.2556,0.2556,146320.3784,145861.1684,121922.3403,9730305.1636,9699767.6986
601288.SH,20250124,5.04,0.134,1.4038,1.01,6.5486,6.3824,0.7047,2.5386,2.5138,4.5813,6.8908,34998303.3873,31924421.0777,3046381.2889,176391449.072,160899082.2316
600612.SH,20250124,51.58,0.3673,1.2016,0.68,12.185,13.3195,2.188,0.3777,0.4355,3.7805,3.7805,52311.7764,31710.963,9693.7837,2698241.4267,1635651.4715
002248.SZ,20250124,8.12,3.0698,3.7212,1.03,,,34.9613,8.9384,8.0552,0.0,,30749.56,30749.56,25366.98,249686.4272,249686.4272
300376.SZ,20250124,3.52,0.4178,0.9793,0.83,14.56,43.0774,1.1698,1.71,2.4164,1.392,1.392,232824.0476,232743.4901,99284.6609,819540.6476,819257.0852
600686.SH,20250124,14.4,4.821,8.8503,0.59,137.4957,108.9327,3.2479,0.5322,0.5237,0.2431,0.2431,71704.7417,71704.7417,39059.3771,1032548.2805,1032548.2805
000623.SZ,20250124,16.5,0.8659,1.1938,1.34,13.5164,13.8015,0.6861,5.721,6.5669,4.8485,4.8485,119589.5387,119107.9343,86399.8594,1973227.3886,1965280.916
001965.SZ,20250124,12.61,0.2542,0.9492,1.12,12.7101,13.1014,1.3356,8.8379,7.0306,4.2109,4.2109,682033.7394,682033.7394,182688.0727,8600445.4538,8600445.4538
600120.SH,20250124,4.63,2.199,4.3866,1.84,32.6061,32.416,1.0143,1.0232,1.503,1.2276,1.2276,341538.1492,341538.1492,171211.5538,1581321.6308,1581321.6308
688175.SH,20250124,16.55,2.3278,2.3453,1.07,46.4737,,1.1807,6.0051,7.5378,0.8682,0.8682,12931.7,5777.7,5734.5374,214019.635,95620.935
603098.SH,20250124,9.28,0.8095,2.3293,1.26,86.649,98.677,1.818,1.4249,1.8848,0.5388,0.5388,53969.9978,53879.9978,18724.5546,500841.5796,500006.3796
600603.SH,20250124,9.73,0.3547,0.7883,1.18,20.5254,31.8524,1.7305,2.4277,3.2083,0.0,,123055.0151,123055.0151,55373.5941,1197325.2969,1197325.2969
000925.SZ,20250124,7.1,2.8422,3.0123,0.91,83.6761,,1.4754,2.0711,2.3216,0.2086,0.2086,67820.7158,54487.2112,51409.5339,481527.0822,386859.1995
688326.SH,20250124,85.1,3.9153,5.8638,3.35,,,2.3814,2.1827,1.903,,,11997.6,7958.9371,5314.25,1020995.76,677305.5472
605222.SH,20250124,15.55,0.5959,2.034,0.85,15.3644,28.484,1.4348,0.2785,0.2851,1.0289,1.0289,41813.732,41290.082,12097.092,650203.5326,642060.7751
688536.SH,20250124,90.49,1.1999,1.9506,0.52,,,2.2312,10.9729,10.6324,,,13260.1444,13260.1444,8157.0888,1199910.4668,1199910.4668
000505.SZ,20250124,5.84,0.8025,1.7179,0.99,41.4799,82.3951,1.3505,0.3567,0.3179,1.2158,1.2158,72695.0251,63238.0336,29543.0315,424538.9466,369310.1162
688203.SH,20250124,9.79,0.7018,0.9867,1.27,45.5629,49.9552,1.3252,2.634,2.3005,0.8172,0.8172,20267.8068,11772.7907,8374.098,198421.8286,115255.621
300722.SZ,20250124,25.3,1.0559,3.1667,0.92,92.4588,88.1413,11.3148,18.018,16.0088,0.527,0.527,27675.648,27675.648,9228.0606,700193.8944,700193.8944
688981.SH,20250124,97.85,2.3737,2.905,0.6,161.838,202.509,5.4003,17.2488,14.4457,,,797664.5758,198835.9129,162473.1731,78051478.742,19456094.0773
300584.SZ,20250124,19.52,1.9176,2.7376,1.17,64.5013,55.7582,2.3191,4.5235,4.6812,0.2561,0.2561,12000.0,8211.8621,5752.1881,234240.0,160295.5482
003040.SZ,20250124,14.1,6.9981,14.455,1.79,92.3635,,4.6155,4.8658,6.0267,1.078,1.078,46113.5972,45685.0258,22117.5708,650201.7205,644158.8638
688032.SH,20250124,105.09,0.9318,2.5997,1.22,25.4738,38.1225,2.0836,6.4358,6.9226,2.279,2.279,12407.3545,12407.3545,4447.2955,1303888.8844,1303888.8844
605128.SH,20250124,36.87,2.3442,4.496,2.39,52.5641,35.23,3.0497,3.156,2.3994,0.626,0.626,12998.9228,11840.516,6173.596,479270.2836,436559.8249
000983.SZ,20250124,7.45,0.4333,0.8293,0.94,6.2461,10.6289,1.1518,0.7617,0.8826,10.7383,10.7383,567710.1059,464021.3529,242458.7911,4229440.289,3456959.0791
688338.SH,20250124,23.01,0.6183,1.1442,1.14,20.8903,21.6621,1.4934,8.8655,8.203,1.1299,1.1299,10614.24,10614.24,5736.2255,244233.6624,244233.6624
002638.SZ,20250124,2.1,1.726,2.7752,1.09,,,1.2325,9.167,8.0631,0.0,,143659.4349,134705.7259,83777.8869,301684.8133,282882.0244
301195.SZ,20250124,32.02,2.6843,3.1917,1.12,18.7983,20.9582,1.8106,4.1962,3.8039,2.0974,2.0974,13206.984,4964.349,4175.2185,422887.6277,158958.455
002081.SZ,20250124,3.39,0.5916,1.1694,1.22,8.7899,14.0423,0.6649,0.4459,0.491,2.9499,2.9499,265532.3689,264343.9115,133726.3803,900154.7306,896125.86
300423.SZ,20250124,6.83,2.4517,2.9194,0.92,,,2.2821,1.697,2.6766,0.0,,49751.129,33241.6569,27916.3447,339800.2111,227040.5166
603102.SH,20250124,34.91,1.1115,1.1115,0.82,13.2152,14.2284,1.4111,2.5644,2.6439,2.1141,2.1141,6400.0,3578.935,3578.935,223424.0,124940.6209
300359.SZ,20250124,5.13,2.5674,4.0689,0.96,503.688,,4.9383,5.0464,6.2869,0.0,,63333.3422,63330.1697,39960.3938,324900.0455,324883.7706
002452.SZ,20250124,7.65,3.3662,3.5353,1.12,27.4187,24.9606,2.0332,3.1777,3.0405,0.8956,0.8956,62033.2085,51590.479,49123.768,474554.045,394667.1644
688088.SH,20250124,50.5,4.8368,8.9498,1.05,228.9482,212.9821,7.7812,30.226,27.3357,0.7319,0.7319,40117.04,40117.04,21680.6248,2025910.52,2025910.52
002853.SZ,20250124,11.62,16.3934,24.4355,1.42,25.2111,66.5302,1.6392,1.6472,2.0515,1.6877,1.6877,18654.2748,13233.1615,8877.9093,216762.6732,153769.3366
002044.SZ,20250124,4.31,0.8342,1.1491,1.28,33.3658,55.375,2.2045,1.5487,1.5597,0.4408,0.4408,391425.3923,387244.872,281103.822,1687043.4408,1669025.3983
000151.SZ,20250124,13.18,1.2363,1.8742,0.77,,,8.3406,1.4496,2.568,0.0,,33737.0728,30793.4695,20311.8595,444654.6195,405857.928
600152.SH,20250124,5.57,0.9911,1.5493,0.64,,,1.6354,1.7624,1.8456,0.0,,52907.9375,52907.9375,33846.5709,294697.2119,294697.2119
300049.SZ,20250124,32.44,4.8151,5.1807,3.0,85.0756,66.2612,5.3711,7.4892,6.5134,0.0,,26635.61,23350.1342,21702.1687,864059.1884,757478.3534
600540.SH,20250124,3.88,1.5647,1.9466,1.18,153.3739,,3.3659,2.3216,2.1413,0.0,,58137.696,58137.696,46732.833,225574.2605,225574.2605
300741.SZ,20250124,16.21,0.1982,1.0491,1.09,26.3423,42.2271,1.4067,6.7245,6.7438,3.2079,3.2079,61588.0,61587.715,11637.715,998341.48,998336.8602
002686.SZ,20250124,5.29,1.7009,2.9793,0.74,145.3602,237.3965,1.8181,1.8721,1.9128,0.3781,0.3781,56623.9133,52273.2608,29843.7027,299540.5014,276525.5496
300810.SZ,20250124,18.87,2.1045,3.894,1.29,,,2.9609,13.535,13.154,0.1047,0.1047,11805.0,11398.67,6160.2516,222760.35,215092.9029
920876.BJ,20250124,20.16,10.5178,17.6334,2.76,271.2097,736.2521,5.1075,2.7566,2.8401,0.248,0.248,6418.0659,3822.2694,2279.8759,129388.2085,77056.9511
600927.SH,20250124,12.6,0.2415,1.5753,1.01,25.1723,31.1602,1.4623,0.7699,0.7737,1.0397,1.0397,145555.5556,145555.5556,22312.2187,1834000.0006,1834000.0006
688157.SH,20250124,37.0,0.5146,1.0907,0.56,50.9729,41.872,3.1663,7.01,5.8937,0.5925,0.5925,11173.6486,11173.6486,5271.2353,413424.9982,413424.9982
002587.SZ,20250124,5.96,3.8935,4.2425,0.81,281.8397,,2.921,5.9016,6.1419,1.0052,1.0052,65154.4156,51522.2984,47284.2056,388320.317,307072.8985
920199.BJ,20250124,21.43,2.5169,5.4745,0.63,33.2581,44.9388,2.8348,4.3714,5.0861,1.3999,1.3999,6810.98,3720.1495,1710.3488,145959.3014,79722.8038
603327.SH,20250124,12.14,0.7637,2.9229,0.79,33.488,53.088,4.4767,4.8923,4.2024,2.1782,2.1782,76807.7277,76807.7277,20067.1437,932445.8143,932445.8143
601311.SH,20250124,8.24,0.6937,1.1635,1.13,16.8884,14.668,1.024,0.6866,0.6402,3.2767,3.2767,117314.6118,117314.6118,69950.2078,966672.4012,966672.4012
002512.SZ,20250124,4.41,2.8551,3.7607,0.86,,,10.8674,2.5724,2.685,0.0,,114709.4532,104845.4958,79597.9456,505868.6886,462368.6365
600966.SH,20250124,4.73,0.6866,1.3419,1.51,34.7749,14.9161,0.9337,0.3383,0.3331,0.5753,0.5753,133684.4288,133684.4288,68397.8451,632327.3482,632327.3482
600358.SH,20250124,3.48,10.6638,14.1369,0.49,,,14.4364,3.236,3.9756,0.0,,50493.666,50493.666,38088.2934,175717.9577,175717.9577
002893.SZ,20250124,9.38,3.3408,4.5923,1.41,47.2262,40.0462,2.128,2.2791,2.2787,0.8529,0.8529,26364.0,20277.8618,14751.7331,247294.32,190206.3437
300648.SZ,20250124,21.63,1.9068,2.4875,1.12,,,3.9143,3.5255,3.1345,0.0,,14778.3896,10618.9439,8140.0483,319656.567,229687.7566
002382.SZ,20250124,4.76,0.5423,0.7088,0.96,,,0.5544,0.973,0.7994,0.0,,100712.8578,99969.6703,76491.558,479393.2031,475855.6306
002243.SZ,20250124,8.05,0.9977,2.0106,1.03,29.6129,55.9067,1.3587,3.8737,4.1431,1.118,1.118,121060.4219,120414.229,59748.4831,974536.3963,969334.5435
688147.SH,20250124,25.63,2.749,2.749,1.0,43.3826,44.0863,4.5791,6.9835,5.3261,0.3311,0.3311,45767.8129,9767.8129,9767.8129,1173029.0446,250349.0446
002898.SZ,20250124,9.94,4.0639,6.471,1.23,183.5009,1153.6028,3.3091,5.632,5.7549,0.2012,0.2012,17600.0,10126.2561,6359.4096,174944.0,100654.9856
002760.SZ,20250124,15.44,1.8086,2.869,1.3,,,1.884,2.4136,2.7455,0.6378,0.6378,10798.8706,10798.8706,6807.7143,166734.5621,166734.5621
002963.SZ,20250124,11.18,2.205,3.9307,1.02,94.4009,146.2312,1.0961,3.1239,3.4657,0.0,,15035.993,12299.4048,6899.453,168102.4017,137507.3457
688728.SH,20250124,13.47,0.5575,1.2549,0.84,726.0836,5282.9998,4.5998,7.4576,5.8321,0.0443,0.0443,260058.6667,144888.7173,64373.5706,3502990.2404,1951651.022
300059.SZ,20250124,24.09,3.5402,3.929,0.97,46.4118,47.3783,4.9423,97.8137,124.0723,0.166,0.166,1578554.2475,1335927.8683,1203726.1912,38027371.8223,32182502.3473
600616.SH,20250124,5.24,1.0466,1.6487,0.9,33.5339,,1.8159,6.1199,6.1854,0.9542,0.9542,66900.495,66900.495,42471.3015,350558.5938,350558.5938
300831.SZ,20250124,15.5,5.5123,5.5123,0.78,225.255,68.3643,5.4537,42.4465,24.8835,0.1462,0.1462,32000.0,18448.424,18448.424,496000.0,285950.572
688126.SH,20250124,18.05,0.4946,0.837,0.61,265.8187,,3.8307,15.5429,15.1239,0.2216,0.2216,274717.7186,272029.8399,160729.8399,4958654.8207,4910138.6102
301011.SZ,20250124,29.27,9.0917,17.1671,1.08,82.6391,55.8578,5.8737,5.2601,4.4114,0.6833,0.6833,14669.2,14380.8438,7616.1288,429367.484,420927.298
000661.SZ,20250124,93.12,0.5845,0.7995,0.88,8.382,10.2431,1.6217,2.6082,2.6619,4.7637,4.7637,40798.1429,39952.7581,29209.9104,3799123.0668,3720400.8343
301157.SZ,20250124,54.15,23.0885,28.0295,0.72,85.9373,80.8156,3.028,11.5391,10.2573,0.277,0.277,6000.0,2066.0055,1701.8155,324900.0,111874.1978
301279.SZ,20250124,21.57,6.9781,6.9781,1.22,43.927,50.7089,1.6439,3.3146,3.4627,1.3879,1.3879,10000.0,2875.0,2875.0,215700.0,62013.75
000889.SZ,20250124,2.34,1.9597,2.648,1.34,,,19.449,1.5333,1.5141,0.0,,93629.1116,86984.9676,64375.7658,219092.1211,203544.8242
002643.SZ,20250124,10.36,1.5287,2.5945,0.76,12.6288,19.9291,1.3691,2.2381,2.4756,2.8958,2.8958,93010.6155,90932.557,53580.1408,963589.9766,942061.2905
001211.SZ,20250124,22.4,3.997,7.3201,1.02,,255.8001,1.8796,1.5956,1.278,0.0,,7200.0,6699.6575,3658.2261,161280.0,150072.328
002466.SZ,20250124,30.99,2.0219,3.0111,1.63,6.9699,,1.169,1.2557,2.9624,4.3549,4.3549,164122.1583,147628.7,99129.0691,5086145.6857,4575013.413
603005.SH,20250124,28.95,4.7924,5.6896,0.72,125.7889,84.3299,4.47,20.6729,17.7904,0.159,0.159,65217.1706,65217.1706,54932.194,1888037.0889,1888037.0889
002956.SZ,20250124,16.05,0.8914,2.0378,0.61,31.036,27.2897,2.3986,2.2707,1.9078,1.9155,1.9155,22324.6885,22322.4301,9764.5313,358311.2504,358275.0031
600975.SH,20250124,5.85,1.8123,2.7181,1.37,,,2.4649,1.3101,1.0498,0.0,,126129.2033,101695.6114,67804.709,737855.8393,594919.3267
000710.SZ,20250124,8.1,1.9706,2.8,0.88,,,1.528,2.487,2.5833,0.0,,35352.1465,31825.8593,22398.9288,286352.3867,257789.4603
300147.SZ,20250124,9.52,3.0089,3.8938,0.95,,,3.6883,2.738,2.9912,0.0,,66127.9045,65745.9042,50804.9121,629537.6508,625901.008
603380.SH,20250124,25.43,1.6651,3.9557,1.03,30.6116,24.1711,2.8088,2.1284,1.9374,1.0079,1.0079,16044.12,16044.12,6753.6,408001.9716,408001.9716
002753.SZ,20250124,6.27,1.2477,1.7587,0.77,23.2399,18.9726,1.0312,0.5162,0.5381,2.156,2.156,37569.3668,24280.3044,17225.8518,235559.9298,152237.5086
002655.SZ,20250124,12.09,2.1747,2.5002,1.0,78.1829,54.2051,6.5495,4.3629,4.7845,0.2481,0.2481,36000.0,35989.0825,31304.281,435240.0,435108.0074
600585.SH,20250124,24.44,0.2879,0.5561,1.13,12.4174,18.618,0.6982,0.9185,1.1763,3.9061,3.9061,529930.2579,399970.2579,207083.2565,12951495.5031,9775273.1031
300451.SZ,20250124,4.14,4.5907,6.0311,1.7,174.8062,,1.379,3.969,3.9405,0.2408,0.2408,154912.4692,152669.377,116209.5801,641337.6225,632051.2208
301358.SZ,20250124,44.34,1.4566,1.4566,0.55,21.2426,63.4106,2.9226,0.8119,1.4657,0.9427,0.9427,75725.307,38343.3146,38343.3146,3357660.1124,1700142.5694
605369.SH,20250124,28.98,0.6069,2.1585,0.72,41.8473,28.1416,2.8215,4.6833,4.1574,1.7664,1.7664,15757.8415,15757.8415,4430.5815,456662.2467,456662.2467
002364.SZ,20250124,14.34,15.2558,25.7841,0.75,205.3141,85.0674,3.4221,5.1957,4.6016,0.3487,0.3487,56356.496,55810.4435,33021.5731,808152.1526,800321.7598
300747.SZ,20250124,18.76,1.2982,2.2223,1.29,48.7342,64.1455,3.2258,2.8796,3.0752,0.6397,0.6397,56482.1828,50927.3642,29749.7809,1059605.7493,955397.3524
601065.SH,20250124,8.62,0.6793,1.1636,0.83,11.1923,11.153,1.3015,1.9188,2.0608,4.0603,4.0603,64277.6079,41625.6079,24302.1285,554072.9801,358812.7401
002501.SZ,20250124,1.59,2.4937,3.2191,0.81,,,5.926,11.8367,16.5824,0.0,,355000.0,354999.9006,274999.9006,564450.0,564449.842
300540.SZ,20250124,24.75,1.8152,3.1283,0.85,125.3778,97.5406,3.9063,6.1241,5.0033,0.0,,16537.5993,14513.093,8421.4016,409305.5827,359199.0518
603856.SH,20250124,10.84,0.7055,2.1126,1.29,18.9755,17.3859,1.1732,1.0675,1.0517,1.585,1.585,28205.606,25641.46,8563.6097,305748.769,277953.4264
301090.SZ,20250124,6.59,0.6826,1.5734,1.3,25.6999,,1.4391,0.5687,0.5682,0.5918,0.5918,148635.8853,62521.9194,27121.9719,979510.4841,412019.4488
002152.SZ,20250124,11.35,1.0697,2.1412,1.35,28.8523,31.4115,2.2921,3.1168,2.7056,1.7621,1.7621,248338.2898,248213.3713,124008.9459,2818639.5892,2817221.7643
002369.SZ,20250124,6.19,7.0317,8.0625,0.84,,,6.2677,2.2671,2.5161,0.0,,56695.628,56565.0605,49333.3433,350945.9373,350137.7245
688109.SH,20250124,25.52,1.3353,3.2353,1.16,161.88,49.9757,2.5746,4.6179,4.4269,1.1463,1.1463,7884.23,7884.23,3254.1759,201205.5496,201205.5496
600679.SH,20250124,12.83,5.1374,12.9211,0.83,145.9631,105.7994,2.974,3.801,2.8869,0.1871,0.1871,51529.4257,34369.4257,13665.2715,661122.5317,440959.7317
603260.SH,20250124,51.87,0.0991,0.4627,0.77,23.3797,32.3989,1.8794,2.3067,2.2654,1.3019,1.3019,118220.6941,118220.6941,25310.1712,6132107.403,6132107.403
300970.SZ,20250124,11.74,2.1801,2.7992,0.98,46.4984,,0.9397,1.4165,1.439,1.6375,1.6375,12020.24,9306.0929,7247.8146,141117.6176,109253.5306
601339.SH,20250124,5.17,0.4687,1.8232,1.14,15.3812,21.3131,0.8013,1.1213,0.9818,5.7633,5.7633,149956.9,149956.9,38548.2228,775277.173,775277.173
002019.SZ,20250124,10.59,1.8504,2.2479,1.73,,,1.5132,3.1665,2.5784,0.9443,0.9443,121639.0085,84147.408,69267.2503,1288157.1,891121.0507
301633.SZ,20250124,88.17,10.0144,10.0144,0.8,56.7666,43.1075,5.5191,8.9766,8.5307,,,5568.0,1392.0,1392.0,490930.56,122732.64
600439.SH,20250124,3.24,1.7035,2.5696,0.94,298.1265,527.3896,1.3418,2.9926,2.9587,0.3086,0.3086,113198.544,113198.544,75044.7223,366763.2826,366763.2826
002304.SZ,20250124,80.44,0.2989,0.7783,1.44,12.0986,14.4412,2.2652,3.6581,3.9914,5.7931,5.7931,150644.5074,150270.6768,57714.7766,12117844.1753,12087773.2418
300771.SZ,20250124,10.55,3.3194,3.9444,1.58,103.1698,35.708,1.3155,6.1765,5.2791,0.9281,0.9281,24000.0,18119.9138,15248.7878,253200.0,191165.0906
688600.SH,20250124,14.87,0.8952,1.6193,0.6,45.7218,,2.6492,2.5457,2.7161,1.2853,1.2853,13470.849,13470.849,7447.0147,200311.5246,200311.5246
301336.SZ,20250124,58.17,4.8352,5.3928,0.48,97.5144,98.6208,2.8997,7.6324,7.7254,0.2524,0.2524,4000.0,2574.6624,2308.4694,232680.0,149768.1118
301285.SZ,20250124,29.7,3.0852,3.0852,0.56,198.0156,169.8793,5.779,8.5172,7.1379,0.3102,0.3102,20667.0,7870.9808,7870.9808,613809.9,233768.1298
603266.SH,20250124,16.13,1.2074,3.1381,0.79,28.7726,29.9314,2.1788,2.4348,2.3849,1.0539,1.0539,19888.675,19888.675,7651.923,320804.3278,320804.3278
603076.SH,20250124,22.26,0.9714,1.9347,1.61,136.4525,115.9239,2.0204,1.6266,1.8163,0.6739,0.6739,12070.1344,12070.1344,6060.3001,268681.1917,268681.1917
300880.SZ,20250124,22.0,1.5732,3.5638,0.69,27.9029,19.5234,4.0993,4.7179,3.9458,1.357,1.357,19513.728,19510.953,8612.7738,429302.016,429240.966
300175.SZ,20250124,5.24,1.688,2.2196,0.84,,,4.3596,11.2014,10.2858,0.0,,47080.0,47080.0,35804.704,246699.2,246699.2
301281.SZ,20250124,28.29,1.7962,2.9299,0.82,39.7657,61.0657,2.292,6.8446,6.9978,1.0604,1.0604,10829.0,6885.2,4221.0,306352.41,194782.308
300508.SZ,20250124,28.25,4.0705,6.114,1.48,78.4877,42.9589,4.0999,7.0318,6.7182,0.2813,0.2813,10983.612,5722.7246,3810.0134,310287.039,161666.97
002058.SZ,20250124,8.96,0.9112,1.717,0.44,,,9.6831,8.2077,7.4224,0.0,,14344.8332,14311.7781,7595.1925,128529.7055,128233.5318
688303.SH,20250124,21.36,1.864,1.9204,0.96,7.9514,,1.0931,2.8061,4.8459,1.9495,1.9495,214520.5724,55270.5724,53645.5724,4582159.4265,1180579.4265
600262.SH,20250124,18.0,0.9804,1.9776,1.16,21.5928,19.5334,1.9693,1.2732,1.1995,1.3944,1.3944,17000.0,17000.0,8427.8501,306000.0,306000.0
002375.SZ,20250124,3.69,0.7933,1.7111,1.06,19.7637,19.4297,0.6204,0.3842,0.4001,0.5253,0.5253,133999.6498,132679.3698,61510.567,494458.7078,489586.8746
000799.SZ,20250124,45.81,3.0942,4.4843,2.18,27.1717,118.5275,3.7112,5.2603,7.9248,2.1829,2.1829,32492.898,32492.898,22420.1689,1488499.6574,1488499.6574
300333.SZ,20250124,15.55,13.4831,15.7434,0.89,,,8.2759,36.1484,35.0142,0.0,,33600.0,33478.0067,28671.4571,522480.0,520583.0042
301230.SZ,20250124,25.69,5.5949,7.0962,1.67,95.323,517.5443,3.4789,7.3226,6.9779,1.364,1.364,13958.6605,7686.0305,6059.9445,358597.9882,197454.1235
002386.SZ,20250124,4.09,0.6833,0.9825,0.56,133.2111,,0.6797,0.2899,0.4173,1.956,1.956,130164.7073,130142.1867,90519.404,532373.6529,532281.5436
300720.SZ,20250124,18.31,1.9098,4.6527,1.28,98.6078,79.6674,6.1838,15.8235,14.4675,1.42,1.42,19487.7256,17330.2051,7113.4876,356820.2557,317316.0554
600006.SH,20250124,6.88,1.83,4.5873,0.79,68.7858,286.113,1.6915,1.14,1.2646,0.4375,0.4375,200000.0,200000.0,79785.462,1376000.0,1376000.0
603520.SH,20250124,8.3,1.5103,2.079,0.5,82.2661,261.965,1.3647,1.657,1.5356,0.6024,0.6024,43840.9881,43840.9881,31848.3625,363880.2012,363880.2012
300703.SZ,20250124,15.95,12.9696,19.3906,1.26,37.4933,41.2398,3.4195,2.1175,1.6512,0.9404,0.9404,18039.184,16966.1583,11347.9458,287724.9848,270610.2249
002983.SZ,20250124,18.52,1.0201,2.0517,0.9,24.8533,39.0274,3.1821,3.5162,4.4618,1.5726,1.5726,22329.4598,12809.9077,6368.7372,413541.5955,237239.4906
002668.SZ,20250124,12.77,1.5276,3.4323,0.87,17.6001,13.6404,6.2166,0.912,0.6583,0.0,,108411.1428,108411.1428,48250.6196,1384410.2936,1384410.2936
920694.BJ,20250124,15.29,1.1622,2.1444,1.02,12.3637,14.083,1.9691,2.345,2.4881,1.9621,1.9621,10229.8,4806.957,2605.2026,156413.642,73498.3725
600960.SH,20250124,3.24,1.2022,2.1763,1.21,,,0.6787,0.6594,0.6895,0.0,,95051.5518,95051.5518,52508.6638,307967.0278,307967.0278
601099.SH,20250124,4.04,2.8683,3.2197,0.95,109.9114,202.7337,2.8644,20.0905,22.9389,0.0,,681631.637,681631.637,607227.6395,2753791.8135,2753791.8135
600526.SH,20250124,4.46,0.8187,1.2279,0.88,17.3614,15.4285,0.9275,0.9116,0.9817,0.0,,88970.314,71162.6073,47448.3375,396807.6004,317385.2286
300938.SZ,20250124,30.93,4.5229,6.6308,1.05,30.4879,28.7497,4.5146,7.3399,6.9261,0.7013,0.7013,16122.5135,11271.9572,7688.6086,498669.3426,348641.6362
002968.SZ,20250124,8.92,1.5212,3.0973,0.85,12.6049,14.3208,1.6738,0.6455,0.5917,3.1746,4.2885,22627.7783,21338.4008,10479.7082,201839.7824,190338.5351
300793.SZ,20250124,18.08,8.1273,11.4687,1.14,51.8661,138.6037,2.2755,2.8939,2.7497,0.7291,0.7291,38052.2732,37206.4232,26366.4232,687985.0995,672692.1315
002378.SZ,20250124,6.75,0.6827,1.7183,0.77,56.3334,44.971,3.841,2.3848,2.1887,0.8889,0.8889,120141.7666,119508.9584,47483.8528,810956.9246,806685.4692
600488.SH,20250124,4.14,0.4466,1.0176,0.8,38.6187,29.7398,1.4837,1.195,1.2852,2.1054,2.1054,109188.668,109188.668,47915.0231,452041.0855,452041.0855
001268.SZ,20250124,19.34,6.8863,7.1676,1.69,33.7448,31.6268,2.0986,3.1616,2.9819,1.2889,1.2889,10793.3334,4009.9034,3852.5459,208743.068,77551.5318
601198.SH,20250124,11.04,1.4056,2.5557,0.93,43.5336,27.6014,1.3019,7.5364,3.6433,1.413,1.413,323244.552,323244.552,177784.5036,3568619.8541,3568619.8541
600276.SH,20250124,44.64,0.5494,0.9014,1.09,66.1855,52.2662,6.5061,12.4786,10.9542,0.4473,0.4473,637900.2274,637900.2274,388806.5783,28475866.1511,28475866.1511
601607.SH,20250124,19.75,0.3821,0.9624,0.78,19.4354,18.1926,1.0326,0.2813,0.2688,2.4772,2.4772,370797.1839,193619.0739,76876.0202,7323244.382,3823976.7095
002458.SZ,20250124,8.71,1.1767,1.3625,1.5,17.8198,61.1043,2.2201,2.9885,3.5429,2.2962,3.4308,110641.2915,74886.8285,64675.1303,963685.649,652264.2762
600882.SH,20250124,17.91,0.903,1.9019,0.86,144.561,80.0232,2.0938,2.265,2.0076,0.0,,51205.3647,51205.3647,24310.0793,917088.0818,917088.0818
001283.SZ,20250124,58.05,3.5039,3.5039,1.14,94.6338,66.8264,2.1018,1.0482,0.895,0.8023,0.8023,8199.6137,5785.5721,5785.5721,475987.5753,335852.4604
000718.SZ,20250124,2.22,1.4968,2.2666,1.15,36.9909,43.9327,0.7092,3.1876,2.823,3.6036,3.6036,303463.6384,228343.5622,150788.4561,673689.2772,506922.7081
002141.SZ,20250124,1.55,0.8632,1.2428,2.02,,,1.7292,18.1854,24.299,0.0,,103293.5798,103293.5798,71748.5151,160105.0487,160105.0487
920174.BJ,20250124,26.26,1.5241,2.7559,0.78,14.4397,16.7023,3.1425,2.4773,2.7647,1.112,1.112,9000.8718,8670.5112,4795.0032,236362.8935,227687.6241
600500.SH,20250124,3.75,0.5909,1.2937,1.13,,,0.8926,0.248,0.2652,0.0,,358852.3593,358672.2753,163817.1275,1345696.3474,1345021.0324
300542.SZ,20250124,20.23,2.7838,4.4358,1.15,166.0925,158.8084,9.6218,3.4812,3.8757,0.0692,0.0692,29855.9899,24638.5295,15462.6629,603986.6757,498437.4518
000423.SZ,20250124,59.7,1.059,1.5923,1.18,33.4053,25.3065,3.8787,8.1534,6.8454,4.8978,4.8978,64397.6824,64397.6824,42826.5351,3844541.6393,3844541.6393
300015.SZ,20250124,12.38,0.6125,1.1602,1.03,34.3772,31.8149,5.6594,5.6693,5.5994,1.2079,1.2079,932701.4495,793142.1328,418716.3846,11546843.9448,9819099.6041
300699.SZ,20250124,31.12,2.7373,4.4091,1.79,29.6296,34.6261,4.6687,10.2759,10.5601,1.5944,1.5944,83135.2,82144.3049,50997.0687,2587167.424,2556330.7685
600460.SH,20250124,25.85,1.6753,2.4502,0.98,,235.9058,3.5667,4.6058,4.0568,0.0,,166407.1845,166407.1845,113780.4915,4301625.7193,4301625.7193
002389.SZ,20250124,17.43,0.933,1.5126,1.07,112.8494,974.9582,2.1804,6.0421,7.0969,0.3431,0.3431,99360.9682,99082.3202,61110.7705,1731861.6757,1727004.8411
688625.SH,20250124,37.33,0.1017,0.3213,0.69,22.3406,19.7016,4.0328,6.3177,5.8532,1.9669,2.8848,13532.7698,13532.7698,4282.7698,505178.2966,505178.2966
000650.SZ,20250124,5.59,1.0758,1.4567,1.17,13.7956,17.6827,1.2834,1.5551,1.7932,3.5778,3.5778,139993.8234,133138.5834,98324.1448,782565.4728,744244.6812
605058.SH,20250124,23.1,6.1377,20.4366,0.76,24.8377,27.1727,1.9658,3.0501,2.7188,1.2987,1.2987,14292.395,14292.395,4292.395,330154.3245,330154.3245
300809.SZ,20250124,33.97,5.5007,9.8206,0.81,73.1448,108.0266,5.3908,17.9745,20.3884,0.3514,0.3514,25353.92,14111.2904,7904.0272,861272.6624,479360.5349
002279.SZ,20250124,6.54,9.6001,12.4405,1.45,,,4.2328,1.6575,1.3212,0.0,,86464.7201,79972.7349,61713.5867,565479.2695,523021.6862
002957.SZ,20250124,16.05,1.4853,3.9244,1.3,37.9789,39.8849,2.2491,2.3073,2.5006,1.0706,1.0706,41076.217,41002.5366,15518.903,659273.2829,658090.7124
301067.SZ,20250124,31.55,14.9414,19.973,0.71,148.2542,272.4165,3.6407,4.4987,3.6657,0.1576,0.1576,9723.6,5600.115,4189.32,306779.58,176683.6283
000917.SZ,20250124,7.28,5.6915,6.8292,1.64,58.778,65.8103,0.9985,2.6326,2.7608,0.2747,0.2747,141755.6338,141745.9363,118131.7383,1031981.0141,1031910.4163
600604.SH,20250124,4.48,1.6583,4.1457,1.54,,,1.3332,8.2137,8.506,0.0,,187330.4804,140745.4804,56298.9292,839240.5522,630539.7522
688267.SH,20250124,22.97,0.464,0.5257,0.56,52.6227,27.4775,1.4978,7.3604,5.7114,0.8555,0.8555,17620.0,8841.1159,7803.0318,404731.4,203080.4322
301150.SZ,20250124,20.66,1.9382,2.1978,1.42,70.4698,,1.0568,1.0956,0.8399,0.3327,0.3327,18112.2202,9245.1802,8153.1802,374198.4693,191005.4229
600685.SH,20250124,23.31,0.7271,1.7562,0.89,685.4693,156.0595,1.7753,2.0407,1.7286,0.0987,0.0987,141350.6378,82143.5181,34009.7481,3294883.3671,1914765.4069
600099.SH,20250124,9.07,1.6095,2.7799,0.82,149.295,142.7924,3.8411,2.8604,2.1395,0.2426,0.2426,21912.0,21912.0,12686.308,198741.84,198741.84
920819.BJ,20250124,3.14,0.4868,1.2613,0.87,40.2265,,0.7124,0.6559,0.6635,3.1847,3.1847,122580.0,120807.075,46626.9042,384901.2,379334.2155
688466.SH,20250124,13.94,0.3776,1.2773,0.88,24.2512,31.998,1.5078,2.9965,3.0149,2.9181,2.9181,12311.9025,12311.9025,3640.0425,171627.9209,171627.9209
603815.SH,20250124,6.38,1.4897,3.066,0.78,22.7456,27.374,1.7003,0.8204,0.9004,1.3323,1.3323,61892.4235,61892.4235,30073.2415,394873.6619,394873.6619
300443.SZ,20250124,20.24,1.6456,1.8402,0.67,15.7348,27.6928,1.0693,3.3299,3.3697,1.6496,1.6496,32013.4598,24277.4045,21710.8461,647952.4264,491374.6671
300108.SZ,20250124,1.04,14.8423,14.8423,0.93,,,,2.0013,1.9085,0.0,,66601.4674,65571.9424,65571.9424,69265.5261,68194.8201
603938.SH,20250124,10.44,0.4552,1.3458,0.91,20.4388,55.9002,1.6545,1.8763,2.1829,0.4981,0.4981,38262.4497,38262.4497,12942.7416,399459.9749,399459.9749
688208.SH,20250124,41.2,4.4573,7.1075,1.41,103.8723,41.0087,5.9382,5.7264,4.816,1.8946,1.8946,45187.8028,45187.8028,28338.6422,1861737.4754,1861737.4754
301323.SZ,20250124,42.0,2.9197,6.0493,0.94,31.909,31.436,2.1564,5.7143,5.1241,0.9424,0.9424,10492.289,6700.6413,3234.0913,440676.138,281426.9346
600502.SH,20250124,4.52,0.861,1.2688,1.17,4.9945,5.3439,0.7441,0.085,0.091,5.7522,5.7522,171653.3938,171653.3938,116489.5154,775873.34,775873.34
301580.SZ,20250124,55.12,2.1794,2.1794,0.9,28.5494,26.3075,2.149,5.3763,4.8811,0.0,,7611.7527,1902.9382,1902.9382,419559.8088,104889.9536
601010.SH,20250124,2.67,2.5149,4.5197,0.5,28.9264,42.7214,1.1349,2.2784,2.5537,3.1772,3.1772,184800.0,184800.0,102827.5433,493416.0,493416.0
301126.SZ,20250124,10.34,1.5916,2.1035,0.82,61.9207,45.253,1.203,0.5441,0.4157,0.3889,0.3889,20540.32,13788.3269,10432.5125,212386.9088,142571.3001
688581.SH,20250124,58.75,0.8827,1.4573,0.75,21.8999,17.522,2.0672,9.3514,8.0619,1.7516,1.7516,8097.8794,4074.869,2468.0255,475750.4148,239398.5538
688019.SH,20250124,147.63,1.9213,2.7768,0.83,47.3657,39.7513,7.5068,15.4101,11.5477,0.1815,0.1815,12921.3274,12921.3274,8940.2338,1907575.5641,1907575.5641
300125.SZ,20250124,5.1,4.8453,6.2136,0.88,,,,1.6268,11.3684,0.0,,26759.9995,26544.2058,20698.8798,136475.9975,135375.4496
002524.SZ,20250124,3.52,1.4021,1.8799,0.81,197.1902,,6.6867,1.6978,1.9275,0.0,,51846.7074,50829.9424,37913.0716,182500.41,178921.3972
603099.SH,20250124,36.38,3.8691,9.5412,1.13,70.2688,72.2663,8.3095,15.6367,13.5178,0.2144,0.2144,26667.0,26667.0,10813.694,970145.46,970145.46
600333.SH,20250124,4.69,1.7956,4.3531,0.78,,,1.5201,1.2374,1.1662,0.0,,60903.0684,60903.0684,25121.9808,285635.3908,285635.3908
002594.SZ,20250124,279.08,0.5862,0.8319,0.72,27.0272,23.9419,5.2226,1.348,1.19,1.11,1.11,290926.5855,116245.7516,81909.4796,81191791.4813,32441864.3565
002950.SZ,20250124,9.5,2.2984,4.5925,1.13,54.493,26.7189,1.8037,2.1824,1.8868,0.2791,0.2791,63326.5407,45199.5209,22620.8373,601602.1367,429395.4486
300418.SZ,20250124,36.4,5.8967,9.0739,2.26,35.6229,147.7133,3.0143,9.1199,8.8547,0.1355,0.1355,123149.5054,123149.5054,80028.2651,4482641.9966,4482641.9966
002048.SZ,20250124,12.49,0.7248,1.1528,0.86,9.889,11.2292,0.8965,0.4376,0.4072,5.0584,5.0584,81409.5508,71006.3769,44647.379,1016805.2895,886869.6475
300438.SZ,20250124,25.97,3.6215,4.246,1.74,303.2763,,2.4197,1.8856,1.9108,0.23,0.23,50334.336,40416.5941,34472.3089,1307182.7059,1049618.9488
601636.SH,20250124,5.64,0.5295,0.9044,0.62,8.6442,12.5426,1.143,0.9651,0.9401,5.7954,5.7954,268351.6763,268351.6763,157110.3662,1513503.4543,1513503.4543
002715.SZ,20250124,14.05,1.1726,1.8042,0.72,81.532,83.3056,4.5397,3.5616,3.727,0.0,,13800.0,13800.0,8968.8196,193890.0,193890.0
002858.SZ,20250124,11.72,3.7409,4.3767,0.98,,,3.3096,4.7416,4.1569,0.0,,16391.9838,14672.7138,12541.1838,192114.0501,171964.2057
600900.SH,20250124,28.2,0.3499,0.7195,1.01,25.3315,21.2178,3.3493,8.8336,8.195,2.9078,3.6525,2446821.7716,2400725.6503,1167529.8056,69000373.9591,67700463.3385
301017.SZ,20250124,11.4,1.2789,3.758,1.3,34.7294,,2.2182,0.5028,0.4747,0.4353,0.4353,40535.2726,24335.2726,8281.5926,462102.1076,277422.1076
600073.SH,20250124,6.52,0.8313,1.3363,0.99,27.1045,21.1847,1.184,0.2733,0.2741,1.1196,1.1196,93772.9472,93772.9472,58336.4598,611399.6157,611399.6157
603916.SH,20250124,7.36,0.7451,1.4327,0.86,19.8449,32.6261,0.7691,0.8889,0.9145,2.0394,2.0394,43261.4119,42031.4119,21857.4119,318403.9916,309351.1916
688328.SH,20250124,14.7,2.4235,3.7206,1.26,,,1.469,2.487,2.8358,0.6803,0.6803,9445.6295,9445.6295,6152.461,138850.7537,138850.7537
002579.SZ,20250124,8.09,3.1892,4.836,0.74,,,2.0633,1.8889,1.7876,0.0,,61261.862,58188.3244,38373.2728,495608.4636,470743.5444
605088.SH,20250124,26.56,1.8504,3.551,0.74,17.0161,16.7455,2.1245,1.5207,1.2783,2.216,2.216,18208.9203,17690.9203,9218.5203,483628.9232,469870.8432
002568.SZ,20250124,25.15,1.3116,1.8852,1.45,32.6058,36.7344,6.031,8.0859,8.265,0.0,,104936.8955,71639.2262,49839.3166,2639162.9218,1801726.5389
001300.SZ,20250124,11.39,4.7261,4.8511,0.62,,,2.6308,8.3596,6.2886,0.0,,24377.5914,6621.9087,6451.313,277660.766,75423.5401
300462.SZ,20250124,9.52,4.9913,5.546,1.24,,,1.2465,2.8716,3.0462,0.0,,18122.1938,13673.4413,12305.8413,172523.285,130171.1612
603536.SH,20250124,10.4,4.8396,11.2098,0.65,338.5209,275.7833,5.8111,1.274,1.275,0.1923,0.1923,24464.23,24053.226,10384.4753,254427.992,250153.5504
600235.SH,20250124,5.69,1.3541,2.1255,1.24,42.7798,24.8586,1.342,1.2356,1.2542,1.0545,1.0545,35130.0,35130.0,22380.0,199889.7,199889.7
300820.SZ,20250124,51.8,1.8455,2.7578,0.74,26.6095,25.2552,4.8319,6.4865,5.838,0.7678,0.7678,22161.8988,11103.0566,7429.9706,1147986.3578,575138.3319
003000.SZ,20250124,12.3,2.3942,3.2385,0.8,26.464,19.0535,4.1328,2.6856,2.3664,3.2284,3.2284,45091.9159,30414.0441,22484.8819,554630.5656,374092.7424
920402.BJ,20250124,8.22,1.958,6.7339,2.91,11.2555,19.6133,2.0699,3.0957,4.1281,1.7295,1.7295,42206.0067,42206.0067,12272.365,346933.3751,346933.3751
601111.SH,20250124,7.56,0.3552,1.1057,0.6,,,2.8344,0.9349,0.8054,0.0,,1744842.1,1163810.9474,373886.4707,13191006.276,8798410.7623
601216.SH,20250124,5.3,1.146,3.0508,0.89,16.4227,16.0479,1.6912,2.3385,1.9136,6.0377,6.0377,843801.739,843801.739,316969.099,4472149.2167,4472149.2167
002175.SZ,20250124,4.71,13.4319,16.6247,0.84,136.8713,221.5702,9.7981,21.8909,18.3556,0.0,,127678.0727,127677.3227,103156.3185,601363.7224,601360.1899
688576.SH,20250124,61.29,1.0788,1.0797,1.53,25.9208,25.6909,1.9084,8.4329,8.5871,1.6072,1.6072,4962.7313,2547.7666,2545.7297,304165.8014,156152.6149
301040.SZ,20250124,12.52,3.4373,4.2782,0.83,,,1.4176,2.0044,2.1599,0.0,,10000.0876,7161.1951,5753.5701,125201.0968,89658.1627
605186.SH,20250124,19.37,1.1897,2.3917,1.18,43.9054,146.3154,2.4593,8.5652,10.0713,0.5163,0.5163,13600.0,13600.0,6765.1778,263432.0,263432.0
688603.SH,20250124,73.51,1.79,1.7953,0.99,105.3688,83.3023,5.6067,18.2094,16.9114,0.3161,0.3161,8395.7192,3020.2295,3011.4505,617169.3184,222017.0705
688321.SH,20250124,17.23,0.7287,1.1807,0.95,79.0911,,4.6239,13.4165,10.707,,,40779.6477,40779.6477,25167.4299,702633.3299,702633.3299
605368.SH,20250124,10.88,0.4924,1.0685,1.01,12.8238,13.9367,2.2128,1.5718,1.5619,11.656,11.656,71463.4505,66961.8429,30859.3645,777522.3414,728544.8508
688359.SH,20250124,45.26,1.2293,2.2724,1.02,,,8.6958,8.5144,7.1169,,,9357.3584,9357.3584,5062.1584,423514.0412,423514.0412
603058.SH,20250124,9.49,2.3314,4.7751,1.02,39.803,23.7562,3.4444,4.8751,4.3868,0.8425,0.8425,42005.9942,41760.8342,20388.9342,398636.885,396310.3166
002922.SZ,20250124,18.71,9.8134,13.2617,1.45,35.0567,28.8519,2.3236,2.0214,1.685,1.5763,1.5763,39220.5291,36986.4598,27369.201,733816.0995,692016.6629
603786.SH,20250124,61.84,0.2317,1.1681,0.92,41.0122,32.85,4.925,5.4002,4.3787,0.9703,0.9703,40389.03,40238.81,7980.8304,2497657.6152,2488368.0104
301585.SZ,20250124,41.29,10.7755,10.7755,0.81,35.6377,31.5527,3.5466,8.6105,7.1562,,,8000.0,1896.5755,1896.5755,330320.0,78309.6024
920271.BJ,20250124,14.4,1.348,2.3537,0.71,19.938,20.3583,3.1956,5.2029,5.1068,2.0833,2.0833,11893.0,5203.2324,2979.9926,171259.2,74926.5466
003003.SZ,20250124,9.74,5.0482,6.4078,0.58,34.3503,24.5415,1.3551,1.2156,1.4565,1.0182,1.0182,17679.83,11610.3532,9146.8407,172201.5442,113084.8402
300424.SZ,20250124,15.57,4.3698,5.1404,1.09,158.9882,106.7167,4.5909,2.4206,2.415,0.0628,0.0628,24542.6614,24484.7487,20814.1523,382129.238,381227.5373
002533.SZ,20250124,9.84,0.9915,1.3567,0.68,13.814,12.2278,1.8618,0.4722,0.4236,6.044,6.044,73394.1062,63742.6758,46586.757,722198.005,627227.9299
000761.SZ,20250124,3.27,1.1729,7.7499,2.93,,,1.044,0.2324,0.2466,0.0,,410822.8157,370822.8157,56122.8531,1343390.6073,1212590.6073
300712.SZ,20250124,24.45,1.5046,3.2405,0.92,84.4021,79.7088,3.5373,2.2542,2.0306,0.4043,0.4043,18754.6035,18660.261,8663.9933,458550.0556,456243.3815
688692.SH,20250124,390.0,3.5409,3.5409,0.96,100.1069,84.1518,9.8994,37.3163,30.332,0.2821,0.2821,7600.0,1520.0,1520.0,2964000.0,592800.0
000935.SZ,20250124,13.88,0.4701,1.5196,0.63,10.7528,18.8652,1.4359,8.6904,9.1507,2.4414,2.4414,76344.0333,76344.0333,23616.4516,1059655.1822,1059655.1822
002150.SZ,20250124,13.28,5.1546,10.9509,1.56,74.9184,37.3648,2.7239,1.9157,1.4706,0.5254,0.5254,36323.4553,35854.6553,16876.8281,482375.4864,476149.8224
301191.SZ,20250124,90.9,7.7484,8.9989,0.8,43.6603,49.5291,3.695,3.0381,3.4215,1.1001,1.1001,6934.2,2619.7963,2255.7412,630318.78,238139.4837
688439.SH,20250124,48.42,1.6644,2.5414,0.59,15.8597,20.9428,2.0022,7.4657,8.6899,1.4519,1.4519,20000.0,11391.7642,7460.6108,968400.0,551589.2226
000915.SZ,20250124,28.47,3.5997,4.6154,2.03,11.399,13.6182,2.4159,2.6856,3.1125,8.7812,8.7812,23433.1485,23420.7235,18266.2895,667141.7378,666787.998
600243.SH,20250124,2.88,8.721,10.6605,1.04,,,1.7773,3.5498,4.6836,0.0,,43885.0,43885.0,35900.5961,126388.8,126388.8
300759.SZ,20250124,25.41,1.117,1.9963,1.24,28.2141,23.9793,3.4256,3.9152,3.8299,0.7886,0.7886,177778.6009,141897.5097,79397.222,4517354.2489,3605615.7215
601059.SH,20250124,13.74,2.2168,2.2168,1.09,30.3765,35.1974,2.4429,12.7914,14.3974,0.6041,0.6041,324300.0,69160.0,69160.0,4455882.0,950258.4
600054.SH,20250124,11.02,0.7338,1.7381,0.93,19.006,26.7986,1.7373,4.1658,4.2154,1.8966,1.8966,72937.944,51330.0,21670.425,803776.1429,565656.6
603579.SH,20250124,14.14,1.0022,2.2698,1.17,12.3734,12.9632,1.3584,1.3521,1.4572,7.4636,7.4636,17738.1932,17738.1932,7832.1412,250818.0518,250818.0518
002528.SZ,20250124,2.8,0.7502,1.6023,0.73,,,8.1375,2.4031,3.0166,0.0,,119867.5082,105021.9577,49171.2582,335629.023,294061.4816
002271.SZ,20250124,12.07,1.3847,1.4609,0.84,12.9353,24.5647,1.1234,0.8959,1.0084,9.9804,9.9804,243631.5528,196234.5544,186004.2322,2940632.8423,2368551.0716
301152.SZ,20250124,28.33,2.9042,3.2524,0.5,,,2.0441,1.3768,1.7913,0.0,,11874.0007,7186.0007,6416.77,336390.4398,203579.3998
301566.SZ,20250124,14.89,5.3515,5.3515,1.57,47.7135,52.3055,4.5024,17.2283,18.3934,0.403,0.403,40001.0,21108.6773,21108.6773,595614.89,314308.205
688306.SH,20250124,8.84,6.8393,8.3016,0.95,,,6.2705,5.1809,5.0307,,,122828.28,46818.28,38571.0402,1085801.9952,413873.5952
002135.SZ,20250124,4.16,0.7783,1.3375,0.82,14.221,21.3545,0.7495,0.3571,0.3784,2.4565,2.4565,111551.5687,104386.5269,60744.8771,464054.5258,434247.9519
003013.SZ,20250124,13.48,0.7645,3.4382,0.45,12.7455,12.4478,2.1597,2.139,2.0928,3.561,3.561,40832.6898,39993.23,8892.9192,550424.6585,539108.7404
000526.SZ,20250124,41.23,2.0467,3.3554,1.0,32.9956,23.8805,6.3055,2.2933,1.9032,0.0,,12306.9709,11899.0109,7258.0596,507416.4102,490596.2194
600353.SH,20250124,7.29,1.4707,2.5335,0.91,65.3523,61.0059,3.3718,4.6013,3.9485,0.5487,0.5487,83114.1319,82881.1159,48113.8997,605902.0216,604203.3349
600750.SH,20250124,22.07,0.8617,1.5177,1.01,19.5999,18.4323,4.0795,3.1622,3.2882,5.4392,5.4392,62901.7624,62715.2478,35608.0992,1388241.8962,1384125.5189
002921.SZ,20250124,12.31,11.0692,15.4336,2.49,330.6367,,1.6018,1.4594,1.5111,0.7557,0.7557,13088.5656,11043.7659,7920.7664,161120.2425,135948.7582
002328.SZ,20250124,5.91,2.5583,2.8941,0.77,24.1618,31.3931,1.3899,0.784,0.8471,2.6396,2.6396,77177.0,57104.1396,50477.6396,456116.07,337485.465
002024.SZ,20250124,2.05,0.2341,0.67,0.68,,,1.5706,0.3033,0.3653,0.0,,926476.7618,919834.5068,321453.1001,1899277.3617,1885660.7389
603806.SH,20250124,14.46,1.8735,4.9212,2.92,20.3887,22.4906,2.3775,1.67,1.7867,1.283,1.283,260873.6456,260873.6456,99312.017,3772232.9154,3772232.9154
000563.SZ,20250124,3.58,1.4989,2.6558,0.92,16.913,13.823,1.0256,6.5088,6.263,3.0726,3.0726,511397.0358,511397.0358,288624.8934,1830801.3882,1830801.3882
600078.SH,20250124,5.63,0.8499,1.4603,0.68,,,2.1335,1.2029,1.2012,0.5506,0.5506,66257.2861,66257.2861,38563.8247,373028.5207,373028.5207
301080.SZ,20250124,48.95,1.4184,3.3976,0.5,38.2439,53.9256,2.3165,10.8047,9.8796,1.8344,2.4463,12000.0,9058.6177,3781.7574,587400.0,443419.3364
603663.SH,20250124,17.38,1.2634,2.9266,0.59,92.8876,99.1747,5.63,6.8152,6.7655,0.4315,0.4315,42346.214,42281.975,18253.4593,735977.1993,734860.7255
600815.SH,20250124,2.51,0.6534,1.4221,0.96,,,2.9258,5.4223,5.9447,0.0,,177409.448,177409.448,81509.2285,445297.7145,445297.7145
002050.SZ,20250124,31.53,4.6825,8.7267,0.95,40.2884,38.4164,6.5122,4.7921,4.5012,1.1045,1.1045,373238.9535,367045.0033,196945.8952,11768224.2039,11572928.954
300788.SZ,20250124,33.21,3.4237,12.9198,1.86,54.2719,52.5332,2.9007,3.678,3.8571,0.9335,0.9335,19015.1515,19015.1515,5039.0151,631493.1813,631493.1813
603788.SH,20250124,14.5,1.1549,2.6499,1.06,19.8868,15.8691,1.5903,2.56,2.2015,4.1379,4.1379,22306.5068,22306.5068,9722.0468,323444.3486,323444.3486
605259.SH,20250124,15.62,0.666,1.528,0.8,14.9759,15.93,1.6333,1.6564,1.3721,2.2864,2.2864,17248.0,17248.0,7517.6584,269413.76,269413.76
002117.SZ,20250124,13.4,9.8937,15.7127,0.69,42.9724,64.7089,6.0669,5.8447,6.4133,2.3272,2.3272,52372.0955,52355.468,32966.1373,701786.0797,701563.2712
920925.BJ,20250124,14.66,3.8937,5.701,0.76,121.9843,,4.1124,8.1891,10.1529,0.6762,0.6762,9768.6643,5529.5053,3776.6043,143208.6186,81062.5477
002634.SZ,20250124,3.27,1.6161,2.7555,0.73,,,1.7382,1.9678,1.188,0.0,,45935.2513,44651.4538,26188.4278,150208.2718,146010.2539
000859.SZ,20250124,5.03,2.5258,3.5634,1.04,,,1.6184,2.0164,2.0032,0.0,,89597.6271,89585.4021,63501.2387,450676.0643,450614.5726
688360.SH,20250124,21.37,2.5644,5.2931,1.03,45.9654,30.5743,2.8474,2.9084,2.5617,0.8356,0.8356,18838.9762,17406.5223,8433.1961,402588.9214,371977.3816
688737.SH,20250124,16.8,1.7609,1.9815,0.9,47.4657,,1.1079,1.3009,1.3596,,,11956.4509,7046.8552,6262.0967,200868.3751,118387.1674
300286.SZ,20250124,20.12,2.086,3.2685,0.75,21.4501,23.2275,3.1164,3.8498,4.0657,1.9881,1.9881,21471.6125,17557.3399,11205.0028,432008.8435,353253.6788
603883.SH,20250124,15.8,1.481,2.9705,1.09,12.927,14.2527,1.7901,0.5352,0.5307,5.3072,5.3072,76009.5613,75812.5735,37798.2827,1200951.0685,1197838.6613
300517.SZ,20250124,8.92,3.4539,4.635,1.59,295.5805,101.9336,1.7283,4.3056,4.4459,0.2435,0.2435,20039.9421,12401.1696,9241.2514,178756.2835,110618.4328
600638.SH,20250124,4.89,0.8084,1.4242,0.89,53.0346,91.5618,0.7366,1.0774,1.7528,0.5726,0.5726,67339.6786,67339.6786,38222.3607,329291.0284,329291.0284
300417.SZ,20250124,11.22,3.523,4.241,1.12,,79.562,3.3372,13.4549,15.9941,0.713,0.713,13456.32,8688.2863,7217.198,150979.9104,97482.5723
002756.SZ,20250124,39.35,1.14,1.4673,0.77,6.2269,16.0086,1.7268,1.7404,2.4339,6.2547,6.2547,53910.154,38869.4078,30198.6526,2121364.5599,1529511.1969
920245.BJ,20250124,37.44,1.1944,1.5934,0.62,96.8149,82.6483,5.2895,6.3013,5.6697,0.3922,0.3922,4980.0,2435.5026,1825.6283,186451.2,91185.2173
688582.SH,20250124,55.8,2.6551,3.8358,1.11,135.1511,108.2487,10.025,70.4975,56.4054,0.229,0.229,40060.64,24687.8,17088.5,2235383.712,1377579.24
300489.SZ,20250124,49.99,4.3861,7.8316,2.01,,,11.7491,6.8048,5.5265,0.0,,13767.2835,13716.3931,7681.8431,688226.5022,685682.4911
600000.SH,20250124,10.39,0.2469,0.7602,1.55,8.3093,6.7386,0.4765,1.7584,1.7861,3.0895,3.0895,2935217.8302,2935217.8302,953172.4545,30496913.2558,30496913.2558
301156.SZ,20250124,12.76,1.4928,1.9791,0.97,29.3859,41.2795,2.5034,3.6728,3.942,3.2845,3.2845,14519.144,6878.2036,5188.2917,185264.2774,87765.8779
601901.SH,20250124,7.93,0.5817,1.1439,1.19,30.3285,29.922,1.4001,9.1702,9.4838,0.8953,0.8953,823210.1395,823210.1395,418610.9592,6528056.4062,6528056.4062
002026.SZ,20250124,10.5,2.4309,3.648,0.8,28.1226,17.8674,1.322,1.9767,2.0395,1.714,1.714,44565.7639,42811.9449,28528.7023,467940.521,449525.4215
688249.SH,20250124,24.18,1.6761,2.4841,1.03,229.2139,105.7809,2.3204,6.6968,5.3888,,,200613.5157,117673.102,79399.8839,4850834.8096,2845335.6064
002412.SZ,20250124,5.88,1.0121,1.7627,0.98,14.4322,13.0906,1.4081,3.0965,3.065,0.0,,50320.0,49784.5,28583.8811,295881.6,292732.86
601777.SH,20250124,6.36,0.9562,2.6153,1.26,1187.5908,12072.3398,2.7518,4.2483,3.9646,0.0,,452110.0071,452110.0071,165299.0287,2875419.6452,2875419.6452
920699.BJ,20250124,43.11,5.5666,9.2041,0.64,50.1039,28.3132,7.014,6.7958,5.0052,1.524,1.524,4562.53,2087.53,1262.53,196690.6683,89993.4183
301360.SZ,20250124,49.28,4.8651,5.8718,1.23,59.4612,50.1691,2.2797,7.211,8.5218,0.6088,0.6088,5334.0,2780.0,2303.3911,262859.52,136998.4
000333.SZ,20250124,72.82,0.4424,0.6456,1.26,16.5352,14.7889,2.6697,1.4987,1.3943,4.0732,4.0732,765675.1356,689140.1432,472222.2719,55756463.3744,50183185.2278
605228.SH,20250124,9.94,1.3097,5.537,1.07,77.3094,87.3311,2.7989,2.5853,2.7272,0.3958,0.3958,42601.184,42300.884,10005.7225,423455.769,420470.787
300511.SZ,20250124,3.31,2.6075,2.9271,1.05,,,1.2508,0.6437,0.7297,0.0,,49881.9678,41803.2604,37239.6291,165109.3134,138368.7919
301148.SZ,20250124,18.17,1.9848,2.1164,1.08,36.4521,39.7007,1.2065,3.8154,4.0249,2.1452,2.1452,11649.708,3848.908,3609.658,211675.1944,69934.6584
000610.SZ,20250124,12.11,3.7813,5.5397,0.77,,,6.9897,5.2144,6.3429,0.0,,23674.7901,23550.4294,16075.2121,286701.7081,285195.7
300497.SZ,20250124,7.86,1.1686,1.2657,0.91,,,1.8091,2.6857,3.3251,0.0,,55000.4834,45162.0728,41696.5551,432303.7995,354973.8922
002570.SZ,20250124,4.16,3.5299,4.0241,0.81,94.6826,64.2938,2.9141,1.7772,1.6648,,,108004.3333,107999.5333,94736.5862,449298.0265,449278.0585
600793.SH,20250124,19.0,2.9975,7.2699,0.8,,,7.4651,2.0119,2.2453,0.0,,17690.4002,17690.4002,7294.0082,336117.6038,336117.6038
920580.BJ,20250124,9.97,2.0051,3.5869,0.51,56.1276,86.49,2.611,8.0817,7.9897,1.2036,1.2036,8600.0,5590.3561,3125.1345,85742.0,55735.8503
002229.SZ,20250124,11.0,5.1914,5.8255,0.78,,,3.672,8.8068,9.9324,0.0,,49619.1488,49316.4301,43948.9216,545810.6368,542480.7311
000619.SZ,20250124,5.96,2.5077,3.7675,0.43,,,0.9842,0.4536,0.4688,0.0,,44116.8831,36000.0,23962.0607,262936.6233,214560.0
002790.SZ,20250124,7.26,0.8556,1.5662,0.86,13.8793,17.9433,1.4604,1.3888,1.292,3.9945,3.9945,41787.23,26068.5313,14241.3313,303375.2898,189257.5372
300097.SZ,20250124,5.05,3.1339,3.6551,0.97,10.4119,,2.2823,3.0578,3.3113,0.0,,28854.9669,27000.9948,23150.5534,145717.5828,136355.0237
601918.SH,20250124,6.99,0.9733,1.774,1.27,8.5845,7.6381,1.1672,1.4097,1.4157,2.1459,2.1459,259054.18,259054.18,142121.7896,1810788.7182,1810788.7182
002985.SZ,20250124,21.68,0.7547,0.8831,0.66,33.089,,2.8291,7.5414,10.9875,1.476,1.476,33185.36,20728.4396,17715.5238,719458.6048,449392.5705
002538.SZ,20250124,5.63,1.0292,1.525,0.74,39.4257,19.7589,0.9267,1.228,1.2191,4.2629,4.2629,85355.5763,85355.5763,57607.4963,480551.8946,480551.8946
603053.SH,20250124,9.3,0.1872,0.9852,0.97,15.7122,17.0403,1.7702,1.5981,1.5766,3.2258,3.2258,88889.0,88889.0,16889.0,826667.7,826667.7
603679.SH,20250124,12.48,2.3572,3.6921,0.99,34.4993,,2.4385,3.3795,5.1728,1.4302,1.4302,16457.914,16457.914,10507.3066,205394.7667,205394.7667
600619.SH,20250124,11.55,5.8825,9.1792,1.51,406.291,87.5433,2.0313,0.7279,0.6587,0.0871,0.0871,107334.4406,78917.4798,50574.145,1239712.7889,911496.8917
300679.SZ,20250124,61.4,2.2897,3.2525,1.51,73.0593,45.8634,5.4682,8.3157,6.1122,0.5762,0.5762,42378.47,35775.3118,25184.8494,2602038.058,2196604.1445
603757.SH,20250124,20.5,0.629,1.7474,1.05,11.8335,14.6898,2.3996,1.7973,1.921,7.3329,7.3329,16474.6184,16474.6184,5929.8184,337729.6772,337729.6772
603516.SH,20250124,60.83,6.7602,10.0962,1.13,702.2659,213.878,9.0158,24.6058,25.1513,0.1635,0.1635,20184.1779,20184.1779,13514.9039,1227803.5417,1227803.5417
600771.SH,20250124,17.75,0.9414,1.1097,1.33,96.4543,125.0284,5.5443,6.7666,7.198,0.0,,48949.1141,48949.1141,41525.7673,868846.7753,868846.7753
000962.SZ,20250124,14.96,3.128,5.2782,0.78,40.3697,38.3918,2.9777,6.8177,6.1805,0.3676,0.3676,50496.8262,49565.2098,29373.5298,755432.52,741495.5386
601669.SH,20250124,5.04,0.4504,0.7692,1.01,6.6844,7.0562,0.6369,0.1427,0.1415,2.7081,2.7081,1722615.9334,1307152.585,765455.7608,8681984.3043,6588049.0284
920212.BJ,20250124,15.99,4.3512,7.5781,0.86,111.2253,106.1486,4.0854,4.1809,3.4482,0.2792,0.2792,10610.0,5133.2127,2947.4127,169653.9,82080.0711
301310.SZ,20250124,29.6,17.7004,28.3722,2.4,24.363,28.5604,1.7826,2.0108,1.7674,2.2201,2.2201,13593.804,6921.026,4317.7918,402376.5984,204862.3696
002225.SZ,20250124,5.25,2.6766,3.3625,0.92,21.416,32.5539,1.5803,0.9693,0.9779,1.3115,1.3115,101041.8227,82554.4165,65713.8971,530469.5692,433410.6866
002644.SZ,20250124,7.72,0.4433,1.18,0.98,58.6737,83.6231,2.2282,3.3894,3.8988,0.3886,0.3886,51065.7,51065.7,19185.9464,394227.204,394227.204
301296.SZ,20250124,9.63,1.575,3.0855,0.67,23.7654,22.0464,1.6047,2.328,2.3118,0.5504,0.5504,42000.0,27167.9453,13867.5528,404460.0,261627.3132
002998.SZ,20250124,6.29,1.6931,2.7228,1.36,14.9817,16.704,1.2436,0.8394,0.94,0.789,3.1562,32640.7253,24447.8625,15202.0253,205310.1621,153777.0551
603227.SH,20250124,8.59,0.4293,0.6707,0.59,10.7856,12.8138,1.8999,1.3112,1.4868,2.9104,2.9104,107169.2689,97407.5458,62336.9797,920584.0199,836730.8184
603368.SH,20250124,17.37,1.1351,1.5224,1.11,8.1548,7.7765,0.9071,0.3329,0.327,3.452,3.452,39886.3771,39716.8721,29613.5926,692826.3702,689882.0684
002292.SZ,20250124,10.19,16.5198,19.8188,0.96,160.9091,180.5338,4.4532,5.5017,5.5199,0.0,,147869.9697,101786.4244,84843.2123,1506794.9912,1037203.6646
000736.SZ,20250124,7.0,9.9793,20.1381,1.47,,,10.0508,0.1611,0.1606,0.0,,74709.8401,72126.6045,35741.9096,522968.8807,504886.2315
002480.SZ,20250124,5.35,2.0542,2.9161,0.87,,,3.5357,1.6398,1.3826,0.0,,76916.867,76771.7946,54081.2742,411505.2385,410729.1011
603088.SH,20250124,9.37,2.23,4.7085,0.81,25.7655,25.4559,5.6184,5.7902,5.2352,3.0952,3.0952,43787.184,43559.3088,20630.2785,410285.9141,408150.7235
002995.SZ,20250124,19.53,8.5974,11.9528,1.05,,,3.5764,1.8787,2.1403,0.0,,17745.448,11241.7208,8085.9355,346568.5994,219550.8072
300776.SZ,20250124,61.21,3.1948,4.1538,1.95,36.245,33.091,5.2686,10.3895,8.81,0.5696,0.5696,27308.7912,16712.8281,12854.0297,1671571.1094,1022992.208
600293.SH,20250124,3.18,1.1961,1.7853,0.62,83.9968,113.8096,2.1284,1.6949,1.9444,0.0,,116014.5046,116014.5046,77729.7117,368926.1246,368926.1246
301049.SZ,20250124,21.79,1.3318,1.6279,0.77,,,2.8612,7.7924,6.7487,0.0,,9425.3334,9425.3334,7711.1009,205378.0148,205378.0148
300228.SZ,20250124,7.23,2.3088,2.3549,0.95,28.7938,18.0803,2.0298,1.394,1.2132,0.5434,0.5434,58586.1549,55338.1299,54256.1299,423577.8999,400094.6792
002791.SZ,20250124,21.98,2.7142,3.8322,0.58,24.0066,36.5863,1.3663,0.997,1.0859,0.4134,0.4134,35388.5013,16430.4726,11637.1602,777839.2586,361141.7877
688388.SH,20250124,15.28,1.6978,2.1541,1.04,342.2366,,0.9561,1.3108,1.1626,0.0973,0.0973,42623.828,42623.828,33593.801,651292.0918,651292.0918
300554.SZ,20250124,20.85,2.6117,3.5976,1.01,88.4751,,3.1742,4.9503,5.9622,0.3837,0.3837,11421.1577,7881.445,5721.5851,238131.138,164328.1283
605133.SH,20250124,26.05,2.3313,6.6405,0.58,33.1903,30.8092,1.8567,2.3984,2.0721,0.5708,0.5708,18599.8416,18491.8516,6491.8516,484525.8737,481712.7342
300091.SZ,20250124,2.05,2.0168,2.927,0.84,,,1.6448,2.1053,2.0877,0.0,,148916.4214,133498.7746,91983.897,305278.6639,273672.4879
601033.SH,20250124,13.67,1.921,1.921,1.24,16.7425,17.0807,1.1916,3.4789,3.3985,3.804,3.804,90000.0,15000.0,15000.0,1230300.0,205050.0
301038.SZ,20250124,17.46,1.0918,3.7977,1.33,,97.0828,3.5799,3.8959,3.2694,0.0,,17160.0,17160.0,4933.5,299613.6,299613.6
301239.SZ,20250124,41.92,3.0674,3.0674,0.94,23.4107,,2.8276,2.3077,2.333,0.9494,0.9494,14961.9048,7078.9463,7078.9463,627203.0492,296749.4289
300606.SZ,20250124,18.65,2.2512,3.2784,0.7,49.9331,64.1452,3.7361,4.624,5.049,0.7941,0.7941,14011.7,11932.6435,8193.8807,261318.205,222543.8013
301031.SZ,20250124,123.22,2.5554,3.4022,1.27,69.8105,53.9028,7.5188,7.7077,6.4427,0.5681,0.5681,6627.7427,4766.8404,3580.2949,816670.4555,587370.0741
300907.SZ,20250124,22.18,1.4422,3.7459,1.27,42.91,27.7018,2.8771,2.2774,1.9659,4.5086,4.5086,9600.0,9600.0,3696.0,212928.0,212928.0
000868.SZ,20250124,5.54,2.9057,4.4455,0.57,,,6.1598,2.4249,2.1422,0.0,,93951.4735,73332.8418,47931.9522,520491.1632,406263.9436
300702.SZ,20250124,17.25,0.8784,1.3806,0.99,219.3994,137.4285,1.6981,2.3751,2.3136,0.2899,0.2899,34797.7159,21116.4483,13435.601,600260.5993,364258.7332
001319.SZ,20250124,27.2,12.1768,13.2464,1.27,37.9117,35.9093,3.0564,4.3536,4.1251,1.3971,1.3971,14140.0,6096.7,5604.41,384608.0,165830.24
000715.SZ,20250124,6.26,2.3185,4.9508,0.8,19.3707,23.7338,1.3797,3.2131,3.4167,0.7987,0.7987,41571.894,41505.9494,19437.6455,260240.0564,259827.2432
603535.SH,20250124,12.17,1.2005,3.3892,0.81,25.5628,25.961,1.697,3.4283,3.394,0.5552,0.5552,34521.1307,32276.2911,11432.4721,420122.1606,392802.4627
002920.SZ,20250124,110.8,1.3062,2.8801,1.41,39.7544,30.8494,6.8674,2.8067,2.3281,0.7582,0.7582,55495.9434,55315.2478,25086.3447,6148950.5287,6128929.4562
605500.SH,20250124,7.06,0.3319,1.4029,1.07,18.5918,14.7314,1.1574,1.2563,1.2499,2.1246,2.1246,41440.0,41440.0,9802.8545,292566.4,292566.4
688039.SH,20250124,27.51,3.8553,7.2436,2.92,,,2.6256,9.2557,10.702,,,11191.6907,11191.6907,5956.6671,307883.4112,307883.4112
300852.SZ,20250124,30.7,7.4633,20.605,1.52,21.3953,25.7002,2.9397,3.3264,3.1651,0.6948,0.6948,14245.0047,13688.5192,4958.0569,437321.6443,420237.5394
002652.SZ,20250124,2.81,1.9212,2.7457,0.71,45.0592,23.6215,5.3006,3.3109,3.9052,0.0,,51206.4,51151.6724,35791.6724,143889.984,143736.1994
920662.BJ,20250124,21.87,28.9909,28.9909,1.7,30.5808,59.7934,4.2777,5.5761,5.9736,1.0471,1.0471,8755.0002,2458.0687,2458.0687,191471.8544,53757.9625
600575.SH,20250124,3.29,0.8955,2.4383,0.67,15.2281,11.4454,1.1107,0.4678,0.4047,3.6474,3.6474,388626.1065,388626.1065,142729.1911,1278579.8904,1278579.8904
000509.SZ,20250124,3.1,0.6778,1.14,0.74,263.6782,,24.5102,4.491,3.3955,0.0,,107312.8052,107312.4808,63800.9873,332669.6961,332668.6905
603081.SH,20250124,11.82,1.3819,2.4244,1.1,47.8689,164.0441,1.7592,2.4952,3.4543,0.4171,0.4171,40904.4046,40591.1446,23136.6496,483490.0624,479787.3292
600200.SH,20250124,8.87,1.1293,1.3651,0.99,,,3.5171,2.82,2.6497,0.0,,71215.1832,71087.948,58808.3718,631678.675,630550.0988
601698.SH,20250124,19.67,0.3857,2.578,0.67,238.2474,196.174,5.3032,31.7673,33.079,0.1261,0.1261,422438.5412,422438.5412,63202.296,8309366.1054,8309366.1054
002847.SZ,20250124,54.03,1.3714,3.5691,0.95,29.1444,24.4474,9.8661,3.582,2.9651,3.1049,3.1049,27281.9859,24472.9014,9403.5508,1474045.6982,1322270.8626
920504.BJ,20250124,19.4,7.5792,7.5792,1.01,31.5192,43.0802,4.5191,5.9088,6.7854,1.8041,1.8041,4333.31,1283.7703,1283.7703,84066.214,24905.1438
301536.SZ,20250124,79.9,21.4603,21.4603,0.78,164.3404,157.8098,11.6206,16.6513,14.2623,0.1252,0.1252,42106.0,3789.5367,3789.5367,3364269.4,302783.9823
300977.SZ,20250124,16.92,1.4279,1.4279,0.71,63.0267,175.1762,1.8395,5.2425,5.3679,1.3048,1.3048,15222.6727,9472.662,9472.662,257567.6221,160277.441
300185.SZ,20250124,2.46,1.3027,1.6765,1.03,46.9546,1196.7238,1.4329,1.6504,1.6822,1.0162,1.0162,389698.545,367286.0696,285391.5215,958658.4207,903523.7312
002746.SZ,20250124,5.7,1.358,2.0896,0.84,21.7123,69.022,1.0939,0.8484,0.9337,2.6316,4.386,86053.8727,70967.6227,46119.4634,490507.0744,404515.4494
301003.SZ,20250124,22.0,1.0759,2.1454,1.01,18.884,16.4552,1.8747,4.3047,3.5127,4.0116,4.0116,9905.3333,7666.2676,3844.7909,217917.3326,168657.8872
600066.SH,20250124,29.03,1.1254,1.9288,1.11,35.3702,20.0945,5.4119,2.3767,1.9981,6.8894,6.8894,221393.9223,221393.9223,129175.5584,6427065.5644,6427065.5644
301068.SZ,20250124,28.0,0.6697,0.8848,0.73,54.9826,44.2278,3.664,3.2531,3.2146,0.6809,0.6809,10891.9888,10891.9888,8244.2821,304975.6864,304975.6864
300870.SZ,20250124,130.5,4.2025,10.8779,0.77,67.4732,42.6803,6.8799,4.6016,3.8081,0.4877,0.4877,10120.0,10120.0,3909.6723,1320660.0,1320660.0
920082.BJ,20250124,13.1,10.0096,10.0096,0.68,30.3454,24.1568,3.705,2.7066,2.4435,,,14036.0,3163.5,3163.5,183871.6,41441.85
600782.SH,20250124,3.58,1.9532,3.6286,0.96,22.625,,0.4414,0.1583,0.2813,4.1899,4.1899,314565.2149,314565.2149,169321.0652,1126143.4693,1126143.4693
301018.SZ,20250124,43.24,5.5049,11.871,0.86,109.6711,116.4689,4.4797,4.5811,4.38,0.37,0.37,26605.2564,19906.1064,9231.0064,1150411.2867,860740.0407
300259.SZ,20250124,3.4,0.8672,1.5604,1.15,18.5808,20.5906,1.3956,3.6611,4.2114,2.5721,2.5721,116980.1516,116953.3231,64998.6077,397732.5154,397641.2985
603676.SH,20250124,9.62,0.4069,1.714,0.94,19.5604,16.9455,2.9652,3.1651,3.3335,4.6466,4.6466,43516.15,43516.15,10330.078,418625.363,418625.363
605303.SH,20250124,7.76,1.9064,4.526,1.15,,,1.0848,1.9912,1.8895,0.0,,16123.7408,16123.7408,6791.5808,125120.2286,125120.2286
301413.SZ,20250124,79.48,13.4993,19.1348,1.07,97.8952,96.1591,6.5838,10.4759,9.0845,0.2903,0.2903,9840.1985,5751.9941,4057.9218,782098.9768,457168.4911
688539.SH,20250124,24.75,1.6968,2.1523,1.8,47.7623,56.891,2.6254,13.4874,12.5949,1.1544,1.1544,18592.0,10286.08,8109.08,460152.0,254580.48
688479.SH,20250124,17.35,1.6919,2.1646,1.74,21.81,30.4338,1.3199,3.4029,3.8201,2.8818,2.8818,14431.74,6087.4224,4758.2224,250390.689,105616.7786
000552.SZ,20250124,2.57,0.9464,1.6672,1.01,7.9141,11.367,0.8239,1.2216,1.3156,3.891,3.891,535180.1936,372577.7383,211507.9354,1375413.0976,957524.7874
688719.SH,20250124,26.63,0.65,0.789,0.93,22.1627,36.9084,1.7455,3.7197,3.3993,1.4735,1.4735,11538.5418,7349.9938,6055.5822,307271.3681,195730.3349
002709.SZ,20250124,18.55,1.9808,2.3796,1.19,18.8267,74.588,2.7487,2.3106,2.9312,1.6197,1.6197,191882.5051,138501.6891,115289.5364,3559420.4696,2569206.3328
920857.BJ,20250124,15.08,0.6786,2.2644,1.01,29.1549,60.6165,2.8993,2.4883,2.3907,1.9894,1.9894,7400.7152,7400.7152,2217.8286,111602.7852,111602.7852
000068.SZ,20250124,3.33,1.2689,2.2678,0.77,5.1267,17.0959,5.3695,3.6391,3.9345,0.0,,100667.1464,100667.1464,56326.7969,335221.5975,335221.5975
300772.SZ,20250124,13.15,1.2316,2.0666,0.59,22.2827,21.4696,1.685,0.4928,0.4308,0.3802,0.3802,70177.1155,69497.938,41417.938,922829.0688,913897.8847
600392.SH,20250124,10.89,1.1507,1.5601,0.76,57.3673,71.3804,2.1788,1.0677,1.467,0.6428,0.6428,175282.657,175282.657,129288.376,1908828.1347,1908828.1347
600475.SH,20250124,8.97,0.3056,0.9725,1.18,11.5684,12.1233,1.0136,0.8157,0.854,4.9665,4.9665,95596.5729,94240.6491,29612.6571,857501.2589,845338.6224
688543.SH,20250124,48.3,3.9751,4.502,1.33,60.3206,43.0023,3.805,8.158,7.5345,1.3684,1.3684,17570.1557,8825.2829,7792.3844,848638.5203,426261.1641
000898.SZ,20250124,2.29,0.8357,3.1724,2.19,,,0.4329,0.1893,0.1981,0.0,,938340.1306,795727.2744,209616.1215,2148798.8991,1822215.4584
600546.SH,20250124,10.98,0.5425,1.2888,0.7,5.1102,9.2255,1.3088,0.5825,0.7152,5.9199,5.9199,198245.614,198245.614,83444.9858,2176736.8417,2176736.8417
301231.SZ,20250124,17.54,6.0571,6.0571,0.96,148.6252,,1.6805,5.4125,5.606,0.2833,0.2833,8440.0,5390.0,5390.0,148037.6,94540.6
301551.SZ,20250124,50.46,4.673,4.673,0.95,71.0999,79.8573,8.4504,31.2298,33.0112,0.1863,0.1863,40001.0,3549.0279,3549.0279,2018450.46,179083.9478
600961.SH,20250124,8.28,1.3276,2.1705,0.78,14.5354,13.4217,3.3137,0.4578,0.4678,0.0,,107287.2703,75181.2398,45983.8073,888338.5981,622500.6655
603596.SH,20250124,45.58,1.2411,1.9902,1.01,31.0111,25.726,4.4555,3.6991,3.0901,0.5328,0.5328,60654.582,60629.732,37808.6825,2764635.8476,2763503.1846
301137.SZ,20250124,17.1,1.5446,3.3346,0.84,53.6121,70.6085,2.3327,1.9695,2.0319,0.7485,0.7485,18181.34,10170.18,4710.91,310900.914,173910.078
605122.SH,20250124,10.58,0.6043,1.8205,0.49,140.6542,97.1542,0.8209,0.9176,1.174,0.2174,0.2174,17235.4,17235.4,5721.49,182350.532,182350.532
301012.SZ,20250124,25.32,7.2586,9.4586,1.11,533.2313,62.6485,3.1793,6.2744,3.101,0.3899,0.3899,14249.019,11382.519,8734.999,360785.1611,288205.3811
600828.SH,20250124,3.48,0.8338,6.1696,0.97,118.7658,324.9994,0.8469,1.9041,2.1114,0.7759,0.7759,173198.2546,173136.0181,23397.9684,602729.926,602513.343
600165.SH,20250124,2.64,2.988,4.2204,0.89,,,,6.3289,5.9949,0.0,,68488.3775,68488.3775,48488.3775,180809.3166,180809.3166
000682.SZ,20250124,9.68,0.8642,1.476,0.94,23.9759,21.0007,2.6765,2.0034,1.8516,1.2087,1.2087,134072.7007,134059.4657,78496.9419,1297823.7428,1297695.628
920110.BJ,20250124,29.82,2.9413,4.4383,1.11,33.5378,29.1947,3.3717,6.6416,5.8581,2.6828,2.6828,3900.0,1623.9,1076.2,116298.0,48424.698
688565.SH,20250124,5.94,1.6247,2.3928,0.58,,,1.9346,3.5391,3.8675,,,15193.71,14973.0,10166.8,90250.6374,88939.62
002721.SZ,20250124,2.46,0.4531,0.6482,0.76,9.8343,5.5103,3.2335,4.3435,13.7386,0.0,,265937.8615,265937.8615,185915.208,654207.1393,654207.1393
603583.SH,20250124,28.55,4.7871,10.0219,0.92,53.1538,35.2326,2.5113,3.6083,3.1274,0.5972,0.5972,38345.6555,38224.6955,18258.6222,1094768.4645,1091315.0565
600108.SH,20250124,2.76,0.6612,0.9134,0.79,51.4539,57.1001,1.2668,1.3417,1.3455,0.1993,0.1993,194691.5121,194691.5121,140945.2748,537348.5734,537348.5734
600583.SH,20250124,5.35,0.6104,1.3665,0.73,14.5968,11.8713,0.9132,0.7692,0.7829,2.7477,2.7477,442135.48,442135.48,197501.4291,2365424.818,2365424.818
603308.SH,20250124,22.04,6.0924,9.2963,1.48,49.3498,52.2441,3.2732,6.205,5.9499,0.5445,0.5445,67903.6441,67903.6441,44501.3287,1496596.316,1496596.316
688135.SH,20250124,17.02,1.281,1.9144,0.68,156.9585,,3.1094,6.7767,6.9944,0.5875,0.5875,20030.914,20030.914,13403.573,340926.1563,340926.1563
300626.SZ,20250124,9.17,5.4661,9.4878,2.46,,,3.0834,2.4791,2.2711,0.1854,0.1854,18000.0,17793.8822,10251.3768,165060.0,163169.8998
688583.SH,20250124,95.8,25.0312,25.0312,0.73,57.0163,53.3512,6.0583,23.9758,20.4015,,,6800.0,1278.0347,1278.0347,651440.0,122435.7243
600523.SH,20250124,12.09,0.8346,1.7557,0.83,29.7785,28.7567,1.6253,2.0937,2.069,1.0091,1.0091,40431.132,40404.462,19206.31,488812.3859,488489.9456
603895.SH,20250124,22.76,4.7498,15.3065,1.54,,,7.1214,4.1348,5.1716,0.0,,10808.0,10808.0,3353.8648,245990.08,245990.08
002602.SZ,20250124,4.88,0.823,1.0115,0.87,69.3995,40.499,1.3984,2.7377,1.9115,0.0,,745255.6968,687870.8273,559649.7754,3636847.8004,3356809.6372
002631.SZ,20250124,3.83,2.2218,4.7,1.24,96.1398,101.0738,1.3891,1.5798,1.6407,0.6471,0.6471,79728.2881,79357.2352,37513.5082,305359.3434,303938.2108
301091.SZ,20250124,42.86,1.9623,4.9809,0.75,107.3075,102.9237,7.5992,12.2494,13.2006,0.0556,0.0556,40560.0,28392.0,11185.6906,1738401.6,1216881.12
600058.SH,20250124,6.92,0.5023,1.3416,1.1,37.2309,47.4496,1.4915,0.0939,0.1034,0.0,,107191.0711,107191.0711,40130.5789,741762.212,741762.212
002015.SZ,20250124,7.32,0.7022,1.351,0.96,13.0724,20.1799,1.0126,1.1714,1.3054,1.7301,1.7301,162332.4614,162332.4614,84370.7172,1188273.6174,1188273.6174
688200.SH,20250124,126.5,1.4732,2.5542,0.73,68.0824,64.0035,5.0312,24.7996,21.5965,0.6235,0.6235,13543.9427,13543.9427,7811.7782,1713308.7516,1713308.7516
301261.SZ,20250124,50.9,24.371,30.8012,2.14,35.3229,31.6389,2.9025,5.0648,4.474,0.8841,0.8841,8789.0196,3789.0196,2998.0078,447361.0976,192861.0976
301135.SZ,20250124,23.56,1.9833,1.9833,1.0,58.7839,67.277,1.9477,2.2474,1.9695,1.2348,1.2348,10199.55,4945.67,4945.67,240301.398,116519.9852
603026.SH,20250124,33.2,0.8294,1.3318,0.83,359.3385,,1.7257,1.1942,1.247,0.1205,0.1205,20268.0,20268.0,12622.4363,672897.6,672897.6
002079.SZ,20250124,10.11,1.3107,1.7056,0.88,53.4197,73.8699,2.7215,2.0034,1.4482,0.375,0.375,80995.2016,80919.1178,62184.6923,818861.4882,818092.281
688335.SH,20250124,8.67,0.6668,1.3214,1.38,12.8294,20.7397,1.0699,2.2279,3.568,3.9644,3.9644,14803.4592,14803.4592,7469.5693,128345.9913,128345.9913
002558.SZ,20250124,12.7,1.3052,2.1492,1.02,22.6164,22.912,2.108,8.4028,8.5456,1.6959,1.6959,193475.0611,193475.0611,117497.082,2457133.276,2457133.276
603205.SH,20250124,36.2,3.427,3.427,0.79,35.1609,32.5143,3.1195,4.2031,3.9308,,,12000.0,2939.8886,2939.8886,434400.0,106423.9673
600458.SH,20250124,12.1,0.8076,1.5813,0.84,25.8335,23.9418,1.6628,0.5688,0.5542,1.5291,1.5291,82444.8152,80279.8152,40997.6735,997582.2639,971385.7639
002584.SZ,20250124,7.93,5.3145,5.8048,0.86,139.1625,68.2088,2.0151,0.6032,0.5489,0.6683,0.6683,58521.6422,43249.1271,39596.2572,464076.6226,342965.5779
002318.SZ,20250124,24.35,0.5525,0.88,1.04,15.9849,16.6903,3.1381,2.777,2.4896,1.9418,1.9418,97717.072,95476.1922,59942.3097,2379410.7032,2324845.2801
000823.SZ,20250124,10.48,3.192,4.5802,0.67,28.7139,26.3766,1.2231,1.0312,1.0052,0.9542,0.9542,53699.1026,53694.5538,37420.3738,562766.5952,562718.9238
920429.BJ,20250124,15.14,0.6385,1.3703,0.47,21.395,21.0786,2.2592,2.2354,1.8459,1.321,1.321,12450.0,11133.0054,5187.7153,188493.0,168553.7018
000551.SZ,20250124,11.85,1.329,2.0702,0.8,30.8234,20.818,1.8943,1.1072,1.0692,0.5908,0.5908,40394.4205,40133.5656,25763.4602,478673.8829,475582.7524
600792.SH,20250124,3.18,0.6047,1.7708,0.72,24.0084,,1.0452,0.4731,0.4971,2.1698,2.1698,110992.36,105986.8113,36194.3684,352955.7048,337038.0599
300176.SZ,20250124,7.06,5.9856,8.6469,3.0,176.4408,55.428,2.923,1.6119,1.5653,0.0,,38728.08,38728.08,26808.2764,273420.2448,273420.2448
000016.SZ,20250124,5.03,8.948,13.3163,0.73,,,2.9961,0.6786,1.0919,0.0,,240794.5408,159659.38,107284.6868,1211196.5402,803086.6814
300339.SZ,20250124,50.16,8.3724,8.8455,1.6,243.8839,226.5783,11.6292,12.8606,11.9131,0.0,,79641.0841,77768.6667,73609.4256,3994796.7785,3900876.3217
600287.SH,20250124,4.42,0.6316,1.3365,0.98,27.3387,26.4301,0.9292,0.5698,0.6188,0.0,,43884.7974,43679.6074,20642.4619,193970.8045,193063.8647
688387.SH,20250124,5.71,1.1958,1.5427,1.03,,,3.0625,2.4873,2.908,,,341875.0,137875.0,106875.0,1952106.25,787266.25
600151.SH,20250124,6.74,1.0401,1.6701,0.87,,,1.9666,1.0478,1.6987,0.0,,143425.2287,143425.2287,89318.9076,966686.0414,966686.0414
000536.SZ,20250124,4.2,1.6913,3.2544,0.76,,,7.3704,7.982,5.9183,0.0,,276603.2803,276308.2516,143599.2221,1161733.7773,1160494.6567
688269.SH,20250124,24.0,0.5106,0.6872,1.16,27.7906,39.5976,3.2642,1.7571,1.9747,2.0833,2.9167,13070.4,13070.4,9710.4,313689.6,313689.6
002885.SZ,20250124,13.0,4.2564,6.2642,0.77,103.439,1014.8783,2.4781,1.3629,1.3099,0.1076,0.1076,27190.6715,23248.7026,15797.0966,353478.7295,302233.1338
002289.SZ,20250124,3.77,0.7023,1.3693,0.86,1095.5388,,4.5468,6.8081,6.452,0.0,,28025.3733,25884.7633,13276.4392,105655.6573,97585.5576
600901.SH,20250124,5.27,0.9706,2.4546,1.46,11.4755,10.7254,1.3044,6.377,5.9788,4.5809,4.5809,579237.9763,578994.8431,228941.958,3052584.1351,3051302.8231
002353.SZ,20250124,39.68,1.5009,1.8041,0.99,16.5527,16.3231,2.031,2.9202,3.0771,1.5302,1.5302,102385.5833,69343.5365,57690.005,4062659.9453,2751551.5283
300435.SZ,20250124,11.29,1.0994,1.675,0.56,12.4398,15.5526,1.3292,1.429,1.5513,1.3089,1.3089,38571.3,36886.098,24209.865,435469.977,416444.0464
300084.SZ,20250124,5.46,1.3823,1.5366,0.63,85.6894,,1.8938,3.7459,4.0231,0.0,,51033.4717,34547.8164,31078.2012,278642.7555,188631.0775
002365.SZ,20250124,8.17,0.7706,0.8641,0.82,,772.8765,1.2071,2.4746,3.0522,1.2163,1.2163,29468.25,24400.3564,21760.7332,240755.6025,199350.9118
300653.SZ,20250124,20.18,0.8946,1.5872,1.58,19.022,21.6629,4.0592,8.7813,9.4786,3.9643,3.9643,18000.0,18000.0,10145.1626,363240.0,363240.0
002206.SZ,20250124,4.41,1.4068,1.689,0.92,14.6787,13.7226,1.3516,0.9116,0.8947,3.4081,3.4081,116220.722,91617.4636,76308.735,512533.384,404033.0145
603045.SH,20250124,15.33,10.7114,14.9316,1.21,50.8204,42.4774,2.1466,0.7438,0.5873,0.3979,0.3979,13544.5155,13544.5155,9716.3649,207637.4226,207637.4226
002363.SZ,20250124,6.84,2.1436,3.7136,0.84,77.5084,71.7309,1.3697,1.2839,1.2347,1.9043,1.9043,41782.8301,41575.8167,23998.6727,285794.5579,284378.5862
688535.SH,20250124,85.9,6.9761,7.7925,0.76,219.0937,161.2959,6.7837,24.5026,21.7774,0.4657,0.4657,8069.6453,5144.6548,4605.6377,693182.5313,441925.8473
600640.SH,20250124,12.02,1.3147,4.2938,1.51,1839.072,,2.41,4.0104,4.6379,0.0166,0.0166,79569.594,79569.594,24363.2395,956426.5199,956426.5199
688639.SH,20250124,27.45,1.0494,1.5823,0.76,15.265,22.9257,2.6962,3.5366,3.244,2.0654,2.0654,24972.3997,22834.9187,15144.4621,685492.3718,626818.5183
920478.BJ,20250124,16.39,2.6612,3.3198,0.86,18.9707,20.1347,1.9366,4.0727,3.5917,1.7432,1.7432,5622.05,3371.8622,2702.9216,92145.3995,55264.8215
002559.SZ,20250124,9.8,7.2133,7.9691,0.73,54.5013,53.7965,3.0103,2.7943,2.8333,1.0204,1.0204,54976.5024,50051.1346,45304.3885,538769.7235,490501.1191
600421.SH,20250124,5.26,3.1642,6.8123,0.68,,,111.6325,8.4247,9.47,0.0,,19560.0,19560.0,9085.2748,102885.6,102885.6
002897.SZ,20250124,44.17,6.1873,10.5355,1.0,70.1503,33.8092,3.3771,1.6943,1.3677,0.2264,0.2264,19404.9696,17980.3433,10559.5139,857117.5072,794191.7636
600462.SH,20250124,1.46,1.3478,1.5251,0.56,,,,2.2296,1.7257,0.0,,61708.0,60046.5,53066.5,90093.68,87667.89
300150.SZ,20250124,4.82,7.0638,9.5744,0.88,,,1.8398,3.509,3.3343,0.0,,58510.6053,51473.3937,37975.9371,282021.1175,248101.7576
603101.SH,20250124,7.49,2.6356,6.6655,1.18,21.8139,69.224,2.5552,1.4126,1.4394,3.4179,3.4179,47040.0,47040.0,18600.02,352329.6,352329.6
002095.SZ,20250124,18.03,3.8464,7.7002,0.91,238.5577,,5.0143,10.5444,9.2408,0.2773,0.2773,25272.0,25170.8415,12573.4073,455654.16,453830.2722
301237.SZ,20250124,22.5,1.3995,1.597,1.0,122.956,,1.3013,4.2704,3.7767,0.4437,0.4437,8000.0,3801.25,3331.25,180000.0,85528.125
600879.SH,20250124,8.44,0.8289,1.0731,0.85,53.0556,48.5183,1.3481,1.4869,1.8561,0.5687,0.5687,329929.9334,322917.3107,249448.9061,2784608.6379,2725422.1023
300461.SZ,20250124,18.25,2.3993,3.8633,0.87,287.8034,,4.416,10.9341,10.9521,0.0,,15574.1692,8046.5195,4997.4159,284228.5879,146848.9809
603836.SH,20250124,12.6,2.466,5.9036,2.64,16.9442,17.2872,1.4312,0.4085,0.2749,1.5617,1.5617,20523.5237,20523.5237,8572.8973,258596.3986,258596.3986
300316.SZ,20250124,31.02,0.8261,1.7172,0.69,8.9131,10.1462,2.3838,2.2589,2.1381,2.2529,2.2529,130953.3797,123155.5433,59247.9989,4062173.8383,3820284.9532
600808.SH,20250124,3.29,1.5322,4.0928,0.97,,,1.0102,0.2576,0.2945,0.0,,774693.7986,596775.1186,223407.4037,2548742.5974,1963390.1402
605288.SH,20250124,34.42,0.6045,2.3977,1.1,22.4506,26.7942,1.0957,1.9582,1.9663,1.3364,1.3364,7019.8912,7019.8912,1769.8912,241624.6551,241624.6551
688391.SH,20250124,29.51,1.5378,1.5378,0.79,25.727,39.923,2.0476,5.6073,5.8702,1.9422,1.9422,11458.59,5675.3904,5675.3904,338142.9909,167480.7707
002051.SZ,20250124,7.71,0.6172,1.687,0.83,26.4632,26.4531,0.8348,0.7715,0.7774,1.6213,1.6213,123740.8937,123730.0547,45268.1226,954042.2904,953958.7217
301369.SZ,20250124,52.23,3.5927,3.5927,0.84,148.2264,142.5881,2.466,15.4067,12.433,0.3446,0.3446,6976.6268,2426.2768,2426.2768,364389.2178,126724.4373
688363.SH,20250124,49.24,0.3348,0.9566,1.01,40.0263,53.8823,3.3792,3.9036,4.1398,0.7664,0.7664,48167.8242,48167.8242,16856.1738,2371783.6636,2371783.6636
600877.SH,20250124,12.74,0.7014,1.1612,0.91,64.4518,79.306,6.1498,9.8973,10.7476,0.0,,118405.9492,118405.9492,71523.1012,1508491.7928,1508491.7928
300841.SZ,20250124,51.85,1.0698,1.5604,0.99,13.5371,12.6209,1.9953,4.37,4.1835,3.8472,3.8472,13294.6899,12049.2851,8260.7184,689329.6713,624755.4324
002801.SZ,20250124,26.73,2.847,4.8362,1.02,50.6925,45.4978,3.6785,4.8407,4.6066,1.1124,1.1124,22963.2,11580.27,6817.2,613806.336,309540.6171
920806.BJ,20250124,12.97,1.3205,4.0653,0.86,33.9469,52.2486,2.7328,1.7713,2.0699,0.771,0.771,30073.6667,30073.6667,9768.3387,390055.4571,390055.4571
300839.SZ,20250124,7.37,2.0534,4.407,0.95,,,3.411,0.6513,0.7584,0.0,,24548.0947,24020.6429,11192.4275,180919.4579,177032.1382
002731.SZ,20250124,8.88,1.2056,1.5753,0.96,13.1699,11.5472,1.3973,0.4983,0.4951,0.7995,0.7995,25615.6,22965.64,17576.7158,227466.528,203934.8832
300883.SZ,20250124,5.29,2.3691,3.6289,0.87,,,1.284,2.5679,2.3705,0.1869,0.1869,34600.0,32786.485,21403.9275,183034.0,173440.5057
002102.SZ,20250124,2.48,0.6864,0.8661,0.77,25.2452,132.5147,1.5515,0.5869,0.5234,0.0,,263383.629,233110.4734,184752.141,653191.3999,578113.974
603131.SH,20250124,17.73,1.5247,3.2181,0.94,,,4.5504,5.3544,5.0473,0.0,,31799.101,31799.101,15066.1411,563798.0607,563798.0607
920570.BJ,20250124,29.26,2.3607,3.43,0.96,25.5355,45.4514,3.835,4.5205,7.9342,1.1229,1.1229,4560.8929,2238.9702,1540.957,133451.7263,65512.2681
000975.SZ,20250124,16.63,1.1386,1.7245,1.04,32.4208,22.7099,3.6933,5.6968,3.5298,1.6837,1.6837,277672.2265,248709.1258,164211.0018,4617689.1267,4136032.7621
002037.SZ,20250124,7.31,1.7427,3.1398,0.79,,,1.8441,0.5219,0.5888,0.0,,48388.3566,48388.3566,26857.6012,353718.8867,353718.8867
600289.SH,20250124,2.77,0.3912,0.5683,0.38,,,2.4205,8.9529,7.0554,0.0,,63105.2069,56592.2684,38956.2787,174801.4231,156760.5835
300395.SZ,20250124,38.12,1.1667,1.4617,0.94,37.0295,55.0031,4.8492,9.5233,10.4263,0.5477,0.5477,52226.7673,51346.3734,40981.1971,1990884.3695,1957323.754
002695.SZ,20250124,8.23,1.0947,2.7549,0.76,64.9379,94.9517,1.6534,2.3866,2.5574,2.1871,2.1871,55694.7081,46435.3507,18452.471,458367.4477,382162.9363
301315.SZ,20250124,62.55,43.7517,53.1106,1.46,94.4654,88.5393,5.4543,17.5593,18.2598,0.5596,0.5596,8800.0,3700.0,3048.0,550440.0,231435.0
000628.SZ,20250124,56.0,12.2186,14.2103,1.21,53.91,84.8435,9.088,2.4635,2.4179,0.2714,0.2714,35228.0,19208.431,16516.201,1972768.0,1075672.136
003029.SZ,20250124,21.45,2.5668,3.97,1.71,,,3.4059,10.1802,11.3526,0.0,,19362.0227,17089.0541,11048.9341,415315.3869,366560.2104
300571.SZ,20250124,26.3,7.7168,9.8559,2.64,,,2.3153,1.9207,2.1246,0.0,,13952.8294,11561.1896,9051.9396,366959.4132,304059.2865
000338.SZ,20250124,14.33,1.4293,1.4517,1.01,13.8732,11.4577,1.5037,0.5845,0.5802,4.6345,4.6345,872655.6821,497603.1217,489938.6197,12505155.9245,7130652.734
688512.SH,20250124,10.03,5.3316,5.7998,2.04,,,2.3812,8.3718,8.5943,,,46076.2548,32239.8276,29636.9828,462144.8356,323365.4708
002735.SZ,20250124,9.15,5.0653,6.0525,1.59,57.9171,62.5707,2.0091,1.9707,1.8526,0.5368,0.5368,38200.6553,28059.581,23482.9392,349535.996,256745.1662
603096.SH,20250124,19.73,1.9297,4.8977,1.21,19.0187,19.3354,1.8146,3.3788,3.4455,4.5616,4.5616,15423.4624,15423.4624,6076.8624,304304.9132,304304.9132
688596.SH,20250124,37.3,1.5664,1.8985,1.03,26.9789,23.4145,3.2388,2.8236,2.1984,0.7475,0.7475,29028.9202,29028.9202,23949.9942,1082778.7235,1082778.7235
300547.SZ,20250124,30.5,21.2316,24.5659,0.87,40.8398,32.9474,5.7746,5.9636,5.0903,1.3629,1.3629,21690.6174,17663.3031,15265.9274,661563.8307,538730.7446
603391.SH,20250124,40.02,3.512,3.512,0.95,13.5746,10.8719,1.9559,3.0237,2.8175,3.1234,3.1234,9100.0,2229.0756,2229.0756,364182.0,89207.6055
003043.SZ,20250124,40.62,1.5421,2.5228,1.0,43.8061,46.6648,2.0038,8.3735,7.387,0.5181,0.5181,9502.6706,4870.6112,2977.2295,385998.4798,197844.2269
300062.SZ,20250124,5.06,2.3406,2.7787,0.81,54.0468,140.7815,2.2088,1.7002,1.846,0.3952,0.3952,55759.7027,38610.7907,32522.9307,282144.0957,195370.6009
600761.SH,20250124,17.75,0.836,1.2888,0.6,12.3695,11.3507,1.5458,0.9049,0.8908,2.9952,2.9952,89069.2761,89069.2761,57777.8019,1580979.6508,1580979.6508
300070.SZ,20250124,4.69,0.726,1.2383,1.07,22.229,52.4541,0.6264,1.8985,2.0448,0.9168,0.9168,362420.9363,343476.8246,201361.1129,1699754.1912,1610906.3074
300981.SZ,20250124,11.91,1.0413,3.4171,1.17,,,0.8272,2.2064,1.9667,4.1827,4.1827,39000.78,35743.2075,10891.7858,464499.2898,425701.6013
300407.SZ,20250124,10.38,1.6337,2.0967,0.85,34.2957,35.4109,1.8467,1.6509,1.5289,1.2143,1.2143,31820.0493,24426.0074,19032.2427,330292.1117,253541.9568
301307.SZ,20250124,20.51,3.7276,4.2435,0.91,31.7899,,1.355,1.3544,1.2643,0.5851,0.5851,21060.0,10899.164,9574.204,431940.6,223541.8536
601727.SH,20250124,7.74,4.7347,10.9575,2.32,422.8848,542.7088,2.2518,1.0558,1.0733,0.0,,1557980.9092,1265532.7092,546832.2319,12058772.2372,9795223.1692
600897.SH,20250124,14.54,0.3815,1.1922,1.13,17.1272,13.2657,1.3748,3.5757,3.2448,1.7882,1.7882,41693.4,41693.4,13343.4,606222.036,606222.036
002131.SZ,20250124,3.7,14.598,15.3463,0.74,12.7438,,1.9459,1.2239,1.2138,0.8052,0.8052,677152.4688,585125.5992,556593.3279,2505464.1346,2164964.717
002008.SZ,20250124,25.75,1.7662,2.1799,0.88,33.0326,16.8258,1.7053,1.9228,1.8266,0.7676,0.7676,105219.3,97928.3962,79343.0772,2709396.975,2521656.2022
002717.SZ,20250124,3.16,11.942,13.2018,0.81,,,2.9524,2.7004,4.4547,0.0,,182023.3558,160078.3105,144802.9841,575193.8043,505847.4612
601211.SH,20250124,18.23,1.685,2.9397,2.88,17.3152,15.8053,1.0807,4.4911,4.2588,3.017,3.017,890373.062,748032.2856,428771.496,16231500.9203,13636628.5665
300258.SZ,20250124,9.7,2.8852,5.2355,1.04,19.6678,28.2174,1.2922,2.2218,2.263,2.1649,2.1649,48177.7232,46662.2377,25715.3612,467323.915,452623.7057
001255.SZ,20250124,30.68,17.879,17.879,0.76,74.398,2266.2333,3.3864,7.8765,7.9248,0.2795,0.2795,8000.0,2000.0,2000.0,245440.0,61360.0
300978.SZ,20250124,10.81,1.935,2.3481,1.31,32.4774,30.4252,2.7754,2.2349,2.0589,2.3127,2.3127,42270.2739,18896.0084,15571.2029,456941.6609,204265.8508
688786.SH,20250124,25.0,0.6369,1.1824,0.99,37.5043,38.8449,4.2347,8.1303,7.2933,1.7143,1.7143,11983.3336,11983.3336,6454.5586,299583.34,299583.34
600711.SH,20250124,5.05,1.5872,1.9345,0.61,58.9646,9.0205,1.0318,0.6382,0.657,0.5089,0.5089,309061.1551,309061.1551,253581.1654,1560758.8333,1560758.8333
603719.SH,20250124,16.2,6.4513,15.1367,0.71,36.0328,775.9607,2.8106,0.8074,0.8631,2.9259,2.9259,40100.0,40100.0,17090.666,649620.0,649620.0
300730.SZ,20250124,11.97,5.1015,6.6929,2.08,,,9.2816,12.3359,11.2444,0.0,,24113.8947,19667.8152,14991.4656,288643.3196,235423.7479
000100.SZ,20250124,5.04,1.5607,1.6134,0.69,42.7311,44.4592,1.7853,0.5428,0.5761,1.5873,1.5873,1877908.0767,1809812.8471,1750662.0468,9464656.7066,9121456.7494
300272.SZ,20250124,5.86,1.5009,1.8842,0.95,25.5386,38.7487,2.9885,2.0234,2.0084,4.6054,3.6752,57721.7911,43112.0454,34341.4115,338249.6958,252636.586
300422.SZ,20250124,4.47,7.7917,12.7707,1.12,,,1.1204,1.1912,1.3164,0.0,,53388.0389,51668.8034,31524.2693,238644.5339,230959.5512
300127.SZ,20250124,26.85,7.4554,16.6033,1.05,53.894,67.315,6.1243,10.5304,11.0656,1.4898,1.4898,32314.636,23081.614,10364.3399,867647.9766,619741.3359
002653.SZ,20250124,31.53,0.4623,0.9965,0.75,119.6531,74.1535,8.7381,10.5247,9.4862,1.0885,1.5167,111991.797,53582.7058,24856.1803,3531101.3594,1689462.7139
600169.SH,20250124,2.41,0.8215,1.609,1.23,43.7893,53.6972,1.572,0.9677,0.998,0.0,,336125.684,333314.15,170188.3075,810062.8984,803287.1015
002692.SZ,20250124,4.53,11.116,16.9295,1.16,63.6326,46.1434,2.8152,1.0162,0.7913,0.4415,0.4415,71814.6,71786.4975,47135.3835,325320.138,325192.8337
000688.SZ,20250124,11.96,0.4627,1.833,0.57,214.6197,114.5762,4.4718,11.2554,7.6647,0.1495,0.1495,112539.6625,112539.2305,28409.2553,1345974.3635,1345969.1968
688066.SH,20250124,18.88,2.255,3.1738,1.12,,,2.4972,2.7123,3.1277,,,26127.7392,26127.7392,18563.7781,493291.7161,493291.7161
688628.SH,20250124,36.86,0.4972,1.1242,0.55,25.4161,22.6421,3.4207,4.0208,3.7626,3.2426,3.2426,11128.1997,11115.4797,4915.7991,410185.4409,409716.5817
603696.SH,20250124,8.13,1.253,3.3587,0.61,61.5001,80.1613,3.4102,3.0249,3.2055,0.9225,0.9225,23520.0,23520.0,8774.3565,191217.6,191217.6
300429.SZ,20250124,10.95,2.5743,2.9048,0.78,,,3.1572,7.367,6.5364,0.0,,53630.0205,39864.4269,35328.6054,587248.7245,436515.4746
301556.SZ,20250124,90.5,14.2389,14.2389,1.59,67.1065,61.7874,8.6024,16.7979,15.6656,,,8528.0,1834.7682,1834.7682,771784.0,166046.5221
000425.SZ,20250124,7.6,0.6834,0.6906,1.25,16.8597,15.4935,1.5263,0.9672,0.9989,2.3684,2.3684,1181616.6093,812009.2209,803561.4762,8980286.2307,6171270.0788
600325.SH,20250124,5.36,1.1958,1.5879,0.64,8.0266,15.2545,0.7037,0.2045,0.2613,6.903,6.903,275215.2116,257124.0616,193630.6853,1475153.5342,1378184.9702
605376.SH,20250124,30.2,1.0164,1.7179,0.72,,197.8842,5.4531,11.4679,8.5453,1.6556,1.6556,26160.0,26160.0,15478.3,790032.0,790032.0
600996.SH,20250124,8.08,0.8362,1.7755,0.91,,,2.9356,5.339,7.0253,0.0,,122402.3831,122402.3831,57643.0615,989011.2554,989011.2554
600132.SH,20250124,54.41,0.9466,2.3665,0.8,19.7014,19.8817,18.6748,1.7775,1.7734,7.903,7.903,48397.1198,48397.1198,19358.848,2633287.2883,2633287.2883
002096.SZ,20250124,10.13,2.6752,5.2818,1.3,19.8233,18.359,1.7245,1.491,1.4878,2.0237,2.0237,124044.077,48842.9856,24739.1044,1256566.5,494779.4441
600845.SH,20250124,29.49,1.3368,4.1442,1.71,33.3028,32.5485,7.6323,6.5845,6.1386,2.8266,2.8266,288380.3858,212115.4226,68420.0552,8504337.5772,6255283.8125
000153.SZ,20250124,5.93,1.0406,1.4317,0.95,17.3029,16.7928,1.3803,0.6446,0.6391,1.807,1.807,46477.3722,45294.3722,32920.8047,275610.8171,268595.6271
002086.SZ,20250124,2.41,3.4667,3.4667,1.07,2.6984,2.726,3.05,10.7976,13.1169,0.0,,195894.65,89094.65,89094.65,472106.1065,214718.1065
300020.SZ,20250124,2.72,2.9552,3.3186,0.58,,,0.5347,1.8489,2.9685,0.0,,79467.7974,76663.9584,68270.1117,216152.4089,208525.9668
605567.SH,20250124,8.5,1.8869,3.4497,0.94,,,1.5843,0.608,0.6788,0.0,,20000.0,20000.0,10939.305,170000.0,170000.0
000506.SZ,20250124,3.89,2.4801,3.7017,0.82,541.6753,,6.1874,12.7081,16.371,0.0,,92901.7761,92867.0961,62218.8027,361387.909,361253.0038
603527.SH,20250124,9.47,2.1072,3.4314,0.73,26.1249,25.5643,1.5201,0.3959,0.3448,1.5839,1.5839,31697.12,31697.12,19464.9037,300171.7264,300171.7264
688655.SH,20250124,11.22,1.4225,2.9694,0.91,111.1117,336.5651,2.1783,3.2247,3.1588,0.6684,0.6684,13339.0,13339.0,6389.9012,149663.58,149663.58
600988.SH,20250124,17.91,2.7301,3.1946,0.83,37.0685,21.4512,4.1876,4.127,3.5555,0.2766,0.2766,166391.1378,166391.1378,142198.5632,2980065.278,2980065.278
002548.SZ,20250124,3.85,2.3325,3.4478,1.03,,,2.0498,0.7672,0.7216,0.0,,80509.3658,80447.1492,54423.992,309961.0583,309721.5244
301131.SZ,20250124,35.04,3.7353,3.7353,1.21,45.0638,55.5263,2.0537,1.1332,1.0315,1.0559,1.0559,4778.0,2307.4208,2307.4208,167421.12,80852.0248
000605.SZ,20250124,7.29,1.4923,2.6467,0.77,127.766,115.9081,1.2125,1.3936,1.3842,0.2743,0.2743,35265.86,33263.8717,18754.9782,257088.1194,242493.6247
000913.SZ,20250124,19.74,1.8284,3.1044,0.62,22.4051,19.9613,2.3877,2.0394,1.7552,3.9518,3.9518,52667.1,45731.7575,26934.6178,1039648.554,902744.8931
601233.SH,20250124,11.67,0.7012,1.1574,0.71,35.3029,31.2589,0.7735,0.3405,0.2902,0.3652,0.3652,241111.9493,239589.8093,145143.087,2813776.4483,2796013.0745
920357.BJ,20250124,20.82,3.9309,7.2905,0.81,38.7224,35.6112,4.569,4.7141,4.5083,1.9212,1.9212,8008.0,4451.46,2400.149,166726.56,92679.3972
000967.SZ,20250124,4.75,0.3855,1.2026,1.4,30.1835,30.1452,0.8668,1.191,1.1645,2.6316,2.6316,316694.1792,316543.4092,101467.3792,1504297.3512,1503581.1937
600062.SH,20250124,19.25,0.6087,1.5576,0.78,15.0025,12.1034,1.9826,1.9564,1.7817,1.8557,1.8557,103889.4722,102721.9846,40142.4222,1999872.3399,1977398.2036
600239.SH,20250124,2.48,1.3313,2.2597,0.59,,,2.8747,2.0409,1.8911,0.0,,160568.6909,160568.6909,94602.2647,398210.3534,398210.3534
000759.SZ,20250124,8.63,18.5516,29.1325,0.68,,,3.0032,0.4967,0.5464,0.0,,66997.1694,65570.6025,41755.3281,578185.5719,565874.2996
000539.SZ,20250124,4.34,0.5134,1.609,1.23,23.3786,31.8735,0.9701,0.3816,0.3994,0.4608,0.4608,525028.3986,255389.6649,81486.6644,2278623.2499,1108391.1457
002818.SZ,20250124,13.18,1.007,2.0239,1.04,12.235,13.399,1.8375,6.4726,6.8257,8.1942,8.1942,74845.894,29835.7191,14845.4129,986468.8829,393234.7777
000548.SZ,20250124,5.2,1.2498,1.8464,1.03,17.4569,15.0435,1.2682,2.0769,1.7997,1.7308,1.7308,49921.5811,49918.8811,33788.2354,259592.2217,259578.1817
301211.SZ,20250124,17.51,4.374,4.374,0.69,28.6338,47.4567,2.1969,7.6059,11.0936,2.7413,2.7413,28800.0,7200.0,7200.0,504288.0,126072.0
920368.BJ,20250124,29.57,1.2284,2.0939,1.0,10.1873,11.5653,1.6599,1.1568,1.1069,1.009,1.009,23478.044,22322.5528,13096.1232,694245.7611,660077.8863
002339.SZ,20250124,6.73,3.3752,4.0617,0.79,109.6369,346.626,2.0117,1.4215,1.3422,0.2972,0.2972,50409.2274,47879.3604,39786.5766,339254.1004,322228.0955
300522.SZ,20250124,13.88,4.3939,6.7469,0.71,248.5288,234.003,5.4634,6.5664,6.5305,0.3602,0.3602,32245.1507,24389.9953,15884.087,447562.6917,338533.1348
301096.SZ,20250124,34.23,2.5931,2.7229,0.82,13.7476,17.625,1.3499,3.6748,3.6473,0.8677,0.8677,10922.8284,6943.032,6612.282,373888.4161,237659.9854
920961.BJ,20250124,15.05,2.3045,2.9369,0.78,64.0281,136.7806,2.8559,7.9517,8.6249,0.3287,0.3287,14284.0508,10543.8808,8273.5298,214974.9645,158685.406
688353.SH,20250124,21.86,0.7728,0.7731,0.75,,,0.988,6.6409,7.5842,1.357,1.357,15950.0,6251.4393,6249.2393,348667.0,136656.4631
002989.SZ,20250124,23.3,2.9838,6.5441,1.07,545.3371,,2.6762,5.5241,10.7155,0.0,,19508.8205,17917.3205,8169.3426,454555.5177,417473.5677
301153.SZ,20250124,25.18,2.9821,6.0704,1.55,29.4104,74.3275,5.253,7.295,9.576,2.2063,2.2063,34992.0,20586.5793,10113.098,881098.56,518370.0668
002880.SZ,20250124,26.74,0.2814,1.0328,1.13,27.7365,24.2478,2.8331,5.7841,5.196,0.7479,0.7479,22680.0,22602.23,6159.23,606463.2,604383.6302
603031.SH,20250124,27.3,1.596,2.4878,1.48,49.76,35.4081,3.171,1.3349,1.2647,1.1368,1.1368,21112.0,21112.0,13543.9318,576357.6,576357.6
002792.SZ,20250124,14.8,4.3377,5.6012,0.85,95.2364,102.0167,2.7822,5.9763,6.0483,1.0383,1.0383,52243.3405,31380.5678,24301.9734,773201.4394,464432.4034
603040.SH,20250124,24.53,1.6708,3.6875,1.39,18.1621,15.8529,2.5904,5.7411,5.0931,2.412,2.819,13651.7896,13506.3396,6119.7721,334878.3989,331310.5104
300617.SZ,20250124,29.57,2.1093,3.3399,0.85,24.1565,27.5121,1.7462,5.1634,5.2194,0.5966,0.5966,16736.0156,14059.1636,8879.1486,494883.9813,415729.4677
600863.SH,20250124,4.11,0.5703,1.2144,0.98,13.3802,11.7114,1.6089,1.1909,1.2125,4.5012,4.5012,652688.7811,652688.7811,306506.6185,2682550.8903,2682550.8903
301159.SZ,20250124,31.38,8.4466,11.4933,3.28,321.1449,,3.2916,7.2518,7.1533,0.3187,0.3187,7735.0,4247.3874,3121.4763,242724.3,133283.0166
688659.SH,20250124,6.73,2.5132,4.5712,0.83,,,1.7523,2.054,1.6885,,,16000.0,16000.0,8796.688,107680.0,107680.0
301021.SZ,20250124,28.88,8.3513,20.1623,2.63,,1669.0979,4.4843,11.9438,10.1067,0.0,,15215.1932,15212.4782,6301.0582,439414.7796,439336.3704
300102.SZ,20250124,11.02,2.8592,4.4149,0.8,320.8778,60.4872,2.5008,4.2481,4.1754,0.0,,92033.3863,91481.5587,59246.6605,1014207.917,1008126.7769
300088.SZ,20250124,6.36,1.5906,1.9673,0.93,64.6666,68.2402,1.8697,1.7574,1.391,1.1001,1.1001,245613.3062,244390.313,197589.5719,1562100.6274,1554322.3907
002261.SZ,20250124,17.56,7.0248,7.9218,1.83,490.5418,,8.5054,6.9928,5.2187,0.0,,125605.3503,112776.3798,100007.1277,2205629.9513,1980353.2293
000719.SZ,20250124,11.09,1.1724,2.5776,1.39,8.1704,9.3668,1.0314,1.154,1.1461,3.7872,3.7872,102320.3749,66714.7543,30345.1786,1134732.9576,739866.6252
300568.SZ,20250124,9.65,1.7636,1.8278,0.99,22.4863,50.2047,1.3181,4.3009,3.8027,2.2793,2.2793,134295.697,121384.1104,117121.8731,1295953.4761,1171356.6654
603068.SH,20250124,36.79,10.9889,18.1131,0.62,,,3.3193,7.8544,7.2785,0.1359,0.1359,15042.4966,15042.4966,9126.0053,553413.4499,553413.4499
000882.SZ,20250124,3.75,29.5626,47.3275,1.59,358.2813,610.2925,1.4835,9.3364,7.5506,0.0,,273735.1947,273551.4266,170871.1951,1026506.9801,1025817.8498
001238.SZ,20250124,29.74,3.141,3.141,0.58,193.51,222.7041,2.9386,2.9982,2.7586,0.2354,0.2354,11000.0,3197.7125,3197.7125,327140.0,95099.9698
600493.SH,20250124,5.24,1.402,2.0931,0.75,5.2547,5.3526,1.2531,1.4317,1.4173,1.9084,1.9084,27200.0,27200.0,18218.6406,142528.0,142528.0
920489.BJ,20250124,18.71,4.8366,4.8366,0.46,125.3131,257.3278,5.0542,4.7629,4.217,1.0689,1.0689,13645.92,8569.3749,8569.3749,255315.1632,160333.0044
301371.SZ,20250124,35.69,1.8652,1.8652,0.59,19.0551,19.6459,2.5892,7.385,6.9301,2.8019,4.2029,40008.0,5859.5,5859.5,1427885.52,209125.555
001278.SZ,20250124,16.18,3.7569,3.7569,1.35,19.5426,24.63,1.512,0.9662,0.9025,0.618,0.618,12373.34,5053.4501,5053.4501,200200.6412,81764.8226
600827.SH,20250124,9.98,1.2297,2.805,1.88,44.6137,10.632,0.9202,0.5834,0.6231,1.2024,1.2024,178416.8117,160444.992,70337.9552,1780599.7808,1601241.0202
300718.SZ,20250124,57.29,24.8692,41.3939,0.92,70.6619,73.529,10.9269,15.4842,15.2638,0.7003,0.7003,29877.903,19386.4233,11647.2288,1711705.0629,1110648.1909
600330.SH,20250124,7.1,1.8206,2.2448,1.25,26.95,51.5069,1.0927,2.3784,2.6106,1.1192,1.1192,123343.4416,123343.4416,100035.6343,875738.4354,875738.4354
300378.SZ,20250124,32.16,20.7748,26.6299,4.21,58.0877,57.685,4.1921,3.9179,3.6575,0.3528,0.3528,27139.283,26961.233,21033.2573,872799.3413,867073.2533
000708.SZ,20250124,11.35,0.2657,1.6454,1.31,10.0128,11.0525,1.4627,0.5024,0.5156,4.9751,4.9751,504715.7035,504715.7035,81506.4335,5728523.2347,5728523.2347
603501.SH,20250124,107.36,1.2928,1.9446,0.72,234.9845,50.9512,5.8509,6.2112,5.2545,0.3122,0.3122,121612.3535,121612.3535,80851.8623,13056302.2718,13056302.2718
603399.SH,20250124,8.6,1.2294,2.2103,0.8,,,2.4732,0.5906,0.7347,0.0,,51538.0649,51229.0649,28493.4122,443227.3581,440569.9581
603288.SH,20250124,41.05,0.1435,0.538,1.06,40.5683,37.3414,7.7714,9.2943,8.6764,1.6036,1.6036,556060.0544,556060.0544,148271.9479,22826265.2331,22826265.2331
300158.SZ,20250124,3.8,2.606,3.732,0.67,,,0.7466,1.0536,1.2277,0.0,,100531.9756,100169.2107,69946.1916,382021.5073,380643.0007
688017.SH,20250124,157.85,5.8281,9.8496,1.05,343.6518,410.281,8.4361,81.1985,76.4856,0.175,0.175,18321.2735,16876.3868,9985.8595,2892013.022,2663937.6564
002626.SZ,20250124,14.22,0.642,1.3776,1.14,31.3441,34.1528,2.1543,2.7955,2.7758,1.4065,1.4065,60993.4771,60984.4771,28420.4446,867327.2444,867199.2644
600816.SH,20250124,3.31,0.6802,1.0822,0.96,767.0781,657.0589,2.3953,,,0.0,,984444.8254,546913.7919,343759.4815,3258512.3721,1810284.6512
688670.SH,20250124,11.63,0.8069,2.2523,1.13,,,1.0874,10.6457,27.2156,,,12320.0,12320.0,4413.5585,143281.6,143281.6
301179.SZ,20250124,17.44,4.0814,4.0814,1.13,22.8239,23.2468,2.5239,5.5106,4.8035,3.0531,3.0531,33545.9465,8597.9465,8597.9465,585041.307,149948.187
002909.SZ,20250124,5.24,1.5623,2.5997,0.77,199.5564,262.3729,2.1457,1.5338,1.6016,0.9556,0.9556,39000.0,38100.3758,22896.9396,204360.0,199645.9692
688638.SH,20250124,27.94,0.4173,0.4173,0.9,27.8714,,1.4955,1.3986,2.143,0.3579,0.3579,5600.0,2579.3561,2579.3561,156464.0,72067.2094
002043.SZ,20250124,10.79,1.1959,1.957,1.02,13.0223,12.5602,3.0416,0.9906,0.9165,7.6374,7.6374,83205.8923,73347.4698,44823.5504,897791.5779,791419.1991
688563.SH,20250124,55.0,0.8015,0.8015,1.44,42.9528,48.5987,2.4418,8.8309,8.8267,0.9545,0.9545,45000.0,11518.8993,11518.8993,2475000.0,633539.4615
000833.SZ,20250124,11.29,10.9651,13.4181,0.45,136.5304,37.3339,2.5858,2.695,3.5647,0.4207,0.4207,80208.2221,45370.2026,37075.8377,905550.8275,512229.5874
600833.SH,20250124,12.66,1.5738,2.8588,0.9,31.6356,15.7693,2.5213,1.5522,1.5245,0.9874,0.9874,22308.6347,22308.6347,12281.1613,282427.3153,282427.3153
603680.SH,20250124,8.71,0.3483,2.7445,1.2,24.6034,19.2003,1.294,1.8462,1.6736,1.3777,1.3777,78371.8767,78371.8767,9946.8167,682619.0461,682619.0461
002188.SZ,20250124,4.28,3.2421,4.228,0.78,69.2393,382.3269,4.7009,4.1196,3.9455,0.0,,32710.3864,25736.3007,19735.0005,140000.4538,110151.367
000778.SZ,20250124,3.57,0.9948,1.6354,1.22,10.474,18.9897,0.5518,0.3271,0.416,1.6909,1.6909,396318.2285,389362.4752,236833.1013,1414856.0757,1390024.0365
300593.SZ,20250124,10.41,2.1125,2.2432,0.68,58.3225,,2.0121,3.8504,5.3522,0.9557,0.9557,54249.8469,45026.3501,42402.4023,564740.9062,468724.3045
603530.SH,20250124,26.42,0.9634,4.8817,0.71,72.0987,41.0523,6.8053,11.9074,9.6636,0.9739,0.9739,43226.3327,42746.4774,8436.1372,1142039.7099,1129361.9329
688357.SH,20250124,22.25,0.5964,1.1144,1.18,14.5478,28.711,1.3254,2.2899,3.0172,2.6966,2.6966,10005.8399,10005.8399,5354.6218,222629.9378,222629.9378
301389.SZ,20250124,17.29,5.8078,5.8078,0.55,50.6571,70.413,2.2414,18.4722,17.7618,1.727,1.727,28350.0,8207.7047,8207.7047,490171.5,141911.2143
002107.SZ,20250124,4.44,0.8023,1.6353,0.88,43.6096,105.5721,3.7475,2.8178,3.3292,5.6306,5.6306,57720.96,56961.665,27947.0287,256281.0624,252909.7926
603833.SH,20250124,63.77,0.5476,2.1332,1.25,12.7964,14.0911,2.1549,1.7051,1.933,4.3039,4.3039,60915.2528,60915.2528,15637.4174,3884565.6711,3884565.6711
600545.SH,20250124,2.63,7.4757,13.851,0.86,131.3907,,1.4803,0.7806,1.0309,0.0,,178791.2222,178791.2222,96497.6549,470220.9144,470220.9144
002676.SZ,20250124,6.1,2.2315,3.617,1.22,124.7262,92.5884,3.5797,1.9374,1.6674,0.1639,0.1639,72000.0,71997.6459,44419.1756,439200.0,439185.64
600758.SH,20250124,3.28,0.601,1.3136,1.1,181.6044,213.1614,0.8024,0.7749,0.7987,0.6098,0.6098,132201.7394,132074.3394,60422.7803,433621.7052,433203.8332
000524.SZ,20250124,9.49,0.8713,3.0973,0.65,92.3952,43.3302,2.8291,1.8686,1.5184,0.0,,67020.8597,66997.5146,18846.708,636027.9586,635806.4136
000566.SZ,20250124,4.33,1.0767,1.6536,0.9,,,3.1793,3.7993,5.4505,0.0,,129736.5126,116590.9733,75918.3014,561759.0996,504838.9144
920753.BJ,20250124,27.34,2.2807,3.4146,0.87,61.9381,70.8668,5.8295,13.4158,11.1374,1.4923,1.4923,8140.4368,3148.39,2102.9265,222559.5421,86076.9826
688520.SH,20250124,36.63,0.3778,1.5599,0.9,,,,8.6432,6.6716,,,44533.5714,44533.5714,10786.1564,1631264.7204,1631264.7204
002823.SZ,20250124,15.2,5.0739,6.0844,1.01,65.0586,33.2778,2.6356,1.6505,1.6014,2.1698,2.1698,32836.8949,21642.0416,18047.8562,499120.8025,328959.0323
301070.SZ,20250124,51.62,2.43,3.2102,0.77,124.1022,,4.1359,9.041,9.7119,0.7749,0.7749,6455.52,4250.16,3217.29,333233.9424,219393.2592
000545.SZ,20250124,2.03,1.7224,2.3228,0.98,,,1.4997,0.8847,0.9127,0.0,,98683.3096,98540.3096,73070.3096,200327.1185,200036.8285
920062.BJ,20250124,7.23,2.1453,2.4725,1.13,18.4712,28.3927,1.9286,1.3443,1.2072,1.3831,1.3831,18658.6277,12941.9055,11229.136,134901.8783,93569.9768
600643.SH,20250124,4.88,0.7455,1.5192,0.97,78.1363,,0.6194,5.2616,4.6227,0.4106,0.4106,159317.0778,159035.1716,78039.5418,777467.3397,776091.6374
600875.SH,20250124,15.07,0.895,1.7443,1.23,13.2325,14.3966,1.2211,0.7887,0.7496,3.152,3.152,311748.2123,202357.906,103826.6997,4698045.5594,3049533.6434
002299.SZ,20250124,13.91,0.4844,1.0428,1.13,26.037,56.2586,1.7131,0.9356,0.944,2.1438,3.573,124340.0295,122522.5801,56912.614,1729569.8103,1704289.0892
603613.SH,20250124,25.77,1.766,2.6999,1.6,13.0006,12.0343,2.479,0.3663,0.3073,0.8245,0.8245,72053.7813,72053.7813,47131.2696,1856825.9441,1856825.9441
600688.SH,20250124,2.81,0.412,1.6152,1.07,,,1.2129,0.3225,0.3365,0.0,,1067522.75,732881.35,186935.85,2999738.9275,2059396.5935
688153.SH,20250124,32.98,5.2597,7.2053,1.58,126.2938,153.0061,3.5191,4.7564,4.9537,0.1622,0.1622,42999.7787,11376.2101,8304.3088,1418132.7015,375187.4091
002806.SZ,20250124,12.18,4.5813,4.984,1.26,,,2.6899,3.3235,2.5867,0.0,,19623.052,15785.7166,14510.2386,239008.7734,192270.0282
000020.SZ,20250124,12.7,1.9311,5.6541,0.62,269.5296,237.5111,9.4347,4.9497,4.9193,0.0,,28316.1227,18116.5391,6187.5497,359614.7583,230080.0466
300927.SZ,20250124,18.34,5.1953,16.8931,1.36,38.6241,54.4955,3.7756,3.7336,3.775,0.7906,0.7906,14436.0,14088.893,4332.893,264756.24,258390.2976
600257.SH,20250124,4.75,2.2038,2.8312,0.52,,,2.6756,1.9153,2.1059,0.0,,48123.7188,48123.7188,37459.8377,228587.6643,228587.6643
002061.SZ,20250124,3.84,1.1203,2.2251,1.53,7.4066,6.9885,0.6785,0.2168,0.2124,3.2552,3.2552,259913.79,259913.79,130860.4774,998068.9536,998068.9536
603816.SH,20250124,28.47,0.7346,1.4006,1.09,11.6648,12.5565,2.3921,1.2179,1.2395,4.8239,4.8239,82189.1519,81216.6231,42597.9287,2339925.1546,2312237.2597
002878.SZ,20250124,17.19,11.0847,19.4126,1.06,189.6613,881.8617,2.9144,1.6666,1.76,0.2909,0.2909,26099.8227,23362.4302,13340.0779,448655.9522,401600.1751
605136.SH,20250124,7.48,3.5318,7.0681,0.55,101.4452,55.8195,1.2084,1.0844,1.4548,0.7487,0.7487,40045.85,40045.85,20010.1451,299542.958,299542.958
300291.SZ,20250124,5.05,2.8657,5.0088,0.99,,,1.3552,11.0198,5.1945,0.0,,94188.9651,92897.8719,53149.7779,475654.2738,469134.2531
002232.SZ,20250124,18.47,2.888,6.522,1.08,257.4018,,5.5977,6.0698,8.3955,0.0541,0.0541,40854.8455,40854.8455,18090.8732,754588.9964,754588.9964
688279.SH,20250124,229.0,5.2645,7.0818,2.0,120.97,90.1385,8.4436,51.4179,37.5942,0.266,0.266,9236.338,5585.8233,4152.443,2115121.402,1279153.5357
000546.SZ,20250124,4.59,1.8171,2.7216,0.93,,,0.8451,1.2571,0.6169,0.0,,77878.1962,69783.8906,46593.1278,357460.9206,320308.0579
002169.SZ,20250124,5.76,1.1654,1.493,0.72,,,1.5568,1.6489,1.6539,1.7361,1.7361,78270.4094,75867.3967,59221.3596,450837.5581,436996.205
002977.SZ,20250124,25.78,1.2883,1.7561,0.96,61.8743,261.4096,2.8506,18.5174,19.5126,0.6982,0.6982,12012.0,6662.017,4887.517,309669.36,171746.7983
688065.SH,20250124,43.7,0.54,1.0847,0.75,69.5551,64.0839,2.2389,12.0584,9.2242,0.4332,0.4332,58337.8039,58337.8039,29040.9774,2549362.0304,2549362.0304
002563.SZ,20250124,6.12,0.8465,2.6472,0.88,14.7016,15.7846,1.4406,1.207,1.1643,4.902,4.902,269409.016,220844.234,70621.6215,1648783.1779,1351566.7121
300044.SZ,20250124,6.16,5.8624,6.5509,0.63,,,7.6201,10.4991,16.523,0.0,,76386.9228,76377.3438,68351.0115,470543.4444,470484.4378
603219.SH,20250124,15.06,1.3672,6.5087,0.74,32.3698,40.0188,5.4434,3.1395,3.1897,1.9831,1.9831,56140.0,56140.0,11792.9916,845468.4,845468.4
002264.SZ,20250124,6.13,1.7896,4.0546,1.06,21.9826,19.0321,2.4712,1.5626,1.2147,0.0,,71985.9762,65450.4499,28888.7392,441274.0341,401211.2579
688687.SH,20250124,22.87,1.4088,1.9071,1.08,33.5507,27.8202,2.1484,2.7688,2.7231,1.0707,1.0707,17094.4422,17094.4422,12627.4722,390949.8931,390949.8931
300615.SZ,20250124,12.52,8.2559,11.5465,0.73,40.1447,,4.5856,3.9314,10.3662,0.7914,0.7914,19346.92,13184.9972,9427.4692,242223.4384,165076.1649
688459.SH,20250124,9.31,0.7092,1.1661,1.08,40.3635,33.9523,1.3413,4.6101,4.2342,1.0741,1.0741,48000.0,17558.4968,10679.0049,446880.0,163469.6052
603688.SH,20250124,27.23,1.1738,2.465,1.33,2.9271,12.8828,2.5687,2.0531,6.4653,13.943,13.943,54167.8289,54167.8289,25793.726,1474989.9809,1474989.9809
300797.SZ,20250124,11.68,0.5642,1.5919,0.88,35.5983,34.2846,3.973,4.7124,4.2714,0.8563,0.8563,38310.0,37551.147,13308.8945,447460.8,438597.397
600537.SH,20250124,2.73,1.6732,2.132,0.99,47.9101,,1.6587,0.3997,0.8241,0.0,,118621.5018,118371.5018,92901.8804,323836.6999,323154.1999
301631.SZ,20250124,124.9,11.4527,11.4527,1.34,31.3802,30.5998,3.5611,2.6526,2.1818,,,6529.6129,1302.8302,1302.8302,815548.6512,162723.492
301333.SZ,20250124,47.83,1.3475,2.5038,0.91,28.4219,38.1484,2.5654,6.4037,6.0892,0.4156,0.4156,9658.1256,5731.2456,3084.5256,461948.1474,274125.477
688368.SH,20250124,85.38,1.2319,3.732,0.75,,,5.744,5.7539,5.0829,,,8782.647,8782.647,2899.0851,749862.4009,749862.4009
301200.SZ,20250124,38.6,3.195,3.195,0.46,119.6052,90.4966,3.2456,9.9198,5.713,0.0,,42000.0,5840.3051,5840.3051,1621200.0,225435.7769
002372.SZ,20250124,12.09,0.3901,0.9546,0.71,13.4373,16.284,4.0394,3.0177,3.0051,7.3499,7.3499,159203.7988,147085.8109,60099.5878,1924773.9275,1778267.4538
300002.SZ,20250124,12.54,4.2249,4.2933,1.32,27.7402,17.3549,3.6021,4.1277,3.8306,0.4773,0.4773,196256.4954,182062.9507,179162.5484,2461056.4523,2283069.4018
002063.SZ,20250124,5.69,1.9411,2.4595,1.69,31.4942,35.6929,3.1012,4.5379,4.5809,0.4569,0.4569,190509.6,175881.7457,138810.7121,1083999.624,1000767.133
300311.SZ,20250124,5.84,3.6436,4.1152,1.28,,,6.2795,6.4625,6.7976,0.0,,67363.015,53740.9093,47582.1917,393400.0076,313846.9103
003009.SZ,20250124,37.87,0.4333,1.1872,1.11,61.2915,80.1233,3.7491,4.9867,5.1174,0.2165,0.2165,15539.3727,15539.2937,5671.3704,588476.0441,588473.0524
002689.SZ,20250124,3.77,3.8687,7.9386,0.55,126.8264,,3.4003,2.9446,3.4697,0.0,,104331.0725,104291.1524,50823.7754,393328.1433,393177.6445
600578.SH,20250124,3.4,0.4696,2.2931,1.53,25.9171,15.5374,1.0496,0.6923,0.6649,3.0882,3.0882,669462.1015,669462.1015,137100.4264,2276171.1451,2276171.1451
300685.SZ,20250124,20.8,1.2911,1.7754,1.15,31.694,26.3077,4.5857,7.942,7.0003,0.7188,0.7188,39843.6809,39490.9579,28718.1063,828748.5627,821411.9243
600621.SH,20250124,14.64,2.6702,5.9677,1.5,39.0923,54.3218,1.9224,1074.0626,1178.8463,0.9495,0.9495,106089.9292,106089.9292,47468.3404,1553156.5635,1553156.5635
688090.SH,20250124,38.7,3.5153,6.2767,1.51,74.034,107.0299,4.0783,3.5891,3.559,0.4049,0.4049,9419.4479,9419.4479,5275.3843,364532.6337,364532.6337
300404.SZ,20250124,8.35,2.4294,2.8246,1.19,131.1584,71.5854,3.2424,5.7433,4.2384,0.1189,0.1189,38231.3813,27577.7387,23718.9939,319232.0339,230274.1181
601155.SH,20250124,11.39,0.5175,1.5778,0.55,34.8548,,0.4176,0.2156,0.2583,0.0,,225562.2856,225562.2856,73982.2856,2569154.433,2569154.433
603366.SH,20250124,10.96,4.0668,10.2895,0.71,42.7124,84.0479,2.2317,1.8403,1.9276,0.7125,0.7125,81304.8101,81304.8101,32135.0795,891100.7187,891100.7187
300480.SZ,20250124,12.48,0.955,1.1227,0.81,63.5866,,3.2855,6.6622,7.883,0.3992,0.3992,35277.1139,24768.3201,21067.759,440258.3815,309108.6348
603616.SH,20250124,3.44,2.2336,3.4815,0.74,,,3.4267,2.5266,2.1916,0.0,,39131.8,38136.8,24467.08,134613.392,131190.592
688789.SH,20250124,68.49,0.9804,1.9556,1.01,37.7869,31.0451,4.1007,9.7687,7.491,0.782,0.782,17945.1332,17945.1332,8996.3941,1229062.1729,1229062.1729
301259.SZ,20250124,49.09,3.5581,3.8883,0.65,,,9.2069,43.0471,53.9664,0.0,,15600.0,8136.9788,7445.9475,765804.0,399444.2893
300452.SZ,20250124,11.74,0.8906,1.131,1.04,17.0392,17.1566,3.1488,3.2796,3.264,2.1128,2.1128,23444.8462,18680.1142,14710.8719,275242.4944,219304.5407
000571.SZ,20250124,3.39,1.1511,1.6233,0.89,,,9.5358,2.3237,2.9117,0.0,,83912.9,81402.65,57724.4468,284464.731,275954.9835
600581.SH,20250124,2.96,1.4621,2.9255,1.12,,,12.682,0.1983,0.2276,0.0,,153869.147,153289.787,76610.8606,455452.6751,453737.7695
000721.SZ,20250124,8.61,5.0474,6.6675,0.83,,,14.8401,6.3338,6.9932,0.0,,57391.4308,43750.192,33119.842,494140.2192,376689.1531
002165.SZ,20250124,4.59,4.7024,5.8857,0.42,88.1553,83.648,1.6749,1.2749,1.2544,2.1786,2.1786,73526.9837,72762.9496,58134.7917,337488.8552,333981.9387
300842.SZ,20250124,41.27,1.9288,2.2789,0.92,15.0573,15.0496,3.6986,0.6047,0.3867,1.3846,1.3846,14070.0,12510.2624,10588.431,580668.9,516298.5292
002263.SZ,20250124,2.3,0.8389,1.1637,1.13,208.8938,961.9878,1.5905,3.2403,3.277,0.0,,187836.01,187834.51,135418.708,432022.823,432019.373
603885.SH,20250124,13.61,0.779,2.0139,1.35,39.8355,33.677,3.2232,1.4893,1.3787,1.166,1.166,219900.5268,219900.5268,85060.8385,2992846.1697,2992846.1697
603511.SH,20250124,13.13,3.2792,23.4016,0.72,17.463,24.4374,1.2182,1.5572,1.6535,5.7341,5.7341,40655.5912,40188.7312,5631.514,533807.9125,527678.0407
300676.SZ,20250124,38.95,0.5857,1.0723,0.98,174.3399,,1.648,3.7236,4.0168,0.2567,0.2567,41582.1575,41252.0127,22533.9955,1619625.0346,1606765.8947
000607.SZ,20250124,3.78,1.9975,3.7968,0.46,43.5028,75.0338,2.3634,2.1666,2.4015,0.7672,0.7672,101769.841,86979.8572,45760.4689,384689.999,328783.8602
920088.BJ,20250124,22.64,2.7756,2.7756,0.65,38.2963,35.4477,3.1758,5.5612,5.6582,,,8807.15,1995.0,1995.0,199393.876,45166.8
002320.SZ,20250124,6.26,0.9754,3.6179,1.18,32.1846,53.6088,3.2526,3.549,3.3027,1.853,1.853,222893.3187,222893.3187,60093.3126,1395312.1751,1395312.1751
600499.SH,20250124,8.22,0.4857,0.8462,0.65,7.5358,20.3276,1.3845,1.626,1.4036,3.9518,3.9518,191785.6391,191785.6391,110077.5451,1576477.9534,1576477.9534
002852.SZ,20250124,8.24,6.0542,8.5199,1.43,37.4078,1458.1766,1.4146,0.4049,0.4763,1.9053,1.9053,34396.8305,28581.8746,20310.2587,283429.8833,235514.6467
301586.SZ,20250124,50.6,4.8866,4.8866,1.03,40.9581,46.191,3.4154,9.0696,7.6633,,0.5534,8297.5503,1967.2537,1967.2537,419856.0452,99543.0372
600871.SH,20250124,1.96,0.4521,2.1591,1.0,63.1341,45.264,4.1228,0.4651,0.4707,0.0,,1897941.2033,1356937.8551,284148.2187,3719964.7585,2659598.196
002067.SZ,20250124,3.57,4.548,4.7372,0.58,48.8553,48.9889,0.7903,0.8199,0.8242,0.6618,0.6618,125317.9641,111592.9641,107137.9641,447385.1318,398386.8818
601225.SH,20250124,21.58,0.369,1.0618,1.1,9.8506,9.9615,2.2527,1.2244,1.239,6.5987,7.0767,969500.0,969500.0,336903.9335,20921810.0,20921810.0
688800.SH,20250124,75.28,5.4343,9.2809,0.71,87.1719,81.1501,5.8776,7.6694,5.6685,0.1321,0.1321,15841.9873,15841.9873,9275.9873,1192584.8039,1192584.8039
002398.SZ,20250124,5.06,4.4228,4.6567,1.83,22.2301,40.3509,0.9847,1.1549,1.6512,1.5673,1.5673,69801.9082,57936.4324,55026.7566,353197.6555,293158.3479
003010.SZ,20250124,27.54,3.5987,5.6195,0.68,83.208,57.7186,4.7039,3.3068,2.6709,0.761,0.761,16403.0506,12092.5856,7744.2049,451740.0135,333029.8074
000958.SZ,20250124,5.85,0.6922,2.3248,0.86,24.7904,23.9165,1.5944,6.1586,6.5149,1.0769,1.0769,538341.852,538339.602,160275.6306,3149299.8342,3149286.6717
000050.SZ,20250124,8.55,0.8306,1.669,1.22,,,0.7649,0.6512,0.6653,0.0,,245774.7661,245771.9086,122314.289,2101374.2502,2101349.8185
300837.SZ,20250124,20.63,3.7849,8.0342,1.82,19.2795,30.1523,1.5134,3.7649,3.7961,1.4542,1.4542,10000.1405,7058.2655,3325.1405,206302.8985,145612.0173
601990.SH,20250124,8.45,0.7078,1.3194,1.15,46.0104,38.6912,1.8056,12.5804,10.1428,1.5148,1.5148,368636.1034,365978.8847,196339.0943,3114975.0737,3092521.5757
000048.SZ,20250124,16.09,0.9414,2.2166,0.87,4.8859,7.8266,2.0623,0.6871,1.2044,2.313,2.313,53028.225,52675.975,22370.8801,853224.1403,847556.4378
002075.SZ,20250124,5.41,1.9934,2.7231,0.76,61.368,89.0216,1.8699,0.7727,0.8008,1.3863,1.3863,219382.5445,219382.192,160595.0194,1186859.5657,1186857.6587
300669.SZ,20250124,20.75,1.2661,2.6641,1.22,82.3013,108.7612,4.5652,10.6401,12.1714,0.5783,0.5783,19270.5526,18209.0068,8653.5823,399863.9665,377836.8911
301265.SZ,20250124,8.73,0.598,0.8033,0.93,29.8433,55.8908,1.2848,3.6231,4.1561,0.0,,30297.3182,16979.7153,12640.6511,264495.5879,148232.9146
600332.SH,20250124,26.8,0.283,0.5907,0.95,10.7433,12.7274,1.2249,0.577,0.5704,4.2873,4.2873,162579.0949,140589.0949,67358.5846,4357119.7433,3767787.7433
688485.SH,20250124,9.51,3.4505,3.4505,0.88,1119.0638,,1.1547,5.2023,5.134,0.5184,0.5184,15029.2062,8815.7978,8815.7978,142927.751,83838.2371
600234.SH,20250124,5.7,0.7155,1.3513,1.74,,,3.3976,21.3455,9.7293,0.0,,26252.0973,26252.0973,13899.8888,149636.9546,149636.9546
603881.SH,20250124,20.53,7.5173,14.3418,1.21,99.9411,97.2141,3.8612,7.9696,7.6364,0.4204,0.4204,59864.7499,59864.7499,31378.426,1229023.3154,1229023.3154
002025.SZ,20250124,45.22,1.0663,1.8149,0.75,27.5286,36.447,3.1551,3.3269,4.1306,0.8403,0.8403,45687.0256,45256.1028,26589.1273,2065967.2976,2046480.9686
002915.SZ,20250124,13.92,5.9857,10.0741,0.66,,,3.1409,3.3721,3.1157,0.0,,32546.8375,28830.6375,17130.3767,453051.978,401322.474
000725.SZ,20250124,4.48,1.2034,1.3828,0.89,66.2037,34.8807,1.2975,0.9662,0.8795,0.6697,0.6697,3764501.6203,3685155.5686,3207008.9499,16864967.2589,16509496.9473
600113.SH,20250124,13.0,0.4739,0.9346,0.83,26.4563,26.5993,2.306,6.1838,6.0787,1.3852,1.3852,42136.666,41143.116,20862.336,547776.658,534860.508
000543.SZ,20250124,7.14,1.5008,3.4694,0.99,11.3223,9.4799,1.0499,0.5808,0.536,3.0952,3.0952,226686.3331,226686.3331,98063.3989,1618540.4183,1618540.4183
603089.SH,20250124,10.67,14.5447,41.7369,2.95,40.5502,59.771,1.999,1.3578,1.1244,0.0,,22373.1936,22373.1936,7796.7139,238721.9757,238721.9757
601860.SH,20250124,2.75,1.7525,2.2861,1.41,6.2197,6.2112,0.5273,2.2779,2.242,3.6364,5.4545,366098.3433,355156.7117,272254.2512,1006770.4441,976680.9572
600131.SH,20250124,18.15,0.741,1.7994,1.18,26.335,27.8305,3.4185,2.8426,2.9157,1.1408,1.1408,120175.9044,119590.5149,49247.5734,2181192.6649,2170567.8454
920263.BJ,20250124,7.7,0.416,0.775,0.73,12.3427,15.2603,1.9755,2.301,2.7795,1.839,3.6948,14124.2896,10259.3737,5506.0753,108757.0299,78997.1775
002799.SZ,20250124,7.95,5.8315,11.3005,0.57,,,1.8569,1.5893,1.7199,0.4528,0.4528,32004.0,32003.58,16515.136,254431.8,254428.461
603390.SH,20250124,9.37,2.8444,7.7877,0.99,142.209,88.4152,2.0885,5.7729,5.4219,0.8538,0.8538,35167.1984,34975.5265,12774.6785,329516.649,327720.6833
688679.SH,20250124,9.81,0.6635,1.4479,0.91,40.7177,121.9261,1.1418,0.8665,0.8616,0.8566,0.8566,13168.9675,13168.9675,6034.4875,129187.5712,129187.5712
603177.SH,20250124,7.39,5.2603,12.6577,0.45,,,4.3166,1.9143,1.7762,0.0,,20615.4,20419.2,8485.8,152347.806,150897.888
002967.SZ,20250124,18.64,1.516,3.3301,0.57,54.5247,42.569,3.0561,3.7633,3.5235,0.7937,2.0823,58324.5846,54101.0841,24629.9793,1087170.2569,1008444.2076
688709.SH,20250124,27.19,7.3341,7.3341,0.77,55.6664,85.0346,6.2637,18.6986,24.0518,0.4119,0.4119,63684.7026,7711.7214,7711.7214,1731587.0637,209681.7049
688367.SH,20250124,15.81,0.6925,1.1081,0.7,69.125,49.0393,2.3614,6.0194,4.4075,0.6306,0.6306,8762.46,8762.46,5476.436,138534.4926,138534.4926
600017.SH,20250124,3.0,1.0614,2.1188,1.31,14.4015,15.4973,0.6707,1.1312,1.1006,2.1667,2.1667,307565.3888,307565.3888,154068.5515,922696.1664,922696.1664
688570.SH,20250124,18.84,0.4563,0.6915,1.41,19.217,20.8403,1.9037,3.6977,4.3417,2.1231,2.1231,43300.0,18601.0,12275.5,815772.0,350442.84
300570.SZ,20250124,124.7,10.5229,13.3191,0.96,182.6213,144.4517,20.0317,32.0112,24.0512,0.401,0.401,22712.6867,19229.4948,15192.4433,2832272.0315,2397918.0016
601038.SH,20250124,14.13,0.6768,2.7028,0.79,15.9245,15.6775,2.1339,1.3772,1.3211,2.2604,2.2604,112364.5275,73170.5275,18321.9422,1587710.7736,1033899.5536
600313.SH,20250124,6.31,1.3913,2.3104,0.84,53.7633,83.2344,3.5588,1.01,1.2573,0.0,,108219.8663,108219.8663,65166.6375,682867.3564,682867.3564
301081.SZ,20250124,9.05,0.9343,0.9343,1.16,28.3802,28.9916,1.923,2.5811,2.5084,3.2993,3.2993,20577.1368,19655.3496,19655.3496,186223.088,177880.9139
688608.SH,20250124,376.2,2.0848,3.5841,0.95,365.3061,153.114,7.144,20.7516,14.6373,0.2436,0.2436,12004.5559,12004.5559,6982.862,4516113.9296,4516113.9296
601519.SH,20250124,8.56,2.6209,5.725,0.94,167.4754,,11.9324,22.0649,22.9418,0.0,,200386.56,200386.56,91738.0052,1715308.9536,1715308.9536
002094.SZ,20250124,5.29,4.7383,6.0299,0.77,350.664,111.4379,2.4384,1.4567,2.3572,0.0,,69089.7549,69045.3549,54255.5227,365484.8034,365249.9274
603067.SH,20250124,12.67,0.7085,1.1274,0.64,17.3924,14.4656,2.1173,1.7436,1.637,1.4393,1.4393,50901.6166,50901.6166,31986.2547,644923.4823,644923.4823
601677.SH,20250124,12.37,1.3213,1.5593,0.98,11.4173,9.6275,0.8958,0.5818,0.5021,1.0509,1.4551,124370.4027,119249.2027,101048.5859,1538461.8814,1475112.6374
300379.SZ,20250124,14.85,7.8857,8.0423,2.58,,,2.3674,14.8801,14.3925,0.0,,55792.2828,52663.7564,51638.5483,828515.3996,782056.7825
001289.SZ,20250124,14.77,0.0503,0.0503,0.94,19.7582,21.9857,1.7063,3.2802,3.4406,1.5064,1.5064,835981.6164,504193.4164,504193.4164,12347448.4742,7446936.7602
000685.SZ,20250124,8.72,1.0493,2.078,1.44,13.298,11.0825,0.7718,2.4741,2.3743,2.2821,6.2758,147511.1351,125396.2161,63317.5459,1286297.0981,1093455.0044
002986.SZ,20250124,11.76,0.5914,0.7067,0.69,9.9383,13.5003,1.1246,0.6824,0.5908,0.8519,0.8519,38350.0152,30224.7792,25294.1542,450996.1788,355443.4034
301325.SZ,20250124,56.2,11.4015,11.4015,0.75,23.6889,52.2922,2.7576,10.1716,6.3984,1.1105,1.1105,14389.266,5789.47,5789.47,808676.7492,325368.214
300268.SZ,20250124,7.3,1.533,2.1895,0.97,,,,0.2823,0.3478,0.0,,17420.0,13363.2302,9356.6383,127166.0,97551.5805
600202.SH,20250124,4.45,4.0095,6.0777,0.46,79.9494,,2.0685,1.1991,1.3074,0.2247,0.2247,38334.0672,38334.0672,25289.1287,170586.599,170586.599
600675.SH,20250124,2.69,0.2778,0.993,0.76,29.2962,,1.1507,1.2333,3.0159,1.0409,1.0409,604613.5331,604613.5331,169128.0739,1626410.404,1626410.404
603018.SH,20250124,8.82,3.514,3.514,1.01,8.6424,10.4082,1.2227,1.1266,1.2427,3.4868,3.4868,68379.3332,67621.3332,67621.3332,603105.7188,596420.1588
301187.SZ,20250124,37.24,7.5039,7.5039,0.8,38.8891,28.9748,4.7175,5.5918,4.0339,3.5364,3.5364,18260.7661,4787.4222,4787.4222,680030.9296,178283.6027
002795.SZ,20250124,4.96,7.0234,9.952,1.27,,,2.9698,2.3317,2.6475,0.0,,44575.4078,43477.2547,30683.1443,221094.0227,215647.1833
300575.SZ,20250124,5.79,1.5694,1.7806,0.64,14.0429,176.9295,1.2591,1.1259,1.2292,2.0725,2.0725,46475.64,34286.0466,30219.9138,269093.9556,198516.2098
300247.SZ,20250124,3.67,3.4887,4.0829,2.01,111.0058,79.0443,2.8077,5.5734,4.6759,0.0,,80404.0313,80327.5313,68636.3011,295082.7949,294802.0399
603038.SH,20250124,15.41,1.5399,2.8395,0.79,222.6625,234.1564,3.0209,5.2224,4.9147,0.2496,0.2496,26867.7106,26867.7106,14571.3357,414031.4203,414031.4203
002030.SZ,20250124,5.51,0.672,0.9828,0.82,73.887,,0.929,6.5484,8.3185,0.2722,0.2722,140344.6032,140344.6032,95953.7128,773298.7636,773298.7636
600157.SH,20250124,1.56,2.667,3.2575,1.01,15.2976,16.4599,0.7373,1.1507,1.1358,0.3526,0.3526,2221776.4145,2221776.4145,1819047.1763,3465971.2066,3465971.2066
001208.SZ,20250124,9.71,21.1308,25.9013,2.29,59.9893,47.037,3.245,1.4954,1.2964,0.5149,0.5149,53442.4,27007.2747,22033.035,518925.704,262240.6373
002772.SZ,20250124,7.1,1.6351,2.5633,1.2,17.4959,38.4015,0.8204,1.4458,1.4733,4.2254,4.2254,39324.1359,39013.5165,24886.6794,279201.3649,276995.9672
002870.SZ,20250124,31.94,2.2291,3.6855,1.28,26.1724,28.9209,2.6582,0.7288,0.6984,0.3131,0.3131,13207.5636,10406.158,6293.8636,421849.5814,332372.6865
600501.SH,20250124,17.54,1.1943,2.232,0.56,105.1318,,3.5969,1.9811,2.7852,0.3424,0.3424,43120.8,42459.845,22720.4678,756338.832,744745.6813
300579.SZ,20250124,28.36,4.0966,8.9102,1.89,,,8.5416,7.874,7.2318,0.0,,27000.0,26227.8592,12058.6907,765720.0,743822.0869
688584.SH,20250124,18.18,3.2408,3.2408,0.9,49.0075,108.2217,2.9663,8.9736,10.8072,1.6417,1.6417,66545.8353,5628.4593,5628.4593,1209803.2858,102325.3901
300080.SZ,20250124,3.88,0.8727,2.4821,0.98,157.7968,,1.3471,0.7354,1.3718,0.0,,187338.0436,187094.5124,65782.0307,726871.6092,725926.7081
002990.SZ,20250124,23.39,2.418,4.3624,1.58,30.2103,43.2782,2.5605,3.8071,4.4651,1.7104,1.7104,25603.1688,13377.8025,7414.9225,598858.1182,312906.8005
688593.SH,20250124,20.51,1.1736,1.5897,0.56,342.2392,,6.0219,19.617,19.9413,0.19,0.19,45952.9412,31900.5488,23550.4888,942494.824,654280.2559
600387.SH,20250124,2.61,0.7364,0.9473,0.76,,,0.4258,0.5742,0.9429,0.0,,46814.4464,40404.8492,31411.4405,122185.7051,105456.6564
300326.SZ,20250124,7.06,2.2402,2.5593,0.94,44.9825,128.3643,1.7674,5.2938,5.2191,0.8498,0.8498,71702.6333,71658.8713,62724.4724,506220.5911,505911.6314
002656.SZ,20250124,1.85,10.8867,12.1599,9.64,,,3.6484,4.5525,5.6311,0.0,,71251.9844,60945.7555,54564.8212,131816.1711,112749.6477
002589.SZ,20250124,2.78,1.2866,1.6854,1.2,205.8844,104.8293,0.7612,0.5207,0.5238,0.7194,0.7194,150471.0471,136559.1548,104248.489,418309.5109,379634.4503
002945.SZ,20250124,15.83,3.2391,32.3908,1.88,1348.8863,290.9555,6.4575,42.1074,33.4339,0.0253,0.0253,270000.0,270000.0,27000.0,4274100.0,4274100.0
600328.SH,20250124,7.47,0.6442,1.1897,0.65,9.5454,12.1143,0.9204,0.6828,0.8151,3.6693,3.6693,147170.0357,146077.6315,79099.6128,1099360.1667,1091199.9073
600970.SH,20250124,9.47,0.7524,1.5191,1.38,8.5808,8.4135,1.2352,0.5463,0.5437,4.2239,4.2239,264202.1768,223414.8486,110651.4288,2501994.6143,2115738.6162
002892.SZ,20250124,17.4,9.7046,12.3749,0.95,211.6138,136.1103,8.2521,8.3394,6.9657,0.3701,0.3701,62080.0887,39649.5839,31093.869,1080193.5434,689902.7599
000400.SZ,20250124,27.23,1.3889,2.2513,1.13,27.5954,24.5956,2.5072,1.6262,1.7358,1.7703,2.0751,101887.4309,100832.0309,62203.3855,2774394.7434,2745656.2014
603359.SH,20250124,4.47,1.3676,2.5354,0.51,,,0.6009,2.4063,3.6003,0.2237,0.2237,44609.6,44609.6,24062.5868,199404.912,199404.912
301028.SZ,20250124,11.24,1.5007,3.335,0.76,26.3188,19.9936,3.0593,4.4765,3.8423,1.7727,1.7727,38177.4116,24618.3866,11077.5166,429114.1064,276710.6654
002148.SZ,20250124,6.97,16.9425,18.1501,1.29,170.8954,173.4289,3.2151,14.7389,14.0786,0.2129,0.2129,56100.133,44945.8236,41955.4839,391017.927,313272.3905
300220.SZ,20250124,13.59,5.2675,10.1008,0.74,,,33.7398,7.4724,7.8738,0.0,,15120.0,15101.9348,7875.6333,205480.8,205235.2939
300655.SZ,20250124,8.5,2.9224,3.7522,1.29,607.593,,3.4842,6.931,6.4297,0.3288,0.3288,105955.5989,101165.0941,78790.9289,900622.5907,859903.2999
300013.SZ,20250124,3.34,1.0831,1.1876,0.44,,,7.7126,4.5171,3.9917,0.0,,55835.8894,44606.0865,40680.8215,186491.8706,148984.3289
688059.SH,20250124,47.0,1.2835,2.0868,0.52,18.5301,22.6264,2.4144,3.6839,3.6981,1.691,1.691,6225.6017,6225.6017,3829.0817,292603.2799,292603.2799
688385.SH,20250124,36.3,1.1701,2.2046,0.89,41.4427,60.045,5.1862,8.432,8.5637,0.2743,0.2743,82142.73,53709.73,28506.5289,2981781.099,1949663.199
002481.SZ,20250124,5.21,1.5297,2.5261,0.85,68.9369,39.4985,2.4756,2.6171,2.5125,0.9597,0.9597,123369.65,111815.26,67711.2305,642755.8765,582557.5046
603866.SH,20250124,5.84,1.0055,2.304,1.04,16.2746,16.9925,1.8516,1.3823,1.4736,5.137,5.137,159971.9155,159971.9155,69814.0682,934235.9865,934235.9865
920837.BJ,20250124,10.89,0.9154,2.731,0.97,29.7497,25.1287,3.2329,3.3089,3.1362,1.8365,1.8365,15171.2787,13678.7787,4584.7787,165215.225,148961.9
002678.SZ,20250124,4.34,1.4604,8.8188,3.37,1003.9209,,1.6587,5.2318,7.841,0.0461,0.0461,135980.8323,135757.4448,22480.9325,590156.8122,589187.3104
603233.SH,20250124,13.87,0.4753,1.2386,1.06,13.5412,18.5776,2.4957,0.6439,0.5952,4.455,4.455,113884.7895,113884.7895,43703.8212,1579582.0304,1579582.0304
300827.SZ,20250124,39.15,3.953,5.0424,0.75,49.2419,37.1135,6.8944,2.8537,3.0007,0.2544,0.2544,35955.5234,26009.5132,20390.3254,1407658.7411,1018272.4418
688455.SH,20250124,11.75,1.1457,1.7882,1.33,,,2.0073,1.8503,1.5885,,,18084.9167,12984.9167,8319.2838,212497.7712,152572.7712
301558.SZ,20250124,9.22,13.9233,13.9233,0.97,58.7958,122.4058,5.4052,4.2767,4.3852,1.5184,1.5184,78885.1223,21978.1852,21978.1852,727320.8276,202638.8675
300912.SZ,20250124,11.74,3.0382,4.1335,1.32,144.1956,,1.9689,1.295,1.8927,0.0,,11498.2,8581.3475,6307.4975,134988.868,100745.0197
301511.SZ,20250124,14.16,6.0428,8.4358,0.84,67.2929,,2.2133,1.3665,1.2886,0.2774,0.2774,63032.2,37367.2011,26767.0454,892535.952,529119.5676
688612.SH,20250124,25.83,1.4186,1.4186,0.77,21.643,21.2995,3.3848,1.9689,1.7288,3.3178,3.3178,42095.7142,21096.2636,21096.2636,1087332.2978,544916.4888
002628.SZ,20250124,4.09,1.9499,2.4562,0.85,689.1958,,1.0433,2.6544,3.6514,0.0,,75710.0415,75502.9202,59940.1724,309654.0697,308806.9436
301132.SZ,20250124,27.74,4.9214,4.9214,0.61,37.419,44.4459,2.3629,3.3755,3.3142,1.4575,1.4575,14808.6249,4601.5162,4601.5162,410791.2547,127646.0594
301314.SZ,20250124,35.76,2.9058,2.9058,0.77,56.1796,65.8991,1.9061,9.0426,10.1505,1.0067,1.0067,5525.0,1625.0,1625.0,197574.0,58110.0
688662.SH,20250124,37.63,2.6226,5.6485,0.92,,103.5931,4.8493,8.3097,6.9467,,,8824.0,8824.0,4096.9223,332047.12,332047.12
002576.SZ,20250124,14.67,4.8198,7.1426,0.99,27.5196,41.3007,1.9612,1.4457,1.5283,0.3749,0.3749,16510.0,16202.7571,10933.6167,242201.7,237694.4467
600665.SH,20250124,3.02,1.5928,3.7491,0.85,,,0.6531,0.2264,0.293,0.0,,86412.2521,86412.2521,36712.1583,260965.0013,260965.0013
300629.SZ,20250124,20.4,2.7532,3.0975,1.03,36.8486,36.6553,2.9958,10.0354,9.6544,0.4844,0.4844,25142.3424,21161.9597,18809.7764,512903.785,431703.9779
920690.BJ,20250124,18.96,4.5176,6.1089,1.67,31.5441,22.1666,2.342,5.4374,4.9126,1.3186,1.3186,6630.0,3062.64,2264.87,125704.8,58067.6544
600568.SH,20250124,1.26,0.6795,1.1078,0.75,,,1.1028,3.9323,3.9136,0.0,,199286.9681,166906.7279,102374.4773,251101.5798,210302.4772
002601.SZ,20250124,17.87,0.9539,1.232,1.57,13.2168,11.6892,1.8411,1.5932,1.558,5.0288,5.0288,238629.3256,198865.5761,153975.5087,4264306.0485,3553727.8449
300382.SZ,20250124,10.44,3.2071,4.9505,0.8,50.859,745.4073,3.0946,3.9749,4.102,0.9394,0.9394,62875.8004,62856.2132,40720.5352,656423.3562,656218.8658
600774.SH,20250124,6.99,0.9466,2.2728,0.82,33.6938,,1.2293,1.4841,1.6147,0.0,,29503.2402,29484.2131,12280.2818,206227.649,206094.6496
301362.SZ,20250124,38.28,1.3783,1.3783,1.03,17.4065,17.3397,1.5995,2.6211,2.472,4.9896,4.9896,10467.0,2967.0,2967.0,400676.76,113576.76
600318.SH,20250124,8.04,4.5253,6.3378,0.94,144.6604,172.9959,3.8386,12.2792,12.9529,0.0,,51272.7632,51272.7632,36609.1275,412233.0161,412233.0161
603318.SH,20250124,6.55,1.6713,2.4411,0.67,41.5348,33.4309,2.0616,0.9393,1.0922,0.9008,0.9008,45907.0924,38354.4591,26259.4238,300691.4552,251221.7071
300110.SZ,20250124,3.36,0.9249,1.4153,0.98,21.1218,27.1123,1.4367,2.4276,2.6589,0.625,0.625,118221.2982,118117.7607,77190.6964,397223.562,396875.676
301129.SZ,20250124,22.99,6.3982,6.3982,1.09,46.5858,156.6129,1.945,7.2491,8.96,0.6406,0.6406,13608.24,3590.52,3590.52,312853.4376,82546.0548
002171.SZ,20250124,8.61,0.8413,1.225,0.68,24.543,64.8718,1.8261,0.2805,0.2525,2.1923,2.1923,150854.5939,149934.9537,102977.4191,1298858.0535,1290939.9514
002775.SZ,20250124,3.45,2.6748,4.4137,1.08,,,9.4454,2.0301,2.8924,0.0,,60335.5046,43884.9046,26595.0098,208157.4909,151402.9209
001227.SZ,20250124,2.35,1.563,1.7563,1.33,7.1814,7.1275,0.4602,1.6698,1.71,4.2553,6.3846,569569.7168,421276.5417,374899.6817,1338488.8345,989999.873
301508.SZ,20250124,32.69,3.3515,3.3515,0.85,53.0152,55.9433,3.8176,9.8057,8.8894,1.2511,1.2511,22608.52,5883.64,5883.64,739072.5188,192336.1916
000750.SZ,20250124,4.07,1.4716,2.1252,1.09,79.4944,218.5635,1.1917,6.2055,6.3693,1.1302,1.1302,638617.4477,579620.3977,401352.9034,2599173.0121,2359055.0186
300190.SZ,20250124,3.02,3.883,5.9317,4.58,,,0.6696,1.067,1.1371,0.319,0.319,78159.7517,77617.3414,50810.1158,236042.4501,234404.371
301458.SZ,20250124,37.73,38.5049,38.5049,0.76,111.8947,85.7215,6.4361,17.8401,15.6822,,,26666.67,6108.5043,6108.5043,1006133.4591,230473.8672
600678.SH,20250124,6.15,3.6348,4.5723,1.07,,,9.5778,6.5495,6.8585,0.0,,34899.0,34899.0,27743.6516,214628.85,214628.85
300973.SZ,20250124,39.33,2.2071,3.1329,0.78,91.2013,56.5762,2.9442,1.9034,1.8328,1.7636,1.7636,16934.0419,11381.2444,8017.7994,666015.8679,447624.3423
603908.SH,20250124,23.35,1.7986,4.5463,0.91,20.4135,24.4403,3.7807,1.4975,1.5787,3.6708,3.6708,9336.6,9336.6,3693.6686,218009.61,218009.61
300287.SZ,20250124,4.14,3.7375,3.821,0.96,,,4.7204,7.2159,10.0165,0.0,,143527.3808,131075.0881,128213.0251,594203.3565,542650.8647
603169.SH,20250124,5.41,0.7244,1.5119,1.01,45.9691,62.3587,2.182,1.369,1.2204,0.0,,130629.1798,130629.1798,62585.2094,706703.8627,706703.8627
920523.BJ,20250124,23.11,2.2773,3.1684,0.43,43.9216,18.2961,4.2534,6.7586,4.8269,0.6657,0.6657,10130.1369,8005.9513,5754.4062,234107.4638,185017.5345
002199.SZ,20250124,5.95,6.052,10.6242,0.79,,,5.6327,8.361,6.8516,0.0,,24344.2363,24344.2363,13867.6514,144848.206,144848.206
002758.SZ,20250124,8.51,0.5818,1.197,1.23,11.6476,14.694,0.9841,0.1084,0.1045,3.5263,3.5263,52139.9299,51796.3849,25175.3453,443710.8034,440787.2355
688307.SH,20250124,25.95,3.3178,3.4878,1.18,62.8556,37.3728,2.7124,6.0277,4.9346,1.5414,1.5414,8800.0,5704.9322,5426.828,228360.0,148042.9906
603341.SH,20250124,43.58,8.3371,8.3371,0.72,33.4848,38.3064,3.6658,0.7456,0.4529,1.1473,1.1473,46509.6544,4800.0,4800.0,2026890.7388,209184.0
603212.SH,20250124,10.48,1.8108,3.3719,0.71,44.2513,,1.599,1.1007,1.4639,0.687,0.687,43749.0636,43749.0636,23493.9038,458490.1865,458490.1865
920099.BJ,20250124,28.3,1.4283,1.7008,1.46,19.4748,19.4237,2.8031,5.6246,4.762,1.7668,1.7668,7839.9998,3660.6015,3074.0097,221871.9943,103595.0225
002394.SZ,20250124,7.36,0.9136,1.5354,1.01,15.9507,17.4339,0.5953,0.5591,0.5254,0.0,,32370.0,32328.5606,19235.1506,238243.2,237938.206
002723.SZ,20250124,6.85,4.6341,6.6897,1.14,,,1.8245,1.358,1.3959,0.2774,0.2774,31800.6876,31718.0058,21971.5209,217834.7101,217268.3397
300050.SZ,20250124,5.29,4.3279,5.2513,0.98,,,6.2439,7.9582,10.0649,0.0,,54484.6718,54451.4549,44876.9849,288223.9138,288048.1964
603819.SH,20250124,11.7,0.7705,1.6295,0.71,14.9556,20.9696,3.2715,2.0031,2.0569,2.5641,2.5641,21773.0187,21773.0187,10295.5112,254744.3188,254744.3188
920656.BJ,20250124,15.56,2.0382,2.0382,0.68,14.6869,24.2643,1.9599,5.787,7.5254,3.2134,3.2134,8000.0,2000.01,2000.01,124480.0,31120.1556
000612.SZ,20250124,7.31,4.4682,5.9212,1.65,14.6953,11.3527,1.4111,1.4087,1.3805,1.9152,1.9152,119219.9394,119142.0144,89906.1453,871497.757,870928.1253
301101.SZ,20250124,39.96,3.3116,10.7523,1.03,51.1125,46.7813,4.9301,10.7546,10.4703,0.7478,0.7478,20151.21,19091.685,5880.0536,805242.3516,762903.7326
605337.SH,20250124,11.3,2.4054,6.0847,0.55,18.8095,21.7269,2.7144,3.1568,3.1684,4.3469,4.3469,39443.3036,39443.3036,15592.6638,445709.3307,445709.3307
300239.SZ,20250124,5.32,1.3476,1.8453,0.71,26.3417,34.7424,1.8634,3.2406,3.6176,0.4135,0.4135,59360.7062,58964.4625,43059.8181,315798.957,313690.9405
601333.SH,20250124,3.27,0.6781,1.2679,1.13,21.8874,18.5521,0.8508,0.8843,0.8564,2.1407,2.1407,708353.7,565223.7,302278.57,2316316.599,1848281.499
688678.SH,20250124,15.32,2.5768,4.9559,0.99,42.0969,35.9973,2.4465,3.7567,3.1263,1.3872,1.3872,24316.4188,24316.4188,12643.3781,372527.536,372527.536
301391.SZ,20250124,37.55,2.4379,3.774,0.87,17.602,34.1452,1.6481,3.498,4.0631,1.5144,1.5144,9501.4811,4931.6694,3185.7573,356780.6153,185184.186
300583.SZ,20250124,19.4,1.9355,3.6148,0.88,80.6995,,1.8945,2.8757,3.2812,2.3196,2.3196,18970.2126,18614.8926,9967.0744,368022.1244,361128.9164
300636.SZ,20250124,7.8,1.2457,1.5366,1.02,31.023,26.7165,1.4237,4.553,4.4892,0.5128,0.5128,42152.735,36441.8132,29542.1016,328791.333,284246.143
002952.SZ,20250124,20.68,3.2922,8.7123,0.87,146.0225,169.5927,3.9227,5.1173,5.2326,0.3821,0.3821,16434.0,13204.5032,4989.6542,339855.12,273069.1262
601969.SH,20250124,6.85,0.6135,2.6765,0.92,22.0475,19.9341,2.053,2.9469,3.3222,1.7291,1.7291,201280.5813,200800.1613,46026.143,1378771.9819,1375481.1049
000411.SZ,20250124,10.3,0.6406,1.51,0.88,11.0043,11.2483,1.2275,0.1678,0.1634,2.9563,2.9563,52215.1537,32274.8133,13692.3379,537816.0831,332430.577
603238.SH,20250124,12.75,2.122,5.412,0.8,27.3851,23.1551,1.6468,1.1819,1.0657,2.3529,2.3529,17750.9,17750.9,6960.0,226323.975,226323.975
603386.SH,20250124,11.2,2.9308,6.8889,0.59,53.3124,,2.4644,1.5057,1.5743,0.7679,0.7679,32632.256,32632.256,13882.806,365481.2672,365481.2672
300456.SZ,20250124,16.56,2.1649,2.6344,0.91,117.0261,,2.4114,9.3295,9.976,0.2114,0.2114,73221.3134,59349.6578,48772.3,1212544.9499,982830.3332
000657.SZ,20250124,9.58,1.506,2.7276,1.09,41.3093,53.3461,1.8813,1.5717,1.492,0.9075,0.9075,208948.0696,124730.9137,68867.114,2001722.5068,1194922.1532
603395.SH,20250124,45.4,7.9049,7.9049,0.9,57.3413,66.1633,6.4812,2.3285,2.5534,,,20000.0,4034.9565,4034.9565,908000.0,183187.0251
688027.SH,20250124,270.25,2.5368,3.4909,0.88,,,8.6587,178.0667,152.2677,,,10286.1001,8037.437,5840.637,2779818.552,2172117.3493
603429.SH,20250124,6.14,2.275,3.8593,1.85,27.6013,,2.5241,4.8608,5.717,2.341,2.341,52448.5465,52448.5465,30918.0165,322034.0755,322034.0755
300917.SZ,20250124,46.57,3.904,11.216,0.58,65.5048,66.6105,7.3267,3.2155,2.9058,0.4724,0.4724,16900.0,16900.0,5882.5,787033.0,787033.0
301266.SZ,20250124,33.08,7.5652,7.5652,1.22,24.0181,45.3774,2.0729,1.3159,1.1385,0.7725,0.7725,10987.8404,4336.4904,4336.4904,363477.7604,143451.1024
688399.SH,20250124,63.37,0.4629,0.7724,0.73,,,1.1448,8.9072,9.0954,,,5667.0082,5667.0082,3396.4882,359118.3096,359118.3096
603737.SH,20250124,42.6,0.5191,1.5737,0.67,129.3684,765.3442,8.1001,1.7996,1.8386,0.3756,0.3756,52701.2481,52701.2481,17383.1318,2245073.1691,2245073.1691
601158.SH,20250124,4.58,0.1373,1.2006,1.13,20.1958,58.775,1.2936,3.0304,3.3418,3.69,3.69,480000.0,480000.0,54903.9311,2198400.0,2198400.0
603897.SH,20250124,24.49,2.2891,5.4953,1.17,23.3508,17.0681,2.0139,0.4563,0.408,8.9833,8.9833,20643.5681,20643.5681,8599.2381,505560.9828,505560.9828
600539.SH,20250124,7.15,12.5909,22.8784,1.04,,,4.773,3.5894,3.5957,0.0,,23000.0,23000.0,12657.7796,164450.0,164450.0
001299.SZ,20250124,12.36,2.3252,2.3252,0.82,28.3397,26.6844,1.8302,4.0266,3.6028,2.416,2.416,18757.9697,5126.5439,5126.5439,231848.5055,63364.0826
605333.SH,20250124,36.47,1.1752,5.1308,0.8,294.4574,30.9168,8.1262,3.9796,2.2224,0.1371,0.1371,43677.6081,43677.6081,10004.6081,1592922.3674,1592922.3674
002035.SZ,20250124,7.0,1.9376,2.4185,0.45,13.2696,12.0769,1.6043,0.952,0.9304,4.2018,4.2018,84765.3618,78052.3042,62531.4167,593357.5326,546366.1294
605081.SH,20250124,9.43,4.0835,5.7487,1.67,,,0.8391,5.8347,6.9584,0.0,,11324.7072,11324.7072,8044.3505,106791.9889,106791.9889
301317.SZ,20250124,21.06,4.4206,4.4206,1.52,53.4737,53.682,3.2201,4.2531,3.2672,1.3829,1.3829,15719.0,4480.0,4480.0,331042.14,94348.8
301306.SZ,20250124,34.31,2.6856,3.3981,0.9,,,2.6629,9.9479,6.9288,0.0,,8440.0,3928.0,3104.4,289576.4,134769.68
688348.SH,20250124,47.36,2.1012,2.9642,1.17,33.6082,39.0977,2.0183,5.2117,3.7288,1.4956,1.4956,15627.7435,8058.7083,5712.6323,740129.9322,381660.4251
002114.SZ,20250124,5.83,3.0927,4.2597,1.09,,,1.9639,1.2259,1.3754,0.0,,32339.5267,32339.0823,23479.3223,188539.4407,188536.8498
688590.SH,20250124,18.05,12.2302,17.1314,3.48,69.7684,83.8417,3.4481,2.8449,2.4599,0.6207,0.6207,26521.7244,26521.7244,18934.03,478717.1254,478717.1254
002301.SZ,20250124,7.0,2.1678,3.7728,1.02,65.6512,57.9503,1.593,0.4549,0.4303,1.1769,1.1769,72130.7933,71799.0223,41254.5126,504915.5531,502593.1561
603639.SH,20250124,12.45,0.5037,1.4256,0.87,8.9428,18.654,1.23,0.9621,1.0837,4.0173,4.0173,33989.8336,33964.9496,12000.8457,423173.4283,422863.6225
600130.SH,20250124,3.27,9.6643,11.6147,1.23,175.7606,710.983,2.5508,5.8747,7.7596,0.0,,75000.0,75000.0,62405.36,245250.0,245250.0
605377.SH,20250124,12.35,0.5281,1.0071,0.99,10.1382,9.9332,1.5488,1.4435,1.4934,9.7463,9.7463,46470.493,46470.493,24366.019,573910.5886,573910.5886
300094.SZ,20250124,3.62,3.065,3.8958,0.81,,,1.6352,0.832,1.0339,0.0,,112816.7253,110496.1099,86932.9907,408396.5456,399995.9178
300862.SZ,20250124,25.16,1.6241,2.0947,0.84,110.6446,282.1914,2.3298,7.224,8.2245,0.2158,0.2158,18461.7902,15147.1007,11744.1181,464498.6414,381101.0536
000692.SZ,20250124,3.34,1.5418,2.2023,1.11,1.8217,1.6971,,0.9057,0.8493,0.0,,53283.2976,53283.2976,37303.6368,177966.214,177966.214
600299.SH,20250124,11.63,0.3999,2.8377,1.34,597.9144,28.6191,1.9708,2.3658,2.087,0.5159,0.5159,268190.1273,268190.1273,37798.485,3119051.1805,3119051.1805
688408.SH,20250124,60.84,3.0989,5.5478,0.85,38.5301,21.6195,3.1608,2.0805,1.4806,0.8938,0.8938,21851.594,20238.467,11304.9622,1329450.979,1231308.3323
300596.SZ,20250124,28.57,3.229,4.7926,1.3,18.0979,16.6731,1.5081,1.2428,1.1537,1.2041,1.2041,22961.9667,22468.851,15138.3571,656023.3886,641935.0731
920092.BJ,20250124,37.7,14.9956,28.5137,4.5,77.9763,217.4804,6.0882,6.4239,12.1392,0.303,0.303,6207.97,3192.9705,1679.218,234040.469,120374.9879
920185.BJ,20250124,18.77,0.3027,1.1626,1.03,12.7941,22.0305,1.7585,0.8424,1.4033,2.0996,2.0996,112733.8649,110917.2997,28874.3064,2116014.6442,2081917.7154
688529.SH,20250124,16.98,2.599,4.6305,1.07,32.7795,,1.3368,1.4159,1.3687,0.6596,0.6596,16728.7309,16728.7309,9389.3141,284053.8507,284053.8507
688616.SH,20250124,10.73,1.4037,3.3924,1.66,25.8503,19.2433,2.3759,3.4055,2.8267,2.2895,2.2895,17937.8265,17937.8265,7422.2265,192472.8783,192472.8783
603289.SH,20250124,8.62,2.6746,7.8566,3.9,29.4462,53.8842,1.8259,2.5227,2.3245,1.7541,1.7541,29322.12,29322.12,9981.8981,252756.6744,252756.6744
000029.SZ,20250124,14.2,0.3355,1.1374,0.82,,,3.8813,27.0595,37.3323,0.0,,101166.0,89166.0,26301.7736,1436557.2,1266157.2
002016.SZ,20250124,5.46,0.633,2.162,0.77,21.7998,,0.9261,2.8536,4.2716,0.9158,0.4762,80909.5632,80909.5632,23688.2129,441766.2151,441766.2151
300760.SZ,20250124,234.04,0.369,0.7878,0.99,24.4996,22.9116,8.0859,8.1232,7.6459,3.0807,3.0807,121244.1394,121244.0419,56785.4995,28375978.3852,28375955.5663
301603.SZ,20250124,42.85,8.8117,8.8117,0.99,30.5903,25.9679,2.5781,3.5591,3.2382,1.867,1.867,12076.0,2415.2,2415.2,517456.6,103491.32
301216.SZ,20250124,9.96,0.9087,0.972,1.3,11.7527,,0.929,0.2926,0.2886,1.4927,1.4927,51509.31,28469.6847,26614.625,513032.7276,283558.0596
601899.SH,20250124,16.02,0.6696,0.9511,0.94,20.1602,14.5256,3.212,1.4512,1.425,1.8727,1.8727,2657757.394,2055703.5536,1447351.7832,42577273.4519,32932370.9287
002887.SZ,20250124,6.92,1.8846,2.7413,0.63,18.6385,23.9447,0.9561,5.2891,5.3162,3.6127,3.6127,30598.6454,15950.0114,10965.2365,211742.6262,110374.0789
002392.SZ,20250124,4.66,1.2374,1.3537,0.79,14.2276,13.788,1.0215,0.9821,0.8471,1.3519,1.3519,119049.0839,83534.2658,76354.669,554768.731,389269.6786
300573.SZ,20250124,70.55,2.9519,3.2528,0.85,51.5082,35.4806,7.9118,8.4247,6.8612,3.7285,3.7285,17524.9247,13481.3202,12234.0007,1236383.4376,951107.1401
002713.SZ,20250124,4.19,4.5557,8.163,1.01,,,,0.599,0.8925,0.0,,41953.698,41136.3828,22957.6973,175785.9946,172361.4439
000963.SZ,20250124,34.11,0.3659,0.8745,0.77,21.0781,18.6287,2.7148,1.473,1.4347,2.7265,2.7265,175426.2548,175216.0228,73322.2071,5983789.5512,5976618.5377
688355.SH,20250124,18.26,1.7979,5.7031,1.45,154.359,33.2461,2.1426,4.2428,3.6396,2.4401,2.4401,12395.6072,12395.6072,3907.6756,226343.7875,226343.7875
600019.SH,20250124,6.82,0.5714,1.5584,1.9,12.5097,15.7683,0.7507,0.4337,0.4496,4.4862,4.4862,2190864.3999,2178208.4749,798651.6922,14941695.2073,14855381.7988
603507.SH,20250124,24.73,1.885,2.5918,0.73,24.8125,20.5299,1.8276,1.1864,1.1346,1.2057,1.2057,18430.1307,18430.1307,13404.1045,455777.1322,455777.1322
600886.SH,20250124,14.19,0.6504,2.0838,1.76,15.7757,14.6285,1.8772,1.8651,1.8063,3.487,3.487,745417.9797,745417.9797,232683.3436,10577481.1319,10577481.1319
688171.SH,20250124,17.13,1.9682,2.6691,1.31,79.7104,172.4986,1.7199,11.95,14.2997,0.502,0.502,8377.34,5134.8489,3786.4252,143503.8342,87959.9617
002666.SZ,20250124,4.78,14.2657,18.3617,1.15,85.4724,53.0254,1.0733,0.6615,0.7298,1.3189,1.3189,78799.9301,45098.8049,35038.3683,376663.6659,215572.2874
000409.SZ,20250124,9.42,7.0615,8.3603,1.76,103.4127,60.7701,4.2561,5.5976,5.037,0.0,,67827.0505,42334.3245,35757.4555,638930.8157,398789.3368
600395.SH,20250124,4.96,0.5033,1.0622,1.3,14.5357,,0.9627,1.1323,1.2932,5.6452,5.6452,214662.4894,214662.4894,101703.497,1064725.9474,1064725.9474
300906.SZ,20250124,26.36,2.9923,6.0609,1.41,34.7795,30.0024,2.4168,13.6766,13.2007,1.8968,1.8968,8000.0,7168.6401,3539.2651,210880.0,188965.353
601890.SH,20250124,7.73,1.0788,1.6777,0.43,31.3567,29.2071,2.0892,3.8404,3.889,1.3583,1.3583,95940.0,95940.0,61688.9232,741616.2,741616.2
301498.SZ,20250124,91.65,1.2135,3.3239,0.81,85.4955,62.6843,9.2056,8.4734,7.5038,0.4583,0.4583,40004.45,17902.1919,6536.071,3666407.8425,1640735.8876
300535.SZ,20250124,13.43,1.7049,2.1636,0.7,49.5097,55.9442,1.4648,1.9424,1.885,0.5212,0.5212,10480.1463,7644.5046,6023.7808,140748.3648,102665.6968
000533.SZ,20250124,6.65,23.9767,39.3308,1.16,71.363,52.5428,5.4254,2.2226,2.0533,0.0,,69081.6,68490.24,41752.8232,459392.64,455460.096
003031.SZ,20250124,50.7,1.4493,1.6968,1.55,46.6718,44.3463,3.9001,8.5471,8.6141,0.5495,0.5495,45105.2859,16521.1841,14111.5248,2286837.9951,837624.0339
002009.SZ,20250124,14.8,12.0677,16.5575,1.57,,,2.8439,1.6462,2.0182,0.1351,0.1351,40223.3207,40052.4507,29191.6471,595305.1464,592776.2704
600106.SH,20250124,5.45,1.5442,2.1473,0.91,34.2513,42.0627,1.4814,62.0521,63.2364,0.8807,0.8807,132902.5062,132902.5062,95574.053,724318.6588,724318.6588
000586.SZ,20250124,10.23,12.7851,19.0397,3.97,99.2469,,5.9856,3.9912,4.6471,0.0,,19344.0,19344.0,12989.4369,197889.12,197889.12
688013.SH,20250124,18.43,1.4115,2.919,1.36,31.614,26.2629,3.0357,5.8968,5.4581,2.6498,5.2965,8115.56,8115.56,3924.347,149569.7708,149569.7708
601800.SH,20250124,9.36,0.254,1.2574,1.01,6.3989,6.3912,0.5454,0.2008,0.2038,3.1256,4.6219,1627861.1425,1174723.5425,237261.8821,15236780.2938,10995412.3578
603568.SH,20250124,20.34,0.2073,0.6651,1.02,16.9259,13.3954,2.7578,5.7552,4.6546,1.2214,1.2214,170464.8119,169839.0119,52927.4894,3467254.274,3454525.502
688425.SH,20250124,4.1,1.599,1.599,1.09,13.7229,15.5375,1.2802,2.1807,2.3183,2.1951,2.1951,533349.7,147795.7,147795.7,2186733.77,605962.37
688428.SH,20250124,12.26,1.1065,1.1922,0.97,,,3.1782,29.2593,24.0388,,,176256.7202,26628.2967,24713.2373,2160907.3897,326462.9175
002273.SZ,20250124,22.4,3.1301,3.6618,0.8,51.8955,30.4217,3.5791,6.1365,4.9948,1.7654,1.7654,139063.2221,135791.343,116075.5416,3115016.175,3041726.0832
600487.SH,20250124,16.45,4.4433,6.1603,1.77,18.8418,15.2289,1.4338,0.8521,0.7389,0.8955,0.8955,246673.4657,244518.1125,176365.6767,4057778.5108,4022322.9506
002881.SZ,20250124,36.58,12.9536,18.1515,1.17,148.4554,109.8191,6.2708,4.4598,3.4577,0.2694,0.2694,26180.1844,18105.9754,12921.0874,957671.1454,662316.5801
301092.SZ,20250124,23.14,1.4708,1.7396,0.89,28.5133,30.5307,1.6669,5.8951,5.6239,1.117,1.117,13405.3484,4317.9884,3650.8984,310199.762,99918.2516
920720.BJ,20250124,17.21,4.6353,4.7172,0.78,76.5134,60.0696,7.0626,7.1499,6.2754,0.9181,0.9181,19021.94,5113.4559,5024.6959,327367.5874,88002.576
600673.SH,20250124,12.51,2.0322,4.2106,0.89,,157.3099,4.1498,3.4738,3.2433,2.646,2.646,301387.4259,300155.7927,144865.8409,3770356.698,3754948.9667
688733.SH,20250124,18.96,1.1643,1.7367,0.6,154.4523,158.8266,1.7171,8.1536,7.7012,0.5226,0.5226,19977.519,19977.519,13393.3548,378773.7602,378773.7602
300143.SZ,20250124,8.67,0.463,0.8106,0.76,64.6952,73.0691,2.7248,4.4178,4.0736,0.0,,74945.1604,64137.668,36638.7295,649774.5407,556073.5816
002298.SZ,20250124,4.77,4.6033,4.7328,1.04,,,1.0916,1.5775,1.704,0.0,,74011.0901,65366.5416,63577.978,353032.8998,311798.4034
300292.SZ,20250124,5.28,4.5131,4.8268,0.78,280.5159,150.6115,5.1798,1.9235,1.6246,0.0,,134176.4974,111594.4813,104339.9501,708451.9063,589218.8613
688258.SH,20250124,37.18,5.7139,9.9546,4.42,80.2,202.9698,4.4456,14.0654,13.6172,0.377,0.377,12114.2237,12114.2237,6953.5554,450406.8372,450406.8372
300784.SZ,20250124,55.97,6.059,6.059,0.72,41.5789,43.4763,4.1257,6.7045,6.2152,0.3573,0.3573,5623.76,1406.0,1406.0,314761.8472,78693.82
688553.SH,20250124,14.52,0.6625,0.8306,0.85,44.0007,22.109,1.5852,6.6345,5.4927,1.4595,1.4595,42360.0,30953.3234,24687.8373,615067.2,449442.2558
300109.SZ,20250124,14.33,1.3955,1.5116,0.61,14.088,17.3926,1.9809,4.3866,4.6682,4.6576,4.6576,48470.0005,44833.8521,41392.0732,694575.1072,642469.1006
000070.SZ,20250124,5.5,1.3399,2.1532,1.04,,,2.5923,1.003,1.0,0.0,,90034.476,88859.6176,55297.1183,495189.618,488727.8968
300566.SZ,20250124,19.08,6.8873,7.6462,1.14,34.8527,22.3377,2.5769,2.1848,2.1885,0.7772,0.7772,26374.155,22822.3533,20557.1299,503218.8774,435450.501
600227.SH,20250124,2.2,1.6804,2.0353,1.04,,40.3576,1.4176,1.6543,1.6291,0.0,,168872.7685,127759.9803,105482.1101,371520.0907,281071.9567
688177.SH,20250124,18.62,0.3272,1.409,1.06,,,9.0997,10.9396,9.3437,,,41408.0,41408.0,9615.0653,771016.96,771016.96
601186.SH,20250124,8.5,0.2388,0.6042,0.87,4.423,5.1592,0.4461,0.1014,0.1059,4.1176,4.1176,1357954.15,1150324.55,454692.891,11542610.275,9777758.675
600506.SH,20250124,17.81,7.603,9.9887,0.72,,553.4195,7.9872,1.5275,1.4908,0.0,,19201.8934,14770.6873,11242.8858,341985.7215,263065.9408
600892.SH,20250124,3.02,1.2208,1.9006,0.44,,,13.5008,7.4303,9.4962,0.0,,55946.4188,55931.9536,35925.55,168958.1848,168914.4999
002290.SZ,20250124,15.76,1.0806,2.1746,1.06,47.2416,46.6273,4.9339,1.6708,1.5807,0.0,,24811.233,24724.983,12286.2031,391025.0321,389665.7321
600787.SH,20250124,6.03,1.139,2.9231,0.94,16.6737,15.7986,0.9574,0.195,0.2032,2.1284,2.1284,217495.258,217007.9582,84555.5238,1311496.4057,1308557.9879
600985.SH,20250124,13.76,0.6164,1.5637,1.14,5.9538,6.9853,0.8864,0.505,0.4973,7.2674,7.2674,269325.8709,269325.8709,106160.9414,3705923.9836,3705923.9836
002581.SZ,20250124,10.26,0.9514,1.1662,0.59,,,3.2381,15.7493,16.6658,0.0,,65973.5586,40079.1161,32696.8361,676888.7112,411211.7312
002803.SZ,20250124,13.01,3.3078,3.8357,1.87,14.5056,31.4718,2.3149,0.7477,0.8842,4.0952,4.0952,38476.9288,28853.8938,24882.2528,500584.8437,375389.1583
603077.SH,20250124,1.9,0.7221,1.2444,0.88,13.0757,34.5597,0.9019,1.9015,1.8232,0.9566,0.9566,883125.0228,883125.0228,512465.6707,1677937.5433,1677937.5433
000919.SZ,20250124,6.5,1.0431,1.6992,1.19,40.6824,55.2246,1.0737,1.4553,1.3971,1.5517,1.5517,62370.8628,59035.9462,36241.5623,405410.6082,383733.6503
603629.SH,20250124,21.84,6.4012,12.544,0.73,141.2075,91.1579,3.4275,2.9987,2.9238,0.4083,0.4083,25993.0,25480.0,13002.402,567687.12,556483.2
300581.SZ,20250124,9.84,1.6366,3.5372,0.9,940.7189,399.7703,5.4074,23.1972,26.0657,0.1321,0.1321,55010.9546,55010.9546,25452.392,541307.7933,541307.7933
603733.SH,20250124,21.35,1.1049,5.0836,1.25,22.7068,13.7151,1.9778,1.7622,1.5696,1.6393,1.6393,70597.6063,70597.6063,15343.6363,1507258.8945,1507258.8945
688660.SH,20250124,9.37,3.0007,7.8965,1.13,,,2.3151,1.2352,1.7056,,,133333.34,133333.34,50666.6764,1249333.3958,1249333.3958
920021.BJ,20250124,5.78,4.5372,5.58,0.8,88.3684,1474.5676,2.7279,2.3485,2.412,0.346,0.346,30899.9983,25188.1971,20480.9989,178601.9902,145587.7792
300616.SZ,20250124,12.11,4.1085,4.7256,1.74,41.9288,,0.7734,0.5549,0.66,7.264,7.264,22451.598,15596.6242,13559.7713,271888.8518,188875.1191
300561.SZ,20250124,54.54,20.782,26.3523,0.85,3420.9382,,28.5407,128.5765,185.925,0.0642,0.0642,32810.7975,18033.6273,14221.7048,1789500.8957,983554.0329
688227.SH,20250124,27.47,2.8247,3.1416,1.16,,,2.3066,5.6852,5.6675,,,11305.5275,6409.6781,5763.1481,310562.8404,176073.8574
002826.SZ,20250124,10.97,1.5151,2.157,0.54,135.9463,62.7811,2.854,3.1359,3.2603,0.2677,0.2677,19067.775,17605.8684,12366.7876,209173.4918,193136.3763
002027.SZ,20250124,6.47,0.7726,1.1463,0.92,19.3576,17.9933,5.9165,7.8497,7.4813,6.6461,6.6461,1444219.9726,1444219.9726,973320.6673,9344103.2227,9344103.2227
688092.SH,20250124,20.72,0.7678,1.706,0.98,22.7551,23.4248,2.9081,4.4618,3.8092,2.6008,2.6008,8269.0657,8269.0657,3721.547,171335.0413,171335.0413
002121.SZ,20250124,4.04,0.8245,1.0907,0.93,,,8.2522,1.5976,1.7844,0.0,,166081.6688,139992.2404,105823.7113,670969.942,565568.6512
002282.SZ,20250124,8.12,6.2304,9.3159,1.05,33.2202,20.8347,1.212,2.6626,2.5277,1.9073,1.9073,52683.8348,50201.5138,33574.7143,427792.7386,407636.2921
001223.SZ,20250124,43.42,5.5132,5.5132,1.09,25.412,44.6293,1.5317,8.7127,7.9708,1.8425,1.8425,6668.0,1668.0,1668.0,289524.56,72424.56
300460.SZ,20250124,11.51,4.3361,5.4001,1.49,,,3.6293,8.1577,6.1444,0.0,,28080.4251,28080.4251,22547.6871,323205.6929,323205.6929
000638.SZ,20250124,4.75,3.1668,5.0747,1.11,,74.0138,8.3903,8.8298,8.4445,0.0,,31138.6551,31014.5601,19354.5601,147908.6117,147319.1605
002069.SZ,20250124,3.7,2.0037,3.5304,1.68,306.3655,,54.2248,1.5685,1.6837,0.0,,71111.2194,71021.6194,40309.2164,263111.5118,262779.9918
002406.SZ,20250124,6.28,1.5662,1.734,0.97,48.7347,38.772,1.1482,3.5084,3.44,1.5924,1.5924,73022.5082,60221.2035,54393.2538,458581.3515,378189.158
300121.SZ,20250124,11.77,1.9288,2.7779,0.62,17.3555,22.9669,1.5506,1.5288,1.5706,2.3268,2.9118,44870.9512,43251.9673,30031.0998,528131.0956,509075.6551
003011.SZ,20250124,14.57,2.089,2.742,0.73,32.7736,,1.0964,0.9356,1.092,4.078,4.078,10267.6,7769.6846,5919.4481,149598.932,113204.3046
688334.SH,20250124,16.32,0.6688,1.3533,0.95,31.8202,25.6817,1.9043,8.5814,7.0699,2.5429,3.1556,31657.9466,15373.8903,7597.9072,516657.6885,250901.8897
000021.SZ,20250124,19.7,3.2527,4.967,0.57,47.6939,35.7709,2.6586,2.1552,2.1735,0.6599,0.6599,156058.7588,156042.3713,102186.4936,3074357.5484,3074034.7146
688371.SH,20250124,15.59,1.4361,1.6817,1.36,,273.778,2.7516,16.9308,11.807,,,33547.2356,12693.9022,10840.1422,523001.403,197897.9353
603360.SH,20250124,24.0,3.7324,8.4423,1.28,36.8685,40.4014,7.1468,11.3607,10.9029,1.7857,1.7857,50444.5467,50444.5467,22302.1768,1210669.1208,1210669.1208
002928.SZ,20250124,7.18,0.884,1.6095,0.93,,235.004,2.704,1.7817,1.4221,0.0,,127824.155,127824.155,70204.838,917777.4329,917777.4329
688515.SH,20250124,94.0,5.1158,6.4291,1.23,,,4.5235,27.4924,20.0644,,,8000.0,4916.7227,3912.4018,752000.0,462171.9338
000875.SZ,20250124,5.15,0.898,1.1337,1.12,20.5637,15.1107,1.0908,1.2934,1.3749,1.7476,1.7476,362727.0626,278996.6299,221008.6676,1868044.3724,1436832.644
600521.SH,20250124,15.58,1.1292,1.8962,0.65,27.5171,20.0425,2.672,2.7504,2.4444,1.2682,1.2682,146675.5454,146675.5454,87345.8629,2285204.9973,2285204.9973
300215.SZ,20250124,5.8,1.0481,1.9502,0.95,227.4607,101.7502,2.1914,6.996,6.7441,0.6034,0.6034,74909.4187,56217.6344,30212.9454,434474.6285,326062.2795
001306.SZ,20250124,68.96,30.9855,30.9855,1.3,59.5971,67.9903,3.2742,8.1008,7.0254,1.1702,1.1702,6200.0,1550.0,1550.0,427552.0,106888.0
300884.SZ,20250124,10.52,3.3007,4.0903,0.83,26.1147,50.2442,2.0479,3.0219,3.4296,3.7155,3.7155,25386.282,19140.9886,15446.0468,267063.6866,201363.2001
688488.SH,20250124,7.26,0.7951,1.5262,0.96,,,2.8569,7.4262,7.475,,,42078.2808,42078.2808,21920.9464,305488.3186,305488.3186
002663.SZ,20250124,1.85,1.6238,2.1205,1.09,230.5523,156.2743,1.102,1.7416,1.7399,0.0,,172334.8902,139644.8135,106934.6346,318819.5469,258342.905
600221.SH,20250124,1.63,0.8703,1.1539,0.65,226.6063,44.0702,16.1689,1.2012,1.107,0.0,,4321563.2535,3287267.6656,2479344.848,7044148.1032,5358246.2949
002572.SZ,20250124,16.03,2.8075,3.3391,1.38,12.2397,12.5464,2.214,1.3233,1.3882,6.1648,6.1648,96304.7164,65146.362,54775.2438,1543764.6039,1044296.1829
002112.SZ,20250124,12.72,13.4186,15.7435,0.84,37.2936,24.8645,5.4747,1.9359,1.485,0.2358,0.2358,26208.0,26208.0,22337.779,333365.76,333365.76
600187.SH,20250124,2.88,3.553,4.631,1.28,153.1323,,1.4662,20.5636,25.6732,0.0,,161378.1103,161378.1103,123813.1403,464768.9577,464768.9577
002759.SZ,20250124,7.75,2.0635,3.0536,0.51,106.0484,,0.8919,1.7718,1.9445,1.2827,1.2827,50138.2605,50107.2093,33861.2445,388571.5189,388330.8721
000716.SZ,20250124,7.2,9.7579,15.2195,0.7,125.9367,133.1035,2.1463,2.0269,2.3157,0.6944,0.6944,75348.955,70069.1736,44924.5459,542512.476,504498.0499
603519.SH,20250124,11.56,1.1216,2.3578,1.08,4.8119,22.7672,2.3936,2.0199,1.8222,8.5677,8.5677,26632.7839,26632.7839,12668.5567,307874.9819,307874.9819
300925.SZ,20250124,24.18,13.9495,17.2929,1.05,91.7283,74.8603,4.9354,2.6686,2.4394,0.3261,0.3261,42870.8945,33057.8613,26666.3854,1036618.229,799339.0862
300153.SZ,20250124,17.39,22.3935,35.5612,0.93,172.4328,148.1218,6.4775,5.0922,4.6455,0.0,,32000.0,31833.0118,20045.8418,556480.0,553576.0752
688035.SH,20250124,38.39,3.7289,6.1635,0.8,53.0432,68.7689,2.4094,5.8592,5.1261,0.6472,0.6472,14224.0,8881.7622,5373.4042,546059.36,340970.8509
301025.SZ,20250124,9.8,4.6748,16.0387,1.6,,,6.2795,9.0352,9.7452,0.0,,40030.94,26025.8499,7585.8037,392303.212,255053.329
002083.SZ,20250124,4.86,0.9964,1.4843,0.86,16.0534,12.1917,0.9967,0.8615,0.8568,4.2441,4.2441,94663.9012,94632.5512,63529.1383,460066.5598,459914.1988
301311.SZ,20250124,17.8,2.8422,3.636,1.04,53.0464,135.2439,2.33,2.0481,2.1008,0.3146,0.3146,24000.0,8724.2367,6819.4981,427200.0,155291.4133
600335.SH,20250124,6.28,1.3584,4.3401,0.73,451.794,119.0138,0.8424,0.2158,0.2393,0.4777,0.4777,149578.8692,149578.8692,46818.041,939355.2986,939355.2986
301293.SZ,20250124,45.1,3.8835,4.8598,1.18,118.7402,84.0918,4.0427,7.0735,6.5804,0.162,0.162,20598.6987,16094.5692,12861.5667,929001.3114,725865.0709
300537.SZ,20250124,16.8,5.7025,6.5352,1.06,488.1172,438.6093,4.1167,6.6021,6.7119,0.0,,20039.5122,14392.4989,12558.6273,336663.805,241793.9815
300658.SZ,20250124,5.4,2.8875,4.1347,1.69,86.0936,76.3607,1.3264,1.4277,1.3295,1.369,1.369,33276.4105,22540.3035,15741.3875,179692.6167,121717.6389
002733.SZ,20250124,18.05,11.3531,18.119,0.77,49.9691,84.1744,2.5619,1.9263,2.1359,0.8212,0.8212,38421.4913,36886.2759,23112.2674,693507.918,665797.28
600715.SH,20250124,2.05,0.5245,1.5485,0.76,,,,13.6597,17.8574,0.0,,405985.35,266237.2241,90173.0402,832269.9675,545786.3094
300650.SZ,20250124,11.68,2.21,2.5183,0.93,59.5239,50.6918,2.1014,0.9641,0.9212,0.5137,0.5137,21829.6126,15716.2832,13792.3517,254969.8752,183566.1878
301370.SZ,20250124,10.31,1.3111,2.1286,1.11,31.5303,29.8323,1.9835,0.6484,0.6737,1.1357,1.1357,47060.0,32374.8561,19940.6257,485188.6,333784.7664
688173.SH,20250124,10.35,2.2358,2.6576,0.98,,,2.6862,10.7885,8.8943,,,41030.9104,23864.6853,20076.8737,424669.9226,246999.4929
002511.SZ,20250124,6.62,0.5563,1.1371,1.26,25.7357,38.7662,1.5965,0.8737,0.9586,0.9187,0.9187,129356.5513,126534.0927,61902.2839,856340.3696,837655.6937
300061.SZ,20250124,11.92,4.885,6.0468,1.15,,,10.5086,8.0575,9.9103,0.0,,65899.3677,62053.9736,50131.011,785520.463,739683.3653
603367.SH,20250124,13.38,0.3658,0.8772,0.97,11.6198,11.4513,1.0559,1.3575,1.4238,4.9029,4.9029,45275.4129,45275.4129,18879.2824,605785.0246,605785.0246
002966.SZ,20250124,7.82,2.2808,2.8108,0.84,6.7643,6.2018,0.7231,2.6226,2.6005,6.9495,6.9495,397955.7161,389803.0409,316301.1921,3112013.6999,3048259.7798
000758.SZ,20250124,4.98,0.8942,1.3496,1.02,27.6347,26.0008,1.7628,1.0601,0.9818,0.0,,199284.1364,196931.4394,130470.1162,992434.9993,980718.5682
920106.BJ,20250124,57.18,9.2997,9.2997,2.31,46.3621,33.2476,5.4056,11.0389,8.8225,,,3987.75,1210.5745,1210.5745,228019.545,69220.6499
920225.BJ,20250124,11.78,8.3644,10.1447,4.78,11.1815,14.2313,2.3446,3.0802,3.2525,1.4148,1.4148,12691.8894,8278.2154,6825.4768,149510.4571,97517.3774
688379.SH,20250124,22.21,1.4734,3.0615,1.08,48.0928,24.1421,2.1352,1.4138,1.153,0.6398,0.6398,9008.552,9008.552,4335.4644,200079.9399,200079.9399
000507.SZ,20250124,4.95,0.8531,1.2285,1.31,16.4225,15.7979,0.8675,0.8344,0.838,0.2387,0.2387,91973.4895,90233.7753,62659.0603,455268.773,446657.1877
000757.SZ,20250124,3.75,1.3355,2.0808,0.93,,,1.2873,0.5183,0.5302,0.0,,53271.6095,53271.4539,34190.6363,199768.5356,199767.9521
000876.SZ,20250124,8.58,0.3561,0.7852,1.31,155.8318,9.1157,1.8212,0.274,0.3462,0.0,,452593.8648,449968.6919,204085.0042,3883255.36,3860731.3765
688087.SH,20250124,31.21,0.9215,1.6472,0.83,29.8657,24.9234,2.3851,2.3801,2.0417,0.6102,0.6102,18722.661,18624.549,10418.4874,584334.2498,581272.1743
002747.SZ,20250124,20.17,6.0778,9.4978,1.13,129.8741,,6.7672,3.7701,3.659,0.2966,0.2966,86953.1453,78494.2453,50229.8536,1753844.9407,1583228.9277
600300.SH,20250124,2.99,1.6797,2.6828,0.9,23.081,15.0348,1.4633,1.1981,1.4216,2.1739,2.1739,161714.218,161714.218,101248.2702,483525.5118,483525.5118
000609.SZ,20250124,2.55,1.4241,1.8848,0.44,,,2.6838,13.2376,2.2643,0.0,,29926.5522,29108.4522,21993.9722,76312.7081,74226.5531
002705.SZ,20250124,15.55,0.8339,2.4648,0.79,12.92,12.303,1.5792,0.8619,0.7614,2.5922,2.5922,81187.578,80816.1403,27340.9742,1262466.8379,1256690.9817
601368.SH,20250124,4.57,0.5452,1.2647,1.3,54.8886,56.5236,0.8429,1.7306,1.6407,0.5689,0.5689,88297.3077,88297.3077,38062.6493,403518.6962,403518.6962
603348.SH,20250124,23.19,1.9678,3.7624,1.28,144.6033,74.4836,1.7124,1.4295,1.2189,0.6341,0.6341,31447.7192,31447.7192,16447.7192,729272.6082,729272.6082
920046.BJ,20250124,13.86,8.0376,10.8128,0.98,78.0931,72.8846,5.7382,6.2327,6.8662,0.5154,0.5154,10115.0,5143.8737,3823.6237,140193.9,71294.0895
601919.SH,20250124,14.26,0.4985,1.1943,0.86,9.5389,5.7024,1.0622,1.2973,1.0555,5.2594,5.2594,1596082.6685,1276104.6685,532672.6788,22760138.8528,18197252.5728
300052.SZ,20250124,16.33,3.1554,3.808,0.9,,,9.6237,16.5074,17.8405,0.0,,26185.871,26185.121,21697.2389,427615.2734,427603.0259
688004.SH,20250124,16.0,2.6397,4.8141,1.26,,,2.0114,6.6799,7.107,,,8008.8,8008.8,4391.343,128140.8,128140.8
600624.SH,20250124,5.98,6.7112,9.4325,1.63,686.6696,,5.3004,6.0243,6.4079,0.0,,68471.201,68471.201,48716.6874,409457.782,409457.782
300923.SZ,20250124,19.87,1.3145,2.8895,1.07,33.219,34.8132,1.3784,3.6868,3.5873,2.2503,2.2503,7860.0,7646.85,3478.85,156178.2,151942.9095
600720.SH,20250124,8.43,0.4866,0.6779,0.99,10.9529,8.7783,1.3566,1.4316,1.3287,3.9159,2.7392,229459.5565,77616.2687,55714.5263,1934344.0613,654305.1451
300555.SZ,20250124,8.17,1.2738,1.5732,0.96,,,3.0664,8.9724,12.0344,0.0,,20000.0,19782.2713,16017.083,163400.0,161621.1565
600989.SH,20250124,16.32,0.1896,0.6415,0.73,21.1801,19.0071,2.893,4.1077,3.6256,1.716,1.716,733336.0,733336.0,216714.873,11968043.52,11968043.52
600562.SH,20250124,19.0,0.6306,1.8658,0.89,39.3772,41.1201,4.1109,7.1891,7.5086,0.7632,0.7632,124185.784,123403.1757,41708.1959,2359529.896,2344660.3383
001380.SZ,20250124,25.08,5.0172,6.101,1.81,27.9748,22.0809,2.8418,3.6924,2.814,0.8424,0.8424,18300.96,5946.96,4890.4758,458988.0768,149149.7568
300388.SZ,20250124,7.22,0.6585,1.8328,0.88,12.5326,12.3564,1.124,1.1912,1.2054,1.8006,1.8006,68104.2231,67908.775,24399.1553,491712.4908,490301.3555
001236.SZ,20250124,9.68,5.5843,8.6412,0.7,1252.0431,418.671,5.2489,5.0202,3.4353,0.0413,0.0413,100777.7778,32643.5656,21095.4623,975528.8891,315989.715
688653.SH,20250124,12.16,1.027,1.1111,0.71,520.2565,,3.2474,12.439,10.1043,,,42448.0,31051.4392,28699.7266,516167.68,377585.5007
002179.SZ,20250124,38.02,0.6481,1.2236,0.79,24.1337,23.9789,3.409,4.0145,3.8951,1.5781,1.5781,211966.1396,208079.7874,110204.582,8058952.6276,7911193.5169
688222.SH,20250124,12.44,1.508,2.8975,1.62,122.4128,94.8479,3.6163,13.4234,11.7595,0.4007,0.4007,40068.0,40068.0,20852.9939,498445.92,498445.92
601702.SH,20250124,20.21,0.8476,3.0452,1.1,22.4425,18.2869,3.8927,2.172,1.964,0.9896,0.9896,99853.06,99853.06,27793.0,2018030.3426,2018030.3426
603373.SH,20250124,29.4,1.77,1.77,1.26,26.7333,24.4351,1.807,1.2722,1.1843,1.7007,1.7007,10752.6882,4543.0108,4543.0108,316129.0331,133564.5175
300421.SZ,20250124,12.89,8.1079,9.1995,0.92,63.2906,70.766,3.0348,3.7838,3.6855,0.931,0.931,29403.0484,23034.4072,20301.2453,379005.2939,296913.5088
600755.SH,20250124,6.36,0.5332,0.8386,0.96,7.199,18.1084,0.6867,0.0294,0.039,7.995,10.5107,216746.3548,213215.8487,135573.6101,1378506.8165,1356052.7977
600415.SH,20250124,13.23,0.6334,1.5118,1.02,27.109,26.9859,3.6724,6.4204,5.1794,1.5119,1.5119,548364.5926,548286.0526,229721.4606,7254863.5601,7253824.4759
600486.SH,20250124,55.5,0.2983,0.5113,0.73,14.4223,18.3493,2.1756,1.9665,2.2086,1.5857,1.5857,40668.6909,40286.8579,23504.2706,2257112.345,2235920.6135
002513.SZ,20250124,4.2,2.1799,2.7576,0.8,,,,0.905,0.6553,0.0,,37528.0278,26390.8145,20862.6075,157617.7168,110841.4209
300682.SZ,20250124,10.73,1.4886,2.8956,1.26,19.2865,20.8294,1.5553,2.464,2.4135,2.6047,2.6047,108555.3508,105136.2129,54050.4284,1164798.9141,1128111.5644
002714.SZ,20250124,36.88,0.537,0.8477,0.76,,24.9955,3.0225,1.8173,1.616,2.2361,2.2361,546276.7761,381072.2523,241426.7832,20146687.5026,14053944.6648
688419.SH,20250124,33.84,5.7858,5.7858,1.21,52.9272,35.4789,2.764,14.0177,10.7068,0.8865,0.8865,8200.0,2215.8093,2215.8093,277488.0,74982.9867
300225.SZ,20250124,7.11,1.5638,1.8362,0.46,235.8367,116.9814,4.0006,4.6007,4.6832,0.0,,47542.959,47434.959,40399.685,338030.4385,337262.5585
300988.SZ,20250124,18.75,5.7481,10.1949,1.29,28.5604,30.092,2.2129,1.7231,1.4928,0.8907,0.8907,14029.7357,10740.1097,6055.4897,263057.5444,201377.0569
002494.SZ,20250124,4.03,10.4839,11.717,1.71,,,1.2545,3.76,3.003,0.0,,37731.0718,28677.0438,25659.0344,152056.2194,115568.4865
300855.SZ,20250124,21.28,1.864,2.6407,0.83,25.4807,25.6828,4.3484,6.0791,6.0173,1.8789,1.8789,39553.15,29295.6138,20679.1,841691.032,623410.6617
301215.SZ,20250124,5.72,0.9324,1.8799,1.04,45.854,49.5598,2.7042,21.204,20.524,1.7657,1.7657,132240.0,76740.0,38060.0,756412.8,438952.8
002839.SZ,20250124,4.22,1.226,1.5493,1.21,5.7726,5.5021,0.6148,2.2716,2.2218,4.2067,4.2067,244434.4974,244299.3707,193314.042,1031513.579,1030943.3444
601916.SH,20250124,2.87,0.5,0.7651,1.0,5.2381,5.1858,0.4626,1.2373,1.1852,5.7143,5.7143,2746463.5963,2154443.5963,1407974.3205,7882350.5214,6183253.1214
000949.SZ,20250124,4.13,2.7953,4.4741,0.8,,52.6484,1.0885,0.9517,0.9445,0.7078,0.7078,170032.9922,169987.3676,106203.9812,702236.2578,702047.8282
002380.SZ,20250124,18.82,4.9836,6.3519,1.87,28.094,19.7303,2.1162,3.2099,2.8791,0.0,,23999.1649,14220.399,11156.989,451664.2834,267627.9092
603013.SH,20250124,15.55,0.6142,2.9259,0.86,17.1005,18.455,1.9553,0.9286,0.9908,2.8939,2.8939,51259.9264,51259.9264,10759.9264,797091.8555,797091.8555
603268.SH,20250124,38.72,0.6933,1.429,0.47,,,322.6893,23.3283,20.7532,0.0,,12416.88,12416.88,6024.68,480781.5936,480781.5936
603739.SH,20250124,11.82,1.0953,2.6376,0.9,37.0576,45.1571,1.7312,2.4946,2.3645,0.846,0.846,25302.8866,25302.8866,10507.0426,299080.1196,299080.1196
301178.SZ,20250124,27.68,7.6571,8.1977,1.19,290.7453,,2.3318,4.5306,4.7659,0.3565,0.3565,6710.88,4359.8856,4072.3856,185757.1584,120681.6334
002446.SZ,20250124,5.91,2.767,2.842,0.53,103.2492,,1.6476,4.5564,5.1712,0.0,,91532.1724,84768.3296,82531.2153,540955.1389,500980.8279
600515.SH,20250124,3.67,0.3557,0.5888,0.65,44.0091,111.5656,1.7911,6.2013,7.8859,0.0,,1142530.9602,917601.2508,554411.0843,4193088.6239,3367596.5904
300148.SZ,20250124,4.01,10.4044,11.8693,2.28,,,3.5282,7.4789,7.5046,0.0,,83533.9343,80162.9335,70268.9133,334971.0765,321453.3633
603878.SH,20250124,5.35,1.4099,2.3219,1.3,8.5369,12.0433,1.1346,0.8538,1.0404,9.9065,9.9065,56106.9041,56106.9041,34068.3467,300171.9369,300171.9369
002443.SZ,20250124,5.82,0.815,1.0353,0.96,10.6756,16.9319,0.8786,0.5275,0.6308,1.0309,1.0309,52053.552,51942.6572,40886.7293,302951.6726,302306.2649
301141.SZ,20250124,38.56,9.7039,9.7039,1.31,99.3663,230.6443,3.8184,9.8694,9.6162,0.5557,0.5557,12403.2605,4451.2605,4451.2605,478269.7249,171640.6049
300886.SZ,20250124,19.45,3.4328,5.1555,0.94,,99.0949,2.5912,5.3823,4.39,0.0,,7455.5,4346.405,2894.04,145009.475,84537.5773
600050.SH,20250124,4.87,0.5238,1.2432,1.0,18.9496,17.3364,0.9481,0.4156,0.4065,2.996,2.996,3180058.1312,3128014.0512,1317969.0676,15486883.0989,15233428.4293
300149.SZ,20250124,6.04,1.5782,2.375,1.13,,,2.2445,2.6421,2.9758,0.0,,49796.3992,49708.4411,33032.1047,300770.2512,300238.9842
002197.SZ,20250124,3.78,1.1377,1.3233,1.02,,,0.9574,1.7832,2.2096,0.0,,61436.2928,53400.0687,45908.5733,232229.1868,201852.2597
688270.SH,20250124,34.27,2.9102,2.9102,0.79,101.2074,156.0668,3.4503,26.124,25.0582,0.3543,0.3543,21405.16,14423.1696,14423.1696,733554.8332,494282.0222
300093.SZ,20250124,13.42,6.8968,9.1797,1.38,,,,4.9939,11.1913,0.0,,21600.0,21541.1494,16184.1468,289872.0,289082.2249
600026.SH,20250124,12.7,0.8278,2.2687,0.6,18.0831,19.8535,1.7347,2.7428,2.6692,4.4882,4.4882,477077.6395,347477.6395,126788.7141,6058886.0217,4412966.0217
002145.SZ,20250124,4.28,0.8467,1.2821,0.82,39.5341,31.1061,1.3877,3.3494,2.5484,1.1142,1.1142,387102.6315,381256.5816,251782.0586,1656799.2628,1631778.1692
300310.SZ,20250124,7.16,9.2623,9.9258,1.15,130.9911,97.2612,3.2513,2.373,2.461,0.0,,88165.8531,69174.0446,64550.4782,631267.5082,495286.1593
600338.SH,20250124,10.46,1.2513,1.3663,0.97,,,2.5931,6.5118,7.1543,0.0,,91421.0168,91421.0168,83728.0672,956263.8357,956263.8357
300255.SZ,20250124,18.75,3.665,5.2842,1.98,,,9.4738,12.2177,16.3364,0.0,,91906.0878,91590.9159,63526.4431,1723239.1463,1717329.6731
002116.SZ,20250124,9.75,0.74,1.4065,0.71,14.6422,13.5211,1.7828,0.6831,0.6661,2.6854,2.6854,46605.6258,45745.3496,24068.4061,454404.8516,446017.1586
000959.SZ,20250124,2.99,0.4619,2.3017,1.27,35.0193,,0.4704,0.2043,0.21,1.006,1.006,777398.102,650726.3647,130589.0145,2324420.325,1945671.8305
000027.SZ,20250124,6.11,0.2238,0.896,1.33,14.2075,25.407,0.9648,0.7176,0.6993,2.2913,2.2913,475738.9916,475738.9916,118833.3328,2906765.2387,2906765.2387
688685.SH,20250124,36.73,1.617,2.6679,0.72,350.3675,141.7146,7.4025,18.1891,14.1876,0.1613,0.1613,14542.6667,14542.6667,8814.4333,534152.1479,534152.1479
688191.SH,20250124,19.6,1.8645,3.75,1.5,72.7368,66.9061,3.4639,3.7851,3.3155,1.5259,1.5259,15413.3547,15413.3547,7663.6695,302101.7521,302101.7521
603976.SH,20250124,16.0,0.477,1.6572,0.92,60.0788,42.8203,2.0198,2.6861,2.8717,1.875,1.875,15120.2081,15120.2081,4351.9839,241923.3296,241923.3296
688063.SH,20250124,38.75,1.2935,2.0211,1.21,18.4387,,1.0371,2.8816,5.7194,1.9069,1.9069,24535.9249,24535.9249,15703.0391,950767.0899,950767.0899
300099.SZ,20250124,6.05,2.0349,2.4269,0.76,33.7229,38.7479,1.8907,6.6776,6.5821,0.7438,0.7438,73726.5255,58141.224,48749.5474,446045.4793,351754.4052
301051.SZ,20250124,27.14,0.7599,1.295,0.73,113.2174,,1.8536,2.6434,2.6229,0.5234,0.5234,16895.088,13393.023,7858.911,458532.6883,363486.6442
603109.SH,20250124,17.81,2.1003,5.2517,1.15,16.4478,21.1827,2.0112,1.3978,1.4671,1.9654,1.9654,20884.836,20884.836,8352.636,371958.9292,371958.9292
002873.SZ,20250124,9.22,0.9263,1.3737,1.01,27.8299,41.556,1.9936,2.3592,2.682,0.6736,1.0918,24410.3806,23877.888,16101.5214,225063.7091,220154.1274
688190.SH,20250124,91.64,0.4245,1.3104,1.09,33.1221,30.8362,4.5679,6.2057,5.9209,1.2549,1.2549,12000.0,12000.0,3887.7799,1099680.0,1099680.0
920139.BJ,20250124,24.53,2.8852,5.812,0.5,88.3087,,6.0129,20.9548,24.0765,0.2381,0.2381,26950.7392,26063.1945,12938.4969,661101.6326,639330.1611
002310.SZ,20250124,1.76,1.4553,2.1701,1.68,,,,18.5516,,0.0,,599932.2117,419909.3452,281596.1183,1055880.6926,739040.4476
300415.SZ,20250124,21.19,4.2592,6.4908,1.61,20.8112,16.7506,3.4907,2.4241,2.0559,1.8555,1.8555,46856.2084,45309.2139,29731.4831,992883.056,960102.2425
002569.SZ,20250124,8.2,1.0666,1.4651,0.9,,,14.9525,8.1959,8.0475,0.0,,14401.0,13987.9925,10182.6165,118088.2,114701.5385
600279.SH,20250124,4.71,0.6179,1.788,0.7,8.9133,8.8436,0.9016,1.1296,1.2948,0.9554,0.9554,118686.6283,118686.6283,41013.9003,559014.0193,559014.0193
002682.SZ,20250124,4.08,2.9782,4.2008,0.65,,,1.5968,0.6174,0.6796,0.0,,56236.8594,56236.0194,39868.7379,229446.3864,229442.9592
600802.SH,20250124,3.79,4.3113,6.3357,2.5,,,1.5838,0.8468,1.0379,0.0,,45824.84,45824.84,31183.1693,173676.1436,173676.1436
300805.SZ,20250124,11.2,8.8515,16.1353,1.31,144.408,592.9047,3.1272,2.1108,2.1166,0.3563,0.3563,42425.3592,28816.2792,15808.0104,475164.023,322742.327
300520.SZ,20250124,24.18,8.8931,11.3029,1.39,,,3.832,2.7995,3.9596,0.0,,29116.7418,27737.2655,21823.6221,704042.8167,670687.0798
002330.SZ,20250124,4.16,1.1899,2.0162,0.87,,,1.1196,0.8549,0.9242,0.2404,0.2404,63537.529,63517.8715,37487.4674,264316.1206,264234.3454
688577.SH,20250124,47.55,2.8023,7.7457,0.93,128.3762,165.2153,3.7588,5.6958,5.0917,0.8605,0.8605,7948.5521,7588.9262,2745.5866,377953.6524,360853.4408
301151.SZ,20250124,14.68,2.3248,2.3248,0.95,25.3856,39.9741,1.2435,2.3656,2.5867,4.0882,4.0882,17033.391,5573.6944,5573.6944,250050.1799,81821.8338
603599.SH,20250124,11.62,0.5159,0.8839,0.85,7.3507,15.3359,1.1149,1.8027,2.4794,5.1635,5.1635,91026.9345,91026.9345,53130.3942,1057732.9789,1057732.9789
000547.SZ,20250124,6.89,0.8475,1.0956,1.03,,,1.7469,5.913,7.3973,0.0,,159846.8269,158835.0696,122870.6772,1101344.6373,1094373.6295
002453.SZ,20250124,5.62,12.426,16.3017,3.26,,,3.6864,8.2807,7.8601,0.0,,81236.7126,61087.8275,46564.468,456550.3248,343313.5906
002493.SZ,20250124,8.62,0.1499,0.5091,0.81,75.3636,45.2891,1.9906,0.2685,0.2635,1.0968,1.0968,1012552.5,949828.125,279746.2765,8728202.55,8187518.4375
002810.SZ,20250124,12.34,0.6696,1.0653,0.82,19.5087,22.7633,2.0193,2.7605,2.3697,1.5908,2.8064,34813.6854,32000.2265,20114.0063,429600.8778,394882.795
605080.SH,20250124,29.81,2.2088,6.6429,0.58,32.2946,26.405,2.0944,5.126,4.4781,0.3125,0.3125,14157.304,14157.304,4707.304,422029.2322,422029.2322
300590.SZ,20250124,15.13,4.7769,7.2066,0.82,47.4091,38.1244,3.7878,6.8492,6.5747,0.9835,0.9835,45982.7892,35427.1781,23483.0381,695719.6006,536013.2047
300697.SZ,20250124,15.49,9.0838,22.3414,0.59,38.0175,44.7567,4.6545,2.1548,2.0995,1.2912,1.2912,33280.0,25480.0,10359.9,515507.2,394685.2
300400.SZ,20250124,16.85,2.4337,3.6432,1.2,103.7063,66.8157,5.2631,5.677,5.6714,2.997,2.997,24262.58,24016.6375,16043.7357,408824.473,404680.3419
600365.SH,20250124,2.61,0.8193,1.0305,0.82,,,3.6628,1.2987,1.2961,0.0,,42740.0,41872.0,33291.8092,111551.4,109285.92
603606.SH,20250124,53.2,1.2016,2.0304,0.84,36.585,32.9524,5.2942,5.005,4.2251,0.8449,0.8449,68771.5368,68771.5368,40698.0821,3658645.7578,3658645.7578
002140.SZ,20250124,9.06,0.7105,1.7134,0.84,18.6518,16.0259,1.5088,0.8487,0.7987,1.2141,1.2141,70804.0122,54148.3005,22452.0604,641484.3505,490583.6025
002472.SZ,20250124,35.33,4.4631,5.2174,1.0,36.6742,31.0272,3.5107,3.7082,3.3473,0.3347,0.3347,84746.8342,75246.0392,64368.0131,2994105.6523,2658442.5649
300751.SZ,20250124,94.93,1.9834,2.7375,1.54,29.0229,27.6627,3.561,3.2792,2.4676,1.6816,1.6816,27940.5006,19335.2409,14008.8629,2652391.722,1835494.4186
002200.SZ,20250124,5.32,0.4475,0.6368,0.77,107.9879,1079.279,65.2654,1.6247,1.4518,0.0,,18413.289,18413.289,12939.5663,97958.6975,97958.6975
002068.SZ,20250124,10.13,3.9175,7.2165,0.73,,,2.5132,0.7882,0.7481,0.0,,73534.5196,73467.2446,39882.2109,744904.6835,744223.1878
920496.BJ,20250124,10.19,5.4833,5.4833,0.91,36.3975,37.1702,3.0271,2.8776,2.8005,1.9627,1.9627,16557.5,9414.9366,9414.9366,168720.925,95938.204
688071.SH,20250124,31.86,2.2601,3.95,0.66,,,2.6937,7.6784,6.6493,,,8478.9724,8478.9724,4851.475,270140.0607,270140.0607
601665.SH,20250124,5.51,0.5535,1.0945,0.99,6.2925,5.6218,0.7316,2.229,2.159,3.9927,6.2976,483499.8123,483499.8123,244520.1194,2664083.9658,2664083.9658
300523.SZ,20250124,18.23,1.3642,2.7919,1.27,53.2508,,3.1021,1.8792,2.2373,0.0,,23263.7638,23226.7801,11349.2479,424098.4141,423424.2012
603197.SH,20250124,36.5,2.0273,2.8516,1.36,20.4346,26.8192,2.4991,1.3127,1.1437,2.3284,2.3284,21209.0646,21123.0896,15016.8827,774130.8579,770992.7704
000977.SZ,20250124,52.96,4.8622,7.1885,0.79,43.7317,34.0392,4.1387,1.1837,0.7727,0.2455,0.3304,147213.5122,147038.0382,99454.4717,7796427.6061,7787134.5031
300795.SZ,20250124,20.6,14.5543,19.057,3.0,25.2538,27.2186,8.8972,5.6924,6.0113,3.0352,3.0352,23072.6057,13434.1747,10259.9988,475295.6774,276743.9988
600196.SH,20250124,23.81,0.4004,0.6903,0.93,26.6543,30.0894,1.3447,1.5364,1.5285,1.1335,1.1335,267132.6465,211848.8825,122859.787,6360428.3132,5044121.8923
002329.SZ,20250124,3.15,2.6952,2.9349,0.84,40.6489,,1.5856,0.9463,1.2678,0.0,,86904.9335,65906.1636,60523.0789,273750.5405,207604.4153
600757.SH,20250124,8.88,1.0767,2.4646,1.5,10.6101,12.4707,1.1624,1.5945,1.5542,4.5045,4.5045,121365.0273,121349.7103,53012.2899,1077721.4424,1077585.4275
301598.SZ,20250124,71.28,17.0352,17.0352,0.9,43.6504,33.3608,4.4475,8.9479,8.2387,,,5889.7223,1472.4306,1472.4306,419819.4055,104954.8532
002949.SZ,20250124,17.21,2.0752,3.6908,0.53,20.9129,25.1238,2.3674,2.2392,2.6659,4.6484,4.6484,19604.1766,14953.9891,8408.1141,337387.8793,257358.1524
601816.SH,20250124,5.7,0.2672,0.5304,1.3,24.2437,22.133,1.4008,6.8802,6.6397,1.9575,1.9575,4910648.4611,4910648.4611,2473778.1306,27990696.2283,27990696.2283
688329.SH,20250124,14.52,2.6306,3.1176,1.19,37.9698,,1.494,3.0833,3.467,1.0098,1.0098,7720.0,5414.5,4568.7,112094.4,78618.54
603050.SH,20250124,21.29,0.5779,2.157,0.94,19.3985,21.6146,3.552,1.4859,1.3855,1.5657,1.5657,27251.2968,27251.2968,7301.7575,580180.1089,580180.1089
603311.SH,20250124,10.21,1.2961,2.666,0.81,48.9523,42.32,1.8576,3.321,3.2046,0.7835,0.7835,23588.3907,23588.3907,11467.9471,240837.469,240837.469
603355.SH,20250124,22.86,0.3031,1.6082,0.57,11.7385,10.9203,2.933,1.4912,1.2788,6.5617,6.5617,57351.294,57113.686,10763.8931,1311050.5808,1305618.862
000615.SZ,20250124,3.46,1.6809,2.4823,0.95,,,21.3137,1.9349,2.3644,0.0,,76297.9719,76250.0287,51632.2709,263990.9828,263825.0993
002420.SZ,20250124,5.89,13.6202,18.5041,3.15,,,4.8981,1.0649,1.0271,0.0,,40884.0,39478.7744,29058.8844,240806.76,232529.9812
300154.SZ,20250124,10.11,4.2995,9.1967,0.64,45.1996,31.7611,2.5871,3.9531,4.1976,1.9825,1.9825,44955.5201,31530.4451,14740.4551,454500.3082,318772.8
300719.SZ,20250124,16.62,2.2825,2.7845,1.0,37.3023,42.4797,4.0556,4.975,5.2784,1.2034,1.2034,25469.645,17962.0132,14723.6768,423305.4999,298528.6594
301308.SZ,20250124,85.33,6.4516,8.1629,1.57,,58.0032,5.4635,3.5057,2.111,0.293,0.293,41598.1564,11585.6184,9156.7478,3549570.6856,988600.8181
688549.SH,20250124,8.59,1.8881,2.2714,0.75,926.543,835.0656,4.1594,14.1942,12.7621,0.1164,0.1164,147727.6,57773.5989,48023.5989,1268980.084,496275.2146
600228.SH,20250124,4.57,8.4696,12.1217,1.07,75.3316,54.9511,3.7488,6.3349,6.3378,0.0,,41927.2377,41666.9359,29113.3535,191607.4763,190417.8971
605598.SH,20250124,21.16,1.2109,3.9226,0.71,29.8705,37.4641,2.8028,4.0708,3.938,1.0066,1.0066,24576.0841,24301.6841,7501.6841,520029.9396,514223.6356
001201.SZ,20250124,14.21,1.3689,1.7582,0.61,,,1.0855,3.5322,2.8269,0.0,,25778.4001,16565.5594,12897.7666,366311.0654,235396.5991
600376.SH,20250124,2.27,0.7725,1.6317,0.59,,,0.428,0.1226,0.1979,0.0,,257956.5242,257956.5242,122126.6904,585561.3099,585561.3099
600463.SH,20250124,9.48,3.1591,8.6219,2.04,,,2.7682,5.5061,7.6184,0.0,,30000.0,30000.0,10992.1181,284400.0,284400.0
002249.SZ,20250124,5.87,2.5748,2.9289,0.96,22.6576,18.5822,1.6121,1.2651,1.2272,3.1806,3.1806,243275.4399,182183.0264,160155.3175,1428026.8322,1069414.365
300898.SZ,20250124,23.76,3.7327,8.4674,0.6,27.0262,27.9668,3.0694,3.1113,3.6543,2.1044,2.1044,12400.0,11473.4689,5057.826,294624.0,272609.6211
688726.SH,20250124,43.97,9.1278,9.1278,2.31,43.3828,21.0029,5.3202,6.0085,3.0658,,,40532.6189,3373.141,3373.141,1782219.253,148317.0098
300690.SZ,20250124,21.96,2.8337,3.5225,0.92,41.2908,43.9032,2.5042,4.8463,4.208,0.9563,0.9563,16534.8919,11012.786,8859.3927,363106.2261,241840.7806
300851.SZ,20250124,26.06,1.3589,2.1988,1.14,26.6644,34.2154,1.7847,6.2978,6.1599,1.7268,1.7268,8693.34,4378.5619,2705.9619,226548.4404,114105.3231
601061.SH,20250124,7.26,1.7302,1.7302,1.11,17.2905,16.1584,1.6945,0.2846,0.284,2.0661,2.0661,490000.0,50115.3847,50115.3847,3557400.0,363837.6929
301206.SZ,20250124,25.81,0.8437,1.1607,1.12,88.6977,53.1727,1.1665,10.4545,7.8736,1.5485,2.5137,20232.57,10354.4794,7526.7674,522202.6317,267249.1133
601058.SH,20250124,15.38,1.555,2.0341,1.04,16.3585,11.7337,2.7262,1.9467,1.6529,2.0806,2.0806,328810.0259,328810.0259,251352.5302,5057098.1983,5057098.1983
601798.SH,20250124,5.95,1.842,3.1771,0.75,,,1.615,1.8912,2.6441,0.0,,35452.8198,35452.8198,20553.9948,210944.2778,210944.2778
301055.SZ,20250124,15.09,0.9909,2.4752,0.86,93.7181,71.2317,3.7558,2.9009,2.6703,0.9649,0.9649,15600.0,15600.0,6245.0,235404.0,235404.0
000009.SZ,20250124,8.54,0.4641,0.7715,1.15,29.1179,47.5407,2.1706,0.7175,1.0577,0.5269,0.5269,257921.3965,255143.0324,153491.7552,2202648.7261,2178921.4967
002848.SZ,20250124,5.64,2.7804,3.7795,0.57,,,8.5728,3.2061,4.6956,0.0,,16715.0,16336.7006,12018.2988,94272.6,92138.9914
002221.SZ,20250124,9.95,1.6758,2.6201,0.75,104.1909,94.8993,1.4611,0.5782,0.5141,0.0,,157612.7767,146088.9862,93439.5698,1568247.1282,1453585.4127
603322.SH,20250124,36.26,3.8614,5.2775,0.75,304.1332,76.7782,17.8229,2.3371,2.1499,0.0,,15758.6796,15758.6796,11530.1796,571409.7223,571409.7223
603091.SH,20250124,44.93,4.3954,4.3954,0.85,19.848,14.8641,2.4049,3.4641,3.0369,,,10223.8793,2003.7233,2003.7233,459358.8969,90027.2879
688113.SH,20250124,28.22,0.7656,1.2775,1.19,20.0454,21.8293,2.019,3.6705,3.7819,2.0091,2.0091,6439.7559,6439.7559,3859.3336,181729.9115,181729.9115
300765.SZ,20250124,28.48,0.4422,1.5349,0.76,52.9448,128.4569,10.4902,15.9903,19.2437,0.9353,0.9353,140459.2944,124707.2434,35926.1338,4000280.7045,3551662.292
301010.SZ,20250124,19.04,5.2602,16.4381,0.82,53.8383,56.8538,2.479,1.7848,1.7182,1.0504,1.0504,10800.0,10800.0,3456.0,205632.0,205632.0
688205.SH,20250124,110.0,7.7399,7.7399,1.13,144.3818,130.2792,6.0231,16.2469,15.2787,0.4091,0.4091,12089.2825,6785.4793,6785.4793,1329821.075,746402.723
300375.SZ,20250124,4.81,2.5375,2.8358,0.66,127.9104,60.5312,1.6142,1.8617,1.5711,0.7277,0.7277,75537.8818,50511.8725,45197.1539,363337.2115,242962.1067
002316.SZ,20250124,3.32,2.611,2.8262,0.92,,,18.3115,2.1627,2.1837,0.0,,39312.0,31500.75,29101.6694,130515.84,104582.49
603305.SH,20250124,16.62,5.2507,13.8844,1.8,21.72,32.8486,2.4487,3.2087,3.4218,1.3838,1.3838,93323.17,93323.17,35292.5061,1551031.0854,1551031.0854
001230.SZ,20250124,16.96,1.6349,1.6349,0.9,17.5048,14.805,1.2437,1.5564,1.4454,1.7084,1.7084,13349.6097,5407.7714,5407.7714,226409.3805,91715.8029
600737.SH,20250124,9.46,0.6085,1.2351,0.78,9.759,11.2726,1.9117,0.611,0.6332,8.7738,8.7738,213884.8228,213884.8228,105381.5155,2023350.4237,2023350.4237
688390.SH,20250124,40.99,3.4436,5.1444,1.51,11.6696,,3.4404,1.3524,1.4962,1.3032,1.3032,24258.6404,24258.6404,16238.6144,994361.67,994361.67
300394.SZ,20250124,114.02,4.3939,8.2967,0.55,86.5402,49.8433,17.5749,32.5823,20.1983,1.0649,1.0649,55397.2161,55280.4467,29276.5634,6316390.5797,6303076.5327
920682.BJ,20250124,8.3,1.8187,2.655,1.0,18.3091,16.8954,2.099,0.7525,0.6334,3.7071,3.7071,27040.0,15693.7018,10750.1902,224432.0,130257.7249
688302.SH,20250124,29.02,0.6665,0.7555,0.72,,,2.3331,,,,,9901.5598,7272.4459,6415.4463,287343.2654,211046.38
300564.SZ,20250124,12.56,2.0418,3.7866,1.14,24.6485,57.6914,1.5969,3.0038,3.8162,3.9809,3.9809,16288.32,11319.535,6103.62,204581.2992,142173.3596
601009.SH,20250124,10.55,0.2909,0.5215,0.79,6.3108,5.8733,0.7779,2.5856,2.4313,7.9321,7.9321,1106758.5484,993647.7222,554349.2471,11676302.6856,10482983.4692
603300.SH,20250124,5.19,1.2146,1.5757,0.85,12.7851,14.1146,1.6918,2.3042,2.0668,0.4196,0.4196,197280.7991,197280.7991,152075.5827,1023887.3473,1023887.3473
002195.SZ,20250124,4.1,4.5135,5.0298,0.9,70.2143,517.4568,2.3802,41.2168,37.7296,0.2458,0.2458,568154.4596,561304.9012,503690.0068,2329433.2844,2301350.0949
301295.SZ,20250124,20.72,3.6401,3.6401,0.95,48.1402,64.2787,2.1815,3.9185,3.6457,1.7237,1.7237,10080.0,2940.0,2940.0,208857.6,60916.8
002573.SZ,20250124,3.75,0.4021,0.9458,0.62,41.9381,,0.846,0.6201,0.627,2.6846,2.6846,142438.8579,141299.4679,60067.413,534145.7171,529873.0046
002374.SZ,20250124,2.46,1.0419,1.2827,0.74,,,2.407,3.7563,3.8655,0.0,,108520.9283,108520.9283,88148.8104,266961.4836,266961.4836
300792.SZ,20250124,28.82,14.2648,26.6798,0.69,63.2671,76.7173,2.4262,5.3034,5.3566,0.4686,0.4686,23694.273,21253.3673,11363.4387,682868.9479,612522.0456
688155.SH,20250124,39.77,2.6587,5.9676,2.21,124.4724,24.5898,2.5844,2.0312,1.9718,1.2931,1.2931,12505.0244,12505.0244,5571.2809,497324.8204,497324.8204
603332.SH,20250124,9.46,5.496,13.7548,0.96,142.3389,23.6971,1.6158,1.2802,1.1596,1.5805,1.5805,21634.7184,21634.7184,8644.6218,204664.4361,204664.4361
301397.SZ,20250124,34.3,24.1681,24.1681,5.13,27.2895,27.6967,2.1266,4.0712,3.5138,2.4188,2.4188,11994.2266,5476.7266,5476.7266,411401.9724,187851.7224
002645.SZ,20250124,6.88,4.0013,6.9095,2.3,,,1.1174,0.5815,0.7193,0.0,,58152.5777,50907.1382,29480.3708,400089.7346,350241.1108
300527.SZ,20250124,7.77,1.1934,2.8082,1.14,,6729.9717,2.9332,12.7134,7.7666,0.0,,98682.2295,98682.2295,41937.0402,766760.9232,766760.9232
601512.SH,20250124,7.2,0.1321,0.6955,0.71,7.9241,10.7535,0.7453,2.9514,3.5614,3.7917,3.7917,149889.0,149889.0,28479.0,1079200.8,1079200.8
688571.SH,20250124,7.19,0.8813,3.0076,0.49,24.587,21.3893,2.0042,2.5395,2.4144,2.0282,2.0282,42012.85,42012.85,12310.45,302072.3915,302072.3915
002575.SZ,20250124,6.78,5.926,6.4927,2.46,475.1296,,5.2821,69.9651,16.8961,0.0,,64272.0,57829.85,52782.85,435764.16,392086.383
600650.SH,20250124,14.07,2.301,5.2064,0.64,51.4171,39.4041,1.9288,4.0248,4.3771,0.5899,0.5899,55161.0107,39056.0075,17261.2122,776115.4205,549518.0255
300157.SZ,20250124,2.8,1.9965,2.4019,0.61,,,,3.0939,4.0095,0.0,,72548.8257,70358.9107,58483.8385,203136.712,197004.95
600651.SH,20250124,4.0,0.6972,2.0125,1.05,264.9352,206.0486,4.1047,5.0822,5.0673,0.0,,250702.8015,250702.8015,86850.8184,1002811.206,1002811.206
605033.SH,20250124,19.75,9.9108,39.6434,0.89,46.3923,87.1408,2.3608,3.8199,3.476,0.9873,0.9873,13520.0,13520.0,3380.0,267020.0,267020.0
000816.SZ,20250124,2.7,6.0699,8.1735,0.93,,,1.8201,3.0053,2.9648,0.0,,144701.3318,143651.3922,106680.9222,390693.5959,387858.7589
300538.SZ,20250124,14.42,2.7975,3.453,0.72,100.7186,252.5348,2.4994,0.8056,0.7989,0.2774,0.2774,18191.8573,11489.1442,9308.2114,262326.5823,165673.4594
300766.SZ,20250124,20.08,24.5384,26.8208,1.37,,,4.874,18.3172,17.3721,0.0,,39217.2757,35567.3038,32540.5288,787482.8961,714191.4603
688021.SH,20250124,10.02,1.2283,2.0571,0.98,,,0.8701,2.3044,2.7873,,,7641.3717,7641.3717,4562.8844,76566.5444,76566.5444
001210.SZ,20250124,13.64,1.8947,2.9563,0.95,145.826,141.9989,1.4086,1.8419,1.6709,1.0386,1.0386,13067.723,7941.8801,5089.9711,178243.7417,108327.2446
688468.SH,20250124,6.88,0.7831,1.2445,0.98,18.7254,19.8126,1.9692,6.1967,6.2173,1.7874,1.7874,40110.8,40110.8,25239.7459,275962.304,275962.304
600663.SH,20250124,8.95,0.228,0.8963,1.01,41.2136,34.3679,1.859,4.2247,3.8188,1.9044,1.9044,503515.3679,315568.3662,80278.0984,4506462.5427,2824336.8775
002552.SZ,20250124,16.06,5.5577,14.0586,0.48,35.4244,28.8904,4.3005,2.1572,2.1127,0.8717,0.8717,40854.2039,32023.3796,12659.5432,656118.5146,514295.4764
300344.SZ,20250124,6.47,22.4455,40.6959,0.87,,,12.5353,21.7262,35.1983,0.0,,64170.6416,63921.1391,35255.2226,415184.0512,413569.77
688401.SH,20250124,26.24,2.5607,3.5718,0.6,34.093,31.4095,3.8474,7.5448,6.3958,0.8868,0.8868,19333.372,11571.232,8295.799,507307.6813,303629.1277
300226.SZ,20250124,23.65,8.7134,11.8364,5.11,31.3624,37.5849,3.9617,0.0873,0.0898,0.3416,0.3416,31872.1422,30643.3207,22558.2044,753776.163,724714.5346
300627.SZ,20250124,40.24,1.2404,1.6906,0.88,49.2282,39.7583,6.5141,8.2553,7.0855,0.8635,0.8635,54946.2674,45425.9829,33328.4708,2211037.8002,1827941.5519
600082.SH,20250124,2.86,0.9511,1.3538,0.52,145.614,,1.0756,4.0044,15.6675,0.2098,0.2098,64611.5826,63433.5412,44566.648,184789.1262,181419.9278
603958.SH,20250124,12.56,1.7215,4.7166,0.7,,,3.6159,3.3935,3.4158,0.0,,21936.0,21936.0,8006.1196,275516.16,275516.16
301429.SZ,20250124,16.55,5.5524,6.9519,0.67,41.0858,29.8819,1.4925,3.1787,2.3953,1.5347,2.5628,11822.0,4404.1133,3517.5133,195654.1,72888.0751
605180.SH,20250124,12.85,4.5263,15.7436,2.01,78.1717,45.9815,1.9076,9.0718,6.6055,0.6226,0.6226,16900.0,16900.0,4858.75,217165.0,217165.0
002103.SZ,20250124,9.86,7.1255,9.1599,0.66,31.1253,33.8398,5.2263,1.9581,1.977,0.0,,53427.2953,37707.5188,29332.7645,526793.1317,371796.1354
300609.SZ,20250124,24.42,4.4681,5.7353,1.32,,,2.8097,7.7959,7.8396,0.819,0.819,12011.4387,11989.3313,9340.2571,293319.3331,292779.4703
002479.SZ,20250124,4.67,1.3294,2.0473,1.52,20.5573,12.3974,0.9808,0.9097,0.8443,3.212,3.212,86500.0,86307.2844,56043.7486,403955.0,403055.0181
688627.SH,20250124,72.41,1.5669,1.8303,0.66,58.8443,60.6658,4.0214,10.4961,8.071,0.5137,0.5137,9401.1754,7141.157,6113.3948,680739.1107,517091.1784
601921.SH,20250124,7.5,0.6475,2.8092,1.59,11.0443,15.3912,1.2886,1.4276,1.5171,5.2,5.2,222222.2223,222222.2223,51222.1975,1666666.6673,1666666.6673
002925.SZ,20250124,14.53,0.8797,2.5106,0.73,25.0743,39.0919,2.4413,2.9263,3.2851,3.9786,3.9786,77744.1784,73616.4491,25796.3867,1129622.9122,1069647.0054
002123.SZ,20250124,11.07,5.5802,5.5812,0.53,,,5.3446,1.6931,1.7013,0.2275,0.2275,80058.9972,71523.89,71511.2056,886253.099,791769.4623
603799.SH,20250124,28.95,1.3492,1.7289,1.22,14.6196,14.5883,1.4378,0.7388,0.807,3.4199,3.4199,169218.1088,168633.7028,131601.66,4898864.2498,4881945.6961
001360.SZ,20250124,12.87,1.5178,1.6571,1.24,27.1644,33.5064,1.8887,2.8577,3.12,1.7287,1.7287,20400.0,8178.1146,7490.9424,262548.0,105252.3349
002049.SZ,20250124,59.82,1.3892,1.8774,0.76,20.0831,42.691,4.2334,6.718,9.2223,1.1282,1.1282,84962.2855,84947.3005,62857.1679,5082443.9186,5081547.5159
301300.SZ,20250124,26.94,2.5963,4.0632,0.76,50.534,44.5139,2.2803,4.4149,3.7917,3.5924,3.5924,6454.0,3073.1667,1963.7125,173870.76,82791.1109
000565.SZ,20250124,5.25,0.818,1.3758,0.84,,,1.8218,4.5509,5.8183,0.2857,0.2857,43359.222,43359.222,25778.3238,227635.9155,227635.9155
688022.SH,20250124,12.48,4.952,7.5541,2.59,,,1.5315,1.6387,3.6421,,,17587.8324,17587.8324,11529.5327,219496.1484,219496.1484
002404.SZ,20250124,6.15,1.3049,1.9902,0.64,15.8824,17.1836,1.7325,0.8026,0.7413,4.878,4.878,56005.1541,45578.8596,29883.752,344431.6977,280309.9865
600057.SH,20250124,6.13,0.4793,1.0337,1.0,8.6971,10.6735,1.0656,0.0298,0.0353,4.9802,4.9802,223306.3057,219251.0201,101661.7309,1368867.6539,1344008.7532
000921.SZ,20250124,31.16,0.8551,1.9735,0.78,15.2214,13.4781,2.9197,0.5045,0.4731,3.2483,3.2483,138601.0405,91183.1327,39507.2657,4318808.422,2841266.4149
002496.SZ,20250124,1.35,1.5729,1.7318,0.67,,,1.3569,8.8064,9.0963,0.0,,150758.9677,118138.6559,107303.0711,203524.6064,159487.1855
601018.SH,20250124,3.58,0.1385,0.7134,0.89,14.9188,14.269,0.8899,2.6794,2.432,2.5419,2.5419,1945438.8399,1580741.737,306805.4656,6964671.0468,5659055.4185
600749.SH,20250124,10.72,1.4654,2.6952,1.02,167.7678,243.0184,2.3185,11.4206,11.7319,0.0,,22696.5517,22696.5517,12340.3559,243307.0342,243307.0342
002657.SZ,20250124,19.27,15.3038,16.7173,3.39,,,3.6207,6.5405,7.5232,0.0,,34005.1995,33635.6264,30791.6213,655280.1944,648158.5207
001259.SZ,20250124,22.91,8.3251,8.3251,1.67,79.8857,116.1536,2.3384,3.9301,4.492,1.7306,1.7306,7358.8888,2192.8888,2192.8888,168592.1424,50239.0824
000981.SZ,20250124,2.16,5.459,7.0516,0.72,,,10.2415,4.0471,4.2906,0.0,,999747.0888,652515.5452,505142.7274,2159453.7118,1409433.5776
301032.SZ,20250124,9.38,1.4673,2.7532,0.87,70.773,30.501,1.9861,0.9767,1.0186,0.3198,0.3198,24113.34,15865.2525,8455.2525,226183.1292,148816.0685
000408.SZ,20250124,30.15,0.8789,1.9314,0.61,13.9333,20.545,3.6058,9.1184,14.1809,3.4937,3.4937,158043.5073,158041.8573,71922.2035,4765011.7451,4764961.9976
600117.SH,20250124,2.13,0.3107,0.7249,1.05,4.112,2.8304,1.3774,1.4038,1.2054,0.0,,325511.4857,325511.4857,139531.1068,693339.4645,693339.4645
000601.SZ,20250124,4.06,0.7414,1.1338,1.04,,,0.9787,1.0682,1.0767,0.0,,108055.1669,108046.0052,70651.9126,438703.9776,438666.7811
600919.SH,20250124,9.77,0.7068,0.9791,1.55,6.2362,5.6305,0.7903,2.4133,2.2186,4.8106,7.9446,1835132.4463,1835132.4463,1324741.9932,17929244.0004,17929244.0004
300980.SZ,20250124,25.55,5.8945,7.7499,0.83,86.1767,122.0728,2.5796,9.2134,7.8846,0.9194,0.9194,13835.6888,9834.1448,7479.7498,353501.8488,251262.3996
605266.SH,20250124,21.83,2.1381,3.7493,1.01,8.2524,14.4419,1.232,0.3766,0.3671,4.8414,4.8414,15666.0808,14072.4629,8024.8384,341990.5439,307201.8651
603326.SH,20250124,6.25,1.0504,3.3362,0.7,12.8735,24.1702,1.7136,1.1791,1.3391,4.3232,4.3232,32283.868,31917.693,10049.343,201774.175,199485.5813
688236.SH,20250124,11.81,1.0369,1.4064,0.97,16.3051,28.6067,1.6395,3.7483,4.8991,3.7635,3.7635,38356.85,7929.4665,5846.3603,452994.3985,93646.9994
002241.SZ,20250124,28.15,5.8612,7.4121,1.33,89.9278,38.5054,3.0314,0.9926,1.0379,0.869,0.869,347596.3624,306880.2797,242668.6976,9784837.6016,8638679.8736
300775.SZ,20250124,21.9,1.5117,2.1828,1.33,14.7943,28.6116,2.1779,4.832,7.0392,0.831,0.831,55023.9925,53210.1836,36851.3093,1205025.4358,1165303.0208
300043.SZ,20250124,3.8,7.4424,11.3869,0.71,170.6318,,2.7895,2.7285,3.6349,0.0,,124419.8401,124353.9501,81276.2934,472795.3924,472545.0104
603685.SH,20250124,12.12,0.7447,1.4433,0.89,24.425,24.9735,1.8232,1.6478,1.5978,1.3531,1.3531,16900.7951,16900.7951,8719.9978,204837.6366,204837.6366
688526.SH,20250124,13.54,0.4759,1.7498,1.11,15.9404,21.1007,1.6362,5.9313,6.996,3.166,3.166,46612.8056,46612.8056,12677.3149,631137.3878,631137.3878
000301.SZ,20250124,8.36,0.1343,0.3192,0.56,77.0814,,1.7066,0.3935,0.3809,1.1962,1.1962,661122.1707,549701.8809,231222.4835,5526981.3471,4595507.7243
920002.BJ,20250124,74.11,15.764,15.764,0.86,48.6568,46.3284,3.6239,7.0125,7.0012,,0.2699,3250.212,575.0,575.0,240873.2113,42613.25
002164.SZ,20250124,5.91,11.4085,18.0311,0.51,77.8112,59.5789,2.2956,2.1148,2.1459,0.0,,53217.3689,47977.5218,30355.8761,314514.6502,283547.1538
301077.SZ,20250124,27.71,4.0753,4.0753,0.5,34.115,23.7618,2.6929,4.7667,4.2993,3.1288,3.1288,12000.0,4287.0002,4287.0002,332520.0,118792.7755
300248.SZ,20250124,11.43,12.5934,13.1866,3.42,50.642,47.9205,2.6253,5.1297,5.1532,0.6999,0.6999,47634.8393,40915.4359,39074.9689,544466.2132,467663.4323
605298.SH,20250124,12.47,0.6248,2.2846,0.97,76.4802,80.1303,2.3661,6.7275,5.6668,0.6169,0.6169,18785.0,18465.2,5050.0739,234248.95,230261.044
603948.SH,20250124,18.05,0.8291,3.0382,1.12,9.2322,12.0229,1.4378,1.1069,1.1757,5.5404,5.5404,16248.9167,16248.9167,4433.9197,293292.9464,293292.9464
002796.SZ,20250124,11.63,4.251,6.2026,0.88,,94.6866,3.4101,2.8012,2.9524,0.0,,25242.6948,22654.6483,15526.4761,293572.5405,263473.5597
600655.SH,20250124,6.07,0.3556,0.7673,1.51,11.6788,24.9224,0.6488,0.4065,0.4321,3.1244,3.1244,389433.1613,388984.6273,180296.8711,2363859.2891,2361136.6877
600307.SH,20250124,1.47,0.567,1.3761,1.36,,,1.1172,0.2334,0.2624,0.0,,626335.7424,626335.7424,258083.7496,920713.5413,920713.5413
600230.SH,20250124,10.83,2.0407,3.7799,2.85,23.545,1453.3329,1.1268,0.9211,0.914,1.281,1.281,41396.1015,41396.1015,22349.3591,448319.7792,448319.7792
301552.SZ,20250124,55.39,6.8925,6.8925,0.76,27.4755,23.9496,3.3971,7.7221,6.3736,0.0,,6800.0,1448.3334,1448.3334,376652.0,80223.187
688528.SH,20250124,8.86,0.7709,2.2873,0.9,,,2.617,4.5517,4.0685,,,16800.0,16800.0,5661.896,148848.0,148848.0
605028.SH,20250124,16.24,0.9297,3.7187,0.58,13.8087,15.2838,2.109,7.188,7.0663,3.6946,7.3892,16000.0,16000.0,4000.0,259840.0,259840.0
600237.SH,20250124,6.79,2.4535,3.0097,0.78,49.3686,46.4872,2.4004,3.9535,3.4352,0.0,,63070.9155,60448.4178,49277.8199,428251.5162,410444.7569
002465.SZ,20250124,10.47,1.0117,1.3675,0.56,36.9624,49.0912,2.0486,4.0293,4.2044,1.4327,1.4327,248183.3948,243173.1461,179907.4224,2598480.1436,2546022.8397
300732.SZ,20250124,6.29,1.8799,3.6146,0.88,16.9389,,0.7769,0.8839,1.125,3.1796,3.1796,32431.512,32374.1683,16837.6238,203994.2105,203633.5186
002428.SZ,20250124,18.93,3.2087,4.0112,0.85,1772.6708,299.2684,8.6309,18.3988,17.5683,0.1057,0.1057,65312.0,65303.5625,52237.7225,1236356.16,1236196.4381
600007.SH,20250124,24.28,0.2256,1.1659,0.99,19.4225,19.1738,2.5992,6.1857,6.185,5.3542,5.3542,100728.2534,100728.2534,19492.2293,2445681.9926,2445681.9926
688701.SH,20250124,5.53,0.9017,1.9982,0.79,,,3.111,2.141,2.8555,,,13427.7372,13427.7372,6059.3886,74255.3867,74255.3867
000756.SZ,20250124,14.98,2.2984,4.1769,0.79,20.8109,23.0323,2.0978,1.2755,1.2393,1.8084,1.8084,68977.6535,45553.1936,25066.7844,1033285.2494,682386.8401
002128.SZ,20250124,19.52,0.5807,1.3732,1.32,9.5962,8.1414,1.293,1.6299,1.5127,3.7398,3.7398,224157.3493,224157.3493,94788.8466,4375551.4583,4375551.4583
002236.SZ,20250124,15.49,1.4424,1.6581,1.23,6.9343,6.9771,1.4268,1.5845,1.5761,3.6299,3.6299,329565.9253,210432.0769,183053.7821,5104976.1829,3259592.8712
300254.SZ,20250124,8.33,1.3577,1.4931,0.86,82.0975,24.9095,3.1961,2.5879,2.4737,0.0,,24831.8563,22502.1595,20460.7448,206849.363,187442.9886
603486.SH,20250124,43.2,1.951,6.0074,1.12,40.6041,39.8663,3.5252,1.6032,1.6354,0.6832,0.6832,57529.5227,56920.1627,18486.021,2485275.3806,2458951.0286
301288.SZ,20250124,14.73,3.155,3.9783,0.89,75.8909,,1.9636,11.2351,16.5793,0.6683,0.6683,10801.0,4709.2924,3734.7956,159098.73,69367.8771
301118.SZ,20250124,17.05,1.3083,3.1897,0.96,,,1.4018,2.0005,1.6433,0.0,,10987.5,10426.7563,4276.6313,187336.875,177776.1949
300597.SZ,20250124,8.69,1.9884,2.4157,1.08,630.251,,2.3266,4.2659,4.2581,0.0451,0.0451,27257.003,27137.2238,22337.2238,236863.3561,235822.4748
002161.SZ,20250124,5.6,1.8561,2.2388,0.91,147.3412,67.8111,2.6515,6.8896,6.8791,0.3214,0.3214,73975.74,71345.9304,59148.0109,414264.144,399537.2102
688217.SH,20250124,19.62,1.3158,2.2195,1.14,138.1837,,1.1774,4.2442,4.4008,,,5585.5896,5585.5896,3311.2375,109589.268,109589.268
601088.SH,20250124,39.08,0.2196,1.3519,1.33,13.0074,13.5039,1.8711,2.2632,2.2538,5.783,5.783,1986851.9955,1649103.7955,267832.8759,77646175.9841,64446976.3281
603638.SH,20250124,17.32,0.3858,1.3919,0.65,51.6579,41.4652,4.6713,6.4393,5.4051,1.1566,1.1566,83108.8208,83108.8208,23037.8764,1439444.7763,1439444.7763
600860.SH,20250124,10.03,0.8449,1.9405,0.65,,,5.1972,3.9083,3.6509,0.0,,54766.5988,43523.1436,18949.6384,549308.986,436537.1303
603317.SH,20250124,13.55,0.7572,2.7276,0.86,31.6005,23.0683,3.1532,4.5836,4.1516,2.9311,2.9311,106508.3794,106476.5294,29557.5094,1443188.5409,1442756.9734
600765.SH,20250124,18.72,1.1268,1.7942,1.06,22.1989,22.4459,2.0814,2.7884,2.9104,1.3514,1.3514,157549.2153,147071.8264,92361.6911,2949321.3104,2753184.5902
603282.SH,20250124,14.91,1.5379,1.7391,1.12,12.3607,18.1663,1.612,2.0463,2.8373,2.4816,2.4816,13382.0,6418.4459,5675.9115,199525.62,95699.0284
600729.SH,20250124,30.4,2.3157,2.4324,1.25,10.1858,10.1874,1.7889,0.7054,0.7825,4.4615,4.4615,44054.7577,18842.1764,17937.8221,1339264.6341,572802.1626
300467.SZ,20250124,16.41,4.3734,4.5844,1.73,113.4687,155.3113,5.3711,8.9958,10.7186,0.0,,20320.4897,16855.7274,16080.0734,333459.236,276602.4866
002529.SZ,20250124,5.91,19.0687,23.2955,3.85,,,3.7605,4.853,8.3077,0.0,,26000.0,26000.0,21282.5,153660.0,153660.0
300928.SZ,20250124,31.3,1.8656,2.2037,0.88,,,2.1094,2.6049,2.947,0.4792,0.4792,8000.0,5301.3103,4487.8095,250400.0,165931.0124
300773.SZ,20250124,17.82,2.6331,3.9291,1.39,30.6855,40.2427,4.0798,2.3664,2.3802,5.127,5.127,78808.25,73433.5013,49211.6296,1404363.015,1308584.9932
001301.SZ,20250124,56.86,2.4754,2.9264,1.1,20.5259,20.2526,2.455,3.3794,3.0659,1.4056,1.4056,26096.135,16001.36,13535.31,1483826.2361,909837.3296
301050.SZ,20250124,51.2,2.1976,2.7551,0.85,41.06,30.218,4.3108,14.149,9.4056,0.9687,0.9687,24479.1768,20897.5301,16668.4116,1253333.8522,1069953.5411
000829.SZ,20250124,10.28,2.0482,3.2343,0.62,125.9675,,3.5322,0.1111,0.111,0.2432,0.2432,102510.0438,102412.9669,64854.1551,1053803.2503,1052805.2997
688498.SH,20250124,160.12,6.9923,6.9923,1.03,702.477,,6.6202,94.763,59.6541,0.0622,0.1243,8546.167,6014.9271,6014.9271,1368412.26,963110.1273
920510.BJ,20250124,18.43,3.2093,4.3452,0.96,95.4322,82.0997,8.4711,16.084,13.4348,0.4651,0.4651,18421.3929,8764.1679,6473.0679,339506.2711,161523.6144
603261.SH,20250124,20.88,6.7323,6.7323,1.71,,,2.0789,6.9335,6.4016,0.0,,7790.7622,2629.7276,2629.7276,162671.1147,54908.7123
688211.SH,20250124,28.52,0.2822,0.3562,0.55,179.9997,134.3429,1.0388,1.9176,1.349,0.2686,0.2686,13160.8698,6500.8698,5150.8698,375348.0067,185404.8067
002726.SZ,20250124,6.31,1.1338,1.8939,1.12,,,4.9221,0.5113,0.6066,0.0,,107916.0261,107711.2761,64483.6761,680950.1247,679658.1522
600143.SH,20250124,9.18,2.3057,3.0364,1.76,76.4197,46.96,1.3902,0.5049,0.4473,1.1034,1.1034,263661.2697,259722.5566,197224.3614,2420410.4558,2384253.0696
600569.SH,20250124,1.74,0.8873,2.7028,1.31,,,1.334,0.1186,0.1479,0.0,,287242.1386,287242.1386,94297.7483,499801.3212,499801.3212
002585.SZ,20250124,4.95,1.5988,2.0798,1.04,,,0.6297,1.0738,0.995,0.6055,0.6055,114742.8712,89286.2834,68636.7782,567977.2124,441967.1028
600809.SH,20250124,173.76,0.3288,1.0387,0.83,20.3084,17.1549,6.869,6.6392,5.8011,2.515,3.9307,121996.4222,121996.4222,38620.8902,21198098.3215,21198098.3215
301228.SZ,20250124,15.1,7.8969,8.8715,0.82,,,2.4215,4.8471,4.2033,0.0,,12000.0,5461.898,4861.8605,181200.0,82474.6598
688085.SH,20250124,18.2,1.5191,2.9277,1.59,47.3082,119.4204,2.3672,9.8217,10.4143,0.4286,0.4286,24845.3535,24845.3535,12891.8281,452185.4337,452185.4337
603726.SH,20250124,15.93,1.0975,2.4588,0.9,26.9956,19.0366,2.3635,1.8135,1.664,2.4858,2.4858,18565.12,18400.12,8213.3824,295742.3616,293113.9116
000622.SZ,20250124,2.42,1.5717,1.9137,0.91,,,6.1761,9.2314,14.469,0.0,,42522.6,42522.6,34922.6,102904.692,102904.692
920799.BJ,20250124,62.53,7.5777,12.4289,0.73,186.1706,177.7773,34.469,21.6308,21.7029,0.3981,0.3981,20978.005,12070.4571,7359.1775,1311754.6527,754765.6825
603066.SH,20250124,10.8,1.627,3.5903,1.22,22.3735,20.5744,2.1989,2.0195,2.1089,1.3426,1.3426,29418.0074,29418.0074,13330.8104,317714.4799,317714.4799
301302.SZ,20250124,21.0,8.8937,8.8937,1.81,,,1.7841,9.0412,16.8423,0.0,,15586.5,8424.0,8424.0,327316.5,176904.0
300397.SZ,20250124,10.91,3.1477,3.4957,1.26,,,3.5792,16.1038,15.4776,0.0,,51763.6745,39643.3033,35696.138,564741.6888,432508.439
603297.SH,20250124,97.98,2.0044,6.6874,0.89,46.2737,53.9538,5.8584,12.7505,12.181,0.9749,0.9749,11115.05,11072.91,3318.8045,1089052.599,1084923.7218
600133.SH,20250124,9.48,3.467,4.1811,1.72,9.3655,9.5376,1.1863,0.6889,1.9741,1.5823,1.5823,106623.9875,106623.9875,88411.6613,1010795.4015,1010795.4015
300011.SZ,20250124,7.22,2.6016,3.473,1.39,226.1028,145.1814,3.0339,2.6578,2.3579,0.0,,55865.0387,50162.8829,37577.7591,403345.5794,362176.0145
300872.SZ,20250124,15.33,2.8769,3.4084,1.2,60.7108,50.4432,2.2443,3.6609,3.7161,0.2823,0.2823,46227.6529,39619.7139,33442.0558,708669.919,607370.2141
301110.SZ,20250124,67.95,14.7971,17.6663,0.99,120.7262,64.4639,4.5741,6.4994,5.6076,1.2194,1.2194,9253.5333,4854.0333,4065.6785,628777.5877,329831.5627
301036.SZ,20250124,41.39,6.9184,10.6105,1.14,87.5475,33.9582,2.5761,2.8877,2.6781,1.4496,1.4496,10000.0,7043.5634,4592.6134,413900.0,291533.0891
001219.SZ,20250124,13.25,1.4017,1.4017,1.0,30.0036,26.4074,2.5417,5.28,5.0858,1.7417,1.7417,19498.375,18981.4181,18981.4181,258353.4688,251503.7898
603950.SH,20250124,19.46,2.0986,5.6954,0.55,28.8502,36.19,2.4183,4.2841,3.7516,0.0,,32413.08,32413.08,11943.1497,630758.5368,630758.5368
301088.SZ,20250124,12.9,3.0248,3.0248,0.76,34.7017,33.6855,1.1641,3.8314,3.993,3.6992,3.6992,22790.0,5765.0,5765.0,293991.0,74368.5
688097.SH,20250124,27.95,1.3764,5.2626,1.52,31.9762,30.0991,2.9224,2.5794,2.5637,0.762,0.762,44664.7765,44362.3515,11602.3515,1248380.5032,1239927.7244
000951.SZ,20250124,18.63,1.2027,2.4545,0.84,20.2595,16.1079,1.5153,0.5203,0.4876,4.0217,4.0217,117486.936,117486.936,57568.5984,2188781.6177,2188781.6177
300529.SZ,20250124,27.0,1.3988,1.7245,0.9,49.3991,26.8031,6.8014,11.2167,8.1922,1.4367,1.4367,79860.5275,51248.82,41570.4351,2156234.2425,1383718.14
920098.BJ,20250124,26.12,2.3732,3.3223,0.64,25.4784,23.5703,2.308,4.8094,4.4644,,,8132.0369,4353.7729,3110.0074,212408.8038,113720.5481
003005.SZ,20250124,29.47,8.5621,13.4876,1.68,481.2929,148.4429,2.6116,11.866,10.4763,0.0,,16527.7637,7382.1082,4686.2487,487073.1962,217550.7287
688525.SH,20250124,63.08,5.958,6.7465,1.06,,309.9321,11.0961,7.5757,4.1892,,,43124.0342,31730.4342,28021.8946,2720264.0773,2001555.7893
603716.SH,20250124,6.71,3.844,5.0384,0.81,,,1.3143,0.6388,0.6756,0.0,,19098.8254,19098.8254,14571.1506,128153.1184,128153.1184
300549.SZ,20250124,17.36,2.5656,4.2001,1.06,133.5386,165.1993,4.2205,6.7731,6.9945,0.576,0.576,13334.0,10105.4675,6173.0,231478.24,175430.9158
002259.SZ,20250124,2.44,1.976,2.7569,2.84,,,8.1592,2.3582,2.6767,0.0,,75232.8267,75232.8267,53921.2742,183568.0971,183568.0971
688108.SH,20250124,9.5,0.778,1.0967,0.89,,,4.5805,11.4428,9.4164,,,41345.6,41345.6,29328.6114,392783.2,392783.2
301113.SZ,20250124,23.81,1.1272,2.4611,0.72,88.7978,829.8867,2.2902,10.55,6.8913,0.126,0.126,7000.0,4228.06,1936.52,166670.0,100670.1086
001333.SZ,20250124,17.59,1.7014,1.7014,0.98,21.3933,20.5946,1.3811,1.5212,1.3867,2.0466,2.0466,12800.0,4400.0,4400.0,225152.0,77396.0
300999.SZ,20250124,30.69,0.7087,0.7087,0.97,58.4281,77.3944,1.7999,0.6615,0.6978,0.3617,0.3617,542159.1536,54264.7097,54264.7097,16638864.424,1665383.9407
300329.SZ,20250124,5.69,3.4345,6.1908,1.07,,,1.7692,4.8374,7.6163,0.0,0.5624,25288.878,25211.4181,13986.5981,143893.7158,143452.969
600249.SH,20250124,5.16,1.8056,2.9546,1.17,124.4373,41.724,1.2974,2.8519,2.553,0.5814,0.5814,55000.0,55000.0,33612.5411,283800.0,283800.0
300707.SZ,20250124,15.08,5.1274,6.3355,1.27,131.3845,75.4526,2.3723,3.2585,2.9654,0.3263,0.3263,17700.2221,14320.5241,11589.6621,266919.3493,215953.5034
603826.SH,20250124,19.59,0.5606,2.0855,0.56,152.9083,161.9137,6.7502,15.4831,13.2162,0.3646,0.3646,65520.0,65520.0,17613.8254,1283536.8,1283536.8
600397.SH,20250124,4.28,4.8773,8.0408,0.71,,,12.5791,0.6167,0.7287,0.0,,98995.9882,98995.9882,60047.3792,423702.8295,423702.8295
000428.SZ,20250124,3.01,1.1222,2.505,1.0,,,1.8881,4.4604,4.8408,0.0,,101892.6,101892.6,45646.708,306696.726,306696.726
688716.SH,20250124,43.39,20.4065,23.34,1.2,96.7796,91.1084,4.4477,18.0912,17.7849,0.4609,0.4609,12168.0,6760.0767,5910.439,527969.52,293319.728
000717.SZ,20250124,2.48,2.2465,4.7758,1.18,122.6126,,0.7275,0.1541,0.1858,0.0,,242384.559,242352.384,114001.095,601113.7063,601033.9123
688793.SH,20250124,26.58,1.1526,3.3016,1.17,,,6.0347,1.792,1.9531,,,8594.5419,8594.5419,3000.3316,228442.9237,228442.9237
300908.SZ,20250124,30.17,0.7049,1.5142,0.85,25.567,24.2721,2.5957,4.4303,4.0096,2.9332,2.9332,14600.0,12358.1549,5752.7499,440482.0,372845.5333
601089.SH,20250124,15.22,0.8966,1.402,1.02,14.947,14.3247,2.1134,2.1875,2.1338,3.2166,3.2166,48000.0,20534.6413,13132.2997,730560.0,312537.2406
002168.SZ,20250124,2.36,1.212,1.479,0.89,975.3836,,,7.2813,7.0704,0.0,,78416.3368,78416.3368,64258.0991,185062.5548,185062.5548
300230.SZ,20250124,4.38,1.5226,1.7175,0.71,9.4672,9.9354,1.1532,1.7616,1.6179,2.8567,2.8567,81321.3441,62982.2499,55836.815,356187.4872,275862.2546
000782.SZ,20250124,4.26,1.7521,1.9995,0.93,,,1.5958,1.0381,0.9131,0.0,,68658.1509,52813.9623,46278.9623,292483.7228,224987.4794
300600.SZ,20250124,6.91,0.5757,1.0739,0.77,,,2.2022,10.3645,8.6449,0.0,,29423.448,24616.3436,13195.4382,203316.0257,170098.9343
002774.SZ,20250124,7.38,0.8599,2.2021,0.68,17.1749,18.536,2.0388,1.4941,1.5719,5.4201,5.4201,33668.79,28177.1935,11002.9542,248475.6702,207947.688
000856.SZ,20250124,11.57,8.8001,12.5715,0.63,85.6433,115.2548,6.3175,0.8992,1.0402,0.0,,22700.0,22700.0,15890.0001,262639.0,262639.0
603896.SH,20250124,19.97,0.6155,1.0193,0.94,15.5569,16.9337,1.831,5.0474,5.5466,1.9529,1.9529,19824.3832,19824.3832,11970.7599,395892.9325,395892.9325
002430.SZ,20250124,20.75,0.4409,0.9578,0.86,16.7879,19.6294,2.2978,1.534,1.4707,3.8557,3.8557,98388.9952,97243.2127,44767.7642,2041571.6504,2017796.6635
920152.BJ,20250124,11.7,2.2287,2.718,1.53,,,2.9665,2.5951,2.3173,0.2564,0.2564,10859.17,8216.1225,6736.94,127052.289,96128.6333
688376.SH,20250124,34.07,1.596,1.596,0.76,26.4327,23.7493,2.6115,3.0419,2.7996,0.8805,0.8805,13440.0,5098.5589,5098.5589,457900.8,173707.9017
002971.SZ,20250124,18.85,1.1208,1.6897,1.12,47.5339,48.8982,2.9488,2.4066,2.2904,0.4018,0.9323,21123.5,16014.8598,10622.6563,398177.975,301880.1072
301299.SZ,20250124,66.73,21.0869,21.8058,1.33,76.9005,62.251,6.8406,14.1202,13.7691,3.147,3.7464,6000.0,3522.0688,3405.9527,400380.0,235027.651
301386.SZ,20250124,20.18,3.2164,3.2164,1.22,28.0304,30.8541,1.9412,5.0646,5.5004,3.9643,3.9643,14000.0,4292.1004,4292.1004,282520.0,86614.5861
301587.SZ,20250124,22.73,3.4966,3.4966,0.89,24.6294,40.4452,1.6711,4.8755,5.1469,0.0,,14732.804,3054.5771,3054.5771,334876.6349,69430.5375
688221.SH,20250124,9.67,0.3093,0.5312,0.57,,,3.1519,31.7041,27.0969,,,37457.8653,37457.8653,21813.9153,362217.5575,362217.5575
603931.SH,20250124,23.01,0.7446,2.3742,0.77,26.2284,28.066,2.9916,6.6039,6.6745,1.1517,1.1517,19955.838,19955.838,6258.8392,459183.8324,459183.8324
688567.SH,20250124,11.24,0.838,1.4063,1.0,,,1.3611,0.8357,0.9528,,,122210.3885,122210.3885,72818.9706,1373644.7667,1373644.7667
688530.SH,20250124,17.94,4.2044,4.2044,1.09,58.1883,184.5037,3.4281,6.0287,7.373,0.223,0.223,16004.4824,3200.8966,3200.8966,287120.4143,57424.085
301363.SZ,20250124,32.13,1.4082,1.4082,0.96,41.7043,48.2,3.8564,9.7683,9.0057,0.496,0.496,40666.0,11215.91,11215.91,1306598.58,360367.1883
920533.BJ,20250124,36.53,23.2374,23.4445,0.72,41.5941,49.3622,10.6036,5.2597,4.734,0.5451,0.5451,10058.256,3796.0235,3762.4853,367428.0917,138668.7385
600301.SH,20250124,17.79,2.6581,3.6577,0.97,35.8934,18.0848,2.9006,3.8492,2.5735,0.0,,63256.7479,27533.5681,20008.7623,1125337.5451,489822.1765
600170.SH,20250124,2.47,0.8886,1.6208,1.08,14.0887,13.6028,0.7107,0.072,0.0743,2.4291,2.4291,888593.9744,888593.9744,487154.9534,2194827.1168,2194827.1168
603589.SH,20250124,36.31,0.7911,1.3323,1.33,12.657,12.9416,2.1444,3.6542,3.7064,4.1269,4.1269,60000.0,59811.9472,35515.1278,2178600.0,2171771.8028
002442.SZ,20250124,5.59,3.0612,5.0505,0.86,25.4837,23.711,1.5671,0.6586,0.6702,2.0935,2.0935,50329.8525,48882.835,29629.2363,281343.8755,273255.0477
688169.SH,20250124,227.78,1.4728,1.865,1.07,20.5128,19.4523,3.4206,4.8622,4.2195,1.4605,1.4605,18472.3148,18472.3148,14588.214,4207623.8651,4207623.8651
600149.SH,20250124,4.21,2.1335,3.2976,0.89,,23.832,7.3703,8.2071,4.1752,0.0,,38016.0,38016.0,24595.425,160047.36,160047.36
300478.SZ,20250124,8.95,2.3111,3.7102,1.04,47.9436,,14.8893,2.9177,3.1274,0.0,,12667.3,12667.3,7890.5942,113372.335,113372.335
002209.SZ,20250124,10.32,6.3855,8.2425,0.66,44.0552,50.3386,2.983,1.5989,1.5381,0.2326,0.2326,19902.905,15532.0784,12032.6922,205397.9796,160291.0491
601019.SH,20250124,10.91,0.403,1.9678,1.01,9.5832,10.8858,1.5572,1.8732,1.8044,5.1329,5.1329,208690.0,208690.0,42738.5758,2276807.9,2276807.9
605138.SH,20250124,5.58,0.351,1.7513,1.02,29.7012,186.8328,1.2833,0.6665,0.836,1.6129,1.6129,55556.2416,55556.2416,11134.3761,310003.8281,310003.8281
605365.SH,20250124,15.2,0.4102,2.696,1.32,24.3324,22.343,2.0854,1.1421,1.1633,2.1102,2.1102,50201.2876,50201.2876,7638.0376,763059.5715,763059.5715
002434.SZ,20250124,6.45,1.4115,3.3581,1.48,28.1183,35.7784,1.4706,1.4319,1.3862,4.6512,4.6512,131260.0,131134.105,55119.105,846627.0,845814.9773
000523.SZ,20250124,2.94,0.7176,1.5247,0.93,72.1111,46.5124,3.6702,2.0524,2.5898,0.0,,183546.8461,179481.8054,84474.8029,539627.7275,527676.5079
002530.SZ,20250124,11.0,25.1402,33.8053,2.17,,,6.6534,7.1198,6.86,0.0,,77919.8175,69512.3334,51694.779,857117.9925,764635.6674
688219.SH,20250124,11.08,1.5975,3.6669,1.0,34.9408,27.7148,2.6288,0.9601,0.8959,0.8944,0.8944,46346.5491,46346.5491,20190.7824,513519.764,513519.764
688575.SH,20250124,15.66,0.6524,1.2811,1.06,25.155,30.94,3.3564,4.3497,4.6952,1.7403,1.7403,57026.74,57026.74,29040.7349,893038.7484,893038.7484
688186.SH,20250124,18.65,1.6534,2.326,0.91,36.5864,50.6884,1.1955,1.0547,1.0536,0.5898,0.5898,21424.1479,21424.1479,15229.1479,399560.3583,399560.3583
603226.SH,20250124,5.29,0.9948,3.7674,1.15,,,1.9602,4.7621,5.6053,0.0,,35549.177,35549.177,9387.1607,188055.1463,188055.1463
300986.SZ,20250124,13.1,2.7278,6.3652,1.85,,235.6201,2.4004,1.4427,1.3171,0.7631,0.7631,24647.0657,24617.5373,10549.6828,322876.5607,322489.7386
603312.SH,20250124,33.37,1.3317,1.3317,0.69,27.2188,26.6118,3.2641,2.9382,2.8452,1.9479,1.9479,16160.0,5252.0,5252.0,539259.2,175259.24
000430.SZ,20250124,6.68,4.2168,5.3408,0.44,,,3.3541,6.4392,6.7041,0.0,,40481.7686,33173.88,26192.4635,270418.2142,221601.5184
601238.SH,20250124,8.6,0.3075,1.2751,1.29,20.0305,2324.9256,0.781,0.689,0.8438,1.5119,1.5119,1031546.99,738369.7595,178073.4938,8871304.114,6349979.9317
301613.SZ,20250124,55.35,3.9443,3.9443,0.96,28.0629,27.8934,3.6351,2.9784,2.9902,,,9589.4165,2273.6632,2273.6632,530774.2033,125847.2581
600929.SH,20250124,5.34,0.4286,1.1081,1.09,12.4947,16.2046,1.1537,1.4142,1.4765,3.7472,3.7472,165836.165,163671.0398,63308.8779,885565.1211,874003.3525
300008.SZ,20250124,4.39,1.7319,2.1535,1.01,74.6846,85.3182,3.7486,2.1035,2.1309,0.0,,172802.9133,164713.0071,132470.0836,758604.7894,723090.1012
600028.SH,20250124,6.04,0.1134,0.7588,0.78,12.1155,14.157,0.8952,0.228,0.2356,5.7361,5.7361,12128155.5698,9484182.4851,1417020.4002,73254059.6416,57284462.21
002348.SZ,20250124,3.23,4.1122,5.8721,0.67,,,6.3847,11.4844,11.9814,0.0,,94720.0,88897.6849,62254.8031,305945.6,287139.5222
300331.SZ,20250124,20.69,3.3156,3.7957,1.15,,,3.2395,3.1187,2.8826,0.0,,25966.2286,20085.8814,17545.6569,537241.2697,415576.8862
603389.SH,20250124,4.93,2.2726,5.7484,0.53,,,4.0066,6.5338,6.4654,0.0,,26275.2,26275.2,10387.9547,129536.736,129536.736
002825.SZ,20250124,8.31,9.5634,13.5821,2.1,28.3685,18.8944,1.8964,1.9108,1.5468,1.6687,1.6687,34202.8676,26050.7092,18342.7761,284225.8298,216481.3935
605018.SH,20250124,12.1,8.9359,44.1846,1.98,52.2066,40.1186,2.1108,2.3543,2.2992,1.6282,1.6282,47122.5793,47006.5793,9506.5793,570183.2095,568779.6095
002132.SZ,20250124,2.67,2.4716,3.2617,1.33,68.7133,183.5417,1.0504,0.8175,0.7521,1.7832,1.7832,140154.4698,139948.2156,106047.0067,374212.4344,373661.7357
688020.SH,20250124,33.89,0.8072,1.7356,1.11,,,1.9184,7.9278,8.6202,0.5482,0.5482,8073.9998,8073.9998,3755.0175,273627.8532,273627.8532
300659.SZ,20250124,16.62,4.0547,4.5906,1.66,,,3.364,4.7113,4.9086,0.0,,26039.2378,19033.2729,16811.4597,432772.1322,316332.9956
600118.SH,20250124,25.56,0.9512,1.9598,1.06,191.8582,,4.8095,4.3923,6.1902,0.1565,0.1565,118248.9135,118248.9135,57394.7959,3022442.2291,3022442.2291
300036.SZ,20250124,16.48,2.156,2.2201,1.54,53.3875,188.9445,2.8425,4.1041,4.902,0.6068,0.6068,49276.6617,43722.6957,42459.1437,812079.3848,720550.0251
000837.SZ,20250124,10.27,6.4686,11.8306,1.34,197.9825,451.3402,2.1621,2.7509,2.7099,0.0,,100742.2837,100740.3337,55081.7236,1034623.2536,1034603.2271
688699.SH,20250124,34.26,0.8422,2.0692,0.97,,1116.9801,3.0506,5.8416,6.4821,,,11006.464,11006.464,4479.9963,377081.4566,377081.4566
300413.SZ,20250124,27.97,1.0792,1.8483,1.33,14.7155,16.1774,2.3184,3.577,3.5572,0.6435,0.6435,187072.0815,102169.9958,59658.274,5232406.1196,2857694.7825
920855.BJ,20250124,14.88,1.514,4.9821,0.79,26.3323,32.9413,2.0483,4.4533,4.2879,1.8817,1.8817,7473.3333,6707.4411,2038.2683,111203.1995,99806.7236
002324.SZ,20250124,9.45,1.2146,1.5343,0.57,22.4765,38.2315,2.4028,1.2087,1.3242,0.7325,0.7325,111401.0772,77627.5962,61453.685,1052740.1795,733580.7841
300004.SZ,20250124,6.42,2.3708,3.4218,1.14,,231.4791,1.7864,6.7185,4.9495,0.0,,47999.3598,47999.3598,33257.1665,308155.8899,308155.8899
300756.SZ,20250124,16.14,4.0622,4.3131,1.64,55.099,,1.8313,3.4445,4.8119,0.6196,0.6196,15759.8176,13123.0353,12359.6437,254363.4561,211805.7897
601006.SH,20250124,6.43,0.6853,1.5285,1.35,10.6189,13.4458,0.7926,1.5636,1.6793,7.332,7.332,1970203.8199,1970203.8199,883311.5662,12668410.562,12668410.562
603828.SH,20250124,3.25,1.192,2.3955,0.97,,,2.5773,0.7627,0.7592,0.0,,59596.0158,59593.9625,29654.2988,193687.0514,193680.3781
603955.SH,20250124,17.58,5.4752,9.5074,0.83,,,1.5403,18.676,21.9979,0.0,,13572.0,13572.0,7815.9521,238595.76,238595.76
002763.SZ,20250124,6.77,1.8724,3.6352,0.46,15.2584,29.6543,1.4044,0.9475,0.9423,5.9084,5.9084,40992.4,30355.795,15635.7,277518.548,205508.7322
603711.SH,20250124,14.69,1.4791,8.0481,0.6,21.6059,20.5607,1.8536,1.6706,1.6894,2.3739,2.3739,41225.51,41225.51,7576.7389,605602.7419,605602.7419
600982.SH,20250124,3.95,1.5653,3.188,0.9,10.8362,12.7801,1.0409,0.8197,1.2162,3.7975,3.7975,111762.7485,111762.7485,54876.7377,441462.8566,441462.8566
300921.SZ,20250124,29.4,18.4262,22.2105,1.28,103.1776,139.6853,4.7728,6.4132,6.2368,0.6738,0.6738,13169.1805,7941.7105,6588.5689,387173.9067,233486.2887
920275.BJ,20250124,6.9,3.7371,7.1436,0.91,186.977,113.9052,4.7301,11.8312,15.462,0.4323,0.4323,16027.76,9003.7719,4710.2215,110591.544,62126.0261
300953.SZ,20250124,121.0,12.2105,16.7749,0.97,331.3673,88.3874,4.3514,2.3548,2.0971,0.0312,0.0312,11712.559,8232.1923,5992.2028,1417219.639,996095.2683
600246.SH,20250124,6.08,2.4929,4.9035,0.89,,,2.2656,24.2568,25.8238,0.0,,194364.4076,194364.4076,98813.6048,1181735.5982,1181735.5982
600739.SH,20250124,9.9,0.79,1.3793,1.1,64.9731,43.7315,0.5126,1.4045,1.3409,1.0052,1.0052,152970.9816,152970.9816,87615.7482,1514412.7178,1514412.7178
300790.SZ,20250124,21.27,8.0118,8.273,0.98,257.9011,64.8625,3.451,3.7098,3.0061,0.4178,0.4178,37411.8981,29891.5501,28947.6601,795751.0726,635793.2706
300054.SZ,20250124,26.44,1.9973,2.2074,0.95,111.7446,58.7771,5.7157,9.3015,7.7036,0.0,,93828.2591,72817.4469,65885.4236,2480819.1706,1925293.296
688049.SH,20250124,45.86,8.5654,8.8385,0.85,103.012,75.2632,3.6417,12.8856,10.9763,0.3601,0.3601,14613.6404,11226.8084,10879.8884,670181.5487,514861.4332
301069.SZ,20250124,15.0,1.3813,3.4496,0.82,39.937,82.369,4.2791,6.3934,6.6065,1.3333,1.3333,42064.0521,39196.0521,15695.7321,630960.7815,587940.7815
688130.SH,20250124,24.71,7.5836,7.6582,1.05,,,1.8112,18.1175,17.6827,,,9297.4389,2997.4389,2968.2389,229739.7152,74066.7152
688319.SH,20250124,11.35,0.3898,0.6055,0.71,262.4437,,5.0564,9.2868,8.6855,0.335,0.335,40593.36,40540.93,26101.9915,460734.636,460139.5555
688395.SH,20250124,17.69,0.5475,1.4031,1.28,29.9647,41.5105,2.0196,4.1045,4.2803,1.1228,1.1228,8659.772,8659.772,3379.012,153191.3667,153191.3667
600963.SH,20250124,4.84,1.7548,3.1117,1.5,,,1.0257,0.9891,1.191,0.0,,176575.1854,175756.7854,99114.3753,854623.8973,850662.8413
600599.SH,20250124,11.3,1.4226,3.6573,1.17,,,3.0962,8.2145,7.6756,0.0,,16600.0,16600.0,6456.9848,187580.0,187580.0
600284.SH,20250124,5.93,0.8215,1.304,1.5,9.9699,10.6792,0.7557,0.3246,0.3146,6.4418,6.4418,97025.6,97025.6,61126.3687,575361.808,575361.808
000651.SZ,20250124,44.46,0.6011,0.789,0.86,8.5824,8.0631,1.9711,1.2209,1.2726,5.2772,5.2772,560140.5741,551544.6256,420164.3963,24903849.9245,24521674.0542
300931.SZ,20250124,6.85,1.9434,3.5407,0.93,151.8673,118.6548,2.3843,3.4924,2.9632,1.4599,1.4599,24014.6,19635.9913,10777.7913,164500.01,134506.5404
002809.SZ,20250124,8.18,2.122,2.9273,1.14,20.1099,28.8573,1.0742,2.2603,2.5909,1.8337,1.8337,21022.9016,13773.1073,9984.3266,171967.3351,112664.0177
688103.SH,20250124,36.92,1.1425,1.7631,0.81,54.8224,91.2499,3.3105,5.0835,4.6697,0.627,0.627,9531.5536,9531.5536,6176.5666,351904.9589,351904.9589
600826.SH,20250124,8.21,1.1679,3.1453,1.2,21.9313,25.6667,1.5568,4.2468,4.3437,3.118,3.118,73553.3549,73553.3549,27311.2947,603873.0437,603873.0437
002182.SZ,20250124,11.85,4.5587,5.8079,1.63,38.3516,46.4991,2.2039,1.5359,1.3933,0.7836,0.7836,99179.1553,77871.2461,61121.768,1175272.9903,922774.2663
600778.SH,20250124,7.23,9.6493,15.464,0.54,,,10.0508,1.3086,1.3919,0.0,,31149.1352,31121.4882,19419.3501,225208.2475,225008.3597
688665.SH,20250124,34.95,1.3283,4.3147,0.72,26.3651,37.6282,3.5801,5.0578,4.484,1.7207,1.7207,10010.0,10010.0,3081.65,349849.5,349849.5
300881.SZ,20250124,30.7,6.2811,12.3697,1.38,28.024,14.0149,3.2251,1.7048,1.2526,1.7915,1.7915,11000.0,5740.625,2915.0,337700.0,176237.1875
002120.SZ,20250124,7.47,0.4601,1.0231,0.79,13.3264,11.589,1.0937,0.4815,0.4544,2.27,2.27,289919.5197,281512.3784,126612.731,2165698.8122,2102897.4666
688680.SH,20250124,30.7,1.738,2.8042,1.12,,,1.4871,0.5295,0.8669,0.3853,0.3853,8402.0325,8402.0325,5207.6525,257942.3978,257942.3978
600817.SH,20250124,11.49,0.5304,1.8304,1.08,28.243,27.5051,2.6454,2.1219,1.815,4.126,4.126,53684.939,52724.9346,15277.2432,616839.9491,605809.4986
300001.SZ,20250124,23.74,1.5781,2.3464,0.66,51.0278,35.0144,3.6283,1.7164,1.5974,0.4151,0.4151,105569.1713,102794.6095,69137.5814,2506212.1267,2440344.0295
000887.SZ,20250124,14.78,8.428,14.1717,2.3,17.197,14.8812,1.5213,1.1283,1.0259,1.3532,1.3532,131648.9747,131437.0608,78166.9287,1945771.8461,1942639.7586
605577.SH,20250124,14.12,1.0428,5.0729,1.34,18.2214,29.7684,1.6372,3.4025,3.9125,0.5666,0.5666,44444.4445,44444.4445,9136.4445,627555.5563,627555.5563
603106.SH,20250124,8.57,4.241,10.0936,0.65,,,3.6271,10.4546,11.664,0.0,,52052.0,52052.0,21870.4721,446085.64,446085.64
688568.SH,20250124,49.62,1.4656,3.4072,0.82,78.7035,70.0057,7.485,10.7171,8.6313,0.2597,0.2597,54332.593,54332.593,23371.5708,2695983.2647,2695983.2647
601101.SH,20250124,7.83,0.5738,1.5638,1.09,10.8418,9.8172,0.9354,1.3364,1.2309,4.47,4.47,143999.7926,143999.7926,52838.4382,1127518.3761,1127518.3761
000795.SZ,20250124,11.69,8.4257,16.5864,0.8,152.8363,62.8351,4.9242,3.4433,3.3967,0.2274,0.2274,113368.4103,113368.4103,57590.124,1325276.7164,1325276.7164
603567.SH,20250124,10.91,0.3759,1.3104,0.71,21.7199,15.7147,1.3244,3.2719,3.2939,1.8342,1.8342,94114.0609,93954.0524,26953.4145,1026784.4044,1025038.7117
301188.SZ,20250124,15.9,1.0295,1.9473,0.91,56.0694,44.6656,2.5506,3.9013,3.4003,0.6201,0.6201,23245.0589,23245.0589,12289.2034,369596.4365,369596.4365
603939.SH,20250124,22.71,0.4492,0.9669,1.31,19.5005,18.0754,2.8304,1.219,1.1511,2.936,2.936,121243.2688,121219.3646,56312.476,2753434.6344,2752891.7701
300441.SZ,20250124,8.93,2.0858,4.0679,0.72,20.5068,7.1113,2.425,2.3826,2.2774,2.4695,2.4695,64441.5868,62695.9236,32147.5565,575463.3701,559874.5977
301349.SZ,20250124,34.45,4.5698,5.3057,0.56,85.0917,,1.3009,3.7033,4.3234,0.8625,0.8625,10200.0,4213.9253,3629.4079,351390.0,145169.7266
603331.SH,20250124,9.22,1.2184,2.0413,0.78,15.6771,42.9119,1.4717,1.2952,1.2859,2.1696,2.1696,20217.5636,20217.5636,12067.2826,186405.9364,186405.9364
301248.SZ,20250124,18.54,18.057,18.6191,4.7,430.4467,,1.9094,3.3401,4.0334,0.5342,0.5342,15370.5,10180.1625,9872.7975,284969.07,188740.2128
002565.SZ,20250124,2.95,2.6914,3.5406,0.69,110.0942,53.2966,1.6301,2.1938,1.9779,0.8814,0.8814,105998.8922,105419.0222,80135.4568,312696.732,310986.1155
603345.SH,20250124,75.76,1.3706,1.8275,1.59,15.0331,15.8324,1.778,1.582,1.4962,4.1485,5.3975,29329.4232,29329.4232,21997.3013,2221997.1016,2221997.1016
600375.SH,20250124,5.85,0.4838,0.5862,1.32,,,,2.4189,2.1788,0.0,,160307.1367,108768.576,89777.7708,937796.7497,636296.1696
601699.SH,20250124,12.56,0.497,1.3239,0.76,4.743,10.8889,0.8009,0.871,1.0217,12.6513,12.6513,299140.92,299140.92,112306.2688,3757209.9552,3757209.9552
002750.SZ,20250124,1.46,0.4119,0.9376,0.32,,,1.1635,6.7503,9.4048,0.0,,40050.0,39873.6201,17517.8361,58473.0,58215.4853
300667.SZ,20250124,17.58,3.2012,3.8563,0.57,99.1372,208.8443,2.8225,4.0251,4.2458,0.5636,0.5636,20463.6039,17264.8362,14331.7171,359750.1566,303515.8204
688787.SH,20250124,130.78,11.0786,18.3332,1.17,,1428.3412,10.7042,46.4048,36.4649,,,6032.518,6032.518,3645.3904,788932.704,788932.704
300755.SZ,20250124,17.62,1.3617,4.6858,0.7,31.215,42.6769,2.2381,0.7256,0.7571,7.3113,7.3113,41679.84,41645.7135,12102.7735,734398.7808,733797.4719
600163.SH,20250124,5.32,0.6195,1.82,1.03,14.9216,14.4039,1.5489,5.8459,5.8796,1.3158,1.3158,190299.6143,190299.6143,64770.5089,1012393.9481,1012393.9481
301063.SZ,20250124,16.28,1.3497,2.1073,0.81,30.4418,89.2053,1.1117,1.3508,1.2901,0.9071,0.9071,10436.0724,8524.7303,5460.0724,169899.2587,138782.6093
688531.SH,20250124,52.87,1.1732,1.3139,0.6,52.9931,43.6999,1.898,10.3063,8.9979,1.4038,1.4038,11450.4414,7320.6325,6537.125,605384.8368,387041.8403
300318.SZ,20250124,5.47,0.6487,1.397,0.8,,,3.2071,4.2743,5.0469,0.0,,81690.0495,79853.9484,37079.8505,446844.5708,436801.0977
300610.SZ,20250124,10.05,2.5155,2.7326,1.52,35.7117,24.5256,1.8764,2.3241,2.4088,1.7731,1.7731,21500.798,16123.7572,14842.8581,216083.0199,162043.7599
603915.SH,20250124,15.08,13.0995,40.0471,4.69,25.1303,29.4268,2.8295,3.7359,3.8575,2.1278,2.1278,65908.843,65663.248,21478.5404,993905.3524,990201.7798
300510.SZ,20250124,3.9,1.7353,2.5726,0.88,126.0987,,1.2277,2.7509,2.5631,0.0,,82469.07,82469.07,55628.8009,321629.373,321629.373
301226.SZ,20250124,24.63,6.3715,6.3715,0.95,65.3009,131.8038,2.9822,4.6062,5.408,0.9338,0.9338,10880.0,4907.9864,4907.9864,267974.4,120883.705
600337.SH,20250124,1.63,2.3528,4.3802,0.77,,,0.7467,0.5601,0.7122,0.0,0.7353,143699.8137,143699.8137,77187.1513,234230.6963,234230.6963
920179.BJ,20250124,27.63,2.5252,3.5446,0.46,54.5913,57.4886,2.8572,7.9798,6.7535,0.3607,0.3607,7500.0,5950.9255,4239.5072,207225.0,164424.0716
688580.SH,20250124,27.0,0.5135,1.4325,0.94,18.9773,22.9354,1.6039,5.5943,6.1245,3.9521,3.9521,9577.1288,9577.1288,3433.0017,258582.4776,258582.4776
300849.SZ,20250124,13.6,3.0592,5.09,1.14,,,3.2783,7.8504,6.0089,0.0,,15000.0,12146.8023,7300.5063,204000.0,165196.5113
688118.SH,20250124,23.34,8.5331,10.9803,1.89,,,2.7851,4.5642,5.5837,0.4186,0.4186,9397.0039,9397.0039,7302.723,219326.071,219326.071
300068.SZ,20250124,16.28,4.5868,5.2982,0.73,406.3841,,2.6857,0.9969,1.2716,0.3837,0.3837,89803.9858,85519.0788,74036.4297,1462008.8888,1392250.6029
920491.BJ,20250124,25.44,6.1829,6.6591,0.83,46.6457,44.7097,3.6779,7.6878,6.2225,0.7862,0.7862,14114.8348,11414.7977,10598.4425,359081.3973,290392.4535
603829.SH,20250124,13.58,0.7285,2.8833,0.61,19.9433,18.8564,2.1651,1.1062,1.0569,0.7364,0.7364,16000.0,16000.0,4042.63,217280.0,217280.0
002646.SZ,20250124,9.38,1.1428,1.9692,1.16,50.4702,110.2004,1.5959,3.736,3.5992,1.7377,1.7377,48200.2974,47633.7624,27644.5384,452118.7896,446804.6913
003025.SZ,20250124,14.84,2.54,4.489,0.9,35.9828,18.9753,3.0582,7.2274,5.5342,1.3477,1.3477,23662.7965,19874.9026,11245.7714,351155.9001,294943.5546
300552.SZ,20250124,30.67,3.2854,4.0494,0.9,,,3.155,7.1913,6.5879,0.0,,21313.3112,12945.9529,10503.3691,653679.2545,397052.3754
300801.SZ,20250124,15.32,1.5853,2.3906,1.28,23.5919,30.4497,1.4062,1.5172,1.5032,1.5559,1.5559,21843.0,13408.5105,8892.0105,334634.76,205418.3809
601369.SH,20250124,7.99,0.8576,2.2839,1.1,13.5135,14.3562,1.6876,1.3593,1.3566,7.1339,7.1339,172559.9033,169136.7233,63507.861,1378753.6274,1351402.4192
002518.SZ,20250124,25.11,7.7123,19.4891,1.35,17.2915,28.6342,3.3683,2.6876,3.4135,1.8064,1.8064,58222.5094,56519.7914,22366.1816,1461967.211,1419211.9621
600597.SH,20250124,8.1,0.4456,0.9214,0.87,11.5427,14.6722,1.2774,0.4216,0.4607,2.716,2.716,137847.3763,137845.5363,66659.4767,1116563.748,1116548.844
603515.SH,20250124,16.37,0.1345,0.9074,0.82,13.2017,13.7593,1.8809,1.565,1.66,5.1281,5.1281,74522.5175,73489.1075,10891.8939,1219933.6115,1203016.6898
603105.SH,20250124,8.33,1.2568,2.0308,0.84,18.9186,18.8938,2.0433,6.0696,5.8782,1.8007,1.8007,50000.6441,50000.6441,30944.6441,416505.3654,416505.3654
603132.SH,20250124,11.39,1.2941,2.1076,0.77,32.478,24.8381,3.5546,8.683,7.2268,3.5996,3.5996,97800.0,15960.0,9800.0,1113942.0,181784.4
002913.SZ,20250124,24.99,2.0307,5.7247,0.63,15.292,22.2206,1.8369,1.8317,1.7969,1.2605,1.2605,31736.0504,25570.2974,9070.2974,793083.8995,639001.732
600956.SH,20250124,7.17,0.2023,1.6419,1.22,13.6603,13.7295,1.4032,1.4868,1.3141,2.9847,2.9847,420569.3073,234808.8677,28924.7424,3015481.9333,1683579.5814
601818.SH,20250124,3.87,0.5313,1.5088,1.26,5.6055,5.5078,0.4875,1.5696,1.6831,4.4703,7.1576,5908555.1061,4640681.5561,1634096.4364,22866108.2606,17959437.6221
600926.SH,20250124,14.59,0.3962,0.6321,1.1,6.1362,5.3291,0.8534,2.5206,2.4464,6.009,6.009,604925.5401,554517.2401,347538.5586,8825863.6301,8090406.5331
002166.SZ,20250124,7.53,2.4771,3.0286,1.3,67.7141,39.0078,1.8379,3.7399,3.1478,2.6274,2.6274,74198.6825,51654.7738,42247.7665,558716.0792,388960.4467
920047.BJ,20250124,11.49,0.5828,0.6378,0.92,,,9.222,52.809,47.526,,,27427.1974,18010.6427,16457.4419,315138.4981,206942.2846
000529.SZ,20250124,5.63,0.6431,1.4515,0.8,15.4413,23.4401,1.0482,1.1779,1.2595,2.6643,2.6643,58379.033,56988.4377,25250.7268,328673.9558,320844.9043
300559.SZ,20250124,11.82,2.5433,3.5282,1.43,36.0374,72.1487,3.8615,7.8135,9.3251,1.2609,1.2609,39951.4567,31113.6833,22428.3245,472226.2182,367763.7366
603189.SH,20250124,15.31,4.6218,7.7597,2.13,,,2.7532,13.9659,12.6871,0.6472,0.6472,26954.8349,26954.8349,16054.8349,412678.5223,412678.5223
688426.SH,20250124,22.98,4.304,4.304,0.55,,,1.6854,15.0875,21.8761,,,11249.3716,3799.3332,3799.3332,258510.5594,87308.6769
001389.SZ,20250124,61.52,21.6713,21.6713,0.97,63.0895,42.3786,8.9412,9.7684,7.6998,0.4035,0.4035,42526.5,3807.0,3807.0,2616230.28,234206.64
600841.SH,20250124,4.58,0.7272,2.0406,0.86,,,1.4928,0.7322,0.8601,0.0,,138782.1784,92014.4118,32790.941,635622.3771,421426.006
300968.SZ,20250124,17.83,7.6785,17.3381,3.87,567.8992,407.7944,3.9119,6.5601,6.051,0.2804,0.2804,41338.0,41338.0,18307.325,737056.54,737056.54
300634.SZ,20250124,25.54,19.4737,35.6954,4.89,35.4986,54.073,4.3248,7.7011,7.1417,0.8142,0.8142,45121.09,43468.09,23714.1478,1152392.6386,1110175.0186
300295.SZ,20250124,16.3,3.599,3.8499,0.62,,,2.5877,25.7602,40.3024,0.0,,18961.3714,16754.8624,15663.0378,309070.3538,273104.2571
688370.SH,20250124,19.09,0.4314,0.4314,0.77,29.6211,39.3536,0.993,4.1232,4.4542,1.9025,1.9025,13710.7879,4374.9116,4374.9116,261738.941,83517.0624
301106.SZ,20250124,28.89,2.5204,2.5204,0.64,41.3837,32.1999,2.4368,5.1501,3.8693,0.989,0.989,10162.1335,2918.5334,2918.5334,293584.0368,84316.4299
300126.SZ,20250124,5.32,3.269,4.8033,1.28,398.8785,,1.5191,3.2265,3.8541,0.1849,0.1849,30395.76,21043.2429,14321.4397,161705.4432,111950.0522
920578.BJ,20250124,28.41,10.7749,10.7749,0.68,88.1104,283.4942,8.2955,10.0343,9.1266,,,7647.9097,2300.0,2300.0,217277.1146,65343.0
301093.SZ,20250124,24.52,1.8902,2.5193,0.63,26.2626,38.3022,1.4265,4.9719,5.2319,2.506,2.506,12630.8942,8829.1096,6624.4574,309709.5258,216489.7674
002700.SZ,20250124,10.14,0.3107,0.4873,0.7,42.3168,46.1519,5.0625,6.2843,6.132,0.7101,0.7101,41362.8185,33473.5674,21345.5087,419418.9796,339421.9734
688192.SH,20250124,41.61,0.7154,0.7415,0.82,,,38.8251,190.3669,44.6013,,,41764.8086,18671.4757,18015.8115,1737833.6858,776920.1039
300945.SZ,20250124,11.58,4.7682,8.4559,0.81,37.8754,34.2082,1.9015,1.5771,1.2752,1.0535,1.0535,26195.1029,23821.2397,13432.7081,303339.2916,275849.9557
002110.SZ,20250124,3.21,0.8385,2.0036,1.38,,,0.4104,0.1626,0.1668,0.0,,242907.6227,242907.6227,101648.7803,779733.4689,779733.4689
002831.SZ,20250124,26.76,0.6738,0.9576,0.93,17.3151,15.8938,2.2763,1.6358,1.4933,3.4895,3.4895,93051.3553,52099.3272,36659.1937,2490054.2678,1394177.9959
300739.SZ,20250124,13.77,4.9102,10.1192,0.88,46.1219,83.7982,1.997,2.9261,3.0128,1.2617,1.2617,34395.4667,34008.0767,16501.8295,473625.5765,468291.2162
600894.SH,20250124,12.83,0.8677,1.9974,1.35,14.7193,13.9013,1.4002,1.5183,1.6098,9.9504,9.9504,87385.8595,85994.6895,37358.4966,1121160.5774,1103311.8663
002623.SZ,20250124,14.85,0.5617,1.0979,0.97,35.3985,,0.9488,0.8147,0.875,3.2655,3.2655,19906.25,19863.6125,10162.945,295607.8125,294974.6456
688036.SH,20250124,99.1,0.6366,1.8596,1.0,20.4096,20.3388,6.0831,1.8141,1.6024,3.6548,3.6548,114035.0575,114035.0575,39038.3102,11300874.1983,11300874.1983
920346.BJ,20250124,23.24,3.7623,3.7623,0.61,48.0642,45.6573,4.3026,8.1939,7.7186,1.4201,1.4201,8067.7603,2707.1003,2707.1003,187494.7494,62913.011
300939.SZ,20250124,31.84,1.5759,2.87,0.92,31.2422,38.9988,2.8242,3.8405,3.6045,1.2414,1.2414,12000.0,12000.0,6589.2,382080.0,382080.0
603236.SH,20250124,84.08,9.1615,12.0201,0.87,242.5435,47.2727,5.9338,1.5872,1.2835,0.4401,0.4401,26165.7654,26165.7654,19943.0205,2200017.5548,2200017.5548
920033.BJ,20250124,18.52,0.435,0.9752,0.7,14.7292,19.2572,3.0733,4.9933,5.7763,0.8307,0.8307,11913.525,8367.325,3732.1304,220638.483,154962.859
000576.SZ,20250124,7.23,1.8005,3.2357,1.29,,,1.96,9.7604,9.749,0.0,,43641.8214,43385.2389,24141.4989,315530.3687,313675.2772
301076.SZ,20250124,34.7,22.3274,24.8315,1.16,50.0099,71.8093,4.1109,10.721,11.3645,0.4323,0.4323,13452.4,6932.8025,6233.6555,466798.28,240568.2468
920957.BJ,20250124,10.32,1.1202,2.0277,0.86,45.4789,43.7374,2.7985,2.3702,1.9973,0.969,0.969,10730.1334,4270.4734,2359.2134,110734.9767,44071.2855
000786.SZ,20250124,30.65,0.6812,1.2629,0.86,14.6945,13.2335,2.0589,2.3091,2.0118,2.7243,2.7243,168950.7842,163244.906,88051.0822,5178341.5357,5003456.3689
301468.SZ,20250124,21.03,0.7045,0.9764,1.07,21.1841,31.4343,1.199,4.5978,5.6168,2.3776,2.3776,13200.0,7688.8729,5547.7645,277596.0,161696.9971
600467.SH,20250124,2.2,1.9851,3.2863,1.15,65.0042,76.3359,0.9485,2.0554,2.191,0.4636,0.4636,146099.4304,146099.4304,88252.3314,321418.7469,321418.7469
603336.SH,20250124,4.43,3.2234,6.0291,0.96,105.4953,249.2262,2.2268,2.3272,2.395,0.0,,57038.6291,57038.6291,30495.0855,252681.1269,252681.1269
300962.SZ,20250124,15.12,0.7935,2.1924,0.97,36.9336,37.1451,4.267,11.5784,11.1641,1.918,1.918,26400.1897,26400.1897,9554.8386,399170.8683,399170.8683
001979.SZ,20250124,9.93,0.5011,1.2616,0.53,14.2377,17.4672,0.9202,0.5141,0.5078,3.2226,3.2226,906083.6177,832253.7451,330581.4342,8997410.3238,8264279.6888
688472.SH,20250124,11.11,1.4461,1.4461,0.77,14.1133,20.304,1.8034,0.7986,0.8837,1.0628,1.0628,368821.7324,138191.0427,138191.0427,4097609.447,1535302.4844
603626.SH,20250124,7.6,2.3152,3.5419,0.91,,,1.6872,1.6241,1.2755,1.6998,1.6998,55487.969,55487.969,36271.3729,421708.5644,421708.5644
688347.SH,20250124,47.3,2.1438,2.9694,0.68,41.9803,97.9786,1.8615,5.0077,5.898,0.3171,0.3171,171846.8815,39144.0,28260.505,8128357.495,1851511.2
688283.SH,20250124,24.83,0.298,0.4737,0.93,34.7225,60.099,3.1811,11.9258,14.5265,0.6055,0.6055,12180.0,8549.1571,5377.2499,302429.4,212275.5708
002635.SZ,20250124,15.73,2.5211,3.2403,1.04,33.7322,35.4839,1.7906,2.2975,2.0592,1.9072,1.9072,65968.6776,39539.7042,30763.7238,1037687.2986,621959.5471
002463.SZ,20250124,44.67,1.976,2.9213,0.73,56.6486,33.1176,7.2363,9.5861,6.4223,1.1166,1.1166,191813.6273,191692.1307,129659.9084,8568314.7315,8562887.4784
603959.SH,20250124,3.88,2.7981,3.5709,0.77,,,5.1356,0.9194,1.4014,0.0,,49029.8992,49029.8992,38419.3842,190236.0089,190236.0089
688361.SH,20250124,93.0,1.3747,1.7788,1.15,212.0495,3187.4819,12.5412,33.4044,26.6783,0.1505,0.1505,32000.0,24415.6875,18868.5777,2976000.0,2270658.9375
300624.SZ,20250124,68.83,19.4855,24.3784,3.5,154.3672,850.8312,10.4402,8.9858,9.2536,0.1149,0.1149,19333.6324,17123.3216,13686.5526,1330733.9181,1178598.2257
000839.SZ,20250124,2.9,1.2225,1.9234,0.9,,383.9007,8.2775,3.8125,3.3837,0.0,,391982.6352,391982.6352,249133.8007,1136749.6421,1136749.6421
300274.SZ,20250124,74.14,1.7481,2.0,0.79,16.2834,15.6587,4.4995,2.1274,2.0283,0.923,0.923,207321.1424,159000.1149,138971.8814,15370789.4975,11788268.5187
301356.SZ,20250124,17.01,1.93,1.955,0.91,,,1.2469,11.7896,6.4513,0.0,,21600.0,5481.0,5410.992,367416.0,93231.81
600866.SH,20250124,6.22,1.8325,2.3472,1.46,15.2434,11.9366,1.3549,0.5948,0.5927,6.1093,6.1093,166147.2616,110937.3959,86611.3412,1033435.9672,690030.6025
002146.SZ,20250124,1.4,4.1397,6.348,1.0,15.8107,,0.2738,0.1032,0.1131,0.0,,434816.3851,390027.1351,254345.6788,608742.9391,546037.9891
300976.SZ,20250124,70.31,2.9523,27.8384,0.65,91.4008,32.281,2.0014,4.7974,2.9876,0.3239,0.3239,9537.71,6114.7533,648.472,670596.3901,429928.3045
600648.SH,20250124,11.45,0.4709,1.3885,1.28,14.0066,17.4517,1.0387,1.7175,1.8061,3.5808,3.5808,113534.9124,93479.1624,31702.7608,1299974.747,1070336.4095
300911.SZ,20250124,28.03,2.1176,4.6781,0.85,21.6799,,2.9875,3.1624,5.3,2.7181,2.7181,13846.2691,12923.2639,5849.7144,388110.9229,362239.0871
920879.BJ,20250124,11.88,0.3849,0.739,0.73,22.8067,23.2723,2.98,5.0428,4.6567,3.263,3.263,13949.7776,11272.7498,5870.6998,165723.3579,133920.2676
688114.SH,20250124,40.29,0.9772,1.1153,0.7,,,2.0952,5.7644,6.5134,,,41651.6155,21293.2489,18655.3701,1678143.5885,857904.9982
600967.SH,20250124,8.81,1.1473,2.6789,0.65,17.61,23.8993,1.3164,1.4978,1.6166,3.7131,3.7131,170179.4667,169891.3437,72759.0938,1499281.1016,1496742.738
920403.BJ,20250124,21.73,7.0515,9.146,1.01,28.98,28.1377,3.7214,5.3505,5.4001,0.708,0.708,7097.22,4151.095,3200.47,154222.5906,90203.2944
600039.SH,20250124,7.08,0.4807,1.8423,1.96,6.8507,10.2415,1.3672,0.5362,0.6335,7.8254,7.8254,871226.3805,670363.9445,174918.4066,6168282.7739,4746176.7271
000031.SZ,20250124,2.63,0.6143,2.3795,1.08,,,0.8576,0.3065,0.3083,0.0,,428631.3339,400288.7169,103339.4287,1127300.4082,1052759.3254
000738.SZ,20250124,19.72,0.6107,1.2188,1.07,35.6951,34.158,2.1189,4.8714,4.7733,0.8418,0.8418,131518.4001,131518.4001,65904.221,2593542.85,2593542.85
600888.SH,20250124,7.01,0.6551,1.1498,1.0,6.1784,7.5276,0.9141,1.4763,1.3437,1.7124,1.7124,137618.2796,137618.2796,78414.2171,964704.14,964704.14
600340.SH,20250124,2.31,2.5223,4.1501,0.48,,,1.5479,0.2518,0.2822,0.0,,391372.0342,389335.5062,236626.0019,904069.399,899365.0193
688489.SH,20250124,33.57,0.9924,1.4845,1.29,57.2657,92.2982,2.1137,10.7439,10.218,0.5847,0.5847,11476.8476,5053.2972,3377.9832,385277.7739,169639.187
603209.SH,20250124,14.88,1.5461,2.3729,1.2,16.5205,11.9701,1.7021,3.3674,2.7911,0.9934,0.9934,28000.0,18322.5,11938.5,416640.0,272638.8
603159.SH,20250124,15.28,0.8929,2.1664,0.81,60.6495,72.8099,4.2452,3.8446,4.1522,0.7199,0.7199,14000.0,14000.0,5770.1,213920.0,213920.0
600812.SH,20250124,5.4,1.2622,2.8051,0.5,1894.5371,116.715,1.7271,0.9155,0.9546,0.1852,0.1852,171573.037,171573.037,77203.1554,926494.3998,926494.3998
688561.SH,20250124,25.36,0.7856,2.0264,1.17,242.1723,146.394,1.9289,2.6971,3.1784,,,68517.2377,68517.2377,26563.5512,1737597.1481,1737597.1481
600955.SH,20250124,14.06,0.3762,0.8201,1.8,78.4157,78.2286,0.8961,1.0969,0.8283,0.3912,0.3912,55000.0,55000.0,25226.3,773300.0,773300.0
002712.SZ,20250124,5.52,7.7311,12.4324,0.67,,,2.1301,0.5405,0.5047,0.0,,54427.6198,54090.6048,33636.1659,300440.4613,298580.1385
603566.SH,20250124,12.3,0.5726,0.837,0.71,24.3905,41.863,1.6126,3.3979,3.9199,3.2384,3.2384,34606.2273,34606.2273,23676.3105,425656.5958,425656.5958
920208.BJ,20250124,30.49,1.0557,1.1653,0.7,14.4963,16.0883,3.1931,3.1216,3.2041,3.7483,3.7483,9607.1718,6046.1065,5477.6065,292922.6682,184345.7872
000061.SZ,20250124,6.38,0.6679,1.8537,1.37,24.116,23.0217,1.7353,1.972,2.0946,1.7241,1.7241,169696.4131,169693.3006,61139.8363,1082663.1156,1082643.2578
605507.SH,20250124,20.32,0.7658,0.946,0.89,18.5403,16.1693,1.4483,2.1227,1.9872,1.4676,1.4676,55882.35,30172.2186,24424.8324,1135529.352,613099.482
002082.SZ,20250124,6.24,1.1827,2.3685,1.13,78.2001,37.7719,1.4443,2.4957,2.4073,1.2717,1.2717,61668.9055,61668.9055,30794.1977,384813.9703,384813.9703
601108.SH,20250124,7.77,0.7271,1.0756,1.1,16.0221,16.2306,1.0322,5.5363,6.0097,1.9305,1.9305,464375.9736,464375.9736,313898.128,3608201.3149,3608201.3149
920519.BJ,20250124,9.51,1.5559,1.7584,0.6,15.6508,19.2206,1.6858,1.4604,1.4329,3.1454,3.1454,8925.8104,5423.9775,4799.1743,84884.4569,51582.026
301229.SZ,20250124,20.84,2.1671,2.3815,0.84,32.3643,35.1134,2.6331,2.6035,2.4146,0.4253,0.4253,11281.9716,4788.7266,4357.7103,235116.2881,99797.0623
301378.SZ,20250124,27.72,4.5487,5.5985,1.46,49.1338,166.6159,1.9727,4.8797,5.1791,1.2884,1.2884,9660.0,4386.2109,3563.707,267775.2,121585.7661
920981.BJ,20250124,29.55,3.1144,4.7481,0.6,,236.8955,4.4053,6.2539,4.6513,,,7646.8,3703.2291,2429.0769,225962.94,109430.4199
601100.SH,20250124,63.42,1.0932,3.2865,0.56,34.0312,33.5227,5.6433,9.4645,8.88,1.1038,1.1038,134082.0992,134082.0992,44598.9514,8503486.7313,8503486.7313
688075.SH,20250124,37.75,0.1478,0.1478,0.74,33.8909,53.0111,0.9406,9.5308,8.1245,2.1192,2.1192,12708.2805,12708.2805,12708.2805,479737.5889,479737.5889
600478.SH,20250124,4.24,1.0312,1.4477,0.74,,,2.6122,1.9028,1.8699,0.3538,0.3538,166554.0916,166554.0916,118634.0779,706189.3484,706189.3484
300237.SZ,20250124,2.01,2.3519,3.2245,1.01,,,20.7781,1.721,1.6678,0.0,,144191.493,144190.143,105166.7751,289824.9009,289822.1874
002212.SZ,20250124,6.92,3.496,3.7703,0.65,,,0.8845,2.6122,2.6683,0.2565,0.2565,117945.3879,116737.6933,108244.8064,816182.0843,807824.8376
002347.SZ,20250124,7.33,10.0696,15.0362,0.79,,,3.1408,3.3415,3.5593,0.0,,50470.2276,49338.2901,33041.4224,369946.7683,361649.6664
688322.SH,20250124,54.99,6.9682,10.4723,1.54,,,7.4944,61.0992,48.718,,,40000.1,25706.48,17104.8497,2199605.499,1413599.3352
688225.SH,20250124,18.95,3.5262,4.2039,2.86,,,3.8999,4.7138,4.3953,,,40001.0,19104.3252,16024.4354,758018.95,362026.9625
300692.SZ,20250124,5.55,1.8556,2.4217,1.19,21.822,30.8382,1.094,2.8938,2.6197,0.7037,0.7037,42449.6099,37532.2024,28758.2365,235595.3349,208303.7233
300768.SZ,20250124,17.89,1.705,3.7234,1.79,90.9541,75.8057,3.5546,11.1397,10.1645,0.4394,0.4394,64382.9039,42066.7709,19262.9591,1151810.1508,752574.5314
600865.SH,20250124,9.64,5.0456,14.5697,0.7,267.2502,29.1797,1.55,16.7182,17.4862,2.3859,2.3859,37624.0316,37624.0316,13029.4289,362695.6646,362695.6646
601898.SH,20250124,11.28,0.2312,1.3734,1.06,7.6563,8.5657,1.0204,0.775,0.8441,6.8794,6.8794,1325866.34,915200.04,154079.2492,14955772.3152,10323456.4512
301075.SZ,20250124,18.17,1.0208,2.9777,1.16,77.111,,2.0078,4.3482,5.0374,0.679,0.679,8000.0,8000.0,2742.3729,145360.0,145360.0
603170.SH,20250124,14.24,0.708,0.8449,0.67,18.9218,24.3915,4.5355,2.4044,2.2426,3.6868,3.6868,40001.0,15881.0,13307.268,569614.24,226145.44
688010.SH,20250124,38.78,3.0165,6.2761,1.25,,,3.7614,10.6041,10.2823,,,16056.1578,16056.1578,7717.0769,622657.7995,622657.7995
688119.SH,20250124,3.7,0.5577,0.8634,1.17,59.4345,,1.3687,1.657,1.9299,0.8649,0.8649,112500.0,57150.0,36917.9416,416250.0,211455.0
301505.SZ,20250124,23.0,1.9932,1.9932,1.03,25.931,29.1541,2.0732,5.1789,5.5549,1.913,1.913,8800.0,5818.104,5818.104,202400.0,133816.392
300915.SZ,20250124,30.61,1.3241,2.1888,1.01,30.7771,24.832,1.8057,2.886,2.7187,1.3061,1.3061,9000.0,4100.55,2480.55,275490.0,125517.8355
001318.SZ,20250124,10.91,2.9293,3.0765,1.12,26.6251,28.9486,2.2411,5.4108,5.7845,1.4665,1.4665,28266.0,7706.0,7337.31,308382.06,84072.46
300373.SZ,20250124,44.13,1.0946,2.1308,0.73,25.9522,24.5898,2.8495,4.4323,4.1393,1.9388,1.9388,54334.7787,54214.786,27850.724,2397793.784,2392498.5062
002303.SZ,20250124,3.4,2.3077,2.4293,0.79,26.5513,20.5723,1.1779,1.4821,1.3522,16.7647,16.7647,153132.3685,79389.0431,75414.2264,520650.0529,269922.7465
603119.SH,20250124,27.23,5.2935,5.8583,0.87,57.6517,44.8838,5.6053,12.3769,9.6481,0.3946,0.3946,36374.215,20387.9483,18422.3482,990469.8745,555163.8322
605117.SH,20250124,87.55,1.0961,2.7618,0.77,31.5442,22.9439,6.5309,7.5531,6.161,2.9693,2.9693,64529.1349,64529.1349,25609.971,5649525.7605,5649525.7605
688162.SH,20250124,23.07,3.1058,3.5331,0.92,,,1.3811,0.8576,0.8594,0.9445,0.9445,13719.8775,6252.0775,5496.0775,316517.5739,144235.4279
301276.SZ,20250124,20.0,2.9951,3.003,0.57,12.0055,13.8044,1.0615,1.8754,1.9253,3.8,3.8,10800.0,3850.353,3840.108,216000.0,77007.06
920204.BJ,20250124,17.63,3.1022,4.859,0.9,56.5271,54.3808,3.5038,6.0245,5.5849,0.5672,0.5672,9428.7797,4988.1056,3184.6391,166229.3861,87940.3017
600595.SH,20250124,3.11,1.1851,1.991,0.7,10.7568,11.4108,0.8585,0.6635,0.5698,0.0,,400943.0114,400790.5114,238559.9749,1246932.7655,1246458.4905
603398.SH,20250124,15.53,1.7837,2.8837,0.55,238.0651,,3.5383,4.0716,5.9915,0.0,,43364.1524,43364.1524,26821.9566,673445.2868,673445.2868
002588.SZ,20250124,7.19,0.9689,1.8093,0.65,11.819,10.545,1.246,0.8289,0.8066,1.8106,1.8106,115189.198,101955.885,54600.1159,828210.3336,733062.8132
002649.SZ,20250124,12.9,8.1912,8.3773,2.08,34.7471,43.9991,1.8025,1.1439,1.106,0.2016,0.2016,58534.4532,54864.437,53645.5791,755094.4463,707751.2373
000672.SZ,20250124,7.13,0.7616,1.8157,1.45,9.2865,15.4227,0.793,1.0805,1.2955,5.5329,5.5329,96939.545,96939.545,40664.8803,691178.9559,691178.9559
688083.SH,20250124,87.77,2.1419,3.7049,1.37,173.3832,156.5067,4.0836,12.8649,12.173,0.5109,0.5109,12130.3799,12130.3799,7012.8082,1064683.4438,1064683.4438
000892.SZ,20250124,3.22,2.8632,4.0122,0.82,,,2.9609,9.4054,16.5767,0.0,,98098.0473,71083.6454,50727.2558,315875.7123,228889.3382
600839.SH,20250124,8.99,3.9793,5.183,1.05,60.346,74.9801,2.9156,0.4258,0.3964,0.5562,0.5562,461624.4222,461495.8631,354314.5069,4150003.5556,4148847.8093
603063.SH,20250124,34.87,9.4783,11.7888,0.83,30.8263,43.727,3.7617,4.1264,4.4897,0.5716,0.5716,44400.5329,44400.5329,35698.5929,1548246.5822,1548246.5822
688548.SH,20250124,10.04,0.7442,0.7442,1.01,41.4482,48.3413,2.2993,7.2173,6.6961,1.1753,1.1753,131939.8521,66241.9744,66241.9744,1324676.1151,665069.423
000659.SZ,20250124,2.47,1.3585,1.6116,0.78,,,10.6568,2.524,3.1331,0.0,,128570.252,128570.252,108374.1312,317568.5224,317568.5224
300076.SZ,20250124,6.98,2.7833,3.9601,0.49,,,3.0738,21.9184,22.8612,0.0,,42400.0,42400.0,29800.4,295952.0,295952.0
600658.SH,20250124,3.98,0.9168,1.7499,0.78,,,0.6514,1.5782,2.4715,0.0,,111858.5045,111858.5045,58603.2353,445196.8479,445196.8479
002697.SZ,20250124,5.3,1.7334,2.6759,0.75,12.8458,13.2506,1.6639,0.7114,0.7026,2.3396,2.3396,136000.0,107758.04,69805.54,720800.0,571117.612
002376.SZ,20250124,6.51,2.2224,3.1256,1.06,273.9191,81.7258,1.4148,2.4099,2.2672,1.7954,1.7954,81056.2541,78746.4555,55990.2303,527676.2142,512639.4253
300661.SZ,20250124,91.0,2.3138,3.5499,0.59,152.974,101.3869,10.0068,16.4201,13.509,0.1096,0.1096,47198.0615,45253.5139,29496.486,4295023.5965,4118069.7649
002515.SZ,20250124,4.36,1.067,1.314,0.83,131.7496,123.8742,2.0358,16.8259,15.5975,0.4587,0.4587,121061.4164,112858.6294,91645.9207,527827.7755,492063.6242
002906.SZ,20250124,30.07,1.362,3.3347,1.09,33.9521,24.9706,2.5172,2.2113,1.7189,1.1635,1.1635,52482.6661,52463.7203,21428.1668,1578153.7696,1577584.0694
600939.SH,20250124,2.7,0.7356,2.9986,1.04,136.5868,,0.6501,0.1149,0.158,0.3704,0.3704,190179.8979,190179.8979,46650.6668,513485.7243,513485.7243
603103.SH,20250124,14.94,1.957,16.7265,0.91,57.1283,,7.394,4.0337,4.7103,0.8032,0.8032,63420.0,63420.0,7420.0,947494.8,947494.8
301048.SZ,20250124,8.73,0.5567,2.2268,1.03,15.7474,20.5816,1.8182,1.5222,1.527,0.5612,0.5612,53333.34,53333.34,13333.34,465600.0582,465600.0582
603686.SH,20250124,11.24,13.4903,16.549,1.1,20.0882,28.9068,1.4096,0.9144,0.9092,2.2242,2.2242,41543.0404,41543.0404,33864.8504,466943.7741,466943.7741
603879.SH,20250124,3.71,1.55,2.4693,1.34,,,3.5355,3.9476,3.6676,0.0,,35934.444,35934.444,22555.6496,133316.7872,133316.7872
300196.SZ,20250124,10.39,0.7012,0.8953,0.72,14.3424,20.1625,0.9491,1.6289,1.6841,1.4423,1.4423,40871.6549,24631.7334,19289.8731,424656.4944,255923.71
002768.SZ,20250124,23.7,1.3986,2.0905,1.03,13.7985,11.7756,1.3479,0.3686,0.3396,0.752,0.752,27125.0,17674.8125,11824.8125,642862.5,418893.0563
920810.BJ,20250124,8.55,1.0581,1.8022,0.9,40.4327,,2.221,3.548,6.2394,1.1696,1.1696,6850.0,4457.6818,2617.2246,58567.5,38113.1794
002542.SZ,20250124,3.3,2.8379,4.2968,0.74,,,2.9625,2.359,2.8161,0.0,,180611.6738,160124.9649,105758.5839,596018.5235,528412.3842
300608.SZ,20250124,11.89,11.8282,17.3162,4.34,178.832,,2.8206,4.5241,4.9719,0.0839,0.0839,33121.8123,27510.5069,18791.6318,393818.3482,327099.927
300889.SZ,20250124,13.87,4.3592,5.383,1.52,63.0489,,1.4151,2.0275,2.2322,0.2151,0.2151,15600.0,9772.3375,7913.7564,216372.0,135542.3211
603108.SH,20250124,16.17,8.2175,11.6827,2.64,35.7153,242.3963,2.2731,1.0671,1.1574,0.6135,0.6135,60364.0279,60364.0279,42459.31,976086.3311,976086.3311
002850.SZ,20250124,111.17,3.8459,4.5028,0.98,25.1217,21.2103,2.7392,2.87,2.6614,1.3426,1.3426,27136.1808,19357.4968,16533.4114,3016729.2195,2151972.9193
002777.SZ,20250124,16.95,3.0613,4.9909,1.85,41.2098,95.4325,4.2196,5.1375,5.7111,0.708,0.708,40823.1038,40451.1491,24811.8891,691951.6094,685646.9772
600211.SH,20250124,35.72,0.4908,1.1035,0.95,14.3751,15.6125,3.2473,3.6733,3.9137,4.2943,5.0278,32231.9196,32231.9196,14335.7843,1151324.1681,1151324.1681
688345.SH,20250124,17.93,0.5501,2.1679,1.08,,,1.5929,0.8024,1.0311,,,10000.0,10000.0,2537.5,179300.0,179300.0
002388.SZ,20250124,3.21,6.3288,8.4429,2.53,,,1.3582,0.7638,0.7585,0.0,,51069.76,50023.8553,37497.7192,163933.9296,160576.5755
688788.SH,20250124,33.01,0.5801,1.4181,0.95,,,1.5486,14.7731,13.0737,,,10574.7925,10574.7925,4325.7994,349073.9004,349073.9004
002256.SZ,20250124,2.2,1.713,1.713,0.83,,,3.6739,12.9898,13.1147,0.0,,195484.7822,144048.5547,144048.5547,430066.5208,316906.8203
002896.SZ,20250124,54.21,13.3768,25.3583,0.84,112.0331,112.6294,7.0729,7.5461,8.15,0.1476,0.1476,15117.1285,15117.1285,7974.4675,819499.536,819499.536
000767.SZ,20250124,2.46,0.5867,1.1986,0.83,,,1.3122,0.3859,0.462,0.0,,307694.2219,291224.6436,142562.9916,756927.7859,716412.6233
600123.SH,20250124,7.81,0.6045,1.1086,0.96,5.4853,11.4386,0.7133,0.8662,0.951,9.6805,9.6805,147324.0021,147324.0021,80329.8021,1150600.4564,1150600.4564
000631.SZ,20250124,2.94,0.8061,2.5628,0.57,21.2542,59.8835,1.2337,3.1485,10.256,3.3228,3.3228,239527.9084,239527.9084,75344.7232,704212.0507,704212.0507
300602.SZ,20250124,20.08,6.1363,8.7679,1.15,112.8385,73.7823,3.059,2.6799,2.3982,0.1638,0.1638,58000.6431,39177.4971,27418.842,1164652.9134,786684.1418
002097.SZ,20250124,7.11,1.4943,2.4216,1.35,152.8505,200.9956,1.6696,1.0569,1.0713,0.7032,0.7032,107461.7264,107265.9764,66189.0904,764052.8747,762661.0922
603669.SH,20250124,5.46,1.7144,3.897,0.64,,,4.9518,20.0069,14.2065,0.0,,72124.4005,72124.4005,31730.5165,393799.2267,393799.2267
300826.SZ,20250124,16.73,1.4757,2.6735,0.84,61.9755,65.0727,2.1058,3.6367,3.7203,0.5546,0.5546,16650.3053,16086.9512,8879.9158,278559.6077,269134.6936
688598.SH,20250124,20.28,3.0993,3.5216,1.53,20.4499,,0.7081,3.8639,6.5269,,,20415.7916,20415.7916,17967.5954,414032.2536,414032.2536
688266.SH,20250124,66.07,0.5642,0.8813,0.82,,,13.4183,45.2575,35.8056,,,26470.8186,26470.8186,16946.8511,1748926.9849,1748926.9849
603195.SH,20250124,69.98,0.1043,0.7006,0.83,23.3649,20.9303,6.0919,5.7615,5.4176,3.0564,3.0564,129215.889,128646.1637,19150.3731,9042527.9122,9002658.5357
603200.SH,20250124,25.24,3.9676,8.1029,0.59,113.6425,88.2573,4.6189,8.1803,8.274,0.2772,0.2772,17548.0103,17548.0103,8592.3487,442911.78,442911.78
920237.BJ,20250124,25.46,3.6232,11.0364,1.27,37.925,26.7708,3.5414,4.4299,4.5298,0.9064,0.9064,6645.6,6507.15,2136.2923,169196.976,165672.039
601366.SH,20250124,5.01,0.9047,1.4689,1.02,153.775,166.8077,1.0682,0.5944,0.6197,0.5567,0.5567,91393.2327,91393.2327,56289.4494,457880.0958,457880.0958
600588.SH,20250124,10.9,2.5336,4.8433,4.23,,,4.2638,3.8021,3.7903,0.0,,341699.7409,341699.7409,178747.6627,3724527.1758,3724527.1758
002855.SZ,20250124,17.85,1.0965,3.0123,0.86,,,6.0246,2.4887,3.2086,0.0,,24641.9682,24622.7232,8962.7232,439859.1324,439515.6091
002865.SZ,20250124,58.17,8.4999,13.5935,2.27,16.3427,,3.3042,0.7145,1.0682,1.2755,1.2755,22915.1752,22486.5791,14060.587,1332975.7414,1308044.3062
002012.SZ,20250124,4.85,2.8316,3.6286,1.55,47.7807,73005.5633,1.4732,2.7457,3.8816,0.6392,0.6392,46762.547,46653.7641,36406.9724,226798.353,226270.7559
000785.SZ,20250124,3.48,2.048,6.2945,0.96,16.6662,24.5953,1.0723,1.6038,1.6358,1.7936,1.7936,622704.8814,589794.4146,191901.1898,2167012.9873,2052484.5628
001328.SZ,20250124,35.16,2.6785,2.6785,0.82,42.8434,39.9403,4.2894,4.4001,4.2708,1.8487,1.8487,17217.38,4304.35,4304.35,605363.0808,151340.946
603823.SH,20250124,9.37,0.8632,2.7385,1.09,32.4529,21.3491,1.6782,1.7082,1.6597,1.5847,1.5847,41636.7704,41103.1504,12955.6097,390136.5386,385136.5192
002371.SZ,20250124,379.41,1.5027,2.9551,1.32,51.8769,36.9286,6.967,9.1611,7.2645,0.2048,0.2048,53312.1537,53266.0287,27085.9888,20227164.2353,20209663.9491
002633.SZ,20250124,10.69,2.0074,4.492,1.16,,,3.8211,5.8703,5.4412,0.0,,15000.0,14929.125,6671.625,160350.0,159592.3463
301607.SZ,20250124,35.7,3.7728,3.7728,0.96,41.0955,47.515,4.029,2.1596,2.443,,,11101.4571,2236.8152,2236.8152,396322.0185,79854.3026
300543.SZ,20250124,10.66,7.2108,8.6055,1.98,71.4248,76.3419,2.785,2.143,1.9001,0.469,0.469,26813.8566,21124.3864,17700.7301,285835.7114,225185.959
920992.BJ,20250124,13.28,4.3818,4.3818,1.13,79.6568,82.3117,2.1234,4.2426,4.4098,0.753,0.753,9673.0934,2789.8177,2789.8177,128458.6804,37048.7791
002309.SZ,20250124,2.35,0.7999,1.1332,0.63,,,,1.7446,2.321,0.0,,300766.5385,121562.1802,85812.0717,706801.3655,285671.1235
688309.SH,20250124,12.82,0.7819,1.5274,1.21,56.5243,172.8075,1.4263,6.2577,12.4885,0.7122,0.7122,8001.0733,8001.0733,4095.6641,102573.7597,102573.7597
002800.SZ,20250124,10.02,2.1956,4.1902,0.71,,,2.8883,1.6056,1.292,0.0,,15225.3067,14165.41,7422.52,152557.5731,141937.4082
000755.SZ,20250124,4.72,0.5723,2.4781,0.95,15.0974,15.1418,1.3148,4.0462,4.1834,0.9534,0.9534,146731.0196,146731.0196,33885.2341,692570.4125,692570.4125
002996.SZ,20250124,6.61,1.9582,2.8562,0.85,35.414,21.555,1.4024,0.3705,0.3241,1.1637,1.1637,66943.6414,41640.1557,28549.2031,442497.4697,275241.4292
688486.SH,20250124,95.78,2.9423,3.7438,1.08,95.3931,77.5853,7.1137,30.3157,22.5394,0.9848,0.9848,10228.059,5591.2551,4394.2806,979643.491,535530.4135
600012.SH,20250124,15.74,0.5077,2.4993,0.93,15.7275,17.0603,2.0267,3.9368,3.5612,3.8183,3.8183,165861.0,116560.0,23676.4279,2610652.14,1834654.4
002405.SZ,20250124,8.77,2.0466,2.2658,1.25,,,2.2108,6.663,6.243,0.0,,237181.7314,235552.2705,212767.9396,2080083.7844,2065793.4123
600105.SH,20250124,5.14,3.7589,5.0914,0.89,173.748,554.5139,2.4596,1.7295,1.7187,0.6673,0.6673,146199.4802,146199.4802,107937.6107,751465.3282,751465.3282
601999.SH,20250124,6.45,1.2226,3.7646,1.26,31.6938,38.3448,1.3951,1.4734,1.4853,0.9612,0.9612,55091.47,55091.47,17891.47,355339.9815,355339.9815
603969.SH,20250124,6.41,2.1748,3.7656,0.56,31.9361,24.6667,2.3259,1.9934,1.8679,1.087,1.087,85476.4,84250.42,48657.2162,547903.724,540045.1922
002216.SZ,20250124,11.29,0.524,1.0683,0.91,13.246,16.7854,2.3147,1.4068,1.467,4.4287,4.4287,87918.4048,63025.6229,30915.9643,992598.7902,711559.2825
600547.SH,20250124,24.75,0.7558,1.717,0.9,47.5641,36.3205,4.6323,1.8679,1.3032,0.8889,0.8889,447342.9525,361444.3347,159109.303,11071738.0744,8945747.2838
002522.SZ,20250124,3.84,1.0069,1.5734,0.7,33.4328,57.4455,1.5446,2.0124,2.0765,0.9115,0.9115,90577.9387,86894.1667,55608.2938,347819.2846,333673.6001
300861.SZ,20250124,19.19,1.5554,3.0793,1.34,5.7984,19.1564,1.4109,2.0416,2.9981,1.5633,1.5633,48001.2,30145.8035,15227.3198,921143.028,578497.9692
600561.SH,20250124,5.51,1.9007,3.1548,1.02,,,1.7252,1.0175,1.0442,0.0,,28447.68,28447.68,17138.7147,156746.7168,156746.7168
300368.SZ,20250124,4.2,1.1309,1.6153,0.6,,,6.6548,6.3041,11.0618,0.0,,52894.3475,52894.3475,37030.2475,222156.2595,222156.2595
000553.SZ,20250124,5.73,0.2941,1.8352,0.88,,,0.675,0.4073,0.4504,0.0,,232981.1766,217706.7461,34892.95,1334982.1419,1247459.6552
601600.SH,20250124,7.87,1.2827,2.1721,1.58,20.1006,13.0056,2.0745,0.5999,0.6416,2.0587,2.0587,1715563.2078,1313353.9181,775595.647,13501482.4454,10336095.3354
300631.SZ,20250124,20.7,1.2265,1.6763,0.95,57.0664,47.8282,2.1489,3.4187,4.5094,0.8697,0.8697,12502.3424,11926.5656,8726.5656,258798.4877,246879.9079
603199.SH,20250124,35.1,2.2537,4.0697,0.86,22.2427,22.0162,2.6201,5.3685,5.3145,2.2507,2.2507,11068.0,11068.0,6129.1646,388486.8,388486.8
301522.SZ,20250124,34.42,4.1304,4.1304,1.06,84.8754,81.509,7.0262,6.2909,5.3191,,,37186.6667,7065.0516,7065.0516,1279965.0678,243179.0761
688189.SH,20250124,6.17,1.0574,1.8979,0.77,451.3005,,1.3695,2.2738,4.1383,,,27440.0,27440.0,15288.0,169304.8,169304.8
002429.SZ,20250124,5.47,1.4935,3.243,0.67,15.5893,14.6587,1.5769,1.4424,1.1996,1.9378,1.9378,452694.0607,452433.3018,208363.3791,2476236.512,2474810.1608
000869.SZ,20250124,21.52,0.2659,1.1038,1.24,27.1536,43.5635,1.3909,3.2972,3.8239,2.3452,2.3452,67182.39,45509.4295,10962.0439,1445765.0328,979362.9228
001367.SZ,20250124,26.73,1.8682,1.8682,0.93,26.2155,22.925,2.0655,6.9037,6.3176,1.2391,1.2391,10265.3,2615.4671,2615.4671,274391.469,69911.4356
603166.SH,20250124,9.48,10.0994,24.8317,0.6,59.1697,38.2189,2.6345,4.53,4.0491,1.861,1.0276,64620.8651,63900.8651,25989.3811,612605.8011,605780.2011
600156.SH,20250124,4.69,1.9085,3.1976,0.71,89.7059,88.4591,4.2676,3.2451,3.2061,0.0,,40211.0702,40211.0702,24000.639,188589.9192,188589.9192
002549.SZ,20250124,5.85,0.788,1.583,0.74,,,2.0251,7.1219,6.9966,0.0,,69534.7901,69235.9526,34466.1235,406778.5221,405030.3227
002373.SZ,20250124,8.21,4.7374,6.5176,5.16,23.9184,55.2946,1.0379,1.6646,1.6318,0.6077,0.6077,158018.8215,137759.4126,100131.8023,1297334.5245,1131004.7774
603860.SH,20250124,28.46,1.2275,2.2833,0.99,36.7961,41.855,2.4785,7.2837,7.6012,0.5436,0.5436,6668.0,6668.0,3584.8,189771.28,189771.28
603158.SH,20250124,8.9,7.8403,13.2361,0.99,22.4632,15.0369,1.9456,1.3222,1.2,1.7783,1.7783,49079.9306,49079.9306,29071.9958,436811.3823,436811.3823
603310.SH,20250124,17.75,1.9838,1.9838,0.69,12.2706,24.0909,1.5745,4.1252,5.7168,2.2535,2.2535,34534.0,6768.8491,6768.8491,612978.5,120147.0715
301177.SZ,20250124,24.35,3.2494,3.2494,0.66,141.2498,649.3352,1.5498,4.4674,6.2846,2.0534,2.0534,40001.0,4001.0,4001.0,974024.35,97424.35
688469.SH,20250124,4.68,1.0597,1.0862,0.73,,,2.7561,6.2046,5.4693,,,705908.7013,439596.0,428885.867,3303652.7221,2057309.28
603221.SH,20250124,9.38,2.0011,7.9096,0.6,29.4542,16.3949,1.4858,1.9509,1.7377,1.0661,1.0661,24458.0,24000.0,6072.0,229416.04,225120.0
600116.SH,20250124,6.75,0.2773,0.5955,0.99,25.0298,22.9882,1.1553,1.1548,1.1855,2.201,2.9344,191214.2904,191214.2904,89045.2397,1290696.4602,1290696.4602
605555.SH,20250124,24.7,8.5773,8.5773,1.03,28.547,25.522,3.1786,3.3142,2.5313,1.417,1.417,37236.08,13569.8415,13569.8415,919731.176,335175.0851
002100.SZ,20250124,6.29,1.0506,1.4529,0.99,,,1.2363,0.4514,0.4933,0.0,,136525.1515,136525.1515,98718.6755,858743.2029,858743.2029
920807.BJ,20250124,8.74,2.3331,3.3694,0.76,41.4065,51.8202,1.699,2.7697,2.7823,2.0595,2.0595,18188.0,12363.2757,8560.7683,158963.12,108055.0296
600172.SH,20250124,3.97,5.363,7.1106,0.85,,,2.7685,3.6362,4.4875,0.0,,144218.4476,127625.575,96259.9564,572547.237,506673.5328
920163.BJ,20250124,12.78,1.1978,2.1366,0.75,41.7816,36.6708,3.6403,3.291,2.5116,1.9606,1.9606,12871.516,6137.7435,3440.756,164497.9745,78440.3619
605300.SH,20250124,12.88,0.9928,6.4494,1.21,19.9888,38.336,2.3906,1.8133,2.1157,2.1519,2.1519,40001.0,40001.0,6157.5921,515212.88,515212.88
920207.BJ,20250124,17.8,8.2091,12.2673,2.0,362.2802,,5.4925,4.9393,4.3092,0.5618,0.5618,9399.5,5552.4468,3715.6075,167311.1,98833.553
002074.SZ,20250124,20.92,0.6094,0.9927,0.94,40.1584,35.6026,1.495,1.1928,1.077,0.4694,0.4694,180199.6317,172410.2893,105842.8587,3769776.2952,3606823.2522
301419.SZ,20250124,31.38,7.1553,7.4724,0.99,55.3304,115.8765,3.3768,8.1035,9.5304,1.5934,1.5934,10000.0,3535.0,3385.0,313800.0,110928.3
002693.SZ,20250124,13.31,4.3886,8.5863,0.73,,,12.7213,23.3947,30.5553,0.0,,41468.975,41138.2096,21026.6171,551952.0573,547549.5698
600215.SH,20250124,8.02,4.0022,6.08,1.03,30.6311,42.2638,1.8623,1.7377,1.7697,1.2524,1.2524,46299.538,45688.288,30074.8368,371322.2948,366420.0698
301287.SZ,20250124,28.6,3.6826,3.6826,1.23,19.673,35.8952,1.7201,3.1299,2.9878,0.8741,0.8741,6667.0,1703.135,1703.135,190676.2,48709.661
603718.SH,20250124,6.88,2.2692,4.2974,3.36,71.9952,542.3995,3.556,18.8032,20.5232,0.4172,0.4172,65790.0,64400.0,34006.1888,452635.2,443072.0
600273.SH,20250124,7.87,0.7606,1.2369,1.11,9.2803,10.3399,1.1001,1.2477,1.1861,4.9925,4.9925,139104.5207,139104.5207,85539.2792,1094752.5779,1094752.5779
920230.BJ,20250124,14.45,1.7903,3.1069,0.82,66.9761,47.4378,2.8163,4.5983,3.7611,1.3548,1.3548,7726.7304,3392.1811,1954.6155,111651.2543,49017.0169
300481.SZ,20250124,14.56,1.2477,1.9229,1.08,18.3115,23.2653,1.8152,3.1217,2.9927,4.0881,4.0881,29570.3347,29395.2258,19073.3297,430544.0732,427994.4876
920765.BJ,20250124,23.52,5.2043,11.1921,0.73,79.2826,72.3011,4.9796,3.8486,3.2442,1.2251,1.2251,6961.3044,4399.7295,2045.8713,163729.8795,103481.6378
920030.BJ,20250124,5.83,2.3115,3.1714,0.76,,,2.2244,0.402,0.4472,,,17883.9681,9772.7051,7123.0049,104263.534,56974.8707
603206.SH,20250124,15.38,4.9315,4.9315,1.28,25.2899,31.2461,2.1152,1.0789,0.9979,1.2354,1.2354,30519.9988,8719.9988,8719.9988,469397.5815,134113.5815
601077.SH,20250124,5.95,0.529,0.8557,0.97,6.1981,6.0037,0.5541,2.4172,2.4509,4.8487,8.116,1135700.0,883770.0254,546359.3098,6757415.0,5258431.6511
300738.SZ,20250124,13.89,9.1748,12.7119,1.3,96.0741,108.9659,4.1947,10.1723,7.2342,0.1492,0.1492,97753.4799,97725.5835,70533.0328,1357795.8358,1357408.3548
603977.SH,20250124,10.79,1.8412,3.6862,0.94,22.0058,22.5338,2.057,2.638,2.7541,1.3902,1.3902,62124.1828,62124.1828,31030.6616,670319.9324,670319.9324
600801.SH,20250124,12.07,0.5748,1.3925,1.31,9.0849,12.3844,0.8677,0.7434,0.7313,4.3911,4.3911,207899.5649,134427.5649,55488.1709,2509347.7483,1622540.7083
603335.SH,20250124,4.27,1.6221,3.3273,0.76,,,5.3733,1.0831,1.6458,0.0,,42814.46,42814.46,20872.43,182817.7442,182817.7442
603759.SH,20250124,6.88,0.9356,2.1706,0.62,13.1287,14.9424,1.2299,2.4884,2.2662,3.9244,3.9244,46176.0,46176.0,19903.0288,317690.88,317690.88
002004.SZ,20250124,3.84,1.4111,1.8607,0.58,25.165,30.5123,0.7521,0.6557,0.6525,5.719,5.719,197991.9191,188222.9004,142744.5304,760288.9693,722775.9375
301355.SZ,20250124,11.53,3.509,3.509,0.74,31.252,41.7968,1.4652,1.9562,1.7487,0.8673,0.8673,19509.7928,10025.5428,10025.5428,224947.911,115594.5085
300244.SZ,20250124,10.68,1.5594,1.7388,1.13,21.7094,,0.9458,0.4978,0.5394,6.5124,6.5124,62497.9436,50145.9061,44971.2938,667478.0376,535558.2771
920786.BJ,20250124,6.75,2.9673,3.3742,0.52,15.0355,47.0456,1.8058,1.1233,1.1631,2.963,2.963,20905.3,10951.097,9630.372,141110.775,73919.9048
603010.SH,20250124,9.8,0.5126,0.7265,1.23,31.4412,41.8701,1.4716,2.0272,2.0555,1.855,1.855,58957.8593,48527.2654,34241.199,577787.0211,475567.2009
600107.SH,20250124,4.06,2.5108,3.2046,1.05,,,2.8561,3.2194,3.762,0.0,,36000.0,36000.0,28205.9362,146160.0,146160.0
603279.SH,20250124,16.68,0.5937,1.085,1.18,9.5381,10.3006,2.2484,1.5386,1.525,10.3142,3.9568,57645.7,57204.7374,31302.6536,961530.276,954175.0198
002737.SZ,20250124,17.92,1.1186,2.5489,0.62,9.3512,12.2431,2.3364,1.8359,2.3613,8.3705,8.3705,58400.0,58400.0,25629.793,1046528.0,1046528.0
002193.SZ,20250124,6.14,9.5853,13.0667,0.8,,,1.259,4.1874,3.8024,0.0,,26171.555,26171.405,19198.3885,160693.3477,160692.4267
603393.SH,20250124,29.87,0.9078,1.6124,0.72,12.0859,10.1085,1.6165,3.6007,3.2131,3.0131,3.0131,42392.1327,42252.1335,23789.4737,1266253.0037,1262071.2276
301009.SZ,20250124,10.65,4.6208,6.1422,0.86,143.4393,192.346,2.1533,2.6772,2.7216,0.6956,0.6956,27186.0,12512.1907,9413.0965,289530.9,133254.831
002313.SZ,20250124,8.83,6.2811,11.2991,0.76,,,26.949,1.1682,1.0742,0.0,,37440.0,37439.6175,20812.3625,330595.2,330591.8225
002385.SZ,20250124,4.07,1.3208,1.4303,1.12,,,2.1398,0.5241,0.5912,1.4264,1.4264,430007.8565,331268.0025,305913.0018,1750131.976,1348260.7702
300652.SZ,20250124,29.44,3.9554,7.6363,1.38,25.0939,25.0863,2.2154,4.6339,4.2917,1.6984,1.6984,10260.8133,9209.0714,4770.0643,302078.3436,271115.062
603609.SH,20250124,7.87,0.8741,2.2044,1.73,,,1.1123,0.2012,0.2187,0.0,,91943.4448,91943.4448,36456.7744,723594.9106,723594.9106
002238.SZ,20250124,7.75,1.0739,3.127,1.01,49.7306,101.8701,2.7232,4.2092,4.312,1.2903,1.2903,80255.916,80255.916,27562.3499,621983.349,621983.349
605183.SH,20250124,16.75,0.4223,1.2838,0.89,16.8869,14.3108,2.1917,3.8479,3.2827,2.0622,2.0622,41588.3145,41588.3145,13678.9925,696604.2679,696604.2679
688038.SH,20250124,14.23,4.4334,7.8559,0.97,,,2.6697,7.5539,5.8003,,,11637.34,11637.34,6567.3613,165599.3482,165599.3482
603128.SH,20250124,6.13,1.0295,1.8997,0.9,13.0158,15.3003,1.3586,0.5493,0.4308,7.2757,5.155,130904.6494,130904.6494,70940.1667,802445.5008,802445.5008
688163.SH,20250124,17.37,1.971,1.971,1.08,48.48,36.9134,1.6872,9.8861,9.5274,1.8423,1.8423,10822.0,4437.2,4437.2,187978.14,77074.164
300920.SZ,20250124,17.71,1.3112,1.8023,0.78,42.1128,42.6199,1.5153,4.9295,4.3422,1.1293,1.1293,10000.0,6430.9625,4678.5429,177100.0,113892.3459
600536.SH,20250124,44.98,3.3486,5.2689,1.4,,,17.6081,5.6878,6.9717,0.0,,85017.0397,84359.87,53614.064,3824066.4457,3794506.9526
600268.SH,20250124,7.03,1.4188,3.1038,0.76,31.4861,26.069,2.3021,0.937,0.8874,1.067,1.067,101609.3562,100607.3045,45988.7566,714313.7741,707269.3506
300588.SZ,20250124,12.8,5.1084,5.3017,1.31,,,6.8568,15.4123,15.1273,0.0,,19147.103,13368.0155,12880.5155,245082.9184,171110.5984
600009.SH,20250124,33.34,0.3815,0.7125,1.21,88.8239,50.6238,2.0345,7.5103,6.7358,0.6601,0.6601,248848.134,191869.5948,102740.5144,8296596.7876,6396932.2906
920419.BJ,20250124,15.21,1.4927,2.9442,0.54,22.9769,20.6261,2.9569,2.257,2.0405,0.4603,0.4603,10332.64,9360.0549,4745.5439,157159.4544,142366.435
603028.SH,20250124,5.99,2.7007,3.7989,1.08,54.0086,,2.579,1.071,1.2865,0.5676,0.5676,28704.0,28704.0,20405.9262,171936.96,171936.96
688691.SH,20250124,75.14,12.7711,12.7711,0.79,52.8933,80.7324,6.5554,6.7215,7.5188,0.5696,0.5696,12000.0,2550.0,2550.0,901680.0,191607.0
603112.SH,20250124,12.7,0.4869,1.7736,0.75,15.3573,13.3168,1.8885,1.8313,1.6163,4.753,4.753,47057.8256,43629.3717,11978.3643,597634.3851,554093.0206
002421.SZ,20250124,3.28,3.3309,3.9208,0.99,60.5997,123.0444,2.0379,1.8146,2.1394,0.6098,0.6098,212058.1639,200328.2505,170190.1366,695550.7776,657076.6616
600736.SH,20250124,5.24,1.5108,2.688,0.8,29.8547,36.3026,0.8077,0.772,0.7217,0.5153,0.5153,115129.2907,115129.2907,64709.8013,603277.4833,603277.4833
688311.SH,20250124,27.75,1.2381,2.0457,0.99,,,2.7191,14.1318,32.4988,,,16873.2487,16860.5227,10204.2899,468232.6514,467879.5049
601007.SH,20250124,6.62,1.2597,2.2298,0.96,43.366,56.0443,1.6291,1.4245,1.3973,1.8127,1.8127,39000.0,39000.0,22033.2082,258180.0,258180.0
600059.SH,20250124,8.33,0.7598,1.2198,0.99,19.1444,19.0754,1.3037,4.257,3.9656,1.6807,1.6807,91154.2413,91154.2413,56780.2796,759314.83,759314.83
000932.SZ,20250124,4.32,3.2968,6.0781,2.82,5.8767,10.8743,0.5588,0.1821,0.1922,5.3241,5.3241,690863.2499,690854.6583,374716.9402,2984529.2396,2984492.1239
002841.SZ,20250124,35.03,1.0465,1.505,1.83,17.7967,25.0905,1.92,1.2086,1.0857,2.4271,2.4271,69601.6545,52135.3883,36253.1483,2438145.9571,1826302.6521
688475.SH,20250124,34.5,3.376,8.7775,1.19,48.2622,50.6642,5.0634,5.6137,5.1318,1.0352,1.0352,78750.0,40950.0,15750.0,2716875.0,1412775.0
300987.SZ,20250124,16.24,10.9977,19.9926,3.1,89.8831,122.8398,3.5574,11.7356,11.1791,1.0468,1.0468,17336.8,17336.8,9536.8,281549.632,281549.632
003037.SZ,20250124,5.97,6.0528,6.4752,1.18,45.2192,89.6069,1.3006,0.5315,0.5899,0.8337,0.8337,59907.4678,19925.9678,18625.9678,357647.5828,118958.0278
688386.SH,20250124,32.86,0.7021,1.3679,0.86,26.5808,24.3881,3.2139,5.6028,4.8496,1.5216,1.5216,7000.0,7000.0,3592.7968,230020.0,230020.0
603111.SH,20250124,7.06,6.021,8.0045,0.86,17.5738,15.0195,1.5956,1.7399,1.5748,2.9253,2.9253,86806.8223,83717.1572,62972.0979,612856.1654,591043.1298
002984.SZ,20250124,24.98,2.445,3.1671,1.25,18.8997,12.3113,2.0917,3.2983,3.0646,2.003,2.003,103540.5642,70499.4915,54426.0533,2586443.2937,1761077.2977
600372.SH,20250124,11.41,0.3712,0.8212,1.15,29.268,38.364,1.4906,1.9034,2.2224,1.1043,1.1043,483889.663,483889.663,218751.6972,5521181.0548,5521181.0548
301098.SZ,20250124,7.91,2.3135,2.5353,0.91,68.5684,,1.1334,1.4563,1.5165,1.069,1.069,18393.0475,14968.4225,13658.7967,145489.0057,118400.222
301469.SZ,20250124,23.84,2.5111,3.8243,0.45,24.342,30.2242,1.575,2.4555,2.127,2.3349,2.3349,8948.0,3423.7021,2248.0258,213320.32,81621.0581
688012.SH,20250124,185.48,0.9103,1.3379,0.81,64.6372,75.0046,6.1076,18.4299,14.9346,0.1606,0.1606,62236.3735,62236.3735,42344.3064,11543602.5568,11543602.5568
600971.SH,20250124,8.69,0.4825,1.0712,0.94,5.122,7.7391,0.8434,1.3393,1.443,9.7814,12.0829,120000.4884,120000.4884,54046.5995,1042804.2442,1042804.2442
300992.SZ,20250124,22.93,2.4786,4.4521,0.74,41.085,63.1433,2.6305,3.077,2.9662,0.3027,0.3027,9586.5582,7753.3082,4316.5682,219819.7795,177783.357
002192.SZ,20250124,31.15,1.5515,2.067,0.95,21.266,39.4216,2.4323,6.6796,10.4182,0.9631,0.9631,25965.5203,25912.0228,19448.7119,808825.9573,807159.5102
688373.SH,20250124,4.62,1.1672,1.1672,0.96,,,5.3326,33.3465,25.2116,,,65521.0084,36565.1733,36565.1733,302707.0588,168931.1006
300736.SZ,20250124,9.22,4.0804,5.3436,0.85,,,12.3159,1.7596,2.2179,0.0,,13006.5904,12902.7495,9852.6983,119920.7635,118963.3504
688212.SH,20250124,40.71,0.8702,1.2625,1.29,94.7041,109.6459,3.9629,8.0802,7.305,0.7369,0.7369,13458.725,13458.725,9276.445,547904.6948,547904.6948
002022.SZ,20250124,5.73,0.7223,0.8878,0.9,,,0.7593,1.2137,1.5725,0.0,,51431.7589,51424.4464,41838.1426,294703.9785,294662.0779
300236.SZ,20250124,37.28,0.9399,1.2677,0.92,70.0241,63.9217,2.6237,9.636,8.2921,0.5302,0.5302,31338.1402,27841.8717,20643.9337,1168285.8667,1037944.977
300909.SZ,20250124,24.16,1.7775,3.1767,0.93,44.5676,37.2839,2.1157,3.0817,2.8067,0.6209,0.6209,17297.2979,11424.0662,6392.1969,417902.7173,276005.4394
600622.SH,20250124,3.07,6.7707,12.3669,0.78,,,0.9654,1.0487,2.1573,0.0,,149968.5402,149968.5402,82105.6547,460403.4184,460403.4184
603588.SH,20250124,5.12,0.8809,1.0869,0.9,15.4545,19.1139,0.8643,0.7371,0.5363,8.4162,8.4162,152323.4457,152323.4457,123451.9722,779896.042,779896.042
002432.SZ,20250124,39.94,0.9571,1.3244,1.02,15.6571,11.3701,1.0168,6.0649,7.6011,0.6462,0.6462,49065.067,42019.8076,30365.3557,1959658.776,1678271.1155
688050.SH,20250124,99.47,0.6372,0.9149,1.04,62.0241,51.0119,8.0908,19.8217,13.8801,0.2732,0.2732,18954.4528,18954.4528,13201.507,1885399.42,1885399.42
300592.SZ,20250124,14.44,5.524,10.8495,1.72,17.5998,26.3068,2.6356,0.8969,0.7416,1.9786,1.9786,40484.5869,36639.7,18655.1129,584597.4348,529077.268
600684.SH,20250124,3.19,1.4449,2.0971,1.12,,89.9753,5.8924,0.832,1.7135,0.0,,85346.0723,85346.0723,58805.122,272253.9706,272253.9706
920378.BJ,20250124,11.21,10.2446,17.5906,1.62,221.191,65.2894,4.8066,6.322,5.3909,0.8921,0.8921,15552.6,9751.0916,5678.9266,174344.646,109309.7368
002815.SZ,20250124,10.88,4.9593,6.3925,0.63,28.7963,43.269,1.6801,2.038,1.9476,1.8561,1.8561,108125.1485,64084.4614,49716.6234,1176401.6157,697238.94
688068.SH,20250124,67.0,1.5349,2.3746,0.64,226.2651,,1.9008,11.4472,11.9036,0.2799,0.2799,9247.4692,9247.4692,5977.4219,619580.4364,619580.4364
002862.SZ,20250124,38.64,19.2261,25.2809,0.82,,,11.2251,14.7095,11.4861,0.0,,12000.0,9017.7083,6857.9761,463680.0,348444.2487
300408.SZ,20250124,38.64,0.9119,1.408,1.42,46.84,36.2621,3.8362,12.9313,10.5766,0.7246,0.7246,191649.7371,186980.8017,121105.2161,7405345.8415,7224938.1777
600819.SH,20250124,5.4,1.1162,3.6108,1.35,,81.433,1.4711,0.9035,0.8777,0.6667,0.6667,93491.6069,74741.6067,23104.5714,504854.6773,403604.6762
300580.SZ,20250124,28.51,6.2359,14.809,1.02,54.1559,51.2639,4.7242,10.6239,10.3508,0.5808,0.5808,50054.3865,47081.3575,19825.4466,1427050.5591,1342289.5023
603086.SH,20250124,4.24,3.8503,5.8638,0.49,,,0.9161,0.7426,0.7978,0.0,,43481.3143,43481.3143,28551.046,184360.7726,184360.7726
300103.SZ,20250124,6.05,1.2326,1.463,0.93,,,3.1993,7.5559,9.3759,0.0,,31760.1,31733.8547,26735.8947,192148.605,191989.8209
603982.SH,20250124,7.89,1.4561,2.9227,1.13,,,1.157,1.0066,0.9784,0.0,,27235.3821,27235.3821,13568.2753,214887.1648,214887.1648
603022.SH,20250124,7.6,1.0912,2.2143,0.87,29.4102,28.204,1.928,1.7596,1.7551,1.0263,1.0263,20000.0,20000.0,9855.63,152000.0,152000.0
300197.SZ,20250124,2.11,1.5662,2.6542,0.93,,,1.6831,4.4128,7.2339,0.0,,296529.808,296046.2034,174691.7751,625677.8949,624657.4892
300401.SZ,20250124,13.72,1.3193,1.8879,0.85,38.7648,26.1732,2.5865,6.8116,6.5726,0.5158,0.5158,54346.7103,53468.3104,37365.669,745636.8653,733585.2187
002532.SZ,20250124,9.05,1.2837,1.9654,1.11,19.0901,11.5277,1.6522,1.453,1.535,3.8364,3.8364,465188.5415,413000.5452,269751.2086,4209956.3006,3737654.9341
002807.SZ,20250124,4.28,1.054,1.1185,0.94,5.5796,5.3754,0.5979,2.7257,2.6982,4.4393,4.4393,246139.2789,245846.9527,231665.0033,1053476.1137,1052224.9576
601688.SH,20250124,17.25,0.6115,0.8727,1.05,12.2128,9.9272,0.9825,4.2573,3.8193,3.363,3.363,902730.2281,729433.0722,511157.1107,15572096.4347,12582720.4955
300251.SZ,20250124,9.5,2.5127,5.0686,0.84,66.7029,54.622,3.1309,18.031,13.6124,0.7319,0.7319,293360.8432,278722.3354,138174.9924,2786928.0104,2647862.1863
300454.SZ,20250124,59.28,1.4106,1.7027,0.82,126.4171,152.7324,3.0126,3.264,3.3401,0.083,0.083,42188.1204,27822.8348,23049.2348,2500911.7773,1649337.6469
688229.SH,20250124,45.0,5.7903,12.2058,6.99,,,4.1684,16.5492,15.2847,,,4440.0,4440.0,2106.282,199800.0,199800.0
000056.SZ,20250124,2.59,3.7687,4.7795,0.57,,,4.277,2.6748,4.6013,0.0,,121008.872,90367.1558,71254.4658,313412.9785,234050.9335
920145.BJ,20250124,9.01,1.1312,1.6457,0.39,,,2.3812,10.8925,9.6049,,,7055.0,4482.725,3081.175,63565.55,40389.3523
600309.SH,20250124,67.98,0.4474,0.8478,0.75,12.6929,14.0367,2.2901,1.2171,1.1209,3.1553,3.1553,313974.6626,313974.6626,165680.0792,21343997.5635,21343997.5635
300106.SZ,20250124,8.28,3.3916,5.8295,0.87,,,3.5017,1.5583,1.8429,0.0,,21133.231,21133.231,12295.4139,174983.1527,174983.1527
600271.SH,20250124,8.63,0.8518,1.6078,1.68,78.881,,1.1451,1.2716,1.9239,0.3824,0.3824,185288.4638,185288.4638,98160.8244,1599039.4426,1599039.4426
600095.SH,20250124,6.72,0.6559,2.1267,1.05,160.8917,167.0281,1.6219,33.1991,39.8944,0.5203,0.5203,285918.7743,285918.7743,88183.9293,1921374.1633,1921374.1633
301083.SZ,20250124,14.13,2.5171,3.928,1.25,71.4282,86.6544,3.0719,6.4731,6.4473,0.8493,0.8493,17786.6667,8560.9917,5485.9917,251325.6005,120966.8127
603075.SH,20250124,19.51,2.394,2.394,0.76,31.4152,27.6664,3.867,4.6859,4.3163,2.5466,2.5466,40255.1538,4001.0,4001.0,785378.0506,78059.51
002033.SZ,20250124,8.55,1.4213,2.5842,0.76,20.6593,22.6004,1.8724,5.8807,5.9265,4.0936,4.0936,54949.0711,54948.0181,30220.5046,469814.5579,469805.5548
688195.SH,20250124,43.47,4.8927,7.733,1.1,134.983,85.2588,6.0904,16.5421,13.224,0.4594,0.4594,12935.0,12935.0,8184.0,562284.45,562284.45
002856.SZ,20250124,8.9,3.0415,4.6603,0.75,,,4.0096,1.3716,1.5493,0.0,,13531.2808,12106.6733,7901.5055,120428.3991,107749.3924
002600.SZ,20250124,8.77,3.7815,9.5912,1.76,29.968,38.744,3.169,1.8011,1.5005,0.3412,0.3412,700817.7819,689353.7492,271787.9259,6146171.9473,6045632.3805
600754.SH,20250124,26.63,0.718,1.5303,1.13,28.4456,25.1637,1.6793,1.9452,1.9682,2.3282,2.3282,107004.4063,90800.9823,42600.2598,2849527.3398,2418030.1586
002789.SZ,20250124,6.61,8.2607,14.5796,0.96,,,31.8634,0.1702,0.1486,0.0,,15962.3514,13147.9786,7449.502,105511.1428,86908.1385
688072.SH,20250124,148.0,1.6355,1.8846,0.66,62.4825,62.4574,8.5774,15.3051,12.6208,0.1587,0.1587,27972.9118,15524.8593,13473.2288,4139990.9464,2297679.1764
300240.SZ,20250124,6.27,2.352,4.1816,1.21,106.8454,980.0831,1.6189,0.4637,0.3586,0.2387,0.2387,37156.295,36337.8879,20438.6776,232969.9697,227838.5571
301329.SZ,20250124,21.69,10.2529,11.9493,0.77,50.8835,54.4875,2.3922,4.7698,4.7048,1.752,1.752,17020.0,5994.4,5143.41,369163.8,130018.536
300405.SZ,20250124,4.63,4.0871,4.921,0.85,,,2.7559,2.3588,2.1863,0.0,,28437.2671,21879.2849,18171.6487,131664.5467,101301.0891
002393.SZ,20250124,17.01,0.6927,1.4203,1.18,12.124,23.2828,0.8826,3.8046,3.4672,2.52,2.52,25789.5388,25609.4607,12489.9756,438680.055,435616.9265
920826.BJ,20250124,9.98,5.1496,5.3801,0.73,40.2147,35.5834,4.2022,2.8623,2.7112,1.2362,1.2362,14051.5814,6236.7286,5969.4764,140234.7824,62242.5514
300724.SZ,20250124,62.7,3.5045,3.9816,1.62,13.3461,8.9582,2.1095,2.4964,1.4859,1.9118,1.9118,34771.5136,28714.8629,25274.1479,2180173.9027,1800421.9038
001288.SZ,20250124,30.24,1.1801,1.4497,0.72,49.3327,43.257,2.5274,4.7901,3.9439,0.7842,0.7842,16687.0916,7729.2791,6291.6791,504617.65,233733.4
603214.SH,20250124,21.8,6.283,11.7051,1.21,28.8404,28.5796,2.7906,0.9065,0.8939,2.1055,2.1055,13854.0036,13854.0036,7436.5264,302017.2785,302017.2785
688677.SH,20250124,43.29,1.036,1.6308,0.73,35.8334,41.8,4.0739,11.0952,12.6419,1.2705,1.2705,12061.4,12061.4,7662.6,522138.006,522138.006
300780.SZ,20250124,14.66,4.8704,5.9461,1.58,,,1.8721,4.3138,4.1084,0.0,,14667.0,10487.9674,8590.7165,215018.22,153753.6021
300365.SZ,20250124,5.68,9.551,11.9748,2.79,190.7548,264.8234,1.7055,4.1109,4.2336,0.2641,0.2641,59985.5469,48365.4367,38575.9061,340717.9064,274715.6805
600706.SH,20250124,9.12,2.8159,5.1271,0.78,,,3.9666,1.5467,1.607,0.0,,25505.9785,25403.0185,13951.9064,232614.5239,231675.5287
300260.SZ,20250124,24.61,2.4352,3.8937,0.77,42.5435,37.7884,5.2031,3.7015,3.4652,0.2438,0.2438,40780.6752,28763.6945,17989.2436,1003612.4167,707874.5216
301517.SZ,20250124,49.3,4.1884,4.1884,0.66,67.5964,104.1954,3.9585,6.2552,7.8653,0.2657,0.3063,10802.67,4247.67,4247.67,532571.631,209410.131
301193.SZ,20250124,15.84,0.8573,1.7128,1.33,67.0551,61.4763,1.931,1.767,1.3737,1.2626,1.2626,19200.0216,9624.0216,4817.1716,304128.3421,152444.5021
300101.SZ,20250124,17.25,2.4665,3.4888,0.91,134.9312,202293.5223,5.4171,11.499,12.2444,0.0,,56790.57,56604.3415,40018.3415,979637.3325,976424.8909
000669.SZ,20250124,2.09,1.2521,1.579,0.67,,,9.1083,1.1544,1.0927,0.0,,68040.8797,68040.8797,53950.9653,142205.4386,142205.4386
605389.SH,20250124,25.52,3.0159,12.1071,0.88,36.1593,31.5897,1.7556,4.5604,4.044,2.9389,2.9389,14408.707,13626.676,3394.466,367710.2026,347752.7715
600477.SH,20250124,2.48,0.8709,1.4235,1.24,20.0091,23.43,1.1461,0.543,0.6449,3.4131,3.4131,236896.615,236896.615,144934.7486,587503.6052,587503.6052
000928.SZ,20250124,6.32,1.5701,3.0579,1.6,11.907,11.2108,1.0912,0.3437,0.5147,4.2089,4.2089,143464.4621,143462.7071,73662.5166,906695.4005,906684.3089
002969.SZ,20250124,3.2,1.4381,3.5281,0.69,19.89,18.0878,1.3763,0.9737,1.015,8.5944,1.4062,95904.129,94977.5824,38714.2065,306893.2128,303928.2637
688337.SH,20250124,36.99,2.9284,2.9284,1.07,66.5095,71.7806,2.3022,10.7077,9.7996,1.2892,1.2892,19410.403,6573.4735,6573.4735,717990.807,243152.7848
688091.SH,20250124,35.65,0.7778,1.5092,1.12,45.5879,112.2697,5.0585,20.4437,29.382,0.6662,0.6662,20658.924,20658.924,10646.6041,736490.6406,736490.6406
002662.SZ,20250124,3.72,0.9681,1.6699,0.79,11.0833,11.6817,1.305,1.5496,1.6637,2.6882,2.6882,150000.0,149998.11,86961.3328,558000.0,557992.9692
600482.SH,20250124,24.21,0.7418,1.5976,1.04,69.9683,49.0945,1.4152,1.2092,1.107,0.5585,0.5585,225276.2816,225276.2816,104603.7175,5453938.7775,5453938.7775
603713.SH,20250124,51.58,0.5644,1.0906,1.01,19.2175,15.9812,1.9444,0.8499,0.7097,1.0352,1.0352,16069.6431,16066.0656,8313.7929,828872.1911,828687.6636
301210.SZ,20250124,41.29,14.8562,14.8562,1.17,55.6354,72.0085,1.8723,3.0679,2.6898,1.0899,1.0899,8245.6356,3126.9006,3126.9006,340462.2939,129109.7258
300798.SZ,20250124,6.2,6.2681,10.9493,3.11,183.3992,,1.7102,3.0663,3.0724,0.3226,0.3226,46881.0074,37236.7635,21316.6875,290662.2459,230867.9337
688538.SH,20250124,2.24,0.7856,1.093,1.08,,,3.0865,10.1972,6.2494,,,1383200.3883,575223.5725,413426.7785,3098368.8698,1288500.8024
002888.SZ,20250124,18.26,5.3642,7.8815,0.91,,,7.0805,12.2515,11.6339,0.366,0.366,14961.168,7689.1288,5233.2837,273190.9277,140403.4919
000791.SZ,20250124,6.03,0.6364,1.8883,1.24,37.5386,33.6611,1.1133,7.4066,6.9341,0.9001,0.9001,324383.9742,160052.4785,53941.2034,1956035.3644,965116.4454
002625.SZ,20250124,41.07,2.1961,2.9245,0.88,151.792,131.5611,10.0394,59.2519,57.5203,0.5657,0.5657,215584.6569,177847.3192,133548.4132,8854061.8589,7304189.3995
600373.SH,20250124,11.82,1.3097,2.9603,1.25,8.4306,11.4936,0.8956,1.6443,1.6958,6.365,6.365,140272.7307,135506.3719,59952.2687,1658023.6769,1601685.3159
300507.SZ,20250124,6.72,2.2049,3.5384,1.06,43.213,37.4187,2.6188,4.773,4.3162,0.8872,0.8872,79654.8907,77246.8748,48134.8044,535280.8655,519098.9987
605338.SH,20250124,18.12,3.9734,10.875,4.62,21.0268,16.2197,1.978,2.7565,2.6886,2.2266,2.2266,24800.0,24800.0,9061.1,449376.0,449376.0
603489.SH,20250124,22.8,0.9301,3.4522,1.0,41.9084,91.4386,2.0334,3.2519,4.0847,3.1276,3.1276,23501.3003,23501.3003,6331.6864,535829.6468,535829.6468
301303.SZ,20250124,14.78,1.8076,1.8186,1.24,19.2489,16.9966,1.9063,4.4928,4.4793,2.3681,2.3681,40880.0,10220.0,10157.9753,604206.4,151051.6
002158.SZ,20250124,18.31,0.6121,1.5884,0.89,11.3185,10.8002,2.4087,2.5415,2.5747,3.1677,3.1677,53472.4139,53360.2149,20562.4659,979079.8985,977025.5348
688356.SH,20250124,50.13,0.8389,1.6767,1.83,26.2684,63.4461,2.3964,10.4082,13.017,1.1423,1.1423,6065.07,6065.07,3034.5062,304041.9591,304041.9591
002637.SZ,20250124,9.8,2.6822,4.252,1.07,52.4561,49.3163,1.2341,0.4796,0.4649,1.0045,1.0045,47040.1,44272.315,27927.489,460992.98,433868.687
601005.SH,20250124,1.35,1.1517,1.7139,1.17,,,0.6524,0.3062,0.4026,0.0,,891860.2267,838047.5067,563146.5964,1204011.306,1131364.134
920171.BJ,20250124,17.86,8.8818,15.3655,1.33,,,8.352,11.8219,11.6837,,,10023.3235,6592.7008,3810.8175,179016.5577,117745.6363
688443.SH,20250124,25.25,1.6443,1.6443,1.19,,,3.9345,7642.3042,682.7788,,,36668.0,11404.0085,11404.0085,925867.0,287951.2146
301390.SZ,20250124,31.87,3.3906,3.8581,0.91,34.0277,33.0345,2.0076,3.7166,3.3112,1.2551,1.2551,6000.0,2905.073,2553.073,191220.0,92584.6765
300029.SZ,20250124,4.45,1.1788,1.5644,0.99,,,54.6389,2.422,3.2475,0.0,,20050.65,20036.025,15097.315,89225.3925,89160.3113
002910.SZ,20250124,7.24,2.1389,4.0505,0.48,,,1.2496,1.4814,1.5905,0.0,,19553.9347,17106.195,9033.0835,141570.4872,123848.8518
600111.SH,20250124,21.53,0.7782,1.232,0.75,32.8304,55.7678,3.5601,2.3236,2.5829,0.3251,0.3251,361506.5842,361506.5842,228336.5273,7783236.7578,7783236.7578
688410.SH,20250124,10.1,0.8143,1.3964,0.55,16.6854,43.3722,1.9182,4.7026,6.095,1.329,1.329,32131.5646,23455.3572,13677.6243,324528.8025,236899.1077
000627.SZ,20250124,4.21,7.5511,20.6357,1.92,,,0.9542,0.4185,0.494,0.0,,494062.9165,455250.4165,166586.6288,2080004.8785,1916604.2535
300621.SZ,20250124,8.93,2.6587,4.9559,1.46,233.3497,,2.0837,0.1196,0.1392,0.112,0.112,20805.67,19614.7784,10522.752,185794.6331,175159.9711
300919.SZ,20250124,34.38,0.496,1.1177,1.06,16.5508,17.1035,1.6326,0.94,0.8424,3.2062,3.2062,93708.9814,90981.7801,40377.3252,3221714.7805,3127953.5998
301125.SZ,20250124,11.31,4.5841,4.8522,0.97,336.4164,,2.6598,3.466,2.7776,0.189,0.189,14175.792,5897.242,5571.392,160328.2075,66697.807
600776.SH,20250124,10.95,1.099,2.5601,0.97,90.0043,96.9966,3.9788,4.6784,4.6065,0.5571,0.5571,125600.0064,95600.0064,41038.4512,1375320.0701,1046820.0701
600231.SH,20250124,1.73,0.4325,1.4218,1.09,,,0.8282,0.2428,0.2641,0.0,,285216.5135,281918.5135,85747.0501,493424.5684,487719.0284
301102.SZ,20250124,11.64,6.3498,6.3498,0.72,35.2164,58.4196,1.558,7.9128,7.0629,0.8591,0.8591,40600.0,10150.0,10150.0,472584.0,118146.0
600155.SH,20250124,7.02,1.1594,1.3767,0.96,33.777,65.8877,0.7874,5.1988,5.028,0.0,,222442.9877,222442.9877,187332.5683,1561549.7737,1561549.7737
600110.SH,20250124,3.8,0.7933,1.1311,1.01,241.4078,,1.1377,1.4423,1.3683,0.0,,173518.0932,173518.0932,121698.6201,659368.7542,659368.7542
300266.SZ,20250124,2.5,1.3694,2.154,0.76,,,31.202,5.3082,5.254,0.0,,155380.7314,155324.0164,98751.5381,388451.8285,388310.041
000705.SZ,20250124,7.56,1.5303,1.7209,1.01,30.9394,45.6561,1.2803,0.6151,0.6582,0.7937,0.7937,33412.3286,28196.5751,25074.0237,252597.2042,213166.1078
603439.SH,20250124,12.75,0.8396,1.8625,0.67,17.8508,15.8877,3.2602,3.1957,2.4733,1.5627,1.5627,40980.2216,40384.0216,18204.927,522497.8254,514896.2754
300204.SZ,20250124,6.7,1.007,1.8496,0.97,,,3.0991,8.7899,9.1274,0.0,,47777.2555,47164.0766,25679.3078,320107.6119,315999.3132
300328.SZ,20250124,8.0,4.7919,6.5787,1.11,1621.2797,7707.6964,5.0568,3.2359,3.3154,0.0375,0.0375,69042.36,68636.7975,49995.2575,552338.88,549094.38
688151.SH,20250124,14.73,0.6714,0.6714,1.23,640.3038,877.1362,1.2129,8.8598,9.1955,0.1616,0.1616,34450.0,10215.32,10215.32,507448.5,150471.6636
603768.SH,20250124,12.32,2.0807,4.7571,2.34,22.2721,33.7536,1.2044,0.9024,0.8682,0.8929,0.8929,23795.5857,23795.5857,10408.0857,293161.6158,293161.6158
002155.SZ,20250124,17.41,3.5303,5.4365,0.91,42.7875,27.1177,3.1121,0.8981,0.8194,0.7467,0.7467,120203.9474,120191.7817,78048.1698,2092750.7242,2092538.9194
300027.SZ,20250124,2.51,2.8433,3.1822,0.98,,,11.172,10.4529,11.8282,0.0,,277450.5919,248487.8824,222021.7726,696400.9857,623704.5848
688215.SH,20250124,23.14,1.1653,2.9286,0.94,106.7809,114.7089,2.6423,3.2364,3.2491,0.3324,0.3324,5205.2,5205.2,2071.0927,120448.328,120448.328
600800.SH,20250124,2.81,1.5498,3.084,0.76,,,1.6774,0.9671,0.7516,0.0,,111004.5216,110973.0216,55768.1014,311922.7057,311834.1907
600716.SH,20250124,3.25,0.8401,1.7546,0.72,396.5576,,0.5716,4.705,6.0501,0.0,,93606.059,93606.059,44817.7047,304219.6918,304219.6918
002701.SZ,20250124,5.02,0.8187,1.2321,0.76,16.5907,15.4964,1.4202,0.9283,0.9183,2.3904,2.3904,255976.0469,255740.5761,169934.7795,1284999.7554,1283817.692
300979.SZ,20250124,73.31,0.1158,0.9253,0.87,26.7335,22.7747,5.2275,4.2534,3.6691,1.6369,1.6369,116700.0,116699.235,14607.735,8555277.0,8555220.9179
600489.SH,20250124,13.08,0.9234,1.7049,0.95,21.2914,17.8658,2.3783,1.0349,1.0267,3.0734,3.0734,484731.2564,484731.2564,262549.579,6340284.8337,6340284.8337
920014.BJ,20250124,10.7,1.5122,1.6049,0.69,22.2695,22.2966,1.6997,1.9878,1.9604,1.6641,1.6641,12444.8188,4500.1758,4240.1582,133159.5612,48151.8811
003027.SZ,20250124,14.8,1.7421,2.4156,0.8,75.7408,114.2528,1.1497,2.4958,2.9878,0.4082,0.4082,13072.32,10187.1397,7346.8307,193470.336,150769.6676
600377.SH,20250124,14.49,0.2386,1.9277,1.15,16.5403,16.2352,1.9834,4.805,4.1378,3.2436,3.2436,503774.75,380218.3001,47054.5099,7299696.1275,5509363.1684
603163.SH,20250124,27.02,2.0096,2.6169,0.71,19.4963,27.4164,2.5219,1.345,1.3443,2.9608,2.9608,10000.0,3500.275,2688.025,270200.0,94577.4305
000739.SZ,20250124,15.05,0.8305,1.6825,1.76,16.6755,16.3911,2.6746,1.5337,1.4349,2.0997,2.0997,116932.3576,116886.3405,57693.475,1759831.9819,1759139.4245
002314.SZ,20250124,2.22,1.3574,2.1258,0.76,40.8867,,0.6067,0.4986,0.8827,0.0,,270778.2513,133829.6539,85451.265,601127.7179,297101.8317
301353.SZ,20250124,27.58,3.2376,3.2376,1.07,26.6596,29.2717,1.6664,2.9392,2.473,1.0638,1.0638,7600.0,2500.0,2500.0,209608.0,68950.0
600744.SH,20250124,2.96,0.697,1.5655,1.05,,,4.8945,0.6049,0.7313,0.0,,203112.4274,203112.4274,90426.5918,601212.7851,601212.7851
300896.SZ,20250124,171.6,0.9422,1.483,1.13,27.9395,25.6334,6.9586,18.0964,16.8883,0.9627,0.9627,30259.2061,20861.868,13253.9157,5192479.7668,3579896.5488
300687.SZ,20250124,19.45,8.3171,10.2764,2.71,31.3554,36.1587,2.9628,3.539,3.5032,0.5603,0.5603,41012.4969,32538.2345,26334.5314,797693.0647,632868.661
603203.SH,20250124,23.92,0.9501,2.6614,0.61,31.2028,30.137,4.3627,7.5193,6.7542,2.4986,2.4986,24915.3318,24915.3318,8895.1047,595974.7367,595974.7367
600850.SH,20250124,22.81,1.8725,2.8215,1.66,31.4644,29.9954,3.4072,1.5638,1.5372,1.9845,1.9845,68562.0517,61310.2737,40689.019,1563900.3993,1398487.3431
603703.SH,20250124,11.85,2.1374,3.3752,0.78,1381.7082,2351.6959,5.7531,7.5226,6.9564,0.0994,0.0994,41498.212,41498.212,26278.8099,491753.8122,491753.8122
605151.SH,20250124,15.95,0.6264,2.1193,0.53,17.865,26.9986,1.6021,1.6914,1.5053,1.8188,1.8188,13527.67,13455.4222,3976.8137,215766.3365,214613.9841
300281.SZ,20250124,5.62,2.1638,4.1934,1.02,350.5827,247.0242,1.8597,5.1802,4.9252,1.0676,1.0676,41892.358,39732.5912,20502.512,235435.052,223297.1625
300677.SZ,20250124,27.37,6.8063,7.7654,2.43,46.1787,23.9129,1.064,2.5563,1.9706,0.4723,0.4723,64619.3496,46904.1167,41111.539,1768631.5986,1283765.6741
300058.SZ,20250124,9.49,13.4211,13.4211,1.39,205.6761,,3.0138,0.4557,0.3885,0.1037,0.1037,252680.3734,244959.5917,244959.5917,2397936.7436,2324666.5252
002032.SZ,20250124,52.5,0.2707,1.6254,0.98,19.3006,18.6947,7.4979,1.9748,1.8741,5.171,5.171,80135.9733,79991.7371,13323.5467,4207138.5983,4199566.1978
002614.SZ,20250124,6.41,2.2474,2.6014,1.09,38.7244,67.6198,0.9158,0.7945,0.8479,4.6802,4.6802,62347.6647,44101.3804,38100.3781,399648.5307,282689.8484
002816.SZ,20250124,13.2,16.2327,20.5566,2.47,,,5.3866,9.1641,10.6418,0.0,,10000.0,10000.0,7896.57,132000.0,132000.0
000713.SZ,20250124,7.13,2.167,3.0625,0.73,108.8655,,2.3418,1.406,1.5015,0.2805,0.2805,61401.498,61401.498,43447.2078,437792.6807,437792.6807
600420.SH,20250124,11.64,0.6354,1.4485,0.85,22.5635,14.4217,1.194,1.2934,1.3573,1.7182,1.7182,134117.2692,134117.2692,58835.2257,1561125.0135,1561125.0135
301286.SZ,20250124,33.46,2.115,2.1263,0.86,66.0288,75.3566,7.7287,13.1032,13.3197,0.1486,0.1486,40010.0,3972.5,3951.5,1338734.6,132919.85
600423.SH,20250124,3.06,5.6439,8.6135,0.37,33.3647,26.2379,4.4239,17.2231,13.6965,0.0,,79869.5026,79869.5026,52333.4713,244400.678,244400.678
600491.SH,20250124,3.69,1.0586,1.5593,0.61,,,0.5396,0.6269,0.6522,0.0,,152975.7955,152975.7955,103857.2015,564480.6854,564480.6854
300746.SZ,20250124,10.42,1.9252,4.6696,0.76,215.3622,,1.9896,1.0345,1.4097,2.1113,2.1113,22573.8328,22188.4219,9147.9619,235219.3378,231203.3562
688282.SH,20250124,33.28,1.2887,1.6491,0.53,,,2.3386,134.6477,41.6611,,,8800.0,3652.0,2853.8414,292864.0,121538.56
601133.SH,20250124,11.19,3.6607,3.6607,1.03,27.5745,26.4735,2.1152,1.4826,1.1165,1.9532,1.9532,52727.446,14750.0,14750.0,590020.1207,165052.5
301033.SZ,20250124,44.99,1.4843,2.6022,1.42,73.2118,43.8456,4.4496,12.9628,10.8419,0.8783,0.8783,6651.9431,5605.8556,3197.4592,299270.9201,252207.4434
002278.SZ,20250124,5.43,3.9169,5.3354,0.49,80.4366,60.0381,1.7733,2.6571,2.736,0.9172,0.9172,36390.9648,33420.6521,24535.2648,197602.9389,181474.1409
301128.SZ,20250124,59.85,10.2595,10.2595,0.87,79.3275,46.6819,5.1804,6.5589,4.2019,1.1696,1.1696,7388.6622,2862.0181,2862.0181,442211.4327,171291.7833
300869.SZ,20250124,13.11,1.0783,1.7235,0.88,31.7776,,2.7668,7.0526,11.3634,2.2883,2.2883,40180.2977,25156.9244,15739.5705,526763.7028,329807.2789
601633.SH,20250124,24.75,0.3934,2.2602,1.69,30.1593,17.0027,2.7374,1.2226,1.0806,1.2093,1.2093,855616.4379,619295.8879,107795.8879,21176506.838,15327573.2255
603922.SH,20250124,22.3,2.8569,5.422,1.36,650.8044,101.2804,3.9386,8.464,4.801,0.0641,0.0641,17920.0,17920.0,9442.2223,399616.0,399616.0
600789.SH,20250124,8.94,6.9602,9.1357,0.7,32.6362,20.0512,2.0731,1.3071,1.321,1.2287,1.2287,89866.9632,89866.9632,68466.4905,803410.651,803410.651
600916.SH,20250124,8.47,0.6652,1.3706,1.2,14.6172,14.5465,1.9291,0.2525,0.2309,5.3129,5.3129,168000.0,168000.0,81540.0,1422960.0,1422960.0
003016.SZ,20250124,7.1,1.3282,3.9736,0.33,30.3839,,1.1293,1.7299,2.0562,3.1738,3.1738,42852.1612,42678.0537,14264.8114,304250.3445,303014.1813
605189.SH,20250124,12.66,0.7264,2.2449,0.94,18.1573,13.9,1.0646,0.7552,0.656,1.1848,1.1848,14976.633,14976.633,4846.195,189604.1738,189604.1738
301421.SZ,20250124,46.28,6.1894,6.2136,0.85,98.9431,126.6046,4.554,14.7208,14.1212,0.7995,0.7995,11571.8,4630.8485,4612.811,535542.904,214315.6686
300213.SZ,20250124,7.84,3.2047,3.2851,1.29,69.3753,65.7048,2.0941,4.1435,3.9303,0.6327,0.6327,59371.8564,55116.3272,53766.3746,465475.3542,432112.0052
002491.SZ,20250124,4.92,6.7385,11.5228,2.77,25.56,156.3277,2.4454,1.807,2.0477,0.0,,122999.45,117646.8871,68799.4407,605157.294,578822.6845
688234.SH,20250124,56.0,2.3129,4.315,1.66,,145.3436,4.5573,19.2403,14.096,,,42971.1044,30040.8318,16102.0533,2406381.8464,1682286.5808
301255.SZ,20250124,34.36,6.963,6.963,1.1,46.2925,60.5943,3.6252,7.9886,8.2481,1.4552,1.4552,10880.0,2720.0,2720.0,373836.8,93459.2
688138.SH,20250124,27.22,2.4678,8.4301,0.42,54.25,45.4754,5.0727,7.8582,6.7048,0.584,0.584,26680.0,26680.0,7810.3302,726229.6,726229.6
688018.SH,20250124,274.6,3.7945,6.3369,0.65,226.2055,102.6494,15.1278,21.4995,16.5103,0.254,0.254,11220.0431,11220.0431,6718.4289,3081023.8353,3081023.8353
603920.SH,20250124,34.5,3.4971,6.4902,0.95,50.0872,41.0923,3.9804,5.4921,5.1221,1.3267,1.3267,71940.3727,71940.3727,38763.4481,2481942.8582,2481942.8582
601377.SH,20250124,6.08,0.4654,0.6575,0.99,26.7296,30.8273,0.9781,4.9408,4.9622,2.1382,2.1382,863598.7294,863598.7294,611290.5527,5250680.2748,5250680.2748
300916.SZ,20250124,30.22,3.0916,6.0848,1.02,40.2841,28.828,3.3966,4.2478,2.6423,0.9927,0.9927,14464.4007,9233.7891,4691.5465,437114.1892,279045.1066
300039.SZ,20250124,6.1,1.8759,2.7412,0.86,19.4607,18.2922,1.6557,4.0028,4.0876,1.6393,1.6393,104600.0,91692.6226,62749.2337,638060.0,559324.9979
003026.SZ,20250124,30.56,1.8232,3.2702,0.76,,,6.169,11.4202,9.6323,0.0,,13023.1497,8031.6283,4477.9125,397987.4548,245446.5608
688351.SH,20250124,18.09,1.8632,1.8632,0.75,1496.5518,237.1646,4.9188,25.8605,22.1703,,,47060.0,12485.9881,12485.9881,851315.4,225871.5247
301099.SZ,20250124,42.42,4.5817,7.2352,1.22,83.8031,37.7313,3.9034,1.8069,1.4475,0.1242,0.1242,10522.31,6146.51,3892.31,446356.3902,260734.9542
300132.SZ,20250124,4.95,1.4889,1.642,1.01,,93.5982,2.005,1.2983,1.3354,0.0,,51658.0886,50808.1284,46068.9239,255707.5386,251500.2356
605166.SH,20250124,11.62,1.1322,1.7631,1.02,18.6407,13.0878,2.0071,0.6093,0.5258,2.4526,2.4526,31557.2082,31557.2082,20264.4494,366694.7593,366694.7593
600326.SH,20250124,5.97,1.8429,2.4171,0.61,,,2.047,1.9333,2.3783,0.0,,132333.4858,132248.3961,100832.7749,790030.9102,789522.9247
001373.SZ,20250124,27.53,2.8471,4.2566,0.66,53.6699,134.8901,2.1105,2.6485,2.7793,0.8718,0.8718,6868.6888,3313.1732,2216.0722,189095.0027,91211.6582
301337.SZ,20250124,28.32,5.252,5.4426,1.57,64.832,12970.8603,2.6647,8.3998,11.5825,0.7062,0.7062,10420.0,3882.3725,3746.4225,295094.4,109948.7892
300390.SZ,20250124,22.11,1.1456,1.3862,0.82,11.0712,24.1432,1.5404,1.7547,2.6202,4.526,4.526,83075.0788,67232.042,55564.0155,1836789.9923,1486500.4486
301100.SZ,20250124,15.89,1.7538,1.7538,0.94,211.4254,,1.5397,4.2217,3.3849,0.472,0.472,20000.0,5000.0,5000.0,317800.0,79450.0
300706.SZ,20250124,22.36,2.5816,3.6398,0.64,278.6458,409.0419,4.5046,3.5699,2.8763,0.1341,0.1341,15293.6499,11335.3749,8039.8323,341966.0118,253458.9828
600730.SH,20250124,6.15,1.825,2.282,0.9,,192.0513,2.0166,29.2905,28.4738,0.0,,58665.6002,58665.6002,46917.3018,360793.4412,360793.4412
301520.SZ,20250124,37.86,1.9811,1.9811,0.92,23.3505,23.246,1.6994,7.3843,6.3987,1.3207,2.2427,6666.6667,2207.3417,2207.3417,252400.0013,83569.9568
300604.SZ,20250124,45.18,3.7042,4.4529,0.74,627.067,70.5777,8.5899,15.9534,9.1305,0.2213,0.2213,62678.3502,48244.3763,40132.1747,2831807.862,2179680.9212
920675.BJ,20250124,8.63,1.2183,2.0384,0.63,21.6407,21.8393,2.476,2.7561,2.2491,2.3175,2.3175,17217.4,7855.487,4695.047,148586.162,67792.8528
301127.SZ,20250124,14.56,2.0059,2.7403,0.97,33.3179,31.8209,3.1644,4.8378,4.7053,0.7491,0.7491,64696.5838,43489.6087,31834.1082,941982.2601,633208.7027
601298.SH,20250124,9.0,0.181,1.473,0.84,11.866,11.5305,1.4047,3.2146,3.1591,4.5122,4.5122,649110.0,539207.5,66237.6,5841990.0,4852867.5
601117.SH,20250124,7.42,0.481,0.8496,0.78,8.3539,8.1806,0.7495,0.2541,0.2498,2.3989,2.3989,610907.0562,606958.0762,343634.2787,4532930.357,4503628.9254
688209.SH,20250124,18.95,2.1749,4.6669,1.06,276.92,79.2184,4.1887,6.6904,5.8236,0.1449,0.1449,42923.8405,29887.6373,13928.4025,813406.7775,566370.7268
000722.SZ,20250124,9.13,1.0423,2.1505,1.36,85.6691,64.4013,1.3675,14.4892,12.3344,0.5476,0.5476,46415.8282,46415.8282,22496.9877,423776.5115,423776.5115
300710.SZ,20250124,16.9,7.1215,8.9243,1.96,,155.0048,2.5011,4.694,4.5655,0.0,,9949.03,8913.5188,7112.8309,168138.607,150638.4677
600734.SH,20250124,3.93,6.0303,8.2644,2.61,230.1532,154.7713,19.964,25.5179,44.7853,0.0,,217830.3106,216842.8122,158223.7932,856073.1207,852192.2519
301618.SZ,20250124,81.66,6.0947,6.0947,1.26,63.7756,66.3596,5.7047,9.9299,9.4082,,,6443.99,1611.0,1611.0,526216.2234,131554.26
603607.SH,20250124,16.65,2.0699,4.107,1.13,31.8379,27.8991,2.9964,3.9175,3.2913,3.003,3.003,17851.68,17851.68,8997.1052,297230.472,297230.472
300144.SZ,20250124,8.82,1.0718,1.6348,1.07,,208.7909,2.8678,12.0084,9.962,1.1328,1.1328,262267.044,235571.6516,154439.6355,2313195.3281,2077741.9671
000402.SZ,20250124,2.99,2.5704,5.4071,1.46,,,0.268,0.7109,0.5566,0.0,,298892.9907,298822.9902,142054.4529,893690.0422,893480.7407
605162.SH,20250124,7.1,6.164,24.3249,1.11,19.1341,18.5226,2.3267,2.9754,3.0868,2.5351,2.5351,40051.208,40051.208,10149.103,284363.5768,284363.5768
301322.SZ,20250124,22.19,1.136,1.5658,1.16,12.3793,18.0844,1.1595,3.0117,3.715,3.214,4.0816,14676.9897,9731.7699,7060.7624,325682.4014,215947.9741
300009.SZ,20250124,8.18,0.7748,0.8749,1.03,16.1485,17.4836,3.6463,4.7741,4.9469,3.0555,4.2749,167255.3658,122170.0209,108190.8176,1368148.8922,999350.771
603079.SH,20250124,13.66,2.0544,4.5716,1.13,,,1.8661,3.2148,2.952,0.4344,0.4344,17118.8958,17118.8958,7692.9742,233844.1166,233844.1166
300681.SZ,20250124,27.5,5.9462,6.8564,0.8,85.4198,77.7965,3.6202,3.5837,3.0457,0.1076,0.1076,25582.9168,17637.924,15296.3999,703530.212,485042.91
002560.SZ,20250124,6.08,2.5182,2.9182,1.01,38.6813,71.5324,1.2366,0.5735,0.5384,1.6388,1.6388,52573.857,45292.2202,39083.9222,319649.0506,275376.6988
300299.SZ,20250124,6.14,11.3691,15.9824,0.74,492.765,,7.941,12.7939,15.2815,0.0,,69030.0085,68898.3085,49010.7169,423844.2522,423035.6142
002879.SZ,20250124,16.18,6.1398,7.0105,1.02,43.3158,32.939,1.842,2.9981,2.789,1.4802,1.4802,19310.764,13788.4005,12075.9296,312448.1615,223096.3201
920267.BJ,20250124,20.84,2.5857,3.9146,0.77,45.7193,57.4807,3.9687,1.7462,1.7089,0.9117,0.9117,4998.2941,2875.8653,1899.5602,104164.449,59933.0329
920057.BJ,20250124,5.67,1.5344,1.948,0.87,25.6164,56.9164,1.4173,1.0233,1.0895,0.3509,0.3509,18126.3297,11538.5579,9089.0852,102776.2894,65423.6233
300399.SZ,20250124,24.82,14.285,26.7957,1.18,127.8483,134.5155,9.6603,11.0372,10.3506,0.1612,0.1612,19760.0,19758.0725,10533.2027,490443.2,490395.3595
688201.SH,20250124,8.42,2.4421,4.8988,1.62,237.9499,,2.0552,4.8622,5.2702,0.2391,0.2391,31715.3816,30253.0753,15081.4888,267043.5131,254730.894
603387.SH,20250124,7.89,1.304,2.3317,0.4,14.3025,15.8168,1.5412,2.9225,3.2062,2.4081,2.4081,50715.3517,50715.3517,28363.712,400144.1249,400144.1249
300767.SZ,20250124,9.38,2.6561,3.5831,0.84,,,1.552,3.734,5.49,0.0,,27629.1028,23969.7494,17768.6042,259160.9843,224836.2494
300758.SZ,20250124,13.8,6.649,10.6916,0.79,509.2796,41.4722,3.2797,4.6011,3.7791,0.3561,0.3561,40603.8596,35289.3754,21946.134,560333.2625,486993.3805
000528.SZ,20250124,11.54,1.2963,1.2963,1.01,26.8514,17.1069,1.3179,0.8468,0.7963,1.6747,1.6747,201923.1263,148092.8463,148092.8463,2330192.8775,1708991.4463
300133.SZ,20250124,7.35,6.7741,9.2195,1.54,36.5561,63.1766,1.9639,6.1625,8.2412,0.5489,0.5489,190107.3701,162384.2026,119313.1106,1397289.1702,1193523.8891
300956.SZ,20250124,21.92,8.6427,8.7258,0.62,,,2.8503,2.6516,2.3325,0.1677,0.1677,17952.305,8951.6939,8866.5059,393514.5256,196221.1303
600348.SH,20250124,6.77,0.4531,1.0188,0.99,4.7155,8.9567,0.8868,0.8564,0.9589,10.6056,10.6056,360750.0,360750.0,160447.8633,2442277.5,2442277.5
002471.SZ,20250124,2.53,2.0853,2.5466,1.4,13.7968,,2.0689,0.5668,0.5968,1.2253,1.2253,136900.0,130499.6763,106859.0384,346357.0,330164.181
300193.SZ,20250124,9.4,1.9307,2.2686,1.04,22.8035,21.343,2.1365,4.0481,3.7602,6.1552,6.1552,49359.8667,43706.0947,37195.8356,463982.747,410837.2902
300783.SZ,20250124,32.44,4.4003,5.2932,0.74,59.1859,33.2384,4.732,1.8284,1.3409,0.7699,1.155,40100.0,27959.6,23243.2,1300844.0,907009.424
300700.SZ,20250124,8.08,1.613,1.923,0.53,28.4557,,2.7779,3.7732,7.9727,1.0764,1.0764,39604.6023,27054.0419,22693.8974,320005.1866,218596.6586
600873.SH,20250124,9.83,0.5473,0.8105,0.95,8.8159,9.2988,1.9722,1.0102,1.0821,6.0529,6.0529,285278.875,285278.875,192623.2943,2804291.3413,2804291.3413
002932.SZ,20250124,17.73,0.5544,0.6896,1.08,55.0223,390.2325,0.7009,5.5002,11.8049,0.8246,0.8246,23252.0957,15608.5161,12548.342,412259.6568,276738.9905
002597.SZ,20250124,23.88,0.6052,1.0971,0.67,19.3294,24.757,1.8239,2.5627,2.5875,0.8063,0.8063,56997.5078,56720.9166,31290.5893,1361100.4863,1354495.4884
920751.BJ,20250124,12.99,1.6018,2.5471,0.72,32.5389,27.0678,3.0237,5.8998,5.2856,2.3095,2.3095,8678.0,8306.7125,5223.7125,112727.22,107904.1954
601869.SH,20250124,38.35,3.5047,13.3624,1.9,22.4024,29.3656,2.5089,2.1768,2.4185,1.3403,1.3403,75790.5108,40633.8314,10657.351,2906566.0892,1558307.4342
600777.SH,20250124,2.69,4.2887,5.457,14.86,7.048,7.7064,0.8476,2.0673,2.0799,0.0,,680049.5825,636615.2391,500325.8436,1829333.3769,1712494.9932
600759.SH,20250124,2.15,3.2268,4.0601,0.97,7.0238,6.5283,1.0811,3.2718,3.4283,0.0,,414900.928,414368.578,329319.2333,892036.9952,890892.4427
603059.SH,20250124,20.89,0.7882,3.111,0.59,22.6817,27.9145,1.8783,1.9675,1.6877,0.9574,0.9574,10044.87,10044.87,2544.87,209837.3343,209837.3343
600096.SH,20250124,22.85,2.5322,4.0921,2.6,9.2686,7.9962,1.9526,0.6069,0.6708,4.3493,4.3493,183432.8747,183432.8747,113507.4455,4191441.1869,4191441.1869
601811.SH,20250124,14.81,0.4393,3.0199,1.04,11.5716,11.9444,1.3432,1.5396,1.4836,5.1992,3.9838,123384.1,79190.39,11518.543,1827318.521,1172809.6759
600355.SH,20250124,2.8,7.5837,8.962,0.56,,,9.4883,9.7746,9.7084,0.0,,49208.92,49208.92,41640.92,137784.976,137784.976
300534.SZ,20250124,8.15,1.7269,2.7696,1.01,40.1031,62.4511,3.825,2.289,2.302,0.4908,0.4908,30334.5,30205.1488,18833.9461,247226.175,246171.9627
300525.SZ,20250124,14.7,2.8354,3.3272,1.51,34.0357,32.3697,4.7546,5.4385,5.0843,1.2707,1.2707,75632.6001,61739.541,52612.3542,1111799.2215,907571.2527
300948.SZ,20250124,9.19,1.3386,2.5129,0.9,37.6587,,1.5347,3.4132,5.6079,0.6456,0.6456,14003.0118,13080.5681,6968.0118,128687.6784,120210.4208
920454.BJ,20250124,12.46,2.5676,4.1596,1.07,62.4087,64.6975,4.2174,8.7093,11.0313,0.8026,0.8026,10510.0,6317.9125,3899.8,130954.6,78721.1898
605299.SH,20250124,8.24,0.6223,2.2635,0.71,26.2993,27.5961,2.7298,2.3848,2.4077,3.6102,3.6102,41162.9449,41092.9449,11298.1633,339182.666,338605.866
300663.SZ,20250124,17.04,8.5557,9.4764,2.87,,,6.3873,6.9715,6.9694,0.0,,47843.7351,42836.3913,38674.3634,815257.2461,729932.1078
688597.SH,20250124,10.36,1.4634,2.062,0.64,68.0143,32.1849,3.3052,4.5568,3.5232,0.4468,0.4468,24710.1285,24710.1285,17536.7787,255996.9313,255996.9313
301489.SZ,20250124,63.35,6.492,6.492,1.23,66.9557,62.2681,3.5729,8.4148,6.8149,0.4009,0.4009,5768.1334,3400.0341,3400.0341,365411.2509,215392.1602
600035.SH,20250124,4.3,0.7504,1.63,1.4,7.3478,8.6502,0.8099,2.1662,1.9152,4.4186,4.4186,161011.5901,161011.5901,74122.5182,692349.8374,692349.8374
300293.SZ,20250124,22.24,2.7412,4.4959,0.8,,,8.177,5.2205,5.685,0.0,,33843.8106,28033.5917,17092.4617,752686.3477,623467.0794
002336.SZ,20250124,5.61,0.3946,1.6192,0.39,,,,0.8653,1.3302,0.0,,44000.0,44000.0,10723.2034,246840.0,246840.0
002970.SZ,20250124,44.62,6.5934,11.2984,2.22,77.5324,32.8104,5.0102,4.6513,3.3192,1.7502,1.7502,17713.3911,11599.2585,6769.0015,790371.5109,517558.9143
600183.SH,20250124,30.62,2.6492,5.4994,0.9,63.9066,45.4323,5.184,4.4849,3.9185,1.4304,1.4304,242936.053,237133.8882,114231.59,7438701.9429,7261039.6567
688216.SH,20250124,20.74,0.8906,2.173,0.88,,,3.2152,4.0077,3.448,,,10710.85,10627.0,4355.4602,222143.029,220403.98
600470.SH,20250124,5.36,2.1429,2.8761,0.51,122.8828,38.5423,1.51,0.4033,0.431,0.0,,52160.0,52160.0,38862.8256,279577.6,279577.6
301368.SZ,20250124,61.95,30.8223,30.8223,1.37,308.8405,721.9025,7.6253,17.3301,15.3824,0.1372,0.1372,12010.0,6412.144,6412.144,744019.5,397232.3208
600847.SH,20250124,8.22,1.4952,2.1214,0.78,,,1.9741,2.3668,2.4579,0.0,,15328.74,15328.74,10804.3383,126002.2428,126002.2428
300414.SZ,20250124,7.86,1.2117,2.1544,0.87,100.0668,,2.6233,4.6172,5.7983,0.1908,0.1908,32601.9466,31353.983,17634.0413,256251.3003,246442.3064
000415.SZ,20250124,3.61,1.9317,2.7815,1.01,17.4247,11.0384,0.7328,0.663,0.6278,0.0,,618452.1282,539271.251,374512.6274,2232612.1828,1946769.2161
000429.SZ,20250124,12.71,0.6939,1.8167,0.8,16.2651,17.0116,2.5386,5.4466,5.815,4.3037,4.3037,209080.6126,130332.9906,49783.9954,2657414.5861,1656532.3105
601952.SH,20250124,9.5,0.6122,1.9037,1.39,16.0389,17.9698,1.9076,1.0758,1.1943,3.7895,3.7895,137800.0,137800.0,44310.3574,1309100.0,1309100.0
300192.SZ,20250124,16.56,14.1655,14.9878,1.08,39.3513,37.5396,7.0762,7.0673,6.9091,2.5362,3.1401,32914.3329,21017.0831,19864.0833,545061.3528,348042.8961
300693.SZ,20250124,31.2,12.3773,13.9229,1.2,24.0944,24.2468,5.851,3.6612,3.221,1.0551,1.0551,31108.541,26619.8555,23664.7586,970586.4792,830539.4916
301292.SZ,20250124,12.86,1.5842,1.5842,1.0,90.6043,,0.9868,0.8521,0.8415,0.0,,22279.5778,8511.9956,8511.9956,286515.3705,109464.2634
688110.SH,20250124,25.96,2.8427,4.6688,0.82,,,3.5267,21.6379,18.9312,,,44224.9758,44224.9758,26927.2988,1148080.3718,1148080.3718
002005.SZ,20250124,1.69,1.0069,1.6115,1.78,,,9.2105,3.7624,3.9876,0.0,,175242.4858,175242.4858,109495.2615,296159.801,296159.801
002151.SZ,20250124,24.94,1.1096,1.1992,0.95,84.1001,185.1484,2.4774,3.3207,6.7654,0.5959,0.5959,54353.2558,44290.7053,40979.9288,1355570.1997,1104610.1902
300393.SZ,20250124,5.78,2.3091,2.8884,1.8,11.961,,1.5879,0.5137,0.8917,2.3875,2.3875,108962.7358,95406.8487,76269.4901,629804.6129,551451.5855
300675.SZ,20250124,14.3,1.7723,3.4662,0.74,88.771,64.8376,3.6893,5.0399,5.2513,0.2797,0.2797,14666.67,14666.67,7499.2957,209733.381,209733.381
002859.SZ,20250124,19.27,0.9003,1.9332,0.79,32.4845,31.8975,2.9438,5.2813,4.6461,1.6461,1.6461,43091.2639,40558.5876,18888.5555,830368.6554,781563.9831
000557.SZ,20250124,5.04,0.7245,1.386,1.1,30.3225,27.2479,1.2098,4.4138,5.031,0.0,,145837.4735,145791.6198,76206.9067,735020.8664,734789.7638
688500.SH,20250124,29.87,2.3831,3.6835,1.88,,,3.0179,4.1128,4.6861,,,7427.451,7427.451,4805.2195,221857.9614,221857.9614
002255.SZ,20250124,6.18,4.005,4.2125,0.68,15.0894,14.7985,1.2944,1.837,1.8332,0.0,,83088.1055,63797.2243,60655.1205,513484.492,394266.8462
002059.SZ,20250124,5.03,1.1703,2.6267,0.83,,,3.1901,7.0803,6.3898,0.0,,101243.4813,101243.4813,45107.2907,509254.7109,509254.7109
301006.SZ,20250124,13.76,1.0513,1.7054,0.82,17.0694,27.9286,1.5754,5.0167,5.816,2.1802,2.1802,13928.0,8608.61,5306.66,191649.28,118454.4736
002793.SZ,20250124,3.64,1.0581,1.8373,0.8,,,1.8815,1.6747,1.637,0.0,,108758.8486,108593.8944,62536.1128,395882.2089,395281.7756
688025.SH,20250124,49.74,1.2035,1.9412,0.83,44.0148,37.2973,2.3633,3.8574,3.3965,0.7016,0.7016,9504.9423,9504.9423,5892.8513,472775.83,472775.83
603357.SH,20250124,8.7,0.8826,1.7031,1.18,9.9916,11.3966,1.3668,1.44,1.3382,4.023,4.023,56078.3805,55058.9276,28535.0876,487881.9104,479012.6701
688233.SH,20250124,23.78,1.2645,2.2698,0.91,,,2.2765,29.9917,17.611,,,17030.5736,17030.5736,9487.8142,404987.0402,404987.0402
600563.SH,20250124,122.71,1.1785,2.0527,0.88,26.9613,25.4639,5.496,7.1163,6.2081,1.6299,1.6299,22500.0,22500.0,12917.9776,2760975.0,2760975.0
688016.SH,20250124,106.4,1.4174,2.3749,0.82,26.6333,19.9516,3.5599,11.047,10.3406,3.4431,3.4431,12326.2117,12326.2117,7356.6247,1311508.9249,1311508.9249
603630.SH,20250124,12.19,1.1412,2.8412,0.74,41.9127,62.0882,1.4185,3.1929,3.0065,2.2725,2.2725,22520.458,22520.458,9045.9628,274524.383,274524.383
300709.SZ,20250124,40.74,6.2916,7.153,1.03,45.5936,50.7798,3.5399,3.4527,3.5333,0.3927,0.3927,18607.6681,14887.8946,13095.2006,758076.3984,606532.826
600981.SH,20250124,2.54,2.5174,7.7241,0.49,,,1.2069,0.1186,0.1152,0.0,,224243.3192,224243.3192,73084.2181,569578.0308,569578.0308
300888.SZ,20250124,40.22,1.9615,1.9615,0.99,40.3535,,2.0612,2.8615,2.8408,2.2377,2.2377,58232.9808,17550.5681,17550.5681,2342130.4878,705883.849
600176.SH,20250124,10.89,0.5312,0.9421,0.76,14.3193,22.8999,1.5023,2.9305,2.8904,2.5253,2.5253,400313.6728,400313.6728,225709.0448,4359415.8968,4359415.8968
600637.SH,20250124,7.45,0.5956,1.1174,1.3,41.614,46.8649,0.8388,3.1412,3.3153,2.4161,2.4161,336189.9817,336189.9817,179206.9386,2504615.3637,2504615.3637
300857.SZ,20250124,106.86,7.5017,12.5811,1.59,91.2258,40.4134,8.6185,5.6266,3.8404,0.1042,0.1042,24525.5146,24455.9896,14582.3875,2620796.4902,2613367.0487
600032.SH,20250124,7.01,0.1925,0.8691,0.99,26.8782,23.5558,1.3519,3.7266,3.4086,1.7974,1.7974,240467.5324,240467.5324,53267.5324,1685677.4021,1685677.4021
300138.SZ,20250124,8.34,0.77,0.8574,0.88,8.3987,27.9849,1.566,0.5863,0.5816,1.6112,1.6112,48310.0093,39831.3292,35771.0914,402905.4776,332193.2855
300868.SZ,20250124,26.84,1.3401,1.8706,0.78,,,2.2438,5.0785,4.4796,0.0,,12800.0,8056.0433,5771.1761,343552.0,216224.2022
688078.SH,20250124,26.29,1.7021,3.3513,1.97,22.7273,27.5406,2.5321,4.8379,5.3411,1.3535,1.3535,7289.3,7289.3,3702.2115,191635.697,191635.697
920017.BJ,20250124,14.02,0.8051,1.4405,0.73,18.4902,17.3695,1.1261,2.3746,2.557,1.7737,1.7737,12228.82,12106.42,6766.224,171448.0564,169732.0084
920627.BJ,20250124,20.0,3.1933,5.5572,0.46,68.3276,89.4347,4.353,3.2202,2.7899,1.5,1.5,9445.0,4681.75,2690.27,188900.0,93635.0
301395.SZ,20250124,11.26,0.9111,0.9111,0.87,40.9469,36.5999,1.4758,1.1546,1.1129,6.3436,6.3436,20288.8,11503.8,11503.8,228451.888,129532.788
002230.SZ,20250124,49.82,4.0881,4.9915,2.47,175.2143,537.561,6.9849,5.861,5.2623,0.1991,0.1991,231173.4185,218920.428,179296.1095,11517059.7097,10906615.723
300984.SZ,20250124,63.56,9.4733,13.2272,0.79,148.752,211.7571,5.7809,5.6745,5.1292,0.2039,0.2039,8824.9002,5748.5398,4117.0794,560910.6567,365377.1897
002387.SZ,20250124,9.22,1.017,1.6973,0.73,,,2.0857,2.1733,1.6826,0.0,,139680.9613,139480.7161,83572.6526,1287858.4632,1286012.2024
603918.SH,20250124,12.7,5.9556,7.9299,1.47,181.6875,,4.5031,4.9943,6.7687,0.3142,0.3142,36652.2926,36622.8626,27504.9021,465484.116,465110.355
001229.SZ,20250124,35.46,7.8559,7.8559,0.89,40.7094,44.8376,3.6751,16.7477,18.7233,1.692,1.692,10000.0,2940.5909,2940.5909,354600.0,104273.3533
002540.SZ,20250124,5.88,0.6265,0.8915,0.93,13.0114,14.1827,1.3745,1.0345,0.9544,8.1381,8.1381,125106.8591,86879.2366,61054.2834,735628.3315,510849.9112
600186.SH,20250124,5.24,8.4517,10.49,0.8,72.3755,46.9065,5.4807,4.4763,3.8843,0.0,,179457.2141,178671.0441,143953.4246,940355.8019,936236.2711
300737.SZ,20250124,4.69,1.2192,1.8261,0.95,,,1.0637,0.6553,0.7611,1.7058,1.7058,110996.7662,85316.5575,56963.1479,520574.8335,400134.6547
600708.SH,20250124,3.55,1.7621,3.6762,1.04,233.8125,,0.7585,0.9194,1.3594,0.1408,0.1408,222863.6743,222527.7771,106661.6507,791166.0438,789973.6087
003012.SZ,20250124,6.04,0.5606,1.3399,1.42,9.7,17.4738,0.9337,0.8991,1.0391,4.9631,4.9631,115698.1158,114488.4978,47902.31,698816.6194,691510.5267
002941.SZ,20250124,10.73,1.0778,2.507,1.16,20.7509,23.0668,2.1007,0.856,1.0165,1.49,1.49,64557.9952,64557.9952,27753.9751,692707.2885,692707.2885
000063.SZ,20250124,42.92,6.6547,8.7344,0.91,22.0153,21.8624,2.8391,1.6524,1.6438,1.5912,1.5912,478353.4887,402737.371,306843.331,20530931.735,17285487.9633
600918.SH,20250124,6.3,0.4669,0.6721,0.99,24.3929,107.2947,1.1802,3.4401,4.0239,0.6349,0.6349,696862.5756,397280.9819,275994.1326,4390234.2263,2502870.186
600520.SH,20250124,31.48,5.4958,7.0584,0.79,,190.126,13.3171,15.082,16.2587,0.0,,15843.0,15843.0,12335.6667,498737.64,498737.64
600483.SH,20250124,9.1,0.4831,1.3796,1.15,9.6434,9.1646,1.041,1.7216,1.7069,3.1623,3.1623,278013.78,278013.78,97353.9647,2529925.398,2529925.398
688480.SH,20250124,28.28,1.2626,1.859,1.0,29.8449,15.0327,2.5812,3.3347,2.7147,1.768,1.768,9532.6179,6384.6179,4336.3494,269582.4342,180556.9942
002276.SZ,20250124,8.74,5.5551,7.4833,1.83,15.9611,26.6971,1.5705,0.5863,0.5406,0.6297,0.6297,101428.9836,100508.3336,74610.7513,886489.3167,878442.8357
688352.SH,20250124,11.68,1.8679,1.8679,0.91,37.3671,39.1095,2.3527,8.5237,7.243,1.2842,1.2842,118903.7288,35988.1123,35988.1123,1388795.5524,420341.1517
605077.SH,20250124,13.94,0.3846,0.6167,0.82,11.4792,15.0345,1.4484,1.5323,1.498,3.8515,3.8515,30588.0934,29942.7734,18675.8487,426398.022,417402.2612
002517.SZ,20250124,13.93,1.6728,1.86,0.74,20.5133,18.0689,4.9503,6.9806,5.7735,1.4185,1.4185,215251.7634,190690.8123,171492.4432,2998457.0642,2656323.0153
301220.SZ,20250124,44.7,12.3391,13.9829,1.34,45.058,64.1555,2.2328,5.7313,4.9371,0.4426,0.4426,8080.0,4710.9999,4157.1699,361176.0,210581.6955
301212.SZ,20250124,21.1,3.2817,3.2817,0.44,32.0449,131.1453,1.7061,3.4422,3.9676,0.9384,0.9384,10800.0,2700.0,2700.0,227880.0,56970.0
300042.SZ,20250124,18.22,2.9454,4.298,0.84,,,3.4438,3.3572,5.6877,0.0,,20040.0,20040.0,13733.42,365128.8,365128.8
688450.SH,20250124,21.61,0.7755,1.4835,1.01,30.377,1784.7257,1.3583,4.685,6.5347,1.018,1.018,6600.0,4817.7235,2518.2833,142626.0,104111.0048
601136.SH,20250124,20.45,5.3052,5.3052,1.19,79.734,56.3994,4.3514,29.0134,22.5199,0.7579,0.7579,273333.38,48148.38,48148.38,5589667.621,984634.371
002773.SZ,20250124,19.1,0.5668,1.2189,0.93,16.815,14.7243,2.0826,4.4392,4.0201,1.9888,1.9888,91977.8254,68534.0829,31868.4454,1756776.4651,1309000.9834
600329.SH,20250124,30.0,0.5207,1.2242,1.41,23.4141,24.7786,3.5987,2.8098,2.8734,4.2671,4.2671,77009.4356,56708.9356,24123.3828,2310283.068,1701268.068
920541.BJ,20250124,11.19,1.4787,2.2438,0.61,39.3223,32.2928,3.9751,6.1417,6.105,1.9865,1.9865,13670.0,9005.8684,5934.8484,152967.3,100775.6674
600336.SH,20250124,6.4,1.3997,2.2814,1.02,91.1005,,2.0591,0.5489,0.6027,0.4688,0.4688,79801.4769,79801.4769,48959.7544,510729.4522,510729.4522
603150.SH,20250124,26.89,0.8345,1.0865,0.74,16.967,16.2557,1.4984,0.8964,0.7089,0.0,,8548.3,5351.638,4110.532,229863.787,143905.5458
920547.BJ,20250124,15.59,1.9998,2.9697,0.93,22.6784,29.138,1.8571,3.113,3.541,1.6036,1.6036,7768.8,3560.4,2397.6,121115.592,55506.636
601199.SH,20250124,5.26,0.765,2.1639,2.09,15.2115,14.5117,1.2717,3.6064,3.4605,2.3574,2.3574,93521.0292,93521.0292,33061.844,491920.6136,491920.6136
600936.SH,20250124,3.03,4.7863,7.29,1.39,,,5.4641,3.6065,4.068,0.0,,167102.6239,167102.6239,109713.4757,506320.9504,506320.9504
003004.SZ,20250124,24.18,3.3378,6.8407,1.34,78.9568,136.7802,2.9053,7.0743,7.2937,0.8208,0.8208,8185.4452,6958.0927,3395.0771,197924.0649,168246.6815
600161.SH,20250124,20.72,0.5355,1.0536,0.56,36.9146,26.4769,3.6788,7.9088,6.7906,0.6033,0.6033,197737.1446,197737.1446,100505.3523,4097113.6361,4097113.6361
002185.SZ,20250124,11.58,2.1605,2.7956,1.31,163.9599,74.1428,2.2553,3.2844,2.6966,0.19,0.19,320448.4648,320373.9793,247589.5385,3710793.2224,3709930.6803
002142.SZ,20250124,25.88,0.3252,0.644,1.14,6.6928,6.3548,0.8659,2.775,2.6251,2.3184,2.3184,660359.0792,652359.8179,329445.5547,17090092.9697,16883072.0873
002098.SZ,20250124,8.14,0.5521,1.3043,0.75,24.1577,15.2694,2.2534,1.4189,1.1744,1.3514,1.3514,35800.0,35800.0,15153.7318,291412.0,291412.0
002337.SZ,20250124,5.18,2.5497,4.0593,0.58,48.2135,61.4297,2.3981,4.5014,3.6631,0.6331,0.6331,58861.575,58799.6532,36933.5732,304902.9585,304582.2036
002295.SZ,20250124,7.23,8.6904,12.4217,4.69,75.5783,71.2389,1.3417,0.6682,0.5519,0.6916,0.6916,25061.6,25029.4,17510.93,181195.368,180962.562
600080.SH,20250124,6.96,2.4376,3.6227,1.16,,,1.7095,4.5949,4.4675,0.0,,37327.0285,37327.0285,25115.9237,259796.1184,259796.1184
601908.SH,20250124,2.67,1.3695,2.5348,1.04,27.3228,,0.6465,0.6139,0.9985,0.4869,0.4869,241460.2861,241460.2861,130460.4193,644698.9639,644698.9639
300074.SZ,20250124,3.91,2.5095,2.9638,0.93,194.9788,,2.0893,3.9991,5.1718,0.0,,54358.32,54184.4569,45878.2791,212541.0312,211861.2265
600179.SH,20250124,2.69,0.6736,0.9228,1.3,20.0516,34.2335,1.1027,1.55,1.5653,0.0,,423152.6979,373423.6495,272563.3988,1138280.7574,1004509.6172
920123.BJ,20250124,13.77,3.0939,4.6484,0.66,28.7048,29.9837,3.0833,2.5209,1.8913,1.4524,1.4524,8580.0,3426.641,2280.7553,118146.6,47184.8466
300937.SZ,20250124,24.17,2.4473,3.7255,0.84,38.8407,99.2123,2.7297,0.5219,0.5192,0.9102,0.9102,9566.6682,6264.7872,4115.4571,231226.3704,151419.9066
603960.SH,20250124,19.32,2.2438,3.6032,0.91,54.9554,60.8956,4.678,7.3837,7.7727,0.6937,0.6937,26302.35,26219.79,16327.4491,508161.402,506566.3428
603689.SH,20250124,8.59,0.4067,1.2933,1.03,12.2488,12.923,1.3161,0.6903,0.7349,3.9712,3.9712,49047.9944,48288.4944,15185.7136,421322.2719,414798.1669
603002.SH,20250124,5.67,2.844,5.8959,0.5,74.2224,104.8175,1.8754,2.8701,2.9899,0.8818,0.8818,113407.8509,110216.3616,53164.5774,643022.5146,624926.7703
600584.SH,20250124,40.63,4.0306,5.2026,0.89,49.4347,46.208,2.7104,2.4512,2.1253,0.2461,0.2461,178941.457,178941.457,138629.1648,7270391.3979,7270391.3979
688606.SH,20250124,68.37,0.7216,1.728,0.7,30.0174,19.6011,1.4404,7.1823,6.669,4.2917,4.2917,7928.0855,7928.0855,3310.5077,542043.2056,542043.2056
002766.SZ,20250124,6.2,2.5725,5.9513,0.53,163.8902,93.2661,6.9401,4.2407,3.4196,0.0,,86174.0401,85075.3136,36774.6923,534279.0486,527466.9443
002115.SZ,20250124,6.72,23.9928,26.5713,1.35,98.3896,,2.3386,0.4364,0.4924,0.0,,81099.1332,75219.5532,67920.2977,544986.1751,505475.3975
300904.SZ,20250124,52.29,3.948,3.948,0.86,91.8638,116.751,4.7439,6.8425,8.1487,1.071,1.071,7238.3232,2198.3232,2198.3232,378491.9201,114950.3201
688700.SH,20250124,25.97,1.6771,2.6252,1.21,51.1762,109.5237,4.4724,8.5231,10.2222,0.7395,0.7395,29840.136,29840.136,19063.3714,774948.3319,774948.3319
002408.SZ,20250124,4.82,0.4257,0.9583,1.15,,,1.2018,0.509,0.5473,2.6895,2.6895,284284.1593,272056.0957,120859.6794,1370249.6478,1311310.3813
301488.SZ,20250124,54.42,3.5118,3.5118,0.87,44.0845,43.7341,3.9194,4.1663,3.8073,0.9188,0.9188,9200.0,2341.5,2341.5,500664.0,127424.43
603208.SH,20250124,16.91,0.7097,1.8677,0.67,7.6835,11.4297,2.2385,0.8015,0.9106,10.4494,10.4494,17717.2674,17717.2674,6732.2674,299598.9917,299598.9917
688122.SH,20250124,42.95,0.8595,1.28,1.11,37.0868,36.075,4.32,6.7094,6.4803,1.6298,1.8626,64966.4497,64966.4497,43626.2684,2790309.0146,2790309.0146
920227.BJ,20250124,50.44,5.8678,9.6453,0.58,46.2403,47.5143,4.901,17.2093,13.9502,1.9826,1.9826,3894.15,1762.3704,1072.1521,196420.926,88893.963
688681.SH,20250124,11.82,3.027,4.7295,1.54,97.2756,52.9754,2.2121,3.5964,3.1101,1.2591,1.2591,10467.0,10467.0,6699.1685,123719.94,123719.94
002935.SZ,20250124,15.09,1.3093,2.2969,1.2,73.844,80.8027,4.1617,5.8057,6.1704,0.4442,0.4442,42665.2824,41509.0885,23660.9253,643819.1114,626372.1455
600496.SH,20250124,2.9,0.8789,1.1987,1.05,10.6445,11.9575,0.6691,0.3536,0.3434,2.0456,2.0456,201288.9966,201288.9966,147582.0362,583738.0901,583738.0901
300966.SZ,20250124,15.38,1.6495,2.1784,1.04,77.07,,2.1063,3.1303,3.2428,0.104,0.104,11527.9416,7513.2291,5689.1391,177299.7418,115553.4636
920685.BJ,20250124,10.4,0.4255,0.578,0.45,16.352,22.439,1.8332,4.9884,5.6582,3.7353,3.7353,9151.5941,5464.2487,4022.242,95176.5786,56828.1865
300504.SZ,20250124,15.57,2.94,5.5891,1.21,41.9072,271.572,1.8893,1.652,2.1079,1.2912,1.2912,27102.458,21826.2631,11481.0786,421985.2711,339834.9165
002223.SZ,20250124,35.01,0.5049,0.8315,0.79,14.6489,20.2081,2.8927,4.4026,4.7838,3.426,3.426,100247.6929,93867.3649,56990.4202,3509671.7284,3286296.4451
002036.SZ,20250124,9.15,2.3877,2.6151,0.77,,,3.6981,0.9843,0.923,0.0,,105937.0243,105320.5811,96162.1499,969323.7723,963683.3171
688207.SH,20250124,14.57,3.7177,4.2161,1.79,,,1.7641,14.386,38.3627,,,25897.3147,17866.2786,15754.3024,377323.8752,260311.6792
002401.SZ,20250124,14.79,1.436,2.8244,1.13,29.1168,37.6974,3.2684,3.0957,3.263,1.2178,1.2178,37166.844,37020.8136,18822.3736,549697.6228,547537.8331
688137.SH,20250124,31.41,1.0252,1.4852,1.87,171.6197,,1.0325,14.3886,16.3804,1.5918,1.5918,7017.5439,3267.5439,2255.5439,220421.0539,102633.5539
600644.SH,20250124,6.1,0.6585,1.7934,0.95,135.1612,153.0796,1.7388,1.1,1.0557,0.0,,53840.0659,53840.0659,19770.2085,328424.402,328424.402
301160.SZ,20250124,62.63,6.8778,7.1499,0.66,25.2914,25.1122,3.2115,3.7506,3.4278,1.5366,1.5366,8105.3314,4417.8167,4249.7167,507636.9056,276687.8599
600160.SH,20250124,25.58,0.7268,1.5608,0.63,73.1946,47.4869,4.047,3.3434,3.0626,0.43,0.43,269974.6081,269974.6081,125717.8086,6905950.4752,6905950.4752
002843.SZ,20250124,24.94,7.687,15.2648,0.74,47.6274,65.7025,4.4972,3.4356,3.6188,0.7979,0.7979,25411.1562,25079.2562,12629.2562,633754.2356,625476.6496
603803.SH,20250124,11.09,22.4435,39.8171,1.7,,,2.8293,2.9274,3.133,0.0,,42923.3057,42488.3557,23949.2352,476019.4602,471195.8647
600617.SH,20250124,2.39,0.7378,1.8777,0.79,59.1236,41.8229,1.3191,0.2681,0.2678,4.3335,4.3335,192919.1776,177554.2689,69769.0395,461076.8345,424354.7027
600382.SH,20250124,4.57,2.2607,4.1227,2.48,20.5694,,1.0942,4.6506,6.9157,4.0,4.0,69440.8089,69440.8089,38078.572,317344.4967,317344.4967
603725.SH,20250124,6.51,1.119,1.8576,1.15,16.409,15.7167,2.6846,0.6317,0.638,1.8525,1.8525,30485.768,28665.768,17267.8664,198462.3497,186614.1497
300689.SZ,20250124,25.7,0.8101,1.9233,0.64,333.1513,,4.478,7.5351,8.7804,0.1611,0.1611,11560.0,10118.2924,4261.7679,297092.0,260040.1147
002046.SZ,20250124,13.53,4.2411,8.4666,1.06,27.6431,32.1698,2.1128,2.57,2.8099,1.4787,1.4787,52876.2514,52586.9983,26341.7325,715415.6814,711502.087
000598.SZ,20250124,7.1,0.421,0.9948,0.98,11.4947,10.7043,1.1912,2.6203,2.4615,2.3948,2.3948,298443.4721,297480.5721,125886.293,2118948.6519,2112112.0619
920374.BJ,20250124,31.6,8.6274,8.68,0.71,95.01,94.3525,10.1602,13.6582,12.4039,0.3766,0.3766,8151.8,3368.9881,3348.5485,257596.88,106460.024
002706.SZ,20250124,6.96,2.3022,2.5949,0.65,15.2982,19.2006,1.9056,1.7049,1.8375,3.592,3.592,112312.502,91469.0278,81150.7467,781695.0139,636624.4335
000488.SZ,20250124,2.53,4.0416,5.5872,3.04,,,0.4678,0.2797,0.2786,0.0,,294145.62,167582.453,121223.16,744188.4186,423983.6061
603392.SH,20250124,68.46,0.1251,0.4718,0.88,69.4171,,6.9716,15.7165,34.7833,0.4681,0.4681,126512.2774,126512.2774,33536.3775,8661030.5108,8661030.5108
600362.SH,20250124,21.12,0.8209,1.9586,1.12,11.2424,11.1715,0.9636,0.1401,0.141,2.8266,2.8266,346272.9405,207524.7405,86976.8295,7313284.5034,4382922.5194
603041.SH,20250124,11.17,0.6143,1.0389,0.75,18.5982,18.9872,1.3633,4.0833,3.5882,1.771,1.771,18314.7692,18314.7692,10828.2692,204575.972,204575.972
002835.SZ,20250124,19.04,3.5758,5.3546,0.75,27.7511,20.0399,3.6907,3.8503,3.5257,1.0988,1.0988,21949.3931,12728.3877,8500.0507,417916.4446,242348.5018
920770.BJ,20250124,18.21,10.4933,14.502,1.41,44.1781,59.4915,4.0222,6.873,13.1477,0.2746,0.2746,13013.2175,8189.38,5925.6341,236970.6907,149128.6098
688080.SH,20250124,35.6,1.9078,2.8547,0.98,27.9841,24.2498,2.6452,5.3294,4.784,0.4759,0.4759,7385.1842,7385.1842,4935.6224,262912.5575,262912.5575
688077.SH,20250124,22.72,2.5016,4.3067,0.95,,130.1155,2.4461,1.8187,1.9039,0.7681,0.7681,11447.8504,11447.8504,6649.557,260095.1611,260095.1611
688178.SH,20250124,13.5,1.1584,2.4039,1.29,,,1.0284,1.4194,1.8899,,,8513.4666,8499.7844,4095.9732,114931.7991,114747.0894
688396.SH,20250124,46.42,0.3854,1.1475,0.82,41.5325,66.6051,2.7816,6.2054,6.2422,0.2408,0.2408,132351.7004,132351.7004,44453.4858,6143765.9326,6143765.9326
002531.SZ,20250124,7.35,1.7195,3.4918,0.6,16.6078,35.9939,1.4603,1.7093,2.7061,1.0204,1.0204,179687.8658,178686.6124,87992.9437,1320705.8136,1313346.6011
603533.SH,20250124,20.85,4.4482,8.5878,1.25,262.6256,,3.671,3.2936,3.3542,0.1439,0.1439,43889.6835,43889.6835,22733.617,915099.901,915099.901
300298.SZ,20250124,22.55,0.7396,1.1383,0.76,44.7408,57.3909,4.168,3.135,3.0256,0.8705,0.8705,56426.5375,45534.5717,29586.7362,1272418.4206,1026804.5918
603388.SH,20250124,2.39,2.6443,3.6365,0.88,,,0.7148,2.8404,8.3448,0.0,,32573.3572,32573.3572,23685.2252,77850.3237,77850.3237
600452.SH,20250124,9.27,0.7554,1.2945,1.48,27.1128,28.5446,2.742,4.1378,4.5732,1.6566,1.6566,153654.1654,153654.1654,89659.9591,1424374.1133,1424374.1133
688516.SH,20250124,41.3,1.4621,2.7841,1.32,10.3582,8.2851,3.2112,2.0641,1.4479,5.5242,5.5242,31496.5981,29124.1435,15294.3565,1300809.5015,1202827.1266
920821.BJ,20250124,35.56,6.2891,12.5148,0.59,132.3936,123.6404,6.8184,11.4961,9.9009,0.3013,0.3013,9882.9928,5087.7946,2556.763,351439.224,180921.976
600206.SH,20250124,15.5,4.3559,6.5098,0.44,57.9431,65.174,3.3797,1.2125,1.4168,0.8903,0.8903,84655.3332,84655.3332,56645.4964,1312157.6646,1312157.6646
000559.SZ,20250124,6.18,0.4912,1.3633,1.0,24.8532,21.9086,2.2416,1.4094,1.4328,2.4272,2.4272,330379.1344,330377.8789,119034.4163,2041743.0506,2041735.2916
002981.SZ,20250124,23.04,1.5065,4.7768,0.82,26.6849,26.8935,3.1266,2.1784,1.9332,1.1398,1.1398,13525.3115,11950.3115,3768.8715,311623.177,275335.177
301053.SZ,20250124,21.05,0.9312,2.8267,1.03,93.9836,47.1826,2.7886,3.5265,3.376,0.38,0.38,8175.25,7918.154,2608.3489,172089.0125,166677.1417
603093.SH,20250124,11.85,0.8441,3.6661,1.01,17.9898,15.656,1.8212,1.1573,1.2338,0.557,0.557,61006.5893,61006.5893,14046.4993,722928.0832,722928.0832
600269.SH,20250124,5.25,0.7389,1.6018,1.2,10.4144,9.5952,0.6578,1.6365,2.0503,3.0476,3.0476,233540.7014,233540.7014,107722.4207,1226088.6824,1226088.6824
300875.SZ,20250124,25.9,5.3633,6.6593,1.58,,,2.082,8.8177,10.5334,0.0,,9983.4751,6661.2415,5364.8853,258572.0051,172526.1549
300557.SZ,20250124,30.49,3.4452,6.7236,1.25,112.5646,82.9949,2.903,4.697,4.618,0.5046,0.5046,9306.1959,9149.7259,4688.3342,283745.913,278975.1427
300691.SZ,20250124,19.53,4.8115,6.3368,1.31,81.7282,103.2617,3.2116,3.1902,3.0526,0.7676,0.7676,26904.8766,21061.6646,15991.9418,525452.24,411334.3096
300563.SZ,20250124,58.43,17.0328,19.9652,0.8,206.8236,134.3206,10.0998,13.8191,12.1811,0.4533,0.4533,17856.4526,12387.5325,10568.0848,1043352.5254,723803.524
301357.SZ,20250124,29.05,5.8629,5.8629,1.16,239.6356,,2.4543,20.5022,23.5537,0.1229,0.1229,9520.0,2380.0,2380.0,276556.0,69139.0
002725.SZ,20250124,11.53,3.9246,5.5801,0.81,,,3.0798,4.6136,4.4798,0.0,,25600.0,21192.6445,14905.1425,295168.0,244351.1911
000010.SZ,20250124,2.77,3.1463,3.493,0.58,,,14.5585,10.513,7.7445,0.0,,114965.2292,52595.1361,47375.6697,318453.6849,145688.527
603218.SH,20250124,12.2,0.8102,1.9948,1.0,26.1115,19.7955,1.2571,2.7006,2.9169,2.272,2.272,103056.525,102685.65,41708.6812,1257289.605,1252764.93
301312.SZ,20250124,45.26,7.0977,7.0977,1.01,54.384,63.5441,3.3677,9.234,7.7758,0.796,0.796,8719.549,2581.7366,2581.7366,394646.7877,116849.3985
600036.SH,20250124,40.26,0.2786,0.5428,1.1,6.9259,6.8424,0.944,2.994,3.0081,4.8981,4.8981,2521984.5601,2062894.4429,1058737.0295,101535098.3896,83052130.2712
603790.SH,20250124,12.74,1.2456,3.198,0.72,55.6184,45.168,1.9989,3.15,2.8949,0.7849,0.7849,19136.0,19136.0,7453.054,243792.64,243792.64
600853.SH,20250124,3.68,1.5837,2.8363,0.94,11.176,9.3895,1.2377,0.2143,0.2086,0.9511,0.9511,101477.7546,101144.1846,56475.1816,373438.1369,372210.5993
002596.SZ,20250124,3.05,2.2544,2.8183,1.2,,,3.872,2.043,2.2959,0.0,,114758.0518,102261.3268,81799.3078,350012.058,311897.0467
300763.SZ,20250124,52.49,4.1459,6.2434,1.55,26.8952,30.085,2.5144,3.4358,3.1659,0.3817,0.3817,39933.3395,32150.9105,21349.6776,2096100.9904,1687601.2921
000088.SZ,20250124,4.68,0.3749,1.153,1.44,21.9552,15.0942,1.3932,27.2429,29.3627,3.2055,3.2055,519948.3346,224913.5473,73133.3473,2433358.2059,1052595.4014
300630.SZ,20250124,2.39,17.494,21.8978,1.01,12.5664,,0.3937,0.8277,0.8264,0.0,,45177.5725,33829.3256,27025.9835,107974.3983,80852.0882
300548.SZ,20250124,60.19,21.9178,31.4726,1.16,212.7258,,10.3861,10.3444,8.2743,0.1319,0.1319,28793.5057,22329.2595,15550.3038,1733081.1081,1343998.1293
001336.SZ,20250124,18.4,2.9331,3.5543,0.71,38.9846,44.5547,1.9075,3.2311,3.3078,0.7025,0.7025,8037.35,2855.726,2356.5682,147887.24,52545.3584
002072.SZ,20250124,4.45,2.6189,3.5389,0.75,870.158,,32.2827,4.8633,2.6268,0.0,,36768.0,25645.72,18978.5687,163617.6,114123.454
000155.SZ,20250124,10.9,0.7734,1.3444,0.92,25.2352,23.308,2.0352,6.0741,6.4063,1.4679,1.4679,184616.8342,169352.2368,97427.8263,2012323.4928,1845939.3811
600327.SH,20250124,4.92,4.0205,7.3285,0.93,26.9603,33.1754,1.3245,1.2319,1.2056,1.2043,1.2043,88477.9518,88477.9518,48539.7346,435311.5229,435311.5229
600859.SH,20250124,13.27,1.4614,2.1761,0.7,21.2329,30.8495,0.7587,1.2322,1.3145,1.5013,1.5013,113504.9451,113494.6091,76216.9695,1506210.6215,1506073.4628
601718.SH,20250124,2.83,1.0769,2.1515,0.69,68.1604,424.2044,0.7342,1.075,1.1549,1.0601,1.0601,439162.9404,439162.9404,219811.6813,1242831.1213,1242831.1213
002311.SZ,20250124,50.0,0.4225,0.9341,1.12,30.3465,20.223,3.7489,0.7164,0.7294,1.0,1.0,166374.997,166252.1303,75193.1944,8318749.85,8312606.515
688001.SH,20250124,30.03,1.2142,6.3184,1.94,55.8051,,3.5255,7.1867,7.4308,0.5597,0.5597,44537.7805,44537.7805,8558.707,1337469.5484,1337469.5484
600266.SH,20250124,4.76,1.0628,1.9505,0.5,17.6787,19.5211,0.4822,0.4852,0.6147,2.1008,2.1008,207574.3507,207574.3507,113108.0246,988053.9093,988053.9093
688750.SH,20250124,20.02,5.3759,5.3759,1.3,62.8872,54.6956,3.8482,11.5577,10.8279,,,46250.0,7742.0306,7742.0306,925925.0,154995.4526
603655.SH,20250124,24.07,1.4508,4.4834,1.37,127.3321,91.6234,4.781,12.9521,11.3617,0.4941,0.4941,10600.0,10600.0,3430.0,255142.0,255142.0
603267.SH,20250124,35.91,0.7938,1.2816,0.58,30.4706,54.1185,2.0157,4.9516,5.4817,0.9738,0.9738,23108.0892,23108.0892,14312.5148,829811.4832,829811.4832
603008.SH,20250124,16.61,1.3445,2.0791,0.87,14.6781,15.2153,1.6349,0.7254,0.7332,3.0102,3.0102,37899.188,37899.188,24508.1646,629505.5127,629505.5127
920118.BJ,20250124,24.42,1.3307,1.4427,0.66,16.0461,18.4078,2.1873,0.8158,0.7738,,,5089.6,1379.5,1272.4,124288.032,33687.39
301359.SZ,20250124,23.19,4.2357,4.2499,0.79,50.9611,45.4811,2.3577,7.6618,6.5629,2.1561,2.1561,8584.0,2621.5056,2612.7556,199062.96,60792.7149
603153.SH,20250124,18.02,2.6162,4.9744,0.92,23.3902,21.3988,2.0607,1.842,1.7763,1.3319,1.3319,40986.1106,13500.0,7100.0,738569.713,243270.0
002555.SZ,20250124,14.94,1.697,1.9297,1.01,12.4318,13.9825,2.7457,1.9974,1.8523,6.6555,6.6555,221223.7681,159896.7293,140614.2273,3305083.0954,2388857.1357
300830.SZ,20250124,9.18,15.721,19.3152,2.99,311.9967,178.0867,3.4288,7.7748,8.5007,0.2533,0.2533,43012.5817,31496.4217,25635.6092,394855.5,289137.1512
002811.SZ,20250124,10.46,5.5823,15.4275,0.53,,91.9561,2.8989,2.6162,2.6325,3.692,3.692,27367.747,24882.4215,9003.4904,286266.6336,260270.1289
301499.SZ,20250124,25.71,5.5422,5.5422,1.37,55.3654,62.4308,2.8403,4.6848,4.3529,0.6534,0.6534,13825.4866,3456.3717,3456.3717,355453.2605,88863.3164
002667.SZ,20250124,8.65,4.6435,5.8981,0.77,,,3.7237,1.8368,3.7049,0.0,,24237.1,23592.6925,18574.4932,209650.915,204076.7901
002523.SZ,20250124,3.23,3.873,5.4689,0.87,122.5578,76.7183,1.9773,2.6397,2.468,0.4644,0.4644,141664.08,141154.3883,99963.9917,457574.9784,455928.6742
600272.SH,20250124,13.6,4.2524,7.6697,0.58,84.0914,61.0683,5.3436,3.5725,3.1329,0.3603,0.3603,24300.0,16000.0,8871.0217,330480.0,217600.0
600969.SH,20250124,5.92,1.8483,2.6396,0.74,,59.1005,0.6002,0.5588,0.5197,0.0,,37005.0484,37005.0484,25911.3429,219069.8865,219069.8865
300439.SZ,20250124,10.18,0.9683,1.2751,1.05,15.2352,15.5747,1.353,2.0726,2.1453,1.3163,1.3163,38394.9815,29172.5551,22153.5758,390860.9117,296976.6109
600022.SH,20250124,1.4,0.865,2.0893,1.55,,,0.7646,0.1656,0.1733,,,1069884.9554,1069884.9554,442963.5979,1497838.9376,1497838.9376
688146.SH,20250124,28.41,0.905,0.9512,0.8,44.9162,47.0146,2.7612,9.3057,8.3577,0.6688,0.6688,52941.1765,14258.8489,13565.9976,1504058.8244,405093.8972
688698.SH,20250124,53.44,4.2387,11.3491,1.12,59.2023,46.2369,5.4954,8.6566,7.4493,0.786,0.786,21137.5274,21137.5274,7894.5273,1129589.4643,1129589.4643
603363.SH,20250124,3.28,0.5568,0.6939,1.06,,,,0.4388,0.7619,0.0,,260296.1826,146776.2912,117766.5855,853771.4789,481426.2351
300007.SZ,20250124,29.2,23.2021,26.1069,1.03,73.099,100.5142,3.3428,4.1803,4.1288,0.4452,0.4452,32744.5619,28297.4526,25148.9815,956141.2075,826285.6159
920252.BJ,20250124,15.43,4.6233,6.4979,0.63,134.3367,197.7617,6.1386,5.5097,4.1,0.3889,0.3889,10265.0665,5609.4484,3991.1612,158389.9761,86553.7888
002830.SZ,20250124,12.86,7.2935,13.1271,1.7,43.8689,42.6159,2.6531,2.1868,2.4054,1.8406,1.8406,13334.0,6685.25,3714.3812,171475.24,85972.315
601515.SH,20250124,3.07,5.6589,11.6544,2.26,38.2262,,1.0456,2.187,3.6914,0.8007,0.8007,187441.9997,187441.9997,91014.5458,575446.9391,575446.9391
002696.SZ,20250124,5.01,1.9966,3.5247,1.42,,,1.2673,0.6379,0.6038,0.0,,34636.2262,34413.8948,19494.5967,173527.4933,172413.6129
002900.SZ,20250124,9.51,1.0091,1.626,1.05,40.8422,55.5884,1.4053,2.535,2.728,2.1033,2.1033,31635.755,17308.0045,10741.192,300856.0301,164599.1228
002741.SZ,20250124,15.96,5.541,8.9867,0.67,,,3.6326,2.7493,2.9284,0.0,,46502.231,36153.1223,22291.3083,742175.6068,577003.8319
603656.SH,20250124,19.1,3.1373,4.7816,1.5,309.7858,461.5228,2.7288,6.8755,6.342,0.2544,0.2544,18337.5358,18337.5358,12031.5914,350246.9338,350246.9338
600844.SH,20250124,2.45,1.4216,1.9927,0.79,,,7.3354,2.8923,3.1198,0.0,,101652.424,82273.0634,58695.4202,249048.4388,201569.0053
600033.SH,20250124,3.83,0.92,1.9961,1.17,11.6497,11.672,0.9078,3.4468,3.4614,4.4386,4.4386,274440.0,274440.0,126491.9499,1051105.2,1051105.2
688398.SH,20250124,14.75,1.1541,2.3669,1.25,23.3301,26.892,2.4326,2.9474,2.7012,2.1979,2.1979,16781.3892,16781.3892,8182.1852,247525.4907,247525.4907
300498.SZ,20250124,16.0,0.5689,0.5947,0.97,,23.406,2.8382,1.1842,1.0583,1.5572,1.5572,665392.4715,523454.5013,500777.789,10646279.544,8375272.0208
601168.SH,20250124,17.48,0.9292,1.3317,0.96,14.9339,12.5318,2.4714,0.9744,0.8818,2.8604,2.8604,238300.0,238300.0,166270.9366,4165484.0,4165484.0
301388.SZ,20250124,23.5,4.5353,4.8442,0.93,56.2347,132.3103,2.4964,5.5338,5.3877,1.4894,1.4894,10244.76,2735.6588,2561.19,240751.86,64287.9818
688133.SH,20250124,19.0,0.9084,1.2654,0.71,43.0514,300.4663,1.1239,1.128,1.0996,0.3759,0.3759,16443.6977,16443.6977,11804.1659,312430.2563,312430.2563
002648.SZ,20250124,19.47,0.457,0.9218,0.6,13.694,12.8896,2.3571,1.5809,1.5295,2.0544,2.0544,336864.569,336648.2485,166886.0266,6558753.1584,6554541.3983
920576.BJ,20250124,22.8,0.8697,3.6938,0.88,27.9594,39.7636,5.7497,3.356,3.8319,3.5088,3.5088,10895.0,10712.9937,2522.3937,248406.0,244256.2564
603151.SH,20250124,10.9,3.466,3.5566,0.38,21.8287,31.1848,1.4815,1.1121,0.8634,1.8349,1.8349,16800.0,8083.2,7877.2,183120.0,88106.88
002785.SZ,20250124,32.4,2.6633,2.845,1.0,,,7.5816,5.7875,5.656,0.0,,22661.9695,16783.9778,15712.0129,734247.8118,543800.8807
300209.SZ,20250124,4.62,1.4193,1.4417,0.95,,,,9.2381,9.5815,0.0,,92863.6126,49001.854,48240.2711,429029.8902,226388.5655
600037.SH,20250124,7.15,0.9023,1.4667,1.02,,,0.7788,4.0886,4.1903,0.3776,0.3776,139177.7884,139177.7884,85620.9691,995121.1871,995121.1871
920262.BJ,20250124,25.33,7.6922,12.6289,0.81,39.2087,55.9257,4.2753,2.5342,2.5867,1.152,1.152,5316.4758,2544.2635,1549.6928,134666.332,64446.1945
002247.SZ,20250124,2.57,2.8367,3.5458,0.52,,9.6156,3.4943,2.3099,2.4716,0.0,,85087.0049,64354.0672,51484.5522,218673.6026,165389.9527
688232.SH,20250124,29.71,1.4677,2.2517,1.67,50.34,36.3399,1.8381,4.0162,4.2239,1.1999,1.1999,33000.0,17348.0752,11308.1348,980430.0,515411.3142
601689.SH,20250124,65.53,2.5223,6.4399,1.12,51.3731,39.6339,5.9207,5.6082,4.437,0.5851,0.5851,168602.5655,168602.5655,66035.186,11048526.1172,11048526.1172
300705.SZ,20250124,15.61,5.4816,7.4604,0.63,21.0329,15.2471,3.212,2.8767,2.6297,1.4316,1.4316,49619.432,36675.2277,26947.2777,774559.3335,572500.3044
002624.SZ,20250124,10.19,1.1519,1.6047,0.47,40.2219,,2.5897,2.5374,3.4878,4.4155,4.4155,193996.8404,182735.5267,131166.5165,1976827.8037,1862075.0171
000987.SZ,20250124,6.57,0.4887,1.9696,1.07,13.7136,15.9848,1.1231,3.5241,3.0391,2.5875,2.5875,501713.2462,501523.1693,124441.9584,3296256.0275,3295007.2223
002265.SZ,20250124,30.71,23.2225,41.2858,0.88,108.9874,111.9548,8.9544,7.4542,7.8902,0.0,,103304.0407,40309.7025,22673.4746,3172467.0899,1237910.9638
603901.SH,20250124,8.72,5.3869,10.9219,0.81,59.8469,,1.7571,1.3519,1.3218,0.912,0.912,48771.8354,48384.0679,23863.8479,425290.4047,421909.0721
001366.SZ,20250124,11.12,8.0866,8.0866,1.18,36.6843,50400.8374,2.162,1.2447,1.694,1.0791,1.0791,16068.0,5568.0,5568.0,178676.16,61916.16
601608.SH,20250124,3.96,0.7286,2.0326,0.76,47.2764,45.1682,2.0182,1.8977,2.1466,0.682,0.682,457955.3437,455056.793,163124.5936,1813503.1611,1802024.9003
000886.SZ,20250124,6.21,2.4368,3.2784,1.31,67.8471,73.237,2.0317,49.4564,31.0494,1.1272,1.1272,98882.83,97783.6898,72680.0859,614062.3743,607236.7137
601968.SH,20250124,4.68,0.3412,1.0922,0.86,27.317,34.4372,1.3327,0.7694,0.7367,2.6397,2.6397,127577.946,113303.9174,35399.6761,597064.7873,530262.3334
000801.SZ,20250124,14.02,2.7057,5.3305,0.9,71.5659,80.0831,4.8178,3.7424,3.8491,0.7133,0.7133,102280.6646,102280.6646,51916.5938,1433974.9177,1433974.9177
920701.BJ,20250124,29.52,5.8936,5.8938,0.64,17.2115,9.5998,3.6615,4.5144,3.8283,1.6938,1.6938,9800.0,2450.1,2450.0,289296.0,72326.952
301533.SZ,20250124,29.86,3.8287,4.0059,0.78,40.416,37.6124,2.6264,3.7221,3.2872,1.3375,1.3375,9830.67,2780.67,2657.67,293543.8062,83030.8062
600528.SH,20250124,7.74,0.4221,0.9579,1.04,9.8604,10.9059,0.7262,0.5719,0.5958,1.3088,1.3088,222155.1588,222155.1588,97891.1424,1719480.9291,1719480.9291
600903.SH,20250124,6.62,0.5679,1.8884,0.88,97.4935,254.1117,2.4901,1.2485,1.1723,0.5438,0.7704,115000.8008,115000.8008,34583.3889,761305.3013,761305.3013
301298.SZ,20250124,13.94,2.6681,3.0385,1.24,23.8876,22.1538,2.2702,3.5888,3.3035,2.1162,2.1162,14680.0,9630.9175,8456.9633,204639.2,134254.99
605056.SH,20250124,13.58,0.8066,3.1109,0.68,57.6636,42.063,3.586,1.9033,1.7184,1.1073,1.1073,41036.724,40667.324,10544.023,557278.7119,552262.2599
001337.SZ,20250124,21.8,2.0359,3.776,0.75,43.4094,36.5077,6.4891,14.5567,13.9195,1.6055,1.6055,42000.0,28845.6,15552.6,915600.0,628834.08
300284.SZ,20250124,9.68,1.8533,3.47,0.98,37.0886,48.0857,1.4668,2.3161,2.4085,1.4463,1.4463,126282.7774,119444.7684,63794.7777,1222417.2852,1156225.3581
603677.SH,20250124,13.91,1.2893,4.9158,0.53,38.7408,46.3375,2.4228,1.5119,1.3703,1.4344,1.4344,19260.0865,19260.0865,5051.4865,267907.8032,267907.8032
002567.SZ,20250124,4.89,2.062,2.5179,1.25,,,1.1993,0.26,0.3027,0.0,,143305.1393,143151.4373,117231.6725,700762.1312,700010.5284
601618.SH,20250124,3.09,0.3191,0.7643,0.94,7.3856,8.7513,0.6274,0.101,0.1106,2.3301,2.3301,2072361.917,1785261.917,745299.94,6403598.3235,5516459.3235
002203.SZ,20250124,10.5,0.4973,0.9191,1.32,18.7657,20.4302,1.5223,0.2776,0.2826,1.619,1.619,199832.0004,192817.1551,104329.5787,2098236.0042,2024580.1286
300398.SZ,20250124,16.14,2.7737,3.8771,1.2,76.15,79.2158,2.2324,3.1355,2.9497,0.6777,0.6777,53009.3248,52683.4525,37690.0411,855570.5023,850310.9234
301020.SZ,20250124,18.95,0.7753,2.4242,1.18,38.3396,32.6952,3.0141,5.4155,5.1513,1.847,1.847,14640.0,14640.0,4682.0,277428.0,277428.0
002331.SZ,20250124,7.09,1.8663,2.4156,1.23,,,1.7519,2.8708,2.8273,0.0,,41024.5949,39585.1411,30582.6081,290864.3778,280658.6504
688318.SH,20250124,161.98,1.598,5.1578,0.81,95.3703,115.5068,8.5857,68.1735,74.7718,0.4207,0.4207,18294.248,18294.248,5667.9542,2963302.291,2963302.291
603869.SH,20250124,5.55,0.2323,0.6154,1.26,,,0.748,2.9602,4.129,0.0,,50450.0508,50450.0508,19045.9689,279997.7819,279997.7819
000807.SZ,20250124,16.03,1.6112,2.7829,1.21,14.0532,10.5472,1.9854,1.3029,1.0671,2.8696,2.8696,346795.7405,346789.9649,200779.0701,5559135.7202,5559043.1373
603135.SH,20250124,9.41,10.3996,16.7453,4.92,32.5503,154.9752,1.9969,5.3043,6.9725,1.5154,1.5154,62953.808,25265.7156,15691.1894,592395.3333,237750.3838
600438.SH,20250124,20.71,1.4869,2.6991,1.38,6.8688,,1.8811,0.6703,0.9717,4.3504,4.3504,450198.4974,450198.4974,248003.8087,9323610.8812,9323610.8812
603012.SH,20250124,5.58,6.0079,7.7268,3.98,9.0418,12.3012,0.9849,1.3672,1.4363,2.6882,2.6882,65076.0,64650.0,50268.1078,363124.08,360747.0
002488.SZ,20250124,11.5,1.5259,2.092,0.79,357.2024,172.2752,2.7212,3.4097,3.0827,0.1042,0.1042,99543.9065,91314.9554,66606.8956,1144754.9248,1050121.9871
002345.SZ,20250124,5.13,2.2366,3.6614,1.06,13.6735,13.5525,1.2496,0.7726,0.7281,6.8226,6.8226,88851.2707,86707.9365,52968.0902,455807.0187,444811.7142
300087.SZ,20250124,10.02,2.4436,3.4417,0.82,34.6607,53.0614,5.3968,2.3136,2.0616,0.998,0.998,94733.1751,89590.5069,63608.9632,949226.4145,897696.8791
688620.SH,20250124,11.3,5.7612,5.7612,0.8,165.0164,,2.9986,7.7369,7.736,0.2655,0.2655,39200.0,22839.852,22839.852,442960.0,258090.3276
688683.SH,20250124,18.86,0.2165,0.5627,0.63,100.0397,88.9479,2.8602,6.6785,6.1192,0.3446,0.3446,15517.7929,15517.7929,5970.2869,292665.5741,292665.5741
600283.SH,20250124,9.18,0.5702,1.5837,1.3,25.0454,24.5726,1.7044,2.3168,2.2298,1.3713,1.3713,56082.4898,49419.4061,17791.1692,514837.2564,453670.148
600063.SH,20250124,3.92,0.8259,1.1924,1.23,24.1444,60.7949,0.9895,0.9985,1.0983,1.3072,1.3072,210461.8229,192589.4692,133392.9574,825010.3458,754950.7193
002961.SZ,20250124,14.23,1.2556,5.14,1.28,25.9739,18.8666,2.3776,6.8368,3.558,2.4596,2.4596,44502.9829,44502.9829,10870.9829,633277.4467,633277.4467
002670.SZ,20250124,14.14,4.6803,14.1063,0.71,,4996.9259,2.4866,19174.1493,11471.3868,0.0,,193508.4653,162335.0634,53860.679,2736209.6993,2295417.7965
920146.BJ,20250124,6.49,2.7864,4.2922,1.15,,,3.9241,2.6998,1.8351,,,13499.0443,9953.75,6461.8285,87608.7975,64599.8375
688076.SH,20250124,48.54,1.5005,2.4316,1.23,65.4743,25.3117,4.1888,10.3218,6.7677,1.0053,1.0053,21978.0048,21978.0048,13562.8698,1066812.353,1066812.353
300519.SZ,20250124,12.95,1.1412,1.808,0.93,32.1957,47.699,2.5333,7.6627,7.66,3.0888,3.0888,16000.0,11410.0,7201.91,207200.0,147759.5
300468.SZ,20250124,15.95,4.945,6.8598,0.96,178.6399,226.567,5.2218,11.5874,11.3949,0.3762,0.3762,53064.9275,52885.1261,38123.123,846385.5936,843517.7613
688621.SH,20250124,35.12,1.5114,2.0872,0.51,21.2898,17.7686,3.4781,4.2199,3.4003,0.4698,0.4698,11200.0,11200.0,8110.27,393344.0,393344.0
600535.SH,20250124,14.54,0.5666,1.0445,1.03,20.2806,24.6605,1.7785,2.5043,2.5361,4.5392,4.5392,149395.0005,149395.0005,81046.8481,2172203.3073,2172203.3073
920305.BJ,20250124,19.12,6.3662,10.3257,2.53,,,3.2631,8.5606,9.6022,,,13237.6125,8110.0875,5000.1718,253103.151,155064.873
002779.SZ,20250124,98.4,6.4719,12.7272,0.94,270.0734,337.429,18.0994,19.4846,15.9372,0.1524,0.1524,13200.0,11843.4525,6022.5,1298880.0,1165395.726
002962.SZ,20250124,16.09,4.428,5.2125,1.04,69.2239,53.6842,2.5685,5.5794,4.3635,1.2481,1.2481,29166.5352,20925.1104,17775.8752,469289.5514,336685.0263
603065.SH,20250124,7.34,0.7738,1.4382,0.87,40.947,107.3408,1.5272,2.1697,2.2059,1.7711,1.7711,41896.7572,19667.3455,10581.9688,307522.1978,144358.316
300770.SZ,20250124,39.57,0.9136,1.6829,1.32,12.8119,14.259,2.6815,5.9515,5.7051,8.0094,8.0094,22913.0909,22913.0909,12439.2614,906671.0069,906671.0069
600925.SH,20250124,5.03,0.5031,0.695,1.26,14.4605,19.6587,2.1807,2.8807,2.5083,4.175,4.175,688888.8889,160604.8586,116256.994,3465111.1112,807842.4388
688381.SH,20250124,17.78,1.3759,1.6203,0.62,285.8658,6882.0461,1.5875,11.5378,8.879,0.8256,0.8256,24750.0,18354.64,15585.64,440055.0,326345.4992
002564.SZ,20250124,4.01,1.0486,1.5137,1.46,2.8741,1.6553,28.7243,0.9134,1.3334,0.0,,85890.4477,85841.5741,59466.6853,344420.6953,344224.7121
688159.SH,20250124,34.54,6.7929,9.6568,1.09,,31.6134,3.7738,3.4096,1.1377,,,9199.4495,9167.9495,6449.0097,317748.9857,316660.9757
600889.SH,20250124,19.42,12.4559,24.3258,1.23,,,9.9559,15.0082,12.2562,0.0,,36634.601,36634.601,18758.6391,711443.9514,711443.9514
000593.SZ,20250124,5.39,1.5383,2.6901,1.1,,,2.2216,1.2081,1.1236,0.0,,35863.1009,35848.3169,20498.8813,193302.1139,193222.4281
688183.SH,20250124,37.82,1.9744,7.0337,1.38,,175.5778,7.7709,9.6118,7.7462,,,83182.1175,83182.1175,23349.2224,3145947.6839,3145947.6839
300533.SZ,20250124,21.99,4.9168,5.7141,1.02,18.8556,,4.8288,1.8511,1.9424,2.2449,2.2449,23430.333,16473.7563,14175.1736,515233.0227,362257.901
603256.SH,20250124,8.76,0.5054,3.1981,0.54,,,5.3664,11.656,9.8406,0.0,,87972.75,87972.75,13902.1833,770641.29,770641.29
600316.SH,20250124,31.67,1.1019,2.1253,0.59,698.7754,600.369,4.2835,6.0938,4.6878,0.0474,0.0474,71711.4512,71711.4512,37180.2292,2271101.6595,2271101.6595
300502.SZ,20250124,134.49,3.7551,3.9151,0.68,138.4846,50.044,13.4576,30.7745,15.5231,0.1153,0.1153,70880.6652,63019.5295,60443.8212,9532740.6627,8475496.5225
601888.SH,20250124,61.25,0.4916,1.0526,0.86,18.8745,29.7252,2.2999,1.8762,2.2431,2.6939,2.6939,206885.9044,195247.5544,91183.2854,12671761.6445,11958912.707
002402.SZ,20250124,18.24,8.2731,8.6749,1.04,50.9175,47.8804,3.7011,2.2478,1.8626,0.8268,0.8268,92519.2285,80138.1248,76426.2498,1687550.7278,1461719.3964
920089.BJ,20250124,12.0,1.5447,1.9251,1.12,15.6095,14.9742,1.6578,1.2761,1.175,0.7143,0.7143,15066.8,9350.0819,7502.3847,180801.6,112200.9828
000790.SZ,20250124,3.65,1.6453,2.0403,0.91,82.3073,184.9563,2.1842,2.2689,2.2903,0.274,0.274,62371.9364,62276.1614,50219.0333,227657.5679,227307.9891
603229.SH,20250124,8.43,1.3335,2.8632,0.78,27.5674,27.1769,3.0511,8.5697,8.3802,1.093,1.093,83029.7145,83029.7145,38671.1741,699940.4932,699940.4932
600818.SH,20250124,10.7,1.6828,1.8599,0.95,142.7131,196.1313,5.6201,3.5338,3.33,0.0,,32144.791,23795.791,21529.961,343949.2637,254614.9637
002317.SZ,20250124,11.09,2.4329,2.8691,1.12,35.8706,71.2307,2.1533,3.6175,3.8589,1.7955,1.7955,85155.6477,76161.7406,64581.6781,944376.133,844633.7033
920895.BJ,20250124,12.23,2.7781,5.0736,1.1,205.5673,534.4106,3.4381,8.8081,8.7201,2.8618,2.8618,5652.4,2873.69,1573.54,69128.852,35145.2287
601137.SH,20250124,20.95,4.3689,8.0265,1.07,15.1278,11.8825,2.1004,0.9573,0.8576,2.0665,2.0665,81131.9366,80963.9366,44069.8649,1699714.0718,1696194.4718
603898.SH,20250124,8.66,0.4744,1.4411,0.87,12.409,20.729,0.8856,1.1903,1.2948,2.4249,2.4249,31128.4468,31128.4468,10247.0607,269572.3493,269572.3493
600666.SH,20250124,2.21,1.6963,2.2855,0.89,,,6.214,18.6252,16.2019,0.0,,276351.2843,241975.2935,179600.2842,610736.3383,534765.3986
603909.SH,20250124,8.9,0.7018,1.2269,1.1,35.1919,23.2572,2.2262,0.5879,0.3501,0.8989,0.8989,26067.314,26067.314,14911.747,231999.0946,231999.0946
601066.SH,20250124,24.33,0.1377,0.8579,1.03,26.8279,33.457,2.5658,8.1193,9.8423,1.3975,1.3975,775669.4797,649567.1035,104246.0291,18872038.4411,15803967.6282
603061.SH,20250124,81.5,2.9875,4.2296,1.16,57.6691,63.504,3.8263,14.0827,14.6014,0.2084,0.2084,6000.0,4182.6334,2954.2825,489000.0,340884.6221
605086.SH,20250124,29.79,1.2838,4.0041,0.5,46.115,44.4976,4.4549,16.9507,16.9806,1.5091,1.5091,17920.0,17920.0,5745.28,533836.8,533836.8
688223.SH,20250124,6.18,1.7562,1.7562,0.96,8.3102,26.8699,1.9186,0.521,0.5869,3.6138,3.6138,1000520.179,310864.979,310864.979,6183214.7062,1921145.5702
603608.SH,20250124,3.67,0.1293,0.2058,0.63,,,1.3777,1.2094,1.3635,0.0,,41971.4147,41971.4147,26367.9493,154035.0919,154035.0919
002064.SZ,20250124,7.96,0.3109,0.9248,0.95,15.938,15.403,1.5077,1.5021,1.4636,1.8844,1.8844,496254.3897,495199.0572,166498.7545,3950184.942,3941784.4953
002045.SZ,20250124,18.43,11.4264,15.0803,0.8,28.7396,35.4191,2.4772,1.7472,1.4186,0.0,,56248.3132,56183.2882,42570.2608,1036656.4123,1035458.0015
603223.SH,20250124,9.45,0.5694,1.241,0.43,57.4434,57.259,1.8056,1.7969,2.6778,0.7321,0.7321,71418.7046,55319.04,25380.9506,674906.7585,522764.928
920976.BJ,20250124,25.58,45.4654,45.4654,8.41,46.3514,36.2852,7.006,7.6885,7.4638,1.6754,2.4573,7095.34,2577.96,2577.96,181498.7972,65944.2168
600267.SH,20250124,8.52,1.3055,2.1001,1.27,,,1.2492,0.9847,1.0699,0.0,,119884.8196,119818.8946,74479.9943,1021418.663,1020856.982
001914.SZ,20250124,9.68,0.4775,1.2726,0.69,13.951,13.4936,1.0056,0.6568,0.6062,1.7562,1.7562,106034.606,106034.276,39786.4507,1026414.9861,1026411.7917
920247.BJ,20250124,21.17,1.553,4.1133,0.87,49.4506,60.7943,5.7457,6.4067,6.4312,0.6795,0.6795,12118.782,8787.3202,3317.7106,256554.6149,186027.5686
603171.SH,20250124,32.38,1.7891,8.0244,3.62,157.9531,137.4004,5.2996,7.2023,6.8709,0.4637,0.4637,40676.325,40589.0,9049.427,1317099.4035,1314271.82
000735.SZ,20250124,6.04,1.3721,1.7465,0.98,,433.2056,1.6119,1.6963,1.6829,0.3311,0.3311,115151.3578,115089.7517,90416.4995,695514.2011,695142.1003
603303.SH,20250124,11.45,0.2497,1.0379,0.45,14.5401,15.3351,1.5714,1.1627,1.2569,2.8961,2.8961,47694.4575,47694.4575,11474.5139,546101.5384,546101.5384
002099.SZ,20250124,4.87,0.444,0.737,0.97,,,1.442,3.6296,4.064,0.0,,161871.5253,161653.4441,97375.1854,788314.3282,787252.2728
920726.BJ,20250124,19.32,5.2334,11.4487,0.89,89.8739,145.5554,4.4942,8.1468,8.6867,1.0355,1.0355,10179.0,5591.7205,2556.0525,196658.28,108032.0401
300997.SZ,20250124,14.26,1.3551,6.182,0.97,22.922,34.234,5.9812,3.3191,3.2613,2.2747,2.2747,44750.0,39603.3781,8681.07,638135.0,564744.1717
600548.SH,20250124,12.37,0.2632,1.3672,0.99,11.5917,12.4756,1.4797,2.9021,3.0711,4.4462,4.4462,218077.0326,143327.0326,27593.7696,2697612.8933,1772955.3933
600381.SH,20250124,3.96,1.6321,2.8042,0.65,,,2.0377,10.8696,9.2547,0.0,,58706.0741,58706.0741,34168.2758,232476.0534,232476.0534
600602.SH,20250124,13.95,4.5921,8.1946,1.34,98.9005,97.9323,4.0521,3.6246,3.4255,0.3082,0.3082,136767.3455,107430.299,60201.6978,1907904.4697,1498652.6711
002707.SZ,20250124,7.57,3.5508,4.3486,0.5,230.4982,52.521,8.4295,2.2553,1.2464,0.0,,98271.5033,82520.7225,67382.439,743915.28,624681.8693
000603.SZ,20250124,13.9,1.6677,2.9239,0.78,64.8069,44.9723,2.9341,4.2559,4.467,0.5364,0.5364,68996.9346,63248.9859,36075.7063,959057.3909,879160.904
301002.SZ,20250124,16.36,1.4495,2.0545,0.78,82.9661,84.3376,2.5421,2.6343,2.3494,0.6112,0.6112,12287.6415,7305.429,5154.2037,201025.8149,119516.8184
000042.SZ,20250124,4.43,1.8561,4.6324,0.89,,,0.5645,0.3865,0.4127,0.0,,66483.1139,66413.1202,26610.2745,294520.1946,294210.1225
601069.SH,20250124,11.9,0.9648,2.7017,0.84,,,2.417,2.4439,1.7361,0.0,,91768.1436,68399.276,24425.0808,1092040.9088,813951.3844
002205.SZ,20250124,8.13,2.8852,4.1339,0.69,,,2.5155,4.2196,2.9797,0.0,,18584.3228,18584.3228,12970.4108,151090.5444,151090.5444
301066.SZ,20250124,13.86,2.6556,6.9162,0.8,75.3392,68.3446,3.9169,3.7808,3.817,0.4263,0.4263,18884.0162,18879.4211,7249.0599,261732.4645,261668.7764
301238.SZ,20250124,15.03,1.6692,1.6692,0.93,23.6309,53.2334,1.5305,2.9642,4.8995,1.3307,1.3307,73333.33,21333.33,21333.33,1102199.9499,320639.9499
600980.SH,20250124,15.75,1.0467,1.9338,0.86,32.4894,30.143,2.1854,3.2078,2.9737,0.5206,0.5206,18926.3526,17567.7206,9509.029,298090.0535,276691.5995
600252.SH,20250124,2.32,0.928,1.3038,1.12,92.3039,,1.2,2.5131,2.7232,0.438,0.438,335432.1713,334325.6413,237965.9611,778202.6374,775635.4878
002136.SZ,20250124,9.51,1.5548,2.301,1.4,31.7008,134.1692,1.6987,0.9686,1.0947,1.0515,1.0515,21502.0,21435.766,14484.3111,204484.02,203854.1347
300199.SZ,20250124,11.48,1.8883,1.9057,0.74,,,14.3431,23.5048,25.0327,0.0,,88324.1336,70628.3126,69985.0014,1013961.0537,810813.0286
603080.SH,20250124,15.6,1.1834,2.0582,0.99,16.4492,15.7656,1.4758,2.0237,1.5926,3.0128,3.0128,14150.0,14150.0,8135.63,220740.0,220740.0
002827.SZ,20250124,24.19,1.5885,3.8687,0.63,68.2912,53.1705,7.5213,4.3001,4.2565,0.6201,0.6201,27600.0,27599.8875,11332.6984,667644.0,667641.2786
688433.SH,20250124,26.73,2.4343,6.3844,2.0,84.4056,108.3901,5.7623,18.2673,19.0968,0.3592,0.3592,41416.88,20044.703,7642.8667,1107073.2024,535794.9112
603868.SH,20250124,34.66,0.3895,3.8911,0.43,14.8071,22.9728,4.9684,2.984,3.4418,6.6359,6.6359,43560.0,43560.0,4360.0,1509789.6,1509789.6
603506.SH,20250124,8.59,1.2396,3.2007,0.53,8.683,12.2597,1.4266,0.8715,0.8957,4.0314,4.0314,18777.7779,18777.7779,7272.4453,161301.1122,161301.1122
688358.SH,20250124,26.81,2.03,7.2488,2.87,20.5219,29.0561,2.1851,6.2129,6.7662,2.9773,2.9773,11212.4537,11212.4537,3140.0581,300605.8837,300605.8837
603658.SH,20250124,40.13,0.2303,0.7662,0.86,19.1517,18.3202,2.7749,5.247,5.0895,2.6111,2.6111,58101.1346,58101.1346,17467.3157,2331598.5315,2331598.5315
002912.SZ,20250124,25.55,6.5076,11.1614,2.69,38.1878,,2.7716,6.6788,7.8536,1.1742,1.1742,17075.2,16222.2011,9458.2956,436271.36,414477.2381
002227.SZ,20250124,10.39,1.6554,3.534,0.76,,,2.4909,7.2594,6.5011,0.0,,24780.617,24763.8733,11600.0228,257470.6106,257296.6436
300822.SZ,20250124,25.67,10.5776,36.7798,1.35,167.983,116.5354,6.2576,9.2257,9.7702,0.2981,0.2981,31153.62,28898.2038,8310.8838,799713.4254,741816.8915
601188.SH,20250124,3.37,1.0283,2.9225,1.0,32.3137,42.274,0.968,6.7975,7.3851,1.8841,1.8841,131587.8571,131587.8571,46299.0,443451.0784,443451.0784
300983.SZ,20250124,16.33,0.3346,0.9162,1.1,358.6247,,0.9317,7.4367,8.799,0.2722,0.2722,17280.0,11828.2464,4320.0001,282182.4,193155.2637
301122.SZ,20250124,19.04,1.986,2.3685,0.77,20.6776,30.1024,1.2823,5.6705,5.6909,2.1008,2.1008,12224.5658,4424.5658,3709.931,232755.7328,84243.7328
002010.SZ,20250124,4.33,0.6007,1.4445,1.15,20.4283,37.2387,0.6954,0.3595,0.4433,2.2896,2.2896,278797.0508,277978.4606,115590.9221,1207191.23,1203646.7344
601611.SH,20250124,8.2,0.4526,1.3743,0.99,11.9713,11.7239,1.2309,0.2258,0.2251,1.061,1.061,301155.067,301155.067,99179.1782,2469471.5494,2469471.5494
600693.SH,20250124,6.72,11.3693,30.7679,0.66,166.794,325.5156,1.6789,3.0992,3.2384,1.3393,1.3393,86984.6246,86895.2782,32109.3183,584536.6773,583936.2695
002940.SZ,20250124,13.3,0.6552,1.1117,0.93,19.3896,34.1729,1.7782,1.6502,1.7194,1.5631,1.5631,20172.8186,18527.5467,10919.1248,268298.4874,246416.3711
000039.SZ,20250124,7.56,0.867,1.1233,1.36,96.7776,23.2466,0.8715,0.319,0.2522,0.2879,0.2879,539252.0385,230140.7141,177640.7141,4076745.4111,1739863.7986
002508.SZ,20250124,20.83,0.6804,1.4348,0.71,11.3495,12.5905,1.8209,1.7556,1.8441,7.201,4.8007,94412.9516,93274.2387,44235.2302,1966621.7818,1942902.3921
603020.SH,20250124,8.09,2.1615,3.2754,3.42,34.1569,34.6531,0.9706,1.114,1.1275,1.2116,1.2116,38323.7774,38323.7774,25290.3508,310039.3592,310039.3592
300515.SZ,20250124,15.22,13.1825,24.4589,0.73,58.2763,39.5879,4.2184,6.7412,6.4744,0.9296,0.9296,20575.45,18378.7968,9905.4965,313158.349,279725.2873
688562.SH,20250124,14.55,2.0869,3.0171,1.91,99.3636,,3.3894,3.4909,5.3546,0.3093,0.3093,40000.0,16902.0,11691.0,582000.0,245924.1
301338.SZ,20250124,32.29,3.3301,3.3301,1.15,65.3451,62.6587,2.3872,4.6426,3.9106,0.4955,0.4955,10640.0,3430.0,3430.0,343565.6,110754.7
000911.SZ,20250124,6.97,0.699,1.4939,0.97,101.2961,,40.0185,0.8291,0.8138,0.0,,40031.9818,40031.9818,18731.2137,279022.9131,279022.9131
601555.SH,20250124,7.68,0.8593,1.199,1.27,19.0605,18.2756,0.9517,3.3826,3.2667,3.4245,3.4245,496870.2837,496870.2837,356109.0216,3815963.7788,3815963.7788
002980.SZ,20250124,25.95,1.3382,2.2905,1.2,32.7567,27.8552,3.2761,5.2391,4.7425,2.2651,2.2651,13523.74,7183.34,4196.91,350941.053,186407.673
600425.SH,20250124,3.71,0.7658,1.0803,1.25,12.8478,16.5106,0.924,1.326,1.3621,2.6954,2.6954,160470.3707,137879.0086,97742.244,595345.0753,511531.1219
002606.SZ,20250124,9.72,1.9489,2.7574,0.69,81.5293,25.2225,2.5702,5.0837,3.2072,0.6826,0.6826,43907.322,42114.2055,29765.3746,426779.1698,409350.0775
920703.BJ,20250124,22.77,2.8239,2.8239,0.87,19.5116,15.8955,2.2686,4.6749,4.5353,2.1959,2.1959,10766.0,2937.2,2937.2,245141.82,66880.044
002543.SZ,20250124,10.96,2.238,6.4015,0.42,14.3425,17.6055,1.7896,1.3352,1.1768,5.4214,5.4214,74360.0,66161.1003,23130.3926,814985.6,725125.6593
002642.SZ,20250124,7.57,7.7376,9.8019,2.58,,,4.3513,2.108,2.4373,0.0,,66158.0313,66070.1775,52155.5123,500816.2969,500151.2437
688123.SH,20250124,74.66,6.1414,9.6944,0.92,117.3327,51.352,5.5615,16.7387,12.1286,0.2672,0.2672,15771.8544,15771.8544,9991.4498,1177526.6495,1177526.6495
688777.SH,20250124,51.51,2.0303,2.6376,1.17,36.962,36.1962,4.0806,4.7243,4.3894,1.3539,1.3539,79059.1256,78262.3493,60243.2524,4072335.5597,4031293.6124
301339.SZ,20250124,19.97,3.2247,3.2247,1.04,43.3507,40.831,3.1045,11.1623,10.0536,1.475,1.475,41452.38,12004.3478,12004.3478,827804.0286,239726.8256
603808.SH,20250124,7.02,2.0104,4.4989,0.31,24.5258,,0.9114,0.8888,0.8631,3.3692,3.3692,36909.2878,36909.2878,16493.2378,259103.2004,259103.2004
688280.SH,20250124,4.53,1.5118,2.4247,1.57,,,4.2343,3.0866,2.3004,,,59022.1667,45966.0046,28660.5278,267370.4152,208226.0008
600048.SH,20250124,8.42,0.8457,1.4268,0.63,8.3525,20.0936,0.5235,0.2906,0.3222,4.8266,4.8266,1197044.3418,1197044.3418,709550.0956,10079113.358,10079113.358
000881.SZ,20250124,6.9,1.3497,2.2293,0.86,,,1.1977,1.0269,1.0412,0.0,,94542.5815,79034.4031,47850.1691,652343.8124,545337.3814
300335.SZ,20250124,4.83,2.185,2.3995,1.0,38.4683,39.0587,1.1937,1.6869,1.9093,2.4845,2.4845,47701.2388,38474.8339,35035.9826,230396.9834,185833.4477
300811.SZ,20250124,56.45,2.7695,4.4208,0.93,62.0083,44.8794,7.2226,13.6898,10.3577,0.2524,0.2524,28095.5062,22880.1407,14333.7687,1585991.325,1291583.9425
000595.SZ,20250124,5.86,1.4524,4.0749,0.95,,,15.7052,22.3959,21.847,0.0,,113865.6366,113806.2793,40564.6869,667252.6305,666904.7967
300856.SZ,20250124,24.75,0.8086,2.2394,1.14,11.4635,11.8187,3.2035,3.5041,3.3866,5.4433,5.4433,33977.6037,32610.2487,11774.9587,840945.6916,807103.6553
603283.SH,20250124,60.93,3.5931,6.1324,0.68,17.7712,16.0046,4.2347,2.7451,2.4328,0.0,,20031.6148,19500.1648,11425.7581,1220526.2898,1188145.0413
603381.SH,20250124,21.24,3.6483,3.6483,2.0,13.5875,16.9817,1.3765,0.9348,0.6974,0.0,,23725.6326,5338.269,5338.269,503932.4364,113384.8336
002340.SZ,20250124,6.48,0.884,0.9662,1.03,35.5472,25.7356,1.7275,1.0881,0.9444,1.2311,1.2311,512629.1557,508498.1362,465214.1099,3321836.9289,3295067.9226
688330.SH,20250124,26.63,0.5496,1.0922,1.15,19.1582,16.1167,1.0073,3.7832,3.5575,1.3039,1.3039,14000.0,14000.0,7045.3602,372820.0,372820.0
002927.SZ,20250124,12.78,4.0454,9.6219,0.72,40.5606,68.6214,2.8016,2.748,3.1294,1.4476,1.4476,22319.218,22064.26,9276.5416,285239.606,281981.2428
301392.SZ,20250124,64.58,8.5957,8.5957,0.91,79.6542,69.5626,8.7995,12.3689,11.4343,0.3871,0.3871,10000.0,2250.0,2250.0,645800.0,145305.0
002014.SZ,20250124,10.08,0.427,1.224,1.05,15.1305,14.7057,2.5454,1.8273,1.7951,5.4563,5.4563,61249.1866,60433.6316,21084.754,617391.8009,609171.0065
300902.SZ,20250124,17.66,5.404,8.3341,0.56,83.7246,184.5545,3.8375,8.6691,9.3377,1.2109,1.2109,18312.5446,12290.5321,7969.4021,323399.5376,217050.7969
001213.SZ,20250124,3.99,0.2614,1.5198,1.23,28.2825,29.0356,0.935,1.6602,1.6282,1.4536,1.4536,444444.4444,444444.4444,76444.4444,1773333.3332,1773333.3332
002851.SZ,20250124,67.25,6.9708,8.0381,0.85,58.3052,65.7796,6.9825,5.4326,4.7156,0.2971,0.2971,54561.7947,45647.8907,39586.7982,3669280.6936,3069820.6496
300447.SZ,20250124,12.71,2.0314,2.5978,0.88,29.73,60.5693,1.9614,3.8296,3.9581,0.5193,0.5193,31231.0375,20133.139,15743.119,396946.4866,255892.1967
002761.SZ,20250124,8.2,1.2129,2.1327,0.9,22.6459,,1.3564,0.0958,0.1114,0.6095,0.6095,108178.2939,108178.2939,61522.0587,887062.01,887062.01
600072.SH,20250124,12.07,1.1511,1.6,0.85,112.3703,,1.695,1.2552,1.5801,0.2734,0.2734,150652.1728,108333.7316,77940.5069,1818371.7257,1307588.1404
002343.SZ,20250124,6.21,3.3971,4.7581,1.35,106.7563,196.6612,3.0149,6.3953,41.5767,0.0,,47494.9686,47494.9686,33909.814,294943.755,294943.755
002334.SZ,20250124,7.78,4.3853,4.4928,1.0,16.9869,28.2426,2.281,1.3744,1.4237,0.7687,0.7687,81081.29,72017.4146,70293.1703,630812.4362,560295.4856
600745.SH,20250124,34.88,3.1814,4.7785,1.29,36.7501,,1.204,0.7092,0.6205,0.3566,0.3566,124457.7968,124457.7968,82861.5187,4341087.9524,4341087.9524
000777.SZ,20250124,17.1,3.249,4.4658,0.83,29.5295,31.6037,3.2438,3.6228,3.8172,1.2135,1.2135,38341.7593,38341.0827,27894.1648,655644.084,655632.5142
300208.SZ,20250124,1.92,2.0416,4.2921,0.65,,,,3.1353,7.7448,0.0,,74947.5,68739.1126,32697.193,143899.2,131979.0962
920651.BJ,20250124,21.0,5.917,5.917,0.57,20.6448,23.985,2.7548,4.7765,4.8721,3.3333,3.3333,6100.0,1527.4871,1527.4871,128100.0,32077.2291
600740.SH,20250124,3.79,0.3825,0.8885,1.02,7.6144,39.2578,0.6325,1.1098,1.2636,1.3193,1.3193,256212.1154,256212.1154,110300.67,971043.9174,971043.9174
000811.SZ,20250124,12.39,3.609,5.72,0.78,14.4523,16.7836,1.6281,1.262,1.3759,0.8072,1.6143,76356.7804,74582.8488,47057.0192,946060.5092,924081.4966
603500.SH,20250124,6.91,3.0506,6.3084,0.84,35.425,45.9553,2.4264,3.7076,3.438,1.3438,1.3438,34374.7286,34079.6316,16479.9778,237529.3746,235490.2544
600354.SH,20250124,5.73,3.8842,5.1494,1.14,74.1338,41.819,4.9014,2.6122,2.2865,0.0,,52780.208,52780.208,39811.7645,302430.5918,302430.5918
605006.SH,20250124,6.04,1.5974,4.9545,0.58,35.0314,,1.447,1.6761,1.8183,0.8609,0.8609,61095.9412,60000.9212,19345.3488,369019.4848,362405.564
300512.SZ,20250124,7.13,1.0898,2.9517,1.28,70.7677,157.4414,1.8041,2.8541,2.7367,1.5374,1.5374,40764.0875,32780.8433,12102.4609,290647.9439,233727.4127
300191.SZ,20250124,13.24,1.8759,2.4238,0.87,,,3.8942,8.8164,8.4658,0.0,,32000.0,22119.5,17119.0,423680.0,292862.18
300807.SZ,20250124,33.52,7.8348,11.2427,0.68,,,4.6359,10.3678,13.0926,0.0,,6803.9587,4905.3989,3418.4769,228068.6956,164428.9711
300582.SZ,20250124,14.32,3.9464,4.4778,1.07,,,2.8122,1.6248,1.5514,0.0,,29853.6488,22158.9138,19529.1129,427504.2508,317315.6456
600895.SH,20250124,24.95,1.1252,2.285,0.79,40.7636,55.5826,3.0941,19.0744,19.6951,0.9699,0.9699,154868.955,154868.955,76265.295,3863980.4273,3863980.4273
603933.SH,20250124,16.12,2.1722,6.6091,0.9,56.5179,45.4648,2.5619,1.8093,1.7543,0.8145,0.8145,20754.4575,20754.4575,6821.4575,334561.8549,334561.8549
605566.SH,20250124,18.18,3.3273,3.4996,2.2,84.2478,171.3498,1.2045,2.6451,2.4973,0.6601,0.6601,13334.0,6228.7972,5922.1201,242412.12,113239.5331
300219.SZ,20250124,6.97,1.6192,2.7779,0.83,23.2921,44.0575,1.9036,1.3126,1.1877,1.4347,1.4347,70794.3506,70663.5766,41187.8642,493436.6237,492525.1289
601021.SH,20250124,53.74,0.2736,0.6309,0.55,23.2952,24.0749,2.9684,2.9316,2.6543,1.3003,1.3003,97854.8805,97854.8805,42432.706,5258721.2781,5258721.2781
000665.SZ,20250124,3.89,2.2833,3.996,0.99,,,0.9143,2.1434,2.3234,0.0,,113714.9495,113711.033,64972.9581,442351.1536,442335.9184
688545.SH,20250124,27.44,34.7821,34.7821,,79.6684,64.9916,3.5341,11.2462,9.1168,,,36000.0,6842.3324,6842.3324,987840.0,187753.6011
688295.SH,20250124,17.61,1.0145,1.5011,0.78,49.8425,964.3363,3.3427,7.0155,8.9582,0.6019,0.6019,90000.0,14465.0558,9776.094,1584900.0,254729.6326
688626.SH,20250124,29.35,0.4227,1.3034,1.27,20.6742,38.6839,2.3183,6.305,6.6181,1.7588,1.7588,16000.0,16000.0,5188.78,469600.0,469600.0
300900.SZ,20250124,18.94,2.8237,3.228,1.14,53.7162,93.6787,3.8411,7.5927,6.5487,0.3764,0.3764,29664.3841,21776.3816,19049.0696,561843.4349,412444.6675
603798.SH,20250124,9.07,1.7166,3.5623,0.75,48.6713,40.6697,2.0538,1.9397,2.0362,0.6514,0.6514,25644.965,25644.965,12357.616,232599.8326,232599.8326
600862.SH,20250124,24.1,0.5147,0.9396,0.77,32.5484,30.5471,4.9079,7.0242,6.744,0.9253,0.9253,139304.9107,139304.9107,76317.3878,3357248.3479,3357248.3479
300159.SZ,20250124,1.94,6.7998,7.5929,0.81,,,,2.4472,3.5734,0.0,,150196.5923,147183.9203,131809.4256,291381.3891,285536.8054
000034.SZ,20250124,33.58,3.7433,4.5146,1.31,19.1885,18.5112,2.4283,0.188,0.177,1.2964,1.2964,66958.6561,55269.3929,45827.0623,2248471.6718,1855946.2136
600721.SH,20250124,6.51,2.2503,2.985,0.76,192.7218,129.9823,3.3578,6.7701,6.3422,0.0,,38403.2635,38403.2635,28950.7548,250005.2454,250005.2454
002608.SZ,20250124,7.3,0.3162,1.9989,1.17,14.7457,9.7527,0.862,0.8186,0.7505,1.3699,1.3699,377807.9704,377807.9704,59760.8727,2757998.1839,2757998.1839
920509.BJ,20250124,14.13,1.8887,2.7417,0.5,59.1572,56.4549,7.1187,13.5063,12.3504,1.7828,1.7828,16185.5696,8244.8378,5679.6678,228702.0984,116499.5581
600641.SH,20250124,15.17,0.9605,1.5442,0.74,93.4019,,1.6962,14.6356,27.6645,0.3227,0.3227,93062.992,93062.992,57886.3299,1411765.5886,1411765.5886
600993.SH,20250124,25.03,0.7771,1.1871,1.01,24.3412,22.367,2.6968,3.4396,3.0983,1.5981,1.5981,43105.3891,43030.7016,28169.398,1078927.8892,1077058.461
601139.SH,20250124,6.57,0.407,1.6645,0.99,13.1257,12.9718,1.2652,0.6111,0.6667,2.4353,2.4353,287674.0144,287674.0144,70346.8715,1890018.2746,1890018.2746
300410.SZ,20250124,4.96,3.3275,5.1705,1.39,,,5.5996,2.4013,2.9739,0.0,,36711.4797,36691.7328,23613.4407,182088.9393,181990.9947
300301.SZ,20250124,1.84,0.9801,1.0595,0.89,,,28.3236,2.8074,3.2416,0.0,,82986.8769,78987.6719,73061.8561,152695.8535,145337.3163
300285.SZ,20250124,17.08,0.9624,1.0272,0.88,29.9219,27.8942,2.5856,4.4127,4.2171,0.5855,0.5855,99704.8299,80394.9847,75323.2612,1702958.4947,1373146.3387
300458.SZ,20250124,47.75,15.1558,17.8679,0.94,1316.5526,155.4261,10.0303,18.0705,13.5119,0.3135,0.3135,63312.7432,51781.1929,43921.5974,3023183.4878,2472551.961
605090.SH,20250124,26.85,0.5868,1.2516,0.76,13.256,10.1261,1.9396,0.6516,0.719,2.8778,2.8778,64472.658,63816.7091,29922.1305,1731090.8673,1713478.6393
688686.SH,20250124,82.63,2.2736,8.1673,1.45,52.1418,83.5779,3.4615,10.701,12.1518,0.7987,0.7987,12223.5455,12223.5455,3402.7889,1010031.5647,1010031.5647
002057.SZ,20250124,7.27,1.1479,1.7194,1.24,20.079,29.7047,1.7845,1.9902,2.0744,3.1793,3.1793,75848.2776,75013.9606,50081.8345,551416.9782,545351.4936
002233.SZ,20250124,7.81,1.2395,2.0623,2.62,12.5576,18.3243,0.7902,1.6824,2.1413,6.2866,6.2866,119227.5016,119148.4966,71611.8172,931166.7875,930549.7584
688332.SH,20250124,144.36,8.4872,8.4872,0.67,69.0017,66.5014,4.4642,12.0032,10.5555,0.5735,0.5735,12030.525,4402.1401,4402.1401,1736726.589,635492.9448
301376.SZ,20250124,19.63,0.8996,1.9021,0.6,19.0888,19.5097,2.4899,1.2975,1.0281,3.0565,3.0565,40150.0,19278.9399,9117.9407,788144.5,378445.5902
300488.SZ,20250124,30.88,4.0729,12.3261,0.95,37.8432,37.8224,3.8421,9.1165,8.4799,1.8161,1.8161,16568.1514,13669.8856,4516.9487,511624.5152,422126.0673
301185.SZ,20250124,17.66,2.5877,2.5877,1.65,35.3527,38.5746,2.5965,12.2558,12.31,1.1325,1.1325,15341.76,13978.0663,13978.0663,270935.4816,246852.6509
600029.SH,20250124,6.27,0.2756,0.8577,0.6,,,2.9376,0.7104,0.6489,0.0,,1812091.1504,1267334.2768,407244.526,11361811.513,7946185.9155
000519.SZ,20250124,13.78,0.8974,1.5564,0.71,23.1664,34.101,1.8573,3.1376,3.2931,0.3991,0.3991,139255.8982,139255.8982,80297.7002,1918946.2772,1918946.2772
002379.SZ,20250124,10.09,3.238,4.2039,0.85,,,5.7975,4.2668,3.5401,0.0,,113637.3753,113637.3753,87527.7148,1146601.1168,1146601.1168
300649.SZ,20250124,10.4,1.5476,2.1283,0.85,147.4076,,2.6737,4.4524,5.3679,0.5769,0.5769,13241.6609,10611.6814,7716.5862,137713.2734,110361.4866
920132.BJ,20250124,12.88,4.4409,4.4409,0.59,36.065,49.7515,4.3058,3.9128,3.6009,0.9982,0.9982,8282.4,2681.0653,2681.0653,106677.312,34532.1211
688418.SH,20250124,31.01,2.3405,3.4172,0.97,,,7.1016,6.7885,6.3629,,,19361.0,19361.0,13260.7538,600384.61,600384.61
605008.SH,20250124,10.93,0.2116,1.2029,0.77,74.3123,74.0546,3.5218,4.9864,2.4824,2.8221,2.8221,64596.2414,64238.0414,11298.8249,706036.9185,702121.7925
300123.SZ,20250124,5.47,2.1794,2.6539,0.7,,,2.328,3.5181,4.4976,0.0,,102183.4123,100027.3818,82143.3897,558943.2653,547149.7784
920924.BJ,20250124,16.2,7.6162,9.5213,1.67,68.91,55.6527,5.8056,4.136,3.754,0.235,0.235,10757.15,6251.2836,5000.5242,174265.83,101270.7943
300188.SZ,20250124,13.48,5.3632,8.7957,2.09,,,3.1321,5.8404,5.4378,0.0,,85947.731,78194.5521,47678.8528,1158575.4139,1054062.5623
603118.SH,20250124,10.23,8.9992,15.4439,0.66,124.4488,,1.5955,0.9442,1.0174,1.248,1.248,78727.6406,78727.6406,45874.6875,805383.7633,805383.7633
300781.SZ,20250124,62.08,12.2537,20.0316,1.57,164.1762,151.5973,9.568,12.7265,8.0324,0.0805,0.0805,10996.9792,8110.4185,4961.3124,682692.4687,503494.7805
002999.SZ,20250124,5.99,1.4132,2.2097,0.84,20.7877,40.5766,1.7369,0.1342,0.1389,2.0033,2.0033,34759.2,34219.155,21885.155,208207.608,204972.7385
603021.SH,20250124,3.93,10.201,17.2351,2.37,,,11.9849,2.3152,2.9312,0.0,,31994.807,31994.807,18936.7934,125739.5915,125739.5915
000936.SZ,20250124,7.31,3.8824,6.3252,1.07,89.4664,59.0046,1.2447,2.2661,1.9841,0.5472,0.5472,88601.2887,88588.7337,54375.7854,647675.4204,647583.6433
605287.SH,20250124,11.69,0.7729,1.7226,0.49,10.4718,18.6144,0.8593,0.2682,0.3182,1.0151,1.0151,14000.0,14000.0,6281.5563,163660.0,163660.0
002593.SZ,20250124,4.98,7.8923,11.3761,0.51,66.6205,117.8371,1.6831,1.0132,1.2337,1.004,1.004,80385.8029,57046.8784,39577.1884,400321.2984,284093.4544
688589.SH,20250124,25.43,2.6168,3.3159,1.5,28.8299,40.6162,3.3221,5.3204,6.0554,1.1407,1.1407,12117.6942,12117.6942,9562.8942,308152.9635,308152.9635
000032.SZ,20250124,16.73,1.9957,3.1872,1.36,57.7539,40.2646,3.1429,0.3383,0.2883,0.6575,0.6575,113795.9234,64476.3811,40372.2419,1903805.7985,1078689.8558
600518.SH,20250124,2.22,1.2368,1.6664,0.96,300.2089,120.4394,4.3707,6.3147,5.9035,0.0,,1386386.669,1361292.8105,1010351.4317,3077778.4052,3022070.0393
603036.SH,20250124,16.8,1.9258,2.4839,0.52,36.3844,32.633,2.6661,9.1147,8.4165,1.1905,1.1905,20600.6025,20600.6025,15972.2373,346090.122,346090.122
600178.SH,20250124,10.9,1.4422,2.9393,1.0,1265.8154,,2.0184,0.9498,1.1285,0.0479,0.0479,47092.3395,46647.6161,22888.3161,513306.5006,508459.0155
002474.SZ,20250124,6.03,3.4652,3.6493,1.26,,,2.5541,10.0047,8.6337,0.0,,62220.0,53076.5945,50398.076,375186.6,320051.8648
300238.SZ,20250124,12.03,1.4671,1.9001,0.77,102.8783,181.541,5.8378,7.8921,8.5434,0.0,,26515.5701,26513.4082,20472.2994,318982.3083,318956.3006
002162.SZ,20250124,3.34,2.3264,4.8515,1.18,61.3978,,3.2865,2.4049,2.5016,0.0,,92030.1277,91941.3977,44087.5457,307380.6265,307084.2683
920693.BJ,20250124,37.86,3.4962,5.7397,1.07,119.9091,149.4571,7.9193,13.2721,11.5275,0.0951,0.0951,7270.0,3661.0,2230.0,275242.2,138605.46
002554.SZ,20250124,2.43,0.7215,1.1341,0.92,30.7836,,1.3586,0.9189,1.1717,0.3309,0.3309,133372.0072,133347.09,84835.3279,324093.9775,324033.4287
300726.SZ,20250124,29.37,1.2929,2.1747,0.9,25.6407,34.7942,2.4656,7.0893,7.3288,1.0215,1.0215,41183.9845,21357.2173,12697.3595,1209573.6248,627261.4721
301382.SZ,20250124,30.25,8.5354,10.5919,1.1,46.9193,46.352,3.8884,5.6543,4.543,0.4064,0.4064,22038.549,13657.9625,11006.1205,666666.1073,413153.3656
301515.SZ,20250124,18.1,2.2886,2.8388,1.06,21.7817,27.7051,1.3939,2.1485,2.0098,2.0703,2.0703,10000.0,5933.98,4783.98,181000.0,107405.038
300279.SZ,20250124,6.27,1.7493,2.4292,0.92,68.4867,54.3856,3.154,1.5297,1.476,0.0,,48909.949,45809.8684,32987.2397,306665.3802,287227.8749
301529.SZ,20250124,29.59,1.407,2.0489,0.89,29.8326,33.0293,2.0218,2.6418,2.0094,1.0139,1.0139,8483.721,4260.721,2925.9303,251033.3044,126074.7344
300619.SZ,20250124,22.06,1.5216,1.8488,1.3,31.5069,,1.802,1.3112,1.8039,0.9519,0.9519,13384.5891,10997.9828,9051.8186,295264.0355,242615.5006
300562.SZ,20250124,13.01,6.8266,7.6863,0.95,82.3235,40.5838,2.7323,3.1996,2.74,2.1426,2.1426,21746.6188,16107.2308,14305.5589,282923.5106,209555.0727
300958.SZ,20250124,11.36,2.0654,2.2043,1.0,26.0503,90.6205,1.2916,1.4283,1.7008,1.0387,1.0387,15673.6579,9104.9427,8530.9773,178052.7537,103432.1491
603888.SH,20250124,22.75,1.8817,4.981,1.71,43.1731,41.8047,3.3972,5.6718,5.7044,0.9275,0.9275,51902.936,51902.936,19607.895,1180791.794,1180791.794
300802.SZ,20250124,17.74,2.0697,3.2195,1.16,62.2583,65.0901,3.1387,9.1491,8.3986,0.8857,0.8857,28929.5555,19455.2335,12506.812,513210.3146,345135.8423
000401.SZ,20250124,4.93,1.2629,2.0582,1.93,,,0.4669,0.4641,0.536,0.0,,265821.5011,159194.4368,97677.6196,1310500.0004,784828.5734
600191.SH,20250124,7.54,9.4701,20.2908,1.14,193.7154,107.1268,2.2254,5.7368,5.8585,0.0,,48493.2,48493.2,22632.5707,365638.728,365638.728
300355.SZ,20250124,4.76,3.7291,3.9943,0.45,30.6515,462.2199,1.7434,4.0315,4.0608,0.4832,0.4832,160424.2081,136606.5794,127537.1798,763619.2306,650247.3179
920299.BJ,20250124,10.03,2.9638,4.6011,0.86,36.8668,37.0492,3.4293,8.2851,7.8028,4.4258,4.4258,9010.9276,4508.0484,2903.8781,90379.6038,45215.7255
601399.SH,20250124,2.99,0.6034,1.6129,1.5,50.0836,43.4925,1.51,1.9158,1.7855,0.0,,721355.589,721355.589,269849.5069,2156853.2111,2156853.2111
002820.SZ,20250124,12.25,12.2974,18.6634,0.88,40.3152,72.4104,2.6489,4.8836,4.9177,1.5877,1.5877,20086.8295,20015.8006,13188.4692,246063.6614,245193.5574
920167.BJ,20250124,19.58,3.4413,6.2873,1.41,17.8303,19.8204,3.3578,0.9877,0.8496,0.5649,0.5649,10970.6125,6526.5687,3572.2337,214804.5928,127790.2151
002198.SZ,20250124,6.83,1.2945,1.6661,1.02,100.9985,282.0981,4.6811,6.5005,8.3403,0.7321,0.7321,50750.9848,50748.0748,39430.1962,346629.2262,346609.3509
601866.SH,20250124,2.44,0.5051,1.324,0.94,23.5077,20.8904,1.1052,2.1186,1.3261,2.0841,2.0841,1357593.8612,989993.8612,377643.4614,3312529.0213,2415585.0213
688599.SH,20250124,17.52,0.6521,1.2012,1.02,6.903,,1.3445,0.3367,0.4002,3.5906,3.5906,217936.5328,217936.5328,118310.6209,3818248.0547,3818248.0547
600714.SH,20250124,10.31,6.1286,12.2039,0.44,387.4009,136.9698,4.0589,10.8162,8.7114,0.9699,0.9699,28817.6273,28817.6273,14471.6519,297109.7375,297109.7375
603665.SH,20250124,16.08,6.376,13.8996,2.39,,,2.4484,1.6675,2.1122,0.0,,16206.1307,16016.7707,7347.1441,260594.5817,257549.6729
603121.SH,20250124,13.48,9.1676,19.0428,1.64,39.3854,50.3832,3.6884,3.6203,3.532,1.3353,1.3353,33853.3715,33853.3715,16297.6971,456343.4478,456343.4478
002937.SZ,20250124,16.94,1.0687,2.327,1.21,18.8906,18.7137,3.399,2.5148,2.526,2.3613,1.771,29777.7355,29678.4935,13629.4316,504434.8394,502753.6799
300358.SZ,20250124,6.51,0.9512,1.5633,0.82,12.1198,,0.8561,0.5607,0.6523,1.5361,1.5361,59030.4611,57618.4303,35057.2889,384288.3018,375095.9813
600369.SH,20250124,4.47,0.5851,1.0279,1.03,49.3228,57.672,1.165,12.7551,13.4514,1.2304,1.2304,664510.9124,631510.9124,359465.4207,2970363.7784,2822853.7784
301015.SZ,20250124,23.2,0.3862,1.7251,0.8,18.5803,15.1831,5.516,1.6122,1.4849,3.2844,3.2844,52561.931,52555.181,11766.191,1219436.7992,1219280.1992
300450.SZ,20250124,19.88,2.1535,3.1691,1.59,17.5453,523.8368,2.6049,1.8724,2.4801,1.7129,1.7129,156616.3034,155935.6205,105965.1545,3113532.1116,3100000.1355
600359.SH,20250124,6.3,1.0266,1.7201,0.91,34.879,49.6141,3.5111,4.3822,5.3112,0.0,,38151.282,38151.282,22769.7245,240353.0766,240353.0766
601949.SH,20250124,6.98,0.7904,3.2997,1.29,13.7422,15.2612,1.4307,2.1102,2.1428,2.192,2.192,190396.8054,182250.0,43654.2902,1328969.7017,1272105.0
603899.SH,20250124,28.39,0.2952,0.8227,0.9,17.1781,18.0348,3.0489,1.1232,1.0659,2.8176,2.8176,92382.842,92382.842,33145.3362,2622748.8844,2622748.8844
000862.SZ,20250124,4.78,1.0468,1.3765,1.25,27.3551,29.448,1.0089,3.3519,3.6774,0.0,,91795.4696,62796.7088,47754.4231,438782.3447,300168.2681
300048.SZ,20250124,5.01,0.7895,0.9711,1.08,,,3.2794,3.7519,1.5492,0.0,,111670.1357,111565.1357,90696.5939,559467.3799,558941.3299
002976.SZ,20250124,21.2,1.9555,3.1846,1.0,49.7086,,3.1733,1.6289,1.621,0.7045,0.7045,12117.15,6519.6375,4003.3375,256883.58,138216.315
300030.SZ,20250124,5.44,1.7992,2.3202,0.85,,,2.4718,2.6093,2.8331,0.0,,30918.7315,27222.3363,21109.636,168197.8994,148089.5095
300387.SZ,20250124,8.28,2.5649,4.217,0.97,33.4515,23.4423,1.7114,2.2826,1.9476,0.7246,0.7246,28905.7018,28895.6645,17575.5317,239339.2109,239256.1021
603687.SH,20250124,7.89,15.66,30.8449,19.25,49.0091,45.5354,1.3377,2.155,2.1131,0.6122,0.6122,55003.1864,54650.2453,27745.9753,433975.1407,431190.4354
002722.SZ,20250124,14.48,1.9497,3.0191,1.33,23.8091,19.9941,1.1783,1.0725,1.1021,1.3121,1.3121,20658.8287,17550.2456,11333.6285,299139.8396,254127.5563
301297.SZ,20250124,41.01,3.9889,3.9889,0.76,155.4899,132.3691,9.4801,23.357,19.3803,0.1951,0.1951,33839.0,13839.0,13839.0,1387737.39,567537.39
002111.SZ,20250124,10.49,1.2107,1.8333,0.89,44.4048,29.9369,1.8181,2.321,1.9446,1.3851,1.3851,53200.4997,47820.1567,31580.2232,558073.2419,501633.4438
600229.SH,20250124,6.9,1.1754,3.0114,1.58,11.3577,16.3123,1.4352,1.7205,1.734,3.8518,3.8518,67120.8,67120.8,26198.1719,463133.52,463133.52
920351.BJ,20250124,11.09,3.9088,3.9255,0.81,30.1839,76.9491,2.2202,0.6294,0.4962,0.9017,0.9017,8803.5439,3526.0439,3511.034,97631.3019,39103.8269
688099.SH,20250124,85.82,2.9802,4.0273,0.7,72.1551,46.1851,5.84,6.6908,5.8401,,,41873.4808,41873.4808,30986.3064,3593582.1223,3593582.1223
300352.SZ,20250124,5.1,4.8372,5.1453,1.92,1122.687,,4.943,10.8304,12.6739,0.0,,144982.4087,122194.3382,114878.0543,739410.2844,623191.1248
600248.SH,20250124,4.28,0.5952,1.8891,1.3,4.07,4.1329,0.6635,0.0893,0.1021,4.6729,4.6729,376758.2286,368069.2286,115961.7071,1612525.2184,1575336.2984
605066.SH,20250124,6.11,2.1789,3.9772,0.81,19.1696,26.4928,1.7311,1.0767,1.0408,4.9141,4.9141,50733.35,50243.3125,27524.7788,309980.7685,306986.6394
301502.SZ,20250124,37.35,15.1686,15.1686,1.73,32.6237,50.2046,2.6085,4.4795,4.4257,1.4056,1.4056,5708.35,1427.1,1427.1,213206.8725,53302.185
003018.SZ,20250124,9.64,1.4789,2.6409,0.91,22.567,18.821,1.6143,3.2405,2.909,2.0747,2.0747,26000.0,13275.0275,7434.323,250640.0,127971.2651
605277.SH,20250124,19.94,19.3493,42.692,4.35,44.7802,47.5601,4.5883,2.03,1.8701,0.818,0.818,32429.7261,31398.2369,14230.6271,646648.7384,626080.8438
600804.SH,20250124,1.82,2.6059,2.9604,0.79,,,5.351,1.1575,2.1212,0.0,,165746.3906,139262.9959,122586.27,301658.4309,253458.6525
605167.SH,20250124,9.52,0.6199,1.6792,0.96,22.479,18.2963,2.392,1.3185,1.239,0.4465,0.4465,44907.0,44907.0,16577.5387,427514.64,427514.64
603650.SH,20250124,34.46,0.8478,2.6645,1.26,50.7732,41.6904,6.5629,7.0135,6.5064,2.4289,2.4289,59908.051,59565.1466,18952.4143,2064431.4375,2052614.9518
920469.BJ,20250124,12.31,5.4647,6.9881,0.75,30.083,28.8254,3.5463,2.9934,2.2833,0.9373,0.9373,14094.6,9794.9051,7659.6736,173504.526,120575.2818
300804.SZ,20250124,23.18,1.9857,2.4004,0.88,57.0415,50.9018,1.3084,3.4652,2.7522,0.0,,7400.0,2750.0,2274.8764,171532.0,63745.0
603963.SH,20250124,1.44,0.0566,0.1957,0.03,,,0.8754,3.6252,5.1322,0.0,,21970.0,21970.0,6357.17,31636.8,31636.8
601696.SH,20250124,10.69,0.8028,1.5362,0.95,32.9711,39.5447,1.6765,10.0994,11.1782,0.4771,0.4771,277800.0,277800.0,145168.4209,2969682.0,2969682.0
001356.SZ,20250124,17.53,63.3046,63.3046,,47.8997,47.732,5.3135,5.4692,4.5728,,,58932.0,12147.0025,12147.0025,1033077.96,212936.9538
002582.SZ,20250124,10.36,40.2436,45.2641,0.96,,,1.3101,2.7111,2.5822,9.392,9.392,45225.9369,34411.9622,30595.1101,468540.7063,356507.9284
001298.SZ,20250124,24.13,2.6391,3.3771,0.45,88.4067,170.1153,3.177,0.8553,0.7317,0.572,0.572,20471.448,10626.614,8304.3644,493976.0402,256420.1958
688510.SH,20250124,15.94,0.9037,1.2032,1.01,45.6603,36.2977,3.737,7.5779,6.2002,1.2547,1.2547,25838.2608,25838.2608,19405.6826,411861.8772,411861.8772
301528.SZ,20250124,38.9,1.3097,2.1977,0.95,30.9471,39.249,1.6286,12.0843,14.6816,0.3239,0.3239,6190.0,3077.125,1833.72,240791.0,119700.1625
301167.SZ,20250124,12.91,2.2954,2.2954,0.41,24.2393,46.0004,1.5592,2.8118,3.374,1.6731,1.6731,11200.0,7111.7896,7111.7896,144592.0,91813.2037
001286.SZ,20250124,9.19,1.2045,1.7129,1.06,13.4846,12.0585,1.4126,1.7716,1.5599,3.9173,4.4614,375000.0,105000.0,73833.4999,3446250.0,964950.0
600203.SH,20250124,8.53,3.9499,5.4755,0.65,,,2.6523,0.4753,0.4684,0.0,,59298.8082,59298.8082,42776.868,505818.8339,505818.8339
000852.SZ,20250124,6.52,3.4266,7.219,0.83,67.7908,70.3548,2.0195,0.7423,0.7876,0.0,,95614.1689,94100.1379,44666.338,623404.3812,613532.8991
002390.SZ,20250124,4.17,2.0822,3.4943,0.64,28.2205,37.3117,1.2047,1.2546,1.3068,2.1132,2.1132,194385.1868,185164.8667,110334.0074,810586.229,772137.4941
300708.SZ,20250124,14.26,11.2933,12.6167,1.16,79.5914,47.3509,3.6,3.8868,3.6049,1.0948,1.0948,67621.1846,49853.735,44624.5855,964278.0924,710914.2611
301171.SZ,20250124,33.59,19.2798,21.8981,1.36,73.0307,68.5495,4.5122,7.3954,6.8512,0.4018,0.4018,47188.5905,30877.5025,27185.5873,1585064.7549,1037175.309
001309.SZ,20250124,102.19,10.4924,12.9751,1.06,661.3026,29.632,6.4062,9.3088,3.76,0.089,0.089,16177.2672,8763.6153,7086.7355,1653154.9352,895553.8475
603416.SH,20250124,46.18,2.6921,5.1488,1.29,32.6157,29.6881,2.8945,4.3129,3.9724,0.4719,0.4719,14056.0,14056.0,7349.394,649106.08,649106.08
000550.SZ,20250124,22.75,0.9349,2.9503,0.99,13.3086,12.7769,1.7391,0.5921,0.5118,3.0066,3.0066,86321.4,51846.316,16428.716,1963811.85,1179503.689
300173.SZ,20250124,6.08,16.1712,20.4119,4.16,63.6897,116.8161,4.9145,2.9818,4.6912,0.0,,73472.5698,73472.5698,58208.1697,446713.2244,446713.2244
002455.SZ,20250124,7.61,1.4748,1.5395,0.59,,,2.571,1.0996,0.9354,0.0,,59425.4312,50760.4335,48627.2259,452227.5314,386286.8989
600512.SH,20250124,2.28,1.0336,1.263,1.04,77.4447,64.9258,0.5771,0.897,0.9582,0.8772,0.8772,159890.2832,158740.5163,129907.8469,364549.8457,361928.3772
601877.SH,20250124,22.22,0.5069,1.0791,1.33,12.954,11.3893,1.1442,0.8341,0.7823,2.4752,2.4752,214896.8976,214896.8976,100947.8178,4775009.0647,4775009.0647
600126.SH,20250124,4.92,1.6706,4.6679,0.92,91.1797,,0.8489,0.2976,0.2571,1.0163,1.0163,337718.9083,337718.9083,120866.6872,1661577.0288,1661577.0288
300151.SZ,20250124,16.57,2.2261,2.5808,0.87,278.7436,141.1042,5.6002,9.4749,9.0551,0.6639,0.6639,53250.869,36869.6977,31802.2752,882366.8993,610930.8909
000726.SZ,20250124,6.26,0.7705,1.0118,1.12,12.6816,14.3643,0.5623,0.8582,0.85,4.473,4.473,81730.601,58857.6603,44822.302,511633.5623,368448.9535
002813.SZ,20250124,22.08,1.0773,3.2329,0.63,,,8.0975,9.3152,9.6301,0.0,,12000.0,11846.2717,3947.4277,264960.0,261565.6791
002274.SZ,20250124,8.23,1.9242,3.2083,0.96,10.7416,9.9185,1.3669,0.9542,0.923,3.6452,3.6452,95236.4646,93784.913,56249.5929,783796.1037,771849.834
601228.SH,20250124,3.17,0.3348,1.8703,1.26,22.1615,23.5205,1.1577,1.8127,1.7787,1.3565,1.3565,754453.1351,754453.1351,135073.0696,2391616.4383,2391616.4383
601326.SH,20250124,3.2,0.4275,1.8429,1.19,11.6769,11.3342,0.9288,2.5344,2.644,2.5938,2.5938,558741.2,475755.9,110357.5437,1787971.84,1522418.88
601020.SH,20250124,14.04,6.7088,8.9724,2.52,155.8092,112.746,3.524,13.2162,10.5274,0.1983,0.1983,81996.4698,81996.4698,61310.2451,1151230.436,1151230.436
603578.SH,20250124,11.64,0.4589,1.0576,0.7,18.0949,88.1046,1.9051,2.3528,2.4463,1.1168,1.1168,18035.7032,18035.7032,7825.5032,209935.5852,209935.5852
000838.SZ,20250124,2.48,1.0342,1.5535,0.85,,,4.0454,0.6791,1.8807,0.0,,110046.217,105376.5855,70154.1376,272914.6182,261333.932
603052.SH,20250124,38.72,3.6389,3.6389,1.53,54.7705,67.8321,4.7205,7.219,6.9432,0.9224,0.9224,13484.8,4096.4,4096.4,522131.456,158612.608
300748.SZ,20250124,21.17,5.8736,11.5136,1.4,51.5317,109.0756,4.3094,4.3434,4.3671,1.5948,1.5948,137213.1923,113380.2695,57840.6574,2904803.281,2400260.3053
001326.SZ,20250124,32.05,3.0471,3.0471,0.84,15.3082,20.6305,2.0173,1.698,1.5824,4.6178,4.6178,7320.0,2072.4525,2072.4525,234606.0,66422.1026
001279.SZ,20250124,38.99,3.7043,3.7043,0.86,66.711,67.4654,6.4917,4.3763,4.1825,,,16000.0,3680.4538,3680.4538,623840.0,143500.8937
002126.SZ,20250124,20.59,3.2916,3.4963,1.01,28.0726,22.2385,2.8205,1.5597,1.405,0.4766,0.4766,83460.0656,78403.6359,73813.2404,1718442.7507,1614330.8632
920735.BJ,20250124,30.8,0.5792,0.9516,0.88,17.4579,14.2737,2.3074,3.3966,2.8877,1.1693,1.1693,7821.066,6917.1487,4210.5087,240888.8328,213048.18
600366.SH,20250124,7.65,1.3768,2.0154,0.88,,94.8556,1.4528,1.5658,1.6817,0.6553,0.6553,109904.1051,106304.2036,72621.1715,840766.404,813227.1575
600350.SH,20250124,9.83,0.2158,1.5942,0.82,14.4655,14.7722,1.6347,1.7968,1.5366,4.2623,4.2623,485208.1025,485208.1025,65684.0659,4769595.6476,4769595.6476
688320.SH,20250124,47.63,13.045,15.8103,1.2,134.3056,,5.1303,6.4424,8.22,0.2307,0.2307,15101.3668,10558.0706,8711.4334,719278.1007,502880.9027
688819.SH,20250124,26.77,0.163,1.1748,0.89,11.2923,12.6503,1.6387,0.545,0.571,2.4281,2.4281,97210.0,97210.0,13490.0,2602311.7,2602311.7
688170.SH,20250124,22.32,1.4722,1.8689,1.34,59.0763,92.5815,1.8523,3.9652,3.4427,1.3395,1.3395,10336.0,7961.5,6271.49,230699.52,177700.68
600601.SH,20250124,5.32,10.3959,17.3766,0.66,164.2465,98.0491,5.464,7.0455,6.6786,0.0,,417029.3287,417029.3287,249496.6586,2218596.0287,2218596.0287
603778.SH,20250124,3.0,1.3913,1.9131,0.99,,,2.3411,1.9939,1.7162,0.0,,65664.212,64285.7142,46750.0835,196992.636,192857.1426
603927.SH,20250124,20.62,1.3956,2.1965,0.87,26.1733,29.8307,5.3106,2.6352,2.5552,1.9052,1.9052,83104.0,83104.0,52803.9438,1713604.48,1713604.48
920111.BJ,20250124,24.47,5.0707,5.0707,0.78,49.4635,42.815,4.8819,6.2989,4.8995,,,15515.45,3688.85,3688.85,379663.0615,90266.1595
603107.SH,20250124,15.97,0.8866,1.7085,0.84,33.3609,31.5709,2.6622,2.8227,2.5834,1.8785,1.8785,33733.5,21817.3998,11321.576,538723.995,348423.8748
000006.SZ,20250124,7.05,2.9872,4.741,0.79,,,1.4759,3.3863,1.3978,0.0,,134999.5046,134998.7396,85059.9248,951746.5074,951741.1142
600635.SH,20250124,3.78,1.1992,1.6389,0.96,52.5077,101.7469,1.3266,1.7707,1.8005,0.9259,0.9259,295243.4675,241879.1675,176981.5081,1116020.3072,914303.2532
000797.SZ,20250124,2.67,1.0316,2.2875,0.62,107.506,58.523,0.8034,0.4421,0.426,0.3745,0.3745,157075.4217,157022.3013,70815.4365,419391.3759,419249.5445
002251.SZ,20250124,4.13,1.9165,4.0364,1.7,,14.1879,1.295,3.5968,3.4467,0.0,,268869.9689,151338.3056,71857.0439,1110432.9716,625027.2021
605005.SH,20250124,15.9,0.2223,1.6852,1.1,28.2954,24.2675,3.3833,3.8264,3.7145,1.2579,1.2579,40100.0,40100.0,5288.9101,637590.0,637590.0
002842.SZ,20250124,6.48,1.247,1.7557,0.59,,,2.4086,1.0037,1.0401,0.0,,27861.7235,21993.5822,15620.905,180543.9683,142518.4127
301408.SZ,20250124,10.85,1.6623,2.5838,1.25,37.8495,32.2493,2.1969,1.143,0.9891,0.9217,0.9217,40001.0,14917.1303,9596.9863,434010.85,161850.8638
600390.SH,20250124,6.22,2.7686,5.5839,1.27,12.4,18.3854,0.6574,25.4579,15.5952,2.4598,2.4598,449806.5459,449806.5459,223024.9462,2797796.7155,2797796.7155
688617.SH,20250124,370.5,0.3513,0.6179,0.84,67.5834,54.7709,15.0544,21.8665,18.3979,0.3708,0.3708,9739.3764,9739.3764,5538.0079,3608438.9562,3608438.9562
603369.SH,20250124,43.77,0.459,0.8347,0.96,17.4017,15.217,3.7129,5.4043,4.6742,2.2847,2.2847,124680.0037,124680.0037,68563.6499,5457243.7619,5457243.7619
300657.SZ,20250124,22.77,7.7619,9.5163,0.97,,,8.3785,3.1973,2.0329,0.0,,48841.0056,45666.0898,37247.5587,1112109.6975,1039816.8647
600992.SH,20250124,13.64,1.2138,1.5858,0.9,98.6504,,2.2827,1.5274,1.5318,0.3959,0.3959,24509.0,24509.0,18760.0182,334302.76,334302.76
300012.SZ,20250124,12.4,1.3701,1.4512,0.59,22.9257,22.3356,3.0132,3.7232,3.4318,0.8026,0.8026,168282.8214,143176.9688,135174.1844,2086706.9854,1775394.4131
601601.SH,20250124,32.52,0.5424,1.2501,1.17,11.4779,7.3755,1.1446,0.9658,0.8264,3.1365,3.1365,962034.1455,684504.1455,296987.6535,31285350.4117,22260074.8117
002539.SZ,20250124,7.8,0.7467,0.846,0.78,10.5625,11.1299,1.0841,0.4328,0.4419,2.5641,2.5641,120772.3762,88314.006,77945.3823,942024.5344,688849.2468
300261.SZ,20250124,6.21,1.4544,2.242,1.06,,,2.7073,4.6778,5.3497,0.8052,0.8052,96330.9471,93606.7477,60724.3275,598215.1815,581297.9032
002338.SZ,20250124,38.5,1.9118,3.319,0.97,106.6541,173.5203,7.1647,11.9464,11.8356,0.0909,0.0909,24000.0,23999.4,13823.9216,924000.0,923976.9
301396.SZ,20250124,30.79,15.1566,16.1443,3.06,79.9735,470.8342,2.7238,4.3813,5.6317,0.4872,0.4872,10965.5391,5094.3699,4782.71,337628.9489,156855.6492
000783.SZ,20250124,6.58,0.7031,1.3244,1.1,23.5029,20.4126,1.0924,5.2765,5.5543,1.8237,1.8237,553007.2948,553007.2948,293578.2013,3638787.9998,3638787.9998
600193.SH,20250124,3.02,2.9913,3.2441,1.38,,,4.6324,9.8583,16.6804,0.0,,42537.3,42537.3,39223.3029,128462.646,128462.646
600690.SH,20250124,27.55,0.5048,0.8729,0.89,15.5754,13.8964,2.365,0.9888,0.9727,2.8807,2.8807,938291.3334,625450.1095,361716.1889,25849926.2352,17231150.5167
002029.SZ,20250124,6.15,1.1749,1.9887,1.02,16.0523,14.2658,0.6651,1.2587,1.3296,1.9512,1.9512,70502.3537,66540.5959,39311.2659,433589.4753,409224.6648
301197.SZ,20250124,14.9,2.612,3.0917,1.28,31.6963,48.347,1.3717,5.0178,5.6831,0.6622,0.6622,12054.0,8188.725,6918.225,179604.6,122012.0025
300821.SZ,20250124,7.68,0.488,1.2505,1.24,,89.7839,1.8545,1.9194,1.7671,0.0,,120000.0,119970.025,46822.1574,921600.0,921369.792
920425.BJ,20250124,18.92,3.4397,5.9434,0.85,34.7992,49.2201,3.994,11.5093,11.7288,1.5101,1.5101,5066.8963,4229.5213,2447.7765,95865.678,80022.543
300457.SZ,20250124,18.8,2.8762,5.4243,1.84,22.0381,22.6501,1.86,1.2518,1.3979,0.9257,0.9257,64919.2963,63671.7221,33761.6864,1220482.7704,1197028.3755
920339.BJ,20250124,7.86,0.3245,0.9971,0.56,23.6488,30.9318,3.0496,3.058,2.62,2.5259,2.5259,22020.38,15089.7135,4910.1862,173080.1868,118605.1481
688291.SH,20250124,20.31,2.0872,2.0872,1.28,49.3832,56.4809,2.2969,9.4917,9.2488,0.4899,0.4899,10266.67,3366.67,3366.67,208516.0677,68377.0677
920809.BJ,20250124,5.03,1.173,1.173,0.75,,,1.5532,1.0189,1.9782,,,60045.0411,32058.2738,32058.2738,302026.5567,161253.1172
000960.SZ,20250124,14.43,0.9148,1.6271,0.83,16.8628,14.8757,1.2845,0.5607,0.6264,1.8018,2.4948,164580.1952,164580.1952,92527.1987,2374892.2167,2374892.2167
300651.SZ,20250124,12.9,2.5917,3.6111,0.64,24.5625,32.0206,2.1253,3.2321,3.6892,1.1628,1.1628,12875.1838,7497.5176,5380.8564,166089.871,96717.977
601872.SH,20250124,6.8,0.5032,1.5697,0.58,11.4489,12.4503,1.5173,2.1397,2.1173,4.9706,4.9706,814380.6353,814380.6353,261037.6556,5537788.32,5537788.32
002526.SZ,20250124,3.81,7.3111,9.2649,0.66,39.5411,92.064,2.1804,2.518,3.0253,0.6037,0.6037,178279.3836,175751.4368,138688.1446,679244.4515,669612.9742
300442.SZ,20250124,60.22,11.8383,11.8383,1.34,58.8412,48.097,11.8823,23.8273,12.8298,0.8738,0.8738,172148.1649,55280.2321,55280.2321,10366762.4903,3328975.5771
688278.SH,20250124,80.09,0.541,1.3793,0.69,58.6563,43.9867,14.3872,15.5122,12.554,0.5119,0.5119,40680.0,40680.0,15955.5262,3258061.2,3258061.2
920414.BJ,20250124,10.75,2.9754,3.3963,0.79,24.9318,195.1837,2.8126,4.7615,7.4039,0.3499,0.3499,7974.8171,5527.5836,4842.5029,85729.2838,59421.5237
000686.SZ,20250124,7.76,0.761,1.326,0.93,27.1702,20.1161,0.9763,2.8048,2.7733,1.2887,1.933,234045.2915,234045.2915,134321.0589,1816191.462,1816191.462
000893.SZ,20250124,19.3,1.207,1.8222,0.63,14.4388,23.4995,1.5398,4.5757,5.1115,0.0,,92405.1187,81172.0074,53770.528,1783418.7909,1566619.7428
920680.BJ,20250124,15.34,5.8783,6.7347,0.98,22.3373,,1.6049,3.5687,5.3535,0.3186,0.3186,6699.99,4689.3344,4093.0077,102777.8466,71934.3897
600208.SH,20250124,2.89,0.6592,1.5541,0.73,15.0733,14.8191,0.5588,1.4288,0.8907,0.0,,850894.08,850776.9185,360868.9519,2459083.8912,2458745.2945
000036.SZ,20250124,4.0,1.75,2.4399,1.31,72.7172,86.449,1.168,10.5019,12.3013,0.0,,148393.4025,148067.397,106200.3011,593573.61,592269.588
600872.SH,20250124,21.04,2.5345,3.4257,1.9,9.7109,4.6477,3.3699,3.2066,3.2109,1.8616,1.8616,78322.2372,77098.795,57042.6945,1647899.8707,1622158.6468
601008.SH,20250124,3.7,0.5179,1.2557,0.94,24.3396,22.9781,1.1355,1.8199,1.6333,1.3514,1.3514,124063.8006,124063.8006,51163.7271,459036.0622,459036.0622
603383.SH,20250124,35.83,2.8771,4.9673,1.44,31.5484,34.3001,5.3653,9.8924,10.4038,3.1172,3.1172,20538.6979,20449.8019,11844.5042,735901.5458,732716.4021
300565.SZ,20250124,12.38,5.0141,5.1632,1.18,,,4.3584,6.0342,6.8268,0.0,,24970.4612,22760.8011,22103.8656,309134.3097,281778.7176
920375.BJ,20250124,16.85,5.8723,6.7233,0.82,25.8274,38.4738,1.8199,2.2284,2.3166,1.1217,1.1217,7961.0,4994.5529,4362.3729,134142.85,84158.2164
688277.SH,20250124,10.02,0.9179,1.4073,1.42,,,3.8178,21.4387,26.725,,,44939.1939,44939.1939,29310.9933,450290.7229,450290.7229
600615.SH,20250124,11.99,2.8374,4.0565,0.76,532.0757,251.9928,3.5168,14.2719,13.1721,0.0834,0.0834,18802.0508,18762.4508,13123.7158,225436.5891,224961.7851
002482.SZ,20250124,1.96,0.9124,2.1007,0.61,3.4569,2.6524,12.2981,7.3336,13.0523,0.0,,375096.2363,374273.9801,162567.5837,735188.6231,733577.001
300541.SZ,20250124,11.84,9.5007,9.5007,1.78,32.2457,57.6738,3.1118,1.8599,1.8963,0.7796,0.7796,43004.4492,36520.9064,36520.9064,509172.6785,432407.5318
603777.SH,20250124,16.34,13.4031,35.8364,0.83,96.4038,556.6768,3.0899,1.3827,1.5722,0.3121,0.3121,33655.9908,33545.9908,12546.4408,549938.8897,548141.4897
000596.SZ,20250124,166.71,0.561,1.6709,1.01,19.2024,15.9556,3.7714,4.351,3.7709,2.6993,3.2991,52860.0,40860.0,13719.5978,8812290.6,6811770.6
600195.SH,20250124,6.37,0.5411,1.1044,1.04,16.1387,74.0042,1.1857,1.2032,1.1989,1.8681,1.8681,102114.826,102114.826,50037.0567,650471.4416,650471.4416
600456.SH,20250124,28.95,1.4169,2.7126,0.96,25.4154,27.0461,2.007,1.9967,2.0268,1.209,1.209,47777.7539,47777.7539,24955.0241,1383165.9754,1383165.9754
300680.SZ,20250124,29.25,15.6814,17.3922,1.15,46.024,33.231,3.6713,3.6986,2.9592,0.6756,0.6756,23102.4278,17253.8539,15556.6743,675746.0132,504675.2266
603213.SH,20250124,9.19,1.348,5.6305,1.05,16.0585,16.4059,2.2176,1.8896,1.543,3.0685,3.0685,43480.5668,43480.5668,10409.9148,399586.4089,399586.4089
301567.SZ,20250124,40.47,5.3009,5.3009,0.72,50.1644,70.315,3.985,7.658,7.1334,0.6919,0.6919,7200.0,2123.985,2123.985,291384.0,85957.673
000895.SZ,20250124,25.43,0.2704,0.9118,1.09,17.4373,19.4496,4.42,1.4711,1.527,5.348,5.348,346466.1213,346412.3744,102739.638,8810633.4647,8809266.681
603882.SH,20250124,24.84,1.1784,1.976,1.06,17.8857,71.3837,1.5279,1.3475,1.4661,3.5427,3.5427,46325.8275,46013.4577,27439.3749,1150733.5551,1142974.2893
000590.SZ,20250124,6.93,1.2001,2.2019,0.86,65.7326,,2.3869,4.1012,4.7929,0.0,,23947.1267,23937.6227,13046.7477,165953.588,165887.7253
301380.SZ,20250124,51.03,21.9525,21.9525,0.73,60.4104,66.415,5.141,4.1768,3.6797,1.117,1.117,6992.5816,3015.6897,3015.6897,356831.439,153890.6454
600219.SH,20250124,4.03,0.8813,1.6254,0.77,13.4725,9.706,0.9661,1.6227,1.4915,4.9863,4.9863,1161367.0848,1161367.0848,629664.9162,4680309.3517,4680309.3517
000731.SZ,20250124,7.13,0.8454,0.9706,0.9,10.4147,16.2112,0.9684,0.9546,1.0378,3.8504,3.8504,55882.9131,55882.9131,48677.5579,398445.1704,398445.1704
688046.SH,20250124,13.49,0.6869,0.8139,0.79,34.8043,39.6724,2.62,8.8894,8.1656,1.4032,1.4032,41000.0,20393.1034,17211.1743,553090.0,275102.9649
000818.SZ,20250124,15.26,2.1457,2.9124,0.8,80.8863,135.1349,3.0783,2.8252,2.3981,0.3254,0.3254,67915.6,67736.74,49903.52,1036392.056,1033662.6524
603155.SH,20250124,13.95,2.0501,7.7994,0.77,35.6871,43.4792,1.9544,6.5243,6.3307,2.1505,2.1505,31578.68,31578.68,8300.6699,440522.586,440522.586
301327.SZ,20250124,74.82,2.8479,2.8479,0.91,,195.6273,1.5313,4.0355,3.2569,0.3757,0.3757,12480.0,3463.4166,3463.4166,933753.6,259132.83
002080.SZ,20250124,12.25,0.6493,1.6329,0.82,9.2421,18.2795,1.1279,0.794,0.8401,4.5714,4.5714,167812.3584,167812.3584,66724.898,2055701.3904,2055701.3904
300715.SZ,20250124,8.7,5.0184,10.8057,1.0,145.2956,,1.5078,1.1744,1.2991,1.4675,1.4675,37805.543,33415.8876,15519.2305,328908.2241,290718.2221
603968.SH,20250124,9.14,0.5885,1.1392,0.68,57.9586,,1.0187,0.6301,0.6813,3.0635,3.0635,20738.1,20448.0,10562.2894,189546.234,186894.72
688081.SH,20250124,17.37,1.0995,2.3822,0.7,,,3.7737,11.9767,12.377,,,10304.0,10304.0,4755.7809,178980.48,178980.48
600876.SH,20250124,9.03,0.3673,0.9543,1.12,14.7711,,1.3312,0.884,1.0489,0.0,,64567.4963,39567.4963,15227.474,583044.4916,357294.4916
300990.SZ,20250124,42.59,5.0526,5.0526,0.86,39.5596,64.755,4.0808,3.9101,3.8129,1.1676,1.6372,16939.888,7738.387,7738.387,721469.8299,329577.9023
603633.SH,20250124,8.18,2.8838,4.7657,0.77,48.494,45.7315,1.7771,3.203,2.562,0.6235,0.6235,42681.0818,42681.0818,25827.1826,349131.2491,349131.2491
001323.SZ,20250124,36.7,1.4793,1.4793,0.89,18.2986,18.2086,3.3749,2.6316,2.5979,4.7277,4.7277,40001.0,7793.5,7793.5,1468036.7,286021.45
000404.SZ,20250124,7.3,1.2545,1.8112,1.01,14.0291,10.9726,1.2715,0.3942,0.4288,3.4247,3.4247,69599.5979,69298.9172,47999.42,508077.0647,505882.0956
002052.SZ,20250124,6.09,1.8991,3.1575,1.95,,,,19.3643,17.031,0.0,,74595.9694,74595.5944,44867.2806,454289.4536,454287.1699
002034.SZ,20250124,14.75,0.4458,0.9617,1.19,10.4234,10.4974,0.9609,1.9784,1.9606,3.4159,3.4159,42621.2715,42405.8927,19656.9391,628663.7546,625486.9173
300814.SZ,20250124,37.12,5.8249,20.1572,0.6,248.4177,230.5033,5.715,5.2579,4.8191,0.3044,0.3044,17580.2016,17580.2016,5080.2016,652577.0834,652577.0834
000065.SZ,20250124,9.6,0.5955,1.1822,0.61,10.718,9.9892,1.0844,0.4579,0.469,0.9369,0.9369,102498.0896,92855.731,46775.8127,983981.6602,891415.0176
920249.BJ,20250124,9.18,9.7114,9.7114,1.19,,,5.1861,1.5953,1.75,,,42163.0,11541.0726,11541.0726,387056.34,105947.0465
300824.SZ,20250124,9.12,1.315,3.4971,0.62,41.7089,51.4199,4.3965,4.4736,4.2563,3.0621,3.0621,32634.1682,31604.5307,11884.3226,297623.614,288233.32
000766.SZ,20250124,14.85,1.0853,1.351,1.03,326.6842,274.3896,6.1294,9.7414,10.2687,0.0,,96649.4707,96600.7681,77600.7681,1435244.6399,1434521.4063
000591.SZ,20250124,4.39,0.6774,0.9537,1.14,10.8929,12.1103,0.7313,1.8025,2.1852,3.319,4.6163,391712.5964,360200.0691,255869.2304,1719618.2982,1581278.3033
300476.SZ,20250124,57.45,4.0769,6.1907,0.74,73.824,58.2912,5.9695,6.2489,5.0137,0.3294,0.3294,86268.8641,85520.8713,56321.0236,4956146.2425,4913174.0562
300416.SZ,20250124,11.36,1.4204,2.0934,1.13,18.3825,24.0367,2.2253,2.7293,2.8937,1.3086,1.3086,50854.7806,50514.3444,34274.1984,577710.3076,573842.9524
600250.SH,20250124,8.91,1.845,3.9419,0.7,81.0618,76.3752,4.6096,3.2325,3.2451,0.0,,31059.3879,31059.3879,14537.4566,276739.1462,276739.1462
605358.SH,20250124,23.79,0.7123,0.9539,0.83,242.9079,,2.1332,5.9382,5.4079,0.3588,0.3588,67136.5928,67136.5928,50130.856,1597179.5427,1597179.5427
603682.SH,20250124,5.57,5.2632,12.5315,0.67,26.6283,64.159,2.7689,2.5503,2.5326,3.9497,3.9497,47250.0,47250.0,19845.0,263182.5,263182.5
605289.SH,20250124,24.27,2.4772,5.1447,0.61,33.0331,127.9889,2.0218,4.36,4.0683,1.0316,1.0316,10961.95,10833.75,5216.5,266046.5265,262935.1125
301518.SZ,20250124,16.54,1.6803,2.0582,0.82,19.9741,33.1107,1.6445,0.855,0.7517,3.023,3.023,14017.8204,5345.5228,4364.0057,231854.7494,88414.9471
688298.SH,20250124,28.58,0.5601,1.0889,0.65,,,0.8374,7.0251,6.9788,,,20160.0,20160.0,10370.2233,576172.8,576172.8
603505.SH,20250124,25.52,0.4527,0.9922,0.52,44.2357,43.7121,9.6792,8.1407,6.0023,1.5584,1.5584,60477.2233,60477.2233,27595.3956,1543378.7386,1543378.7386
600573.SH,20250124,10.56,0.7865,1.5754,0.73,54.3952,41.122,2.0115,4.3021,4.3006,0.5682,0.5682,25000.0,25000.0,12480.5422,264000.0,264000.0
300249.SZ,20250124,13.37,17.5468,21.9902,0.92,,,14.1687,7.3499,6.2078,0.0,,44048.7994,37359.6925,29810.8091,588932.448,499499.0887
000059.SZ,20250124,4.33,0.8497,1.6044,1.14,98.5148,,0.558,0.1501,0.1838,0.3233,0.3233,159944.2537,159944.2537,84712.3362,692558.6185,692558.6185
600830.SH,20250124,9.22,2.9967,4.3733,0.89,188.704,75.0328,1.9297,22.5391,14.7896,0.1627,0.1627,45432.2747,45432.2747,31131.0133,418885.5727,418885.5727
688061.SH,20250124,28.73,1.6033,1.6033,0.79,344.0691,1538.0633,1.3303,7.2612,5.8146,0.1024,0.1024,11488.9391,4329.777,4329.777,330077.2203,124394.4932
600868.SH,20250124,2.66,3.5731,3.8478,0.7,,,2.2333,16.0965,15.2806,0.0,,189814.8679,189814.8679,176264.8506,504907.5486,504907.5486
605168.SH,20250124,31.69,4.1036,9.3585,1.5,12.6534,17.125,2.4382,1.2645,1.4904,3.7605,3.7605,21081.6986,21081.6986,9244.0287,668079.0286,668079.0286
920971.BJ,20250124,27.11,4.1686,9.5593,0.68,234.5794,203.3403,6.565,15.2227,12.2976,0.9232,0.9232,10600.8002,8469.0302,3693.1202,287387.6934,229595.4087
002202.SZ,20250124,9.91,0.5883,0.9946,0.87,31.4579,22.4826,1.1404,0.8298,0.7349,1.0091,1.0091,422506.7647,335482.5179,198431.9765,4187042.0382,3324631.7524
600052.SH,20250124,4.21,0.868,1.4213,0.86,31.3782,23.7609,1.1822,8.7065,8.6095,1.1344,1.1344,84419.4741,84419.4741,51558.1371,355405.986,355405.986
601577.SH,20250124,9.15,0.6232,0.9585,0.83,4.9307,4.6114,0.5478,1.4836,1.4188,4.153,4.153,402155.3754,402068.3625,261416.54,3679721.6849,3678925.5169
301035.SZ,20250124,47.5,0.2655,0.8168,1.21,17.2951,34.1035,2.0334,1.1612,1.0459,2.4656,2.4656,28077.0974,28031.7704,9110.8977,1333662.1265,1331509.094
600125.SH,20250124,5.77,1.1428,1.6327,1.49,16.0008,18.352,1.0341,0.5127,0.5319,1.9064,1.9064,130552.1874,130552.1874,91377.407,753286.1213,753286.1213
002535.SZ,20250124,3.9,1.4098,2.1711,0.89,26.7357,18.6731,4.5813,1.7015,1.5724,0.0,,80168.3074,74633.8485,48461.791,312656.3989,291072.0092
002242.SZ,20250124,9.79,0.647,1.9718,1.01,19.3013,60.7551,2.1697,0.7812,0.8331,1.5242,1.5242,76701.7,76570.57,25125.7864,750909.643,749625.8803
603217.SH,20250124,16.82,0.5011,1.3297,1.01,14.0181,15.6993,1.0848,1.6046,1.5796,2.3563,2.3563,20808.76,20808.76,7842.4171,350003.3432,350003.3432
600308.SH,20250124,3.41,0.5406,0.8791,0.87,21.8125,28.5571,0.5577,0.3892,0.406,1.3787,1.3787,151687.0176,151687.0176,93277.2753,517252.73,517252.73
605188.SH,20250124,7.0,2.3525,17.2518,2.07,238.8519,316.1151,3.0932,1.4383,1.3124,0.1429,0.1429,49558.0,49558.0,6757.9998,346906.0,346906.0
000656.SZ,20250124,1.52,0.772,0.9005,0.47,,,,0.1283,0.1944,0.0,,533971.5816,531174.3236,455354.2392,811636.804,807384.9719
002931.SZ,20250124,16.81,3.25,7.5121,0.55,,,5.0186,7.9443,7.5482,0.5949,0.5949,20479.0102,18668.1833,8076.4459,344252.1615,313812.1613
600391.SH,20250124,17.98,1.934,3.0227,0.8,123.2592,86.8926,3.6088,1.3139,1.4482,0.0,,33012.9367,33012.9367,21122.2062,593572.6019,593572.6019
600698.SH,20250124,5.16,1.8538,3.5608,0.46,1938.1267,,7.2298,11.3335,12.9302,0.0,,107122.0032,83034.5271,43227.7691,552749.5365,428458.1598
002836.SZ,20250124,7.75,1.7087,4.7118,0.39,91.7106,32.4493,5.0274,10.0815,5.4021,1.2494,1.2494,23040.0,23040.0,8355.312,178560.0,178560.0
300673.SZ,20250124,18.28,6.4812,8.5487,0.65,,26.3131,2.4825,3.223,2.5024,0.0,,24882.763,16198.9799,12281.2874,454856.9076,296117.3526
301601.SZ,20250124,32.77,20.73,20.73,0.51,46.6378,39.1662,3.6689,7.7717,6.4496,,,14048.0,2997.2106,2997.2106,460352.96,98218.5914
603556.SH,20250124,38.04,0.613,1.8592,0.84,18.9213,16.821,2.7023,4.4257,3.9241,2.8774,2.8774,48868.404,48868.404,16112.0728,1858954.0882,1858954.0882
002727.SZ,20250124,12.27,1.2378,1.6178,0.88,13.0776,46.0527,0.9506,0.4134,0.3957,3.3179,3.3179,58560.4125,39731.2433,30399.4531,718536.2614,487502.3553
002959.SZ,20250124,42.56,0.7695,2.2916,0.6,15.0122,21.5717,2.533,1.4187,1.4747,2.7882,2.7882,15706.1656,15438.0281,5183.8262,668454.4079,657042.4759
688435.SH,20250124,30.0,2.4171,2.7467,1.61,56.3369,296.247,2.2568,10.304,10.8906,,,8350.0,4614.7915,4061.0415,250500.0,138443.745
001270.SZ,20250124,26.33,12.1532,12.1532,2.36,68.4676,,4.0076,18.9919,25.1569,0.5737,0.5737,20726.9561,10139.1963,10139.1963,545740.7541,266965.0386
002159.SZ,20250124,15.42,1.7879,2.6612,1.05,21.4402,18.3356,1.9854,3.8023,3.9433,1.4267,1.4267,17730.1325,13848.1229,9303.7929,273398.6432,213538.0551
688127.SH,20250124,27.65,2.8789,6.2947,1.0,61.9664,44.6509,6.3651,14.7764,10.6116,0.7204,0.7204,40319.24,40319.24,18439.88,1114826.986,1114826.986
603192.SH,20250124,15.83,1.2679,4.271,1.36,34.9813,25.5692,1.4727,0.8239,0.8033,1.117,1.117,14115.3667,13866.6667,4116.6667,223446.2549,219509.3339
603893.SH,20250124,157.26,4.9286,12.1162,0.9,488.3897,160.9579,19.5601,30.8624,23.1993,0.127,0.286,41890.1601,41869.4101,17031.5269,6587646.5773,6584383.4323
688257.SH,20250124,18.06,1.3879,1.3879,0.64,20.0506,19.1685,1.5126,2.1093,1.8733,1.8895,1.8895,18095.3562,13272.3842,13272.3842,326802.133,239699.2587
300340.SZ,20250124,9.54,2.178,2.2078,1.03,,,17.5532,0.8708,1.1997,0.0,,27646.5494,17976.7617,17733.7853,263748.0813,171498.3066
000880.SZ,20250124,21.75,20.7987,20.7987,1.03,43.2861,40.893,3.5682,1.9156,1.9103,0.8276,0.9655,33132.06,16216.2,16216.2,720622.305,352702.35
605286.SH,20250124,32.0,0.6728,2.4465,0.52,24.758,18.3519,2.7605,2.2096,1.8445,1.619,1.619,16800.0,16800.0,4620.07,537600.0,537600.0
603291.SH,20250124,13.74,5.3382,11.0676,0.69,36.5007,31.9829,3.3143,5.1561,5.3343,1.3464,1.3464,42322.0604,12994.3077,6267.4567,581505.1099,178541.7878
000779.SZ,20250124,7.89,0.806,1.4762,0.72,14.4146,14.7448,0.9691,1.5351,1.7795,1.0139,1.0139,46482.9452,46478.89,25378.3637,366750.4376,366718.4421
301024.SZ,20250124,21.5,5.0557,5.2844,0.9,,,2.922,9.4478,16.0562,0.0,,6358.5,1773.75,1697.0,136707.75,38135.625
300063.SZ,20250124,9.93,17.9612,19.9403,1.56,553.158,749.5979,4.6778,0.8654,0.9617,0.0,,75852.715,62524.9275,56319.3042,753217.46,620872.5301
002864.SZ,20250124,26.27,3.1064,3.565,0.87,25.2825,24.0897,1.7371,2.8466,2.8446,0.8375,0.8375,10628.096,7370.1636,6422.0403,279200.0819,193614.1978
300055.SZ,20250124,4.59,0.8642,0.9681,0.94,,,0.7491,1.3612,1.5718,0.3268,0.3268,83674.9606,63270.1144,56480.259,384068.0692,290409.8251
603983.SH,20250124,31.8,0.3757,1.9564,0.93,49.1554,39.3097,3.8912,5.7296,4.8275,2.4214,2.4214,40100.0,40100.0,7700.0,1275180.0,1275180.0
688517.SH,20250124,13.56,0.8661,1.6642,0.77,22.9195,18.7628,2.3608,3.2421,2.7178,3.6441,3.6441,13661.3184,13661.3184,7110.1696,185247.4775,185247.4775
300494.SZ,20250124,12.19,10.7727,11.6487,1.1,35.3079,,3.5092,4.4985,5.441,0.2867,0.2867,49051.0076,39829.9399,36834.7399,597931.7826,485526.9674
300010.SZ,20250124,7.71,22.4892,22.834,1.93,504.3069,65.4544,14.6901,16.0489,17.5075,0.0,,206661.2659,166333.2582,163821.7072,1593358.3601,1282429.4207
688286.SH,20250124,67.38,2.1451,3.0286,0.65,,,3.7217,10.1229,8.3787,,,5598.7446,5598.7446,3965.502,377243.4111,377243.4111
603179.SH,20250124,48.37,1.088,1.7847,1.0,29.2613,25.3404,4.5514,2.2296,1.8331,0.6202,0.6202,48730.3796,48730.3796,29708.9044,2357088.4613,2357088.4613
002414.SZ,20250124,6.63,1.1189,2.4454,1.32,418.2522,,4.1562,11.7244,10.8294,0.2112,0.2112,427073.6108,339861.2431,155507.6723,2831498.0396,2253280.0418
002021.SZ,20250124,2.48,2.6674,3.3144,0.88,5.0273,4.7899,4.7301,4.1625,3.5557,0.0,,120541.1823,120537.2391,97007.7704,298942.1321,298932.353
002755.SZ,20250124,14.27,1.0607,4.3785,1.59,,81.1852,4.4332,9.1758,7.7538,0.0,,92816.0351,92815.1576,22484.7553,1324484.8209,1324472.299
300278.SZ,20250124,5.94,3.4772,5.3846,0.77,108.8905,97.6283,4.72,2.9528,2.9999,0.0,,142150.6508,141706.518,91509.1968,844374.8658,841736.7169
688069.SH,20250124,14.29,0.5224,1.1715,1.22,,47.9882,1.1932,5.2082,3.5244,1.4876,1.4876,11300.0,11300.0,5038.76,161477.0,161477.0
688695.SH,20250124,29.94,7.5783,7.5783,2.12,38.1985,38.4906,3.255,14.1526,12.5634,0.8016,0.8016,8505.1378,1913.6561,1913.6561,254643.8257,57294.8636
688601.SH,20250124,41.11,2.5032,4.1906,0.88,27.4108,30.1337,4.332,6.198,6.4162,1.4595,1.4595,13369.27,13369.27,7985.8701,549610.6897,549610.6897
603315.SH,20250124,10.63,1.6057,4.0848,0.57,47.4356,34.4599,2.108,3.3409,2.7802,0.6397,0.6397,32042.6264,31372.6264,12332.2281,340613.1186,333491.0186
688299.SH,20250124,13.46,1.6447,2.0196,0.76,40.9775,100.0441,1.8312,3.1197,2.9407,0.361,0.361,29049.6916,28683.3913,23358.9408,391008.8489,386078.4469
001209.SZ,20250124,16.08,2.1517,5.1323,0.77,24.2688,25.7125,1.6459,1.3247,1.2278,0.608,0.608,13152.272,9609.4636,4028.7859,211488.5338,154520.1747
601200.SH,20250124,7.81,0.484,1.1127,1.26,19.2384,18.2776,0.946,1.6478,1.658,1.067,1.067,134623.0251,134623.0251,58565.0067,1051405.826,1051405.826
300866.SZ,20250124,105.31,1.0707,1.5644,0.73,34.6547,29.8756,6.7612,3.1966,2.5243,2.0226,2.0226,53141.0776,29640.1856,20287.2706,5596286.8821,3121407.9455
000729.SZ,20250124,11.43,0.5676,1.2407,0.8,49.9693,32.9825,2.1692,2.2667,2.2,0.8749,0.8749,281853.9341,250960.6667,114810.7076,3221590.4668,2868480.4204
000538.SZ,20250124,57.35,0.299,0.7344,1.12,24.9958,23.8135,2.6677,2.6163,2.6012,5.7364,5.7364,178426.2603,176940.0035,72036.1766,10232746.0282,10147509.2007
002134.SZ,20250124,19.36,2.7889,3.9559,0.96,180.1227,138.3816,9.9945,7.3648,4.5995,0.0,,24584.9768,24584.9768,17332.4014,475965.1508,475965.1508
300727.SZ,20250124,33.35,7.0367,16.1074,1.9,51.9362,46.8665,4.7362,3.7615,3.3505,0.5983,0.5983,12802.6545,11421.2977,4989.5324,426968.5276,380900.2783
000993.SZ,20250124,8.16,0.8162,1.6997,1.13,15.9347,135.4686,1.5041,2.4853,6.6928,2.451,2.451,45795.1455,43974.7572,21116.6007,373688.3873,358834.0188
600315.SH,20250124,16.01,0.4645,0.9701,1.14,21.5226,40.0652,1.4058,1.6313,1.7989,1.6305,1.6305,67222.598,67222.598,32188.2402,1076233.794,1076233.794
301026.SZ,20250124,27.26,0.6946,0.8386,0.94,29.5186,30.7285,2.0746,1.2225,0.9942,1.091,1.091,11333.3334,7939.7337,6576.4429,308946.6685,216437.1407
000810.SZ,20250124,12.6,4.286,9.3354,0.96,24.0716,37.0914,2.2859,1.3637,1.5069,1.1816,1.8117,115021.6072,111759.1649,51309.5732,1449272.2507,1408165.4777
301078.SZ,20250124,13.32,2.7088,4.8474,0.77,159.4518,140.3386,3.9316,1.915,1.8212,0.4617,0.4617,125832.2106,124645.8656,69652.6278,1676085.0452,1660282.9298
000066.SZ,20250124,13.6,2.5247,4.1177,0.97,,,3.6525,3.269,2.9301,0.0,,322579.9088,314179.3331,192631.4784,4387086.7597,4272838.9302
300930.SZ,20250124,26.24,2.9413,4.6986,1.06,51.9527,55.6677,3.0148,6.6702,5.9652,0.3811,0.3811,10000.0,4712.5001,2950.0,262400.0,123656.0026
605060.SH,20250124,22.12,5.0884,14.8948,1.37,21.2265,27.6238,2.3368,4.4044,4.7032,1.5711,1.5711,24118.4,24059.2,8219.2,533499.008,532189.504
300587.SZ,20250124,4.05,1.4613,1.6751,1.23,,,1.8381,3.1339,2.3032,0.0,,116634.3797,92559.0932,80746.5203,472369.2378,374864.3275
688070.SH,20250124,36.55,1.0009,2.5722,0.82,,,5.798,10.6078,10.4547,,,8758.0,8758.0,3408.1,320104.9,320104.9
002997.SZ,20250124,37.96,2.9956,5.5406,1.13,39.2851,26.4413,3.847,4.2332,3.4469,0.7903,0.7903,20932.1325,20932.1325,11317.1325,794583.7497,794583.7497
002170.SZ,20250124,8.59,4.8369,5.362,1.12,31.8459,30.3096,2.7526,2.5477,2.6132,1.6177,1.6177,96198.8907,71096.0831,64133.0706,826348.4711,610715.3538
300075.SZ,20250124,15.99,3.0446,3.2609,1.73,73.9065,,2.506,8.1871,11.7327,0.309,0.309,62113.0158,51439.0726,48027.4482,993187.1226,822510.7709
000820.SZ,20250124,3.33,10.4983,10.952,0.96,,,25.1928,13.599,8.3282,0.0,,64167.0201,29208.1899,27998.0264,213676.1769,97263.2724
000901.SZ,20250124,10.48,1.7061,2.621,1.05,,,1.9928,1.2293,1.1823,0.0,,79820.1406,79819.3381,51957.9676,836515.0735,836506.6633
300264.SZ,20250124,5.54,4.6491,4.9153,1.12,,,45.9542,18.2692,16.1502,0.0,,43085.7518,37038.8029,35032.5588,238695.065,205194.9681
688456.SH,20250124,33.2,1.6024,2.5789,1.05,62.4375,60.0454,2.8803,1.2837,1.1348,0.6024,0.6024,10366.0,10366.0,6440.875,344151.2,344151.2
300796.SZ,20250124,10.05,2.1764,3.0383,1.76,41.0525,306.0101,2.0702,5.191,3.0138,0.398,0.398,36114.2872,36114.2872,25869.9004,362948.5864,362948.5864
688506.SH,20250124,194.72,1.0916,1.5817,1.22,,20.5482,18.4075,138.9692,13.3549,,,40100.0,9207.0423,6354.3252,7808272.0,1792795.2767
605007.SH,20250124,12.64,0.5301,2.4457,1.4,22.0922,12.2288,1.8062,0.9246,0.8234,1.4741,1.4741,47690.0681,40154.9828,8704.2745,602802.4608,507558.9826
601678.SH,20250124,3.88,1.44,1.7215,1.15,20.8431,27.281,0.7025,1.093,0.8462,1.2676,1.5219,205803.6276,202983.6276,169785.5566,798518.0751,787576.4751
002235.SZ,20250124,5.15,3.9172,4.7317,1.07,,,3.9943,8.1124,8.6812,0.0,,57957.2284,55357.8302,45828.5245,298479.7263,285092.8255
002688.SZ,20250124,4.3,1.652,2.5889,0.44,38.3808,34.1552,1.4805,1.5263,1.4673,2.2964,2.2964,77169.4398,74506.3867,47544.0885,331828.5911,320377.4628
300506.SZ,20250124,3.02,1.0256,1.2504,0.93,,,19.1209,25.8942,18.4609,0.0,,69559.6569,57633.1806,47272.2113,210070.1638,174052.2054
688129.SH,20250124,16.7,0.9305,2.6749,1.17,38.9366,22.8308,2.3929,3.8771,3.3627,1.5226,1.5226,12047.88,12047.88,4190.88,201199.596,201199.596
300018.SZ,20250124,6.97,4.0797,4.0797,1.44,55.7513,41.6728,2.6243,7.4794,6.5202,0.7174,0.7174,48083.1536,38107.1539,38107.1539,335139.5806,265606.8627
601858.SH,20250124,20.07,0.7498,4.0883,1.28,30.9086,36.3508,3.0762,5.51,5.506,1.2955,1.2955,79050.0,79050.0,14497.065,1586533.5,1586533.5
001313.SZ,20250124,8.63,3.4004,3.4004,1.03,146.8274,,2.3297,0.879,1.0054,0.5707,0.5707,70000.0,21377.2701,21377.2701,604100.0,184485.841
000702.SZ,20250124,6.79,2.2577,3.0157,0.74,,,5.7522,1.8963,2.1532,0.0,,34662.4948,26663.4576,19961.696,235358.3397,181044.8771
001387.SZ,20250124,13.29,1.5028,2.4935,0.78,16.7285,23.8326,2.0338,1.0016,1.1413,2.0258,2.6278,17778.8,10689.0333,6441.9333,236280.252,142057.2526
301007.SZ,20250124,19.5,9.0651,10.9306,0.97,56.0472,57.0322,4.5467,4.624,4.2728,1.1795,1.1795,15334.0,15028.9338,12463.9338,299013.0,293064.2091
300622.SZ,20250124,48.38,15.1747,18.0382,0.96,66.2259,74.4259,11.458,7.2127,7.1529,1.5636,1.791,17530.3931,11640.0845,9792.2695,848120.4182,563147.2881
002829.SZ,20250124,17.26,4.8534,5.6672,0.73,66.4522,,1.8834,4.6528,11.5594,0.0,,20780.9394,14315.4747,12259.7514,358679.014,247085.0933
300229.SZ,20250124,18.77,10.6286,15.9502,2.01,449.6758,282.5367,3.8466,20.9778,20.5117,0.1455,0.1455,87362.0932,79470.1252,52955.4676,1639786.4894,1491654.25
920455.BJ,20250124,7.06,0.9753,0.9753,0.81,45.1708,34.3785,3.662,9.2979,8.8542,1.983,1.983,17745.0,9292.8457,9292.8457,125279.7,65607.4906
300360.SZ,20250124,16.9,1.4271,2.1705,0.76,14.309,12.2966,2.2696,4.9058,4.1997,4.114,4.114,51418.7126,50020.6137,32889.2402,868976.2429,845348.3715
601789.SH,20250124,4.17,1.6157,2.2093,0.87,13.7585,14.5227,1.0319,0.1999,0.2069,2.3981,2.3981,108679.859,108679.859,79479.859,453195.012,453195.012
300115.SZ,20250124,19.49,10.6157,15.8112,1.11,308.3063,38.9517,3.3948,1.9255,1.6484,0.0,,135570.6597,135178.4625,90759.6514,2642272.1576,2634628.2341
300859.SZ,20250124,34.17,2.0306,3.7986,0.72,50.1627,55.0618,6.7354,17.3503,17.2805,0.878,0.878,15500.0,15500.0,8285.9279,529635.0,529635.0
688551.SH,20250124,28.4,2.1593,4.6622,3.14,20.3838,25.5553,1.8231,4.5113,4.3293,2.1072,2.1072,8402.3969,8402.3969,3891.6242,238628.072,238628.072
688380.SH,20250124,32.05,6.265,6.265,0.67,,134.6206,4.3242,17.9824,14.2695,0.7785,0.7785,40036.5,14778.0,14778.0,1283169.825,473634.9
688722.SH,20250124,12.85,0.6911,1.4504,0.76,18.7924,28.1338,2.2344,4.5086,5.2571,0.7004,0.7004,22466.67,22410.52,10678.6865,288696.7095,287975.182
601336.SH,20250124,48.56,1.0503,3.1179,1.01,17.3881,7.6315,1.6953,2.1173,1.2987,2.8624,2.8624,311954.66,208543.934,70249.7025,15148518.2896,10126893.435
920982.BJ,20250124,223.6,1.1799,1.9199,1.08,66.0156,31.5413,15.0272,25.3649,15.8126,0.7912,0.7912,8851.18,4589.108,2820.2051,1979123.848,1026124.5488
001332.SZ,20250124,35.15,2.3646,2.3646,0.84,23.4327,15.8278,1.6959,3.0971,2.3631,2.8191,2.8191,11000.0,2700.0,2700.0,386650.0,94905.0
002886.SZ,20250124,17.77,10.2914,14.0175,1.01,793.2625,300.1501,2.6491,3.044,2.7242,0.0391,0.0391,26320.3565,20816.8164,15283.4412,467712.735,369914.8274
300437.SZ,20250124,7.69,2.6938,3.2045,0.46,,,1.3961,1.7472,1.7981,0.0,,25706.3097,17581.0597,14779.3097,197681.5216,135198.3491
603356.SH,20250124,12.72,4.153,6.2045,1.4,,,2.9442,1.0923,1.3394,0.0,,13334.0,13334.0,8925.0983,169608.48,169608.48
002869.SZ,20250124,26.24,2.5874,3.3278,0.8,95.535,87.3702,2.192,9.1949,9.1527,0.3684,0.3684,17955.6341,15926.0254,12382.3216,471155.8388,417898.9065
601518.SH,20250124,2.68,0.7184,2.2735,1.0,9.2714,9.3062,0.9674,3.5012,3.676,3.3582,3.3582,189055.3169,189055.3169,59742.6908,506668.2493,506668.2493
300308.SZ,20250124,128.25,3.6848,4.879,0.77,66.1549,31.0539,8.14,13.4157,6.847,0.2469,0.2469,112116.6509,111571.4558,84262.8456,14378960.4779,14309039.2064
300425.SZ,20250124,4.99,3.3972,5.6547,1.43,20.3305,23.3848,1.4731,2.0368,1.9783,0.9924,0.9924,68222.4853,67874.4749,40777.4159,340430.2016,338693.6298
603182.SH,20250124,11.88,1.0466,1.06,1.04,17.7496,19.3988,1.8763,1.1536,1.2656,3.367,3.367,16455.0,9307.8672,9190.1426,195485.4,110577.4623
300003.SZ,20250124,10.62,0.8403,1.1505,1.27,15.8735,28.2389,1.2817,2.5028,3.0697,4.3784,4.3784,188061.1055,161603.6518,118036.1893,1997208.9404,1716230.7821
002252.SZ,20250124,6.91,0.3889,0.6355,0.96,25.7764,25.0691,1.472,5.7595,5.4978,0.9695,0.9695,663798.4837,663448.9612,405948.53,4586847.5224,4584432.3219
300946.SZ,20250124,27.64,1.8659,3.0522,1.23,38.001,35.2274,2.8314,6.1144,5.7484,0.8321,0.8321,12000.6,5696.1,3482.1,331696.584,157440.204
000812.SZ,20250124,4.64,2.5464,3.0856,0.58,89.7054,63.1566,1.9458,2.8796,2.5574,0.431,0.431,76869.2614,76816.097,63393.523,356673.3729,356426.6901
002612.SZ,20250124,15.33,1.4436,1.8947,0.91,30.1344,28.2107,2.1764,1.3182,1.2048,2.9354,2.9354,44244.5375,25353.9077,19317.7027,678268.7599,388675.405
301548.SZ,20250124,42.56,3.3397,3.5497,0.58,36.5881,35.1287,2.5814,7.0771,7.3269,1.6204,2.2783,8700.0,2369.2819,2229.1575,370272.0,100836.6377
920953.BJ,20250124,33.68,13.6739,13.6739,1.59,55.4237,48.6242,6.0574,12.9488,12.2738,0.5344,0.5344,9190.49,2594.42,2594.42,309535.7032,87380.0656
300047.SZ,20250124,12.08,10.0423,10.3006,2.68,271.9152,309.4563,2.3111,1.1696,0.943,0.1242,0.1242,63774.4672,54971.9014,53593.4571,770395.5638,664060.5689
002802.SZ,20250124,12.35,3.1358,6.7356,0.72,44.2481,39.4212,3.6722,6.0395,5.0443,2.9389,2.9389,18230.199,18194.2875,8470.3245,225142.9577,224699.4506
300942.SZ,20250124,8.31,1.4334,4.6789,1.17,,,4.2348,13.1242,13.4988,0.0,,40131.6667,40131.6667,12294.4383,333494.1503,333494.1503
000157.SZ,20250124,7.23,0.6478,0.9729,1.03,17.8955,16.5547,1.0986,1.3328,1.3655,4.426,4.426,867799.2236,707051.0063,470801.4387,6274188.3866,5111978.7755
300305.SZ,20250124,5.28,1.5005,2.0945,0.77,227.6768,,0.8253,1.1759,1.7948,0.2651,0.2651,37540.0292,32147.5817,23030.5278,198211.3542,169739.2314
601096.SH,20250124,4.2,0.7502,1.5274,0.82,90.5799,52.6125,2.6025,1.2088,1.0915,0.6031,0.6031,267515.5088,164297.6541,80700.7764,1123565.137,690050.1472
688501.SH,20250124,14.09,1.4655,2.446,1.51,20.0054,17.3611,1.937,1.6848,1.3485,1.5614,1.5614,12307.1,12307.1,7373.9094,173407.039,173407.039
688141.SH,20250124,33.0,5.0114,5.0114,0.63,,,6.5736,11.3723,9.9385,,,44688.0,26394.6216,26394.6216,1474704.0,871022.5128
300203.SZ,20250124,17.14,2.0745,2.793,0.57,,,2.5412,2.4174,2.2393,0.0,,44873.76,44836.8525,33302.6192,769136.2464,768503.6519
603825.SH,20250124,12.36,4.0611,7.3752,0.47,,,4.213,0.5693,1.0723,0.0,,25333.6552,25333.6552,13949.8528,313123.9783,313123.9783
600668.SH,20250124,9.88,0.5088,0.6067,1.04,36.2594,94.7325,0.6721,1.1749,1.1925,1.0121,1.0121,34408.3828,34408.3828,28851.9725,339954.8221,339954.8221
603848.SH,20250124,13.5,0.2099,1.8226,0.75,16.6622,19.5204,2.2947,3.2297,3.3224,2.2235,2.2235,40391.1511,40240.6511,4634.6511,545280.5399,543248.7899
300290.SZ,20250124,18.76,4.4533,5.5683,1.08,452.2114,1020.8843,14.6528,15.0481,15.9357,0.0,,63973.2569,63922.2344,51122.2344,1200138.2994,1199181.1173
603877.SH,20250124,13.88,0.3473,1.3587,0.58,15.5867,25.5765,1.5304,0.844,0.9628,4.2924,4.2924,47382.5333,46932.3226,11995.6319,657669.5622,651420.6377
920639.BJ,20250124,6.02,0.7637,0.9842,0.54,30.4523,37.8365,1.4358,0.6367,0.579,1.6455,1.6455,20160.0,11721.5883,9095.5262,121363.2,70563.9616
000909.SZ,20250124,5.06,0.5615,0.9587,0.6,,,1.8605,3.291,6.9283,0.0,,43771.4245,43771.057,25634.2299,221483.408,221481.5484
688060.SH,20250124,36.07,0.3909,1.4448,0.99,,,2.2832,7.6891,7.1763,,,6019.0728,6019.0728,1628.5528,217107.9559,217107.9559
688663.SH,20250124,22.77,1.057,1.8642,0.76,19.2405,19.2042,2.3879,1.8736,1.7588,2.1959,2.1959,13995.0,13995.0,7935.5334,318666.15,318666.15
600141.SH,20250124,21.64,0.9994,1.5323,0.67,17.3139,13.5697,1.1312,0.8495,0.8458,2.7726,2.7726,110325.5024,110325.5024,71954.6687,2387443.8719,2387443.8719
600280.SH,20250124,3.35,2.7796,6.4648,0.85,,,4.6468,1.5428,1.546,0.0,,112833.4788,112833.4788,48514.7372,377992.154,377992.154
688400.SH,20250124,26.4,13.456,13.456,3.94,74.6418,88.6,3.0808,4.6334,5.3195,0.1878,0.1878,46350.0,23972.2415,23972.2415,1223640.0,632867.1756
300117.SZ,20250124,0.96,10.6577,17.1912,1.07,,,,0.5716,0.9776,0.0,,71676.0,71676.0,44435.4669,68808.96,68808.96
301559.SZ,20250124,15.0,1.2093,1.2093,1.15,15.1031,31.0973,1.9634,1.93,2.8289,3.0,3.0,60000.0,9000.0,9000.0,900000.0,135000.0
300271.SZ,20250124,6.92,3.2549,4.2961,2.12,,,1.4025,3.1734,3.169,0.0,,81186.0673,79724.2504,60402.4923,561807.5857,551691.8128
603728.SH,20250124,66.8,3.747,10.3187,1.04,199.2356,269.658,9.7527,11.0042,11.3909,0.06,0.06,41888.25,41888.25,15210.7074,2798135.1,2798135.1
600613.SH,20250124,6.41,1.0057,2.013,1.13,60.0589,67.9166,1.4539,1.4624,1.5606,1.5601,1.5601,53407.1628,47931.9978,23946.9962,342339.9135,307244.1059
300518.SZ,20250124,11.57,3.3114,4.7209,0.93,,,2.2807,9.2226,17.1442,0.0,,19941.1576,19938.7776,13985.711,230719.1934,230691.6568
600018.SH,20250124,5.76,0.0944,0.7857,0.85,10.1567,9.185,1.0109,3.5711,3.5364,3.8545,3.8545,2328136.5262,2321457.7754,278896.4599,13410066.3909,13371596.7863
600199.SH,20250124,11.25,1.9262,2.6423,1.52,,,3.0612,5.0361,6.1552,0.0,,65779.6824,65779.6824,47953.974,740021.427,740021.427
000597.SZ,20250124,4.98,0.929,2.1,0.88,19.8543,20.5308,1.3764,0.8634,0.8927,2.008,2.008,142910.3265,140686.5588,62237.6303,711693.426,700619.0628
002857.SZ,20250124,13.11,7.1838,10.9918,0.63,286.4778,,3.4845,5.1921,4.9917,0.2711,0.2711,12917.03,12800.0,8365.5353,169342.2633,167808.0
002275.SZ,20250124,13.46,0.6389,2.379,0.81,18.7721,19.3707,2.7583,3.6419,3.74,4.0862,4.0862,58756.86,55904.1316,15013.3059,790867.3356,752469.6113
600869.SH,20250124,4.78,1.545,3.4311,0.76,33.1862,,2.3712,0.4336,0.4194,1.4644,1.4644,221935.2746,221935.2746,99931.9003,1060850.6126,1060850.6126
002234.SZ,20250124,8.11,1.2048,1.6627,1.05,,,1.367,1.3642,1.4022,0.0,,34896.0212,30140.8639,21841.0152,283006.7319,244442.4062
600570.SH,20250124,26.49,1.4216,1.7946,1.07,35.228,39.7245,6.1053,6.8912,7.0657,0.49,0.49,189414.5075,189414.5075,150040.1988,5017590.3037,5017590.3037
600628.SH,20250124,7.86,2.0993,4.1372,0.64,160.6089,111.7862,1.2034,4.4844,4.4832,0.3817,0.3817,64687.5384,64687.5384,32824.4194,508444.0518,508444.0518
300021.SZ,20250124,4.04,1.197,1.7849,1.01,68.8085,78.8899,1.8509,0.9992,0.9878,0.746,0.746,85391.3616,70068.0201,46986.8946,344981.1009,283074.8012
603167.SH,20250124,8.13,1.7212,2.8771,0.94,15.2323,12.9555,1.0613,2.0731,2.0257,9.8401,12.5461,46914.4503,46914.4503,28065.9398,381414.4809,381414.4809
600159.SH,20250124,2.33,1.7557,3.3569,0.61,,,1.0118,2.7266,2.6483,0.0,,83000.3232,83000.3232,43408.6677,193390.7531,193390.7531
688618.SH,20250124,21.98,1.0122,3.0358,0.8,22.1848,36.8599,2.8021,5.5204,6.475,1.5981,1.5981,11036.4881,11004.7848,3669.3493,242582.0084,241885.1699
301117.SZ,20250124,33.56,5.4158,5.7337,0.89,,,2.4003,13.6168,13.1233,0.0,,9226.33,5674.9919,5360.35,309635.6348,190452.7282
002805.SZ,20250124,11.13,1.4656,2.2829,0.62,,,1.6165,1.1226,2.1713,0.0,,28006.2508,27881.5318,17900.3322,311709.5714,310321.4489
688168.SH,20250124,43.5,2.1573,3.32,0.76,283.7125,28521.3473,2.8876,6.0976,5.8622,0.1144,0.1144,7685.5124,7685.5124,4994.0188,334319.7894,334319.7894
300550.SZ,20250124,13.82,2.0434,4.0724,0.87,92.7642,134.7441,3.3839,8.2608,8.6165,0.2171,0.2171,26256.0141,26231.6361,13162.0581,362858.1149,362521.2109
920792.BJ,20250124,9.08,1.3042,2.1189,0.78,24.4106,27.3772,1.5348,2.3652,2.1855,,,16554.0,10039.4068,6179.2803,150310.32,91157.8137
002186.SZ,20250124,10.87,1.676,2.9898,0.69,55.5674,56.7921,3.8121,2.3292,2.3384,0.0,,30692.1588,30651.1338,17181.9862,333623.7662,333177.8244
605020.SH,20250124,20.94,2.1643,5.5343,0.75,43.2187,47.2302,3.1318,1.8172,1.7569,0.7186,0.7186,37912.1272,37911.9115,14826.2652,793879.9436,793875.4268
300490.SZ,20250124,7.37,1.5078,1.9266,0.91,,,1.1112,1.2405,1.7083,0.0,,39867.0674,39326.0612,30777.2363,293820.2867,289833.071
688176.SH,20250124,6.73,0.694,0.6951,0.96,,,1.8458,278.9213,25.6237,,,57000.0,37828.0953,37764.2724,383610.0,254583.0814
300306.SZ,20250124,11.72,2.3467,3.1027,1.15,33.7454,33.2361,2.1083,7.4758,7.3258,2.5597,2.5597,26895.8778,15756.5464,11917.2184,315219.6878,184666.7238
600794.SH,20250124,3.44,0.5846,1.0326,0.68,16.5315,17.606,1.6481,2.7822,4.1135,3.5977,3.5977,121215.2157,121215.2157,68629.5487,416980.342,416980.342
002993.SZ,20250124,40.28,2.1334,4.4206,1.34,25.2163,28.2946,2.3228,2.1489,1.8074,2.9791,2.9791,27604.0,23792.65,11482.5781,1111889.12,958367.942
603259.SH,20250124,55.86,1.922,2.2965,1.48,16.7927,20.0072,2.9779,3.999,4.1901,1.7888,1.7888,288799.2582,250091.6432,209309.4175,16132326.5631,13970119.1892
000541.SZ,20250124,6.06,3.0219,5.6779,0.9,32.0529,30.7574,1.4552,1.0275,1.0174,1.9802,1.9802,153577.823,118373.7167,63000.4859,930681.6074,717344.7232
688152.SH,20250124,56.16,6.2516,7.1873,1.43,,,3.6636,27.0587,19.1422,,,7873.8639,3105.8639,2701.5202,442196.1966,174425.3166
600222.SH,20250124,5.19,2.1851,2.8407,0.92,68.3814,33.3241,1.9034,1.4389,1.5137,0.5214,0.5214,57388.6283,57388.6283,44144.5115,297846.9809,297846.9809
601318.SH,20250124,50.86,0.5731,0.6666,1.08,10.8116,7.8976,1.0394,1.0136,0.941,4.7604,4.7604,1821023.4607,1076265.7695,925247.9335,92617253.2112,54738877.0368
300531.SZ,20250124,13.9,2.2504,3.928,1.13,,,3.0303,3.5952,3.554,0.3488,0.3488,32789.5925,31511.6038,18053.3738,455775.3358,438011.2928
300696.SZ,20250124,14.36,1.469,1.8115,0.95,61.1376,,2.2857,12.0375,15.7103,0.6964,0.6964,29315.2983,18642.8299,15118.7194,420967.6836,267711.0374
600479.SH,20250124,10.11,1.2319,1.7235,1.07,13.3787,14.7016,1.7767,1.1285,1.1479,3.4619,3.4619,42399.7117,41850.7117,29912.5981,428661.0853,423110.6953
688218.SH,20250124,22.93,9.5072,11.6318,1.27,33.2438,53.0334,2.9877,3.1849,4.0516,1.4937,1.4937,11860.1725,11860.1725,9693.8602,271953.7554,271953.7554
920122.BJ,20250124,46.34,1.7905,4.4406,0.85,128.9529,166.185,12.8595,22.2947,21.5481,0.6691,0.6691,9224.2108,3408.9138,1374.5394,427449.9285,157969.0655
603309.SH,20250124,11.58,0.6551,1.3177,0.84,17.6191,15.7526,1.8457,2.4438,2.3054,4.3221,4.3221,29286.8018,29187.1418,14511.7162,339141.1648,337987.102
002381.SZ,20250124,6.59,1.2512,1.6669,0.97,11.2158,12.3547,1.2686,1.0462,1.0148,3.7936,3.7936,41157.7356,32202.5936,24171.6388,271229.4776,212215.0918
600983.SH,20250124,9.23,0.69,3.4055,0.55,87.1933,58.9266,2.8005,1.767,1.9845,0.8483,0.8483,76643.9,76643.9,15529.6791,707423.197,707423.197
600064.SH,20250124,7.38,0.8606,1.3186,1.13,8.1851,7.388,0.6719,2.7018,6.3686,3.794,3.794,173033.9644,173033.9644,112925.6424,1276990.6573,1276990.6573
002355.SZ,20250124,6.61,2.3867,3.1008,0.8,,,3.4137,5.0711,5.1781,0.0,,62057.04,61816.665,47579.8374,410197.0344,408608.1557
920950.BJ,20250124,17.25,1.4608,2.8911,0.78,18.853,18.3166,3.6668,4.9834,4.7915,2.8094,2.8094,6110.0,3087.5,1560.0,105397.5,53259.375
002609.SZ,20250124,7.88,1.6212,2.3607,1.27,45.298,71.3714,2.1395,3.0919,3.1916,1.5907,1.5907,64535.6761,45940.5591,31550.5567,508541.1277,362011.6057
000950.SZ,20250124,5.09,0.7629,1.6883,1.1,13.4306,20.4775,0.7727,0.1098,0.108,1.5717,1.5717,172818.4696,172818.4696,78098.9493,879646.0103,879646.0103
688333.SH,20250124,49.7,6.936,9.7857,2.39,95.3919,104.0464,2.8026,10.9599,11.0493,0.2098,0.2098,27176.8196,27176.8196,19262.572,1350687.9341,1350687.9341
688062.SH,20250124,15.69,1.6759,1.6759,0.68,,,3.27,49.0452,37.007,,,39960.0,20417.0,20417.0,626972.4,320342.73
688003.SH,20250124,43.36,1.9368,4.7244,0.99,39.0119,52.3167,4.668,5.0935,5.1805,1.3669,1.3669,19359.5,19359.5,7936.4955,839427.92,839427.92
605199.SH,20250124,17.3,3.2266,13.0824,0.58,64.9955,61.3201,5.9956,3.6332,3.8012,0.7225,0.7225,40010.8752,40010.8752,9868.1802,692188.141,692188.141
300114.SZ,20250124,68.53,1.6448,3.5598,0.71,1868.6488,1794.6654,9.2038,109.3659,111.8573,0.0,,267678.2376,59076.0499,27295.9497,18343989.6227,4048481.6996
002023.SZ,20250124,9.97,1.2818,1.6768,1.01,157.7064,97.9251,1.7276,7.0117,5.9873,0.5015,0.5015,74086.0235,74086.0235,56634.6254,738637.6543,738637.6543
603998.SH,20250124,9.46,2.0726,3.3239,1.3,22.2355,15.2186,2.6407,2.5508,2.3582,2.6449,2.6449,43912.406,43870.956,27355.8253,415411.3608,415019.2438
001206.SZ,20250124,21.38,7.2142,9.7625,0.49,38.2841,23.6988,2.2365,2.9558,2.3713,4.1751,4.1751,18489.3808,10632.3186,7856.8934,395302.9615,227318.9717
000792.SZ,20250124,16.25,0.3544,0.4817,0.67,10.8658,15.7633,2.5621,3.9849,5.2958,0.0,,529157.2541,529148.5252,389269.8735,8598805.3791,8598663.5345
601865.SH,20250124,19.88,1.8469,4.4643,1.65,16.8777,22.3203,2.1667,2.164,2.3009,2.554,2.554,234291.9565,190006.4565,78609.2565,4657724.0952,3777328.3552
603558.SH,20250124,10.99,1.1079,2.1136,0.79,14.9958,12.1762,1.6539,1.7776,1.5927,4.0335,4.0335,36900.0549,36900.0549,19341.6774,405531.6034,405531.6034
301377.SZ,20250124,22.9,10.4355,12.6672,0.69,42.8119,42.2408,3.8791,7.1117,6.1705,0.8734,0.8734,41000.0,7102.4,5851.0693,938900.0,162644.96
688316.SH,20250124,34.84,4.7565,5.7516,1.74,,,13.9288,4.9609,5.689,,,4779.9688,3594.422,2972.5798,166534.113,125229.6625
603126.SH,20250124,6.01,2.1892,4.4621,0.68,25.5808,50.0767,1.7705,1.1964,1.5647,1.381,1.381,61050.0,61050.0,29951.4214,366910.5,366910.5
920090.BJ,20250124,5.83,3.8388,4.8642,0.6,,,7.8386,6.0792,5.0725,,,19933.3546,17149.8053,13534.74,116211.4573,99983.3649
603009.SH,20250124,51.15,4.5905,7.6235,0.89,340.3987,208.9778,9.777,9.205,8.6192,0.1202,0.1202,33852.6168,33840.897,20377.6115,1731561.3493,1730961.8816
600662.SH,20250124,5.02,1.7393,6.1828,4.27,19.5621,18.7435,2.5715,0.5984,0.5429,2.5897,2.5897,228349.6485,226978.2694,63852.0559,1146315.2355,1139430.9124
002562.SZ,20250124,4.16,1.5135,1.8192,0.82,,,1.3965,1.5685,1.3563,0.0,,106370.0541,70152.8783,58363.4323,442499.4251,291835.9737
300459.SZ,20250124,6.0,10.2207,11.956,1.27,,,6.3299,15.6523,17.7513,0.0,,351581.0939,316794.1182,270814.7328,2109486.5634,1900764.7092
002180.SZ,20250124,25.42,0.9777,1.4209,0.97,,,3.4847,1.5033,1.418,0.0,,142298.9339,136525.5608,93940.7967,3617238.8997,3470479.7555
300833.SZ,20250124,42.4,2.4685,5.3135,1.4,14.6466,17.0795,2.2451,4.1101,4.3241,3.7736,3.7736,12649.05,8126.0074,3775.188,536319.72,344542.7138
600218.SH,20250124,7.81,2.1701,3.3039,0.81,34.9928,39.8166,1.0659,0.7059,0.8458,0.8963,0.8963,43559.9919,43559.9919,28611.6243,340203.5367,340203.5367
601106.SH,20250124,2.67,0.4359,1.2068,0.84,,,2.073,1.0666,1.1564,0.0,,685778.2927,685778.2927,247721.9039,1831028.0415,1831028.0415
002598.SZ,20250124,9.62,1.7102,2.6594,0.83,28.1724,27.9457,2.4598,1.4974,1.4201,1.0394,1.0394,31203.4351,28208.0252,18139.5889,300177.0457,271361.2024
688197.SH,20250124,29.26,0.4688,0.5673,0.81,,,5.3075,832.1672,1103.8884,,,14871.9343,5576.6242,4607.6762,435152.7976,163172.0241
688478.SH,20250124,28.87,1.118,1.8915,0.78,56.2485,48.7198,2.5379,9.8494,8.1334,0.6876,0.6876,13836.6096,10202.5806,6030.0796,399462.9192,294548.5019
600785.SH,20250124,10.89,2.989,5.1643,0.69,18.054,22.9981,1.1054,0.4051,0.398,1.8365,1.8365,22563.128,22563.128,13059.2086,245712.4639,245712.4639
603123.SH,20250124,7.69,1.5014,3.0185,0.74,,,2.5075,1.6781,2.4122,0.0,,79873.6665,65227.5949,32443.4516,614228.4954,501600.2048
600633.SH,20250124,10.04,1.2904,2.5205,1.45,19.2045,28.5546,1.268,4.1362,4.3026,2.1872,2.1872,126807.4472,126807.4472,64920.0636,1273146.7699,1273146.7699
003038.SZ,20250124,16.51,1.1326,1.3857,0.83,13.3067,17.7214,1.3459,0.5898,0.4851,1.7609,2.9467,24369.5765,16918.791,13828.5474,402341.708,279329.2394
301301.SZ,20250124,12.08,1.9443,1.9443,0.78,28.6042,19.5477,3.5539,5.5779,4.7215,1.8589,1.8589,222716.0,61589.2357,61589.2357,2690409.28,743997.9673
688292.SH,20250124,20.53,5.6859,6.507,3.38,51.6749,67.2682,3.1128,6.2456,6.9351,0.5796,0.5796,15834.6667,9002.0429,7866.1732,325085.7074,184811.9407
603912.SH,20250124,8.6,8.056,14.5449,0.91,131.7422,170.3856,2.5678,7.333,6.6087,0.9302,0.9302,54180.4247,54180.4247,30008.9054,465951.6524,465951.6524
688276.SH,20250124,22.54,0.6326,1.9001,1.87,18.6101,22.5058,2.2199,5.1098,5.8002,0.6655,0.6655,41365.7598,41365.7598,13772.0919,932384.2259,932384.2259
002901.SZ,20250124,35.55,0.9219,4.0926,0.68,249.5808,73.1776,4.653,9.6003,7.5988,0.7032,0.7032,41401.9506,28851.2773,6498.937,1471839.3438,1025662.908
002544.SZ,20250124,20.12,0.7929,1.4312,0.56,384.6946,,3.6677,2.5063,2.7404,0.1301,0.1301,68053.389,67912.1496,37625.5911,1369234.1867,1366392.45
603330.SH,20250124,6.44,1.9428,3.2959,0.93,,,1.6174,2.1024,2.1045,1.2311,1.2311,43267.3649,43267.3649,25504.1363,278641.83,278641.83
601375.SH,20250124,4.08,1.1533,1.6249,1.12,89.5219,113.467,1.358,9.6254,10.6225,0.4902,0.4902,464288.47,344751.97,244702.1838,1894296.9576,1406588.0376
688082.SH,20250124,100.9,0.3615,2.066,0.84,48.6193,44.443,6.1377,11.385,8.6544,0.6171,0.6171,43874.0753,43355.71,7586.4792,4426894.1978,4374591.139
002462.SZ,20250124,12.64,0.5949,0.832,0.93,14.7452,15.1007,0.8388,0.1229,0.1381,2.057,2.057,29170.712,29147.0419,20841.3183,368717.7997,368418.6096
603659.SH,20250124,14.75,0.9378,2.0072,1.03,16.4904,20.7227,1.709,2.055,2.3363,0.9452,0.9452,213716.5372,213639.9076,99812.9224,3152318.9237,3151188.6371
300499.SZ,20250124,19.77,12.6234,13.1489,0.8,,,4.3596,10.5263,11.3536,0.0,,30524.8564,27140.8406,26056.188,603476.411,536574.4187
688026.SH,20250124,13.26,1.4047,2.5291,0.57,53.501,26.2202,1.7943,4.0191,3.5501,0.5379,0.5379,14036.322,14027.3576,7790.8435,186121.6297,186002.7618
301181.SZ,20250124,21.4,2.487,2.487,1.15,16.8275,19.896,1.781,4.3853,4.825,3.0342,3.0342,11700.0,3900.0,3900.0,250380.0,83460.0
920679.BJ,20250124,16.99,1.1231,1.8146,0.62,22.3877,37.0013,1.8977,5.6751,7.5171,7.6516,7.6516,5585.0,2613.05,1617.3314,94889.15,44395.7195
300943.SZ,20250124,13.0,4.3575,5.2971,0.85,34.6563,45.4861,2.7631,5.677,5.1402,0.92,0.92,20382.0,13434.0287,11051.0401,264966.0,174642.3731
688179.SH,20250124,15.2,0.6514,1.228,0.48,49.1239,40.6537,4.2688,10.4654,8.4713,1.4098,1.4098,27738.5321,27738.5321,14714.2793,421625.6879,421625.6879
300858.SZ,20250124,13.55,1.6823,2.1433,1.29,38.1939,38.5296,2.0232,11.9313,11.8613,1.107,1.107,26349.5118,19376.4577,15209.2882,357035.8849,262551.0018
002605.SZ,20250124,28.5,9.1102,14.8432,1.58,21.0167,27.5613,3.5463,2.7447,3.3533,3.151,3.151,41477.3243,33341.4065,20463.6086,1182103.7426,950230.0853
300975.SZ,20250124,10.85,2.3959,3.172,1.04,219.2849,136.9885,3.5585,1.4607,1.2998,0.1008,0.1008,68700.5604,46855.6664,35390.6234,745401.0803,508383.9804
300941.SZ,20250124,25.0,11.8001,16.467,0.74,62.9874,67.6088,4.0685,19.5936,19.9017,0.6344,0.6344,20475.0,12128.0487,8690.8265,511875.0,303201.2175
920896.BJ,20250124,17.27,6.0374,10.4039,0.79,45.1517,64.0154,4.3658,5.0867,5.2729,1.1581,1.1581,10122.424,4440.181,2576.6376,174814.2625,76681.9259
600426.SH,20250124,20.6,0.6478,0.9552,1.28,12.2317,11.8292,1.4517,1.6045,1.3217,4.369,4.369,212326.6665,211569.3275,143495.5442,4373929.3299,4358328.1465
002942.SZ,20250124,15.33,3.1948,9.2183,0.59,,88.8766,2.0341,2.9128,2.6141,1.2813,1.2813,15600.0,13999.8863,4851.9488,239148.0,214618.257
002040.SZ,20250124,6.54,0.7398,2.2897,1.3,19.2444,18.2461,0.9865,3.4146,3.2432,1.5621,1.5621,48990.8265,48396.68,15636.2129,320400.0053,316514.2872
688185.SH,20250124,58.75,1.3939,3.4957,1.55,,,2.8711,40.7123,19.4217,,,24744.9899,11477.8999,4576.6883,1453768.1566,674326.6191
300006.SZ,20250124,3.53,2.3527,3.7521,1.15,,194.4397,1.8133,4.1619,4.352,0.0,,105591.1205,105582.2773,66205.342,372736.6554,372705.4389
300694.SZ,20250124,14.78,5.4408,8.7347,0.81,47.0563,63.3987,2.3184,1.9876,2.0341,0.3383,0.3383,21531.6977,21531.6977,13411.9287,318238.492,318238.492
002822.SZ,20250124,3.76,2.5959,2.9347,1.14,,,1.4664,0.7098,0.8765,0.0,,72823.2728,53932.7245,47706.0425,273815.5057,202787.0441
688165.SH,20250124,33.9,5.5706,15.7051,0.74,,,10.4265,9.3764,11.9636,,,52178.0,52178.0,18507.5122,1768834.2,1768834.2
600791.SH,20250124,3.97,1.121,2.0501,0.71,,,2.6228,0.3964,0.3385,0.0,,45288.0,45231.3696,24733.0051,179793.36,179568.5373
301446.SZ,20250124,20.02,4.0374,4.0374,1.0,26.6731,32.32,1.8745,4.9634,4.8791,1.268,1.268,10400.0,2600.0,2600.0,208208.0,52052.0
000544.SZ,20250124,8.51,0.3865,1.5602,1.31,9.6435,8.1182,0.9946,1.0616,1.2484,2.1152,2.1152,97468.4488,97468.4488,24142.7944,829456.4993,829456.4993
000681.SZ,20250124,21.99,22.315,31.2122,1.42,105.8126,147.0687,4.3981,19.7299,18.9131,0.1317,0.1317,70057.7436,67615.7043,48341.403,1540569.7818,1486869.3376
600210.SH,20250124,6.5,1.105,1.5078,0.97,17.6193,15.4976,1.6752,1.0815,1.0991,3.8462,3.8462,151673.6158,151673.6158,111152.8382,985878.5027,985878.5027
920363.BJ,20250124,15.12,1.9133,2.71,0.54,44.8,205.0535,3.3726,4.9811,7.0543,1.6534,1.6534,7954.1667,4324.1142,3052.9167,120267.0005,65380.6067
600137.SH,20250124,14.51,1.6188,4.1133,0.42,62.3477,51.9648,2.6451,3.6373,3.5779,1.2405,1.2405,9721.7588,9721.7588,3826.0545,141062.7202,141062.7202
300250.SZ,20250124,16.48,26.0789,29.5772,6.77,138.331,,6.2993,9.9634,11.7232,0.0,,21406.7479,15767.4797,13902.5648,352783.2054,259848.0655
600909.SH,20250124,5.79,0.8215,1.5501,1.13,21.3426,18.6499,1.2597,7.4478,6.6199,1.7271,1.7271,469771.5261,469771.5261,248976.3525,2719977.1361,2719977.1361
688610.SH,20250124,36.31,1.6627,2.9515,1.68,156.7532,99.2899,1.6999,10.4811,9.6612,0.5405,0.5405,6800.0,4025.2568,2267.6498,246908.0,146157.0744
603017.SH,20250124,8.12,0.8417,1.5012,1.04,21.0174,28.1717,1.5199,1.2954,1.5115,1.2159,1.2159,27590.5778,27590.5778,15470.0056,224035.4917,224035.4917
300194.SZ,20250124,4.32,1.3874,1.4979,0.84,22.1658,18.249,1.1681,1.9411,1.9321,1.1574,1.1574,118971.2382,96786.446,89648.9605,513955.749,418117.4467
300350.SZ,20250124,5.18,2.9407,3.136,1.22,29.4695,,3.1498,8.0417,9.3701,0.0,,56201.2279,47156.5417,44218.5838,291122.3605,244270.886
000639.SZ,20250124,3.36,2.3807,3.5832,1.15,,91.9897,1.0719,0.6606,0.7026,0.0,,107942.8095,107942.6772,71715.8129,362687.8399,362687.3954
300152.SZ,20250124,4.93,7.6019,8.0756,0.56,,,10.9309,17.2856,14.0323,0.0,,71280.0,71250.0056,67070.2656,351410.4,351262.5276
600302.SH,20250124,4.73,2.7541,4.8123,1.46,,,2.174,3.2285,3.6157,0.0,,34600.9804,34600.9804,19801.8356,163662.6373,163662.6373
300448.SZ,20250124,6.81,6.2188,6.7237,1.15,,,3.4996,12.6212,13.596,0.4783,0.4783,67651.7079,49166.721,45474.5104,460708.1308,334825.37
002383.SZ,20250124,7.42,2.1166,3.061,0.75,11.4933,13.1768,3.0015,3.0481,4.1037,0.0,,74036.0305,61629.5285,42615.1643,549347.3463,457291.1015
603681.SH,20250124,13.26,2.362,4.3474,2.38,30.6369,15.753,1.0257,0.4645,0.426,1.088,1.088,19113.0961,19113.0961,10384.3541,253439.6543,253439.6543
300426.SZ,20250124,9.77,1.6851,2.4502,0.81,231.8629,,62.6571,11.6015,23.1858,0.0,,40485.94,40000.0,27509.4624,395547.6338,390800.0
688045.SH,20250124,33.37,2.3666,3.798,0.79,,,1.7086,3.9832,3.644,,,6904.8939,3690.6189,2299.7004,230416.3094,123155.9527
920946.BJ,20250124,8.85,0.4432,1.6021,0.79,28.0859,30.8247,3.2568,6.4086,7.0917,1.8079,1.8079,42691.834,42678.709,11806.275,377822.7309,377706.5747
300787.SZ,20250124,12.75,2.1135,3.4024,0.9,26.0942,46.608,2.3099,1.7657,1.6359,1.8135,1.8135,26356.3802,16150.3802,10032.6374,336043.8476,205917.3476
002296.SZ,20250124,10.51,8.7423,9.0898,0.91,24.9055,21.7852,1.8951,5.5318,5.3432,0.9515,0.9515,38958.042,34741.5444,33413.1119,409449.0214,365133.6316
300903.SZ,20250124,8.02,2.9975,3.5976,0.75,,,1.6414,1.1227,1.0228,,,41469.4422,32966.707,27467.996,332584.9264,264392.9901
002042.SZ,20250124,4.72,2.4633,4.2402,1.25,120.2001,270.9962,1.3383,0.5875,0.6724,0.6199,0.6199,170068.1355,170068.1355,98799.3593,802721.5996,802721.5996
002650.SZ,20250124,4.59,0.2792,0.4831,0.93,,,2.6181,3.6371,4.1567,0.0,,115200.02,115196.27,66570.35,528768.0918,528750.8793
300289.SZ,20250124,4.7,0.8333,1.5552,0.99,166.7074,,1.4709,5.5397,6.3409,0.2128,0.2128,54401.1487,54315.6487,29102.3335,255685.3989,255283.5489
600566.SH,20250124,27.09,0.5705,1.4835,1.2,8.8455,8.977,1.7745,2.5862,2.7983,4.7963,4.7963,92170.416,91574.816,35215.2342,2496896.5694,2480761.7654
601886.SH,20250124,5.22,0.5684,1.7315,1.06,8.8044,8.3788,0.8533,0.2822,0.2657,6.705,6.705,113300.206,113300.206,37191.1394,591427.0753,591427.0753
001234.SZ,20250124,16.45,1.0503,3.9744,0.79,27.6139,23.288,2.0194,2.2534,2.0908,4.2448,4.2448,10943.37,10666.67,2818.77,180018.4365,175466.7215
600529.SH,20250124,24.23,1.2499,1.5526,1.13,20.7261,18.2306,2.1189,3.2274,3.1323,2.889,2.889,66361.4113,66361.4113,53423.3133,1607936.9958,1607936.9958
300729.SZ,20250124,14.93,1.3227,2.5084,0.79,8.0413,13.3288,1.4452,1.306,0.9816,2.4541,2.4541,34130.862,29574.1736,15594.4733,509573.7697,441542.4118
601388.SH,20250124,2.33,0.6439,1.2015,0.74,38.591,59.5779,1.1407,0.7546,0.7654,0.7725,0.7725,220122.2616,220122.2616,117976.163,512884.8695,512884.8695
600449.SH,20250124,13.65,1.2878,2.5268,0.81,21.9475,36.9532,0.9056,0.627,0.6733,1.8315,1.8315,47818.1042,47818.1042,24370.5938,652717.1223,652717.1223
920526.BJ,20250124,27.85,1.8618,3.8474,0.51,141.5515,112.0132,10.6163,22.0131,20.1841,0.3591,0.3591,8270.0,5217.9911,2524.9892,230319.5,145321.0521
301365.SZ,20250124,14.49,6.6982,6.6982,1.76,76.8149,77.1765,1.4816,4.9279,4.7156,1.1732,2.3257,18000.0,4635.0,4635.0,260820.0,67161.15
600608.SH,20250124,3.22,0.6006,0.7408,0.83,,,24.2307,6.1914,4.9123,0.0,,32886.1441,31837.1441,25809.9759,105893.384,102515.604
688102.SH,20250124,9.3,1.4655,1.9674,0.99,68.7835,62.5335,6.4816,5.7348,5.3055,0.6596,1.0884,72733.789,41828.5648,31157.5035,676424.2377,389005.6526
300081.SZ,20250124,7.05,5.8833,6.5741,0.99,,,2.9944,10.5959,10.9334,0.0,,60479.5417,60470.3842,54115.9021,426380.769,426316.2086
603051.SH,20250124,25.16,5.0255,5.0321,1.69,,291.7,1.7108,0.8921,1.1539,0.0,,10462.3024,6119.0929,6111.0029,263231.5284,153956.3774
000966.SZ,20250124,4.39,0.7264,2.343,1.22,43.7795,24.8413,1.1052,1.057,0.9143,0.7016,0.7016,348103.5016,274932.7699,85235.1244,1528174.372,1206954.8599
600101.SH,20250124,8.42,1.6986,2.4769,0.86,25.7223,22.0755,1.541,1.7301,1.6231,0.9136,0.9136,54786.2471,54786.2471,37570.2847,461300.2006,461300.2006
605296.SH,20250124,25.54,0.7163,5.4285,2.09,,45.2701,2.8481,3.4447,2.6285,0.0,,52483.9012,52325.1172,6904.0215,1340438.8366,1336383.4933
002144.SZ,20250124,9.76,5.1585,5.5944,2.35,20.9743,22.3652,0.8504,3.2236,2.9139,1.5369,1.5369,17676.2528,13667.9014,12602.8991,172520.2273,133398.7177
300485.SZ,20250124,6.74,1.3698,1.8336,1.06,31.5439,,0.9758,6.8121,8.0035,0.3264,0.3264,48166.64,27381.7182,20455.2484,324643.1536,184552.7807
688181.SH,20250124,31.31,2.2636,2.846,0.85,39.4247,57.7932,1.9828,5.2666,5.8302,0.2587,0.2587,13448.1546,13448.1546,10696.1673,421061.7205,421061.7205
301345.SZ,20250124,68.39,5.3019,5.3019,0.69,26.7595,19.8879,2.5192,3.5003,2.4871,2.1762,2.8999,10974.5,2980.0,2980.0,750546.055,203802.2
600461.SH,20250124,9.59,0.7967,1.3552,0.84,11.3725,11.0267,1.3698,1.5301,1.5436,4.3985,4.3985,128414.6191,119767.457,70410.8812,1231496.1972,1148569.9126
603117.SH,20250124,5.48,1.6933,2.4755,0.83,,,3.7594,8.4565,10.9818,0.0,,59919.7742,59919.7742,40986.75,328360.3626,328360.3626
600405.SH,20250124,4.88,4.4293,4.9896,0.85,,,4.8169,3.5173,4.6992,0.0,,61282.9588,55327.5448,49113.6833,299060.8389,269998.4186
920906.BJ,20250124,17.69,3.6561,5.7102,0.8,29.6339,89.5294,2.1407,1.3963,1.5241,0.5031,0.5031,6497.0,3318.3223,2124.6631,114931.93,58701.1215
601956.SH,20250124,4.75,0.7806,1.4839,0.77,15.6736,18.8235,1.1938,0.5002,0.4857,4.2105,4.2105,62178.204,61862.805,32543.8008,295346.469,293848.3238
300389.SZ,20250124,10.97,1.8828,3.6187,1.11,12.8239,18.9206,2.6127,1.0107,0.9671,2.6959,2.6959,36910.0317,23319.5046,12132.9742,404903.0477,255814.9655
301123.SZ,20250124,24.12,17.4107,17.4107,0.56,2629.9143,703.1921,1.9218,3.8333,3.4942,0.4092,0.4092,23360.0,7641.6213,7641.6213,563443.2,184315.9058
000663.SZ,20250124,5.07,1.8465,2.6276,0.87,8.9826,115.8938,1.5982,2.4626,3.4659,0.0,,33668.3929,30630.1196,21525.5731,170698.752,155294.7064
605588.SH,20250124,42.23,2.2528,6.5829,0.49,59.4295,190.025,2.9164,3.4694,2.5026,0.1708,0.1708,7348.2601,7309.9561,2501.6228,310317.024,308699.4461
688248.SH,20250124,30.97,0.8407,1.2277,0.93,62.1789,43.6041,6.0244,6.8926,5.8059,1.001,1.001,56470.0,22840.0,15640.0,1748875.9,707354.8
601615.SH,20250124,10.62,0.9954,1.3195,0.74,64.769,,0.8924,0.8659,0.8889,2.7109,2.7109,227149.6706,227149.6706,171358.2269,2412329.5018,2412329.5018
000727.SZ,20250124,2.72,1.6242,3.0667,0.87,44.3839,43.4484,4.3108,0.2257,0.2195,0.0,,452956.698,452956.698,239895.4182,1232042.2186,1232042.2186
600114.SH,20250124,17.75,3.9325,5.1591,0.82,55.2798,29.7599,4.0729,2.8336,2.3328,1.1268,1.1268,61638.3477,61638.3477,46983.7261,1094080.6717,1094080.6717
002285.SZ,20250124,2.37,1.8698,3.5396,0.62,,,1.5638,1.4001,1.8755,0.0,,199282.9038,197535.334,104346.1857,472300.482,468158.7416
002882.SZ,20250124,15.78,1.2861,2.7781,0.91,41.8562,59.3899,3.2178,1.7373,1.8011,1.2674,1.2674,43290.0,24680.715,11425.3408,683116.2,389461.6827
600611.SH,20250124,6.33,3.2308,4.6332,0.9,46.1658,55.9231,1.5502,3.4549,4.5057,0.7899,0.7899,236412.2864,156331.6364,109013.029,1496489.7729,989579.2584
002506.SZ,20250124,2.56,1.1114,1.57,1.11,94.9585,154.1635,6.0674,0.9379,0.8075,0.0,,585031.6427,584841.1101,414023.8956,1497681.0053,1497193.2419
002109.SZ,20250124,3.12,1.3527,3.1628,0.41,,,0.8694,1.1149,1.0746,0.0,,127626.9851,127626.9851,54583.9807,398196.1935,398196.1935
300035.SZ,20250124,15.22,4.5488,4.7759,0.75,250.1353,37.054,2.2906,2.1258,1.9799,0.9855,0.9855,68542.6671,58335.138,55560.2693,1043219.3933,887860.8004
688128.SH,20250124,21.99,0.7131,3.6754,0.97,21.6902,19.1123,2.7629,2.1317,1.966,2.0464,2.0464,40450.0,40450.0,7848.1392,889495.5,889495.5
300137.SZ,20250124,5.85,0.7687,0.8837,0.71,,,1.7602,3.248,3.4635,0.0,,53658.221,52759.176,45893.3351,313900.5929,308641.1796
603890.SH,20250124,12.64,7.9751,11.8827,0.75,207.4873,35.2626,2.0297,1.7037,1.4213,0.0,,43905.073,43905.073,29466.985,554960.1227,554960.1227
601827.SH,20250124,7.99,0.1993,0.6667,0.84,11.4587,11.2145,1.213,2.2166,2.2244,2.9488,2.9488,167193.33,166769.86,49857.65,1335874.7067,1332491.1814
301267.SZ,20250124,17.73,1.3185,2.5779,1.05,22.3644,28.1319,2.5668,3.7111,3.6394,0.6158,0.6158,84000.0,32882.8875,16817.8875,1489320.0,583013.5954
300514.SZ,20250124,14.68,2.0484,2.6808,0.82,15.3243,15.5455,2.9281,2.6754,2.7201,1.3624,1.3624,20000.0,15841.37,12104.45,293600.0,232551.3116
600825.SH,20250124,6.11,1.8634,3.8413,1.25,176.4402,360.691,2.5833,4.892,4.8267,0.2128,0.2128,104488.785,104488.785,50686.785,638426.4764,638426.4764
688202.SH,20250124,28.0,1.2945,2.3295,0.91,,,1.6033,2.7612,3.8315,,,13467.3082,13467.3082,7483.7613,377084.6296,377084.6296
000633.SZ,20250124,4.55,2.8294,3.9155,1.14,301.2658,431.1953,9.6429,7.4914,8.6247,0.0,,38510.6373,38510.3523,27828.1548,175223.3997,175222.103
002757.SZ,20250124,16.95,10.2106,17.6119,1.05,28.9027,34.5586,2.1017,1.3801,1.4212,2.9499,2.9499,29545.5913,28205.3921,16352.1854,500797.7725,478081.3961
920719.BJ,20250124,9.65,4.0825,4.8377,1.03,15.3554,,1.0189,1.2397,1.893,1.0363,1.0363,9309.34,7319.3662,6176.7655,89835.131,70631.8838
002007.SZ,20250124,15.75,0.3659,0.589,1.05,19.4409,21.5279,2.4624,5.392,5.8549,1.9048,1.9048,182878.0926,157412.1879,97784.2394,2880329.9585,2479241.9594
301367.SZ,20250124,64.04,0.717,1.1484,0.86,19.2977,37.7538,2.0506,5.1122,7.3639,1.1154,1.1154,8960.0,5652.4786,3529.399,573798.4,361984.7295
002084.SZ,20250124,2.83,1.1437,1.9522,0.65,,,1.1727,0.6296,0.6301,1.0535,1.0535,64605.604,64197.2375,37609.8218,182833.8593,181678.1821
920438.BJ,20250124,15.73,2.8616,2.8616,0.9,21.3208,28.9413,2.3876,2.7487,3.3382,0.6357,0.6357,14125.0,7942.534,7942.534,222186.25,124936.0598
300072.SZ,20250124,3.13,0.8196,1.3117,0.86,,,1.1708,0.9609,1.7696,0.0,,234972.0302,233136.8301,145683.3518,735462.4545,729718.2782
000825.SZ,20250124,3.37,0.4678,1.275,1.33,,,0.5822,0.1821,0.1913,0.0,,570691.3596,569624.7796,208979.3462,1923229.8819,1919635.5073
300332.SZ,20250124,4.83,1.1303,1.3638,1.02,17.4091,64.9016,0.9917,0.924,0.9557,1.1646,1.1646,86511.488,82963.353,68759.099,417850.487,400712.995
301045.SZ,20250124,23.33,3.1463,3.758,1.03,291.2388,177.2494,2.5984,4.3153,4.0083,0.5144,0.5144,11031.8358,6792.5028,5686.7898,257372.7292,158469.0903
688116.SH,20250124,38.91,1.8141,2.2544,0.89,45.1407,42.1493,4.8998,9.553,9.6763,0.7706,0.7706,34474.1485,34474.1485,27740.8072,1341389.1181,1341389.1181
300181.SZ,20250124,14.74,1.8612,1.9675,1.31,26.9978,19.9757,3.9768,5.3224,4.0987,3.0529,3.0529,70138.7335,60108.2461,56860.9845,1033844.9318,885995.5475
603637.SH,20250124,8.46,1.6703,2.1757,0.38,19.943,20.123,2.0473,3.4492,3.6376,1.5366,1.5366,23868.5877,23868.5877,18323.5489,201928.2519,201928.2519
000968.SZ,20250124,6.18,0.747,1.7455,0.96,11.0682,14.2406,1.0295,2.5107,2.4744,2.7508,2.7508,96750.266,96750.266,41407.4749,597916.6439,597916.6439
605179.SH,20250124,20.62,4.5036,21.6258,0.54,371.837,348.8943,7.4905,3.1283,3.0085,0.388,0.388,40100.0,40100.0,8350.8,826862.0,826862.0
600089.SH,20250124,12.04,0.5566,0.6791,1.01,5.6841,10.8178,0.9427,0.62,0.6284,1.6504,1.6504,505279.2571,505279.2571,414129.9271,6083562.2555,6083562.2555
600331.SH,20250124,7.47,1.6613,2.6371,1.66,,,40.2879,5.0168,4.7393,0.0,,203200.0,203200.0,128013.4362,1517904.0,1517904.0
688281.SH,20250124,83.01,2.9444,2.9541,1.34,48.2419,43.2146,3.6369,17.6156,15.3447,0.2926,0.4395,19469.3339,4867.3339,4851.3819,1616149.407,404037.387
002675.SZ,20250124,12.59,0.7554,0.9475,1.11,49.4988,114.3451,2.3276,3.1693,3.6392,1.39,1.39,82459.5705,74334.025,59262.5781,1038165.9926,935865.3748
920001.BJ,20250124,16.47,3.7703,8.5549,0.83,79.9432,103.4335,3.3489,12.4929,11.6265,0.6071,0.6071,15365.6204,8869.102,3908.8234,253071.768,146074.1099
603818.SH,20250124,2.62,1.6267,2.8063,0.92,,,0.8257,0.4481,0.4834,0.7634,0.7634,68886.1855,68654.3855,39795.3283,180481.806,179874.49
002485.SZ,20250124,2.68,0.2346,0.9541,0.61,,,1.0879,1.9229,2.0336,0.0,,54400.0,54400.0,13377.7333,145792.0,145792.0
600480.SH,20250124,13.49,7.2352,12.3433,1.22,20.0823,18.3795,1.7395,0.6783,0.6803,2.5951,2.5951,94029.681,91696.541,53749.2248,1268460.3967,1236986.3381
002577.SZ,20250124,20.28,7.426,17.635,0.84,179.4964,158.6016,4.8525,13.8416,13.1111,0.0,,28288.0,28286.5,11911.2122,573680.64,573650.22
002281.SZ,20250124,51.92,4.6319,7.7071,0.75,66.5289,61.5956,4.6608,6.7982,5.7936,0.4626,0.4626,79359.2652,77302.6342,46458.6752,4120333.0492,4013552.7677
603276.SH,20250124,13.3,1.6192,1.9305,1.16,35.371,55.7101,1.5862,4.2876,3.6972,1.1502,1.1502,20764.9497,6704.4496,5623.4807,276173.831,89169.1797
002556.SZ,20250124,5.39,1.3054,2.117,0.8,66.658,39.9342,1.3999,0.2861,0.3035,3.6032,3.6032,94651.808,93185.2421,57460.8096,510173.2451,502268.4549
300245.SZ,20250124,13.6,15.335,18.8325,1.52,,,3.1869,10.3592,10.2924,0.0,,31345.7493,31127.6528,25346.7635,426302.1905,423336.0781
002630.SZ,20250124,3.73,7.5219,7.806,0.78,,46.6322,7.0123,2.3592,1.755,0.0,,118080.0,105968.856,102111.964,440438.4,395263.8329
002703.SZ,20250124,11.68,2.4663,5.0872,1.28,124.4534,64.7199,5.0413,5.2809,3.9051,0.2082,0.2082,82263.2384,58604.8074,28411.3281,960834.6245,684504.1504
300876.SZ,20250124,25.1,1.7484,3.546,1.06,112.1935,,3.0989,5.3008,5.148,0.793,0.793,9600.2282,6838.7282,3371.9282,240965.7278,171652.0778
603048.SH,20250124,15.1,1.2015,4.6787,0.72,48.3612,41.7538,1.7658,3.621,3.4726,2.7699,2.7699,14688.0,14688.0,3772.0,221788.8,221788.8
601015.SH,20250124,3.1,0.5,1.3425,0.49,,,0.9052,0.3406,0.3921,0.0,,204249.7639,204249.7639,76062.3145,633174.2681,633174.2681
603270.SH,20250124,21.1,9.5044,9.5044,0.77,34.9043,50.647,2.1749,4.0682,3.9126,1.1848,1.6588,21910.6667,7071.6667,7071.6667,462315.0674,149212.1674
301071.SZ,20250124,34.8,7.5566,9.1959,0.9,24.9023,32.6204,1.7219,12.0451,12.4241,1.9665,1.9665,26027.2313,15858.8617,13031.7552,905747.6492,551888.3872
601666.SH,20250124,9.03,0.723,1.3331,0.91,5.5839,7.6804,0.91,0.7082,0.7032,10.8524,10.8524,247514.6538,246934.8738,133929.3091,2235057.3238,2229821.9104
300789.SZ,20250124,16.02,2.0181,3.415,1.09,21.342,20.1146,2.2601,3.6007,3.1131,1.4021,1.4021,14372.0076,9882.173,5839.9634,230239.5618,158312.4115
301192.SZ,20250124,23.09,8.7196,16.441,0.92,71.5252,47.728,3.8856,7.4038,5.5422,0.8662,0.8662,9990.0,4786.875,2538.75,230669.1,110528.9438
003001.SZ,20250124,42.09,3.2184,4.793,0.97,282.1012,124.2692,4.5387,5.8208,6.6632,0.2813,0.2813,12673.1886,7317.13,4913.2736,533414.5082,307978.0017
603730.SH,20250124,9.03,0.2049,1.0659,0.95,22.8209,20.227,3.2832,2.5463,2.3854,3.4074,3.4074,165275.6249,165275.6249,31764.1148,1492438.8928,1492438.8928
688707.SH,20250124,10.15,0.7475,1.1618,1.06,50.2903,,1.119,0.751,1.6908,0.4927,0.4927,50874.0205,50874.0205,32731.484,516371.3081,516371.3081
300752.SZ,20250124,18.03,2.5458,3.084,0.73,88.9158,33.3683,3.5335,3.9572,3.2396,0.0,,22524.3456,15397.925,12710.5699,406113.9512,277624.5878
920873.BJ,20250124,4.38,3.8258,4.0879,0.85,,,1.8748,4.093,6.0968,,,15338.7002,10918.0502,10218.0502,67183.5069,47821.0599
300445.SZ,20250124,17.37,1.6858,2.3426,0.79,36.207,30.4527,3.1933,7.4052,7.0279,0.4606,0.4606,21243.0013,14205.9253,10223.0688,368990.9326,246756.9225
000025.SZ,20250124,15.75,0.8363,2.0625,0.89,57.4112,44.4799,3.9969,3.6763,2.5205,0.1968,0.1968,43105.832,39277.832,15926.7546,678916.854,618625.854
300017.SZ,20250124,11.37,17.1576,19.8105,2.66,45.3286,45.0818,2.8875,5.906,5.7919,2.1803,2.1803,244421.9385,228644.3737,198025.4056,2779077.4407,2599686.529
300867.SZ,20250124,12.73,0.8142,1.0117,0.87,23.6087,21.3552,0.9517,1.9794,2.0394,0.4242,0.4242,27174.1053,19162.7822,15422.9304,345926.3605,243942.2174
300803.SZ,20250124,91.03,4.4412,7.5176,0.91,513.3907,11635.5196,20.4316,37.7711,37.9401,0.0,,40950.4591,40472.7852,23910.1316,3727720.2919,3684237.6368
002077.SZ,20250124,14.11,2.9551,5.818,0.65,92.6396,636.1007,2.4748,17.3716,21.7961,0.0,,58034.8513,58034.8513,29476.9403,818871.7518,818871.7518
300844.SZ,20250124,31.32,3.7618,5.2089,1.24,,,2.662,6.0762,4.9768,0.0,,6464.0,2251.5,1626.0,202452.48,70516.98
300665.SZ,20250124,6.48,3.3205,3.6084,1.03,59.387,,2.6874,1.4878,1.9653,0.7719,0.7719,18943.2647,15209.4957,13996.152,122752.3553,98557.5321
002196.SZ,20250124,6.01,5.6811,6.9025,0.75,29.779,224.7983,2.0603,1.194,1.1075,0.0,,49587.193,48841.0407,40198.441,298019.0299,293534.6546
000090.SZ,20250124,3.96,1.0526,1.742,1.3,4.8776,9.0379,0.6607,0.2741,0.3977,6.3131,6.3131,186854.5434,186845.9934,112899.5706,739943.9919,739910.1339
600429.SH,20250124,4.08,0.3958,1.4723,0.71,25.3738,53.4944,1.2033,0.7853,0.8688,1.201,1.201,150917.6043,149755.7426,40256.6929,615743.8255,611003.4298
300077.SZ,20250124,22.98,5.9673,5.9673,0.55,,,12.4487,12.9252,12.208,0.0,,58312.67,56599.49,56599.49,1340025.1566,1300656.2802
301509.SZ,20250124,24.37,2.5095,3.0794,1.22,16.9108,44.0344,1.369,3.8278,5.1682,2.3448,2.3448,12044.6669,5674.0928,4624.0928,293528.5324,138277.6415
300105.SZ,20250124,6.73,1.6482,2.8417,0.77,24.5834,23.5294,1.8408,3.0749,3.189,2.2297,2.2297,51588.702,51321.3525,29766.2805,347191.9645,345392.7023
603239.SH,20250124,13.73,0.9767,2.2971,1.03,24.6098,20.282,3.3231,3.4877,3.1687,2.3307,2.3307,27072.0,27072.0,11510.25,371698.56,371698.56
603906.SH,20250124,10.11,1.4725,2.5306,0.93,,,2.277,0.7703,0.8514,0.0,,66507.8903,56507.8903,32879.8059,672394.7709,571294.7709
002765.SZ,20250124,10.14,12.4459,16.4458,0.69,,,2.7036,2.3551,1.9768,0.0,0.4931,65212.809,59587.139,45094.467,661257.8833,604213.5895
603929.SH,20250124,29.82,5.5008,16.057,3.58,22.1776,12.7911,3.8155,1.9876,1.0964,3.3535,3.3535,21336.0,21336.0,7309.2,636239.52,636239.52
300374.SZ,20250124,17.04,3.8129,6.1586,1.04,,,4.9889,2.8011,2.4605,0.0,,24591.2337,20342.4393,12594.3776,419034.6222,346635.1657
002718.SZ,20250124,15.43,21.839,39.5503,2.96,31.8414,,2.0577,2.0286,2.6445,1.2765,1.2765,13144.7829,6520.8056,3600.6776,202824.0001,100616.0304
603350.SH,20250124,33.27,5.8325,5.8325,0.78,26.0913,30.54,3.054,2.7036,2.6416,0.0,1.6531,11600.0,2900.0,2900.0,385932.0,96483.0
300835.SZ,20250124,38.41,14.2031,16.6281,1.41,62.0559,42.428,4.3743,4.2841,4.0497,0.5128,0.5128,11937.1904,8195.7815,7000.499,458507.4833,314799.9674
920575.BJ,20250124,18.62,0.7522,0.7624,1.18,,,8.2441,2939.3772,6567.2778,,,28094.0,18789.9922,18539.1922,523110.28,349869.6548
300124.SZ,20250124,63.13,1.9627,2.4707,1.72,35.8428,35.5842,6.3399,5.5872,4.7613,0.7088,0.7088,269224.6188,228083.3925,181189.2024,16996150.1848,14398904.5685
603700.SH,20250124,10.08,0.75,1.3351,0.91,15.6075,24.2018,1.2896,1.145,1.3271,2.897,2.897,20324.2,20324.2,11416.7423,204867.936,204867.936
002960.SZ,20250124,11.73,1.5806,2.8596,0.99,13.0814,17.6359,1.4381,1.7337,1.778,3.0217,3.0217,73481.3014,61094.2832,33769.9699,861935.6654,716635.9419
920802.BJ,20250124,15.12,3.8472,3.8472,0.5,48.549,43.7109,2.2774,5.5915,5.0623,0.9921,0.9921,6308.33,1699.8918,1699.8918,95381.9496,25702.364
300594.SZ,20250124,17.2,1.9082,3.1055,0.79,,,1.8165,1.7515,1.7083,0.5814,0.5814,9187.345,9099.8125,5591.3125,158022.334,156516.775
002734.SZ,20250124,8.16,1.4418,1.9526,1.07,48.2446,32.8055,1.2307,0.7087,0.7178,4.1249,4.1249,36687.0475,32463.383,23971.5375,299366.3076,264901.2053
002729.SZ,20250124,15.54,31.0402,46.0868,1.66,156.7712,81.7218,5.5518,10.5577,8.0862,0.1802,0.3604,18296.992,17546.3711,11817.7486,284335.2557,272670.6069
000045.SZ,20250124,10.39,1.1527,2.3629,0.9,66.3918,57.463,1.7974,1.7089,1.6024,0.6256,0.6256,50652.1849,45702.1849,22295.2413,526276.2011,474845.7011
688622.SH,20250124,73.2,1.906,4.5043,0.96,,,12.3582,13.9927,19.2491,,,6999.7606,6999.7606,2961.9083,512382.4759,512382.4759
000899.SZ,20250124,8.2,0.8779,3.0268,1.02,16.3409,11.0999,1.4113,1.1286,1.1747,1.8415,1.8415,97567.776,97567.776,28298.5929,800055.7632,800055.7632
600719.SH,20250124,6.19,1.7368,2.5886,0.66,23.7241,,5.7576,3.9591,3.9431,0.0,,40459.96,40459.96,27146.5816,250447.1524,250447.1524
688656.SH,20250124,81.18,2.5554,7.9661,1.63,108.1539,145.1788,6.351,12.9792,12.7567,0.4865,0.4865,6305.8328,6305.8328,2022.7671,511907.5067,511907.5067
603693.SH,20250124,9.54,0.2181,1.3692,0.98,18.0043,16.477,1.2672,4.3707,4.156,1.5723,1.5723,89147.588,89147.588,14200.6602,850467.9895,850467.9895
600857.SH,20250124,8.17,4.8415,7.3679,0.97,30.1923,,2.1709,1.5397,1.9787,1.0404,1.0404,22431.9919,22431.9919,14740.2798,183269.3738,183269.3738
301448.SZ,20250124,21.46,3.9826,5.9821,1.99,43.4132,33.6614,3.2564,3.8067,3.0851,1.4553,1.4553,10400.0,4784.0,3185.0,223184.0,102664.64
301000.SZ,20250124,37.92,16.6463,48.2421,1.29,88.8808,66.2802,8.1344,15.532,13.3398,1.3751,1.3751,24215.945,22855.145,7886.345,918268.6344,866667.0984
301061.SZ,20250124,73.22,2.2602,2.2602,0.66,30.0813,23.7658,3.7107,6.3779,5.2913,1.2012,1.2012,16737.0613,4257.0613,4257.0613,1225487.6284,311702.0284
300601.SZ,20250124,14.53,1.2532,1.8644,1.09,18.8423,31.4912,1.7643,4.6669,5.354,1.3764,1.3764,111692.7737,88139.0709,59246.6243,1622896.0019,1280660.7002
601878.SH,20250124,11.55,0.9221,1.7221,1.01,30.1262,31.2941,1.5537,2.995,3.1235,1.0186,1.4478,457379.6639,457379.6639,244897.148,5282735.118,5282735.118
688375.SH,20250124,47.0,0.6684,2.438,1.39,46.2082,60.5681,4.9125,7.8534,10.966,1.0851,1.0851,59601.49,26547.2346,7278.7085,2801270.03,1247720.0262
688255.SH,20250124,42.0,12.2674,15.6375,0.62,185.5238,122.214,4.4507,9.5787,7.9155,0.3404,0.3404,10985.887,7010.2553,5499.4309,461407.254,294430.7226
300717.SZ,20250124,14.55,1.5467,3.2813,1.22,36.4893,32.8755,2.1747,4.5723,4.6927,1.3746,1.3746,10277.5,10185.34,4800.9618,149537.625,148196.697
603196.SH,20250124,13.11,1.3655,3.7447,0.58,181.9393,,4.1297,3.0254,3.2605,0.1678,0.1678,23698.8282,23698.8282,8641.9682,310691.6377,310691.6377
600490.SH,20250124,3.19,2.0926,2.8323,0.59,,,1.1762,1.3137,1.5799,0.0,,221288.7079,199262.1386,147219.7928,705910.9782,635646.2221
300302.SZ,20250124,14.92,4.7753,5.9839,1.17,,,5.2571,20.3679,17.5834,0.0,,47926.3798,36888.8895,29438.541,715061.5866,550382.2313
002694.SZ,20250124,4.33,0.7095,0.9099,0.63,35.9623,,6.6099,3.5424,3.8818,0.0,,76308.48,55290.9525,43116.5233,330415.7184,239409.8243
603130.SH,20250124,20.54,1.3589,1.931,1.61,23.6431,29.4889,2.1787,1.215,1.1495,1.9474,1.9474,13751.42,5106.345,3593.4246,282454.1668,104884.3263
688057.SH,20250124,10.86,0.2233,0.4402,1.02,16.3739,16.3492,0.9628,5.9328,6.7621,4.6041,4.6041,27600.0,27600.0,14000.8,299736.0,299736.0
600310.SH,20250124,4.08,2.0633,4.2098,1.3,3611.5711,13.9156,1.7641,0.3578,1.2262,0.7353,0.7353,146571.0722,146571.0722,71835.2412,598009.9746,598009.9746
603587.SH,20250124,11.99,0.493,2.2097,0.98,11.5803,15.9223,1.5722,2.1581,2.3657,6.6615,6.6615,47676.3282,47409.2787,10577.9687,571639.1751,568437.2516
300187.SZ,20250124,4.86,0.76,1.6092,1.15,39.2969,32.3123,2.9197,4.8586,4.7771,1.2346,1.2346,64562.2165,64481.9665,30454.0342,313772.3722,313382.3572
300774.SZ,20250124,8.73,1.0523,1.6587,1.1,34.3035,27.1851,2.3719,5.4641,4.8703,2.8637,2.8637,40876.366,19490.1263,12364.8104,356850.6752,170148.8026
000933.SZ,20250124,18.09,0.911,1.3734,0.72,6.8904,7.6184,1.9414,1.0815,1.0906,6.0814,6.0814,224935.0569,224318.8979,148788.2237,4069075.1793,4057928.863
600396.SH,20250124,2.61,0.6885,1.568,0.61,1.7959,,9.5562,0.6126,0.8628,0.0,,147270.6817,147270.6817,64662.6238,384376.4792,384376.4792
920008.BJ,20250124,29.14,2.2354,2.6961,0.77,41.2407,37.5444,6.4586,8.5964,6.3379,,,6375.0,3101.7809,2571.7809,185767.5,90385.8954
300411.SZ,20250124,12.56,3.3452,3.878,1.08,495.9843,558.8123,5.3485,10.5123,10.7617,0.0,,40652.0007,30640.0275,26430.2263,510589.1288,384838.7454
000419.SZ,20250124,5.56,1.3069,2.3477,0.94,23.3192,19.1688,0.887,1.5133,1.6564,2.1583,2.1583,54358.2655,54358.2655,30261.0171,302231.9562,302231.9562
300470.SZ,20250124,37.05,1.2634,1.6472,0.76,22.2477,20.8796,3.1497,5.6324,5.0634,2.6379,2.6379,20817.1277,19730.9685,15133.942,771274.5813,731032.3829
002654.SZ,20250124,11.97,3.9028,5.1282,1.69,223.609,796.5499,6.7108,2.3892,2.6406,0.0,,84530.2544,84524.2544,64326.429,1011827.1452,1011755.3252
688573.SH,20250124,16.33,4.8,4.8,1.12,27.3559,,1.9282,2.6891,3.3674,1.2132,1.2132,9775.4388,5016.3744,5016.3744,159632.9156,81917.394
603706.SH,20250124,17.6,0.4891,1.5694,0.98,16.8854,15.5804,2.0762,2.7705,2.6328,5.1136,5.1136,18938.2714,18938.2714,5902.231,333313.5766,333313.5766
600513.SH,20250124,9.48,2.7664,4.6027,0.73,20.0441,19.4873,1.9274,1.2447,1.1588,1.5823,1.5823,28545.627,28545.627,17157.1454,270612.544,270612.544
300672.SZ,20250124,65.75,5.0174,7.7014,1.43,148.6075,162.4538,3.5044,3.3742,6.3646,0.4548,0.4548,21714.0672,21033.7661,13703.1899,1427699.9184,1382970.1211
603979.SH,20250124,40.24,0.7343,1.2547,0.79,24.3406,17.7473,3.024,3.3924,2.771,0.4922,0.4922,62377.577,62377.577,36502.836,2510073.6985,2510073.6985
300603.SZ,20250124,10.0,5.6067,6.3466,0.71,623.7677,389.7007,3.2213,6.4313,6.4746,0.0,,46479.8231,36963.5431,32653.8162,464798.231,369635.431
600885.SH,20250124,34.6,1.2602,1.7346,1.36,25.8991,22.6315,4.0988,2.7902,2.6014,1.2688,1.2688,104267.6146,104267.6146,75752.1652,3607659.4652,3607659.4652
600071.SH,20250124,23.98,2.3066,4.549,0.82,,,16.1622,3.7697,3.9909,0.0,,28157.3889,28157.3889,14277.0761,675214.1858,675214.1858
601599.SH,20250124,3.58,1.3302,1.8774,1.09,41.3096,34.8214,2.7151,1.4498,1.3486,0.0,,116054.2453,116054.2453,82225.0442,415474.1982,415474.1982
603043.SH,20250124,15.59,0.5459,1.6704,0.8,16.108,17.4937,2.3139,1.8094,1.7293,3.0789,3.0789,56877.0805,56877.0805,18588.6261,886713.685,886713.685
301227.SZ,20250124,16.92,3.1192,3.1192,0.7,11.0387,,0.9493,1.7148,2.5238,2.8512,2.8512,9523.05,3393.4925,3393.4925,161130.006,57417.8931
603188.SH,20250124,3.66,2.4137,3.4306,0.61,,,2.0907,3.208,3.8891,0.0,,57017.0,57017.0,40117.0,208682.22,208682.22
300032.SZ,20250124,4.39,1.9134,2.2912,1.0,,,4.8867,1.322,2.4135,0.0,,80316.9608,80316.8108,67074.1395,352591.4579,352590.7994
300887.SZ,20250124,7.69,4.1931,7.7515,0.92,38.938,,1.3137,1.7008,2.2898,0.7802,0.7802,54575.8376,36217.9356,19591.7371,419688.1911,278515.9248
600076.SH,20250124,1.9,0.9277,1.5071,0.87,,,0.6055,10.3704,3.9886,0.0,,134454.3367,134454.3367,82764.0782,255463.2397,255463.2397
300277.SZ,20250124,11.1,4.2236,6.0258,1.14,344.0091,445.9471,7.6335,17.4549,15.0059,0.1802,0.1802,33500.0,33462.23,23454.23,371850.0,371430.753
002204.SZ,20250124,5.02,1.1227,2.9683,0.9,26.7016,21.8886,1.3397,0.8077,0.7498,0.6909,0.6909,193137.0032,193137.0032,73048.9274,969547.7561,969547.7561
300366.SZ,20250124,9.13,5.589,5.9135,2.08,,,3.1958,3.3119,4.3498,0.0,,60757.615,53050.249,50139.3514,554717.025,484348.7734
601390.SH,20250124,5.9,0.2285,0.5207,0.92,4.3598,4.8593,0.4921,0.1158,0.122,3.5608,3.5608,2474186.5118,2042340.8219,896468.2329,14597700.4196,12049810.8492
603225.SH,20250124,11.66,0.6965,1.9229,0.6,16.3686,18.8124,1.0692,0.2892,0.2675,2.1598,2.1598,152476.4319,151177.1319,54757.459,1777875.196,1762725.358
300551.SZ,20250124,9.26,3.8162,4.3145,1.08,,,4.2608,5.6334,9.0834,0.0,,34575.2939,30097.5319,26621.2351,320167.2215,278703.1454
000890.SZ,20250124,3.01,2.8056,4.707,0.74,110.4077,,16.3235,2.8316,3.4393,0.0,,41950.3968,41949.1046,25004.2336,126270.6944,126266.8048
920433.BJ,20250124,6.08,1.4127,2.6554,0.79,196.2743,198.1505,3.2536,8.2654,7.8548,1.3305,1.3305,25591.9681,16913.2685,8997.9678,155599.166,102832.6725
003015.SZ,20250124,14.07,12.559,15.0528,1.29,,109.5252,4.118,8.2744,6.988,0.6744,0.6744,28106.6667,24826.5084,20713.4816,395460.8005,349308.9732
301082.SZ,20250124,14.3,11.7599,13.7735,0.84,63.8617,204.595,2.9949,1.6147,1.7029,0.8991,0.8991,22630.9174,10712.3855,9146.3524,323622.1188,153187.1127
603307.SH,20250124,34.48,5.9482,5.9482,1.1,10.2731,17.1743,1.7246,2.7677,2.895,4.0079,4.0079,6787.7,1700.0,1700.0,234039.896,58616.0
920729.BJ,20250124,6.97,0.9492,0.9708,0.58,32.8159,65.0589,2.8665,6.0622,7.2796,2.5485,2.5485,27335.0,7682.5041,7511.6833,190524.95,53547.0536
688028.SH,20250124,20.8,3.6078,6.6768,0.72,32.4683,31.8156,1.6577,5.2438,4.6854,1.6824,1.6824,15199.7828,14319.2704,7737.4684,316155.4822,297840.8243
002319.SZ,20250124,11.6,2.5659,3.4674,0.93,668.7344,,13.4719,6.2857,5.9665,0.0,,20947.251,20000.0,14800.0041,242988.1116,232000.0
603032.SH,20250124,13.18,1.0874,2.4725,0.88,28.6884,,2.4283,5.4869,10.9636,0.0,,23405.34,23011.8,10120.9604,308482.3812,303295.524
600549.SH,20250124,19.45,0.6671,1.1189,0.95,19.2797,17.7523,1.94,0.7838,0.8755,1.8369,1.8369,158767.7926,141800.65,84549.2144,3088033.5661,2758022.6425
600917.SH,20250124,5.71,0.1846,0.41,1.16,17.9985,18.3473,1.632,0.8793,0.8789,1.979,1.979,157134.0,156103.976,70306.0631,897235.14,891353.703
000683.SZ,20250124,5.65,1.0426,1.3683,0.96,14.9841,12.3641,1.4635,1.7542,1.4694,5.2979,5.2979,373917.656,331429.7023,252528.0615,2112634.7564,1872577.818
600874.SH,20250124,5.65,0.7275,1.7386,1.19,10.2552,10.0652,0.9301,1.902,1.8514,2.9381,2.9381,157041.8085,123041.8085,51485.2899,887286.218,695186.218
688372.SH,20250124,74.1,8.417,9.2255,1.26,71.4866,93.3316,3.3179,11.4526,8.7739,0.4301,0.4301,11383.4777,7869.2088,7179.5957,843515.6976,583108.3721
300825.SZ,20250124,11.5,3.9246,4.5761,1.19,159.2468,1393.1676,2.3608,6.6757,6.5743,0.0,,49804.0481,48441.02,41544.329,572746.5532,557071.73
600067.SH,20250124,2.4,0.8979,1.4265,0.85,,,0.5189,0.3436,0.3277,0.0,,139166.8739,139166.8739,87594.6371,334000.4974,334000.4974
002039.SZ,20250124,14.32,0.5136,0.832,1.21,23.1237,24.0998,1.5599,3.0761,3.216,2.0251,2.0251,42755.8126,42755.8126,26391.5181,612263.2364,612263.2364
920273.BJ,20250124,23.2,2.2765,4.9449,0.41,32.4417,28.0155,2.8454,3.5735,3.1146,1.2693,1.2693,7375.4,4844.74,2230.34,171109.28,112397.968
301186.SZ,20250124,42.7,1.7637,5.5601,0.85,35.19,36.665,2.3806,5.3538,4.9287,1.2218,1.2218,7863.5437,7340.7643,2328.5095,335773.316,313450.6356
688721.SH,20250124,52.6,4.8407,4.8407,0.76,83.9877,75.814,5.9393,32.1683,28.7868,,,13350.0,2509.5276,2509.5276,702210.0,132001.1518
920579.BJ,20250124,18.46,5.7433,5.7433,1.18,58.117,62.0813,4.6183,4.4227,4.3594,1.2459,1.2459,12948.0,4457.442,4457.442,239020.08,82284.3793
300409.SZ,20250124,13.42,3.0304,3.383,0.9,,63.0083,1.3398,1.2674,1.1484,2.3443,2.3443,68899.0546,59423.366,53230.0333,924625.3127,797461.5717
000930.SZ,20250124,5.31,0.4791,1.0832,1.1,,,0.9396,0.4846,0.4752,0.0,,185972.2694,185623.1294,82099.8032,987512.7505,985658.8171
002346.SZ,20250124,10.82,4.3092,8.8998,0.75,16.0742,,1.7792,4.2548,3.6253,1.8244,1.8244,44157.5416,39339.9954,19048.1333,477784.6001,425658.7502
600351.SH,20250124,6.01,0.9621,1.107,1.0,21.6809,19.6064,1.4657,1.4871,1.5281,2.4958,2.4958,72000.0094,72000.0094,62570.0094,432720.0565,432720.0565
300723.SZ,20250124,15.77,0.8262,2.2106,0.83,38.5844,,3.2656,2.8454,3.762,1.3238,1.3238,45169.2766,42281.8919,15803.3957,712319.492,666785.4353
600070.SH,20250124,1.23,2.8354,3.7773,0.86,,,1.2403,6.6944,6.2358,0.0,,50742.0732,50742.0732,38090.0024,62412.75,62412.75
300406.SZ,20250124,13.06,1.4923,2.6821,1.58,14.6705,14.6128,2.0259,4.4117,4.4023,1.5283,1.5283,58832.6491,42441.6352,23614.3338,768354.3972,554287.7557
300625.SZ,20250124,11.46,0.6881,1.0868,0.88,15.6245,26.2009,1.5279,1.3611,1.4769,5.2356,5.2356,27933.1,16312.4956,10328.1703,320113.326,186941.1996
688448.SH,20250124,30.01,2.8333,4.2659,0.89,44.7372,43.4569,2.1584,5.1995,4.7802,,,7165.23,4797.23,3186.23,215028.5523,143964.8723
688595.SH,20250124,31.45,1.3591,2.353,0.67,,,6.1641,10.3461,6.7515,,,14242.5592,14242.5592,8226.8039,447928.4868,447928.4868
600618.SH,20250124,11.48,4.4844,15.9339,1.15,17.4559,14.4098,1.5667,1.8403,1.67,1.7422,1.7422,115639.9976,74983.9976,21103.4329,1327547.1724,860816.2924
688778.SH,20250124,44.63,1.1727,3.6025,1.59,35.6031,37.7566,2.1485,1.0848,1.4123,1.5651,1.5651,42077.1001,42077.1001,13696.8848,1877900.9775,1877900.9775
605169.SH,20250124,9.91,0.6582,2.5477,1.17,18.3064,13.3682,1.4638,1.4886,1.0899,2.0032,2.0032,28288.0,28288.0,7308.2423,280334.08,280334.08
688366.SH,20250124,57.93,0.2272,0.5056,1.0,32.4639,31.4009,2.4347,5.0899,4.9176,1.9052,1.9052,23319.3695,19405.1855,8720.3855,1350891.0751,1124142.396
000670.SZ,20250124,6.69,4.7087,5.3087,0.69,,,,1.6199,1.3914,0.0,,83948.936,72210.6712,64049.1611,561618.3818,483089.3903
301608.SZ,20250124,72.14,10.6887,10.6887,0.65,36.85,36.8008,3.2611,5.718,4.8549,0.8733,0.8733,8899.0,1690.9867,1690.9867,641973.86,121987.7805
000800.SZ,20250124,7.9,0.1364,0.8114,1.06,50.9639,54.4428,1.4873,0.6085,0.6384,1.7836,1.7836,492237.1176,462238.9299,77723.9398,3888673.229,3651687.5462
002672.SZ,20250124,3.83,0.7924,1.6358,1.3,,,1.0439,1.0524,1.2084,0.0,,110525.5802,90511.8302,43846.2783,423312.9722,346660.3097
300628.SZ,20250124,41.21,0.9123,1.4528,0.68,25.9085,21.1656,6.2776,11.9782,9.9505,3.636,3.636,126381.5202,72306.3503,45404.0591,5208182.4474,2979744.6959
603324.SH,20250124,25.5,0.7537,2.1171,0.66,22.9771,24.1257,2.3225,2.0818,2.1756,0.8793,0.8793,14907.406,14907.406,5307.406,380138.853,380138.853
002975.SZ,20250124,31.21,3.6402,4.5937,1.16,,,2.6657,4.915,4.1999,0.0,,14257.6445,8182.6445,6484.2238,444981.0848,255380.3348
301456.SZ,20250124,22.92,1.7192,2.1461,1.23,30.7577,37.6788,1.6166,8.3199,7.3353,1.4616,1.4616,14858.4205,5874.1468,4705.7857,340554.9979,134635.4447
605378.SH,20250124,21.12,3.848,15.3898,0.65,37.3564,27.0214,3.1525,3.955,3.3337,2.5365,2.5365,18667.6,18667.6,4667.6,394259.712,394259.712
920304.BJ,20250124,11.81,3.61,3.61,0.52,24.318,19.8569,3.8767,2.5159,2.3881,1.6935,1.6935,16228.8,7882.8854,7882.8854,191662.128,93096.8766
603090.SH,20250124,18.6,1.5635,3.1471,0.97,34.5856,41.6432,3.2221,2.6727,2.739,1.6129,1.6129,10000.0,10000.0,4968.13,186000.0,186000.0
600217.SH,20250124,5.01,0.82,1.6042,0.83,125.482,109.8817,2.4168,2.2442,2.1483,0.6188,0.6188,165765.3673,138865.9782,70980.187,830484.4902,695718.5508
002490.SZ,20250124,3.19,3.4504,6.1071,1.04,,,5.191,1.9318,1.9274,0.0,,79784.84,54161.7375,30600.0375,254513.6396,172775.9426
300383.SZ,20250124,15.46,7.2654,9.8748,1.0,71.6333,70.3914,2.1921,3.5378,3.5867,0.6468,0.6468,179759.2847,179374.2765,131974.8138,2779078.5415,2773126.3147
688047.SH,20250124,120.63,1.4821,2.7899,0.98,,,15.0644,95.6559,115.4016,,,40100.0,27964.4729,14855.8062,4837263.0,3373354.3659
605003.SH,20250124,17.44,0.813,3.0505,0.75,6.1115,5.9095,1.3492,4.1518,3.745,2.3509,2.3509,11000.0,11000.0,2931.5404,191840.0,191840.0
002550.SZ,20250124,5.75,3.0683,3.958,2.43,40.4642,25.065,2.9746,4.0561,4.7295,2.038,2.038,127980.0,91022.8737,70561.8676,735885.0,523381.5238
600834.SH,20250124,7.83,0.518,1.2461,0.82,54.1442,63.2174,2.2128,9.3075,6.5968,0.9068,0.9068,47738.1905,47738.1905,19843.8106,373790.0316,373790.0316
920665.BJ,20250124,10.79,1.3874,1.3874,0.87,18.6323,19.4886,2.0118,4.0114,4.0421,2.317,2.317,12999.0,3896.9,3896.9,140259.21,42047.551
688676.SH,20250124,43.42,5.005,9.6969,1.06,39.3573,34.5309,4.636,2.9789,2.9675,1.0351,1.0351,45744.0992,45744.0992,23610.4915,1986208.7873,1986208.7873
300613.SZ,20250124,62.09,9.784,18.8168,1.2,57.0033,55.7054,5.6277,7.8978,8.1074,0.1906,0.1906,23180.6714,21860.1688,11366.4598,1439287.8872,1357297.8808
601022.SH,20250124,7.71,2.2313,2.2313,1.08,20.0176,19.4016,1.7872,2.2576,2.0502,1.5045,1.5045,130863.3334,24863.3334,24863.3334,1008956.3005,191696.3005
600883.SH,20250124,6.79,0.9521,1.7695,0.84,16.672,22.1317,1.6741,75.6015,48.359,0.7364,0.7364,23608.8,23608.8,12702.9695,160303.752,160303.752
600368.SH,20250124,4.34,2.1812,4.3894,0.99,10.574,10.3176,1.0367,4.2771,4.1828,1.8965,1.8965,160965.3858,160965.3858,79986.519,698589.7744,698589.7744
003023.SZ,20250124,17.98,2.6961,5.491,1.43,18.2181,16.4884,1.2562,1.4638,1.4036,2.2247,2.2247,10534.16,10507.2344,5159.1901,189404.1968,188920.0745
920476.BJ,20250124,9.65,1.715,1.8311,0.54,18.1121,34.4626,1.718,2.3924,2.554,2.0725,2.0725,8457.98,6275.1703,5877.1703,81619.507,60555.3934
601113.SH,20250124,4.1,2.5642,4.1612,1.07,28.3704,14.2088,1.2505,0.5193,0.5404,0.0,,110415.2226,110415.2226,68039.923,452702.4127,452702.4127
603003.SH,20250124,4.88,1.2466,1.955,1.69,27.8428,,0.5145,0.5879,,1.2295,1.2295,37629.3334,37629.3334,23993.9626,183631.147,183631.147
688429.SH,20250124,16.07,4.3427,5.9925,1.69,36.337,,3.5634,3.7143,7.666,0.2785,0.2785,40000.08,11782.7227,8538.7195,642801.2856,189348.3538
000793.SZ,20250124,2.43,3.0778,4.0587,0.73,,,5.8255,8.5654,12.5516,0.0,,199724.5457,196100.8615,148709.567,485330.6461,476525.0934
300444.SZ,20250124,6.7,2.0923,2.3988,0.85,51.7787,46.4516,3.1944,1.7042,1.6968,0.0,,79862.509,59230.0893,51661.2668,535078.8103,396841.5983
000709.SZ,20250124,2.13,0.8572,2.3694,1.44,20.3169,25.9782,0.4301,0.1794,0.1891,1.8779,1.8779,1033712.1092,1033541.2398,373920.5674,2201806.7926,2201442.8408
002391.SZ,20250124,5.01,1.2085,1.3561,0.56,44.5122,,0.739,0.9004,0.9322,3.9123,3.9123,64959.255,46412.0811,41361.4067,325445.8676,232524.5263
003028.SZ,20250124,38.18,2.0645,3.908,1.01,20.5175,22.8168,2.5306,3.4817,3.0137,1.1786,1.1786,11177.9154,5405.6654,2855.6654,426772.81,206388.305
001376.SZ,20250124,13.61,2.4475,2.4475,0.8,47.7643,34.8633,5.8404,5.7965,5.6249,1.1021,1.1021,46090.0,21499.0313,21499.0313,627284.9,292601.816
600356.SH,20250124,7.59,1.4088,2.0922,1.05,16.6527,14.3641,0.8831,0.8562,0.8284,1.8024,1.8024,29873.1378,29873.1378,20115.4355,226737.1159,226737.1159
002349.SZ,20250124,7.28,1.0166,1.5579,0.95,23.9294,27.3672,2.3375,3.9208,4.124,1.2637,1.2637,81418.0908,81418.0908,53128.6782,592723.701,592723.701
300206.SZ,20250124,11.05,2.111,2.7639,1.41,29.0465,41.1122,3.1884,3.3169,3.5781,1.8667,1.8667,58172.1846,34043.8065,26001.0138,642802.6398,376184.0618
688150.SH,20250124,20.4,2.4755,2.4843,0.75,106.5564,54.442,4.6534,27.3041,17.8908,0.8804,0.8804,40243.7585,17880.4325,17817.7804,820972.6734,364760.823
688717.SH,20250124,48.8,6.4356,7.4195,1.8,7.3341,37.7439,1.7934,1.7456,2.718,1.9211,1.9211,16000.0,6761.5633,5864.9293,780800.0,329964.289
002470.SZ,20250124,1.89,3.3258,4.7446,1.47,,,2.8149,0.7265,0.7581,0.0,,328602.7742,328574.9417,230320.2025,621059.2432,621006.6398
600498.SH,20250124,20.0,4.4971,7.8013,2.22,46.8754,41.4765,1.8677,0.761,0.797,0.6406,0.6406,118446.449,116657.981,67248.2069,2368928.98,2333159.62
300656.SZ,20250124,23.12,1.5408,2.4474,0.91,315.1085,,3.5398,9.9032,10.5188,0.1298,0.1298,17112.5072,12515.8738,7879.6526,395641.1665,289367.0023
300477.SZ,20250124,2.7,2.0018,2.0722,0.78,,,1.7601,0.9795,0.9548,0.0,,107201.8687,93547.8109,90369.2579,289445.0455,252579.0894
301161.SZ,20250124,20.19,8.2701,8.2701,0.74,65.3205,43.1521,2.4832,6.6708,3.9509,0.2972,0.2972,12000.0,5332.8,5332.8,242280.0,107669.232
300893.SZ,20250124,31.1,0.8757,1.7265,0.87,35.5889,25.9352,5.7444,5.4975,3.964,0.641,0.641,22633.126,11312.0903,5737.3135,703890.2186,351806.0083
300853.SZ,20250124,19.48,10.9482,12.2779,0.83,,,3.3305,7.4099,18.4282,1.005,1.005,14694.2301,11025.4611,9831.4131,286243.6023,214775.9822
301516.SZ,20250124,16.55,5.6991,5.6991,0.7,70.377,,3.3277,3.9233,5.1911,1.1118,1.1118,28070.1755,7017.5439,7017.5439,464561.4045,116140.3515
688301.SH,20250124,102.99,0.5629,1.067,0.55,24.2537,26.0907,3.3819,7.9054,8.0819,1.3822,1.3822,14306.2818,14306.2818,7547.4317,1473403.9626,1473403.9626
603886.SH,20250124,13.54,0.8709,1.9572,1.23,11.7597,14.2472,1.9443,1.2221,1.3519,7.3855,7.3855,24000.0,24000.0,10679.182,324960.0,324960.0
001324.SZ,20250124,17.66,3.8804,5.8075,1.19,33.8529,39.8462,2.2167,4.5963,5.1746,0.5604,0.5604,13800.0,8165.36,5455.755,243708.0,144200.2576
605099.SH,20250124,21.44,0.2957,2.4603,0.81,19.9692,18.221,3.2517,3.4985,3.0708,2.5089,2.5089,40164.2,40009.0,4809.18,861120.448,857792.96
000019.SZ,20250124,6.37,1.173,1.8034,1.01,21.1073,23.0749,1.5172,1.186,1.3318,3.1397,3.1397,115253.5254,41621.6407,27071.6427,734164.9568,265129.8513
605177.SH,20250124,17.82,1.5795,3.2227,0.62,16.8653,25.2907,1.0724,1.5075,1.5551,1.7982,1.7982,11475.3727,11258.3624,5517.998,204491.1415,200624.018
002315.SZ,20250124,48.3,10.0514,12.29,1.96,40.4432,34.9103,6.3737,10.085,9.539,3.2056,3.2056,31723.5869,20210.3116,16529.1276,1532249.2473,976158.0503
603097.SH,20250124,21.6,5.0023,5.0023,0.72,28.4509,28.4223,3.4838,2.2885,2.1141,0.0,,16000.0,4000.0,4000.0,345600.0,86400.0
600763.SH,20250124,41.54,0.8277,1.252,0.83,37.1255,38.1518,4.5028,6.5274,6.4186,0.7488,0.7488,44728.9117,44728.9117,29569.9918,1858038.992,1858038.992
603000.SH,20250124,22.35,1.8231,4.1963,1.21,74.6041,85.1831,6.8759,11.6826,11.7295,0.7562,0.7562,110569.1056,110569.1056,48036.5035,2471219.5102,2471219.5102
603801.SH,20250124,11.4,0.9835,1.8294,0.69,8.3624,9.7205,1.5074,0.8136,0.8488,6.1409,6.1409,43650.5813,43434.9942,23351.9095,497616.6268,495158.9339
300095.SZ,20250124,6.32,2.8831,3.2134,1.65,44.0299,417.5295,1.2988,1.9712,2.1206,1.5274,1.5274,42009.0164,33872.7079,30391.575,265496.9836,214075.5139
600756.SH,20250124,14.58,3.1336,3.8731,1.79,51.9335,373.6335,2.1286,1.8508,2.1168,0.2401,0.2401,32409.8753,32409.8753,26221.7753,472535.9819,472535.9819
300327.SZ,20250124,24.0,1.8792,2.3087,0.74,43.9777,46.366,4.8273,6.3014,6.0461,0.8302,0.8302,34138.9229,33925.6051,27614.5875,819334.1496,814214.5224
002679.SZ,20250124,7.98,0.9861,2.7112,0.84,234.9803,262.8643,2.5858,12.7418,11.0295,0.3195,0.3195,23575.6,23575.6,8574.8126,188133.288,188133.288
603313.SH,20250124,6.85,1.3126,2.3088,1.93,36.6651,,1.0487,0.49,0.4661,0.0,0.7299,57058.6885,57058.6885,32437.569,390852.0162,390852.0162
688605.SH,20250124,75.48,11.0155,11.0155,0.81,190.2914,74.4456,10.6053,27.3896,14.4946,,,20237.9856,3804.5127,3804.5127,1527563.1531,287164.6186
301047.SZ,20250124,59.9,0.3824,1.0238,1.02,28.009,47.2353,1.3239,11.2719,11.4691,3.507,3.507,12163.6742,11958.0621,4466.5971,728604.0846,716287.9198
002176.SZ,20250124,7.06,1.2518,1.4576,1.06,,,3.2276,4.3044,7.8868,0.0,,170632.5581,170601.9116,146514.3583,1204665.8602,1204449.4959
300829.SZ,20250124,15.89,3.2335,3.9628,0.9,35.8706,33.2458,1.6782,2.1558,2.0904,0.609,0.609,19240.1301,13213.3025,10781.6225,305725.6673,209959.3767
000970.SZ,20250124,10.71,1.0967,1.4537,1.3,47.2936,1333.6958,2.0251,1.5578,1.8808,0.4669,0.4669,121572.5773,121572.5773,91714.4624,1302042.3029,1302042.3029
600692.SH,20250124,8.91,3.655,3.9258,0.62,1282.3131,119.92,3.3584,2.4012,3.212,0.2245,0.2245,35176.4064,25501.0517,23742.2313,313421.781,227214.3706
603113.SH,20250124,5.46,0.5407,1.0738,0.76,33.7007,46.628,0.5508,0.3175,0.2927,1.7216,1.7216,84795.2277,84795.2277,42699.7533,462981.9432,462981.9432
688237.SH,20250124,22.12,2.2618,2.9354,2.02,,,1.603,7.3364,5.5011,1.5154,1.5154,8960.331,4408.6271,3397.0086,198202.5217,97518.8315
000821.SZ,20250124,12.42,2.0338,2.6453,1.29,22.9888,16.4233,1.914,1.0724,0.8673,0.6984,0.6984,62287.4778,60525.8264,46534.3198,773610.4743,751730.7639
002782.SZ,20250124,13.28,5.1541,12.855,3.54,57.4379,50.3072,3.4379,1.402,1.4553,0.6007,0.6007,49280.9413,49102.7975,19687.1698,654450.9005,652085.1508
920116.BJ,20250124,47.8,17.0669,17.0669,0.72,83.9562,61.6676,11.2952,22.9572,19.4264,,,11000.0,2612.5,2612.5,525800.0,124877.5
000567.SZ,20250124,6.16,0.5505,2.2434,0.88,13.6833,19.1665,2.2261,9.7917,10.6032,4.7582,4.7582,195459.2155,194993.0556,47846.3763,1204028.7675,1201157.2225
300402.SZ,20250124,14.22,0.851,1.8572,0.98,54.0259,49.5127,2.3844,2.031,2.007,0.7032,0.7032,24361.8497,24361.8497,11163.8497,346425.5027,346425.5027
002849.SZ,20250124,15.35,1.7451,2.0444,0.94,99.7238,91.3513,2.5433,2.7232,2.7215,0.2606,0.2606,22063.4016,18991.2945,16210.6237,338673.2146,291516.3706
002358.SZ,20250124,5.19,16.7866,22.9918,2.14,65.2983,40.9028,1.4729,1.8299,1.763,0.3854,0.3854,92975.6977,92974.3202,67881.8153,482543.8711,482536.7218
300141.SZ,20250124,9.06,4.1412,8.9356,0.81,333.5222,503.8798,3.4438,6.7976,5.9973,0.1325,0.1325,25388.46,25266.9791,11710.0472,230019.4476,228918.8306
600010.SH,20250124,1.8,1.1985,1.882,1.51,158.6136,,1.591,1.1582,1.2226,0.0,,4540494.2248,3149712.1187,2005906.6411,8172889.6046,5669481.8137
600861.SH,20250124,18.58,1.1401,2.0058,2.02,19.1947,12.4893,1.6481,0.2745,0.246,2.605,2.605,56611.2718,36657.4848,20835.2552,1051837.43,681096.0676
300560.SZ,20250124,13.76,4.4667,5.7928,1.42,,,2.9038,2.457,2.6758,0.0945,0.0945,22974.3622,18695.6145,14415.6196,316127.2239,257251.6555
601958.SH,20250124,10.5,0.3473,1.2423,0.75,10.9318,11.2914,1.9909,2.938,2.4993,3.8095,3.8095,322660.44,322660.44,90204.9672,3387934.62,3387934.62
000701.SZ,20250124,4.61,1.7335,2.909,0.73,,,12.801,0.0435,0.0624,0.0,,67580.7106,66786.0556,39799.332,311547.0759,307883.7163
601208.SH,20250124,8.15,3.1333,4.2353,0.6,22.2303,28.2025,1.671,1.9556,1.7582,1.8702,1.8702,89678.4623,89678.4623,66343.9548,730879.4677,730879.4677
002425.SZ,20250124,2.14,1.5373,1.9839,0.83,,,0.599,4.7517,4.1868,0.0,,95666.5066,95606.0898,74088.0689,204726.3241,204597.0322
688271.SH,20250124,121.94,0.3779,0.5778,1.17,50.9032,63.5592,5.2543,8.8073,9.1925,0.3015,0.3015,82415.7988,59329.8976,38804.5143,10049782.5057,7234687.7133
600592.SH,20250124,10.81,6.8386,11.0035,0.66,25.6623,25.7297,1.7278,2.2683,2.0805,1.1748,1.7299,39955.3571,39955.3571,24831.9771,431917.4103,431917.4103
600997.SH,20250124,6.47,0.3888,1.2655,1.25,9.4216,13.73,0.7217,0.4498,0.4802,5.3076,5.3076,158779.9851,158779.9851,48778.1263,1027306.5036,1027306.5036
603176.SH,20250124,4.67,0.6633,2.0637,0.79,36.4393,22.1115,1.9725,0.7849,0.6734,0.4238,0.4238,46667.0713,46667.0713,15000.4047,217935.223,217935.223
600216.SH,20250124,14.87,1.3038,2.0815,0.62,33.2827,14.6219,1.3828,1.8347,1.5835,1.0087,1.0087,96163.775,96163.3475,60231.3541,1429955.3343,1429948.9773
600419.SH,20250124,8.68,2.3705,3.7538,0.64,19.5683,127.5126,1.1726,1.024,0.9973,1.5433,1.5433,32019.0246,32019.0246,20220.1412,277925.1335,277925.1335
603758.SH,20250124,9.9,5.2166,14.802,1.32,16.6615,23.733,1.8656,2.4968,2.5265,4.9788,7.9318,43879.7049,43879.7049,15464.398,434409.0785,434409.0785
300256.SZ,20250124,3.92,4.594,6.881,1.04,,,7.39,12.7607,8.641,0.0,,226839.3386,164339.3386,109716.933,889210.2073,644210.2073
002187.SZ,20250124,8.02,11.8047,23.8555,0.56,156.1277,96.6327,1.3876,1.0566,1.1082,0.3741,0.3741,70403.8932,51711.0966,25588.9466,564639.2235,414722.9947
002895.SZ,20250124,21.95,1.6526,3.4443,1.8,15.5225,12.5617,2.0873,2.7541,2.2784,4.5289,4.5289,54198.2683,54016.8983,25918.1293,1189651.9892,1185670.9177
603129.SH,20250124,193.13,1.6214,2.71,1.1,29.0278,22.7222,5.0485,2.415,2.0634,1.077,1.077,15143.1863,15143.1863,9060.0495,2924603.5701,2924603.5701
300469.SZ,20250124,25.87,8.3839,10.685,1.06,,,12.5402,26.0542,24.2361,0.0,,24823.8824,24823.2554,19477.2931,642193.8377,642177.6172
300532.SZ,20250124,11.4,2.3032,3.8656,1.32,13.3113,15.5163,3.0693,1.6915,1.857,4.8024,4.8024,45332.4086,43091.9116,25675.2405,516789.458,491247.7922
002154.SZ,20250124,4.19,1.8682,2.9434,1.0,8.762,10.958,1.4253,1.1639,1.1938,7.6372,7.6372,145933.3729,142149.5183,90226.4297,611460.8325,595606.4817
600198.SH,20250124,8.18,1.8215,3.8455,0.85,272.7678,141.7658,48.4856,10.4041,11.6829,0.0,,130360.3541,130194.9804,61670.072,1066347.6965,1064994.9397
600556.SH,20250124,5.29,9.2797,15.1853,0.51,103.0728,209.8958,2.4698,2.2758,2.3452,0.293,0.293,180774.7642,180774.7642,110470.798,956298.5026,956298.5026
603995.SH,20250124,19.73,1.3407,2.5602,1.01,15.9237,9.9982,1.3444,0.1809,0.1668,2.5277,2.5277,36561.7124,36561.7124,19146.5227,721362.5857,721362.5857
301617.SZ,20250124,46.91,6.6794,6.6794,0.78,26.4816,23.0173,3.0573,4.704,3.7507,,0.6395,10280.0,2437.3306,2437.3306,482234.8,114335.1784
300475.SZ,20250124,28.76,2.4621,3.6971,1.22,34.8447,25.0565,4.4556,1.1679,0.6533,0.5772,0.5772,45756.5767,44024.0767,29317.7858,1315959.1459,1266132.4459
920926.BJ,20250124,24.51,17.1286,17.1286,0.62,40.5708,44.3674,5.6918,3.5469,3.2059,0.9848,0.9848,6052.1738,1614.8368,1614.8368,148338.7798,39579.65
300253.SZ,20250124,6.52,2.2398,2.4103,1.74,39.9074,39.6532,2.4998,4.5157,4.4982,0.3004,0.3004,219098.3182,189123.7371,175743.6529,1428521.0347,1233086.7659
000985.SZ,20250124,18.34,0.8904,2.4394,0.69,418.834,47.588,3.8781,1.1887,1.1521,0.0981,0.0981,12963.95,12963.95,4731.89,237758.843,237758.843
002137.SZ,20250124,7.93,21.5348,25.4013,0.83,437.8761,1584.953,2.9745,7.7055,7.6814,0.0,,57750.4854,39645.8956,33611.0973,457961.3492,314391.9521
603183.SH,20250124,3.79,1.4568,1.9068,1.0,16.8051,17.7897,1.2039,2.1118,2.0279,1.1966,1.1966,49715.3251,49715.3251,37982.2191,188421.0821,188421.0821
000498.SZ,20250124,5.67,0.9009,2.2467,1.33,3.8672,3.7853,0.6294,0.1212,0.1262,3.682,3.682,156099.8221,145790.3976,58458.8942,885085.9913,826631.5544
603115.SH,20250124,13.57,0.6554,1.9993,1.21,23.7296,19.1943,1.6436,1.8129,1.758,3.6846,3.6846,23920.0,23920.0,7841.6,324594.4,324594.4
000555.SZ,20250124,10.96,1.8556,3.3847,0.83,51.6324,4401.2003,1.7718,0.8871,0.8825,0.2881,0.2881,97577.4437,97228.9787,53304.1397,1069448.783,1065629.6066
603986.SH,20250124,130.5,5.0791,5.5735,0.86,537.7874,154.8661,5.4735,15.0429,12.3518,0.0,,66405.919,66298.7312,60417.5799,8665972.4295,8651984.4216
301058.SZ,20250124,10.05,1.3899,3.3532,1.49,23.6502,22.7068,2.5426,2.1323,2.2103,1.4925,1.4925,51227.4245,51227.4245,21233.81,514835.6162,514835.6162
600587.SH,20250124,16.07,0.616,0.8692,1.03,14.9073,14.0817,1.2897,0.9738,0.9635,2.3934,2.3934,60667.7919,60204.6492,42666.1265,974931.4158,967488.7126
688058.SH,20250124,27.86,3.9114,7.501,2.32,149.1489,,2.926,7.0925,7.376,0.6508,0.6508,7773.0937,7773.0937,4053.2765,216558.3905,216558.3905
000737.SZ,20250124,9.19,3.0157,6.6697,0.78,28.2864,27.1076,2.8269,1.8776,0.853,1.0126,1.0126,190471.6435,177226.9192,80132.553,1750434.4038,1628715.3874
605208.SH,20250124,7.43,4.3756,8.5051,0.84,79.3069,63.4605,1.1662,0.6932,0.6466,0.2655,0.2655,32994.0,32994.0,16974.2,245145.42,245145.42
300345.SZ,20250124,5.29,0.8678,1.0832,0.71,,,4.3444,2.6009,2.8497,0.0,,57781.4895,44396.9895,35571.0795,305664.0795,234860.0745
301168.SZ,20250124,29.17,4.9278,4.9278,1.66,21.216,38.6204,1.6458,2.2724,2.1849,0.8567,0.8567,12000.0,4965.3,4965.3,350040.0,144837.801
300342.SZ,20250124,16.86,3.481,4.9956,0.8,218.6138,158.5152,4.6651,6.882,6.6339,0.5931,0.5931,42503.5113,41774.8485,29109.696,716609.2005,704323.9457
300964.SZ,20250124,36.41,3.0907,5.5271,0.77,583.0669,250.4996,2.849,5.5083,5.0836,1.0848,1.0848,7729.8284,5406.0922,3022.9972,281443.052,196835.817
688184.SH,20250124,14.13,0.4356,0.4872,0.95,,,0.906,1.9182,1.7471,,,15904.7514,10048.7514,8984.4758,224734.1373,141988.8573
301043.SZ,20250124,28.36,2.0849,2.664,0.85,20.0443,18.3133,2.2643,3.3825,3.2352,3.103,3.103,6800.0,2300.3,1800.3,192848.0,65236.508
300828.SZ,20250124,14.75,2.4223,4.4599,0.96,32.5995,45.9438,3.3664,3.6961,4.1285,1.0129,3.0292,16656.6,12474.404,6775.209,245684.85,183997.459
600418.SH,20250124,42.11,3.173,4.4178,0.83,607.0165,155.1697,6.6931,2.0465,2.1277,0.0499,0.0499,218400.9791,218400.9791,156860.9089,9196865.2299,9196865.2299
000030.SZ,20250124,5.18,0.5825,2.0346,1.25,14.9331,13.5485,1.1707,0.5695,0.551,4.764,4.764,174164.3085,169220.9461,48449.2428,902171.118,876564.5008
600557.SH,20250124,13.12,1.3986,2.3691,1.26,14.2216,14.0225,1.4821,1.5681,1.7033,2.8303,2.8303,58179.7452,57849.7152,34150.469,763318.257,758988.2634
920075.BJ,20250124,30.71,13.131,19.3772,1.19,43.1919,36.248,4.9312,3.7028,3.211,1.4832,1.4832,6481.5,3487.8864,2363.5738,199046.865,107112.9913
000520.SZ,20250124,4.43,1.5895,2.3872,1.02,,,8.5842,4.4321,4.3732,0.0,,101208.3455,101208.3455,67389.2403,448352.9706,448352.9706
002884.SZ,20250124,17.95,0.9038,1.3276,0.6,16.7329,14.7989,2.9076,4.8803,4.1738,5.571,5.571,35768.2509,27303.0113,18587.4751,642040.1037,490089.0528
601012.SH,20250124,14.96,1.1514,1.5711,1.39,10.5444,,1.8206,0.8754,1.2062,1.1355,1.1355,757804.795,757804.0404,555364.9428,11336759.7332,11336748.4444
300472.SZ,20250124,7.45,6.0501,7.4358,0.55,,,3.6264,8.7641,6.7174,0.0,,27525.8621,25061.5214,20391.0194,205067.6726,186708.3344
605069.SH,20250124,7.71,10.7528,11.0698,1.53,,,1.5627,9.9857,6.0121,0.0,,21169.7778,8416.1278,8175.0978,163218.9868,64888.3453
603678.SH,20250124,27.16,1.5354,2.6397,1.63,39.0996,49.3393,2.3011,3.5531,4.233,0.8049,0.8049,45834.2279,45834.2279,26659.7184,1244857.6298,1244857.6298
300136.SZ,20250124,24.78,2.394,2.5391,1.34,45.9843,44.6217,3.3399,3.1767,2.8721,0.4036,0.4036,96756.8638,82456.7926,77744.2043,2397635.085,2043279.3206
300449.SZ,20250124,8.49,3.0422,3.0422,0.88,,,8.2915,24.7294,22.8419,0.0,,38748.0309,29626.7599,29626.7599,328970.7823,251531.1916
600383.SH,20250124,4.58,1.669,2.6759,0.46,23.2814,,0.3364,0.211,0.2384,0.4301,0.4301,451458.3572,451458.3572,281581.6135,2067679.276,2067679.276
002636.SZ,20250124,8.56,9.347,28.2654,0.87,,356.5577,1.8131,1.745,1.6065,0.7009,0.7009,72800.0,72433.0417,23952.6222,623168.0,620026.837
300303.SZ,20250124,7.0,5.2526,6.0326,1.28,42.8514,35.5949,2.8084,3.924,3.4329,1.3403,1.3403,140824.9863,131844.8272,114798.3718,985774.9041,922913.7904
000863.SZ,20250124,3.82,2.0679,3.8806,0.66,3649.5745,135.8148,0.9944,4.0818,3.7728,0.0,,118069.956,116361.5343,62007.2198,451027.2319,444501.061
301589.SZ,20250124,167.92,4.9897,4.9897,1.13,25.5696,23.9155,4.3018,5.0827,4.7307,3.3343,3.3343,9244.8,1848.96,1848.96,1552386.816,310477.3632
600683.SH,20250124,3.75,0.8626,1.9508,0.64,,,3.8298,0.2611,1.709,0.0,,74077.7597,74077.7597,32755.457,277791.5989,277791.5989
603859.SH,20250124,35.86,8.9964,12.2822,2.37,39.9684,51.0865,3.1183,6.2231,6.4452,0.1882,0.1882,24469.7701,24469.7701,17923.4341,877485.9558,877485.9558
000728.SZ,20250124,8.07,0.8663,1.4763,1.22,18.8551,15.4138,0.9564,5.5414,4.4926,1.8587,2.6022,436377.7891,436377.7891,256053.2416,3521568.758,3521568.758
603375.SH,20250124,35.9,2.1732,2.1732,0.76,18.5514,38.3724,2.303,4.3938,5.7764,1.1142,1.1142,10066.6667,5418.9618,5418.9618,361393.3345,194540.7286
920642.BJ,20250124,10.24,1.6645,3.0581,0.96,65.0143,,4.6677,5.6332,6.5303,0.5817,0.5817,10367.0278,10070.6878,5481.5158,106158.3647,103123.8431
688244.SH,20250124,26.32,4.9327,6.2207,1.5,86.506,89.6521,2.7289,6.7973,6.7596,0.5761,0.5761,10223.4195,4948.4982,3923.9248,269080.4012,130244.4726
002738.SZ,20250124,38.06,1.066,1.249,0.9,12.4357,40.1558,2.3636,4.5665,5.9993,2.6277,2.6277,72149.1877,71122.8026,60707.0196,2745998.0839,2706933.867
688009.SH,20250124,5.84,0.3251,1.3966,1.33,17.7851,18.9136,1.3868,1.6714,1.8634,2.911,2.911,1058981.9,862101.8,200680.2,6184454.296,5034674.512
000420.SZ,20250124,3.45,1.2552,1.7549,0.92,263.5677,213.2152,1.9172,2.2702,2.2449,0.0,,245886.8343,245801.8143,175816.5876,848309.5783,848016.2593
920553.BJ,20250124,7.24,1.0883,1.7717,0.74,44.5738,68.5705,3.0623,2.4711,2.3854,1.3812,1.3812,14369.046,9186.5218,5643.0174,104031.893,66510.4178
688690.SH,20250124,17.5,0.522,0.9371,1.08,103.0645,98.7153,4.1244,12.0415,10.3095,0.284,0.284,40381.4765,40381.4765,22494.1538,706675.8388,706675.8388
300995.SZ,20250124,16.1,1.9473,3.8186,1.02,168.6595,158.4134,2.1646,4.7837,4.0355,0.7392,0.7392,8416.0,5990.4781,3054.8241,135497.6,96446.6974
688533.SH,20250124,36.0,1.557,5.8359,1.14,36.8738,24.2868,3.9628,2.5199,2.1495,0.8461,0.8461,16284.7152,16284.7152,4344.7164,586249.7472,586249.7472
301158.SZ,20250124,14.5,1.7227,3.1497,0.71,25.1385,21.735,1.7009,3.8454,3.3926,2.8843,2.8843,15037.051,14652.0431,8013.8221,218037.2395,212454.625
601118.SH,20250124,5.14,0.4876,1.3679,0.79,74.0304,59.1672,2.3714,0.5837,0.4808,0.4066,0.4066,427942.7797,427942.7797,152541.5773,2199625.8877,2199625.8877
603285.SH,20250124,22.47,3.9833,3.9833,0.67,18.9641,21.052,2.2863,5.3335,5.329,4.4504,4.4504,16000.0,4000.0,4000.0,359520.0,89880.0
000989.SZ,20250124,7.91,0.7752,1.1025,1.02,22.7648,27.193,1.7915,2.2865,2.5507,5.0013,5.0013,85594.2012,69415.3753,48807.3573,677050.1315,549075.6186
603978.SH,20250124,13.77,2.419,3.8889,1.2,,,1.5698,1.8406,1.2488,0.0,,21109.4299,21109.4299,13130.7285,290676.8497,290676.8497
002272.SZ,20250124,8.15,8.7298,9.6649,0.7,,,2.4714,2.3755,2.4243,0.6135,0.6135,48487.73,37957.3348,34285.0228,395174.9995,309352.2786
601668.SH,20250124,5.59,0.3163,0.7435,0.86,4.2566,4.5908,0.5174,0.102,0.104,4.8912,4.8912,4132039.0444,4132039.0444,1757884.8507,23098098.2582,23098098.2582
002297.SZ,20250124,6.29,1.0393,1.5085,0.84,123.1349,,1.7126,6.0989,6.2047,0.0,,57310.4819,57310.4819,39485.186,360482.9312,360482.9312
601163.SH,20250124,15.24,0.476,1.2879,0.99,8.7316,9.9737,0.9218,1.1699,1.1996,4.3963,4.3963,80000.0,80000.0,29568.9675,1219200.0,1219200.0
688031.SH,20250124,48.1,10.3741,12.7322,3.27,,,5.0055,11.8428,12.1711,,,12084.2068,9367.8696,7632.8819,581250.3471,450594.5278
000417.SZ,20250124,5.68,2.6751,4.318,0.79,16.7776,21.026,0.9389,0.6623,0.6432,1.9366,1.9366,77988.42,77902.7451,48263.6984,442974.2256,442487.5922
688143.SH,20250124,31.44,22.4284,28.1225,3.67,247.2215,425.92,3.3578,17.4738,14.2759,,,12237.4426,9452.2576,7538.419,384745.1953,297178.9789
003032.SZ,20250124,9.1,4.8733,6.9247,1.2,234.3138,,2.7227,6.8522,13.5917,0.1758,0.1758,40244.75,27346.8433,19245.5856,366227.225,248856.274
600020.SH,20250124,4.07,0.5298,1.5832,1.13,11.0412,12.3707,0.8034,1.6039,1.3953,3.6609,3.6609,224737.1832,224737.1832,75198.9383,914680.3356,914680.3356
300782.SZ,20250124,80.78,1.283,1.7471,0.67,38.4739,59.2485,4.2286,9.8626,9.2427,0.2769,0.2769,53454.7532,44758.9354,32867.7287,4318074.9635,3615626.8016
000636.SZ,20250124,14.66,1.3659,2.1307,0.86,97.7745,51.7916,1.402,4.018,3.7249,0.3383,0.3383,115701.3211,115701.3211,74171.0219,1696181.3673,1696181.3673
000826.SZ,20250124,1.79,2.3319,3.0031,0.95,,,0.878,0.4723,0.4827,0.0,,142535.3248,142509.7959,110662.4854,255138.2314,255092.5347
920392.BJ,20250124,19.35,4.5011,8.3494,0.74,55.081,32.947,3.4273,3.9274,2.1156,0.5137,0.5137,5870.0,2807.3,1513.4,113584.5,54321.255
688290.SH,20250124,50.1,12.2492,17.4574,2.33,147.5982,128.7621,4.1795,20.0425,18.5733,0.3095,0.3095,10218.9714,6082.6233,4267.9281,511970.4671,304739.4273
688288.SH,20250124,19.96,5.0287,11.6469,0.64,,,2.8564,4.9074,4.1667,,,10064.392,10064.392,4345.3738,200885.2643,200885.2643
605599.SH,20250124,11.06,0.3048,0.8182,0.96,12.1709,12.8506,2.2477,0.5197,0.4405,6.3291,6.3291,77777.78,77777.78,28977.5982,860222.2468,860222.2468
603082.SH,20250124,39.7,27.2554,27.2554,0.78,41.4854,40.9178,4.2394,3.4561,3.3184,1.461,1.461,16222.7543,3244.552,3244.552,644043.3457,128808.7144
688758.SH,20250124,15.18,12.2211,12.2211,0.73,120.4503,85.9499,5.1844,25.7821,21.8084,,,41646.4084,3950.4286,3950.4286,632192.4795,59967.5061
920943.BJ,20250124,15.1,1.617,2.0341,0.82,20.5422,23.6944,2.6403,1.7165,1.7191,1.3245,1.3245,10152.1378,4120.2108,3275.3213,153297.2808,62215.1831
688331.SH,20250124,27.89,1.5972,1.5972,0.59,,,6.4092,14.0185,9.9723,,,54433.2083,16194.7712,16194.7712,1518142.1795,451672.1688
920019.BJ,20250124,19.22,2.8111,2.8111,1.08,61.0446,55.6145,4.5129,3.4714,2.9968,,,21026.67,4306.67,4306.67,404132.5974,82774.1974
300569.SZ,20250124,4.5,0.7203,1.0516,0.89,18.3021,87.8788,0.8409,1.0866,1.3398,1.6444,1.6444,102269.9704,101764.2461,69704.5822,460214.8668,457939.1075
603385.SH,20250124,6.45,0.9739,2.4279,1.01,,,0.6563,0.6814,0.7124,0.0,,38066.4968,38066.4968,15269.267,245528.9044,245528.9044
002812.SZ,20250124,29.4,0.9902,1.4377,0.85,11.3016,34.9677,1.1243,2.3713,2.7422,5.2529,5.2529,97127.9156,81711.1828,56278.4994,2855560.7186,2402308.7743
000017.SZ,20250124,5.54,3.8318,4.848,1.07,213.2776,188.36,12.0755,6.7163,7.6447,0.0,,68918.4933,30298.4965,23947.6218,381808.4529,167853.6706
600965.SH,20250124,4.04,0.8282,2.154,0.76,33.5488,,1.5528,3.1613,3.6081,1.2129,1.2129,81870.0955,81870.0955,31478.4226,330755.1858,330755.1858
301577.SZ,20250124,56.95,4.8422,4.8422,0.7,45.8387,85.0577,3.3796,5.7849,6.1107,1.4047,1.4047,4426.0,1884.1155,1884.1155,252060.7,107300.3777
301565.SZ,20250124,20.43,4.3185,4.3185,1.01,39.6317,51.6625,3.4759,3.4742,3.3093,0.0,,40001.0,6001.0,6001.0,817220.43,122600.43
688559.SH,20250124,31.8,1.7132,2.5578,0.99,24.3735,44.3281,2.2029,1.6322,1.5466,0.2565,0.2565,24660.46,20660.46,13838.335,784202.628,657002.628
600780.SH,20250124,5.33,0.5439,1.3209,1.45,8.9895,11.6443,0.8086,0.5613,0.5735,3.3771,3.3771,114650.2523,114650.2523,47208.4052,611085.8448,611085.8448
603344.SH,20250124,23.65,4.2514,4.2514,0.82,23.5475,24.5006,2.3434,2.2395,1.946,1.3108,1.3108,19453.098,4863.2745,4863.2745,460065.7677,115016.4419
601166.SH,20250124,20.23,0.3473,0.5402,1.08,5.4498,5.4435,0.5609,1.9934,1.9803,5.1409,5.1409,2077430.8106,2077430.8106,1335456.9001,42026425.2984,42026425.2984
600629.SH,20250124,7.89,2.0834,4.3841,0.76,18.0086,18.5624,1.4975,0.8451,0.8496,1.7748,1.7748,97036.2838,94465.8954,44892.3352,765616.2792,745335.9147
002178.SZ,20250124,5.81,2.6865,4.0467,0.86,183.8417,763.7571,9.3736,6.1251,6.6833,0.0,,71215.3001,71178.3158,47254.1164,413760.8936,413546.0148
003035.SZ,20250124,4.09,0.5124,1.139,1.38,49.8568,133.6209,2.2633,5.1848,5.0446,0.2225,0.3692,378787.8787,225787.8787,101575.7575,1549242.4239,923472.4239
600803.SH,20250124,20.27,0.4581,1.5283,1.3,8.8531,8.3937,2.7696,0.4367,0.4283,4.4674,4.4674,309708.7607,284008.3602,85135.4532,6277796.5794,5756849.4613
605055.SH,20250124,5.31,1.5599,7.0951,1.84,62.8217,58.3877,2.035,1.5105,1.4808,1.1299,1.1299,44000.0,44000.0,9673.4268,233640.0,233640.0
603338.SH,20250124,66.74,0.9241,2.1154,1.01,18.0991,16.6137,3.4293,5.3539,4.3867,1.4984,1.4984,50634.7879,50634.7879,22119.4099,3379365.7444,3379365.7444
605111.SH,20250124,32.8,2.1213,2.7449,0.76,42.161,30.9309,3.5587,9.2261,7.8837,0.6361,0.6361,41533.2567,41533.2567,32097.9901,1362290.8198,1362290.8198
301029.SZ,20250124,26.26,1.6036,2.9315,1.17,30.5283,39.4433,4.1271,5.7797,6.5694,1.3875,1.3875,63420.2712,40422.8225,22111.7942,1665416.3217,1061503.3189
688611.SH,20250124,35.28,0.6137,1.4074,1.24,81.884,64.8506,4.5072,19.152,10.5087,0.5062,0.5062,10956.4,10956.4,4777.6942,386541.792,386541.792
003022.SZ,20250124,13.25,0.3758,1.5682,1.19,39.6668,80.4057,2.4609,2.611,2.5992,0.6038,0.6038,133556.8,133556.8,32005.5337,1769627.6,1769627.6
000558.SZ,20250124,3.25,4.4913,7.2922,0.61,74.5634,61.8083,3.8802,16.4195,15.613,0.0,,128922.3949,128868.4608,79370.1947,418997.7834,418822.4976
300334.SZ,20250124,5.59,2.109,3.5806,1.2,,,3.0405,8.3791,6.9857,0.0,,30206.5356,30202.9761,17789.3096,168854.534,168834.6364
688518.SH,20250124,16.15,1.4091,1.648,0.79,19.2506,42.8404,1.7921,1.5691,1.7454,0.9228,0.9228,34124.9895,34124.9895,29177.4293,551118.5804,551118.5804
301016.SZ,20250124,20.96,3.0122,3.2676,0.8,60.2957,52.596,3.1969,9.4063,9.3821,1.2111,1.2111,15600.0,7176.0001,6615.1466,326976.0,150408.9621
600661.SH,20250124,10.69,3.4813,5.3202,1.14,,,33.4193,3.1719,2.5154,0.0,,28654.883,28654.883,18750.2711,306320.6993,306320.6993
603466.SH,20250124,9.03,3.6232,6.863,1.5,19.0217,,2.4512,2.285,3.6589,2.2148,2.2148,59478.5437,59478.5437,31401.0518,537091.2496,537091.2496
300294.SZ,20250124,29.04,0.5732,0.9814,0.86,61.6653,78.685,1.9523,5.5217,8.58,1.584,1.584,50424.8738,50424.8738,29451.6145,1464338.3352,1464338.3352
002595.SZ,20250124,51.84,0.2645,0.5371,0.81,25.7256,22.2935,4.4636,5.7875,5.0397,1.9255,1.9255,80000.0,79476.5,39143.5801,4147200.0,4120061.76
688285.SH,20250124,7.37,0.2783,1.1127,0.83,50.3035,136.4327,1.7069,2.3053,2.6096,0.3799,0.3799,37628.9913,37628.9913,9410.0,277325.6659,277325.6659
600973.SH,20250124,4.98,7.844,14.3323,0.72,220.1295,,1.7856,0.1559,0.1498,0.0,,137136.6248,137136.6248,75054.3015,682940.3915,682940.3915
600645.SH,20250124,20.01,0.964,1.2517,0.69,87.9608,87.1412,2.5892,5.8901,5.877,0.0,,46794.889,46777.0165,36027.7493,936365.7289,936008.1002
600180.SH,20250124,4.01,0.649,1.7709,0.96,14.8072,232.8051,0.5559,0.1087,0.1597,2.8452,2.8452,108662.7464,108662.7464,39825.5628,435737.6131,435737.6131
689009.SH,20250124,53.14,1.3791,1.4295,0.86,63.742,32.0633,6.2876,3.7289,2.8025,0.5247,0.5247,71730.102,54976.9128,53036.8018,3811737.6203,2921473.1462
002469.SZ,20250124,7.24,2.1381,2.821,0.48,16.6479,20.4501,1.7993,1.7678,1.992,5.5249,5.5249,64886.263,62890.0311,47665.1653,469776.5441,455323.8252
600999.SH,20250124,18.39,0.2488,0.6123,1.05,18.2485,15.427,1.3888,8.0686,7.6622,1.9195,1.9195,869652.6806,742200.5272,301633.7568,15992912.7962,13649067.6952
002936.SZ,20250124,1.99,1.2873,1.7901,1.01,9.7795,13.4662,0.403,1.3238,1.4794,0.0,,909209.1358,670061.6751,481868.99,1809326.1802,1333422.7334
300430.SZ,20250124,16.3,5.7963,8.5273,1.43,26.1678,31.6857,2.0036,3.7862,4.2691,0.491,0.491,27304.7596,25986.2959,17663.7614,445067.5815,423576.6232
301062.SZ,20250124,10.96,2.9859,3.3496,0.86,62.9355,54.4332,3.0926,4.4421,4.0097,0.4226,0.4226,43227.5702,31015.4012,27647.8143,473774.1694,339928.7972
300463.SZ,20250124,12.2,2.2543,2.6843,3.17,23.9017,22.969,1.1434,2.5804,2.7387,1.2588,1.2588,61246.959,49150.4817,41277.5544,747212.8998,599635.8767
601177.SH,20250124,9.17,1.6273,2.9591,1.14,17.6918,16.4186,1.4633,1.9873,1.7887,0.5347,0.5347,40797.5,40006.0,22000.375,374113.075,366855.02
600671.SH,20250124,9.07,0.6291,1.0956,2.04,,,33.0279,9.07,6.8882,0.0,,12177.8885,12172.0533,6988.9973,110453.4487,110400.5234
603985.SH,20250124,10.52,1.3052,3.0623,0.84,,,1.4174,2.5087,2.7828,0.0,,44085.8003,44085.8003,18790.1129,463782.6192,463782.6192
000403.SZ,20250124,21.44,0.7022,1.092,0.82,25.6069,18.9154,2.0404,6.7308,5.511,1.6321,1.6321,73107.4913,68471.417,44027.9331,1567424.6135,1468027.1805
300620.SZ,20250124,51.12,5.8462,12.907,0.94,213.5973,185.2645,6.633,17.9436,13.7742,0.1961,0.1961,24918.0545,24691.5948,11183.9793,1273810.946,1262234.3262
601880.SH,20250124,1.57,0.4419,1.4732,1.02,27.9438,30.896,0.9375,3.0714,3.2555,1.2219,1.2219,2390547.4669,1874675.867,562278.8415,3753159.523,2943241.1112
920670.BJ,20250124,16.0,4.4352,5.3021,1.2,145.9766,,7.1324,17.591,29.7176,0.375,0.375,10618.24,6632.8421,5548.3912,169891.84,106125.4736
300165.SZ,20250124,2.91,1.5628,1.8527,0.95,,,1.0455,1.4175,1.4956,0.0,,49551.1725,42053.211,35472.8422,144193.912,122374.844
002868.SZ,20250124,15.32,1.0953,2.8592,0.65,,,9.2797,4.6961,4.0957,0.0,,15541.5837,15286.659,5856.1223,238097.0623,234191.6159
002527.SZ,20250124,9.85,6.6771,7.8319,1.0,,,4.3707,1.928,2.1274,0.0,,66306.1291,52918.0532,45115.1735,653115.3716,521242.824
002133.SZ,20250124,2.35,2.6429,3.9811,0.73,47.8565,,0.4824,0.1971,0.355,2.1277,2.1277,77414.4175,76987.0201,51107.7811,181923.8811,180919.4972
920395.BJ,20250124,13.93,2.5058,4.3071,0.76,39.3016,30.27,9.2727,15.2469,11.7291,2.7815,2.7815,12755.4,5663.448,3294.923,177682.722,78891.8306
001338.SZ,20250124,10.56,2.8857,2.8857,0.48,30.5261,19.7643,1.4965,1.0946,1.2048,0.9943,0.9943,50173.0834,23595.4481,23595.4481,529827.7607,249167.9319
002457.SZ,20250124,11.82,6.9082,9.8008,1.33,158.4867,31.0292,1.7017,1.9128,1.5373,1.5085,1.5085,33348.68,33332.1649,23494.5995,394181.3976,393986.1891
000510.SZ,20250124,3.52,1.9701,2.2141,0.62,,,1.6767,0.8817,1.209,0.0,,64854.3589,56730.3482,50478.6879,228287.3433,199690.8257
601231.SH,20250124,15.78,0.7611,3.4117,0.62,17.7463,18.6621,2.0199,0.5686,0.5696,1.7077,1.7077,219055.6466,219055.6466,48870.8864,3456698.1033,3456698.1033
600207.SH,20250124,4.23,1.0205,2.2425,0.81,,,1.5281,0.8868,0.9994,0.0,,108931.2554,108931.2554,49570.4638,460779.2103,460779.2103
600226.SH,20250124,2.78,1.4108,2.1855,0.83,51.3043,44.5283,2.4956,13.1251,7.6152,0.0,,305907.6673,305907.6673,197472.3224,850423.3151,850423.3151
688161.SH,20250124,26.06,0.3869,2.0187,1.16,92.8104,67.4257,2.6962,8.1212,8.1165,0.9178,0.9178,40000.0,40000.0,7666.6667,1042400.0,1042400.0
301381.SZ,20250124,22.89,2.6958,5.0027,1.19,27.2936,29.6961,3.79,1.3953,1.0186,2.4028,2.4028,40010.0,19229.9,10362.456,915828.9,440172.411
000069.SZ,20250124,2.47,0.5392,1.0731,0.69,,,0.3506,0.3561,0.3724,0.0,,803775.8053,689461.3407,346409.3445,1985326.2391,1702969.5115
601360.SH,20250124,10.34,2.5255,6.1347,2.08,,,2.491,7.9925,9.1309,0.9671,0.9671,699955.7879,699955.7879,288153.2133,7237542.8469,7237542.8469
600109.SH,20250124,8.4,0.8091,1.0996,1.03,18.1476,22.6636,0.9476,4.6339,5.204,1.6567,1.6567,371255.951,319955.6972,235442.4905,3118549.9884,2687627.8565
001203.SZ,20250124,8.39,0.4102,1.0758,1.06,11.0862,12.9464,2.0454,3.1603,3.0544,1.1752,1.1752,150802.1588,131459.6525,50126.6584,1265230.1123,1102946.4845
000955.SZ,20250124,4.0,1.7485,2.3301,0.99,,,3.3089,3.6432,3.7431,0.0,,53839.5,53804.4825,40375.7124,215358.0,215217.93
600527.SH,20250124,2.12,2.0532,3.1696,0.85,79.8183,90.9818,1.7114,4.4747,5.2468,2.3585,2.3585,173176.0902,173176.0902,112182.1595,367133.3112,367133.3112
002719.SZ,20250124,7.26,3.9203,4.9064,0.78,,,3.4283,1.7833,1.951,0.0,,17413.9457,16187.2295,12934.0365,126425.2458,117519.2862
688772.SH,20250124,15.58,0.9463,1.6516,1.04,51.0275,54.4481,2.6617,1.5345,1.5375,1.723,1.723,112728.6261,112728.6261,64588.448,1756311.9946,1756311.9946
301209.SZ,20250124,30.0,9.3992,9.3992,0.86,70.9433,44.6159,3.3519,5.6024,4.6804,0.6667,0.6667,8000.0,2450.0,2450.0,240000.0,73500.0
000008.SZ,20250124,2.57,1.6905,2.7967,0.89,,,2.0675,2.7795,3.0444,0.0,,271637.7683,268602.4366,162360.5909,698109.0645,690308.2621
300134.SZ,20250124,11.4,1.4662,2.9984,1.12,,,2.0747,3.5065,3.6096,0.0,,76749.8006,71241.8006,34837.0338,874947.7268,812156.5268
301138.SZ,20250124,27.43,1.2554,2.5118,0.75,43.3301,41.1776,3.0765,6.1758,5.4412,1.8228,1.8228,12000.0,6856.014,3426.69,329160.0,188060.464
603323.SH,20250124,5.3,1.7056,1.9727,0.87,5.5812,5.0676,0.5681,2.4038,2.3189,3.3389,3.3389,183503.767,183503.767,158654.5506,972569.9651,972569.9651
300528.SZ,20250124,9.33,5.2714,13.3316,0.84,,,5.3079,3.1618,4.2019,0.0,,37260.8054,37260.8054,14733.1068,347643.3144,347643.3144
000691.SZ,20250124,2.76,5.2519,6.2531,0.66,,,46.2919,2.3908,1.9992,0.0,,32327.0,32327.0,27150.9005,89222.52,89222.52
002551.SZ,20250124,2.93,1.7967,2.1102,1.02,,,0.9458,2.0751,1.9388,0.0,,84482.5527,61034.8059,51966.3225,247533.8794,178831.9813
301361.SZ,20250124,28.7,12.9459,12.9459,0.75,45.6321,47.2255,2.9799,15.1723,15.2997,0.4181,0.4181,11633.6,2908.4,2908.4,333884.32,83471.08
000096.SZ,20250124,11.33,1.8728,4.0759,1.2,67.8676,63.0683,2.17,2.3434,2.7382,0.4854,0.4854,52800.0,51084.8,23472.9623,598224.0,578790.784
300698.SZ,20250124,35.31,1.0439,1.9815,1.09,73.4048,85.5731,9.9765,9.0873,8.6232,0.6514,0.6514,13400.0,11854.5943,6245.1868,473154.0,418585.7247
688602.SH,20250124,6.53,1.0181,1.2389,1.19,30.0936,,1.2189,3.4622,4.7858,1.0107,1.0107,51937.5,25497.7224,20952.5776,339151.875,166500.1273
600712.SH,20250124,5.84,2.0833,2.9304,0.66,438.5828,101.8734,3.814,4.6738,5.3401,0.0,,54465.536,53864.8371,38293.6826,318078.7302,314570.6487
300167.SZ,20250124,2.64,7.7393,8.4024,1.1,,,,2.1835,1.6043,0.0,,36055.0,35675.25,32859.5887,95185.2,94182.66
603060.SH,20250124,7.01,0.3056,0.9677,0.79,21.9199,27.7376,2.7109,2.1184,2.1515,1.5977,1.5977,80392.8549,80392.8549,25391.599,563553.9128,563553.9128
600422.SH,20250124,16.17,0.944,1.4743,0.79,27.5261,27.4404,2.2126,1.589,1.6213,1.2371,1.2371,75697.5757,75697.5757,48468.1411,1224029.7991,1224029.7991
603320.SH,20250124,16.16,5.1183,14.1362,0.73,54.0082,33.1405,2.3987,2.4123,2.1229,0.5796,0.5796,13883.1574,13883.1574,5026.7284,224351.8236,224351.8236
002451.SZ,20250124,6.33,1.3971,2.5874,0.92,172.0081,151.8679,3.6685,2.5539,2.248,0.158,0.158,43920.0,43914.9,23712.2159,278013.6,277981.317
300471.SZ,20250124,8.71,1.0831,1.6029,1.08,,,2.9433,3.76,5.1822,0.0,,40416.5856,36655.1986,24769.3989,352028.4606,319266.7798
000677.SZ,20250124,3.93,1.5508,2.3264,0.99,73.215,74.1396,6.7848,3.2966,3.1439,0.0,,86397.7948,86397.7948,57592.7701,339543.3336,339543.3336
002483.SZ,20250124,5.96,7.5611,11.2884,1.46,95.4151,56.8834,1.2668,0.7356,0.7173,1.6779,1.6779,88646.8413,88525.0799,59294.6919,528335.1741,527609.4762
300516.SZ,20250124,32.62,0.4459,1.3937,0.84,70.8065,98.158,4.6013,7.6284,8.8239,1.0791,1.0791,18000.0,18000.0,5759.6038,587160.0,587160.0
002267.SZ,20250124,7.84,0.5376,1.5114,1.06,16.0184,11.4583,1.3006,1.154,1.0148,5.102,5.102,111207.5445,111207.5445,39554.4989,871867.1489,871867.1489
000698.SZ,20250124,3.14,1.3752,2.4989,1.09,,,1.8791,0.4872,0.4947,0.0,,81951.4395,78571.0473,43239.565,257327.52,246713.0885
300184.SZ,20250124,9.34,7.0625,7.3143,1.99,162.4422,118.3067,2.9156,1.8134,1.4927,0.0,,115401.1922,104824.1829,101215.5912,1077847.1351,979057.8683
301330.SZ,20250124,26.95,4.2575,5.3813,1.78,29.846,33.212,1.6141,2.6853,2.7256,1.6369,1.6369,19631.2325,7662.0124,6061.9202,529061.7159,206491.2342
601002.SH,20250124,4.49,0.9468,1.7213,1.07,,68.6262,1.0356,1.8518,1.8141,2.2325,2.2325,95444.072,95444.072,52497.1293,428543.8833,428543.8833
688121.SH,20250124,10.59,0.878,0.9725,0.95,16.0664,18.9891,0.9808,0.8362,0.7879,,,23361.4003,14157.8667,12782.948,247397.2292,149931.8084
002047.SZ,20250124,2.37,1.0844,1.4515,0.81,,,,0.8742,1.1241,0.0,,151624.8693,134121.994,100200.6312,359350.9402,317869.1258
300210.SZ,20250124,9.77,1.4074,2.0836,0.95,,,11.3531,23.8513,26.8564,0.0,,48421.9953,48355.7365,32663.7622,473082.8941,472435.5456
002611.SZ,20250124,12.2,18.2731,21.6869,1.2,34.2922,30.232,3.0736,3.1305,3.1441,0.0,,121776.634,100219.7707,84444.1381,1485674.9348,1222681.2025
603528.SH,20250124,7.98,1.9854,4.8986,0.94,,,2.8345,10.6004,10.6732,0.0,,70593.0131,70593.0131,28610.6431,563332.2445,563332.2445
688609.SH,20250124,10.16,3.2481,4.8796,1.89,,,5.449,2.3401,2.0514,,,50000.0,50000.0,33282.7275,508000.0,508000.0
301041.SZ,20250124,24.6,4.2815,5.7802,0.63,66.2079,77.0644,3.9077,4.1283,3.9229,0.243,0.243,10668.0,7890.3764,5844.6006,262432.8,194103.2594
300067.SZ,20250124,4.9,6.1184,7.7826,0.93,694.3992,191.2698,2.2122,6.9915,5.8682,0.8163,0.8163,115437.4574,93748.3681,73701.4864,565643.5413,459367.0037
920527.BJ,20250124,13.15,7.4983,9.9941,1.87,75.8046,71.8978,2.1236,2.506,2.2059,0.6084,0.6084,6004.27,3634.7987,2727.0987,78956.1505,47797.6029
603329.SH,20250124,12.91,1.7938,3.2603,1.03,209.6076,41.1654,1.8449,0.8134,0.5442,0.7746,0.7746,15875.6195,15875.6195,8734.8064,204954.2477,204954.2477
000700.SZ,20250124,7.0,1.288,2.0712,0.72,14.3087,11.1724,1.8771,0.7368,0.8184,1.5571,4.6571,91801.5389,91801.5389,57087.0307,642610.7723,642610.7723
603069.SH,20250124,17.76,1.2876,2.941,0.48,,,6.2229,6.6677,6.4073,0.0,,31600.0,31600.0,13834.27,561216.0,561216.0
600976.SH,20250124,42.14,0.5213,0.7188,0.9,12.3964,15.1051,2.7003,1.5343,1.6255,2.8477,2.8477,15339.86,15329.86,11118.5986,646421.7004,646000.3004
300947.SZ,20250124,17.84,4.9434,8.9717,0.72,81.1197,95.637,2.2111,2.306,2.0968,0.0,,15113.7696,15108.8981,8324.8836,269629.6497,269542.7421
600811.SH,20250124,1.89,5.2299,7.0665,1.13,,,0.4108,1.1373,5.655,0.0,,365874.4935,365874.4935,270782.4666,691502.7927,691502.7927
300846.SZ,20250124,13.03,7.8912,8.5543,0.98,,,6.0747,5.245,4.5469,0.0,,50046.215,39025.7753,36000.6899,652102.1815,508505.8522
000007.SZ,20250124,6.9,1.375,2.239,1.04,66.4593,84.4749,18.5401,11.0472,11.0003,0.0,,34644.8044,34644.8044,21275.216,239049.1504,239049.1504
003816.SZ,20250124,3.62,0.3921,2.2918,1.38,17.0454,16.6059,1.5433,2.2145,2.1512,2.5967,2.5967,5049861.11,3933498.61,672983.2225,18280497.2182,14239264.9682
000788.SZ,20250124,5.85,1.8441,2.8183,0.85,78.6022,27.1172,2.3134,1.5893,1.6822,1.2991,1.2991,59598.7425,59598.7425,38997.7655,348652.6436,348652.6436
920931.BJ,20250124,11.71,3.7883,3.7883,0.46,23.3703,25.4638,2.8772,2.5087,2.5801,0.854,0.854,9393.0,2877.58,2877.58,109992.03,33696.4618
002632.SZ,20250124,8.3,1.7201,3.8827,0.85,33.0813,31.0669,2.472,3.9194,3.7561,5.1807,5.1807,62459.909,58080.0011,25731.057,518417.2447,482064.0091
301277.SZ,20250124,13.82,3.1656,3.1656,1.22,24.3452,23.5843,2.5624,5.9413,5.5403,2.0674,2.0674,28005.6,7215.6,7215.6,387037.392,99719.592
688648.SH,20250124,23.74,0.8954,1.2265,0.63,45.0967,,1.9715,1.6541,2.3512,0.674,0.674,13600.0,6612.8924,4827.8924,322864.0,156990.0656
300403.SZ,20250124,13.61,24.0239,28.653,1.29,33.6403,33.5295,4.3055,7.5195,7.3916,2.7921,2.7921,60300.0,42293.9514,35460.9896,820683.0,575620.6786
301105.SZ,20250124,28.07,3.2937,3.2937,0.9,,,1.6408,8.0273,7.4976,0.0,,5000.0,1643.7497,1643.7497,140350.0,46140.0541
301611.SZ,20250124,58.81,8.7652,8.7652,1.17,313.2292,102.3361,17.8143,53.3691,34.4731,0.17,0.17,43600.0,5639.8108,5639.8108,2564116.0,331677.2731
000885.SZ,20250124,12.69,0.5785,2.106,1.37,7.5792,7.6757,0.9923,1.2493,1.2668,1.9858,1.9858,64207.8255,64207.8255,17637.3831,814797.3056,814797.3056
605098.SH,20250124,35.52,0.7924,2.0244,0.69,19.3022,16.7169,4.7715,6.301,5.4726,6.9829,6.9829,11925.11,11925.11,4667.5598,423579.9072,423579.9072
301568.SZ,20250124,40.03,12.1204,12.1204,0.75,41.5901,60.4345,4.1955,11.2371,13.2413,1.6987,1.6987,10325.84,4764.4019,4764.4019,413343.3752,190719.0081
301095.SZ,20250124,48.75,3.2371,3.9133,0.74,75.8033,114.2271,3.1799,20.4426,19.1859,0.9013,0.9013,20028.1088,10733.7643,8878.9104,976370.304,523271.0096
002400.SZ,20250124,8.41,11.516,14.2293,0.75,95.7686,93.5526,2.985,0.8793,0.7311,0.321,0.321,174333.7128,172616.4618,139701.2883,1466146.5246,1451704.4437
600984.SH,20250124,3.3,0.8263,1.3571,0.63,,,0.8949,1.2852,1.4968,0.0,,125704.3925,125704.3925,76534.8182,414824.4953,414824.4953
603605.SH,20250124,85.58,0.7546,1.4991,0.83,28.4042,23.4334,7.1168,3.8083,3.1925,1.0588,1.0588,39624.7555,39540.5035,19904.074,3391086.5757,3383876.2895
600986.SH,20250124,6.16,7.1844,7.6462,2.13,47.6693,38.9321,1.7968,0.8469,1.1207,0.8054,0.8054,148737.4062,132242.5609,124255.0413,916222.4222,814614.1751
600848.SH,20250124,9.8,0.2135,0.6657,0.94,23.3071,26.5982,1.3234,3.5054,3.1948,2.0408,2.0408,252248.7004,239391.2273,76770.3939,2472037.2639,2346034.0275
603456.SH,20250124,13.1,1.0404,1.8275,1.31,11.3501,16.8171,1.3928,2.1232,2.3875,3.7978,3.7978,89523.5828,89523.5828,50968.3156,1172758.9347,1172758.9347
000988.SZ,20250124,42.2,4.7802,5.9022,1.11,42.1416,37.4615,4.2781,4.1566,3.5353,0.3555,0.3555,100550.2707,100498.5657,81394.0143,4243221.4235,4241039.4725
603025.SH,20250124,15.52,1.124,6.498,2.03,42.4527,28.3919,7.4129,8.4695,6.7902,1.933,1.933,110917.4773,110917.4773,19186.2444,1721439.2477,1721439.2477
600023.SH,20250124,5.25,0.2465,0.9194,1.18,10.7973,9.6997,0.9771,0.7335,0.7589,4.7619,4.7619,1340873.2749,1340873.2749,359556.5748,7039584.6932,7039584.6932
002683.SZ,20250124,26.56,0.8287,1.2839,0.99,28.1929,23.2256,3.1854,1.7488,1.5681,2.8413,2.8413,76000.2247,66038.5192,42624.402,2018565.968,1753983.07
600212.SH,20250124,7.03,1.5524,1.8152,0.86,284.4522,,8.7426,7.6141,6.5966,0.0,,70451.7213,51481.7213,44028.1328,495275.6007,361916.5007
000720.SZ,20250124,3.0,0.628,1.2012,1.07,,,1.539,2.588,3.6649,0.0,,125653.1571,125653.1571,65695.185,376959.4713,376959.4713
000969.SZ,20250124,11.98,2.8311,4.4225,0.79,50.4538,31.9343,2.2991,1.5374,1.5742,0.6678,0.6678,105071.8097,102600.0346,65678.8717,1258760.2802,1229148.4145
603585.SH,20250124,12.94,1.4978,4.9924,0.81,118.4995,,1.0052,1.2149,1.1209,0.3783,0.3783,18385.3393,18000.3393,5400.3393,237906.2905,232924.3905
600728.SH,20250124,4.55,1.8156,2.1553,1.47,24.6993,527.2819,1.304,1.5656,1.3281,0.405,0.405,214280.4185,214280.4185,180505.0481,974975.9042,974975.9042
688362.SH,20250124,29.72,9.0594,12.2192,1.43,,176.0114,4.8983,5.0769,3.6656,,,40841.24,27857.74,20653.878,1213801.6528,827932.0328
300791.SZ,20250124,24.97,0.6759,1.4947,0.92,20.9571,17.5451,2.6476,1.6443,1.4269,3.3715,3.3715,23587.288,19437.6376,8789.7016,588974.5814,485357.8109
002821.SZ,20250124,74.74,0.7467,1.1688,1.34,12.1135,35.7376,1.6543,3.5122,4.9232,2.3299,2.3299,36771.8103,32865.3041,20995.2698,2748325.1018,2456352.8284
601127.SH,20250124,132.8,1.4021,2.9573,0.72,,51.6446,15.4342,5.594,1.5939,0.2492,0.2492,150978.2193,150978.2193,71580.6827,20049907.523,20049907.523
000516.SZ,20250124,4.86,0.563,0.8147,0.95,,,3.0076,2.3789,2.2509,0.0,,226038.2715,222416.4344,153709.242,1098545.9995,1080943.8712
000902.SZ,20250124,12.65,0.451,0.966,0.82,13.155,11.9423,1.5475,1.0512,1.0187,2.3715,2.3715,125473.3168,114278.235,53360.0511,1587237.4575,1445619.6728
600746.SH,20250124,7.04,0.6865,2.7658,1.77,459.157,21.9716,1.5264,1.5252,1.2787,0.0,,116784.2884,116608.2347,28942.9346,822161.3903,820921.9723
603773.SH,20250124,24.97,2.872,3.9818,0.88,,,4.1945,3.072,2.5302,0.1846,0.1846,22312.5633,20364.7282,14688.9433,557144.7056,508507.2632
301072.SZ,20250124,19.4,1.7366,3.5396,1.17,87.6298,3434.6844,2.5408,2.8154,2.7709,0.3093,0.3093,10505.48,6713.9923,3293.9923,203806.312,130251.4506
600004.SH,20250124,9.37,0.7013,1.6384,1.56,50.183,26.5337,1.2264,3.4484,3.1129,0.7972,0.7972,236671.8283,236671.8283,101297.3731,2217615.0312,2217615.0312
300901.SZ,20250124,10.34,2.0135,4.9012,1.04,116.258,,2.5022,5.0593,6.5265,1.4322,1.4322,24000.0,24000.0,9859.6596,248160.0,248160.0
603316.SH,20250124,4.49,1.8457,3.5706,0.83,,,1.6215,2.6464,4.8661,0.0,,26426.4,26426.4,13659.9578,118654.536,118654.536
301571.SZ,20250124,40.7,4.2215,4.2215,1.01,57.594,46.108,4.113,10.4088,8.0685,,,17942.5908,3408.9997,3408.9997,730263.4456,138746.2878
600468.SH,20250124,4.72,1.0873,2.5841,0.72,43.2193,41.0169,2.4143,2.5226,2.6735,0.6992,0.6992,108773.5321,108773.5321,45769.6009,513411.0715,513411.0715
300217.SZ,20250124,4.44,1.6316,2.0901,1.1,10.197,19.4052,1.6154,1.5981,1.7687,1.5315,1.5315,147797.694,122695.1512,95781.677,656221.7614,544766.4713
600864.SH,20250124,6.55,2.2939,4.2982,0.97,65.8615,31.1874,1.057,7.8608,7.5553,0.0,,208057.052,208057.052,111035.5528,1362773.6906,1362773.6906
688056.SH,20250124,30.92,0.9194,2.3264,0.76,75.6691,57.9368,2.5874,5.0136,4.8828,2.9368,2.9368,6745.246,6745.246,2665.746,208563.0063,208563.0063
600626.SH,20250124,3.48,4.0855,5.9272,2.41,,,1.4605,0.3939,0.3822,0.0,,132074.4667,85229.1316,58746.4337,459619.1441,296597.378
002930.SZ,20250124,9.93,0.7231,1.5322,1.46,15.3302,20.0084,1.8326,2.9364,3.0818,3.5308,3.5308,45748.9586,43301.8231,20436.1536,454287.1589,429987.1034
688052.SH,20250124,138.31,1.4133,1.4133,0.36,,,3.2391,15.0375,11.7613,,,14252.8433,9334.0553,9334.0553,1971310.7568,1290993.1885
000407.SZ,20250124,3.24,1.0329,1.4868,1.1,18.5893,17.6928,0.9667,0.6097,0.6169,1.6975,1.6975,88008.4656,87576.6681,60841.3507,285147.4285,283748.4046
000668.SZ,20250124,5.55,12.7983,21.6582,2.73,,,0.7636,6.9533,7.0593,0.0,,14684.189,14684.189,8677.2104,81497.249,81497.249
603551.SH,20250124,10.61,0.4914,1.5531,0.59,13.7663,15.2666,3.1551,2.1331,2.2251,9.9637,9.9637,40133.7,39982.8,12649.8438,425818.557,424217.508
603617.SH,20250124,8.21,14.424,25.1912,0.83,87.5905,56.1555,2.1808,4.4638,2.9864,0.4858,0.4858,39068.1337,38008.1337,21762.7966,320749.3777,312046.7777
603601.SH,20250124,3.24,1.0562,1.8393,0.88,86.8061,282.0719,1.5785,1.9993,2.2269,2.7778,2.7778,102165.0646,102165.0646,58669.3406,331014.8093,331014.8093
600724.SH,20250124,5.07,1.43,6.2088,0.65,31.837,32.0287,2.584,2.3134,3.8912,2.9586,2.9586,144524.1071,144494.2664,33279.4209,732737.223,732585.9306
300993.SZ,20250124,10.97,2.9826,6.7802,1.13,20.4806,19.4894,2.5105,5.0982,4.59,2.5025,2.5025,30813.12,24126.57,10613.07,338019.9264,264668.4729
600232.SH,20250124,5.59,1.1682,2.3481,0.9,57.7016,34.2724,2.0435,1.4881,1.3682,4.4723,4.4723,36471.8544,36471.8544,18144.5093,203877.6661,203877.6661
603083.SH,20250124,42.78,9.4983,11.3891,0.98,120.6804,90.664,5.0971,3.7147,3.2573,0.381,0.381,26804.1841,26507.7209,22106.968,1146682.9958,1134000.3001
002749.SZ,20250124,13.7,0.5451,1.1937,0.86,21.2406,18.3707,3.4439,3.4495,3.2953,5.9498,6.106,46827.84,42267.7497,19301.4215,641541.408,579068.1709
001330.SZ,20250124,6.23,4.6483,6.3392,1.59,,,1.4707,5.3252,6.8689,0.0,,137451.8984,105517.8085,77372.7069,856325.327,657375.947
603035.SH,20250124,14.08,0.8609,1.2491,0.54,9.7995,9.7756,1.0188,1.1636,1.0174,3.0625,3.0625,38003.0933,38003.0933,26193.4051,535083.5537,535083.5537
600649.SH,20250124,4.16,0.7446,1.5658,0.52,25.3283,,0.5149,4.1122,5.0337,1.428,1.428,252957.5634,252957.5634,120290.4091,1052303.4637,1052303.4637
002571.SZ,20250124,4.15,4.9747,7.194,0.58,,,1.3568,1.2242,0.9527,0.0,,39195.07,29830.6188,20627.99,162659.5405,123797.068
600184.SH,20250124,10.72,6.1205,14.1856,3.42,78.8473,206.8437,2.1593,2.4785,3.1308,0.5317,0.5317,50876.0826,50876.0826,21950.926,545391.6055,545391.6055
300212.SZ,20250124,21.39,1.9213,2.963,1.33,,,5.1642,20.1295,31.1737,0.0,,71989.2422,69818.219,45271.2976,1539849.8907,1493411.7044
000078.SZ,20250124,2.34,1.0746,2.0016,1.58,,,2.028,0.1691,0.1904,0.0,,263112.3257,262644.1138,140999.601,615682.8421,614587.2263
603970.SH,20250124,13.9,0.5157,1.2796,0.68,16.6176,17.1291,2.5028,0.3572,0.3522,3.2374,3.2374,26880.0134,26880.0134,10832.6534,373632.1863,373632.1863
300882.SZ,20250124,15.23,0.8426,2.6873,0.89,17.4295,26.3299,3.7913,3.8941,4.4031,2.814,2.814,28620.1188,26632.7028,8350.9043,435884.4093,405616.0636
300128.SZ,20250124,5.08,2.029,2.7989,0.7,,,7.1978,3.7864,3.4297,0.0,,129911.5412,129911.5412,94177.5497,659950.6293,659950.6293
300491.SZ,20250124,18.05,5.7903,7.5259,0.72,30.7496,55.3014,2.7897,3.1272,2.757,0.6622,0.6622,17473.8099,15510.5092,11933.5444,315402.2687,279964.6911
002677.SZ,20250124,7.33,0.9287,2.2918,0.41,10.1996,22.8283,2.874,2.8313,4.4463,10.2319,10.2319,64605.1647,58437.0719,23680.9212,473555.8573,428343.737
688702.SH,20250124,86.04,1.8501,5.0263,1.3,,,15.2217,34.0041,36.4561,,,41000.0,20149.1783,7416.4125,3527640.0,1733635.3009
603717.SH,20250124,7.84,7.9599,11.6316,0.95,,,3.5088,3.3928,3.2418,0.0,,29014.624,29014.624,19855.5611,227474.6522,227474.6522
001202.SZ,20250124,13.89,3.1453,6.4325,1.16,28.7685,22.3407,2.4236,1.7992,1.8382,2.118,2.118,12880.0,9044.065,4422.2,178903.2,125622.0629
601179.SH,20250124,7.39,0.4837,1.3388,0.99,42.7935,32.904,1.756,1.817,1.6938,1.3667,1.7185,512588.2352,512588.2352,185186.1785,3788027.0581,3788027.0581
300453.SZ,20250124,7.47,0.9489,1.1001,1.07,18.8851,16.7382,3.0947,3.0016,2.6868,3.2965,3.2965,52239.7525,35642.8084,30746.2501,390230.9512,266251.7787
300991.SZ,20250124,20.86,11.4634,15.0706,0.8,265.6346,178.8845,4.7153,5.5473,4.699,0.1438,0.1438,14400.0,8989.2,6837.6,300384.0,187514.712
301008.SZ,20250124,19.48,1.4525,3.4308,1.4,25.38,30.0691,2.0562,2.4651,2.2175,2.1756,2.1756,11193.3003,9681.3003,4098.6603,218045.4898,188591.7298
002194.SZ,20250124,11.16,2.4451,3.2079,0.83,90.6181,184.8214,3.0004,4.8031,5.4762,1.0753,1.0753,68328.5806,50923.3648,38814.7245,762546.9595,568304.7512
002322.SZ,20250124,12.91,1.228,1.762,1.01,19.9044,16.3895,1.6849,4.4671,4.4609,9.1993,9.1993,37914.797,36501.9679,25440.2293,489480.0293,471240.4056
300056.SZ,20250124,13.06,5.5958,6.1481,2.0,,,17.3062,9.7733,11.0435,0.0,,38549.0443,38519.4493,35059.6088,503450.5186,503064.0079
300567.SZ,20250124,59.26,5.4028,6.0994,1.81,108.2505,66.3357,4.953,6.6884,5.9844,0.3366,0.3366,27419.263,20277.388,17961.3427,1624865.5254,1201638.0129
002231.SZ,20250124,5.43,6.7735,7.2165,1.89,,,6.2645,8.0083,3.4888,0.0,,34685.0017,29481.8767,27672.3017,188339.5592,160086.5905
688502.SH,20250124,260.42,6.8389,6.8389,0.73,294.2866,393.8795,11.8563,30.0204,29.0338,0.2496,0.2496,5280.0,1622.6277,1622.6277,1375017.6,422564.7056
600795.SH,20250124,4.18,0.765,1.7271,1.54,13.2926,8.1255,1.336,0.4119,0.4208,3.8278,3.8278,1783561.9082,1783561.9082,789997.4544,7455288.7763,7455288.7763
300965.SZ,20250124,33.42,1.0153,1.112,0.71,,,1.6374,,,0.0898,0.0898,6000.0,1642.875,1500.0,200520.0,54904.8825
300922.SZ,20250124,14.05,2.3227,2.6046,1.08,68.446,53.3853,2.4972,14.2529,10.1055,1.0571,1.0571,15681.12,11508.3614,10263.1049,220319.736,161692.4777
300614.SZ,20250124,8.93,1.4911,2.6105,0.99,,,1.0698,3.5516,3.2569,0.0,,16043.5191,16043.5191,9163.6787,143268.6256,143268.6256
001696.SZ,20250124,22.4,5.0078,6.5991,0.97,70.8553,67.5273,5.2193,3.2071,2.6854,1.1161,1.1161,114502.692,89133.9725,67639.8225,2564860.3008,1996600.984
000712.SZ,20250124,13.23,2.5756,5.1608,0.66,,,4.9588,61.7449,22.5397,0.0,,89600.0,89515.1975,44674.1471,1185408.0,1184286.0629
000679.SZ,20250124,5.99,4.9404,6.8672,0.54,,,7.3413,13.0702,13.0361,0.0,,35640.0,35640.0,25640.0,213483.6,213483.6
603290.SH,20250124,85.93,0.9068,1.9706,0.71,22.5997,30.457,3.1182,5.6177,5.9493,1.3275,1.3275,23946.9014,23946.9014,11020.2023,2057757.2373,2057757.2373
603207.SH,20250124,26.92,6.795,6.795,0.95,21.1524,21.8897,3.6182,9.1279,9.124,,,16000.0,3919.7752,3919.7752,430720.0,105520.3484
603039.SH,20250124,53.64,1.8601,3.8566,3.12,78.2323,55.1369,6.8749,5.841,5.8708,0.4154,0.4154,26060.3073,26060.3073,12569.0389,1397874.8836,1397874.8836
601929.SH,20250124,1.72,2.9625,4.3183,1.02,,,1.0796,3.7526,3.2875,0.0,,348978.8168,348978.8168,239409.0804,600243.5649,600243.5649
002101.SZ,20250124,11.75,0.7379,1.4127,1.14,18.4723,20.4931,1.0215,1.0256,0.9786,2.7234,2.7234,66464.9239,62295.8866,32539.8311,780962.8558,731976.6676
688633.SH,20250124,26.37,0.8522,2.5464,0.6,25.8902,29.0425,2.4797,4.9612,5.7411,1.2232,1.2232,14500.8785,14376.3205,4811.5205,382388.166,379103.5716
300269.SZ,20250124,3.99,2.5477,3.0299,0.9,259.0292,,27.9815,2.2342,3.0582,0.0,,54911.3825,52566.5653,44201.6273,219096.4162,209740.5955
301588.SZ,20250124,20.38,4.3777,4.3777,0.6,31.9102,40.8902,2.6733,3.0544,2.8904,0.9323,0.9323,11886.7754,2377.3552,2377.3552,242252.4827,48450.499
601828.SH,20250124,2.92,0.6118,2.13,0.96,,,0.2668,1.1043,1.4216,0.0,,435473.2673,361344.7039,103781.4639,1271581.9405,1055126.5354
001228.SZ,20250124,20.84,1.433,1.433,1.05,14.4339,21.9441,1.2745,0.9843,0.6019,4.5333,4.5333,10386.4609,5486.4609,5486.4609,216453.8452,114337.8452
600507.SH,20250124,4.12,0.8119,1.4517,0.72,13.8356,32.742,1.0197,0.3595,0.3711,2.4459,2.4459,231318.789,231318.789,129369.0524,953033.4107,953033.4107
601187.SH,20250124,5.45,0.9449,1.0276,1.05,5.3994,5.675,0.5822,2.5672,2.6291,8.4404,8.4404,263912.7888,128404.6023,118069.1613,1438324.699,699805.0825
301172.SZ,20250124,26.54,3.7763,5.7583,1.78,51.5718,65.2428,2.2686,7.8775,8.2227,1.1304,1.1304,12320.0,7025.32,4607.2682,326972.8,186451.9928
600469.SH,20250124,6.01,0.4554,1.1111,0.84,12.5668,12.7781,1.3297,0.7639,0.6885,4.8253,4.8253,72945.0871,72945.0871,29896.8215,438399.9735,438399.9735
603708.SH,20250124,10.09,0.6238,2.1071,0.85,47.2226,55.4508,2.7309,0.3626,0.3576,2.9372,2.9372,63833.8597,63833.8597,18898.2508,644083.6444,644083.6444
600552.SH,20250124,11.28,1.4899,2.1068,1.06,99.4034,86.655,2.5729,2.1268,2.5164,0.4433,0.4433,94460.6894,94460.6894,66803.3558,1065516.5764,1065516.5764
603139.SH,20250124,13.99,0.9614,2.0634,0.93,,,1.5339,2.0764,2.3086,0.0,,9988.0,9988.0,4653.5763,139732.12,139732.12
600343.SH,20250124,10.23,0.6893,1.2261,0.86,,,4.1683,7.2515,6.8745,0.0,,63820.6348,63820.6348,35876.5744,652885.094,652885.094
920436.BJ,20250124,16.38,1.9756,5.9614,0.59,296.5041,,3.6352,1.8997,1.9047,,,9447.6,8886.8151,2945.0714,154751.688,145566.0313
001296.SZ,20250124,18.29,6.3345,9.2289,1.13,20.1464,20.0395,1.6074,2.7154,2.5674,1.5618,2.6306,14959.1086,7685.1339,5274.9285,273602.0963,140561.099
301052.SZ,20250124,26.55,8.5662,9.9335,1.26,48.9837,75.0071,3.7748,5.4953,5.0064,0.2742,0.2742,9895.9339,8019.592,6915.7644,262737.045,212920.1676
002294.SZ,20250124,29.86,0.4264,1.0246,1.1,57.3873,54.5171,3.8678,9.8915,8.5134,1.6392,1.6392,111481.6535,111456.5736,46382.0404,3328842.1735,3328093.2877
000014.SZ,20250124,10.06,1.2951,1.9627,0.59,4.6668,33.1127,1.4722,1.7528,5.0011,2.1471,2.1471,24204.6224,24204.6224,15971.0154,243498.5013,243498.5013
002055.SZ,20250124,5.93,7.0351,8.1842,0.79,,,1.4369,0.5987,0.743,0.0,,60449.0017,59135.6754,50832.6834,358462.5801,350674.5551
603586.SH,20250124,14.92,2.0804,5.1585,1.26,21.9589,28.9127,1.302,1.824,1.8374,3.0161,3.0161,19605.278,19605.278,7906.7263,292510.7478,292510.7478
002054.SZ,20250124,5.96,1.1192,1.407,0.91,94.7337,61.3624,1.1703,0.9337,0.9567,1.1577,1.1577,48211.5452,38283.8379,30454.4859,287340.8094,228171.6739
600136.SH,20250124,1.98,0.1494,0.268,0.75,1.4156,0.8487,11.705,10.1053,22.6725,0.0,,204082.5931,194308.9494,108317.6793,404083.5343,384731.7198
002987.SZ,20250124,14.29,1.8128,4.5024,1.46,25.4604,27.2845,3.2473,2.0864,1.9428,0.8476,0.8476,61936.5813,60208.7451,24242.0457,885073.7468,860382.9675
603602.SH,20250124,15.41,2.7644,3.992,0.96,107.5304,123.1123,3.4981,2.6003,1.9409,0.3377,0.3377,22924.8293,22924.8293,15875.3162,353271.6195,353271.6195
001359.SZ,20250124,27.1,5.2836,5.2836,0.83,30.3227,24.4465,2.8144,5.4238,4.8963,0.9963,0.9963,18550.3165,4638.0,4638.0,502713.5772,125689.8
688148.SH,20250124,4.77,0.9781,1.3092,1.11,,,3.4467,1.1575,1.5044,,,51017.3053,51017.3053,38113.5152,243352.5463,243352.5463
001207.SZ,20250124,20.82,1.808,3.5618,1.16,24.9954,16.5384,2.3322,2.1981,1.9699,2.847,2.847,20235.5964,20093.4034,10199.443,421305.117,418344.6588
002106.SZ,20250124,10.81,2.0984,2.9256,1.06,20.2897,19.9669,1.4274,1.3659,1.3214,2.3127,2.3127,70581.616,70405.082,50497.7309,762987.269,761078.9364
300895.SZ,20250124,30.92,3.4,6.9301,1.68,,,4.8167,15.665,18.5425,0.0,,14080.0657,13817.2254,6778.895,435355.6314,427228.6094
600998.SH,20250124,4.92,0.4586,1.0221,1.1,11.4114,12.1223,1.0062,0.1652,0.1663,3.939,3.939,504247.0234,504247.0234,226246.9786,2480895.3551,2480895.3551
600158.SH,20250124,7.78,2.117,2.9336,1.38,103.7549,55.5918,2.8728,1.9586,1.7071,0.2956,0.2956,95951.3067,95951.3067,69239.4885,746501.1661,746501.1661
300155.SZ,20250124,4.53,4.2545,5.9966,0.74,,,1.9733,7.0433,10.2226,0.0,,56122.7744,33034.7087,23437.6163,254236.168,149647.2304
002226.SZ,20250124,5.67,0.7427,1.8921,0.75,19.4279,18.2541,1.6155,1.6886,1.6469,1.2346,1.2346,264892.2855,264888.1652,103980.131,1501939.2588,1501915.8967
301005.SZ,20250124,28.37,4.9304,9.5811,1.93,162.2628,132.1242,4.9898,7.7609,6.3276,0.2698,0.2698,13486.1949,13237.1786,6811.76,382603.3493,375538.7569
002566.SZ,20250124,6.65,1.0153,1.18,1.03,23.232,30.5128,0.9916,2.5781,3.1082,2.2556,2.2556,33095.16,23179.0468,19945.3335,220082.814,154140.6612
301111.SZ,20250124,15.38,1.4583,4.4752,1.23,73.453,143.8203,3.1798,8.416,7.8096,0.6502,0.6502,16000.0,16000.0,5213.848,246080.0,246080.0
000906.SZ,20250124,5.95,2.142,3.8518,2.62,6.1735,8.0676,0.8908,0.0208,0.0212,5.8071,5.8071,70856.1679,70202.0764,39039.735,421594.199,417702.3546
600979.SH,20250124,4.49,3.6331,5.3761,0.84,24.9892,17.8998,1.2364,2.0032,1.8015,1.2027,1.2027,126165.6994,123225.979,83273.4183,566483.9903,553284.6457
002787.SZ,20250124,8.26,4.5098,5.6193,0.47,334.594,64.812,1.6487,1.1702,1.1283,0.0,,34152.6599,25721.1114,20642.7388,282100.9708,212456.3802
000768.SZ,20250124,25.52,0.4989,1.1067,0.87,82.4535,70.9176,3.5007,1.7615,1.7438,0.3918,0.3918,278174.0071,276864.5071,124821.5353,7099000.6612,7065582.2212
688586.SH,20250124,9.2,0.4952,1.3075,0.89,37.7256,50.8236,2.8959,5.9965,6.6492,1.413,1.413,79133.9156,79133.9156,29969.6828,728032.0235,728032.0235
600436.SH,20250124,201.01,0.5122,1.0519,1.9,43.3527,40.775,8.4916,12.0568,11.2614,1.7263,1.7263,60331.721,60331.721,29379.4567,12127279.2382,12127279.2382
601788.SH,20250124,17.39,0.7825,1.7066,1.09,18.7728,42.1196,1.3939,7.993,9.2345,2.1323,2.1323,461078.7639,390669.8839,179122.5656,8018159.7042,6793749.281
300509.SZ,20250124,8.3,3.0385,6.1896,0.89,105.6623,87.5088,4.3633,2.6492,2.4585,1.4458,1.4458,29640.0,24710.3523,12130.5843,246012.0,205095.9241
600707.SH,20250124,8.82,1.2139,3.3598,0.71,47.8758,19.9774,1.4717,2.7604,2.6681,0.0,,358838.9732,358766.9732,129621.5326,3164959.7436,3164324.7036
920087.BJ,20250124,11.21,3.454,7.6721,1.05,23.3177,26.228,3.5635,3.4664,3.9516,1.7841,1.7841,16520.0,16108.6325,7252.1325,185189.2,180577.7703
300836.SZ,20250124,45.73,2.1746,2.6606,0.85,,7800.0328,5.6189,5.1476,4.9922,0.3416,0.3416,6403.2436,4271.0979,3490.9791,292820.3298,195317.307
300348.SZ,20250124,12.95,4.5285,4.7198,1.15,327.2582,305.0405,5.2011,5.4854,5.9235,0.0696,0.0696,81236.7287,63481.2759,60908.7154,1052015.6367,822082.5229
002210.SZ,20250124,2.06,2.1261,3.0329,0.82,334.5665,146.5983,17.3271,15.4151,19.0914,0.0,,266123.2774,266122.3174,186555.0317,548213.9514,548211.9738
300381.SZ,20250124,7.04,0.7965,1.1237,0.8,,175.8822,1.3153,4.3429,4.3048,0.8317,0.8317,49106.1461,48934.0774,34688.2396,345707.2685,344495.9049
002748.SZ,20250124,7.79,0.7442,1.6879,0.75,102.2137,52.9227,1.4183,0.8942,0.9406,1.2837,1.2837,24000.0,24000.0,10581.5,186960.0,186960.0
300918.SZ,20250124,10.42,2.3198,6.9064,0.77,18.8144,18.3973,1.8975,2.3826,2.3251,1.5998,1.5998,36590.1464,36590.1464,12290.1464,381269.3255,381269.3255
002395.SZ,20250124,17.38,5.4084,15.2429,3.27,84.4212,51.4103,4.7998,3.0855,2.316,0.5754,0.5754,26820.9,26820.9,9516.3715,466147.242,466147.242
300843.SZ,20250124,35.51,15.7474,37.0555,0.97,75.9701,62.8342,3.9597,4.683,4.763,0.2573,0.2573,16370.4863,15569.5838,6616.5838,581315.9685,552875.9207
300684.SZ,20250124,27.3,10.1367,11.8585,0.71,110.8594,53.9779,4.2013,6.5001,5.8439,0.8776,0.8776,29950.9223,20067.093,17153.4776,817660.1788,547831.6389
603667.SH,20250124,48.29,25.8256,43.4259,0.99,128.0272,155.6644,6.0256,5.6955,5.7777,0.375,0.375,36634.05,36620.277,21778.2997,1769058.2745,1768393.1763
688779.SH,20250124,4.93,0.8174,1.6362,1.25,,,1.3474,0.8865,1.5499,,,192921.8895,192921.8895,96377.328,951104.9152,951104.9152
300267.SZ,20250124,2.49,1.7762,2.348,0.96,,,1.0868,2.8803,4.3085,0.0,,206260.487,142239.6841,107605.211,513588.6126,354176.8134
300553.SZ,20250124,30.55,3.5897,4.7133,0.39,75.708,200.0267,3.4943,9.7218,10.5449,0.2291,0.2291,8112.0,5299.3967,4036.0851,247821.6,161896.5692
601933.SH,20250124,5.87,4.0023,9.0924,0.82,,,9.1927,0.6774,0.7492,0.0,,907503.6993,907503.6993,399461.0686,5327046.7149,5327046.7149
920942.BJ,20250124,13.57,0.5825,0.7794,0.64,18.9463,18.0628,1.7304,4.7805,4.1583,1.0995,1.0995,6132.71,4125.2514,3083.1014,83220.8747,55979.6615
601658.SH,20250124,5.36,0.2135,1.3842,0.87,6.1609,6.1493,0.6511,1.5518,1.5508,4.8694,7.625,9916107.6038,6712239.52,1035295.1325,53150336.7564,35977603.8272
002819.SZ,20250124,25.45,2.6788,5.4867,1.83,,,1.8728,2.535,2.7142,0.0939,0.0939,29949.5389,23525.702,11486.075,762215.765,598729.1159
688718.SH,20250124,10.09,0.504,1.5005,1.11,38.1623,46.4705,2.2978,4.5631,4.6314,1.1352,1.1352,17375.4389,17375.4389,5835.7859,175318.1785,175318.1785
603306.SH,20250124,39.2,4.0782,5.1755,0.64,53.2996,44.5469,3.7169,6.2759,6.0346,0.4872,0.4872,32905.993,32905.993,25929.717,1289914.9256,1289914.9256
002424.SZ,20250124,3.83,0.7597,0.9304,0.55,,,1.5378,1.2557,1.2658,0.0,,139759.84,121321.4512,99053.1441,535280.1872,464661.1581
603328.SH,20250124,10.37,3.4255,8.351,0.83,29.1657,23.2319,2.5613,3.2587,2.9528,1.8708,1.8708,99844.2611,99844.2611,40955.5563,1035384.9876,1035384.9876
603989.SH,20250124,16.02,2.5456,7.3658,0.66,18.3082,28.4329,1.7452,1.9018,1.7049,1.6445,1.6445,40113.0603,40113.0603,13863.2102,642611.226,642611.226
603194.SH,20250124,34.53,9.1347,9.1347,0.69,17.1847,16.6351,2.9864,2.3385,2.2084,,,40100.0,4982.8436,4982.8436,1384653.0,172057.5895
600884.SH,20250124,7.26,0.6919,1.1021,1.14,21.3757,,0.7438,0.8579,0.9272,2.6737,2.6737,225339.6168,175723.6492,110320.8523,1635965.618,1275753.6932
688325.SH,20250124,50.98,2.7035,3.205,0.67,72.4505,42.9943,2.5604,17.3704,11.4154,0.3804,0.3804,8494.774,3830.4117,3231.0886,433063.5785,195274.3885
002237.SZ,20250124,10.79,1.0593,1.8056,0.82,24.0198,21.7331,1.3576,0.1889,0.1696,1.2511,1.2511,114807.2979,91045.8579,53415.2613,1238770.7443,982384.8067
300113.SZ,20250124,16.64,10.2844,11.4791,2.98,68.1573,51.4796,5.3676,8.0623,6.7137,0.47,0.47,69428.724,52892.1135,47387.3274,1155293.9674,880124.7686
601808.SH,20250124,15.07,0.2801,1.5088,0.92,23.8639,22.58,1.6645,1.6302,1.4899,1.3935,1.3935,477159.2,296046.8,54962.07,7190789.144,4461425.276
603488.SH,20250124,7.88,1.0092,1.6536,1.02,28.1772,198.0324,2.4045,4.571,6.0401,2.5381,2.5381,29199.044,29199.044,17820.1709,230088.4667,230088.4667
603006.SH,20250124,10.97,1.2513,4.5231,1.67,26.4401,52.6773,1.9597,2.452,3.155,2.5524,2.5524,25425.425,25425.425,7033.9398,278916.9123,278916.9123
600797.SH,20250124,6.66,8.0261,9.186,3.18,58.1173,108.3585,2.087,1.9012,1.9853,0.6006,0.6006,102752.7102,102752.7102,89777.8302,684333.0499,684333.0499
300041.SZ,20250124,8.75,1.658,1.9282,0.83,16.3851,29.4758,1.7498,1.2546,1.2739,1.1026,1.1026,55942.4145,54442.4346,46811.7977,489496.1269,476371.3028
300678.SZ,20250124,35.1,4.98,7.2899,1.61,270.4553,462.9335,12.1607,17.5907,16.9558,0.1425,0.1425,29638.6293,28554.8932,19507.1281,1040315.8884,1002276.7513
688180.SH,20250124,26.34,0.4771,0.8076,0.96,,,4.2062,17.2793,14.5265,,,98568.9871,76454.8971,45166.7685,2596307.1202,2013821.9896
600773.SH,20250124,10.33,0.7483,1.2716,0.79,158.5655,,2.1036,4.1039,8.2982,0.0968,0.0968,95158.6865,95158.6865,55996.916,982989.2315,982989.2315
920790.BJ,20250124,36.92,11.0964,25.9225,1.18,266.5974,155.2318,8.8315,13.6601,13.5493,0.5417,0.5417,7896.702,5434.8958,2326.4558,291546.2378,200656.3529
605398.SH,20250124,25.38,1.5129,5.2618,0.26,69.334,80.6574,3.9754,6.4881,7.2275,0.3349,0.3349,16271.6379,16271.6379,4678.4805,412974.1699,412974.1699
603855.SH,20250124,20.43,0.6385,1.1032,0.79,14.9555,14.3347,3.5406,2.157,1.9157,4.8952,4.8952,33752.9,33355.4,19305.1,689571.747,681450.822
002824.SZ,20250124,15.03,1.5072,2.4053,0.92,29.587,45.3247,2.4993,1.4441,1.3149,1.2679,1.2679,27911.4081,18915.5003,11852.8034,419508.4637,284299.9695
603278.SH,20250124,9.37,16.7677,34.0136,1.73,33.4085,,1.4796,0.5764,0.6131,0.3708,0.3708,34175.9392,34175.9392,16847.6952,320228.5503,320228.5503
300246.SZ,20250124,6.47,2.156,2.4345,1.14,,,1.3997,1.4337,1.6306,0.0,,26457.5527,21129.6322,18712.2746,171180.366,136708.7203
300314.SZ,20250124,10.75,1.142,2.2483,0.8,20.9741,35.1325,2.6343,5.0073,5.5063,1.6744,1.6744,28800.0,18935.6448,9617.9398,309600.0,203558.1816
688569.SH,20250124,20.25,0.2815,1.126,1.42,14.6785,33.0653,1.539,2.6056,3.4651,2.2222,2.2222,21066.67,21066.67,5266.67,426600.0675,426600.0675
603325.SH,20250124,77.38,1.3076,1.3076,0.69,17.9454,18.4519,2.2458,4.2178,4.9396,1.68,2.4554,6667.0,2799.6,2799.6,515892.46,216633.048
600805.SH,20250124,4.26,1.1953,1.8116,1.65,94.5338,,0.8237,1.1591,1.102,0.0,,85089.4494,85027.5368,56101.0919,362481.0544,362217.3068
688246.SH,20250124,24.71,2.7152,3.6935,1.23,79.9987,,1.9019,4.8905,5.369,,,13758.5598,10095.2037,7421.2531,339974.0127,249452.4834
603766.SH,20250124,10.09,1.5023,3.009,0.94,35.515,29.969,2.317,1.5858,1.3015,0.9911,0.9911,205354.185,205354.185,102530.5795,2072023.7267,2072023.7267
603408.SH,20250124,13.05,0.5483,2.099,0.54,13.7485,10.9948,1.8275,1.3478,1.1634,5.1057,5.1057,44757.3,44757.3,11691.1633,584082.765,584082.765
000004.SZ,20250124,10.53,6.8439,9.2544,0.73,,,8.7261,12.6668,13.2264,0.0,,13238.0282,12628.8093,9339.3905,139396.4369,132981.3619
601628.SH,20250124,40.87,0.0706,0.9803,1.07,54.7219,10.5569,2.059,1.3787,2.0788,1.5415,1.5415,2826470.5,2082353.0,150000.0,115517849.335,85105767.11
301042.SZ,20250124,35.74,3.1544,4.4952,1.49,26.9433,24.3295,2.3911,3.6227,3.2823,5.9711,5.9711,6973.8577,4277.4827,3001.6665,249245.6742,152877.2317
002350.SZ,20250124,6.07,2.5028,4.0794,0.96,,,1.9378,1.6856,1.7136,0.0,,54233.1351,52909.0109,32460.9885,329195.1301,321157.6962
600505.SH,20250124,9.95,1.5224,3.448,0.67,,,2.9838,2.5825,2.5475,0.1206,0.1206,36456.75,36456.75,16096.8977,362744.6625,362744.6625
688172.SH,20250124,20.02,1.1821,3.4212,1.22,53.2442,,1.6364,11.3225,15.1338,0.1992,0.1992,120289.4111,58525.1811,20222.0264,2408194.0102,1171674.1256
688449.SH,20250124,43.37,10.4147,10.4147,0.92,381.9709,157.852,12.0851,19.2991,17.0069,,,46000.0,6509.7497,6509.7497,1995020.0,282327.8445
300750.SZ,20250124,260.62,0.575,0.9059,1.11,26.0109,23.4321,4.9523,2.8625,3.1417,1.9222,2.3925,440346.6458,390255.6333,247712.5448,114763142.8284,101708423.1506
300315.SZ,20250124,5.56,3.5456,3.6054,1.26,81.2235,73.1894,3.1074,15.4649,16.3668,0.0,,273075.2548,259423.6957,255126.4267,1518298.4167,1442395.7481
000938.SZ,20250124,26.82,3.0822,5.0529,0.89,36.4749,35.7809,5.6773,0.9922,0.9478,0.522,0.522,286007.9874,286007.9874,174460.0354,7670734.2221,7670734.2221
001231.SZ,20250124,16.85,5.4663,6.171,0.5,32.212,31.8934,1.7892,2.7819,2.6582,0.7605,0.7605,10000.0,3683.65,3263.0,168500.0,62069.5025
600887.SH,20250124,27.59,0.5599,0.6119,0.9,16.8418,14.7383,3.1237,1.3966,1.496,4.3495,4.3495,636590.0705,633446.9759,579593.3933,17563520.0451,17476802.0651
002354.SZ,20250124,5.84,13.9113,13.9113,1.05,,,6.9272,5.4859,6.0207,0.0,,165458.582,161837.0982,161837.0982,966278.1189,945128.6535
300637.SZ,20250124,9.05,1.6631,2.6799,0.74,,,3.1299,3.0731,3.2133,0.0,,23475.013,23430.9235,14540.4635,212448.8677,212049.8577
001311.SZ,20250124,26.31,2.6772,2.6772,1.09,12.6553,13.9218,1.4036,1.6062,1.7198,2.3975,2.3975,23885.3334,6062.5447,6062.5284,628423.1218,159505.5511
300762.SZ,20250124,21.65,3.6774,4.4716,1.03,,,5.653,43.4707,49.7938,0.0,,62796.5772,62796.5772,51644.1879,1359545.8964,1359545.8964
000625.SZ,20250124,12.6,0.7872,1.5617,1.04,11.0278,24.8597,1.7199,0.8256,0.8109,2.7233,2.7233,991408.606,821939.5254,414294.1794,12491748.4356,10356438.02
301136.SZ,20250124,11.08,1.0626,2.8147,1.19,132.9136,,2.0937,4.4436,4.9344,0.1805,0.1805,27520.482,27520.482,10388.982,304926.9406,304926.9406
002681.SZ,20250124,7.11,8.6303,9.3899,0.64,287.481,384.5043,5.1954,4.4404,4.3582,0.0,,180540.5876,154343.4424,141857.8137,1283643.5778,1097381.8755
301234.SZ,20250124,25.68,3.5194,3.5194,0.95,28.976,43.0593,2.3072,3.2721,3.7828,1.5576,1.5576,6800.0,1841.21,1841.21,174624.0,47282.2728
300142.SZ,20250124,11.34,1.0029,1.0029,0.99,43.2452,148.2084,1.8913,4.4088,5.856,0.0882,0.0882,159934.8541,155920.8673,155920.8673,1813661.2455,1768142.6352
920508.BJ,20250124,26.51,3.8716,6.6151,0.61,497.588,,6.9085,17.096,16.7768,0.7544,0.7544,5000.0,2603.75,1523.9,132550.0,69025.4125
002332.SZ,20250124,9.79,1.6582,2.1168,0.82,17.1987,15.5781,1.6103,2.3486,2.3489,3.0644,3.0644,98920.4866,98419.3551,77097.1743,968431.5638,963525.4864
002762.SZ,20250124,4.88,7.4014,9.5251,0.94,,,2.1426,8.4616,8.9643,1.0246,1.0246,35402.5,21137.8434,16424.9434,172764.2,103152.6758
603232.SH,20250124,13.3,6.2316,8.7477,0.52,84.9294,86.396,2.3375,5.5928,5.5795,0.442,0.442,23605.0695,23130.0695,16477.2286,313947.4244,307629.9244
300025.SZ,20250124,8.59,4.7968,5.4856,1.25,,,6.8539,6.1954,6.343,0.0,,50879.2922,43177.3519,37755.8379,437053.12,370893.4528
300605.SZ,20250124,11.75,3.4263,4.2422,1.29,114.5022,,3.6625,3.9902,7.1734,0.3404,0.3404,16449.0917,11364.4808,9178.6656,193276.8275,133532.6494
300033.SZ,20250124,303.0,5.9364,8.3961,0.86,116.1472,126.9812,24.0189,45.7017,46.19,0.7261,0.7261,53760.0,27550.5581,19479.3199,16289280.0,8347819.1043
301223.SZ,20250124,15.93,0.7445,1.584,1.24,15.083,19.4845,1.0616,1.1867,1.1473,1.8832,1.8832,19312.756,11201.506,5264.48,307652.2031,178439.9906
000655.SZ,20250124,6.29,1.5052,3.6193,0.61,15.9179,17.9726,1.1349,2.5753,2.5312,3.0207,3.0207,59534.023,59534.023,24760.0085,374469.0047,374469.0047
605009.SH,20250124,39.04,0.453,1.3554,0.73,13.8162,14.3292,1.9783,2.198,2.2251,4.32,4.32,15521.9949,15489.9949,5176.8536,605978.6809,604729.4009
688458.SH,20250124,33.65,2.0542,2.2847,0.95,124.4699,,1.9227,7.9466,8.3961,0.21,0.21,11153.6629,8394.8541,7547.7812,375320.7566,282486.8405
600674.SH,20250124,15.49,0.3492,1.0324,0.98,17.1603,15.161,1.7949,50.9375,48.7612,2.5823,2.5823,487460.6828,487460.6828,164901.6785,7550765.9766,7550765.9766
603198.SH,20250124,55.26,0.4752,1.7107,0.55,19.3233,16.7511,4.7736,6.5785,5.9502,2.3525,2.3525,80000.0,80000.0,22223.415,4420800.0,4420800.0
002603.SZ,20250124,13.74,2.8709,5.2485,1.82,16.9742,154.6119,1.9955,2.2247,2.8308,2.1834,2.1834,167070.5376,137630.9487,75282.7492,2295549.1866,1891049.2351
002351.SZ,20250124,16.52,5.4905,7.0286,1.16,35.0047,30.5744,5.5698,5.4529,4.9336,1.2086,1.2086,88910.7,52102.805,40701.0508,1468804.764,860738.3386
300816.SZ,20250124,24.17,2.8828,3.6865,0.85,180.8889,41.8339,2.3176,1.8476,1.9133,0.0,0.2606,8000.0,4836.6203,3782.2079,193360.0,116901.1127
001266.SZ,20250124,22.43,6.0429,6.0429,1.01,,,2.4175,5.7809,4.3069,0.8905,0.8905,10316.976,3527.16,3527.16,231409.7717,79114.1988
002190.SZ,20250124,17.04,2.2376,4.5743,0.52,451.8479,,2.1923,2.938,2.725,0.0704,0.0704,35872.9343,35872.9343,17547.96,611274.8005,611274.8005
002728.SZ,20250124,8.01,2.2751,2.7407,0.87,16.1604,57.8674,2.3487,3.8337,5.2622,4.4574,4.4574,51078.8782,37465.9432,31102.1105,409141.8144,300102.205
300963.SZ,20250124,8.95,1.9097,2.7943,1.13,35.5278,37.6306,2.8585,2.7012,2.6756,0.6145,1.2291,32760.0,20053.1993,13704.4393,293202.0,179476.1337
002444.SZ,20250124,31.83,1.0157,1.7372,0.8,22.4757,17.9265,2.3757,3.4785,2.8366,1.885,1.885,119447.8182,114297.5522,66824.4103,3802024.0533,3638091.0865
603648.SH,20250124,9.48,1.1777,2.3321,1.05,22.4376,23.6305,1.8782,2.1052,2.0306,3.692,3.692,36241.28,36241.28,18301.9174,343567.3344,343567.3344
601825.SH,20250124,8.21,0.1687,0.2852,0.89,6.5213,6.4762,0.6622,2.9977,2.9899,7.5274,7.5274,964444.4445,931658.3609,550960.0587,7918088.8893,7648915.143
301232.SZ,20250124,24.58,3.0305,3.8581,1.67,32.8419,,1.2692,1.1241,1.1287,0.5812,0.5812,7516.2347,4466.7265,3508.5944,184749.0489,109792.1374
000753.SZ,20250124,4.11,2.7321,4.3899,0.54,51.9457,50.6993,1.5011,1.1167,1.1692,0.7299,0.7299,99148.1071,99148.1071,61705.3723,407498.7202,407498.7202
603569.SH,20250124,7.05,0.8591,2.9685,1.25,60.4422,101.9175,1.4876,1.1247,1.1095,0.9928,0.9928,60350.7251,60350.7251,17464.8246,425472.612,425472.612
002291.SZ,20250124,6.33,11.9299,14.2232,0.53,,,1.4484,1.233,1.1048,0.0,,93059.3412,87765.8201,73614.4338,589065.6298,555557.6412
300721.SZ,20250124,12.81,2.3598,3.4793,0.76,,74.6347,1.7264,1.164,1.1857,0.7806,0.7806,16484.6739,13716.0879,9302.8048,211168.6727,175703.086
002167.SZ,20250124,7.39,5.0918,6.7011,1.34,,,3.8668,3.9596,3.5316,0.0,,77467.33,75872.1963,57651.1145,572483.5687,560695.5307
920641.BJ,20250124,12.31,3.3882,5.403,0.79,43.2031,,2.6575,1.7391,1.7207,1.6247,1.6247,7731.5,4465.7345,2800.4845,95174.765,54973.1917
001368.SZ,20250124,19.91,3.2162,3.2162,0.85,22.4822,21.8517,1.6911,2.8447,2.4288,7.2632,7.2632,11417.46,3169.5475,3169.5475,227321.6286,63105.6907
300169.SZ,20250124,7.26,4.6144,5.1096,1.05,,,26.7784,4.1214,4.0357,0.0,,32598.434,30173.5782,27249.0315,236664.6308,219060.1777
603721.SH,20250124,27.03,8.0433,16.21,1.54,,,6.84,15.1458,12.1366,0.0,,13000.0,13000.0,6450.5215,351390.0,351390.0
600590.SH,20250124,4.78,2.2157,3.7908,0.69,72.4821,,1.2449,0.9519,0.9299,0.0,,85286.975,84356.9523,49306.2306,407671.7405,403226.232
601083.SH,20250124,9.4,1.648,1.648,0.9,16.3825,15.9362,1.5015,2.31,2.1823,4.2234,4.2234,129412.0,19412.0,19412.0,1216472.8,182472.8
920370.BJ,20250124,3.31,0.9211,1.8102,0.9,,,1.5206,1.7401,2.0033,,,30628.0,26755.9069,13614.1773,101378.68,88562.0518
688766.SH,20250124,123.12,6.2699,10.8142,1.08,,46.7628,6.0824,11.5369,7.5317,0.1539,0.1539,10560.9735,10560.9735,6123.0869,1300267.0573,1300267.0573
000099.SZ,20250124,23.85,3.2416,5.282,0.81,77.3748,77.2108,3.5354,9.3933,8.9884,0.3426,0.3426,77577.0137,77577.0137,47609.5662,1850211.7767,1850211.7767
300014.SZ,20250124,42.65,1.075,1.6461,0.94,21.5423,22.8736,2.3825,1.7885,1.8445,1.1695,1.1695,204572.1497,186143.4646,121556.2471,8725002.1847,7939018.7652
301335.SZ,20250124,22.86,5.0495,5.0495,0.5,37.5207,36.4459,1.5395,1.4141,1.1327,1.9369,1.9369,12600.0,4987.5004,4987.5004,288036.0,114014.2591
688652.SH,20250124,56.43,2.1012,2.9295,0.67,79.5753,71.7424,4.6219,12.7717,10.4123,0.1329,0.1329,16800.0,10221.0,7331.0,948024.0,576771.03
688671.SH,20250124,17.94,0.7511,1.1656,0.67,60.27,,1.2486,4.0242,4.8651,0.5017,0.5017,7851.89,4394.5622,2831.6722,140862.9066,78838.4459
603186.SH,20250124,24.39,1.7594,2.9769,0.55,,,2.316,1.0304,0.9391,0.0,,14201.2027,14201.2027,8393.1778,346367.3339,346367.3339
688767.SH,20250124,35.5,0.8583,2.046,1.05,35.5203,36.3091,1.6304,8.565,7.301,2.2089,3.6141,10666.6667,10666.6667,4474.6667,378666.6679,378666.6679
688522.SH,20250124,49.01,12.1017,12.1017,3.21,167.6456,189.2574,4.8625,49.9419,45.1224,0.2186,0.2186,21653.352,8474.4202,8474.4202,1061230.7815,415331.334
300660.SZ,20250124,47.0,8.5258,25.1983,1.35,47.3343,49.058,4.5249,4.8789,4.5406,1.6082,1.6082,31938.3249,31914.1779,10798.1304,1501101.2703,1499966.3613
301269.SZ,20250124,108.19,1.3548,2.0545,0.86,292.6467,668.5295,11.977,58.1361,52.713,0.1386,0.1386,54294.1768,26232.1446,17299.2832,5874086.988,2838055.7243
301256.SZ,20250124,7.44,1.89,2.1149,0.81,25.7527,36.3053,2.138,3.3712,3.1515,3.3602,3.3602,48000.0,13620.0,12171.52,357120.0,101332.8
920566.BJ,20250124,9.37,1.4034,1.5149,0.64,13.4195,14.5526,1.824,3.3651,3.349,3.7204,3.7204,14654.608,11182.9761,10359.8329,137313.677,104784.4861
301085.SZ,20250124,68.45,9.6811,66.4435,0.95,76.2867,114.812,5.3596,3.8761,4.4692,0.4071,0.4071,8677.5675,5891.1741,858.3681,593979.4954,403250.8671
688261.SH,20250124,40.05,1.7609,2.3436,0.8,35.0465,125.7716,1.698,5.0443,5.5551,0.3424,0.3424,12253.1446,8251.5584,6199.9037,490738.4412,330474.9139
920779.BJ,20250124,34.04,4.4385,4.4385,0.55,19.595,21.5861,3.945,9.5374,10.3979,4.1119,4.1119,5720.0,1431.3201,1431.3201,194708.8,48722.1362
688508.SH,20250124,48.12,3.4781,4.7079,0.65,106.2351,82.3909,2.5679,8.0969,6.9615,0.3026,0.3026,13131.0346,13131.0346,9700.9346,631865.385,631865.385
002903.SZ,20250124,17.08,4.3548,5.1989,0.88,66.4155,172.6877,3.3799,6.3306,6.004,1.1715,1.1715,15580.5,10408.6427,8718.6843,266114.94,177779.6173
300952.SZ,20250124,23.96,11.8381,14.4774,0.66,32.9183,32.6803,2.9534,3.5655,3.0207,1.0448,1.0448,14538.0454,5485.2653,4485.2653,348331.5678,131426.9566
600837.SH,20250124,10.84,1.1455,1.3966,1.94,140.4354,,0.8805,6.1699,10.6654,1.1897,1.1897,1306420.0,965463.118,791867.549,14161592.8,10465620.1991
000948.SZ,20250124,16.16,2.6611,4.1535,1.6,40.8423,39.9757,2.3961,0.6963,0.686,0.7426,0.7426,39374.4987,38582.2644,24719.1904,636291.899,623489.3927
603889.SH,20250124,6.54,0.6272,1.1472,0.87,11.8188,11.2881,1.4274,1.0764,0.9955,4.5882,4.5882,73049.0943,72065.8743,39401.8156,477741.0767,471310.8179
002438.SZ,20250124,12.6,2.2809,3.1601,1.33,23.7849,21.6682,1.8675,2.9981,2.8759,1.2698,1.2698,50753.7461,46888.0667,33842.7349,639497.2009,590789.6404
301155.SZ,20250124,56.65,2.1704,2.987,0.63,,,2.2535,7.3074,10.335,0.0,,21739.1478,11740.4729,8530.6002,1231522.7229,665097.7898
300786.SZ,20250124,13.51,3.6722,3.9668,0.61,,,2.1189,6.2187,5.1557,0.0,,18401.5879,14670.1444,13580.8874,248605.4525,198193.6508
301166.SZ,20250124,27.71,1.2971,1.5254,0.65,59.5636,170.1214,1.1553,1.9591,2.0573,1.6955,1.6955,8666.6668,4126.8868,3509.218,240153.337,114356.0332
920128.BJ,20250124,27.8,3.9659,3.9659,0.74,49.7393,48.2453,4.2064,3.9409,3.7612,,,8119.0,1710.0,1710.0,225708.2,47538.0
920970.BJ,20250124,5.31,3.066,4.5223,1.24,,,1.9633,3.6825,4.3911,,,11136.04,6944.59,4708.2845,59132.3724,36875.7729
601997.SH,20250124,5.86,0.8857,1.1818,1.04,3.8521,4.0642,0.3574,1.4193,1.4684,4.9488,4.9488,365619.8076,365619.8076,274020.5751,2142532.0725,2142532.0725
600201.SH,20250124,6.55,1.8514,2.1273,1.16,25.8731,44.5124,1.3519,4.5916,5.4357,1.2178,1.2178,112036.9226,112036.9226,97506.14,733841.843,733841.843
002399.SZ,20250124,10.19,0.2544,1.2053,1.06,,,1.2316,2.7457,2.7428,0.0,,146729.6204,124720.1704,26326.689,1495174.8319,1270898.5364
000630.SZ,20250124,3.27,0.9902,1.5603,0.99,15.4984,14.6624,1.2521,0.3043,0.2963,2.4224,2.4224,1279292.0401,1052645.0266,668070.3802,4183284.9711,3442149.237
603351.SH,20250124,22.82,0.4262,1.0033,1.72,27.5467,21.0504,1.8505,2.674,2.3282,1.3146,1.3146,13543.9132,13543.9132,5753.2703,309072.0992,309072.0992
600051.SH,20250124,6.5,0.6915,0.975,0.86,19.0277,18.8898,0.6047,1.1461,1.3798,1.8462,1.8462,31088.0,31088.0,22046.24,202072.0,202072.0
002988.SZ,20250124,20.9,1.6967,3.8174,1.19,28.5842,22.6452,2.0472,0.8657,0.7875,1.1572,1.1572,24796.0384,24785.7447,11016.5706,518237.2026,518022.0642
600636.SH,20250124,7.43,6.8702,11.9507,2.63,,,1.3382,8.4913,10.9285,0.5384,0.5384,43863.6802,43863.6802,25216.1281,325907.1439,325907.1439
605089.SH,20250124,23.18,0.5034,1.9358,1.15,23.6224,33.3458,2.6629,4.0029,4.6308,2.9896,2.9896,13800.0,13800.0,3588.8196,319884.0,319884.0
000530.SZ,20250124,5.88,9.4384,13.1978,0.85,100.4152,68.7983,1.5901,1.0295,1.006,0.5102,0.5102,84321.2507,60001.8343,42910.1409,495808.9541,352810.7857
300950.SZ,20250124,17.01,2.8116,4.0489,0.75,66.2057,25.8227,3.4474,8.2573,5.0972,0.8818,0.8818,15048.0,8973.0,6231.0035,255966.48,152630.73
002674.SZ,20250124,10.46,6.4705,14.1548,3.65,16.3861,24.9259,1.3039,1.1309,1.101,5.7361,5.7361,29186.2944,28887.5652,13205.2102,305288.6394,302163.932
300777.SZ,20250124,28.89,2.1165,2.6828,0.9,43.9299,46.114,2.9877,22.7322,18.3634,0.4119,0.4119,43970.7537,42374.2784,33429.6124,1270315.0744,1224192.903
301519.SZ,20250124,12.93,1.9254,2.2782,1.07,31.3473,74.043,1.4063,3.0131,3.3415,1.5468,1.5468,16416.0,7793.75,6586.8536,212258.88,100773.1875
301060.SZ,20250124,8.92,1.2778,2.528,0.79,,,2.0644,2.1337,2.0717,0.0,,40051.7,35658.0297,18023.3957,357261.164,318069.6249
688432.SH,20250124,10.88,0.9732,1.7824,1.1,53.4033,59.8812,3.1593,14.1338,14.3918,0.0916,0.0916,124762.1058,50756.5658,27714.3158,1357411.7111,552231.4359
000990.SZ,20250124,7.39,0.5211,1.1174,1.02,50.6231,33.8714,0.5041,0.7232,0.8442,0.6766,0.6766,121523.7535,121523.6635,56666.8406,898060.5384,898059.8733
301198.SZ,20250124,10.58,2.202,4.5906,0.78,49.5013,472.578,1.9026,4.4347,5.2121,1.1342,1.1342,16900.0,16227.718,7784.14,178802.0,171689.2564
920718.BJ,20250124,13.36,2.3174,3.9557,1.04,19.3911,18.6886,2.2716,1.1543,1.0994,0.7485,1.497,9066.67,4274.4319,2504.16,121130.7112,57106.4102
600676.SH,20250124,4.29,1.0592,1.9739,0.85,480.7058,,0.8293,0.8468,1.0029,0.0,,102849.2944,102849.2944,55189.9254,441223.473,441223.473
300686.SZ,20250124,8.63,2.5452,2.7936,0.87,,,2.1358,1.6222,1.4748,0.0,,26062.422,19367.0867,17644.9301,224918.7019,167137.9582
688055.SH,20250124,3.81,0.204,1.9649,1.03,,,2.9331,3.3574,3.4748,,,333333.34,333333.34,34611.34,1270000.0254,1270000.0254
002119.SZ,20250124,17.65,11.6351,17.9017,0.5,82.2055,66.0746,4.8581,3.7215,3.3841,0.17,0.17,37528.4,37528.4,24391.3813,662376.26,662376.26
000652.SZ,20250124,3.81,0.8515,1.2709,1.07,30.7482,30.521,0.9784,0.2668,0.2514,1.0499,1.0499,147557.3852,147445.4109,98787.3598,562193.6376,561767.0155
300231.SZ,20250124,11.62,6.9283,7.0615,1.14,48.6471,137.3901,2.9612,2.6118,3.1021,1.6234,1.6234,44423.7392,44421.4577,43583.5377,516203.8495,516177.3385
688247.SH,20250124,10.18,2.0633,3.1049,1.13,75.564,42.1175,3.7648,15.3899,10.2758,0.6423,0.6423,45334.0,14232.16,9457.486,461500.12,144883.3888
605488.SH,20250124,33.29,9.3802,22.7652,1.36,92.4315,78.2832,4.9647,3.0428,2.7569,0.5841,0.8807,19476.4715,19138.8925,7886.0425,648371.7362,637133.7313
300412.SZ,20250124,5.09,4.3138,6.0821,0.7,,,2.458,2.4196,2.238,0.0,,49775.6637,47291.0646,33542.0546,253358.1282,240711.5188
301622.SZ,20250124,66.67,17.1738,17.1738,0.99,55.8715,45.5209,5.3515,8.1203,6.7913,,,11593.188,2748.8084,2748.8084,772917.844,183263.056
603056.SH,20250124,14.18,0.3015,1.1177,0.96,19.5279,18.3992,1.8058,0.4014,0.3721,0.5532,0.5532,102695.5265,102695.5265,27703.6425,1456222.5658,1456222.5658
301196.SZ,20250124,35.36,1.6281,2.5851,0.78,26.2566,18.6868,1.4345,3.2906,2.5072,3.9507,3.9507,12480.0,6726.7288,4236.4288,441292.8,237857.1304
300026.SZ,20250124,3.57,1.3718,1.8983,1.23,21.1689,64.6829,1.2206,1.7556,1.9058,0.8403,0.8403,300415.4837,268587.5975,194100.9126,1072483.2768,958857.7231
002973.SZ,20250124,11.97,6.7919,8.891,4.57,15.4403,16.8772,2.0693,1.2405,1.252,0.8354,0.8354,40866.5563,20214.6561,15442.0851,489172.6789,241969.4335
688210.SH,20250124,19.25,2.8084,3.1259,0.82,52.4853,35.2049,2.4775,5.4914,3.9254,1.0197,1.0197,16024.1309,10738.6318,9647.8037,308464.5198,206718.6622
300932.SZ,20250124,13.44,3.1066,5.3,1.47,66.2363,45.9472,1.7755,1.6734,1.4826,1.2592,1.2592,22864.5713,16285.2713,9545.7362,307299.8383,218874.0463
300586.SZ,20250124,8.13,1.527,2.2952,0.77,50.2968,114.185,3.0165,3.0905,3.3156,0.615,0.615,71121.6645,53448.9218,35560.8443,578219.1324,434539.7342
688107.SH,20250124,27.15,0.9476,3.0976,0.84,,,8.4484,15.5298,18.0114,,,40084.9367,40084.9367,12262.881,1088306.0314,1088306.0314
002767.SZ,20250124,14.14,16.2363,36.9028,1.16,278.325,,2.592,3.399,3.3936,0.1132,0.1132,15000.0,13018.2321,5727.6855,212100.0,184077.8019
301222.SZ,20250124,25.46,4.9153,4.9153,1.71,21.2069,21.5207,1.8802,4.3868,3.8636,1.173,1.173,10133.34,2931.84,2931.84,257994.8364,74644.6464
300891.SZ,20250124,8.11,0.768,1.434,1.04,79.0502,109.0637,2.5215,1.9638,2.0101,0.3685,0.3685,40000.7669,33242.1419,17803.1069,324406.2196,269593.7708
601616.SH,20250124,4.28,10.5731,14.7929,2.79,249.9861,78.6503,1.4884,4.8277,3.9055,1.6355,1.6355,85367.5319,85367.5319,61015.9149,365373.0365,365373.0365
301022.SZ,20250124,21.0,3.2009,5.1123,1.45,76.4339,77.0863,1.8358,3.1093,2.687,1.2154,1.2154,8475.7008,5220.9839,3268.9487,177989.7168,109640.6619
003039.SZ,20250124,12.38,0.349,1.7592,1.27,31.3892,28.9559,2.8628,5.252,4.4536,1.3974,1.3974,61751.873,61751.873,12251.873,764488.1877,764488.1877
002553.SZ,20250124,14.89,11.7295,15.5991,0.6,189.9364,76.8995,4.488,7.7184,6.9908,1.3432,1.3432,34800.0,25080.0,18858.4968,518172.0,373441.2
920284.BJ,20250124,13.6,5.4707,7.6503,0.66,83.0173,,4.108,5.3777,6.7834,0.2206,0.2206,10478.5645,6601.6165,4720.8345,142508.4772,89781.9844
603286.SH,20250124,24.2,34.1785,53.8275,4.82,355.205,246.7117,3.2497,3.7032,3.3215,0.1215,0.1215,11659.1931,11430.3931,7257.8931,282152.473,276615.513
600764.SH,20250124,26.13,0.4035,1.0807,0.67,60.1742,55.4358,2.3022,5.17,5.2694,0.7692,0.7692,71062.9386,71062.9386,26532.0591,1856874.5856,1856874.5856
300632.SZ,20250124,11.78,3.837,4.9759,1.45,40.2614,72.2317,2.0097,4.0191,4.6265,3.1681,3.1681,30518.162,22121.0558,17057.9143,359503.9484,260586.0373
002093.SZ,20250124,7.91,1.9221,4.1493,1.07,76.2902,48.6294,2.1918,14.9615,13.7391,0.8713,0.8713,100750.0,100686.625,46642.8644,796932.5,796431.2038
300198.SZ,20250124,1.9,2.9463,3.703,0.94,,,2.8933,4.9492,8.5821,0.0,,103154.854,102446.6411,81512.3582,195994.2226,194648.6181
300183.SZ,20250124,16.65,2.7572,5.6915,1.15,126.0769,97.3895,2.4265,7.8136,6.7894,0.6006,0.6006,46260.9137,35902.6312,17392.9437,770244.2131,597778.8095
003019.SZ,20250124,25.26,2.5055,4.0523,1.46,24.7591,20.3645,2.9669,3.3003,2.0067,1.6304,1.6304,17466.2897,16845.3197,10415.0221,441198.4778,425512.7756
601928.SH,20250124,11.26,1.3902,5.1118,2.23,9.7074,11.3653,1.4939,2.1001,2.1141,4.4405,4.4405,254490.0,254490.0,69211.9742,2865557.4,2865557.4
002269.SZ,20250124,2.25,5.5879,9.575,0.61,178.0746,134.8277,10.7713,4.1698,5.4169,0.0,,251250.0,251250.0,146628.6641,565312.5,565312.5
603887.SH,20250124,15.31,7.5354,8.8866,1.01,,,2.6178,3.933,4.7896,0.0,,60894.4421,59527.9421,50476.418,932293.9086,911372.7936
300591.SZ,20250124,3.81,4.8132,5.2727,1.09,,,3.6372,2.5014,2.4869,0.0,,40567.3777,35066.4652,32010.2277,154561.709,133603.2324
300057.SZ,20250124,4.53,1.3889,1.5631,0.76,,,0.7595,0.7503,0.6432,0.0,,88944.274,71684.7265,63697.6228,402917.5612,324731.811
002769.SZ,20250124,6.77,1.8104,2.7766,0.77,,,2.1265,4.0999,4.4264,0.0,,37331.8054,33239.825,21673.9304,252736.3226,225033.6153
600609.SH,20250124,6.65,2.4475,3.4207,1.01,71.7099,39.201,6.3646,1.6965,1.8882,0.0,,131120.0558,131120.0558,93815.1024,871948.3711,871948.3711
920717.BJ,20250124,8.8,2.1493,2.6568,0.66,42.75,45.527,1.7948,5.8261,5.7191,1.0061,1.0061,11468.0,4188.0,3388.0,100918.4,36854.4
600075.SH,20250124,4.34,0.5058,0.8743,1.34,,466.3309,0.8312,0.6463,0.6966,0.0,,170736.2663,170736.2663,98770.1207,740995.3957,740995.3957
002377.SZ,20250124,3.07,1.5361,1.9989,0.64,,,5.8436,3.4122,5.2577,0.0,,91632.5201,90671.2317,69678.9801,281311.8367,278360.6813
002911.SZ,20250124,11.4,0.291,2.0762,1.37,17.5231,17.4468,3.1973,0.5794,0.4691,4.0058,4.0058,129802.1227,125831.2109,17636.5136,1479744.1988,1434475.8043
300349.SZ,20250124,13.04,1.9468,2.7488,1.12,13.349,13.3517,1.2484,1.7182,1.7453,3.7944,3.7944,41833.7213,37043.0561,26234.9919,545511.7258,483041.4515
300482.SZ,20250124,22.12,0.7789,0.909,0.99,21.8387,20.3324,1.9857,3.8515,3.6199,1.7594,1.7594,48142.4317,43011.196,36851.7696,1064910.5892,951407.6555
002557.SZ,20250124,27.22,1.7325,3.0162,1.45,17.1919,14.9505,2.6015,2.0278,1.9479,3.6342,4.7163,50700.2453,50592.0728,29059.7085,1380060.6771,1377116.2216
300053.SZ,20250124,12.52,2.6363,3.1635,0.85,,,4.3473,24.7399,34.9625,0.0,,69687.4323,63546.7129,52956.2838,872486.6524,795604.8455
001258.SZ,20250124,6.24,1.9167,3.332,0.91,43.0717,87.6622,1.9421,5.8842,5.7981,1.2821,1.2821,93333.3334,46870.8434,26961.8834,582400.0004,292474.0628
603628.SH,20250124,12.31,1.7799,3.9347,0.9,19.9367,27.6333,2.5801,1.7405,1.7092,1.0073,1.0073,27380.0,27216.84,12311.6966,337047.8,335039.3004
600459.SH,20250124,13.63,0.7193,1.1772,0.64,22.1407,20.2402,1.514,0.23,0.2208,1.3945,1.3945,76072.667,75383.9558,46058.3239,1036870.4512,1027483.3176
600962.SH,20250124,12.86,1.1434,2.0626,0.7,57.9187,152.0424,3.8531,2.268,2.0679,0.0,,26221.0,26221.0,14535.4531,337202.06,337202.06
601985.SH,20250124,9.56,0.45,1.1182,0.79,18.5084,19.2205,1.7975,2.6232,2.5922,2.0647,2.0647,2056800.2074,1888328.4867,759939.4793,19663009.9827,18052420.3329
600153.SH,20250124,9.55,0.4717,0.8864,0.63,2.1478,10.2664,0.5216,0.0369,0.0422,7.4716,11.66,294709.5201,289953.8551,154285.0566,2814475.917,2769059.3162
603839.SH,20250124,5.42,0.7552,2.6288,0.78,46.2641,,1.107,0.9973,1.0635,2.0689,2.0689,39921.216,39921.216,11469.2642,216372.9907,216372.9907
002698.SZ,20250124,18.66,3.9514,6.515,1.09,35.7595,34.3665,5.2241,7.4378,6.944,1.3303,1.3303,102255.9197,84143.4375,51033.4283,1908095.4616,1570116.5438
300671.SZ,20250124,32.77,2.2047,3.2307,0.64,,,4.045,10.1681,10.5714,0.0,,21772.4473,21697.3203,14806.316,713483.098,711021.1862
000678.SZ,20250124,6.49,8.1596,15.1188,1.7,,,3.6607,2.1391,2.3028,0.0,,45961.1797,45961.1797,24805.2667,298288.0563,298288.0563
002321.SZ,20250124,2.25,1.029,1.7797,0.92,,,4.9897,1.2953,0.9987,0.0,,213289.0071,212421.2084,122814.0807,479900.266,477947.7189
002872.SZ,20250124,3.58,1.6676,1.6803,0.8,,,0.5536,1.9651,1.9789,0.0,,31800.0,21491.8134,21328.9334,113844.0,76940.692
688696.SH,20250124,114.19,3.9557,5.8848,2.36,66.3325,,2.6945,2.2475,2.3398,0.2549,0.2549,7000.0,7000.0,4705.3401,799330.0,799330.0
301190.SZ,20250124,15.45,1.012,1.0126,0.81,157.5024,41.2136,1.6969,6.6954,6.5724,0.9438,0.9438,21463.65,7104.69,7100.69,331613.3925,109767.4605
002156.SZ,20250124,28.87,3.9982,5.618,0.89,258.5777,55.7687,3.0285,1.9674,1.8688,0.0416,0.0416,151759.6912,151742.3272,107990.6679,4381302.2849,4380800.9863
920190.BJ,20250124,30.47,6.997,13.2274,0.77,88.3494,121.9701,3.6156,1.1924,1.1602,0.3282,0.3282,10000.0001,9867.5051,5219.7,304700.003,300662.8804
000062.SZ,20250124,21.14,0.9445,3.1163,0.91,47.3102,68.433,3.1927,1.0737,0.9807,2.1287,2.1287,104590.9322,104442.0366,31653.1526,2211052.3067,2207904.6537
300556.SZ,20250124,19.23,17.4118,17.8963,2.47,101.5569,,3.285,1.6336,2.5361,0.1819,0.1819,12155.8365,10288.1348,10009.5994,233756.7359,197840.8322
600189.SH,20250124,6.92,1.0868,1.9063,1.2,,,4.0753,4.411,4.6036,0.0,,71519.7812,71519.7812,40773.6949,494916.8859,494916.8859
688136.SH,20250124,18.15,0.7954,2.4023,0.68,,,2.234,2.878,2.7279,,,19964.225,19964.225,6609.9778,362350.6838,362350.6838
601121.SH,20250124,6.21,2.2969,2.5539,1.18,26.6217,26.7561,1.6106,5.7355,3.8352,2.6892,2.6892,80000.0,38000.0,34176.4705,496800.0,235980.0
600995.SH,20250124,9.69,0.5905,0.9112,1.06,30.5547,24.9801,1.4413,5.5011,5.0921,1.3864,1.3864,319600.5805,110910.1643,71878.9637,3096929.625,1074719.4921
300233.SZ,20250124,13.22,4.0908,5.3496,0.67,29.0472,26.2559,1.3717,1.4342,1.4562,2.2424,2.2424,38387.4587,36988.3105,28284.7576,507482.204,488985.4648
688579.SH,20250124,9.24,2.2589,3.4532,1.93,45.5443,45.594,2.7519,6.8737,6.5489,0.8658,0.8658,40001.0,40001.0,26166.71,369609.24,369609.24
300701.SZ,20250124,10.18,3.4393,6.9002,0.63,50.9928,51.8256,3.0731,9.7581,7.0007,0.835,0.835,28273.5119,24488.03,12205.9204,287824.3511,249288.1454
300847.SZ,20250124,16.8,1.2509,3.299,1.12,52.1184,42.1071,3.5938,4.6503,4.2169,0.5952,0.5952,29601.0,29601.0,11223.4138,497296.8,497296.8
002153.SZ,20250124,6.75,1.1901,2.4607,1.79,,,2.5089,6.7006,6.3382,0.1481,0.1481,272919.3841,159976.3804,77373.1067,1842205.8427,1079840.5677
002410.SZ,20250124,11.52,3.854,4.6295,2.02,164.2853,281.893,3.1616,2.9167,3.0985,0.6107,0.6107,165194.4342,158836.9154,132227.8371,1903039.882,1829801.2654
002929.SZ,20250124,33.59,4.7896,7.2842,0.71,21.5876,28.8679,1.5271,1.0726,1.0979,0.737,0.737,28183.1071,21329.5382,14024.7794,946670.5675,716459.1881
002489.SZ,20250124,3.37,2.0739,3.9585,0.72,143.6892,16.0144,1.7861,1.5111,1.4522,0.2967,0.2967,216901.6313,191302.8928,100222.0613,730958.4975,644690.7487
002283.SZ,20250124,5.66,1.9958,2.6862,0.81,16.5025,18.4834,1.0708,1.6098,1.6858,4.0339,4.0339,113945.7178,100146.7394,74406.4614,644932.7627,566830.545
600255.SH,20250124,4.1,31.6223,35.057,1.37,,543.1072,5.2589,2.3142,1.9426,0.0,,180614.6955,180614.6955,162918.7555,740520.2516,740520.2516
002583.SZ,20250124,13.15,12.906,15.2316,1.38,,,3.9201,4.2301,3.8396,0.0,,181846.4381,128256.6049,108674.0828,2391280.661,1686574.3544
300040.SZ,20250124,5.72,5.7637,6.4605,0.71,36.6003,36.5057,1.1778,2.8423,2.4943,1.1885,1.1885,60284.9285,47681.4819,42538.5007,344829.791,272738.0765
920445.BJ,20250124,7.87,3.3068,3.8759,1.06,114.6374,65.8007,3.4708,3.5566,3.7494,3.4781,3.4781,14693.0025,10526.2791,8980.8055,115633.9297,82841.8165
688310.SH,20250124,10.68,0.9145,2.6498,1.17,17.7828,49.7363,2.0939,3.6967,4.7995,3.3249,3.3249,16621.969,16621.969,5736.521,177522.6289,177522.6289
000796.SZ,20250124,3.63,2.1305,2.6914,0.82,9.584,7.0585,6.7797,10.0018,9.5973,0.0,,160378.8916,133076.681,105341.0858,582175.3765,483068.352
002948.SZ,20250124,3.96,1.1934,1.9953,0.91,6.4951,5.7409,0.6364,1.848,1.738,4.0404,4.0404,582035.4724,311225.8912,186154.1428,2304860.4707,1232454.5292
300611.SZ,20250124,12.09,8.3782,9.7545,1.64,62.7037,29.0651,2.4083,1.8543,1.6226,0.4077,0.4077,21107.468,14830.298,12737.908,255189.2881,179298.3028
920242.BJ,20250124,27.7,3.1104,4.3276,0.88,26.1839,19.1683,3.2185,3.2658,2.601,1.7689,1.7689,6583.825,3661.9225,2631.9516,182371.9525,101435.2533
688251.SH,20250124,18.1,2.7669,4.5525,1.24,37.1725,23.3074,1.9075,2.3644,1.8458,0.8266,1.1471,8684.681,5169.3051,3141.7538,157192.7261,93564.4223
603127.SH,20250124,15.69,0.7922,1.2853,0.94,29.621,,1.4695,4.9482,5.5349,1.0169,1.0169,74947.7334,63048.2128,38859.5514,1175929.937,989226.4588
000929.SZ,20250124,6.06,2.4126,3.3661,0.63,,,2.0558,4.6664,5.1037,0.0,,18576.6,18575.4223,13313.6106,112574.196,112567.0591
920130.BJ,20250124,15.15,2.8828,5.7568,1.11,36.9187,,2.4455,2.9048,3.8471,1.3201,1.3201,9224.3236,5594.6256,2801.562,139748.5025,84758.5778
002191.SZ,20250124,4.0,0.9041,1.3884,0.77,49.059,74544.1701,0.8671,1.4718,1.8269,7.3047,7.3047,145177.8834,144082.4536,93828.4827,580711.5336,576329.8144
600582.SH,20250124,5.93,0.59,1.4953,0.95,10.4063,9.5783,1.0225,0.82,0.8178,4.7218,4.7218,413858.8892,413858.8892,163290.2314,2454183.213,2454183.213
300845.SZ,20250124,12.54,3.5707,4.5496,1.09,36.3431,34.3004,2.3204,5.1392,5.1462,1.5058,1.5058,14589.2868,10269.4603,8059.7081,182949.6565,128779.0322
603565.SH,20250124,9.2,0.3388,0.997,1.0,11.2507,11.8239,1.8741,1.5533,1.6665,7.8261,7.8261,210006.3103,210006.3103,71358.3311,1932058.0548,1932058.0548
002076.SZ,20250124,3.32,13.8826,15.7285,0.68,,,11.3932,24.4135,21.5246,0.0,,110912.4491,103325.123,91198.7582,368229.331,343039.4084
688409.SH,20250124,51.94,1.6899,2.1768,0.84,94.8436,70.6658,3.5502,7.7449,5.3497,1.0247,1.0247,30802.7995,17903.0751,13898.7185,1599897.406,929885.7207
601028.SH,20250124,12.33,1.8886,3.5368,0.61,21.6738,26.1854,2.7981,3.9829,4.5939,0.4029,0.4029,78302.576,78302.576,41812.7302,965470.7621,965470.7621
688503.SH,20250124,50.99,2.75,3.0805,1.19,27.9162,29.2193,2.6544,1.1993,0.9704,1.4588,1.4588,24203.3643,18066.4831,16127.9466,1234129.5457,921209.9733
002270.SZ,20250124,17.15,0.7358,1.1039,0.91,28.3372,26.6413,5.0529,7.8374,6.9701,4.7813,5.1079,89622.5431,75922.4693,50608.0159,1537026.6142,1302070.3485
301112.SZ,20250124,24.4,5.7908,5.7908,1.17,63.4366,330.86,2.1945,5.4006,4.7944,0.4918,0.4918,11026.66,3625.6909,3625.6909,269050.504,88466.858
301109.SZ,20250124,16.72,1.7006,1.7006,1.05,18.3401,18.2021,1.2617,5.0737,4.2096,3.9156,3.9156,56364.3459,9865.0831,9865.0831,942411.8634,164944.1894
002908.SZ,20250124,8.67,4.3893,5.5135,0.73,51.1578,120.9016,3.294,4.4396,5.3035,0.5702,0.5702,43143.2088,30852.3525,24561.7667,374051.6203,267489.8962
300195.SZ,20250124,5.7,3.2688,3.5092,1.24,59.3288,63.0055,0.9068,1.5056,1.5595,0.0,,42370.7756,31391.2481,29240.8231,241513.4209,178930.1142
603165.SH,20250124,12.48,0.9599,1.9876,0.71,12.5695,11.4392,1.6016,1.4849,1.4958,3.899,3.899,27261.2842,27261.2842,13165.9955,340220.8268,340220.8268
300085.SZ,20250124,40.56,9.19,14.2135,0.63,,,47.4801,28.2337,31.8236,0.0,,70664.0535,63486.636,41048.5435,2866134.01,2575017.9562
688112.SH,20250124,28.94,0.4788,1.6605,1.03,29.6743,36.0255,3.0424,9.5343,9.4322,3.0408,3.0408,15920.0019,15920.0019,4590.3175,460724.855,460724.855
300806.SZ,20250124,15.76,4.2302,4.9777,0.53,127.4176,280.1204,3.2174,3.6291,2.8948,0.1263,0.1263,45330.0503,31966.4176,27166.0115,714401.5927,503790.7414
605399.SH,20250124,10.99,0.8065,2.2637,1.38,34.0195,48.6212,1.5592,2.9572,2.9564,0.9101,0.9101,31335.736,31221.736,11123.891,344379.7386,343126.8786
600388.SH,20250124,12.21,0.5633,0.8475,0.64,30.4678,30.1216,1.5891,1.4133,1.536,1.3846,1.3846,127004.6293,127004.6293,84424.8353,1550726.5238,1550726.5238
300364.SZ,20250124,24.89,7.1208,8.3863,1.44,203.1399,,17.4593,12.8957,15.1756,0.0,,72993.9618,66097.4348,56123.3062,1816819.7092,1645165.1522
301626.SZ,20250124,88.02,9.3807,9.3807,1.18,66.0386,54.6607,7.0103,10.9737,10.8363,,,11568.0,2199.2305,2199.2305,1018215.36,193576.2686
000592.SZ,20250124,2.88,6.5217,7.8843,0.61,,,2.7456,4.5116,3.6427,0.0,,193178.0892,191509.2449,158411.7626,556352.8969,551546.6253
600061.SH,20250124,7.24,0.3854,1.0682,1.04,19.6418,23.0312,0.9132,18.4233,22.2475,1.5256,1.5256,639398.0683,639398.0683,230703.9402,4629242.0145,4629242.0145
688252.SH,20250124,25.11,3.5572,5.5504,0.44,91.0224,44.656,4.9293,8.4959,5.5028,0.2211,0.2211,40902.1341,18233.9485,11686.0416,1027052.5873,457854.4468
002467.SZ,20250124,5.73,8.3502,9.8129,0.79,,,4.1864,8.8559,8.7536,0.0,,137537.1873,136337.6693,116015.5508,788088.0832,781214.8451
300164.SZ,20250124,4.3,4.0608,4.5638,0.48,50.326,329.3688,1.8502,2.4583,2.2883,0.0,,58845.8629,58321.0778,51892.7548,253037.2105,250780.6345
601236.SH,20250124,8.05,0.6221,2.6833,0.87,121.5925,50.6478,1.6134,31.6168,19.4725,1.3292,1.3292,471678.7742,471678.7742,109351.8042,3797014.1323,3797014.1323
300487.SZ,20250124,49.63,1.3581,1.7345,1.05,35.1385,31.6817,7.1161,10.1235,8.9857,1.3766,1.3766,50766.5329,30662.6653,24008.6048,2519543.0278,1521788.0788
605011.SH,20250124,20.39,0.4782,2.3924,0.97,38.6015,37.336,3.564,2.48,2.2648,0.7847,0.7847,40010.0,40010.0,7996.67,815803.9,815803.9
000922.SZ,20250124,11.11,1.4085,2.2147,1.01,16.508,20.428,2.0096,1.2392,1.1266,1.8256,1.8256,59342.8553,58708.7253,37336.9414,659299.1224,652253.9381
688585.SH,20250124,6.57,0.3124,2.1721,1.05,37.3556,35.9401,2.1458,1.8935,1.7947,0.9132,0.9132,40336.1728,40336.1728,5801.0106,265008.6553,265008.6553
688226.SH,20250124,29.28,3.5029,8.8334,1.56,45.6098,37.961,3.2845,1.9294,1.5326,0.6685,0.6685,18764.752,15650.648,6206.2614,549431.9386,458250.9734
600256.SH,20250124,6.05,0.4931,0.7553,0.63,7.6784,17.0831,1.5067,0.6462,1.0372,11.4474,11.4474,656575.5139,656575.5139,428629.9326,3972281.8591,3972281.8591
600030.SH,20250124,27.54,0.7958,1.0833,1.05,20.6971,18.8057,1.5267,6.7949,6.3986,2.5962,2.5962,1482054.6829,1217655.0974,894555.3093,40815785.9671,33534221.3824
603057.SH,20250124,16.7,3.4066,3.4066,1.07,20.8651,20.4044,3.4618,1.9487,2.0225,6.5607,6.5607,41426.05,6806.1925,6806.1925,691815.035,113663.4148
000828.SZ,20250124,10.11,0.4565,1.5129,1.05,15.762,16.2805,1.0941,2.2089,3.9265,4.6983,4.6983,103951.6992,103951.5642,31367.3048,1050951.6789,1050950.3141
002183.SZ,20250124,4.2,0.974,1.4867,0.89,77.365,126.2696,1.2175,0.1155,0.129,0.2857,0.2857,259700.9091,259699.4091,170142.0697,1090743.8182,1090737.5182
002617.SZ,20250124,7.88,9.4031,12.0147,0.72,115.7138,85.9348,2.4951,5.4659,4.3643,0.0,,192300.5903,189145.3762,148031.3581,1515328.6516,1490465.5645
301089.SZ,20250124,26.91,1.7832,2.4936,1.06,14.0094,,2.1704,4.0757,8.2029,0.929,0.929,12654.45,9097.5468,6505.7286,340531.2495,244814.9844
300688.SZ,20250124,32.42,24.3556,29.4433,3.36,561.5176,,11.1727,20.0205,21.642,0.0154,0.0154,16737.9464,14193.2358,11740.7157,542644.2223,460144.7046
688682.SH,20250124,33.61,0.8147,2.1318,1.07,90.1745,129.0089,3.7418,6.2015,6.8492,0.5951,0.5951,7274.2068,7274.2068,2779.9758,244486.0905,244486.0905
688167.SH,20250124,66.08,5.8505,7.4844,1.6,65.9466,,2.6068,10.6406,9.4056,0.4598,0.4598,9036.3344,9036.3344,7063.7148,597120.9772,597120.9772
688689.SH,20250124,21.62,0.7496,2.4161,0.51,43.5095,47.0569,2.3837,4.0084,3.441,0.925,0.925,12890.3136,12890.3136,3999.2136,278688.58,278688.58
300644.SZ,20250124,22.62,3.3729,4.7021,1.07,34.2819,32.9638,2.6671,1.3599,1.1326,1.0684,1.0684,10995.0825,8764.2941,6286.7363,248708.7662,198248.3325
300222.SZ,20250124,10.93,11.5382,12.4803,2.19,,,5.1657,2.7424,2.9267,0.0,,77828.1234,63380.3509,58596.2043,850661.3888,692747.2353
920184.BJ,20250124,12.71,7.9093,8.1614,2.03,175.2995,103.4973,2.7908,7.2683,6.2211,,,13379.0,8755.153,8484.7546,170047.09,111277.9946
600533.SH,20250124,2.19,1.5507,2.7478,0.76,,,0.5661,0.4823,1.0222,0.0,,105000.0,105000.0,59256.032,229950.0,229950.0
002736.SZ,20250124,10.59,0.2004,0.6937,1.24,15.838,15.8255,1.2074,5.8784,5.9372,2.5496,2.5496,961242.9377,913884.1807,264068.9313,10179562.7102,9678033.4736
688220.SH,20250124,67.49,2.762,4.3129,0.9,,,4.8054,10.8585,8.5667,,,41830.0889,36040.8158,23080.0969,2823112.6999,2432394.6583
920418.BJ,20250124,26.16,2.6747,2.6747,0.56,28.5258,22.8986,4.5152,5.5663,4.9362,1.2287,1.2287,13540.8,7159.9524,7159.9524,354227.328,187304.3548
300337.SZ,20250124,11.49,2.8275,4.5151,0.84,146.4526,89.9988,5.4594,2.1191,1.8964,0.1741,0.1741,82192.0,71138.3934,44549.5645,944386.08,817380.1402
300871.SZ,20250124,10.15,1.4504,3.3931,1.26,100.2645,,1.2744,1.6499,1.501,2.65,2.65,16576.5635,16576.5635,7085.4122,168252.1195,168252.1195
920407.BJ,20250124,24.03,12.7422,22.9801,1.1,78.1305,55.4395,6.052,8.7799,8.2177,0.8323,0.8323,6568.0,2585.115,1433.42,157829.04,62120.3135
300500.SZ,20250124,9.8,1.1515,2.251,0.72,,,1.4378,1.0679,1.0913,0.6122,0.6122,17397.4869,16759.7955,8573.653,170495.3716,164245.9959
603125.SH,20250124,19.16,3.2772,3.2772,1.99,25.1652,26.3496,2.3423,5.2496,4.938,0.8279,0.8279,27919.75,6980.3,6980.3,534942.41,133742.548
688300.SH,20250124,67.03,1.5489,3.9605,0.63,71.557,53.1992,8.6407,17.4945,13.9184,0.7459,0.7459,18574.5531,18574.5531,7264.2708,1245052.2943,1245052.2943
603072.SH,20250124,35.3,25.0204,25.0204,1.18,55.2652,58.5019,4.5945,3.5186,3.5554,,,26428.0,6474.5626,6474.5626,932908.4,228552.0598
000851.SZ,20250124,2.79,1.4673,1.6895,0.91,,,1.1425,0.5447,0.9557,0.0,,115786.002,113197.7266,98311.5254,323042.9456,315821.6572
300664.SZ,20250124,5.07,1.2352,1.7485,1.03,14.9387,24.7494,0.9038,1.855,1.9533,2.6621,2.6621,75981.2332,75227.0332,53143.1102,385224.8523,381401.0583
003006.SZ,20250124,23.68,0.8999,2.37,1.24,42.6707,35.6506,7.0291,4.7415,3.1236,2.3231,2.3231,42932.339,42864.639,16276.4205,1016637.7875,1015034.6515
300066.SZ,20250124,3.89,1.7216,2.7422,1.47,16.8582,27.1299,1.6207,1.7708,2.1533,1.2853,1.2853,104003.3262,100591.0348,63154.3133,404572.9389,391299.1254
002691.SZ,20250124,7.59,1.1037,3.045,0.09,,296.394,2.9254,7.6619,8.2611,0.0,,34000.0,33598.0305,12178.035,258060.0,255009.0515
600968.SH,20250124,4.1,0.3705,2.0192,0.61,13.5265,11.4998,1.5924,0.8452,0.811,2.6829,2.6829,1016510.4199,1016510.4199,186510.4199,4167692.7216,4167692.7216
001277.SZ,20250124,36.8,8.9374,8.9374,0.68,17.2292,15.8321,1.8978,2.2315,2.2275,,0.4014,7600.0,1900.0,1900.0,279680.0,69920.0
300171.SZ,20250124,12.57,0.8003,1.2174,1.08,16.0378,56.7666,1.2293,1.7063,2.0029,1.8938,1.8938,76582.804,56265.7355,36988.4597,962645.8463,707260.2952
301203.SZ,20250124,31.63,2.2288,2.2288,0.57,18.2611,19.9219,1.871,8.1763,8.0581,4.7423,7.2716,8000.0,4384.25,4384.25,253040.0,138673.8275
301087.SZ,20250124,33.61,1.2994,1.326,1.11,27.6372,26.5955,1.5208,2.4626,2.3595,5.2148,5.2148,20909.2,9057.4318,8875.7086,702758.212,304420.2828
300959.SZ,20250124,44.55,13.316,18.6564,0.68,135.692,361.113,3.0841,2.1896,2.9269,0.6122,0.6122,8036.78,5227.5219,3731.1496,358038.549,232886.1006
688661.SH,20250124,44.76,6.1216,14.278,0.75,,,4.3285,18.3015,10.9613,0.1375,0.1375,11683.6789,11665.3224,5001.44,522961.4676,522139.8306
600166.SH,20250124,2.38,1.1523,1.7045,1.1,20.7189,34.0785,1.3152,0.3359,0.3852,0.0,,791740.0367,648882.8939,438691.3605,1884341.2873,1544341.2875
002955.SZ,20250124,23.64,2.0406,3.4767,1.73,17.3211,20.8808,1.5839,1.4219,1.5415,1.797,1.797,23635.4152,18714.4028,10984.3863,558741.2153,442408.4822
301097.SZ,20250124,37.62,1.7109,1.7109,1.27,34.8844,249.6,1.859,5.8217,5.3125,1.3196,1.3196,5894.7368,1834.7368,1834.7368,221759.9984,69022.7984
601838.SH,20250124,16.85,0.6847,1.2711,1.08,6.0203,5.5975,0.9383,3.2376,3.1592,4.8679,4.8679,416996.8492,416259.1334,224246.4504,7026396.909,7013966.3978
002456.SZ,20250124,12.48,8.3121,9.6485,1.89,537.3944,97.6146,11.3997,2.4508,2.0145,0.0,,331156.429,325263.0198,280211.9721,4132832.2339,4059282.4871
000802.SZ,20250124,6.36,3.9153,5.0495,1.16,,,3.7583,7.7293,8.2736,0.0,,71590.0255,71546.5255,55475.6027,455312.5622,455035.9022
301225.SZ,20250124,27.07,2.1697,2.216,1.05,24.3938,22.8495,1.9657,3.563,3.3697,1.4508,1.4508,10338.0,3018.0,2955.0,279849.66,81697.26
301170.SZ,20250124,23.24,2.7452,2.7452,1.14,24.9465,23.3165,1.383,2.2996,2.1804,1.0757,1.0757,10000.0,3357.5425,3357.5425,232400.0,78029.2877
002207.SZ,20250124,5.11,2.9504,4.2235,0.44,,,19.721,4.9276,4.0594,0.0,,26205.5378,26080.76,18219.1247,133910.2982,133272.6836
600784.SH,20250124,5.84,1.3587,1.7814,0.57,14.9679,14.9267,1.2676,1.1786,1.248,1.0274,1.0274,67565.2277,56817.7846,43334.9276,394580.9298,331815.8621
601996.SH,20250124,1.97,1.2123,2.0528,0.77,42.2356,,0.8166,0.9436,1.0594,6.0914,6.0914,112091.4416,112091.4416,66196.8416,220820.14,220820.14
001212.SZ,20250124,21.94,1.7467,3.2378,1.42,33.622,53.8651,1.6888,3.8697,4.7611,0.662,0.662,12174.3519,10238.0019,5523.0644,267105.2807,224621.7617
688296.SH,20250124,11.85,2.3004,3.998,1.42,,,1.8288,3.7389,2.9179,,,10824.066,10739.316,6179.2538,128265.1821,127260.8946
002673.SZ,20250124,7.82,1.2207,2.1194,1.24,29.9837,34.3242,1.2426,5.0697,6.2398,1.2788,1.5342,446958.1705,410919.4608,236671.4325,3495212.8933,3213390.1835
603926.SH,20250124,9.44,1.0978,2.1823,1.13,22.5797,22.9479,1.3363,1.009,0.9468,3.9301,3.9301,23510.2531,22953.2531,11546.8442,221936.7893,216678.7093
002448.SZ,20250124,6.62,2.4752,2.6025,0.75,12.5372,13.7824,1.1126,1.3599,1.1964,1.9637,1.9637,58840.9646,48687.6658,46306.6493,389527.1857,322312.3476
300347.SZ,20250124,48.82,1.8987,2.1117,1.17,20.8543,44.0471,2.0046,5.7187,6.2087,1.1579,1.1579,86494.857,56738.5056,51015.9727,4222678.9187,2769973.8434
600370.SH,20250124,1.63,0.3471,1.855,0.98,,,1.1459,0.2705,0.2626,0.0,,389651.3177,389651.3177,72905.7594,635131.6479,635131.6479
603690.SH,20250124,24.42,1.4934,2.1218,0.93,25.0007,25.2158,1.8878,2.9934,2.6262,0.7865,0.7865,38624.857,38556.817,27136.7527,943219.0079,941557.4711
600783.SH,20250124,12.17,0.4328,1.4224,1.0,35.64,16.9299,1.8614,112.8227,147.2603,0.9039,0.9039,74435.9294,74435.9294,22649.7417,905885.2608,905885.2608
920706.BJ,20250124,13.15,6.0453,6.0453,0.66,19.36,22.0757,2.2221,2.9477,2.7891,1.9011,1.9011,9240.5245,2566.0745,2566.0745,121512.8972,33743.8797
600511.SH,20250124,31.88,0.6409,1.0379,1.24,11.2086,11.1103,1.4483,0.484,0.4698,2.6788,2.6788,75450.2998,55334.6424,34166.1253,2405355.5576,1764068.3997
920066.BJ,20250124,35.05,1.2591,1.2591,0.31,34.7833,32.6128,4.3669,4.0479,3.4386,,1.1412,4489.5233,1203.1608,1203.1608,157357.7917,42170.786
002660.SZ,20250124,11.28,12.297,17.3505,0.61,52.5401,73.2466,3.1738,3.0276,3.2805,0.8865,0.8865,35662.6019,25708.4939,18220.6719,402274.1494,289991.8112
600288.SH,20250124,8.91,3.3202,4.7265,1.01,77.9818,,2.0911,1.669,2.0255,0.1347,0.1347,43680.0,43680.0,30684.0,389188.8,389188.8
603122.SH,20250124,6.86,2.1718,2.1718,0.81,57.8686,92.0442,2.3398,2.4992,2.9076,0.8746,0.8746,39805.2633,17911.4748,17911.4748,273064.1062,122872.7171
600079.SH,20250124,21.89,0.7144,0.9781,0.43,16.7391,18.2715,2.0274,1.4569,1.3981,2.7868,2.7868,163222.5965,154317.877,112716.4173,3572942.6374,3378018.3275
920556.BJ,20250124,7.24,2.086,2.8869,0.87,29.8584,40.6219,2.2941,3.7177,3.8542,4.1263,4.1263,16131.52,11816.5939,8538.4489,116792.2048,85552.1398
300996.SZ,20250124,22.84,27.2576,35.2828,2.77,74.4156,42.8482,3.8949,6.1737,6.0426,0.4378,0.4378,20252.5749,16882.8474,13042.8206,462568.8107,385604.2346
301202.SZ,20250124,40.11,36.607,39.6894,1.24,88.3576,73.8928,4.6204,5.9693,4.6885,0.9973,0.9973,13640.0,3718.0,3429.25,547100.4,149128.98
002899.SZ,20250124,22.96,3.9978,5.5151,0.66,38.4898,33.0021,2.0175,3.7902,2.9951,0.3066,0.3066,14779.6976,14779.6976,10713.4976,339341.8569,339341.8569
002780.SZ,20250124,11.64,3.2021,3.4156,0.63,50.2086,55.4793,2.6305,2.1672,2.2768,0.0,,15758.7486,13064.7784,12247.8722,183431.8337,152074.0206
000999.SZ,20250124,44.18,0.4583,1.2537,1.02,19.8884,16.6386,2.9478,2.2936,2.1932,4.8759,4.8759,128429.8685,127565.9602,46631.908,5674031.5903,5635864.1216
688160.SH,20250124,79.74,6.1886,19.9964,1.14,110.3788,135.1087,8.8167,13.2249,12.4992,0.3762,0.3762,8400.0,8400.0,2599.6935,669816.0,669816.0
600713.SH,20250124,4.82,0.8007,1.4576,0.95,10.9219,10.892,0.9402,0.1178,0.1169,3.3195,3.3195,130932.604,104730.7242,57529.6293,631095.1513,504802.0906
002213.SZ,20250124,14.52,12.3172,15.2936,0.6,,,5.8878,4.6998,3.4036,0.0,,23715.5,20599.4864,16590.4385,344349.06,299104.5425
603071.SH,20250124,12.71,0.6495,2.2438,1.94,6.6972,9.2972,1.3352,0.16,0.1668,5.5075,5.5075,55795.4442,55795.4442,16150.0481,709160.0958,709160.0958
000531.SZ,20250124,6.16,0.9219,1.972,0.91,21.8861,34.6436,0.9673,1.3303,1.3836,1.6234,1.6234,104140.1332,90974.5488,42532.5476,641503.2205,560403.2206
920169.BJ,20250124,12.68,2.1613,3.662,0.89,52.7881,113.9495,3.3345,6.2241,5.9932,0.798,0.798,8174.539,5083.674,3000.399,103653.1545,64460.9863
301578.SZ,20250124,47.42,5.2473,5.2473,1.02,32.6529,50.4825,3.2132,4.1089,3.4822,1.0139,1.0139,6240.0,1782.3,1782.3,295900.8,84516.666
300111.SZ,20250124,3.18,1.4602,2.0854,1.13,188.2176,6812.0961,6.0077,12.0954,12.3947,0.0,,128721.0714,128721.0714,90130.1583,409333.0071,409333.0071
300607.SZ,20250124,30.94,14.3444,16.3707,0.85,167.6356,,4.9811,3.2415,4.1566,0.1228,0.1228,47697.2412,33768.9987,29589.1939,1475752.6427,1044812.8198
002011.SZ,20250124,11.32,3.0394,4.9076,1.84,16.3416,14.2456,2.3535,1.0596,0.9827,0.0,,106543.6182,91631.218,56748.3264,1206073.758,1037265.3878
601998.SH,20250124,6.53,0.2946,2.8375,1.31,5.3004,5.1798,0.5372,1.7252,1.6626,7.6362,7.6362,5439701.3781,3951485.0804,410255.1332,35521249.999,25803197.575
002413.SZ,20250124,4.06,1.4179,1.4179,1.17,,,1.4669,4.2114,4.7702,0.0,,131698.9628,125052.8063,125052.8063,534697.789,507714.3936
300145.SZ,20250124,3.61,2.884,4.2337,0.67,34.5718,29.3215,2.6316,1.2763,1.3123,0.0,,192090.0236,190399.3301,129701.0067,693444.9852,687341.5817
002690.SZ,20250124,14.43,1.0195,1.4767,1.03,17.0924,20.1536,4.9634,5.249,5.4262,4.8404,4.8404,88225.745,43396.3115,29959.739,1273097.5004,626208.7749
002244.SZ,20250124,8.63,0.9983,2.5503,0.84,10.617,15.8886,1.0112,0.3812,0.4142,1.0429,1.0429,311144.389,268235.374,104997.1218,2685176.0771,2314871.2776
300753.SZ,20250124,18.82,8.1044,9.774,0.71,286.592,448.7004,3.429,5.6191,5.9142,0.3454,0.3454,12604.8,8240.8912,6833.2102,237222.336,155093.5724
605155.SH,20250124,10.58,1.98,5.0902,0.93,22.2363,19.8269,1.6335,3.1798,2.6131,1.3512,1.3512,19154.744,18909.744,7355.544,202657.1915,200065.0915
300037.SZ,20250124,34.09,2.5162,2.8709,0.68,25.4186,28.0756,2.771,3.434,3.3957,1.7541,1.7541,75388.3446,54609.1834,47862.0,2569988.6674,1861627.0621
002403.SZ,20250124,16.84,11.0289,24.2696,0.81,,,3.4304,2.3344,2.0729,0.0,,34063.8579,29716.1454,13504.0093,573635.367,500419.8885
001217.SZ,20250124,10.79,4.2063,12.3211,0.96,22.6243,25.7947,1.5913,1.9983,2.1255,0.9268,0.9268,33187.0,31007.0874,10585.6274,358087.73,334566.473
000680.SZ,20250124,9.69,1.5835,2.3255,0.89,18.9937,15.5142,2.427,1.3792,1.1316,1.548,1.8576,150032.7412,130799.648,89067.848,1453817.2622,1267448.5891
605318.SH,20250124,20.16,0.6476,2.2788,0.74,197.3488,,3.6068,3.4252,3.7873,1.5266,1.5266,12572.9028,12572.9028,3572.9028,253469.7204,253469.7204
603231.SH,20250124,16.01,0.8322,1.115,0.87,20.3883,24.9341,1.6615,1.754,1.8985,3.123,3.123,19145.9105,10626.5982,7931.989,306526.0271,170131.8372
300967.SZ,20250124,11.5,2.0949,3.6525,1.01,,,3.469,2.5962,2.5734,0.0,,18756.1272,12483.021,7159.5141,215695.4628,143554.7415
301328.SZ,20250124,44.49,14.4336,14.4456,0.97,37.5066,50.4079,2.5874,10.0469,9.7112,1.1138,1.1138,10989.3594,3413.3841,3410.5441,488916.5997,151861.4586
301027.SZ,20250124,16.8,3.3624,3.7939,0.49,125.675,424.6673,2.6406,3.545,4.1028,0.0776,0.0776,14786.114,11815.3144,10471.5469,248406.7152,198497.2819
300969.SZ,20250124,99.35,10.3386,11.02,1.13,39.3275,36.8736,6.4497,8.6076,8.2353,0.4026,0.4026,8000.0,2131.8208,2000.0,794800.0,211796.3965
301039.SZ,20250124,9.09,0.6069,1.4542,1.19,6.9373,16.6858,1.2607,0.6791,0.7982,3.0803,3.0803,187412.442,145368.0,60663.6932,1703579.0978,1321395.12
600371.SH,20250124,8.65,7.4126,14.4653,3.53,38.7622,38.4976,4.417,7.9261,6.8028,2.3121,2.3121,29257.8,29257.8,14992.7865,253079.97,253079.97
300674.SZ,20250124,20.5,5.0854,6.8911,2.08,44.3116,33.6925,3.5047,2.7736,3.2077,0.9525,0.9525,70405.706,70317.797,51892.1074,1443316.973,1441514.8385
600704.SH,20250124,4.74,0.6984,1.2759,1.09,6.8046,7.6429,0.6728,0.0424,0.0422,4.4304,4.4304,519256.179,515370.204,282105.063,2461274.2885,2442854.767
300539.SZ,20250124,12.24,6.4178,12.3902,0.85,80.31,88.9445,4.9684,4.0147,3.7452,0.6531,0.6531,22225.42,17147.9453,8882.1622,272039.1408,209890.8505
603863.SH,20250124,17.33,2.3639,3.3237,0.62,,,5.9535,5.3303,4.8397,0.0,,20465.0,20465.0,14555.35,354658.45,354658.45
002139.SZ,20250124,14.67,6.1688,6.4899,0.98,35.4812,26.4575,2.7915,2.0341,1.7706,0.4019,0.4019,124683.4988,107108.9847,101808.7668,1829106.9274,1571288.8055
688297.SH,20250124,37.8,1.5241,2.5161,1.0,84.3266,,4.5137,9.5778,14.8746,0.4683,0.4683,67500.0,27162.1943,16453.0653,2551500.0,1026730.9445
300503.SZ,20250124,23.31,15.3114,20.5422,1.29,,,6.0149,7.1326,5.6362,0.0,,30607.2836,23908.7302,17820.7062,713455.7807,557312.501
920060.BJ,20250124,31.74,8.7943,8.7943,0.8,40.8786,40.7459,4.8396,4.9041,4.7377,,,15204.4663,2965.01,2965.01,482589.7604,94109.4174
300817.SZ,20250124,14.65,6.0819,9.6676,1.23,54.972,52.8899,3.1477,4.2505,3.9368,1.3652,1.3652,21829.824,12420.864,7814.034,319806.9216,181965.6576
300955.SZ,20250124,14.88,2.461,3.2281,1.06,37.3443,92.6531,1.5604,1.4766,1.5335,2.3522,2.3522,10080.0,5884.6341,4486.1788,149990.4,87563.3554
002060.SZ,20250124,3.46,0.8369,1.174,1.25,8.4687,10.5633,0.9909,0.1606,0.1831,4.4798,4.4798,375439.3242,156280.266,111410.852,1299020.0617,540729.7204
002877.SZ,20250124,8.48,3.0041,4.0117,1.11,28.5895,49.9488,2.6107,2.9296,2.8726,0.5301,0.5301,35387.2751,23854.3708,17862.8848,300084.0928,202285.0644
301600.SZ,20250124,184.67,13.4959,13.4959,0.58,101.5423,76.5392,10.3091,15.9315,13.0175,,,7015.0,1755.0,1755.0,1295460.05,324095.85
002250.SZ,20250124,5.84,2.7911,3.7653,0.55,,,0.8447,0.8262,0.9204,0.3425,0.3425,91133.3117,90653.4156,67199.8303,532218.5403,529415.9471
000503.SZ,20250124,9.76,2.2576,2.9973,1.27,,,6.8922,29.0119,25.9282,0.0,,98131.2532,95511.1492,71940.8899,957761.0312,932188.8162
002492.SZ,20250124,4.83,1.4827,2.5969,1.08,16.9285,23.0697,1.1649,4.9674,5.3883,2.4845,2.4845,40500.0,39783.4725,22713.2925,195615.0,192154.1722
301086.SZ,20250124,50.52,3.8547,5.5674,1.04,42.9518,39.8779,2.3379,6.78,5.6026,1.7815,1.7815,9000.0,3249.675,2250.0,454680.0,164173.581
688095.SH,20250124,78.84,4.5974,7.6394,2.0,,796.1199,2.833,11.8035,10.6417,0.4927,0.4927,9143.9524,9143.9524,5502.8856,720909.2072,720909.2072
300860.SZ,20250124,27.7,5.4375,10.7227,1.61,39.3279,54.0378,1.6665,7.8147,7.693,1.5325,1.5325,19093.1343,11189.7529,5674.2932,528879.8201,309956.1553
301510.SZ,20250124,26.56,2.7726,4.7997,1.52,206.8399,206.5845,7.8367,26.2862,24.6035,0.1412,0.1412,40001.0,28040.072,16197.376,1062426.56,744744.3123
000537.SZ,20250124,8.45,0.6646,2.1171,1.37,18.99,17.0021,0.8951,4.7317,4.6133,2.1302,2.1302,206660.2352,206659.6652,64868.7015,1746278.9874,1746274.1709
600312.SH,20250124,18.04,0.7229,1.2342,1.0,30.0091,21.8505,2.4197,2.2099,2.1258,1.9401,2.4058,135692.1309,135692.1309,79485.2086,2447886.0414,2447886.0414
002786.SZ,20250124,9.08,2.236,3.7791,0.7,18.3837,17.3277,12.0612,1.9382,1.975,0.0,,49561.2,49411.2,29235.06,450015.696,448653.696
000421.SZ,20250124,6.3,3.7065,8.0725,0.62,,,1.3692,0.7835,0.7352,1.5927,1.5927,57606.0994,57426.2434,26367.1787,362918.4262,361785.3334
605108.SH,20250124,22.17,1.4147,4.5046,0.88,18.9543,31.2464,2.5988,2.4003,2.2313,1.8422,1.8422,26000.0,26000.0,8165.4852,576420.0,576420.0
605178.SH,20250124,16.4,2.1919,3.8314,0.72,,,1.1109,8.0258,6.8882,0.0,,9925.16,9925.16,5678.0128,162772.624,162772.624
600433.SH,20250124,3.16,0.6547,1.2132,0.71,,59.724,1.2338,0.7512,0.756,0.0,,176001.3433,175027.9233,94450.9404,556164.2448,553088.2376
002368.SZ,20250124,23.48,1.2537,2.0048,0.9,38.9975,68.0733,2.9144,1.5915,1.7607,0.7709,0.7709,62323.1286,62021.6484,38784.2604,1463347.0595,1456268.3044
603458.SH,20250124,5.68,1.005,1.11,0.68,30.7267,,0.5459,0.8604,1.0492,0.9847,0.9847,30612.4514,30612.4514,27716.2789,173878.724,173878.724
600990.SH,20250124,19.63,1.7461,3.2455,0.94,,,2.5221,2.7845,2.7634,0.0,,27328.9812,26901.2696,14473.0042,536467.901,528071.9222
603517.SH,20250124,14.76,1.3318,2.4984,0.79,26.5755,23.2741,1.4082,1.2601,1.3771,5.3669,5.3669,61992.5248,61992.5248,33044.7308,915009.666,915009.666
600115.SH,20250124,3.88,0.4509,0.9895,0.94,,,4.3764,0.7604,0.6613,0.0,,2229129.657,1711451.8793,779823.8447,8649023.0692,6640433.2917
600589.SH,20250124,3.59,3.1785,4.4479,1.26,64.2787,30.0996,8.7574,14.4692,13.4463,0.0,,147846.989,147846.989,105651.6522,530770.6905,530770.6905
603222.SH,20250124,6.46,0.9781,1.5865,0.48,,,2.2906,3.7921,3.7709,0.0,,52509.0615,52509.0615,32373.8075,339208.5373,339208.5373
000937.SZ,20250124,5.97,0.3552,1.2147,0.84,4.2666,9.407,1.0045,0.8671,1.1281,13.4003,13.4003,353354.685,343339.4152,100390.3585,2109527.4695,2049736.3087
002838.SZ,20250124,11.71,0.7093,1.5934,1.28,37.4764,37.3818,1.7673,1.1546,1.0601,0.5447,0.8372,44804.7064,39027.0191,17373.6787,524663.1119,457006.3937
688262.SH,20250124,26.91,3.2001,3.7949,0.95,,,4.022,20.1207,17.5176,,,33599.9913,26435.064,22291.8984,904175.7659,711367.5722
300733.SZ,20250124,13.09,6.7104,9.2112,0.88,,,2.485,2.6331,2.4151,0.0,,30567.628,24375.6777,17757.9084,400130.2505,319077.6211
600642.SH,20250124,8.55,0.4781,1.3841,0.99,12.0985,9.8782,1.1958,1.4359,1.4125,4.6786,4.6786,489409.4676,487904.0506,168529.587,4184450.948,4171579.6326
600295.SH,20250124,9.5,0.4824,2.0911,0.88,9.1568,12.7096,1.2727,0.8702,0.9266,8.4211,8.4211,279877.6254,197557.6254,45577.9458,2658837.4413,1876797.4413
600444.SH,20250124,15.19,1.2915,2.3341,1.51,55.537,42.0145,3.1858,2.9458,2.4513,0.6583,0.6583,14642.1932,14642.1932,8101.736,222414.9147,222414.9147
605100.SH,20250124,13.6,1.5996,3.5378,0.73,21.2954,22.7098,1.3058,1.7212,2.1686,4.3911,4.3911,17113.2,16993.2,7683.2,232739.52,231107.52
301399.SZ,20250124,26.32,12.0558,14.2526,0.58,33.1975,47.9459,2.5652,5.9224,6.5114,1.3101,1.3101,12760.0,3771.2818,3190.0,335843.2,99260.137
600606.SH,20250124,1.93,0.5898,2.1259,0.87,,,0.3343,0.0753,0.1018,0.0,,1405421.8314,1405421.8314,389885.2311,2712464.1346,2712464.1346
300320.SZ,20250124,9.45,1.5208,1.8349,1.09,41.9896,36.5341,2.4938,2.0773,1.7887,0.455,0.455,60123.4191,49029.0337,40637.427,568166.3105,463324.3685
003036.SZ,20250124,12.79,2.5754,9.3259,1.27,21.2606,30.1434,2.0398,1.973,1.8173,3.2832,3.2832,21604.0557,21604.0557,5966.0557,276315.8724,276315.8724
301233.SZ,20250124,47.48,4.6935,4.747,0.48,38.1664,29.0373,2.7009,7.1874,6.2642,0.9178,0.9178,5147.0,1866.855,1845.805,244379.56,88638.2754
300313.SZ,20250124,5.58,1.834,3.8053,1.03,,,85.0325,12.7012,11.7817,0.0,,31297.7396,19735.2789,9511.5479,174641.387,110122.8563
605118.SH,20250124,18.73,2.4159,21.2539,0.79,49.4564,50.3477,5.2965,12.6244,12.7951,1.8153,1.8153,40711.6,40711.6,4627.57,762528.268,762528.268
300890.SZ,20250124,27.62,2.104,2.1383,0.78,39.6555,66.4074,1.6206,1.9497,2.3364,1.0647,1.0647,11903.1479,10695.2119,10523.4219,328764.945,295401.7527
301309.SZ,20250124,24.94,3.9,3.9,1.11,24.0045,17.0653,1.6412,3.6187,2.6352,1.2029,1.2029,10000.0,2500.0,2500.0,249400.0,62350.0
002436.SZ,20250124,11.1,2.8472,2.9681,0.71,88.7949,,3.7016,3.499,3.2771,0.4498,0.4498,168959.9079,149985.4012,143875.9874,1875454.9777,1664837.9533
301290.SZ,20250124,23.16,1.1123,1.2019,0.82,23.8629,25.3862,1.0471,5.3489,5.2892,2.5587,2.5587,10017.3334,6817.915,6309.835,232001.4415,157902.9114
002173.SZ,20250124,8.3,5.0429,7.0158,0.79,,,1.9881,4.5466,4.5284,0.0,,44128.4352,41568.6468,29879.2924,366266.0122,345019.7684
300936.SZ,20250124,38.17,3.5251,6.0275,0.45,19.6585,74.9702,2.8396,10.3235,10.1342,1.8339,1.8339,7520.0,4746.0275,2775.6775,287038.4,181155.8697
002268.SZ,20250124,16.18,1.1586,1.7947,0.98,39.2331,229.8768,2.5943,4.453,5.8373,0.3709,0.3709,84567.7003,84328.0656,54439.3121,1368305.3909,1364428.1014
688507.SH,20250124,63.63,3.2036,3.5807,0.74,98.648,236.6031,2.0655,17.6976,16.1598,0.5069,0.5069,8910.8784,4856.5877,4345.1588,566999.1926,309024.6754
001316.SZ,20250124,28.8,2.4603,2.8238,1.14,25.7119,27.6193,2.0041,2.8762,2.668,2.2329,2.2329,8246.0,2720.725,2370.505,237484.8,78356.88
603838.SH,20250124,5.01,2.5254,6.8399,0.72,,,1.6242,8.6288,6.4645,0.0,,32001.6,32001.6,11815.4468,160328.016,160328.016
002519.SZ,20250124,5.94,1.9862,2.9884,0.99,35.7992,33.1189,2.0878,5.9295,6.0868,1.6835,1.6835,112643.0898,111788.5526,74299.2136,669099.9534,664024.0024
603529.SH,20250124,41.92,0.4247,1.4322,0.56,19.203,19.2436,4.512,1.7172,1.7165,2.0644,2.0644,86171.5952,84276.6752,24990.1052,3612313.2708,3532878.2244
000900.SZ,20250124,4.16,0.6857,1.283,1.24,11.6349,11.9428,0.5751,0.7982,0.8273,3.6058,3.6058,151782.8334,151776.0834,81118.1949,631416.5869,631388.5069
600958.SH,20250124,9.91,0.5197,0.8114,1.11,30.5771,26.3243,1.1132,4.9269,4.8186,2.2598,2.2598,849664.5292,746948.2864,478386.8038,8420175.4844,7402257.5182
601156.SH,20250124,17.08,1.7155,2.8133,0.67,10.8971,9.3818,1.605,1.3149,1.1268,2.2775,2.2775,158755.5556,94459.5556,57598.8923,2711544.8896,1613369.2096
600770.SH,20250124,4.05,1.0011,1.7922,0.87,,663.4061,1.5877,16.3674,17.5244,0.0,,130000.0,130000.0,72615.9262,526500.0,526500.0
600097.SH,20250124,9.31,0.8632,1.8026,0.84,15.1191,15.1211,1.0212,1.1135,0.8863,2.0408,2.0408,24093.6559,24093.6559,11537.017,224311.9364,224311.9364
688089.SH,20250124,19.7,1.1223,2.0866,0.8,36.2869,28.8697,2.172,7.4711,6.5512,1.0152,1.0152,16830.912,16830.912,9052.9578,331568.9664,331568.9664
603813.SH,20250124,10.85,3.9952,9.7615,0.87,,,1.8694,2.4982,3.3112,2.287,2.287,10501.5,8994.2,3681.2,113941.275,97587.07
300174.SZ,20250124,15.32,2.4326,3.403,0.95,23.6347,20.512,1.7329,2.7809,2.8985,0.6498,1.2927,36585.286,36456.3462,26060.4726,560486.5815,558511.2238
688007.SH,20250124,14.46,1.1556,1.7434,1.06,64.3624,377.9044,2.5107,3.0006,2.9099,0.4831,0.4831,45929.1145,45929.1145,30444.3903,664134.9957,664134.9957
002416.SZ,20250124,13.01,2.7277,5.3438,0.73,24.6047,24.3036,2.6902,0.1752,0.2016,3.0746,3.0746,123928.1806,122390.4304,62472.1393,1612305.6296,1592299.4995
000953.SZ,20250124,5.33,2.3667,3.586,0.88,,27.2712,13.485,10.4079,9.6188,0.0,,36612.2195,36612.2195,24162.8606,195143.1299,195143.1299
301291.SZ,20250124,51.47,1.7018,2.1064,0.6,32.2753,26.1453,3.6153,3.2475,2.8017,1.2434,1.2434,31220.0,17477.1195,14120.5845,1606893.4,899547.3407
600345.SH,20250124,24.07,5.5705,8.7911,2.98,35.8841,48.3292,2.2953,11.4054,7.4389,0.3324,0.3324,32961.2132,21155.9297,13405.5782,793376.4017,509223.2279
000931.SZ,20250124,4.52,0.9506,1.3999,1.14,69.7831,57.6628,2.1452,1.4953,1.3467,0.0,,75312.6982,74619.1982,50671.9609,340413.3959,337278.7759
605580.SH,20250124,10.84,1.5995,6.219,0.71,22.3484,20.6576,3.3207,3.8477,3.6922,3.2288,3.2288,28000.0,28000.0,7201.6,303520.0,303520.0
688084.SH,20250124,52.29,2.6019,2.6019,0.92,129.2608,1095.7407,2.4787,17.5448,18.8674,0.3784,0.3784,7565.9066,3684.925,3684.925,395621.2561,192684.7283
603235.SH,20250124,26.69,0.5114,1.8327,0.82,24.5545,20.961,2.6218,6.2085,5.8182,1.8675,1.8675,43778.0,14706.52,4103.8709,1168434.82,392517.0188
603987.SH,20250124,7.2,0.8188,1.3688,1.11,13.62,15.0288,1.2968,1.2823,1.3775,2.2222,2.2222,43679.088,43679.088,26128.187,314489.4336,314489.4336
688708.SH,20250124,57.77,3.5409,3.5409,0.75,40.9944,46.5283,7.6698,23.5599,26.825,,,40001.0,3571.0575,3571.0575,2310857.77,206299.9918
603379.SH,20250124,42.92,1.058,2.8467,1.31,93.6966,43.4895,4.2096,7.8595,6.9607,0.5359,0.5359,61047.9037,61047.9037,22688.9564,2620176.0268,2620176.0268
000762.SZ,20250124,20.48,1.0835,1.3694,0.91,65.1574,52.5902,3.5722,13.2508,12.8014,0.4883,0.4883,52117.414,52080.0618,41206.7135,1067364.6387,1066599.6657
002724.SZ,20250124,4.84,2.0968,5.1157,2.48,85.5082,538.9401,1.3193,2.1957,2.2594,0.811,0.811,77149.7994,57176.5616,23435.4665,373405.0291,276734.5581
300163.SZ,20250124,2.5,2.4279,2.6215,0.59,,,2.4244,4.6974,4.6825,0.0,,47400.0,41596.4553,38525.5904,118500.0,103991.1383
300205.SZ,20250124,4.49,2.3962,3.9661,1.33,97.9842,,1.4218,1.1355,1.6075,0.4454,0.4454,43005.6,42599.1218,25737.4813,193095.144,191270.0569
002828.SZ,20250124,8.34,2.9313,3.5272,0.63,38.8228,51.6359,2.8004,1.7087,1.8324,1.0586,1.0586,20098.76,19228.1256,15979.6256,167623.6584,160362.5675
002362.SZ,20250124,24.81,14.368,18.1388,3.21,,,5.1387,4.1818,3.7342,0.0,,24445.4646,20759.3932,16443.7784,606491.9767,515040.5453
001216.SZ,20250124,12.56,0.8146,0.8146,0.59,17.6225,15.8576,1.8729,2.5687,2.4049,2.0701,2.0701,25186.67,25186.67,25186.67,316344.5752,316344.5752
600703.SH,20250124,11.65,0.539,0.8319,1.01,158.5609,131.756,1.5786,4.136,3.6898,0.2492,0.2492,498901.8727,498901.8727,323219.3001,5812206.817,5812206.817
002441.SZ,20250124,8.75,15.8951,23.3788,2.69,18.772,36.4902,1.0505,0.3999,0.4232,3.4286,3.4286,54454.3609,39907.9729,27133.1644,476475.6579,349194.7629
002607.SZ,20250124,3.3,4.9052,5.4406,0.72,,,27.6808,6.5944,8.0736,0.0,,616739.9389,502874.4315,453389.7525,2035241.7984,1659485.624
600598.SH,20250124,14.06,0.7484,2.0873,0.85,23.4971,22.372,3.099,4.9548,4.6092,3.1294,3.1294,177767.9909,177767.9909,63741.7788,2499417.9521,2499417.9521
600281.SH,20250124,3.23,1.2847,2.273,0.84,,,10.4349,6.1412,6.1065,0.0,,51440.2025,51440.2025,29074.8686,166151.8541,166151.8541
600008.SH,20250124,3.13,1.0192,1.9005,1.25,14.305,6.4165,1.0696,1.0777,1.0913,3.1949,3.1949,734059.0677,734059.0677,393643.2234,2297604.8819,2297604.8819
000819.SZ,20250124,15.9,0.7455,1.0941,0.51,58.1557,58.8079,2.715,1.9163,1.5743,0.6289,0.6289,36969.7506,34880.2723,23767.0895,587819.0345,554596.3296
002661.SZ,20250124,9.78,2.2062,3.9363,0.8,,43.0834,1.3426,0.6486,0.7112,1.9261,1.9261,34383.4842,32281.4802,18093.3653,336270.4755,315712.8764
300107.SZ,20250124,8.78,2.4116,3.0181,0.93,334.8023,277.6502,3.2717,7.494,7.7271,0.1805,0.1805,56180.6868,34640.7795,27679.4199,493266.4301,304146.044
000001.SZ,20250124,11.34,0.4869,1.1579,0.89,4.7371,4.7276,0.5293,1.3362,1.4804,8.5097,8.5097,1940591.8198,1940561.7528,816049.809,22006311.2365,22005970.2768
002130.SZ,20250124,28.37,14.661,18.7764,0.96,51.0267,40.8273,6.6964,6.2453,5.4728,0.5928,0.5928,125989.8562,124914.9129,97536.1301,3574332.2204,3543836.079
603789.SH,20250124,6.47,0.7789,1.7849,0.42,,,5.0849,5.6738,5.4088,0.0,,27045.14,26000.0,11345.6318,174982.0558,168220.0
002078.SZ,20250124,13.61,0.6027,1.0967,0.97,12.3258,11.1605,1.3741,0.9618,0.9205,2.2043,2.2043,279453.5119,277530.7188,152517.1406,3803362.297,3777193.0829
002361.SZ,20250124,5.04,8.257,9.0728,0.49,188.4275,169.3561,2.153,1.8643,1.9554,1.9841,1.9841,95103.4969,80192.2984,72981.8989,479321.6244,404169.1839
600696.SH,20250124,10.43,2.3071,6.9883,1.05,40.0655,,6.5843,2.1409,6.8907,0.0,,33446.9431,33446.9431,11042.1947,348851.6165,348851.6165
688403.SH,20250124,8.71,1.3282,1.3282,0.86,37.2415,47.1647,2.3552,5.8942,5.1653,1.1295,1.1295,83797.6281,57896.5058,57896.5058,729877.3408,504278.5655
601939.SH,20250124,8.41,0.7951,1.1846,0.82,6.3207,6.3146,0.6845,2.7316,2.8023,4.7562,7.0987,25001097.7486,959365.7606,643946.1267,210259232.0657,8068266.0466
603727.SH,20250124,12.21,3.8186,7.3245,1.55,,32.7213,1.0684,1.9121,1.5513,1.2122,1.2122,28171.9277,28171.9277,14687.2977,343979.2372,343979.2372
002066.SZ,20250124,10.72,1.2342,2.0615,0.78,34.0133,39.8922,3.428,0.535,0.5652,0.9328,0.9328,23100.0,23100.0,13830.2535,247632.0,247632.0
000831.SZ,20250124,28.25,1.1954,1.9292,0.64,71.7773,336.3385,6.5544,7.5168,10.5754,0.2832,0.2832,106122.0807,106122.0807,65757.3396,2997948.7798,2997948.7798
603917.SH,20250124,11.39,2.2748,3.315,1.28,53.1645,452.9363,1.3672,3.4542,3.7531,1.7559,1.7559,20384.0,20384.0,13987.7763,232173.76,232173.76
002788.SZ,20250124,8.16,0.6985,1.1378,1.07,8.7209,8.8333,1.0319,0.1597,0.1548,3.6765,3.6765,38851.6736,38158.6235,23426.7641,317029.6566,311374.3678
000848.SZ,20250124,8.68,0.6571,1.1354,0.89,14.3172,14.8854,2.8692,3.0921,2.9675,4.6083,4.6083,105255.4074,103951.8736,60158.687,913616.9362,902302.2628
600168.SH,20250124,4.27,0.4704,1.1782,1.03,29.3141,,0.8046,1.3668,1.1731,1.0371,1.0371,99339.7569,99339.7569,39657.1387,424180.762,424180.762
601568.SH,20250124,3.99,0.317,0.888,1.12,42.5401,86.9615,1.3606,1.4452,1.5676,2.5063,2.5063,397222.2224,397222.2224,141786.639,1584916.6674,1584916.6674
601086.SH,20250124,4.69,2.0237,8.268,0.74,19.7995,48.2352,2.0212,3.2214,3.769,3.8155,3.8155,66600.0,66600.0,16301.3,312354.0,312354.0
002189.SZ,20250124,18.12,1.9844,3.4331,1.06,,,4.405,2.1775,2.3283,0.0,,26119.9273,26115.8271,15095.4364,473293.0827,473218.7871
688613.SH,20250124,17.09,0.8815,1.2966,1.29,42.7162,453.1786,1.6294,10.2288,12.1166,0.3511,0.3511,13555.1584,13555.1584,9215.2742,231657.6571,231657.6571
300933.SZ,20250124,6.78,4.5694,8.7888,0.81,47.6225,63.3655,2.0253,1.1288,1.0359,0.5804,0.5804,46606.1392,46606.1392,24231.1392,315989.6238,315989.6238
600510.SH,20250124,4.65,0.4472,1.1177,0.59,13.1717,99.4238,0.4734,0.6534,1.4944,2.6882,2.6882,103202.5457,103202.5457,41290.4959,479891.8375,479891.8375
002157.SZ,20250124,2.74,0.6112,0.6588,0.89,2.9718,2.176,2.2504,3.6251,3.5984,0.0,,925016.2589,715453.5934,663726.1384,2534544.5494,1960342.8459
301319.SZ,20250124,31.26,2.8448,3.7813,0.6,26.0189,27.1676,2.3582,2.7577,2.3975,3.0887,3.0887,8502.8,3864.1038,2907.1038,265797.528,120791.8848
301283.SZ,20250124,25.53,1.2006,1.6405,0.77,18.8938,21.3488,1.3681,1.2548,1.0686,2.5189,4.4566,8000.0,4545.4079,3326.4512,204240.0,116044.2637
300957.SZ,20250124,40.06,0.7686,2.2353,0.88,22.4227,28.6465,2.8743,3.073,2.778,1.4872,1.4872,42360.0,42360.0,14565.1606,1696941.6,1696941.6
600623.SH,20250124,6.71,0.5291,1.4944,1.0,15.7978,16.9221,0.6325,0.3498,0.3254,1.9374,1.9374,213144.9598,186677.0243,66100.1853,1430202.6803,1252602.8331
301115.SZ,20250124,13.59,1.1452,1.1452,1.24,25.016,56.9766,0.9731,1.8511,1.7213,2.4948,2.4948,18515.934,10555.8826,10555.8826,251631.5431,143454.4445
002277.SZ,20250124,4.87,4.5767,6.7327,0.77,139.6575,89.5986,0.9998,5.1268,5.3302,0.3285,0.3285,139417.28,139417.28,94772.406,678962.1536,678962.1536
002219.SZ,20250124,2.51,1.2597,2.2666,1.02,276.2599,169.5283,3.7581,2.368,2.2588,0.0,,338738.1753,327204.372,181845.9128,850232.82,821282.9737
600681.SH,20250124,3.3,0.3938,0.9895,0.72,12.0102,16.086,1.3005,0.8471,0.8373,6.6667,6.6667,134085.481,133980.8772,53322.9137,442482.0873,442136.8948
000089.SZ,20250124,7.0,0.4807,1.1171,0.63,36.1877,25.652,1.2777,3.4469,3.1288,1.4286,1.4286,205076.9509,205074.2403,88244.6871,1435538.6563,1435519.6821
300479.SZ,20250124,20.41,20.0959,27.4594,7.74,,,9.4658,9.7001,13.3744,0.0,,19704.0865,19704.0865,14420.2438,402160.4055,402160.4055
600319.SH,20250124,4.76,0.9027,1.356,0.85,289.9692,,3.3815,2.2374,2.15,0.0,,38770.9384,31559.4,21010.7241,184549.6668,150222.744
002891.SZ,20250124,37.93,2.756,5.9542,0.64,47.8453,32.9675,4.6821,2.9771,2.6414,1.2822,1.2822,29411.5163,29411.5088,13613.7244,1115578.8133,1115578.5288
301133.SZ,20250124,22.11,0.9038,2.4878,0.99,25.9396,24.671,2.4,2.5456,2.165,0.6784,0.6784,10662.2978,9634.0923,3499.9445,235743.4044,213009.7808
300982.SZ,20250124,17.28,2.1149,4.9705,0.78,45.6149,,1.1627,1.3274,1.7357,2.0103,2.0103,20696.5146,19389.7146,8250.2706,357635.7723,335054.2683
600081.SH,20250124,10.16,0.906,3.5902,1.0,41.8791,40.0857,1.235,0.8245,0.8242,0.7205,0.7205,55302.617,55302.617,13955.4119,561874.5887,561874.5887
603662.SH,20250124,81.87,14.2034,30.5771,1.19,73.8066,79.6525,8.8482,21.5071,19.4559,0.4067,0.4067,28165.9426,28082.9868,13044.8776,2305945.7207,2299154.1293
300716.SZ,20250124,11.68,2.9729,3.8144,1.53,,,24.2064,1.6037,3.89,0.0,,16002.0,16002.0,12471.56,186903.36,186903.36
601016.SH,20250124,2.99,0.7226,1.2883,1.13,12.8102,12.9372,1.128,3.7836,3.7947,2.8098,2.8098,647371.3838,595965.3319,334259.9423,1935640.4376,1781936.3424
600769.SH,20250124,9.28,1.5232,1.9059,0.85,286.183,258.3808,34.2184,52.2514,47.1609,0.0,,37497.72,37497.72,29968.6023,347978.8416,347978.8416
688015.SH,20250124,19.13,0.726,1.5656,1.25,40.5613,48.6761,1.4531,1.8096,1.6672,1.0455,1.0455,18868.0742,18868.0742,8749.2671,360946.2594,360946.2594
003041.SZ,20250124,28.52,4.683,16.5922,1.95,38.7652,51.962,3.091,4.3109,4.689,1.4025,1.4025,14400.0,13682.34,3861.7236,410688.0,390220.3368
002174.SZ,20250124,8.88,2.1793,2.7163,0.92,89.0206,94.465,1.83,5.0039,5.6345,0.5721,0.5721,91592.2072,91533.3347,73438.5757,813338.7999,812816.0121
300384.SZ,20250124,18.34,11.4113,16.3447,2.79,20.1532,17.2173,2.2944,4.6801,4.6255,4.1658,4.1658,31900.7265,21969.1177,15338.0244,585059.324,402913.6186
603776.SH,20250124,12.56,2.0016,3.4538,0.64,,,1.0052,5.515,5.903,2.2895,2.2895,23939.7417,23939.7417,13874.2781,300683.1558,300683.1558
603538.SH,20250124,12.53,1.308,1.7891,1.01,236.4277,134.9499,1.3029,2.2517,2.2143,0.1597,0.1597,21860.7725,21331.3425,15595.7511,273915.4794,267281.7215
002302.SZ,20250124,6.03,0.7526,1.9449,0.76,11.8032,25.4336,0.83,0.3329,0.3534,1.9071,1.9071,126235.4304,126235.4304,48851.5666,761199.6453,761199.6453
688739.SH,20250124,25.53,1.3084,1.3217,2.16,22.8191,32.014,1.1134,6.0751,6.1882,3.099,3.099,41645.0,18878.6236,18687.5736,1063196.85,481971.2605
688523.SH,20250124,18.84,1.7872,1.7872,1.19,57.0452,56.9647,4.8467,16.803,14.6199,1.0551,1.0551,40688.0,8532.5295,8532.5295,766561.92,160752.8558
301219.SZ,20250124,45.88,1.367,2.1227,0.95,35.7644,17.9232,1.5684,2.4392,2.0927,3.2145,3.2145,29471.7182,16788.1126,10811.3676,1352162.431,770238.6061
920871.BJ,20250124,12.86,2.9364,5.0217,0.88,43.2354,30.7722,3.7317,6.3293,6.114,1.4843,1.4843,7725.9616,4017.0667,2348.9452,99355.8662,51659.4778
002356.SZ,20250124,3.09,0.6844,1.0138,0.64,,,7.1959,24.5583,20.5963,0.0,,131125.4521,131125.4521,88523.5832,405177.647,405177.647
300160.SZ,20250124,5.34,0.9037,1.5374,1.07,19.841,19.4069,1.6569,2.8713,2.735,1.8727,1.8727,77294.6292,75939.1517,44635.1261,412753.3199,405515.0701
600223.SH,20250124,7.06,1.2656,2.7681,0.69,23.6562,30.3445,1.7793,1.5675,1.8003,2.1246,2.1246,101656.8775,101656.8775,46478.3575,717697.5552,717697.5552
002685.SZ,20250124,6.5,3.2582,4.1903,0.86,,,4.4736,9.7607,6.0315,0.0,,100769.0641,100755.6316,78342.2164,654998.9167,654911.6054
688315.SH,20250124,12.22,0.6267,1.8406,1.22,28.5632,27.1626,2.0952,2.5403,2.4309,0.3814,0.3814,41620.0,41620.0,14171.8558,508596.4,508596.4
603027.SH,20250124,11.61,1.1923,2.2768,0.8,22.4941,24.1108,3.4015,3.7208,3.7717,4.3066,4.3066,102773.1086,96124.259,50340.1869,1193195.7908,1116002.647
603990.SH,20250124,11.81,9.5791,12.421,0.82,,,3.9457,5.8517,5.7563,0.0,,30628.2731,30628.2731,23620.5583,361719.9053,361719.9053
603666.SH,20250124,29.84,12.9962,24.5494,1.86,,,2.6822,8.2345,8.0415,0.0,,20649.0816,20649.0816,10931.3716,616168.5949,616168.5949
001339.SZ,20250124,38.19,8.8822,8.8822,1.14,291.4674,114.2836,4.7135,2.6091,2.6078,0.3143,0.3143,25041.7985,7311.931,7311.931,956346.2847,279242.6449
002006.SZ,20250124,16.84,2.2846,3.2633,1.02,47.7544,76.9881,3.8922,5.6837,5.4648,0.7671,0.7671,51979.344,45516.0,31865.76,875332.153,766489.44
603353.SH,20250124,14.55,1.0961,3.3382,0.73,48.3007,62.1404,1.5087,0.7707,1.0176,0.6755,0.6755,17339.4,17041.8,5596.0,252288.27,247958.19
002958.SZ,20250124,2.96,1.0859,1.2992,1.06,6.4041,6.0346,0.4665,1.5926,1.5606,3.3784,3.3784,555561.6868,492736.8472,411845.0972,1644462.5929,1458501.0677
002982.SZ,20250124,17.28,1.8323,2.8834,0.94,,,1.5801,0.6447,0.6201,0.0,1.1574,14513.8221,9274.3159,5893.3613,250798.8459,160260.1788
002300.SZ,20250124,5.24,0.741,1.6605,1.07,21.4391,33.5584,2.0046,0.2794,0.2696,3.0534,3.0534,72233.37,72227.5059,32232.8285,378502.8588,378472.1309
600657.SH,20250124,4.42,1.4496,5.3838,0.54,24.9428,78.7686,0.5138,1.1038,1.1466,0.0,,285187.8595,285187.8595,76789.1751,1260530.339,1260530.339
002867.SZ,20250124,12.35,0.6553,1.8053,1.08,10.2843,12.5825,2.3021,0.8309,0.9267,7.6189,7.6189,109592.6265,107979.6332,39194.444,1353468.9373,1333548.47
300369.SZ,20250124,7.18,2.3393,3.1444,1.22,,,2.3535,3.4145,3.2831,0.0,,79930.8527,79822.9068,59384.9256,573903.5224,573128.4708
600858.SH,20250124,5.81,8.0033,13.7584,0.64,13.9473,30.9143,1.1206,0.5455,0.551,0.5164,0.5164,52006.6589,51754.8029,30105.9585,302158.6882,300695.4048
920394.BJ,20250124,22.69,5.0299,5.0299,0.71,40.6499,37.5194,4.8415,9.7465,9.1168,0.8814,0.8814,14625.0,4795.375,4795.375,331841.25,108807.0588
301581.SZ,20250124,55.46,14.4307,14.4307,0.68,28.209,32.08,4.4869,5.8457,6.5073,,,8000.0,2000.0,2000.0,443680.0,110920.0
603095.SH,20250124,22.35,2.5206,8.8963,1.51,85.2739,77.8693,1.6958,5.814,3.9098,2.4527,2.4527,18480.0,18480.0,5235.986,413028.0,413028.0
600150.SH,20250124,33.78,1.284,2.5896,1.82,51.085,56.6534,3.0493,2.0187,1.8571,0.5921,0.5921,447242.8758,447242.8758,221754.6394,15107864.3445,15107864.3445
300536.SZ,20250124,5.88,1.5859,1.9585,0.74,,,3.1421,24.1439,17.8735,0.0,,29328.8133,29325.324,23747.324,172453.4222,172432.9051
605319.SH,20250124,24.73,1.5694,4.0076,0.55,22.3059,17.1288,2.7399,2.669,2.5435,2.3381,2.3381,25006.1583,21368.1583,8368.1583,618402.2948,528434.5548
300595.SZ,20250124,17.04,1.3825,1.9622,1.27,22.9214,23.4658,3.2784,8.7956,8.2654,1.3094,1.3094,89667.7672,66849.476,47098.1532,1527938.7531,1139115.071
603255.SH,20250124,29.43,1.2295,1.9442,0.86,64.5111,166.0395,2.4958,5.2324,5.3712,0.1575,0.1575,13451.1667,6067.5248,3837.1667,395867.836,178567.2549
000581.SZ,20250124,18.09,0.8094,1.3423,1.11,9.8163,10.061,0.9367,1.6258,1.6443,6.5396,6.5396,99698.6293,82380.0118,49672.8019,1803548.204,1490254.4135
003002.SZ,20250124,22.82,1.0037,2.0503,0.76,22.2981,29.6627,3.4203,3.4737,4.0288,1.0845,1.0845,20000.0,18287.45,8952.45,456400.0,417319.609
603709.SH,20250124,11.26,1.9769,6.7444,1.21,66.3702,,2.4799,1.2873,0.9584,1.2299,1.2299,12590.24,12480.0,3658.044,141766.1024,140524.8
002092.SZ,20250124,4.45,0.4491,0.6432,0.99,,,0.515,0.3105,0.3931,0.0,,259001.9517,257562.4767,179825.8635,1152558.6851,1146153.0213
603661.SH,20250124,29.62,0.3864,1.3568,0.99,15.6563,25.2531,1.1114,0.5027,0.4027,0.0,,13906.7031,13906.7031,3960.9165,411916.5458,411916.5458
601992.SH,20250124,1.66,0.8621,2.3623,1.49,701.6277,,0.4027,0.1642,0.1577,1.506,1.506,1067777.1134,833415.8264,304155.2326,1772510.0082,1383470.2718
688550.SH,20250124,32.8,2.0649,3.3434,1.31,42.7123,25.8829,1.9384,4.7437,4.1845,1.4073,1.4073,17473.132,17473.132,10791.6199,573118.7296,573118.7296
920396.BJ,20250124,19.14,8.4032,13.661,1.59,32.2377,26.6305,3.6901,4.8174,4.3719,1.1453,1.1453,5999.028,4200.3819,2583.7557,114821.3959,80395.3096
001215.SZ,20250124,28.11,1.3831,2.3142,0.68,20.7806,22.9544,1.5612,1.4679,1.4408,0.6664,0.6664,9926.3146,9912.4419,5924.2419,279028.7034,278638.7418
300211.SZ,20250124,7.68,4.3443,8.0741,0.63,,,4.7754,12.8097,25.4303,0.0,,30392.9723,29848.1824,16060.0653,233418.0273,229234.0408
300071.SZ,20250124,5.48,15.494,21.0913,0.76,,,20.6515,3.8284,3.6064,0.0,,96388.4336,92529.2181,67973.2737,528208.6161,507060.1152
000608.SZ,20250124,2.08,1.7995,2.5774,0.62,,,0.6436,4.8552,5.0271,0.0,,74991.3309,74475.9609,51998.8609,155981.9683,154909.9987
002687.SZ,20250124,4.39,1.1987,1.6835,0.88,10.9111,16.8431,1.5543,1.4852,1.6877,4.3982,4.3982,50477.9491,41282.9864,29394.2786,221598.1965,181232.3103
300785.SZ,20250124,37.31,25.9357,34.6903,2.39,99.2212,114.9965,4.0498,5.111,4.9305,0.3752,0.3752,19885.5243,12226.4063,9140.898,741928.9116,456167.2191
600831.SH,20250124,2.53,0.5924,0.8367,0.83,,,0.6997,0.7792,1.0676,0.0,,71094.6992,71094.6992,50335.6344,179869.589,179869.589
603800.SH,20250124,24.71,2.003,3.7789,0.76,25.0984,22.426,6.5228,2.2973,2.8898,0.5942,0.5942,20800.0,20800.0,11025.0,513968.0,513968.0
300740.SZ,20250124,11.7,1.5087,2.6024,0.92,15.444,21.794,2.2792,1.0112,1.092,0.8554,0.8554,38833.8526,35739.9489,20720.0622,454356.0754,418157.4021
603822.SH,20250124,49.52,1.2983,2.3513,0.52,1821.3494,,4.2608,1.427,2.5035,0.0,,7682.5886,7682.5886,4241.9188,380441.7875,380441.7875
301418.SZ,20250124,32.52,3.0225,3.0225,1.26,28.5994,51.632,1.4804,5.306,6.9709,1.0419,1.0419,7333.3334,2943.6334,2943.6334,238480.0022,95726.9582
300834.SZ,20250124,19.5,0.9787,0.9787,1.5,47.1461,38.7194,1.2864,2.3663,2.2128,0.9971,0.9971,19371.2353,6888.531,6888.531,377739.0884,134326.3545
002876.SZ,20250124,27.82,2.9781,3.3939,0.54,113.013,98.4133,2.0514,2.3396,2.014,0.0897,0.0897,17388.4932,14895.691,13070.6399,483747.8808,414398.1236
301313.SZ,20250124,24.24,8.3657,8.3657,1.1,241.642,,2.8809,4.4083,5.0313,0.616,0.616,10469.34,6669.6716,6669.6716,253776.8016,161672.8396
301163.SZ,20250124,21.35,4.3367,4.3367,1.09,35.7211,55.1984,1.5696,2.4994,2.7997,1.171,1.171,8160.0,3344.7421,3344.7421,174216.0,71410.2438
300172.SZ,20250124,4.95,1.978,2.1765,0.96,39.0338,48.5607,1.7683,3.3298,4.0167,0.6061,0.6061,67671.0,52351.2387,47576.5986,334971.45,259138.6316
300666.SZ,20250124,70.99,1.822,2.0429,0.74,73.731,53.946,4.2711,7.2403,5.5811,0.2807,0.2807,26533.8583,22050.7825,19666.5184,1883638.6007,1565385.0497
000514.SZ,20250124,3.93,1.3857,3.7641,0.63,31.3628,50.8023,0.8978,2.4939,2.4041,0.3053,0.3053,84377.0965,84377.0965,31062.1866,331601.9892,331601.9892
600282.SH,20250124,4.42,0.5668,1.5221,1.23,12.8216,12.3098,1.0579,0.3756,0.4162,7.9186,7.9186,616509.1011,616509.1011,229601.355,2724970.2269,2724970.2269
000166.SZ,20250124,5.09,0.3565,0.9226,1.36,27.6691,31.0195,1.2414,5.9279,5.6211,1.4342,1.4342,2503994.456,2253550.7316,870678.3453,12745331.781,11470573.2238
688566.SH,20250124,22.09,0.3103,1.1486,1.25,20.108,18.465,1.9989,5.117,4.9657,2.3369,2.3369,19943.0865,19943.0865,5387.0723,440542.7808,440542.7808
600741.SH,20250124,16.6,0.2952,0.7083,0.88,7.2545,7.5334,0.8706,0.3104,0.3143,4.5181,4.5181,315272.3984,315272.3984,131406.0855,5233521.8134,5233521.8134
688631.SH,20250124,90.36,3.0254,4.0713,0.77,111.8235,108.9285,8.1459,8.8139,9.0793,0.4537,0.4537,16347.0,6123.52,4550.46,1477114.92,553321.2672
001317.SZ,20250124,27.75,2.3344,3.3353,0.78,110.4253,158.6107,2.74,2.266,2.0242,0.4324,0.4324,8004.6157,4198.5439,2938.5439,222128.0857,116509.5932
605305.SH,20250124,28.31,2.8405,4.0578,0.85,29.0877,18.4223,2.4037,5.4471,4.4923,0.7065,0.7065,21252.0,21252.0,14876.3999,601644.12,601644.12
300558.SZ,20250124,56.38,0.7652,1.3078,0.71,67.7932,51.3403,4.1856,9.606,8.557,0.3015,0.3015,41848.5885,41718.0997,24407.1373,2359423.4196,2352066.4611
002507.SZ,20250124,13.37,0.7679,1.1889,0.98,18.6648,18.4099,1.8004,6.2975,6.2697,2.2438,2.2438,115391.9028,114891.4515,74201.6595,1542789.7404,1536098.7066
002333.SZ,20250124,5.45,1.1089,3.4513,0.46,70.4235,82.3479,1.9674,2.239,2.194,0.6422,0.6422,67492.48,65256.31,20967.5612,367834.016,355646.8895
000534.SZ,20250124,14.84,2.0122,3.7754,0.7,42.1961,38.6183,6.5634,7.5908,7.2213,0.7652,0.7652,50201.6596,49279.6421,26265.0706,744992.6285,731309.8888
003042.SZ,20250124,14.88,3.7624,7.4066,0.66,,,1.4913,1.2613,1.1442,0.0,,14248.0,12736.5745,6469.9245,212010.24,189520.2286
002475.SZ,20250124,40.97,1.2285,1.9761,1.09,27.0741,23.435,4.626,1.2787,1.1711,0.7262,0.7262,723781.6244,721982.4257,448828.6621,29653333.1517,29579619.9809
600361.SH,20250124,3.77,1.2507,1.2507,0.8,16.1661,15.0318,1.4641,0.2126,0.1962,1.8568,1.8568,410743.5885,166700.6795,166700.6795,1548503.3286,628461.5617
603100.SH,20250124,21.57,0.8101,1.772,0.52,14.8882,14.4278,2.7101,1.4943,1.4668,2.6744,4.0651,51341.175,51004.5559,23317.8716,1107429.1448,1100168.2708
300865.SZ,20250124,23.3,2.3135,5.79,1.06,,,2.5346,4.0978,3.8602,0.2361,0.2361,9568.0,6774.8352,2707.0064,222934.4,157853.6602
300096.SZ,20250124,3.09,2.7766,3.5425,1.94,35.8629,,4.6396,1.6662,2.0265,0.0,,43000.0,42872.0691,33603.8442,132870.0,132474.6935
600038.SH,20250124,36.9,0.5722,1.1287,0.82,68.3417,59.6406,1.8823,1.2968,1.216,0.4836,0.4836,81989.3213,58947.6716,29885.8106,3025405.956,2175169.082
600128.SH,20250124,9.49,11.8088,16.0624,0.48,71.7568,48.8302,1.103,0.3485,0.2987,1.0537,1.0537,24676.75,24676.75,18141.9029,234182.3575,234182.3575
603698.SH,20250124,15.88,0.4714,1.7279,0.81,45.4777,39.8464,2.547,3.0318,2.8476,0.6612,0.6612,53599.0,53599.0,14622.3627,851152.12,851152.12
002730.SZ,20250124,24.79,8.03,17.1671,0.39,75.0417,86.598,5.6786,6.5349,7.3283,0.5244,0.5244,36207.988,34602.988,16185.738,897596.0225,857808.0725
002284.SZ,20250124,8.07,1.1119,1.9689,0.65,61.5196,38.0557,2.0806,1.5395,1.4327,1.2392,1.2392,73910.0348,73121.4173,41292.9298,596453.9808,590089.8376
002537.SZ,20250124,5.59,1.3161,1.7562,1.01,128.8276,373.0096,1.6184,0.7725,0.8032,0.0,,117401.6745,117401.6745,87979.7597,656275.3605,656275.3605
600593.SH,20250124,29.85,5.6422,12.1582,0.98,111.8395,130.6157,11.7581,8.2133,7.7081,0.0,,12880.0,12880.0,5977.2255,384468.0,384468.0
000809.SZ,20250124,2.98,0.8828,1.3436,0.99,,,0.8968,103.3361,26.3528,0.0,,82479.1293,82479.1293,54193.3793,245787.8053,245787.8053
601882.SH,20250124,20.95,0.7453,3.1976,1.22,17.9429,19.8937,4.2386,3.2905,3.3047,1.2888,1.2888,52200.0,52200.0,12166.4977,1093590.0,1093590.0
000564.SZ,20250124,2.74,2.8546,4.9111,1.18,,,2.9989,35.357,33.1987,0.0,,1805806.3354,1471503.0732,855328.4452,4947909.359,4031918.4206
000617.SZ,20250124,6.69,0.6954,3.6162,1.06,17.1679,21.1326,0.8354,109.7895,103.8468,1.7489,2.6457,1264207.9079,1264207.9079,243107.7689,8457550.9039,8457550.9039
002578.SZ,20250124,3.08,9.0542,16.0619,0.84,107.6197,110.806,1.884,1.0237,1.1717,1.2987,1.2987,93863.0183,86116.2561,48544.5537,289098.0964,265238.0688
300396.SZ,20250124,14.76,0.9696,2.0239,0.86,14.6052,17.2096,1.92,2.9208,2.6746,3.4107,3.4107,27270.0161,27243.3695,13051.4192,402505.4376,402112.1338
002286.SZ,20250124,7.65,2.3466,3.3345,1.05,52.4138,25.939,1.3991,1.1208,1.1824,1.5061,1.5061,36976.738,36959.103,26009.3136,282872.0457,282737.138
002574.SZ,20250124,4.49,1.028,2.2398,0.98,14.9024,41.9679,0.7751,0.6021,0.5607,2.2272,2.2272,52800.0,52800.0,24232.0827,237072.0,237072.0
300131.SZ,20250124,7.83,5.2747,5.4356,1.1,161.95,142.311,5.1549,1.7924,1.6565,0.0,,113501.9485,104226.7516,101141.0193,888720.2568,816095.465
600829.SH,20250124,7.19,0.9539,3.7887,0.95,14.2709,16.1839,1.4508,0.4013,0.407,2.0028,2.0028,57988.8597,57988.8597,14599.4243,416939.9012,416939.9012
001225.SZ,20250124,34.05,4.4527,5.7946,0.48,19.3388,31.4506,1.5606,5.71,7.9289,3.6711,3.6711,6466.68,2103.8773,1616.68,220190.454,71637.0221
301379.SZ,20250124,21.34,3.592,3.592,0.7,28.1833,24.1677,2.2232,2.3892,2.2023,1.3389,1.3389,14187.6,9342.55,9342.55,302763.384,199370.017
300343.SZ,20250124,5.73,2.2398,2.5501,0.68,481.723,,3.2048,5.9145,6.3037,0.0,,106896.9119,106621.9389,93649.7579,612519.3052,610943.7099
300683.SZ,20250124,22.15,1.0259,1.7084,1.51,,,1.1973,4.8139,4.7155,0.0,0.5869,13089.4391,12206.4641,7330.2141,289931.0761,270373.1798
301182.SZ,20250124,34.34,11.4076,14.1856,0.62,,,3.7843,6.0237,4.1241,0.0,,9582.17,3825.17,3076.0815,329051.7178,131356.3378
600530.SH,20250124,4.5,2.6652,6.0412,0.56,,2463.7405,11.5649,11.7679,12.3392,0.0,,77492.0,77492.0,34187.1631,348714.0,348714.0
603577.SH,20250124,8.39,1.9525,4.9572,0.75,108.7149,28.8536,1.5043,0.6951,0.6302,0.5959,0.5959,33913.91,33913.91,13357.6785,284537.7049,284537.7049
920016.BJ,20250124,19.85,5.0483,5.0483,1.41,37.2379,34.3605,4.2144,7.4212,7.0318,0.6549,0.6549,7698.1929,1775.7152,1775.7152,152809.1291,35247.9467
300022.SZ,20250124,4.88,2.8345,3.9417,1.27,143.5291,,4.4908,0.9103,0.8823,0.0,,49424.038,49422.943,35540.4322,241189.3054,241183.9618
301428.SZ,20250124,36.58,10.1924,12.2607,1.14,44.5682,41.3381,2.9082,3.38,2.9372,1.0895,1.0895,9866.6667,6119.6667,5087.3199,360922.6679,223857.4079
600810.SH,20250124,7.48,0.693,1.8475,0.88,61.5438,95.2831,1.0539,0.5877,0.5545,1.861,1.861,101510.0986,101510.0986,38075.5499,759295.5375,759295.5375
300073.SZ,20250124,37.65,1.4304,1.8637,0.85,9.9102,21.2601,1.4493,1.2606,2.3517,1.9973,1.9973,50650.0774,50516.0676,38772.3415,1906975.4141,1901929.9451
603477.SH,20250124,16.67,1.2422,2.4862,0.69,,,2.7595,2.1043,1.7039,0.0,,51007.0255,51007.0255,25484.5715,850287.1151,850287.1151
301119.SZ,20250124,28.69,1.3658,4.1603,0.94,30.7861,34.127,2.9833,7.1482,7.2239,0.6971,0.6971,10400.0,8315.45,2730.0,298376.0,238570.2605
000858.SZ,20250124,127.72,0.488,1.0826,1.13,16.4101,15.3446,3.9233,5.9535,5.5922,3.6564,5.6733,388160.8005,388152.5907,174974.7876,49575897.4399,49574848.8842
603162.SH,20250124,8.89,1.2929,1.2929,0.85,44.0494,18.3529,2.0748,4.7797,2.5828,1.1303,1.6927,91687.8708,27307.5496,27307.5496,815105.1714,242764.1159
300322.SZ,20250124,13.17,6.3504,7.7971,1.88,,,5.9202,3.7113,3.4945,0.0,,46574.6427,44514.9037,36255.849,613388.0444,586261.2817
300371.SZ,20250124,9.6,1.8833,2.7367,1.27,18.5212,23.4612,1.7425,3.8967,4.4507,1.6501,1.6501,20121.7296,13577.1422,9343.3345,193168.6042,130340.5651
603180.SH,20250124,20.03,0.6586,2.0788,1.05,10.5802,12.5938,1.1503,0.8476,0.8792,4.1348,4.1348,15425.7062,15425.7062,4887.4152,308976.8952,308976.8952
603001.SH,20250124,4.92,1.5713,3.7217,0.66,,,0.7238,0.6393,0.7447,2.439,2.439,40098.0,40098.0,16929.2283,197282.16,197282.16
603161.SH,20250124,11.16,2.4625,4.8439,1.75,17.5345,16.2714,1.5029,0.8262,0.8716,1.7859,1.7859,19357.7988,18886.2594,9601.2485,216033.0346,210770.6549
688323.SH,20250124,12.24,0.7512,1.3835,0.79,,,2.6629,7.9847,7.1874,,,18000.0224,18000.0224,9773.4106,220320.2742,220320.2742
301602.SZ,20250124,25.24,55.966,55.966,,93.6609,87.2877,8.9985,33.1076,30.7231,,,42832.9638,5477.645,5477.645,1081104.0063,138255.7598
002742.SZ,20250124,3.95,1.1118,1.511,0.83,,,8.798,0.8405,1.2181,0.0,,43200.0,43185.8082,31774.8239,170640.0,170583.9424
920599.BJ,20250124,13.19,0.5349,0.8503,0.69,9.8179,9.4852,2.2045,1.0298,1.0269,3.7493,3.7493,45752.5,34057.9743,21423.3547,603475.475,449224.681
688365.SH,20250124,12.36,5.9778,15.1469,0.56,,297.6146,5.4083,11.0694,11.0478,,,42582.4684,42582.4684,16805.3468,526319.3094,526319.3094
603173.SH,20250124,23.45,9.0949,9.0949,2.54,19.6289,14.6895,2.3419,1.7404,1.6253,1.5778,1.5778,16000.0,4954.0,4954.0,375200.0,116171.3
000570.SZ,20250124,4.9,1.2087,2.0476,1.07,31.8713,,1.0028,1.6041,1.5004,0.9592,0.9592,70569.2507,55569.2507,32802.909,345789.3284,272289.3284
003021.SZ,20250124,100.87,6.2214,17.5806,0.95,134.6647,114.8572,7.6837,20.0916,16.7107,0.3882,0.3882,24020.35,20619.718,7296.834,2422932.7045,2079910.9547
688206.SH,20250124,19.34,2.281,2.9523,1.58,,,4.2045,25.5089,21.7333,,,43380.4445,17705.9698,13679.5056,838977.7966,342433.4559
600259.SH,20250124,29.2,1.4495,2.3866,0.68,48.3027,,2.9034,0.4722,0.7026,0.0,,33643.591,32948.9743,20011.7226,982392.8572,962110.0496
300647.SZ,20250124,6.09,3.3221,4.0335,0.75,,,2.9631,4.3836,4.2968,0.0,,45732.1024,45664.2143,37610.1961,278508.5036,278095.0651
300276.SZ,20250124,10.62,17.4216,21.0562,1.07,732.0024,26500.2708,7.6986,8.5755,7.3711,0.0,,140104.299,102076.9922,84457.0239,1487907.6554,1084057.6572
300122.SZ,20250124,24.31,0.8847,1.1458,1.06,7.2111,15.7698,1.8794,1.0997,1.5973,4.1135,4.1135,239378.9747,141430.816,109201.4785,5819302.875,3438183.137
301387.SZ,20250124,30.94,3.5072,3.5072,0.81,28.7344,94.878,2.0416,3.2735,2.8833,1.1543,1.1543,10649.1,4240.0792,4240.0792,329483.154,131188.0504
002419.SZ,20250124,4.79,1.5024,3.4187,0.79,24.6993,46.5081,1.3524,0.4632,0.4712,3.3403,3.3403,116884.775,116868.4863,51360.191,559878.0723,559800.0494
300031.SZ,20250124,18.58,5.1083,5.4312,1.7,72.7988,32.1268,2.0111,2.1123,2.0952,0.3206,0.3206,41557.1722,34881.1294,32807.3556,772132.2595,648091.3843
600893.SH,20250124,37.33,0.3048,0.6214,0.66,70.005,89.1086,2.4987,2.2753,2.2937,0.4286,0.4286,266559.4238,266512.4758,130745.0597,9950663.2905,9948910.7216
688029.SH,20250124,69.7,0.6004,1.1286,0.66,26.9445,23.7841,3.5994,5.4295,4.888,2.1448,2.1448,18784.7422,18784.7422,9993.5618,1309296.5313,1309296.5313
301116.SZ,20250124,11.55,1.1652,1.1698,1.16,,,2.886,0.2369,0.2508,0.6818,0.6818,44897.9593,44897.7343,44720.6746,518571.4299,518568.8312
300885.SZ,20250124,12.08,7.067,13.3205,2.73,64.9149,46.9238,3.6268,13.3332,10.6146,0.6693,0.6693,24815.18,16701.7775,8860.8775,299767.3744,201757.4722
688199.SH,20250124,14.99,0.8776,1.2051,1.0,,,0.9338,1.9569,1.6475,,,16122.7251,16122.7251,11741.4074,241679.6492,241679.6492
603087.SH,20250124,43.7,0.7328,1.2335,0.84,77.239,45.2203,2.4083,10.0714,8.9119,1.6012,1.6012,60106.529,55391.7808,32907.5468,2626655.3173,2420620.821
300951.SZ,20250124,29.3,0.8761,2.7504,0.8,19.4103,23.8777,2.173,2.9434,2.9062,2.438,2.438,16945.5297,15108.7577,4812.6187,496504.0202,442686.6006
688011.SH,20250124,15.29,0.7373,1.7625,1.14,,,1.3797,9.425,10.8982,,,10000.0,10000.0,4183.1543,152900.0,152900.0
688668.SH,20250124,58.26,8.9472,17.8262,0.87,121.4112,87.968,4.5639,11.8395,9.0316,0.613,0.613,13872.9646,13872.9646,6962.9899,808238.9176,808238.9176
000723.SZ,20250124,4.16,0.7355,1.1757,0.83,63.7825,,1.2855,0.8858,0.9062,0.0,,443139.6033,439619.8913,275007.7327,1843460.7497,1828818.7478
688037.SH,20250124,78.12,2.2706,3.1758,0.98,62.6413,113.7343,6.2128,9.1437,9.7205,0.1759,0.1759,20096.6966,20096.6966,14368.6469,1569953.9384,1569953.9384
603590.SH,20250124,23.62,1.0957,2.1373,1.77,25.0182,32.7895,1.1756,4.0913,4.4477,1.2671,1.2671,15935.6477,15723.7477,8060.5117,376399.9987,371394.9207
002258.SZ,20250124,8.42,0.7756,1.3168,0.92,11.1605,31.2983,0.8723,0.8585,0.9219,0.0,,80043.7228,79915.0345,47071.6852,673968.146,672884.5905
688369.SH,20250124,22.81,7.3467,9.3079,3.08,,,2.2087,2.5145,2.7471,0.546,0.546,11515.8439,11515.8439,9089.3789,262676.3994,262676.3994
601107.SH,20250124,4.9,0.5624,2.6307,1.5,12.6241,12.5869,0.9321,1.286,1.3599,4.898,4.898,305806.0,216274.0,46233.7162,1498449.4,1059742.6
000980.SZ,20250124,2.09,2.541,4.2783,1.09,,,11.6783,14.359,17.9531,0.0,,504254.7739,489156.164,290522.6096,1053892.4775,1022336.3828
920198.BJ,20250124,11.66,7.7242,7.7242,0.95,,,4.9159,14.1811,12.9545,,,16136.3872,7024.4378,7024.4378,188150.2748,81904.9447
300994.SZ,20250124,11.38,0.9585,1.1857,1.05,24.9146,28.3821,2.3707,1.3223,1.1835,3.2074,3.2074,23308.8,23308.8,18843.2913,265254.144,265254.144
000521.SZ,20250124,7.91,1.6324,2.2795,0.76,10.9936,10.5431,1.3472,0.336,0.2926,3.7927,3.7927,102992.3715,87522.3346,62676.5622,814669.6586,692301.6667
688509.SH,20250124,3.83,2.7007,2.7007,1.07,,,2.1079,3.3025,3.7812,,,77000.0,38479.22,38479.22,294910.0,147375.4126
300863.SZ,20250124,45.84,4.3378,9.8057,0.91,37.2785,36.3056,4.0617,1.7921,1.7541,0.7184,0.7184,13495.114,12952.1853,5729.7603,618616.0258,593728.1742
300427.SZ,20250124,5.62,2.6271,3.4115,0.53,,,2.0981,2.4773,3.7027,0.0,,50852.0298,49480.693,38103.9858,285788.4075,278081.4947
300743.SZ,20250124,15.6,1.9392,2.855,0.96,43.0239,26.6619,3.9277,3.7166,3.2521,2.1933,2.1933,15345.6257,12951.74,8797.331,239391.7609,202047.144
002449.SZ,20250124,10.79,15.9744,20.3611,0.66,77.9278,93.568,1.7388,1.8843,1.865,0.5561,0.5561,61847.7169,61649.3889,48367.3994,667336.8654,665196.9062
002846.SZ,20250124,8.06,2.6305,4.5492,0.88,238.1909,272.2037,2.3845,1.9372,1.7676,0.2966,0.2966,41999.3636,25701.8096,14861.3996,338514.8706,207156.5854
003033.SZ,20250124,32.3,11.6262,39.6319,6.72,22.7621,21.8942,2.165,1.5244,1.4401,1.548,1.548,8175.0,8059.8126,2364.3826,264052.5,260331.947
002798.SZ,20250124,3.67,2.4706,3.2791,0.8,,,0.8095,0.3847,0.4723,0.0,,39419.408,32447.0944,24447.4812,144669.2274,119080.8364
002627.SZ,20250124,5.04,1.1085,1.8243,1.18,28.1702,26.6248,1.1794,2.2819,4.1725,1.8877,1.8877,72460.1378,71716.3942,43576.5295,365199.0945,361450.6268
002384.SZ,20250124,34.8,4.9995,5.6747,0.82,30.2189,34.9377,3.1554,1.7642,1.5782,0.7164,0.7164,170591.371,138632.1723,122137.2084,5936579.7108,4824399.596
003020.SZ,20250124,17.87,0.6587,1.0791,1.03,15.0782,19.6114,2.0211,1.7981,2.2764,2.3354,3.4546,19126.05,13803.6913,8426.0132,341782.5135,246671.9635
603992.SH,20250124,18.86,0.1923,1.0532,0.81,22.9263,21.8897,2.6817,2.7087,2.7105,2.3173,2.3173,42848.8117,42033.4117,7672.7259,808128.5887,792750.1447
001314.SZ,20250124,48.79,22.0537,22.0537,1.29,53.5915,125.9967,3.3657,2.6617,2.2887,0.6788,0.6788,14148.886,5176.3654,5176.3654,690324.1479,252554.8679
688313.SH,20250124,23.26,12.1375,18.8366,1.21,,654.6258,9.1326,14.1423,11.3196,,,45880.2328,45880.2328,29563.1429,1067174.2149,1067174.2149
688336.SH,20250124,22.14,0.3356,2.2316,0.75,46.3509,37.5416,2.6915,13.4666,11.1672,0.3749,0.3749,61678.5793,61678.5793,9274.1491,1365563.7457,1365563.7457
002939.SZ,20250124,7.93,0.5292,1.4521,1.0,22.241,24.1689,1.0917,8.0158,8.6612,1.9294,1.9294,403442.6956,348762.2957,127098.8384,3199300.5761,2765685.0049
603272.SH,20250124,15.09,5.2038,5.242,0.63,,,2.7471,9.9983,12.9763,0.994,0.994,10362.7,4250.2,4219.1941,156373.143,64135.518
000815.SZ,20250124,9.72,1.9114,2.8601,0.9,,,3.6405,6.2478,6.4698,0.0,,69526.3035,69526.3035,46463.1987,675795.67,675795.67
601128.SH,20250124,7.32,0.9385,1.1889,1.16,6.7255,5.9024,0.82,2.236,2.0588,3.1048,3.1048,301498.4424,301498.4424,237991.2882,2206968.5984,2206968.5984
001239.SZ,20250124,14.05,1.665,2.4335,1.06,36.9635,45.1557,2.6569,4.108,5.183,0.0,,24000.0,11400.0,7800.0,337200.0,160170.0
000002.SZ,20250124,7.39,2.6295,3.9465,0.63,7.2491,,0.3766,0.1893,0.223,0.0,,1193070.9471,971693.5865,647412.5074,8816794.2991,7180815.6042
300929.SZ,20250124,8.47,1.5182,2.0298,0.79,172.686,,1.3485,3.1924,4.7785,0.2361,0.2361,13213.2956,12313.6934,9209.7878,111916.6137,104296.9831
600182.SH,20250124,16.16,1.3196,1.3196,1.41,30.0247,26.305,4.6823,1.3195,1.2149,1.6708,3.651,34000.0,17000.0,17000.0,549440.0,274720.0
603187.SH,20250124,11.09,0.5291,0.6604,0.82,10.374,13.0149,1.058,1.3371,1.5218,4.9155,4.9155,38641.6107,38641.6107,30960.5236,428535.4627,428535.4627
301108.SZ,20250124,24.41,2.6741,3.6703,0.84,17.2083,35.2075,1.0716,3.184,3.3986,1.4712,1.4712,8120.9818,3523.8328,2567.3402,198233.1657,86016.7586
688511.SH,20250124,12.59,1.7568,4.0312,0.48,26.314,69.8613,1.5476,9.3102,11.1667,2.2828,2.2828,10388.5524,10321.0728,4497.9103,130791.8747,129942.3066
002211.SZ,20250124,3.31,3.1487,5.043,0.78,,,31.6644,6.0958,5.1107,0.0,,43247.5779,43247.5779,27002.3494,143149.4828,143149.4828
301366.SZ,20250124,47.02,9.3659,11.3509,0.61,71.357,65.3384,3.2413,8.9717,8.3248,0.8474,0.8474,15000.0001,5471.1034,4514.3314,705300.0047,257251.2819
688799.SH,20250124,41.12,0.8044,1.8454,0.7,18.2522,18.2406,2.1458,2.692,2.6668,2.1887,2.1887,9380.0,9380.0,4088.8,385705.6,385705.6
002702.SZ,20250124,4.08,3.9696,5.2477,0.73,998.8426,,2.0846,1.3215,1.3157,0.9804,0.9804,55576.0,46189.9975,34940.1225,226750.08,188455.1898
300800.SZ,20250124,10.38,0.6109,1.2042,0.91,52.1218,78.0003,1.2247,3.6522,3.1804,1.7206,1.7206,23675.9,23438.15,11890.68,245755.842,243287.997
920266.BJ,20250124,9.6,0.6521,0.8361,0.63,,,1.1889,1.9128,2.0766,,,12400.0007,7693.509,5999.8809,119040.0067,73857.6864
688393.SH,20250124,17.92,0.6261,1.1423,1.35,41.8585,52.2451,1.3157,3.3717,3.3842,0.8371,0.8371,9356.7699,9356.7699,5128.2707,167673.3166,167673.3166
603168.SH,20250124,6.56,1.2419,1.968,0.84,97.0603,,1.4754,3.8235,4.8777,0.3229,0.3229,37592.5005,32259.2499,20356.5496,246606.8033,211620.6793
920010.BJ,20250124,7.92,2.7111,5.0164,0.79,43.2057,50.6952,2.7928,3.4208,3.4164,0.6313,0.6313,23450.0,17366.8103,9385.9254,185724.0,137545.1376
002407.SZ,20250124,11.44,1.8672,1.9952,1.69,26.7127,188.5778,1.5352,1.1409,1.3582,2.5752,2.5752,119043.2569,108055.0826,101122.5183,1361854.8589,1236150.1449
002468.SZ,20250124,10.65,1.2647,3.0649,0.93,47.8521,21.1146,1.7322,0.3984,0.3617,0.1868,0.1868,153080.2166,149204.5657,61565.2783,1630304.3068,1589028.6247
300168.SZ,20250124,7.25,1.4652,2.0499,1.28,,,5.905,4.2516,5.5759,0.0,,144177.7126,143918.2545,102872.4696,1045288.4164,1043407.3451
688238.SH,20250124,4.64,1.1291,1.2367,1.04,,,1.6086,14.7044,11.9658,,,64903.67,46674.3108,42611.254,301153.0288,216568.8021
688607.SH,20250124,14.36,1.5783,2.9819,1.44,82.1124,51.2348,1.4824,4.6231,4.3967,0.3729,0.3729,8812.9027,8812.9027,4664.6456,126553.2828,126553.2828
002716.SZ,20250124,3.55,2.1925,2.6319,1.07,,,3.0887,1.9501,1.4225,0.0,,282308.8646,221047.9088,184141.5116,1002196.4693,784720.0762
002287.SZ,20250124,20.92,0.1984,1.5691,1.12,19.1162,18.702,3.0634,5.4325,4.893,2.2905,3.3421,53108.5768,52995.736,6701.5672,1111031.4267,1108670.7971
688239.SH,20250124,43.08,3.3538,4.61,1.12,34.3069,38.3633,3.4688,3.0262,3.5265,0.4842,0.4842,14778.8988,14670.1398,10672.5867,636674.9603,631989.6226
688383.SH,20250124,44.38,1.0446,3.3032,1.06,75.1642,61.5834,3.1924,4.3576,4.601,0.4478,0.4478,10213.36,10213.36,3229.8325,453268.9168,453268.9168
688093.SH,20250124,19.56,0.6088,2.1209,0.62,26.5538,21.8981,2.7376,10.0432,7.471,3.6584,3.6584,26263.1312,26263.1312,7538.1643,513706.8463,513706.8463
600508.SH,20250124,12.51,0.4118,1.096,1.08,9.3293,33.9472,0.7017,0.8236,0.9308,4.8761,4.8761,72271.8,72271.8,27152.6667,904120.218,904120.218
603078.SH,20250124,16.37,1.797,3.1122,0.77,59.9794,67.8902,3.8008,6.1296,5.8521,0.7025,0.7025,38563.7248,38563.7248,22266.3005,631288.175,631288.175
300455.SZ,20250124,12.79,1.4702,3.2664,1.64,101.3375,106.9375,5.0719,6.5199,7.3122,0.1173,0.1173,71776.7936,70862.2436,31895.7451,918025.1901,906328.0956
002214.SZ,20250124,10.92,2.8518,3.112,1.64,,,3.9404,25.7068,36.5963,0.4536,0.4536,59923.7935,47901.8901,43897.913,654367.825,523088.6399
000697.SZ,20250124,7.59,1.9383,2.7355,1.18,,,31.974,4.3725,3.7675,0.0,,87310.0876,56398.9885,39962.9605,662683.5649,428068.3227
000026.SZ,20250124,9.96,0.8642,1.7359,1.14,12.1299,15.2366,1.1993,0.8844,0.99,4.0172,4.0172,40576.4007,36272.1903,18057.4098,404140.951,361271.0154
603636.SH,20250124,11.34,6.4271,10.9328,4.8,116.9241,,2.6234,3.9237,4.9041,0.4321,0.4321,58036.0523,58036.0523,34117.9094,658128.8331,658128.8331
920571.BJ,20250124,5.85,2.2178,2.8582,0.73,1308.1448,42.43,2.2726,3.6474,3.6075,,,55540.7453,28693.8449,22264.7086,324913.36,167858.9927
002640.SZ,20250124,4.71,15.6161,17.7114,0.81,,,5.507,1.1091,1.2677,0.0,,155804.133,142689.7963,125809.6101,733837.4664,672068.9406
600021.SH,20250124,8.69,1.0948,2.3841,0.74,15.3689,9.4801,1.2251,0.5773,0.5624,2.3015,2.3015,281674.3645,261716.4197,120186.3406,2447750.2275,2274315.6872
001226.SZ,20250124,29.78,8.8066,8.8066,1.11,,311.057,3.0166,4.5316,3.9559,0.0,,7466.67,1866.67,1866.67,222357.4326,55589.4326
300910.SZ,20250124,48.17,0.8418,1.2496,0.67,23.1754,21.437,4.4851,4.9919,4.7422,2.6483,2.6483,29178.9935,20456.1889,13780.4851,1405552.1169,985374.6193
000978.SZ,20250124,5.93,1.6749,2.5518,0.61,169.517,,2.1091,5.943,6.2711,0.0,,46813.0,36008.85,23635.2027,277601.09,213532.4805
603683.SH,20250124,10.0,3.8274,6.3214,0.68,46.4034,30.9874,1.956,1.6842,1.4421,0.2545,0.2545,26249.9289,25879.1289,15668.7449,262499.289,258791.289
000037.SZ,20250124,7.56,1.4044,2.3782,1.21,1095.7219,,3.2186,7.7264,8.9936,0.0,,60276.2596,33889.5156,20012.2202,455688.5226,256204.7379
920175.BJ,20250124,10.08,5.6909,5.6928,1.06,17.3778,,1.4865,3.177,3.4667,0.9921,0.9921,11900.0,6049.3299,6047.3299,119952.0,60977.2454
601606.SH,20250124,11.17,0.9109,2.2157,0.91,302.4897,,3.209,5.0102,4.9176,0.0716,0.0716,72422.84,72422.84,29772.6841,808963.1228,808963.1228
600084.SH,20250124,4.96,0.1921,0.4387,0.89,1516.1749,,4.3622,26.3473,36.6723,0.0,,112372.683,112372.683,49197.4674,557368.5077,557368.5077
300170.SZ,20250124,19.56,24.2056,25.8448,1.49,,274.2529,3.8577,6.4649,6.2524,0.1019,0.1019,98484.5711,94759.4067,88749.1058,1926358.2107,1853493.9951
002323.SZ,20250124,1.59,2.9183,4.2328,0.77,,,6.0642,4.3636,7.0308,0.0,,212085.5142,212040.5869,146189.1033,337215.9676,337144.5332
920405.BJ,20250124,16.4,2.0515,4.2654,0.7,49.8424,46.5386,2.9551,9.8193,5.7949,1.0679,1.0679,14026.0,11009.0256,5294.9038,230026.4,180548.0198
600409.SH,20250124,5.28,0.7358,1.3505,0.94,19.2687,17.7915,0.7915,0.4972,0.505,1.572,1.572,206434.9448,206434.9448,112473.3154,1089976.5085,1089976.5085
688260.SH,20250124,14.15,2.0383,3.5983,1.55,,,6.5121,3.2349,3.0629,,,12000.0,12000.0,6797.678,169800.0,169800.0
300761.SZ,20250124,18.61,0.7172,1.5293,0.74,,15.2788,1.7731,1.0032,0.9126,1.612,1.612,82764.4501,60489.909,28366.994,1540246.4164,1125717.2065
300385.SZ,20250124,4.64,1.566,2.7299,0.82,,,2.7947,1.2219,2.0236,0.0,,33314.5932,28949.4133,16606.9399,154579.7124,134325.2777
601609.SH,20250124,6.08,0.5929,1.4664,1.01,17.1456,20.9526,1.1454,0.0817,0.0752,1.9291,1.9291,148549.7314,148549.7314,60064.5214,903182.3669,903182.3669
002177.SZ,20250124,4.77,6.3771,6.6045,0.6,235.0278,232.8187,2.1362,51.8261,52.4348,0.2935,0.2935,76119.1294,66921.0114,64616.154,363088.2472,319213.2244
605268.SH,20250124,7.98,1.1166,6.5452,0.81,65.6622,90.4276,2.2809,1.1786,1.1138,3.6754,3.6754,44962.125,43600.0,7438.0,358797.7575,347928.0
002486.SZ,20250124,2.34,1.5828,2.0088,0.77,37.6559,115.0061,1.8608,1.9609,1.7313,0.0,,82812.72,82812.72,65251.3219,193781.7648,193781.7648
300589.SZ,20250124,11.79,1.2483,1.5799,0.94,101.0273,84.7794,5.3204,3.7518,2.5511,0.2545,0.2545,37766.7996,23160.7014,18299.6067,445270.5673,273064.6695
301331.SZ,20250124,23.53,4.1687,4.1687,1.68,28.0498,68.3926,2.369,3.0834,3.1213,2.2548,2.2548,10289.1887,3128.6177,3128.6177,242104.6101,73616.3745
600550.SH,20250124,7.6,0.998,2.3423,0.72,,,23.7309,4.0426,3.0518,0.0,,184152.848,184152.848,78466.6294,1399561.6448,1399561.6448
300270.SZ,20250124,7.17,4.3214,5.857,1.13,,,3.5059,14.2498,14.1255,0.0,,30280.6028,25646.3473,18922.0685,217111.9221,183884.3101
000798.SZ,20250124,6.92,0.8528,2.043,0.84,,,5.1674,0.6264,0.5614,0.0,,36585.8712,36582.8712,15270.6996,253174.2287,253153.4687
301282.SZ,20250124,22.34,5.6001,5.6002,0.78,79.6159,49.1981,2.0354,2.5366,2.1854,0.8896,0.8896,15113.9968,7213.9968,7213.9668,337646.6885,161160.6885
603712.SH,20250124,16.36,1.4468,2.7796,0.54,28.7178,120.735,2.7466,3.865,4.8363,0.3667,0.3667,77200.0,77200.0,40183.25,1262992.0,1262992.0
688079.SH,20250124,8.72,1.4429,4.0994,1.7,,,2.5098,11.0586,8.413,,,40673.7698,39791.8998,14005.8621,354675.2727,346985.3663
000561.SZ,20250124,7.86,3.1017,5.7546,0.77,90.7416,348.3193,2.6021,3.2303,3.3594,0.1271,0.1271,60427.2777,60202.6686,32449.0869,474958.4027,473192.9752
600428.SH,20250124,6.79,0.7695,1.6046,0.99,13.6957,10.7857,1.2019,1.214,0.9629,3.6524,3.6524,214665.0771,214665.0771,102941.7226,1457575.8735,1457575.8735
300546.SZ,20250124,18.0,5.5553,6.3905,0.94,,,3.1048,8.1019,7.3679,0.0,,18552.4691,13303.832,11565.2022,333944.4438,239468.976
600531.SH,20250124,6.64,1.4037,2.2106,1.03,12.4555,11.1761,1.3873,0.2252,0.2036,2.4096,2.4096,109024.2634,109024.2634,69229.0765,723921.109,723921.109
002498.SZ,20250124,3.31,0.4657,1.3928,1.2,14.4876,17.3204,1.3531,1.1402,1.2264,1.0876,1.0876,332679.6,332679.6,111238.7984,1101169.476,1101169.476
000599.SZ,20250124,4.26,0.8571,1.4615,0.72,,,2.0068,0.7474,0.7722,0.0,,81675.8987,81674.0487,47898.7387,347939.3285,347931.4475
688560.SH,20250124,11.96,0.8953,1.4162,1.23,,,0.8615,1.7243,2.4283,,,20130.1918,20130.1918,12726.4218,240757.0939,240757.0939
002863.SZ,20250124,4.71,1.5166,2.2258,1.03,38.204,36.7543,1.0291,0.6395,0.6141,0.3822,0.3822,59866.0921,59866.0921,40789.2373,281969.2938,281969.2938
002743.SZ,20250124,5.73,2.4901,3.7321,0.47,25.9664,33.0586,0.7715,0.5381,0.6342,1.1693,1.1693,43526.8478,43457.0978,28995.4664,249408.8379,249009.1704
601700.SH,20250124,4.26,0.7324,1.4806,1.2,70.7691,42.6261,1.8126,1.4212,1.2959,1.1737,1.1737,114224.67,114224.67,56502.4,486597.0942,486597.0942
603378.SH,20250124,6.2,1.3614,3.6249,0.99,44.1591,,1.6083,0.8543,1.0861,0.695,0.695,42859.6642,42859.6642,16096.4592,265729.918,265729.918
002919.SZ,20250124,16.83,3.1766,5.3704,0.54,63.7483,3530.9714,5.1358,2.7392,3.4007,0.7416,0.7416,26652.6066,26438.8172,15638.6344,448563.3691,444965.2935
601319.SH,20250124,7.16,0.217,2.5804,1.21,13.9044,8.203,1.1954,0.5725,0.5242,2.1789,3.0587,4422399.0583,3549775.6583,298560.3196,31664377.2574,25416393.7134
600610.SH,20250124,4.06,3.5134,5.5492,0.76,,,67.1424,3.6051,3.9057,0.0,,107127.4605,70872.6705,44872.6705,434937.4896,287743.0422
002215.SZ,20250124,10.13,1.8912,2.3451,0.73,43.2149,22.9796,2.6353,2.4718,2.0551,1.4915,1.4915,100519.131,79400.9515,64030.4262,1018258.797,804331.6387
600694.SH,20250124,26.02,1.38,2.2714,0.77,16.1259,13.8972,0.9426,1.1111,1.1731,3.4938,3.4938,31305.2571,31305.2571,19020.4513,814562.7897,814562.7897
600121.SH,20250124,3.81,1.135,2.36,0.98,145.1587,32.4106,2.8141,1.0738,1.0581,0.0,,121841.2038,121841.2038,58597.2758,464214.9865,464214.9865
920367.BJ,20250124,16.08,5.1566,10.8281,0.72,25.0068,41.7056,2.4158,5.2634,6.9135,1.5547,1.5547,7086.125,4178.1867,1989.745,113944.89,67185.2421
000752.SZ,20250124,8.14,1.4065,1.733,0.9,,41.6194,15.8327,6.3731,5.4986,0.0,,26375.8491,26375.8491,21407.3042,214699.4117,214699.4117
301272.SZ,20250124,33.59,1.5116,2.3962,0.99,22.4905,25.0133,1.9428,3.5416,3.3791,1.5183,1.5183,5851.57,3132.85,1976.39,196554.2363,105232.4315
301606.SZ,20250124,41.68,19.6686,19.6686,0.85,44.6262,37.6159,6.2974,3.6008,3.0041,0.7198,0.7198,41490.9806,3120.8287,3120.8287,1729344.0714,130076.1402
601162.SH,20250124,4.27,3.8122,5.0161,1.09,120.4581,,1.6055,10.7989,17.0497,0.0,,866575.7464,866575.7464,658594.757,3700278.4371,3700278.4371
603216.SH,20250124,10.85,2.6605,2.6605,0.8,25.2397,26.1487,1.3733,1.834,1.8998,2.765,2.765,22269.0,5669.0,5669.0,241618.65,61508.65
920808.BJ,20250124,64.11,1.6964,6.309,0.88,122.7268,169.0099,19.7541,19.7185,22.2679,0.1638,0.1638,20000.0001,19461.9464,5233.065,1282200.0064,1247705.3837
601881.SH,20250124,14.23,0.8748,3.0424,1.58,19.7488,15.3549,1.4048,4.6248,4.399,2.1363,2.1363,1093440.2256,724341.7623,208280.6759,15559654.4103,10307383.2775
002837.SZ,20250124,45.5,4.2424,6.3456,0.84,98.3817,69.5622,12.0895,9.5906,7.8185,0.3362,0.3362,74382.2694,64662.2002,43230.4691,3384393.2577,2942130.1091
600503.SH,20250124,2.43,2.3727,2.7189,0.66,67.1613,87.1596,1.0694,24.1121,13.5297,0.1646,0.1646,160229.0,160229.0,139827.0,389356.47,389356.47
688008.SH,20250124,70.84,2.3779,2.7954,0.84,179.8516,67.8505,7.6812,35.4795,24.3429,0.417,0.417,114478.9273,114478.9273,97380.764,8109687.2099,8109687.2099
603181.SH,20250124,10.96,0.4211,0.7624,0.74,19.8694,17.1775,2.1533,3.4064,2.9189,1.3071,1.3071,58870.0,58870.0,32520.65,645215.2,645215.2
688669.SH,20250124,14.97,0.6598,1.268,0.72,63.557,,1.1867,0.4929,0.474,1.336,1.336,12133.3334,12133.3334,6313.4869,181636.001,181636.001
300242.SZ,20250124,4.76,11.7501,14.9643,0.65,,,8.3316,4.0025,2.4809,0.0,,63455.5224,62957.6622,49435.0722,302048.2866,299678.4721
002366.SZ,20250124,4.78,5.9632,6.5453,1.11,48.7676,53.3163,2.1453,13.3545,11.1734,0.0,,208093.764,125646.439,114472.2056,994688.1919,600589.9784
600031.SH,20250124,16.2,0.427,0.6287,0.62,30.3246,25.6725,1.9361,1.8751,1.8163,1.3563,1.3563,847497.8037,846421.5837,574828.7063,13729464.4199,13712029.6559
603033.SH,20250124,12.78,0.9639,3.0856,0.76,89.1311,296.2329,3.8079,3.3834,2.7794,0.3905,0.3905,103116.3554,101253.1018,31629.3187,1317827.022,1294014.641
603499.SH,20250124,28.0,1.8366,4.5315,1.03,787.4313,185.2615,7.663,8.7192,7.6895,0.1071,0.1071,21613.885,21613.885,8760.305,605188.78,605188.78
000707.SZ,20250124,7.02,1.146,1.5303,0.48,5.2867,6.6532,1.3761,0.8587,1.0312,1.9943,1.9943,46414.5765,46414.5765,34758.2555,325830.327,325830.327
603138.SH,20250124,14.87,4.8753,8.9055,1.87,,,5.3035,16.7158,11.9831,0.0,,29433.271,28311.699,15499.0937,437672.7398,420994.9641
600732.SH,20250124,10.71,5.6673,8.3452,2.58,25.8653,,3.205,0.7204,1.5723,0.0,,182761.7666,159844.7243,108552.5301,1957378.5203,1711936.9973
002599.SZ,20250124,8.12,15.5662,19.2333,1.08,1060.6767,162.4056,3.0255,1.8219,2.0761,0.2441,0.2441,53758.6717,40291.3666,32609.2498,436520.4142,327165.8968
600705.SH,20250124,3.65,2.3317,4.5129,0.93,110.9535,162.0438,0.8611,2.8907,3.0912,0.2741,0.2741,882117.8364,880442.4833,454894.8365,3219730.1029,3213615.064
920006.BJ,20250124,22.21,4.2031,4.4159,0.68,36.4494,61.1709,5.8356,11.8875,14.3639,1.8955,1.8955,9028.72,3429.1876,3263.875,200527.8712,76162.2566
002423.SZ,20250124,13.45,4.9166,13.2098,1.33,30.3654,22.8915,1.4217,10.132,15.7303,0.9888,0.9888,230410.5575,230410.5575,85756.2135,3099021.9984,3099021.9984
600855.SH,20250124,10.58,1.5539,2.8296,0.76,,,2.8231,3.5871,4.2003,0.0,,46854.2728,46763.9728,25681.234,495718.2062,494762.8322
600379.SH,20250124,9.2,1.5157,2.7159,1.45,43.0113,36.5209,4.23,2.2512,2.2252,1.163,1.3914,33020.1564,33020.1564,18428.448,303785.4389,303785.4389
301175.SZ,20250124,5.19,2.4142,2.4142,1.26,28.327,23.3876,2.1685,5.4409,4.9661,1.9268,1.9268,147188.0,61717.41,61717.41,763905.72,320313.3579
920985.BJ,20250124,10.97,4.287,6.6389,1.44,24.8853,15.2386,2.4182,0.8274,0.9237,1.9795,1.9795,30947.62,21072.1859,13607.2079,339495.3914,231161.8793
600838.SH,20250124,8.28,1.865,2.7669,0.7,53.3679,74.0955,2.1578,38.352,37.5264,0.5676,0.5676,40088.1981,40088.1981,27021.328,331930.2803,331930.2803
300300.SZ,20250124,2.75,2.6323,3.4914,1.17,,,13.4048,14.6743,13.9596,0.0,,66684.7062,66680.4612,50271.4437,183382.9421,183371.2683
002305.SZ,20250124,1.73,2.7369,4.5994,0.79,,,11.9844,2.8334,1.3042,0.0,,173421.577,173410.3276,103190.0979,300019.3282,299999.8667
300769.SZ,20250124,32.79,3.1756,3.9234,1.08,,,1.5112,0.5413,0.999,0.0,,28018.803,25175.3158,20376.8849,918736.5504,825498.6051
688768.SH,20250124,42.04,1.8343,3.0671,1.01,58.6216,44.9424,3.8354,7.3799,6.7957,0.2554,0.2554,8742.7353,8162.6048,4881.6542,367544.592,343155.9058
688349.SH,20250124,26.98,0.7935,0.7935,0.74,16.4903,19.9233,2.6307,2.2149,2.0033,2.1341,2.1341,122640.4215,18828.5715,18828.5715,3308838.5721,507994.8591
920564.BJ,20250124,15.72,6.0357,9.7512,1.58,203.3577,,3.8812,7.5309,8.2845,0.3187,0.3187,7439.1018,3378.2457,2091.0135,116942.6803,53106.0224
002833.SZ,20250124,17.44,1.1281,1.324,0.94,12.5396,13.0512,2.8037,2.7579,2.6415,5.1605,5.1605,42423.1281,28855.823,24585.4168,739859.3541,503245.5531
600320.SH,20250124,3.87,0.6763,1.2459,1.1,39.2103,32.1984,1.3406,0.6191,0.5698,1.292,1.292,526835.3501,332199.7661,180323.2242,2038852.8049,1285613.0948
688552.SH,20250124,16.65,1.4888,1.4888,0.58,54.806,1955.1242,2.1782,7.7377,18.3676,0.5526,0.5526,33724.8,8399.3352,8399.3352,561517.92,139848.9311
603116.SH,20250124,5.47,1.5768,3.7846,1.31,60.6728,,1.0961,1.2768,1.3894,3.6023,3.6023,57620.08,57620.08,24006.6792,315181.8376,315181.8376
000060.SZ,20250124,4.73,0.7824,1.2172,1.07,25.7049,22.9217,1.3221,0.2695,0.3023,1.1839,1.1839,373759.6125,373730.925,240224.8552,1767882.9671,1767747.2753
688120.SH,20250124,159.8,1.7937,2.2191,1.21,52.2678,42.9617,6.1361,15.0832,12.1274,0.2308,0.2308,23672.4893,16997.262,13738.9018,3782863.7901,2716162.4676
300873.SZ,20250124,16.67,1.9505,3.0709,1.6,13.6729,15.1643,1.3059,2.1026,2.2361,2.3638,2.3638,23060.1779,16923.9685,10749.3654,384413.1656,282122.5549
300641.SZ,20250124,27.34,4.642,10.699,0.57,1474.7697,18.031,5.983,9.4703,4.8442,1.5156,1.5156,53268.2322,53238.6447,23098.9407,1456353.4683,1455544.5461
300232.SZ,20250124,7.42,8.7203,9.8883,2.9,56.039,99.7581,1.6878,1.0925,1.0431,0.6718,0.6718,109110.7141,88634.3378,78164.7581,809601.4986,657666.7865
002367.SZ,20250124,6.84,1.5061,1.8902,1.48,14.965,18.4324,1.5775,1.0851,1.2399,5.1103,5.1103,79878.6187,52620.0358,41927.2531,546369.7519,359921.0449
300913.SZ,20250124,63.3,10.4487,33.3163,0.87,167.3933,139.431,14.251,10.562,9.3813,0.1886,0.1886,25956.1736,21225.5036,6656.7536,1643025.7889,1343574.3779
603858.SH,20250124,14.66,0.4579,1.1093,0.75,50.8337,,1.4528,1.2242,1.3769,0.8364,0.8364,110604.2645,110604.2645,45653.9503,1621458.5176,1621458.5176
002124.SZ,20250124,3.04,1.4273,1.4899,0.72,,283.0694,1.8982,0.6602,0.6681,0.0,,222193.3832,197428.3498,189130.4452,675467.8849,600182.1834
000582.SZ,20250124,8.43,1.4081,3.2,0.9,17.0382,16.0643,1.1188,2.7627,2.7602,4.1077,4.1077,227755.3199,176125.9461,77502.0631,1919977.3468,1484741.7256
002422.SZ,20250124,28.14,0.7483,0.898,0.78,18.3486,15.206,2.0355,2.1006,2.003,3.7419,3.7419,160149.7373,130876.9581,109060.7943,4506613.6076,3682877.6009
300505.SZ,20250124,14.87,4.0471,4.4146,0.63,,32.1621,1.648,1.5075,1.3639,0.7397,0.7397,27486.7523,21736.1222,19927.0097,408728.0067,323216.1371
603073.SH,20250124,14.96,1.3707,1.4781,0.6,16.6962,19.8797,1.3172,2.4464,2.3117,2.0053,2.0053,11600.0,5089.2848,4719.4226,173536.0,76135.7006
301013.SZ,20250124,11.73,3.2868,3.6672,0.83,,,3.2181,5.8357,5.1023,0.0,,23374.3056,18924.1638,16961.1092,274180.6047,221980.4414
920964.BJ,20250124,6.64,3.7382,6.4958,0.99,52.1045,57.944,1.9173,2.3139,2.2644,0.753,0.753,26120.8,15281.0523,8793.8279,173442.112,101466.1873
300354.SZ,20250124,41.64,7.1063,9.2295,0.84,65.6381,55.136,7.8434,15.2294,13.4969,0.3067,0.3067,13832.0201,8120.0075,6252.0317,575965.317,338117.1123
600455.SH,20250124,21.11,1.6232,2.0444,0.64,46.4691,41.1804,4.5172,5.0153,4.6839,0.0,,6245.8,6245.8,4958.9938,131848.838,131848.838
600525.SH,20250124,4.84,1.6183,2.3203,1.17,74.619,,1.2538,0.7521,0.7847,0.0,,131878.0152,131878.0152,91981.1744,638289.5936,638289.5936
600380.SH,20250124,10.84,0.5266,1.0086,1.02,14.0814,13.8141,1.4023,1.2205,1.2782,1.6605,1.6605,187420.042,187420.042,97854.6767,2031633.2553,2031633.2553
603191.SH,20250124,14.09,14.3782,14.4311,1.18,20.0111,64.7355,1.9491,1.7273,1.5029,1.0625,1.0625,33316.7407,18670.5866,18602.1266,469432.8765,263068.5652
300633.SZ,20250124,28.65,1.3646,2.4475,0.77,27.2803,51.0581,3.9733,5.847,6.0456,1.1116,1.1116,43271.2405,43271.2405,24126.2005,1239721.0403,1239721.0403
002500.SZ,20250124,6.13,0.7619,1.4698,1.07,35.5061,27.0004,1.2387,6.3403,6.9582,2.2838,2.2838,358977.1547,358977.1547,186075.9833,2200529.9583,2200529.9583
002312.SZ,20250124,13.68,5.3844,9.3023,0.63,62.3826,50.2664,2.7543,3.3531,3.1099,0.6586,0.6586,188933.8619,175323.8515,101482.1386,2584615.2308,2398430.2885
688592.SH,20250124,39.0,2.1125,2.1749,0.64,57.9671,69.395,2.452,5.8885,5.4361,0.3323,0.3323,6216.0,2800.3631,2719.9786,242424.0,109214.1609
920415.BJ,20250124,15.24,2.6435,4.2319,0.69,106.6227,111.8343,4.105,11.2256,11.5591,0.4559,0.4559,14051.1487,10604.1634,6623.9422,214139.5062,161607.4502
301320.SZ,20250124,15.22,3.2443,3.2782,1.08,58.4866,57.0136,2.621,3.8544,3.5158,0.6569,0.6569,18120.0,6770.0,6700.0,275786.4,103039.4
601330.SH,20250124,6.2,0.8106,2.5801,2.25,13.729,14.4707,1.1132,2.1841,2.4988,4.0323,4.0323,139345.2725,98909.2933,31074.1419,863940.6895,613237.6185
603365.SH,20250124,15.02,0.8222,2.2509,1.15,10.4078,11.7169,1.3788,0.9369,0.953,5.9934,5.9934,26267.35,25806.35,9425.966,394535.597,387611.377
603281.SH,20250124,23.8,0.4496,0.4966,1.3,13.5719,15.3887,1.847,3.9014,3.9839,4.2017,4.2017,37333.3334,25169.3916,22789.3916,888533.3349,599031.5201
300005.SZ,20250124,6.83,1.4136,1.9396,1.06,84.0649,47.3538,2.8894,4.34,3.8496,0.336,0.336,88370.2186,88332.1861,64378.8645,603568.593,603308.8311
002938.SZ,20250124,41.39,0.7675,2.8175,1.15,29.1958,28.0854,3.1548,2.9927,2.7343,1.2031,1.2031,231856.0816,230549.4013,62805.2023,9596523.2174,9542439.7198
002659.SZ,20250124,4.5,1.363,1.9472,0.63,,,1.2358,10.6042,9.3406,0.0,,59828.0384,59828.0384,41879.629,269226.1728,269226.1728
002883.SZ,20250124,10.45,1.7146,2.3211,0.85,38.146,55.8245,2.3759,2.203,2.494,0.622,0.622,15615.7166,13625.9221,10065.3759,163184.2385,142390.8859
300713.SZ,20250124,15.08,2.6296,3.8888,0.94,,,3.9985,8.8414,9.8537,0.0,,15872.081,8763.4378,5925.7296,239350.9815,132152.642
603610.SH,20250124,10.73,1.3899,3.3156,0.84,18.7029,22.6028,1.2574,1.2397,1.3089,9.1767,9.1767,35848.9251,35848.9251,15027.4855,384658.9663,384658.9663
301512.SZ,20250124,37.5,2.7866,4.8923,0.88,24.7047,161.9677,2.0361,3.0316,3.7555,2.0,2.0,5333.34,2481.34,1413.34,200000.25,93050.25
920748.BJ,20250124,20.85,2.5604,11.1683,1.77,70.9333,71.8513,5.5039,6.7262,7.7337,0.4796,0.4796,7674.0,6234.7575,1429.3509,160002.9,129994.6939
688139.SH,20250124,31.9,0.664,1.1395,0.84,24.9775,28.3304,2.3579,4.4468,4.5349,1.6029,1.6029,31795.2508,31795.2508,18525.7386,1014268.5005,1014268.5005
002521.SZ,20250124,9.07,0.6915,0.7787,0.98,21.4535,27.3394,1.2666,1.3876,1.4518,1.9477,1.9477,56006.105,40282.9782,35772.0107,507975.3724,365366.6123
603358.SH,20250124,32.34,0.8931,2.4444,1.31,43.745,54.0486,4.2635,2.6446,2.6898,1.0823,1.0823,43904.0,43904.0,16040.5268,1419855.36,1419855.36
300731.SZ,20250124,23.0,4.7632,6.3965,0.62,114.2285,115.411,4.8133,5.206,3.6601,0.4348,0.4348,12643.1804,12015.8039,8947.6634,290793.1492,276363.4897
000910.SZ,20250124,7.24,0.4541,0.8481,1.08,11.9112,17.7863,0.5879,0.6067,0.678,2.6243,2.6243,54739.75,54711.7,29291.62,396315.79,396112.708
002933.SZ,20250124,31.38,4.3151,7.3607,1.02,258.4029,210.0386,2.4583,8.8416,7.8908,0.0797,0.0797,11735.0,11407.2547,6687.3962,368244.3,357959.6525
600867.SH,20250124,7.72,0.462,0.7731,1.12,12.947,44.3,2.4209,4.9164,6.218,3.2767,3.2767,195854.2829,195854.2829,117040.5796,1511995.064,1511995.064
600389.SH,20250124,14.38,0.6596,1.0119,1.02,21.8862,31.288,1.6838,1.2177,1.0721,1.3908,1.3908,43065.0,43065.0,28070.8956,619274.7,619274.7
002172.SZ,20250124,3.09,1.6531,2.4672,0.94,47.6255,48.593,17.85,1.0885,1.1534,0.0,,76573.236,76527.198,51275.6381,236611.2992,236469.0418
300985.SZ,20250124,16.32,3.6314,13.3558,3.45,54.1214,33.3396,2.5117,1.7132,1.8996,1.7471,1.7471,18651.248,18651.248,5071.248,304388.3674,304388.3674
600579.SH,20250124,9.27,9.5919,26.0053,0.89,,,,0.3952,0.4426,0.0,,49471.2359,49471.2359,18247.2269,458598.3568,458598.3568
603559.SH,20250124,7.04,0.5894,0.61,1.07,,,83.8372,9.1359,7.0267,0.0,,40127.6979,40127.6979,38774.7015,282498.9932,282498.9932
002658.SZ,20250124,6.39,2.4656,3.4209,0.9,20.0307,25.9765,1.6305,2.6898,2.905,4.6118,4.6118,63576.0924,35866.5249,25851.1029,406251.2304,229187.0941
603867.SH,20250124,23.34,1.0392,1.4226,1.02,17.3289,19.1566,2.0013,1.6859,1.5188,1.8832,1.8832,18755.8872,18755.8872,13700.5881,437762.4072,437762.4072
688658.SH,20250124,14.61,1.206,2.4379,0.89,35.5771,27.1398,1.7945,1.5667,1.5541,1.3521,1.3521,45000.0,45000.0,22259.988,657450.0,657450.0
601279.SH,20250124,3.54,0.7005,3.8696,0.94,55.3067,68.784,1.3143,1.0556,1.147,0.565,0.565,158578.5985,158578.5985,28708.1613,561368.2387,561368.2387
600908.SH,20250124,5.74,1.0178,1.3305,0.93,5.7249,5.4997,0.6101,2.7763,2.6969,3.4843,3.4843,219468.1695,199931.2665,152938.0708,1259747.2929,1147605.4697
301252.SZ,20250124,38.36,27.8388,27.8388,1.04,37.264,36.4116,3.7334,4.5403,4.1838,1.3484,1.3484,11600.0,3262.5,3262.5,444976.0,125149.5
300180.SZ,20250124,6.39,4.1017,4.9711,1.52,,,2.4054,2.4531,2.3679,0.0,,176106.0155,148559.1192,122578.3385,1125317.439,949292.7717
605339.SH,20250124,17.6,0.4716,2.9457,0.47,32.1329,29.0001,2.1953,2.4226,2.4108,0.6276,0.6276,42429.0616,42429.0616,6792.9284,746751.4842,746751.4842
601000.SH,20250124,4.39,0.5892,1.3037,1.09,13.5145,13.7461,1.2748,4.4511,4.5818,4.5558,4.5558,592592.8614,592592.8614,267818.435,2601482.6615,2601482.6615
002262.SZ,20250124,22.42,1.041,1.7654,1.07,21.9715,19.4494,3.1945,4.519,4.1191,1.4152,1.4152,101617.6792,88179.255,51997.3665,2278268.3677,1976978.8971
600138.SH,20250124,10.06,1.6862,2.1953,0.59,37.5357,51.6974,1.1551,0.7558,0.732,0.8449,0.8449,72384.0,72384.0,55598.0408,728183.04,728183.04
300324.SZ,20250124,3.19,3.1332,3.4332,1.21,,,1.8339,1.8369,2.0546,0.0,,172759.0595,170816.9456,155890.8292,551101.3998,544906.0565
920592.BJ,20250124,60.3,8.8661,15.4877,1.3,495.0054,176.9862,10.7675,16.1877,15.9423,,,6215.0,3818.1216,2185.7333,374764.5,230232.7325
603843.SH,20250124,3.47,1.6864,2.3684,0.53,,,2.7261,1.2739,1.5553,0.0,,69962.3237,69962.3237,49817.1582,242769.2632,242769.2632
300850.SZ,20250124,20.42,3.0734,4.0172,0.6,19.543,,1.5133,2.5944,2.7163,0.5093,0.5093,35874.4749,24544.5608,18778.4885,732556.7775,501199.9315
300082.SZ,20250124,6.05,1.1126,2.369,1.11,,,1.469,1.0792,1.0734,0.0,,68009.82,67820.7963,31850.939,411459.411,410315.8176
002708.SZ,20250124,10.48,6.7166,10.137,1.23,,,3.3693,3.2312,2.6424,0.0,,56209.7967,51399.5122,34056.653,589078.6694,538666.8879
600733.SH,20250124,7.63,1.9004,2.9011,1.0,,,23.667,2.97,2.8677,0.0,,557350.3169,488509.6921,319999.6899,4252582.9179,3727328.9507
600119.SH,20250124,8.27,1.8627,3.4388,1.01,339.3467,,16.9459,3.502,4.6689,0.0,,36527.037,36527.037,19785.1609,302078.596,302078.596
301321.SZ,20250124,14.0,1.6604,2.6163,1.07,49.2959,,2.3114,1.2067,1.164,0.0,,18643.5,14758.6614,9366.3577,261009.0,206621.2596
688002.SH,20250124,49.74,1.2292,1.6305,0.97,45.642,38.2052,4.4278,6.3586,5.5924,0.3419,0.3419,45492.2651,45492.2651,34295.2521,2262785.2661,2262785.2661
000860.SZ,20250124,17.13,1.0274,1.6667,1.12,,33.5481,1.7735,1.1996,1.396,0.0,,74176.6989,74176.6989,45725.5821,1270646.8522,1270646.8522
300257.SZ,20250124,9.95,1.9364,4.9166,1.89,22.8188,32.2708,1.5619,2.3728,2.3812,1.005,1.005,99363.5018,95455.6716,37594.4374,988666.8429,949783.9324
301628.SZ,20250124,110.75,34.9116,34.9116,0.86,91.6703,80.279,7.9888,11.7047,10.872,,,7537.58,1884.4,1884.4,834786.985,208697.3
600517.SH,20250124,5.19,0.3241,1.5885,1.17,21.7534,17.8105,1.4003,4.1971,3.9723,2.0039,2.0039,571843.5744,571843.5744,116657.3593,2967868.1511,2967868.1511
000572.SZ,20250124,4.02,1.7659,2.6963,1.18,,1857.571,3.3871,2.5965,3.9386,0.0,,164463.6426,164224.8567,107560.5857,661143.8433,660183.9239
001256.SZ,20250124,16.51,2.4102,2.4102,0.87,28.2747,24.2138,2.0811,5.6524,4.8246,1.1904,1.1904,14261.2558,4094.288,4094.288,235453.3333,67596.6949
300493.SZ,20250124,32.91,19.8191,27.2234,0.88,473.4161,414.873,15.7265,7.8087,6.6623,0.1351,0.1351,51257.5047,50099.3047,36473.2297,1686884.4797,1648768.1177
002127.SZ,20250124,5.1,5.7054,6.5268,0.94,112.2058,151.7033,2.7977,4.6504,4.1297,1.5686,1.5686,245487.0403,199470.4197,174367.85,1251983.9055,1017299.1405
603333.SH,20250124,4.58,2.0136,3.7658,0.91,139.2428,311.6806,1.3503,1.29,1.5813,0.2182,0.2182,62152.7586,62152.7586,33232.7586,284659.6344,284659.6344
600821.SH,20250124,5.23,0.693,0.976,1.39,13.0189,12.8764,1.1345,3.139,2.9263,3.2959,3.2959,199726.3453,199726.3453,141812.637,1044568.7859,1044568.7859
600653.SH,20250124,2.06,1.8215,2.4555,0.72,,,5.5125,0.7799,0.9045,0.0,,194638.0317,194638.0317,144384.5012,400954.3453,400954.3453
300662.SZ,20250124,20.9,1.4579,2.0977,0.89,20.5149,22.3732,2.1386,0.4206,0.3698,0.3828,0.3828,19680.6359,19628.3592,13642.1052,411325.2903,410232.7073
001308.SZ,20250124,23.59,6.777,6.8205,0.86,12.8322,16.8632,2.2942,1.224,1.0112,2.5029,2.5029,69768.4421,8789.1327,8732.9827,1645837.5491,207335.6404
300749.SZ,20250124,6.39,2.9997,4.2854,0.75,66.036,,1.8385,1.0208,1.1207,0.471,0.471,20516.94,15739.485,11017.385,131103.2466,100575.3092
002228.SZ,20250124,2.96,0.9012,1.7795,0.97,35.093,28.3365,1.1332,0.2916,0.3114,3.8757,3.8757,122283.9813,121877.5893,61719.4973,361960.5846,360757.6643
000635.SZ,20250124,7.49,0.9948,2.0404,0.8,,,1.6856,1.301,1.2042,0.0,,30348.6737,30308.7602,14776.4915,227311.566,227012.6139
603070.SH,20250124,13.99,13.0912,13.0912,0.84,32.1025,57.2665,2.6798,2.4472,2.6579,1.0722,1.0722,40100.0,8573.8535,8573.8535,560999.0,119948.2105
002923.SZ,20250124,10.64,5.3387,10.438,0.63,53.2636,92.5014,3.1001,2.7582,2.9123,1.8797,1.8797,33489.3286,25808.4833,13200.2343,356326.4563,274602.2623
603810.SH,20250124,9.66,2.4042,4.3726,1.18,,,1.0873,1.3343,1.6115,0.0,,16524.5852,16524.5852,9085.7116,159627.493,159627.493
300840.SZ,20250124,27.11,44.4889,50.6992,2.28,58.2065,37.5382,4.8976,8.7108,8.8922,0.1844,0.1844,24000.0,17120.6131,15023.4509,650640.0,464139.8211
003008.SZ,20250124,19.09,1.1006,1.8185,0.64,33.7694,29.2115,1.8944,10.4041,8.9575,3.0423,3.828,10400.0,7784.8325,4711.8135,198536.0,148612.4524
688198.SH,20250124,102.23,0.1722,0.647,1.46,121.9193,135.6388,11.9852,37.8965,34.6324,0.7779,0.7779,13739.5148,13739.5148,3657.2231,1404590.598,1404590.598
601126.SH,20250124,16.41,1.0917,1.9355,1.18,21.8057,19.1303,3.0979,2.3781,2.0698,3.6511,3.6511,83343.6,81885.37,46189.1354,1367668.476,1343738.9217
688125.SH,20250124,44.0,2.9009,2.9009,1.2,123.0012,,1.8977,7.5942,5.1755,0.3409,0.3409,8153.578,2182.808,2182.808,358757.432,96043.552
002306.SZ,20250124,2.11,11.5128,13.9962,1.79,,160.2975,580.9313,9.6306,11.6768,0.0,,86976.25,81314.3387,66886.4957,183519.8875,171573.2547
920832.BJ,20250124,5.96,1.5172,1.5567,1.11,86.6505,78.0208,1.102,2.225,1.8344,1.3096,1.3096,13876.3865,12438.6023,12122.9996,82703.2635,74134.0697
600718.SH,20250124,9.59,1.7661,2.284,1.03,156.1781,126.1388,1.2042,1.0948,1.0333,1.3351,1.3351,120370.3468,120370.3468,93076.0363,1154351.6258,1154351.6258
300530.SZ,20250124,15.55,1.0494,3.2706,0.76,,,38.9492,14.0561,18.4366,0.0,,17195.1354,15827.4714,5078.3354,267384.3555,246117.1803
688115.SH,20250124,39.6,1.395,2.1547,0.38,293.8564,101.4548,2.1167,15.6916,15.2225,1.079,1.079,6667.0,4213.95,2728.305,264013.2,166872.42
600814.SH,20250124,7.22,1.2084,3.6699,0.74,20.3945,21.5061,1.4688,2.618,2.9512,1.9806,1.9806,73510.5598,72949.2148,24020.5732,530746.2418,526693.3309
601212.SH,20250124,2.81,0.4776,1.3146,0.92,250.4974,,1.3725,0.2392,0.2407,0.121,0.121,740477.4511,740477.4511,269034.0933,2080741.6376,2080741.6376
603211.SH,20250124,23.82,70.0762,70.0762,2.34,125.641,116.4154,5.485,6.454,5.8682,0.2519,0.2519,27180.8,6795.2,6795.2,647446.656,161861.664
300317.SZ,20250124,3.45,1.6021,2.1353,0.97,179.9698,,1.5835,3.3552,4.2332,0.0,,83018.8405,82891.3405,62193.5306,286414.9997,285975.1247
300118.SZ,20250124,11.08,1.931,2.0906,0.93,9.2654,,0.9503,0.3576,0.5686,1.7863,1.7863,114001.3863,92682.608,85607.6486,1263135.3602,1026923.2966
603518.SH,20250124,10.02,9.2695,13.947,1.79,11.6816,11.3248,1.0138,0.765,0.7911,2.5945,2.5945,34697.8751,34434.5701,22886.0361,347672.7085,345034.3924
600691.SH,20250124,2.11,0.9809,1.9719,1.51,,,1.1747,0.3681,0.475,0.0,,237598.1952,237558.5952,118171.6306,501332.1919,501248.6359
001269.SZ,20250124,23.3,2.5155,4.1439,1.17,6.8556,,3.5215,1.4326,2.7822,5.1499,5.1499,19240.718,8390.0074,5092.9224,448308.7294,195487.1724
000789.SZ,20250124,4.98,0.4558,0.8996,0.75,17.3721,,0.5891,0.4849,0.6381,1.8072,1.8072,79740.7185,79738.8278,40400.2874,397108.7781,397099.3624
600435.SH,20250124,10.07,0.8366,1.3608,0.8,78.8932,,5.7534,4.2546,7.7268,0.3962,0.3962,150603.1602,150603.1602,92589.2032,1516573.8232,1516573.8232
002184.SZ,20250124,13.47,24.3899,28.9311,0.91,40.4091,,3.8665,1.3346,1.7242,0.7424,0.7424,35190.837,24007.7504,20239.3087,474020.5744,323384.3979
601988.SH,20250124,5.31,0.0664,0.6942,0.88,6.7407,6.7145,0.6747,2.5096,2.4789,4.452,6.7269,29438779.1241,21076551.4846,2016358.3813,156319917.149,111916488.3832
920834.BJ,20250124,7.8,0.4637,0.8895,0.52,24.1004,25.123,3.317,3.5059,3.4516,4.4872,4.4872,12000.0005,6279.6439,3274.0231,93600.0039,48981.2224
600236.SH,20250124,6.27,0.1218,0.9272,0.81,40.3136,21.9355,3.0308,6.1083,5.2871,3.2695,3.2695,788237.7802,788237.7802,103578.6809,4942250.8819,4942250.8819
920978.BJ,20250124,15.22,2.5308,2.7357,0.66,23.9969,21.0341,4.3162,4.1765,3.6412,1.8326,1.8326,17926.1468,10016.6948,9266.2882,272835.9543,152454.0949
603598.SH,20250124,20.4,28.2808,56.6949,1.38,114.0003,169.3451,25.1183,1.1559,0.9576,0.0,,26846.29,26786.29,13361.66,547664.316,546440.316
002797.SZ,20250124,7.97,3.6295,4.0807,0.73,101.2931,52.0289,2.1439,13.4581,11.2499,0.527,0.527,420240.0,420239.625,373770.985,3349312.8,3349309.8113
301120.SZ,20250124,8.53,5.3977,5.3977,0.79,45.679,180.7346,2.0147,7.0696,8.3349,0.6396,0.6396,37144.1055,15748.9269,15748.9269,316839.2199,134338.3465
000584.SZ,20250124,2.93,0.3299,0.3999,0.15,,,3.9672,1.0191,1.0613,0.0,,76093.7577,75886.4719,62593.0009,222954.7101,222347.3627
920371.BJ,20250124,7.27,5.8811,6.1683,1.8,34.6047,27.8021,2.6836,1.5363,1.6354,1.3755,1.3755,20544.5536,5777.3038,5508.3365,149358.9047,42000.9986
688256.SH,20250124,612.98,1.6513,3.4192,0.72,,,49.8013,360.7238,341.6994,,,41745.6753,41745.6753,20161.0512,25589264.0454,25589264.0454
002476.SZ,20250124,4.3,2.0741,2.6382,1.01,502.8553,91.2615,2.9433,6.7941,5.6874,0.2326,0.2326,61200.0,61195.095,48110.7744,263160.0,263138.9085
300578.SZ,20250124,19.0,5.1132,7.0891,1.99,,,3.2086,8.2847,8.267,0.0,,19826.974,19405.946,13996.946,376712.506,368712.974
002495.SZ,20250124,2.43,16.5601,19.377,3.28,,,2.0517,8.7521,9.3955,0.0,,93562.56,71393.4903,61014.6964,227357.0208,173486.1814
688776.SH,20250124,49.9,1.0053,2.9207,0.57,59.8565,68.3119,2.9299,7.2551,8.693,0.4008,0.7715,10838.3419,10838.3419,3730.6693,540833.2608,540833.2608
603023.SH,20250124,2.88,0.8015,1.5655,0.42,,,2.0985,30.3307,29.6398,0.0,,55811.7407,55811.7407,28573.1327,160737.8132,160737.8132
002327.SZ,20250124,8.69,0.7811,1.0187,1.06,12.7403,14.043,1.9996,2.4059,2.4361,7.4623,7.4623,83874.7539,48779.4163,37401.5987,728871.6114,423893.1276
688305.SH,20250124,66.99,0.8141,1.4672,0.83,67.1545,62.5729,3.8287,15.1436,12.66,0.3712,0.3712,10223.5906,10170.2906,5643.2906,684878.3343,681307.7673
001872.SZ,20250124,20.67,0.3197,2.4804,2.05,14.4728,12.4307,0.8459,3.2821,3.1986,2.8045,2.8045,250092.4881,174431.9914,22479.3266,5169411.729,3605509.2622
000877.SZ,20250124,5.18,0.8789,1.1941,1.01,18.7428,,0.4615,0.343,0.4164,2.6814,2.6814,711049.1694,182214.0647,134113.7338,3683234.6975,943868.8551
600664.SH,20250124,3.71,2.5715,4.8141,0.76,23.6391,15.2413,1.7928,0.6045,0.5761,0.0,,251850.9876,251850.9876,134527.2853,934367.164,934367.164
603085.SH,20250124,10.7,2.5057,4.5603,1.17,299.8257,182.5459,4.7321,2.9779,2.239,0.0,,39710.0,37022.5434,20342.6121,424897.0,396141.2144
002978.SZ,20250124,29.75,0.8115,3.5156,1.06,14.9953,15.4705,1.7624,7.5656,7.6372,2.8493,2.8493,47198.9958,29900.0,6902.0,1404170.1251,889525.0
688098.SH,20250124,5.27,0.4332,0.7848,1.19,68.6607,,1.482,7.1781,6.9728,0.6641,0.6641,41064.4,41064.4,22666.8601,216409.388,216409.388
300432.SZ,20250124,17.16,3.4535,5.9604,0.74,,123.2511,4.8197,3.6375,2.807,0.0,,122125.7316,120528.2267,69835.7308,2095677.5543,2068264.3702
301221.SZ,20250124,46.29,10.8597,10.8597,2.03,,,2.1363,6.7119,7.2772,0.216,0.216,9262.23,4364.8925,4364.8925,428748.6267,202050.8738
002246.SZ,20250124,9.28,1.2336,2.3087,0.88,91.7784,,1.8217,2.3597,2.5752,0.5388,0.7543,54903.4794,54903.4794,29336.1431,509504.2888,509504.2888
000952.SZ,20250124,5.64,2.8159,3.7779,0.92,,,1.645,2.6743,2.9124,0.0,,34985.5339,34398.7615,25639.555,197318.4112,194009.0149
603215.SH,20250124,16.65,18.6308,18.6308,0.96,15.5548,24.5415,2.7731,2.0126,1.7639,2.232,2.232,18850.8399,7103.253,7103.253,313866.4843,118269.1625
301130.SZ,20250124,27.42,1.9165,2.2743,1.26,43.872,51.1993,2.4659,9.8259,8.9493,0.9034,0.9034,8080.3943,5796.5634,4884.5763,221564.4117,158941.7684
920344.BJ,20250124,17.43,0.2578,0.7398,0.85,67.0149,65.1417,3.4777,8.6754,8.143,0.4303,0.4303,12181.0,11356.0796,3957.6277,212314.83,197936.4674
002832.SZ,20250124,19.0,2.2686,2.7981,0.87,11.906,11.8519,2.1315,3.0665,2.8991,5.2632,5.2632,57070.7084,38941.8284,31572.3584,1084343.4596,739894.7396
605499.SH,20250124,241.13,0.4082,1.2662,0.82,61.4729,40.559,20.8192,11.1332,8.2602,1.5951,1.5951,52001.3,52001.3,16765.661,12539073.469,12539073.469
600630.SH,20250124,9.07,2.6149,3.74,0.5,241.6283,68.8294,5.1158,2.1677,2.177,0.1323,0.1323,42486.1597,42486.1597,29705.04,385349.4685,385349.4685
688646.SH,20250124,42.1,3.0099,3.0099,0.77,39.6196,37.6429,2.5058,5.7463,5.2188,1.0794,1.0794,9516.2608,5615.0322,5615.0322,400634.5797,236392.8556
600807.SH,20250124,2.56,4.283,5.4586,0.6,,,12.8819,3.1631,4.7037,0.0,,88463.4731,78701.8464,61752.8937,226466.4911,201476.7268
601328.SH,20250124,7.17,0.423,0.7229,1.03,5.7422,5.7718,0.5667,2.0671,2.0895,5.2301,7.7686,7426272.6645,3925086.4015,2296728.4001,53246375.0045,28142869.4988
600559.SH,20250124,18.97,1.4116,1.893,1.1,26.0577,21.585,3.4275,3.3007,3.1555,2.3722,2.3722,91474.7444,90427.1444,67427.7412,1735275.9013,1715402.9293
300420.SZ,20250124,2.86,4.1907,5.2214,1.08,77.8709,,1.3342,2.3444,2.9291,0.5245,0.5245,111638.3561,111636.4061,89599.4719,319285.6984,319280.1214
300639.SZ,20250124,5.62,0.7202,1.1927,0.8,25.8651,,0.8095,3.2897,4.2049,1.1486,1.1486,64650.0674,63516.4371,38353.6635,363333.3788,356962.3765
601686.SH,20250124,5.21,0.1475,0.3102,1.07,13.1008,32.1394,1.2613,0.1226,0.1364,5.649,2.8051,143296.3311,143296.3311,68159.5711,746573.885,746573.885
002860.SZ,20250124,9.8,1.0346,1.8475,0.76,14.9409,18.2428,1.753,1.0509,1.4345,1.0132,1.0132,30869.9483,29553.57,16550.6899,302525.4933,289624.986
000751.SZ,20250124,2.79,0.7326,0.9587,0.92,50.5866,100.6586,1.2747,0.2877,0.3285,1.0753,1.0753,161563.0595,140986.8779,107726.6753,450760.936,393353.3893
002580.SZ,20250124,8.97,6.8125,8.8653,0.57,23.4549,23.6785,1.8877,1.4471,1.4451,0.6355,0.6355,45386.8993,45233.88,34759.9802,407120.4867,405747.9036
605258.SH,20250124,31.69,3.9713,10.0761,0.49,74.7214,48.3941,2.3513,3.8023,3.2697,1.1044,1.1044,8800.0,8800.0,3468.3,278872.0,278872.0
000028.SZ,20250124,25.45,0.9205,2.6462,0.75,8.857,9.6022,0.7825,0.1877,0.188,2.6719,2.6719,55656.5077,47805.3713,16629.127,1416458.121,1216646.6996
301004.SZ,20250124,115.99,0.8539,3.0175,0.85,25.5232,17.4809,7.1731,6.786,4.758,1.7265,1.7265,10386.93,9567.6463,2707.49,1204780.0107,1109751.2943
688268.SH,20250124,44.81,0.8593,2.1557,1.03,31.5253,29.6118,3.1032,3.5957,3.7734,1.1102,1.1102,12038.5201,12022.3201,4792.366,539446.0857,538720.1637
600742.SH,20250124,8.75,0.5287,0.9223,0.77,12.4906,13.3124,0.7765,0.3131,0.3281,2.8571,4.0,74305.788,74305.788,42596.707,650175.645,650175.645
300642.SZ,20250124,13.94,1.3422,1.6056,1.02,25.4187,32.0596,1.5067,4.1866,4.9131,1.0705,1.0705,16302.1941,13770.6966,11511.7846,227252.5858,191963.5106
688591.SH,20250124,36.53,6.7916,7.8212,0.88,176.1481,114.6659,3.7554,13.7829,11.7328,0.1984,0.1984,24000.0,16323.156,14174.316,876720.0,596284.8887
600399.SH,20250124,5.41,1.7759,2.5159,1.37,29.445,26.9591,1.6108,1.2443,1.2216,1.0351,1.0351,197210.0,197210.0,139202.3556,1066906.1,1066906.1
600015.SH,20250124,7.43,0.3702,1.1173,1.9,4.4854,4.3927,0.4075,1.2687,1.2683,5.1682,6.5141,1591492.8468,1538722.3983,509783.4834,11824791.8517,11432707.4194
920274.BJ,20250124,11.9,2.7854,2.7854,0.45,29.1975,1252.4916,2.0486,1.4868,1.5106,4.1535,4.1535,8133.3334,2338.3534,2338.3534,96786.6675,27826.4055
688289.SH,20250124,20.42,1.1276,2.1475,1.14,32.528,45.6052,1.6346,11.7475,8.4078,2.1818,2.1818,57938.8006,57938.8006,30423.4372,1183110.3083,1183110.3083
300823.SZ,20250124,13.31,2.5706,3.2228,0.86,30.2984,36.0315,1.834,3.7821,3.8833,3.1555,3.1555,13098.2727,7608.1721,6068.3954,174338.0096,101264.7707
600586.SH,20250124,5.15,0.7573,1.1142,0.82,15.9328,21.8902,1.1999,0.9233,1.0182,1.9262,1.9262,142877.0,142877.0,97113.4722,735816.55,735816.55
301592.SZ,20250124,134.56,5.3583,5.3583,0.85,103.1575,93.343,10.8523,23.0548,19.0133,,,7000.0,1750.0,1750.0,941920.0,235480.0
300545.SZ,20250124,32.51,3.025,3.7426,1.14,33.0136,23.9298,3.169,4.8492,4.4159,0.4555,0.4555,18005.0961,11418.677,9229.0289,585345.6742,371221.1893
920593.BJ,20250124,43.85,3.9786,7.9262,0.82,72.8728,132.9694,8.9512,20.8738,27.4936,0.6516,0.6516,13446.1709,11543.5912,5794.3357,589614.594,506186.4741
603980.SH,20250124,4.19,2.1504,3.4475,1.05,,,0.7307,1.6768,1.805,1.675,1.675,67683.336,67683.336,42216.9565,283593.1778,283593.1778
002342.SZ,20250124,3.11,2.0708,2.8732,0.95,,,1.209,1.2826,1.3863,0.0965,0.0965,96000.0,95469.0,68807.0,298560.0,296908.59
000830.SZ,20250124,11.36,0.547,1.0715,0.77,26.5046,11.501,1.1884,0.8557,0.7484,1.1481,1.1481,191017.2451,190356.0233,97185.3536,2169955.9043,2162444.4247
003030.SZ,20250124,16.56,3.4949,5.789,0.23,51.0687,,2.0425,1.3977,1.2744,0.9015,0.9015,12478.0,8099.8375,4889.95,206635.68,134133.309
000156.SZ,20250124,7.13,0.7345,1.401,1.39,19.1747,25.9177,0.8953,1.361,1.4073,3.0856,3.0856,185293.2442,169987.5877,89117.3393,1321140.8311,1212011.5003
688657.SH,20250124,40.17,1.3358,1.5615,1.63,48.6106,56.5367,1.8814,9.4627,9.3472,1.7051,1.7051,6551.4288,4038.9399,3454.9399,263170.8949,162244.2158
300098.SZ,20250124,5.16,5.6122,5.9149,0.97,,,3.1697,4.9848,5.758,0.0,,173778.2275,154174.3627,146286.5248,896695.6539,795539.7115
002181.SZ,20250124,5.47,3.4004,10.4267,0.78,759.6693,,1.5289,11.364,10.8131,0.9872,0.9872,116105.8174,113446.2472,36997.909,635098.8212,620550.9722
000927.SZ,20250124,2.52,0.7506,2.3954,1.24,26.6997,31.7837,1.6397,0.3383,0.3747,0.3968,0.3968,605035.3641,605035.0581,189584.6918,1524689.1175,1524688.3464
603657.SH,20250124,14.26,2.9135,9.3555,0.86,77.8418,,2.0493,1.0691,0.9956,0.7025,0.7025,13644.9325,13519.005,4210.145,194576.7375,192781.0113
603612.SH,20250124,14.49,2.7988,4.1925,1.01,,,1.2399,0.4714,0.5427,0.0,,49810.4459,49810.4459,33251.6481,721753.3611,721753.3611
603779.SH,20250124,7.65,9.3913,14.0746,2.56,,,4.4999,6.6014,6.0375,0.0,,33208.2754,33208.2754,22158.256,254043.3068,254043.3068
300576.SZ,20250124,45.94,4.3816,5.3675,0.98,163.7756,125.6271,8.869,17.515,15.4161,0.132,0.132,30475.5788,18353.0814,14982.1133,1400048.0901,843140.5595
600697.SH,20250124,11.3,2.0367,2.7203,0.91,95.9593,91.5128,0.7689,0.2566,0.2564,0.9735,0.9735,15908.8075,15537.6015,11633.0019,179769.5248,175574.897
300179.SZ,20250124,9.77,4.779,6.162,0.8,34.5062,38.9464,3.9782,8.7542,8.8809,2.0325,2.0325,48590.883,37604.7335,29164.557,474732.9269,367398.2463
603201.SH,20250124,17.59,3.4646,4.5732,1.86,13.263,11.7818,1.8098,1.0124,0.9797,3.0289,3.0289,15836.5435,6475.9335,4906.0575,278564.8002,113911.6703
002541.SZ,20250124,16.26,0.9179,1.2679,1.0,9.5137,11.8661,1.2191,0.4766,0.4996,3.1857,3.1857,69001.2818,49617.3797,35921.6496,1121960.8421,806778.5939
002478.SZ,20250124,5.06,0.9736,1.1919,1.18,5.8246,7.9624,0.8411,0.6847,0.7904,5.5337,5.5337,90134.6228,71958.9938,58776.4896,456081.1914,364112.5086
300638.SZ,20250124,30.35,27.7523,33.8608,1.29,41.2292,30.56,6.5995,3.0113,2.8976,1.2481,1.2481,76556.4863,53238.3586,43634.2119,2323489.3592,1615784.1835
600660.SH,20250124,59.39,0.5462,0.7711,1.22,27.5334,22.1986,4.641,4.6739,4.1168,2.1889,2.1889,260974.3532,200298.6332,141881.6828,15499266.8365,11895735.8257
600016.SH,20250124,4.1,0.5466,0.8644,0.95,5.011,5.4842,0.3311,1.2748,1.3182,8.439,8.439,4378241.8502,3546212.3213,2242598.1348,17950791.5858,14539470.5173
601619.SH,20250124,3.33,0.6767,1.3489,0.88,10.0944,11.5046,1.2023,3.3734,3.3922,3.6036,3.6036,243435.2182,243435.2182,122117.1114,810639.2766,810639.2766
300162.SZ,20250124,7.01,3.2223,4.0585,0.97,,,3.1311,2.6416,2.389,0.0,,41951.003,34075.878,27054.853,294076.531,238871.9048
301079.SZ,20250124,15.44,2.6289,3.165,0.83,256.6232,328.99,3.447,6.1209,5.1372,0.0654,0.0654,10933.8159,6893.1824,5725.6699,168818.1175,106430.7363
601595.SH,20250124,25.98,2.7197,8.835,1.5,91.7037,105.9865,7.0082,14.6427,16.0485,0.8083,0.8083,44820.0,44820.0,13797.1683,1164423.6,1164423.6
600398.SH,20250124,8.6,1.0828,2.6956,0.68,13.992,17.1527,2.4654,1.9186,1.9467,9.186,9.186,480277.0296,480277.0296,192919.4365,4130382.4546,4130382.4546
920885.BJ,20250124,13.61,3.7031,5.8169,0.91,182.3662,136.8032,6.1667,17.1919,16.0858,0.2572,0.2572,17061.5,8651.9721,5507.9373,232207.015,117753.3403
000883.SZ,20250124,4.77,0.5298,2.0186,1.48,17.7345,12.4443,0.9045,1.661,1.5789,1.8868,1.8868,650091.5424,647975.6454,170066.4348,3100936.6572,3090843.8286
600408.SH,20250124,1.92,1.4105,2.0611,0.48,,,1.2467,0.1932,0.262,0.0,,100680.0,100680.0,68899.2884,193305.6,193305.6
688096.SH,20250124,8.18,0.6458,0.9387,0.93,,,1.6589,3.1461,3.3548,,,15236.44,15236.44,10483.09,124634.0792,124634.0792
603269.SH,20250124,12.22,15.1953,20.4355,1.1,31.7729,30.3847,2.624,1.952,1.6853,1.7536,1.7536,22053.6977,22053.6977,16398.5293,269496.1859,269496.1859
301251.SZ,20250124,34.9,9.7444,9.7444,0.65,52.1081,77.7924,3.1389,5.7109,4.894,0.384,0.384,13462.176,5392.624,5392.624,469829.9424,188202.5776
600055.SH,20250124,14.51,0.6679,0.9419,0.97,54.108,55.416,5.2117,8.2491,7.2661,0.8959,0.8959,70306.1058,54081.6199,38348.1077,1020141.5952,784724.3047
001322.SZ,20250124,7.54,2.8119,2.8119,0.49,17.1985,43.167,1.5072,0.9549,1.0144,1.7464,1.7464,96859.725,16561.28,16561.28,730322.3265,124872.0512
002669.SZ,20250124,9.71,2.5876,3.6201,1.38,97.1795,,1.0172,1.055,0.9865,0.7163,0.7163,30340.0,30162.52,21559.9179,294601.4,292878.0692
002510.SZ,20250124,5.54,3.1172,3.7154,0.69,67.2556,65.2052,2.3246,2.0113,1.8409,0.5025,0.5025,101513.8708,100484.6946,84306.7754,562386.8442,556685.2081
002041.SZ,20250124,10.63,3.7137,9.4159,1.06,36.5716,42.7132,2.6009,6.0274,6.3355,0.3387,0.3387,88000.0,88000.0,34708.0741,935440.0,935440.0
002370.SZ,20250124,3.27,3.8812,4.5636,0.48,,,2.9549,5.6639,5.5976,0.0,,72858.6186,72858.6186,61964.062,238247.6828,238247.6828
603339.SH,20250124,12.92,1.9511,3.4943,0.61,11.9845,14.818,1.5873,1.7939,1.9696,1.9868,1.9868,30944.1175,30944.1175,17277.9339,399797.9981,399797.9981
603508.SH,20250124,23.85,1.5413,3.5955,1.38,22.0672,18.3638,2.0215,7.7047,6.7132,4.2203,4.2203,38127.4377,38127.4377,16344.9096,909339.3891,909339.3891
000878.SZ,20250124,12.69,1.2992,1.9626,1.2,16.1028,16.0564,1.7186,0.173,0.1536,2.6005,2.6005,200362.831,200358.8966,132638.3083,2542604.3254,2542554.3979
920768.BJ,20250124,7.3,2.298,3.5139,0.66,,,1.2466,0.7132,0.5108,,,11097.0,7657.1789,5007.6921,81008.1,55897.406
000888.SZ,20250124,12.78,1.4698,2.4333,1.0,29.5839,32.0136,2.5616,6.4461,6.5474,1.5649,1.5649,52691.3102,52691.3102,31826.6608,673394.9444,673394.9444
600725.SH,20250124,3.02,2.1892,3.1245,0.82,722.9631,,10.6,4.1426,3.8736,0.0,,123247.0,123247.0,86351.7514,372205.94,372205.94
002616.SZ,20250124,4.75,1.7618,3.1039,0.58,22.162,20.8444,1.3699,0.8885,0.9226,2.1052,2.1052,74196.638,47023.028,26690.738,352434.0305,223359.383
002875.SZ,20250124,11.73,2.3383,3.6923,0.73,,,3.3588,3.101,3.6016,0.0,,21300.4872,18242.0174,11552.4028,249854.7149,213978.8641
300034.SZ,20250124,15.0,0.7692,1.3002,1.02,36.4339,36.4806,3.3238,3.4116,3.3006,0.8267,0.8267,77513.7713,76635.6883,45339.4088,1162706.5695,1149535.3245
688636.SH,20250124,28.45,1.3538,2.696,1.09,33.2694,125.7927,2.9716,4.8301,6.7759,0.4934,0.4934,11256.1524,11250.1614,5649.363,320237.5358,320067.0918
000620.SZ,20250124,2.05,5.5097,13.6577,1.47,34.2062,5.4889,2.1882,3.1063,3.4728,0.0,,587181.504,467172.674,188462.2789,1203722.0832,957703.9817
300130.SZ,20250124,21.94,8.2487,9.5779,2.99,16.472,24.8763,2.9196,3.2718,3.7107,3.9258,3.9258,56686.8623,43381.4933,37361.3491,1243709.7589,951789.963
002053.SZ,20250124,11.33,0.4027,1.5133,0.97,21.6313,14.4937,1.4256,3.5921,2.9594,1.4122,1.4122,92072.9464,92070.0299,24499.4605,1043186.4827,1043153.4388
603237.SH,20250124,17.73,1.319,1.9049,0.64,21.2106,26.0675,1.9564,1.334,1.5499,3.9553,3.9553,19827.3527,12187.5642,8438.6042,351538.9634,216085.5133
300440.SZ,20250124,7.76,2.9671,4.9056,1.16,35.5605,33.6681,2.189,2.9071,3.1266,0.5626,0.5626,44391.86,44222.3565,26747.6342,344480.8336,343165.4864
301199.SZ,20250124,34.34,16.569,22.2164,1.08,161.9902,66.7828,2.5151,4.6969,4.2266,0.2038,0.2038,13334.0,4671.5,3484.0,457889.56,160419.31
000632.SZ,20250124,3.55,6.0371,8.3266,1.8,,,1.1339,0.1188,0.127,0.0,,46551.957,46548.1606,33749.0247,165259.4474,165245.9701
000504.SZ,20250124,8.83,0.8787,1.3972,0.64,,,11.7198,21.3033,23.4162,0.0,,33002.3098,31066.8701,19536.7046,291410.3955,274320.463
002001.SZ,20250124,22.49,0.5935,1.2307,0.68,25.5603,15.0507,2.6237,4.5726,3.4759,2.0009,2.8902,307342.168,303701.1928,146460.2334,6912125.3583,6830239.8261
688131.SH,20250124,38.28,1.1432,2.1586,0.89,63.3629,52.9085,2.9943,4.2954,3.8038,0.3838,0.3838,21095.9781,20618.0846,10919.8427,807554.0417,789260.2785
300905.SZ,20250124,25.57,2.4626,4.3728,0.96,45.7021,42.8392,2.4852,3.7983,3.2859,1.9387,1.9387,17781.7756,12726.1752,7167.0055,454680.0021,325408.2999
605366.SH,20250124,5.42,1.0237,2.674,0.95,52.9717,,1.6553,2.4849,2.418,0.7077,0.7077,63498.5174,63230.0019,24205.9157,344161.9643,342706.6103
688558.SH,20250124,22.26,0.5609,1.8924,1.03,20.5945,23.1757,1.8299,2.6612,2.7818,2.2343,2.2343,13200.0,13200.0,3912.2368,293832.0,293832.0
603007.SH,20250124,10.56,1.7848,2.5478,1.02,,,25.9789,58.1425,80.5269,0.0,,87689.6101,49983.0778,35015.4178,926002.2827,527821.3016
300189.SZ,20250124,3.6,6.8034,7.1752,0.88,,,4.9189,22.1106,21.293,0.0,,102400.0,88624.7574,84033.1049,368640.0,319049.1266
002266.SZ,20250124,3.0,0.4932,1.0788,1.05,15.2666,19.2179,1.4008,0.8262,0.785,1.6536,1.6536,521927.1402,489680.1048,223861.9451,1565781.4206,1469040.3144
300623.SZ,20250124,34.25,2.7063,4.5542,0.67,130.0545,69.6405,4.7049,13.5298,10.6105,0.1496,0.1496,83207.9919,71198.776,42308.4179,2849873.7226,2438558.078
603062.SH,20250124,37.65,1.5623,1.5646,0.55,24.3549,26.8093,2.0994,3.5648,2.3071,4.9142,4.9142,10800.0,3322.08,3317.08,406620.0,125076.312
300585.SZ,20250124,15.2,3.0926,5.2641,0.82,497.858,,3.6284,5.3271,5.6767,0.0658,0.0658,17111.1111,17111.1111,10052.58,260088.8887,260088.8887
601717.SH,20250124,13.17,1.6945,2.7078,1.14,7.182,6.0832,1.0689,0.6461,0.6356,6.3787,6.3787,178539.993,154216.573,96507.8473,2351371.7078,2031032.2664
603030.SH,20250124,2.42,1.3959,1.9678,0.49,33.5876,60.3034,3.1987,3.0658,3.7977,0.0,,131693.352,131693.352,93417.4659,318697.9118,318697.9118
300735.SZ,20250124,28.25,2.827,5.9206,0.81,54.6475,70.4008,4.5109,4.0131,3.0423,0.885,0.885,76746.0689,75728.0526,36158.8866,2168076.4464,2139317.486
600699.SH,20250124,17.33,1.5136,2.4185,0.59,22.5379,19.5934,1.8024,0.4381,0.4394,1.4974,1.4974,140870.1543,136808.4624,85620.6883,2441279.774,2370890.6534
600538.SH,20250124,5.06,1.8965,2.1054,0.87,,,3.1266,7.1852,7.5921,0.0,,52419.8348,52419.8348,47218.0463,265244.3641,265244.3641
301318.SZ,20250124,30.71,5.4891,7.9729,1.31,50.5031,45.2574,2.3065,8.5028,7.1477,0.4982,0.4982,13513.0876,5851.3722,4028.5122,414986.9202,179695.6403
300474.SZ,20250124,86.58,3.9132,5.3569,0.75,758.1687,665.619,6.2332,63.4399,66.043,0.1216,0.1216,52261.9223,32685.1512,23876.1269,4524837.2327,2829880.3909
300473.SZ,20250124,23.29,6.686,9.676,1.06,272.9589,134.8512,2.2614,0.8178,0.7889,0.0,,15097.3101,15004.9988,10368.3025,351616.3522,349466.4221
600727.SH,20250124,7.31,1.927,2.9304,1.05,38.0923,12.911,1.2273,0.7737,0.7236,1.368,2.052,52858.3135,52852.3135,34755.3948,386394.2717,386350.4117
002871.SZ,20250124,9.52,1.9293,3.0127,1.02,17.8019,18.6538,2.6919,3.6615,3.7083,3.5958,3.5958,21931.1687,12072.7376,7731.2527,208784.726,114932.462
301373.SZ,20250124,25.94,1.433,1.4564,0.86,22.5329,21.5328,1.803,6.0395,6.1202,1.1565,1.1565,10847.2091,3847.2822,3785.273,281376.6041,99798.5003
600846.SH,20250124,8.06,0.5578,0.8852,0.93,13.2079,12.4458,1.2643,0.8877,1.2383,2.4814,2.4814,62476.1516,62476.1516,39372.4688,503557.7819,503557.7819
600928.SH,20250124,3.46,0.4077,1.5343,1.06,6.2454,6.1909,0.4712,2.1344,1.9989,1.6185,1.6185,444444.4445,442124.537,117484.3231,1537777.778,1529750.898
920974.BJ,20250124,7.35,1.7607,2.0597,0.89,103.6754,38.4829,1.9515,0.8837,1.1594,1.8367,1.8367,16380.0,12877.2918,11008.1809,120393.0,94648.0947
002902.SZ,20250124,21.05,6.9825,8.0355,0.92,,,4.4762,2.5867,3.0478,0.0,,23547.7062,17757.3746,15430.3978,495679.2155,373792.7353
301019.SZ,20250124,15.61,2.2016,2.9901,1.29,25.7252,26.6497,2.3637,5.8119,5.4906,1.8303,1.8303,16799.9995,11106.8091,8177.9529,262247.9922,173377.2901
300640.SZ,20250124,5.89,6.6065,7.9314,0.61,69.7689,118.5458,2.2815,2.5523,2.1982,1.1829,1.1829,31245.2427,22218.4505,18506.8113,184034.4795,130866.6734
600495.SH,20250124,3.73,0.7837,1.1324,1.07,221.4485,186.4985,1.3905,3.5132,3.3521,0.3217,0.3217,120819.0886,120819.0886,83617.6131,450655.2005,450655.2005
301263.SZ,20250124,16.09,1.4957,1.4957,0.67,42.7356,50.8205,3.8573,8.9989,9.1033,1.8558,1.8558,42549.75,26297.486,26297.486,684625.4775,423126.5497
301103.SZ,20250124,18.51,1.0216,1.1718,0.88,46.0267,,1.5121,2.4679,2.6448,3.2124,3.2124,15802.6471,8309.0131,7243.8464,292506.9978,153799.8325
300201.SZ,20250124,5.22,1.8942,2.5675,1.0,25.5863,25.57,4.1438,3.8953,4.116,0.6567,0.6567,100904.3607,100450.7422,74110.3317,526720.7629,524352.8743
605218.SH,20250124,22.72,2.3736,7.9838,1.03,40.9778,57.8517,3.7874,3.0844,2.5264,0.5986,0.5986,21283.346,21283.346,6327.5505,483557.6211,483557.6211
002245.SZ,20250124,13.07,14.9927,17.4604,1.32,106.9274,47.1257,2.2356,2.8835,2.3658,0.1148,0.1148,115204.6537,108726.1252,93359.6774,1505724.8239,1421050.4564
000703.SZ,20250124,6.13,0.5372,1.2518,0.81,51.6112,48.8493,0.9658,0.1651,0.1736,1.5071,1.5071,366631.4207,364734.6432,156534.4528,2247450.6089,2235823.3628
688005.SH,20250124,31.99,1.797,1.8473,1.08,26.5999,189.835,1.8272,0.682,1.003,0.9358,0.9358,48302.9659,31545.2832,30686.5818,1545211.8791,1009133.6096
920039.BJ,20250124,7.78,0.6524,2.1904,1.14,18.9879,22.7219,2.2993,4.9383,4.2098,3.599,3.599,15382.0,15381.99,4581.79,119671.96,119671.8822
601398.SH,20250124,6.67,0.1217,0.9765,0.98,6.531,6.5247,0.6743,2.8197,2.9054,4.5937,6.7436,35640625.7089,26961221.2539,3360882.3221,237722973.4784,179831345.7635
002031.SZ,20250124,6.82,20.6486,23.1376,0.7,,,6.167,18.674,13.0123,0.0,,219939.567,198224.8013,176900.8766,1499987.8469,1351893.1449
920261.BJ,20250124,9.43,0.3817,0.5792,0.86,21.5696,18.1999,1.8614,0.4361,0.4097,3.0891,3.0891,29113.2748,17099.1726,11267.4683,274538.1814,161245.1976
300341.SZ,20250124,16.96,1.3296,2.9237,0.69,51.9923,51.1921,4.9359,6.4269,6.5824,0.4127,0.4127,51741.0336,51532.7661,23436.1657,877527.9299,873995.7131
605123.SH,20250124,51.5,0.711,1.634,0.99,12.6814,19.7615,1.4444,1.7246,1.888,3.4951,3.4951,12117.0892,12117.0892,5272.0892,624030.0938,624030.0938
600717.SH,20250124,4.63,0.6172,1.4427,1.28,13.6497,14.1235,0.694,1.1448,1.0793,2.203,2.203,289400.1038,289400.1038,123802.7519,1339922.4806,1339922.4806
301262.SZ,20250124,25.02,2.0426,5.9797,1.18,25.4455,22.9882,2.9873,10.5146,10.2187,1.1511,2.55,41700.0,12207.5392,4170.0,1043334.0,305432.6308
605068.SH,20250124,13.54,3.2151,10.1544,2.13,39.8561,78.2513,1.2889,2.4239,2.0766,0.0,,16214.0136,16214.0136,5133.6136,219537.7441,219537.7441
688033.SH,20250124,5.43,1.2312,1.6469,1.29,21.1972,,0.6663,1.4463,3.1053,0.4599,0.4599,56219.8596,56219.8596,42029.9324,305273.8376,305273.8376
603280.SH,20250124,21.7,6.5039,6.5039,1.09,19.5356,20.5837,1.8057,2.0618,2.1997,1.5668,1.5668,10840.6667,2794.1667,2794.1667,235242.4674,60633.4174
600481.SH,20250124,5.7,5.2379,9.6876,1.77,7.1129,,1.9913,0.4614,0.7262,2.1018,2.1018,187376.711,187376.711,101311.1258,1068047.2527,1068047.2527
002845.SZ,20250124,15.47,2.9185,3.4489,0.54,105.5637,49.3407,1.8436,0.5952,0.5368,0.5171,0.5171,32755.1705,25023.5351,21175.0533,506722.4876,387114.088
002615.SZ,20250124,8.22,3.7653,4.7859,0.6,15.3452,11.9133,2.301,1.5923,1.2491,1.2047,1.2047,46629.5732,30673.6207,24132.2711,383295.0917,252137.1622
301030.SZ,20250124,19.07,9.8285,11.8947,2.58,17.7461,19.7987,1.9557,1.1167,0.86,1.1179,1.1179,20160.703,17084.3186,14116.602,384464.6062,325797.9557
920223.BJ,20250124,9.65,2.5309,4.2674,0.79,,,5.5676,6.1182,5.4282,,,15728.5,8158.375,4838.5,151780.025,78728.3188
002056.SZ,20250124,12.99,0.8002,1.6797,0.68,11.6349,19.3411,2.3005,1.0715,1.2044,2.9759,2.9759,162671.2074,162505.8009,77421.1744,2113098.9841,2110950.3537
600188.SH,20250124,13.36,0.3243,1.2795,1.17,6.6602,8.3731,2.2863,0.8941,1.1029,10.3006,10.3006,1003986.0402,588717.2382,149202.9511,13413253.4971,7865262.3024
002459.SZ,20250124,12.69,2.571,4.8971,1.75,5.9663,,1.3455,0.515,0.5532,4.4037,4.4037,330967.8734,330598.0891,173567.3319,4199982.3134,4195289.7507
688188.SH,20250124,197.13,0.3846,1.0939,0.81,55.5639,45.8941,7.925,28.7833,23.5966,1.2737,1.2737,20545.506,20545.506,7224.382,4050135.5978,4050135.5978
600416.SH,20250124,10.21,1.2904,2.1403,1.84,45.1258,65.404,1.8275,2.9654,2.914,0.0,,132540.6445,132540.6445,79908.5747,1353239.9803,1353239.9803
300897.SZ,20250124,23.07,1.4314,2.8276,1.19,24.9667,23.9986,2.3965,3.5382,3.3576,2.4533,2.4533,10048.664,6294.223,3186.2614,231822.6785,145207.7246
300119.SZ,20250124,17.81,1.0758,1.3377,0.68,18.3175,19.5687,1.8235,3.6891,3.4446,2.2302,2.2302,46584.7906,33498.2301,26939.6783,829675.1206,596603.4781
603937.SH,20250124,8.87,1.3073,3.5397,0.97,27.4742,230.6583,1.1667,1.3166,1.3416,1.0936,1.0936,20888.0771,20888.0771,7714.5373,185277.2439,185277.2439
600580.SH,20250124,21.19,17.7529,29.0164,1.37,52.095,113.0659,2.7941,1.7732,1.7588,0.4704,0.4704,130262.2626,130262.2626,79697.4677,2760257.3445,2760257.3445
600682.SH,20250124,6.41,0.7414,1.3597,0.84,20.2164,34.441,0.4966,1.3134,1.2908,0.4656,0.4656,134613.2221,116506.0275,63525.3202,862870.7537,746803.6363
002344.SZ,20250124,4.23,1.5936,3.3903,0.76,30.5667,47.0203,0.6469,4.4466,4.7142,1.0165,1.0165,128261.696,128145.0092,60233.0025,542546.9741,542053.3889
301162.SZ,20250124,41.55,1.5086,1.6574,1.06,49.4106,48.607,3.6917,9.1242,8.126,1.0729,1.0729,10018.4714,6185.4279,5630.1404,416267.4867,257004.5292
920077.BJ,20250124,10.49,0.6716,1.0152,1.16,26.6425,1600.5398,2.5283,3.0083,4.0538,0.9533,0.9533,58768.1817,31695.6817,20965.8439,616478.226,332487.701
300283.SZ,20250124,5.45,2.2467,2.7766,1.0,112.8368,,2.9285,0.8218,0.8198,0.3668,0.3668,43728.2217,30752.2497,24882.7007,238318.8083,167599.7609
688156.SH,20250124,12.82,0.9117,1.2876,0.77,47.8746,,1.4538,3.6777,3.7809,0.39,0.39,10071.4157,10071.4157,7131.6427,129115.5493,129115.5493
002105.SZ,20250124,4.99,1.6932,3.2649,1.2,84.6264,4501.1141,2.0416,1.9054,1.7611,0.6014,0.6014,36806.0,36447.1975,18902.3028,183661.94,181871.5155
601728.SH,20250124,6.91,0.4029,0.5683,0.93,20.7686,19.3701,1.41,1.2451,1.219,3.7207,3.7207,9150713.8699,2025267.5382,1435912.6872,63231432.841,13994598.689
002461.SZ,20250124,9.12,0.4311,2.7182,1.11,32.3742,25.6616,1.9214,3.7533,3.5329,1.3706,1.3706,221332.848,221332.848,35105.8036,2018555.5738,2018555.5738
300501.SZ,20250124,13.45,1.1778,1.5173,0.88,30.4662,29.1373,1.6129,2.5499,2.3897,3.0218,3.0218,19353.7806,12520.1176,9718.3699,260308.3491,168395.5817
002253.SZ,20250124,10.62,20.3976,25.0738,1.92,,,2.0365,13.3343,12.8725,0.0,,22562.6095,20776.953,16902.1119,239614.9129,220651.2409
002360.SZ,20250124,4.81,2.1475,2.287,0.41,4.4117,5.9058,0.9077,2.0045,2.6388,3.8669,3.8669,40177.4248,32826.3268,30824.8893,193253.4133,157894.6319
300949.SZ,20250124,38.0,3.6733,5.1611,0.6,,,2.6305,4.8051,5.1186,0.0,,6050.65,6000.0,4270.3687,229924.7,228000.0
301046.SZ,20250124,19.87,0.7181,1.3544,1.09,51.1112,38.593,3.6438,5.0346,2.8076,1.5098,1.5098,14969.0799,11313.9549,5998.3049,297435.6176,224808.2839
603988.SH,20250124,21.02,2.3721,5.3634,0.58,114.4237,259.2287,7.5163,6.5276,7.5017,0.2854,0.2854,23520.0,23520.0,10402.4624,494390.4,494390.4
688578.SH,20250124,67.46,1.1585,2.4675,0.62,47.1254,23.411,6.2424,15.0418,9.4751,0.9635,0.9635,45000.0,45000.0,21127.4998,3035700.0,3035700.0
001391.SZ,20250124,7.24,10.2432,10.2432,0.61,75.39,53.9333,3.5929,5.8288,4.5005,,,1201070.4725,83894.3942,83894.3942,8695750.2209,607395.414
300998.SZ,20250124,14.8,2.9453,4.8562,1.76,,,1.5932,2.0949,2.1536,0.6714,0.6714,13716.923,10768.058,6530.853,203010.4604,159367.2584
001218.SZ,20250124,16.17,1.1746,1.1746,0.77,15.5097,20.1517,0.978,0.6479,0.6099,4.0655,4.0655,13017.826,7446.403,7446.403,210498.2464,120408.3365
603619.SH,20250124,19.48,1.8486,2.535,0.74,11.1207,11.4205,2.456,2.4133,2.3787,4.9026,4.9026,46233.8461,40000.01,29169.4002,900635.322,779200.1948
002439.SZ,20250124,15.26,6.014,6.6213,2.02,25.086,64.1822,1.6212,4.1253,4.3244,1.7693,1.7693,121836.9376,72417.2671,65775.79,1859231.6678,1105087.4959
603037.SH,20250124,14.56,1.9797,3.0732,1.09,30.3613,28.0957,3.0324,3.7704,3.537,2.4434,2.4434,19148.1834,19043.8834,12267.4853,278797.5503,277278.9423
300078.SZ,20250124,2.82,2.9152,3.5696,1.29,,,4.1726,3.1541,4.1247,0.0,,112509.223,110674.3722,90384.4997,317276.0089,312101.7296
002946.SZ,20250124,14.5,0.9032,4.8935,1.4,28.9671,23.8316,4.258,1.1358,1.1404,1.0345,1.0345,86067.3916,85157.7703,15718.3757,1247977.1782,1234787.6694
001267.SZ,20250124,9.76,7.3648,15.9085,1.74,132.6493,129.4523,5.0004,11.1101,11.7202,0.4098,0.4098,77957.1428,77526.8628,35890.8728,760861.7137,756662.1809
300465.SZ,20250124,19.81,28.258,41.1452,1.97,306.1623,278.7323,13.9452,6.2599,6.8583,0.0,,44374.9357,44374.9357,30476.1301,879067.4762,879067.4762
600689.SH,20250124,10.42,3.5396,5.385,0.62,119.004,154.0164,4.5576,1.9147,1.8883,0.0,,20099.1343,15220.4143,10004.52,209432.9794,158596.717
301550.SZ,20250124,89.0,7.7759,9.5526,0.87,65.3791,54.4537,5.8026,13.2634,12.7985,0.5618,0.5618,11000.0,5493.17,4471.48,979000.0,488892.13
603615.SH,20250124,22.0,2.2547,6.2631,2.11,1133.2505,,4.5815,8.0986,9.1464,0.2273,0.2273,24182.0,24182.0,8705.4385,532004.0,532004.0
300346.SZ,20250124,37.76,2.2789,2.6487,0.93,102.8485,83.1048,6.5162,12.7687,9.9465,0.2123,0.2123,57596.4086,54712.85,47074.1419,2174840.3887,2065957.216
601857.SH,20250124,8.22,0.0921,1.3563,0.85,9.336,9.286,1.0097,0.4996,0.504,5.4745,5.4745,18302097.7818,16192207.7818,1099851.2248,150443243.7664,133099947.9664
603707.SH,20250124,13.48,0.6916,2.1827,1.29,,,3.5008,5.5397,5.6167,0.7418,0.7418,161563.4969,161563.4969,51190.178,2177875.9382,2177875.9382
601500.SH,20250124,5.64,5.9453,10.6019,1.09,41.4363,20.4863,1.5115,1.7701,1.4067,0.9914,0.9914,158949.0735,157686.0735,88427.0085,896472.7745,889349.4545
001205.SZ,20250124,17.4,1.5444,1.7935,0.9,17.9681,16.3361,1.6198,2.5931,2.16,0.6201,0.6201,18800.1336,15033.6636,12945.5311,327122.3246,261585.7466
300486.SZ,20250124,6.75,2.65,3.797,1.1,,,2.2111,3.1557,3.2189,0.0,,40765.4221,39609.7415,27643.7475,275166.5992,267365.7551
002745.SZ,20250124,8.21,1.4422,1.7105,1.01,28.3422,27.5589,0.9874,0.6949,0.7177,8.5018,8.5018,148416.6399,106467.6029,89768.9306,1218500.6136,874099.0198
603871.SH,20250124,17.5,0.7742,1.9099,1.06,16.4616,12.4578,3.2133,2.4445,2.0264,3.7433,3.7433,97714.9042,97714.9042,39609.4765,1710010.8235,1710010.8235
300363.SZ,20250124,15.97,1.3014,2.0312,0.72,32.6429,,1.64,2.3753,3.1612,3.0343,3.0343,54546.452,50051.9517,32069.2518,871106.8384,799329.6686
600620.SH,20250124,5.23,0.8923,2.2676,0.64,164.6504,,2.3909,12.0768,20.5225,0.1912,0.1912,68667.7113,68667.7113,27020.6059,359132.1301,359132.1301
600056.SH,20250124,10.65,0.5183,1.0972,1.06,15.2009,17.6801,1.3666,0.4103,0.4535,2.1777,2.1777,149587.9748,149535.1478,70639.8276,1593111.9316,1592549.3241
002431.SZ,20250124,1.93,0.822,1.4873,0.79,,,1.3204,0.8636,1.2011,0.0,,181281.6265,181281.6265,100184.112,349873.5391,349873.5391
301246.SZ,20250124,13.14,1.2225,1.2747,1.04,60.2979,194.5929,1.2092,2.5579,2.8905,0.3786,0.3786,40000.68,16094.66,15435.995,525608.9352,211483.8324
603699.SH,20250124,25.42,0.7998,2.2485,1.16,27.0699,20.3274,5.2413,3.524,3.3921,3.5034,3.5034,76864.4461,75468.9893,26843.0245,1953894.2199,1918421.708
002293.SZ,20250124,7.43,0.5568,1.0607,0.72,10.8261,14.8288,1.6176,1.1659,1.3015,8.0678,8.0678,83409.2481,82660.8069,43390.5257,619730.7134,614169.7953
600098.SH,20250124,6.16,0.3475,1.2996,1.25,13.1868,12.7266,0.8107,0.462,0.4328,4.0591,4.0591,350630.6868,349874.9964,93553.4843,2159885.0307,2155229.9778
688693.SH,20250124,31.86,4.1671,5.7707,0.87,131.9236,,2.4337,10.9832,16.4284,0.8475,0.8475,7368.4211,3798.3362,2742.8146,234757.8962,121014.9913
300654.SZ,20250124,12.06,15.4703,28.4033,2.68,104.2747,104.0413,5.2433,8.7001,8.3796,0.4121,0.4121,36604.6516,32622.3824,17768.244,441452.0983,393425.9317
300288.SZ,20250124,14.75,5.2581,6.1,1.88,64.3535,87.2834,3.0573,10.846,12.1506,0.3729,0.3729,33794.1402,25656.9391,22115.9747,498463.568,378439.8517
002437.SZ,20250124,2.51,3.1201,3.4806,1.07,47.5523,71.352,3.0232,2.179,2.3533,0.0,,227974.995,219090.003,196400.343,572217.2375,549915.9075
002783.SZ,20250124,7.71,1.5527,1.8464,0.75,21.9755,32.7596,1.5553,1.0198,1.0603,1.297,1.297,49979.5666,43982.6913,36985.8765,385342.4585,339106.5499
002732.SZ,20250124,15.07,0.8759,2.0847,1.31,13.1418,19.9973,1.6318,1.2158,1.338,0.9954,0.9954,15735.0,15656.6171,6578.2571,237126.45,235945.2197
002752.SZ,20250124,5.65,1.046,2.8914,0.8,16.5731,13.755,1.6611,0.778,0.7979,1.7699,1.7699,97691.8468,97676.8468,35335.1595,551958.9344,551874.1844
603997.SH,20250124,11.69,0.4388,0.8618,0.7,72.5957,,3.1074,0.6861,0.6567,0.0,,126607.6241,126607.6241,64470.9363,1480043.1257,1480043.1257
301526.SZ,20250124,3.27,1.2087,1.8039,0.73,22.6043,,1.5058,1.7231,1.6978,0.9174,0.9174,377087.8048,140439.2923,94102.707,1233077.1217,459236.4858
000998.SZ,20250124,10.13,0.9937,1.3702,0.92,66.6863,49.8495,2.9386,1.4464,1.3265,0.4936,0.4936,131697.0298,131505.0546,95374.1892,1334090.9119,1332146.2031
300135.SZ,20250124,4.08,2.6161,4.0481,0.99,,,3.9783,1.7522,1.6171,0.0,,92160.0,92160.0,59559.1872,376012.8,376012.8
600410.SH,20250124,8.81,27.1911,27.1911,1.8,,,2.3642,2.3202,2.2668,0.0,,109649.4683,109649.4683,109649.4683,966011.8157,966011.8157
600654.SH,20250124,3.1,1.7901,2.7028,0.99,99.0384,127.3813,5.445,3.1213,3.0272,0.0,,287779.046,229976.0236,152314.1415,892115.0426,712925.6732
601566.SH,20250124,7.92,0.3403,1.1285,1.0,23.7982,19.7842,1.1713,1.4897,1.4297,3.7879,3.7879,57463.715,57463.715,17327.561,455112.6228,455112.6228
688023.SH,20250124,42.95,2.0379,2.8392,1.69,,,1.8712,2.0241,2.0844,,,10227.2396,10206.5545,7326.0971,439259.9408,438371.5158
603496.SH,20250124,22.82,4.6669,6.4795,1.2,92.75,58.3524,5.1824,9.4724,6.3321,0.3287,0.3287,32020.9243,32020.9243,23063.496,730717.4925,730717.4925
300177.SZ,20250124,10.49,7.0352,7.6116,1.25,,,4.7171,6.5799,7.5156,0.0,,74416.9066,60630.2351,56039.4469,780633.3502,636011.1662
603966.SH,20250124,7.94,1.0021,2.0009,1.0,17.5028,19.3432,1.8572,1.4353,1.4559,2.8968,2.8968,36010.5057,35869.5057,17965.4271,285923.4153,284803.8753
002739.SZ,20250124,11.23,1.876,3.2446,1.2,25.9967,,2.9083,1.6221,1.8078,0.0,,211177.8708,204030.1093,117966.4439,2371527.4891,2291258.1274
300572.SZ,20250124,14.76,2.701,2.9365,0.92,,,1.7093,7.3109,8.5067,0.1341,0.1341,22898.8812,18359.6561,16887.4139,337987.4865,270988.524
002125.SZ,20250124,10.23,1.0753,1.8613,0.81,18.2771,17.9947,2.2008,2.9765,3.2972,1.6422,1.6422,62948.1713,62948.1713,36366.8316,643959.7924,643959.7924
003017.SZ,20250124,19.87,1.9,2.1022,0.76,33.3771,27.3189,1.6235,1.8153,1.9042,2.1972,2.1972,8400.0,6759.0756,6108.8866,166908.0,134302.8322
600748.SH,20250124,3.18,0.4079,0.9628,0.7,45.4622,,0.6029,0.5952,0.9201,0.6604,0.6604,184456.2892,184456.2892,78138.9791,586570.9997,586570.9997
000965.SZ,20250124,2.87,1.8902,3.8932,0.86,158.9704,24.4673,0.5872,1.04,1.0248,0.6969,0.6969,110983.0895,110983.0895,53883.4999,318521.4669,318521.4669
688382.SH,20250124,13.22,1.3326,1.6109,0.65,,,4.3946,41.0969,98.3646,,,57674.5195,39971.5315,33065.6474,762457.1478,528423.6464
301258.SZ,20250124,23.34,4.1054,4.1054,1.26,19.0724,113.3521,1.1302,4.3728,5.1786,2.5704,2.5704,9167.0,3384.575,3384.575,213957.78,78995.9805
688100.SH,20250124,36.01,0.3799,1.606,0.9,33.7082,29.4461,5.6438,7.9567,7.07,1.1941,1.1941,49168.5175,49168.5175,11631.7148,1770558.3152,1770558.3152
600596.SH,20250124,8.03,0.495,0.6786,0.92,77.2878,107.1293,0.8555,0.7407,0.7649,1.2453,1.2453,134959.7049,129297.1908,94316.7142,1083726.4303,1038256.4421
300961.SZ,20250124,9.6,2.5319,3.6675,0.98,,,1.6934,3.6025,3.8194,0.0,,17728.0,15103.4608,10427.0768,170188.8,144993.2237
603296.SH,20250124,78.71,3.1423,3.144,0.61,29.5399,28.8393,3.699,0.937,0.8289,1.0868,1.0868,101589.062,24355.9039,24342.6039,7996075.07,1917053.196
600519.SH,20250124,1436.0,0.2496,0.5711,1.29,24.1376,21.8164,8.6847,12.2138,10.9194,3.8132,3.8132,125619.78,125619.78,54913.6536,180390004.08,180390004.08
300296.SZ,20250124,6.3,17.1922,18.3529,1.72,59.7998,2760.556,1.8863,2.2437,2.4211,0.7398,0.7398,271197.7222,227295.2078,212920.0578,1708545.6499,1431959.8091
601567.SH,20250124,30.24,0.8223,1.6995,1.43,22.4149,19.1345,3.6471,3.7227,3.1472,2.1321,2.1321,141108.5871,140300.5862,67884.4479,4267123.6739,4242689.7267
605336.SH,20250124,12.87,3.805,11.9067,0.47,12.4457,24.9809,1.2388,2.842,4.5363,4.8174,4.8174,18341.245,18341.245,5861.245,236051.8232,236051.8232
002445.SZ,20250124,2.24,3.0033,4.755,1.85,41.6224,149.4384,2.4593,7.4301,6.4847,0.0,,239166.8331,238144.1773,150410.4311,535733.7061,533442.9572
002397.SZ,20250124,3.24,7.5188,11.2636,0.62,108.0927,205.9917,2.0462,1.1235,1.2828,0.0,,74778.1443,58785.2199,39240.7794,242281.1875,190464.1125
688496.SH,20250124,8.43,1.2439,2.6521,0.97,,,3.5971,5.7384,5.5609,,,45000.0,23794.56,11160.0,379350.0,200588.1408
300083.SZ,20250124,6.45,1.8827,1.9906,1.1,55.2121,45.8958,2.0985,3.0427,2.6718,0.0,,166486.2589,149303.5214,141204.9994,1073836.3699,963007.713
300854.SZ,20250124,12.7,2.8404,3.6215,0.97,62.597,52.1167,1.2912,1.5351,1.7679,0.8665,0.8665,10104.35,5616.7788,4405.3038,128325.245,71333.0908
600560.SH,20250124,15.82,3.491,6.362,0.59,67.3841,66.6284,3.8071,3.7259,4.6287,0.4488,0.4488,22364.55,22364.55,12271.9776,353807.181,353807.181
301180.SZ,20250124,14.29,1.1643,1.1643,0.88,227.8755,409.2673,4.2594,6.5444,5.5674,0.1749,0.1749,40001.0,40001.0,40001.0,571614.29,571614.29
000903.SZ,20250124,2.53,5.0091,7.5732,0.9,,,1.8689,0.9282,0.9566,0.0,,194976.9173,192026.1648,127011.9255,493291.6008,485826.1969
301235.SZ,20250124,19.13,1.8882,2.1722,0.91,18.8216,30.2002,1.1366,1.2613,1.3151,0.5227,0.5227,10560.0,5095.2,4429.0754,202012.8,97471.176
002547.SZ,20250124,4.25,3.6221,5.05,0.71,,,72.3113,2.0593,2.2829,0.0,,112805.7168,110480.7166,79243.2165,479424.2964,469543.0456
601965.SH,20250124,17.35,1.0355,2.7913,1.91,21.0937,19.041,2.5804,4.3446,3.7054,1.902,2.4784,100328.5687,99335.8267,36852.5799,1740700.6669,1723476.5932
603729.SH,20250124,16.91,18.3328,26.1253,2.59,,,4.3142,4.784,4.3305,0.0,,9333.8,9333.8,6549.77,157834.558,157834.558
000995.SZ,20250124,15.74,8.1409,11.3416,0.83,,679.3516,19.2107,18.1201,18.0446,0.0,,17740.8,17740.8,12734.2009,279240.192,279240.192
002357.SZ,20250124,7.17,1.3381,1.9088,0.65,14.9369,27.4871,1.4825,2.5989,2.6014,0.6974,1.3947,31348.9036,31347.7786,21974.4565,224771.6388,224763.5726
603701.SH,20250124,13.91,0.744,1.4635,1.24,182.1504,178.2336,4.7182,5.6095,5.2313,0.1797,0.1797,26136.1901,26136.1901,13287.0002,363554.4043,363554.4043
300864.SZ,20250124,20.21,0.438,1.7047,1.01,20.4777,18.7734,2.4759,4.2244,3.88,3.9218,3.9218,15648.8669,15648.8669,4020.8669,316263.6,316263.6
600403.SH,20250124,2.71,0.3087,1.9915,0.91,,,1.0786,1.1143,1.2665,0.0,,239081.2402,239081.2402,37065.1791,647910.1609,647910.1609
601966.SH,20250124,18.18,0.6446,1.3899,0.78,19.1321,12.4161,1.2416,1.3194,1.2327,3.5149,3.5149,146350.2683,146350.2683,67875.3656,2660647.8777,2660647.8777
603444.SH,20250124,206.92,1.0738,1.8249,1.0,13.249,16.1449,3.2463,3.5621,4.0328,3.1289,3.1289,7204.1101,7204.1101,4238.8461,1490674.4619,1490674.4619
300280.SZ,20250124,17.53,8.6104,10.5885,1.06,,,2.3212,1.2982,2.6327,0.0,,16206.5744,16047.4169,13049.5169,284101.2492,281311.2183
000035.SZ,20250124,4.55,0.6865,1.0884,0.97,33.7347,30.3282,1.049,2.1374,1.9489,0.4407,0.4407,250078.3182,242579.4086,153020.288,1137856.3478,1103736.3091
600197.SH,20250124,15.91,0.6941,1.2306,0.96,22.0971,21.3391,1.9577,3.3657,3.3499,2.4512,2.4512,47201.5531,47201.5531,26625.7304,750976.7098,750976.7098
603580.SH,20250124,17.28,1.2752,3.9088,0.8,966.4974,513.7449,5.2037,14.6039,13.5934,0.4745,0.4745,13067.32,13067.32,4263.22,225803.2896,225803.2896
600516.SH,20250124,4.59,0.4524,0.7335,1.45,44.3958,64.0422,1.0834,3.6008,4.1947,0.688,0.688,402597.0368,402597.0368,248307.6847,1847920.3989,1847920.3989
301207.SZ,20250124,17.03,2.1008,2.1008,0.69,11.9022,20.5692,1.6796,4.2463,6.2051,3.5232,3.5232,60102.75,14164.8488,14164.8488,1023549.8325,241227.3751
002629.SZ,20250124,4.82,17.5105,17.6903,1.98,,,67.6551,10.1067,11.3875,0.0,,43664.8,34542.0849,34191.0987,210464.336,166492.8492
688557.SH,20250124,20.48,1.2239,2.2327,1.38,18.9547,19.7735,1.8657,2.1458,1.8959,1.6044,1.6044,10220.798,10220.798,5602.7873,209321.943,209321.943
002545.SZ,20250124,7.06,1.2171,2.6969,1.19,13.8584,14.8388,1.0053,2.1933,1.9904,4.2493,4.2493,124406.2083,113016.3708,51006.5724,878307.8306,797895.5778
688629.SH,20250124,38.63,11.0456,11.0456,1.22,246.0738,,12.4328,19.7071,17.2275,0.1294,0.1294,46099.2831,17832.5601,17832.5601,1780815.3062,688871.7967
002992.SZ,20250124,56.53,0.9029,1.7027,0.77,,,13.9677,7.7924,6.6361,0.0,,18204.3105,15720.391,8335.9135,1029089.6726,888673.7032
000422.SZ,20250124,12.02,0.7788,1.1084,0.87,28.725,15.8421,1.7582,0.7638,0.772,2.6007,2.6007,108291.4712,105781.7191,74322.0356,1301663.4838,1271496.2636
300466.SZ,20250124,7.65,2.389,3.8951,1.29,,,5.1369,4.9045,5.8534,0.0,,53552.9908,41998.6257,25758.899,409680.3796,321289.4866
600173.SH,20250124,4.26,2.3392,5.8405,0.53,18.1512,86.257,0.7803,0.6275,1.045,1.3899,1.3899,70050.6244,70041.6244,28053.1999,298415.6599,298377.3199
688484.SH,20250124,36.71,2.1436,2.3145,0.72,59.7594,44.2534,4.0311,8.7725,6.314,1.0294,1.0294,42545.7743,29106.4377,26958.0115,1561855.3746,1068497.328
300892.SZ,20250124,29.24,3.3439,6.4875,0.8,,,2.8151,2.603,3.253,0.0,,10000.0,6456.25,3327.77,292400.0,188780.75
603321.SH,20250124,7.24,0.8022,2.1743,0.91,27.1563,16.5046,1.8146,2.3267,2.7227,2.0237,2.0237,30700.0,30251.5,11161.5,222268.0,219020.86
600303.SH,20250124,2.78,0.8185,0.9738,1.21,,,1.2948,1.3936,1.4119,0.0,,68360.4211,67560.4211,56784.441,190041.9707,187817.9707
301525.SZ,20250124,63.59,3.7418,4.1965,1.29,27.7167,36.3709,1.907,3.8829,4.4325,1.0222,1.0222,9431.1768,4940.1197,4404.8399,599728.5327,314142.2117
000410.SZ,20250124,6.76,0.5036,0.7199,0.71,401.5796,,15.1161,9.2964,9.8845,0.0,,206474.6603,168091.5944,117587.36,1395768.7036,1136299.1781
300234.SZ,20250124,4.69,1.9679,2.3206,1.31,31.7249,30.4194,2.0416,3.8373,3.9812,0.6397,0.6397,50317.109,34398.7044,29170.6158,235987.2412,161329.9236
300599.SZ,20250124,6.51,1.1681,1.6396,0.63,87.0165,,1.1184,1.8046,2.1571,3.0157,3.0157,35813.1567,21219.0567,15117.7267,233143.6501,138136.0591
000554.SZ,20250124,5.82,4.0662,4.0662,1.74,80.209,43.1778,2.8079,0.7685,0.8028,0.7388,0.7388,48079.3318,36265.3197,36265.3197,279821.7111,211064.1607
002038.SZ,20250124,6.86,3.2225,4.3304,1.5,16.9133,85.5415,1.2518,6.9206,9.0089,2.1866,2.1866,102735.0,85151.5644,63367.4097,704762.1,584139.7318
000158.SZ,20250124,18.76,5.9989,9.4056,1.33,,,5.3855,3.3296,3.236,0.0,,159861.6721,158781.881,101270.7352,2999004.9686,2978748.0876
002122.SZ,20250124,4.29,25.8711,38.1179,1.48,60.9562,101.9164,3.6699,10.7091,9.899,0.0,,200047.575,198773.5538,134909.8842,858204.0968,852738.5458
300223.SZ,20250124,66.51,1.8354,2.5475,0.68,59.6165,67.6786,2.6905,7.069,7.4275,0.3007,0.3007,48156.9911,41959.0599,30229.3392,3202921.4781,2790697.0739
301183.SZ,20250124,57.99,16.0257,16.0257,0.82,,211.5791,5.5307,13.1484,8.5668,0.0,,8000.0,4608.8,4608.8,463920.0,267264.312
600177.SH,20250124,8.13,0.3878,0.8717,1.05,10.9462,11.5559,0.9333,2.7338,2.5585,8.6101,8.6101,462344.1902,462344.1902,205664.4593,3758858.2663,3758858.2663
002160.SZ,20250124,3.81,1.5072,1.9701,0.8,260.4679,43.2861,1.0727,0.5724,0.526,0.0,,103278.1167,79353.0298,60708.5017,393489.6246,302335.0435
301439.SZ,20250124,17.62,11.9928,19.2603,0.88,32.049,34.9945,2.4282,2.7653,2.1935,2.2701,2.2701,38910.1809,18324.6924,11410.1809,685597.3875,322881.0801
002817.SZ,20250124,6.28,1.7539,2.9294,0.7,28.9583,37.3473,2.0695,4.0589,4.1396,1.3535,1.7834,29909.817,29003.9295,17364.823,187833.6508,182144.6773
603876.SH,20250124,8.46,0.7831,1.5471,1.0,14.1316,25.9509,1.1623,0.3965,0.3368,2.7084,2.7084,89337.7982,89168.7782,45136.4995,755797.7728,754367.8636
603611.SH,20250124,18.01,1.7258,2.7349,1.13,10.1352,10.0538,1.6218,0.6663,0.6851,3.4536,3.4536,25760.0791,25760.0791,16254.8448,463939.0246,463939.0246
688053.SH,20250124,22.93,3.567,4.3124,0.63,53.2047,,1.4071,11.7588,16.7373,1.3394,1.3394,10000.0,4327.38,3579.38,229300.0,99226.8234
601229.SH,20250124,9.22,0.2963,0.4577,0.98,5.81,5.7482,0.5891,2.5905,2.5768,8.026,8.026,1420669.3839,1420669.3839,919581.9612,13098571.7196,13098571.7196
603160.SH,20250124,80.73,1.4605,2.6394,0.88,225.9029,62.0696,4.3162,8.4587,8.4088,0.2205,0.2205,46186.5256,46186.5256,25556.888,3728638.2117,3728638.2117
301217.SZ,20250124,10.85,2.8616,2.8616,0.5,522.9482,,1.655,2.3767,2.1285,0.553,0.553,82901.5544,22901.5544,22901.5544,899481.8652,248481.8652
300419.SZ,20250124,4.54,6.4198,7.5531,1.54,,,3.6613,3.0537,4.1437,0.0,,36775.377,36775.377,31257.377,166960.2116,166960.2116
600851.SH,20250124,6.4,5.8189,12.3668,3.13,46.5285,43.2146,1.7688,6.5325,9.1827,1.0156,1.0156,120705.6692,73820.611,34734.3763,772516.2829,472451.9104
920239.BJ,20250124,32.43,3.4552,3.4552,0.72,,58.1866,4.9223,1.508,1.189,,,13005.3003,4971.4584,4971.4584,421761.8887,161224.3959
301236.SZ,20250124,56.21,4.2825,5.3488,0.88,100.3281,207.9937,5.1194,3.0468,1.987,0.3202,0.3202,95294.1177,68031.5389,54468.9954,5356482.3559,3824052.8016
600726.SH,20250124,2.18,0.6549,1.7188,0.92,,40.431,4.2451,0.9148,0.9284,0.0,,790733.621,274734.4834,104676.1352,1723799.2938,598921.1738
600933.SH,20250124,18.29,2.3317,5.0138,0.66,19.7208,17.0323,2.2501,3.0237,2.6898,1.5735,1.5735,98485.5067,97736.7067,45452.9831,1801299.9175,1787604.3655
603767.SH,20250124,11.75,1.4646,4.0333,1.02,49.8378,63.8514,2.5116,3.2832,3.6481,1.7021,1.7021,30863.15,30863.15,11207.15,362642.0125,362642.0125
300940.SZ,20250124,14.79,4.8658,6.422,2.2,,,3.1146,7.0213,10.1248,0.0,,22264.4372,14744.7553,11171.7417,329291.0262,218074.9309
601778.SH,20250124,2.63,0.9925,1.3042,1.23,24.497,43.9323,0.6131,2.1489,1.9744,0.4095,0.4095,357097.1017,357097.1017,271757.1017,939165.3775,939165.3775
688317.SH,20250124,15.82,0.4059,0.6436,0.7,,,0.8101,11.0812,14.7062,0.6869,0.6869,19215.7999,19215.7999,12118.6439,303993.9544,303993.9544
600378.SH,20250124,28.43,0.3722,1.0577,0.68,40.7592,34.4574,2.1637,4.6706,3.1119,0.8599,0.8599,129003.3705,91064.6806,32044.8683,3667565.8233,2588968.8695
603697.SH,20250124,9.97,1.0236,3.4418,0.7,36.7098,32.4682,2.4531,4.4132,3.8993,5.1153,5.1153,42769.2098,42769.2098,12719.3189,426409.0217,426409.0217
301270.SZ,20250124,33.82,3.9829,4.2713,1.7,81.6258,351.0823,3.374,15.5748,17.2918,1.0162,1.0162,10000.0,7406.1625,6906.17,338200.0,250476.4158
601900.SH,20250124,15.68,1.0309,2.684,1.58,10.9436,12.4063,1.756,1.4999,1.4949,3.3904,3.3904,89587.6566,89587.6566,34409.4874,1404734.4555,1404734.4555
600906.SH,20250124,6.76,0.7306,1.2696,1.02,36.2084,52.0258,1.8871,9.468,9.7047,1.4793,1.4793,324500.0,212423.495,122245.44,2193620.0,1435982.8262
000058.SZ,20250124,7.71,0.9691,3.3072,0.74,104.9278,,4.7292,4.8703,5.2409,0.3891,0.3891,123120.0672,98471.1604,28854.8422,949255.7181,759212.6467
600522.SH,20250124,13.97,2.8675,3.7087,1.69,15.2985,17.2277,1.3677,1.058,1.0225,1.5748,1.5748,341294.9652,341294.9652,263883.1769,4767890.6638,4767890.6638
603185.SH,20250124,15.83,1.974,3.5918,1.48,14.5144,,0.8299,0.9064,1.4112,0.1262,0.1262,67902.2202,67902.2202,37317.0982,1074892.1458,1074892.1458
300725.SZ,20250124,31.46,2.3077,2.5459,1.38,31.8374,35.8839,2.2637,3.6422,4.0236,0.9809,0.9809,19972.8667,16839.4403,15263.8829,628346.3864,529768.7918
600753.SH,20250124,5.69,0.5507,0.9598,0.27,,,8.2339,1.6018,2.2545,0.0,,23030.7175,23030.7175,13214.5675,131044.7826,131044.7826
002972.SZ,20250124,10.64,2.7057,3.7185,0.7,42.1086,32.7203,2.1865,10.7057,9.4472,4.2093,4.2093,24600.88,13313.7214,9687.4606,261753.3632,141657.9957
300670.SZ,20250124,5.88,4.6099,5.9948,1.52,,,2.9378,4.2083,5.0614,0.0,,31692.0479,22469.4226,17278.4981,186349.2417,132120.2049
000926.SZ,20250124,2.34,1.8621,2.3625,0.85,54.5498,889.7035,0.3088,0.6767,1.1121,0.3048,0.3048,159296.4774,157304.6151,123984.2256,372753.7571,368092.7993
688651.SH,20250124,35.36,12.8695,12.8695,2.69,62.7192,86.3922,2.8381,9.1671,8.8609,0.1691,0.1691,7539.9,3151.0426,3151.0426,266610.864,111420.8663
603900.SH,20250124,5.39,2.4375,6.2181,0.98,,,0.9033,2.523,1.7628,1.8563,1.8563,34302.384,34047.384,13346.9338,184889.8498,183515.3998
688697.SH,20250124,17.17,0.5721,1.4558,0.82,17.6576,18.1336,3.4198,2.4165,2.3217,3.4945,3.4945,32666.67,32666.67,12836.67,560886.7239,560886.7239
920026.BJ,20250124,20.9,2.4646,2.8395,0.74,26.8316,,3.0158,6.5331,13.2299,3.2536,3.2536,8207.7246,1990.5416,1727.7256,171541.4441,41602.3194
603797.SH,20250124,3.91,0.6171,1.4285,1.01,10.2672,11.7789,0.7196,1.665,1.9827,0.0,,58449.0586,58449.0586,25250.3775,228535.8191,228535.8191
603137.SH,20250124,10.41,1.6677,2.2583,0.78,14.9716,14.662,1.5811,0.8618,0.9003,1.3723,1.3723,18293.3334,7373.3334,5445.0666,190433.6007,76756.4007
688623.SH,20250124,50.72,0.6052,0.6052,0.77,22.4764,31.3425,1.4328,6.9889,8.2892,3.6257,3.6257,5914.27,1866.6056,1866.6056,299971.7744,94674.236
688067.SH,20250124,17.87,0.9096,1.7344,1.07,56.4304,53.867,2.4326,6.0665,5.9958,0.5596,0.5596,6800.0,6800.0,3566.0,121516.0,121516.0
301260.SZ,20250124,13.95,2.1474,3.8044,1.66,,,1.5646,1.4814,1.3335,0.0,,49029.2174,21227.087,11981.85,683957.5827,296117.8637
603738.SH,20250124,15.21,2.2804,3.1627,0.87,58.454,53.5799,3.3481,7.4687,7.2673,0.5189,0.5189,38932.2772,38932.2772,28071.6186,592159.9362,592159.9362
002497.SZ,20250124,13.2,2.2151,2.3758,0.67,378.3148,,1.4595,1.279,1.8224,0.2607,0.2607,115256.252,105352.3939,98224.4104,1521382.5264,1390651.5995
000711.SZ,20250124,1.72,3.4203,4.6089,2.18,4.6542,2.8048,7.2898,32.993,43.2502,0.0,,285697.6223,228522.9347,169589.8256,491399.9104,393059.4477
002460.SZ,20250124,33.6,1.5375,1.7228,0.87,13.7011,,1.5413,2.0556,3.1948,2.381,2.381,201716.7779,120872.1796,107869.7099,6777683.7374,4061305.2346
002520.SZ,20250124,5.81,10.4527,13.9773,1.18,,,3.9421,2.0923,2.0835,0.0,,75024.5171,71744.0171,53652.5573,435892.4444,416832.7394
688111.SH,20250124,305.03,1.6563,3.9504,2.23,107.0655,96.3465,13.1801,30.9669,28.7199,0.288,0.288,46252.5643,46252.5643,19392.6818,14108419.6884,14108419.6884
600905.SH,20250124,4.18,0.2199,0.4649,0.86,16.6591,17.4946,1.3971,4.5168,4.1315,1.8661,1.8661,2861973.9196,2858765.0142,1352516.4842,11963050.9839,11949637.7594
600346.SH,20250124,14.76,0.2711,0.9961,1.65,15.0475,16.4689,1.694,0.4425,0.4339,3.7263,3.7263,703909.9786,703909.9786,191580.2681,10389711.2841,10389711.2841
920870.BJ,20250124,14.75,5.0144,8.8666,0.86,71.3682,101.965,4.506,26.7799,26.9924,1.0169,1.0169,13400.0,6600.29,3732.76,197650.0,97354.2775
600104.SH,20250124,16.94,0.7878,2.5529,1.43,13.9007,20.4121,0.6698,0.27,0.3074,2.1584,2.1584,1157529.9445,1157529.9445,357187.0166,19608557.2598,19608557.2598
300319.SZ,20250124,12.51,2.5402,3.3939,0.84,40.1745,33.139,2.5012,3.5955,3.439,0.7512,0.7512,86703.8792,82970.9988,62099.6232,1084665.5288,1037967.195
603220.SH,20250124,21.64,3.3177,5.0081,0.99,65.2924,50.0692,4.85,3.2816,3.0515,0.5355,0.5355,43397.8322,43397.8322,28749.6024,939129.0888,939129.0888
301507.SZ,20250124,12.3,2.1912,2.1912,0.98,51.2136,48.6535,2.8785,7.5389,7.1233,0.813,0.813,35655.433,11053.1858,11053.1858,438561.8259,135954.1853
300695.SZ,20250124,48.3,0.5573,1.8887,0.68,18.6564,23.3591,1.3727,4.2493,4.741,1.4421,1.4421,7092.9872,7092.9872,2092.9872,342591.2818,342591.2818
300214.SZ,20250124,5.65,1.4002,2.2248,0.57,31.0538,,1.0692,1.0356,0.8624,0.6946,0.6946,46516.2614,40356.3836,25398.814,262816.8769,228013.5673
920522.BJ,20250124,44.37,2.8748,3.9224,0.74,40.1478,31.3545,4.8711,5.2579,4.5805,0.5634,0.5634,11204.4,9162.63,6715.59,497139.228,406545.8931
600735.SH,20250124,4.56,1.5831,2.8074,0.93,37.2081,59.5622,1.421,0.8246,1.0042,0.8333,0.8333,42877.8219,42545.1827,23991.9475,195522.8679,194006.0331
300446.SZ,20250124,17.13,3.3757,3.3757,0.98,34.2092,20.2124,2.9026,2.4713,2.0297,0.5838,0.5838,84541.0111,31153.6417,31153.6417,1448187.5201,533661.8823
601989.SH,20250124,4.56,0.412,0.8733,1.51,,396.1324,1.233,2.2268,2.0127,0.2193,0.2193,2280203.5324,2280203.5324,1075655.7712,10397728.1077,10397728.1077
688272.SH,20250124,17.42,1.2519,2.5502,1.2,,,2.6372,6.3244,4.2707,,,7600.0,7600.0,3730.8196,132392.0,132392.0
605001.SH,20250124,6.49,1.9816,4.1872,0.86,9.9433,7.9889,0.9604,2.1616,1.9353,3.0817,3.0817,39288.6,39288.6,18593.6367,254983.014,254983.014
600796.SH,20250124,5.57,1.6937,2.5257,0.66,22.9102,24.1414,1.4889,2.3727,2.4055,0.5566,0.5566,86658.5766,30947.7889,20753.2286,482688.2717,172379.1842
002979.SZ,20250124,35.65,10.2372,13.6107,1.26,78.9084,57.3754,7.727,7.7254,7.209,0.3333,0.3333,30671.12,21675.5758,16303.2758,1093425.428,772734.2773
600760.SH,20250124,46.93,0.3492,1.1063,0.75,43.0058,52.5586,8.3059,2.7964,3.5034,0.8523,1.1506,275569.9513,274473.6813,86639.5631,12932497.8145,12881049.8634
002907.SZ,20250124,12.26,0.7206,2.4906,1.2,156.5708,81.9144,3.0892,7.4033,6.4765,0.6933,0.6933,41759.6314,30888.808,8936.3385,511973.081,378696.7861
002951.SZ,20250124,6.54,0.7794,4.4044,5.34,,,1.62,78.1169,42.2614,7.551,7.551,40500.0,40499.85,7166.5166,264870.0,264869.019
688101.SH,20250124,12.95,0.2716,0.9455,0.75,16.9313,15.1071,1.0976,2.9641,2.8032,1.7761,1.7761,33201.2066,33201.2066,9539.255,429955.6255,429955.6255
605589.SH,20250124,26.34,1.4199,1.7655,0.58,28.2435,25.099,2.2089,2.4448,2.3276,1.5151,1.5151,84645.5998,77856.08,62615.0003,2229565.0987,2050729.1472
920149.BJ,20250124,11.7,5.6535,6.7192,0.86,82.0159,104.7246,4.6539,1.1222,1.2302,0.4202,0.4202,7501.56,4894.5791,4118.2544,87768.252,57266.5755
301486.SZ,20250124,50.55,11.8878,16.1256,1.05,89.0981,85.7708,2.6249,12.959,7.5949,0.7871,0.7871,12868.0995,7890.5055,5816.9055,650482.4297,398865.053
000589.SZ,20250124,4.8,0.8131,1.0269,0.85,8.9656,9.7573,0.857,0.7775,0.7173,4.152,4.152,155525.5604,153010.7504,121151.6479,746522.6899,734451.6019
603396.SH,20250124,25.52,1.009,1.7445,1.08,39.3159,42.2989,1.3833,1.5706,1.4595,0.7841,0.7841,13852.7478,13852.7478,8012.4486,353522.1239,353522.1239
301348.SZ,20250124,24.39,2.9962,3.4492,0.92,83.5721,503.3817,3.2269,6.6225,6.8509,1.148,1.148,20000.0,13340.6787,11588.7283,487800.0,325379.1535
301372.SZ,20250124,19.21,2.0683,2.3276,0.78,67.8912,,1.5224,4.365,6.038,1.2441,1.2441,6857.143,4089.5445,3633.8993,131725.717,78560.1498
688392.SH,20250124,38.95,1.1862,1.5274,0.85,67.1951,400.6365,2.6933,8.514,9.3555,0.5056,0.5056,11480.0,6981.8761,5422.2439,447146.0,271944.0741
000676.SZ,20250124,8.48,5.0658,6.7427,1.2,35.9654,36.9413,2.7221,3.7179,3.4549,0.0,,126528.9215,126378.4993,94948.4115,1072965.2543,1071689.6741
603298.SH,20250124,19.34,0.6661,1.7305,0.54,14.7251,12.7426,2.6086,1.5568,1.5362,1.8467,1.8467,130981.2049,130981.2049,50413.7501,2533176.5028,2533176.5028
300745.SZ,20250124,16.0,1.8061,2.0362,1.37,,,1.1415,1.8921,1.6463,0.0,,16761.4391,14129.7715,12533.0784,268183.0256,226076.344
603936.SH,20250124,7.77,2.2967,2.9893,0.73,,,1.0802,1.6813,1.649,0.2574,0.2574,63039.8004,63039.8004,48432.8493,489819.2491,489819.2491
002090.SZ,20250124,8.8,21.3455,27.0688,1.31,58.2697,47.8053,2.401,2.1808,2.3239,0.8523,0.8523,40057.7071,39601.7512,31228.4434,352507.8225,348495.4106
920422.BJ,20250124,9.41,1.9082,5.0761,0.64,84.0318,1423.9313,2.0012,1.6082,1.6874,2.1254,2.1254,8848.271,6622.271,2489.421,83262.2301,62315.5701
920640.BJ,20250124,23.72,2.5179,6.2855,0.79,30.4634,69.6933,5.2206,5.4627,6.2651,1.2648,1.2648,18772.8,17553.8985,7031.8536,445290.816,416378.4724
688615.SH,20250124,250.72,10.8225,10.8225,1.7,77.5788,70.8896,9.7392,21.1306,18.3167,,,10000.0,1879.6119,1879.6119,2507200.0,471256.2956
002536.SZ,20250124,14.63,14.6534,22.89,1.3,32.1236,27.6753,2.5705,2.0536,1.8582,2.7341,2.7341,57478.5888,53653.0989,34346.8259,840911.7541,784944.8369
688273.SH,20250124,23.06,1.5837,1.5837,1.16,25.6742,22.7976,1.8151,6.7659,6.0533,4.2705,4.2705,10000.0,3682.679,3682.679,230600.0,84922.5777
301001.SZ,20250124,39.18,20.5002,37.9103,0.99,445.8303,162.5301,3.8631,4.9098,6.4516,0.319,0.319,8000.0,5030.0,2720.0,313440.0,197075.4
601226.SH,20250124,7.1,1.5446,4.145,0.77,84.937,67.7177,1.9406,1.1545,1.0147,0.3662,0.3662,116660.0,116222.37,43310.3344,828286.0,825178.827
688265.SH,20250124,23.8,0.7985,1.4216,0.68,,,1.1179,5.0622,5.1059,0.5393,0.5393,7796.3513,4938.8513,2774.0384,185553.1609,117544.6609
300112.SZ,20250124,8.85,3.0371,3.4109,0.71,102.9338,,2.3441,2.2923,2.3186,2.2599,2.2599,29194.5451,23767.8092,21162.7992,258371.7241,210345.1114
002104.SZ,20250124,6.7,1.6792,1.7873,1.08,29.9281,42.527,2.2119,3.7365,4.7622,1.9403,1.9403,70388.0154,59532.0029,55933.8742,471599.7032,398864.4194
002415.SZ,20250124,29.02,0.4104,1.0296,1.31,18.9931,20.0496,3.4876,2.9992,2.8794,3.134,3.134,923319.8326,910566.9814,362977.541,26794741.5421,26424653.8002
300016.SZ,20250124,6.07,1.1342,1.5566,0.89,,,1.9069,3.3525,3.0765,0.0,,49194.6696,49117.4621,35787.8294,298611.6445,298142.9949
002516.SZ,20250124,5.03,0.6603,1.3416,0.83,38.6932,44.1484,2.0422,4.1023,3.5556,1.9546,1.9546,147083.8682,145424.3682,71572.8268,739831.857,731484.572
002335.SZ,20250124,30.69,7.6492,10.62,0.76,27.9098,47.1522,3.2306,1.74,1.7635,0.391,0.391,46157.2464,40083.0786,28870.4163,1416565.892,1230149.6822
301539.SZ,20250124,18.19,2.8431,2.8431,1.0,36.9071,48.679,3.5317,2.7996,2.684,1.0995,1.0995,14800.0,3700.0,3700.0,269212.0,67303.0
603811.SH,20250124,7.86,0.9607,1.3144,1.09,15.7929,15.4955,2.0681,3.8304,3.5112,2.5445,2.5445,32730.432,32730.432,23921.0468,257261.1955,257261.1955
301268.SZ,20250124,15.17,1.1861,1.5875,1.14,18.9863,,2.716,1.4911,2.1566,1.648,1.648,40001.1282,18000.6732,13449.7602,606817.1148,273070.2124
002586.SZ,20250124,2.23,0.2603,0.3737,0.77,,,0.8494,1.1965,1.1451,0.0,,114422.3714,89695.8299,62487.8299,255161.8882,200021.7007
600190.SH,20250124,1.47,0.909,2.0957,0.89,35.8587,,0.6427,1.0452,1.5146,1.3605,1.3605,200229.15,177948.453,77183.0759,294336.8505,261584.2259
301165.SZ,20250124,71.96,14.1877,14.1877,0.78,101.911,76.534,9.2912,3.5425,3.4164,0.7782,0.7782,56818.1818,6818.1818,6818.1818,4088636.3623,490636.3623
000850.SZ,20250124,4.04,1.8023,3.3633,1.77,27.5454,23.7483,0.8778,1.0693,1.0417,2.4186,2.4186,94366.5009,94339.6879,50553.6311,381240.6636,381132.3391
300241.SZ,20250124,5.53,3.4238,3.6645,1.11,,220.2706,1.7772,2.7556,2.6384,0.0,,68621.1103,57182.4623,53427.5796,379474.74,316219.0165
688378.SH,20250124,22.15,1.9991,2.8167,0.63,37.7086,36.655,2.6211,8.913,8.1375,2.5798,2.5798,20814.8221,20121.5983,14281.3615,461048.3095,445693.4023
603193.SH,20250124,25.42,2.0866,2.8952,0.74,45.5023,33.5909,5.2252,9.9566,8.248,1.3769,1.3769,40459.3314,10333.6314,7447.4682,1028476.2042,262680.9102
920000.BJ,20250124,20.26,2.8038,4.8636,0.53,36.6579,29.5083,3.1258,4.6005,4.0422,0.8391,0.8391,9168.0,4830.63,2784.78,185743.68,97868.5638
301383.SZ,20250124,60.35,12.6365,20.2992,0.82,72.2284,50.6321,4.8805,5.5982,4.583,0.426,0.426,16288.4,7025.725,4373.6,983004.94,424002.5038
300221.SZ,20250124,6.31,5.8987,5.8987,0.71,111.5438,76.359,2.2718,1.8104,1.6092,0.0,,47781.8185,45257.9068,45257.9068,301503.2747,285577.3919
002426.SZ,20250124,3.01,6.7648,7.8702,1.11,,,3.1024,2.9673,2.825,0.0,,340262.5916,340259.9891,292467.9937,1024190.4007,1024182.5672
603919.SH,20250124,18.87,0.4926,1.2457,1.01,29.1064,24.5875,2.9275,3.7572,3.3506,2.0598,2.0598,50725.9997,50725.9997,20058.1263,957199.6143,957199.6143
688389.SH,20250124,14.3,0.8799,1.3604,0.71,18.648,16.0788,3.1411,5.348,5.1345,1.9633,1.9633,42848.573,42848.573,27715.4037,612734.5939,612734.5939
600977.SH,20250124,11.4,0.9971,3.0553,0.79,80.9327,2776.5844,1.9196,3.9904,5.1423,0.6228,0.9298,186700.0,186700.0,60931.75,2128380.0,2128380.0
601218.SH,20250124,3.06,1.0892,1.5169,1.01,22.5846,40.0821,1.0485,2.1337,2.2531,3.5988,3.5988,96903.3512,96903.3512,69583.4124,296524.2547,296524.2547
300926.SZ,20250124,25.16,2.8712,6.9475,0.38,34.2058,21.3363,4.9154,4.0579,2.805,0.3963,0.3963,41941.6643,28308.3448,11699.2341,1055252.2738,712237.9552
300046.SZ,20250124,33.3,5.4419,7.386,0.57,252.9404,632.4368,7.1676,24.6346,23.838,0.0,0.1952,23653.1371,23653.1371,17427.3371,787649.4654,787649.4654
600053.SH,20250124,12.86,3.13,11.824,1.67,363.3289,1488.687,1.9262,19.8717,20.7183,0.0,,43354.08,43354.08,11476.495,557533.4688,557533.4688
300224.SZ,20250124,13.23,4.0691,7.3415,1.2,24.7661,41.1848,2.9385,1.8869,2.1919,1.478,1.478,83771.2467,83242.5768,46138.832,1108293.5938,1101299.2911
002514.SZ,20250124,7.96,14.6732,18.4881,0.83,,,7.2799,9.8686,18.226,0.0,,72003.4264,55403.4264,43971.375,573147.2741,441011.2741
600880.SH,20250124,4.56,2.7603,4.2863,0.98,138.2305,589.0861,1.6437,8.6579,11.0735,0.2193,0.2193,109333.2092,109303.0175,70389.7562,498559.434,498421.7598
300140.SZ,20250124,5.74,0.7902,1.3076,1.21,25.1233,25.9569,1.3061,2.8949,3.0968,1.0453,1.0453,309906.7016,102005.7876,61640.2012,1778864.4672,585513.2208
301503.SZ,20250124,38.53,13.5789,15.7515,0.72,46.0531,35.9395,3.0271,3.4683,2.5385,1.4534,1.4534,8000.0,3248.0,2800.0,308240.0,125145.44
300100.SZ,20250124,37.96,9.0157,17.3576,0.75,188.0915,43.5468,6.1179,3.6757,3.3868,0.2611,0.2611,40076.9246,38706.2884,20104.3622,1521320.0578,1469290.7077
688196.SH,20250124,36.0,0.714,2.8559,0.52,54.9543,241.1478,1.5822,1.5364,1.3301,0.75,0.75,12000.0,12000.0,3000.0,432000.0,432000.0
300483.SZ,20250124,8.28,1.6515,2.4452,0.79,,,0.904,1.6424,1.6232,0.0,,26855.4709,25917.7709,17505.6226,222363.2991,214599.1431
600367.SH,20250124,13.18,5.5902,8.298,0.41,169.9756,68.7628,1.901,2.0466,2.0065,0.1517,0.1517,34113.0902,32197.3182,21690.5846,449610.5288,424360.6539
301487.SZ,20250124,18.81,2.996,4.8784,0.92,144.0737,973.1847,4.4037,3.6635,4.5564,0.1329,0.1329,45961.6438,27279.4004,16753.5494,864538.5199,513125.5215
600251.SH,20250124,6.89,0.5725,1.0324,0.69,7.4928,12.7127,1.4451,1.2327,1.4109,6.6763,6.6763,77699.3583,77699.3583,43085.8715,535348.5787,535348.5787
002943.SZ,20250124,17.99,1.6454,1.8815,0.58,32.5572,70.7545,2.9081,2.8233,2.7631,1.7039,1.7039,20459.8796,12107.4582,10587.9833,368073.234,217813.173
688343.SH,20250124,50.78,8.218,9.5017,1.37,,,4.4846,35.6391,23.6749,,,35513.372,25786.0413,22302.3188,1803369.0302,1309415.1772
688314.SH,20250124,29.75,0.4248,1.1944,1.05,32.0068,27.5027,3.8746,8.7878,7.8332,1.6807,1.6807,8123.9172,8123.9172,2889.1784,241686.5367,241686.5367
002991.SZ,20250124,86.13,1.6449,2.3235,0.73,24.3988,20.472,4.9678,4.3456,3.7525,3.7335,3.7335,9321.5831,4968.5531,3517.5431,802867.9524,427941.4785
300428.SZ,20250124,16.32,0.7188,1.8053,1.11,17.0692,15.0973,1.4803,0.4424,0.4037,0.7237,0.7237,63335.186,55140.8176,21953.3205,1033630.2355,899898.1432
600935.SH,20250124,2.33,0.3159,1.5439,1.04,270.8565,,1.3345,1.469,1.5212,0.1288,0.1288,350740.1812,350740.1812,71766.8938,817224.6222,817224.6222
002591.SZ,20250124,5.01,3.7784,4.3996,0.83,,,2.1936,3.7221,3.5186,0.0,,30019.9484,22351.9962,19196.0122,150399.9415,111983.501
600820.SH,20250124,6.3,0.619,0.9964,0.98,6.74,6.7281,0.6767,0.267,0.2823,5.2381,5.2381,314409.6094,314409.6094,195306.7255,1980780.5392,1980780.5392
301169.SZ,20250124,37.26,3.6001,9.3171,2.26,,,5.3224,7.0962,7.5647,0.0,,7187.2936,7185.0436,2776.279,267798.5595,267714.7245
000690.SZ,20250124,4.19,1.3305,1.6342,1.07,10.2606,10.9092,0.7549,0.8873,1.0503,7.1599,7.1599,217588.7862,217447.0945,177044.5187,911697.0142,911103.326
000733.SZ,20250124,40.87,1.2124,1.756,0.81,8.4445,17.8585,1.5698,2.9077,4.1181,2.7257,2.7257,55416.9431,55377.4231,38233.6687,2264890.4645,2263275.2821
600551.SH,20250124,8.19,0.9067,2.3918,1.2,10.0043,10.0185,0.9833,0.6425,0.6382,5.5817,5.5817,67805.5239,67805.5239,25703.9459,555327.2407,555327.2407
002020.SZ,20250124,12.04,2.0356,2.7075,0.96,16.7504,14.3726,1.7784,2.5925,2.421,2.4917,2.4917,86102.914,72396.8335,54430.2753,1036679.0846,871657.8753
300757.SZ,20250124,200.16,4.2502,6.5486,0.93,402.3255,267.6406,30.3879,19.7466,20.5861,0.0907,0.0907,15503.8368,14817.1109,9616.7977,3103247.9739,2965792.9177
603011.SH,20250124,7.13,2.5542,3.9414,0.7,211.9074,,1.5773,1.9956,1.7601,0.0,,49441.4437,49441.4437,32040.6925,352517.4936,352517.4936
300484.SZ,20250124,20.25,4.4479,4.9059,0.71,174.7582,183.2085,6.5656,12.9022,12.4022,0.7901,0.7901,20768.19,16435.7753,14901.1568,420555.8475,332824.4498
605198.SH,20250124,29.85,0.2037,2.4493,0.7,40.7704,43.5775,3.9885,11.8909,8.4534,0.737,0.737,34900.0,27053.6,2250.0,1041765.0,807549.96
603275.SH,20250124,35.55,2.371,2.371,0.92,27.5178,25.9486,1.9254,8.5809,8.2418,0.5838,0.5838,14877.1851,4219.2463,4219.2463,528883.9303,149994.206
300838.SZ,20250124,13.59,4.5263,8.2179,1.71,17.5143,36.7405,1.8638,1.6875,1.8307,1.8288,1.8288,13797.8,10209.6125,5623.3375,187512.102,138748.6339
600323.SH,20250124,22.5,0.4433,0.8182,0.94,12.8321,11.1251,1.3979,1.4628,1.4902,2.1333,2.1333,81534.7146,81534.7146,44176.6026,1834531.0785,1834531.0785
002088.SZ,20250124,11.98,0.5738,1.6227,1.34,12.4934,13.8641,2.2277,1.7471,1.6711,6.6616,6.6616,51312.2586,50479.0071,17850.0999,614720.858,604738.5051
600103.SH,20250124,2.24,1.8853,2.6651,0.66,41.4043,42.8432,1.2842,1.8884,1.8206,0.7451,0.7451,225325.5047,221232.9047,156504.7841,504729.1305,495561.7065
920663.BJ,20250124,16.15,2.6721,4.6377,1.07,25.0512,20.4103,4.5575,6.4648,5.7768,2.4043,2.4043,10320.0,4871.0421,2806.548,166668.0,78667.3299
600192.SH,20250124,5.55,1.2751,2.1085,1.27,,,1.8961,1.1561,1.425,0.0,,44174.8,44174.8,26714.0716,245170.14,245170.14
300815.SZ,20250124,15.28,0.8732,2.1514,1.31,11.6868,10.9259,1.5104,0.9886,0.8816,1.3089,1.3089,39859.2,38957.4108,15811.5191,609048.576,595269.237
600363.SH,20250124,49.07,4.6078,5.8187,1.37,65.8464,62.8565,5.243,6.8952,6.9708,0.1527,0.1527,45522.575,45522.575,36048.9658,2233792.7553,2233792.7553
600743.SH,20250124,1.92,1.2072,2.6373,0.58,,,,0.2818,0.3444,0.0,,234610.0874,234610.0874,107388.2435,450451.3678,450451.3678
688339.SH,20250124,21.95,1.8868,1.8873,1.05,,,1.822,6.3504,6.1712,,,23165.2081,15938.9523,15934.265,508476.3178,349860.003
002561.SZ,20250124,8.35,1.9585,3.0833,0.94,46.1484,108.3668,1.576,6.4104,7.3733,1.4371,1.4371,41576.3,41443.9567,26324.9866,347162.105,346057.0384
002590.SZ,20250124,12.13,1.061,2.2757,0.95,19.7026,23.8885,2.2275,1.5809,1.4764,0.0,,51905.2477,45555.3639,21239.4008,629610.6546,552586.5641
688275.SH,20250124,49.9,1.214,1.4099,0.75,,,1.0647,0.5169,0.8958,,,12611.8463,8459.6775,7284.3584,629331.1304,422137.9073
000513.SZ,20250124,36.14,0.5818,0.9822,0.91,16.8587,16.2661,2.423,2.6497,2.7778,3.8148,3.8148,91134.573,58433.3053,34612.5429,3293603.4682,2111779.6535
603136.SH,20250124,11.48,0.6737,1.2581,0.9,21.0955,27.5934,2.3493,4.9232,5.5401,3.22,3.22,27012.671,27012.671,14464.5305,310105.4631,310105.4631
688117.SH,20250124,23.42,1.4309,2.4086,1.68,37.4318,28.467,2.8457,6.0522,5.4665,0.8508,0.8508,11241.8556,11241.8556,6678.5684,263284.2582,263284.2582
600938.SH,20250124,27.22,1.7631,2.5053,1.21,10.4468,9.0564,1.8841,3.1055,2.9686,4.691,4.691,4752995.3984,284185.1853,199987.2876,129376534.7444,7735520.7439
300496.SZ,20250124,64.92,18.5212,20.2051,3.26,64.0602,2453.2688,3.1031,5.6968,5.9018,0.5751,0.5751,46001.2019,36703.8051,33645.0285,2986398.0273,2382811.0271
600085.SH,20250124,36.75,0.5239,1.1017,1.18,30.2016,30.9553,4.1,2.8219,2.8064,2.7211,2.7211,137147.0262,137147.0262,65216.1722,5040153.2129,5040153.2129
002953.SZ,20250124,10.53,5.7107,7.7957,0.66,32.849,29.5875,2.6149,1.2778,1.2179,0.7305,0.7305,45688.8849,27163.7532,19898.8263,481103.958,286034.3212
920839.BJ,20250124,18.4,1.2445,2.5518,0.43,27.6449,22.5909,3.985,3.2811,3.7329,2.1572,2.1572,11921.5,6509.1375,3174.475,219355.6,119768.13
002138.SZ,20250124,31.56,3.0294,3.4575,2.03,39.7287,32.3279,4.1238,5.0487,4.5771,0.9313,0.9313,80631.8354,75650.8622,66283.9942,2544740.7252,2387541.211
002840.SZ,20250124,11.36,2.1043,3.515,1.08,,,3.0704,0.8561,0.8252,0.0,,64649.497,49774.2261,29798.2845,734418.2859,565435.2085
300370.SZ,20250124,2.92,2.2055,2.9293,0.89,,,7.8014,9.6726,9.7996,0.0,,156537.6225,132484.7224,99750.9744,457089.8577,386855.3894
600088.SH,20250124,17.42,2.2726,5.3056,1.74,29.1988,174.5003,5.0467,6.214,6.3786,0.1263,0.1263,39770.64,39770.64,17035.1996,692804.5488,692804.5488
300380.SZ,20250124,52.63,9.4717,16.9538,0.55,,,19.6374,8.2048,7.9641,0.0,,13843.905,12737.3543,7116.0515,728604.7202,670366.9568
002409.SZ,20250124,60.9,3.0098,3.6034,1.04,50.0172,34.1935,3.9945,6.1176,4.6785,1.1166,1.1166,47592.7678,31852.2747,26605.4437,2898399.559,1939803.5292
301538.SZ,20250124,72.85,5.3776,5.3776,1.15,29.2114,24.4841,3.4074,6.3377,5.13,0.9609,0.9609,5600.0,1400.0,1400.0,407960.0,101990.0
600558.SH,20250124,4.35,3.4065,5.1127,0.9,38.5396,33.6327,1.7043,1.1356,1.1185,1.2644,1.2644,89760.4831,89760.4831,59805.0432,390458.1015,390458.1015
002208.SZ,20250124,6.56,1.6773,4.1323,1.13,24.0166,132.9847,0.7969,0.6673,0.5757,1.2957,1.2957,80329.1894,80237.2648,32567.1489,526959.4825,526356.4571
002254.SZ,20250124,9.17,1.0603,1.6001,1.34,23.77,38.4949,1.1205,2.0168,2.0103,3.2471,3.2471,86329.4983,81898.3345,54267.6999,791641.4994,751007.7274
601068.SH,20250124,4.2,0.2962,2.5619,0.99,,,5.1065,0.5614,0.535,0.0,,298583.6267,255959.0667,29590.6667,1254051.2321,1075028.0801
301057.SZ,20250124,12.67,1.5203,2.4343,0.72,28.9714,41.6604,1.9793,1.8497,1.771,2.3459,2.3459,11739.0438,8269.9463,5164.9938,148733.6849,104780.2196
300436.SZ,20250124,34.55,2.7288,4.3323,0.61,,,12.3422,13.0175,11.7243,0.0,,15926.7,13671.7638,8611.4577,550267.485,472359.4393
603557.SH,20250124,2.15,3.1558,4.6925,2.25,,,11.2342,5.007,5.7516,0.0,,62343.6888,62343.6888,41926.6552,134038.9309,134038.9309
603861.SH,20250124,8.93,1.8785,4.6877,0.89,40.119,25.4733,1.3376,1.0157,0.892,0.8295,0.8295,49255.5421,48061.3944,19259.9256,439851.991,429188.252
920471.BJ,20250124,13.37,1.7533,3.2057,0.68,49.288,48.6856,1.9922,2.3273,2.0921,0.7383,0.7383,8320.0,5303.0607,2900.3643,111238.4,70901.9216
601222.SH,20250124,6.85,0.7379,1.2091,1.02,13.6835,12.9413,0.9238,2.0535,1.9363,4.3827,8.2591,206016.9156,206016.9156,125718.9229,1411215.8719,1411215.8719
301596.SZ,20250124,109.99,20.3747,20.3747,1.0,62.7685,60.8933,7.5424,10.3599,10.1172,0.0,,5511.8072,1377.9518,1377.9518,606243.6739,151560.9185
600261.SH,20250124,3.23,0.9084,1.703,0.85,20.0244,19.2806,1.2426,1.4022,1.338,4.0248,4.0248,133505.2966,133505.2966,71216.9134,431222.108,431222.108
688182.SH,20250124,18.08,0.6586,2.2241,1.03,154.743,107.8897,3.3351,19.5516,19.22,0.3249,0.3249,40000.0,40000.0,11844.47,723200.0,723200.0
000629.SZ,20250124,2.75,0.6426,1.4365,1.07,24.1677,68.7595,2.0657,1.7775,1.8661,0.0,,929497.0045,928668.0599,415458.8042,2556116.7624,2553837.1647
300433.SZ,20250124,26.51,2.2253,5.9003,1.19,43.721,35.2934,2.7922,2.4242,1.9742,1.122,1.122,498287.9271,496511.7831,187258.2398,13209612.9474,13162527.37
000813.SZ,20250124,3.01,1.5455,3.3238,0.91,78.2161,216.9388,1.2583,13.0831,12.5943,0.0,,216495.599,216461.849,100648.8184,651651.753,651550.1655
603004.SH,20250124,21.15,9.6223,9.6223,1.08,28.6166,30.9503,2.5694,6.7173,7.1046,1.0496,1.0496,23552.0,5888.0,5888.0,498124.8,124531.2
600722.SH,20250124,5.39,4.254,9.6774,1.08,109.2152,84.5802,3.0969,7.1711,7.185,0.0,,68031.9676,68031.9676,29905.6699,366692.3054,366692.3054
000600.SZ,20250124,5.24,2.1044,3.726,0.66,56.7705,25.1689,0.9265,0.5004,0.442,1.5267,1.5267,180929.9376,109005.0876,61564.0593,948072.873,571186.659
600322.SH,20250124,2.16,2.8842,3.7897,0.73,63.2346,,141.1046,0.7823,6.7866,0.0,,110570.0,110570.0,84151.356,238831.2,238831.2
600448.SH,20250124,2.72,1.7874,2.1967,0.92,181.4609,198.5345,1.364,0.6124,0.6283,0.0,,62981.9662,62981.9662,51245.5192,171310.9481,171310.9481
688253.SH,20250124,29.5,12.4082,12.4082,3.21,23.1421,12.1245,1.9697,8.4213,5.5879,1.352,1.352,13645.8196,6881.068,6881.068,402551.6782,202991.506
603377.SH,20250124,2.24,0.5766,1.1198,0.56,,,0.952,1.5488,1.829,0.0,,72076.8565,72076.8565,37114.2965,161452.1586,161452.1586
002487.SZ,20250124,20.08,1.4766,2.4472,0.75,30.1206,42.8047,1.8088,2.9609,3.8828,0.9064,0.9064,63774.9349,63092.0266,38068.336,1280600.6928,1266887.8941
300263.SZ,20250124,7.15,2.7879,3.2345,1.6,51.0122,61.9565,2.0495,2.6212,2.5828,0.4133,0.4133,90445.3213,74863.1215,64527.3715,646684.0473,535271.3187
603421.SH,20250124,6.86,3.3078,7.6025,1.0,34.0956,91.3663,1.3352,1.2316,1.2061,0.8892,0.8892,65219.0511,65219.0511,28376.7874,447402.6905,447402.6905
688006.SH,20250124,17.88,0.55,1.6394,1.78,13.3405,22.907,2.0663,2.7453,3.2766,2.5168,2.5168,60367.2152,60367.2152,20252.3574,1079365.8078,1079365.8078
603258.SH,20250124,21.33,1.2605,2.9071,0.75,91.7676,302.0382,2.4027,7.703,8.9253,2.0412,2.0412,24453.235,24064.235,10434.5273,521587.5026,513290.1326
300146.SZ,20250124,11.36,0.8262,0.9803,0.96,11.0642,27.068,1.7061,2.054,2.6259,7.8492,7.8492,170084.5431,112998.7059,95233.4123,1932160.4096,1283665.299
920505.BJ,20250124,24.57,6.7057,14.474,0.85,49.2096,66.6644,4.9423,11.3194,10.7509,0.4193,0.4193,6486.773,3627.7191,1680.7013,159380.0126,89133.0583
601801.SH,20250124,6.73,1.1857,5.3948,1.24,14.0805,17.2428,1.1539,1.1719,1.3443,6.0178,6.0178,195793.1237,195793.1237,43032.2372,1317687.7225,1317687.7225
920221.BJ,20250124,15.22,1.8046,2.5167,0.73,28.5731,22.6937,3.7622,5.3379,4.5329,1.3141,1.3141,9670.0,4127.4225,2959.68,147177.4,62819.3705
300879.SZ,20250124,16.46,5.482,11.5592,1.2,,,2.7411,3.5882,2.2173,0.0,,20239.8833,20102.8448,9533.8721,333148.4791,330892.8254
603190.SH,20250124,22.33,5.4714,5.4714,1.01,17.8529,25.9474,1.2803,1.5557,1.5033,2.06,2.06,12000.0,4051.948,4051.948,267960.0,90479.9988
688711.SH,20250124,16.58,1.0424,1.2673,0.86,30.3767,101.7936,3.2503,2.3457,2.6165,0.3874,0.3874,21288.4185,21288.4185,17510.1147,352961.9787,352961.9787
920833.BJ,20250124,11.54,5.5759,6.9561,1.59,21.8453,31.355,1.6059,2.1389,2.2309,3.8995,3.8995,8236.0,3172.7334,2543.2366,95043.44,36613.3434
601991.SH,20250124,2.67,0.6237,2.3022,1.16,36.1966,16.6986,1.605,0.4037,0.4025,0.2809,0.2809,1850671.0504,1239608.9106,335854.3159,4941291.7046,3309755.7913
002129.SZ,20250124,8.52,1.1947,1.705,1.11,10.0839,,0.993,0.5824,1.0415,3.0479,3.0479,404311.5773,404005.7606,283077.9506,3444734.6386,3442129.0803
300645.SZ,20250124,14.96,5.3851,8.0107,2.33,50.7895,99.8967,2.0702,1.7357,1.7247,0.2612,0.2612,14208.6179,14206.7429,9550.3202,212560.9238,212532.8738
600572.SH,20250124,4.49,0.9574,1.5179,1.36,19.6046,23.8244,1.7301,1.7225,1.7949,4.3434,4.3434,258297.4839,257623.2986,162501.299,1159755.7027,1156728.6107
301073.SZ,20250124,20.23,4.5225,8.4332,0.74,128.8913,158.1968,4.0676,7.3669,6.0014,0.7415,0.7415,19445.1046,8584.4564,4603.6228,393374.4661,173663.553
603991.SH,20250124,56.24,4.6158,6.323,1.03,,,17.3743,17.5084,14.9791,0.0,,7453.4998,7453.4998,5441.0548,419184.8288,419184.8288
000803.SZ,20250124,4.96,1.9475,2.8307,1.11,263.9335,,1.6639,1.1117,1.451,0.0,,47098.8309,45876.4222,31562.1899,233610.2013,227547.0541
688105.SH,20250124,20.4,0.2716,0.8363,0.8,,347.7629,2.0731,6.3792,5.8488,0.6273,0.6273,40213.3843,40144.4743,13035.7292,820353.0397,818947.2757
601868.SH,20250124,2.24,0.503,1.3371,1.0,11.6938,10.9648,0.9098,0.23,0.2246,1.1607,1.7187,4169116.3636,3242872.7636,1219959.132,9338820.6545,7264034.9905
600779.SH,20250124,46.51,0.6726,1.8314,0.89,17.8703,16.5342,4.5605,4.5776,4.4002,1.9603,1.9603,48750.3198,48750.3198,17903.6978,2267377.3739,2267377.3739
601456.SH,20250124,11.27,1.5378,3.6275,1.01,91.8638,181.1737,1.2886,20.8664,25.1392,0.5985,0.5985,547204.2233,238913.3168,101279.7045,6166991.5966,2692553.0803
002664.SZ,20250124,15.02,2.5482,5.8574,0.69,25.2062,38.012,1.7707,1.3255,1.0531,0.4658,0.4658,40735.76,40173.3688,17476.96,611851.1152,603403.9994
603301.SH,20250124,21.46,0.606,1.4855,0.91,28.8209,27.847,1.0244,1.3855,1.4142,2.3288,2.3288,26645.1202,26645.1202,10870.3136,571804.2795,571804.2795
300377.SZ,20250124,26.23,12.6334,14.8574,0.62,291.275,437.9983,6.6416,12.3737,13.2413,0.1525,0.1525,75107.508,64428.8979,54784.4271,1970069.9348,1689969.9919
000517.SZ,20250124,2.14,0.9233,3.1263,0.77,19.0594,,0.8661,0.3051,0.2623,14.9533,14.9533,318392.2485,249198.6416,73600.6121,681359.4118,533285.093
002546.SZ,20250124,4.65,5.6353,9.4276,0.87,62.6474,74.6961,1.2305,6.2706,5.3855,2.5806,2.5806,83404.9096,80123.2096,47892.9178,387832.8296,372572.9246
300899.SZ,20250124,20.78,2.9947,3.6791,0.91,85.055,87.9866,2.0529,10.635,9.9734,1.7324,1.7324,6378.3466,4093.6066,3332.0266,132542.0423,85065.1451
600497.SH,20250124,5.61,0.8438,1.4098,0.94,19.9352,22.4258,1.7279,1.301,1.4138,2.4955,2.4955,509129.1568,509129.1568,304716.8687,2856214.5696,2856214.5696
002917.SZ,20250124,18.4,39.3313,58.2351,1.0,62.9145,49.7661,4.1126,4.2435,3.891,0.535,0.535,34761.4197,26054.5231,17596.9167,639610.1225,479403.225
002641.SZ,20250124,4.2,1.1086,2.7576,1.78,14.2247,22.2192,0.9511,0.6909,0.7683,2.3582,2.3582,122909.3871,113399.4653,45586.9775,516219.4258,476277.7543
600127.SH,20250124,6.41,1.1254,1.4306,1.13,143.542,588.9268,5.9276,0.8451,0.98,0.0,,64178.3218,64178.3218,50485.0967,411383.0427,411383.0427
601011.SH,20250124,2.6,2.2108,3.2082,0.53,,,0.8414,1.3365,2.177,0.0,,191566.4539,191566.4539,132013.7149,498072.7801,498072.7801
300129.SZ,20250124,7.0,1.2951,1.2951,0.46,22.3809,31.838,1.4878,1.3597,1.3677,0.7143,0.7143,93489.9232,62848.335,62848.335,654429.4624,439938.345
600185.SH,20250124,5.92,1.3553,2.462,0.97,,,2.4109,2.3581,2.5048,0.0,,188500.5795,188500.5795,103766.6015,1115923.4306,1115923.4306
600738.SH,20250124,4.51,2.3213,4.5374,0.74,41.5477,30.6241,1.7462,3.9002,4.8919,0.8566,0.8566,76133.5236,76066.6196,38914.9434,343362.1914,343060.4544
603999.SH,20250124,6.09,1.6283,3.8619,1.21,35.7329,35.0342,1.7584,2.7096,2.9692,0.8539,0.8539,57600.0,57600.0,24285.4056,350784.0,350784.0
600751.SH,20250124,2.51,1.0085,1.9897,1.05,30.1056,111.2988,0.9771,11.184,6.1946,0.0,,289933.7783,257318.9052,130418.0367,727733.7835,645870.4521
920270.BJ,20250124,11.89,1.8292,5.4753,0.68,21.4783,21.2147,3.0257,5.5051,5.4471,3.5043,3.5043,10461.6,8110.4317,2709.5947,124388.424,96433.0329
002622.SZ,20250124,2.7,2.3184,3.1163,1.19,,,5.0645,2.9972,2.6126,0.0,,84000.0,83997.525,62491.4284,226800.0,226793.3175
002916.SZ,20250124,138.73,1.1093,3.1008,0.8,50.891,35.9709,5.0014,5.2602,4.1574,0.6487,0.6487,51287.7535,51081.2039,18274.3369,7115150.0431,7086495.417
600576.SH,20250124,7.82,1.8665,2.7789,0.69,54.4684,63.4029,3.0324,11.4177,10.684,0.0,,105454.844,66039.0083,44355.8125,824656.8801,516425.0449
600775.SH,20250124,9.29,2.5456,3.8953,1.02,,,2.6495,2.9151,3.0382,0.0,,91383.8529,67183.8529,43905.6474,848955.9934,624137.9934
300092.SZ,20250124,11.64,2.2381,2.9243,1.24,19.5002,18.7103,1.986,2.1302,2.3095,1.9759,1.9759,27392.3271,20986.6256,16061.6933,318846.6874,244284.322
600710.SH,20250124,9.61,1.0888,2.8367,0.67,12.1959,11.0985,1.6804,0.1021,0.1071,3.4339,3.4339,130674.9434,130674.9434,50158.035,1255786.2061,1255786.2061
688519.SH,20250124,23.16,0.9086,2.2612,0.75,,155.2431,2.3607,1.8517,1.7623,0.4043,0.4043,23848.365,23229.365,9334.2033,552328.1334,537992.0934
300818.SZ,20250124,26.39,0.7061,0.9855,0.96,52.1107,34.9074,2.755,4.4496,3.4518,0.8343,0.8343,15811.4778,9882.4586,7081.2161,417264.8991,260798.0825
600798.SH,20250124,2.9,0.7424,1.3454,1.36,31.3073,,0.8907,1.5436,1.555,1.0345,1.0345,120653.4201,120653.4201,66578.8734,349894.9183,349894.9183
300464.SZ,20250124,5.03,4.0429,5.5879,0.43,,,4.4444,1.4301,1.4888,0.0,,46221.6663,32246.5427,23330.344,232494.9815,162200.1098
002073.SZ,20250124,8.75,3.3658,3.9444,1.0,26.775,19.1052,1.5758,1.5794,1.3024,1.1371,1.1371,101943.8623,99046.9973,84516.1487,892008.7951,866661.2264
300252.SZ,20250124,9.96,11.7782,14.8074,0.85,,,3.0615,3.3004,3.336,0.0,,66215.3834,53703.1255,42716.7623,659505.2187,534883.13
603928.SH,20250124,14.52,1.3566,4.5422,0.41,50.1093,79.0577,2.53,2.5363,2.6135,0.8847,0.8847,26208.0,26208.0,7827.3728,380540.16,380540.16
301257.SZ,20250124,26.48,3.3862,3.8462,1.8,15.6266,19.8462,1.8651,2.7701,2.5996,1.0487,1.0487,7950.8,4751.2438,4183.0398,210537.184,125812.9358
600843.SH,20250124,11.36,5.2928,7.3018,0.78,89.2847,,2.5207,2.1376,1.8075,0.4298,0.4298,71316.648,46922.273,34012.103,810157.1213,533037.0213
600135.SH,20250124,6.28,0.9033,1.6631,1.22,,,1.4242,1.6409,2.03,0.0,,55330.7099,55330.7099,30053.0656,347476.8582,347476.8582
002239.SZ,20250124,3.03,1.8527,2.438,0.83,136.9079,98.2111,1.824,1.4635,1.3349,0.2749,0.2749,330962.3844,324315.3144,246452.4814,1002816.0247,982675.4026
603668.SH,20250124,11.53,1.4042,2.0348,0.94,,,2.5857,0.8277,0.9346,0.3469,0.3469,50233.5741,50233.5741,34665.21,579193.1094,579193.1094
300227.SZ,20250124,8.25,2.5391,2.7399,1.08,71.8163,116.9195,2.5702,3.8036,3.7356,0.303,0.303,49458.1391,41259.4229,38235.1184,408029.6476,340390.2389
002149.SZ,20250124,17.64,1.9007,2.9341,0.71,43.8941,46.9696,2.9683,2.6693,2.7817,1.4172,1.4172,48821.4274,48813.9274,31622.0182,861209.9793,861077.6793
600543.SH,20250124,4.74,3.0685,4.8483,0.68,,,1.8241,7.6686,5.3587,0.0,,32112.0,32112.0,20323.8083,152210.88,152210.88
000908.SZ,20250124,4.28,2.0387,2.3819,0.73,,,,5.7322,9.4665,0.0,,87977.4351,78890.0387,67521.9722,376543.4222,337649.3656
301326.SZ,20250124,77.24,6.1166,7.3808,0.99,,,4.286,8.2221,7.4336,0.2575,0.2575,7219.2828,2687.5368,2227.2193,557617.4035,207585.3424
600339.SH,20250124,3.48,0.5017,1.8046,0.92,26.0493,40.2646,0.7317,0.2418,0.247,1.1782,1.1782,558314.7471,558314.7471,155218.0662,1942935.3199,1942935.3199
002307.SZ,20250124,3.44,0.9397,1.5066,0.51,135.3804,281.2886,1.2674,0.5141,0.5696,0.2907,0.2907,126829.1582,109103.0717,68051.5931,436292.3042,375314.5666
301065.SZ,20250124,18.95,1.0083,1.3054,1.15,33.7004,32.3165,1.5608,2.8788,2.8208,0.5135,0.5135,10602.0,8628.75,6664.875,200907.9,163514.8125
300265.SZ,20250124,8.24,5.246,8.7316,2.65,37.2291,64.0014,1.6751,1.6089,1.5369,0.9709,0.9709,45829.0984,45799.1359,27516.1359,377631.7708,377384.8798
603172.SH,20250124,13.49,2.7821,3.2119,0.75,44.4794,66.6761,1.7285,3.5731,3.6169,0.7413,0.7413,13338.0,5008.0,4337.99,179929.62,67557.92
600605.SH,20250124,34.19,1.1411,2.7334,1.15,124.9299,63.2397,5.0882,54.2583,48.8773,1.7549,1.7549,20628.2429,20628.2429,8611.8236,705279.6248,705279.6248
688521.SH,20250124,52.37,1.9553,3.2085,0.77,,,11.2643,11.2077,11.7858,,,50035.5082,49849.1548,30378.7511,2620359.5644,2610600.2369
688187.SH,20250124,46.61,1.512,1.6337,1.07,21.1109,18.4491,1.6172,3.0077,2.7364,1.6735,1.6735,140665.2812,27932.1813,25852.6027,6556408.7567,1301918.9704
300200.SZ,20250124,8.75,1.6616,2.61,0.91,,,2.3596,3.6421,3.2552,0.0,,43097.3206,42338.9812,26953.8017,377101.5553,370466.0855
002866.SZ,20250124,15.28,3.5497,4.703,0.78,105.9721,207.7984,2.0791,2.4944,2.3078,0.0982,0.0982,28952.2256,18126.6506,13681.6256,442390.0072,276975.2212
002647.SZ,20250124,4.96,4.9618,6.2965,0.91,,,51.1493,1.5426,1.9889,0.0,,55993.665,55993.665,44124.3575,277728.5784,277728.5784
002890.SZ,20250124,10.36,1.1345,1.9252,1.17,81.7015,89.2569,2.9765,4.8319,5.2395,0.7425,0.7425,16987.516,16148.4212,9516.1303,175990.6658,167297.6436
600129.SH,20250124,19.18,5.436,8.8716,2.09,12.9921,17.536,2.6696,0.6837,0.7699,1.5641,1.5641,55689.0744,55689.0744,34123.092,1068116.447,1068116.447
603029.SH,20250124,17.57,3.0203,7.2593,0.66,32.6009,31.5108,2.4566,3.0277,3.0175,0.9676,0.9676,12134.2,12134.2,5048.5248,213197.894,213197.894
688166.SH,20250124,29.71,1.8942,3.0828,1.03,61.993,66.7334,5.5129,10.6412,10.1102,0.3228,0.3228,42246.6646,42246.6646,25958.601,1255148.4053,1255148.4053
000957.SZ,20250124,11.49,2.565,3.8308,0.65,97.8043,35.6255,2.3622,1.6053,1.1973,0.2959,0.557,59290.3936,59290.3936,39698.1056,681246.6225,681246.6225
002905.SZ,20250124,7.77,3.3828,12.5648,0.82,219.0579,,60.8376,2.1407,2.7558,0.0,,37632.0,34944.0,9408.0,292400.64,271514.88
300878.SZ,20250124,13.99,1.1401,4.0906,0.83,,,1.5022,3.8983,4.4182,1.7532,1.7532,14479.0322,14412.3959,4016.8314,202561.6605,201629.4186
688228.SH,20250124,50.57,9.4931,21.3957,3.54,82.9668,84.6172,2.7369,4.9212,4.5006,0.3634,0.3634,6751.824,6751.824,2995.744,341439.7397,341439.7397
001287.SZ,20250124,19.74,2.1553,4.0622,1.26,63.393,54.76,2.94,0.4347,0.31,0.4306,0.4306,75990.0097,43739.4498,23207.0579,1500042.7915,863416.7391
600987.SH,20250124,6.98,0.6083,1.2682,0.93,10.3993,10.0529,1.1791,0.7372,0.6472,4.4243,4.4243,102081.8873,102081.8873,48964.009,712531.5734,712531.5734
300989.SZ,20250124,14.27,2.1283,3.2358,0.8,68.4519,,2.9899,6.2462,7.1303,0.2698,0.2698,21134.0389,15061.3158,9906.2623,301582.7351,214924.9765
300819.SZ,20250124,12.82,0.9478,3.0028,0.9,25.6973,32.9713,2.198,2.793,3.1506,2.3401,2.3401,14920.5,13476.225,4253.555,191280.81,172765.2045
001378.SZ,20250124,21.57,1.1832,1.1832,0.77,23.6987,31.1097,1.5386,2.3594,1.9476,3.0134,3.0134,13333.36,6504.9972,6504.9972,287600.5752,140312.7896
688505.SH,20250124,7.46,0.2575,0.6624,1.02,71.1867,73.5029,3.2879,9.0896,11.1807,1.2064,1.2064,103657.21,71057.21,27621.4198,773282.7866,530086.7866
605158.SH,20250124,9.53,1.4319,5.409,1.14,14.5775,20.2894,1.9737,0.6431,0.6873,2.0986,2.0986,51142.0,51142.0,13538.464,487383.26,487383.26
688193.SH,20250124,33.42,0.9945,1.7092,1.3,161.854,62.8381,1.4477,8.1308,7.5119,0.876,0.876,4000.0,3025.757,1760.5016,133680.0,101120.7989
300612.SZ,20250124,16.03,8.3506,10.5315,1.26,,,5.6855,2.7578,3.5116,0.0,,18045.4496,17987.9496,14262.9421,289268.5571,288346.8321
300235.SZ,20250124,10.77,5.8531,7.5615,1.8,85.0508,115.2287,3.8426,26.6493,25.3884,0.4643,0.4643,25174.6635,20313.2013,15723.5735,271131.1259,218773.178
600360.SH,20250124,4.85,2.8692,3.6936,2.29,126.3223,39.807,1.3891,2.674,2.2651,0.2392,0.2392,96029.5304,96029.5304,74596.8648,465743.2224,465743.2224
300161.SZ,20250124,27.17,2.1034,3.1308,1.17,199.2786,,3.4067,2.5529,2.8027,0.0736,0.0736,19869.6906,19483.8075,13089.837,539859.4936,529375.0498
001282.SZ,20250124,27.03,38.8504,54.5932,3.09,34.2002,29.7436,2.8681,3.4717,2.8885,1.2499,1.2499,15870.4,5583.2,3973.2,428976.912,150913.896
300779.SZ,20250124,86.2,1.1631,1.3518,0.72,122.0024,369.9888,12.8198,15.7837,14.701,0.123,0.123,19604.3071,14922.8559,12839.7571,1689891.272,1286350.1786
300434.SZ,20250124,8.37,2.1333,3.6271,0.67,26.645,73.8278,1.3927,2.7808,2.9528,1.3142,1.3142,40174.3872,34212.1086,20121.7619,336259.6209,286355.349
000695.SZ,20250124,9.23,1.5128,2.3593,0.99,,,11.0142,5.9624,3.6541,0.0,,22214.7539,22172.0364,14217.1335,205042.1785,204647.896
000905.SZ,20250124,7.2,4.5508,9.5121,1.0,23.0437,26.5477,1.0877,0.233,0.2234,2.125,2.125,74180.9597,74180.8097,35490.0575,534102.9098,534101.8298
301332.SZ,20250124,9.94,1.3022,1.9446,0.57,42.1962,40.6632,1.6198,1.455,1.398,1.006,1.006,46156.25,26489.75,17739.75,458793.125,263308.115
301278.SZ,20250124,33.17,3.0023,3.9433,1.24,14.2818,20.3216,2.2021,2.1518,2.6616,0.904,0.904,8336.104,3381.034,2574.254,276508.5697,112148.8978
920725.BJ,20250124,33.0,8.6355,13.5816,0.8,43.1016,111.4254,4.7755,6.0786,10.834,0.4564,0.4564,9127.5,4207.7762,2675.415,301207.5,138856.6146
000573.SZ,20250124,5.33,17.2972,21.6543,1.11,51.4792,35.5724,2.1346,9.658,6.8452,1.1257,1.1257,63828.0604,63296.4819,50560.5112,340203.5619,337370.2485
300521.SZ,20250124,21.0,4.2509,5.713,0.8,,,6.2034,18.98,17.2232,0.0,,14400.0,14399.9055,10714.5575,302400.0,302398.0155
600639.SH,20250124,10.82,0.4222,1.2122,0.85,6.6772,20.6335,0.8615,1.8442,3.7356,5.268,5.268,112241.2893,85023.6703,29615.5246,1214450.7502,919956.1126
301149.SZ,20250124,10.17,1.1837,1.3864,0.79,17.6314,20.9185,2.32,0.871,0.7424,2.1632,2.1632,43000.0018,20402.0885,17419.8191,437310.0183,207489.24
600835.SH,20250124,17.96,1.5482,3.9584,0.69,18.3699,20.0741,1.3774,0.8229,0.8855,3.5635,3.5635,102273.9308,80650.43,31543.0714,1836839.7972,1448481.7228
000973.SZ,20250124,5.73,1.9947,2.7231,0.82,25.9075,54.0901,1.9551,2.5031,2.8654,1.1693,1.1693,96742.3171,96742.3171,70866.2659,554333.477,554333.477
000501.SZ,20250124,8.46,2.2597,3.9642,0.83,31.1161,30.3015,0.593,0.9064,0.9485,1.7566,1.7566,76899.2731,76829.3891,43794.9828,650567.8504,649976.6318
000822.SZ,20250124,5.13,2.9866,5.0057,4.15,4.3978,8.3419,0.8718,0.5384,0.6524,1.9493,1.9493,89509.1926,89509.1926,53404.3048,459182.158,459182.158
688588.SH,20250124,14.63,3.3282,7.1283,1.88,67.6342,35.2847,4.6535,8.403,5.7769,1.3329,1.3329,40001.0003,40001.0003,18676.5301,585214.6344,585214.6344
300812.SZ,20250124,19.95,3.4177,4.5257,0.69,129.065,,3.2146,5.1709,6.5634,0.2007,0.2007,14013.7029,9270.2307,7000.7007,279573.3729,184941.1025
301205.SZ,20250124,88.97,20.2143,29.0867,2.65,435.882,171.4418,7.8069,19.0571,14.3061,0.0562,0.0562,12974.4,6795.828,4722.876,1154332.368,604624.8172
600386.SH,20250124,4.3,1.3502,3.0004,1.0,204.2696,116.1059,1.9471,0.7175,0.7483,0.4651,0.4651,80640.0,80640.0,36288.0,346752.0,346752.0
605116.SH,20250124,20.15,0.2945,1.1126,0.65,28.2802,24.0258,3.7532,6.4829,5.7304,1.0918,1.0918,40619.5,39751.1,10521.26,818482.925,800984.665
002651.SZ,20250124,6.54,1.5853,3.0179,0.91,54.9947,483.4024,2.4312,6.3009,8.9791,0.6116,0.6116,103346.0,56546.3641,29704.505,675882.84,369813.2212
300971.SZ,20250124,20.67,2.871,3.2605,1.25,26.2047,27.8529,1.7486,4.0596,4.415,1.2095,1.2095,8400.0,6575.8438,5790.1938,173628.0,135922.6913
300808.SZ,20250124,24.36,1.8245,3.2444,0.95,94.308,,3.863,8.1897,9.5618,0.7697,0.7697,16000.0,10519.9438,5916.0779,389760.0,256265.831
603809.SH,20250124,14.01,6.3073,9.8636,0.93,49.3683,32.5844,3.1762,4.6171,3.9058,0.875,0.875,64120.0503,64120.0503,41001.9247,898321.9047,898321.9047
300778.SZ,20250124,10.0,1.6448,3.9979,0.76,,,1.5457,6.9812,10.5161,0.0,,20406.0066,20361.9486,8377.3736,204060.066,203619.486
600027.SH,20250124,5.08,0.6282,1.6145,1.01,11.4893,10.0299,1.2704,0.4434,0.467,4.5276,4.5276,1022756.1133,851032.7533,331126.2963,5195601.0556,4323246.3868
300353.SZ,20250124,11.72,3.4606,3.4978,1.35,27.6878,27.1372,3.6472,6.1961,6.6598,0.0,,61489.2881,52220.2547,51664.0168,720654.4565,612021.3851
603755.SH,20250124,26.63,0.931,2.559,1.23,46.5365,37.9095,3.6551,7.3055,6.7198,0.0,,9861.3681,9861.3681,3587.7524,262608.2325,262608.2325
301023.SZ,20250124,53.91,4.7752,6.7606,0.95,63.4128,37.1527,3.8094,17.2935,12.1561,2.9256,2.9256,5600.025,2982.7891,2106.8529,301897.3478,160802.1604
600959.SH,20250124,3.24,0.689,1.4352,1.15,47.6472,54.0703,0.724,2.1327,2.0671,0.6481,0.6481,500071.7686,500071.7686,240057.1686,1620232.5303,1620232.5303
002163.SZ,20250124,8.67,1.8227,2.501,1.02,79.9997,,6.0351,1.7515,1.7883,0.0,,84495.7867,80354.8875,58561.4672,732578.4707,696676.8746
002065.SZ,20250124,7.11,1.6863,2.4129,1.36,51.9827,58.3951,1.9298,1.9778,1.8564,0.7032,0.7032,320548.2375,290792.1649,203221.9199,2279097.9686,2067532.2924
688041.SH,20250124,131.0,2.318,2.318,0.84,241.0493,161.3386,15.3598,50.6468,37.1064,0.084,0.084,232433.8091,88655.7181,88655.7181,30448828.9921,11613899.0711
603016.SH,20250124,37.29,1.6134,3.5723,0.97,80.3978,79.1793,6.6687,8.7354,8.8455,0.9976,0.9976,14816.0,14816.0,6691.48,552488.64,552488.64
920856.BJ,20250124,11.37,12.7559,22.8331,0.68,122.1978,,2.2385,2.0612,2.409,,,8647.8753,4791.8927,2677.0276,98326.3422,54483.82
002926.SZ,20250124,8.2,1.4097,2.643,0.68,50.6528,70.3613,0.9369,6.7669,7.6215,0.6098,0.6098,262500.0,262500.0,140010.0126,2152500.0,2152500.0
000776.SZ,20250124,15.74,0.5181,1.1235,1.14,17.1911,15.1226,1.0207,5.1484,4.9116,2.5348,2.5348,762108.7664,591929.1464,272961.4393,11995591.9831,9316964.7643
600265.SH,20250124,17.68,0.6965,1.9512,1.87,362.961,,14.7701,3.8913,4.5145,0.0,,12980.0,12980.0,4633.1947,229486.4,229486.4
600702.SH,20250124,54.94,3.1043,4.4522,1.93,10.3338,15.9854,2.5817,2.585,2.9075,3.8881,3.8881,33316.7579,33261.8879,23192.3111,1830422.679,1827408.1212
002201.SZ,20250124,5.06,0.7194,1.1618,0.67,84.9868,81.3468,3.0,1.9176,2.3928,0.0988,0.0988,65163.6241,65025.1938,40264.1875,329727.9379,329027.4806
603722.SH,20250124,41.56,1.0081,1.8511,1.21,166.2724,,4.2123,7.4098,8.1542,0.4422,0.4422,9570.0121,8793.75,4789.12,397729.7029,365468.25
301398.SZ,20250124,49.9,6.0804,6.0804,0.74,49.8488,51.2361,3.6882,11.3339,10.3271,0.7014,0.7014,8000.0,2390.0,2390.0,399200.0,119261.0
600824.SH,20250124,4.84,6.6655,11.0478,0.56,89.6848,301.2881,2.1148,4.9739,5.6611,0.3512,0.3512,105402.7073,105402.7073,63593.0544,510149.1033,510149.1033
600011.SH,20250124,6.28,0.2955,0.7426,1.19,11.6729,15.661,1.6964,0.3875,0.3984,3.1847,3.1847,1569809.3359,1099770.9919,437592.3252,9858402.6295,6906561.8291
301208.SZ,20250124,34.42,15.2219,15.2219,1.71,28.2415,34.4526,2.7625,2.9476,3.2877,0.9442,0.9442,12000.006,4337.406,4337.406,413040.2065,149293.5145
600305.SH,20250124,7.47,0.4959,0.8345,1.01,95.3264,120.3779,2.4921,3.9327,4.1425,0.932,0.932,110894.3608,110302.6408,65541.2515,828380.8752,823960.7268
600292.SH,20250124,12.48,2.74,5.7466,0.88,180.4164,181.417,1.8747,2.292,2.192,0.2244,0.2244,78081.689,78081.689,37230.0764,974459.4787,974459.4787
920781.BJ,20250124,7.81,1.6402,1.6405,0.78,44.0717,57.6122,2.7328,2.9402,2.5132,0.6402,0.6402,14051.5504,9280.2027,9278.4627,109742.6086,72478.3831
600406.SH,20250124,23.32,0.456,1.0645,1.18,26.0741,24.9889,4.1645,3.6319,3.386,2.8875,2.8875,803208.8259,799630.287,342574.4432,18730829.82,18647378.2928
000055.SZ,20250124,3.93,1.0541,1.4292,0.42,15.4728,27.0479,0.6982,0.9833,0.9855,2.0356,2.0356,107387.4227,67585.4429,49847.1671,422032.5712,265610.7906
000997.SZ,20250124,19.99,1.1599,1.6593,0.91,20.557,20.5458,3.0971,2.7108,2.7886,2.7008,2.7008,103206.2937,102634.6734,71746.7294,2063093.8111,2051667.1213
000049.SZ,20250124,22.86,0.9561,1.7545,1.13,15.6492,20.9104,1.3746,0.4335,0.4116,1.9685,1.9685,38463.8534,38449.7163,20951.8194,879283.6887,878960.5146
301213.SZ,20250124,44.79,4.1912,8.0771,1.64,,,4.5353,34.9855,29.1357,0.2233,0.2233,7999.9999,5171.1049,2683.2599,358319.9955,231613.7885
002440.SZ,20250124,6.75,1.21,1.8131,1.25,165.7582,80.2151,0.8098,1.3576,1.3927,2.2222,2.2222,112399.9905,94635.9428,63155.5451,758699.9359,638792.6139
920892.BJ,20250124,11.24,0.5092,1.6407,0.96,19.7073,18.7853,4.5885,3.1993,3.1527,4.4484,4.4484,15486.4867,13354.9343,4145.0459,174068.1105,150109.4615
605196.SH,20250124,12.15,1.3023,1.9923,0.65,17.0696,17.6445,2.0249,1.1585,1.034,0.5844,0.5844,51148.2781,51088.0781,33392.9781,621451.5789,620720.1489
002534.SZ,20250124,12.52,1.6384,6.7492,0.57,169.5591,22.2721,2.2626,1.1455,1.2561,0.7987,0.7987,73920.5474,73081.7419,17741.1445,925485.2534,914983.4086
600881.SH,20250124,1.67,2.36,2.7554,0.97,,,1.2103,0.5864,0.8253,0.0,,324891.3588,324891.3588,278269.44,542568.5692,542568.5692
688231.SH,20250124,15.02,4.0324,5.7309,3.88,66.9527,105.0616,1.3749,3.0702,2.7391,1.8801,1.8801,24685.7143,12644.8762,8897.2084,370779.4288,189926.0405
605050.SH,20250124,9.89,0.2774,0.8309,0.7,11.6791,14.9793,1.1603,0.4993,0.4583,4.3478,4.3478,49282.9181,49282.9181,16452.9181,487408.06,487408.06
300166.SZ,20250124,11.2,17.6352,19.6509,1.4,,,2.1132,5.3514,5.2784,0.0,,113874.5748,90558.0365,81269.2049,1275395.2378,1014250.0088
600571.SH,20250124,12.48,4.8047,6.0671,1.13,45.7353,85.273,5.1951,2.7341,2.9014,2.0833,2.0833,46631.8309,45775.1703,36251.1545,581965.2496,571274.1253
002091.SZ,20250124,7.19,0.6615,1.1568,1.1,7.2962,9.0629,0.7781,0.3153,0.31,5.5632,5.5632,162762.5378,159542.4132,91225.341,1170262.6468,1147109.9509
920914.BJ,20250124,15.44,2.4161,2.4717,0.48,48.8489,42.7856,1.736,1.9069,1.9639,0.6412,0.6412,10000.0,10000.0,9775.0,154400.0,154400.0
300321.SZ,20250124,22.29,1.1981,2.6172,0.43,,355.5869,3.1438,6.0118,5.4005,0.0,,8880.0,8877.66,4063.814,197935.2,197883.0414
002861.SZ,20250124,16.94,43.5616,61.6493,2.29,,,2.9358,4.184,3.9486,0.7394,0.7394,18628.3962,15016.835,10610.9421,315565.0316,254385.1849
300668.SZ,20250124,19.75,1.8419,2.843,0.94,41.4391,133.9391,3.1312,3.1756,3.7314,1.519,1.519,12038.1273,8828.3796,5719.7697,237753.0142,174360.4971
920058.BJ,20250124,28.82,8.6679,8.6679,1.18,31.5048,24.691,4.7754,3.376,2.6895,4.3279,4.3279,5608.705,1400.7892,1400.7892,161642.8781,40370.7447
920634.BJ,20250124,17.6,4.3735,8.9538,0.67,51.2417,37.0281,4.1491,2.0501,1.3677,0.5545,0.5545,6376.2046,3278.0776,1601.1726,112221.201,57694.1658
688710.SH,20250124,34.02,1.9642,1.9642,0.92,24.6657,32.7045,2.0219,4.6186,4.2746,,,14097.9615,2650.2774,2650.2774,479612.6502,90162.4371
301305.SZ,20250124,17.58,1.5136,1.7923,0.98,23.941,19.194,1.2115,2.4428,2.3081,0.562,0.562,24357.07,12612.195,10651.233,428197.2906,221722.3881
001260.SZ,20250124,16.77,3.572,3.572,1.07,40.2708,36.9962,2.4174,3.932,3.2034,0.7454,0.7454,11500.0,3175.0,3175.0,192855.0,53244.75
603273.SH,20250124,17.15,8.4863,8.4863,0.96,60.8576,89.3799,4.3182,4.4673,5.5937,0.7872,0.7872,21431.34,5605.84,5605.84,367547.481,96140.156
688158.SH,20250124,14.02,4.1163,4.9895,1.73,,,2.5689,4.1922,4.2064,,,45309.5081,40226.3908,33186.9315,635239.3036,563973.999
600241.SH,20250124,6.82,1.0614,2.0664,0.82,33.1077,57.3374,1.7211,3.0696,4.581,0.0,,29430.2115,29430.2115,15116.8642,200714.0424,200714.0424
601766.SH,20250124,7.45,0.3165,0.7905,1.1,18.256,16.6972,1.3078,0.9127,0.8769,2.6846,2.6846,2869886.4088,2432779.8048,974021.9798,21380653.7456,18124209.5458
688420.SH,20250124,20.55,1.053,1.053,0.78,24.4795,24.0491,1.2618,3.1884,2.9037,1.414,1.414,8843.0,3410.9,3410.9,181723.65,70093.995
300960.SZ,20250124,22.82,2.4222,8.7025,0.98,65.3604,45.6047,3.9124,6.5293,5.7974,3.0604,3.0604,10266.4395,9297.4395,2587.8583,234280.1494,212167.5694
688048.SH,20250124,47.81,10.4593,11.919,0.94,,,2.7912,29.0408,30.8057,,,17627.9943,9962.5438,8742.4738,842794.4075,476309.2191
601169.SH,20250124,5.91,0.3205,0.4628,0.93,4.8765,4.8043,0.4745,1.8731,1.818,5.4146,7.445,2114298.4272,2114298.4272,1464497.3937,12495503.7048,12495503.7048
001358.SZ,20250124,21.37,1.1233,1.1233,0.68,18.5962,35.0603,1.8184,4.1774,5.7247,4.011,4.011,12320.0,4689.6967,4689.6967,263278.4,100218.8185
001896.SZ,20250124,3.91,0.8623,2.2603,0.95,,,1.8982,0.4978,0.4738,0.0,,152578.133,152578.133,58208.0646,596580.5,596580.5
603787.SH,20250124,10.14,1.4181,4.0241,0.93,26.5239,34.2377,1.4699,0.5684,0.6441,1.9724,1.9724,23014.379,23014.379,8110.459,233365.8031,233365.8031
300323.SZ,20250124,7.35,7.6842,9.6946,0.74,,,1.6595,4.1088,3.0818,,,162299.8797,87915.1253,69683.821,1192904.1158,646176.171
688499.SH,20250124,20.56,1.9158,3.1161,0.89,,,1.2992,0.6946,1.1258,,,16872.851,16872.851,10373.6925,346905.8166,346905.8166
601963.SH,20250124,8.81,0.4814,1.3219,1.04,6.2094,6.0168,0.5914,2.317,2.2511,4.6311,6.5153,347456.9878,187592.2522,68307.9275,3061096.0625,1652687.7419
301459.SZ,20250124,43.85,10.3479,10.3479,0.84,25.3867,25.0418,3.0459,4.3764,4.0445,0.9122,0.9122,8000.0,2000.0,2000.0,350800.0,87700.0
002454.SZ,20250124,6.8,0.9095,1.6222,0.72,42.8138,31.8381,1.0885,0.8983,0.9153,0.8791,0.8791,62858.16,62697.9228,35150.8419,427435.488,426345.875
603949.SH,20250124,12.22,0.7733,3.0753,0.61,36.5489,41.5312,2.569,6.719,6.9441,2.7005,2.7005,21113.668,21020.5274,5285.7174,258009.023,256870.8448
300513.SZ,20250124,8.59,4.918,4.918,2.67,64.9632,,1.1479,2.0007,2.2049,0.4075,0.4075,31369.1155,28143.6804,28143.6374,269460.7021,241754.2146
600258.SH,20250124,13.37,0.6933,1.3032,0.87,18.7769,17.9091,1.2854,1.9157,1.9211,1.6455,1.6455,111660.3126,111660.3126,59405.9451,1492898.3795,1492898.3795
300848.SZ,20250124,16.8,0.9839,1.8801,0.74,79.1945,100.8141,5.3799,4.7171,4.3736,0.4579,0.4579,41418.8803,23942.3689,12530.115,695837.189,402231.7975
300972.SZ,20250124,100.79,2.7689,5.2028,1.86,,314.4358,20.6115,1.952,0.7255,0.0,0.1984,17998.9761,15575.8146,8289.4146,1814116.8011,1569886.3535
600446.SH,20250124,14.56,7.5682,10.1537,1.76,37.3043,64.7422,3.6972,2.2147,2.438,0.4077,0.4077,94627.5005,94627.5005,70531.7864,1377776.4073,1377776.4073
300120.SZ,20250124,8.88,2.9197,3.6064,0.71,,,1.69,1.4854,1.4504,0.0,,57439.3929,53041.1218,42942.1879,510061.809,471005.1616
603880.SH,20250124,4.4,1.5995,3.032,0.92,,,2.7852,2.1193,2.1746,0.0,,28904.2,28904.2,15248.1585,127178.48,127178.48
603595.SH,20250124,17.76,1.4391,3.1598,0.58,,,2.7342,2.248,2.1578,0.0,,23244.2326,23244.2326,10586.6191,412817.571,412817.571
300218.SZ,20250124,16.45,2.0456,3.23,0.81,50.3988,19.8903,2.5753,1.7845,1.5056,0.7788,0.7788,21698.7,21627.6394,13696.7594,356943.615,355774.6681
000560.SZ,20250124,3.03,5.0136,6.9085,0.69,,,0.7523,0.5903,0.6058,0.0,,235550.0851,225527.2394,163667.0503,713716.7579,683347.5354
301555.SZ,20250124,23.4,2.7243,3.4495,1.0,37.615,361.8941,2.0576,1.5666,1.697,0.9402,0.9402,9226.67,4834.725,3818.325,215904.078,113132.565
688619.SH,20250124,8.96,0.8821,1.8733,0.79,,,1.6799,3.7099,7.0433,,,18543.8042,18543.8042,8731.4537,166152.4856,166152.4856
300182.SZ,20250124,6.12,9.4151,9.9793,2.15,36.2256,42.9009,1.9649,5.8215,5.6098,0.0,,266382.5632,223991.6552,211327.5977,1630261.2868,1370828.9298
603956.SH,20250124,5.45,0.5611,1.2299,0.68,116.9917,,1.6575,1.9265,1.9526,1.8032,1.8032,50097.3176,50097.3176,22854.1112,273030.3809,273030.3809
688287.SH,20250124,5.4,0.3766,0.7639,0.48,94.5857,,2.1892,9.4331,17.1721,1.1111,1.1111,37051.56,37051.56,18267.2898,200078.424,200078.424
001222.SZ,20250124,16.88,4.9724,6.846,0.48,25.5453,22.7661,2.5311,3.2506,2.7059,1.1693,1.1693,19089.0,7854.5225,5704.8717,322222.32,132584.3398
300338.SZ,20250124,3.69,2.7723,3.0992,0.9,,,,4.3517,7.8761,0.0,,40262.4692,34454.6978,30821.0926,148568.5113,127137.8349
002222.SZ,20250124,35.1,6.599,8.3338,1.99,78.947,77.3347,10.8174,21.117,19.3958,0.5439,0.5439,47025.0,46815.1715,37069.881,1650577.5,1643212.5197
002240.SZ,20250124,12.99,1.082,1.3837,1.27,16.9311,,0.9852,1.4953,2.4664,1.8385,1.8385,91529.3872,86665.0055,67768.2302,1188966.7397,1125778.4214
603055.SH,20250124,10.59,0.4351,1.4717,0.95,20.9929,12.7279,1.9487,1.8509,1.3942,1.5026,1.5026,89029.2573,88545.2573,26176.9271,942819.8348,937694.2748
600285.SH,20250124,21.51,1.0021,1.277,0.9,21.4724,18.0507,4.2154,3.6838,3.4229,3.6983,3.6983,56711.5486,56586.5486,44404.7588,1219865.4104,1217176.6604
002062.SZ,20250124,5.17,1.52,2.8934,0.77,18.866,19.933,1.2995,0.9955,1.0359,1.7041,1.7041,123727.0889,98992.3287,52003.6372,639669.0496,511790.3394
600854.SH,20250124,4.53,1.5809,2.3318,0.87,15.8885,15.8768,0.9874,13.6028,23.4216,3.0905,3.0905,51945.8538,51945.8538,35218.3425,235314.7177,235314.7177
688308.SH,20250124,17.08,0.921,1.5682,0.77,16.3369,28.1726,1.0505,2.6421,2.4284,2.0367,2.0367,15878.1708,15878.1708,9325.3727,271199.1573,271199.1573
000626.SZ,20250124,5.85,0.9858,2.4253,0.57,,,1.163,0.0345,0.0339,0.0,,50894.0464,50202.3035,20405.9882,297730.1714,293683.4755
603042.SH,20250124,16.64,38.8479,50.4393,1.83,,,3.0488,2.8416,3.1505,0.0,,16058.984,16058.984,12368.4819,267221.4938,267221.4938
688377.SH,20250124,21.5,1.3429,2.157,1.19,29.3847,51.0007,2.36,3.4588,3.9167,1.063,1.063,19466.7,19466.7,12119.95,418534.05,418534.05
002017.SZ,20250124,10.18,1.4857,2.6643,1.04,34.3848,31.6163,3.5169,4.275,4.2147,1.4735,1.4735,58043.1909,58008.5882,32346.4733,590879.6834,590527.4279
000525.SZ,20250124,5.81,1.3074,2.7502,0.57,,,8.2373,2.3332,2.2979,0.0,,129802.7341,99008.1517,47066.5227,754153.8851,575237.3614
300351.SZ,20250124,17.49,4.185,5.7214,0.94,67.1331,60.7491,2.8328,4.4684,3.6128,0.5701,0.5701,38791.7117,26188.2492,19155.5707,678467.0376,458032.4785
001331.SZ,20250124,10.56,2.5152,2.5152,0.78,,56.6129,1.4146,0.4432,0.4082,0.7891,0.7891,20160.0,5040.0,5040.0,212889.6,53222.4
688327.SH,20250124,12.66,8.9588,8.9588,3.89,,,10.2592,20.8998,25.8036,,,103693.8787,75200.886,75200.886,1312764.5043,952043.2168
300139.SZ,20250124,16.12,8.2307,8.7229,0.89,,,4.4738,18.6397,15.2586,0.0,,27400.0,23365.1725,22046.7925,441688.0,376646.5807
600171.SH,20250124,37.7,5.7188,7.639,0.68,,86.4967,6.2851,12.5059,10.3728,0.2653,0.2653,70892.3303,70892.3303,53072.3303,2672640.8523,2672640.8523
601579.SH,20250124,10.2,0.9424,2.2785,1.35,29.3503,27.8072,1.3494,3.4653,3.1804,2.0202,2.0202,47946.3409,47946.3409,19830.5209,489052.6772,489052.6772
600476.SH,20250124,14.78,2.7503,4.5336,1.15,450.1819,98.1178,18.7408,4.0658,4.3244,0.0,,16107.0,16107.0,9771.228,238061.46,238061.46
300492.SZ,20250124,67.95,0.3343,1.0297,0.62,,231.8985,28.3887,38.6296,4.0907,0.0,0.2943,14048.647,14048.647,4561.3872,954605.5637,954605.5637
600352.SH,20250124,9.7,0.5015,0.6692,0.98,20.5726,15.8759,0.9424,2.0622,2.0922,4.6392,4.6392,325333.186,325333.186,243794.564,3155731.9042,3155731.9042
688230.SH,20250124,47.16,2.7024,2.7024,0.84,57.479,48.2715,2.4762,17.3082,15.8026,1.2723,1.2723,11760.0,2940.0,2940.0,554601.6,138650.4
300386.SZ,20250124,15.09,7.4326,9.5314,0.86,,,4.1417,8.5414,8.6982,0.0,,41804.4,24821.5153,19355.7437,630828.396,374556.6659
600233.SH,20250124,13.62,0.4225,0.9477,0.93,12.6109,11.7542,1.5339,0.8138,0.7081,2.5489,2.5489,344675.3438,344675.3438,153675.7826,4694478.1826,4694478.1826
603319.SH,20250124,25.18,6.1848,8.3496,0.83,25.5843,26.6286,2.7778,2.9056,2.7331,1.5013,1.5013,22013.6798,21960.3746,16266.7974,554304.4574,552962.2324
603110.SH,20250124,14.14,2.4976,3.2472,1.03,54.7016,57.1686,4.0554,7.2294,7.097,0.0,,20122.6732,20122.6732,15477.4789,284534.599,284534.599
600667.SH,20250124,6.89,1.3816,2.0708,1.02,19.87,21.7854,1.7522,0.3685,0.3864,1.5239,1.5239,210619.0178,210619.0178,140516.371,1451165.0326,1451165.0326
920278.BJ,20250124,7.27,1.4054,1.909,0.51,40.3763,53.7412,3.2756,3.886,3.9268,1.3638,1.3638,17600.0,7554.8,5562.08,127952.0,54923.396
688416.SH,20250124,36.59,5.5876,5.5876,0.84,,,2.111,9.8866,8.6018,,,8263.7279,4780.1677,4780.1677,302369.8039,174906.3361
002218.SZ,20250124,3.43,2.6906,4.359,0.98,209.7295,,1.1526,4.3004,3.3444,0.5811,0.5811,141302.0549,139239.8249,85945.3237,484666.0483,477592.5994
603178.SH,20250124,17.67,1.0463,2.8308,0.88,78.3052,167.7964,3.2799,2.8807,2.7217,0.3962,0.3962,23641.1881,23641.1881,8738.2991,417739.7937,417739.7937
920493.BJ,20250124,64.53,7.552,8.9853,1.18,,,10.8393,7.5808,6.2978,,,5823.0,3243.5568,2726.1528,375758.19,209306.7203
600731.SH,20250124,5.78,0.7495,0.9801,1.07,11.7962,14.0396,1.0435,1.3602,1.3625,3.4602,3.4602,55874.2416,55798.2665,42667.5816,322953.1164,322513.9804
603600.SH,20250124,12.61,2.838,6.1466,0.45,14.0212,13.4069,1.9112,1.1804,0.9432,4.4409,4.4409,33121.317,30081.8034,13889.3051,417659.8074,379331.5409
301273.SZ,20250124,19.22,2.6868,3.7758,0.93,45.1216,,1.4426,4.035,4.7617,1.0406,1.0406,7164.1792,3462.8242,2464.0742,137695.5242,66555.4811
002771.SZ,20250124,17.28,9.6155,10.8699,1.35,,,5.6153,8.1098,7.7276,0.0,,20976.41,17451.4655,15437.569,362472.3648,301561.3238
920427.BJ,20250124,11.76,5.4728,10.55,0.59,41.5152,120.9162,3.6582,9.7063,14.323,2.381,2.381,10309.5,5062.0164,2625.918,121239.72,59529.3129
600594.SH,20250124,3.35,1.3558,1.7705,1.17,25.6575,,1.0019,0.9406,1.1065,1.9701,1.9701,79192.74,79192.74,60646.9764,265295.679,265295.679
603993.SH,20250124,7.29,0.8929,2.2526,0.91,19.0865,11.1835,2.4944,0.8453,0.7522,2.0914,2.0914,2159924.0583,1766577.2583,700277.2183,15745846.385,12878348.213
301037.SZ,20250124,10.44,11.2866,14.2333,1.11,,,2.0349,0.6417,0.6717,0.0,,13950.1778,4990.0028,3956.9369,145639.8562,52095.6292
600060.SH,20250124,23.39,0.8299,1.5661,0.44,14.5637,17.1678,1.6261,0.5693,0.5546,3.4441,3.4441,130497.2254,129509.4388,68629.5186,3052330.1021,3029225.7735
603156.SH,20250124,22.07,0.3397,0.8397,1.96,18.9543,19.7689,2.8489,4.5141,4.7928,7.2726,7.2726,126027.7566,126027.7566,50991.2472,2781432.5882,2781432.5882
601598.SH,20250124,5.27,0.3943,1.834,1.06,9.1052,9.8989,1.0265,0.378,0.3348,5.4733,5.4733,729421.6875,525591.6875,112997.9605,3844052.2931,2769868.1931
300275.SZ,20250124,13.42,2.3986,2.5143,0.9,91.5784,73.6344,4.6309,9.4793,8.3867,0.1687,0.1687,30468.9108,25504.1412,24330.7492,408892.7829,342265.5749
920608.BJ,20250124,12.87,0.9062,1.2233,0.77,29.9448,29.3991,1.7459,8.2207,6.1419,1.1655,1.1655,6224.0,4089.9548,3029.9124,80102.88,52637.7183
301500.SZ,20250124,17.95,1.3211,1.3211,0.82,40.0865,37.5106,1.5804,0.8327,0.6295,0.0,,40210.0778,9668.6871,9668.6871,721770.8965,173552.9334
300598.SZ,20250124,46.92,3.115,4.2422,1.46,54.1414,39.3375,6.4544,5.4225,5.2905,0.1966,0.1966,21698.1741,21692.0975,15928.1906,1018078.3288,1017793.2147
600577.SH,20250124,7.58,7.9799,10.8255,0.97,38.1867,30.6336,2.9606,0.9095,0.7811,2.1781,2.1781,214839.2892,214839.2892,158366.3773,1628481.8121,1628481.8121
688798.SH,20250124,74.88,2.9653,3.8915,0.86,341.5535,51.7043,4.5131,6.8838,5.5947,0.0665,0.0665,23266.9339,13528.3943,10308.5336,1742228.0104,1013006.1652
920260.BJ,20250124,10.32,1.1238,1.2011,0.61,24.6586,23.8002,2.5688,3.7906,4.0027,2.907,2.907,10355.0,4256.6291,3982.6291,106863.6,43928.4123
601003.SH,20250124,2.7,0.3579,2.1069,1.28,,,0.8151,0.0869,0.0913,0.0,,256279.32,256279.32,43538.1917,691954.164,691954.164
601001.SH,20250124,12.97,0.7416,1.7431,0.67,6.5765,6.6034,1.2009,1.415,1.4169,6.091,6.091,167370.0,167370.0,71206.7492,2170788.9,2170788.9
300832.SZ,20250124,62.76,0.3999,0.8499,0.87,29.8199,26.6472,6.0735,12.5486,11.1167,1.5934,1.5934,78571.8785,68020.7526,32005.3751,4931171.0947,4268982.4332
600400.SH,20250124,2.24,0.9569,2.5672,0.5,171.4455,,1.8166,2.2075,2.273,0.8911,0.8911,229657.1852,229137.1852,85408.0243,514432.0948,513267.2948
688213.SH,20250124,80.38,2.3511,2.812,1.07,2272.1757,91.5202,7.9187,11.3042,6.1035,0.2041,0.2041,40184.1572,32304.4273,27009.844,3230002.5557,2596629.8664
301393.SZ,20250124,39.53,1.2067,1.2067,0.93,43.1351,36.6745,1.9157,10.9807,10.3293,0.9414,0.9414,10800.0,4035.9,4035.9,426924.0,159539.127
601528.SH,20250124,5.48,1.3238,1.3776,1.62,6.2258,5.6284,0.6014,2.827,2.5429,3.2847,3.2847,196216.1395,170544.2207,163880.7248,1075264.4445,934582.3294
601588.SH,20250124,1.7,0.7084,1.3836,0.68,84.096,,0.4939,0.3634,0.5728,1.1765,1.1765,336702.0,266000.0,136200.8269,572393.4,452200.0
301201.SZ,20250124,18.57,1.3403,1.6743,0.83,31.5786,40.9329,1.288,6.9346,7.2221,1.0552,1.0552,15471.3824,8719.3824,6980.1984,287303.5712,161918.9312
603967.SH,20250124,9.9,0.5583,1.6439,0.87,14.2904,13.4617,1.4922,0.4639,0.3075,5.0505,5.0505,34666.671,34666.671,11774.591,343200.0429,343200.0429
000159.SZ,20250124,5.3,1.6282,2.1097,0.78,31.5281,,1.2686,0.5643,0.9655,0.0,,48068.5993,48068.5993,37097.7105,254763.5763,254763.5763
688030.SH,20250124,15.08,1.7147,3.2387,1.98,,,2.8091,3.0164,3.0001,,,18023.2169,18023.2169,9542.4248,271790.1109,271790.1109
002418.SZ,20250124,2.96,11.851,16.3758,0.54,154.5036,,2.2227,1.4643,1.4119,0.0,,113640.0,113640.0,82240.0,336374.4,336374.4
603660.SH,20250124,6.84,3.8648,5.1112,0.81,,,4.3975,2.0209,2.5809,0.0,,53662.3553,53233.0203,40251.8575,367050.5103,364113.8589
301189.SZ,20250124,23.43,3.4148,3.4228,1.19,,,1.209,5.1339,5.4193,0.0,,11489.6465,4088.7873,4079.1675,269202.4175,95800.2864
302132.SZ,20250124,68.53,1.6448,3.5598,0.71,1868.6488,1794.6654,9.2038,109.3659,111.8573,0.0,,267678.2376,59076.0499,27295.9497,18343989.6227,4048481.6996
