ts_code,trade_date,close,turnover_rate,turnover_rate_f,volume_ratio,pe,pe_ttm,pb,ps,ps_ttm,dv_ratio,dv_ttm,total_share,float_share,free_share,total_mv,circ_mv
603990.SH,20250530,14.96,3.7919,4.9168,0.65,,,5.5665,9.8735,11.0137,0.0,,30628.2731,30628.2731,23620.5583,458198.9656,458198.9656
603666.SH,20250530,33.72,2.4954,4.7137,1.15,,,3.2133,11.899,10.3525,0.0,,20649.0816,20649.0816,10931.3716,696287.0316,696287.0316
001339.SZ,20250530,45.78,7.071,7.071,1.22,91.7742,74.3709,5.3909,2.8419,2.7478,0.2622,0.3498,25042.967,7313.0995,7313.0995,1146467.0293,334793.6951
002006.SZ,20250530,16.67,2.4368,3.4806,0.81,58.9666,65.5384,3.6508,5.0124,5.4591,0.7749,0.7749,51979.344,45516.0,31865.76,866495.6645,758751.72
603353.SH,20250530,15.21,1.3567,4.1316,1.1,90.1163,80.8019,1.5917,0.938,0.9517,0.6462,1.3036,17339.4,17041.8,5596.0,263732.274,259205.778
002958.SZ,20250530,3.46,2.6294,3.1443,1.54,6.7294,6.53,0.5379,1.7423,1.7376,2.8902,2.8902,555561.8756,493964.2897,413072.5397,1922244.0896,1709116.4424
002982.SZ,20250530,16.38,23.5322,28.3444,7.35,33.9287,21.8892,2.0822,0.7918,0.7605,0.0,1.3082,20319.3911,12987.5824,10782.5824,332831.6262,212736.5997
002300.SZ,20250530,6.21,7.1784,16.0855,0.72,49.3428,53.4809,2.3478,0.3269,0.3341,2.5765,2.5765,72233.37,72227.5059,32232.8285,448569.2277,448532.8116
600657.SH,20250530,3.99,0.3861,1.4341,0.86,,,0.4816,1.4173,1.4666,0.0,,285187.8595,285187.8595,76789.1751,1137899.5594,1137899.5594
002867.SZ,20250530,15.01,1.5448,4.1901,0.96,16.2853,17.8615,2.4893,1.1842,1.4312,6.2688,6.2688,109592.6265,108954.9176,40169.7284,1644985.3238,1635413.3132
300369.SZ,20250530,6.96,1.6734,2.2493,1.02,,,2.2558,2.3593,2.3527,0.0,,79930.8527,79822.7068,59384.7256,556318.7348,555566.0393
600858.SH,20250530,5.48,3.664,6.2987,1.63,42.1269,58.372,1.0526,0.5259,0.533,0.5474,0.9672,52006.6589,51754.8029,30105.9585,284996.4908,283616.3199
920394.BJ,20250530,41.86,7.6518,7.6518,1.64,60.902,55.3051,8.5304,15.007,14.1479,0.4778,0.4778,14625.0,4795.375,4795.375,612202.5,200734.3975
301581.SZ,20250530,49.56,6.5427,6.5427,0.89,35.4259,36.6843,4.0593,5.4715,5.1136,,1.4124,8000.0,2000.0,2000.0,396480.0,99120.0
603095.SH,20250530,23.36,1.3377,4.7213,1.94,43.8046,35.9863,1.7301,3.3329,3.1045,2.3466,1.2764,18480.0,18480.0,5235.986,431692.8,431692.8
600150.SH,20250530,30.67,0.5832,1.1762,1.27,37.9536,31.6059,2.6361,1.7455,1.7325,0.6521,0.6521,447242.8758,447242.8758,221754.6394,13716939.0008,13716939.0008
300536.SZ,20250530,8.67,2.8854,3.5632,0.55,,,4.9112,10.9775,12.1174,0.0,,29328.8133,29325.324,23747.324,254280.8113,254250.5591
605319.SH,20250530,30.89,0.8367,2.1366,0.43,20.4422,19.5534,3.0499,3.0522,2.9248,1.8718,1.8718,25006.1583,21368.1583,8368.1583,772440.2299,660062.4099
300595.SZ,20250530,15.17,0.7552,1.0234,1.27,23.7573,25.196,2.9213,7.4959,7.4398,1.4716,1.4766,89615.2386,66849.476,49330.7632,1359463.1696,1014106.5509
603255.SH,20250530,24.72,1.2949,2.0476,0.41,,,2.1074,4.262,4.1716,0.1873,0.1873,13461.1667,6067.5248,3837.1667,332760.0408,149989.2131
000561.SZ,20250530,8.89,12.4089,23.0684,0.6,,,2.8822,5.5477,5.1053,0.0906,0.0906,74976.9204,60179.0068,32371.4251,666544.8224,534991.3705
600428.SH,20250530,6.17,0.6276,1.3325,0.8,11.0611,11.023,1.0317,1.0089,0.9129,3.1445,3.1445,274392.0395,214665.0771,101098.0926,1692998.8837,1324483.5257
300546.SZ,20250530,25.0,61.6216,70.7969,3.37,160.0739,222.8128,4.2618,8.4522,8.6757,0.0,,18663.2691,13415.3235,11676.6937,466581.7275,335383.0875
600531.SH,20250530,6.95,1.6332,2.572,0.66,9.3873,8.7398,1.3296,0.1926,0.1841,2.3021,2.3021,109025.592,109025.592,69230.4051,757727.8644,757727.8644
002498.SZ,20250530,3.37,0.9025,2.6992,0.77,17.1131,18.7798,1.3407,1.2108,1.2049,1.0682,1.0682,332679.6,332679.6,111238.7984,1121130.252,1121130.252
000599.SZ,20250530,4.74,1.8501,3.1547,1.08,,,2.6001,0.8932,0.9027,0.0,,81675.8987,81674.5112,47899.2012,387143.7598,387137.1831
688560.SH,20250530,12.88,0.8898,1.4074,0.95,,,0.954,3.0013,3.6504,,,20130.1918,20130.1918,12726.4218,259276.8704,259276.8704
002863.SZ,20250530,4.81,3.1374,4.7369,1.55,43.044,43.0984,1.0366,0.5885,0.558,0.3737,0.3737,59948.3554,59948.3554,39705.9006,288351.5895,288351.5895
002743.SZ,20250530,8.25,14.8577,22.2681,1.33,69.8979,68.9897,1.1102,0.9121,0.9086,0.8121,0.8121,43526.8478,43457.0978,28995.4664,359096.4944,358521.0569
601700.SH,20250530,4.31,0.8625,1.7437,1.1,53.9288,,1.8696,1.5257,1.7561,1.1601,1.1601,114224.67,114224.67,56502.4,492308.3277,492308.3277
603378.SH,20250530,6.11,1.6057,4.2754,0.8,,,2.152,1.2759,1.4069,0.7052,0.7052,42859.6642,42859.6642,16096.4592,261872.5483,261872.5483
002919.SZ,20250530,16.19,4.562,7.7205,3.52,92.3607,294.7441,5.2447,3.1263,3.1271,0.771,0.3084,26652.6066,26399.817,15599.6342,431505.7009,427413.0372
601319.SH,20250530,8.27,0.2646,3.1455,1.12,8.5314,7.8223,1.3092,0.588,0.5717,1.8865,2.6481,4422399.0583,3549775.6583,298560.3196,36573240.2121,29356644.6941
600610.SH,20250530,13.06,12.3433,19.4953,0.72,,1389.4552,172.7103,12.7227,12.9038,0.0,,107127.4605,70872.6705,44872.6705,1399084.6341,925597.0767
688652.SH,20250530,53.75,0.9577,1.2794,1.03,59.0536,56.175,4.2793,8.7972,7.8849,0.1395,0.1395,16800.0,10221.0,7650.7524,903000.0,549378.75
688671.SH,20250530,19.54,1.046,1.5603,0.7,,,1.4058,4.6583,4.596,0.4606,0.4606,7851.89,4586.5622,3074.7475,153425.9306,89621.4254
603186.SH,20250530,25.37,3.1377,5.309,1.32,,,2.5316,0.9322,0.8918,0.0,,14201.2027,14201.2027,8393.1778,360284.5125,360284.5125
688767.SH,20250530,44.6,0.5148,1.2271,0.85,28.0643,34.3201,1.9639,8.5043,9.2978,1.7582,2.8767,10666.6667,10666.6667,4474.6667,475733.3348,475733.3348
688522.SH,20250530,67.47,2.0797,2.0797,1.2,190.6926,155.3418,6.4732,42.3126,39.2752,0.1588,,21653.352,8654.3688,8654.3688,1460951.6594,583910.2629
300660.SZ,20250530,36.48,1.8029,3.3061,1.04,55.3885,51.7741,4.8414,4.6349,4.402,1.48,1.0182,44713.6548,44677.8565,24364.225,1631154.1271,1629848.2051
301269.SZ,20250530,127.07,3.8095,5.7767,1.95,630.1824,618.6072,13.8375,56.4416,55.4944,0.118,0.118,54294.1768,26232.1446,17299.2832,6899161.046,3333318.6143
301256.SZ,20250530,10.87,4.5162,17.8102,0.83,51.9176,55.0442,2.9871,4.3247,3.8733,2.2999,0.46,48000.0,48000.0,12171.52,521760.0,521760.0
920566.BJ,20250530,12.94,16.9931,18.6993,1.66,22.1417,23.0134,2.3751,4.562,4.5492,2.694,,14654.608,11115.5628,10101.3496,189630.6275,143835.3826
301085.SZ,20250530,55.1,2.7658,4.9291,1.09,173.8399,218.0549,4.3576,3.4681,3.7036,0.5057,,8677.5675,5891.1742,3305.714,478133.9693,324603.6984
688261.SH,20250530,38.68,0.9818,1.8625,0.88,117.7954,108.3398,1.6301,4.7243,4.2583,0.3546,0.3546,12253.1446,12253.1446,6459.0426,473951.6331,473951.6331
920779.BJ,20250530,45.1,8.4069,8.4069,0.63,49.069,51.6828,7.7421,20.5934,21.0543,2.2169,2.3753,8007.472,2003.3201,2003.3201,361136.9872,90349.7365
688508.SH,20250530,50.73,1.4294,1.9348,0.83,59.8344,51.7998,2.6828,6.9059,6.2686,0.287,0.7749,13131.0346,13131.0346,9700.9346,666137.3853,666137.3853
002903.SZ,20250530,19.75,5.0356,5.8889,1.13,230.5387,651.8459,3.7995,6.5119,6.2351,1.0131,,15580.5,10408.6427,8900.4393,307714.875,205570.6933
300952.SZ,20250530,28.58,10.4246,16.2561,1.11,38.9009,37.3604,3.2432,3.5709,3.4516,0.8028,0.5197,15862.6738,9059.8937,5809.8937,453355.2172,258931.7619
000948.SZ,20250530,19.09,9.3824,14.5767,1.98,64.9863,79.3538,2.7833,0.7951,0.7923,0.6288,0.6288,39361.7825,38903.6297,25040.5557,751416.4279,742670.291
603889.SH,20250530,5.9,0.8299,1.518,1.06,10.0629,9.9431,1.3061,0.8903,0.8897,5.0859,5.0847,73049.0943,72065.8743,39401.8156,430989.6564,425188.6584
002438.SZ,20250530,11.46,3.7007,4.6457,0.73,19.7244,19.3435,1.6081,2.7138,2.7051,1.3962,1.3962,50753.7461,46888.0667,37349.9212,581637.9303,537337.2444
301155.SZ,20250530,63.16,1.3222,1.8878,0.86,207.6848,243.7254,2.5065,10.1368,8.2375,0.0,,21739.1478,12180.0012,8530.6002,1373044.575,769288.8758
300786.SZ,20250530,13.84,6.0272,6.5106,0.93,,,2.2447,5.1655,4.9819,,,18401.5879,14670.1444,13580.8874,254677.9765,203034.7985
301166.SZ,20250530,29.72,3.6299,4.248,0.88,253.7906,,1.2656,2.3044,2.4242,1.5808,0.7656,8666.6668,4126.8868,3526.368,257573.3373,122651.0757
920128.BJ,20250530,38.13,39.0333,41.2977,1.06,64.5317,65.9372,5.7924,4.8833,4.8538,,,8119.0,2070.0,1956.5,309577.47,78929.1
920970.BJ,20250530,9.18,17.9715,26.069,5.01,,,3.5236,8.3444,8.0569,,,11136.04,6904.09,4759.536,102228.8472,63379.5462
601997.SH,20250530,6.1,1.7104,2.2822,1.42,4.3192,4.4094,0.3592,1.4937,1.5581,4.7541,4.7541,365619.8076,365619.8076,274020.5751,2230280.8264,2230280.8264
600201.SH,20250530,7.25,1.7254,1.9826,1.28,74.5301,101.6867,1.5316,6.4699,6.451,1.1002,1.1002,112036.9226,112036.9226,97506.14,812267.6889,812267.6889
002399.SZ,20250530,11.77,0.4862,1.6609,1.52,26.7032,26.6394,1.4056,3.2704,3.2575,0.0,,146729.6204,124720.1704,36513.0525,1727007.6321,1467956.4056
000630.SZ,20250530,3.17,0.7846,1.2362,0.8,14.4405,14.2769,1.1702,0.2787,0.274,2.4986,2.4986,1279413.2824,1052767.6589,668193.0125,4055740.1052,3337273.4787
002899.SZ,20250530,20.18,3.6958,5.0985,0.75,27.333,27.257,1.7381,2.4571,2.3557,0.3488,,14779.6976,14779.6976,10713.4976,298254.2976,298254.2976
002780.SZ,20250530,12.65,4.4102,4.7043,0.75,,,2.9318,2.491,2.4167,0.0,,15758.7486,13065.2734,12248.3672,199348.1698,165275.7085
000999.SZ,20250530,42.95,0.6042,1.6465,1.1,16.3784,16.8474,2.6046,1.9974,2.0297,5.0155,5.0155,128429.8685,127850.3034,46916.2512,5516062.8521,5491170.531
688160.SH,20250530,83.23,1.2497,3.9118,0.84,142.9964,142.8939,9.1684,12.7703,12.3213,0.3604,0.3604,8400.0,8400.0,2683.6554,699132.0,699132.0
600713.SH,20250530,5.17,0.8682,1.9499,1.36,11.8628,11.4946,0.9657,0.1261,0.1254,3.0948,3.0948,130932.604,130291.0624,58014.5907,676921.5627,673604.7926
002213.SZ,20250530,13.89,4.3664,5.4201,1.12,,,5.8764,3.1483,3.0997,0.0,0.1512,23732.138,20621.4644,16612.4165,329639.3968,286432.1405
603071.SH,20250530,12.78,0.2422,0.8367,0.92,9.6541,10.9072,1.2573,0.1595,0.1613,5.4773,,55795.4442,55795.4442,16150.0481,713065.7769,713065.7769
000531.SZ,20250530,6.3,1.8227,3.8257,1.29,39.3736,28.196,0.977,1.5262,1.5574,1.5873,1.5873,104140.1332,90974.5488,43344.2359,656082.8392,573139.6574
301571.SZ,20250530,47.09,12.2765,12.2765,0.58,48.9314,48.2466,4.5797,8.7953,8.6681,,,17942.5908,3588.5182,3588.5182,844916.6008,168983.322
600468.SH,20250530,7.01,19.6712,46.7496,1.06,,,3.8944,3.8862,3.9077,0.4708,0.4708,108773.5321,108773.5321,45769.6009,762502.46,762502.46
300217.SZ,20250530,5.02,2.7838,3.4957,1.14,23.3496,26.7959,1.7816,1.9992,2.1081,1.3546,1.3546,147797.694,122695.1512,97710.0338,741944.4239,615929.659
600864.SH,20250530,5.69,0.6637,1.2382,0.92,34.5644,37.0159,0.9218,6.8226,6.9847,0.0,,208057.052,208057.052,111515.5528,1183844.6259,1183844.6259
688056.SH,20250530,31.81,0.7328,1.8542,0.83,54.8089,53.1895,2.5843,5.0604,5.1383,2.8546,2.8546,6745.246,6745.246,2665.746,214566.2753,214566.2753
600626.SH,20250530,3.45,1.1197,2.1118,1.02,79.1469,292.1866,1.4391,0.3854,0.4009,0.0,,132074.4667,110797.871,58746.4337,455656.9101,382252.655
002930.SZ,20250530,10.54,1.0584,2.2426,0.65,30.4554,40.44,1.9396,3.3251,3.461,3.3264,3.3264,45748.9586,43301.8231,20436.1536,482194.0236,456401.2155
688052.SH,20250530,182.8,1.933,2.9516,1.45,,,4.4045,13.2911,11.2552,,,14252.8433,14252.8433,9334.0553,2605419.7552,2605419.7552
000407.SZ,20250530,3.33,1.0971,1.5792,1.09,24.997,23.4952,0.981,0.6935,0.7049,1.6517,1.6517,88008.4656,87576.1747,60840.8573,293068.1904,291628.6618
000668.SZ,20250530,7.94,4.1498,7.0226,1.07,,,1.6212,8.7361,5.6924,0.0,,14684.189,14684.189,8677.2104,116592.4607,116592.4607
603551.SH,20250530,10.36,0.3411,1.1409,0.74,13.5974,13.657,2.7821,2.1668,2.2087,10.4935,10.4935,39026.8,38987.865,11654.9088,404317.648,403914.2814
603617.SH,20250530,6.88,2.8344,4.9623,1.7,33.8138,31.95,1.769,2.418,2.2839,0.5801,0.5801,39047.1337,38364.1337,21913.2122,268644.2799,263945.2399
603601.SH,20250530,3.68,1.5626,2.721,0.83,41.4277,40.8895,1.7745,2.5477,2.5749,2.4456,2.4456,102165.1586,102165.1586,58669.4346,375967.7836,375967.7836
600724.SH,20250530,4.61,0.5035,2.1861,0.74,31.7539,33.2939,2.2633,3.918,4.4919,3.2538,3.2538,144524.1071,144494.2664,33279.4209,666256.1337,666118.5681
300993.SZ,20250530,11.49,3.8528,8.7586,1.13,19.0747,19.7599,2.4032,4.6015,4.6483,2.3892,2.3892,30813.12,24126.57,10612.9525,354042.7488,277214.2893
600232.SH,20250530,5.66,1.2206,2.4535,1.02,92.343,216.0606,2.1426,1.5781,1.558,4.417,1.7668,36471.8544,36471.8544,18144.5093,206430.6959,206430.6959
603083.SH,20250530,36.48,4.7032,5.446,0.68,58.6639,56.7969,4.1679,2.6774,2.6456,0.4468,0.4468,26804.1841,26801.9841,23146.3388,977816.636,977736.38
002749.SZ,20250530,14.72,0.4834,1.0147,0.45,18.7035,18.1669,3.6278,3.4563,3.4233,5.5604,6.1414,46635.855,42280.8197,20142.4595,686479.7856,622373.666
001330.SZ,20250530,4.56,1.4466,1.7752,0.79,,,1.4488,4.2887,4.0517,0.0,,137451.8984,105517.8085,85990.8469,626780.6567,481161.2068
603035.SH,20250530,13.52,1.2309,1.7859,0.65,12.0763,12.5708,0.9837,0.9066,0.8642,3.1893,3.1893,38003.0933,38003.0933,26193.4051,513801.8214,513801.8214
600649.SH,20250530,4.22,0.4915,1.0326,0.8,43.9812,39.3213,0.5102,1.1317,0.9404,1.4077,1.4077,252957.5634,252957.5634,120390.4091,1067480.9175,1067480.9175
002571.SZ,20250530,5.95,5.0255,7.2675,1.19,,,2.2394,1.2549,1.251,0.0,,39195.07,29830.6188,20627.99,233210.6665,177492.1819
600184.SH,20250530,14.08,1.8322,4.3023,1.11,,,3.044,5.5229,5.2177,0.4048,0.4048,50876.0826,50876.0826,21666.166,716335.243,716335.243
300212.SZ,20250530,21.58,1.1513,1.7751,0.86,,,25.5239,33.4238,32.71,0.0,,71989.2422,69852.6621,45305.7407,1553527.8467,1507420.4481
000078.SZ,20250530,2.61,5.1878,9.6634,2.27,,,3.7754,0.2265,0.232,0.0,,263112.3257,262644.1138,140999.601,686723.1701,685501.137
603970.SH,20250530,14.22,2.4272,6.0229,0.55,18.7943,19.0661,2.4282,0.3607,0.3562,3.1646,3.1646,26880.0134,26880.0134,10832.6534,382233.7905,382233.7905
300882.SZ,20250530,14.75,0.5884,1.8765,1.01,35.4993,37.7075,3.5681,4.5034,4.4616,2.9056,0.339,28620.1188,26632.7028,8350.9041,422146.7523,392832.3663
300128.SZ,20250530,5.29,3.2454,4.4786,1.0,,,9.3313,3.8233,3.6921,0.0,,129911.5412,129771.7037,94037.7122,687232.0529,686492.3126
300491.SZ,20250530,17.98,5.6458,7.3388,0.77,131.2323,323.0272,2.7533,2.5984,2.5379,0.6647,0.6647,17473.8099,15505.2705,11928.3057,314179.102,278784.7636
002677.SZ,20250530,7.16,0.9663,2.2117,0.89,41.8815,112.5965,3.1565,5.272,6.5821,10.4749,4.1899,64605.1647,52932.4342,23126.2835,462572.9793,378996.2289
688702.SH,20250530,59.45,0.4578,1.092,0.83,,,10.4683,22.5309,23.2017,,,41000.0,20149.1783,8447.1999,2437450.0,1197868.6499
603717.SH,20250530,6.93,3.7785,5.5215,1.58,,,3.7759,2.5087,2.4653,0.0,,29014.624,29014.624,19855.5611,201071.3443,201071.3443
001202.SZ,20250530,16.05,2.343,4.7918,1.25,25.3428,27.6968,2.7196,1.9877,1.8998,1.8329,1.8329,12880.0,9044.065,4422.2,206724.0,145157.2433
603351.SH,20250530,27.85,1.3992,3.294,0.79,25.761,25.4167,2.169,2.9088,2.8648,1.0772,1.0772,13543.9132,13543.9132,5753.2703,377197.9826,377197.9826
000989.SZ,20250530,8.5,3.41,4.8499,0.8,33.6514,38.6689,2.0121,3.0681,3.4686,4.6541,3.4896,85594.2012,69415.3353,48807.3173,727550.7102,590030.3501
601179.SH,20250530,6.23,1.0729,2.8138,0.92,30.2938,27.8713,1.4286,1.4401,1.4045,1.6212,2.0385,512588.2352,512588.2352,195437.9429,3193424.7053,3193424.7053
300453.SZ,20250530,8.19,4.3728,5.0079,1.26,18.8142,18.8054,3.3461,2.8515,2.7966,3.0067,3.6553,52239.7525,35652.0547,31130.1737,427843.573,291990.328
300991.SZ,20250530,22.78,3.708,5.0407,1.1,166.6782,137.479,5.0677,4.7586,4.5775,0.1317,,14400.0,8989.2,6612.6,328032.0,204773.976
301008.SZ,20250530,23.22,5.7248,13.5638,1.31,53.3022,57.9487,2.2432,2.7234,2.5946,1.6963,0.4032,12043.6589,10531.6589,4445.0189,279653.7597,244545.1197
002194.SZ,20250530,15.36,26.6249,34.8954,1.3,197.1043,179.9867,4.2097,7.0799,6.7719,0.7813,0.4557,68328.5806,51089.4975,38980.8572,1049526.998,784734.6816
002322.SZ,20250530,12.05,1.1238,1.6125,1.63,16.4647,16.9822,1.6269,4.244,4.2712,9.8559,6.0402,37914.797,36501.9679,25440.2293,456873.3039,439848.7132
300056.SZ,20250530,12.89,2.3222,2.7476,1.03,,,27.1502,10.6629,11.3952,0.0,,38549.0443,38519.4493,32556.024,496897.181,496515.7015
300567.SZ,20250530,57.12,1.1666,1.2774,0.83,,,4.4949,6.2294,5.6334,0.3423,,27974.3369,20218.364,18465.564,1597894.1237,1154872.9517
002231.SZ,20250530,3.28,8.9944,10.0552,0.74,,,4.3227,3.9056,5.369,0.0,,34685.0017,29481.8767,26371.6067,113766.8056,96700.5556
688502.SH,20250530,238.87,7.0306,7.0306,1.4,355.0672,263.4092,10.595,25.0828,23.6126,0.2721,,5280.0,1680.0,1680.0,1261233.6,401301.6
600795.SH,20250530,4.57,0.5738,1.2955,0.95,8.291,8.2692,1.4076,0.4549,0.47,3.5011,3.5011,1783561.9082,1783561.9082,789997.4544,8150877.9205,8150877.9205
300965.SZ,20250530,41.09,3.4679,4.7647,1.3,92.193,98.126,2.0202,13.6948,13.1487,0.073,0.9248,6000.0,2060.925,1500.0,246540.0,84683.4083
300922.SZ,20250530,20.26,4.352,5.2712,0.98,76.2221,77.639,3.5634,13.7807,13.1342,0.7331,0.8797,15681.12,11508.3614,9501.4049,317699.4912,233159.402
300614.SZ,20250530,12.01,1.7234,2.8141,1.0,,,1.7413,4.2624,4.1718,0.0,,16043.5436,16043.5436,9825.267,192682.9586,192682.9586
001696.SZ,20250530,22.38,6.1967,8.1659,2.09,55.5447,45.1568,4.9166,2.4679,2.2648,1.1171,1.1171,114502.692,89133.9725,67639.8225,2562570.247,1994818.3046
000712.SZ,20250530,12.11,1.817,3.3466,0.82,,,4.7943,16.3744,16.2258,0.0,,89600.0,89573.4125,48632.3621,1085056.0,1084734.0254
000679.SZ,20250530,6.24,1.2185,1.6937,0.65,,,9.208,5.9744,5.2041,0.0,,35640.0,35640.0,25640.0,222393.6,222393.6
603290.SH,20250530,80.2,0.5526,1.2008,0.97,37.8315,42.7963,2.8299,5.6644,5.4794,1.4223,,23947.3466,23947.3466,11020.6475,1920577.1973,1920577.1973
603207.SH,20250530,30.8,25.6614,25.6614,2.8,24.0913,23.2268,3.8212,10.4202,10.3296,,,16055.9967,4000.0,4000.0,494524.6984,123200.0
603039.SH,20250530,59.09,0.3973,0.8237,0.62,75.8779,76.587,7.0325,6.52,6.5612,0.3771,0.3771,26060.3073,26060.3073,12569.0389,1539903.5584,1539903.5584
601929.SH,20250530,1.82,3.0606,4.4614,1.3,,,1.2088,3.2049,2.9772,0.0,,348978.8168,348978.8168,239409.0804,635141.4466,635141.4466
002101.SZ,20250530,12.44,1.6147,3.2861,0.91,19.9061,20.9811,1.0535,1.0263,0.9842,2.5734,2.5734,66437.6239,66219.7199,32538.3311,826484.0413,823773.3156
688633.SH,20250530,28.4,0.8737,2.6104,0.82,27.8228,30.184,2.5883,6.5097,6.4094,1.1358,1.1358,14500.887,14376.329,4811.529,411825.1908,408287.7436
300269.SZ,20250530,3.93,2.4425,2.9048,1.11,340.3675,521.0275,24.9705,3.2428,3.439,0.0,,54911.3825,52567.5103,44202.5723,215801.7332,206590.3155
301588.SZ,20250530,17.74,1.1674,1.8532,0.72,36.0282,37.1212,2.2415,2.5315,2.5366,1.071,1.071,11886.7754,7335.9183,4621.387,210871.3956,130139.1906
601828.SH,20250530,2.87,0.339,1.1803,0.99,,,0.2722,1.598,1.7062,0.0,,435473.2673,361344.7039,103781.4639,1249808.2772,1037059.3002
001228.SZ,20250530,23.11,1.8646,3.5779,0.83,27.3458,26.4706,1.4273,0.6156,0.5599,4.0881,1.5266,10386.4609,10386.4609,5412.9551,240031.1114,240031.1114
600507.SH,20250530,4.26,0.5513,0.9997,1.03,39.759,24.345,1.0318,0.4571,0.4754,2.3656,,231318.789,231318.789,127570.5777,985418.0411,985418.0411
601187.SH,20250530,6.48,1.7947,1.9518,0.83,6.5911,6.8745,0.6645,2.9695,3.1179,7.0988,7.0988,263912.7888,128404.6023,118069.1613,1710154.8714,832061.8229
301172.SZ,20250530,27.15,2.004,2.6512,0.96,72.5492,86.269,2.2927,8.8271,9.6778,1.105,1.105,12320.0,7054.72,5332.72,334488.0,191535.648
600469.SH,20250530,5.54,0.733,1.7885,1.19,14.3842,17.2165,1.2196,0.6024,0.5884,5.2347,2.8881,72945.0871,72945.0871,29896.8215,404115.7825,404115.7825
603708.SH,20250530,10.72,0.5315,1.7953,0.7,51.8603,54.023,2.8275,0.3748,0.38,2.7646,2.7646,63833.8675,63833.8675,18898.2586,684299.0596,684299.0596
600552.SH,20250530,10.97,1.4402,2.0364,0.91,73.9331,68.98,2.471,2.1174,2.1168,0.4558,0.4558,94460.6894,94460.6894,66803.3558,1036233.7627,1036233.7627
601985.SH,20250530,9.58,0.4634,1.1404,0.94,22.4489,22.2509,1.7492,2.55,2.4768,2.0604,2.0604,2056800.2074,1888328.4867,767402.1658,19704145.9869,18090186.9026
600642.SH,20250530,8.98,0.2897,0.8386,0.9,11.1423,11.5784,1.2005,1.4838,1.5215,4.4546,4.4546,489409.4676,487904.0506,168529.587,4394897.019,4381378.3744
600295.SH,20250530,9.31,0.4895,2.1215,1.34,14.108,13.2985,1.2147,0.9174,0.9543,8.5929,8.5929,279877.6254,197557.6254,45577.9458,2605660.6925,1839261.4925
600444.SH,20250530,16.36,5.3532,9.6747,0.69,59.6491,56.7534,3.3227,3.1268,3.1056,0.6112,0.6112,14642.1932,14642.1932,8101.736,239546.2808,239546.2808
605100.SH,20250530,18.81,2.9858,6.6037,1.26,43.7435,58.3247,1.7698,3.5127,3.8716,3.1749,2.1265,17113.2,16993.2,7683.2,321899.292,319642.092
301399.SZ,20250530,16.39,2.6498,2.965,1.36,51.0238,54.0398,2.3391,5.7748,5.7424,1.451,1.2623,18502.0,5468.3586,4887.0768,303247.78,89626.3975
600606.SH,20250530,1.67,0.2777,1.001,0.83,,,0.369,0.0975,0.1045,0.0,,1405421.8314,1405421.8314,389885.2311,2347054.4584,2347054.4584
300320.SZ,20250530,10.09,2.1569,2.6073,0.96,37.5088,34.8694,2.565,1.8348,1.74,0.4262,0.3766,60123.4191,48578.775,40187.1683,606645.2987,490159.8398
003036.SZ,20250530,13.07,2.3269,7.4298,0.71,31.8143,32.3781,2.0411,1.7029,1.7787,3.2129,,21604.1017,21604.1017,6766.1017,282365.6092,282365.6092
301233.SZ,20250530,50.6,9.0328,9.1359,1.23,29.9343,28.0721,2.822,6.4394,6.1622,0.8612,1.0053,5147.0,1866.855,1845.805,260438.2,94462.863
300313.SZ,20250530,6.28,6.011,12.472,0.92,,,,14.284,13.5826,0.0,,31297.7396,19735.2789,9511.5479,196549.8047,123937.5515
605118.SH,20250530,20.53,1.4723,12.9524,1.57,48.0885,42.6045,5.8782,13.5885,13.1645,1.6417,1.9446,41068.4,40711.6,4627.57,843134.252,835809.148
300890.SZ,20250530,27.22,6.7129,7.0141,0.8,65.3835,113.3317,1.601,2.3338,2.3799,1.0803,,11903.2116,10859.3231,10392.9752,324005.4198,295590.7748
301309.SZ,20250530,25.4,4.047,4.047,0.72,16.9166,17.7707,1.5948,2.5495,2.5989,1.1811,1.1811,10000.0,2500.0,2500.0,254000.0,63500.0
002436.SZ,20250530,11.5,2.3253,2.424,1.12,,,3.9313,3.3401,3.2338,0.4342,0.2605,168960.0801,150042.4494,143933.0356,1943040.9212,1725488.1681
301290.SZ,20250530,26.61,15.7912,17.0644,1.59,27.3607,29.7508,1.2119,6.1213,6.3191,2.227,2.2212,10017.3334,6816.3775,6307.7975,266561.2418,181383.8053
002173.SZ,20250530,11.62,30.2183,37.763,3.5,,,2.9097,6.2838,6.3461,0.0,,44128.4352,41630.4443,33313.1121,512772.417,483745.7628
300936.SZ,20250530,35.4,2.0175,3.4496,1.16,84.1413,111.822,2.6433,9.667,10.2684,1.9774,0.2825,7520.0,4746.0275,2775.6775,266208.0,168009.3735
002268.SZ,20250530,16.08,1.5734,2.477,1.38,85.9844,62.6688,2.4674,5.5115,5.4669,0.3732,0.3732,84567.7003,84542.9908,53702.8893,1359848.6208,1359451.2921
688507.SH,20250530,73.01,3.5198,3.9278,0.95,156.96,138.1686,2.2915,17.1742,16.866,0.4418,0.4418,8910.8784,4923.573,4412.1441,650583.232,359470.0647
001316.SZ,20250530,41.58,9.5456,10.9559,0.95,38.7315,33.5181,2.7993,3.7704,3.6042,1.5466,1.5466,8246.0,2720.725,2370.505,342868.68,113127.7455
603838.SH,20250530,5.73,0.9777,2.6542,1.06,,,1.9039,6.4291,5.8279,0.0,,32001.6,32001.6,11788.1468,183369.168,183369.168
002519.SZ,20250530,5.01,4.8879,7.4016,0.48,,,2.431,10.6716,16.9857,1.996,,112643.0898,111788.5526,73822.7936,564341.8799,560060.6485
603529.SH,20250530,36.25,0.8344,2.8138,0.96,15.7134,14.8091,3.3929,1.4457,1.365,2.3873,2.3873,86171.6052,84276.6852,24990.1152,3123720.6885,3055029.8385
000900.SZ,20250530,4.07,0.7229,1.3526,1.09,18.1258,18.8728,0.5659,0.8099,0.767,3.6855,3.6855,151782.8334,151776.0834,81118.1949,617756.1319,617728.6594
600958.SH,20250530,9.33,0.2396,0.3741,0.93,23.6623,20.3285,1.0209,4.131,3.7819,2.4003,2.4003,849664.5292,746948.2864,478386.8038,7927370.0574,6969027.5121
601156.SH,20250530,13.13,1.5888,2.5613,1.16,7.756,7.8839,1.1544,0.8665,0.8572,2.9627,2.9627,158755.5556,94459.5556,58595.3722,2084460.445,1240253.965
600770.SH,20250530,5.46,7.879,14.1054,0.6,234.9087,107.4813,2.1588,20.4023,18.3764,0.0,,130000.0,130000.0,72615.9262,709800.0,709800.0
600097.SH,20250530,10.04,1.2309,2.5696,0.77,39.532,36.3622,1.0755,1.0447,1.0322,1.8924,0.7968,24093.6559,24093.6559,11542.017,241900.3052,241900.3052
688089.SH,20250530,26.03,1.9941,3.7477,0.78,35.2708,30.2361,2.7438,7.8854,7.3689,0.7683,0.7683,16830.912,16830.912,8955.3195,438108.6394,438108.6394
603813.SH,20250530,13.79,0.5297,1.2941,0.54,,,2.5318,4.8589,4.8111,1.7994,,10501.5,8994.2,3681.2,144815.685,124030.018
300174.SZ,20250530,14.5,0.7049,0.9879,0.72,18.5658,20.8194,1.5747,2.8046,2.8553,0.6897,1.3719,36421.036,36294.44,25898.5664,528105.022,526269.38
688007.SH,20250530,13.75,0.7806,1.0088,0.77,225.9232,,2.3219,2.6111,2.5936,0.508,0.508,45929.1145,45929.1145,35538.8966,631525.3244,631525.3244
002416.SZ,20250530,11.18,2.4216,4.7443,1.18,23.8271,25.6726,2.4639,0.2108,0.2439,3.5778,4.4723,123928.1806,122390.4304,62472.1393,1385517.0591,1368325.0119
000953.SZ,20250530,8.24,31.0073,46.9831,1.2,38.0662,36.8922,20.5492,14.2628,15.842,0.0,,36612.2195,36612.2195,24162.8606,301684.6887,301684.6887
301428.SZ,20250530,36.53,10.3352,12.6143,1.64,58.2194,63.1552,2.8839,2.9806,3.0296,1.091,1.091,9866.6667,6119.6667,5013.9899,360429.3346,223551.4246
600810.SH,20250530,9.42,2.3401,6.342,0.94,285.1884,,1.3934,0.6846,0.6905,1.4777,1.4777,101510.5762,100527.9762,37093.4275,956229.6278,946973.5358
300073.SZ,20250530,37.94,1.1283,1.4694,0.61,40.7278,40.7073,1.4589,2.5308,2.4068,1.9821,0.5271,50650.0774,50597.1312,38853.4051,1921663.9366,1919655.1577
603477.SH,20250530,21.85,9.8925,19.0595,4.3,21.4928,14.1751,3.5136,1.8336,1.645,0.0,,51007.0294,51007.0294,26474.3954,1114503.5924,1114503.5924
301119.SZ,20250530,44.38,4.7229,14.5509,1.77,50.7584,42.0144,4.3432,10.931,10.785,0.4507,0.4507,10400.0,8411.0,2730.0,461552.0,373280.18
000858.SZ,20250530,126.44,0.3783,0.8392,0.8,15.4079,15.0234,3.3129,5.5037,5.3766,3.6935,5.7308,388160.8005,388145.9458,174968.1427,49079051.6152,49077173.387
603162.SH,20250530,8.21,2.9622,2.9622,0.96,13.7029,14.283,1.819,2.0562,2.0516,1.2246,1.2184,91634.7988,27307.5496,27307.5496,752321.6981,224194.9822
300322.SZ,20250530,15.05,10.5101,12.8978,2.05,,,7.1346,3.7741,3.488,0.0,,46574.6427,44613.9037,36354.849,700948.3726,671439.2507
300371.SZ,20250530,10.93,1.5701,2.2921,0.9,38.0999,36.2702,1.9753,5.7018,5.3714,1.4493,1.4493,20121.7296,13441.0381,9207.2305,219930.5045,146910.5464
603180.SH,20250530,18.72,0.5749,1.8145,0.98,14.4901,14.601,1.0294,0.8311,0.8441,4.4241,4.4241,15425.7088,15425.7088,4887.4178,288769.2687,288769.2687
603001.SH,20250530,6.24,1.23,2.9134,0.87,,,0.9834,0.9856,1.0561,1.9231,4.3269,40098.0,40098.0,16929.2283,250211.52,250211.52
603161.SH,20250530,12.05,2.0507,3.7389,1.15,22.2944,26.7982,1.5769,0.9875,1.0283,1.647,1.647,19440.7705,19074.875,10462.2001,234261.2845,229852.2438
688323.SH,20250530,12.97,0.8343,1.5366,1.05,,,2.9132,6.8856,6.4207,,,18000.0224,18000.0224,9773.4106,233460.2905,233460.2905
301602.SZ,20250530,25.66,10.1664,10.1664,0.79,75.4989,69.4417,8.4965,29.2457,27.6324,,,42832.9638,5477.645,5477.645,1099093.8511,140556.3707
002742.SZ,20250530,4.44,3.5206,4.8259,2.57,,,,1.6041,1.7719,0.0,,43200.0,43185.8082,31504.8239,191808.0,191744.9884
920599.BJ,20250530,23.6,2.5915,4.0415,0.77,13.6148,12.5233,3.7072,1.7572,1.6653,2.0955,2.9338,45752.5,34574.9346,22170.015,1079759.0,815968.4566
688365.SH,20250530,11.99,2.2125,5.6,1.04,,,5.4066,10.6859,10.617,,,42582.4684,42582.4684,16824.3034,510563.7961,510563.7961
603173.SH,20250530,33.35,3.8981,3.8981,0.92,20.4317,17.144,3.062,2.206,2.0048,1.1094,,16000.0,4954.0,4954.0,533600.0,165215.9
000570.SZ,20250530,5.62,1.9323,3.2735,1.05,214.4951,132.9631,1.171,1.6416,1.601,0.8363,0.1779,70569.2507,55569.2507,32802.909,396599.1889,312299.1889
003021.SZ,20250530,103.06,2.9507,7.8393,1.23,109.9778,110.302,7.6766,16.2373,15.6703,0.3799,0.2765,24020.35,20619.718,7761.2385,2475537.271,2125068.1371
688206.SH,20250530,28.95,18.0988,23.3731,5.02,,,6.354,30.062,29.388,,,43517.7853,17843.3106,13816.8464,1259839.8844,516563.8419
600259.SH,20250530,43.0,2.6967,4.3816,0.66,,274.4007,4.2437,1.1485,1.1714,0.0,,33643.591,33643.591,20706.3393,1446674.413,1446674.413
300647.SZ,20250530,5.67,6.5693,7.9761,3.26,,,4.5057,3.7167,3.4737,0.0,,45732.1024,45664.2143,37610.1961,259301.0206,258916.0951
300276.SZ,20250530,11.21,3.6,4.5065,0.95,537.5969,641.8793,8.0497,8.1055,8.7146,0.0,,140104.299,102076.9922,81545.246,1570569.1918,1144283.0826
300122.SZ,20250530,19.14,1.5202,1.9689,1.3,22.6988,179.2577,1.5009,1.7575,2.6875,5.2247,5.2247,239378.9747,141430.6248,109201.2873,4581713.5758,2706982.1587
301387.SZ,20250530,36.24,3.5816,4.834,0.85,189.1043,144.2209,2.3478,3.1645,2.8869,0.983,,10676.3948,4269.3396,3163.2842,386912.5476,154720.8671
002419.SZ,20250530,5.5,4.7891,10.5418,3.04,83.7967,81.8502,1.5383,0.5454,0.5488,2.9091,1.0909,116884.775,116871.2413,53094.196,642866.2625,642791.8272
300031.SZ,20250530,24.39,6.8681,7.2982,1.44,48.6493,57.1791,2.6121,3.0929,3.1705,0.2424,0.2424,41873.5961,35189.1158,33115.342,1021297.0089,858262.5344
600893.SH,20250530,35.46,1.6221,3.3064,3.25,109.8721,132.5791,2.3688,1.9742,1.9786,0.4512,0.4512,266559.4238,266512.4758,130745.0597,9452197.1679,9450532.3919
688029.SH,20250530,67.32,0.7222,1.2683,0.87,22.8584,22.1586,3.1659,4.5894,4.4614,2.2206,2.2206,18784.7422,18784.7422,10696.659,1264588.8449,1264588.8449
301116.SZ,20250530,11.15,1.6054,6.2827,1.14,49.9765,,2.994,0.2402,0.2455,0.7063,1.3341,44897.9593,44897.7343,11472.797,500612.2462,500609.7374
300885.SZ,20250530,12.59,2.8813,5.431,1.19,43.8638,42.3716,3.5336,10.5042,10.4342,0.6422,0.6422,24815.18,16701.7775,8860.8775,312423.1162,210275.3787
688199.SH,20250530,19.0,2.5821,3.5456,1.08,,,1.2021,2.0581,2.0588,,,16122.7251,16122.7251,11741.4074,306331.7769,306331.7769
001205.SZ,20250530,16.28,1.7472,2.0227,1.25,22.3162,23.9541,1.4788,2.041,2.0484,0.6628,0.6628,18800.3136,15941.8805,13770.3987,306069.1054,259533.8145
300486.SZ,20250530,7.53,7.819,11.2037,0.96,,,2.8751,3.802,3.589,0.0,,40765.4221,39608.1031,27642.1091,306963.6284,298249.0163
688389.SH,20250530,12.96,0.6385,1.0044,0.93,16.0779,19.027,2.797,4.8371,5.2525,2.1663,2.1759,42848.573,42848.573,27239.6931,555317.5061,555317.5061
600977.SH,20250530,10.3,0.2876,0.8811,0.89,136.9111,,1.769,4.2036,4.2333,0.6893,1.0291,186700.0,186700.0,60931.75,1923010.0,1923010.0
601218.SH,20250530,3.58,2.7103,3.7744,1.33,113.9214,57.6981,1.2026,2.8523,2.6327,3.0761,0.2796,96903.3512,96903.3512,69583.4124,346913.9973,346913.9973
300926.SZ,20250530,24.1,1.2123,2.9331,0.51,17.064,15.815,3.7501,2.4751,2.3103,0.3998,0.6013,43411.6888,28309.9406,11700.8299,1046221.7001,682269.5685
300046.SZ,20250530,31.46,9.2151,12.5071,1.44,294.1969,120.7417,6.6278,21.012,21.2874,0.0,0.2066,23653.1371,23653.1371,17427.3371,744127.6932,744127.6932
600053.SH,20250530,14.88,4.9081,18.5409,1.83,,,2.4868,19.1067,19.8347,0.0,,43354.08,43354.08,11476.495,645108.7104,645108.7104
300224.SZ,20250530,12.15,1.1727,2.1154,1.13,110.2253,121.4498,2.8302,1.8375,1.7473,1.6093,1.6355,83771.4453,83254.8331,46151.0883,1017823.0604,1011546.2222
002514.SZ,20250530,5.65,4.2206,5.318,0.96,,,26.426,12.1101,15.9647,0.0,,72003.4264,55403.4264,43971.375,406819.3592,313029.3592
600880.SH,20250530,4.72,9.889,15.3559,3.22,274.2584,350.7572,1.6942,9.5236,8.3085,0.2119,0.2119,109333.2092,109303.0175,70389.7562,516052.7474,515910.2426
300140.SZ,20250530,6.13,0.7231,1.1966,1.13,31.3775,27.5393,1.3743,3.2094,3.2106,0.9788,0.9788,309906.7016,102012.125,61646.5386,1899728.0808,625334.3263
301503.SZ,20250530,36.6,2.7288,4.2611,1.34,25.3617,23.7886,2.6779,2.2109,2.0918,1.5301,1.5301,8000.0,3248.0,2080.0,292800.0,118876.8
300100.SZ,20250530,42.24,6.5403,12.3264,1.13,47.6766,40.9361,8.6556,4.8256,4.616,0.1676,0.336,56098.1543,54138.0685,28725.3718,2369586.0376,2286792.0134
688196.SH,20250530,41.99,1.5599,6.2394,1.22,33.8132,27.7922,1.7651,1.4141,1.4804,0.643,0.643,12000.0,12000.0,3000.0,503880.0,503880.0
300483.SZ,20250530,9.29,1.1242,1.7121,0.97,,,1.3422,1.6138,1.2695,0.0,,26855.5379,26855.5379,17633.3696,249487.9471,249487.9471
600367.SH,20250530,12.75,2.2325,3.314,1.06,48.8253,38.8153,1.803,1.9796,1.944,0.1569,0.1569,34113.0902,32197.3182,21690.5846,434941.9001,410515.8071
301487.SZ,20250530,17.82,7.9415,10.964,1.85,,,4.4086,4.5656,4.357,0.1403,0.1403,45961.6438,27279.4004,19759.2175,819036.4925,486118.9151
600251.SH,20250530,7.47,0.6031,1.0877,0.69,28.3687,39.2332,1.5375,1.5026,1.6246,6.158,6.158,77699.3583,77699.3583,43085.8715,580414.2065,580414.2065
002943.SZ,20250530,25.06,3.1221,3.8851,1.05,,,6.2397,4.9508,6.3868,1.221,,20496.992,13198.0581,10606.0833,513654.6195,330743.336
688343.SH,20250530,47.51,2.2311,2.576,1.1,,,4.3513,18.3921,15.5794,,,35513.372,26013.728,22530.0055,1687240.3037,1235912.2173
688314.SH,20250530,30.84,2.1696,6.0578,1.23,28.3421,27.082,3.8863,7.7821,7.4896,1.6213,1.1673,8123.9172,8123.9172,2909.5899,250541.6064,250541.6064
002991.SZ,20250530,64.0,2.5469,3.5891,1.05,15.8585,17.6683,3.3751,2.6429,2.7426,5.0244,5.0244,9321.5831,4968.5531,3525.8156,596581.3184,317987.3984
300428.SZ,20250530,16.97,0.7312,1.9407,0.78,15.3472,18.2466,1.4724,0.3983,0.3813,0.6893,0.6893,63949.6754,55714.4785,20993.3514,1085225.9915,945474.7001
600935.SH,20250530,2.32,0.3768,1.7282,1.04,,,1.3901,1.591,1.5929,0.1293,0.1293,350740.1812,350740.1812,76476.3138,813717.2204,813717.2204
002591.SZ,20250530,5.57,3.6583,4.2597,1.06,,,2.5221,3.7989,3.9947,0.0,,30019.9484,22351.2462,19195.2622,167211.1126,124496.4413
600820.SH,20250530,6.06,0.8144,1.323,1.12,6.7065,6.9863,0.6176,0.2769,0.292,5.4455,5.4455,314409.6094,314409.6094,193539.8955,1905322.233,1905322.233
301169.SZ,20250530,37.0,1.7737,4.5735,1.3,,,5.6809,7.7608,8.2544,0.0,,7204.0536,7201.8036,2793.039,266549.9832,266466.7332
000690.SZ,20250530,4.3,1.2618,1.5498,0.93,13.2612,11.7546,0.7692,1.1838,1.2062,6.9767,3.4884,217588.7862,217447.1375,177044.5617,935631.7807,935022.6913
000733.SZ,20250530,45.93,1.5324,2.2218,0.87,26.2352,27.4646,1.7189,4.8767,4.9778,2.4254,2.4254,55416.9431,55376.8231,38193.0287,2545300.1966,2543457.485
600551.SH,20250530,9.77,12.7422,33.6132,10.03,16.5808,16.6623,1.1333,0.7952,0.8223,4.679,1.0235,67805.5239,67805.5239,25703.9459,662459.9685,662459.9685
002020.SZ,20250530,13.1,1.4623,1.945,1.06,15.8428,16.0209,2.087,2.7124,2.7823,2.2901,2.5254,86102.914,72396.8335,54430.2753,1127948.1734,948398.5189
300757.SZ,20250530,134.06,2.2055,3.3981,1.03,345.446,693.6156,16.1668,19.9485,23.478,0.1276,0.1276,16462.0146,14817.111,9616.7978,2206897.6773,1986381.9007
603011.SH,20250530,20.4,33.6749,51.9632,1.26,,,4.678,4.8624,4.6321,0.0,,49441.4437,49441.4437,32040.6925,1008605.4515,1008605.4515
600650.SH,20250530,17.8,18.4962,41.8503,1.93,49.9303,57.7796,2.3487,5.3713,5.6602,0.4663,0.4663,55161.0107,39056.0075,17261.2122,981865.9905,695196.9335
300157.SZ,20250530,3.64,4.6998,5.6603,0.94,,,,4.7828,6.1523,0.0,,72548.8257,70422.6607,58472.631,264077.7255,256338.4849
600651.SH,20250530,3.95,0.5197,1.5001,1.18,250.8661,338.1194,4.0278,5.0399,5.0555,0.0,,250702.8015,250702.8015,86850.8184,990276.0659,990276.0659
605033.SH,20250530,19.9,10.9605,43.842,0.77,72.9933,120.2536,2.3302,3.0383,3.1181,0.9799,0.9799,13520.0,13520.0,3380.0,269048.0,269048.0
000816.SZ,20250530,3.09,3.6427,4.9048,1.28,,,2.2237,3.0785,3.0974,0.0,,144701.3318,143672.5522,106702.0822,447127.1153,443948.1863
300538.SZ,20250530,15.05,3.3193,4.0569,0.66,,,2.8519,0.8904,0.8443,0.2657,,18191.8573,11314.1481,9257.0581,273787.4524,170277.9289
300766.SZ,20250530,34.45,8.3105,9.0835,1.02,,,8.7002,28.7232,28.7821,0.0,,39217.2757,35567.3038,32540.5288,1351035.1479,1225293.6159
688021.SH,20250530,13.43,1.2451,2.0852,0.66,,,1.201,3.6108,3.3254,,,7641.3717,7641.3717,4562.9844,102623.6219,102623.6219
001210.SZ,20250530,15.46,2.0456,3.1792,1.13,41.4926,36.4269,1.4622,1.8838,1.7776,0.9163,0.9163,13067.723,7941.8804,5110.0213,202026.9976,122781.471
688468.SH,20250530,7.2,0.9088,1.4443,0.97,22.7266,27.9775,2.0184,6.6194,7.1098,1.7079,1.7079,40110.8,40110.8,25239.7459,288797.76,288797.76
600663.SH,20250530,9.24,0.4129,1.623,2.43,30.8423,26.9626,1.8466,3.1755,2.8937,1.8446,1.8446,503515.3679,315568.3662,80278.0984,4652481.9994,2915851.7037
002552.SZ,20250530,13.24,1.1923,3.0161,0.69,21.8435,29.538,3.1158,1.869,1.8711,1.0574,1.0574,40854.2039,32023.3796,12659.5432,540909.6596,423989.5459
300344.SZ,20250530,4.31,4.2533,7.7096,0.86,,,11.1882,10.6981,10.1931,0.0,,64170.6416,63942.3416,35276.4251,276575.4653,275591.4923
688401.SH,20250530,31.4,1.9139,2.1193,1.02,31.8066,30.5155,4.3836,6.9336,6.3315,0.7411,0.9494,19333.372,11571.232,10449.4408,607067.8808,363336.6848
300226.SZ,20250530,20.59,1.8693,2.5395,1.06,40.6719,39.9981,3.2165,0.0807,0.083,0.3923,,31872.1422,30635.5664,22550.4501,656247.4079,630786.3122
300627.SZ,20250530,44.95,1.0556,1.4309,0.63,42.7827,40.0581,6.506,7.6775,7.2913,0.765,0.765,55527.3954,45926.409,33880.1669,2495956.4232,2064392.0846
600082.SH,20250530,3.78,4.0877,5.8182,0.66,254.8645,227.4564,1.3859,7.2337,7.3252,0.1587,0.1587,64611.5826,63433.5412,44566.648,244231.7822,239778.7857
603958.SH,20250530,18.49,1.5307,4.194,0.88,,,5.692,4.9402,4.2615,0.0,,21936.0,21936.0,8006.1196,405596.64,405596.64
301429.SZ,20250530,17.9,3.8378,4.8051,1.0,33.4389,35.5492,1.5835,2.367,2.1984,1.419,2.3695,11822.0,4404.1133,3517.5133,211613.8,78833.6281
605180.SH,20250530,13.87,1.4382,5.0023,1.02,47.4279,58.4154,2.0403,6.6638,6.8977,0.5768,0.5768,16900.0,16900.0,4858.75,234403.0,234403.0
002103.SZ,20250530,11.4,20.8691,27.1194,0.9,40.0202,38.2317,5.6426,2.1925,2.1579,0.0,,53427.2953,37707.5188,29017.0145,609071.1664,429865.7143
002215.SZ,20250530,11.05,10.5512,13.1432,0.77,19.0002,14.669,2.7007,2.1004,1.9968,1.3673,3.1674,100519.131,77938.3515,62567.8262,1110736.3976,861218.7841
600694.SH,20250530,23.59,0.9658,1.5895,0.95,12.7226,12.6825,0.8322,1.0732,1.0998,3.8159,3.8159,31615.2571,31305.2571,19020.4513,745803.915,738491.015
600121.SH,20250530,3.72,1.2452,2.5891,0.78,16.035,24.0276,2.4802,1.0779,1.1237,0.0,,121841.2038,121841.2038,58597.2758,453249.2781,453249.2781
920367.BJ,20250530,25.85,8.9484,18.7903,0.98,81.7351,129.4499,3.8791,11.9129,12.3726,0.9671,0.9671,7086.125,4178.1867,1989.745,183176.3313,108006.1262
000752.SZ,20250530,8.56,0.793,0.977,0.91,86.1868,69.7919,6.91,5.3569,5.1827,0.0,,26375.8491,26375.8491,21407.3042,225777.2683,225777.2683
301272.SZ,20250530,33.94,3.2711,4.405,1.09,26.7722,30.9996,2.0044,3.3274,3.3239,1.503,1.7578,5850.23,3132.85,2326.46,198556.8062,106328.929
603014.SH,20250530,36.58,12.8614,12.8614,0.82,33.4887,32.8861,2.25,4.1756,4.1137,,,41139.4066,3811.2587,3811.2587,1504879.4934,139415.8432
301606.SZ,20250530,51.73,10.4007,10.4007,0.56,46.4292,42.0475,7.6424,3.4788,3.1992,0.5799,1.7398,41490.9806,3320.1916,3320.1916,2146328.4264,171753.5115
601162.SH,20250530,3.9,1.0884,1.4322,0.94,,91.2009,1.4449,12.5182,10.7329,0.0,,866575.7464,866575.7464,658594.757,3379645.411,3379645.411
603216.SH,20250530,13.34,4.169,4.169,1.08,48.4922,46.4223,1.6604,2.6599,2.6572,2.2489,2.2489,22269.0,5669.0,5669.0,297068.46,75624.46
601881.SH,20250530,15.81,0.37,1.2868,0.74,17.2341,15.1441,1.5382,4.8736,4.8268,1.9228,1.9228,1093440.2256,724341.7623,208280.6759,17287289.9667,11451843.262
002837.SZ,20250530,24.26,1.8594,2.494,1.29,51.9152,53.5677,8.3113,5.1212,4.9207,0.4842,0.6342,96867.8626,84231.7727,62800.0416,2350014.3467,2043462.8057
600503.SH,20250530,2.55,1.9072,2.0533,0.88,,,1.1407,11.5816,12.8519,0.1569,0.1569,160229.0,160229.0,148827.0,408583.95,408583.95
688008.SH,20250530,76.32,1.1249,1.2975,1.14,61.8867,50.9835,7.5796,24.01,21.1866,0.3871,0.5072,114478.9273,114478.9273,99252.5014,8737031.7315,8737031.7315
603181.SH,20250530,12.51,1.5549,2.8147,1.1,18.5145,17.891,2.2903,3.1567,3.0627,1.1451,1.1451,58870.0,58870.0,32520.65,736463.7,736463.7
688669.SH,20250530,18.58,1.2124,2.3301,0.47,,,1.7177,0.5525,0.5647,1.0764,1.0764,12133.3334,12133.3334,6313.4869,225437.3346,225437.3346
300242.SZ,20250530,4.37,3.1624,4.0275,1.08,,,9.7591,1.7641,1.4332,0.0,,63455.5224,62957.6622,49435.0722,277300.6329,275124.9838
002366.SZ,20250530,7.42,32.5891,35.7703,1.45,,,3.3276,15.3398,15.0998,0.0,,208093.764,125646.439,114472.2056,1544055.7289,932296.5774
600031.SH,20250530,18.83,0.3804,0.5381,0.86,26.7066,23.2406,2.1314,2.0519,1.9663,1.1669,1.1669,847497.8037,846421.5837,598412.758,15958383.6437,15938118.4211
603033.SH,20250530,10.62,0.3262,0.9902,1.2,,,3.5776,2.125,2.1728,0.47,0.47,103116.3554,101253.1018,33357.8229,1095095.6943,1075307.9411
603499.SH,20250530,21.15,0.979,2.5864,0.52,69.5463,44.8187,5.2951,5.1635,4.7045,0.1418,0.1418,21613.885,21613.885,8181.595,457133.6678,457133.6678
603201.SH,20250530,17.73,2.4623,3.2502,1.24,11.448,11.2265,1.6635,0.9322,0.9285,3.005,3.005,15836.5435,6475.9335,4906.0575,280781.9163,114818.301
002541.SZ,20250530,18.81,0.9371,1.2944,1.38,16.8065,18.3925,1.3723,0.6033,0.5926,2.7539,,69001.3309,49617.4288,35921.6987,1297915.0342,933303.8357
002478.SZ,20250530,5.19,1.3856,1.6964,0.74,7.3731,8.0701,0.8424,0.8209,0.8344,5.3972,4.2071,90098.6228,71958.9938,58776.4896,467611.8523,373467.1778
300638.SZ,20250530,26.02,5.3489,6.1627,1.37,29.8176,33.3131,5.342,2.4322,2.5143,1.456,,76545.3542,53292.655,46254.8426,1991710.1163,1386674.8831
600660.SH,20250530,57.97,0.3587,0.5064,0.71,20.177,18.5859,4.58,3.8543,3.7516,2.2425,3.1051,260974.3532,200298.6332,141881.6828,15128683.255,11611311.7666
600016.SH,20250530,4.35,0.6605,1.0444,1.12,5.8971,6.0257,0.3418,1.3974,1.3718,7.954,7.954,4378241.8502,3546212.3213,2242598.1348,19045352.0484,15426023.5977
601619.SH,20250530,3.52,0.8331,1.718,0.93,13.5988,12.7394,1.288,3.5381,3.4451,3.4091,3.125,243436.2939,243436.2939,118045.3874,856895.7545,856895.7545
300162.SZ,20250530,6.67,2.1771,2.7392,1.31,,,3.1437,2.2339,2.31,0.0,,41951.003,34216.178,27195.153,279813.19,228221.9073
301079.SZ,20250530,30.88,29.9942,36.0411,1.11,527.8404,602.6045,7.0129,9.6141,9.5609,0.0327,,10933.8159,6958.7774,5791.2649,337636.235,214887.0461
601595.SH,20250530,29.78,1.0055,3.2664,0.94,148.2268,122.2217,7.8322,19.3336,18.3357,0.7052,0.7052,44820.0,44820.0,13797.1683,1334739.6,1334739.6
600398.SH,20250530,7.18,0.5356,1.3333,0.47,15.9751,15.6247,1.9215,1.6455,1.6447,11.0028,11.0028,480277.0296,480277.0296,192919.4365,3448389.0725,3448389.0725
920885.BJ,20250530,18.73,10.3031,15.3657,1.53,198.0025,186.3755,8.3175,21.628,20.5258,0.1876,0.1876,16992.84,8802.3583,5902.1955,318275.8932,164868.171
920169.BJ,20250530,29.12,13.1419,22.2742,0.76,170.7686,163.9003,7.5108,12.9916,12.5015,0.3475,0.3475,8174.539,5081.199,2997.924,238042.5757,147964.5149
301578.SZ,20250530,43.65,7.9964,7.9964,1.43,57.6901,65.9565,2.8869,3.1184,3.0958,1.1014,1.1014,6240.0,1782.3,1782.3,272376.0,77797.395
300111.SZ,20250530,3.35,1.9301,2.7564,0.67,550.9156,603.4957,6.2849,13.0526,13.5217,0.0,,128721.0714,128721.0714,90130.1583,431215.5892,431215.5892
300607.SZ,20250530,32.32,11.8092,13.2253,1.1,,,5.5038,5.3683,6.9039,0.1176,0.1176,47697.2412,33768.9987,30153.2522,1541574.8356,1091414.038
002011.SZ,20250530,11.27,0.6216,1.0037,0.92,11.4916,11.3929,2.0978,0.9471,0.9185,0.0,,106543.6182,91631.143,56748.2514,1200746.5771,1032682.9816
601998.SH,20250530,7.96,0.1877,1.5574,1.47,6.459,6.4292,0.6296,2.0732,2.0928,6.0725,6.0725,5564516.2264,4076299.9287,491376.2394,44293549.1621,32447347.4325
002413.SZ,20250530,4.98,3.0191,3.0191,0.8,,,1.9278,5.2791,5.3856,0.0,,131698.9628,123850.1674,123850.1674,655860.8347,616773.8337
300145.SZ,20250530,3.38,1.887,2.7701,1.13,29.7482,33.175,2.4058,1.2846,1.2793,0.0,,192090.0236,190399.3301,129701.0067,649264.2798,643549.7357
002690.SZ,20250530,17.48,1.5879,2.3005,1.51,23.7561,23.4829,6.6565,6.6739,6.5024,3.9958,4.0046,88225.745,43377.6565,29941.084,1542186.0226,758241.4356
002244.SZ,20250530,9.37,0.7285,1.8611,0.71,11.4521,10.1876,1.0235,0.4216,0.374,0.9605,0.9605,311144.389,268235.374,104997.1218,2915422.9249,2513365.4544
300753.SZ,20250530,25.4,33.9011,44.3141,3.34,296.4261,,4.7575,7.9287,8.406,0.2559,0.2559,12604.8,8243.3549,6306.3239,320161.92,209381.2145
605155.SH,20250530,11.31,1.0993,2.8262,0.85,17.72,17.7587,1.7277,2.6514,2.5819,1.264,2.1746,19154.744,18909.744,7355.544,216640.1546,213869.2046
300037.SZ,20250530,30.27,0.8059,0.9425,0.93,24.0276,22.4799,2.4551,2.8847,2.7161,1.9916,1.317,74777.9091,54008.4679,46180.4263,2263527.3085,1634836.3233
002403.SZ,20250530,14.91,8.1172,17.8623,0.65,337.0019,11270.4305,3.0648,1.736,1.7569,0.0,,34063.8579,29716.1454,13504.0093,507892.1213,443067.7279
001217.SZ,20250530,10.89,2.0566,5.5711,1.03,41.1894,50.5853,1.6112,2.2023,2.1048,0.9183,0.9183,33187.0,32858.2647,12129.8727,361406.43,357826.5026
000680.SZ,20250530,9.13,2.2653,3.3187,1.82,12.4272,11.7337,2.4853,0.9634,0.9479,1.6429,1.9715,150032.7412,131470.1804,89738.3804,1369798.9272,1200322.7471
605318.SH,20250530,26.99,0.7449,2.6214,0.6,,,5.0123,5.5666,5.5779,1.1403,1.1403,12572.9028,12572.9028,3572.9028,339342.6466,339342.6466
603231.SH,20250530,16.61,2.2883,3.0656,0.93,26.2429,24.7691,1.6573,2.0446,2.0456,3.0102,3.0102,19145.9105,10626.5982,7931.989,318013.5734,176507.7961
300967.SZ,20250530,19.8,17.495,26.5513,2.47,82.8738,24.1598,5.0492,3.8262,3.1221,0.0,0.9999,18756.838,12479.0161,8222.6201,371385.3924,247084.5188
301328.SZ,20250530,38.77,4.0722,4.0756,1.17,49.8509,45.9433,2.2421,7.976,7.3591,1.2781,1.285,10989.3594,3413.3841,3410.5441,426057.4639,132336.9016
301027.SZ,20250530,16.07,6.6797,7.5369,0.77,,,2.5455,3.9278,3.9564,0.0811,0.0811,14786.114,11815.3144,10471.5469,237612.852,189872.1024
300969.SZ,20250530,58.1,3.9048,3.9048,0.62,30.4489,34.1191,5.0339,6.7622,7.046,0.4918,0.4918,11200.0,3036.0288,3036.0288,650720.0,176393.2733
301039.SZ,20250530,8.37,0.9604,2.3014,1.25,14.4526,15.7013,1.0763,0.747,0.7676,3.3453,3.3453,187412.442,145368.0,60663.6932,1568642.1395,1216730.16
600371.SH,20250530,9.06,2.3699,4.6247,0.91,50.3676,65.0833,4.4437,7.7331,8.2239,2.2075,2.2075,29257.8,29257.8,14992.7865,265075.668,265075.668
300674.SZ,20250530,23.21,8.142,11.0333,2.56,43.0197,40.2597,3.9293,4.1286,4.2089,0.8413,1.0936,70405.706,70313.2971,51887.6075,1634116.4363,1631971.6257
600704.SH,20250530,5.23,0.5277,0.964,0.94,8.8201,8.3945,0.6587,0.0453,0.0453,4.0153,4.0153,519256.179,515370.204,282105.063,2715709.8162,2695386.1669
300539.SZ,20250530,13.07,3.1513,6.0844,1.32,76.442,70.7471,5.0193,3.868,3.6879,0.6116,,22225.42,17146.1953,8880.4122,290486.2394,224100.7726
000581.SZ,20250530,19.92,1.4521,2.4145,0.95,11.9672,13.5579,0.9816,1.7784,1.7895,5.9388,5.9388,99698.6293,82406.7649,49560.485,1985996.6957,1641542.7568
003002.SZ,20250530,26.82,1.7797,3.6354,1.42,38.3093,35.8323,3.9657,4.8714,4.6801,0.9228,0.5569,20000.0,18287.45,8952.45,536400.0,490469.409
603709.SH,20250530,12.24,2.1267,7.2557,1.0,,,2.8913,0.9622,0.9589,1.1315,1.1315,12590.24,12480.0,3658.044,154104.5376,152755.2
002092.SZ,20250530,4.65,0.8175,1.1849,0.75,,,0.5549,0.3998,0.4137,0.0,,259001.9517,257561.6717,177688.8573,1204359.0754,1197661.7734
603661.SH,20250530,27.25,0.3551,1.2467,0.67,14.4058,17.8553,1.0107,0.3436,0.3345,0.0,,13906.7031,13906.7031,3960.9165,378957.6595,378957.6595
601992.SH,20250530,1.54,0.3079,0.8557,1.13,,,0.3939,0.1485,0.1433,1.6234,1.6234,1067777.1134,833415.8264,299843.6426,1644376.7546,1283460.3727
688550.SH,20250530,44.2,2.5435,4.7083,0.67,30.2203,28.9223,2.569,5.215,5.159,1.0603,1.6078,17210.7058,17210.7058,9297.7059,760713.1964,760713.1964
600051.SH,20250530,7.16,2.2895,3.2285,0.76,27.4211,25.3125,0.6583,1.2457,1.1658,1.676,1.676,31088.0,31088.0,22046.24,222590.08,222590.08
002988.SZ,20250530,36.48,2.3944,5.2552,1.02,44.0777,48.0589,3.3829,1.3834,1.3311,0.6497,1.0762,25301.7256,25294.0053,11524.8312,923006.9499,922725.3133
600636.SH,20250530,8.05,1.0052,1.7485,0.69,,,1.7324,12.4792,11.8244,0.4969,0.4969,43863.6802,43863.6802,25216.1281,353102.6256,353102.6256
605089.SH,20250530,23.88,0.5495,2.1129,0.95,37.6499,37.3943,2.6564,4.9037,4.8529,2.902,2.902,13800.0,13800.0,3588.8196,329544.0,329544.0
000530.SZ,20250530,5.42,4.8273,6.75,1.06,41.4212,41.1047,1.4449,1.0086,1.0079,0.5535,0.5535,84321.2507,60003.8695,42912.1761,457021.1788,325220.9727
300950.SZ,20250530,17.93,13.6973,19.898,1.49,27.8975,38.6779,3.6717,5.3005,5.9625,0.8366,1.1154,15048.0,8979.54,6181.2935,269810.64,161003.1522
002674.SZ,20250530,9.5,0.7126,1.5267,1.11,19.8014,22.2681,1.153,0.9504,0.9408,6.2436,,29523.7124,29224.9832,13641.4946,280475.2678,277637.3404
300777.SZ,20250530,34.04,1.2982,1.6341,0.76,42.0283,36.4872,3.4223,18.4224,16.543,0.3496,0.6446,43970.7537,42361.5261,33652.9396,1496764.4559,1441986.3484
301519.SZ,20250530,13.0,3.0607,3.6208,1.34,156.3456,,1.4551,3.2701,3.2346,1.5385,1.5385,16416.0,7801.25,6594.3536,213408.0,101416.25
301060.SZ,20250530,9.39,1.3048,2.59,0.82,,,2.2792,2.1587,2.2702,0.0,,40051.7,35537.8877,17903.2537,376085.463,333700.7655
688432.SH,20250530,11.01,0.5079,0.9301,0.84,58.9785,60.8882,3.1237,13.7922,13.8459,0.0906,0.0906,124762.1058,50756.5658,27714.3158,1373630.7849,558829.7895
000990.SZ,20250530,7.72,0.5619,1.1796,0.9,40.6855,58.4619,0.5237,0.8478,0.8271,0.6477,,121523.7535,121523.6635,57882.0306,938163.377,938162.6822
301198.SZ,20250530,10.53,2.2081,4.4126,1.1,,,1.9439,4.8577,4.7465,1.1396,,16900.0,15555.436,7784.14,177957.0,163798.7411
920718.BJ,20250530,17.75,2.2444,3.6829,0.95,21.1076,21.8177,2.78,1.3438,1.2824,0.5634,1.1268,9066.67,4148.9069,2528.385,160933.3925,73643.0975
600676.SH,20250530,5.3,11.5568,21.5368,6.96,,,1.0678,1.2287,1.1972,0.0,,102849.2944,102849.2944,55189.9254,545101.2603,545101.2603
300686.SZ,20250530,8.68,2.5275,2.855,1.42,,,2.2863,1.4671,1.4434,0.0,,26062.422,19367.0867,17144.9281,226221.823,168106.3126
688055.SH,20250530,3.35,0.127,1.223,1.03,,,2.6394,3.2717,3.617,,,333333.34,333333.34,34611.34,1116666.689,1116666.689
002119.SZ,20250530,14.85,2.0086,3.077,1.02,66.991,61.7099,4.0329,2.8368,2.8238,0.202,0.202,37528.4,37528.4,24498.2113,557296.74,557296.74
000652.SZ,20250530,3.89,3.3915,5.0619,2.0,50.3023,50.2833,1.0016,0.3011,0.3062,1.0283,1.0283,147557.3852,147446.2359,98788.1848,573998.2284,573565.8577
300231.SZ,20250530,11.26,2.4058,3.109,1.04,,,3.1704,3.1077,2.947,1.6752,0.8881,44427.2198,44424.9383,34377.5863,500250.4949,500224.8053
688247.SH,20250530,9.95,3.9341,4.9198,1.57,35.3227,36.0012,3.4872,8.8166,8.8596,0.6571,0.6571,45334.0,14232.16,11380.6906,451073.3,141609.992
605488.SH,20250530,32.17,4.394,7.4065,1.41,65.0239,62.6174,6.0274,3.5624,3.5016,0.4184,0.5427,28133.248,27666.2374,16413.3874,905046.5882,890022.8572
300412.SZ,20250530,4.86,2.2681,3.166,0.97,66.7025,64.8252,2.3105,1.749,1.7154,0.0,,49775.6637,46786.1646,33517.1546,241909.7256,227380.76
301622.SZ,20250530,65.48,5.8505,5.8505,1.36,42.8217,38.2131,5.1284,6.4087,6.2662,,0.6109,11593.188,2748.8084,2748.8084,759121.9502,179991.974
603056.SH,20250530,20.8,0.4063,1.9348,0.13,24.648,30.3275,2.5308,0.5255,0.5115,0.3798,0.3798,101981.5388,101981.5388,21416.116,2121216.007,2121216.007
301196.SZ,20250530,58.5,3.9186,6.222,0.73,33.1461,28.0882,2.2801,4.0135,3.5958,2.388,2.388,12480.0,6726.7288,4236.4288,730080.0,393513.6348
300026.SZ,20250530,3.99,6.8993,9.3072,1.61,558.3639,506.2714,1.3771,2.0728,2.0984,0.7519,,300415.4837,276342.3182,204848.9433,1198657.78,1102605.8496
002973.SZ,20250530,13.36,20.3087,36.1215,3.6,18.8777,20.9493,2.2057,1.3948,1.41,0.7485,0.7485,40866.5563,22289.899,12532.1076,545977.1922,297793.0506
688210.SH,20250530,17.64,1.6462,1.8323,0.83,37.8741,45.0797,2.2187,3.4721,3.2938,1.1127,1.1127,16024.1309,10738.6318,9647.8037,282665.6691,189429.465
300932.SZ,20250530,16.42,2.6731,4.5603,0.91,59.2914,56.2784,2.1416,1.7316,1.6797,1.0306,1.0306,22864.5713,16285.2713,9545.7362,375436.2607,267404.1547
300586.SZ,20250530,9.39,1.71,2.5863,0.66,186.4869,357.124,3.4738,3.8612,3.8008,0.5325,,71121.6645,53451.6031,35341.0256,667832.4297,501910.5531
688107.SH,20250530,26.58,1.0808,3.5329,1.52,,,9.2237,16.346,17.6655,,,40084.9367,40084.9367,12262.881,1065457.6175,1065457.6175
002767.SZ,20250530,16.26,6.1983,13.7283,1.48,92.1275,97.289,2.9105,3.9305,3.8446,0.0984,0.0984,15000.0,13018.2321,5877.6855,243900.0,211676.4539
603863.SH,20250530,12.96,3.0933,4.3842,1.31,,,5.8959,3.6494,3.8642,0.0,,20465.0,20465.0,14439.35,265226.4,265226.4
603139.SH,20250530,20.35,2.7228,5.8439,1.12,,,2.4195,3.619,3.6582,0.0,,9988.0,9988.0,4653.5763,203255.8,203255.8
301222.SZ,20250530,26.39,2.4677,2.4677,1.07,20.6228,23.2222,1.8725,3.8092,3.8232,1.1316,1.1316,10133.34,2931.84,2931.84,267418.8426,77371.2576
300891.SZ,20250530,8.9,2.5206,4.4735,0.68,805.2919,980.6161,2.7633,2.1445,2.0484,0.3357,0.1116,40000.792,33242.167,18730.4198,356007.0488,295855.2863
601616.SH,20250530,3.67,3.1892,4.462,1.61,41.9257,50.2569,1.2739,3.0214,3.0555,1.9074,1.9074,85367.5319,85367.5319,61015.9149,313298.8421,313298.8421
301022.SZ,20250530,27.04,5.0431,8.0077,0.79,145.4635,77.8582,2.3569,3.3762,3.1353,0.9438,,8476.0568,5221.3399,3288.3047,229192.5759,141185.0309
003039.SZ,20250530,14.04,0.9675,4.8763,0.91,32.3061,32.0703,3.111,4.7148,4.4884,1.2322,1.2322,61751.873,61751.873,12251.873,866996.2969,866996.2969
002553.SZ,20250530,22.24,16.7193,19.6917,0.77,317.2871,59.3176,6.3216,9.8704,9.6844,0.8993,0.4496,34800.0,25080.0,21294.2168,773952.0,557779.2
920284.BJ,20250530,26.9,8.6584,11.2278,0.56,,,9.0681,13.3462,12.5406,0.1115,0.1115,10478.5645,6776.2315,5225.5585,281873.3851,182280.6274
603286.SH,20250530,30.67,7.2554,11.4265,1.15,319.4391,,4.1071,3.6974,3.5223,0.0955,0.0975,11701.6931,11430.3931,7257.8931,358890.9274,350570.1564
600764.SH,20250530,28.88,1.1373,3.5232,1.14,90.0136,80.362,2.5097,6.4678,6.1701,0.696,0.696,71062.9386,71062.9386,22940.4234,2052297.6668,2052297.6668
300632.SZ,20250530,11.92,4.3995,5.4228,0.84,69.6915,75.1001,2.0341,4.5356,4.5194,3.1308,1.5531,30518.162,22120.9758,17946.6132,363776.491,263682.0315
002093.SZ,20250530,10.65,2.0501,4.4255,0.81,63.6357,53.2895,2.863,19.5295,19.4295,0.6471,0.1849,100750.0,100686.625,46642.8644,1072987.5,1072312.5563
300198.SZ,20250530,2.53,2.2962,2.8859,0.82,,,31.0922,16.6056,20.698,0.0,,103154.854,102446.6411,81512.3582,260981.7806,259190.002
300183.SZ,20250530,15.81,1.6852,3.0267,1.22,109.4435,115.3407,2.352,7.0976,6.8884,0.6325,0.6325,46260.9137,40653.7112,22635.2787,731385.0456,642735.1741
003019.SZ,20250530,29.6,2.1931,3.5442,0.6,27.5236,30.0134,3.2506,2.3387,2.3591,1.3895,1.3895,17488.8822,16867.9122,10437.6146,517670.9131,499290.2011
601928.SH,20250530,11.77,0.5465,2.0094,1.92,18.7502,17.1346,1.4839,2.2015,2.2208,4.2481,4.2481,254490.0,254490.0,69211.9742,2995347.3,2995347.3
002269.SZ,20250530,1.77,2.7531,4.7175,0.96,,,15.4555,6.533,8.1645,0.0,,251250.0,251250.0,146628.6641,444712.5,444712.5
603887.SH,20250530,17.28,3.3908,3.9988,1.29,,,2.9451,6.4915,5.8544,0.0,,60894.4421,59527.9421,50476.418,1052255.9595,1028642.8395
300591.SZ,20250530,5.91,10.2102,11.185,0.96,,,7.9653,4.0874,4.3914,0.0,,40567.3777,35066.4652,32010.2277,239753.2022,207242.8093
300057.SZ,20250530,4.7,1.8306,2.0602,0.99,,,0.8003,0.6354,0.6185,0.0,0.2128,88944.8197,71685.2722,63698.1685,418040.6526,336920.7793
002769.SZ,20250530,7.73,1.8254,2.68,0.73,,,2.4509,4.6386,4.0963,0.0,,37331.8054,32599.7824,22203.7719,288574.8557,251996.318
600609.SH,20250530,5.37,2.5931,3.6315,1.34,18.3449,18.2193,4.7616,1.6045,1.5654,0.0,,130455.8558,130455.8558,93150.9024,700547.9456,700547.9456
920717.BJ,20250530,11.91,2.5692,3.1758,0.68,85.26,86.7418,2.4123,7.7582,8.0226,0.7434,0.7434,11468.0,4188.0,3388.0,136583.88,49879.08
600075.SH,20250530,4.2,0.2714,0.4703,0.72,104.7845,31.9913,0.8009,0.6428,0.6324,0.0,,170736.2663,170736.2663,98515.1707,717092.3185,717092.3185
002377.SZ,20250530,2.92,2.6014,3.487,1.34,,,5.6776,3.6545,3.5392,0.0,,91632.5201,87169.1047,65031.4466,267566.9587,254533.7857
002911.SZ,20250530,10.26,0.1539,1.1094,0.71,15.6044,15.591,3.1387,0.4214,0.4163,4.4527,4.6784,129750.1261,125637.1852,17429.2287,1331236.2938,1289037.5202
300349.SZ,20250530,11.5,0.9511,1.3433,0.68,13.3598,15.7811,1.1266,1.5692,1.5778,4.3025,4.3193,41833.7213,37022.5811,26214.5169,481087.795,425759.6827
300482.SZ,20250530,21.27,0.9168,1.4562,0.87,18.2325,19.2324,1.8812,3.3411,3.4088,1.8298,1.8806,48142.4391,43039.8058,27095.9826,1023989.6797,915456.6694
002557.SZ,20250530,23.11,0.9018,1.5726,0.69,13.7617,17.035,2.1064,1.6393,1.699,4.2902,5.5677,50585.5092,50477.3367,28944.9724,1169031.1176,1166531.2511
300053.SZ,20250530,12.52,4.0321,4.9554,1.4,,,4.9146,41.1398,39.1035,0.0,,69687.4323,65081.8928,52956.2838,872486.6524,814825.2979
001258.SZ,20250530,6.85,3.3604,5.6463,1.21,127.4028,239.11,2.215,6.5865,6.5141,1.1679,0.2482,93333.3334,46870.9409,27895.3109,639333.3338,321065.9452
603628.SH,20250530,11.73,0.9834,2.0097,0.95,35.6202,28.8841,2.4642,1.6735,1.662,1.0571,1.0571,27380.0,27216.84,13317.8273,321167.4,319253.5332
600459.SH,20250530,14.08,0.9932,1.6255,0.44,18.4731,18.1954,1.4684,0.2254,0.2133,1.3507,1.3507,76029.5046,75383.9558,46058.3239,1070495.4248,1061406.0977
600962.SH,20250530,14.78,1.8398,3.3189,0.64,132.4776,81.1471,4.1776,1.9504,1.7637,0.0,,26221.0,26221.0,14535.4531,387546.38,387546.38
603087.SH,20250530,54.5,2.6369,4.359,0.94,53.2943,39.4401,2.8958,10.7568,9.4407,1.2839,1.2839,60106.529,55391.7808,33508.609,3275805.8305,3018852.0536
600579.SH,20250530,7.55,2.2224,6.0253,0.66,,,2.2433,0.3886,0.4945,0.0,,49471.2359,49471.2359,18247.2269,373507.831,373507.831
603559.SH,20250530,9.55,0.6237,0.8865,0.91,,,3.8021,10.7819,9.3916,0.0,,40127.6979,40127.6979,28231.9697,383219.5149,383219.5149
002658.SZ,20250530,7.02,5.6778,7.6342,1.39,26.482,24.1236,1.831,3.1426,3.0939,4.1979,3.4983,63576.0924,35865.7749,26674.2749,446304.1686,251777.7398
603867.SH,20250530,23.74,1.2402,1.681,0.94,20.1682,20.5809,1.8926,1.5431,1.5323,1.8014,1.8014,19277.3989,19277.3989,14222.0998,457645.4499,457645.4499
688658.SH,20250530,13.93,2.2277,4.857,1.3,50.668,1219.441,1.7766,1.6579,1.8489,1.4181,1.4181,45000.0,45000.0,20639.988,626850.0,626850.0
601279.SH,20250530,3.54,1.1033,6.0946,1.7,114.9875,,1.3246,1.1963,1.2408,0.565,0.565,158578.5985,158578.5985,28708.1613,561368.2387,561368.2387
600908.SH,20250530,6.1,1.4237,1.8664,1.31,5.9444,5.8954,0.6182,2.8329,2.8055,3.2787,3.2787,219468.1695,199931.2665,152508.0708,1338755.834,1219580.7257
001335.SZ,20250530,36.34,8.2639,8.2639,0.54,30.6975,29.2751,3.6517,2.4048,2.3502,,,9373.956,2296.3621,2296.3621,340649.561,83449.7987
301252.SZ,20250530,22.6,3.2477,3.2477,0.96,29.9786,30.8301,3.0842,3.3535,3.3009,1.5784,0.7629,16820.0,4730.625,4730.625,380132.0,106912.125
300180.SZ,20250530,7.7,16.0284,19.4257,2.09,190.9464,123.3015,2.8902,2.9596,3.0518,0.0,,176106.0155,148559.1192,122578.3385,1356016.3194,1143905.2178
605339.SH,20250530,17.77,0.5183,3.2376,1.62,37.4372,49.0464,2.1662,2.3865,2.3754,0.6216,0.6216,42429.0616,42429.0616,6792.9284,753964.4246,753964.4246
601000.SH,20250530,4.11,1.0676,2.3627,1.19,12.3083,13.3898,1.22,4.2547,4.4465,4.8662,4.8662,592592.8614,592592.8614,267773.635,2435556.6604,2435556.6604
002262.SZ,20250530,23.11,1.4361,2.4354,0.86,20.5357,19.9186,3.2375,4.1217,4.0137,1.373,1.5578,101617.6792,88179.255,51997.3665,2348384.5663,2037822.5831
600138.SH,20250530,9.62,0.9612,1.2514,1.02,43.3988,44.7103,1.1193,0.6994,0.6902,0.8836,0.7277,72384.0,72384.0,55598.0408,696334.08,696334.08
300324.SZ,20250530,3.78,4.3663,4.7839,1.26,,,2.2733,2.3978,2.3919,0.0,,172759.0595,170986.7023,156060.5859,653029.2449,646329.7347
920592.BJ,20250530,57.35,5.2882,8.7405,1.61,296.562,267.0116,9.333,16.9687,16.5547,,,6215.0,3818.1216,2310.0333,356430.25,218969.2738
603843.SH,20250530,3.2,9.0437,12.7008,0.9,,,5.8549,1.6438,1.7618,0.0,,69962.3237,69962.3237,49817.1582,223879.4358,223879.4358
300850.SZ,20250530,31.1,2.2388,2.8244,0.96,181.1415,41.1735,2.1294,4.0205,3.4573,0.315,0.2958,38079.1304,26749.2163,21203.144,1184260.9554,831900.6269
300082.SZ,20250530,7.48,7.8585,16.7333,1.61,,,1.8511,1.1867,1.1374,0.0,,68009.82,67820.7738,31850.9165,508713.4536,507299.388
002708.SZ,20250530,11.2,12.3285,17.7318,2.28,123.4141,119.6824,3.817,2.7258,2.6839,0.0,,56209.7967,51399.5122,35736.6913,629549.723,575674.5366
600733.SH,20250530,7.23,1.1051,1.687,0.53,,,8.8491,2.7768,2.4014,0.0,,557350.3169,488509.6921,319999.6899,4029642.7912,3531925.0739
600119.SH,20250530,8.54,7.2587,13.401,3.44,,,22.7178,6.1493,11.0596,0.0,,36527.037,36527.037,19785.1609,311940.896,311940.896
301321.SZ,20250530,14.55,1.5821,2.4929,0.94,,,2.6924,1.156,1.041,0.0,,18643.5,14758.6614,9366.3577,271262.925,214738.5234
688002.SH,20250530,60.8,0.7147,0.9481,0.85,48.6137,47.1831,5.1236,6.409,6.2221,0.2797,0.2797,45492.2777,45492.2777,34295.2647,2765930.4842,2765930.4842
000860.SZ,20250530,15.62,1.2556,2.0368,1.23,50.1205,184.0752,1.588,1.2696,1.3914,0.0,,74176.6989,74176.6989,45725.5821,1158640.0368,1158640.0368
300257.SZ,20250530,9.46,0.9481,2.4072,1.3,29.3358,28.753,1.4309,2.2196,2.1874,1.0571,1.0571,99363.5018,95455.6716,37594.4374,939978.727,903010.6533
301628.SZ,20250530,77.4,4.8488,4.8488,1.11,51.7903,51.6381,5.4213,7.3566,7.1792,,0.5168,7537.58,1884.4,1884.4,583408.692,145852.56
600517.SH,20250530,4.91,0.3488,1.7097,1.53,17.8355,15.9329,1.2715,3.7711,3.6716,2.1181,2.1181,571843.5744,571843.5744,116657.3593,2807751.9503,2807751.9503
000572.SZ,20250530,4.0,2.4278,3.7068,0.81,,,3.8106,3.7056,4.0819,0.0,,164463.6426,164225.3067,107561.0357,657854.5704,656901.2268
001256.SZ,20250530,20.63,4.9955,4.9955,0.94,32.6233,31.452,2.5649,6.0136,5.8188,0.9527,0.9644,14261.2558,3847.428,3847.428,294209.7072,79372.4396
300493.SZ,20250530,19.45,5.8157,7.9884,0.62,274.1173,270.1237,8.9025,3.8406,3.7924,0.2286,0.2286,51257.5047,50099.3047,36473.2297,996958.4664,974431.4764
002127.SZ,20250530,4.25,2.3058,2.661,0.67,,,2.5321,3.1065,3.0932,1.8824,0.9412,245487.0403,198126.0043,171676.1392,1043319.9213,842035.5183
603333.SH,20250530,8.96,23.9555,49.6915,3.19,340.7527,303.2258,2.6825,3.2102,3.2297,0.1115,0.1115,62152.7586,62152.7586,29962.8986,556888.7171,556888.7171
300484.SZ,20250530,19.95,3.633,4.0879,0.53,149.6917,85.9816,6.0097,11.7725,10.0287,0.8022,0.8022,20763.29,16635.2625,14784.0749,414227.6355,331873.4869
605198.SH,20250530,58.39,0.7266,7.9355,0.94,76.419,67.8993,7.2928,14.05,12.6297,0.3768,0.3768,34120.0,25053.6,2294.0,1992266.8,1462879.704
605050.SH,20250530,13.87,2.0159,6.0383,1.41,21.5831,20.6614,1.5885,0.6061,0.6036,3.1002,4.5416,49282.9181,49282.9181,16452.9181,683554.074,683554.074
300166.SZ,20250530,9.52,2.1742,2.4226,0.98,368.3967,,1.8017,3.8819,3.9221,0.0,,113874.5748,90577.7562,81288.9246,1084085.9521,862300.239
600571.SH,20250530,15.48,13.3237,16.7189,2.02,100.0185,101.1554,6.2808,3.6695,3.6301,1.6796,1.6796,46631.8309,45775.1703,36479.1545,721860.7423,708599.6362
002091.SZ,20250530,7.38,0.4747,0.8325,0.95,10.8636,10.582,0.7745,0.3089,0.3028,5.42,5.42,162762.5993,159542.4747,90972.147,1201187.9828,1177423.4633
920914.BJ,20250530,18.8,1.2388,2.1285,0.57,27.8755,26.1708,2.0229,2.2061,2.0971,0.5266,0.5266,10000.0,10000.0,5819.9795,188000.0,188000.0
300321.SZ,20250530,31.02,6.1091,13.0809,1.44,327.9224,277.6009,4.3762,7.3769,7.2241,0.0,,8880.0,8866.12,4140.714,275457.6,275027.0424
002861.SZ,20250530,14.65,21.0056,26.1543,1.47,202.8366,675.9386,2.4264,3.3479,3.3385,0.855,0.6826,18628.3962,15016.835,12060.6202,272906.0043,219996.6328
300668.SZ,20250530,17.76,0.9946,1.6837,0.82,,,2.9057,3.6489,3.7123,1.6892,,12038.1273,9279.8062,5481.6163,213797.1408,164809.3581
920058.BJ,20250530,34.71,2.306,4.5366,0.88,34.6752,30.7743,6.0224,3.6942,2.9655,3.5935,2.7405,5608.705,2755.7923,1400.7892,194678.1506,95653.5507
920634.BJ,20250530,24.83,3.358,6.4531,0.74,56.8569,61.8557,5.9337,1.6711,1.6308,0.393,0.4027,6376.2046,3278.0776,1705.7976,158321.1602,81394.6668
688710.SH,20250530,32.56,7.4525,7.4525,1.58,31.0626,47.6955,1.9153,4.0207,4.352,,,14097.9615,2819.5924,2819.5924,459029.6264,91805.9285
301305.SZ,20250530,17.61,2.2525,2.345,1.03,19.8999,16.9582,1.1787,2.3949,2.5087,0.5611,0.5611,24357.07,12612.195,12114.7,428928.0027,222100.754
001260.SZ,20250530,18.04,4.9654,4.9654,1.11,42.9592,44.6431,2.6351,3.4613,3.5081,0.6929,0.6984,11500.0,3175.0,3175.0,207460.0,57277.0
603273.SH,20250530,17.69,8.0768,8.0768,0.43,97.7053,109.221,4.3223,5.883,6.3828,0.7631,0.7631,21431.34,5605.84,5605.84,379120.4046,99167.3096
688158.SH,20250530,19.48,3.72,4.5091,1.05,,,3.7401,5.8726,5.7661,,,45309.5081,40226.3908,33186.9315,882629.2178,783610.0928
600241.SH,20250530,7.44,0.7074,1.3772,0.69,112.9659,113.4599,1.8705,5.462,5.3654,0.0,,29430.2115,29430.2115,15116.8642,218960.7736,218960.7736
601766.SH,20250530,7.2,0.2179,0.5443,1.19,16.6807,14.3174,1.2052,0.8384,0.7858,2.7778,2.7778,2869886.4088,2432779.8048,974021.9798,20663182.1434,17516014.5946
688420.SH,20250530,22.8,1.0132,1.0132,0.83,49.5683,56.4776,1.3933,3.69,3.6549,1.2745,1.2745,8843.0,3410.9,3410.9,201620.4,77768.52
300960.SZ,20250530,22.16,2.7099,9.736,0.44,64.8145,64.0075,5.5812,7.5028,7.3413,2.2511,1.7728,14373.0153,13016.4153,3623.0016,318506.019,288443.763
688048.SH,20250530,51.97,2.0181,2.2376,0.83,,,3.0781,33.6021,29.1358,,,17627.9943,10620.9943,9579.0061,916126.8638,551973.0738
601169.SH,20250530,6.3,0.4302,0.6211,1.38,5.1566,5.1952,0.4868,1.9051,1.9206,5.0794,6.9841,2114298.4272,2114298.4272,1464497.3937,13320080.0914,13320080.0914
001358.SZ,20250530,22.92,1.9813,1.9813,0.66,34.7966,36.9693,2.0194,6.0318,6.0612,3.7397,2.1396,12320.0,4689.6968,4689.6968,282374.4,107487.8507
001896.SZ,20250530,4.62,2.2296,5.8444,1.17,,,2.2227,0.5799,0.5996,0.0,,152578.133,152578.133,58208.0646,704910.9745,704910.9745
603787.SH,20250530,11.45,1.4197,4.0285,1.17,102.8366,86.6291,1.695,0.7506,0.6918,1.7467,1.7467,23014.379,23014.379,8110.459,263514.6396,263514.6396
300323.SZ,20250530,6.63,1.6335,2.0608,1.01,,,1.5704,2.608,2.47,0.0,,162299.8797,87914.9878,69683.6835,1076048.2024,582876.3691
688499.SH,20250530,27.78,2.0229,3.2903,0.53,,,2.0955,1.8884,1.9238,,,16872.851,16872.851,10373.6925,468727.8008,468727.8008
601963.SH,20250530,11.19,0.7208,2.2133,0.77,7.5979,7.4778,0.7252,2.8423,2.8053,3.6461,5.1296,347457.7229,187939.3254,61208.4007,3888051.9193,2103041.0512
301459.SZ,20250530,41.04,26.1334,26.1334,1.47,26.3922,27.703,3.5926,4.4995,4.4987,0.7497,0.9372,10400.0,2600.0,2600.0,426816.0,106704.0
002454.SZ,20250530,7.61,2.4455,4.3619,1.12,35.0517,28.2598,1.1931,0.957,0.9308,0.7855,0.7855,62858.16,62697.9228,35150.8419,478350.5976,477131.1925
603949.SH,20250530,20.44,6.4086,25.4862,0.62,71.4394,72.8126,4.256,11.9895,11.9028,1.6145,0.4892,21113.668,21020.5274,5285.7174,431563.3739,429659.5801
300513.SZ,20250530,7.66,2.3865,2.4884,1.0,,,1.7485,2.1574,2.1358,0.4569,0.4569,31369.1155,28143.6804,26991.1284,240287.4247,215580.5919
600258.SH,20250530,14.64,0.4572,0.8594,0.74,20.2738,19.732,1.3806,2.109,2.131,1.5027,1.5027,111660.3126,111660.3126,59405.9451,1634706.9765,1634706.9765
300848.SZ,20250530,18.03,1.5479,2.9578,0.37,99.4324,92.5067,5.1307,4.6519,4.6464,0.413,0.3882,42788.7627,23942.3688,12530.115,771481.3915,431680.9095
002664.SZ,20250530,21.36,6.2227,13.4932,0.64,413.7087,,2.557,1.4732,1.4827,0.3269,0.3269,40820.0,40257.6088,18565.9,871915.2,859902.524
603301.SH,20250530,20.83,0.7977,1.9553,0.94,14.4097,15.2891,0.9724,1.3017,1.2933,2.3992,2.3992,26645.1202,26645.1202,10870.3136,555017.8538,555017.8538
300377.SZ,20250530,22.95,5.5762,6.8492,1.02,,,6.9058,12.8456,12.6517,0.1743,0.1743,75100.308,66873.9779,54444.4998,1723552.0686,1534757.7928
000517.SZ,20250530,1.84,0.7142,2.4182,0.82,,,1.0036,0.2443,0.3099,17.3913,17.3913,318392.2485,249198.6416,73600.6121,585841.7372,458525.5005
002546.SZ,20250530,4.93,1.8851,3.1537,0.94,15.4189,10.525,1.2378,5.3641,5.2385,2.4341,2.4341,83404.9096,80123.2096,47892.9178,411186.2043,395007.4233
300899.SZ,20250530,21.31,2.9099,3.575,1.38,,112.8082,2.0822,16.656,10.9856,1.6893,,6378.3466,4093.6066,3332.0266,135922.566,87234.7566
600497.SH,20250530,5.13,0.4724,0.7894,0.9,20.2048,20.0985,1.561,1.3891,1.3551,2.729,2.729,509129.1568,509129.1568,304716.8687,2611832.5744,2611832.5744
002917.SZ,20250530,13.14,3.0668,4.5412,1.07,36.813,31.428,2.8227,2.7985,2.7245,0.7492,0.7492,34761.4197,26050.0531,17592.4467,456765.0549,342297.6977
002641.SZ,20250530,4.11,0.3857,0.9105,0.57,26.5255,36.7735,0.9301,0.7652,0.7733,2.4098,2.4098,122909.3871,113399.4653,48039.9775,505157.581,466071.8024
600127.SH,20250530,6.73,1.9347,2.4595,1.03,1937.9302,456.8393,6.3837,0.9334,0.9471,0.0,,64178.3218,64178.3218,50485.0967,431920.1057,431920.1057
601011.SH,20250530,2.43,1.5224,2.2092,1.08,,,0.8147,3.6063,5.1996,0.0,,191566.4539,191566.4539,132013.7149,465506.483,465506.483
300129.SZ,20250530,6.88,9.5184,10.0641,8.78,35.3487,37.3067,1.4379,1.3295,1.2927,0.7267,0.7267,93489.9232,66451.7277,62848.335,643210.6716,457187.8866
600185.SH,20250530,6.19,0.9483,1.7227,1.04,,,10.9029,2.2112,2.472,0.0,,188500.5795,188500.5795,103766.6015,1166818.5871,1166818.5871
600738.SH,20250530,5.46,4.1786,8.1738,0.67,57.2949,61.5123,2.0886,6.2413,6.3999,0.7075,0.7075,76133.5236,76066.6196,38886.9734,415689.0389,415323.743
603999.SH,20250530,6.13,1.5896,3.7702,1.08,56.7146,56.1056,1.7704,3.6531,3.8344,0.8483,0.8483,57600.0,57600.0,24285.4056,353088.0,353088.0
600751.SH,20250530,3.03,2.1128,4.1686,0.99,70.582,78.5351,1.1659,7.8661,8.1076,0.0,,289933.7783,257318.9052,130418.0367,878499.3482,779676.2828
920270.BJ,20250530,18.3,6.8295,20.752,2.04,30.7818,32.6883,4.4045,7.5595,7.7313,2.2769,2.2769,10461.6,8108.6317,2668.5387,191447.28,148387.9601
002622.SZ,20250530,2.75,1.8367,2.4688,0.97,,,6.0462,2.6812,2.7467,0.0,,84000.0,83997.525,62491.4284,231000.0,230993.1938
002916.SZ,20250530,84.26,1.0553,2.0829,1.22,29.9215,28.2389,3.918,3.1372,2.9996,0.8216,1.3694,66674.0795,66502.0631,33695.1961,5617957.9387,5603463.8368
600576.SH,20250530,10.17,1.4934,2.2235,1.39,73.1815,64.7296,3.7693,12.4112,11.4143,0.0,,105454.844,66039.0083,44355.8125,1072475.7635,671616.7144
600775.SH,20250530,10.04,4.7428,7.2574,2.05,,,2.9798,3.4676,3.5733,0.0,,91383.8529,67183.8529,43905.6474,917493.8831,674525.8831
300092.SZ,20250530,12.81,10.6019,13.8527,0.8,20.7274,20.6453,2.1711,2.8866,2.7677,1.7955,1.8579,27392.3271,20986.6256,16061.6933,350895.7102,268838.6739
600710.SH,20250530,9.48,0.6483,1.6889,1.25,10.7876,10.5381,1.585,0.1057,0.104,3.481,3.481,130674.9434,130674.9434,50158.035,1238798.4634,1238798.4634
688519.SH,20250530,34.42,1.6239,4.8045,1.65,163.1276,133.8272,3.3449,2.4419,2.2444,0.272,0.272,23848.365,23229.365,7851.5845,820860.7233,799554.7433
300818.SZ,20250530,19.98,1.5276,1.861,0.75,28.9523,40.6816,1.9249,3.0061,3.1587,1.0324,0.8023,16877.2604,10948.2412,8986.9987,337207.6628,218745.8592
600798.SH,20250530,3.84,8.5543,15.2577,0.81,209.4082,17748.311,1.1838,1.9048,1.9541,0.7813,0.7813,120653.4201,120653.4201,67645.1591,463309.1332,463309.1332
300464.SZ,20250530,5.6,10.3351,15.2826,0.6,,,20.0757,1.7144,1.7512,0.0,,46221.6663,35534.2675,24030.6156,258841.3313,198991.898
601528.SH,20250530,5.63,1.3817,1.4379,1.41,5.7485,5.67,0.5981,2.5193,2.4886,3.1972,3.5524,196216.1395,170544.2207,163880.7248,1104696.8654,960163.9625
601588.SH,20250530,1.7,0.531,1.0391,1.02,,,0.6087,0.8003,0.8641,1.1765,1.1765,336702.0,266000.0,135923.0269,572393.4,452200.0
301201.SZ,20250530,22.46,4.9595,6.0658,0.92,,,1.6225,10.4309,11.262,0.8724,0.8724,15471.3824,8719.3824,7129.1984,347487.2487,195837.3287
603967.SH,20250530,11.22,3.3245,9.7879,1.2,15.3923,15.017,1.752,0.3285,0.3373,4.4563,5.3476,34666.671,34666.671,11774.591,388960.0486,388960.0486
300609.SZ,20250530,29.5,4.0012,5.0038,0.83,,,3.4543,9.752,9.6959,0.678,0.678,12011.4387,11989.3313,9587.0471,354337.4417,353685.2734
002479.SZ,20250530,5.07,1.4561,2.2423,0.76,18.1873,13.7978,1.0782,0.8349,0.8151,2.9586,2.9586,86500.0,86307.2844,56043.7486,438555.0,437577.9319
688627.SH,20250530,77.87,0.982,1.0512,0.31,91.3258,93.3917,4.3581,9.1152,8.3934,0.4777,0.4777,9401.1754,7141.157,6671.0897,732069.5284,556081.8956
601921.SH,20250530,8.16,0.3707,1.6081,1.0,16.7495,15.9967,1.3086,1.6201,1.6275,4.7794,4.7794,222222.2223,222222.2223,51222.1975,1813333.334,1813333.334
002925.SZ,20250530,16.16,0.3736,1.0973,0.8,49.9492,46.0954,2.6554,3.5165,3.4252,3.5773,3.5773,77744.1784,73616.4491,25060.4996,1256345.9229,1189641.8175
002123.SZ,20250530,14.38,9.0595,9.4301,0.71,303.401,350.2322,6.5263,2.63,2.8779,0.1741,,80539.869,72004.7618,69175.0774,1158163.3162,1035428.4747
603799.SH,20250530,33.4,1.095,1.4177,0.86,13.6785,11.6351,1.5368,0.9325,0.8904,2.9479,2.9479,170154.7759,168635.4399,130250.6202,5683169.5151,5632423.6927
001360.SZ,20250530,13.33,1.6223,1.7711,0.77,45.9872,42.6209,1.9743,3.4985,3.6832,1.669,1.1127,20400.0,8178.1146,7490.9424,271932.0,109014.2676
002049.SZ,20250530,63.97,1.0489,1.4176,1.02,46.0863,54.7943,4.4046,9.862,10.0715,1.055,1.055,84962.3456,84942.3656,62852.233,5435041.248,5433763.1274
301300.SZ,20250530,34.48,8.0507,11.6452,0.78,46.1474,38.0886,2.8138,4.7213,4.6126,2.8068,2.8138,6454.0,3057.7542,2113.91,222533.92,105431.3648
000565.SZ,20250530,9.58,16.6122,27.9417,0.76,951.2101,,3.3355,11.853,11.6848,0.1566,0.1566,43359.222,43359.222,25778.3238,415381.3468,415381.3468
605138.SH,20250530,6.56,2.1501,10.5786,1.11,78.1252,60.5041,1.4823,0.9941,1.0221,1.372,1.372,55556.3735,55556.3735,11291.6756,364449.8102,364449.8102
605365.SH,20250530,15.28,0.4683,3.0778,1.93,18.3564,18.3596,1.9929,1.1269,1.1068,2.0991,2.0991,50201.2876,50201.2876,7638.0376,767075.6745,767075.6745
002434.SZ,20250530,7.11,1.3452,3.2633,0.58,38.8879,36.2702,1.5959,1.5521,1.5251,4.2194,4.2194,131260.0,131134.105,54056.175,933258.6,932363.4866
000523.SZ,20250530,3.38,1.7155,2.6911,1.0,12.0925,12.3333,3.2754,3.0216,3.1042,0.0,,183546.8461,132516.0154,84474.8029,620388.3398,447904.1321
002530.SZ,20250530,10.13,7.7406,10.4086,0.93,,3796.2406,6.1642,6.2361,6.7786,0.0,,77919.8175,69512.3334,51694.779,789327.7513,704159.9373
688219.SH,20250530,11.7,1.2532,2.7693,1.2,28.8049,27.8932,2.5365,0.9182,0.8901,0.8217,0.8217,47775.3717,47775.3717,21619.605,558971.8489,558971.8489
688575.SH,20250530,14.85,0.4187,0.8219,1.0,28.0925,34.4838,3.056,4.211,4.2394,1.8347,1.8347,57042.68,57042.68,29056.6749,847083.798,847083.798
688186.SH,20250530,25.81,2.4217,3.4068,0.86,48.2346,30.0169,1.7009,1.3813,1.3064,0.4262,0.4262,21424.2233,21424.2233,15229.2233,552959.2034,552959.2034
603226.SH,20250530,8.22,3.5694,13.0241,2.46,,,3.1445,8.6914,9.1662,0.0,,35549.177,35549.177,9742.6507,292214.2349,292214.2349
300986.SZ,20250530,13.14,2.5146,4.6561,0.59,65.0951,41.2331,3.0507,1.8988,1.8221,0.5136,0.5361,36508.3168,36492.6683,19707.9125,479719.2828,479513.6615
603312.SH,20250530,36.06,1.9657,1.9657,1.27,25.5791,23.3047,3.3173,2.6922,2.3502,1.8026,1.8026,16160.0,5252.0,5252.0,582729.6,189387.12
000430.SZ,20250530,7.49,2.759,3.4944,1.03,,,11.7255,7.0251,7.019,0.0,,40481.7686,33173.88,26192.4635,303208.4468,248472.3612
601238.SH,20250530,7.72,0.1989,0.8246,0.8,95.5841,,0.6943,0.7371,0.749,1.6843,1.6843,1019706.59,738369.7595,178073.4968,7872134.8748,5700214.5433
301613.SZ,20250530,55.06,18.0113,18.0113,0.96,41.0582,39.2243,5.4438,4.1554,3.6582,,1.2108,14384.1247,3596.04,3596.04,791989.906,197997.9624
600929.SH,20250530,5.02,0.6223,1.6088,1.24,27.1084,57.1716,1.0959,1.5276,1.6579,4.0289,1.7331,164071.165,163671.0398,63308.8779,823637.2483,821628.6198
300008.SZ,20250530,5.97,5.7751,7.1806,1.08,74.4617,69.466,4.8159,2.6148,2.5672,0.0,,172802.9133,164729.0071,132486.0836,1031633.3924,983432.1724
600028.SH,20250530,5.78,0.1286,0.8616,1.12,13.9329,15.4881,0.8397,0.228,0.2321,5.9942,5.9942,12128155.5698,9484182.4851,1415236.0502,70100739.1934,54818574.7639
002348.SZ,20250530,3.59,1.9347,2.7438,0.49,,,7.6816,10.7862,10.5591,0.0,,94720.0,90353.2249,63710.3681,340044.8,324368.0774
300331.SZ,20250530,20.51,3.0447,3.5778,0.72,,,3.4439,2.8934,2.9228,0.0,,25966.2286,20617.6815,17545.6569,532567.3486,422868.6476
603389.SH,20250530,11.82,3.0879,7.8104,0.97,,,13.3061,15.3444,14.7187,0.0,,26275.2,26275.2,10387.9547,310572.864,310572.864
002825.SZ,20250530,10.18,3.097,4.4001,0.64,27.5608,20.2085,2.2011,1.8326,1.7424,1.3622,1.3622,34202.8676,26027.1948,18319.2617,348185.1922,264956.8431
605018.SH,20250530,11.53,3.232,15.9809,1.1,47.7955,71.8985,1.9861,2.462,2.6583,1.7087,1.7087,47122.5793,47006.5793,9506.5793,543323.3393,541985.8593
002132.SZ,20250530,3.31,3.8677,4.668,1.67,340.9239,218.5249,1.3171,0.9122,0.9139,1.4384,1.4384,140154.4698,139948.2156,115955.4811,463911.295,463228.5936
000883.SZ,20250530,4.65,0.2626,1.0256,1.11,16.6625,21.7362,0.8902,1.509,1.5902,1.9356,1.9356,650045.2524,647975.6454,165891.9813,3022710.4237,3013086.7511
600408.SH,20250530,2.02,2.008,2.9342,0.87,,,1.3979,0.3047,0.3443,0.0,,100680.0,100680.0,68899.2884,203373.6,203373.6
688096.SH,20250530,14.61,3.1122,4.0718,0.86,,,2.7314,5.0891,4.8303,,,16583.5375,16583.5375,12675.0875,242285.4829,242285.4829
603269.SH,20250530,12.55,3.2047,4.3099,0.49,28.8567,27.1421,2.5758,1.7311,1.7382,1.7075,1.7075,22053.6977,22053.6977,16398.5293,276773.9061,276773.9061
301251.SZ,20250530,32.21,5.6605,5.6605,1.19,77.6249,75.681,2.8849,4.2443,3.8479,0.416,0.416,13462.176,5392.624,5392.624,433616.689,173696.419
600055.SH,20250530,18.42,0.6545,1.1999,0.88,82.3025,81.3744,2.7489,8.4957,8.1493,0.7058,0.7058,70306.1058,70306.1058,38348.1077,1295038.4688,1295038.4688
001322.SZ,20250530,8.46,1.5007,1.5007,0.84,122.731,97.5771,1.7624,1.149,1.1628,1.5565,1.5353,96859.725,16561.28,16561.28,819433.2735,140108.4288
002669.SZ,20250530,10.72,2.019,2.8419,0.83,,,1.1937,1.0488,0.9448,0.6488,,30340.0,30189.835,21447.6729,325244.8,323635.0312
002510.SZ,20250530,6.68,17.5724,20.9444,0.63,71.1909,73.8947,2.7141,2.4697,2.4744,0.4168,0.4168,101513.8708,100484.6946,84306.7754,678112.6569,671237.7599
002041.SZ,20250530,9.86,0.7632,1.935,1.0,153.2309,169.8342,2.4144,6.9656,7.3794,0.3651,0.2941,88000.0,88000.0,34708.0741,867680.0,867680.0
002370.SZ,20250530,3.51,3.5842,4.1974,1.09,76.4401,88.9179,2.7273,6.4597,7.3311,0.0,,74566.753,74566.753,63672.1964,261729.303,261729.303
603339.SH,20250530,11.7,0.7996,1.432,1.25,15.2668,15.4549,1.3823,1.9434,1.8857,2.194,2.194,30944.1175,30944.1175,17277.9339,362046.1748,362046.1748
603508.SH,20250530,26.29,0.948,2.2115,0.5,18.2787,17.4365,2.0758,6.6157,6.5291,3.8286,0.9509,38127.4377,38127.4377,16344.9096,1002370.3371,1002370.3371
000878.SZ,20250530,11.53,0.9857,1.489,0.55,18.2668,16.8271,1.5935,0.1298,0.1254,2.8621,2.3417,200362.831,200358.8966,132638.3083,2310183.4414,2310138.0778
920768.BJ,20250530,11.2,3.9118,5.3848,0.83,,102.2383,1.8719,0.7639,0.7342,,,11097.0,7657.1789,5562.542,124286.4,85760.4037
000888.SZ,20250530,13.36,1.6444,2.7225,0.92,30.0017,32.1255,2.6283,6.947,7.1404,1.497,1.497,52691.3102,52691.3102,31826.6608,703955.9043,703955.9043
600725.SH,20250530,3.25,0.9946,1.4257,0.92,,,13.6129,5.2806,5.8531,0.0,,123247.0,123247.0,85981.0643,400552.75,400552.75
002616.SZ,20250530,6.32,8.4836,14.9448,1.17,21.643,19.3999,1.6863,1.2387,1.2495,1.5821,,74202.3734,47028.7634,26696.4734,468958.9999,297221.7847
002875.SZ,20250530,16.9,8.261,13.0447,1.71,,,5.1669,5.6338,6.1529,0.0,,21300.4872,18242.0174,11552.4028,359978.2337,308290.0941
300034.SZ,20250530,15.98,2.8663,4.8443,2.96,51.2173,60.9489,3.3302,3.614,3.477,0.7547,0.7547,79696.1563,76647.6725,45351.393,1273544.5777,1224829.8066
688636.SH,20250530,41.77,1.5702,3.1051,1.35,241.6703,120.8937,4.2236,10.7362,10.0117,0.3361,,11256.1524,11250.1614,5689.1815,470169.4857,469919.2417
000620.SZ,20250530,1.67,1.1154,2.4811,0.82,,,2.0257,3.2222,3.8694,0.0,,587181.504,467172.674,210024.6712,980593.1117,780178.3656
300130.SZ,20250530,26.5,18.9827,22.0305,1.63,64.1885,88.507,3.4481,4.7762,4.9029,3.2478,3.2478,56729.9123,43424.5433,37416.8991,1503342.676,1150750.3975
600851.SH,20250530,6.92,3.9031,8.2952,3.06,55.3385,55.0359,1.9544,10.4951,10.5788,0.9393,0.9393,120705.6692,73820.611,34734.3763,835283.2309,510838.6281
920239.BJ,20250530,43.69,3.3393,3.3393,0.68,28.8157,26.6404,5.8916,1.5478,1.4832,,,13005.3003,4971.0084,4971.0084,568201.5701,217183.357
301236.SZ,20250530,52.2,2.2171,2.5245,1.01,275.7731,191.1978,4.8063,1.5884,1.513,0.3448,0.3448,95294.1177,68031.5389,59748.6767,4974352.9439,3551246.3306
600726.SH,20250530,2.38,1.1542,3.0294,0.9,113.6961,85.4707,4.4508,1.0368,1.0483,0.0,,790733.621,274734.4834,104676.1352,1881946.018,653868.0705
600933.SH,20250530,15.45,1.2513,2.6335,1.32,16.1957,15.7698,1.8132,2.2555,2.2478,1.8627,1.8627,98485.7116,97736.9116,46438.0363,1521604.2442,1510035.2842
603767.SH,20250530,16.85,8.0876,23.2907,0.77,156.4162,213.9956,3.793,5.7294,5.9645,1.1869,1.1869,30863.15,30863.15,10717.15,520044.0775,520044.0775
300940.SZ,20250530,18.38,10.7923,12.9246,1.75,198.3918,66.5507,3.6894,8.9497,6.909,0.0,,22264.4372,14744.7553,12312.1867,409220.3557,271008.6024
601778.SH,20250530,2.61,0.6171,0.8109,0.72,28.7327,24.012,0.6036,1.952,1.8242,0.4126,0.4126,357097.1968,357097.1968,271757.1968,932023.6836,932023.6836
688317.SH,20250530,17.5,1.2105,1.9194,1.67,,,0.9521,18.823,21.0753,0.621,0.621,19215.7999,19215.7999,12118.6439,336276.4983,336276.4983
600378.SH,20250530,23.96,0.2858,0.8111,0.76,29.3305,28.059,1.785,2.2131,1.9928,1.0203,1.0203,128999.962,91127.5041,32107.6918,3090839.0895,2183414.9982
603697.SH,20250530,13.16,2.4946,8.3882,0.72,35.7752,34.2442,3.2443,4.7605,4.3623,3.8754,3.5714,42769.2098,42769.2098,12719.3189,562842.801,562842.801
920396.BJ,20250530,43.08,17.4043,26.8601,0.6,68.2001,71.5515,7.7045,10.14,10.6619,0.5089,0.5089,5998.028,4234.3519,2743.7001,258395.0462,182415.8799
001215.SZ,20250530,28.06,3.0072,5.1146,0.98,32.5753,38.6371,1.5374,1.4592,1.4538,0.682,0.682,9716.0446,9679.1495,5690.9495,272632.2115,271596.935
300211.SZ,20250530,6.58,3.0065,5.5396,0.81,,,4.2617,19.7432,16.9687,0.0,,30392.9723,29848.1824,16199.6851,199985.7577,196401.0402
300071.SZ,20250530,4.85,5.3259,7.0321,1.23,,,34.5609,3.8287,4.0874,0.0,,96388.4336,94535.0866,71598.2969,467483.903,458495.17
000608.SZ,20250530,1.86,2.6671,3.82,0.96,,,0.6081,3.7937,3.4835,0.0,,74991.3309,74475.9609,51998.8609,139483.8755,138525.2873
002687.SZ,20250530,4.46,1.348,1.8932,0.82,25.487,27.7265,1.5174,1.7833,1.7467,4.3292,,50477.9491,41282.9864,29394.2785,225131.653,184122.1193
300785.SZ,20250530,32.19,4.8149,6.3161,0.44,85.0758,71.6351,3.376,4.2179,4.2968,0.4349,0.4349,19885.5243,12223.9455,9318.5793,640115.0272,393488.8056
600831.SH,20250530,2.97,0.9399,1.3275,1.16,,,1.0968,1.3652,1.42,0.0,,71094.6992,71094.6992,50335.6344,211151.2566,211151.2566
603800.SH,20250530,23.19,1.8617,3.5123,0.5,41.2301,77.0218,6.0781,3.5116,4.1168,0.6332,0.6332,20800.0,20800.0,11025.0,482352.0,482352.0
300740.SZ,20250530,15.78,14.2411,24.5669,1.34,55.732,54.8009,2.9995,1.4462,1.4282,0.6343,0.6343,38833.8526,35735.0256,20715.1389,612798.194,563898.704
603822.SH,20250530,48.85,0.8921,1.6158,0.55,,,6.6175,2.9468,3.0251,0.0,,7682.5886,7682.5886,4241.9188,375294.4531,375294.4531
301418.SZ,20250530,32.69,2.4704,2.4704,1.11,64.7076,103.9569,1.4904,7.2589,7.6317,1.0365,0.3054,7333.3334,2943.6334,2943.6334,239726.6688,96227.3758
300834.SZ,20250530,21.06,1.6657,1.6657,0.7,41.9672,43.6067,1.3683,2.408,2.4687,0.9233,0.9233,19371.2353,6888.531,6888.531,407958.2154,145072.4629
002876.SZ,20250530,23.76,1.5005,1.71,1.64,60.6761,61.6849,1.747,1.5954,1.4484,0.105,0.6299,17388.4932,14894.941,13069.8899,413150.5984,353903.7982
301313.SZ,20250530,22.15,2.3599,2.3602,0.84,,,2.9371,6.3525,5.4909,0.6741,0.6741,10469.34,6666.4906,6665.5327,231895.881,147662.7668
301163.SZ,20250530,22.59,1.9446,3.1817,0.83,86.3566,135.0923,1.6531,2.8285,2.5757,1.1067,1.1067,8160.0,5472.5639,3344.7421,184334.4,123625.2185
300172.SZ,20250530,5.09,3.3757,3.7145,0.88,46.4472,47.9984,1.8335,4.1138,4.2638,0.5894,0.9823,67671.0,52351.2387,47576.5986,344445.39,266467.805
300666.SZ,20250530,71.58,2.175,2.4064,1.2,47.4123,38.1259,4.0521,5.2682,4.9547,0.2784,0.2784,26532.0683,22105.2113,19979.6148,1899165.4489,1582291.0249
000514.SZ,20250530,4.42,1.5454,4.1978,0.78,,40.5397,0.9787,9.6013,9.6332,0.2715,0.2715,84377.0965,84377.0965,31062.1866,372946.7665,372946.7665
600282.SH,20250530,4.26,0.4787,1.2853,1.44,11.617,11.4924,1.0068,0.4249,0.443,8.216,4.3427,616509.1011,616509.1011,229601.355,2626328.7707,2626328.7707
000166.SZ,20250530,4.73,0.2612,0.7474,1.45,22.7301,20.4192,1.111,4.7883,4.8275,1.5433,1.5433,2503994.456,2253550.7316,787417.7642,11843893.7769,10659294.9605
688566.SH,20250530,27.0,2.2081,7.2008,1.9,24.5506,24.8891,2.343,6.0061,5.9558,1.9119,1.9119,19943.0865,19943.0865,6115.4263,538463.3355,538463.3355
600741.SH,20250530,18.1,0.3279,0.7867,0.97,8.5289,8.5193,0.9001,0.338,0.3314,4.1436,4.1436,315272.3984,315272.3984,131406.0855,5706430.411,5706430.411
688631.SH,20250530,85.93,9.1799,12.2197,3.5,108.8546,108.1822,7.3473,8.7258,9.5305,0.4771,0.4771,16347.0,6323.52,4750.46,1404697.71,543380.0736
001317.SZ,20250530,46.1,11.3189,16.1723,0.95,429.4663,5946.8012,4.578,3.1206,2.8661,0.2603,0.2603,8004.6296,4198.5578,2938.5578,369013.4246,193553.5146
605305.SH,20250530,25.44,0.8102,1.1574,0.74,17.1742,15.2314,2.0859,4.163,3.9321,0.7862,1.7689,21252.0,21252.0,14876.3999,540650.88,540650.88
300558.SZ,20250530,56.97,2.9981,5.1055,0.85,59.5406,59.2538,4.253,8.2883,7.7981,0.2968,0.2968,42073.3843,41937.4505,24626.4881,2396920.7036,2389176.555
000707.SZ,20250530,6.25,0.7277,0.9718,0.58,10.3356,27.5535,1.2454,1.0033,1.0855,2.24,2.24,46414.5765,46414.5765,34758.2555,290091.1031,290091.1031
603138.SH,20250530,13.62,0.9045,1.6523,0.85,,,4.9601,10.7627,10.3096,0.0,,29433.271,28311.699,15499.0937,400881.151,385605.3404
600732.SH,20250530,11.08,0.984,1.449,0.57,,,6.2298,1.8153,1.5848,0.0,,182761.7666,159844.7243,108552.5301,2025000.3739,1771079.5452
002599.SZ,20250530,8.61,9.7552,11.7616,0.8,,,3.7947,2.2631,2.2957,0.2302,0.2302,53758.6717,40291.3666,33417.9798,462862.1633,346908.6664
920006.BJ,20250530,34.65,23.2335,23.7532,1.14,,,9.721,42.0958,39.1801,1.215,1.215,9028.72,3429.1876,3354.1622,312845.148,118821.3503
002423.SZ,20250530,11.5,0.4815,1.2938,0.92,21.9004,27.2238,1.2222,47.4758,85.1411,1.1565,1.1565,230410.5575,230410.5575,85756.2135,2649721.4113,2649721.4113
600855.SH,20250530,12.29,3.602,6.4708,0.79,,,3.6752,4.9658,5.195,0.0,,46854.2728,46763.9728,26031.234,575839.0127,574729.2257
002139.SZ,20250530,13.31,1.7259,1.8158,0.99,24.716,23.9579,2.4348,1.5803,1.5289,0.4429,0.5183,124683.4988,107108.9847,101808.7668,1659537.369,1425620.5864
688297.SH,20250530,45.97,5.0964,8.096,1.34,,,5.4376,45.2829,36.0935,0.385,,67500.0,27162.1943,17098.3757,3102975.0,1248646.072
300503.SZ,20250530,21.01,3.4431,4.6194,1.1,77.5701,76.6369,5.2915,4.9213,4.8165,0.0,,30607.2836,23908.7302,17820.7062,643059.0284,502322.4215
920060.BJ,20250530,29.3,2.6935,2.6935,0.84,36.1272,36.5819,4.5484,4.2723,4.1677,,1.7065,15204.4663,7010.1274,7010.1274,445490.8626,205396.7328
300817.SZ,20250530,23.52,4.6463,5.9732,0.72,76.2115,76.3292,4.904,6.0497,5.8825,0.8503,0.8503,21829.824,12420.864,9661.68,513437.4605,292138.7213
300955.SZ,20250530,17.79,9.5091,12.4733,0.64,,,1.9589,1.9428,1.9114,1.9674,1.9674,10080.0,5884.6341,4486.1788,179323.2,104687.6406
002060.SZ,20250530,3.47,0.9237,1.2957,0.96,11.1523,11.3981,0.9723,0.1907,0.1884,4.4669,4.0346,375439.3242,156281.466,111412.052,1302774.455,542296.687
002877.SZ,20250530,8.37,2.0438,2.7355,1.02,130.4913,212.6241,2.5852,2.7097,2.8061,0.537,0.537,35387.5534,23854.6491,17822.2631,296193.822,199663.413
301600.SZ,20250530,98.6,4.1239,4.1239,0.71,58.7352,55.5197,8.8452,10.0845,9.7858,,1.7017,10452.35,2614.95,2614.95,1030601.71,257834.07
002250.SZ,20250530,9.2,22.4513,30.2871,2.41,81.2909,55.8345,1.3048,1.4769,1.4655,0.2174,0.2174,91133.3117,90653.4156,67199.8303,838426.4676,834011.4235
000503.SZ,20250530,10.14,1.2533,1.6639,0.85,,,7.3165,27.8807,27.6827,0.0,,98131.2532,95511.1492,71940.8899,995050.9074,968483.0529
002492.SZ,20250530,5.6,2.2835,3.9997,0.99,34.8345,36.9511,1.3374,6.6097,6.7948,2.1429,0.3558,40500.0,39783.4725,22713.2925,226800.0,222787.446
301086.SZ,20250530,42.99,1.2598,2.5621,0.66,35.2634,38.4529,1.9731,4.7251,4.4855,2.0935,2.0935,9000.0,4733.8313,2327.625,386910.0,203507.4076
688411.SH,20250530,69.35,1.9894,1.9894,0.51,19.2786,21.3994,3.0943,1.5103,1.4746,,,18009.2492,3564.9425,3564.9425,1248941.432,247228.7624
688095.SH,20250530,64.91,1.2774,2.1226,1.02,220.1678,187.0332,2.3249,8.3463,7.9721,0.5985,0.5985,9143.9524,9143.9524,5502.8856,593533.9503,593533.9503
300860.SZ,20250530,27.36,3.5593,5.7961,0.82,125.0556,112.7733,1.6646,9.0193,8.1842,1.5515,0.7576,19093.1343,11189.7529,6871.5124,522388.1544,306151.6393
301510.SZ,20250530,29.57,1.6443,2.7205,1.29,235.4482,221.8869,8.542,28.3134,27.1114,0.1268,0.1268,40001.0,27915.926,16873.221,1182829.57,825473.9318
000537.SZ,20250530,8.55,0.5394,1.7185,1.85,17.5193,16.1256,0.8898,4.6012,4.4066,2.1053,2.1053,206660.2352,206660.2352,64869.2715,1766945.011,1766945.011
600312.SH,20250530,15.35,2.8412,4.8503,2.71,20.357,18.0847,1.9221,1.6795,1.6186,2.2801,2.8274,135692.1309,135692.1309,79485.2086,2082874.2093,2082874.2093
002786.SZ,20250530,8.98,1.7614,2.8652,1.34,,,20.3935,2.0037,1.9767,0.0,,49561.2,49411.2,30376.27,445059.576,443712.576
000421.SZ,20250530,6.49,3.7264,8.1152,0.94,81.1791,50.5636,1.374,0.5675,0.5241,1.5505,0.9271,57441.5734,57429.6297,26370.565,372795.8114,372718.2968
605108.SH,20250530,20.89,0.7365,2.3452,0.6,54.2682,63.1506,2.3754,2.1512,2.1502,1.9551,1.9551,26000.0,26000.0,8165.4852,543140.0,543140.0
605178.SH,20250530,19.55,9.5562,16.7042,1.11,,,1.4923,5.69,5.5205,0.0,,9925.16,9925.16,5678.0128,194036.878,194036.878
600433.SH,20250530,3.07,0.5793,1.0735,0.95,29.248,37.8848,1.1831,0.7081,0.7207,0.0,1.9544,175027.9233,175027.9233,94450.9404,537335.7245,537335.7245
002368.SZ,20250530,23.91,1.1391,1.8658,1.04,77.9837,78.0117,2.8348,1.9016,1.9682,0.757,0.757,62323.1286,62021.6484,37866.9392,1490146.0048,1482937.6132
603458.SH,20250530,7.78,3.0677,3.3883,1.58,,,0.8003,1.5828,1.5887,0.7189,0.7189,30612.4514,30612.4514,27716.2789,238164.8719,238164.8719
600990.SH,20250530,26.99,15.4051,28.6338,1.11,,,3.9417,4.601,4.738,0.0,,27328.9812,26901.2696,14473.0042,737609.2026,726065.2665
603517.SH,20250530,16.49,1.4517,2.522,0.55,44.0001,54.8825,1.5644,1.5972,1.6484,4.9142,4.9142,60600.1936,60600.1936,34880.6236,999297.1925,999297.1925
600115.SH,20250530,4.03,0.3522,0.7729,0.7,,,6.4121,0.6799,0.6788,0.0,,2229129.657,1711451.8793,779823.8447,8983392.5177,6897151.0736
600589.SH,20250530,6.99,7.509,9.8208,1.05,,418.7064,14.4122,25.4942,25.2229,0.0,,147846.989,147846.989,113044.0091,1033450.4531,1033450.4531
603222.SH,20250530,6.18,5.2828,8.5685,4.41,,,2.221,4.1832,4.487,,,52509.0615,52509.0615,32373.8075,324506.0001,324506.0001
000937.SZ,20250530,6.7,0.4622,1.5986,1.08,19.5934,28.9059,1.1073,1.2639,1.3588,11.9403,11.9403,353354.685,343339.4152,99272.0484,2367476.3895,2300374.0818
002838.SZ,20250530,18.1,1.2965,2.6719,0.64,61.4377,57.7574,2.5428,1.6335,1.6094,0.33,0.5328,47839.8402,42063.1724,20409.832,865901.1076,761343.4204
688262.SH,20250530,25.46,1.4977,1.7331,0.95,,,3.9677,14.8982,17.7146,,,33599.9913,26435.064,22844.0807,855455.7785,673036.7294
300733.SZ,20250530,16.88,1.7715,2.5072,0.71,101.9442,83.9007,3.1294,2.9428,2.9409,0.0,,30567.628,22551.7783,15934.009,515981.5606,380674.0177
600821.SH,20250530,5.48,0.6259,0.8996,1.05,13.6349,15.5234,1.1617,3.03,3.0215,3.1456,1.7975,199726.3453,199726.3453,138967.2939,1094500.3722,1094500.3722
600653.SH,20250530,1.88,2.0082,2.7325,1.26,94.8009,67.9205,4.5234,0.8726,0.911,0.0,,194638.0317,194638.0317,143048.5612,365919.4996,365919.4996
002344.SZ,20250530,4.34,1.1383,2.4216,1.12,62.6582,62.2242,0.6551,5.3661,5.3771,0.9908,0.9908,128261.696,128145.0092,60233.0025,556655.7606,556149.3399
301162.SZ,20250530,47.07,1.954,2.4514,1.03,60.4651,57.8286,5.0114,10.2933,9.5701,0.7893,0.8321,12022.1656,8522.5549,6793.1767,565883.3348,401156.6591
920077.BJ,20250530,14.69,3.2284,4.7672,0.5,91.9676,88.6879,3.4924,5.3848,5.1312,0.6807,0.6807,58768.1817,31695.6817,21464.7599,863304.5892,465609.5642
300283.SZ,20250530,5.58,2.2819,2.8202,0.88,,,3.2818,0.7784,0.7283,0.3583,0.3583,43728.2403,30752.2683,24882.7193,244003.5809,171597.6571
688156.SH,20250530,14.22,1.3068,1.8075,0.81,,,1.7139,5.1587,5.251,0.3516,0.3516,10071.4157,10071.4157,7281.6427,143215.5313,143215.5313
002105.SZ,20250530,8.65,17.6953,34.1199,1.48,,,3.6462,2.6727,2.5328,0.3469,0.3469,36806.0,36447.1975,18902.3028,318371.9,315268.2584
601728.SH,20250530,8.03,0.1142,0.6172,0.99,22.2586,22.0799,1.5929,1.4034,1.4034,3.2017,3.2017,9150713.8699,7762972.8699,1435912.6872,73480232.3753,62336672.1453
002461.SZ,20250530,11.63,0.3793,2.3917,0.65,31.7683,30.4142,2.4131,4.4915,4.4005,1.0748,1.0748,221332.848,221332.848,35105.8036,2574101.0222,2574101.0222
300501.SZ,20250530,14.05,1.9146,2.4206,0.73,36.4554,39.5022,1.6971,2.3799,2.3249,2.8928,1.8388,19353.7806,12520.1176,9902.9799,271920.6174,175907.6523
002253.SZ,20250530,10.01,4.3325,5.343,0.63,,,2.0232,13.6602,13.7979,0.0,,22562.6095,20776.023,16846.7059,225851.7211,207967.9902
002360.SZ,20250530,5.07,1.9998,2.13,0.59,,,1.0098,3.7407,4.0597,3.6686,3.6686,40177.4248,32727.0912,30725.6537,203699.5437,165926.3524
300949.SZ,20250530,37.8,3.269,6.594,0.62,,,3.3312,5.5429,6.6747,0.0,,6050.65,3430.1063,1700.475,228714.57,129658.0181
301046.SZ,20250530,18.57,1.0659,2.0101,0.95,53.8269,58.5242,3.4121,2.5774,2.4327,1.5879,1.5879,15229.5829,11316.3579,6000.7079,282813.3545,210144.7662
603988.SH,20250530,21.64,1.1381,2.5732,0.5,,413.9459,7.9934,7.6389,7.551,0.2773,0.1848,23520.0,23520.0,10402.4624,508972.8,508972.8
688578.SH,20250530,98.0,1.4772,2.9401,1.56,30.8425,28.7429,7.823,12.3948,11.2688,0.6633,0.6633,45000.0,45000.0,22609.8594,4410000.0,4410000.0
001391.SZ,20250530,7.09,5.2214,5.2214,1.24,44.3162,38.0657,3.377,4.2053,3.9794,,,1220888.1225,83894.3942,83894.3942,8656096.7885,594811.2549
300998.SZ,20250530,19.92,4.9252,8.1207,1.05,,940.2639,2.1224,2.8174,2.552,0.4988,0.4988,13716.923,10768.058,6530.853,273241.1062,214499.7154
001218.SZ,20250530,17.57,1.2352,1.8745,1.12,20.9612,21.9346,1.0215,0.6268,0.5917,3.7416,3.7416,13017.826,11299.903,7446.403,228723.2028,198539.2957
603619.SH,20250530,17.13,1.8609,2.4447,1.39,10.9116,10.108,1.863,1.9154,1.8544,5.5751,5.5751,46233.8461,46233.8461,35194.3263,791985.7837,791985.7837
002439.SZ,20250530,15.3,1.739,1.9143,0.97,,,1.6351,5.5908,6.1102,1.7749,1.7749,121140.0205,72534.2936,65892.8165,1853442.3137,1109774.6921
603037.SH,20250530,16.9,2.5323,3.9799,0.71,35.7997,35.6059,3.3025,4.3235,4.1786,2.1051,2.1051,19148.1834,19043.8834,12117.0253,323604.2995,321841.6295
300078.SZ,20250530,3.67,5.0027,6.0255,1.01,,,7.3917,5.9392,4.5526,0.0,,111787.223,111336.7148,92437.6966,410259.1084,408605.7433
002946.SZ,20250530,19.29,1.3767,6.711,0.95,30.8772,28.5666,5.2334,1.5567,1.555,0.7776,0.959,86067.3916,85070.5703,17451.9192,1660239.984,1641011.3011
001267.SZ,20250530,8.26,0.6564,1.0126,0.69,99.1894,78.912,4.1425,11.0339,8.1336,0.4814,0.6053,78416.4678,57586.1323,37330.26,647720.024,475661.4528
300465.SZ,20250530,14.13,6.3489,9.1128,1.87,199.9607,333.7351,9.8027,5.333,5.6308,0.0,,44374.9357,44374.9357,30916.1301,627017.8414,627017.8414
600689.SH,20250530,12.12,2.6903,4.0929,1.07,132.0312,142.5595,5.2343,2.0252,1.8367,0.0,,20099.1343,15220.4143,10004.52,243601.5077,184471.4213
301550.SZ,20250530,108.0,5.2026,7.6839,0.7,90.6465,90.9161,9.91,22.2464,21.356,0.3193,0.3193,15950.0,9745.6675,6598.631,1722600.0,1052532.09
603615.SH,20250530,20.69,1.5115,3.7736,1.59,,,4.4004,8.9336,9.0261,0.2417,,24182.0,24182.0,9685.6773,500325.58,500325.58
300346.SZ,20250530,31.1,1.5701,1.8249,0.8,79.3239,75.5727,6.398,9.1395,8.7025,0.2148,0.3943,69115.6903,65655.108,56488.6583,2149497.9683,2041873.8588
601857.SH,20250530,8.29,0.0602,0.8858,1.12,9.2135,9.1509,0.9697,0.5164,0.527,5.4282,5.4282,18302097.7818,16192207.7818,1099851.2248,151724390.6111,134233402.5111
603707.SH,20250530,11.26,0.8466,2.6719,0.93,22.0204,24.796,2.7869,4.6366,4.7817,0.8881,0.8881,161563.4969,161563.4969,51190.178,1819204.9751,1819204.9751
601500.SH,20250530,4.53,1.1453,2.0513,0.93,19.2584,22.2402,1.1989,1.0348,0.9429,1.2343,1.2343,158949.0735,157686.0735,88043.7677,720039.303,714317.913
688020.SH,20250530,32.66,0.5112,1.099,0.88,,,1.9165,7.6537,7.2082,0.5688,0.5688,8074.7998,8074.7998,3755.8175,263722.9615,263722.9615
300659.SZ,20250530,13.21,3.8693,4.3807,1.2,,,2.7204,4.3805,4.6577,0.0,,26039.2378,19033.2729,16811.4597,343978.3313,251429.535
600118.SH,20250530,27.66,1.9049,3.9247,1.88,1171.7294,1300.9846,5.1757,6.343,6.2093,0.1446,0.1446,118248.9135,118248.9135,57394.7959,3270764.9474,3270764.9474
300036.SZ,20250530,14.46,1.2989,1.3374,0.96,,,2.7353,4.757,4.9701,0.6916,,49276.6617,43847.7777,42584.2257,712540.5282,634038.8655
000837.SZ,20250530,11.81,3.5738,6.5362,1.06,221.2188,213.322,2.4609,3.0824,3.0332,0.0,,100742.2837,100740.1337,55081.5236,1189766.3705,1189740.979
688699.SH,20250530,31.08,0.6558,1.6111,0.68,482.5579,,2.8391,5.6319,5.7717,,,11006.464,11006.464,4479.9963,342080.9011,342080.9011
300413.SZ,20250530,22.36,1.0322,1.7677,0.85,30.6588,32.9147,1.8261,2.9709,3.0632,0.805,0.805,187072.0815,102169.9958,59658.274,4182931.7423,2284521.1061
920855.BJ,20250530,20.25,1.5635,5.145,0.82,39.0174,33.2262,2.654,5.7687,5.3767,1.3827,1.3827,7473.3333,6707.4411,2038.2683,151334.9993,135825.6823
002324.SZ,20250530,10.04,0.7448,0.9409,0.81,79.1231,65.0406,2.5285,1.3433,1.3455,0.6905,0.6905,111233.6248,77627.5962,61453.685,1116785.593,779381.0658
300004.SZ,20250530,8.24,8.9041,11.9863,0.75,53.0999,49.7648,2.244,6.3749,6.1333,0.0,,47999.3598,47999.3598,35656.6865,395514.7248,395514.7248
300756.SZ,20250530,24.75,3.189,3.386,0.6,530.4535,,2.8416,6.7616,6.5136,0.404,0.202,15759.8176,13123.0353,12359.6437,390055.4856,324795.1237
300915.SZ,20250530,24.38,3.8681,5.3814,0.89,27.6907,37.3882,2.0128,2.822,2.8593,1.1728,1.1682,12583.9268,5760.8588,4140.8588,306796.1354,140449.7375
001318.SZ,20250530,13.34,13.9907,14.6937,0.75,32.9131,32.7545,2.6414,7.2594,7.3149,1.1994,1.1994,28266.0,7706.0,7337.31,377068.44,102798.04
300373.SZ,20250530,47.45,1.4016,2.6919,0.98,25.7188,23.547,2.9228,4.2732,4.1025,1.8032,1.3842,54334.7787,54214.786,28227.324,2578185.2493,2572491.5957
002303.SZ,20250530,3.6,2.3207,2.4606,1.12,19.5763,18.847,1.2063,1.3757,1.3329,15.8333,15.8333,153132.3685,95251.4255,89834.3336,551276.5266,342905.1318
603119.SH,20250530,41.05,4.9019,5.4249,0.9,64.8497,61.464,7.9083,13.1583,12.5939,0.2617,0.2617,36374.215,20387.9483,18422.3482,1493161.5258,836925.2777
605117.SH,20250530,82.38,0.5127,1.2904,0.72,17.9758,16.4599,5.1767,4.7486,4.4759,3.1523,1.4551,64596.6538,64596.6538,25665.4899,5321472.34,5321472.34
688162.SH,20250530,27.76,0.8852,2.1214,0.58,178.6581,171.8416,1.6148,1.081,1.0477,0.7849,0.7849,13719.8775,13710.0775,5721.0775,380863.7994,380591.7514
301276.SZ,20250530,17.9,4.3112,4.3212,0.97,13.5496,14.2619,1.1256,2.1105,2.0957,3.5382,3.352,12960.0,4608.3186,4597.5986,231984.0,82488.9029
920204.BJ,20250530,21.1,2.9966,4.2397,0.54,79.571,98.9885,4.1243,6.7684,6.8694,0.4739,0.4739,9428.7797,4998.6938,3533.0943,198947.2517,105472.4392
600595.SH,20250530,3.63,0.5983,0.9784,0.87,20.6829,16.3476,0.9259,0.6394,0.644,0.0,,400943.0114,400790.5114,245066.5091,1455423.1314,1454869.5564
603398.SH,20250530,5.25,13.9993,22.6333,1.39,,,2.5749,8.2147,11.7799,0.0,,43364.1524,43364.1524,26821.9566,227661.8001,227661.8001
002588.SZ,20250530,8.98,1.4444,2.2713,0.72,12.5218,11.8112,1.4519,1.0079,0.937,1.4497,1.4497,115189.198,85859.757,54600.1159,1034398.998,771020.6179
002649.SZ,20250530,13.45,3.4119,3.4895,1.19,63.3503,44.558,1.9138,1.1412,1.1392,0.1933,1.2714,58534.4532,54864.437,53645.5791,787288.3955,737926.6777
000672.SZ,20250530,8.11,0.7191,1.7143,0.57,12.5297,11.348,0.9328,1.443,1.4319,4.8643,7.6401,96939.545,96939.545,40664.8803,786179.71,786179.71
688083.SH,20250530,92.6,0.8018,1.387,1.0,175.6094,269.9812,4.2726,12.6487,12.5712,0.4842,0.4842,12130.3799,12130.3799,7012.8082,1123273.1787,1123273.1787
000892.SZ,20250530,3.64,2.5714,3.6033,0.97,,,4.0781,9.2777,8.9588,0.0,,98098.0473,71083.6454,50727.2558,357076.8922,258744.4693
600839.SH,20250530,9.89,1.7451,2.2729,0.92,64.8944,52.2756,3.0402,0.4403,0.4277,0.5056,0.5056,461624.4222,461495.8631,354314.5069,4565465.5356,4564194.0861
603063.SH,20250530,28.16,5.8856,7.2831,1.65,28.9856,26.0309,2.8557,3.4207,3.2262,0.6929,0.4249,45349.599,45349.599,36647.659,1277044.7078,1277044.7078
688548.SH,20250530,9.98,0.6289,0.6289,0.82,53.1041,55.5021,2.2386,6.26,6.0103,1.1824,0.4208,131939.8521,68131.3514,68131.3514,1316759.724,679950.887
000659.SZ,20250530,3.23,1.5401,1.8271,0.72,,,20.3838,4.1239,4.1145,0.0,,128570.252,128570.252,108374.1312,415281.914,415281.914
300076.SZ,20250530,6.68,2.0889,2.9721,0.66,,,3.0742,20.1243,23.1835,0.0,,42400.0,42400.0,29800.4,283232.0,283232.0
600658.SH,20250530,4.62,8.2532,15.7532,2.95,,,0.8999,2.4475,3.8484,0.0,,111858.5045,111858.5045,58603.2353,516786.2908,516786.2908
002697.SZ,20250530,5.5,2.778,4.6778,0.92,14.3524,14.5415,1.6759,0.7389,0.7531,2.2545,2.0909,136000.0,107443.955,63807.08,748000.0,590941.7525
301270.SZ,20250530,38.48,2.3881,2.561,0.74,436.8544,243.0934,3.9028,20.1765,19.9397,0.8932,0.2598,10000.0,7406.1625,6906.17,384800.0,284989.133
601900.SH,20250530,15.79,0.823,2.1428,0.94,17.4683,14.4683,1.6463,1.5423,1.5381,3.3668,3.3668,89587.6566,89587.6566,34409.4874,1414589.0977,1414589.0977
600906.SH,20250530,6.42,0.4533,0.7878,0.8,30.3447,30.0367,1.7271,8.5244,8.3348,1.5576,1.5576,324500.0,212423.495,122245.44,2083290.0,1363758.8379
000058.SZ,20250530,8.3,0.8983,3.0656,0.97,272.0612,287.2376,5.077,5.9709,6.1734,0.3614,0.1506,123120.0672,98471.1604,28854.8422,1021896.5578,817310.6313
600522.SH,20250530,13.31,0.8094,1.0468,1.03,16.0069,16.0547,1.2741,0.9453,0.9164,1.6529,1.6529,341294.9652,341294.9652,263883.1769,4542635.9868,4542635.9868
603185.SH,20250530,14.02,1.1408,2.0758,1.47,,,0.8065,1.3037,1.4065,0.1424,0.1424,67902.2202,67902.2202,37317.0982,951989.1272,951989.1272
300725.SZ,20250530,33.82,5.9369,6.5497,1.02,30.7683,32.8153,2.3766,4.0002,3.8246,0.9125,0.8244,19972.9969,16839.5705,15264.0131,675486.7552,569514.2743
600753.SH,20250530,6.62,2.9589,5.1568,1.31,,,,3.7178,4.8914,0.0,,23030.7175,23030.7175,13214.5675,152463.3499,152463.3499
002972.SZ,20250530,11.71,3.1014,4.3299,0.87,32.7043,30.7714,2.3738,9.0242,8.7092,3.8246,2.5498,24600.88,13313.7214,9536.4005,288076.3048,155903.6776
300670.SZ,20250530,6.15,1.7624,2.2918,0.71,245.6068,,3.1278,5.7767,6.5201,0.0,,31692.0479,22469.4226,17278.4981,194906.0946,138186.949
000926.SZ,20250530,2.15,1.4913,1.8921,1.12,,,0.3668,0.3911,0.4272,0.3318,0.3318,159296.4774,157304.6151,123984.2257,342487.4264,338204.9225
688651.SH,20250530,32.81,2.7294,2.7294,0.69,1519.0856,,2.5547,8.4278,8.2855,0.1823,0.1823,7539.9,3151.0426,3151.0426,247384.119,103385.7077
603900.SH,20250530,11.26,17.5604,42.2151,0.79,,,1.9924,3.1597,2.8582,0.8886,0.8886,34302.384,34150.884,14205.9086,386244.8438,384538.9538
688697.SH,20250530,19.0,0.6654,1.6933,1.07,19.0883,19.5817,3.4503,2.5208,2.4997,3.1579,3.1579,32666.67,32666.67,12836.67,620666.73,620666.73
920026.BJ,20250530,28.95,10.1167,12.8308,1.01,,,4.0969,18.9909,14.3909,2.3489,2.3489,8207.7246,2326.1756,1834.1122,237613.6272,67342.7836
603797.SH,20250530,4.52,8.8586,20.5057,5.36,14.7156,14.8532,0.8055,2.5425,2.5629,0.0,,58449.0586,58449.0586,25250.3775,264189.7449,264189.7449
603137.SH,20250530,13.57,3.9242,3.9242,0.8,26.5915,27.3373,1.9735,1.1496,1.1333,1.0527,1.0527,18293.3334,7373.3334,7373.3334,248240.5342,100056.1342
688623.SH,20250530,61.5,1.3052,1.3052,0.58,41.8742,41.3907,1.6903,9.4173,9.6103,2.9901,2.9901,5914.27,1866.6056,1866.6056,363727.605,114796.2444
688067.SH,20250530,20.7,2.3994,4.5754,1.93,61.6255,58.4298,2.8035,6.9232,6.7093,0.4831,0.4831,6800.0,6800.0,3566.0,140760.0,140760.0
301260.SZ,20250530,21.04,11.5718,21.1254,0.74,115.4905,74.7148,2.1933,1.8709,1.9062,0.0,,48245.7074,20443.577,11198.34,1015089.6837,430132.8601
603738.SH,20250530,13.32,1.3408,1.8596,1.09,59.2113,78.8541,2.9317,6.3161,6.1778,0.5925,0.5925,38932.2772,38932.2772,28071.6186,518577.9323,518577.9323
002497.SZ,20250530,10.76,0.8252,0.8848,0.62,48.2336,38.2,1.1712,1.6073,1.6758,0.3198,0.3198,115256.252,105855.134,98727.1505,1240157.2715,1139001.2418
000711.SZ,20250530,1.82,2.179,2.4093,1.66,,,7.8666,13.7612,10.4391,0.0,,285697.6223,228522.9347,206680.9809,519969.6726,415911.7412
002073.SZ,20250530,7.79,1.5504,1.8168,1.11,15.6919,15.4606,1.317,1.1065,1.0559,1.277,1.277,101963.1531,99096.3081,84565.4595,794292.9626,771960.2401
300252.SZ,20250530,9.84,3.4193,4.2417,0.92,520.6553,172.6519,3.0058,3.049,2.9163,0.0,,66215.3834,52977.7687,42706.5974,651559.3727,521301.244
603928.SH,20250530,10.02,2.0358,6.5599,1.01,64.8108,69.5402,1.7178,1.7695,1.7357,1.2821,1.2821,26208.0,26208.0,8133.372,262604.16,262604.16
301257.SZ,20250530,30.6,4.9672,8.9893,0.96,22.8582,26.6975,2.0607,3.0269,3.0575,0.9076,0.9076,7950.254,7560.2633,4177.5898,243277.7724,231344.057
600843.SH,20250530,11.64,7.5865,9.7842,2.62,,,2.806,1.8819,1.8775,0.4195,0.4195,71316.648,46922.273,36382.7372,830125.7827,546175.2577
600135.SH,20250530,7.29,0.9749,1.795,0.59,,,1.6519,2.7162,2.8384,0.0,,55330.7099,55330.7099,30053.0656,403360.8752,403360.8752
002239.SZ,20250530,2.9,2.2362,2.9334,1.28,90.7352,84.7112,1.7222,1.1793,1.1418,0.2872,0.2872,330962.3844,324315.3144,247232.4614,959790.9148,940514.4118
603668.SH,20250530,13.16,1.7487,2.7164,1.69,253.9402,179.9113,2.932,1.1292,1.1039,0.304,0.304,50233.5741,50233.5741,32339.296,661073.8352,661073.8352
300227.SZ,20250530,8.31,3.2664,3.4815,1.18,,,2.6859,3.6756,3.4841,0.3008,0.3008,49458.1391,41258.5429,38708.7429,410997.1359,342858.4915
002149.SZ,20250530,18.33,2.8631,4.3525,1.07,56.7196,58.403,2.9676,3.038,2.9878,1.3639,1.3639,48821.4274,48813.9274,32110.2324,894896.7642,894759.2892
600543.SH,20250530,6.0,6.1915,9.7826,2.41,,,2.4096,5.8695,6.2405,0.0,,32112.0,32112.0,20323.8083,192672.0,192672.0
600379.SH,20250530,10.35,3.6352,6.5135,0.4,37.8222,36.7631,4.4366,2.3341,2.4733,1.0338,1.2368,33020.1564,33020.1564,18428.448,341758.6187,341758.6187
301175.SZ,20250530,5.21,3.3267,3.3267,0.63,23.9121,23.5337,2.2112,4.6118,4.475,1.9194,2.5912,147188.0,62188.0,62188.0,766849.48,323999.48
920985.BJ,20250530,10.13,1.5336,2.3491,0.97,17.205,22.6204,2.2406,0.8244,0.8345,2.1437,2.1437,30947.62,21072.1859,13757.1859,313499.3906,213461.2432
600838.SH,20250530,8.14,1.8622,2.7627,0.71,77.6364,73.7177,2.1408,35.1997,35.1979,0.5774,0.5774,40088.1981,40088.1981,27021.328,326317.9325,326317.9325
300300.SZ,20250530,3.66,3.5639,4.5467,1.5,429.6929,103.9271,15.4877,14.4414,13.7244,0.0,,66684.7062,66679.7962,52265.955,244066.0247,244048.0541
002305.SZ,20250530,2.01,3.7974,6.3815,0.78,,,,1.1738,1.2053,0.0,,173421.577,173410.3276,103190.0979,348577.3698,348554.7585
300769.SZ,20250530,27.6,1.5102,1.8658,0.75,,,1.4348,1.0158,1.0011,0.0,,28018.803,25175.3158,20376.8849,773318.9628,694838.7161
688768.SH,20250530,48.31,0.4588,0.7381,0.51,39.2812,35.0702,4.0324,7.2355,6.9636,0.2223,0.2223,8742.7353,8670.2189,5389.2683,422361.5423,418858.2751
688349.SH,20250530,23.48,0.713,0.713,0.9,15.892,21.2524,2.1198,1.6185,1.5778,2.4523,2.4523,122640.4215,18828.5715,18828.5715,2879597.0968,442094.8588
920564.BJ,20250530,23.71,6.1878,9.9971,1.07,302.3923,294.297,5.5878,9.881,9.8293,0.2113,0.2113,7439.1018,3378.2457,2091.0135,176381.1037,80098.2055
002833.SZ,20250530,17.1,1.8847,2.6413,0.82,14.0217,14.2792,2.5599,2.6927,2.7297,5.2631,5.2631,42423.1281,28855.823,20589.9128,725435.4905,493434.5733
600320.SH,20250530,4.36,1.2087,2.2267,0.83,43.0534,37.1079,1.4673,0.6666,0.6652,1.1468,1.1468,526835.3501,332199.7661,180323.2242,2297002.1264,1448390.9802
688552.SH,20250530,32.0,9.0343,9.0343,0.6,,,4.1291,49.546,19.6807,0.2875,0.2875,33724.8,8682.7551,8682.7551,1079193.6,277848.1632
603116.SH,20250530,5.87,1.473,3.5354,0.81,,,1.2042,1.5794,1.6081,3.3568,3.3568,57620.08,57620.08,24006.6792,338229.8696,338229.8696
000060.SZ,20250530,4.45,0.562,0.8743,0.78,15.3737,14.9096,1.1934,0.2781,0.2874,1.2584,1.2584,373759.6809,373731.4153,240225.3455,1663230.58,1663104.7981
688120.SH,20250530,147.82,1.0199,1.2103,0.94,34.1923,33.1785,5.2012,10.2731,9.6174,0.2495,0.2495,23672.4893,16997.262,14323.4139,3499267.3683,2512535.2688
300873.SZ,20250530,20.34,3.7482,5.9504,0.98,15.9849,15.9542,1.5215,2.8424,2.8451,1.9373,1.9373,23060.1779,16683.9685,10509.3654,469044.0185,339351.9193
300641.SZ,20250530,23.62,4.5351,10.445,2.76,10.574,8.2808,3.9458,3.6153,3.2978,1.7543,1.7543,53268.2322,53268.2322,23128.5282,1258195.6446,1258195.6446
300232.SZ,20250530,6.63,1.8036,2.0452,0.66,72.4227,53.5711,1.5829,0.9306,0.9206,0.7518,3.6033,109110.7141,88626.7403,78157.1606,723404.0345,587595.2882
002367.SZ,20250530,6.85,2.5239,8.8144,1.04,15.3191,14.6872,1.6251,1.3401,1.3522,5.1028,4.3739,79878.6187,52668.0483,15080.9177,547168.5381,360776.1309
300913.SZ,20250530,46.44,1.9574,6.2462,0.64,78.7751,71.7483,9.6431,6.5815,6.308,0.257,0.257,25956.1736,21217.9436,6649.1936,1205404.702,985361.3008
603858.SH,20250530,16.7,0.6381,1.3786,1.58,,,1.7633,1.6783,1.6566,0.7342,0.7342,110604.2645,110604.2645,51193.463,1847091.2172,1847091.2172
002124.SZ,20250530,3.12,4.9395,5.1564,2.3,4.753,7.0614,1.8231,0.7189,0.6907,0.0,,222193.3832,197235.9148,188938.0102,693243.3556,615376.0542
000582.SZ,20250530,8.66,1.947,4.3994,0.72,16.5242,19.6725,1.1239,2.8764,2.8345,3.9151,2.25,232613.7868,180986.5305,80095.5229,2014435.3937,1567343.3541
002422.SZ,20250530,38.56,1.3389,1.5694,0.91,20.9888,24.7082,2.6682,2.825,3.0837,2.7366,0.6712,159805.3372,130587.473,111410.9486,6162093.8024,5035452.9589
300505.SZ,20250530,17.26,5.9767,6.5193,0.7,26.9472,20.8355,1.8729,1.4791,1.4175,0.6373,1.7381,27486.7523,21736.1222,19927.0097,474421.3447,375165.4692
002053.SZ,20250530,11.31,0.9919,3.7274,2.17,15.4265,19.3064,1.4181,3.0157,3.0339,1.4147,2.9178,92072.9464,92070.0299,24499.4605,1041345.0238,1041312.0382
603237.SH,20250530,18.55,11.6272,17.1943,1.22,25.8755,22.0679,2.1974,1.6337,1.6082,3.7805,3.7805,19827.3527,12187.5642,8241.5242,367797.3926,226079.3159
300440.SZ,20250530,8.99,4.5381,6.8953,2.84,81.7673,70.8238,2.5359,4.0518,3.8966,0.4856,0.6299,44391.86,44222.3565,29104.6131,399082.8214,397558.9849
301199.SZ,20250530,34.23,3.2777,4.4322,1.08,52.9904,46.3667,2.4261,4.1835,4.3104,0.2045,0.2045,13334.0,4559.0,3371.5,456422.82,156054.57
000632.SZ,20250530,3.59,3.7227,4.7408,0.82,,,1.6916,0.1595,0.1879,0.0,,46551.957,46548.1606,36552.1005,167121.5256,167107.8966
000504.SZ,20250530,6.99,0.8652,1.3758,0.84,,,9.8216,17.158,17.6194,0.0,,33002.3098,31066.8701,19536.7046,230686.1455,217157.422
002001.SZ,20250530,21.93,0.5195,1.0533,1.0,11.485,9.7982,2.3171,3.119,2.9889,2.052,3.191,307342.168,303701.1928,149777.9497,6740013.7442,6660167.1581
688131.SH,20250530,44.1,6.5619,12.1165,3.49,46.1497,37.6322,3.3176,4.0981,3.9231,0.3332,0.4307,21095.9781,20618.0846,11166.1345,930332.6342,909257.5309
002507.SZ,20250530,13.6,0.9343,1.4466,1.05,19.6327,19.6168,1.7496,6.5741,6.6736,2.2059,2.2059,115391.9028,114891.4515,74201.6595,1569329.8781,1562523.7404
002333.SZ,20250530,5.34,0.4827,1.5022,0.71,70.5069,79.1812,1.9141,2.1523,2.0874,0.6554,0.1873,67492.48,65256.31,20967.5612,360409.8432,348468.6954
000534.SZ,20250530,14.03,1.6236,2.6533,1.69,36.6948,35.4229,4.7408,6.5556,6.2956,0.806,0.806,50410.4316,49740.6691,30437.0875,707258.3553,697861.5875
003042.SZ,20250530,17.5,18.1446,35.3948,1.51,,,1.8336,1.2383,1.1912,0.0,,14248.0,12671.516,6495.866,249340.0,221751.53
002475.SZ,20250530,30.4,1.5323,2.4619,1.07,16.4842,15.8071,3.0602,0.8197,0.792,0.9773,0.9773,724745.0805,723430.6375,450276.8739,22032250.4472,21992291.38
600361.SH,20250530,3.86,1.7856,1.7856,1.17,15.6921,16.9471,1.4411,0.1959,0.1926,1.8135,1.8135,410743.5885,146926.1844,146926.1844,1585470.2516,567135.0718
603100.SH,20250530,20.5,0.5158,1.1282,0.44,13.523,14.1563,2.375,1.3859,1.4081,2.8149,4.2787,51324.6484,51004.5559,23317.8716,1052155.2922,1045593.396
300865.SZ,20250530,23.12,4.4344,10.7266,2.9,,2702.3851,2.5707,5.9493,5.8613,0.2379,,9568.0,6774.8052,2800.6986,221212.16,156633.4962
300096.SZ,20250530,4.18,1.6421,1.9592,0.95,,,6.31,3.2188,3.1594,0.0,,43000.0,43000.0,36039.3251,179740.0,179740.0
600038.SH,20250530,36.81,0.9372,1.682,1.28,54.2935,48.085,1.7769,1.0139,1.0491,0.4848,0.5542,81989.3213,66893.5221,37271.6611,3018026.9171,2462350.5485
600128.SH,20250530,9.57,5.4628,7.4305,1.21,70.6783,69.9733,1.1098,0.3298,0.3155,1.0449,1.0449,24676.75,24676.75,18141.9029,236156.4975,236156.4975
603698.SH,20250530,17.83,0.662,2.3797,1.34,50.5094,45.4562,2.8299,2.8028,2.3775,0.5889,0.6057,53599.0,53599.0,14910.1927,955670.17,955670.17
002730.SZ,20250530,16.65,5.0554,10.8078,0.64,63.8416,65.0121,3.812,5.0696,4.9826,0.7808,0.7808,36207.988,34602.988,16185.738,602863.0002,576139.7502
002284.SZ,20250530,11.33,4.7755,8.4565,1.0,39.3272,33.1606,2.7816,1.9655,1.8622,0.8826,,73910.0348,73121.4173,41292.9298,837400.6943,828465.658
002537.SZ,20250530,8.33,2.4609,3.2839,0.32,198.8886,218.6678,2.4065,1.306,1.3731,0.0,,117401.6745,117401.6745,87979.7597,977955.9486,977955.9486
600593.SH,20250530,28.67,3.563,7.6776,0.89,,,26.2999,7.3088,7.4146,0.0,,12880.0,12880.0,5977.2255,369269.6,369269.6
000809.SZ,20250530,3.21,2.8908,4.3997,2.46,,,0.9783,6.9164,6.9533,0.0,,82479.1293,82479.1293,54193.3793,264758.0051,264758.0051
601882.SH,20250530,18.76,0.3725,1.3701,1.03,18.7244,19.9259,3.7452,2.9216,2.936,1.4392,1.919,52200.0,52200.0,14190.4977,979272.0,979272.0
000564.SZ,20250530,2.46,1.8537,2.6477,0.61,,,2.8854,31.2029,31.7647,0.0,,1805806.3354,1471503.0732,1030260.2987,4442283.5851,3619897.5601
000617.SZ,20250530,6.79,0.9113,4.5616,1.33,18.4522,20.473,0.8382,106.7033,102.0469,1.7231,2.6068,1264207.9079,1264207.9079,252557.9044,8583971.6946,8583971.6946
002578.SZ,20250530,3.14,2.0537,3.6432,1.1,141.8736,209.3897,1.9286,1.3222,1.3901,1.2739,1.2739,93863.0183,86116.2561,48544.5537,294729.8775,270405.0442
300396.SZ,20250530,13.56,1.4967,3.124,0.82,26.0552,103.2891,1.85,3.0365,5.0126,3.7125,1.9174,27270.0161,27245.1937,13053.2434,369781.4183,369444.8266
002286.SZ,20250530,10.91,16.3834,23.2891,1.09,36.2916,29.1597,1.9322,1.6797,1.5912,1.0561,0.3208,36976.738,36960.778,26001.2086,403416.2116,403242.088
002574.SZ,20250530,6.79,16.5532,36.0684,1.06,199.423,,1.1707,0.9113,1.0091,1.4728,1.4728,52800.0,52800.0,24232.0827,358512.0,358512.0
300131.SZ,20250530,6.87,2.0779,2.1413,1.11,129.3668,131.7775,4.4036,1.4585,1.4566,0.0,,113501.9485,104226.7516,101141.0193,779758.3862,716037.7835
600829.SH,20250530,7.97,2.3178,9.2064,1.24,21.6705,25.5655,1.579,0.46,0.4568,1.8068,1.8068,57988.8597,57988.8597,14599.4243,462171.2118,462171.2118
001225.SZ,20250530,32.82,2.9954,3.8981,1.09,36.8872,44.4216,1.5626,8.462,9.6646,3.8087,3.7233,6466.68,2103.8773,1616.68,212236.4376,69049.253
301379.SZ,20250530,27.43,2.3001,2.3001,0.9,25.8781,24.1631,2.8003,2.6351,2.4765,1.0416,1.0416,14187.6,9122.575,9122.575,389165.868,250232.2323
300343.SZ,20250530,4.07,1.0684,1.2164,0.83,199.0059,102.5312,2.2173,5.008,4.9094,,,106896.9119,106621.9389,93649.7579,435070.4314,433951.2913
300683.SZ,20250530,25.26,2.8687,4.7771,1.59,,,1.3905,5.0948,4.9074,0.0,0.5146,13089.4391,12206.4641,7330.2141,330639.2317,308335.2832
301182.SZ,20250530,30.4,5.2858,6.0426,1.1,,,3.7608,4.8868,4.8189,0.0,,9582.17,3825.17,3346.0715,291297.968,116285.168
600530.SH,20250530,7.6,6.0468,13.2648,0.56,193.2129,218.8064,18.4721,18.1111,18.2309,0.0,,77492.0,77492.0,35324.9283,588939.2,588939.2
603577.SH,20250530,11.49,22.9866,57.7586,2.02,25.1888,25.1336,2.0801,0.8437,0.8404,0.4352,1.1906,33913.91,33913.91,13496.9567,389670.8259,389670.8259
920016.BJ,20250530,26.61,16.2797,16.2797,0.79,55.9298,75.9162,5.598,9.2211,9.0406,0.4885,0.7516,7698.1929,2635.9121,2635.9121,204848.9131,70141.621
002376.SZ,20250530,7.08,8.3836,11.791,0.88,118.2369,80.1546,1.538,2.415,2.3304,1.6508,2.766,81056.2541,78746.4555,55990.2303,573878.279,557524.9049
300661.SZ,20250530,92.22,1.5705,2.4035,0.98,87.3976,86.4671,9.5745,13.0626,12.8307,0.1077,0.1077,47408.8696,45463.002,29705.9741,4372045.9545,4192598.0444
002515.SZ,20250530,5.81,5.2034,6.4749,2.27,113.1307,111.8824,2.6918,20.4537,20.6743,0.3442,0.5164,121061.4164,116097.2693,93299.8014,703366.8293,674525.1346
002906.SZ,20250530,33.16,1.5889,3.8397,0.81,26.7222,26.1916,2.7354,1.7136,1.6335,1.0549,1.4475,52490.7041,52471.7583,21713.0648,1740591.748,1739963.5052
600939.SH,20250530,2.91,0.5649,2.2652,0.63,,,0.7129,0.203,0.2065,0.3436,0.3436,190179.9449,190179.9449,47430.8268,553423.6397,553423.6397
603103.SH,20250530,15.45,0.5885,5.0304,0.81,,352.9449,6.4868,4.9701,4.2578,0.7767,0.7767,63420.0,63420.0,7420.0,979839.0,979839.0
301048.SZ,20250530,10.06,1.472,5.888,0.81,28.1503,29.5671,1.9994,1.7345,1.8182,0.487,0.487,53333.34,53333.34,13333.34,536533.4004,536533.4004
603686.SH,20250530,17.8,42.19,51.7558,2.4,50.8421,51.3864,2.1702,1.4672,1.4733,1.4045,1.4045,41543.0404,41543.0404,33864.8504,739466.1191,739466.1191
603879.SH,20250530,5.4,4.9821,7.9045,2.47,,,7.5036,5.2395,5.2955,0.0,,35934.444,35934.444,22649.0554,194045.9976,194045.9976
300196.SZ,20250530,11.84,3.7757,4.8212,2.82,17.6111,15.8062,1.0689,1.818,1.7016,1.2657,1.6677,40871.6549,24631.7334,19289.8731,483920.394,291639.7235
002768.SZ,20250530,25.67,1.1708,1.7501,1.05,10.2945,10.4814,1.3817,0.3623,0.3625,0.6943,,27125.0,17674.8125,11824.8125,696298.75,453712.4369
301566.SZ,20250530,16.01,3.1497,4.2083,1.06,56.2899,47.0983,4.6541,19.8062,18.6324,0.3748,0.3748,40001.0,21108.6774,15798.9573,640416.01,337949.9252
688306.SH,20250530,9.42,0.917,2.4225,1.0,1411.4292,709.4245,6.5567,4.347,4.6054,,,122828.28,122828.28,46497.9649,1157042.3976,1157042.3976
002135.SZ,20250530,4.28,0.9915,1.7309,0.78,25.069,31.9895,0.7581,0.4247,0.4472,2.3877,1.6355,111551.713,104386.6712,59793.2813,477441.3316,446774.9527
003013.SZ,20250530,14.84,0.404,1.8174,1.03,12.318,13.6782,2.1543,2.2051,2.2329,3.2346,,40832.6898,39989.7575,8889.4467,605957.1166,593448.0013
000526.SZ,20250530,50.59,0.8781,1.4002,0.84,34.3097,30.3283,7.2259,2.213,2.0939,0.0,,12186.1109,11779.8259,7387.3734,616495.3504,595941.3923
600353.SH,20250530,10.53,8.9159,15.3585,0.67,85.2847,81.4048,4.877,5.5089,5.6661,0.3804,0.5698,82997.6239,82881.1159,48113.8997,873964.9797,872738.1504
600750.SH,20250530,23.06,0.666,1.176,0.97,18.3987,17.9849,3.4963,3.2695,3.3017,5.207,5.207,62886.8022,62729.2416,35528.208,1450169.6587,1446536.3113
002921.SZ,20250530,13.6,3.0577,3.9001,1.4,,,1.7141,1.7528,1.7536,0.6462,0.6462,13855.6236,11810.8239,9259.8943,188436.481,160627.205
002328.SZ,20250530,5.48,2.3384,2.6455,1.5,27.4764,29.0265,1.27,0.8429,0.9112,2.8467,2.8467,77177.0,57079.1896,50452.6896,422929.96,312793.959
002024.SZ,20250530,1.86,0.1241,0.351,0.82,28.2217,23.7544,1.3659,0.3034,0.3018,0.0,,926476.7618,925444.1318,327062.7251,1723246.7769,1721326.0851
603806.SH,20250530,12.12,0.2611,0.6858,0.65,24.1808,26.6327,1.9409,1.6513,1.8119,1.5307,1.5307,260873.6486,260873.6486,99312.02,3161788.621,3161788.621
000563.SZ,20250530,3.39,0.8413,1.4906,1.25,12.7375,12.5586,0.9487,5.9216,5.9383,3.2448,1.1799,511397.0358,511397.0358,288624.8934,1733635.9514,1733635.9514
600078.SH,20250530,5.56,0.812,1.3951,0.76,,,2.2392,1.0977,1.0323,0.5576,0.5576,66257.2861,66257.2861,38563.8247,368390.5107,368390.5107
603210.SH,20250530,20.24,5.6265,5.6265,1.0,38.9841,37.6202,3.9933,4.08,3.9098,,,34040.0,7358.7566,7358.7566,688969.6,148941.2336
301080.SZ,20250530,52.5,2.3358,3.1567,1.25,50.8752,47.1067,2.4035,9.7671,9.1902,1.7104,2.2809,12000.0,9058.6178,6702.8897,630000.0,475577.4345
603663.SH,20250530,22.84,1.656,3.836,0.69,127.801,138.3426,7.3569,9.1876,9.4103,0.328,0.328,42394.214,42281.975,18253.4593,968283.8478,965720.309
600815.SH,20250530,2.81,1.1919,2.6359,0.99,736.5573,717.7095,3.2724,7.2955,7.38,0.0,,177409.448,177409.448,80220.9217,498520.5489,498520.5489
002050.SZ,20250530,25.85,1.5677,2.8285,0.69,31.1317,28.7591,4.9991,3.4523,3.3068,1.3471,1.3531,373238.9535,367045.0033,203435.5426,9648226.948,9488113.3353
300788.SZ,20250530,30.04,0.8816,3.3266,1.07,48.134,42.2937,2.575,3.385,3.3519,1.032,1.032,19015.1515,19015.1515,5039.0151,571215.1511,571215.1511
603788.SH,20250530,15.61,3.2221,7.3929,1.73,18.27,17.7543,1.6478,2.3839,2.3235,3.8437,,22306.5068,22306.5068,9722.0468,348204.5711,348204.5711
605259.SH,20250530,19.26,1.1875,2.7244,0.73,17.8521,16.0657,1.8933,1.4769,1.349,1.8543,1.8543,17248.0,17248.0,7517.6584,332196.48,332196.48
002117.SZ,20250530,10.42,3.0059,4.3468,1.58,34.579,34.6839,4.1009,4.634,4.7444,2.9928,2.4952,52372.0955,52355.468,36205.143,545717.2351,545543.9766
920925.BJ,20250530,15.65,10.5445,15.4388,1.79,255.8015,180.5043,4.2578,8.2159,7.4367,0.6334,0.6334,9768.6643,5529.5053,3776.6043,152879.5963,86536.7579
000908.SZ,20250530,5.25,3.7205,5.0732,1.8,30.3262,32.6355,66.0729,11.1021,11.1145,0.0,,87977.4351,87977.4351,64519.14,461881.5343,461881.5343
301326.SZ,20250530,67.3,11.5339,13.9177,1.06,,,3.8539,6.1283,6.1075,0.2955,0.2955,7219.2828,2687.5368,2227.2193,485857.7324,180871.2266
600339.SH,20250530,3.12,0.4218,1.5173,0.93,27.4125,29.653,0.6529,0.2027,0.1972,1.3141,1.3141,558314.7471,558314.7471,155218.0662,1741942.011,1741942.011
002307.SZ,20250530,4.12,2.4677,3.9563,1.55,,,1.7622,0.5115,0.5088,0.2427,0.2427,126829.1582,109103.0717,68051.5931,522536.1318,449504.6554
301065.SZ,20250530,22.11,2.6765,4.6624,0.62,36.3022,37.071,1.7781,3.307,3.4342,0.4401,0.4401,10602.0,8628.75,4953.375,234410.22,190781.6625
300265.SZ,20250530,8.79,6.5259,10.862,1.21,85.9445,97.2927,1.8097,1.5537,1.5899,0.9101,0.9101,45829.5022,45799.5397,27516.5397,402841.3243,402577.954
603172.SH,20250530,15.17,3.2254,3.7236,1.02,52.7899,47.1993,1.8875,3.7811,3.6268,0.6592,0.6592,13338.0,5008.0,4337.99,202337.46,75971.36
600605.SH,20250530,38.88,2.7894,6.0854,1.63,84.3328,85.9342,5.8821,58.7467,60.1916,1.5432,0.3601,20628.2429,20628.2429,9455.5154,802026.084,802026.084
688521.SH,20250530,87.31,1.7534,2.8754,1.15,,,22.7542,18.8336,18.2707,,,50085.2832,49898.9298,30428.5261,4372946.0762,4356675.5608
688187.SH,20250530,43.82,1.1415,1.2333,1.29,16.2061,15.9319,1.454,2.409,2.3512,1.78,1.78,136933.9712,27932.1813,25852.6027,6000446.618,1223988.1846
300200.SZ,20250530,11.01,12.4031,21.555,1.09,35.0547,39.1135,3.0307,4.0183,4.1537,0.0,1.3164,43097.3206,42326.3062,24355.2899,474501.4998,466012.6313
002866.SZ,20250530,16.15,8.3962,11.124,1.8,,,2.2839,2.3918,2.348,0.0929,,28952.2256,18126.6506,13681.6256,467578.4434,292745.4072
002647.SZ,20250530,5.15,1.8601,2.2821,1.15,,,6.6329,5.0224,5.8909,0.0,,113029.1657,67773.5988,55241.1909,582100.2034,349034.0338
002890.SZ,20250530,12.69,1.7572,2.9819,1.49,127.7985,128.6446,3.5974,6.6987,6.7879,0.6062,0.6062,16987.516,16148.4212,9516.1303,215571.578,204923.465
600129.SH,20250530,21.23,2.0555,3.3546,1.25,443.5865,,3.3153,0.9545,1.0742,1.4131,1.4131,55689.0744,55689.0744,34123.092,1182279.0495,1182279.0495
603029.SH,20250530,18.16,2.8027,6.7364,0.78,31.7867,31.6126,2.4378,2.8561,2.7964,0.9361,,12134.2,12134.2,5048.5248,220357.072,220357.072
688166.SH,20250530,51.66,2.2395,3.6447,1.09,115.3731,158.0855,8.9963,17.0167,18.3189,0.1857,0.1857,42246.9516,42246.9516,25958.888,2182477.5197,2182477.5197
000957.SZ,20250530,11.41,5.563,8.3086,0.86,27.1202,23.8563,2.2401,1.1798,1.1008,0.298,0.5609,59290.3936,59290.3936,39698.1056,676503.391,676503.391
002905.SZ,20250530,8.6,1.362,7.0823,0.88,,,17.7759,3.1966,2.8149,0.0,,37632.0,34944.0,6720.0,323635.2,300518.4
300878.SZ,20250530,16.74,4.7322,16.9791,1.78,,,2.1489,6.9015,10.9663,1.4652,0.8205,14479.0322,14412.3959,4016.8314,242378.999,241263.5074
688228.SH,20250530,58.2,2.9437,6.6344,1.51,190.8779,186.8209,3.0401,6.3626,6.659,0.3157,0.2544,6751.824,6751.824,2995.744,392956.1568,392956.1568
001287.SZ,20250530,17.94,1.7733,3.2982,1.31,57.5103,50.4254,2.5679,0.2803,0.2507,0.4738,0.4738,75990.0097,43739.4498,23517.0579,1363260.774,784685.7294
600987.SH,20250530,7.12,0.6612,1.422,0.72,10.0988,9.9889,1.1721,0.6338,0.6438,4.3373,4.2135,102081.8873,102081.8873,47464.009,726823.0376,726823.0376
603158.SH,20250530,8.24,4.1697,7.0394,1.78,16.1879,16.9621,1.7632,1.0606,1.059,1.9208,1.9208,49079.9306,49079.9306,29071.9958,404418.6281,404418.6281
603310.SH,20250530,18.71,6.1701,6.1701,1.07,25.479,32.9388,1.6164,5.8341,6.5384,2.1379,2.1379,34534.0,6907.2,6907.2,646131.14,129233.712
301177.SZ,20250530,29.01,4.2952,4.2952,0.51,218.8269,261.9979,1.8287,7.8279,7.9283,1.7235,1.7235,40001.0,4001.0,4001.0,1160429.01,116069.01
688469.SH,20250530,4.82,0.6593,0.6593,0.93,,,2.777,5.2347,4.9454,,,706908.52,442980.0,442980.0,3407299.0664,2135163.6
603221.SH,20250530,10.93,2.1159,8.1381,1.1,19.3812,21.48,1.654,2.0424,2.0755,0.9149,,24458.0,24227.0,6299.0,267325.94,264801.11
600116.SH,20250530,6.85,0.688,1.4808,1.0,42.2917,44.6264,1.1871,1.269,1.2935,2.1688,2.8915,191214.2904,191214.2904,88844.6091,1309817.8892,1309817.8892
605555.SH,20250530,19.98,0.829,2.2335,0.49,18.1093,18.2982,2.4092,1.8168,1.742,1.7518,1.7518,37236.08,37236.08,13821.1647,743976.8784,743976.8784
002100.SZ,20250530,6.49,6.1462,8.5834,5.53,14.6441,12.6735,1.244,0.5159,0.504,0.0,,136525.1515,136525.1515,97759.3855,886048.2332,886048.2332
920807.BJ,20250530,10.77,1.6311,2.3557,0.58,80.3065,93.6066,2.0852,3.4212,3.4049,1.6713,1.6713,18188.0,12363.2757,8560.7683,195884.76,133152.4793
600172.SH,20250530,4.19,6.6939,8.8751,0.79,,,4.5005,4.6437,4.6745,0.0,,144218.4476,127625.575,96259.9564,604275.2954,534751.1593
920163.BJ,20250530,17.42,5.3576,9.606,0.9,50.1228,52.2281,4.7035,3.2092,2.9376,1.4384,1.4384,12871.516,6137.7435,3423.206,224221.8087,106919.4918
300905.SZ,20250530,28.54,16.4475,31.0653,5.51,44.5272,44.1083,2.7534,3.725,3.7774,1.7362,1.0512,17789.7756,13567.3277,7183.2255,507720.1956,387211.5326
605366.SH,20250530,6.1,5.4488,13.8833,2.11,,,1.9623,2.6217,2.6604,0.6288,0.6288,63500.8288,63232.3133,24817.0249,387355.0557,385717.1111
688558.SH,20250530,24.5,0.6868,2.3173,0.75,25.2698,23.769,2.032,3.1173,3.0003,2.03,2.4304,13200.0,13200.0,3912.2368,323400.0,323400.0
603007.SH,20250530,6.19,5.1975,7.0008,1.11,,,10.746,59.2311,77.3377,0.0,,87689.6101,49983.0778,37108.5778,542798.6865,309395.2516
300189.SZ,20250530,4.16,8.2873,8.7401,0.81,,,6.1017,27.2173,29.2935,0.0,,102400.0,88624.7574,84033.1049,425984.0,368678.9908
002266.SZ,20250530,3.25,0.5708,1.1916,1.0,17.4605,18.2109,1.4715,0.8111,0.7928,1.5264,1.5264,521927.1402,489680.1048,234561.9451,1696263.2057,1591460.3406
300623.SZ,20250530,28.87,0.9107,1.5326,0.83,50.7827,48.7412,4.0565,8.4446,7.9411,0.1774,0.1774,83207.9919,71198.776,42308.418,2402214.7262,2055508.6631
603062.SH,20250530,44.75,5.2592,5.9978,1.82,22.9205,20.7669,2.4206,2.2591,2.1369,4.1346,3.5963,10800.0,3788.64,3322.08,483300.0,169541.64
300585.SZ,20250530,14.09,3.1069,5.2885,0.85,,,3.4146,5.4775,5.4471,0.071,0.071,17111.1111,17111.1111,10052.58,241095.5554,241095.5554
601717.SH,20250530,16.55,1.2649,1.886,0.69,7.5113,7.4233,1.3162,0.7981,0.7961,5.076,5.076,178539.993,154216.573,103428.763,2954836.8842,2552284.2832
603030.SH,20250530,2.85,15.3016,21.5711,3.51,,,4.0493,4.8,4.722,0.0,,131693.352,131693.352,93417.4659,375326.0532,375326.0532
300735.SZ,20250530,25.27,1.4317,2.9991,1.15,70.3508,77.0515,4.0609,2.8183,3.0233,0.9893,0.9893,76746.0689,75710.9526,36141.7866,1939373.1611,1913215.7722
603202.SH,20250530,100.55,10.1201,10.1201,0.75,14.1559,14.0361,2.4138,3.6034,3.5191,,,16000.0,3254.3652,3254.3652,1608800.0,327226.4209
600699.SH,20250530,17.77,2.3739,3.7931,0.73,26.0629,25.1731,1.8799,0.4481,0.4379,1.4603,1.4383,140870.1543,136808.4624,85620.6883,2503262.6419,2431086.3768
600538.SH,20250530,5.65,1.5389,1.7085,1.15,,,3.8042,8.699,8.9341,0.0,,52419.8348,52419.8348,47218.0463,296172.0666,296172.0666
301318.SZ,20250530,30.99,7.7187,11.2114,0.95,33.6886,28.9436,2.2299,6.2425,5.6012,0.4937,,13513.0876,5851.3647,4028.5047,418770.5847,181333.7921
300474.SZ,20250530,66.0,1.684,2.0666,0.8,,,4.9348,73.9647,74.9158,0.1596,0.0909,52261.9223,40646.1459,33120.3464,3449286.8718,2682645.6294
301501.SZ,20250530,86.35,24.7687,24.7687,0.86,40.0552,34.3755,4.3437,5.5251,5.2561,,,10200.0,2418.4382,2418.4382,880770.0,208832.1386
300473.SZ,20250530,35.1,16.4289,23.7759,1.51,163.4154,107.8854,3.3175,1.1741,1.1338,0.0,,15097.3101,15004.9988,10368.3025,529915.5845,526675.4579
600727.SH,20250530,7.47,2.0739,3.1538,0.47,15.1297,16.0221,1.2366,0.6871,0.7053,1.3387,2.008,52858.3135,52852.3135,34755.3948,394851.6018,394806.7818
002871.SZ,20250530,10.53,2.5767,4.0227,1.07,17.6524,17.1904,2.9895,3.9926,3.8512,3.2505,3.7144,21933.5578,12077.5261,7736.0412,230960.3636,127176.3498
301373.SZ,20250530,28.43,2.4227,2.4624,1.26,22.8628,22.5462,1.9552,6.4394,6.328,1.0552,1.7587,10847.2091,3847.2823,3785.2731,308386.1547,109378.2358
600846.SH,20250530,9.49,1.0065,1.6226,1.06,14.6004,14.1576,1.4238,1.4208,1.4534,2.1075,2.1075,62476.1516,62476.1516,38753.9588,592898.6787,592898.6787
600928.SH,20250530,3.78,0.6628,2.4825,1.27,6.5662,6.4917,0.4986,2.0512,2.0135,1.4815,1.4815,444444.4445,442335.4066,118102.3627,1680000.0002,1672027.8369
920974.BJ,20250530,8.55,3.0958,3.5851,1.26,68.9016,86.2739,2.2304,1.3192,1.4191,1.5789,1.5789,16380.0,12877.2918,11119.7884,140049.0,110100.8449
002902.SZ,20250530,17.85,3.2712,3.7643,1.04,,,4.6261,2.5742,2.6444,0.0,,23547.7062,17763.2246,15436.2478,420326.5557,317073.5591
301019.SZ,20250530,16.71,2.3865,3.087,1.86,27.9322,26.5297,2.4956,5.6933,5.7799,1.7098,,16799.9995,11146.5861,8617.2052,280727.9916,186259.4537
300640.SZ,20250530,6.23,7.0378,8.4603,0.7,212.75,170.156,2.3967,2.1368,1.9793,1.1236,,31099.3427,22074.913,18363.2738,193748.905,137526.708
002460.SZ,20250530,30.18,0.7867,0.8816,0.56,,,1.4704,3.22,3.455,2.6508,2.6508,201716.7779,120872.1796,107869.7099,6087812.357,3647922.3803
002520.SZ,20250530,6.41,9.6576,12.8542,1.51,,,10.306,2.6654,2.8343,0.0,,75024.5171,71744.0171,53902.5573,480907.1546,459879.1496
688111.SH,20250530,281.79,0.5074,1.2098,0.81,79.3392,77.6498,11.0718,25.4879,25.1143,0.3116,0.3116,46317.9293,46267.4004,19407.5179,13051929.2974,13037690.7587
600905.SH,20250530,4.29,0.2398,0.5068,0.98,20.0892,20.0064,1.3756,4.1314,4.1694,1.8183,1.8183,2861863.0794,2858765.0142,1352516.4842,12277392.6106,12264101.9109
600346.SH,20250530,15.15,0.0892,0.3386,0.97,15.1404,15.3329,1.633,0.4514,0.454,3.6304,,703909.9786,703909.9786,185385.0616,10664236.1758,10664236.1758
920870.BJ,20250530,18.78,2.3575,4.1686,0.56,117.0568,116.3977,5.7176,28.1488,25.6376,0.7987,0.5857,13400.0,6600.29,3732.76,251652.0,123953.4462
300022.SZ,20250530,8.19,2.9214,4.6637,0.87,,,7.4701,1.4942,1.4581,0.0,,49424.038,49422.943,30958.5817,404782.8712,404773.9032
603073.SH,20250530,16.18,2.3512,2.5355,0.7,18.7491,19.7139,1.3631,2.4348,2.3852,1.8541,1.8541,11600.0,5089.2848,4719.4226,187688.0,82344.6281
301013.SZ,20250530,16.68,11.3924,12.7109,0.97,550.6662,,4.6477,6.757,8.0236,0.0,,23374.3056,18924.1638,16961.1092,389883.4174,315655.0522
920964.BJ,20250530,8.53,8.4645,8.4645,1.06,280.3027,529.5627,2.4842,2.2653,2.2038,0.5862,0.5862,26120.8,13235.7378,13235.7378,222810.424,112900.8434
300354.SZ,20250530,40.15,3.9798,5.1689,0.95,45.5643,44.9951,7.3281,11.058,10.9612,0.3181,0.4399,13832.0201,8120.0,6252.0242,555355.607,326018.0
600455.SH,20250530,26.9,6.8736,8.6572,3.04,51.1903,49.6875,5.5791,5.8549,5.7879,0.0,,6245.8,6245.8,4958.9938,168012.02,168012.02
600525.SH,20250530,3.38,0.9425,1.3513,0.88,,,1.1127,0.5661,0.5848,0.0,,131878.0152,131878.0152,91981.1744,445747.6914,445747.6914
600380.SH,20250530,11.15,1.0752,2.1064,1.26,14.7114,14.7541,1.3929,1.306,1.3272,1.6538,1.6538,182945.3386,182945.3386,93379.9733,2039840.5254,2039840.5254
603191.SH,20250530,11.95,1.1521,2.0187,1.15,61.0951,71.1881,1.637,1.1879,1.1026,1.2528,1.2528,33316.7407,33003.7407,18834.6866,398135.0514,394394.7014
300633.SZ,20250530,32.64,0.7574,0.8516,1.47,99.1853,280.8951,4.5833,7.0133,7.1894,0.9757,0.3043,43271.2405,43271.2405,38484.9805,1412373.2899,1412373.2899
002500.SZ,20250530,5.57,0.4161,0.8027,0.86,28.0895,24.9057,1.0984,6.3434,6.1091,2.5135,2.5135,358977.1547,358977.1547,186075.9833,1999502.7517,1999502.7517
002312.SZ,20250530,11.21,1.5727,2.664,0.38,39.7432,39.7617,2.2169,2.5897,2.4652,0.8037,,188933.8619,175872.2877,103830.5748,2117948.5919,1971528.3451
688592.SH,20250530,44.32,6.8837,6.8837,1.17,,,2.9507,6.6728,6.5905,0.2924,0.2924,6216.0,2912.2353,2912.2353,275493.12,129070.2685
920415.BJ,20250530,17.83,8.4567,12.2359,2.09,144.884,200.1733,4.7652,13.761,14.2042,0.3896,0.1948,14051.1487,10604.1634,7328.9422,250531.9813,189072.2334
301320.SZ,20250530,19.33,22.3129,22.4456,0.75,74.7132,69.3157,3.3159,4.2294,4.1628,0.5173,0.5173,18120.0,6768.5375,6728.5375,350259.6,130835.8299
601330.SH,20250530,7.38,1.0851,3.454,1.01,17.5765,16.2924,1.2815,3.0259,3.0053,3.3875,3.3875,139345.2937,98909.3145,31074.1631,1028368.2675,729950.741
603365.SH,20250530,18.93,0.9512,2.4829,0.9,13.5617,13.6938,1.6171,1.1858,1.1827,4.7554,4.7554,26267.35,25806.35,9885.966,497240.9355,488514.2055
603281.SH,20250530,23.37,0.4616,0.5099,1.02,14.4903,16.0259,1.7291,3.9367,4.1131,4.279,4.279,37333.3334,25169.3916,22789.3916,872480.0016,588208.6817
300005.SZ,20250530,9.07,5.819,7.9671,1.12,75.173,94.5538,3.7907,5.036,5.1226,0.253,0.253,88370.2186,88331.4286,64514.807,801517.8827,801166.0574
002938.SZ,20250530,28.27,0.6789,2.4922,1.32,18.1048,18.1505,2.0044,1.8653,1.7938,1.7614,1.7614,231856.0816,230549.4013,62805.2023,6554571.4268,6517631.5748
002659.SZ,20250530,4.68,1.7703,2.529,0.89,,,1.2935,8.7584,8.4005,0.0,,59828.0384,59827.6634,41879.254,279995.2197,279993.4647
002883.SZ,20250530,10.89,2.3864,3.4461,1.03,167.2972,2269.8354,2.5067,2.8006,3.3835,0.5969,0.5969,15615.7166,13142.4555,9101.1532,170055.1538,143121.3404
300713.SZ,20250530,16.93,5.5199,8.1484,0.6,,,4.9249,10.5919,9.3332,0.0,,15872.081,8704.3193,5896.4664,268714.3313,147364.1257
603610.SH,20250530,11.86,4.2375,10.1089,1.34,27.2474,27.3269,1.3898,1.4373,1.4226,8.3024,0.8302,35848.9251,35848.9251,15027.4855,425168.2517,425168.2517
301512.SZ,20250530,38.03,2.6365,3.7547,0.9,44.573,59.2731,1.9834,3.5195,3.6113,1.9721,0.9861,5333.34,2481.34,1742.34,202826.9202,94365.3602
920748.BJ,20250530,49.89,16.9473,73.9231,2.44,167.8316,165.6374,12.1747,15.9223,15.8369,0.2004,0.2004,7674.0,6234.7575,1429.3509,382855.86,311052.0517
688139.SH,20250530,31.18,0.736,1.2632,1.2,27.04,29.2203,2.2247,4.3408,4.3369,1.6399,1.6399,31795.2508,31795.2508,18525.7386,991375.9199,991375.9199
002521.SZ,20250530,9.17,0.5117,0.6038,0.62,45.7236,64.9848,1.3284,1.5157,1.5269,1.9264,3.2715,56006.105,40282.9782,34137.6299,513575.9829,369394.9101
603358.SH,20250530,33.85,0.4793,1.3118,1.08,70.6823,143.6992,4.357,3.1141,3.3668,0.9664,1.3806,46974.3076,43904.0,16040.5268,1590080.3123,1486150.4
300731.SZ,20250530,25.32,7.3165,9.8254,2.0,185.2632,121.7947,5.2297,3.3412,2.9777,0.3949,,12643.1804,12015.8039,8947.6634,320125.3277,304240.1547
000910.SZ,20250530,7.33,0.5557,1.038,0.91,28.8624,38.1148,0.6099,0.75,0.7703,2.5921,2.5921,54739.75,54711.7,29291.62,401242.3675,401036.761
002933.SZ,20250530,32.85,1.9623,3.3052,0.82,203.9801,109.6129,2.546,8.3517,8.3698,0.0761,0.0761,11735.0,11407.2547,6772.5962,385494.75,374728.3169
600867.SH,20250530,7.81,0.6898,1.1603,0.84,,,2.3551,7.6119,7.3908,3.2389,,195854.2829,195854.2829,116440.5496,1529621.9494,1529621.9494
600389.SH,20250530,19.16,2.8758,4.4119,0.59,36.7704,27.7196,2.1312,1.5191,1.4754,1.0438,1.0438,43065.0,43065.0,28070.8956,825125.4,825125.4
002172.SZ,20250530,3.77,7.2695,10.4981,2.74,71.1705,101.9292,18.8654,1.4364,1.5354,0.0,,76573.236,76527.198,52992.2381,288681.0997,288507.5365
002634.SZ,20250530,3.95,2.6238,4.4736,0.94,,,7.1991,1.6412,2.1437,0.0,,45935.2513,44651.4538,26188.4278,181444.2426,176373.2425
000859.SZ,20250530,7.37,8.423,11.8828,0.46,,,2.3862,2.8533,2.862,0.0,,89597.6271,89585.4021,63501.2387,660334.5117,660244.4135
688360.SH,20250530,25.68,9.0436,17.7106,1.4,52.2902,46.997,3.4152,3.3195,3.1644,0.6954,,18838.9762,17406.5223,8888.358,483784.9088,446999.4927
688737.SH,20250530,20.16,1.4736,1.5743,0.81,,,1.3146,1.5403,1.513,,,11956.4509,11956.4509,11191.5724,241042.0501,241042.0501
300286.SZ,20250530,21.7,1.1069,2.2666,0.82,32.0439,30.7865,2.5402,5.1178,5.111,1.5782,1.777,25078.4655,17576.0899,8583.3475,544202.7014,381401.1508
603883.SH,20250530,19.24,2.7031,5.229,1.09,28.1743,32.6112,2.1406,0.6541,0.6572,4.3583,4.3583,76009.5613,75889.0236,39231.3026,1462423.9594,1460104.8141
300517.SZ,20250530,10.6,7.1145,9.5459,1.18,92.3483,205.9903,2.0833,5.0624,5.2953,0.2049,1.1364,20040.9437,12402.1712,9243.253,212434.0032,131463.0147
600638.SH,20250530,5.38,2.4016,3.8367,3.74,44.339,23.2527,0.792,1.2397,1.2086,0.5204,0.5204,67339.6786,67339.6786,42152.1523,362287.4709,362287.4709
300417.SZ,20250530,11.69,2.842,3.4471,0.84,106.527,101.249,3.4538,12.6537,12.0371,0.6843,0.6843,13456.32,8699.9738,7172.6355,157304.3808,101702.6937
002756.SZ,20250530,30.64,1.7178,1.9607,1.11,15.8299,21.5462,1.3435,2.0459,2.1843,8.0327,3.1948,53910.154,38869.4078,34055.6526,1651807.1186,1190958.655
920245.BJ,20250530,33.23,3.4033,4.5402,0.88,79.7911,84.2291,4.9018,4.8874,4.8095,0.4428,0.4514,4969.5,2435.5026,1825.6283,165136.485,80931.7514
688022.SH,20250530,12.95,2.0788,3.1712,1.22,,,3.4274,4.8054,5.7222,,,17587.8324,17587.8324,11529.5327,227762.4296,227762.4296
002404.SZ,20250530,6.18,2.1191,3.232,0.81,21.5339,21.4007,1.8465,0.7588,0.7548,4.8544,4.8544,56005.1541,45578.7096,29883.602,346111.8523,281676.4253
600057.SH,20250530,6.97,0.3753,0.8095,0.7,13.7864,12.8667,1.1468,0.0533,0.0544,3.4852,3.4852,280636.9661,219251.0201,101661.7309,1956039.6537,1528179.6101
000921.SZ,20250530,27.91,0.9429,2.1762,1.25,11.5514,11.0682,2.3349,0.417,0.411,3.6281,3.6281,138561.6805,91183.1327,39507.2657,3867256.5028,2544921.2337
002496.SZ,20250530,1.53,2.6676,2.7597,0.95,,,1.7166,8.2376,7.7712,0.0,,150758.9677,118138.6559,114196.4999,230661.2206,180752.1435
601018.SH,20250530,3.61,0.2317,1.1936,0.77,14.34,14.1908,0.9087,2.4469,2.4346,2.5208,2.9917,1945438.8399,1580741.737,306805.4656,7023034.212,5706477.6706
600749.SH,20250530,11.19,1.0715,1.9708,0.76,152.1998,92.815,2.4591,11.9006,11.7554,0.0,,22696.5517,22696.5517,12340.3559,253974.4135,253974.4135
002657.SZ,20250530,22.02,24.043,26.2637,3.57,,,4.1652,6.4177,6.1484,0.0,,34005.1995,33635.6264,30791.6213,748794.493,740656.4933
001259.SZ,20250530,24.19,4.9346,4.9346,0.84,164.3363,3450.1312,2.4995,4.6673,4.8576,1.6391,0.6533,7358.8888,2192.8888,2192.8888,178011.5201,53045.9801
000981.SZ,20250530,2.13,8.4145,14.5299,2.04,,,17.984,4.2845,4.3988,0.0,,999747.0888,951332.0768,550933.0438,2129461.2991,2026337.3236
301032.SZ,20250530,12.25,3.5563,6.4473,1.04,37.3408,36.2108,2.4899,1.3069,1.2955,0.2449,0.2449,24113.34,15987.2775,8818.3975,295388.415,195844.1494
000408.SZ,20250530,36.26,0.3628,0.8261,0.7,22.0685,20.3492,3.9356,17.5146,17.8562,2.9239,0.7172,157022.5745,157020.9245,68960.4908,5693638.5514,5693578.7224
600117.SH,20250530,2.13,0.2371,0.5531,0.82,,,1.5653,1.2127,1.2249,0.0,,325511.4857,325511.4857,139531.1068,693339.4645,693339.4645
000601.SZ,20250530,5.03,3.007,4.5985,0.74,70.8647,76.7955,1.3424,1.2237,1.1832,0.0,3.9079,108055.1669,108046.0052,70651.9126,543517.4895,543471.4062
600919.SH,20250530,10.98,0.5349,0.6599,1.17,6.3278,6.1845,0.8379,2.4933,2.4537,4.2804,7.0691,1835132.4463,1835132.4463,1487510.6102,20149754.2604,20149754.2604
300980.SZ,20250530,24.12,4.7795,5.7863,0.74,130.485,122.3717,2.3796,7.0129,6.6603,0.9739,0.9739,13835.6888,9834.1448,8123.0198,333716.8139,237199.5726
605266.SH,20250530,22.67,1.3783,2.6543,0.53,27.344,32.0268,1.2998,0.3774,0.3782,4.7259,4.7259,15454.2928,15454.2928,8024.8384,350348.8178,350348.8178
603326.SH,20250530,9.37,2.8989,9.207,1.58,24.9041,21.2095,2.5366,2.1117,2.0598,2.8837,5.0182,32283.868,31917.693,10049.343,302499.8432,299068.7834
688236.SH,20250530,16.8,4.2835,6.2367,0.94,51.5566,50.3987,2.2391,7.9964,7.9179,2.6456,2.6456,38356.85,7929.4665,5446.0353,644395.08,133215.0372
002241.SZ,20250530,20.91,1.636,2.1071,0.99,27.3944,26.5061,2.1678,0.7232,0.7454,1.1647,1.1647,349149.5775,308431.7923,239476.2472,7300717.6655,6449308.777
300775.SZ,20250530,25.09,2.294,3.312,1.48,36.3252,40.3889,2.4102,8.6849,9.3155,0.7254,0.7254,55023.9925,53219.6261,36860.7518,1380551.9718,1335280.4188
300043.SZ,20250530,3.74,4.6051,7.0459,1.11,,,3.2812,3.4205,3.1599,0.0,,124419.8401,124353.9501,81276.2934,465330.202,465083.7734
603685.SH,20250530,13.04,0.7161,1.4284,0.85,198.7797,511.3141,1.9749,1.7411,1.7937,1.2577,0.1074,16900.7951,16900.7951,8472.3626,220386.3681,220386.3681
605300.SH,20250530,14.48,1.3223,8.5898,0.46,78.3882,156.194,2.2933,2.8476,2.8116,1.685,1.685,45439.8597,40001.0,6157.5921,657969.1685,579214.48
920207.BJ,20250530,25.21,3.5475,5.2931,0.8,,,8.154,7.0813,8.313,0.3967,0.3967,9399.5,5631.4468,3774.27,236961.395,141968.7738
002074.SZ,20250530,24.49,2.7713,4.6038,0.55,36.6081,35.677,1.7054,1.2483,1.196,0.4005,0.4005,180393.3372,172603.9948,103899.2124,4417832.828,4227071.8327
301419.SZ,20250530,25.9,4.915,5.0951,1.44,67.8882,60.1178,3.4229,8.8497,8.4972,1.6088,1.6088,12000.0,4242.0,4092.0,310800.0,109867.8
002693.SZ,20250530,8.45,6.3602,12.4793,0.75,,,9.1403,20.1149,20.843,0.0,,41468.975,41123.2096,20958.8444,350412.8388,347491.1211
600215.SH,20250530,8.02,2.0476,2.9019,0.73,57.6307,,1.8677,2.0147,2.5071,1.2524,1.2524,46299.538,45688.288,32237.5073,371322.2948,366420.0698
301287.SZ,20250530,33.37,10.4625,10.4625,0.66,27.3903,26.932,1.9647,3.2393,3.3656,0.7492,1.4984,6667.0,1703.135,1703.135,222477.79,56833.615
603718.SH,20250530,7.16,1.6237,2.6223,1.04,27.4245,25.2665,2.9768,17.3205,17.882,0.4022,0.4022,65566.22,64897.97,40184.3012,469454.1352,464669.4652
600273.SH,20250530,8.12,0.6927,1.1265,0.84,11.2083,10.5276,1.1197,1.234,1.1988,4.8388,4.7931,139104.5207,139104.5207,85539.2792,1129528.7081,1129528.7081
920230.BJ,20250530,21.36,9.3477,17.175,1.08,73.5409,106.7549,4.0428,5.3194,5.4941,0.9165,0.9165,7726.7304,3593.0011,1955.5405,165042.9613,76746.5035
300481.SZ,20250530,13.31,1.1276,1.7504,1.0,20.2796,22.4916,1.6609,2.7531,2.7491,4.531,3.0053,29185.5438,29010.4349,18688.5388,388459.588,386128.8885
920765.BJ,20250530,24.75,3.1512,6.7768,0.68,89.8406,176.1427,5.1971,3.1774,3.2905,1.1642,1.1642,6961.3044,4399.7295,2045.8713,172292.2839,108893.3051
920030.BJ,20250530,7.5,6.1355,9.6177,0.7,242.1825,275.011,2.8795,0.5669,0.574,,,17883.9681,11347.4041,7238.9353,134129.7608,85105.5308
603206.SH,20250530,16.72,3.2762,11.4665,3.63,73.5231,79.7004,2.2848,1.1391,1.1582,1.1364,1.1364,30519.9988,30519.9988,8719.9988,510294.3799,510294.3799
601077.SH,20250530,7.25,1.1778,1.7651,1.6,7.1519,7.0176,0.6464,2.9134,2.9036,3.9793,6.6607,1135700.0,883770.0254,589681.4387,8233825.0,6407332.6842
300738.SZ,20250530,19.89,3.946,5.4511,0.92,157.91,156.3388,5.7337,9.0513,8.4472,0.1034,0.1034,98513.893,98485.9966,71293.4459,1959441.3318,1958886.4724
603977.SH,20250530,11.89,0.6134,1.2038,1.0,40.8672,41.76,2.265,3.1372,3.1455,1.2616,1.2616,62124.1828,62124.1828,31653.2796,738656.5335,738656.5335
600801.SH,20250530,12.35,0.3513,0.8512,0.82,10.6261,10.3835,0.8423,0.7504,0.7487,4.2915,4.2915,207899.5649,134427.5649,55488.1709,2567559.6265,1660180.4265
603335.SH,20250530,4.9,4.6769,9.3102,0.82,,,8.889,2.0083,2.1862,0.0,,42814.46,42814.46,21507.57,209790.854,209790.854
603759.SH,20250530,7.76,0.9587,2.4074,1.25,11.7552,11.0041,1.2828,2.3596,2.3048,3.4794,,46176.0,46176.0,18387.908,358325.76,358325.76
002004.SZ,20250530,4.14,0.9883,1.3031,0.98,,,0.8602,0.7027,0.7084,5.3046,5.3046,197991.9191,188222.9004,142744.5304,819686.5451,779242.8077
301355.SZ,20250530,11.29,4.1079,4.1079,0.77,59.0764,84.7767,1.4435,1.573,1.4951,0.8857,0.8857,19509.7928,10025.5428,10025.5428,220265.5607,113188.3782
300244.SZ,20250530,14.28,2.2805,2.5429,0.65,,,1.3638,0.7318,0.7701,4.8706,4.8706,62497.9436,50145.9061,44971.2938,892470.6346,716083.5391
920786.BJ,20250530,10.85,17.2832,19.2537,0.75,,,3.1395,1.7491,1.587,1.8433,1.8433,20905.3,10950.497,9829.772,226822.505,118812.8925
300896.SZ,20250530,170.0,0.784,1.2341,0.91,26.2774,27.4511,7.251,17.0014,17.8548,0.9718,2.2267,30259.2061,20859.1571,13250.6688,5144065.037,3546056.707
300687.SZ,20250530,27.18,2.9151,3.3794,0.98,79.9895,77.6843,4.0636,4.6541,4.7546,0.4009,0.2566,41018.3049,33085.7878,28539.3794,1114877.5272,899271.7124
603203.SH,20250530,23.68,0.8103,2.2697,1.7,27.8037,26.9712,3.9816,6.2427,6.0811,2.5239,2.5239,24915.3318,24915.3318,8895.1047,589995.057,589995.057
600850.SH,20250530,23.14,0.6505,1.0039,0.87,28.8372,28.679,3.2383,1.483,1.482,1.9548,1.9548,68611.1288,61359.3508,39757.5566,1587661.5204,1419855.3775
603703.SH,20250530,10.23,2.0864,3.2465,1.4,,,5.2491,5.146,5.0694,0.1151,0.1151,41498.212,41498.212,26668.7299,424526.7088,424526.7088
605151.SH,20250530,18.28,3.5,11.0649,0.86,70.6381,807.3575,1.8251,1.5273,1.4325,1.5869,1.5869,13527.67,13455.4222,4256.1777,247285.8076,245965.1178
300281.SZ,20250530,7.52,9.9747,19.3303,0.72,442.8303,646.2429,2.491,6.641,6.8698,0.7979,0.7979,41892.358,39732.5912,20502.512,315030.5322,298789.0858
300677.SZ,20250530,23.71,6.6366,7.5715,5.8,10.455,9.6972,0.8629,1.6088,1.5612,0.5452,0.5452,64620.4955,46912.2995,41119.7218,1532151.9483,1112290.6211
300058.SZ,20250530,8.29,2.7525,2.7525,0.97,,,2.7211,0.3445,0.3534,0.1188,0.1188,252680.3734,244809.5917,244809.5917,2094720.2955,2029471.5152
002032.SZ,20250530,54.31,0.1926,1.1526,0.81,19.3909,19.1578,9.2889,1.9406,1.9059,4.9987,5.1439,80135.9733,80039.7246,13371.5342,4352184.7099,4346957.443
600104.SH,20250530,16.21,0.195,0.6319,0.65,112.6009,94.9676,0.6425,0.3056,0.3062,2.2556,2.2556,1157529.9445,1157529.9445,357187.0166,18763560.4003,18763560.4003
300319.SZ,20250530,10.31,1.5607,2.0853,1.14,27.1849,27.1603,1.9518,2.8773,2.785,0.899,0.899,87909.5862,82970.9988,62099.8332,906347.8337,855430.9976
603220.SH,20250530,21.39,1.7328,2.425,0.75,64.1566,79.2933,4.6937,3.1124,3.3121,0.5414,0.5414,43424.4123,43424.4123,31029.0608,928848.1791,928848.1791
301507.SZ,20250530,14.05,9.2393,9.2393,0.85,54.5504,52.3649,3.1116,7.8122,7.3877,0.7117,0.7117,35655.433,11053.1858,11053.1858,500958.8337,155297.2605
300695.SZ,20250530,80.61,2.5339,8.5873,0.84,40.9341,39.4338,2.2058,8.5919,8.5166,0.8641,0.8641,7092.9872,7092.9872,2092.9872,571765.6982,571765.6982
300214.SZ,20250530,6.52,5.1739,7.7612,1.18,,,1.2454,0.862,0.7891,0.6019,0.6019,46516.2614,40268.3086,26844.2085,303286.0243,262549.3721
920522.BJ,20250530,38.6,1.9865,2.6849,0.78,37.3873,42.014,5.7963,5.7433,6.0865,0.4629,0.5551,15675.072,12827.682,9490.9381,605057.7792,495148.5252
600735.SH,20250530,7.85,5.4412,9.6489,0.56,,,2.7779,2.0565,2.1865,0.4841,0.4841,42877.8219,42545.1827,23991.9475,336590.9019,333979.6842
300446.SZ,20250530,16.83,3.1184,3.8936,1.11,17.9715,17.5528,2.6173,1.8287,1.7697,0.5942,0.5942,84541.0111,31153.6417,24951.2663,1422825.2168,524315.7898
601989.SH,20250530,4.42,0.4446,0.93,1.66,76.8953,59.4728,1.1912,1.818,1.7532,0.2262,0.2262,2280203.5324,2280203.5324,1090069.2901,10078499.6132,10078499.6132
688272.SH,20250530,21.02,1.6647,3.5864,0.94,137.2555,,3.2386,5.285,5.8876,,,7600.0,7600.0,3527.7471,159752.0,159752.0
605001.SH,20250530,6.97,1.3594,2.8724,0.58,49.4518,32.4589,1.0078,1.7924,1.697,2.8694,2.8694,39288.6,39288.6,18593.6367,273841.542,273841.542
600796.SH,20250530,5.71,1.5441,2.3026,0.75,30.9255,30.5953,1.4962,2.7982,2.7921,0.5429,0.5429,86658.5766,30947.7889,20753.2286,494820.4724,176711.8746
002979.SZ,20250530,44.76,3.4765,4.5658,1.03,68.6905,68.2718,9.5018,8.6916,8.6426,0.2647,0.708,30764.0847,21764.9405,16572.4405,1377000.4312,974198.7368
600760.SH,20250530,48.03,0.9072,2.8554,1.19,38.9975,42.58,7.8765,3.0897,3.3783,0.8328,0.8328,275569.9513,274818.5991,87313.6126,13235624.7609,13199537.3148
002907.SZ,20250530,20.63,4.4163,14.9562,0.69,112.2766,112.2708,5.1292,11.1187,10.9693,0.412,0.412,41759.6314,30888.8105,9120.876,861501.1958,637236.1606
002951.SZ,20250530,8.43,1.4543,8.2188,1.14,,,1.7673,9.0845,8.3403,5.8581,5.8581,40500.0,40499.85,7166.5166,341415.0,341413.7355
688101.SH,20250530,12.85,0.5055,1.6525,1.14,13.552,13.1558,1.0345,3.0674,3.1136,1.7899,1.7899,33201.2066,33201.2066,10155.9266,426635.5048,426635.5048
605589.SH,20250530,26.94,1.5077,1.8733,1.81,26.2758,24.3321,2.3818,2.2759,2.2048,1.4813,1.9615,84645.5998,78089.33,62848.2503,2280352.4586,2103726.5502
920149.BJ,20250530,14.9,7.4061,8.1223,0.7,,,6.6265,2.0074,2.4282,0.3299,0.3299,7501.56,4469.5997,4075.498,111773.244,66597.0355
301486.SZ,20250530,57.82,5.542,7.1629,1.01,110.5914,97.219,3.0255,7.6376,6.9808,0.6881,0.685,12868.0995,7890.5055,6104.9055,744033.5131,456229.028
000589.SZ,20250530,4.53,0.7262,0.9161,0.98,11.4426,14.8528,0.797,0.6588,0.6534,4.4011,,155468.8404,153716.6004,121857.4979,704273.847,696336.1998
603396.SH,20250530,23.8,0.943,1.6303,0.82,51.7551,59.4368,1.2777,1.3033,1.2856,0.8407,0.8407,13852.7478,13852.7478,8012.4486,329695.3976,329695.3976
301348.SZ,20250530,22.11,2.7956,3.177,1.22,292.6197,274.1851,2.9103,6.2014,6.1918,1.2664,1.2664,20000.0,12928.2642,11376.3138,442200.0,285843.9215
301372.SZ,20250530,22.77,15.7397,17.6985,4.15,,,1.9907,8.1626,6.9229,1.0496,1.0496,6857.143,4117.0445,3661.3993,156137.1461,93745.1033
688392.SH,20250530,50.6,1.295,1.6446,0.6,68.1977,53.9962,3.4024,10.0181,9.5765,0.3892,0.3892,11573.336,6981.8761,5497.5346,585610.8016,353282.9307
000676.SZ,20250530,8.26,3.7672,5.0133,1.39,49.1421,51.7668,2.4874,3.1603,2.8543,0.0,,126528.9215,126452.8382,95022.7504,1045128.8916,1044500.4435
300989.SZ,20250530,16.48,5.3596,8.1486,2.16,,,3.5344,10.9252,11.2767,0.2336,0.2336,21134.0389,15061.3162,9906.2625,348288.9611,248210.491
300819.SZ,20250530,22.7,2.3632,6.2103,0.71,52.552,49.8914,4.0004,5.6494,5.5931,1.3216,1.3216,14920.5,13476.225,5128.205,338695.35,305910.3075
001378.SZ,20250530,21.59,1.1537,1.1537,0.82,30.9366,32.3336,1.5024,1.8927,1.9075,3.0107,0.9264,13333.36,6788.6949,6788.6949,287867.2424,146567.9229
688505.SH,20250530,8.4,1.4231,3.5653,1.81,219.138,217.3996,3.7739,12.274,11.7401,1.0714,1.0714,103657.21,71057.21,28362.5807,870720.564,596880.564
605158.SH,20250530,8.03,0.7351,2.6731,1.27,17.9014,20.8115,1.6078,0.5928,0.6094,2.4907,,51142.0,51142.0,14064.084,410670.26,410670.26
688193.SH,20250530,38.98,0.7108,1.0566,0.78,,,1.707,8.7916,9.0012,0.751,0.751,4000.0,3156.8396,2123.7134,155920.0,123053.6076
300612.SZ,20250530,13.9,3.709,4.6777,1.35,,,5.1571,3.672,3.89,0.0,,18045.4496,17987.9496,14262.9421,250831.7494,250032.4994
300985.SZ,20250530,16.68,0.7612,2.7997,1.01,,,3.1492,2.7014,2.7005,1.7094,1.7094,18651.248,18651.248,5071.248,311102.8166,311102.8166
600495.SH,20250530,5.31,18.4257,26.6232,1.11,278.0181,117.6938,1.9612,4.884,4.4483,0.226,0.226,120819.0886,120819.0886,83617.6131,641549.3605,641549.3605
301263.SZ,20250530,28.85,4.0282,4.6158,1.5,113.4319,130.1786,7.1632,17.0251,17.1307,1.035,0.69,42549.75,30358.6055,26493.7332,1227560.2875,875845.7687
301103.SZ,20250530,21.04,1.511,1.7332,1.1,,,1.7392,3.0347,3.0163,2.8261,2.8261,15802.6471,8309.0131,7243.8464,332487.695,174821.6356
300201.SZ,20250530,4.96,1.8361,2.4355,1.09,22.379,21.7908,3.1962,3.1448,2.9203,0.6911,0.6911,100904.3607,100544.3115,75800.5029,500485.6291,498699.785
605218.SH,20250530,21.63,1.5463,4.8875,1.39,82.2303,78.7153,3.5221,2.2707,2.2141,0.6288,0.2543,21283.346,21283.346,6733.6504,460358.774,460358.774
002245.SZ,20250530,12.08,1.746,2.0333,0.88,28.5273,24.9,1.9887,2.0598,1.9726,0.1242,0.5381,115204.6537,108726.1252,93359.6774,1391672.2167,1313411.5924
000703.SZ,20250530,6.01,0.2107,0.5037,0.87,94.1893,,0.9383,0.1756,0.1821,1.5372,1.5372,366632.1336,364735.3561,152600.4257,2203459.1229,2192059.4902
688005.SH,20250530,18.31,1.4219,1.4563,0.73,44.2249,41.1888,1.5529,0.8674,0.9113,1.105,1.105,71472.547,46508.0406,45409.1473,1308662.3356,851562.2234
920039.BJ,20250530,10.51,2.1222,6.8954,1.31,29.0564,30.9991,2.9593,4.9507,4.7663,2.6641,,15382.0,15381.99,4734.09,161664.82,161664.7149
601398.SH,20250530,7.07,0.1286,1.0015,1.51,6.8873,6.9537,0.6788,3.0662,3.0928,4.3338,6.3621,35640625.7089,26961221.2539,3462274.4921,251979223.7619,190615834.2651
002031.SZ,20250530,8.21,4.2972,4.6955,1.1,,,8.2549,18.3794,17.7706,0.0,,219939.567,198224.8013,181411.1413,1805703.8451,1627425.6187
920261.BJ,20250530,15.01,1.8281,2.7466,0.59,24.7506,23.2443,2.8958,0.6373,0.6241,1.9407,1.9407,29113.2748,17089.4686,11374.5055,436990.2547,256512.9237
300341.SZ,20250530,16.21,1.8012,3.9607,0.52,51.9455,50.972,4.5255,6.196,6.1163,0.4318,0.4318,51741.0336,51532.7661,23436.1657,838722.1547,835346.1385
605123.SH,20250530,59.25,3.0399,6.9868,1.13,27.2037,26.795,1.5989,2.2347,2.2194,3.038,3.038,12117.0892,12117.0892,5272.0892,717937.5351,717937.5351
600717.SH,20250530,4.57,0.5126,1.1982,0.9,13.3104,13.73,0.6724,1.0957,1.0756,2.2319,2.2319,289400.1038,289400.1038,123802.7519,1322558.4744,1322558.4744
301262.SZ,20250530,22.88,1.1332,3.1256,1.16,23.8367,23.3626,2.5921,9.7491,9.8292,1.2587,2.7885,41700.0,12207.5392,4426.0914,954096.0,279308.4969
605068.SH,20250530,18.39,2.0741,6.7476,0.76,,,1.941,2.5282,2.4109,0.0,,16214.0136,16214.0136,4984.0136,298175.7101,298175.7101
688033.SH,20250530,6.0,2.625,3.5113,1.07,,,0.9425,4.4206,5.2046,0.4162,0.4162,56219.8596,56219.8596,42029.9324,337319.1576,337319.1576
603280.SH,20250530,24.77,10.6135,10.6135,0.81,29.5747,28.9381,2.0341,2.6815,2.8359,1.3726,1.3726,10840.6667,2794.1667,2794.1667,268523.3142,69211.5092
600481.SH,20250530,4.46,0.884,1.6195,0.97,,,1.8862,0.641,0.7689,2.6861,2.6861,187376.7825,187376.7825,102280.7973,835700.45,835700.45
002845.SZ,20250530,13.04,1.6714,1.9752,1.11,131.3649,,1.6188,0.4468,0.4566,0.6135,0.2964,32755.1705,25023.5351,21175.0533,427127.4233,326306.8977
002615.SZ,20250530,7.22,1.9639,2.4977,1.08,11.7484,11.3538,2.0413,1.0105,0.9727,1.3716,3.443,46626.7732,30604.8207,24063.4711,336645.3025,220966.8055
301030.SZ,20250530,17.16,2.2704,2.5842,0.99,,,3.1142,1.6909,1.8004,1.2376,,20238.333,16144.691,14183.991,347289.7943,277042.8976
920223.BJ,20250530,11.61,6.4073,9.1854,2.45,,,7.0628,6.336,5.9427,,,15728.5,8158.375,5690.875,182607.885,94718.7338
002056.SZ,20250530,12.9,1.3643,2.7642,1.66,11.4872,10.8639,2.1428,1.1307,1.0735,2.9967,3.4507,162671.2074,162505.8009,80205.8009,2098458.5755,2096324.8316
600188.SH,20250530,12.87,0.2231,0.8645,0.79,8.9554,9.6561,2.0726,0.9285,0.9952,10.697,10.697,1003748.0544,592391.1084,152876.8213,12918237.4601,7624073.5651
002459.SZ,20250530,9.14,1.084,2.0651,0.5,,,1.1773,0.4314,0.4667,6.1142,,330967.9284,330542.0145,173511.2573,3025046.8656,3021154.0125
688188.SH,20250530,188.82,0.3305,0.9355,1.26,44.064,41.1762,6.7518,22.4124,21.022,1.3263,0.3793,20599.3742,20599.3742,7278.2502,3889573.8364,3889573.8364
600416.SH,20250530,10.97,1.0436,1.7309,0.67,58.4027,60.3353,1.9301,3.0928,3.1269,0.0,,132540.6445,132540.6445,79908.5747,1453970.8702,1453970.8702
300897.SZ,20250530,26.23,1.1894,2.3495,0.81,32.3594,35.4829,2.652,3.969,4.1163,2.1577,1.1306,10048.664,6294.223,3186.2614,263576.4567,165097.4693
300119.SZ,20250530,24.58,2.9762,3.7009,0.55,38.0768,34.7897,2.5851,3.7299,3.4096,1.6159,1.1925,46584.7906,33496.2021,26937.6503,1145054.1529,823336.6476
603937.SH,20250530,9.33,1.205,3.2628,0.81,,,1.2614,1.2341,1.1592,1.0397,1.0397,20888.0848,20888.0848,7714.545,194885.8312,194885.8312
600580.SH,20250530,23.03,2.8826,4.7115,0.86,37.8386,35.7846,2.9,1.8465,1.8133,0.4328,0.4328,130262.2626,130262.2626,79697.4677,2999939.9077,2999939.9077
301063.SZ,20250530,24.58,5.1304,7.4888,1.9,76.9124,54.7458,1.6513,1.9196,1.7349,0.6008,0.6008,10436.0724,8524.6628,5840.0049,256518.6596,209536.2116
688757.SH,20250530,22.93,4.87,4.87,0.76,113.9171,109.9462,10.1037,22.2696,21.1595,,,40331.1486,3257.4732,3257.4732,924793.2374,74693.8605
688531.SH,20250530,68.08,2.3524,2.3524,0.68,54.3979,53.8324,2.3829,10.5416,9.8775,1.0902,1.0902,11450.4414,7406.9859,7406.9859,779546.0505,504267.6001
300318.SZ,20250530,5.88,1.4728,3.1718,1.09,519.5096,,3.4936,5.6398,6.0702,0.0,,81690.0495,79853.9484,37079.8505,480337.4911,469541.2166
300610.SZ,20250530,10.91,1.7991,1.9543,0.64,27.9618,26.3708,1.9826,2.5741,2.602,1.6334,1.6334,21500.798,16123.7572,14842.8581,234573.7062,175910.1911
603915.SH,20250530,14.56,1.5078,4.6096,0.98,32.6936,35.2921,2.5916,3.706,3.6825,2.2038,2.2038,65908.843,65663.248,21478.5404,959632.7541,956056.8909
300510.SZ,20250530,4.35,4.1077,6.0836,0.84,,,1.5723,3.3101,3.0917,0.0,,82469.07,82469.07,55683.8009,358740.4545,358740.4545
301226.SZ,20250530,25.23,1.801,3.9925,1.13,93.6821,91.3022,3.0196,5.3894,5.2858,0.9116,0.9116,10880.0,10880.0,4907.9864,274502.4,274502.4
600337.SH,20250530,2.15,1.2556,2.3376,0.59,,,1.0842,0.9101,0.9366,0.0,0.5574,143699.8137,143699.8137,77187.1513,308954.5995,308954.5995
920179.BJ,20250530,32.9,4.1275,5.6747,0.73,74.9865,78.7324,3.3208,8.0557,8.0378,0.3029,,7500.0,5926.077,4310.3143,246750.0,194967.9333
688580.SH,20250530,46.29,2.551,7.1165,1.09,43.4764,39.0815,2.6673,11.0815,10.8578,2.3052,2.3052,9577.1288,9577.1288,3433.0017,443325.2922,443325.2922
300849.SZ,20250530,14.84,2.8106,4.728,0.91,,,3.7417,6.6846,6.5401,0.0,,15000.0,12146.8023,7220.7363,222600.0,180258.5461
002633.SZ,20250530,15.44,3.6853,7.7217,0.76,337.4009,331.847,5.5094,7.1428,7.1102,0.0,,15000.0,14941.875,7131.325,231600.0,230702.55
301607.SZ,20250530,49.0,16.5688,16.5688,1.55,57.4991,57.6896,5.3266,2.8129,2.4951,,,11101.4571,2359.0597,2359.0597,543971.3979,115593.9253
300543.SZ,20250530,10.04,4.1833,4.8487,1.52,59.4891,58.093,2.0909,1.8954,1.8468,0.4358,0.4358,30637.1334,24947.6632,21524.0069,307596.8193,250474.5385
920992.BJ,20250530,20.46,16.7381,16.7381,0.67,109.4218,106.6044,3.2465,6.6913,6.5579,0.4888,0.391,9673.0934,2789.8177,2789.8177,197911.491,57079.6701
002309.SZ,20250530,2.76,1.0328,1.2567,1.77,,,4.8069,3.5205,3.9321,0.0,,300766.5385,121562.1777,99903.664,830115.6463,335511.6105
688309.SH,20250530,16.76,1.0451,2.0416,1.17,76.9723,59.8951,1.7943,8.6549,6.7056,0.5447,0.5447,8001.0733,8001.0733,4095.6641,134097.9885,134097.9885
002800.SZ,20250530,12.94,7.0396,13.4346,1.44,220.9513,280.5625,3.7822,1.2879,1.2283,0.0,,15225.3067,14165.41,7422.52,197015.4687,183300.4054
000755.SZ,20250530,5.07,0.3745,1.6218,0.89,15.9638,15.2197,1.364,4.6229,4.5991,0.8876,0.8876,146731.0196,146731.0196,33885.2341,743926.2694,743926.2694
002996.SZ,20250530,6.72,1.4168,2.1348,1.02,69.1834,34.623,1.4356,0.3219,0.3091,1.1447,0.7345,66943.6581,41646.3824,27638.1932,449861.3824,279863.6897
688486.SH,20250530,62.22,1.3291,1.6446,0.63,57.1761,58.1836,6.2469,17.7185,17.5412,1.1684,0.8598,13270.4525,7375.8613,5960.9095,825687.5546,458926.0901
600012.SH,20250530,18.1,0.4298,2.1161,1.69,17.9875,17.0528,2.4809,4.2332,3.4801,3.3204,3.3204,165861.0,116560.0,23676.4279,3002084.1,2109736.0
002405.SZ,20250530,8.51,1.3877,1.5362,0.92,,,2.3395,5.7379,5.6597,0.0,,237181.7314,235585.1219,212800.791,2018416.5342,2004829.3874
600105.SH,20250530,8.26,15.2411,20.6437,0.76,196.6324,37.2872,3.5799,2.9374,2.8941,0.4152,0.4152,146199.4802,146199.4802,107937.6107,1207607.7065,1207607.7065
601999.SH,20250530,6.61,1.3338,4.1071,1.31,35.6399,31.1884,1.3939,1.5009,1.49,0.938,0.938,55091.47,55091.47,17891.47,364154.6167,364154.6167
603969.SH,20250530,6.69,2.8922,4.9891,0.75,24.1641,21.4224,2.2794,1.8726,1.8064,1.0415,1.0415,85476.4,84685.3,49092.0962,571837.116,566544.657
002216.SZ,20250530,11.78,0.6744,1.3749,0.78,19.0995,19.8761,2.2415,1.5615,1.57,4.2445,4.2445,87918.4048,63025.6229,30915.9643,1035678.8085,742441.8378
600547.SH,20250530,30.0,0.3954,0.8981,0.57,45.4686,40.9421,5.2627,1.6263,1.4995,0.7333,0.7333,447342.9525,361444.3347,159109.303,13420288.575,10843330.041
001382.SZ,20250530,21.52,20.0336,20.0336,1.12,65.7343,65.2521,5.3835,3.1289,3.0942,,,41200.0,6013.9493,6013.9493,886624.0,129420.1889
002522.SZ,20250530,4.79,4.0691,5.9731,0.67,58.4994,60.1909,1.9061,2.537,2.5689,0.7307,0.5219,90577.9387,90501.9879,61653.455,433868.3264,433504.522
300861.SZ,20250530,18.44,0.7794,1.2384,0.77,60.8249,,1.3683,3.8974,4.8171,1.6269,1.6269,48001.2,24194.0047,15227.3198,885142.128,446137.4467
600561.SH,20250530,6.53,5.2465,8.7083,1.86,168.3891,236.3615,2.0909,1.1873,1.1774,0.0,,28447.68,28447.68,17138.7147,185763.3504,185763.3504
300368.SZ,20250530,7.36,21.4834,30.687,3.43,,,28.3196,21.254,27.9005,0.0,,52894.3475,52894.3475,37030.2475,389302.3976,389302.3976
000553.SZ,20250530,6.95,0.3383,2.1108,0.74,,,0.8462,0.5491,0.5554,0.0,,232981.1766,217707.1961,34893.4,1619219.1774,1513065.0129
605288.SH,20250530,52.31,2.9287,11.6162,1.11,42.3439,43.4959,1.6403,2.7491,2.674,0.8794,0.8794,7019.8912,7019.8912,1769.8912,367210.5087,367210.5087
688391.SH,20250530,26.96,1.5479,1.5479,1.39,33.1663,37.2507,1.6445,5.2447,5.2882,2.1157,,11513.922,5730.7224,5730.7224,310415.3371,154500.2759
002051.SZ,20250530,8.06,0.429,1.18,0.93,27.6041,26.5576,0.8633,0.817,0.8292,1.5509,1.5509,123740.8937,123728.8157,44978.8836,997351.6032,997254.2545
301369.SZ,20250530,48.45,3.6516,3.6516,0.95,168.1812,162.7308,2.3197,10.9708,10.721,0.3678,0.5319,7047.8768,2497.5268,2497.5268,341469.631,121005.1735
688363.SH,20250530,50.44,0.4843,1.3785,0.87,139.4171,740.8749,3.5065,4.5237,4.775,0.7482,0.7482,48167.8242,48167.8242,16924.1738,2429585.0526,2429585.0526
600877.SH,20250530,11.84,0.5173,0.8708,1.28,204.1991,226.8362,5.6676,13.4213,13.479,0.0,,118405.9492,118405.9492,70339.0411,1401926.4385,1401926.4385
300841.SZ,20250530,57.73,5.5445,7.9891,3.04,19.2524,28.4372,2.2991,5.3601,6.0988,3.4553,1.6931,13294.6899,12189.4366,8459.4699,767502.4479,703696.1749
002801.SZ,20250530,30.21,2.7412,4.6565,0.64,31.4511,29.5589,4.174,4.9233,4.7873,0.9842,1.1483,22963.2,11580.27,6817.2,693718.272,349839.9567
920806.BJ,20250530,16.42,6.1358,18.8901,1.9,42.5346,42.9377,3.2504,2.1499,2.1353,0.609,0.609,30073.6667,30073.6667,9768.3387,493809.6072,493809.6072
300839.SZ,20250530,9.63,1.4842,3.195,0.83,,,7.0195,1.0371,1.1688,0.0,,24548.1453,23957.83,11129.6146,236398.6392,230713.9029
002731.SZ,20250530,11.74,9.7687,12.7638,0.71,13.8781,12.4039,1.6722,0.6776,0.6703,0.6048,0.6048,25615.6,22965.64,17576.7158,300727.144,269616.6136
300883.SZ,20250530,5.85,1.9128,2.6624,0.83,,,1.4238,2.481,2.3763,0.169,0.169,34600.0,33067.4575,23757.44,202410.0,193444.6264
002102.SZ,20250530,3.23,1.4431,1.8211,0.52,,,2.5101,0.6924,0.7018,0.0,,263258.049,232984.8934,184626.561,850323.4983,752541.2057
603131.SH,20250530,17.14,3.2863,6.9361,1.76,434.086,2373.7306,4.4902,5.0505,5.1145,0.0,,31799.1057,31799.1057,15066.1458,545036.6717,545036.6717
920570.BJ,20250530,44.38,8.1081,11.7809,0.98,193.9411,364.7408,5.8648,15.7769,17.85,0.7404,0.7404,4560.8929,2238.9702,1540.957,202412.4269,99365.4975
000975.SZ,20250530,19.69,0.6602,1.0162,0.81,25.1591,23.129,4.3157,4.0244,3.6127,1.422,1.8537,277672.2265,252743.2441,164212.4499,5467366.1398,4976514.4763
002037.SZ,20250530,8.86,4.3038,7.754,1.45,109.1816,94.642,2.2693,0.6628,0.642,0.0,,48388.3566,48388.3566,26857.6012,428720.8395,428720.8395
600289.SH,20250530,5.1,3.0963,4.498,1.52,,,2.6252,10.0491,10.2907,0.0,,63105.2069,56592.2684,38956.2787,321836.5552,288620.5688
300395.SZ,20250530,44.79,1.2209,1.5309,0.98,74.4473,68.4241,5.6022,13.4299,13.4607,0.4661,0.2893,52226.7673,51304.2984,40915.1221,2339236.9074,2297919.5253
601607.SH,20250530,18.42,0.6489,2.1776,2.56,15.0044,15.7271,0.9356,0.2482,0.2476,2.6557,2.6557,370836.1809,278920.7505,83117.2772,6830802.4522,5137720.2242
002458.SZ,20250530,8.27,1.6966,1.9645,1.92,18.1612,23.9958,2.1173,2.9179,2.9792,2.4184,2.3834,110641.2915,74886.8285,64675.1303,915003.4807,619314.0717
600882.SH,20250530,28.88,2.8752,6.0562,1.14,130.1533,95.5799,3.2924,3.053,2.8842,0.0,,51205.3647,51205.3647,24310.0793,1478810.9325,1478810.9325
001283.SZ,20250530,50.59,3.7744,3.7744,1.37,44.6892,34.0126,1.953,0.7983,0.7637,0.9365,0.9365,8061.0011,5785.5721,5785.5721,407806.0456,292692.0925
000718.SZ,20250530,2.13,0.7157,1.0842,1.04,39.1318,53.289,0.6833,3.0475,3.1393,3.7559,3.7559,303463.6384,228209.3122,150654.2061,646377.5498,486085.835
002141.SZ,20250530,3.14,1.6496,2.4064,0.58,,,3.8833,7.3634,4.5141,0.0,,103293.5798,103159.2875,70714.2228,324341.8406,323920.1628
920174.BJ,20250530,41.74,12.6305,22.829,1.26,35.9032,37.2003,4.7133,4.7024,4.8283,0.6996,0.6996,9000.8718,8675.1764,4799.6684,375696.3889,362101.8629
600500.SH,20250530,3.82,0.3786,0.829,0.69,,,1.123,0.259,0.2631,0.0,,358852.3593,358672.2753,163817.1275,1370816.0125,1370128.0916
300542.SZ,20250530,20.44,11.4737,17.268,1.45,,,10.9416,4.5221,4.7585,0.0685,0.0685,29855.9899,24638.5295,16371.1141,610256.4336,503611.543
000423.SZ,20250530,54.81,0.684,1.0317,0.94,22.6695,21.6732,3.2879,5.9614,5.7059,5.3348,5.3348,64397.6824,64397.6824,42698.0487,3529636.9723,3529636.9723
300015.SZ,20250530,12.41,0.5863,1.1094,1.13,32.544,31.2244,5.3037,5.5154,5.3055,1.2052,1.2052,932539.667,793095.9173,419093.3864,11572817.2675,9842320.3337
300699.SZ,20250530,30.63,4.4163,7.0881,4.44,34.3562,34.4721,4.8419,10.3939,10.1709,1.6199,1.6199,83135.2,82144.3049,51180.1545,2546431.176,2516080.0591
600460.SH,20250530,24.02,0.5073,0.7419,0.58,181.7956,104.1696,3.2331,3.5622,3.4001,0.0,,166407.1845,166407.1845,113780.4915,3997100.5717,3997100.5717
002389.SZ,20250530,21.7,6.4456,10.4506,1.46,244.5254,393.8853,2.6918,8.3997,8.9166,0.2756,0.2756,99360.9682,99082.2152,61110.6655,2156133.0099,2150084.0698
688625.SH,20250530,45.78,0.5341,1.4505,0.96,24.7544,23.825,4.4704,7.0237,6.8027,1.6038,2.3523,13532.7698,13532.7698,4982.7698,619530.2014,619530.2014
688526.SH,20250530,17.05,0.5478,2.0141,0.72,20.7859,19.7033,1.9558,8.4375,8.0916,2.5142,,46612.8056,46612.8056,12677.3149,794748.3355,794748.3355
000301.SZ,20250530,8.5,0.1703,0.5048,1.34,,,1.6692,0.4082,0.4282,1.1765,1.1765,661122.7217,660855.2645,222938.9138,5619543.1345,5617269.7483
920002.BJ,20250530,191.47,9.2415,9.2415,0.56,108.0934,100.6283,8.9234,18.0015,17.8551,,0.1045,3250.212,575.0,575.0,622318.0916,110095.25
002164.SZ,20250530,8.72,7.9157,12.5107,1.03,101.0696,85.2304,3.3405,3.1748,3.1162,0.0,,53217.3689,47977.5218,30355.8761,464055.4568,418363.9901
301077.SZ,20250530,19.55,4.2767,7.1244,1.21,22.4014,21.9473,2.9629,4.1865,4.1731,3.1362,3.888,16968.8245,9508.5898,5707.8449,331740.519,185892.9306
300248.SZ,20250530,13.62,5.8332,6.1079,1.51,58.8684,65.8393,3.0454,6.592,6.7748,0.5874,,47634.8393,40915.4359,39074.9689,648786.5113,557268.237
605298.SH,20250530,12.61,2.1595,7.8332,2.05,60.9642,49.1229,2.307,4.9039,4.8469,0.61,0.61,18785.0,18465.2,5090.6339,236878.85,232846.172
603948.SH,20250530,17.85,1.5027,5.5071,1.37,13.8739,14.5142,1.47,1.2114,1.2381,5.6024,5.6022,16248.9167,16248.9167,4433.9197,290043.1631,290043.1631
002796.SZ,20250530,10.91,2.3305,3.4004,1.08,29.8945,33.6314,3.1253,2.8702,2.9293,0.0,,25242.6948,22654.6483,15526.4761,275397.8003,247162.213
600655.SH,20250530,5.7,0.334,0.7207,0.82,177.3344,,0.6259,0.4734,0.5772,3.325,3.325,389694.3613,388984.6273,180296.8711,2221257.8594,2217212.3756
600307.SH,20250530,1.4,0.2148,0.5212,0.56,,,1.2285,0.2517,0.2624,,,626335.7424,626335.7424,258083.7496,876870.0394,876870.0394
601006.SH,20250530,6.75,0.3104,0.6081,1.27,15.0446,15.8799,0.8227,1.8223,1.8338,6.8301,6.8301,2014717.7716,2014717.7716,1028360.1661,13599344.9583,13599344.9583
603828.SH,20250530,5.13,0.5581,1.1216,0.37,356.1981,1721.224,4.0443,1.2429,1.3405,0.0,,59596.0158,59593.9625,29654.2988,305727.5611,305717.0276
603955.SH,20250530,33.8,5.8076,9.8074,0.63,157.4534,202.0176,2.9307,40.0017,41.0285,0.0,,13572.0,13572.0,8036.8213,458733.6,458733.6
002763.SZ,20250530,6.84,1.4056,2.7289,0.79,35.47,46.4984,1.442,0.9492,0.9455,5.848,2.193,40992.4,30355.795,15635.7,280388.016,207633.6378
603711.SH,20250530,13.43,1.1864,6.4257,0.54,21.89,26.4926,1.5914,1.686,1.7637,2.5939,2.5939,41268.45,41268.45,7619.6789,554235.2835,554235.2835
600982.SH,20250530,4.56,2.1021,4.2811,0.81,17.8843,17.0627,1.2095,1.2014,1.2411,3.2895,3.2895,111762.7485,111762.7485,54876.7377,509638.1332,509638.1332
300921.SZ,20250530,25.95,3.0504,3.8473,0.76,186.7124,167.357,4.1545,5.6828,6.0885,0.7634,0.7634,13169.1805,7941.7105,6296.5575,341740.234,206087.3875
920275.BJ,20250530,11.12,3.8987,6.0511,0.96,126.8013,149.3195,7.7078,24.7053,25.327,0.2698,0.5396,15937.76,7497.5944,4830.6953,177227.8912,83373.2497
300953.SZ,20250530,135.0,4.5691,6.0861,0.85,66.2746,61.3457,4.3271,2.3609,2.2505,0.0263,,12466.9387,8986.6432,6746.6537,1683036.7245,1213196.832
600246.SH,20250530,5.73,1.7406,3.0815,1.04,,,2.2363,22.1938,20.5709,0.0,,191691.6076,191691.6076,108277.7146,1098392.9115,1098392.9115
600739.SH,20250530,10.58,0.4577,0.8095,0.83,77.2312,34.5063,0.5468,1.4336,1.42,0.9406,0.9406,152970.9816,152970.9816,86496.4382,1618432.9853,1618432.9853
300790.SZ,20250530,19.82,3.4137,3.5408,1.09,40.3954,38.5902,3.0084,2.7029,2.6578,0.4483,0.4483,37411.8981,29707.6275,28640.769,741503.8203,588805.1771
300054.SZ,20250530,27.77,0.7723,0.8536,0.65,50.0414,44.916,5.5938,7.8068,7.5449,0.0,,93829.2591,72818.4469,65886.4236,2605638.5252,2022168.2704
688049.SH,20250530,48.39,3.1833,4.2444,0.95,66.3478,50.6928,3.68,10.848,9.749,0.3413,0.3413,14613.6404,14613.6404,10960.2503,707154.059,707154.059
301069.SZ,20250530,15.52,1.3425,3.1621,0.97,116.6041,107.094,4.3893,7.0354,6.8189,1.2887,0.6443,42064.1138,39196.1138,16641.5738,652835.0462,608323.6862
688130.SH,20250530,25.37,4.1215,4.2012,0.98,,,1.8715,17.5209,16.2735,,,9312.6248,3012.6248,2955.5048,236261.2912,76430.2912
688319.SH,20250530,18.23,1.4448,2.244,0.64,356.5044,186.4934,8.0479,12.567,12.2206,0.2086,0.2086,40593.36,40540.93,26101.9915,740016.9528,739061.1539
688395.SH,20250530,23.67,2.2791,5.6952,0.66,54.1802,52.6817,2.6611,5.5883,5.3776,0.8391,0.8391,8659.772,8659.772,3465.512,204976.8032,204976.8032
600963.SH,20250530,4.37,2.2729,4.0305,1.98,46.0655,57.8315,0.9706,0.9442,0.9272,0.0,0.6897,175756.7854,175756.7854,99114.3753,768057.1522,768057.1522
600599.SH,20250530,7.42,3.1646,7.95,1.03,,,11.1717,3.8033,3.9,0.0,,16600.0,16600.0,6607.7948,123172.0,123172.0
688720.SH,20250530,41.7,4.0265,4.4567,0.73,109.7799,109.6044,3.7431,8.5036,7.7128,0.4661,0.4661,8813.3334,5528.2656,4994.6688,367516.0028,230528.6755
600284.SH,20250530,6.75,1.111,1.7635,0.79,11.0374,11.5647,0.8431,0.3473,0.4,5.6593,3.9556,97025.6,97025.6,61126.3687,654922.8,654922.8
000651.SZ,20250530,46.42,0.5779,0.76,1.18,8.0789,7.7817,1.8896,1.3746,1.3382,5.0544,7.2024,560140.5741,551494.9814,419328.7205,26001725.4497,25600397.0366
002614.SZ,20250530,6.51,1.2385,1.4336,0.83,63.1837,66.2788,0.9421,0.8398,0.8233,4.6083,1.5361,62347.6857,44101.4014,38100.3991,405883.4339,287100.1231
002816.SZ,20250530,18.51,6.312,7.9933,0.58,,,8.1314,75.2605,32.9903,0.0,,10000.0,10000.0,7896.57,185100.0,185100.0
000713.SZ,20250530,6.95,1.869,2.6414,0.84,61.1011,58.4708,2.1471,1.4584,1.4745,0.2878,0.2878,61401.498,61401.498,43447.2078,426740.4111,426740.4111
600420.SH,20250530,10.75,1.4776,3.3683,1.57,13.305,12.9448,1.0628,1.3182,1.3835,1.8605,1.8605,134117.2692,134117.2692,58835.2257,1441760.6439,1441760.6439
301286.SZ,20250530,26.86,2.0923,2.0923,0.82,72.0454,60.5873,5.9379,10.4973,10.259,0.1851,0.1851,40010.0,3965.9,3965.9,1074668.6,106524.074
600423.SH,20250530,3.19,1.9415,2.9416,1.33,84.4346,85.4429,4.6008,15.4514,14.8492,0.0,,79869.5026,79869.5026,52716.093,254783.7133,254783.7133
600491.SH,20250530,3.81,0.5611,0.8265,0.3,,,0.5665,0.6392,0.7512,0.0,,152975.7955,152975.7955,103857.2015,582837.7809,582837.7809
300746.SZ,20250530,15.44,12.9077,27.2702,1.88,,,4.5957,3.2963,3.0187,1.4249,,22573.8328,22188.4219,10502.3919,348539.9784,342589.2341
688282.SH,20250530,40.83,1.455,1.8619,0.9,,1322.7929,2.8207,21.0271,21.9225,,,8800.0,3652.0,2853.8414,359304.0,149111.16
601133.SH,20250530,11.32,3.1435,3.1435,1.45,28.117,29.7239,2.0382,1.138,1.1619,1.9309,1.9309,52721.686,14750.0,14750.0,596809.4855,166970.0
002278.SZ,20250530,9.44,34.214,46.6899,1.97,113.8809,63.4528,3.0052,4.6867,4.3349,0.5276,0.5276,36390.9648,33420.6521,24490.3622,343530.7077,315490.9558
301128.SZ,20250530,45.01,2.0617,4.8748,0.94,47.7294,44.2149,5.5455,4.1329,3.6,1.1109,0.9522,10344.127,10344.127,4374.9667,465589.1563,465589.1563
300869.SZ,20250530,14.3,2.2636,3.6027,1.84,,,3.2947,11.9752,11.6672,2.0979,1.7483,40180.2977,25336.0994,15918.7455,574578.2571,362306.2214
601633.SH,20250530,22.53,0.2214,1.256,0.74,15.1941,17.1944,2.3436,0.9538,0.9674,1.3277,1.3277,855953.2978,620924.1326,109424.1326,19284627.7994,13989420.7075
603922.SH,20250530,19.6,8.0139,15.2093,0.93,,397.6219,3.4313,4.0506,4.3077,0.0729,0.0729,17920.0,17920.0,9442.2223,351232.0,351232.0
600789.SH,20250530,10.84,19.7401,25.9103,2.1,24.6862,23.9996,2.4381,1.5629,1.5949,1.0134,1.0134,89866.9632,89866.9632,68466.4905,974157.8811,974157.8811
600916.SH,20250530,8.44,1.0672,2.1988,0.58,17.3257,24.0451,1.8697,0.2345,0.2664,5.3318,5.3318,168000.0,168000.0,81540.0,1417920.0,1417920.0
003016.SZ,20250530,7.39,0.5269,1.638,0.83,,,1.1898,2.2535,2.2815,3.0493,3.0493,42852.1612,41888.0342,13474.7919,316677.4713,309552.5727
605189.SH,20250530,13.83,2.3814,7.3594,1.98,16.4257,20.4227,1.1495,0.6797,0.6513,1.0846,,14976.633,14976.633,4846.195,207126.8344,207126.8344
301421.SZ,20250530,57.0,12.3531,12.4014,0.91,178.4645,201.7178,5.5503,15.8602,15.2326,0.6491,0.1228,11571.8,4630.8485,4612.811,659592.6,263958.3645
300213.SZ,20250530,7.89,2.1774,2.2326,0.88,63.2413,85.5111,2.1337,4.0647,4.2694,0.628,,59436.466,54591.9368,53241.9842,468953.7167,430730.3814
002491.SZ,20250530,5.06,1.5899,2.7187,1.01,80.4866,26.3463,2.3245,2.135,2.2258,0.0,,122999.45,117646.8871,68799.4407,622377.217,595293.2487
688234.SH,20250530,60.0,1.102,1.9793,0.67,144.0171,182.2826,4.8386,14.5818,14.7327,,,42971.1044,30040.8318,16726.0083,2578266.264,1802449.908
301255.SZ,20250530,40.94,7.5846,7.5846,1.04,85.7404,93.9632,4.2415,10.4068,10.4686,1.2213,1.2213,10880.0,2720.0,2720.0,445427.2,111356.8
002766.SZ,20250530,5.56,3.5094,7.7938,1.41,79.7652,93.0968,5.8856,3.4277,3.6889,0.0,,86174.5401,85075.8136,38308.1923,479130.443,473021.5236
002115.SZ,20250530,7.83,7.0873,7.849,0.96,,,3.0535,0.58,0.609,0.0,,81099.1332,75219.5532,67920.2977,635006.213,588969.1016
300904.SZ,20250530,53.79,7.5626,7.5626,1.3,,,5.2831,11.2792,9.1221,1.0411,,7238.3232,2198.3232,2198.3232,389349.4049,118247.8049
688700.SH,20250530,33.51,0.6985,1.0521,0.42,144.3484,180.8294,5.7117,13.3326,13.0885,0.5731,0.5731,29840.136,29840.136,19812.0874,999942.9574,999942.9574
002408.SZ,20250530,4.56,0.3231,0.7274,0.87,409.2004,2603.763,1.1141,0.514,0.5112,2.8429,2.8429,284284.1778,272059.5892,120863.1729,1296335.8508,1240591.7268
301488.SZ,20250530,69.7,22.371,23.1766,1.04,63.5446,63.3391,4.8161,4.5512,4.2445,0.7174,0.7174,9200.0,2341.125,2259.745,641240.0,163176.4125
603208.SH,20250530,15.28,1.5348,4.0392,0.84,24.8675,32.4072,2.1118,0.9022,0.9752,11.5641,11.5641,17717.2674,17717.2674,6732.2674,270719.8459,270719.8459
688122.SH,20250530,49.51,1.5325,2.2822,0.81,40.1665,37.3886,4.6912,6.9735,6.5741,1.4139,1.6158,64966.4497,64966.4497,43626.2684,3216488.9246,3216488.9246
920227.BJ,20250530,58.93,1.6733,2.7505,0.91,54.9237,53.9419,5.4319,15.5579,15.2918,1.6969,1.6969,3894.15,1762.3704,1072.1521,229482.2595,103856.4877
688681.SH,20250530,13.08,1.1227,1.7541,0.88,44.892,39.4193,2.3797,3.2585,3.1105,1.1378,1.1378,10467.0,10467.0,6699.1685,136908.36,136908.36
300235.SZ,20250530,10.41,2.1655,2.7976,1.0,150.8381,185.2173,3.6885,28.4401,30.5792,0.4803,,25174.6635,20313.2013,15723.5735,262068.247,211460.4255
600360.SH,20250530,6.89,1.5221,1.9594,0.62,51.7986,39.5966,1.9435,3.2156,3.0016,0.1684,0.1684,96029.5304,96029.5304,74596.8648,661643.4645,661643.4645
300161.SZ,20250530,26.61,1.457,2.1678,0.87,,,3.4328,2.9663,3.0358,0.0752,0.0752,19869.6906,19499.4903,13105.5198,528732.4669,518881.4369
001282.SZ,20250530,26.84,7.4403,10.4552,1.33,29.1156,28.969,2.7104,2.7265,2.6455,1.2588,1.2588,15870.4,5583.2,3973.2,425961.536,149853.088
300779.SZ,20250530,173.26,1.6457,2.0065,0.94,797.3543,2468.3772,26.2967,29.5575,29.8882,0.0612,,19604.6794,15654.4782,12840.1294,3396706.7528,2712294.8929
300434.SZ,20250530,10.12,19.4871,33.133,1.73,44.3065,62.7445,1.6192,3.6881,3.9432,1.087,1.087,40174.3872,34212.1086,20121.7619,406564.7985,346226.539
000695.SZ,20250530,14.45,23.8197,36.5544,0.86,,,21.8435,6.506,6.7316,0.0,,22214.7539,22172.0364,14447.8235,321003.1939,320385.926
000905.SZ,20250530,7.97,3.6019,7.5287,0.98,29.6066,31.8871,1.1774,0.267,0.2935,1.9197,1.9197,74180.9597,74180.8097,35490.0575,591222.2488,591221.0533
301332.SZ,20250530,10.22,1.2883,1.9237,0.94,33.1319,33.0694,1.6237,1.3359,1.313,0.9785,0.9785,46156.25,26489.75,17739.75,471716.875,270725.245
301278.SZ,20250530,31.73,2.5705,3.1845,0.76,28.7708,41.0214,1.9521,3.1534,3.2585,0.8775,0.8775,8978.0143,3505.7361,2829.8556,284872.3937,111237.0065
920725.BJ,20250530,29.0,5.2841,8.3106,0.57,671.9351,,4.24,12.2378,13.6185,0.5193,,9127.5,4207.7762,2675.415,264697.5,122025.5098
920068.BJ,20250530,20.9,13.5774,13.8919,0.77,78.3781,78.3781,10.6818,16.8661,16.8661,,,64660.0015,6270.4261,6128.5066,1351394.0314,131051.9055
000573.SZ,20250530,4.58,7.1083,8.9682,0.52,,35.0628,1.721,5.9714,5.781,1.31,1.31,63828.0604,63296.4819,50169.3956,292332.5166,289897.8871
300521.SZ,20250530,22.09,3.2045,4.3066,1.74,,,6.5841,16.74,17.0088,0.0,0.1811,14400.0,14399.874,10714.526,318096.0,318093.2167
600639.SH,20250530,10.61,0.4278,1.2281,1.38,11.8856,13.582,0.8261,4.3705,5.1206,5.3723,5.3723,112241.2893,85023.6703,29615.5246,1190880.0795,902101.1419
301149.SZ,20250530,11.16,2.88,4.2843,0.51,28.0009,26.5551,2.4287,0.8533,0.8303,1.9713,0.6272,43000.0018,25971.9087,17458.6311,479880.0201,289846.5011
600835.SH,20250530,20.45,1.7734,4.5343,1.08,22.3133,22.5239,1.5024,1.0112,1.0161,3.1296,3.1296,102273.9308,80650.43,31543.0714,2091501.8849,1649301.2935
000973.SZ,20250530,6.51,2.5596,3.4942,0.39,52.6403,51.8573,2.1881,2.8267,2.8124,1.0292,1.0292,96742.3171,96742.3171,70866.2659,629792.4843,629792.4843
000501.SZ,20250530,9.07,1.7021,2.9859,1.41,32.2921,31.7118,0.6271,1.0404,1.0673,1.6384,1.6384,76899.2731,76829.3891,43794.9828,697476.407,696842.5591
000822.SZ,20250530,5.58,1.8301,3.0673,0.5,127.3592,,0.9729,0.8307,0.9618,1.7921,,89509.1926,89509.1926,53404.3048,499461.2947,499461.2947
688588.SH,20250530,13.39,1.7274,3.4524,1.1,43.0928,26.8276,4.0654,4.8071,4.8761,1.4563,1.4563,40001.0003,40001.0003,20014.8397,535613.394,535613.394
300812.SZ,20250530,20.2,2.3255,3.141,1.09,,,3.5867,7.209,6.1705,0.1982,0.1982,14013.7029,9270.2307,6863.5107,283076.7986,187258.6601
301205.SZ,20250530,63.77,2.8977,4.1695,0.78,89.0107,71.1221,5.4804,9.2854,8.7377,0.0784,0.3136,12974.4,6795.828,4722.876,827377.488,433369.9516
600386.SH,20250530,4.67,4.8899,10.8665,1.26,181.8291,196.7147,2.1381,0.8335,0.8741,0.4283,0.4283,80640.0,80640.0,36288.0,376588.8,376588.8
605116.SH,20250530,21.05,0.5547,2.0956,0.82,24.0998,21.8108,3.5309,5.794,5.5446,1.0451,1.0451,40619.5234,39751.1234,10521.2834,855040.9676,836761.1476
002651.SZ,20250530,11.17,14.487,27.5779,0.71,96.1179,104.8932,4.0837,14.8712,15.4715,0.3581,0.3581,103346.0,56546.3641,29704.505,1154374.82,631622.887
300971.SZ,20250530,25.07,19.0737,21.66,7.07,48.089,66.6127,2.0919,5.464,5.5505,0.9972,0.9972,8400.0,6579.5532,5793.9032,210588.0,164949.3987
300808.SZ,20250530,26.99,1.4603,3.3792,1.09,,,4.3252,10.0101,10.9789,0.6947,,16000.0,10519.9438,4546.0639,431840.0,283933.2832
603809.SH,20250530,14.32,2.5865,4.0054,0.82,37.0888,34.4879,4.0727,5.0583,4.9062,0.6585,1.0743,83356.0654,83356.0654,53826.9141,1193658.8565,1193658.8565
603010.SH,20250530,9.87,0.4263,0.8312,0.82,56.2647,86.2689,1.6164,1.9637,1.8952,1.8419,0.7873,58957.8593,58957.8593,30239.4927,581914.0713,581914.0713
600107.SH,20250530,4.0,1.4706,1.8769,0.68,,,2.9757,4.3702,5.2553,0.0,,36000.0,36000.0,28205.9362,144000.0,144000.0
603279.SH,20250530,15.93,0.4717,0.8619,0.89,10.826,11.675,2.0853,1.4982,1.5233,10.7998,6.6541,57645.7,57204.7374,31302.6536,918296.001,911271.4668
002737.SZ,20250530,15.75,0.9153,2.1138,1.28,18.6934,31.2885,2.0734,2.7237,3.6466,9.5238,9.5238,58400.0,58399.9625,25287.7681,919800.0,919799.4094
002193.SZ,20250530,5.67,3.1579,4.3048,1.13,,,2.3063,3.3037,3.3769,0.0,,26171.555,26171.405,19198.3885,148392.7169,148391.8664
603393.SH,20250530,29.7,0.6142,1.0894,1.07,10.6229,10.23,1.4761,3.3337,3.3942,3.0303,3.0303,42392.1327,42322.1331,23859.4733,1259046.3412,1256967.3531
600682.SH,20250530,6.58,0.9324,1.6667,1.19,38.4988,38.7091,0.5013,1.3221,1.3243,0.4536,0.4536,134613.2221,116506.0275,65175.6975,885755.0014,766609.661
603298.SH,20250530,19.31,0.5994,1.5573,0.97,12.5085,12.1627,2.5465,1.5342,1.5037,1.8495,2.5893,130981.2049,130981.2049,50413.7501,2529247.0666,2529247.0666
300745.SZ,20250530,17.14,5.6012,6.2931,0.69,,,1.2651,1.2844,1.2547,0.0,,16761.4391,14128.5215,12574.9639,287291.0662,242162.8585
603936.SH,20250530,7.83,1.6433,2.139,0.76,,,1.1487,1.5112,1.4648,0.2554,0.2554,63039.8004,63039.8004,48432.8493,493601.6371,493601.6371
002090.SZ,20250530,9.62,4.1029,5.203,0.92,53.3236,56.2653,2.5366,2.1732,2.2903,0.7796,0.7796,40057.7071,39601.7512,31228.4434,385355.1423,380968.8465
920422.BJ,20250530,14.08,2.7284,6.4899,0.69,83.2849,97.8678,3.0187,2.4093,2.4879,1.4205,1.0653,8848.271,6622.271,2784.011,124583.6557,93241.5757
920640.BJ,20250530,28.8,2.9736,6.8385,1.3,105.7484,107.6111,6.0896,7.0878,7.1064,1.0417,,18772.8,18056.541,7851.704,540656.64,520028.3808
688615.SH,20250530,153.46,2.4242,2.4242,0.56,53.6399,51.3519,8.3474,14.939,14.2609,,0.9309,14000.0,2800.0,2800.0,2148440.0,429688.0
002536.SZ,20250530,14.2,2.6499,4.209,0.8,24.7614,24.4906,2.3612,1.7281,1.7773,2.8169,2.8169,57478.5888,54554.3801,34346.8259,816195.961,774672.1974
688273.SH,20250530,28.79,4.6173,4.6173,1.32,28.3419,27.3787,2.1314,6.7813,6.5657,3.4206,3.4206,10000.0,3682.679,3682.679,287900.0,106024.3284
301001.SZ,20250530,30.11,6.8782,12.0422,0.89,179.852,184.5346,2.9285,5.7089,6.1144,0.4151,0.4151,8000.0,5030.0,2873.0,240880.0,151453.3
601226.SH,20250530,6.22,0.7503,2.0297,0.87,62.953,55.8095,1.7262,0.9615,0.934,0.4183,0.4183,116572.23,116222.37,42964.8044,725079.2706,722903.1414
688265.SH,20250530,27.43,0.9046,1.3149,0.93,329.2338,116.0626,1.2706,5.6094,5.5302,0.4679,0.4679,7796.3513,4938.8513,3397.7462,213853.9162,135472.6912
300112.SZ,20250530,8.4,3.5126,4.2595,1.08,,,2.4352,2.3788,2.3007,2.3809,2.3809,29194.58,23764.2066,19597.0856,245234.472,199619.3354
002104.SZ,20250530,8.91,28.8995,30.6203,5.66,66.407,68.05,2.8971,6.9893,6.9086,1.4502,1.4502,70818.2154,59954.2004,56584.9517,630990.2992,534191.9256
002415.SZ,20250530,28.13,0.1672,0.4201,0.75,21.6851,21.4651,3.4435,2.808,2.7865,3.2332,2.4757,923319.8326,910566.9814,362472.271,25972986.891,25614249.1868
300016.SZ,20250530,6.97,5.1562,7.0548,2.81,251.1684,205.7647,2.2177,3.4862,3.2387,0.0,0.7174,49194.6978,49117.7378,35898.9851,342887.0437,342350.6325
002516.SZ,20250530,5.12,0.8145,1.6549,1.16,46.0626,42.5823,2.0864,3.5889,3.476,1.9202,1.5625,147083.8682,145424.3682,71572.8268,753069.4052,744572.7652
002335.SZ,20250530,38.0,2.9126,3.866,0.79,62.1424,63.0631,3.2466,2.5248,2.5144,0.2828,0.2632,51541.4041,45467.2644,34254.6021,1958573.3558,1727756.0472
301539.SZ,20250530,17.9,2.6762,4.5112,1.48,52.8467,55.9308,3.366,2.576,2.5151,1.1173,,14800.0,7506.1799,4452.9408,264920.0,134360.6202
603811.SH,20250530,9.13,1.738,2.3781,0.68,14.8893,13.9764,2.3022,4.1831,4.0009,2.1906,2.1906,32730.432,32730.432,23921.0468,298828.8442,298828.8442
301268.SZ,20250530,16.52,1.0727,1.4346,1.2,,,3.821,2.5849,2.4878,1.5119,1.5119,40039.6802,18039.2252,13488.3122,661455.5169,298008.0003
002586.SZ,20250530,3.02,0.548,0.7867,0.66,,,1.1687,1.3918,1.4045,0.0,,114422.3714,89692.0799,62484.0799,345555.5616,270870.0813
301165.SZ,20250530,66.83,3.7259,3.7259,1.12,66.1432,55.9189,8.0877,3.2458,3.1412,0.8379,0.8379,56818.1818,6818.1818,6818.1818,3797159.0897,455659.0897
000850.SZ,20250530,4.16,2.1807,4.0694,1.63,13.6754,14.7524,0.8917,1.1739,1.1857,2.3489,2.3489,94366.5009,94339.6879,50553.6311,392564.6437,392453.1017
300241.SZ,20250530,5.13,1.9161,2.0507,0.93,111.4165,68.2944,1.6267,2.2782,2.199,0.0,,68597.1103,57237.3373,53482.4546,351903.1758,293627.5403
688378.SH,20250530,18.83,1.7129,2.4834,0.83,43.3408,187.9434,2.2559,7.3561,9.164,3.0347,3.0347,20814.8221,20121.5983,13878.995,391943.1001,378889.696
603193.SH,20250530,38.9,3.5907,4.4648,1.03,52.434,50.9529,7.747,11.9397,11.3104,0.8997,1.054,40459.3314,10333.6314,8310.6648,1573867.9915,401978.2615
920000.BJ,20250530,21.84,2.5267,4.1812,0.74,31.0555,30.8193,3.272,4.2233,4.2722,0.7784,0.641,9168.0,4830.63,2919.18,200229.12,105500.9592
301383.SZ,20250530,39.15,7.3209,11.338,0.75,30.1127,36.4608,3.0833,2.8628,2.8352,0.6567,0.6567,16287.0,7025.725,4536.47,637636.05,275057.1338
300221.SZ,20250530,8.29,6.7588,6.7588,1.07,77.2742,59.2573,2.9122,1.9665,1.8568,0.0,,47953.8185,45249.9392,45249.9392,397537.1554,375121.996
002426.SZ,20250530,2.7,3.2741,3.8091,1.09,,,3.7433,2.7649,2.7477,0.0,,340262.5916,340259.9891,292467.9937,918708.9973,918701.9706
603919.SH,20250530,18.07,0.6238,1.3543,0.96,23.6152,22.864,2.7697,3.0339,3.0014,2.151,2.7101,50725.9997,50725.9997,23365.453,916618.8146,916618.8146
600287.SH,20250530,5.09,0.6368,1.3506,1.04,45.6617,48.8869,1.0465,0.6876,0.7219,0.0,,43884.7974,43679.6074,20592.4619,223373.6188,222329.2017
688387.SH,20250530,5.65,0.6558,0.823,0.85,,,3.155,2.9757,3.048,,,341875.0,137875.0,109875.0,1931593.75,778993.75
600151.SH,20250530,6.66,0.7827,1.2568,1.1,,,1.9657,1.7859,1.9609,0.0,,143425.2287,143425.2287,89318.9076,955212.0231,955212.0231
000536.SZ,20250530,4.33,1.6558,3.1443,1.14,,,11.2649,6.8874,7.2234,0.0,,276603.2803,276308.2516,145509.2221,1197692.2037,1196414.7294
688269.SH,20250530,31.08,1.0006,1.3469,0.57,43.8613,39.4323,4.0282,2.4086,2.0236,1.6088,2.2523,13070.4,13070.4,9710.4,406228.032,406228.032
002885.SZ,20250530,13.28,2.0939,3.0816,1.14,94.4802,75.9627,2.551,1.199,1.1206,0.1054,0.1641,27190.6715,23249.327,15797.721,361092.1175,308751.0626
002289.SZ,20250530,15.1,3.21,5.8403,1.64,,,18.2563,19.2109,17.4576,0.0,,28025.3733,27995.3733,15387.0492,423183.1368,422730.1368
600901.SH,20250530,5.97,0.6513,1.6472,1.15,11.7511,11.5169,1.3887,6.5517,6.2414,4.0438,4.0438,579237.9763,578994.8431,228941.958,3458050.7185,3456599.2133
002353.SZ,20250530,34.52,0.9052,1.0879,0.99,13.4538,13.0069,1.6823,2.6465,2.5408,1.7589,2.3465,102385.5833,69324.389,57682.065,3534350.3355,2393077.9083
300435.SZ,20250530,13.73,1.6864,2.5696,0.91,,,1.7637,1.9494,2.0224,1.0763,1.4567,38571.3,36881.463,24205.23,529583.949,506382.487
300084.SZ,20250530,8.0,15.8894,17.6261,1.1,,,3.1619,6.8053,6.6695,0.0,,51024.7899,34459.7584,31064.5282,408198.3192,275678.0672
002365.SZ,20250530,19.95,21.3176,23.8851,0.63,95.1804,204.7066,2.978,7.0086,7.2283,0.4981,0.4981,29468.25,24556.0101,21916.3869,587891.5875,489892.4015
300653.SZ,20250530,20.2,1.8864,3.347,1.88,27.0055,30.0783,4.3613,10.0103,9.8004,3.9604,2.2474,18000.0,17999.9475,10145.1101,363600.0,363598.9395
002206.SZ,20250530,5.14,2.6044,3.1269,0.56,14.5502,12.5623,1.6186,1.0123,1.0001,2.9241,3.3968,116220.722,91617.4636,76308.735,597374.5111,470913.7629
603045.SH,20250530,15.6,3.0047,4.1885,0.75,46.3033,62.8456,2.1898,0.5487,0.5025,0.391,0.391,13544.5155,13544.5155,9716.3649,211294.4418,211294.4418
002363.SZ,20250530,7.29,2.4834,4.3023,1.27,64.8382,59.4338,1.4276,1.2793,1.2867,1.7868,1.7868,41782.8301,41575.8167,23998.6727,304596.8314,303087.7037
688535.SH,20250530,68.8,1.863,2.0764,1.01,138.5794,160.9245,5.3175,16.741,16.1813,0.5814,0.5814,8069.6453,5245.5548,4706.5377,555191.5966,360894.1702
600640.SH,20250530,11.72,0.5109,1.6685,0.87,614.2913,593.7524,2.3484,4.3603,4.4695,0.0171,0.0171,79569.594,79569.594,24363.2395,932555.6417,932555.6417
002695.SZ,20250530,9.99,1.2452,3.4076,0.83,138.5776,107.2171,2.0308,3.2133,3.2348,1.7938,1.1011,55944.1921,51131.1204,18683.955,558882.4791,510799.8928
301315.SZ,20250530,46.69,6.8703,6.8703,1.67,79.4561,82.4408,3.9635,13.9914,14.7916,0.7496,0.7496,8800.0,3700.0,3700.0,410872.0,172753.0
000628.SZ,20250530,44.08,2.5065,2.915,0.73,253.0319,523.5524,7.3421,2.1788,2.3202,0.3448,0.3448,35228.0,19208.2585,16516.0285,1552850.24,846700.0347
003029.SZ,20250530,20.57,2.971,4.5752,0.87,,,3.5515,9.7936,11.6769,0.0,,19362.0227,17084.2541,11094.1941,398276.8069,351423.1068
300571.SZ,20250530,30.05,5.0276,6.4214,0.9,,,2.8794,2.9057,3.8996,0.0,,13952.8294,11560.347,9051.097,419282.5235,347388.4274
000338.SZ,20250530,15.04,0.6714,0.6819,0.72,11.4953,11.3845,1.4669,0.6077,0.6047,4.4228,4.4228,871567.1296,498174.4841,490509.9821,13108369.6292,7492544.2409
688512.SH,20250530,10.09,2.3098,2.5111,0.93,,,2.5478,8.8725,8.3605,,,46076.2548,32457.0296,29854.1848,464909.4109,327491.4287
002735.SZ,20250530,19.67,7.8904,9.4282,0.14,,,4.3414,3.7774,3.5332,0.2497,0.2497,38200.6553,28059.581,23482.9392,751406.8898,551931.9583
603096.SH,20250530,17.93,1.1145,2.8288,0.97,21.8419,26.962,1.4257,3.3703,3.7076,5.0195,5.0195,15423.4624,15423.4624,6076.8624,276542.6808,276542.6808
688596.SH,20250530,34.88,0.6488,0.7854,1.03,19.3066,18.9645,2.8298,1.8629,1.8334,0.7944,0.7944,29211.727,29211.727,24132.801,1018905.0378,1018905.0378
300547.SZ,20250530,28.37,5.1977,6.0139,1.27,30.3536,30.0225,4.9336,4.5143,4.4595,1.4653,1.4653,21690.6174,17663.3031,15265.9274,615362.8156,501107.9089
603391.SH,20250530,37.63,5.5038,5.5038,1.77,11.7629,13.537,1.6645,3.2163,3.5549,3.3218,6.6436,9100.0,2275.0,2275.0,342433.0,85608.25
003043.SZ,20250530,53.22,2.9644,4.2214,0.99,62.6347,68.0729,3.0095,8.0626,6.8069,0.3955,0.3955,9502.8044,5595.4886,3929.2518,505739.2502,297791.9033
300062.SZ,20250530,5.08,2.7321,3.2435,1.41,,,2.3756,2.4685,2.9023,0.3937,,55760.0663,38611.1543,32523.2943,283261.1368,196144.6638
600761.SH,20250530,16.41,2.2184,3.4218,1.69,11.076,11.6788,1.4437,0.8436,0.8451,3.2398,3.6563,89069.2761,89069.2761,57744.4119,1461626.8208,1461626.8208
300070.SZ,20250530,4.55,1.3931,2.1389,2.95,281.4741,605.1685,0.6037,1.9288,1.9822,0.9451,0.0879,362420.9363,343458.0996,223699.5069,1649015.2602,1562734.3532
301636.SZ,20250530,54.42,13.4673,13.4673,0.84,26.4677,25.6424,3.2014,3.9679,3.8349,,,6386.7823,1514.1113,1514.1113,347568.6928,82397.9369
300404.SZ,20250530,8.65,8.1784,9.553,1.5,115.1771,205.0463,3.364,4.4668,4.6456,0.1145,,38317.0928,27805.7252,23804.7054,331442.8527,240519.523
601155.SH,20250530,12.6,0.3742,1.141,1.2,37.7739,34.2569,0.4646,0.3193,0.3368,0.0,,225562.2856,225562.2856,73982.2856,2842084.7986,2842084.7986
603366.SH,20250530,10.16,4.0646,10.2839,0.7,38.8995,37.8985,2.0077,1.6265,1.6387,0.7686,0.7686,81304.8101,81304.8101,32135.0795,826056.8706,826056.8706
300480.SZ,20250530,12.88,1.7299,2.056,1.11,,,3.5044,7.9269,7.8277,0.3867,0.3867,35282.9602,23664.858,19911.3285,454444.5274,304803.371
603616.SH,20250530,4.06,2.279,3.5523,0.89,,,6.6954,2.0195,1.8393,0.0,,39131.8,38136.8,24467.08,158875.108,154835.408
688789.SH,20250530,75.39,0.6634,1.3233,0.81,32.6472,31.0153,4.1392,7.5565,7.1199,0.7104,0.7104,17945.1332,17945.1332,8996.3941,1352883.5919,1352883.5919
301259.SZ,20250530,45.85,8.1298,8.8843,1.79,,,8.487,38.7408,32.9007,0.0,,15600.0,8136.9788,7445.9475,715260.0,373080.478
300452.SZ,20250530,12.83,4.7976,6.0646,0.95,25.1873,25.7563,3.2796,3.4082,3.3693,1.9333,,23444.9414,18680.2094,14777.5471,300798.5982,239667.0866
000571.SZ,20250530,4.57,2.9428,4.15,1.82,,,19.4978,4.6729,5.4478,0.0,,83912.9,81399.545,57721.3418,383481.953,371995.9207
600581.SH,20250530,3.15,1.0031,2.0071,0.96,,,,0.2596,0.2593,0.0,,153869.147,153289.787,76610.8606,484687.8131,482862.8291
000721.SZ,20250530,8.65,1.484,2.2957,0.89,,,18.173,7.4562,7.6824,0.0,,57391.4308,51236.0308,33119.842,496435.8764,443191.6664
002165.SZ,20250530,9.75,19.3947,24.2749,0.81,122.5546,138.7405,3.49,2.6299,2.5764,1.0256,1.0256,73526.9837,72762.9496,58134.7917,716888.0911,709438.7586
300842.SZ,20250530,39.09,2.0083,2.2209,0.46,15.3947,25.3197,3.2755,0.361,0.3516,1.4509,0.7617,14176.2418,12618.8115,11410.9801,554149.292,493269.3415
002263.SZ,20250530,2.66,1.3842,1.92,0.56,272.6808,156.6312,1.8105,3.7722,3.772,0.0,,187836.01,187834.51,135418.708,499643.7866,499639.7966
603885.SH,20250530,13.92,0.5499,1.4215,0.75,33.4799,34.4568,3.508,1.3854,1.3852,1.1401,0.6435,219900.5268,219900.5268,85060.8385,3061015.3331,3061015.3331
603511.SH,20250530,14.32,0.4628,3.3026,0.72,35.638,41.1091,1.3004,1.8404,1.8551,5.2576,5.2576,40655.5912,40188.7312,5631.514,582188.066,575502.6308
300676.SZ,20250530,51.42,0.9924,1.7549,0.59,,,2.3494,5.5293,5.7515,0.1945,0.1945,41582.1575,41356.0025,23386.8153,2138154.5387,2126525.6486
000607.SZ,20250530,3.92,3.0735,5.753,2.77,,,2.5422,2.7876,2.9634,0.7398,0.7398,101769.841,88503.3444,47282.0267,398937.7767,346933.11
002870.SZ,20250530,31.37,1.495,3.4619,1.26,26.6856,31.0482,2.5454,0.702,0.7071,0.3188,0.3188,13207.5636,12792.3561,5524.4036,414321.2701,401296.2109
600501.SH,20250530,20.01,3.6724,6.863,1.05,,,4.8947,3.5652,3.7,0.3001,0.3001,43120.8,42459.845,22720.4678,862847.208,849621.4985
300579.SZ,20250530,28.14,5.0967,11.0853,1.64,603.2901,488.5253,8.6136,6.7688,6.7616,0.0,,27000.0,26227.8592,12058.6907,759780.0,738051.9579
688584.SH,20250530,17.29,0.8415,2.0271,0.88,95.2596,94.5233,2.7628,10.3774,10.0945,1.7263,1.7263,66545.8353,33978.8393,14105.1077,1150577.4923,587494.1315
300080.SZ,20250530,3.81,0.6055,1.6763,0.86,,,1.4052,2.0857,2.0357,0.0,,187338.0436,187012.0728,67549.5911,713757.9461,712515.9974
002990.SZ,20250530,28.71,7.1748,12.92,0.57,42.8936,49.9266,3.1485,6.1386,6.0996,1.3653,0.7315,26130.7388,13409.5388,7446.6588,750213.5109,384987.8589
688593.SH,20250530,15.63,0.6848,0.9275,0.78,851.7187,325.2552,4.6335,14.1554,12.8838,0.2493,0.2493,45952.9412,31900.5488,23550.4888,718244.471,498605.5777
300326.SZ,20250530,4.5,1.8946,2.1535,1.16,,,1.1741,3.2774,3.2166,1.3333,1.3333,71702.6333,71658.8713,63043.8472,322661.8499,322464.9209
002656.SZ,20250530,2.35,1.7034,1.9307,1.12,,,2.9832,7.7342,6.8326,0.0,,71251.9844,60945.7555,53770.5607,167442.1633,143222.5254
002589.SZ,20250530,2.98,1.7929,2.3486,1.15,217.4439,228.5011,0.8139,0.5629,0.582,0.6711,0.6711,150471.0471,136559.1548,104248.489,448403.7204,406946.2813
002945.SZ,20250530,13.53,0.176,1.7598,0.78,103.4423,91.0186,5.3254,25.4616,24.5711,0.0296,0.2956,270000.0,270000.0,27000.0,3653100.0,3653100.0
600328.SH,20250530,7.08,0.3253,0.6008,0.75,20.0108,21.6383,0.8711,0.8052,0.7981,3.8857,1.7386,146630.9533,146077.6315,79099.6128,1038147.1494,1034229.631
600970.SH,20250530,9.02,0.6739,1.3498,1.32,7.9824,7.9116,1.0934,0.5162,0.5178,4.4381,4.4381,263995.803,225185.6839,112422.2641,2381242.1431,2031174.8688
002892.SZ,20250530,15.75,3.1669,4.0418,0.71,162.7689,190.0486,7.5886,5.9026,5.6429,0.4088,,62080.0887,39649.5839,31067.1641,977761.397,624480.9464
688106.SH,20250530,18.36,0.9177,1.6902,0.88,43.9761,52.4405,3.0482,3.5042,3.4588,2.7134,1.3522,48197.7391,48197.7391,26169.7628,884910.4899,884910.4899
920300.BJ,20250530,20.24,14.0084,17.4713,0.58,,,7.916,14.601,14.1015,,,8584.7126,6653.1656,5334.472,173754.583,134660.0717
001379.SZ,20250530,20.18,2.1969,2.321,0.81,52.6688,52.6815,2.7299,2.2346,2.245,0.892,0.2577,20000.0,6730.0,6370.0,403600.0,135811.4
000426.SZ,20250530,13.23,1.7506,2.4129,0.85,15.3554,14.026,2.8382,5.5011,5.0461,0.5083,0.5083,177563.5739,177520.5464,128789.3936,2349166.0827,2348596.8289
688235.SH,20250530,230.2,2.1834,2.1834,0.91,,,14.0566,13.0195,11.8489,,,153914.8478,11505.526,11505.526,35431197.9636,2648572.0852
002085.SZ,20250530,16.2,3.6865,6.0985,2.53,52.6507,49.0276,4.7146,2.1149,2.1115,0.9259,0.9259,212329.752,212329.752,128350.3253,3439741.9824,3439741.9824
600600.SH,20250530,74.17,0.8437,1.9682,0.7,23.2872,22.6964,3.2882,3.1484,3.1197,2.6965,2.6965,136419.6788,70912.5943,30399.3888,10118247.5766,5259587.1192
000568.SZ,20250530,116.92,0.7655,1.5572,1.68,12.7738,12.7559,3.4307,5.5167,5.4879,4.6187,5.7808,147195.1503,146936.1143,72230.1612,17210056.9731,17179770.484
605388.SH,20250530,8.8,17.9323,54.7628,10.31,,,2.9757,3.6239,3.6101,0.8066,0.8066,60048.4,60048.4,19663.0596,528425.92,528425.92
605255.SH,20250530,19.77,5.44,21.76,1.47,80.1657,82.6757,3.2095,7.7439,7.9383,2.2256,2.2256,13408.0,13408.0,3352.0,265076.16,265076.16
603618.SH,20250530,5.9,2.8109,6.2467,1.59,29.5856,30.4973,1.3485,0.4608,0.4446,1.0169,1.0169,69137.5616,69137.5616,31111.1357,407911.6134,407911.6134
600790.SH,20250530,3.87,1.6621,2.6844,0.64,40.2787,49.4152,0.9098,5.9734,6.05,2.3938,2.3938,146579.0928,146579.0928,90753.648,567261.0891,567261.0891
603817.SH,20250530,5.75,1.5968,3.0933,1.44,17.0951,17.8215,1.0839,2.696,2.65,1.6301,1.6301,57008.4039,57008.4039,29428.1768,327798.3224,327798.3224
002620.SZ,20250530,3.78,7.8572,11.1355,0.71,,,83.442,1.823,2.1253,0.0,,37749.4,31537.7353,22253.0797,142692.732,119212.6394
603228.SH,20250530,31.22,1.7175,4.7425,0.92,24.9688,24.8216,2.5317,2.3057,2.2013,1.4421,1.4421,93495.0315,92100.3215,33354.0985,2918914.8834,2875372.0372
600100.SH,20250530,7.19,1.5591,2.2815,0.92,171.308,1993.853,1.4797,1.4337,1.5163,0.0,,335029.7713,335029.7713,228955.7108,2408864.0556,2408864.0556
600162.SH,20250530,1.62,0.4769,1.4844,0.7,85.6818,373.7807,0.9024,1.4081,1.4175,9.8765,9.8765,326843.8122,326843.8122,105011.2242,529486.9758,529486.9758
920195.BJ,20250530,16.96,1.9947,3.6072,0.65,25.7966,20.1519,2.1868,1.7218,1.6415,0.8844,0.8844,9803.0,7075.8985,3912.9068,166258.88,120007.2386
002889.SZ,20250530,14.72,2.6868,4.4574,2.39,29.0295,30.1885,2.3076,1.5651,1.5345,0.2936,0.3639,37766.7472,25128.4554,15147.0058,555926.5188,369890.8635
000012.SZ,20250530,4.69,0.2843,0.4683,0.8,53.9844,,1.0629,0.9318,0.988,5.3305,5.3305,307069.2107,195926.7327,118930.4879,1440154.5982,918896.3764
301121.SZ,20250530,33.78,4.6582,5.7356,1.43,41.6242,46.5906,2.0185,2.9157,2.8909,0.6296,0.7345,9882.6057,5059.1641,4108.8161,333834.4205,170898.5633
301056.SZ,20250530,9.0,2.0631,4.5163,1.5,24.7926,28.3103,2.7094,3.352,3.7858,2.2222,2.2222,26678.6667,17599.583,8039.6667,240108.0003,158396.247
600278.SH,20250530,7.22,1.5998,3.9367,1.04,29.2851,29.9322,0.8422,0.1788,0.1803,2.5856,2.5856,87714.3737,87191.5557,35432.4668,633297.7781,629523.0322
601098.SH,20250530,13.89,0.4829,1.3678,1.5,18.2063,17.1402,1.564,1.8688,1.8866,4.6796,4.6796,179600.0,179600.0,63411.652,2494644.0,2494644.0
000897.SZ,20250530,2.28,1.3011,1.6453,1.03,7.2519,10.7033,1.1446,1.3025,1.9135,0.0,,161727.2234,161724.1634,127892.9294,368738.0694,368731.0926
600567.SH,20250530,1.79,2.4849,3.4885,1.86,,,0.6556,0.3351,0.334,0.471,0.471,547133.0563,547133.0563,389735.8598,979368.1708,979368.1708
920475.BJ,20250530,23.21,38.0744,59.9904,4.44,152.1854,374.753,6.6293,5.4822,6.4103,0.5252,0.5252,10289.52,4204.986,2668.7984,238819.7592,97597.7251
301280.SZ,20250530,38.29,6.0947,6.3254,0.97,28.2024,27.3213,2.9908,3.2674,3.0969,1.8437,2.2386,13678.014,3792.264,3653.93,523731.1561,145205.7886
920023.BJ,20250530,5.06,10.8379,12.2719,0.88,171.5399,301.9475,1.3808,3.3556,3.3516,0.2132,,32730.4,24068.333,21255.813,165615.824,121785.765
301139.SZ,20250530,25.75,6.1387,6.7669,0.9,73.9145,95.8329,1.6053,2.4413,2.6753,0.2214,0.2214,12158.08,6785.8475,6155.8535,313070.56,174735.5731
301218.SZ,20250530,19.8,3.2712,4.0204,1.0,231.792,251.8565,2.4144,4.5072,3.7786,0.2323,0.1263,11404.0,7006.8836,5701.2086,225799.2,138736.2953
920866.BJ,20250530,10.07,11.2842,15.7036,0.83,36.3996,37.6173,2.4483,3.621,3.5175,1.4635,1.4635,18020.59,9360.9737,6726.5588,181467.3413,94265.0052
002484.SZ,20250530,18.25,1.8727,3.0234,0.81,23.71,23.175,2.6769,3.2283,3.1583,1.4136,1.4141,85052.3941,82047.2265,50819.4799,1552206.1923,1497361.8836
688051.SH,20250530,23.22,0.8966,2.5846,0.83,,,2.5414,5.9771,7.016,,,7733.4,7733.4,2682.8842,179569.548,179569.548
601138.SH,20250530,18.93,0.4712,2.8065,1.36,16.1923,15.4943,2.392,0.6172,0.5776,3.0651,3.0651,1985886.2807,1985757.7302,333372.7255,37592827.2937,37590393.8327
300931.SZ,20250530,6.91,2.4862,3.9894,0.8,,,2.614,3.124,3.1756,1.4472,,24014.6,20044.3513,12491.5113,165940.886,138506.4675
002809.SZ,20250530,12.78,19.118,25.8286,0.74,55.1005,70.2443,1.6669,3.9782,3.9483,1.1737,1.1737,21022.9016,13773.5153,10194.9446,268672.6824,176025.5255
688103.SH,20250530,57.26,1.8583,2.8677,0.66,180.4959,144.1157,4.838,6.8878,6.215,0.4043,0.4043,9531.5536,9531.5536,6176.5666,545776.7591,545776.7591
600826.SH,20250530,7.59,0.5636,1.5179,0.6,18.1942,19.419,1.3544,3.3969,3.2873,3.3727,3.3727,73553.3549,73553.3549,27311.2947,558269.9637,558269.9637
002182.SZ,20250530,11.4,0.9404,1.3317,0.84,70.8294,88.9616,2.1069,1.2587,1.2354,0.8145,0.8145,99179.1553,86551.246,61121.768,1130642.3704,986684.2044
001209.SZ,20250530,17.69,4.6322,11.0488,0.88,28.9836,64.2433,1.7707,1.3108,1.2939,0.5527,0.5527,13152.272,9609.4636,4028.7859,232663.6917,169991.4111
601200.SH,20250530,8.02,0.4801,1.1037,0.86,18.764,17.8704,0.9503,1.7245,1.7173,1.0391,1.0391,134623.0251,134623.0251,58565.0067,1079676.6613,1079676.6613
300866.SZ,20250530,102.0,1.8835,2.7439,1.19,25.6414,23.5777,5.7901,2.1941,2.0595,2.0877,0.5881,53153.8199,29829.0079,20476.0929,5421689.6298,3042558.8058
000729.SZ,20250530,14.09,0.7993,1.7472,0.91,37.6187,35.5101,2.6862,2.7077,2.6641,0.7097,0.7097,281853.9341,250960.6667,114810.7076,3971321.9315,3536035.7938
000538.SZ,20250530,56.48,0.4713,1.1601,1.62,21.2184,20.2273,2.6071,2.5173,2.5131,5.8248,4.2454,178426.2603,177269.5245,72020.3502,10077515.1817,10012182.7438
002134.SZ,20250530,22.73,4.9316,6.9952,1.07,165.016,228.9958,11.572,4.9531,4.7388,0.0,,24584.9768,24584.9768,17332.4014,558816.5227,558816.5227
300727.SZ,20250530,26.68,1.1406,2.337,0.81,49.8653,47.755,3.9446,3.6145,3.5513,0.5323,0.865,17986.7353,16179.3245,7896.8707,479886.0978,431664.3777
000993.SZ,20250530,9.81,3.1372,6.5331,0.87,26.5319,22.2926,1.7829,7.4545,6.937,2.0387,,45795.1455,43974.7572,21116.6007,449250.3774,431392.3681
600315.SH,20250530,23.76,1.0459,2.1843,0.63,,,2.3314,2.8127,2.9164,1.0986,1.0986,67222.598,67222.598,32188.2402,1597208.9285,1597208.9285
301026.SZ,20250530,32.56,4.468,5.2619,0.51,31.6441,31.0237,2.4172,1.3878,1.2049,0.9134,,11333.3334,7998.0962,6791.3754,369013.3355,260418.0123
000810.SZ,20250530,11.24,1.3474,2.9572,1.3,51.1628,85.5827,2.0582,1.476,1.5633,1.3345,2.0463,114159.5579,111046.3175,50596.7258,1283153.4308,1248160.6087
301078.SZ,20250530,14.66,6.8788,11.2585,1.28,102.0514,92.2082,4.6546,1.9811,1.9377,0.4183,0.458,126177.3066,125469.0476,76660.0202,1849759.3148,1839376.2378
000066.SZ,20250530,14.56,2.2326,3.7966,0.44,,,4.2942,3.3069,3.2622,0.0,,322579.9088,314179.3331,184751.8223,4696763.4721,4574451.0899
300930.SZ,20250530,25.54,2.4541,3.9203,0.91,50.1312,46.8385,2.8858,5.0827,4.6202,0.3915,0.3915,10000.0,4712.5001,2950.0,255400.0,120357.2526
605060.SH,20250530,17.97,0.9204,2.6941,1.41,23.1185,23.8396,1.8269,3.9457,3.9998,1.9339,1.9339,24118.4,24059.2,8219.2,433407.648,432343.824
300903.SZ,20250530,7.8,1.9032,2.2862,1.02,,,1.7762,0.9525,0.8909,0.0,,41469.4422,32825.0835,27326.3725,323461.6492,256035.6513
002042.SZ,20250530,4.69,1.6546,2.8481,0.67,,,1.3951,0.7411,0.7988,0.6239,0.6239,170068.1355,170068.1355,98799.3593,797619.5555,797619.5555
002650.SZ,20250530,8.07,0.8209,1.4205,0.76,,,4.9186,7.1467,7.5351,0.0,,115200.02,115196.27,66570.35,929664.1614,929633.8989
300289.SZ,20250530,4.98,1.2484,2.33,1.21,,,1.6312,7.3176,7.642,0.2008,,54401.1487,54315.6487,29102.3335,270917.7205,270491.9305
600566.SH,20250530,27.02,1.0093,2.6247,2.5,9.8376,11.7108,1.6448,3.1065,3.4881,4.8087,4.8087,92170.416,91574.816,35215.2342,2490444.6403,2474351.5283
601886.SH,20250530,5.63,0.6132,1.868,0.94,10.0029,10.6246,0.9042,0.2847,0.2832,6.2167,9.7691,113300.206,113300.206,37191.1394,637880.1598,637880.1598
001234.SZ,20250530,20.63,8.2641,29.6301,2.77,32.0775,36.5629,2.437,2.4876,2.5645,3.3848,3.3848,10943.37,10761.47,3001.47,225761.7231,222009.1261
600529.SH,20250530,21.47,1.2109,1.5042,0.88,15.1091,15.0638,1.7311,2.7799,2.7935,3.2604,3.2604,66361.4113,66361.4113,53423.3133,1424779.5006,1424779.5006
300729.SZ,20250530,14.67,3.8228,6.8294,1.04,14.9065,16.2666,1.4032,0.883,0.8217,2.4976,2.045,34130.9251,32001.4671,17913.1935,500700.6712,469461.5224
601388.SH,20250530,2.44,1.1865,2.2137,0.87,289.5482,473.764,1.259,0.7673,0.7443,0.7377,0.7377,220122.2616,220122.2616,117976.163,537098.3183,537098.3183
600449.SH,20250530,13.9,4.126,8.0957,2.43,27.5318,26.749,0.9143,0.7681,0.8345,1.7986,1.7986,47818.1042,47818.1042,24370.5938,664671.6484,664671.6484
920526.BJ,20250530,28.11,1.2244,2.5207,0.69,99.6604,106.8254,10.6661,20.2099,20.2437,0.3557,0.3557,8270.0,5236.7486,2543.7467,232469.7,147205.0031
301365.SZ,20250530,16.19,3.756,3.756,0.85,86.4792,85.5581,1.7059,5.4998,5.5196,1.05,3.1933,18000.0,4635.0,4635.0,291420.0,75040.65
600608.SH,20250530,3.78,1.8628,2.2978,1.58,,,32.4515,72.1609,80.8898,0.0,,32886.1441,31837.1441,25809.9759,124309.6247,120344.4047
002935.SZ,20250530,14.68,1.0524,1.8463,0.6,97.533,93.6236,3.9626,6.4927,6.5987,0.4567,0.4567,42652.2467,41509.0883,23660.9251,626134.9816,609353.4162
600496.SH,20250530,3.16,0.5562,0.7819,0.86,12.2905,11.6819,0.7162,0.3401,0.3161,1.8987,1.8987,199012.4136,199012.4136,141572.521,628879.227,628879.227
300966.SZ,20250530,17.43,3.7518,4.9949,0.95,,,2.4328,3.7446,3.6297,0.0918,0.0918,11527.9416,7666.4972,5758.4497,200932.0221,133627.0462
920685.BJ,20250530,15.17,5.7764,7.3098,1.28,33.3503,30.7189,2.6209,8.2591,8.0098,2.5608,1.1524,9151.5941,5479.108,4329.7163,138829.6825,83118.0684
300504.SZ,20250530,14.28,1.3866,2.5797,0.89,,,1.8007,2.1899,2.4813,1.4078,1.4078,27102.458,21826.2631,11731.7586,387023.1002,311679.0371
002223.SZ,20250530,37.79,0.7995,1.3155,1.13,20.98,21.3905,2.9816,5.0072,4.8753,3.1739,2.1165,100247.6929,94015.8164,57138.8717,3788360.3147,3552857.7018
002036.SZ,20250530,10.27,4.2124,4.6137,1.28,,,5.0923,1.0654,1.0965,0.0,,105938.6525,105291.1093,96132.6781,1087989.9612,1081339.6925
688207.SH,20250530,14.55,6.1233,6.1233,1.31,,,1.892,32.1399,40.0059,,,25897.3147,18867.6306,18867.6306,376805.9289,274524.0252
002401.SZ,20250530,14.59,1.2621,2.4749,0.88,42.4937,70.4683,3.2398,3.0184,3.1286,1.2345,1.2345,37166.844,37136.394,18937.954,542264.254,541819.9885
688137.SH,20250530,36.18,3.6473,5.2837,0.88,,,1.2133,19.9047,18.8192,1.382,1.382,7017.5439,3267.5439,2255.5439,253894.7383,118219.7383
600644.SH,20250530,14.78,12.9638,34.1135,0.63,378.6821,321.9668,4.1882,2.6748,2.6639,0.0,,57832.0818,53840.0659,20460.2085,854758.169,795756.174
301160.SZ,20250530,82.11,3.1404,3.2375,0.78,32.16,31.915,3.8784,4.4806,4.5367,1.172,1.172,8105.3314,4437.7667,4304.7205,665528.7613,364385.0237
600160.SH,20250530,26.44,0.4812,1.0361,0.98,36.4277,29.0403,3.8343,2.918,2.8791,0.416,0.416,269974.6081,269974.6081,125380.8986,7138128.6382,7138128.6382
002843.SZ,20250530,21.3,3.7851,7.5165,1.0,106.3483,160.6494,3.9103,3.0977,3.2651,0.9431,,25173.7562,25079.2562,12629.2562,536201.0071,534188.1571
603803.SH,20250530,9.68,2.467,4.3766,0.83,,,2.5994,3.0058,3.3288,0.0,,42923.3057,42488.3557,23949.2352,415497.5992,411287.2832
600617.SH,20250530,2.6,0.5416,1.3783,0.95,,,1.436,0.3107,0.3176,3.9835,3.9835,192919.1776,177554.2689,69769.0395,501589.8618,461641.0991
001395.SZ,20250530,45.45,13.8828,13.8828,1.07,25.6385,19.1169,3.5353,4.5847,4.0484,,,8724.0,1929.0404,1929.0404,396505.8,87674.8862
600382.SH,20250530,5.09,1.8919,3.4501,1.56,641.7706,140.2163,1.2859,8.2225,7.4739,3.5914,3.5914,69440.8089,69440.8089,38078.572,353453.7173,353453.7173
603725.SH,20250530,7.58,7.2722,12.0708,0.63,22.8783,22.2383,3.1017,0.7454,0.7325,1.591,1.3035,30485.768,28665.768,17270.0703,231082.1214,217286.5214
300689.SZ,20250530,37.11,0.8518,1.9805,0.86,370.6883,246.8417,6.2889,11.9102,11.1936,0.1116,0.1116,11560.0,10117.3174,4351.3703,428991.6,375453.6487
002046.SZ,20250530,15.39,3.0534,6.0794,0.94,29.4962,29.1876,1.9252,3.1055,3.0295,1.2818,1.2818,53626.6835,52728.2201,26482.9543,825314.6591,811487.3073
000598.SZ,20250530,7.31,0.8882,2.0988,2.31,10.9293,10.6564,1.1622,2.411,2.3646,2.326,2.326,298443.4721,297484.0721,125889.793,2181621.7811,2174608.5671
920374.BJ,20250530,30.27,2.6266,3.5386,0.88,109.8384,137.7206,9.5647,12.4876,12.7726,0.3931,0.3931,8151.8,3378.9881,2508.1233,246754.986,102281.9698
002706.SZ,20250530,8.36,1.5471,1.72,1.31,30.0831,28.8296,2.4383,2.2156,2.1416,2.9904,2.5414,112312.502,91469.0278,82273.8667,938932.5167,764681.0724
000488.SZ,20250530,1.98,1.4983,2.058,0.84,,,0.7558,0.2562,0.3474,0.0,,294145.62,167582.453,122004.3211,582408.3276,331813.2569
603608.SH,20250530,5.15,0.9447,1.5037,0.46,,,2.099,1.9675,2.0183,0.0,,41971.5446,41971.5446,26368.0792,216153.4547,216153.4547
002064.SZ,20250530,6.74,0.3466,1.0308,1.24,15.0668,16.3892,1.2755,1.242,1.258,2.2255,2.2255,496254.3897,495199.0572,166498.7545,3344754.5866,3337641.6455
002045.SZ,20250530,15.31,7.066,9.4224,0.58,34.0411,33.6063,1.924,1.0899,1.0291,0.0,,56248.3132,56183.2882,42132.8137,861161.6751,860166.1423
603223.SH,20250530,10.29,3.2397,6.2799,1.49,47.392,43.3428,1.9335,3.6704,4.4458,0.6723,0.6723,71418.7046,55319.04,28538.5155,734898.4703,569232.9216
920976.BJ,20250530,26.68,3.8203,6.0377,0.7,39.7034,35.7442,6.6674,7.6122,7.2264,1.6063,2.356,7095.34,4262.72,2697.24,189303.6712,113729.3696
600267.SH,20250530,9.23,1.8469,2.9711,1.34,18.406,20.2337,1.3346,1.1306,1.1417,0.0,2.2179,119884.8196,119818.8946,74479.9943,1106536.8849,1105928.3972
001914.SZ,20250530,12.08,1.8587,4.9536,2.41,15.2397,14.7363,1.2042,0.7459,0.7151,1.4073,1.4073,106034.606,106034.276,39786.4507,1280898.0405,1280894.0541
920247.BJ,20250530,26.31,3.7049,9.5897,0.8,82.4031,85.0163,6.8852,7.767,7.6582,0.5467,,12118.782,8787.3202,3394.8681,318845.1544,231194.3945
603171.SH,20250530,40.74,0.3509,1.4442,0.62,147.1994,158.5047,6.7999,8.5186,8.1578,0.3686,0.4909,40676.325,40589.0,9862.9502,1657153.4805,1653595.86
301009.SZ,20250530,15.38,21.8494,36.0682,1.08,134.1298,133.0304,3.0911,3.8767,3.8868,0.4816,0.4816,27186.0,13055.7707,7908.9444,418120.68,200797.7534
002313.SZ,20250530,9.92,12.1726,21.8975,2.02,,,100.0569,1.2473,1.3344,0.0,,37440.0,37439.6175,20812.3625,371404.8,371401.0056
002385.SZ,20250530,4.05,1.8785,2.0014,1.68,50.3664,25.2554,2.0056,0.6054,0.6021,1.4334,1.4334,430007.8565,352407.7887,330752.788,1741531.8188,1427251.5442
300652.SZ,20250530,77.29,4.5008,8.6893,0.78,65.9979,64.8926,5.5628,10.7156,10.2252,0.6469,,10260.8133,9209.0714,4770.0643,793058.26,711769.1285
603609.SH,20250530,8.85,0.7152,1.8258,1.95,23.5801,14.3462,1.2321,0.2481,0.2445,0.0,,91247.7869,91247.7869,35741.4354,807542.9141,807542.9141
002238.SZ,20250530,8.56,1.5778,4.5942,1.33,,,3.0454,5.2726,5.3007,1.1682,1.1682,80255.916,80255.916,27562.3499,686990.641,686990.641
605183.SH,20250530,16.35,0.7847,2.3857,0.49,12.5732,12.2256,1.9582,3.0944,3.0706,2.1126,2.1126,41588.3145,41588.3145,13678.9925,679968.9421,679968.9421
001400.SZ,20250530,57.0,9.3782,9.3782,0.99,22.0828,21.8171,2.7534,3.0093,3.0123,,,6000.0,1500.0,1500.0,342000.0,85500.0
688038.SH,20250530,15.38,1.3269,2.3513,0.7,,,2.9584,5.2247,5.4951,,,11637.34,11637.34,6567.3613,178982.2892,178982.2892
603128.SH,20250530,6.54,4.2461,7.8352,1.04,15.8884,17.4774,1.4032,0.4885,0.4855,6.8196,4.8318,130904.6494,130904.6494,70940.1667,856116.4071,856116.4071
688163.SH,20250530,18.46,5.9254,5.9254,2.55,45.1055,42.8949,1.818,10.2492,10.2851,1.7335,1.7335,10822.0,4437.2,4437.2,199774.12,81910.712
300920.SZ,20250530,40.7,7.0652,7.9397,1.08,159.9937,239.3022,3.4587,10.0112,10.0031,0.4914,,10000.0,6567.225,5843.8993,407000.0,267286.0575
600536.SH,20250530,44.01,1.4151,2.2266,0.6,,,18.6751,7.1964,7.2836,0.0,,84996.2499,84365.5895,53619.7835,3740684.9581,3712929.5939
600268.SH,20250530,7.99,1.1618,2.5416,0.7,23.8349,20.8709,2.4073,0.899,0.8409,0.9388,0.9388,101609.3562,100607.3045,45988.7566,811858.756,803852.363
300588.SZ,20250530,12.2,2.0741,2.8464,1.02,,,7.7645,14.3536,13.1658,0.0,,19147.103,17682.203,12884.303,233594.6566,215722.8766
600009.SH,20250530,32.36,0.2509,0.4685,0.87,41.6388,38.9553,1.909,6.5105,6.4362,0.68,0.68,248848.134,191869.5948,102740.5144,8052725.6162,6208900.0877
920419.BJ,20250530,24.22,4.4844,8.4754,0.56,31.9296,30.9653,4.4813,3.2175,3.1075,0.2891,0.4129,10330.64,9360.0549,4952.4776,250208.1008,226700.5297
603028.SH,20250530,7.09,6.0764,8.5473,0.6,,,3.9745,1.6323,1.5462,0.4796,0.4796,28704.0,28704.0,20405.9262,203511.36,203511.36
688691.SH,20250530,53.22,2.6019,2.6019,0.98,104.6141,,4.7599,5.8609,7.1922,0.8042,0.8042,12000.0,7146.501,7146.501,638640.0,380336.7832
603112.SH,20250530,16.69,2.0165,5.7193,0.74,18.5557,17.5387,2.3065,2.2813,2.2615,3.2532,3.2532,52315.983,48887.5291,17236.5217,873153.7563,815932.8607
002421.SZ,20250530,3.28,1.6479,1.9391,0.77,268.7478,,2.0737,2.1936,2.3044,0.6098,0.6098,212058.1639,200669.1755,170531.0616,695550.7776,658194.8956
600736.SH,20250530,5.37,0.6152,1.0946,0.83,47.3333,37.2542,0.8309,0.8469,1.3249,0.5028,0.5028,115129.2907,115129.2907,64709.8013,618244.2911,618244.2911
688311.SH,20250530,38.27,1.2802,2.121,0.77,,,4.0137,46.1102,43.9505,,,16791.3545,16791.3545,10135.1217,642605.1367,642605.1367
601007.SH,20250530,7.16,2.4679,4.3682,0.94,83.9595,86.2554,1.7704,1.493,1.5857,1.676,1.676,39000.0,39000.0,22033.2082,279240.0,279240.0
600059.SH,20250530,10.23,3.7225,6.0544,0.41,45.3627,46.0313,1.5661,4.816,4.8862,1.3685,1.3685,91154.2413,91154.2413,56045.8255,932507.8885,932507.8885
000932.SZ,20250530,4.78,1.2312,2.2432,1.4,16.2535,14.9951,0.6077,0.2292,0.2406,4.8117,4.8117,690863.2499,690854.6583,379203.59,3302326.3345,3302285.2667
002841.SZ,20250530,33.02,0.5507,0.792,1.1,23.6699,24.0783,1.7853,1.0259,1.0031,2.5748,,69601.6545,52135.3883,36253.1483,2298246.6316,1721510.5217
688475.SH,20250530,32.08,0.458,1.2336,0.81,50.1322,48.8901,4.716,4.6423,4.5231,1.1133,1.091,78750.0,40950.0,15204.4162,2526300.0,1313676.0
300987.SZ,20250530,15.66,2.2111,4.0195,0.99,114.069,111.2463,3.3593,9.4265,8.7741,1.0856,1.0856,17336.8,17336.8,9536.8,271494.288,271494.288
688138.SH,20250530,25.1,0.7125,2.4339,1.08,45.9355,45.3681,2.9029,7.1041,6.9374,0.5368,0.5368,31480.0,26680.0,7810.3302,790148.0,669668.0
688018.SH,20250530,184.13,1.6036,2.6781,0.82,60.8842,54.4942,9.1904,10.2941,9.4874,0.3788,,11220.0431,11220.0431,6718.4289,2065946.536,2065946.536
603920.SH,20250530,26.22,2.9522,5.701,0.95,27.9998,25.3255,2.8373,3.762,3.6714,1.7428,1.7428,72054.6867,72054.6867,37313.0185,1889273.8853,1889273.8853
601377.SH,20250530,5.75,0.3203,0.4526,1.17,22.9463,21.1112,0.9064,4.0196,3.8888,2.2609,2.2609,863598.7294,863598.7294,611290.5527,4965692.6941,4965692.6941
300916.SZ,20250530,26.96,0.8173,1.6086,0.95,25.288,27.0433,2.9778,2.4496,2.4882,1.1128,1.4837,14464.4007,9233.7891,4691.5465,389960.2429,248942.9541
300778.SZ,20250530,11.95,3.284,7.982,1.03,,,1.9031,12.2311,13.402,0.0,,20406.0066,20361.9486,8377.3736,243851.7789,243325.2858
600027.SH,20250530,5.85,0.7739,1.9889,1.04,10.4918,10.3677,1.3514,0.5295,0.5508,3.9316,3.9316,1022756.1133,851032.7533,331126.2963,5983123.2628,4978541.6068
300353.SZ,20250530,23.93,13.7658,14.3694,0.66,380.8715,188.9626,6.9634,14.2978,14.2398,0.0,,61489.2881,52220.2547,50026.7668,1471438.6642,1249630.695
603755.SH,20250530,26.03,0.9512,2.6145,1.41,40.1974,37.4105,3.5589,6.3422,6.1948,0.0,0.9466,9861.3681,9861.3681,3587.7524,256691.4116,256691.4116
301023.SZ,20250530,43.98,5.8557,7.3135,0.95,36.3847,35.0044,4.278,12.1822,11.5823,2.5685,2.418,7818.737,4160.0842,3330.888,343868.0533,182960.5031
600959.SH,20250530,3.33,0.5284,1.1008,0.78,45.5713,41.6424,0.7359,2.0868,2.0797,0.6306,0.6306,500071.7686,500071.7686,240057.1686,1665238.9894,1665238.9894
002163.SZ,20250530,8.29,1.2387,1.6996,1.1,,,6.6335,1.7907,1.829,0.0,,84495.7867,80354.8875,58561.4672,700470.0717,666142.0174
002065.SZ,20250530,9.13,1.6006,2.2902,0.86,58.5665,60.4434,2.4257,2.1967,2.2136,0.5476,0.5476,320548.2375,290792.1649,203221.9199,2926605.4084,2654932.4655
603016.SH,20250530,30.88,1.6249,3.5979,0.65,64.7768,66.0456,5.31,7.2305,7.2971,1.2047,1.2047,14816.0,14816.0,6691.48,457518.08,457518.08
920856.BJ,20250530,27.03,23.8417,40.3502,3.94,122.763,67.9306,4.9702,4.2922,3.8325,,,8647.8753,4778.0997,2823.2346,233752.0694,129152.0349
002926.SZ,20250530,8.23,0.3561,0.6677,0.75,29.6769,23.934,0.9059,5.5117,4.9581,0.6075,0.6075,262500.0,262500.0,140010.0126,2160375.0,2160375.0
000776.SZ,20250530,16.29,0.5842,1.2708,1.26,12.8568,11.4133,1.004,4.5553,4.2014,2.4555,2.4555,760584.5511,590404.9311,271437.224,12389922.3374,9617696.3276
600265.SH,20250530,16.99,0.267,0.7479,0.73,,,27.7389,4.9332,5.4468,0.0,,12980.0,12980.0,4633.1947,220530.2,220530.2
600702.SH,20250530,52.84,0.7363,1.056,0.69,50.9066,124.2991,2.5293,3.2858,3.646,4.0431,0.8035,33312.2441,33261.8879,23192.3111,1760218.9782,1757558.1566
002201.SZ,20250530,6.16,2.0991,3.5733,1.01,135.8574,108.2169,3.6033,2.8201,2.7828,0.0812,0.0812,65163.6241,60017.7682,35256.7619,401407.9245,369709.4521
603722.SH,20250530,37.3,1.2753,2.193,0.65,,,3.8539,7.656,7.6106,0.4927,0.4927,9570.0121,9570.0121,5565.3821,356961.4513,356961.4513
301398.SZ,20250530,33.83,4.1228,4.1228,0.65,47.1668,47.5941,3.4639,9.2729,9.1389,0.739,0.7918,11200.0,3346.0,3346.0,378896.0,113195.18
600824.SH,20250530,4.26,2.6728,4.4301,0.63,127.1002,271.8268,1.8513,5.244,5.7388,0.3991,0.3991,105402.7073,105402.7073,63593.0544,449015.5331,449015.5331
600011.SH,20250530,7.23,0.4119,1.0351,1.0,11.198,10.7968,1.8343,0.4622,0.4719,2.7663,2.7663,1569809.3359,1099770.9919,437592.3252,11349721.4986,7951344.2714
301208.SZ,20250530,39.57,9.1355,9.1355,1.37,54.6966,60.4431,3.0857,4.2474,4.3213,0.8213,,12000.006,4902.156,4902.156,474840.2374,193978.3129
600305.SH,20250530,8.07,0.9216,1.5511,0.62,70.2767,69.5649,2.6517,4.0755,3.7897,0.8627,0.8627,110894.3608,110302.6408,65541.2515,894917.4917,890142.3113
600292.SH,20250530,12.22,1.602,3.3599,0.99,265.3214,214.638,1.8376,2.0205,2.0043,0.2291,0.2291,78081.689,78081.689,37230.0764,954158.2396,954158.2396
920781.BJ,20250530,12.3,23.5346,25.6407,0.64,82.762,109.7785,4.6881,4.2197,4.2241,0.3695,0.1478,15456.7054,10208.223,9369.7164,190117.4764,125561.1429
600406.SH,20250530,22.19,0.345,0.8052,1.42,23.4204,23.1631,3.5588,3.1042,3.0408,3.0345,3.0345,803208.8259,799632.4758,342576.632,17823203.8467,17743844.638
000055.SZ,20250530,4.06,0.739,0.8995,0.7,30.1072,34.5007,0.714,0.9855,1.0227,1.9704,1.2315,107387.4227,67585.4429,55524.4019,435992.9362,274396.8982
000997.SZ,20250530,31.07,2.3033,3.2948,1.05,31.7634,29.9105,4.5044,4.4117,4.2901,1.7377,1.7377,103206.2937,102640.4403,71752.4963,3206619.5453,3189038.4801
000049.SZ,20250530,21.08,0.6668,1.2237,1.0,19.6318,19.406,1.2477,0.3887,0.3837,2.1347,1.5655,38463.8534,38453.4862,20955.5893,810818.0297,810599.4891
301213.SZ,20250530,45.38,4.6437,8.9325,2.04,,,4.6248,23.8268,23.4685,0.2204,0.2204,7999.9999,5171.1049,2688.2599,363039.9955,234664.7404
002440.SZ,20250530,7.27,0.8858,1.3274,0.53,38.2762,31.4326,0.8681,1.4348,1.4279,2.0633,2.0633,112399.9905,94635.9428,63155.5451,817147.9309,688003.3042
920892.BJ,20250530,15.71,1.63,5.1854,1.23,27.3309,27.0556,7.9086,4.7716,4.7363,2.8934,3.472,17035.1353,14621.6069,4596.3143,267621.9756,229705.4444
605196.SH,20250530,16.03,2.1077,3.2246,0.71,25.6763,30.2787,2.5623,1.2918,1.261,0.443,0.443,51148.2781,51088.0781,33392.9781,819906.8979,818941.8919
002534.SZ,20250530,11.14,0.8237,3.3929,0.77,18.7244,34.927,2.0725,1.2794,1.2673,0.8977,1.7854,73920.6633,73081.8578,17741.2604,823476.1892,814131.8959
600881.SH,20250530,1.74,2.1567,2.5431,0.66,,,2.5614,0.7795,0.7768,0.0,,323215.0988,323215.0988,274099.22,562394.2719,562394.2719
688231.SH,20250530,16.07,1.3925,1.9026,1.34,60.0023,59.2104,1.4496,2.8509,2.7958,1.7573,1.7573,24685.7143,12644.8762,9255.0583,396699.4288,203203.1605
688102.SH,20250530,12.34,4.3585,9.6964,2.03,78.5651,73.5637,8.0307,6.75,6.4732,0.4971,0.8203,72733.789,72733.789,32693.9723,897534.9563,897534.9563
300081.SZ,20250530,6.4,4.7501,5.3079,1.24,,,3.2957,10.3195,10.7003,0.0,,60479.5417,60470.3842,54115.9021,387069.0669,387010.4589
603051.SH,20250530,24.61,1.399,2.3868,0.71,152.033,415.2209,1.6671,1.2459,1.3957,0.0,,10462.3153,10426.1953,6111.0158,257477.5795,256588.6663
000966.SZ,20250530,5.08,3.6299,11.7084,1.63,24.7247,45.1724,1.3033,1.0168,1.0719,0.6063,0.6063,348103.5016,274932.7699,85235.1244,1768365.7881,1396658.4711
600101.SH,20250530,10.47,4.2178,6.1505,0.55,27.4041,27.0208,1.8713,2.0181,1.9633,0.7347,0.7347,54786.2471,54786.2471,37570.2847,573612.0071,573612.0071
605296.SH,20250530,29.07,2.2746,17.1622,6.68,22.2142,16.6021,3.0742,2.7321,2.5541,0.0,,52483.9012,52360.5972,6939.5015,1525707.0079,1522122.5606
002144.SZ,20250530,11.41,3.3037,3.5807,0.96,72.1738,72.9803,0.9754,3.262,3.2515,1.3146,1.3146,17676.2528,13764.4276,12699.4253,201686.0444,157052.1189
300485.SZ,20250530,10.53,18.9735,25.3982,1.52,,31.3597,1.4931,12.1781,12.6963,0.2089,,48166.64,27381.7182,20455.2484,507194.7192,288329.4926
688181.SH,20250530,30.01,3.1507,3.9613,1.17,52.6839,49.5485,1.9576,5.4732,5.2284,0.2699,0.2699,13448.1546,13448.1546,10696.1673,403579.1195,403579.1195
301345.SZ,20250530,70.19,7.424,7.424,1.44,17.6803,16.3413,2.4996,2.5616,2.4628,2.1421,2.8494,10863.1741,2868.3741,2868.3741,762486.1901,201331.1781
600461.SH,20250530,9.57,0.5638,1.0282,1.39,10.3274,10.2542,1.274,1.4938,1.5366,4.4077,4.4077,128415.4991,128415.4991,70411.7612,1228936.3264,1228936.3264
603117.SH,20250530,6.11,1.4528,2.1239,0.57,268.1619,317.7515,3.5977,12.4302,12.7156,0.0,,59919.7742,59919.7742,40986.75,366109.8204,366109.8204
600405.SH,20250530,4.77,2.9451,3.279,0.81,,,9.329,5.0049,5.3194,0.0,,61282.9588,61011.9397,54798.0782,292319.7135,291026.9524
920906.BJ,20250530,26.68,20.4556,31.4939,2.87,99.0151,106.1792,3.1533,2.4062,2.4155,0.3336,0.3336,6497.0,3318.3223,2155.2799,173339.96,88532.839
601956.SH,20250530,6.88,10.6231,20.1936,0.61,33.637,34.397,1.682,0.6853,0.6807,2.907,2.907,62178.204,61862.805,32543.8008,427786.0435,425616.0984
300389.SZ,20250530,10.49,1.122,2.1567,0.9,33.123,47.0238,2.5994,1.0571,1.0684,2.8192,1.4299,36910.0317,23318.1321,12131.6017,387186.2325,244607.2057
301123.SZ,20250530,20.18,3.4244,3.8416,1.36,,,1.6559,2.7561,2.6758,0.4891,0.4891,23360.0,9214.8803,8214.0794,471404.8,185956.2845
000663.SZ,20250530,6.4,5.7058,9.0216,0.83,,,2.163,6.6694,6.7118,0.0,,33668.3929,30630.1196,19372.3995,215477.7146,196032.7654
605588.SH,20250530,45.4,3.4357,10.0395,0.94,,,3.2314,2.4547,2.3484,0.1588,0.1588,7348.2601,7309.9561,2501.6228,333611.0085,331872.0069
688248.SH,20250530,29.12,2.1334,3.1155,3.88,45.0465,43.2726,5.3999,5.4567,5.4488,1.0646,1.0646,56470.0,22840.0,15640.0,1644406.4,665100.8
601113.SH,20250530,3.99,1.0311,1.6708,1.14,9.0147,8.7652,1.1355,0.5858,0.6683,0.0,,110415.2226,110415.2226,68139.9924,440556.7382,440556.7382
688429.SH,20250530,13.94,1.1205,1.5462,1.32,,,3.637,7.8457,7.4565,0.321,0.321,40000.08,11782.7227,8538.7195,557601.1152,164251.1544
000793.SZ,20250530,2.61,0.6879,0.8889,0.63,,,28.0944,15.5281,16.6743,0.0,,199724.5457,196100.8615,151761.1002,521281.0643,511823.2485
300444.SZ,20250530,6.46,4.1625,4.9481,1.15,63.8184,3650.1061,3.1599,1.4857,1.6814,0.0,,79862.509,59230.0893,49827.0277,515911.8081,382626.3769
000709.SZ,20250530,2.19,0.8693,2.4474,1.51,32.0007,29.0006,0.4403,0.1861,0.182,1.8265,1.8265,1033712.1092,1033541.2398,367132.8945,2263829.5191,2263455.3152
002391.SZ,20250530,5.56,3.222,3.6154,0.61,,,0.8546,1.0248,1.0076,3.5253,3.5253,64959.255,46412.0811,41361.4067,361173.4578,258051.1709
003028.SZ,20250530,29.77,2.3575,3.6286,1.28,21.1896,22.2746,2.4984,3.0727,2.9959,1.1677,2.3304,14469.982,7052.7018,4582.2284,430771.3641,209958.9326
001376.SZ,20250530,11.86,1.9376,1.9376,0.89,28.585,28.4196,4.9919,4.8268,4.8928,1.2648,1.2615,46090.0,21131.6715,21131.6715,546627.4,250621.624
600356.SH,20250530,7.98,1.303,1.8597,0.58,20.5827,19.5881,0.9164,0.8595,0.8175,1.7143,,29873.1378,29873.1378,20930.8295,238387.6396,238387.6396
002349.SZ,20250530,7.51,2.2445,3.4209,1.43,29.3008,30.5747,2.3043,4.444,4.4554,1.2022,1.2022,82967.4908,81418.0908,53418.6248,623085.8559,611449.8619
300206.SZ,20250530,11.58,1.1825,1.5511,0.98,41.4072,35.5761,3.4364,3.6593,3.7063,1.7876,1.7876,57966.3346,33837.9565,25795.1638,671250.1547,391843.5363
688150.SH,20250530,23.66,1.8851,1.8917,0.57,56.9073,51.5573,5.3051,20.183,18.945,0.7591,1.0539,40243.7585,17934.3304,17871.6783,952167.3261,424326.2573
688717.SH,20250530,52.81,1.7031,1.8777,0.81,41.5009,39.1935,1.9008,2.7498,2.6511,1.7752,1.7752,16000.0,9643.1266,8746.4926,844960.0,509253.5157
000735.SZ,20250530,5.65,2.2626,2.8801,1.43,26.9117,46.354,1.5278,1.9524,2.2518,0.354,0.354,115151.3578,115089.7517,90416.4995,650605.1716,650257.0971
603303.SH,20250530,11.94,0.2218,0.922,0.68,16.3973,17.0233,1.7367,1.2851,1.3111,2.7773,6.077,47694.4575,47694.4575,11474.5139,569471.8226,569471.8226
002099.SZ,20250530,6.34,3.3348,5.538,0.56,,,1.9934,5.2942,5.4116,0.0,,161871.5253,161569.7863,97291.5276,1026265.4704,1024352.4451
920726.BJ,20250530,22.06,2.6471,5.7909,0.67,122.0694,154.232,5.056,9.432,10.0776,0.9069,0.7706,10179.0,5591.7205,2556.0525,224548.74,123353.3542
300997.SZ,20250530,17.86,7.0186,34.8509,1.08,53.0144,78.488,7.5045,4.2125,4.4577,1.8579,1.6057,43747.3475,38600.7256,7773.7238,781327.6264,689408.9592
600548.SH,20250530,11.31,0.2402,1.2475,1.21,25.0672,24.9138,1.2449,3.1045,3.1965,3.893,3.893,253785.6127,143327.0326,27593.7696,2870315.2796,1621028.7387
600381.SH,20250530,3.77,0.9464,1.6261,0.73,,,2.1251,8.1891,8.2177,0.0,,58706.0741,58706.0741,34168.2758,221321.8994,221321.8994
600602.SH,20250530,20.06,1.8494,3.3003,0.88,135.5554,148.7019,5.7232,4.8794,4.8923,0.2144,0.2144,136767.3455,107430.299,60201.6978,2743552.9507,2155051.7979
002707.SZ,20250530,7.4,1.8615,2.2797,0.99,68.6574,75.0988,8.2766,1.1266,1.1025,0.0,,98271.5033,82520.7225,67382.439,727209.1244,610653.3465
000603.SZ,20250530,13.13,1.1602,1.9583,0.77,23.2269,22.2534,2.9852,4.4999,4.3088,0.5678,0.5678,68996.9346,66671.6359,39498.3563,905929.7513,875398.5794
301002.SZ,20250530,18.94,5.0024,6.5927,0.66,,,3.0925,2.6341,2.5794,0.528,0.528,12287.6505,7305.438,5543.1983,232728.1005,138364.9957
000042.SZ,20250530,6.99,1.3617,3.3124,1.32,,,1.339,1.0748,1.2658,0.0,,66483.1139,66413.1202,27301.9737,464716.9662,464227.7102
601069.SH,20250530,17.85,3.1244,8.9287,0.62,56.5722,56.0879,3.4815,2.3398,2.1795,0.0,0.2801,91768.1436,68399.276,23934.9008,1638061.3633,1220927.0766
002205.SZ,20250530,10.11,2.9415,4.2146,1.23,,,5.3757,2.7711,2.881,0.0,,18584.3228,18584.3228,12970.4108,187887.5035,187887.5035
301066.SZ,20250530,17.42,8.1848,21.3177,1.2,93.704,98.4658,4.9025,4.9247,4.8109,0.3392,0.6235,18884.0162,18878.6643,7248.3031,328959.5622,328866.3321
301238.SZ,20250530,16.83,2.5844,2.5844,0.75,145.8849,181.1653,1.7386,5.8717,6.1376,1.1884,0.5942,73333.33,21333.33,21333.33,1234199.9439,359039.9439
600980.SH,20250530,16.6,2.0272,3.7453,0.78,29.6906,29.3811,2.2546,2.6446,2.5732,0.494,0.7831,18926.3526,17567.7206,9509.029,314177.4532,291624.162
600252.SH,20250530,2.61,1.3411,1.8937,0.68,,,1.4431,3.8082,3.9184,0.3942,0.3942,331334.5567,330228.0267,233868.3465,864783.193,861895.1497
002136.SZ,20250530,10.97,15.9538,22.8168,0.68,209.5526,,2.027,1.2502,1.2458,0.9116,0.9116,21502.0,21445.576,14994.9976,235876.94,235257.9687
300199.SZ,20250530,14.29,7.5958,8.1231,1.34,,,19.4658,21.3852,16.8307,0.0,,88324.1336,70628.3126,66043.5295,1262151.8691,1009278.5871
603080.SH,20250530,16.51,1.7472,3.293,1.07,14.8946,14.0815,1.5611,1.5808,1.5342,2.8468,3.3919,14150.0,14150.0,7507.88,233616.5,233616.5
002827.SZ,20250530,29.14,5.7915,13.9899,4.03,54.2805,51.3186,8.6916,4.7524,4.6297,0.5148,0.755,27600.0,27599.8875,11425.7881,804264.0,804260.7218
688433.SH,20250530,35.15,0.9859,2.4233,0.82,216.615,343.8526,7.5171,29.5915,29.4929,0.2732,0.1391,41416.88,20210.432,8222.7693,1455803.332,710396.6848
603868.SH,20250530,37.51,0.2179,2.1774,0.95,35.6862,35.617,5.0847,3.9398,3.9563,6.1317,,43560.0,43560.0,4360.0,1633935.6,1633935.6
603506.SH,20250530,12.63,11.812,30.1509,2.35,108.2677,77.5972,2.1144,1.3136,1.3059,2.7418,2.7418,18777.7779,18777.7779,7356.4453,237163.3349,237163.3349
688358.SH,20250530,29.49,1.1773,4.2039,1.33,23.5333,24.2096,2.2613,7.0548,7.2542,2.7067,2.7067,11212.4537,11212.4537,3140.0581,330655.2596,330655.2596
605277.SH,20250530,15.08,1.5319,3.38,1.23,31.949,30.4595,3.2101,1.385,1.3144,1.0817,1.0817,32429.7261,31398.2369,14230.6271,489040.2696,473485.4125
605167.SH,20250530,11.23,9.3332,24.9814,1.0,20.9696,21.2479,2.6901,1.444,1.44,0.3785,0.3785,44907.0,44907.0,16777.5387,504305.61,504305.61
603650.SH,20250530,33.07,1.0428,3.2527,0.75,38.3302,37.1955,5.867,6.057,5.9236,2.5314,2.5314,59897.193,59565.2887,19097.0264,1980800.1725,1969824.0973
920469.BJ,20250530,14.16,3.6624,4.6834,0.67,55.4439,87.6606,4.2205,2.4402,2.4564,0.8149,0.8149,14094.6,9794.9051,7659.6736,199579.536,138695.8562
300804.SZ,20250530,42.25,49.9324,58.9331,2.24,90.1495,91.631,2.3314,4.3215,4.2673,0.0,,7400.0,2750.0,2330.0,312650.0,116187.5
601696.SH,20250530,9.89,0.421,0.8057,0.99,30.3109,27.9068,1.5047,9.5137,9.0854,0.5157,0.5157,277800.0,277800.0,145168.4209,2747442.0,2747442.0
001356.SZ,20250530,14.61,9.2907,9.2907,0.67,39.1183,42.7518,4.2319,3.7948,3.7966,,,58932.0,12147.0025,12147.0025,860996.52,177467.7065
002582.SZ,20250530,10.32,5.8849,6.6598,0.67,,,1.4746,2.7935,2.9362,9.4348,13.1067,45195.4369,34406.9017,30403.6436,466416.9088,355079.2255
300039.SZ,20250530,6.17,5.3584,7.8301,1.18,17.1837,17.3764,1.5726,4.3805,4.6149,1.6207,1.6207,104600.0,91692.6226,62749.2337,645382.0,565743.4814
003026.SZ,20250530,30.67,1.3022,1.9352,0.87,175.3983,139.5925,6.1377,9.4522,9.6006,0.0,,13023.1497,9679.69,6513.3742,399420.0013,296876.0923
688351.SH,20250530,20.29,2.6022,2.6022,1.26,183.3764,145.1761,5.4182,23.1105,22.3036,,,47060.0,12485.9881,12485.9881,954847.4,253340.6985
301099.SZ,20250530,42.67,2.8171,4.144,0.93,39.2872,42.3406,3.4075,1.3494,1.1193,0.1138,0.1138,11415.8291,7040.0291,4785.8291,487113.4277,300398.0417
300132.SZ,20250530,6.16,7.3571,8.1139,0.62,58.192,50.8388,2.4476,1.6405,1.6084,0.0,,51658.0886,50808.1284,46068.9239,318213.8258,312978.0709
605166.SH,20250530,11.42,4.2482,6.5335,1.16,11.9684,11.5618,1.8607,0.5014,0.5068,2.5023,2.5023,31472.6146,31472.6146,20464.1558,359417.2587,359417.2587
600326.SH,20250530,7.6,11.0803,14.5325,3.76,,,2.7212,3.2048,3.1716,0.0,,132334.3247,132249.235,100833.6138,1005740.8677,1005094.186
001373.SZ,20250530,29.32,2.5088,3.641,0.65,164.147,311.8058,2.2505,3.1469,3.3147,0.8186,0.8186,6868.6888,3313.1732,2282.8742,201389.9556,97142.2382
920029.BJ,20250530,97.73,3.8944,3.8944,0.56,23.045,20.4006,4.2107,4.6282,4.3165,,1.5348,13888.6667,3179.3334,3179.3334,1357339.3966,310716.2532
301337.SZ,20250530,28.1,2.9974,3.1062,0.88,,,2.6705,13.4368,12.8962,0.7117,0.7117,10420.0,3882.3725,3746.4225,292802.0,109094.6673
300390.SZ,20250530,17.18,1.2102,1.4645,0.86,16.8376,40.9067,1.3145,2.1598,2.1818,5.8248,3.4924,83075.0788,67200.7852,55532.7587,1427229.8538,1154509.4897
301100.SZ,20250530,16.4,1.7586,1.7586,1.02,,,1.6123,3.2684,3.129,0.4573,0.4573,20000.0,5000.0,5000.0,328000.0,82000.0
300706.SZ,20250530,20.86,2.3053,3.2476,0.73,,,4.407,2.7017,2.63,0.1435,0.1435,15322.0499,11357.4749,8061.9323,319617.9609,236916.9264
300069.SZ,20250530,20.14,15.9666,28.118,0.74,73.4789,66.4657,8.5894,8.6384,8.4686,0.0,,11700.0,11700.0,6643.7463,235638.0,235638.0
600730.SH,20250530,6.34,1.4405,1.8012,0.83,76.0477,84.6995,2.0595,24.6988,25.5924,0.0,0.1577,58665.6002,58665.6002,46917.3018,371939.9053,371939.9053
301520.SZ,20250530,41.11,13.6562,13.6562,1.45,32.0431,40.4868,1.83,7.2296,7.6136,1.2162,2.0654,6666.6667,2242.2992,2242.2992,274066.668,92180.9201
300604.SZ,20250530,41.17,1.7355,2.0831,0.67,56.6195,45.9112,7.4934,7.1279,6.6599,0.2415,0.2415,63046.5854,48612.6115,40500.4099,2595627.9209,2001381.2155
920675.BJ,20250530,12.06,2.2669,3.7887,0.91,40.9376,42.7342,3.3195,3.4198,3.4832,1.6585,,17216.4,7897.287,4725.166,207629.784,95241.2812
301127.SZ,20250530,14.53,2.1542,2.8941,0.97,28.5361,26.6487,2.9904,4.7899,4.6311,0.7294,0.6688,65446.9424,44167.4473,32875.9796,950944.0731,641753.0093
601298.SH,20250530,8.92,0.2112,1.7194,1.08,11.0605,10.8824,1.3188,3.0569,2.9972,4.5527,4.5527,649110.0,539207.5,66237.6,5790061.2,4809730.9
601117.SH,20250530,7.72,0.3642,0.6389,0.78,8.2911,7.9711,0.739,0.2538,0.2544,2.3058,2.3058,610872.5362,606958.0762,345989.5087,4715935.9795,4685716.3483
688209.SH,20250530,17.47,0.6658,1.2321,0.96,60.3653,53.6023,3.7269,5.2432,5.0831,0.1571,0.1571,42933.1405,29896.9373,16156.5666,750041.9645,522299.4946
000722.SZ,20250530,13.03,9.0654,18.7037,0.64,89.2007,130.6601,1.945,17.9578,19.6534,0.3837,0.3837,46415.8282,46415.8282,22496.9877,604798.2414,604798.2414
300710.SZ,20250530,19.87,8.0295,9.0866,2.99,,,4.2019,5.7065,6.2282,0.0,,9949.03,8049.2686,7112.8309,197687.2261,159938.9671
600734.SH,20250530,3.92,1.9353,2.6523,1.17,1510.3259,,22.573,27.6618,24.6839,0.0,,217830.3106,216842.8122,158223.7932,853894.8176,850023.8238
301618.SZ,20250530,62.2,18.1227,18.1227,1.96,80.127,83.7987,6.0572,10.1444,10.079,,0.379,9021.586,2255.4,2255.4,561142.6492,140285.88
603607.SH,20250530,30.22,19.3765,38.3459,0.87,50.929,49.6894,5.1286,5.953,5.6363,1.6545,1.6545,17851.68,17851.68,9020.6052,539477.7696,539477.7696
300144.SZ,20250530,9.05,1.0234,1.5611,1.48,22.6318,22.7506,2.8379,9.819,9.813,1.104,1.104,262268.294,235538.7204,154406.7043,2373528.0607,2131625.4196
000402.SZ,20250530,2.74,0.5994,1.2399,1.41,,,0.3343,0.4293,0.5279,0.0,,298892.9907,298831.7478,144457.9482,818966.7945,818798.989
605162.SH,20250530,7.45,1.4109,5.5669,1.24,20.3625,21.8477,2.3046,3.4237,3.6091,2.4158,,40053.2735,40053.2735,10151.1685,298396.8876,298396.8876
301322.SZ,20250530,30.39,14.0903,19.7007,3.87,30.4616,32.7715,1.5557,5.2098,5.2104,2.4178,1.6318,14245.8008,9300.581,6651.97,432929.8863,282644.6566
603392.SH,20250530,69.3,0.296,1.1167,1.21,825.2709,,7.1804,39.0456,46.3017,0.4624,0.4624,126512.2774,126512.2774,33536.3775,8767300.8238,8767300.8238
600362.SH,20250530,21.25,0.4044,0.9648,0.7,10.5689,10.2202,0.9198,0.1413,0.1443,2.8093,2.8093,346272.9405,207524.7405,86976.8295,7358299.9856,4409900.7356
603041.SH,20250530,11.79,4.4699,8.2587,0.58,33.6644,47.6087,1.4406,3.5918,3.4772,1.6778,1.6778,18314.7692,18314.7692,9912.5392,215931.1289,215931.1289
002835.SZ,20250530,18.15,10.6924,16.0111,0.75,19.8728,19.0339,3.2197,3.4289,3.4466,1.1527,,21949.3931,12728.7449,8500.4079,398381.4848,231026.7199
003037.SZ,20250530,6.96,0.9316,2.8906,0.91,165.1077,58.9726,1.4946,0.6729,0.6594,0.7151,0.7151,59907.4678,59207.4678,19082.4778,416955.9759,412083.9759
688386.SH,20250530,53.55,1.9571,3.7662,0.8,37.8037,35.2224,4.9995,7.2818,6.9115,0.9337,,7000.0,7000.0,3637.5068,374850.0,374850.0
603111.SH,20250530,6.43,0.8392,1.1301,1.12,15.91,15.6252,1.4056,1.4068,1.3568,3.2119,3.2119,86806.8223,84570.4717,62796.4686,558167.8674,543788.133
002984.SZ,20250530,18.59,2.3315,3.0111,1.54,8.8056,9.4195,1.4228,2.2618,2.2775,2.6913,1.1231,103546.1001,71222.228,55148.7898,1924922.0009,1324021.2185
600372.SH,20250530,11.59,0.4088,0.9137,1.39,53.8882,81.5781,1.499,2.3486,2.4424,1.0871,1.0871,483889.663,483889.663,216483.9724,5608281.1942,5608281.1942
301098.SZ,20250530,8.72,2.0511,2.2389,0.88,68.3745,67.4234,1.2171,1.7704,1.7742,0.9697,0.9697,18393.1394,14968.5144,13713.0144,160388.1756,130525.4456
603120.SH,20250530,38.45,16.1975,16.1975,0.56,37.1756,36.0353,3.0388,5.6356,5.5536,,,9040.0,2214.3822,2214.3822,347588.0,85142.9956
301469.SZ,20250530,25.36,1.5128,3.057,0.45,33.1465,34.9071,1.6918,2.252,2.277,2.195,1.3638,8948.0,4605.8685,2279.2358,226921.28,116804.8252
688012.SH,20250530,175.01,0.6653,0.9759,0.91,67.6996,65.1221,5.3819,12.066,11.3543,0.1695,0.1695,62499.6218,62499.6218,42607.5547,10938058.8112,10938058.8112
600971.SH,20250530,6.49,0.5095,1.1312,0.56,7.2652,11.6602,0.6445,1.117,1.2767,13.0971,7.2419,120000.4884,120000.4884,54046.5995,778803.1697,778803.1697
300992.SZ,20250530,23.44,2.0046,3.5191,0.95,177.5664,92.391,2.5919,3.0229,3.0436,0.2961,0.2961,9586.5793,7733.3293,4405.1193,224709.4188,181269.2388
002192.SZ,20250530,28.1,1.0993,1.4646,0.89,33.9006,35.2198,2.1599,12.9967,12.7111,1.0676,1.0676,25965.5203,25912.0228,19448.7119,729631.1204,728127.8407
688373.SH,20250530,6.1,4.5408,4.5408,1.0,,,10.4059,30.6986,30.6514,,,65560.5491,36604.714,36604.714,399919.3495,223288.7554
300736.SZ,20250530,9.79,2.4723,3.26,0.8,,,14.0966,2.6771,2.8658,0.0,,13006.5904,12721.7817,9648.028,127334.52,124546.2428
688212.SH,20250530,50.49,0.785,1.1387,0.81,323.585,,5.1686,9.0711,9.6583,0.5938,0.5938,13466.525,13466.525,9284.245,679924.8473,679924.8473
002022.SZ,20250530,5.98,2.6053,3.2022,1.45,,,0.942,1.7483,1.8052,0.0,,51431.8121,51424.4996,41838.1958,307562.2364,307518.5076
300236.SZ,20250530,36.74,1.0373,1.4013,0.92,65.5269,55.3517,2.5209,7.8049,7.1439,0.538,,31338.1402,27872.6967,20633.6587,1151363.2709,1024042.8768
300909.SZ,20250530,24.54,0.9963,1.8712,0.96,42.1324,45.5529,2.1198,2.8805,2.8698,0.6112,0.6112,17297.2979,12394.3106,6599.5069,424475.6905,304156.3821
600622.SH,20250530,2.7,1.1957,2.1643,0.8,,,1.199,2.2276,2.2661,0.0,,149968.5402,149968.5402,82854.6547,404915.0585,404915.0585
603588.SH,20250530,5.66,1.7079,2.065,0.74,17.8937,16.8266,0.9407,0.5946,0.5872,7.6132,7.0671,152323.4457,152323.4457,125978.2308,862150.7027,862150.7027
002432.SZ,20250530,37.77,0.7627,1.0327,0.96,10.7092,10.5895,0.8342,6.894,7.6472,0.7086,0.7086,47314.4232,44574.2185,32919.7666,1787065.7643,1683568.2327
688050.SH,20250530,71.41,1.3055,1.8589,0.94,35.5095,36.4812,5.0545,9.7814,9.4673,0.3734,0.3734,19313.8143,18954.4528,13311.507,1379199.4792,1353537.4744
300592.SZ,20250530,10.88,1.5051,2.7023,0.9,25.8855,60.2399,1.8721,0.4882,0.458,2.6261,,40484.5869,35472.0854,19756.7955,440472.3055,385936.2892
600684.SH,20250530,3.7,7.5171,10.9099,2.2,202.7559,133.7886,6.7792,2.0266,1.9973,0.0,,85346.0723,85346.0723,58805.122,315780.4675,315780.4675
920378.BJ,20250530,12.74,2.8055,4.8172,1.04,79.4165,83.0165,5.1759,5.8352,5.7623,0.7849,0.7849,15552.6,9751.0916,5678.9266,198140.124,124228.907
002815.SZ,20250530,10.07,1.2697,1.6368,1.08,42.2574,42.8288,1.5531,1.7346,1.6746,2.0054,1.1917,108125.1715,64064.8205,49696.9825,1088820.477,645132.7424
688068.SH,20250530,124.52,6.3931,9.8769,1.71,,,3.8639,22.5954,23.6549,0.1502,0.1502,9270.794,9270.794,6000.7467,1154399.2689,1154399.2689
002862.SZ,20250530,19.67,10.2838,13.5223,0.49,346.986,436.6023,7.1676,7.5669,7.3217,0.0,0.1089,16800.0,12624.7916,9601.1665,330456.0,248329.6508
300408.SZ,20250530,32.7,0.5123,0.791,0.96,28.6103,27.3651,3.0699,8.4976,8.198,0.8563,0.8563,191649.7371,186980.8017,121105.2161,6266946.4032,6114272.2156
600819.SH,20250530,5.75,2.1729,6.5133,1.28,46.2752,36.6414,1.5384,0.9539,0.9662,0.6261,0.6261,93491.6069,74741.6067,24935.1835,537576.7397,429764.2385
300580.SZ,20250530,24.18,2.3021,5.4017,1.19,41.9157,41.8929,3.8242,8.9188,8.8764,0.6848,0.6848,50054.3865,47081.3575,20065.4166,1210315.0656,1138427.2244
603086.SH,20250530,8.86,8.3035,12.6457,0.46,,402.1528,1.9356,1.5925,1.5585,0.0,,43481.3143,43481.3143,28551.046,385244.4447,385244.4447
300103.SZ,20250530,6.03,1.5553,2.8345,1.16,,,3.7763,12.3461,13.0101,0.0,,31760.1,31734.061,17412.252,191513.403,191356.3878
603982.SH,20250530,8.51,1.8253,3.6638,1.36,,,1.415,1.0063,0.9654,0.0,,27235.5339,27235.5339,13568.4271,231774.3935,231774.3935
000705.SZ,20250530,8.5,5.4687,6.1498,0.58,81.7768,55.2906,1.4173,0.7592,0.8238,0.7059,0.7059,33412.3286,28196.0726,25073.5212,284004.7931,239666.6171
603439.SH,20250530,12.08,0.8984,1.9929,1.19,18.0654,19.0454,3.1475,2.3085,2.3231,1.6494,1.6494,40980.2216,40384.0216,18204.927,495041.0769,487838.9809
300204.SZ,20250530,26.5,13.2308,23.474,1.04,,,13.2794,38.9789,43.2046,0.0,,47777.2555,47197.9301,26602.3813,1266097.2708,1250745.1477
300328.SZ,20250530,10.23,5.9648,8.1889,1.12,7024.4559,,6.5016,4.2742,4.4229,0.0293,0.0293,69042.36,68636.7975,49995.2575,706303.3428,702154.4384
688151.SH,20250530,16.84,1.424,1.424,1.14,257.5203,565.1881,1.3856,9.4895,10.4531,0.1413,0.3498,34450.0,10215.32,10215.32,580138.0,172025.9888
603768.SH,20250530,13.48,7.167,16.3855,1.18,47.0611,75.9384,1.3158,0.9409,0.9213,0.816,0.816,23795.5857,23795.5857,10408.0857,320764.4952,320764.4952
002155.SZ,20250530,22.43,1.7216,2.6513,0.54,31.8492,26.5249,3.7611,0.9685,0.8135,0.5796,0.5796,120203.9474,120193.1467,78049.5348,2696174.5402,2695932.2805
300027.SZ,20250530,2.43,2.3266,2.604,1.04,,,17.4977,14.4942,14.1678,0.0,,277450.5919,248487.8824,222021.7726,674204.9383,603825.5542
688215.SH,20250530,30.8,0.7724,1.9413,0.76,100.1958,97.4482,3.4423,4.1367,4.2548,0.2498,0.2498,5205.2,5205.2,2071.0927,160320.16,160320.16
600800.SH,20250530,3.78,4.7576,8.3414,0.56,,,2.628,0.8772,0.9721,0.0,,111004.5216,110973.0216,63295.1014,419597.0916,419478.0216
600716.SH,20250530,3.56,0.8932,1.8655,0.95,,,0.6693,3.9417,3.4576,0.0,,93606.059,93606.059,44817.7047,333237.57,333237.57
002701.SZ,20250530,5.54,0.8355,1.2574,0.87,17.939,12.0612,1.4631,1.0372,0.9035,2.1661,2.1661,255976.0469,255740.5761,169934.7795,1418107.2998,1416802.7916
300979.SZ,20250530,52.93,0.2637,2.1068,0.87,16.0844,16.1922,4.0064,2.573,2.5115,2.2671,4.3454,116700.0,116699.235,14607.735,6176931.0,6176890.5086
600489.SH,20250530,13.95,0.6724,1.2414,0.57,19.9705,18.5688,2.3762,1.0315,1.0055,2.8817,2.8817,484731.2564,484731.2564,262549.579,6762001.0268,6762001.0268
920014.BJ,20250530,13.58,1.8427,2.6893,0.51,27.9861,29.797,2.0726,2.5064,2.5213,1.3112,1.3112,12444.8188,6853.4393,4695.9307,169000.6393,93069.7057
003027.SZ,20250530,16.71,5.3463,7.6335,1.73,55.9592,49.3855,1.2875,3.0158,2.7175,0.3615,0.3615,13072.32,10486.0968,7344.1307,218438.4672,175222.6775
600377.SH,20250530,16.36,0.1455,1.1753,1.0,16.6611,16.7832,2.0796,3.5528,3.3631,2.8729,2.8729,503774.75,380218.3001,47054.5099,8241754.91,6220371.3896
603163.SH,20250530,27.91,3.8503,5.0137,0.46,24.3964,22.2307,2.4577,1.3901,1.252,2.8664,2.8664,10000.0,3500.275,2688.025,279100.0,97692.6753
000739.SZ,20250530,14.0,1.2464,2.5252,1.19,15.8764,15.8024,2.4886,1.3617,1.4169,2.2571,2.5192,116932.3576,116888.8405,57695.975,1637053.0064,1636443.767
002314.SZ,20250530,2.55,1.7237,2.6995,1.03,,,0.7593,0.8222,0.6205,0.0,,270778.2513,133832.4039,85454.015,690484.5408,341272.6299
301353.SZ,20250530,30.13,2.4188,2.4188,0.87,36.3475,35.8882,1.7862,2.6261,2.5004,0.9738,0.9738,7600.0,2500.0,2500.0,228988.0,75325.0
600744.SH,20250530,4.67,4.2688,9.5472,0.62,,,8.3034,1.1362,1.1213,0.0,,203112.4274,203112.4274,90817.3794,948535.036,948535.036
002276.SZ,20250530,13.94,6.1089,8.2293,0.94,41.4439,39.6621,2.4625,0.7961,0.7886,0.3948,0.3587,101428.9836,100508.3336,74610.7513,1413920.0314,1401086.1704
688352.SH,20250530,10.69,1.1102,1.1102,0.96,40.5737,47.7781,2.1016,6.4872,6.3864,1.4032,1.4032,118903.7288,36588.1123,36588.1123,1271080.8609,391126.9205
605077.SH,20250530,16.2,0.8391,1.3454,0.65,18.2856,18.2151,1.6625,1.7481,1.6418,3.3451,3.0864,30304.8234,29942.7734,18675.8487,490938.1391,485072.9291
002517.SZ,20250530,15.93,0.9736,1.0837,0.8,20.8991,19.7821,4.6983,6.6495,6.5912,1.2497,1.2497,213644.3234,189083.3723,169885.0032,3403354.0718,3012098.1207
301220.SZ,20250530,48.4,3.2703,3.609,0.97,97.9859,45.4561,3.2158,6.851,6.1729,0.2929,0.2929,11277.084,6557.3654,5942.0054,545810.8656,317376.4854
301212.SZ,20250530,26.81,1.6807,5.8358,0.53,167.7674,141.7088,2.1418,4.5782,4.2922,0.7385,0.7385,10800.0,9375.0,2700.0,289548.0,251343.75
300042.SZ,20250530,22.04,3.9367,5.6758,1.14,,,4.3349,5.3247,5.2516,0.0,,20040.0,20038.155,13898.365,441681.6,441640.9362
688450.SH,20250530,24.51,1.4109,2.5956,1.09,,,1.614,8.8652,8.083,0.8976,0.8976,6600.0,4817.7235,2618.8441,161766.0,118082.403
601136.SH,20250530,18.77,1.9693,1.9693,0.67,52.0919,56.0292,3.8506,21.2215,22.4435,0.8258,0.8258,273333.38,48148.38,48148.38,5130467.5426,903745.0926
002773.SZ,20250530,31.9,3.374,7.293,2.14,24.6668,24.1301,3.2452,6.5992,6.4458,1.1891,,92112.3104,68667.9679,31768.4857,2938382.7018,2190508.176
600329.SH,20250530,33.98,1.1615,2.7304,0.83,11.7379,11.8072,3.1843,3.5813,3.9194,3.7673,3.7673,77009.4356,56708.9356,24123.3828,2616780.6217,1926969.6317
920541.BJ,20250530,17.3,7.8928,11.977,1.13,41.496,38.8176,5.7315,8.4477,8.1962,1.2849,1.3295,13670.0,9005.8684,5934.8484,236491.0,155801.5233
688159.SH,20250530,63.7,5.995,9.3792,1.27,58.4565,99.129,6.707,1.9093,1.7951,,,9199.4495,9179.4245,5867.3334,586004.9332,584729.3407
600889.SH,20250530,15.62,4.3574,8.5097,1.3,,,15.4371,8.6374,9.0935,0.0,,36634.601,36634.601,18758.6391,572232.4676,572232.4676
000593.SZ,20250530,5.75,3.4884,6.1005,0.39,108.2649,247.4627,2.4201,1.1875,1.1862,0.0,,35863.1009,35848.3169,20498.8813,206212.8302,206127.8222
688183.SH,20250530,29.82,0.8425,3.1809,0.91,74.7196,49.0499,5.4857,5.2927,4.6093,,,83182.1175,83182.1175,22032.1364,2480490.7439,2480490.7439
300533.SZ,20250530,25.64,14.7288,17.1131,0.84,,15.5297,4.125,2.1561,2.0863,1.924,,23446.197,16497.9566,14199.3739,601160.4911,423007.6072
603256.SH,20250530,11.17,5.6194,35.8485,4.87,430.9717,159.151,6.6343,11.7735,11.0323,0.0,,87972.75,87972.75,13790.0521,982655.6175,982655.6175
600316.SH,20250530,35.25,0.8451,1.6299,0.93,644.2608,632.2409,4.7384,4.813,4.6008,0.0426,0.0426,71711.4512,71711.4512,37180.2292,2527828.6548,2527828.6548
300502.SZ,20250530,88.27,4.3894,4.5214,0.98,30.8663,21.4384,9.1154,10.1301,7.5601,0.1254,0.3641,99232.9312,88226.7288,85651.0205,8759290.837,7787773.3512
601888.SH,20250530,60.59,0.4049,0.867,1.18,29.3764,32.1539,2.2004,2.2196,2.3037,2.7232,2.7232,206885.9044,195247.5544,91183.2854,12535216.9476,11830049.3211
002402.SZ,20250530,19.07,3.2638,3.4213,0.8,48.4266,40.3587,3.7039,1.8263,1.719,0.7909,0.5223,92508.0285,80628.6248,76916.7498,1764128.1035,1537587.8749
920089.BJ,20250530,16.56,3.3495,4.1744,0.54,20.635,20.0108,2.1615,1.547,1.4516,0.5176,0.5176,15066.8,9350.0819,7502.3847,249506.208,154837.3563
000790.SZ,20250530,3.85,2.6779,3.3209,0.72,,,2.3742,2.7794,2.9587,0.2597,0.2597,62371.9364,62270.7614,50213.6333,240131.9551,239742.4314
603229.SH,20250530,9.05,5.9676,12.0892,4.98,36.3371,35.1937,3.1682,9.4484,9.3809,1.0182,1.0182,83029.7145,83029.7145,40986.3442,751418.9162,751418.9162
600818.SH,20250530,10.84,1.5307,1.6917,1.06,,,5.9457,3.5698,3.3986,0.0,,32144.791,23795.791,21529.961,348449.5344,257946.3744
002317.SZ,20250530,13.46,14.6511,17.1549,1.76,,,2.9972,4.6453,4.6583,1.4793,1.4859,85155.6477,76161.7406,65045.6406,1146195.018,1025137.0285
920895.BJ,20250530,30.21,5.3234,8.1985,0.58,1092.8068,,8.733,20.7773,24.3682,1.1586,1.1586,5652.4,2873.69,1865.94,170759.004,86814.1749
601137.SH,20250530,17.56,1.002,1.8547,1.1,10.5229,10.1178,1.6444,0.7635,0.7445,2.466,2.466,81111.5403,80943.5403,43729.5386,1424318.6477,1421368.5677
603898.SH,20250530,11.56,1.04,3.1594,1.43,44.6896,51.3537,1.186,1.8844,1.8966,1.8166,1.8166,31128.4533,31128.4533,10247.0672,359844.9201,359844.9201
600666.SH,20250530,2.63,7.4041,9.5077,3.57,,,8.7502,19.8599,19.2743,0.0,,276351.2843,241975.2935,188437.1095,726803.8777,636395.0219
603909.SH,20250530,9.22,0.5851,1.0228,1.06,25.1383,25.715,2.2534,0.3637,0.3687,0.8677,1.3015,26067.314,26067.314,14911.747,240340.6351,240340.6351
601066.SH,20250530,22.98,0.0892,0.5559,0.9,24.6772,22.7416,2.2765,8.4363,8.1941,1.4795,1.4795,775669.4797,649567.1035,104246.0291,17824884.6435,14927052.0384
603061.SH,20250530,74.8,1.1973,1.6637,0.49,57.1855,50.2872,3.3302,11.0361,10.0468,0.2271,0.2271,6000.0,4182.6334,3010.0825,448800.0,312860.9783
605086.SH,20250530,25.15,1.2933,4.7716,1.23,35.2206,35.0182,3.5871,14.023,13.7707,1.7876,1.7876,17920.0,17920.0,4857.17,450688.0,450688.0
688223.SH,20250530,5.2,0.2763,0.873,0.95,525.9106,,1.7422,0.5626,0.6251,4.2949,4.2949,1000520.2308,1000520.2308,316673.8308,5202705.2002,5202705.2002
601399.SH,20250530,3.03,1.5383,4.1122,0.8,50.6137,50.3562,1.5065,1.7245,1.6454,0.0,,721355.589,721355.589,269849.5069,2185707.4347,2185707.4347
002820.SZ,20250530,10.92,4.0349,6.1209,0.84,81.0209,146.0453,2.3664,4.426,4.555,1.7811,1.7811,20086.8295,20033.5578,13206.2264,219348.1781,218766.4512
920167.BJ,20250530,20.31,2.2318,4.0771,0.84,52.6878,354.9838,3.6479,0.8336,0.7673,0.5446,,10970.6125,6527.4437,3573.1087,222813.1399,132572.3815
002198.SZ,20250530,6.17,6.1457,7.9095,2.24,151.921,101.559,4.3242,8.3243,7.7627,0.8104,0.8104,50750.9848,50750.9848,39433.1062,313133.5762,313133.5762
601866.SH,20250530,2.52,0.9871,2.619,0.64,19.9643,19.572,1.1054,1.2183,1.1976,2.0328,2.0328,1335661.7112,982771.8112,370421.4114,3365867.5122,2476584.9642
688599.SH,20250530,13.4,0.7389,1.361,1.08,,,1.1882,0.3638,0.3824,4.6946,4.6946,217936.5412,217936.5412,118310.6293,2920349.6521,2920349.6521
600714.SH,20250530,10.12,1.4105,2.8087,0.78,83.292,60.5469,3.8446,8.5015,8.1877,0.9881,0.9881,28817.6273,28817.6273,14471.6519,291634.3883,291634.3883
603665.SH,20250530,26.16,3.6425,7.9407,1.6,,,5.9759,2.7725,2.5811,0.0,,16111.1057,16016.7707,7347.1441,421466.5251,418998.7215
603121.SH,20250530,23.28,5.4035,11.224,1.91,120.1126,187.1417,6.325,6.3541,6.7081,0.7732,0.7732,33853.3715,33853.3715,16297.6971,788106.4885,788106.4885
002937.SZ,20250530,16.31,1.5777,3.4331,1.51,21.2513,24.7629,3.2894,2.5533,2.6644,2.4525,1.8394,29777.7393,29695.2373,13646.1754,485674.928,484329.3204
688257.SH,20250530,13.9,0.7406,0.9155,0.88,19.4124,19.0743,1.6029,1.8844,1.758,1.76,1.8329,25240.8504,25240.8504,20417.8784,350847.8206,350847.8206
300340.SZ,20250530,9.82,2.16,2.16,0.91,,,48.6213,1.2765,1.2872,0.0,,27589.3365,21046.4562,21046.4562,270927.2844,206676.1999
000880.SZ,20250530,32.16,6.8411,6.8411,0.73,57.6074,55.2408,5.0918,2.6627,2.5431,0.5597,0.653,33132.06,16216.2,16216.2,1065527.0496,521512.992
605286.SH,20250530,36.72,1.1176,4.0638,1.12,25.0342,22.2157,3.0101,2.4422,2.3883,1.4109,1.4109,16800.0,16800.0,4620.07,616896.0,616896.0
603291.SH,20250530,12.16,7.0268,13.8671,1.24,34.326,39.9507,2.8771,4.5128,4.4443,1.5214,1.5214,42322.0604,12994.3077,6584.5567,514636.2545,158010.7816
000779.SZ,20250530,9.2,1.5438,2.8273,0.81,18.5751,18.4123,1.1003,2.163,2.1826,0.8696,0.8696,46482.9452,46478.89,25378.3637,427643.0958,427605.788
301024.SZ,20250530,45.56,5.6776,19.6576,1.91,,,6.8565,20.8983,22.6244,0.0,,6358.5,6021.0,1739.0,289693.26,274316.76
300063.SZ,20250530,8.04,3.1796,3.53,1.18,93.5789,91.8955,3.7111,0.8372,0.8742,0.0,,75852.715,62524.59,56318.9667,609855.8286,502697.7036
002864.SZ,20250530,29.29,9.6844,11.1079,1.88,25.8828,25.8609,1.9039,3.1965,3.0701,0.7511,1.0206,10628.096,7398.4574,6450.3341,311296.9318,216700.8172
300055.SZ,20250530,5.57,3.1134,3.4877,0.88,131.0438,152.028,0.9003,1.7066,1.7525,0.2693,0.2693,83674.9606,63270.1144,56480.259,466069.5305,352414.5372
603983.SH,20250530,45.91,0.858,4.4684,0.73,53.8887,50.2941,5.2369,6.1991,5.8351,1.6772,1.6772,40100.0,40100.0,7700.0,1840991.0,1840991.0
688517.SH,20250530,13.96,1.0173,1.7033,1.09,20.9297,21.2736,2.2851,2.8989,2.8523,3.5397,3.5397,13661.3184,13661.3184,8159.2895,190712.0049,190712.0049
300494.SZ,20250530,12.56,9.3589,10.1198,1.03,,,4.2062,5.4246,5.147,0.2782,0.2782,49051.0076,39834.8068,36839.6068,616080.6555,500325.1734
300010.SZ,20250530,6.8,2.1775,2.2109,0.88,102.476,92.2927,8.3623,18.5682,18.598,0.0,,206661.2659,166333.2582,163821.7072,1405296.6081,1131066.1558
688286.SH,20250530,65.78,2.1765,2.6934,1.11,,,3.5724,7.2826,6.666,,,5599.1221,5599.1221,4524.6195,368310.2517,368310.2517
603179.SH,20250530,47.25,2.3863,3.9141,2.98,23.5759,23.3592,4.0723,1.7359,1.6763,0.6349,0.6349,48730.3796,48730.3796,29708.9044,2302510.4361,2302510.4361
002414.SZ,20250530,8.84,0.9004,1.9678,1.03,,,5.8844,14.0998,13.0617,0.1584,,427073.6108,339861.2431,155507.6723,3775330.7195,3004373.389
002021.SZ,20250530,2.27,2.4367,3.0278,1.61,154.7263,143.4196,4.2591,2.9915,3.0797,0.0,,120541.1823,120537.2391,97007.7704,273628.4838,273619.5328
002755.SZ,20250530,16.97,1.173,4.3085,1.38,98.2623,85.8453,5.0082,8.8605,8.571,0.0,,92816.0351,92815.1576,25269.1241,1575088.1156,1575073.2245
300278.SZ,20250530,5.29,1.5361,2.3787,1.27,96.8727,147.8734,4.1766,2.8916,3.3998,0.0,,142150.6508,141706.518,91509.1968,751976.9427,749627.4802
688069.SH,20250530,17.64,0.5806,1.3022,0.38,,,1.6158,4.4457,4.3661,1.2051,1.2051,11300.0,11300.0,5038.76,199332.0,199332.0
688695.SH,20250530,28.17,1.716,2.7307,1.42,61.8826,69.0346,2.9595,12.3339,12.1162,0.852,0.852,8505.1378,5126.9194,3221.9194,239589.7318,144425.3195
688601.SH,20250530,34.72,1.7257,2.889,1.81,36.8815,56.3643,3.64,5.8944,6.3479,1.7281,,13369.27,13369.27,7985.8701,464181.0544,464181.0544
603315.SH,20250530,12.15,2.0614,5.244,1.01,44.4702,38.9167,2.2901,3.1466,3.1416,0.5597,0.5597,32042.6264,31372.6264,12332.2281,389317.9108,381177.4108
688299.SH,20250530,17.86,2.5938,3.2257,0.9,,,2.4687,3.8824,4.0238,0.2721,0.2721,29049.6916,29049.6916,23358.9408,518827.492,518827.492
300975.SZ,20250530,12.3,22.4856,29.6815,5.96,119.3548,99.0546,3.8623,1.291,1.2016,0.089,0.097,68700.5604,46915.8314,35541.6884,845016.8929,577064.7262
300941.SZ,20250530,23.73,10.214,13.9264,1.69,87.3761,111.1116,3.842,23.2074,24.4758,0.6684,0.5848,20475.0,11890.4578,8720.8265,485871.75,282160.5636
920896.BJ,20250530,22.87,12.1606,20.9557,0.86,65.4461,55.7186,5.4105,6.6552,6.3615,0.8745,0.8745,10122.424,4440.181,2576.6376,231499.8369,101546.9395
600426.SH,20250530,20.82,0.3741,0.5348,0.65,11.3272,12.473,1.3929,1.2916,1.2994,4.3229,4.3229,212321.9998,211917.6553,148241.8973,4420544.0358,4412125.5833
002942.SZ,20250530,16.75,0.7887,2.3663,0.72,45.2231,37.4689,2.1564,2.713,2.6415,1.1737,1.1737,15585.793,13720.8793,4572.9418,261062.0328,229824.7283
002040.SZ,20250530,10.15,10.2055,31.3213,0.68,32.4899,31.0963,1.4971,5.054,4.9525,1.0065,1.0065,48990.8265,48594.0145,15833.5474,497256.889,493229.2472
688185.SH,20250530,58.69,1.1847,2.59,1.15,,,2.9646,17.1596,16.708,,,24744.9899,11477.8999,5249.9571,1452283.4572,673637.9451
300006.SZ,20250530,3.59,2.5623,3.8797,1.36,,,2.0364,4.7646,4.6634,0.0,,105591.1205,105582.0898,69730.4634,379072.1226,379039.7024
300694.SZ,20250530,12.39,2.6794,4.3015,0.87,48.0491,68.3635,1.9421,1.753,1.8504,0.4036,0.6457,21531.6977,21531.6977,13411.9287,266777.7345,266777.7345
000670.SZ,20250530,6.7,7.0115,7.9049,0.82,,,128.508,1.3781,1.4564,0.0,,83948.936,72210.6712,64049.1611,562457.8712,483811.497
301608.SZ,20250530,82.48,8.7217,8.7217,1.21,41.793,40.6186,3.6341,5.2365,4.8885,0.7638,1.1726,8899.0,1780.27,1780.27,733989.52,146836.6696
000800.SZ,20250530,7.19,0.7331,3.3538,1.9,56.861,73.3985,1.343,0.6042,0.6561,1.9597,1.9597,492237.1176,492082.5923,107567.6022,3539184.8755,3538073.8386
002672.SZ,20250530,4.53,1.2408,2.5614,0.57,,,1.4492,1.436,1.4759,0.0,,110525.5802,90511.8302,43846.2783,500680.8783,410018.5908
300628.SZ,20250530,33.74,0.8928,1.4225,1.31,16.104,16.1439,5.4192,7.5856,7.5299,4.441,5.6253,126381.5202,72306.3503,45384.0591,4264112.4915,2439616.2591
603324.SH,20250530,24.1,0.853,2.3959,0.95,29.9652,29.5697,2.128,2.476,2.3837,0.9304,0.9304,14907.406,14907.406,5307.406,359268.4846,359268.4846
002975.SZ,20250530,32.4,2.6228,3.2569,0.66,230.7646,,2.3644,4.1657,4.4137,0.0,,15850.2693,10585.898,8524.7626,513548.7253,342983.0952
301456.SZ,20250530,22.91,1.9114,2.386,1.08,54.4067,54.5401,1.5878,7.0694,6.5822,1.4622,0.5893,14858.4205,5874.1468,4705.7857,340406.4137,134576.7032
605378.SH,20250530,23.57,1.6516,6.6056,0.78,28.8002,31.2787,3.384,3.3881,3.3215,2.2729,2.2729,18667.6,18667.6,4667.6,439995.332,439995.332
920304.BJ,20250530,14.62,4.4619,4.4619,0.6,27.5389,30.5473,4.8898,3.0323,3.0941,1.368,1.368,16228.8,7882.8854,7882.8854,237265.056,115247.7845
603090.SH,20250530,23.85,4.2748,8.6044,1.44,48.319,41.8832,4.1699,3.3449,3.2602,1.2579,1.2579,10000.0,10000.0,4968.13,238500.0,238500.0
600217.SH,20250530,4.5,0.8817,1.4036,0.9,331.9378,443.1412,2.1655,1.8536,1.7499,0.6889,0.6889,165765.3673,165765.3673,104134.5446,745944.1529,745944.1529
002490.SZ,20250530,3.94,2.9958,5.3183,0.86,,,6.3159,2.3176,2.1618,0.0,,79784.84,54161.3625,30509.6625,314352.2696,213395.7683
300383.SZ,20250530,13.02,2.2031,2.9333,1.32,61.3579,81.6581,1.8475,3.2144,3.2804,0.768,0.4608,179759.2847,179374.2765,134725.1188,2340465.8868,2335453.08
688047.SH,20250530,129.46,0.7773,1.4631,1.41,,,18.5997,102.9504,101.9481,,,40100.0,27964.4729,14855.8062,5191346.0,3620280.6616
605003.SH,20250530,19.31,0.909,3.4108,1.04,26.4306,26.589,1.4583,3.8582,3.8016,2.1233,2.1233,11000.0,11000.0,2931.5404,212410.0,212410.0
002550.SZ,20250530,7.76,19.8256,23.2776,2.24,27.8943,24.0529,3.9277,6.507,6.5509,1.5101,1.5101,127980.0,95773.958,81571.143,993124.8,743205.9141
600834.SH,20250530,9.18,12.9232,31.0893,15.86,84.5712,91.6522,2.5794,7.48,7.0614,0.7734,0.4139,47738.1905,47738.1905,19843.8106,438236.5888,438236.5888
920665.BJ,20250530,14.16,2.5432,4.1015,1.39,29.6385,35.1743,2.5584,5.4658,5.7027,1.7655,1.7655,12999.0,6407.1668,3972.9375,184065.84,90725.4819
688676.SH,20250530,31.1,1.0651,1.8796,0.74,24.8664,24.3326,3.2809,2.0699,2.0586,1.4393,1.6144,45928.6072,45928.6072,26024.9995,1428379.6839,1428379.6839
300613.SZ,20250530,46.7,2.1983,4.2018,0.75,42.0925,45.9186,4.0128,6.0575,6.1937,0.2529,0.2529,23222.969,21902.4664,11458.7574,1084512.6523,1022845.1809
601022.SH,20250530,9.73,18.1555,18.1555,0.76,22.9946,22.6564,2.1387,2.4154,2.3248,1.1922,,130863.3334,24863.3334,24863.3334,1273300.234,241920.234
600883.SH,20250530,7.83,2.0437,3.7982,0.89,25.6205,34.3341,1.8841,43.2972,39.1291,0.6386,0.6386,23608.8,23608.8,12702.9695,184856.904,184856.904
001390.SZ,20250530,27.02,62.7352,62.7352,,32.1298,31.393,3.6352,5.59,5.4207,,,20000.0,4899.8847,4899.8847,540400.0,132394.8846
600368.SH,20250530,4.42,1.4069,2.8313,0.73,10.1895,10.4504,1.0069,3.9027,3.8992,1.8622,1.8622,160965.3858,160965.3858,79986.519,711467.0052,711467.0052
003023.SZ,20250530,18.97,2.0718,4.2195,1.05,18.235,19.3267,1.2674,1.5354,1.6008,2.1086,2.1086,10534.16,10507.2344,5159.1901,199833.0152,199322.2366
920476.BJ,20250530,18.48,2.2615,2.8324,0.69,120.4221,61.5833,3.4132,5.0735,4.836,1.0746,0.773,8517.98,8062.9983,6437.9983,157412.2704,149004.2086
300165.SZ,20250530,3.31,1.613,1.9123,1.02,,,1.2808,1.927,1.9453,0.0,,49551.1725,42053.211,35472.8422,164014.381,139196.1284
002868.SZ,20250530,24.3,1.1916,3.0729,0.52,,,,5.8158,5.9861,0.0,,15541.5837,15403.7868,5973.2501,377660.4839,374312.0192
002527.SZ,20250530,14.66,2.2949,2.692,0.7,,,7.8472,2.8952,2.8117,0.0,,66306.1291,52907.2832,45104.4035,972047.8526,775620.7717
002133.SZ,20250530,2.97,6.8559,10.3265,2.2,,,0.8001,0.4945,0.5509,1.6835,1.6835,77414.4175,76987.0201,51112.7811,229920.82,228651.4497
920395.BJ,20250530,14.86,1.1518,2.1933,0.9,39.1288,35.3884,11.3969,14.24,12.6984,2.1797,2.2689,15258.5704,10373.8024,5447.4316,226742.3561,154154.7037
001338.SZ,20250530,11.57,3.675,3.675,1.05,19.3888,20.1352,1.5725,1.3557,1.3246,0.9075,0.9075,50173.0834,23595.4481,23595.4481,580502.5749,272999.3345
002457.SZ,20250530,12.01,5.2416,7.4363,1.11,14.9601,15.2006,1.6532,1.4216,1.4617,1.4846,1.732,33348.68,33332.1649,23494.5995,400517.6468,400319.3004
000510.SZ,20250530,5.48,13.849,15.4401,0.64,,,2.7856,1.7446,1.7845,0.0,,64854.3589,60666.4817,54414.8214,355401.8868,332452.3197
002470.SZ,20250530,1.68,0.9193,1.3114,0.77,92.4939,132.7007,2.6706,0.6629,0.6335,0.0,,328602.7742,328574.9417,230320.2025,552052.6607,552005.9021
600498.SH,20250530,20.08,2.0792,3.6068,2.15,33.8466,33.1984,1.7905,0.8331,0.8637,0.638,0.638,118447.2336,116658.7656,67248.9915,2378420.4507,2342508.0132
300656.SZ,20250530,26.13,4.9732,7.6377,0.68,,,4.3641,10.921,11.2425,0.1148,0.1148,17112.5072,13289.7892,8653.568,447149.8131,347262.1918
300477.SZ,20250530,1.89,3.3209,3.3768,0.92,,,1.8597,0.7646,0.8856,0.0,,107201.8687,93547.8109,91999.2249,202611.5318,176805.3626
301161.SZ,20250530,20.93,3.8563,3.8563,1.0,47.2359,42.2933,2.5515,3.51,3.331,0.2867,0.2867,12000.0,5332.8,5332.8,251160.0,111615.504
300893.SZ,20250530,35.41,0.8435,1.6631,0.8,30.7827,29.3738,5.8491,4.0667,3.7489,0.5629,,22635.8507,11312.5275,5737.7507,801535.4733,400576.5988
300853.SZ,20250530,20.63,3.3499,3.7568,1.06,,,4.329,19.2363,18.6525,0.949,,14694.586,11025.8358,9831.7878,303149.3092,227462.9926
301516.SZ,20250530,15.32,4.3057,4.3057,0.71,,,3.27,5.1784,5.464,1.201,1.201,28070.1755,7017.5439,7017.5439,430035.0887,107508.7725
688301.SH,20250530,131.29,1.1628,2.1667,0.84,40.3776,40.0485,4.1464,10.256,10.3089,1.0842,1.0842,14306.2818,14306.2818,7677.6844,1878271.7375,1878271.7375
603886.SH,20250530,13.07,0.7573,1.6817,0.57,12.6099,13.5129,2.2579,1.3557,1.4063,7.6511,7.6511,24000.0,24000.0,10807.0723,313680.0,313680.0
001324.SZ,20250530,18.1,2.8099,3.3813,1.13,41.5055,42.3576,2.2415,5.425,5.2531,0.5467,0.4004,13800.0,8165.36,6785.37,249780.0,147793.016
605099.SH,20250530,25.43,1.2759,12.7334,3.13,19.978,18.7043,3.5051,3.4601,3.3412,2.1153,2.1153,40164.2,40009.0,4009.0,1021375.606,1017428.87
000019.SZ,20250530,6.84,2.2755,3.4985,1.33,24.2334,22.349,1.5732,1.4666,1.4259,2.924,2.924,115253.5254,41621.6407,27071.6427,788334.1137,284692.0224
605177.SH,20250530,17.96,1.9171,3.9114,1.01,,,1.1723,1.7198,1.988,1.7844,1.7844,11473.9776,11258.3673,5518.0029,206072.6377,202200.2767
002315.SZ,20250530,40.79,1.855,2.2683,0.74,28.6801,26.6019,5.7399,7.7916,7.5249,3.7957,2.6967,31723.5869,20203.3116,16522.1276,1294005.1097,824093.0802
603097.SH,20250530,22.98,1.1205,3.735,1.85,41.2485,42.3786,3.6124,2.3902,2.3336,0.0,,16443.5,16000.0,4800.0,377871.63,367680.0
600763.SH,20250530,41.32,1.6507,2.4969,0.94,36.8588,36.088,4.3904,6.4313,6.3513,0.7528,0.7528,44728.9117,44728.9117,29569.9918,1848198.6314,1848198.6314
603000.SH,20250530,19.82,0.521,1.2094,1.03,104.7402,101.3645,5.8632,10.4966,10.5876,0.8527,0.8527,110569.1056,110569.1056,47633.3171,2191479.673,2191479.673
603801.SH,20250530,10.5,1.13,2.1017,1.25,11.8918,12.0527,1.3313,0.8717,0.8721,6.6673,6.6673,43650.5713,43434.9842,23351.8995,458330.9987,456067.3341
300095.SZ,20250530,8.34,6.4227,7.1583,0.62,,,2.0506,2.9037,2.8185,1.1574,1.1574,42009.0164,33872.7079,30391.575,350355.1968,282498.3839
603060.SH,20250530,6.33,1.4085,4.4596,2.23,24.9893,25.3918,2.5636,1.9446,1.919,1.7694,1.7694,80392.8549,80392.8549,25391.599,508886.7715,508886.7715
600422.SH,20250530,15.94,1.284,2.0054,1.23,18.6183,19.4657,2.2573,1.4362,1.4792,1.2549,1.2549,75697.5757,75697.5757,48468.1411,1206619.3567,1206619.3567
603320.SH,20250530,16.24,1.6172,3.9814,1.2,36.3515,32.7358,2.1602,2.292,2.2682,0.5368,0.8621,14914.6203,14914.6203,6058.1913,242213.4337,242213.4337
002451.SZ,20250530,6.59,2.6473,4.7461,1.58,161.9492,172.0416,3.7579,2.1529,1.9632,0.1517,,43920.0,43914.9,24495.4059,289432.8,289399.191
300471.SZ,20250530,9.74,1.426,2.1102,0.71,,,3.4185,6.2451,5.4552,0.0,,40416.5856,36655.1986,24769.3989,393657.5437,357021.6344
000677.SZ,20250530,6.35,15.0936,22.6426,0.88,125.0266,118.0602,10.5891,5.2001,5.2709,0.0,,86397.7948,86397.7948,57592.7701,548625.997,548625.997
002483.SZ,20250530,6.16,1.3854,2.0683,0.94,11.2598,11.0844,1.2227,0.664,0.6676,1.6234,,88646.8413,88525.0799,59294.6919,546064.5424,545314.4922
300516.SZ,20250530,32.57,0.9832,3.0727,1.32,189.2666,281.9575,4.572,10.9717,10.8982,1.0807,,18000.0,18000.0,5759.6038,586260.0,586260.0
002267.SZ,20250530,7.86,1.7643,4.9604,0.93,12.0737,12.5946,1.2635,0.9676,0.9429,5.0891,5.0891,111207.5445,111207.5445,39554.4989,874091.2998,874091.2998
000698.SZ,20250530,3.67,1.436,2.6094,0.97,,,2.1277,0.5991,0.6051,0.0,,81951.4395,78571.0473,43239.565,300761.783,288355.7436
300184.SZ,20250530,9.57,2.3778,2.4583,0.76,112.2058,106.7027,2.9311,1.4121,1.3551,0.0,,115401.1922,104838.6679,101404.7402,1104389.4094,1003306.0518
301330.SZ,20250530,29.55,4.8415,5.8744,1.36,31.6916,31.1592,1.7164,2.9133,2.893,1.4929,,19631.2325,7660.0136,6313.081,580102.9204,226353.4019
601002.SH,20250530,4.89,1.7326,3.1499,1.27,35.8627,22.4054,1.1024,1.9695,1.8506,2.0499,2.0499,95444.072,95444.072,52497.1293,466721.5121,466721.5121
688121.SH,20250530,12.35,8.5642,9.4853,1.05,30.4438,22.7818,1.1383,1.0165,0.9763,,,23361.4003,14157.8667,12782.948,288513.2937,174849.6537
001298.SZ,20250530,19.2,10.7198,10.7198,1.06,189.0721,132.4308,3.6045,0.7879,0.7661,0.4958,0.2155,29683.5996,15408.4852,15408.4852,569925.1123,295842.9158
688510.SH,20250530,19.02,3.6575,5.0129,0.9,38.8415,39.1424,4.3573,6.9883,6.8572,1.0515,1.0515,25838.2608,25838.2608,18851.9694,491443.7204,491443.7204
301528.SZ,20250530,49.45,3.5372,5.7867,0.64,59.3169,49.9912,2.0291,18.8947,16.6887,0.2548,0.2548,6190.0,3184.9956,1946.8437,306095.5,157498.0324
301167.SZ,20250530,14.73,2.9219,2.9219,1.02,105.9785,61.6059,1.7564,4.6595,4.5023,1.4664,0.4073,11200.0,6953.0354,6953.0354,164976.0,102418.2114
001286.SZ,20250530,8.97,0.6641,0.9951,0.97,11.1801,12.3462,1.3159,1.4526,1.4807,4.0134,4.5708,375000.0,105000.0,70069.1199,3363750.0,941850.0
600203.SH,20250530,9.31,6.114,8.4754,1.52,,,3.4154,0.5188,0.5356,0.0,,59298.8082,59298.8082,42776.868,552071.9043,552071.9043
000852.SZ,20250530,6.31,2.9625,6.2063,1.64,62.2782,77.9324,1.9441,0.7507,0.7632,0.0,,95614.1689,94579.5586,45145.7587,603325.4058,596797.0148
002390.SZ,20250530,3.53,0.8067,1.4501,0.81,67.6828,81.8821,1.025,1.1375,1.1648,2.4963,1.6582,194385.1868,185230.5076,103045.255,686179.7094,653863.6918
300708.SZ,20250530,11.08,1.4655,1.6285,0.98,38.5294,36.0704,2.7917,2.7309,2.6072,1.4008,1.366,68015.2346,52260.4413,47031.2918,753608.7994,579045.6896
301171.SZ,20250530,24.65,3.7154,4.0193,1.21,50.1757,48.9413,3.2143,4.5673,3.8838,0.5475,0.1013,47188.5905,30877.5025,28542.8345,1163198.7558,761130.4366
301662.SZ,20250530,70.33,20.1208,20.1208,0.61,27.0795,31.5377,3.7388,2.6914,2.9887,,,8000.0,1577.6325,1577.6325,562640.0,110954.8937
001309.SZ,20250530,106.12,2.2477,2.4942,0.73,48.9713,199.678,7.0831,3.597,3.2927,0.0857,,16177.0306,8763.6153,7897.4398,1716706.4873,929994.8556
603416.SH,20250530,57.12,1.8338,3.5315,1.13,39.2723,39.0099,3.2952,5.2543,5.1094,0.3413,0.3413,15713.8633,13950.5,7243.894,897575.8717,796852.56
000550.SZ,20250530,21.48,2.5439,8.0282,1.52,12.0626,13.626,1.5988,0.4832,0.4833,3.1844,3.1844,86321.4,51846.316,16428.716,1854183.672,1113658.8677
300173.SZ,20250530,5.3,2.1653,2.7331,1.09,46.7982,88.0186,3.9247,2.916,2.9931,0.0,,73472.5698,73472.5698,58208.1697,389404.6199,389404.6199
002455.SZ,20250530,7.08,2.1197,2.2634,1.0,38.7142,36.5597,2.3725,0.7573,0.7219,0.0,0.8475,59425.4592,51923.0515,48627.3439,420732.2511,367615.2046
600512.SH,20250530,2.23,0.7705,0.9616,0.81,137.1379,,0.5717,0.959,0.9738,0.8969,0.8969,159890.2832,158740.5163,127198.7537,356555.3315,353991.3513
601877.SH,20250530,21.91,0.2512,0.5347,0.82,12.1529,11.8989,1.0908,0.7298,0.7455,2.5103,2.5103,214896.8976,214896.8976,100947.8178,4708391.0264,4708391.0264
600126.SH,20250530,8.91,3.1336,8.5194,0.97,,,1.5533,0.4726,0.4849,0.5612,0.5612,337718.9083,337718.9083,124218.9972,3009075.473,3009075.473
300151.SZ,20250530,12.06,1.2652,1.4668,0.71,62.9839,67.7855,4.1904,6.1816,6.0899,0.9121,1.1194,53250.8697,36869.6984,31802.2759,642205.4886,444648.5627
000726.SZ,20250530,6.31,1.2903,1.6942,1.29,12.5687,10.5147,0.5417,0.8467,0.8371,4.4376,4.4376,81730.601,58863.5403,44828.182,515720.0923,371428.9393
002813.SZ,20250530,22.98,6.9365,20.3432,0.84,,,9.436,7.6478,7.3368,0.0,,12000.0,11985.6075,4086.7635,275760.0,275429.2604
002274.SZ,20250530,7.23,0.9187,1.5317,0.56,13.2067,22.3989,1.1966,0.8683,0.8913,4.1494,4.1494,95236.4646,93784.913,56249.5929,688559.6391,678064.921
601228.SH,20250530,3.21,0.3356,1.8747,1.21,25.1111,26.653,1.147,1.7209,1.6993,1.3396,1.3396,754453.1351,754453.1351,135073.0696,2421794.5637,2421794.5637
601326.SH,20250530,3.26,0.3037,1.3092,1.08,11.6397,11.7398,0.9241,2.6532,2.6935,2.546,2.546,558741.2,475755.9,110357.5437,1821496.312,1550964.234
300587.SZ,20250530,5.97,2.943,3.7147,0.54,457.9711,1054.5254,2.8442,3.2604,3.6693,0.0,,116634.3797,102201.797,80970.3789,696307.2468,610144.7281
688070.SH,20250530,47.11,9.0859,20.6902,7.26,,,7.615,8.7007,8.4945,,,8758.0,8758.0,3846.0,412589.38,412589.38
002997.SZ,20250530,34.8,1.4975,2.6447,0.94,20.7936,19.5857,3.3096,3.0047,2.7325,0.8621,0.8621,20932.1325,20932.1325,11852.3425,728438.211,728438.211
002170.SZ,20250530,9.75,3.0883,3.4227,1.4,22.9626,17.8251,2.7695,2.8357,2.4931,1.4227,1.4227,96357.7829,71269.9678,64306.9553,939488.3833,694882.1861
300075.SZ,20250530,18.38,13.9413,14.9317,2.25,,,3.2324,16.0042,18.9814,0.2688,,62113.0158,51439.0726,48027.4482,1141637.2304,945450.1544
000820.SZ,20250530,2.8,5.5626,5.7149,0.6,,,11.5512,14.6776,18.6728,0.0,,64655.5179,29696.6877,28904.9696,181035.4501,83150.7256
000901.SZ,20250530,11.82,2.9195,4.485,0.95,768.5272,8215.3616,2.239,1.3678,1.3666,0.0,,79820.1406,79819.3381,51957.9676,943474.0619,943464.5763
300264.SZ,20250530,5.54,2.5732,2.7206,0.93,,,82.1614,16.0032,12.7642,0.0,,43085.7518,37041.2272,35034.9831,238695.065,205208.3987
688456.SH,20250530,33.52,0.7876,1.2675,0.68,58.5136,57.9689,2.8465,1.0761,1.0331,0.5967,0.5967,10366.0,10366.0,6440.875,347468.32,347468.32
920770.BJ,20250530,17.88,4.0277,4.7221,0.84,66.0443,68.7979,3.9282,15.0556,14.4134,0.2796,0.2796,13013.2175,8189.38,6984.9887,232676.3289,146426.1144
688080.SH,20250530,46.25,2.5751,3.8551,0.65,26.297,25.1392,3.2029,5.5835,5.2138,0.3663,0.3663,7385.1842,7385.1842,4933.1024,341564.7693,341564.7693
688077.SH,20250530,23.85,2.2606,3.8957,0.88,85.6612,89.5386,2.55,2.0704,2.0043,0.7317,0.7317,11447.8504,11447.8504,6642.837,273031.232,273031.232
688178.SH,20250530,24.66,2.1814,4.5377,0.64,,,2.0429,3.3775,3.7577,,,8513.4666,8499.7844,4085.9732,209942.0864,209604.6833
688396.SH,20250530,47.63,0.1995,0.5904,1.08,82.9293,77.8237,2.807,6.249,6.1048,0.234,0.234,132752.9398,132752.9398,44854.7252,6323022.5227,6323022.5227
002531.SZ,20250530,6.62,1.2262,2.49,1.47,58.1864,129.7133,1.3328,2.4474,2.5134,1.1329,0.3021,179687.8658,178686.6124,87992.9437,1189533.6716,1182905.3741
603533.SH,20250530,18.94,1.6321,3.1509,0.99,168.6432,172.584,3.3124,3.2179,3.2624,0.1584,0.1584,43889.6835,43889.6835,22733.617,831270.6055,831270.6055
300298.SZ,20250530,21.35,0.6124,0.9425,1.04,36.9212,37.9473,3.6432,2.7114,2.6944,0.9195,0.9195,56426.5375,45529.8767,29582.0412,1204706.5756,972062.8675
603388.SH,20250530,3.68,3.3136,4.2552,0.8,,,1.4587,8.2193,7.8285,0.0,,32573.3572,32573.3572,25365.2252,119869.9545,119869.9545
600452.SH,20250530,9.66,1.2955,2.2201,0.46,28.8518,29.8667,2.7469,4.7625,4.8091,1.5898,1.5898,153654.1654,153654.1654,89659.9591,1484299.2378,1484299.2378
688516.SH,20250530,33.2,0.6647,1.263,1.01,8.2325,9.6912,2.5601,1.1393,1.1952,6.8574,2.5805,31563.7856,29194.7873,15365.0003,1047917.6819,969266.9384
920821.BJ,20250530,35.63,4.0882,8.1352,1.26,136.4034,130.9925,6.7049,8.9894,8.5516,0.3007,0.3007,9882.9928,5087.7946,2556.763,352131.0335,181278.1216
600206.SH,20250530,17.13,2.5637,3.8314,0.69,98.1887,67.5684,3.6382,1.5856,1.6624,0.8056,0.8056,84655.3332,84655.3332,56645.4964,1450145.8577,1450145.8577
000559.SZ,20250530,7.78,2.8506,7.9117,0.8,27.0278,26.6158,2.7193,1.9974,1.8871,1.928,1.928,330379.1344,330377.8789,119034.4163,2570349.6656,2570339.8978
002981.SZ,20250530,22.77,6.4581,18.585,1.74,27.2763,24.551,2.9222,1.7758,1.668,1.1534,1.1534,13525.3115,11942.6315,4149.9177,307971.3429,271933.7193
301053.SZ,20250530,26.64,2.3985,7.9799,0.94,45.4301,45.9317,3.3338,3.5642,3.3481,0.2977,,8246.5493,7574.2379,2276.5493,219688.0734,201777.6977
603093.SH,20250530,13.01,3.4041,14.7847,4.77,17.3306,17.3263,1.9345,1.3896,1.5109,0.5073,0.5787,61006.5893,61006.5893,14046.4993,793695.7268,793695.7268
600269.SH,20250530,5.28,1.1447,2.4954,2.3,9.6396,9.3673,0.6596,2.0603,2.0598,3.0303,3.2197,233540.7014,233540.7014,107129.8107,1233094.9034,1233094.9034
300875.SZ,20250530,30.24,5.6172,10.1689,0.59,,,3.1414,21.8162,20.1359,0.0,,9983.4751,8563.954,4730.6478,301900.287,258973.969
300557.SZ,20250530,24.47,2.7241,4.3265,1.59,86.1892,82.6353,3.0322,4.5783,4.5462,0.4838,0.6287,12094.6746,11894.6436,7489.1419,295956.6875,291061.9289
300563.SZ,20250530,33.6,3.6128,4.1772,1.03,75.4304,144.8616,5.5873,6.8405,6.9318,0.7882,0.2039,17856.4526,12387.5325,10713.8698,599976.8074,416221.092
002725.SZ,20250530,11.74,3.4003,4.8347,1.02,63.682,57.8798,2.9499,4.2426,4.3255,0.0,,25600.0,21192.6445,14905.1425,300544.0,248801.6464
000010.SZ,20250530,2.92,4.1237,4.1308,1.36,190.5066,92.0864,11.3411,3.9861,3.8035,0.0,,114965.2292,52595.1361,52505.5561,335698.4693,153577.7974
603218.SH,20250530,11.64,0.8192,2.0134,1.46,19.2299,18.2367,1.1705,2.5545,2.2639,2.3813,2.3813,103056.525,102803.625,41826.6562,1199577.951,1196634.195
301312.SZ,20250530,31.01,4.5689,4.5689,1.37,63.6301,41.6904,3.199,6.8256,5.9673,0.8298,0.9214,12207.3686,3614.4312,3614.4312,378550.5003,112083.5115
600036.SH,20250530,43.43,0.277,0.5397,1.33,7.3812,7.4207,1.0277,3.2454,3.2713,4.5406,4.5406,2521984.5601,2062894.4429,1058737.0295,109529789.4451,89591505.6551
603790.SH,20250530,17.53,1.1102,2.8505,0.73,58.913,56.3778,2.7054,3.9132,3.8705,0.5705,0.5705,19136.0,19136.0,7453.054,335454.08,335454.08
600853.SH,20250530,3.55,1.2266,2.1967,1.12,8.7171,8.6818,1.1214,0.1968,0.1979,0.9866,0.9866,101403.1746,101144.1846,56475.1816,359981.2698,359061.8553
002596.SZ,20250530,3.36,1.3713,1.9056,0.53,,,5.2631,2.9577,3.1304,0.0,,114758.0518,114646.4893,82504.2251,385587.054,385212.204
603658.SH,20250530,39.04,0.483,1.6693,1.65,18.6767,19.5667,2.7349,4.9894,5.0956,2.729,3.2275,57142.4768,57142.4768,16534.6579,2230842.2943,2230842.2943
002912.SZ,20250530,22.39,1.3578,2.2052,0.91,63.8015,65.3556,2.3784,5.8062,5.8178,1.3399,0.8933,17075.2,16222.2011,9988.5756,382313.728,363215.0826
002227.SZ,20250530,11.8,2.8234,6.0424,0.67,,,2.9647,8.3999,8.5579,0.0,,24780.617,24593.6766,11491.9799,292411.2806,290205.3839
300822.SZ,20250530,19.18,2.589,9.0022,0.9,108.1464,121.6365,4.6895,7.0183,6.91,0.399,0.399,31153.62,28898.2038,8310.8838,597526.4316,554267.5489
603022.SH,20250530,8.84,1.6594,3.3674,0.9,35.4703,35.2316,2.1827,2.0182,2.0237,0.8824,0.8824,20000.0,20000.0,9855.63,176800.0,176800.0
300009.SZ,20250530,8.9,2.0474,2.3119,1.03,21.0559,21.3197,3.8818,5.8696,5.9335,2.8084,2.802,167252.1258,122170.0208,108190.8175,1488543.9196,1087313.1851
603079.SH,20250530,16.35,2.1123,4.2514,0.71,95.1228,59.148,2.1823,3.3828,3.3092,0.363,0.363,17118.8958,17118.8958,8505.5765,279893.9463,279893.9463
300681.SZ,20250530,28.9,5.1788,5.9364,1.53,107.0236,103.7706,3.4882,3.1274,3.0375,0.0996,,26293.7737,18348.7809,16007.2568,759890.0599,530279.768
002560.SZ,20250530,7.45,12.767,14.7949,0.84,153.6417,145.4612,1.5319,0.6317,0.5919,1.3374,1.3374,52573.857,45293.6002,39085.3022,391675.2347,337437.3215
300299.SZ,20250530,6.1,6.6907,9.4057,1.6,,,9.3927,14.643,13.1582,0.0,,69030.0085,68897.5585,49009.9669,421083.0519,420275.1069
002879.SZ,20250530,15.06,3.0626,3.4969,1.07,38.9411,47.7638,1.7231,2.3414,2.2145,1.5903,1.2722,19310.764,13788.4005,12075.9296,290820.1058,207653.3115
920267.BJ,20250530,26.88,3.4368,4.8675,0.86,69.0973,73.6361,4.9035,2.1646,2.2226,0.7068,0.7068,4998.2941,2898.5936,2046.6268,134354.1454,77914.196
920057.BJ,20250530,6.93,3.7743,4.7915,0.9,,,1.7794,1.2774,1.2431,0.2871,0.2871,18126.3297,11538.5579,9089.0852,125615.4648,79962.2062
300399.SZ,20250530,23.72,10.9326,20.2307,1.05,2827.1177,255.5723,9.0243,9.125,8.8969,0.1686,0.2108,19760.0,19758.0725,10677.2227,468707.2,468661.4797
688201.SH,20250530,9.73,6.0544,11.8623,1.77,,,2.422,6.1649,6.1093,0.2069,0.2069,31715.3816,30253.0753,15440.7949,308590.663,294362.4227
603387.SH,20250530,8.24,0.8677,1.5514,1.12,18.6863,20.695,1.5568,3.5877,3.8432,2.3058,2.3058,50715.3517,50715.3517,28363.712,417894.498,417894.498
300767.SZ,20250530,10.32,2.5468,3.4356,0.96,,,1.7476,6.8362,7.1223,0.0,,27629.1028,23969.7494,17768.6042,285132.3409,247367.8138
300758.SZ,20250530,15.46,6.7101,11.3483,0.84,50.2465,46.8031,3.5956,4.0034,3.8981,0.3179,0.3179,40603.8596,35364.7024,20910.6045,627735.6694,546738.2991
000528.SZ,20250530,9.93,1.0163,1.3561,0.84,15.1096,13.4902,1.1209,0.667,0.6412,1.9462,1.9462,201924.0914,201843.9625,151268.6073,2005106.2276,2004310.5476
300133.SZ,20250530,6.76,2.5864,3.5089,1.15,52.8754,42.1149,1.7842,6.6276,5.4721,0.5968,0.4815,190107.3701,162384.2026,119695.3906,1285125.8219,1097717.2096
300956.SZ,20250530,14.88,3.228,6.3119,1.15,312.1977,327.1293,2.3394,1.7393,1.664,0.2059,0.56,21542.766,21045.2395,10762.6894,320556.3581,313153.1638
600348.SH,20250530,6.62,0.3947,0.8876,0.65,10.7345,12.2196,0.8493,0.953,0.9661,10.8459,10.8459,360750.0,360750.0,160447.8633,2388165.0,2388165.0
002471.SZ,20250530,5.45,37.3008,45.5529,1.04,,,4.3107,1.3567,1.3546,0.5688,0.5688,136900.0,130499.6763,106859.0384,746105.0,711223.2358
300193.SZ,20250530,8.79,1.8432,2.1659,0.79,16.9967,17.1712,1.8987,3.4442,3.4132,6.5823,6.5823,49359.8667,43702.7534,37192.4943,433873.2283,384147.2024
300783.SZ,20250530,27.8,2.8446,3.4218,0.59,27.3407,32.9339,3.6892,1.0495,1.0419,0.8984,0.8987,40100.0,27959.6,23243.2,1114780.0,777276.88
300700.SZ,20250530,9.21,3.634,4.3322,0.95,,,3.921,10.1519,11.162,0.9444,,39604.6023,27054.0419,22693.8974,364758.3872,249167.7259
600873.SH,20250530,10.48,0.4538,0.672,0.89,10.9097,9.9411,2.0978,1.1926,1.203,5.6775,5.6836,285278.875,285278.875,192623.2943,2989722.61,2989722.61
002932.SZ,20250530,19.36,2.9155,3.6024,1.86,60.4083,116.0072,0.7752,12.8595,12.5372,0.7552,0.1486,23252.0957,15608.5161,12632.342,450160.5728,302180.8717
002597.SZ,20250530,24.71,0.8792,1.5755,0.63,25.2244,20.9756,1.9057,2.6481,2.6049,0.7815,3.2334,56831.9878,56681.8818,31633.1595,1404318.4185,1400609.2993
920751.BJ,20250530,17.44,2.7431,4.362,1.2,38.2151,36.0557,3.8606,7.0322,6.9307,1.7202,1.7202,8678.0,8306.7125,5223.7125,151344.32,144869.066
601869.SH,20250530,31.97,0.8796,3.3536,1.51,35.85,31.4819,2.0589,1.9865,1.9073,1.6078,1.6078,75790.5108,40633.8314,10657.351,2423022.6303,1299063.5899
600759.SH,20250530,2.19,2.7561,3.6594,0.82,18.6347,20.9705,1.0492,3.5667,3.6974,0.0,,414900.928,414368.578,312080.9058,908633.0323,907467.1858
603059.SH,20250530,24.64,1.6715,6.3481,0.84,,,2.4581,1.9056,1.8515,0.8117,0.8117,10044.87,10044.87,2644.87,247505.5968,247505.5968
600096.SH,20250530,21.8,0.916,1.4803,0.99,7.4983,7.7452,1.8942,0.6498,0.659,4.5588,6.3823,183432.8747,183432.8747,113507.4455,3998836.6685,3998836.6685
601811.SH,20250530,15.57,0.5993,4.1202,2.31,12.4354,12.0186,1.2969,1.5582,1.5565,4.9454,3.7893,123384.1,79190.39,11518.543,1921090.437,1232994.3723
600355.SH,20250530,2.96,6.8646,8.0738,0.62,,,11.8696,10.2219,11.0455,0.0,,49208.92,49208.92,41838.92,145658.4032,145658.4032
300534.SZ,20250530,10.65,18.9375,30.372,1.11,125.1957,115.9028,4.6567,3.1092,3.0092,0.3756,0.3756,30334.5,30204.0613,18832.8586,323062.425,321673.2528
601231.SH,20250530,13.52,0.9327,4.1435,2.34,17.9689,17.9659,1.6578,0.4893,0.488,1.988,1.988,219625.2041,219625.2041,49440.4439,2969332.7594,2969332.7594
600207.SH,20250530,4.51,6.2267,13.6833,1.35,,,1.8854,1.1321,1.2153,0.0,,108931.2554,108931.2554,49570.4638,491279.9619,491279.9619
600226.SH,20250530,2.78,0.6484,1.0502,0.56,43.6454,42.107,2.5149,6.1956,5.4695,0.0,,297438.1224,297438.1224,183637.1575,826877.9803,826877.9803
688161.SH,20250530,26.0,0.2387,1.2456,1.42,46.4801,43.219,2.5966,7.159,7.4553,0.9199,0.9199,40000.0,40000.0,7666.6667,1040000.0,1040000.0
301381.SZ,20250530,19.92,2.2364,4.1673,0.88,37.2257,45.5219,3.1497,0.7756,0.7289,2.761,1.506,40010.0,19229.9,10319.7,796999.2,383059.608
000069.SZ,20250530,2.37,0.3167,0.6301,1.13,,,0.3922,0.3501,0.3731,0.0,,803775.8053,689826.7141,346774.7179,1904948.6586,1634889.3124
601360.SH,20250530,10.0,0.5897,1.4457,0.83,,,2.3881,8.807,8.65,1.0,1.0,699955.7879,699955.7879,285504.122,6999557.879,6999557.879
600109.SH,20250530,8.33,0.5606,0.884,1.33,18.5153,16.397,0.9021,4.6406,4.3763,1.6707,1.6707,371255.951,371255.951,235442.4905,3092562.0718,3092562.0718
001203.SZ,20250530,8.89,0.4714,1.5118,1.09,17.8451,18.2541,2.0576,3.4887,3.4844,1.1091,1.1091,150802.1588,131506.5274,41005.5592,1340631.1917,1169093.0286
000955.SZ,20250530,4.66,1.7237,2.297,1.22,,,3.8769,4.7974,4.8718,0.0,,53839.5,53804.4825,40375.7124,250892.07,250728.8885
600527.SH,20250530,2.13,2.5671,3.9629,0.86,96.8853,95.7234,1.7098,6.821,6.7178,2.3474,,173176.0902,173176.0902,112182.1595,368865.0721,368865.0721
002719.SZ,20250530,8.85,6.3232,7.9136,0.76,,,6.8204,2.4262,2.4446,0.0,,17413.9457,16187.2295,12934.0365,154113.4194,143256.9811
688772.SH,20250530,13.52,1.2384,2.1516,1.53,35.565,38.5863,2.1718,1.3262,1.332,1.9771,1.9771,113206.8851,113206.8851,65157.347,1530557.0866,1530557.0866
301209.SZ,20250530,112.5,7.5143,7.5143,0.53,159.4836,152.6676,12.0565,16.8345,16.8132,0.1778,0.1778,8000.0,2450.0,2450.0,900000.0,275625.0
000008.SZ,20250530,2.8,1.8814,3.0901,0.85,,,2.5441,3.6531,3.5799,0.0,,271637.7683,271623.3929,165381.5472,760585.7512,760545.5001
300134.SZ,20250530,11.5,1.4228,2.7407,1.01,,,2.2592,3.7985,3.7748,0.0,,76749.8006,69405.8006,36031.1929,882622.7069,798166.7069
301138.SZ,20250530,35.87,12.7914,28.1166,0.66,42.5094,42.3881,3.8516,6.6651,6.5239,1.3939,0.2788,12000.0,6856.014,3119.08,430440.0,245925.2222
603323.SH,20250530,6.03,3.4643,4.0069,1.28,5.6891,5.615,0.6026,2.6508,2.6281,2.9347,2.9347,183503.767,183503.767,158654.5506,1106527.715,1106527.715
300528.SZ,20250530,9.12,4.6741,11.821,0.92,,,5.6353,5.1966,4.5336,0.0,,37260.8054,37260.8054,14733.1068,339818.5452,339818.5452
000691.SZ,20250530,4.76,6.0501,7.2934,0.86,,,,3.4734,3.5888,0.0,,32327.0,32327.0,26815.9005,153876.52,153876.52
002551.SZ,20250530,3.72,7.6963,9.0377,0.91,141.1564,140.647,1.1877,2.1718,2.1664,0.0,,84549.4578,61101.711,52033.2276,314523.983,227298.3649
301361.SZ,20250530,29.0,5.0787,5.0787,1.08,42.3203,39.2852,2.8893,14.13,13.3311,0.4138,0.1724,11633.6,2908.4,2908.4,337374.4,84343.6
000096.SZ,20250530,14.54,6.1188,13.3165,0.87,79.1807,73.4069,2.7241,3.8824,4.3171,0.3783,0.3783,52800.0,51084.8,23472.9623,767712.0,742772.992
300698.SZ,20250530,38.33,15.9033,29.2464,2.26,124.341,114.559,10.5433,9.1575,8.1977,0.6001,0.6001,13400.0,11854.5943,6446.1868,513622.0,454386.5995
688602.SH,20250530,8.28,5.5801,7.6258,1.24,,,1.5325,6.3728,5.7382,0.7971,0.7971,51937.5,25497.7224,18657.7939,430042.5,211121.1415
600712.SH,20250530,5.99,4.0048,5.6333,0.72,,,4.1293,5.286,5.4631,0.0,,54465.536,53864.8371,38293.6826,326248.5606,322650.3742
300167.SZ,20250530,4.64,4.9113,5.3356,0.95,,,48.4919,4.0209,3.7951,0.0,,36055.0,35408.5,32592.8387,167295.2,164295.44
600773.SH,20250530,8.77,0.7218,1.2266,0.91,664.9793,302.9458,1.7347,7.0546,5.0843,0.114,0.114,95158.6865,95158.6865,55996.916,834541.6806,834541.6806
920790.BJ,20250530,40.05,10.4717,24.0067,3.14,329.0211,176.1741,9.3687,14.0659,14.0276,0.4994,0.4994,7896.702,5434.8958,2370.6958,316262.9151,217667.5768
605398.SH,20250530,27.49,1.4905,5.1838,0.85,209.1431,254.9863,4.3508,8.3913,8.5943,0.3092,0.3092,16271.6379,16271.6379,4678.4805,447307.3259,447307.3259
603855.SH,20250530,19.28,0.687,1.2057,1.01,14.0772,13.1902,3.4237,1.6415,1.58,5.1872,5.1867,33752.9,33355.4,19005.1,650755.912,643092.112
002824.SZ,20250530,14.81,1.8075,2.6972,1.1,51.372,54.8051,2.4097,1.2402,1.2287,1.2867,1.2867,27911.4081,18915.5983,12676.2334,413367.954,280140.0108
603278.SH,20250530,9.06,2.6222,5.3191,1.2,,,1.5485,0.6075,0.611,0.3835,0.3835,34175.9392,34175.9392,16847.6952,309634.0092,309634.0092
300246.SZ,20250530,7.49,2.1793,2.4608,0.78,,,1.6802,1.8687,1.903,0.0,,26457.5527,21129.6322,18712.2746,198167.0697,158260.9452
300314.SZ,20250530,12.46,3.931,5.875,1.62,62.6663,86.0057,3.0108,6.8089,7.2809,1.4446,1.4446,28800.0,14374.1448,9617.9398,358848.0,179101.8442
688569.SH,20250530,20.5,0.3014,1.2056,1.25,20.1506,23.8482,1.5443,3.0638,3.3711,2.1951,1.7073,21066.67,21066.67,5266.67,431866.735,431866.735
603325.SH,20250530,88.95,0.9276,0.9276,0.95,19.9667,15.892,2.3453,5.127,4.4161,1.4615,2.136,6667.0,2799.6,2799.6,593029.65,249024.42
600805.SH,20250530,5.25,8.7976,13.7168,1.05,163.9125,162.1194,1.02,1.4731,1.5185,0.0,,85089.4494,85027.5368,54534.3055,446719.6094,446394.5682
688246.SH,20250530,28.97,2.7708,3.7692,1.52,,,2.5917,6.7335,6.9856,,,13758.5598,10095.2037,7421.2531,398585.4774,292458.0512
603766.SH,20250530,13.07,1.4137,2.359,1.33,23.9369,19.5828,2.771,1.5955,1.4769,0.7651,0.7651,205354.185,205354.185,123065.998,2683979.198,2683979.198
603408.SH,20250530,11.38,0.4313,1.6278,0.82,10.5687,10.5564,1.4949,1.0173,1.0095,5.855,2.0163,44757.3,44757.3,11860.1633,509338.074,509338.074
000004.SZ,20250530,10.38,9.6297,13.0214,1.24,,,26.2487,13.9277,13.5319,0.0,,13238.0282,12628.8093,9339.3905,137410.7327,131087.0405
601628.SH,20250530,38.29,0.042,0.5834,1.05,10.1207,9.4033,2.0324,2.0475,2.0902,1.6453,1.6453,2826470.5,2082353.0,150000.0,108225555.445,79733296.37
301042.SZ,20250530,33.0,1.4737,2.7313,1.05,32.2623,34.3117,2.2078,3.3322,3.5362,6.4669,2.9395,6973.8577,6808.4827,3673.7418,230137.3041,224679.9291
002350.SZ,20250530,6.54,1.2392,2.0164,1.0,90.4603,50.8029,2.1266,1.7366,1.608,0.0,,54233.1351,53055.1471,32607.1247,354684.7036,346980.662
600505.SH,20250530,15.25,5.6248,12.7392,0.45,670.307,254.1021,4.576,3.8233,3.7558,0.0787,0.0787,36456.75,36456.75,16096.8977,555965.4375,555965.4375
688172.SH,20250530,18.8,0.3044,0.8203,0.99,,,1.5583,13.2687,13.9338,0.2121,0.2121,120289.4111,58525.1811,21716.1305,2261440.9287,1100273.4047
688449.SH,20250530,37.16,3.9558,3.9558,1.05,144.7891,205.8387,10.0645,14.5628,14.268,,,46000.0,7000.0,7000.0,1709360.0,260120.0
300750.SZ,20250530,250.0,0.5236,0.8249,0.92,22.462,21.0311,4.0813,3.1486,3.1063,2.0039,2.3048,455931.0211,390255.6333,247712.5448,113982755.275,97563908.325
300315.SZ,20250530,5.02,13.5673,13.7934,6.06,123.1411,164.556,2.7919,16.6785,18.832,0.0,,272016.8248,258302.4307,254067.6617,1365524.4605,1296678.2021
000938.SZ,20250530,24.03,0.9094,1.4909,0.83,43.7078,45.5966,5.0229,0.8697,0.83,0.5826,0.5826,286007.9874,286007.9874,174460.0354,6872771.9372,6872771.9372
001231.SZ,20250530,18.9,3.4861,3.9526,0.49,31.5396,29.9551,1.9303,2.911,2.6714,0.678,0.678,10000.0,3564.15,3143.5,189000.0,67362.435
600887.SH,20250530,30.3,0.4343,0.475,0.84,22.6738,25.8853,3.3431,1.6609,1.6541,3.9859,3.9859,632536.0667,629392.9721,575539.3895,19165842.821,19070607.0546
002354.SZ,20250530,6.28,5.4637,5.4637,0.94,,,8.473,6.5824,6.1348,0.0,,165458.582,162130.6746,162130.6746,1039079.895,1018180.6365
300637.SZ,20250530,10.36,2.4611,3.9657,0.55,,,3.4401,3.3252,2.9282,0.0,,23475.013,23433.7735,14543.3135,243201.1347,242773.8935
001311.SZ,20250530,27.1,2.8406,2.8406,1.17,15.233,15.9718,1.3912,1.802,1.7569,2.3276,2.3276,23885.3334,6065.1284,6065.0634,647292.5351,164364.9796
300762.SZ,20250530,21.68,4.5009,5.4728,1.5,,,5.7505,38.5318,33.142,0.0,,62796.5772,62796.5772,51644.1879,1361429.7937,1361429.7937
000625.SZ,20250530,12.35,0.5945,1.1738,0.51,16.7235,16.2904,1.5666,0.7665,0.7805,2.7784,,991408.606,826072.778,418427.432,12243896.2841,10201998.8083
301136.SZ,20250530,11.42,1.1371,3.0122,1.13,,,2.1739,5.2295,5.4146,0.1751,0.1751,27520.482,27520.482,10388.982,314283.9044,314283.9044
002681.SZ,20250530,6.74,3.0893,3.3671,1.07,124.585,104.6686,5.0953,3.8471,3.7242,0.0,,179465.2232,153268.078,140626.0805,1209595.6044,1033026.8457
301234.SZ,20250530,28.63,5.101,5.101,1.22,48.7078,54.5034,2.6037,4.0778,3.9613,1.3971,1.0479,6800.0,1841.21,1841.21,194684.0,52713.8423
000922.SZ,20250530,10.83,2.2232,3.495,0.86,29.356,34.4454,1.701,1.5368,1.5359,1.5986,1.0249,69521.6654,58731.8753,37360.0914,752919.6363,636066.2095
688585.SH,20250530,7.17,0.5685,3.696,1.38,32.6123,31.1691,2.2742,1.936,1.8911,0.8368,0.9763,40336.1728,40336.1728,6204.3723,289210.359,289210.359
688226.SH,20250530,28.76,2.5462,5.9241,2.12,56.8855,74.0554,3.1955,1.5505,1.5162,0.6764,0.6764,18764.752,15764.752,6775.8579,539674.2675,453394.2675
600256.SH,20250530,5.93,0.4907,0.7559,0.7,13.0098,13.5288,1.4173,1.0571,1.0912,11.8044,11.8044,649605.5639,649605.5639,421659.9826,3852160.9939,3852160.9939
600030.SH,20250530,25.52,0.4515,0.6126,1.12,17.4265,16.2394,1.4077,5.9292,5.5788,2.8017,2.8017,1482054.6829,1217655.0974,897394.4126,37822035.5076,31074558.0856
603057.SH,20250530,20.4,2.1574,2.1574,0.89,24.3908,27.4617,4.6648,2.513,2.6149,5.3708,4.0196,41426.05,6806.1925,6806.1925,845091.42,138846.327
000828.SZ,20250530,10.34,0.3663,1.2139,1.03,11.2527,13.9287,1.1075,6.3528,6.5262,4.5938,4.5938,103951.6992,103951.5642,31367.3048,1074860.5697,1074859.1738
002183.SZ,20250530,4.5,1.153,1.7478,0.74,110.3974,108.8947,1.2644,0.1506,0.1559,0.2667,0.2667,259700.9091,259699.4091,171322.0697,1168654.091,1168647.341
002189.SZ,20250530,19.91,2.3738,4.1067,0.7,,,8.0354,2.9133,3.2583,0.0,,26119.9273,26115.9921,15095.6014,520047.7525,519969.4027
688613.SH,20250530,18.93,6.3981,9.3299,2.71,,,1.8243,12.5881,12.8949,0.3136,0.3136,13700.8584,13700.8584,9395.4829,259357.2495,259357.2495
300933.SZ,20250530,7.21,3.0475,5.8204,1.05,88.8279,90.0739,2.122,1.0959,1.0966,0.5416,0.5416,46965.9755,46965.9755,24590.9755,338624.6834,338624.6834
600510.SH,20250530,4.92,0.8952,2.2375,1.18,42.0664,50.0989,0.4893,1.055,1.0222,2.5407,2.5407,103202.5457,103202.5457,41290.4959,507756.5248,507756.5248
002157.SZ,20250530,2.82,1.2264,1.3046,1.99,120.5416,59.8539,2.2277,2.941,2.501,0.0,,925016.2589,715452.2434,672567.4878,2608545.8501,2017575.3264
301319.SZ,20250530,24.09,5.2828,6.3819,1.06,33.2429,33.1865,2.7029,2.4508,2.2756,2.7637,2.2899,12330.8249,5556.8432,4599.8432,297049.5718,133864.3527
301283.SZ,20250530,31.77,3.2758,3.9616,0.5,32.689,31.0005,1.6829,1.2734,1.2589,2.0137,3.1061,8041.7822,4587.5576,3793.4431,255487.4205,145746.705
300957.SZ,20250530,44.21,0.6993,1.6721,0.59,37.2274,52.8202,3.2151,3.265,3.3515,1.3476,1.3498,42360.0,42360.0,17716.4311,1872735.6,1872735.6
600623.SH,20250530,7.07,0.4434,1.273,0.8,16.5481,16.7277,0.6611,0.3375,0.3394,1.8388,1.8388,213144.9598,187184.1976,65192.6344,1506934.8658,1323392.277
301115.SZ,20250530,14.68,2.1003,2.1003,1.87,164.6528,154.9555,1.0546,2.0077,1.9419,2.3096,2.3096,18515.934,10575.1914,10575.1914,271813.9111,155243.8098
002277.SZ,20250530,6.33,13.0575,19.2085,1.4,315.055,1121.9243,1.3141,6.8796,7.1513,0.2528,0.158,139417.28,139417.28,94772.406,882511.3824,882511.3824
002219.SZ,20250530,2.33,1.1465,2.0629,0.86,68.7715,68.0324,3.9118,2.0775,2.1147,0.0,,338738.1753,327204.372,181845.9128,789259.9484,762386.1868
600681.SH,20250530,3.41,0.5692,1.5356,0.84,14.3322,13.7341,1.2759,0.8982,0.8913,6.4516,6.8915,134085.481,133980.8772,49663.1701,457231.4902,456874.7913
000089.SZ,20250530,7.17,0.3891,0.9042,0.67,33.1889,28.7566,1.2771,3.1026,3.022,1.3947,1.3947,205076.9509,205074.2403,88244.6871,1470401.738,1470382.303
300479.SZ,20250530,20.09,5.2604,7.1894,1.05,242.8432,140.8539,7.6748,4.3428,4.0699,0.0,,19704.0865,19692.8365,14408.9938,395855.0978,395629.0853
600319.SH,20250530,5.84,1.3585,2.0406,1.09,,,4.5212,2.487,2.4585,0.0,,38770.9384,31559.4,21010.7241,226422.2803,184306.896
002891.SZ,20250530,62.86,1.7141,3.5931,0.76,48.2201,44.2914,6.9071,4.2531,4.0507,0.7533,0.7533,30208.5932,30208.5932,14410.8088,1898912.1686,1898912.1686
301133.SZ,20250530,22.12,1.185,3.2618,1.03,27.559,33.9467,2.3257,2.0794,2.1417,0.6781,0.6781,10662.3014,9634.0959,3499.9478,235850.107,213106.2013
300982.SZ,20250530,17.73,2.7041,6.3559,1.15,69.2978,95.8647,1.203,1.8973,1.9764,1.9593,1.9593,20696.5146,19388.3646,8248.9206,366949.2039,343755.7044
600081.SH,20250530,14.95,7.9777,31.6142,1.16,90.5794,73.5172,1.789,1.2141,1.2236,0.4897,0.4897,55302.617,55302.617,13955.4119,826774.1242,826774.1242
603662.SH,20250530,60.86,1.6963,3.6519,0.94,65.8013,58.4763,6.2388,13.2356,12.5822,0.5472,0.5472,28165.9426,28082.9868,13044.8776,1714179.2666,1709130.5766
300716.SZ,20250530,7.3,1.9286,2.4745,0.82,,,103.0223,5.2535,6.3031,0.0,,16002.0,16002.0,12471.56,116814.6,116814.6
601016.SH,20250530,2.93,0.6228,1.1093,0.99,14.2603,14.7099,1.0737,3.773,3.7863,2.8675,2.8675,647338.918,596684.2861,334978.8965,1896703.0297,1748284.9583
600769.SH,20250530,10.85,1.4245,1.7824,1.21,317.528,304.7126,37.8459,53.7238,55.3557,0.0,,37497.72,37497.72,29968.6023,406850.262,406850.262
688015.SH,20250530,20.15,0.6937,1.4959,1.32,45.4926,42.7862,1.4795,1.7393,1.7554,0.9926,,18868.0742,18868.0742,8749.2671,380191.6951,380191.6951
003041.SZ,20250530,33.4,3.6878,12.16,4.33,63.4549,18.6915,3.0907,5.474,5.3484,1.1976,1.1976,14400.0,13682.34,4149.5116,480960.0,456990.156
002174.SZ,20250530,13.6,7.0885,8.835,0.75,,,3.0327,8.6844,8.539,0.3735,0.3735,91592.2435,91537.051,73442.292,1245654.5116,1244903.8936
002214.SZ,20250530,9.39,0.8859,0.9667,1.29,,,3.8245,20.4741,18.5398,0.5275,0.5275,59923.7935,47901.8901,43897.913,562684.421,449798.748
000697.SZ,20250530,7.06,1.0489,1.4129,1.07,,,67.431,3.5224,3.5037,0.0,,87310.0876,59089.6429,43865.3875,616409.2185,417172.8789
000026.SZ,20250530,14.2,4.0759,7.3679,0.49,26.1486,30.3004,1.752,1.4622,1.5164,2.8177,2.8169,40576.4007,36476.9323,20179.1996,576184.8899,517972.4387
603636.SH,20250530,11.82,1.7924,3.049,1.11,,,2.9496,9.3112,8.5821,0.4146,0.4146,58036.0523,58036.0523,34117.9094,685986.1382,685986.1382
920571.BJ,20250530,10.07,12.0451,15.6573,0.8,246.7852,,4.1587,5.9726,6.1291,,,55540.7453,28693.8449,22074.0566,559295.3052,288947.0181
002640.SZ,20250530,4.85,20.5393,22.5929,1.0,,,8.8372,1.3213,1.3265,0.0,,155804.133,139717.5001,127017.8401,755650.0451,677629.8755
600021.SH,20250530,8.85,0.9837,2.142,1.1,12.184,11.1234,1.282,0.5833,0.5856,2.2599,3.1638,281674.3645,261716.4197,120186.3406,2492818.1258,2316190.3143
300972.SZ,20250530,161.0,1.2766,2.4018,0.91,98.7263,57.7102,23.1491,0.8964,0.7562,0.0,0.3727,17998.9761,15572.8146,8277.4146,2897835.1521,2507223.1506
600446.SH,20250530,15.98,6.3786,8.5577,2.8,,,4.2563,3.2221,3.6653,0.3715,0.3715,94627.5005,94627.5005,70531.7864,1512147.458,1512147.458
300197.SZ,20250530,1.97,1.3428,2.273,1.09,,,3.6035,5.5851,5.8936,0.0,,296529.808,296522.308,175167.8797,584163.7218,584148.9468
300401.SZ,20250530,14.71,2.9177,4.1751,1.04,25.8541,25.4404,2.6451,6.4301,6.4502,0.4811,0.775,54346.7322,53468.3323,37365.6909,799440.4307,786519.1681
002532.SZ,20250530,7.71,0.6913,1.0583,0.93,8.05,7.4819,1.3305,1.2769,1.2287,4.5031,5.144,465188.5415,413000.5452,269751.2086,3586603.655,3184234.2035
002807.SZ,20250530,4.57,1.3465,1.4289,0.95,5.5226,5.5016,0.6121,2.8392,2.7942,4.1575,4.3764,246139.2789,245794.9789,231613.0295,1124856.5046,1123283.0536
601688.SH,20250530,16.76,0.3777,0.5386,0.87,9.8558,9.0584,0.9062,3.6487,3.4707,3.4614,3.4614,902730.2281,730675.8106,512399.8491,15129758.623,12246126.5857
300251.SZ,20250530,17.52,2.0097,4.1356,1.33,176.0069,27.2918,4.769,32.4157,14.7285,0.3969,,293360.8432,278130.5082,135158.8312,5139681.9729,4872846.5037
300454.SZ,20250530,89.3,1.0788,1.3023,0.76,191.3659,86.4065,4.2336,5.01,4.8633,0.0551,0.0551,42188.1295,27822.8439,23049.2439,3767399.9644,2484579.9603
688229.SH,20250530,50.6,2.5076,5.286,1.7,,,5.4677,15.9839,16.1488,,,4440.0,4440.0,2106.282,224664.0,224664.0
000056.SZ,20250530,3.08,3.2319,4.042,0.82,,,32.148,5.5368,6.0356,0.0,,118252.822,90372.8783,72260.1883,364218.6918,278348.4652
920145.BJ,20250530,24.73,2.0062,3.1751,1.0,,,6.6162,24.8426,24.3461,,,7055.0,4876.475,3081.175,174470.15,120595.2268
600309.SH,20250530,54.14,0.4796,0.9088,0.96,13.0427,14.2155,1.7704,0.9336,0.9498,3.962,2.3088,313974.6626,313974.6626,165680.0792,16998588.2332,16998588.2332
600271.SH,20250530,8.75,0.6444,1.2164,1.17,1016.1668,,1.1847,1.9513,2.0358,0.3771,0.3771,185288.4638,185288.4638,98160.8244,1621274.0583,1621274.0583
600095.SH,20250530,8.2,2.731,8.8548,1.43,214.7645,346.3072,1.9763,53.5598,61.8825,0.4264,,285918.7743,285918.7743,88183.9293,2344533.9493,2344533.9493
301083.SZ,20250530,14.87,4.3509,6.7124,1.18,80.0906,99.8217,3.1894,6.6105,6.736,0.807,0.807,17786.6667,8560.9917,5549.0917,264487.7338,127301.9466
603075.SH,20250530,19.31,2.4477,2.4477,1.21,25.9336,24.9572,4.104,4.0399,3.9661,2.573,3.6251,40255.1538,4001.0,4001.0,777327.0199,77259.31
002033.SZ,20250530,8.5,1.2907,2.3564,0.97,22.1494,24.6441,1.9709,5.7773,5.9047,4.1176,4.1176,54949.0711,54948.0181,30096.1546,467067.1044,467058.1539
688195.SH,20250530,38.84,1.5698,2.4051,0.9,72.4244,70.6132,5.4679,11.2862,10.8162,0.5142,0.436,12935.0,12935.0,8442.7,502395.4,502395.4
002856.SZ,20250530,11.59,6.9305,10.4672,1.78,,,18.2056,2.2282,2.7455,0.0,,13531.2808,12010.1655,7952.1355,156827.5445,139197.8181
002600.SZ,20250530,8.06,1.1263,2.8528,1.18,32.2134,30.4067,2.7931,1.2776,1.2305,0.3712,0.2481,700817.7819,689968.3937,272402.5704,5648591.3221,5561145.2532
600754.SH,20250530,22.93,0.692,1.4749,1.08,26.9323,32.4056,1.5843,1.7447,1.7782,2.7039,2.7039,107004.4063,90800.9823,42600.2598,2453611.0365,2082066.5241
002789.SZ,20250530,8.54,3.0286,5.3453,0.72,,,,0.2181,0.2212,0.0,,15962.3514,13147.9786,7449.502,136318.481,112283.7372
688072.SH,20250530,147.41,0.597,0.6443,0.88,59.9209,77.6945,7.959,10.0488,9.5003,0.1594,0.1594,27972.9118,27972.9118,25921.2813,4123486.9284,4123486.9284
300240.SZ,20250530,9.19,19.1874,34.1132,1.08,,,2.3663,0.5161,0.5248,0.1629,0.1629,37156.295,36337.8879,20438.6776,341466.3511,333945.1898
301329.SZ,20250530,18.26,3.0714,3.0714,1.21,44.5504,46.9402,1.9689,3.9496,3.8976,2.0811,0.7667,17020.0,5994.4,5994.4,310785.2,109457.744
300405.SZ,20250530,5.13,2.4179,2.8897,0.68,,,3.3751,2.3089,2.5006,0.0,,28437.2671,21879.2849,18307.452,145883.1802,112240.7315
002393.SZ,20250530,20.02,10.5565,22.1822,5.81,27.9591,28.5597,1.0958,3.8613,3.8469,2.1427,1.7385,25770.4999,25032.4607,11912.9756,515925.408,501149.8632
920826.BJ,20250530,13.15,6.9066,7.2161,0.72,44.9848,43.5568,5.2481,3.4587,3.3117,0.9382,0.9382,14051.5814,6236.1286,5968.6664,184778.2954,82005.0911
300724.SZ,20250530,51.66,1.0279,1.1679,0.86,6.4998,6.2085,1.5783,0.9511,0.8802,2.3204,2.3173,34771.3586,28713.6029,25272.8879,1796288.3853,1483344.7258
300106.SZ,20250530,11.22,7.8129,13.4288,0.66,,,5.7458,2.5276,2.6679,0.0,,21133.231,21133.231,12295.4139,237114.8518,237114.8518
001288.SZ,20250530,20.59,1.3468,2.6782,0.66,30.7518,29.2041,2.4248,3.1498,2.8819,0.818,0.8673,23496.24,15041.6925,7563.8222,483787.5816,309708.4486
603214.SH,20250530,19.82,4.5575,7.058,1.03,25.8056,25.7122,2.4405,0.792,0.7801,2.3158,1.8264,13854.0036,13854.0036,8945.9181,274586.3514,274586.3514
688677.SH,20250530,41.29,1.2902,2.0381,1.01,36.5702,34.4701,3.7565,11.1775,10.485,1.3402,1.3402,11987.7,11987.7,7588.9,494972.133,494972.133
000886.SZ,20250530,6.08,2.9819,4.0041,2.34,97.7522,444.9531,1.9921,25.8298,22.1371,1.1513,1.1513,98882.83,97783.6898,72821.8217,601207.6064,594524.834
601968.SH,20250530,4.77,0.4916,1.5241,1.04,35.3017,34.9985,1.345,0.7316,0.7298,2.5899,2.5899,127577.946,113303.9174,36544.6025,608546.8024,540459.686
000801.SZ,20250530,16.35,5.1782,10.0694,2.3,86.0128,93.0145,5.438,4.0021,4.0725,0.6116,0.6116,102280.6646,102280.6646,52598.1558,1672288.8662,1672288.8662
601021.SH,20250530,58.8,0.3003,0.6926,0.71,25.309,26.8792,3.234,2.8763,2.855,1.1886,1.1886,97833.3423,97833.3423,42411.1678,5752600.5272,5752600.5272
000665.SZ,20250530,4.97,2.5883,4.4519,0.81,,,1.3172,3.5528,3.6343,0.0,,113714.9495,113711.033,66110.0968,565163.299,565143.834
688545.SH,20250530,26.54,3.4288,3.4288,1.39,59.9121,56.5502,3.4036,8.4031,7.7804,,0.7536,36000.0,6842.3324,6842.3324,955440.0,181595.5019
688295.SH,20250530,20.25,0.4779,2.9408,1.4,,,3.9786,11.7029,12.0641,0.5235,,90000.0,60160.0718,9776.094,1822500.0,1218241.454
688626.SH,20250530,37.92,1.8677,6.8123,3.28,58.9372,69.8819,2.9839,8.16,7.9781,1.3613,1.3613,16000.0,16000.0,4386.788,606720.0,606720.0
300900.SZ,20250530,24.46,23.4884,26.6875,3.05,,,5.6519,6.9345,6.6662,0.291,0.291,29714.9186,22036.8011,19395.1491,726826.909,539020.1549
603798.SH,20250530,10.72,3.7537,7.9548,0.87,50.3131,41.1759,2.3462,2.577,2.5312,0.5511,1.1941,25644.965,25644.965,12101.176,274914.0248,274914.0248
600862.SH,20250530,23.43,0.7978,1.4563,1.38,28.3158,28.1502,4.3859,6.4349,6.33,0.9518,0.9518,139304.9107,139304.9107,76317.3878,3263914.0577,3263914.0577
300159.SZ,20250530,2.16,4.1501,4.6512,1.16,,,,4.8792,4.8702,0.0,,150196.5923,147183.9203,131325.6306,324424.6394,317917.2678
000034.SZ,20250530,37.09,2.6761,2.8624,0.82,35.0483,35.8899,2.5144,0.2058,0.2019,1.105,0.7136,71126.0675,59436.8043,55567.3592,2638065.8436,2204511.0715
600721.SH,20250530,7.62,12.4031,16.4512,1.22,70.5701,70.4726,3.7535,7.5882,7.4712,0.0,,38414.4335,38414.4335,28961.9248,292717.9833,292717.9833
002608.SZ,20250530,7.57,0.5997,3.1869,1.05,8.8326,8.6048,0.8683,0.7957,0.8261,1.321,1.321,377807.9704,377807.9704,71091.8133,2860006.3359,2860006.3359
920509.BJ,20250530,24.78,4.2789,6.1294,0.74,79.5201,71.6737,12.9239,20.6795,19.9071,1.0166,1.0001,16185.5696,8244.8378,5755.6853,401078.4147,204307.0807
600641.SH,20250530,13.81,0.52,0.8231,0.82,119.5096,123.96,1.5704,22.1043,19.0487,0.3544,0.3544,93062.992,93062.992,58788.3699,1285199.9195,1285199.9195
600993.SH,20250530,29.0,0.9355,1.429,0.86,23.6711,23.4093,2.9279,3.3531,3.3405,1.3793,1.3793,43105.3891,43030.7016,28169.398,1250056.2839,1247890.3464
601139.SH,20250530,6.42,0.2301,0.941,0.93,12.6752,13.0573,1.1861,0.6515,0.6369,2.4922,2.4922,287674.054,287674.054,70346.9111,1846867.4267,1846867.4267
300410.SZ,20250530,5.78,2.1277,3.1718,1.1,,,9.3378,2.9855,3.0995,0.0,,36711.4797,36691.7328,24613.4407,212192.3527,212078.2156
300301.SZ,20250530,1.89,0.9183,0.9928,0.78,,,125.5966,3.105,3.2269,0.0,,82986.8769,78987.6719,73061.8561,156845.1973,149286.6999
300285.SZ,20250530,16.4,1.0508,1.1801,0.84,27.0358,26.9291,2.3865,4.0408,3.898,0.6098,,99704.8299,80394.9847,71583.7612,1635159.2104,1318477.7491
300458.SZ,20250530,37.38,2.4348,2.8704,0.84,184.5555,147.0952,10.4766,13.4506,12.3182,0.3079,0.5145,82327.0604,67334.9335,57117.4594,3077385.5178,2516979.8142
605090.SH,20250530,27.23,0.6146,1.3918,0.93,10.5379,10.3782,1.8165,0.8048,0.837,2.8078,2.8078,65158.0787,64501.9201,28485.4719,1774254.483,1756387.2843
688686.SH,20250530,87.73,0.4917,1.7664,0.92,78.7001,78.3804,3.6357,11.7665,11.2598,0.7523,0.7523,12223.5455,12223.5455,3402.7889,1072371.6467,1072371.6467
002057.SZ,20250530,8.07,1.7841,2.6658,0.92,35.5334,32.723,1.936,2.2583,2.1656,2.8641,2.8641,75848.2776,75379.4186,50447.2925,612095.6002,608311.9081
002233.SZ,20250530,7.8,2.5295,4.2086,3.67,17.2885,16.783,0.8009,2.1741,2.2122,6.2947,5.6815,119227.5016,119148.4966,71611.8172,929974.5125,929358.2735
688332.SH,20250530,91.19,2.7806,2.7806,0.6,36.5569,37.8166,2.7989,6.031,6.0166,0.9079,1.0966,12030.525,4402.1401,4402.1401,1097063.5748,401431.1557
301376.SZ,20250530,18.84,1.5166,2.0273,1.03,22.7266,22.0423,2.2579,0.9332,0.9054,3.1777,0.5296,40238.8475,19356.2374,14479.8909,758099.8869,364671.5126
300488.SZ,20250530,30.88,1.7508,4.7959,1.15,41.3618,40.6826,3.385,8.7896,8.4582,1.7379,1.1258,17313.5932,14415.3274,5262.3905,534643.758,445145.3101
301185.SZ,20250530,18.61,2.1421,3.2365,0.78,40.7289,40.3574,2.7574,13.4363,13.713,1.0747,1.612,15341.76,13978.0663,9251.6719,285510.1536,260131.8138
600029.SH,20250530,6.09,0.2357,0.7336,0.55,,,3.2475,0.6334,0.6378,0.0,,1812091.5879,1267334.7143,407244.9635,11035637.7703,7718068.4101
000519.SZ,20250530,16.64,1.3498,2.3408,1.13,,,2.2899,5.0714,5.3852,0.3305,0.3305,139255.8982,139255.8982,80297.7002,2317218.146,2317218.146
002379.SZ,20250530,10.19,1.5059,1.9551,0.35,,,6.0817,3.3215,3.3592,0.0,,113637.3753,113637.3753,87527.7148,1157964.8543,1157964.8543
301377.SZ,20250530,26.33,4.4412,5.391,0.78,47.5836,41.714,4.4284,6.8341,6.4636,0.7596,1.823,41000.0,7102.4,5851.0693,1079530.0,187006.192
688316.SH,20250530,49.23,5.4341,6.4072,1.33,,,36.6998,8.6493,9.6273,,,4779.9688,3594.422,3048.533,235317.864,176953.3951
603126.SH,20250530,6.22,1.741,3.5486,1.68,499.4894,,1.8669,1.6337,1.6358,1.3344,1.3344,61050.0,61050.0,29951.4214,379731.0,379731.0
920090.BJ,20250530,6.71,6.6012,6.6012,1.15,,,13.4721,6.4536,18.8374,,,19933.3546,13534.74,13534.74,133752.8094,90818.1054
601878.SH,20250530,10.44,0.4234,0.7908,0.9,24.7171,23.4066,1.3396,3.0191,3.1988,1.1269,1.6017,457379.6639,457379.6639,244897.148,4775043.6911,4775043.6911
688375.SH,20250530,57.11,0.6399,2.127,0.67,70.2331,80.7739,5.4508,13.1367,15.1423,0.893,0.893,59601.49,26547.2346,7986.294,3403841.0939,1516112.568
688255.SH,20250530,32.1,2.135,4.1181,1.19,112.8823,147.2342,3.335,6.3298,6.2801,0.4454,0.4454,10985.887,10985.887,5695.5709,352646.9727,352646.9727
300717.SZ,20250530,16.95,2.9589,6.2774,0.86,34.4294,31.2129,2.4181,5.4655,5.3059,1.1799,1.1799,10277.5,10185.34,4800.9618,174203.625,172641.513
603196.SH,20250530,14.91,0.9559,2.3055,0.63,,,5.4892,4.0806,4.12,0.1476,0.1476,23698.8282,23698.8282,9825.9682,353349.5285,353349.5285
600490.SH,20250530,4.25,1.5872,2.1483,0.62,,,1.5163,1.8324,1.5504,0.0,,221288.7079,199262.1386,147219.7928,940477.0086,846864.0891
300302.SZ,20250530,14.2,2.4367,3.0526,0.88,,,6.5542,18.6591,21.3654,0.0,,47926.3798,36888.8895,29446.041,680554.5932,523822.2309
002694.SZ,20250530,4.49,0.7184,1.1976,0.93,,,8.3799,4.069,3.8688,0.0,,76308.48,71879.7525,43116.5233,342625.0752,322740.0887
603130.SH,20250530,27.98,12.3065,17.4878,1.14,38.3395,44.4366,2.9013,1.4697,1.4483,1.4296,0.822,13751.42,5106.345,3593.4246,384764.7316,142875.5331
688057.SH,20250530,11.78,0.9253,1.8241,1.33,23.7597,22.1414,1.0159,7.949,7.924,4.2445,4.2445,27600.0,27600.0,14000.8,325128.0,325128.0
600310.SH,20250530,4.21,1.6853,3.4386,0.92,97.9654,,2.21,1.5695,1.6307,0.7126,0.7126,146571.0722,146571.0722,71835.2412,617064.214,617064.214
603587.SH,20250530,12.42,0.4712,2.1121,0.76,19.5099,21.4539,1.5874,2.6687,2.7411,6.4309,6.4309,47676.3282,47409.2787,10577.9687,592139.9962,588823.2415
300187.SZ,20250530,4.95,2.2007,4.681,1.09,32.5141,32.0004,3.015,4.2039,3.8711,1.2121,2.4242,64562.2165,64220.1042,30192.1719,319582.9717,317889.5158
300774.SZ,20250530,8.25,1.9503,3.0299,1.2,25.3018,27.2568,2.3783,3.241,3.1353,3.0303,3.6364,40876.366,19488.0451,12544.2792,337230.0195,160776.3721
000933.SZ,20250530,16.51,0.666,1.004,0.64,8.6229,9.4628,1.7399,0.9678,0.9335,6.6634,4.8248,224935.0569,224318.8979,148788.2237,3713677.7894,3703505.0043
600396.SH,20250530,3.09,2.3411,5.2507,0.77,53.7109,42.8632,3.0668,1.0217,1.0257,0.0,,147270.6817,147270.6817,65662.6238,455066.4065,455066.4065
920008.BJ,20250530,39.8,8.5642,9.9647,0.85,50.4463,92.1769,8.345,9.0969,11.4554,,,6375.0,3317.4309,2851.1809,253725.0,132033.7498
300411.SZ,20250530,12.69,9.276,10.8508,0.96,411.6516,358.6676,5.3594,9.8785,10.1925,0.0,,40652.0007,30640.0275,26193.0638,515873.8889,388821.949
000419.SZ,20250530,5.5,1.6284,2.9251,1.17,19.8972,24.8141,0.8553,1.5581,1.5358,2.1818,2.1818,54358.2655,54358.2655,30261.0171,298970.4603,298970.4603
300470.SZ,20250530,35.85,0.8126,1.0595,0.91,19.0161,18.4761,2.6856,4.764,4.5491,2.7262,2.7262,20817.1277,19730.9685,15133.942,746294.028,707355.2207
002654.SZ,20250530,11.69,3.4195,4.4932,0.79,157.5372,200.5697,6.4357,2.0276,1.921,0.0,,84530.2544,84524.2544,64326.429,988158.6739,988088.5339
688573.SH,20250530,19.02,5.1258,5.1258,0.94,,,2.4259,2.99,2.98,1.0416,1.0416,9775.4388,5199.4296,5199.4296,185928.846,98893.151
603706.SH,20250530,19.01,0.5167,1.6578,1.09,18.2315,17.4791,2.0347,2.4938,2.5312,4.7344,4.7344,18938.2714,18938.2714,5902.231,360016.5393,360016.5393
600513.SH,20250530,9.58,4.9458,8.2287,1.7,32.4937,36.6214,1.9278,1.2658,1.2102,1.5658,,28545.627,28545.627,17157.1454,273467.1067,273467.1067
603979.SH,20250530,39.12,1.3658,2.334,1.13,15.4071,14.0893,2.6173,2.4543,2.2635,0.5063,0.5063,62377.6176,62377.6176,36502.8766,2440212.4005,2440212.4005
300603.SZ,20250530,10.78,3.4761,3.7794,0.81,193.68,183.467,3.4771,6.3595,6.0879,0.0,,46479.8231,37047.0021,34073.6664,501052.493,399366.6826
600885.SH,20250530,32.76,0.4079,0.5614,1.04,20.9428,20.2587,3.5692,2.4221,2.3344,1.34,1.34,104267.6326,104267.6326,75752.1832,3415807.644,3415807.644
600071.SH,20250530,20.85,1.2933,2.5507,0.74,436.6374,148.1821,12.2762,3.4922,3.6218,0.0,,28157.3889,28157.3889,14277.0761,587081.5586,587081.5586
601599.SH,20250530,3.66,1.1123,1.446,0.77,35.3533,34.2982,2.7335,1.397,1.3252,0.0,,116054.2453,116054.2453,89272.4964,424758.5378,424758.5378
601788.SH,20250530,16.27,0.2599,0.5669,0.86,24.5278,23.4775,1.2625,7.8157,7.5782,2.279,2.279,461078.7639,390669.8839,179122.5656,7501751.4887,6356199.0111
300509.SZ,20250530,8.68,9.2557,18.854,0.88,56.8536,45.3555,4.2481,2.3929,2.3603,1.3825,1.3825,29640.0,24710.3523,12130.5843,257275.2,214485.858
600707.SH,20250530,6.14,0.732,2.0261,1.31,17.7701,17.1523,1.0089,1.889,1.8806,0.0,,358838.9732,358766.9732,129621.5326,2203271.2954,2202829.2154
920087.BJ,20250530,18.48,5.904,13.4079,1.1,60.5253,68.8125,5.4866,7.8038,8.1336,1.0823,,16520.0,16062.4725,7072.9289,305289.6,296834.4918
600153.SH,20250530,9.92,0.4313,0.8106,0.7,9.9243,9.9917,0.5292,0.0417,0.041,7.1929,7.0565,294709.5201,289953.8551,154285.0566,2923518.4394,2876342.2426
603839.SH,20250530,7.96,6.2093,22.4718,0.8,,,1.7106,1.5382,1.4902,1.4304,1.4304,39315.25,39315.25,10863.2982,312949.39,312949.39
002698.SZ,20250530,15.25,1.0641,1.7342,0.96,29.7468,27.4218,3.9759,5.4473,5.3751,1.6278,1.6278,102256.0873,84143.8051,51631.3559,1559405.3313,1283193.0278
300671.SZ,20250530,31.7,3.6574,5.3577,0.65,,,4.2857,10.1249,9.7883,0.0,,21772.4473,21713.6608,14822.6565,690186.5794,688323.0474
000678.SZ,20250530,15.6,15.9997,29.6456,0.81,,,9.1761,4.9269,4.8983,0.0,,45961.1797,45961.1797,24805.2667,716994.4033,716994.4033
002321.SZ,20250530,2.31,1.6442,2.7484,2.1,152.2525,254.9537,5.1895,1.0415,1.0354,0.0,,213289.0071,212421.2084,127079.8608,492697.6064,490692.9914
002872.SZ,20250530,4.24,0.9751,0.9825,0.78,,,0.6763,2.3667,2.5096,0.0,,31800.0,21491.8134,21328.9334,134832.0,91125.2888
688696.SH,20250530,116.58,0.6584,0.917,1.23,67.9241,48.4415,2.7259,2.3969,2.408,0.2497,0.2497,7000.0,7000.0,5026.0823,816060.0,816060.0
301190.SZ,20250530,24.16,16.7876,16.7947,0.86,97.9251,101.3821,2.7009,10.2763,9.8152,0.6036,0.6036,21463.65,7104.69,7101.69,518561.784,171649.3104
002156.SZ,20250530,23.44,0.943,1.322,0.81,52.4986,52.2752,2.4063,1.4895,1.4406,0.0512,0.0512,151759.6912,151745.2222,108235.3751,3557247.1617,3556908.0084
920190.BJ,20250530,35.83,5.6514,10.7218,0.7,166.662,143.8831,4.1523,1.2123,1.2354,0.2791,,10000.0001,9867.5051,5201.135,358300.0036,353552.7077
000062.SZ,20250530,24.98,1.9162,6.3156,0.82,122.6807,100.0511,3.8072,1.1901,1.1498,1.8014,1.7214,104590.9322,104492.9326,31704.0486,2612681.4864,2610233.4563
300556.SZ,20250530,18.7,3.2384,3.3267,0.98,,,4.2108,3.8664,3.7348,0.187,,12156.0992,10501.0224,10222.4247,227319.055,196369.1189
600189.SH,20250530,7.92,8.096,14.201,1.41,922.3501,334.9115,4.6569,4.7286,4.4535,0.0,,71519.7812,71519.7812,40773.6949,566436.6671,566436.6671
688136.SH,20250530,53.69,3.4456,10.4067,1.56,340.4857,240.0374,6.4405,7.6186,7.6573,,,19964.225,19964.225,6609.9778,1071879.2403,1071879.2403
601121.SH,20250530,5.89,0.8529,0.9483,0.86,34.0711,39.9254,1.5348,3.9399,3.7501,2.8353,2.8353,80000.0,38000.0,34176.4705,471200.0,223820.0
600995.SH,20250530,10.13,2.4024,3.707,2.75,28.7404,26.6421,1.5044,5.244,5.054,1.3262,1.0438,319600.5805,110910.1643,71878.9637,3237553.8805,1123519.9644
300233.SZ,20250530,15.48,5.0839,6.6382,1.2,30.198,39.9181,1.6104,1.7615,1.8784,1.915,2.5534,38387.4587,37170.4313,28466.8784,594237.8607,575398.2765
688579.SH,20250530,9.76,2.6336,3.7401,2.39,60.9292,71.4771,2.8313,7.0393,7.3072,0.8197,0.8197,40001.0,40001.0,28166.76,390409.76,390409.76
300701.SZ,20250530,9.57,1.4167,2.5843,0.83,68.6513,78.5983,2.9461,6.0617,6.1283,0.8882,1.4107,28273.5119,24912.1823,13656.1527,270577.5089,238409.5846
300847.SZ,20250530,16.28,1.0568,2.7873,0.95,38.8828,38.5911,3.4374,4.0782,4.0065,0.6143,0.8354,29601.0,29601.0,11223.4138,481904.28,481904.28
002153.SZ,20250530,8.12,1.5408,3.1858,1.19,,,3.135,7.5191,7.6202,0.1232,0.1232,272919.3841,159976.3804,77373.1067,2216105.3989,1299008.2088
002410.SZ,20250530,13.67,1.4092,1.6928,1.29,90.1753,82.3613,3.9245,3.6406,3.6806,0.5147,1.0885,165194.4342,158808.1079,132199.0296,2258207.9155,2170906.835
002929.SZ,20250530,46.19,6.5112,9.9699,1.03,53.2184,69.6429,2.1037,1.4265,1.3901,0.5317,0.5317,28408.3084,21056.0743,13751.3155,1312179.765,972580.0719
002489.SZ,20250530,3.79,2.9551,5.6406,0.85,17.7917,14.2586,1.8422,1.4484,1.3825,0.2639,,216901.6313,191302.8928,100222.0613,822057.1826,725037.9637
002283.SZ,20250530,5.9,2.2899,3.0199,1.11,20.2188,19.8633,1.1355,1.8589,1.8393,3.8698,3.3387,113945.7178,100352.6429,76094.8698,672279.735,592080.5931
600255.SH,20250530,3.14,3.6101,4.0022,1.37,90.9524,90.2872,3.9395,1.4328,1.3893,0.0,,180614.6955,180614.6955,162918.7555,567130.1439,567130.1439
002583.SZ,20250530,11.26,2.6857,3.1696,0.78,,,8.438,3.334,3.483,0.0,,181861.9381,128272.1049,108689.5828,2047765.423,1444343.9012
300040.SZ,20250530,7.35,13.7918,15.4949,1.11,,,1.8876,2.9924,3.012,0.9247,0.9247,60302.8523,47699.4132,42456.432,443225.9644,350590.687
920445.BJ,20250530,10.14,2.8906,3.4513,0.91,91.1996,75.5196,4.5594,4.6648,4.3079,2.6995,2.6571,14693.0025,10526.2791,8816.415,148987.0454,106736.4701
002047.SZ,20250530,1.95,0.9135,1.3823,0.99,,,,1.4001,2.084,0.0,,151624.8693,151617.1712,100200.6312,295668.4951,295653.4838
300210.SZ,20250530,10.59,4.4176,6.5388,0.71,,,12.433,22.6095,18.0441,0.0,,48421.9953,48372.3012,32680.3269,512788.9302,512262.6697
002611.SZ,20250530,12.52,6.6034,7.8547,0.9,30.4456,20.8309,2.8769,3.1898,3.1544,0.0,,121728.634,100219.7707,84254.3281,1524042.4977,1254751.5292
603528.SH,20250530,8.21,2.4197,5.8454,1.05,916.6474,1396.1357,2.9592,11.0892,12.5866,0.0,,70593.0131,70593.0131,29221.7831,579568.6376,579568.6376
688609.SH,20250530,10.16,1.963,2.643,0.93,,,5.8248,2.0254,2.1231,,,50000.0,50000.0,37134.546,508000.0,508000.0
301041.SZ,20250530,22.75,6.5376,7.9705,1.81,62.1297,78.7834,3.6313,3.5552,3.5572,0.2627,0.2627,10668.0,7892.0639,6473.2681,242697.0,179544.4537
300067.SZ,20250530,5.51,9.9237,12.6229,1.05,,,2.5093,6.5341,6.1621,0.726,,115437.4574,93748.3681,73701.4864,636060.3903,516553.5082
920527.BJ,20250530,18.77,2.8383,3.591,0.73,48.6807,46.0537,2.9068,2.9626,2.9231,0.4262,0.4262,6004.27,3634.7987,2872.8987,112700.1479,68225.1716
603329.SH,20250530,14.9,2.69,4.8891,1.02,55.7012,49.3081,2.0945,0.4701,0.4443,0.6711,0.6711,15875.6195,15875.6195,8734.8064,236546.7306,236546.7306
000700.SZ,20250530,7.31,3.5881,5.77,1.4,10.7145,10.6472,1.8437,0.9404,0.969,1.4911,4.4596,91801.5389,91801.5389,57087.0307,671069.2494,671069.2494
603069.SH,20250530,18.84,3.2353,7.5439,2.07,,,7.5293,7.1097,7.6552,0.0,,31600.0,31600.0,13551.93,595344.0,595344.0
600976.SH,20250530,39.79,1.7613,2.4284,1.14,16.8528,16.3713,2.5354,1.7414,1.7811,3.0158,2.2619,15339.86,15329.86,11118.5986,610373.0294,609975.1294
300947.SZ,20250530,20.97,6.4169,10.6764,0.84,92.8146,115.9978,2.4953,2.5161,2.5457,0.0,,15113.7696,15108.8981,9081.0415,316935.7485,316833.5932
300846.SZ,20250530,17.75,7.2547,7.8619,1.16,,,9.8267,6.3781,6.4609,0.0,,50190.8216,39170.3819,36145.2965,890887.0834,695274.2787
000007.SZ,20250530,7.86,1.8108,2.9488,0.81,48.2631,47.3141,15.0424,8.862,7.5769,0.0,,34644.8044,34644.8044,21275.216,272308.1626,272308.1626
003816.SZ,20250530,3.67,0.2818,1.6469,0.82,17.1382,18.107,1.513,2.135,2.1144,2.5613,2.5613,5049861.11,3933498.61,672983.2225,18532990.2737,14435939.8987
000788.SZ,20250530,5.94,1.6863,2.556,1.05,25.6547,25.3618,2.2688,1.7185,1.7115,1.2795,1.2795,59598.7425,59598.7425,39320.3001,354016.5305,354016.5305
920931.BJ,20250530,17.0,7.4484,7.4484,0.48,40.7733,43.0554,3.9956,3.9826,4.1862,0.5882,0.5882,9393.0,2877.58,2877.58,159681.0,48918.86
002632.SZ,20250530,8.18,1.2601,2.7957,1.27,30.0654,29.0347,2.4382,3.5451,3.5021,5.2567,3.1785,62459.909,58080.0011,26177.3298,510922.0556,475094.409
301277.SZ,20250530,15.81,51.5651,51.5651,1.02,35.7011,35.5673,4.1671,8.5331,8.1387,1.2908,1.8072,39207.84,10101.84,10101.84,619875.9504,159710.0904
300142.SZ,20250530,10.33,1.4849,1.4849,1.0,116.2157,126.4262,1.7546,5.8556,6.1556,0.0968,0.0968,159934.8541,155941.0251,155941.0251,1652127.0429,1610870.7893
920508.BJ,20250530,32.8,3.0752,5.101,0.76,380.0997,552.8549,8.1897,20.3448,20.3541,0.6098,0.6098,5000.0,2603.75,1569.7242,164000.0,85403.0
002332.SZ,20250530,9.37,1.3506,1.7239,1.01,23.3367,23.7638,1.6156,2.3168,2.3342,3.2017,3.2017,98920.4866,98457.3711,77135.1903,926884.9594,922545.5672
002762.SZ,20250530,5.7,3.8349,4.9353,0.69,38.6945,40.7757,2.3318,8.9811,7.8443,0.8772,,35402.5,21137.8434,16424.9434,201794.25,120485.7074
603232.SH,20250530,14.99,9.7461,13.6811,0.86,96.1205,92.8488,2.5841,6.6853,6.7218,0.3922,0.3922,23605.0695,23130.0695,16477.2286,353839.9918,346719.7418
300025.SZ,20250530,7.19,4.7132,5.2485,1.46,,,6.4651,5.295,5.4887,0.0,,50879.2922,43177.3519,38773.3379,365822.1109,310445.1602
300605.SZ,20250530,14.74,19.5617,23.2409,3.42,,,5.1992,10.672,10.3145,0.2712,0.2712,16457.9499,11892.8013,10010.0988,242590.1815,175299.8912
300033.SZ,20250530,247.41,1.3309,1.8633,0.87,72.9502,72.2948,20.5261,31.7684,30.8162,0.8892,1.2126,53760.0,27550.5581,19679.3199,13300761.6,6816283.5795
301223.SZ,20250530,16.11,0.6621,1.4089,0.66,21.6658,21.9603,1.0499,1.1184,1.0609,1.8622,1.8622,19312.756,11201.506,5264.48,311128.4992,180456.2617
000655.SZ,20250530,6.93,0.7079,1.702,0.75,20.2277,17.8603,1.2105,2.6695,2.5448,2.7417,2.7417,59534.023,59534.023,24760.0085,412570.7794,412570.7794
605009.SH,20250530,60.6,1.3026,3.9434,0.73,24.1332,23.8341,2.7562,3.1925,2.9219,2.7992,2.7992,15432.1352,15400.1352,5086.9939,935187.3931,933248.1931
688458.SH,20250530,39.77,2.3682,2.5655,0.95,,,2.3784,10.9752,10.2058,0.1777,0.1777,11153.6629,8506.8541,7852.5812,443581.1735,338317.5876
603271.SH,20250530,35.08,3.8208,3.8208,0.99,21.6029,21.0017,2.5715,0.8508,0.8192,,,19672.0,3857.0371,3857.0371,690093.76,135304.8615
600674.SH,20250530,16.85,0.403,0.9878,1.57,18.2214,17.426,1.8846,51.0491,47.8899,2.3739,2.3739,487460.6828,487460.6828,198867.7861,8213712.5052,8213712.5052
603198.SH,20250530,40.4,1.2923,4.652,2.05,12.4823,12.903,3.0283,4.401,4.5737,3.2178,3.2178,80000.0,80000.0,22223.415,3232000.0,3232000.0
300796.SZ,20250530,11.2,16.6439,23.2348,2.42,,,2.3329,3.0452,2.8958,0.3571,,36114.2872,36114.2872,25869.9004,404480.0166,404480.0166
688506.SH,20250530,301.18,1.7235,2.3863,2.24,32.5753,,35.8226,20.7417,282.1575,,,40100.0,10289.112,7431.3429,12077318.0,3098874.7522
605007.SH,20250530,11.1,0.2717,1.2535,0.72,14.6296,18.0857,1.5938,0.6915,0.6685,1.6786,2.2523,47690.0681,40154.9828,8704.2745,529359.7559,445720.3091
601678.SH,20250530,4.13,1.2415,1.5157,0.98,38.7446,29.7249,0.7398,0.8305,0.7042,1.1916,1.4306,205683.6276,202983.6276,166255.9794,849473.382,838322.382
002235.SZ,20250530,5.48,8.7814,10.6073,2.07,112.8127,121.4183,4.2434,9.2321,8.9453,0.0,,57957.2284,55357.8302,45828.5245,317605.6116,303360.9095
002688.SZ,20250530,6.27,5.9601,9.303,0.88,48.2846,45.5681,2.1009,2.0409,1.9538,1.575,1.575,77163.4398,74506.3867,47734.0796,483814.7675,467155.0446
300506.SZ,20250530,4.15,3.5283,4.9688,1.4,,,36.1745,24.6955,24.4303,0.0,,69559.6569,57572.545,40880.9749,288672.5761,238926.0618
688129.SH,20250530,23.02,0.5525,1.5884,0.66,32.7266,32.2407,3.1379,4.6415,4.5509,1.1046,1.1046,12047.88,12047.88,4190.88,277342.1976,277342.1976
300018.SZ,20250530,7.2,2.6232,3.1346,0.96,45.398,37.084,2.6996,6.3111,6.1125,0.688,0.9632,48533.5536,38557.5539,32267.2589,349441.5859,277614.3881
601858.SH,20250530,20.25,1.8945,10.3304,1.29,36.9718,36.687,2.9556,5.4117,5.4463,1.284,1.284,79050.0,79050.0,14497.065,1600762.5,1600762.5
001313.SZ,20250530,7.91,0.777,2.4917,1.32,,,2.1685,0.9366,0.9239,0.6226,0.6226,70000.0,69913.2701,21802.2701,553700.0,553013.9665
000702.SZ,20250530,6.9,4.8226,6.4417,1.01,,,6.7855,2.1337,2.0355,0.0,,34662.4948,26663.4576,19961.696,239171.2141,183977.8574
001387.SZ,20250530,13.38,3.5301,5.6288,2.05,23.9919,23.6533,1.9869,1.2586,1.2554,1.9545,2.5352,18303.84,11391.0333,7143.9333,244905.3792,152412.0256
301007.SZ,20250530,24.52,13.5447,16.2729,0.67,69.6535,72.5137,5.7094,5.4456,5.5904,0.938,0.938,15334.0,15299.35,12734.35,375989.68,375140.062
300622.SZ,20250530,39.25,4.2165,4.9639,0.56,66.3704,63.2326,8.7058,5.7181,5.5779,1.9281,2.2085,17523.2231,11901.0013,10109.0552,687786.5067,467114.301
002829.SZ,20250530,20.06,19.9993,23.2751,1.65,,,2.4974,9.8572,8.9518,0.0,,20780.9394,14606.2364,12550.5131,416865.6444,293001.1022
300229.SZ,20250530,17.13,2.3989,3.4453,0.68,,,3.648,19.2593,20.677,0.1594,0.1594,87362.0932,87303.0233,60788.3657,1496512.6565,1495500.7891
920455.BJ,20250530,10.79,1.4516,2.5201,0.95,55.0091,65.9455,5.3811,13.536,13.1372,1.2975,1.2975,17745.0,9292.8457,5352.5309,191468.55,100269.8051
300360.SZ,20250530,15.46,1.0821,1.6457,1.08,11.96,10.9275,2.0291,3.9182,3.9862,4.4972,3.881,51418.7126,50019.4887,32888.1152,794933.2968,773301.2953
601789.SH,20250530,5.27,2.655,3.6304,0.81,18.5752,19.1241,1.2566,0.272,0.2801,1.8975,1.8975,108679.859,108679.859,79479.859,572742.8569,572742.8569
300115.SZ,20250530,20.15,2.267,3.376,0.83,35.4161,42.8824,3.4329,1.6136,1.5713,0.0,0.6452,135605.6507,135213.4535,90794.6424,2732453.8616,2724551.088
300859.SZ,20250530,36.1,2.7058,5.0616,0.93,64.678,81.2367,8.2109,18.4237,18.4311,0.831,0.831,15500.0,15500.0,8285.9279,559550.0,559550.0
688551.SH,20250530,29.17,1.56,3.366,1.44,49.9989,47.9792,1.8664,5.1275,5.1713,2.0504,,8407.0709,8407.0709,3896.2982,245234.2582,245234.2582
688380.SH,20250530,26.0,1.587,1.587,0.66,76.0739,73.0866,3.4378,11.4182,11.4049,0.9597,0.9597,40036.5,14778.0,14778.0,1040949.0,384228.0
688722.SH,20250530,21.1,2.4276,4.9641,0.64,36.4098,30.3775,3.4239,7.3001,5.9941,0.4265,,22466.67,22410.52,10959.52,474046.737,472861.972
601336.SH,20250530,50.3,0.4525,1.3431,0.81,5.9824,5.7754,1.9651,1.1838,1.125,2.7634,2.7634,311954.66,208543.934,70249.7025,15691319.398,10489759.8802
601615.SH,20250530,10.05,0.8552,1.1336,0.96,65.9566,66.3636,0.8595,0.8406,0.7664,2.8647,2.8647,227149.6706,227149.6706,171358.2269,2282854.1895,2282854.1895
000727.SZ,20250530,2.33,1.3519,2.5527,1.14,112.8674,,3.7144,0.1911,0.193,0.0,,452956.698,452956.698,239895.4182,1055389.1063,1055389.1063
600114.SH,20250530,18.99,1.9098,2.5055,0.96,29.4836,27.3784,4.2848,2.2759,2.1281,1.0532,1.5798,61638.3477,61638.3477,46983.7261,1170512.2228,1170512.2228
002285.SZ,20250530,2.26,1.5173,2.8719,1.16,,,1.5899,1.8424,1.8708,0.0,,199282.9038,197579.1576,104390.0093,450379.3626,446528.8962
002882.SZ,20250530,23.44,23.6715,50.9988,0.85,72.4098,71.8662,4.6618,2.761,2.6095,0.8532,,43290.0,24680.715,11455.7308,1014717.6,578515.9596
600611.SH,20250530,6.66,10.5463,15.1241,1.06,74.4223,100.2036,1.6309,5.9308,6.3752,0.7508,0.7508,236412.2864,156331.6364,109013.029,1574505.8274,1041168.6984
002506.SZ,20250530,2.2,0.9303,1.3145,0.87,188.4601,,6.0247,0.7925,0.7825,0.0,,585031.6427,584443.7402,413626.5257,1287069.6139,1285776.2284
002109.SZ,20250530,3.31,0.6517,1.5237,1.26,,,0.9585,1.0225,1.0397,0.0,,127626.9851,127626.9851,54583.9807,422445.3207,422445.3207
601188.SH,20250530,3.48,1.0272,2.8389,0.76,30.0481,27.8489,0.984,5.4041,5.4479,1.8245,1.8245,131587.8571,131587.8571,47614.0,457925.7427,457925.7427
300983.SZ,20250530,19.78,1.5769,4.3176,2.1,,,1.1985,15.9733,15.4235,0.2247,,17280.0,11828.2465,4320.0,341798.4,233962.7158
301122.SZ,20250530,20.21,2.6108,6.1051,1.29,46.5325,69.1489,1.3818,6.3692,7.0594,1.9792,1.237,12224.5658,6733.8533,2879.7185,247058.4748,136091.1752
002010.SZ,20250530,5.62,4.3716,10.5078,5.09,103.3149,87.7545,0.8753,0.5869,0.595,1.7641,1.7641,278797.0508,278076.9606,115689.4221,1566839.4255,1562792.5186
601611.SH,20250530,9.08,1.174,3.5593,0.54,13.2571,13.2934,1.2852,0.241,0.2399,0.9574,0.9574,301383.4212,301383.4212,99407.5324,2736561.4645,2736561.4645
600693.SH,20250530,6.31,2.6601,7.1989,0.72,126.2147,120.8799,1.5441,3.0229,3.0181,1.4263,1.4263,86984.6246,86895.2782,32109.3183,548872.9812,548309.2054
002940.SZ,20250530,15.06,3.3429,5.7101,1.05,37.8172,44.6624,1.9627,1.9755,2.0591,1.3805,1.3805,20172.8186,18527.5467,10846.5886,303802.6481,279024.8533
000039.SZ,20250530,7.73,1.2393,1.6056,0.84,14.024,12.1439,0.865,0.2346,0.23,0.2816,0.2816,539252.0385,230140.7141,177640.7141,4168418.2576,1778987.72
002508.SZ,20250530,19.79,0.5643,1.1887,0.94,11.8552,12.3109,1.6223,1.6678,1.6921,7.5729,2.5244,94493.8916,93355.1787,44316.1702,1870034.1148,1847498.9865
603020.SH,20250530,8.78,1.2893,1.9537,0.84,21.1523,21.4053,1.0213,1.2538,1.3226,1.1164,1.1164,38323.7774,38323.7774,25290.3508,336482.7656,336482.7656
300515.SZ,20250530,17.64,10.8389,19.7553,3.74,25.3394,23.8787,4.345,6.2949,6.1171,0.802,,20575.45,18026.7265,9890.4965,362950.938,317991.4555
688562.SH,20250530,17.1,1.5045,1.725,0.77,,,4.0415,5.8818,5.9476,0.2632,0.2632,40000.0,17302.0,15091.0,684000.0,295864.2
301338.SZ,20250530,37.1,12.4852,12.4852,1.52,55.9792,42.4659,2.6333,4.6083,4.3925,0.4313,,10640.0,3430.0,3430.0,394744.0,127253.0
000911.SZ,20250530,7.58,1.4311,3.0585,0.88,110.9938,103.9176,23.1625,0.9332,0.9945,0.0,,40031.9818,40031.9818,18731.2137,303442.422,303442.422
601555.SH,20250530,7.97,0.6351,0.8861,1.21,16.736,13.7033,0.9356,3.4335,3.1936,3.2999,3.2999,496870.2837,496870.2837,356109.0216,3960056.1611,3960056.1611
002980.SZ,20250530,27.71,3.0722,5.2584,1.22,27.0719,26.7405,3.3171,4.6408,4.4198,2.1213,2.1213,13523.74,7183.34,4196.91,374742.8354,199050.3514
600425.SH,20250530,3.7,0.6898,0.973,0.83,16.7881,19.0209,0.9632,1.3718,1.389,2.7027,2.7027,160470.3707,137879.0086,97742.244,593740.3716,510152.3318
002606.SZ,20250530,8.43,2.2014,3.1147,1.11,17.5326,16.7873,2.143,2.4741,2.3904,0.787,0.8693,43907.322,42114.2055,29765.3746,370138.7245,355022.7524
920703.BJ,20250530,25.54,3.9924,6.2075,0.72,17.8352,21.1201,2.5091,5.0827,6.2187,1.9577,,10766.0,5447.5105,3503.6045,274963.64,139129.4182
002543.SZ,20250530,11.59,0.3496,1.0001,0.89,13.1052,12.8454,1.7458,1.1738,1.1255,5.1267,5.1267,74360.0,66161.1003,23130.3926,861832.4,766807.1525
002642.SZ,20250530,7.44,2.8404,3.5969,1.0,175.123,207.0228,4.2061,2.4348,2.7447,0.0,,66158.0313,66158.0313,52243.3661,492215.7529,492215.7529
688123.SH,20250530,72.32,1.0145,1.5272,0.64,39.3942,33.7653,5.0439,11.1205,10.9728,0.2752,0.4148,15811.5819,15811.5819,10503.1758,1143493.603,1143493.603
688777.SH,20250530,44.1,0.796,1.0341,0.91,31.2135,31.9378,3.5322,3.8152,3.8708,1.5814,1.6,79059.1256,78262.3493,60243.2524,3486507.439,3451369.6041
301339.SZ,20250530,16.18,12.324,12.324,1.05,44.7785,44.2421,3.5573,10.4854,10.343,1.3003,1.4127,58033.332,16806.0869,16806.0869,938979.3118,271922.486
603808.SH,20250530,7.66,1.0659,2.4054,0.9,,,1.1152,0.9313,0.9496,3.0877,3.0877,36909.2878,36909.2878,16355.0864,282725.1445,282725.1445
688280.SH,20250530,7.34,10.5896,18.955,1.47,,,6.8846,3.32,3.0211,,,59022.1667,52054.4145,29081.3619,433222.7036,382079.4024
600048.SH,20250530,8.13,0.4417,0.7452,1.09,19.4593,20.5821,0.5004,0.3123,0.3078,4.9988,4.9988,1197044.3418,1197044.3418,709550.0956,9731970.4988,9731970.4988
000881.SZ,20250530,7.76,5.858,9.6757,0.67,,,1.4201,1.1894,1.2393,0.0,,94542.5815,79034.4031,47850.1691,733650.4324,613306.9681
300335.SZ,20250530,5.18,3.0971,3.4016,0.82,50.9085,41.9395,1.3066,2.2149,2.1651,2.3166,1.9305,47701.2388,38416.1164,34977.2651,247092.417,198995.483
300811.SZ,20250530,41.43,0.9357,1.4907,1.07,31.8087,31.62,4.4382,7.1868,6.9842,0.335,0.335,28846.7676,22957.9609,14411.5891,1195121.5817,951148.3201
601020.SH,20250530,16.39,1.6708,2.2325,0.62,53.0519,51.5275,3.9446,8.3276,8.2558,0.1699,0.1699,81996.4698,81996.4698,61366.5418,1343922.14,1343922.14
603578.SH,20250530,13.61,1.1,2.5353,1.03,,,2.3956,2.4172,2.1662,0.9552,0.9552,18035.7032,18035.7032,7825.5032,245465.9206,245465.9206
000838.SZ,20250530,2.57,2.6385,3.9632,0.77,,,6.6491,3.4137,5.0535,0.0,,110046.217,105376.5855,70154.1376,282818.7777,270817.8247
603052.SH,20250530,36.5,2.5303,2.5303,1.1,74.1154,87.6755,4.4484,6.2889,5.956,0.9785,0.9785,13484.8,4096.4,4096.4,492195.2,149518.6
300525.SZ,20250530,14.89,1.7761,2.0816,1.1,37.3406,38.2513,4.5067,5.2699,5.2774,1.2513,1.0606,75821.0292,62186.2242,53059.0374,1128975.1248,925952.8783
300763.SZ,20250530,51.09,1.1221,1.6897,0.72,29.5185,23.5704,2.4193,3.1185,3.062,0.3921,0.3908,39933.3395,32150.9105,21349.6776,2040194.3151,1642590.0174
000088.SZ,20250530,4.66,0.4441,1.0331,0.56,17.9568,17.2457,1.3326,30.5325,31.6464,3.2192,,519948.3346,316289.4468,135970.4341,2422959.2392,1473908.8221
300548.SZ,20250530,47.48,8.1171,10.7321,0.92,190.3474,84.815,8.2152,7.8505,6.9526,0.1666,0.1666,28892.8778,26692.8778,20188.9621,1371833.8379,1267377.8379
001336.SZ,20250530,20.72,6.6169,8.0184,0.58,58.7793,72.0064,2.119,4.1452,5.0069,0.6239,0.6239,8037.35,2855.726,2356.5682,166533.892,59170.6427
002072.SZ,20250530,4.85,1.8407,2.7752,0.99,,,36.4842,2.8436,2.8827,0.0,,36768.0,31436.085,20850.9337,178324.8,152465.0123
000155.SZ,20250530,10.09,0.7992,1.3201,1.27,25.6268,33.9924,1.7717,6.0978,6.4497,1.5857,1.5857,184616.8342,184616.8342,111765.2937,1862783.8571,1862783.8571
600327.SH,20250530,4.79,2.2806,4.1245,0.88,97.1194,75.1285,1.2483,1.1635,1.1917,1.237,1.237,88477.9518,88477.9518,48922.7146,423809.3891,423809.3891
600859.SH,20250530,14.0,2.1275,3.1835,1.16,58.5867,128.5762,0.8054,1.3837,1.4242,1.4371,1.4371,112393.1424,112382.8064,75105.1668,1573503.9936,1573359.2896
601718.SH,20250530,2.72,0.5863,1.1714,0.9,,,0.9471,1.2083,1.3401,1.1029,1.1029,439162.9404,439162.9404,219811.6813,1194523.1979,1194523.1979
002311.SZ,20250530,60.61,0.7809,1.7265,1.47,22.389,20.4724,4.1081,0.8799,0.8615,0.8249,0.8249,166374.997,166252.1303,75193.1944,10083988.5682,10076541.6175
688001.SH,20250530,23.97,0.4438,2.3339,1.25,,,3.2297,5.8575,5.906,0.7012,0.7012,44537.7843,44537.7843,8470.0015,1067570.6897,1067570.6897
600266.SH,20250530,4.36,0.7616,1.3976,0.8,,,0.4778,0.3557,0.2936,2.2936,2.2936,207574.3507,207574.3507,113108.0246,905024.1691,905024.1691
688750.SH,20250530,18.7,3.7826,3.7826,1.02,57.0067,69.2999,3.5274,10.6985,11.6987,,,46250.0,8325.0,8325.0,864875.0,155677.5
603655.SH,20250530,25.42,3.2968,10.1883,1.04,96.4992,81.4202,4.8759,11.6459,10.9956,0.4678,0.4678,10600.0,10600.0,3430.0,269452.0,269452.0
603267.SH,20250530,46.45,1.631,2.6334,0.78,69.8159,75.8513,2.5221,7.1951,7.02,0.7528,0.3652,23108.0892,23108.0892,14312.5148,1073370.7433,1073370.7433
603008.SH,20250530,17.22,1.32,2.0641,0.88,19.8418,20.0269,1.7265,0.7327,0.7353,2.9626,2.9626,37144.148,37144.148,23753.1246,639622.2286,639622.2286
920118.BJ,20250530,27.69,1.9667,1.9667,0.86,19.9872,23.927,2.3669,0.884,0.9093,,,5089.6,2196.4,2196.4,140931.024,60818.316
301359.SZ,20250530,18.74,4.5077,4.5229,0.87,49.1197,48.1394,2.7298,7.0895,6.8816,1.9058,1.9058,12017.6,3655.1453,3642.8953,225209.824,68497.4229
603153.SH,20250530,17.09,1.2379,2.3537,1.06,20.4466,21.2238,1.9316,1.6872,1.6253,1.4043,1.4043,40986.1106,13500.0,7100.0,700452.6302,230715.0
002555.SZ,20250530,14.67,1.9896,2.2624,1.37,12.1411,12.4531,2.6674,1.8608,1.9165,6.778,6.778,221223.7681,159896.7293,140614.2273,3245352.678,2345685.0188
300830.SZ,20250530,8.35,2.3693,2.9097,0.97,311.6024,200.273,3.0073,8.1702,8.2851,0.2784,0.2784,43012.8079,31557.2104,25696.3979,359156.946,263502.7068
002811.SZ,20250530,10.64,13.0598,30.388,0.57,34.3401,41.5179,2.6632,2.7605,2.6623,3.2254,3.4419,30797.0005,28311.675,12167.4539,327680.0853,301236.222
301499.SZ,20250530,25.96,8.6073,8.6073,0.69,79.2237,75.5629,2.8162,4.2567,4.114,0.6471,0.6471,13825.4866,3456.3717,3456.3717,358909.6321,89727.4093
002667.SZ,20250530,12.42,2.3134,2.9392,0.76,,,8.8391,5.6512,6.1873,0.0,,24237.1,23566.6,18548.4007,301024.782,292697.172
002523.SZ,20250530,3.64,2.4522,3.4627,0.92,97.7475,73.0925,2.0612,2.781,2.684,0.4121,0.4121,141664.08,141154.2683,99963.8717,515657.2512,513801.5366
600272.SH,20250530,13.7,2.7182,4.9026,0.77,95.1196,168.8404,5.3109,3.0433,2.9482,0.3577,0.3577,24300.0,16000.0,8871.0217,332910.0,219200.0
600969.SH,20250530,7.21,3.09,4.413,0.96,,,0.7485,0.6217,0.6217,0.0,,37005.0484,37005.0484,25911.3429,266806.399,266806.399
300439.SZ,20250530,10.29,1.5049,1.9808,1.0,15.3282,18.8948,1.3303,2.2696,2.4188,1.301,1.301,38431.8815,29275.7051,22241.7258,395464.0606,301247.0055
600022.SH,20250530,1.32,0.2383,0.5755,1.0,,,0.7552,0.172,0.1799,0.0,,1069884.9554,1069884.9554,442963.5979,1412248.1411,1412248.1411
688146.SH,20250530,28.27,0.8568,0.8568,1.0,49.2434,49.8424,2.6715,7.76,7.4492,0.6721,0.6721,52941.1765,14497.0842,14497.0842,1496647.0597,409832.5703
688698.SH,20250530,46.5,0.9817,2.5097,0.74,40.1137,39.6278,4.5583,5.9926,5.7829,0.9033,0.3044,21137.5274,21137.5274,8268.2094,982895.0241,982895.0241
603363.SH,20250530,3.75,2.5303,4.3034,1.79,16.8485,8.9579,3.337,1.1139,1.1995,0.0,,260296.1826,159796.1826,93957.244,976110.6848,599235.6848
300007.SZ,20250530,34.88,6.3515,7.0593,1.06,148.9471,144.3355,4.0199,5.1271,5.1061,0.3727,0.2007,32744.5619,28297.4451,25460.036,1142130.3191,987014.8851
300780.SZ,20250530,15.03,5.6229,7.0735,2.01,,,2.1162,4.3101,4.2597,0.0,,14667.0,10487.3449,8336.594,220445.01,157624.7938
300365.SZ,20250530,6.09,2.4076,2.566,1.15,,,1.9521,3.819,3.3666,0.2463,0.2463,59985.5469,47429.7617,44501.3479,365311.9806,288847.2488
300948.SZ,20250530,10.15,1.4418,2.7066,0.83,,,1.852,9.7827,10.5587,0.5845,0.5845,14003.0433,13080.5996,6968.0433,142130.8895,132768.0859
920454.BJ,20250530,16.55,7.3169,11.8539,1.32,75.9372,66.337,5.6565,13.0549,12.1028,0.6042,0.9668,10510.0,6317.9125,3899.8,173940.5,104561.4519
605299.SH,20250530,8.59,0.8814,3.2058,1.15,39.0764,41.6275,2.9331,2.4909,2.491,3.469,2.3271,41092.9449,41092.9449,11298.1633,352988.3967,352988.3967
300663.SZ,20250530,17.88,10.1422,11.0638,1.46,,,11.3081,10.1531,11.1194,0.0,,47844.8179,44158.8796,40480.6185,855465.3441,789560.7672
688597.SH,20250530,10.48,1.1289,1.5633,0.99,23.2621,20.7831,3.2227,2.7545,2.6373,0.4417,0.4417,24710.1384,24710.1384,17843.7999,258962.2504,258962.2504
301489.SZ,20250530,73.32,8.7685,8.9915,0.92,80.6238,70.1258,4.0215,6.4456,5.6785,0.3464,0.3464,5768.1334,3400.0466,3315.7101,422919.5409,249291.4167
600035.SH,20250530,4.55,0.9858,2.1414,1.17,9.5436,9.5946,0.8225,1.6698,1.5856,4.1758,4.1758,161011.5901,161011.5901,74122.5182,732602.735,732602.735
300293.SZ,20250530,20.8,4.2865,7.0303,1.04,,,7.9539,5.1674,5.2555,0.0,,33843.8106,28033.5917,17092.4617,703951.2605,583098.7074
002970.SZ,20250530,49.77,2.1705,3.2095,0.79,30.6154,26.299,4.8902,3.1969,3.1823,1.5579,0.5939,17840.4741,12100.7564,8183.3911,887920.396,602254.646
600183.SH,20250530,26.2,0.6863,1.4015,0.86,36.608,33.3202,4.4993,3.1218,2.9499,1.6717,2.2901,242936.053,237133.8882,116131.73,6364924.5886,6212907.8708
688216.SH,20250530,19.06,0.7686,1.8732,0.86,,,3.2766,3.0627,3.0262,,,10710.85,10635.316,4363.7762,204148.801,202709.123
600470.SH,20250530,5.8,4.3455,5.8324,0.71,120.1679,,1.7134,0.484,0.4524,0.0,,52160.0,52160.0,38862.8256,302528.0,302528.0
301368.SZ,20250530,59.0,5.6058,5.6058,0.95,421.8967,467.9077,7.2315,14.0401,13.558,0.1441,0.1441,12010.0,6412.144,6412.144,708590.0,378316.496
600847.SH,20250530,10.07,1.279,1.8145,0.87,,,2.8662,2.6712,2.67,0.0,,15328.74,15328.74,10804.3383,154360.4118,154360.4118
300414.SZ,20250530,8.23,1.2463,2.216,1.05,328.859,339.5967,2.7266,6.2944,6.1551,0.1823,0.1823,32601.9466,31353.983,17634.0413,268314.0205,258043.2801
000415.SZ,20250530,3.28,0.8957,1.2897,0.8,22.4409,17.1236,0.6407,0.5278,0.4318,0.0,,618452.1282,539295.5733,374536.9497,2028522.9805,1768889.4804
000429.SZ,20250530,14.24,0.8826,2.3106,1.41,19.0594,16.5507,2.683,6.515,6.6231,3.8413,3.8413,209080.6126,130332.9006,49783.9054,2977307.9234,1855940.5045
601952.SH,20250530,9.77,0.7114,2.2125,1.51,18.4412,19.7024,1.938,1.2332,1.2566,3.6847,3.6847,137800.0,137800.0,44310.3574,1346306.0,1346306.0
300192.SZ,20250530,15.13,3.391,5.318,0.6,34.3299,34.9985,5.2872,6.263,6.2966,2.7759,3.4369,32914.3329,32313.5829,20604.5832,497993.8568,488904.5093
300693.SZ,20250530,28.48,4.8968,5.5385,1.46,20.7668,20.4546,5.0539,2.9341,2.9291,1.1496,1.7514,31279.5823,26749.3993,23649.9799,890842.5039,761822.8921
301292.SZ,20250530,14.71,1.7432,1.7432,0.63,,,1.1534,0.9067,0.844,0.0,,22279.5778,8511.9956,8511.9956,327732.5894,125211.4553
688110.SH,20250530,31.28,1.872,3.0877,0.58,,,4.3865,21.5828,20.4347,,,44224.9758,44224.9758,26812.5196,1383357.243,1383357.243
002005.SZ,20250530,1.83,0.9578,1.5332,1.84,,,16.4514,4.3492,4.3653,0.0,,175242.4858,175199.3158,109452.0915,320693.749,320614.7479
002151.SZ,20250530,27.8,2.9695,3.2102,1.77,,,2.9739,10.0742,9.8239,0.5352,0.5352,54295.9091,44164.5232,40853.7467,1509426.273,1227773.745
300393.SZ,20250530,5.22,0.9321,1.165,1.03,,,1.7593,0.933,0.8835,2.6437,2.6437,108962.7358,95406.8487,76330.7088,568785.4809,498023.7502
300675.SZ,20250530,14.57,3.1774,6.2142,2.03,889.8637,,3.7513,5.7407,6.0031,0.2745,0.2745,14666.67,14666.67,7499.2957,213693.3819,213693.3819
002859.SZ,20250530,18.76,0.8768,1.8826,0.57,39.9855,44.2741,2.8631,4.449,4.3279,1.6909,1.2646,43091.2747,40558.5984,18888.5663,808392.3134,760879.306
000557.SZ,20250530,5.22,0.4925,0.9422,1.12,28.9448,31.1418,1.2318,5.6587,5.7008,0.0,,145837.4735,145791.6198,76206.9067,761271.6117,761032.2554
688500.SH,20250530,30.78,2.2504,3.3788,1.35,,,3.159,5.1486,5.0806,,,7427.451,7427.451,4946.8695,228616.9418,228616.9418
002255.SZ,20250530,9.67,20.049,21.0876,0.88,21.2979,19.8102,1.904,2.8811,2.8796,0.0,,83088.1055,63797.2243,60655.1205,803461.9802,616919.159
002059.SZ,20250530,5.08,0.8822,1.98,1.33,,,3.7452,9.2332,10.7448,0.0,,101243.4813,101243.4813,45107.2907,514316.885,514316.885
300649.SZ,20250530,11.6,1.6597,2.2286,0.61,,,3.1739,7.3454,8.787,0.5172,0.431,13241.6609,10611.6814,7902.5499,153603.2664,123095.5042
920132.BJ,20250530,23.81,17.1818,19.7699,1.62,92.9264,137.4173,7.688,6.6759,7.9298,0.54,0.378,8282.4,2812.3225,2444.1546,197203.944,66961.3987
688418.SH,20250530,28.19,1.3243,1.9336,0.85,198.9233,242.8711,5.9139,5.7351,5.805,,,19361.0,19361.0,13260.7538,545786.59,545786.59
605008.SH,20250530,15.88,0.6455,3.6702,1.36,108.8683,772.8077,5.1764,2.823,2.8651,1.9424,1.9424,64596.2414,64238.0414,11298.8249,1025788.3134,1020100.0974
603777.SH,20250530,13.96,5.2743,14.1757,0.57,,,2.6935,1.3851,1.3905,0.3677,0.3677,33442.4166,33442.4166,12442.8666,466856.1357,466856.1357
000596.SZ,20250530,150.55,0.6116,1.8214,1.43,14.424,13.7653,3.0074,3.3752,3.2565,2.989,3.6533,52860.0,40860.0,13719.5978,7958073.0,6151473.0
600195.SH,20250530,6.97,1.0397,2.1217,0.87,100.4085,121.9372,1.278,1.1828,1.1571,1.7073,1.7073,102114.826,102114.826,50037.0567,711740.3372,711740.3372
600456.SH,20250530,29.33,1.135,2.173,1.03,24.3096,28.1126,1.9909,2.1051,2.2295,1.1933,1.1933,47777.7539,47777.7539,24955.0241,1401321.5219,1401321.5219
300680.SZ,20250530,40.44,5.2003,5.7676,0.7,41.6407,40.5548,4.7836,3.8971,3.8332,0.4887,0.4887,23102.4278,17253.8539,15556.6743,934262.1802,697745.8517
603213.SH,20250530,9.79,0.8649,3.5405,0.65,22.277,23.7838,2.4166,1.4683,1.3768,2.8805,2.7068,43480.5755,43480.5755,10621.4635,425674.8341,425674.8341
301567.SZ,20250530,37.05,2.315,2.315,0.87,70.3882,70.9359,3.6139,6.6357,6.7712,0.7557,0.4858,7200.0,2123.985,2123.985,266760.0,78693.6443
000895.SZ,20250530,24.35,0.4161,1.4029,1.38,16.9099,17.3784,4.2919,1.4164,1.4164,5.5852,5.7906,346466.1213,346412.3744,102739.638,8436450.0537,8435141.3166
603882.SH,20250530,29.02,0.8793,1.4746,0.75,,,1.9518,1.8699,1.9727,3.0324,6.0648,46325.8275,46013.4577,27439.3749,1344375.5141,1335310.5425
000590.SZ,20250530,9.77,4.4897,8.2377,1.39,,,4.0201,6.817,7.0612,0.0,,23947.1267,23937.1427,13046.2677,233963.4279,233865.8842
301380.SZ,20250530,47.37,3.509,3.509,1.0,49.9115,46.6899,4.4602,3.3572,3.1374,1.2033,,6992.5816,3015.6897,3015.6897,331238.5904,142853.2211
600219.SH,20250530,3.75,0.8151,1.5035,1.35,9.0169,7.664,0.857,1.3009,1.2361,5.3586,4.5314,1161367.0848,1161367.0848,629664.9162,4355126.568,4355126.568
000731.SZ,20250530,6.85,0.5437,0.6241,0.62,14.087,20.8285,0.916,0.8405,0.8315,4.0078,4.0078,55882.9131,55882.9131,48677.5579,382797.9547,382797.9547
688046.SH,20250530,12.36,1.5678,3.5973,1.47,46.1447,45.9352,2.344,7.3782,7.2332,1.5315,1.5315,41000.0,41000.0,17868.8872,506760.0,506760.0
000818.SZ,20250530,22.1,3.0149,4.0923,0.87,,,6.5262,3.5979,4.1527,0.2247,,67915.6,67736.74,49903.52,1500934.76,1496981.954
603155.SH,20250530,13.69,0.7327,2.8938,1.11,37.8025,38.6179,1.8834,5.9998,6.1592,2.1914,2.1914,31578.68,31578.68,7996.1699,432312.1292,432312.1292
301327.SZ,20250530,48.5,2.0305,2.0305,1.35,35.3076,28.6103,1.3753,2.3457,2.2631,0.4148,2.1002,17438.1356,4814.9188,4814.9188,845749.5766,233523.5618
002080.SZ,20250530,16.83,1.462,3.6768,0.98,31.6671,27.2161,1.5266,1.1776,1.127,3.3274,1.3369,167812.3584,167812.3584,66724.898,2824281.9919,2824281.9919
300715.SZ,20250530,9.6,0.8169,1.759,1.01,,,2.0269,1.5249,1.566,1.3299,,37805.543,33415.8876,15519.2305,362933.2128,320792.521
603968.SH,20250530,10.91,1.3365,2.5874,0.61,,,1.2422,0.7661,0.7739,2.5665,2.5665,20738.1,20448.0,10562.2894,226252.671,223087.68
688081.SH,20250530,18.9,1.3036,2.8244,0.83,,,4.6828,12.7289,12.6988,,,10304.0,10304.0,4755.7809,194745.6,194745.6
600876.SH,20250530,9.68,0.4511,1.1721,0.81,,,1.6059,1.3604,1.5438,0.0,,64567.4963,39567.4963,15227.474,625013.3642,383013.3642
300990.SZ,20250530,44.87,1.8451,3.33,0.76,49.5408,36.161,4.0592,3.5188,3.0907,1.1083,1.1143,16939.888,7738.387,4287.787,760092.7746,347221.4247
603633.SH,20250530,7.89,2.3685,3.8422,2.02,45.8196,50.1618,1.7209,2.2977,2.2688,0.6464,0.6464,42681.0818,42681.0818,26310.2274,336753.7354,336753.7354
001323.SZ,20250530,30.35,0.7228,0.7228,0.69,15.8215,16.3149,2.6107,2.1668,2.1982,5.7169,5.7169,40001.0,7793.5,7793.5,1214030.35,236532.725
000404.SZ,20250530,6.88,1.4062,2.0305,0.95,10.636,10.1741,1.1357,0.4002,0.3954,3.6337,3.6337,69599.5979,69272.8247,47973.3275,478845.2336,476597.0339
002052.SZ,20250530,9.14,2.6059,3.9563,1.61,97.9475,34.1817,32.0309,11.374,7.82,0.0,,74595.9694,72308.4512,47627.6031,681807.1603,660899.244
002034.SZ,20250530,17.41,0.8852,1.8891,0.62,13.4713,13.0239,1.1241,2.3812,2.3174,2.8422,2.8422,43398.4068,43183.028,20234.5188,755566.2624,751816.5175
300814.SZ,20250530,26.88,1.4702,4.2367,1.18,135.0766,140.3044,3.1516,3.539,3.3539,0.3861,0.3861,19143.0132,19143.0132,6643.0132,514564.1948,514564.1948
000065.SZ,20250530,10.4,1.2697,2.4077,1.09,10.6168,11.5766,1.1235,0.584,0.629,0.8273,0.8273,107138.5874,97496.2288,51416.3105,1114241.309,1013960.7795
603043.SH,20250530,16.11,0.8901,2.7235,1.15,18.5537,19.3275,2.5063,1.7883,1.7766,2.9795,2.9795,56877.0805,56877.0805,18588.6261,916289.7669,916289.7669
301227.SZ,20250530,17.91,4.6218,4.7559,1.23,,,1.0301,3.0105,3.1481,2.6936,,9523.05,3393.4925,3297.81,170557.8255,60777.4507
603188.SH,20250530,4.0,1.8884,2.6839,0.84,,,3.0412,3.2524,3.2804,0.0,,57017.0,57017.0,40117.0,228068.0,228068.0
300032.SZ,20250530,4.96,4.2752,5.1193,0.73,,,5.8784,2.6675,2.5439,0.0,,80316.9608,80316.7608,67074.0895,398372.1256,398371.1336
688755.SH,20250530,48.92,21.6799,21.6799,0.72,54.2608,50.8186,3.6293,6.2311,5.9934,,,8800.0,1654.0747,1654.0747,430496.0,80917.3343
603978.SH,20250530,14.16,1.3439,2.1417,0.99,,,1.7237,1.1661,1.0662,0.0,,21109.4299,21109.4299,13246.7285,298909.5274,298909.5274
002272.SZ,20250530,9.97,7.1445,7.7374,0.83,,,3.2532,3.0272,2.977,0.5015,0.5015,48487.73,38670.3348,35707.1428,483422.6681,385543.238
601668.SH,20250530,5.68,0.386,0.9124,1.34,5.0815,5.0714,0.5012,0.1073,0.107,4.8137,4.8137,4132039.0444,4132039.0444,1747894.7919,23469981.7722,23469981.7722
002297.SZ,20250530,7.24,4.2279,6.0755,0.72,,,2.0215,5.823,5.3937,0.0,,57310.4819,57310.4819,39882.396,414927.889,414927.889
601163.SH,20250530,13.84,0.2718,0.7715,0.98,10.0411,11.3601,0.8135,1.0902,1.1056,4.841,4.841,80000.0,80000.0,28183.215,1107200.0,1107200.0
688031.SH,20250530,45.38,2.3793,2.8709,0.98,,,5.3466,14.7967,14.7324,,,12112.9516,9396.6144,7787.5587,549685.7436,426418.3615
000417.SZ,20250530,5.58,1.2468,2.0125,0.9,22.835,27.0917,0.9108,0.6185,0.6072,1.9713,1.9713,77988.42,77902.7451,48263.6984,435175.3836,434697.3177
688143.SH,20250530,31.71,1.6105,1.8505,1.26,216.2872,195.5074,3.2873,11.7322,11.441,,,12237.4426,9452.2576,8226.5468,388049.3048,299731.0885
003032.SZ,20250530,6.08,1.8788,2.666,0.94,,,1.9511,9.9603,9.16,0.2632,0.2632,40244.75,27436.1385,19334.8808,244688.08,166811.7221
600020.SH,20250530,5.03,0.5912,1.8573,1.04,12.8401,11.8718,0.9615,1.6221,1.5758,2.9622,,224737.1832,224737.1832,71537.6752,1130428.0315,1130428.0315
300782.SZ,20250530,70.46,0.7881,1.073,0.99,93.7871,239.3813,3.7247,8.3991,9.2981,0.3173,0.1447,53485.8936,44790.0758,32898.8691,3768616.0631,3155908.7409
000636.SZ,20250530,13.36,0.6934,1.0816,1.24,45.8184,46.9799,1.25,3.1296,2.9985,0.3712,0.3712,115701.3211,115701.3136,74171.0144,1545769.6499,1545769.5497
000826.SZ,20250530,2.44,32.5597,42.1914,11.6,,,5.0429,0.6631,0.6775,0.0,,142535.3248,142517.2959,109982.6828,347786.1925,347742.202
920392.BJ,20250530,27.42,9.6043,17.8156,0.87,47.5721,45.2912,4.7797,2.4807,2.2062,0.3625,0.3625,5870.0,2807.3,1513.4,160955.4,76976.166
688290.SH,20250530,54.7,3.3957,8.1305,0.86,148.6641,143.8031,4.385,20.273,20.4028,0.2835,0.2835,10218.9714,10218.9714,4267.9281,558977.7356,558977.7356
688288.SH,20250530,30.37,3.4132,7.9055,1.49,,111.6904,4.0836,5.842,5.447,,,10064.392,10064.392,4345.3738,305655.585,305655.585
605599.SH,20250530,15.46,1.4392,3.8629,1.09,16.7236,15.6934,2.7622,0.5943,0.5431,4.5278,4.5278,77777.78,77777.78,28977.5982,1202444.4788,1202444.4788
603082.SH,20250530,38.22,12.7244,12.7244,1.67,36.4484,36.2391,4.0881,3.0073,2.9994,1.5175,1.5175,16222.7543,4055.69,4055.69,620033.6693,155008.4718
688758.SH,20250530,16.03,4.1243,4.1243,0.93,78.3927,78.6184,5.2226,21.1625,20.7153,,,41646.4084,3950.4286,3950.4286,667591.9267,63325.3705
920943.BJ,20250530,25.3,20.1478,25.3451,1.98,32.9637,29.9815,4.1042,2.6519,2.5696,0.7905,0.7905,10152.1378,4120.2108,3275.3213,256849.0863,104241.3332
688331.SH,20250530,58.99,4.7385,4.7385,1.07,,,13.186,19.3651,17.3851,,,56360.8243,16222.3872,16222.3872,3324725.0255,956958.6209
920019.BJ,20250530,21.27,3.4747,3.4747,1.02,62.4014,59.1454,4.7738,3.2049,3.1235,,,21026.67,5586.49,5586.49,447237.2709,118824.6423
300569.SZ,20250530,5.19,8.2531,12.0489,3.84,,,1.0258,1.6217,1.6002,1.4258,1.4258,102270.2056,101764.4813,69704.8174,530782.3671,528157.6579
603385.SH,20250530,6.46,0.9796,2.4422,1.06,17.6988,20.2609,0.6486,0.7104,0.7157,0.0,,38066.4968,38066.4968,15269.267,245909.5693,245909.5693
002812.SZ,20250530,27.79,0.6613,0.9605,0.87,,,1.0961,2.6509,2.5503,5.5674,5.5674,96951.1099,81693.9184,56245.1654,2694271.3441,2270273.9923
000017.SZ,20250530,6.72,7.1487,9.0445,0.63,274.9335,237.0856,13.2523,7.9868,7.3787,0.0,,68918.4933,30298.4965,23947.6218,463132.275,203605.8965
600965.SH,20250530,5.05,1.6575,4.3108,1.49,79.9717,78.7725,1.9268,4.0473,3.9238,0.9703,0.7525,81870.0955,81870.0955,31478.4226,413443.9823,413443.9823
301577.SZ,20250530,53.0,6.8544,6.8544,1.42,72.6989,71.8433,3.0983,5.5556,5.5493,1.5094,0.566,4426.0,1884.1155,1884.1155,234578.0,99858.1215
301565.SZ,20250530,20.26,6.2695,6.2695,1.02,71.623,91.8196,3.4129,3.2767,3.3934,0.0,,40001.0,6001.0,6001.0,810420.26,121580.26
688559.SH,20250530,28.21,0.9987,1.3608,1.05,,,2.2869,1.5375,1.7324,0.2891,0.2891,24660.46,24660.46,18098.38,695671.5766,695671.5766
688310.SH,20250530,14.37,2.6124,7.5696,0.73,,,3.0434,8.6905,9.9191,2.4711,2.4711,16621.969,16621.969,5736.521,238857.6945,238857.6945
000796.SZ,20250530,3.67,1.4435,1.8217,0.81,,,6.8226,9.0088,9.2973,0.0,,160378.8916,133076.681,105448.4058,588590.5322,488391.4193
002948.SZ,20250530,4.99,1.2023,2.0101,0.91,6.8112,6.5391,0.7542,2.1518,2.0963,3.2064,3.2064,582035.4724,311225.8912,186154.1428,2904357.0073,1553017.1971
300611.SZ,20250530,21.78,5.2275,6.0862,0.89,43.0904,36.9076,4.1668,2.8669,2.6765,0.2263,0.5432,21107.468,14830.298,12737.908,459720.653,323003.8904
300951.SZ,20250530,28.13,0.6188,1.7585,0.93,22.5509,23.388,2.1049,3.6463,3.568,2.5391,2.1064,16947.4272,15110.4032,5317.2842,476731.1271,425055.642
688011.SH,20250530,18.18,1.2589,3.0094,0.9,,,1.6824,10.5735,12.3987,,,10000.0,10000.0,4183.1543,181800.0,181800.0
688668.SH,20250530,50.73,2.1875,4.2929,0.62,63.7845,48.5362,3.9272,6.8217,5.7857,0.704,0.9856,13872.9646,13872.9646,7069.1877,703775.4942,703775.4942
000723.SZ,20250530,4.19,0.6119,0.9782,0.99,,,1.3528,0.9695,0.9804,0.0,,440346.6782,439623.5412,275011.3826,1845052.5817,1842022.6376
688037.SH,20250530,91.33,1.17,1.6358,0.98,90.5765,95.9464,6.7788,10.4756,10.293,0.1503,0.1503,20113.8646,20113.8646,14385.8149,1836999.2539,1836999.2539
603590.SH,20250530,31.03,2.3122,4.5105,1.45,117.1297,109.7393,1.5677,5.9908,5.8996,0.9645,0.9645,15935.6477,15723.7477,8060.5117,494483.1481,487907.8911
002258.SZ,20250530,11.46,7.6629,13.0096,0.88,42.5984,28.6175,1.1873,1.2547,1.1457,0.0,1.7452,80043.7228,79915.0345,47071.6852,917301.0633,915826.2954
688369.SH,20250530,26.11,1.6438,2.0824,0.67,,,3.0593,3.5538,3.9114,0.4767,0.4767,11521.8071,11521.8071,9095.3421,300834.3834,300834.3834
601107.SH,20250530,6.39,0.8195,3.8334,1.32,13.3941,12.8227,1.1605,1.8858,1.9159,3.7559,3.7559,305806.0,216274.0,46233.7162,1954100.34,1381990.86
000980.SZ,20250530,2.06,2.9533,4.8722,1.11,,,78.8154,18.6118,19.1095,0.0,,504254.7739,499151.3384,302564.1476,1038764.8342,1028251.7571
920198.BJ,20250530,13.37,7.6489,7.8283,0.83,524.6371,298.2542,5.3655,10.2356,10.3722,,,16136.3872,7024.4378,6863.4378,215743.4969,93916.7334
300994.SZ,20250530,15.45,9.4504,15.169,1.17,29.3341,25.3407,2.9879,1.2917,1.2213,2.3625,2.3625,23308.8,11666.4,7268.2953,360120.96,180245.88
000521.SZ,20250530,7.43,1.1895,1.6608,0.98,10.9433,10.5491,1.22,0.2676,0.2549,4.0377,4.0377,102992.3715,87557.9796,62712.2072,765233.3202,650555.7884
688509.SH,20250530,4.03,2.3728,2.3728,1.01,,,2.4282,4.694,4.5369,,,77000.0,38479.22,38479.22,310310.0,155071.2566
300863.SZ,20250530,31.97,2.2114,4.8726,1.83,37.2732,35.3147,3.9277,1.6517,1.6048,0.7376,0.6662,18846.9836,18086.8834,8208.4834,602538.0657,578237.6623
300427.SZ,20250530,5.93,4.8264,5.8799,0.91,,,2.4496,4.7496,4.4105,0.0,,50852.0298,49480.693,40615.6573,301552.5367,293420.5095
300743.SZ,20250530,18.59,11.3292,16.5511,3.34,30.4399,27.6736,4.7748,3.6837,3.5318,1.8675,2.6589,15124.0499,12730.1642,8713.7512,281156.0876,236653.7525
002449.SZ,20250530,9.05,4.2662,5.433,0.71,108.6204,138.9481,1.4571,1.6117,1.6966,0.663,0.663,61847.7169,61847.7169,48565.7274,559721.8379,559721.8379
002846.SZ,20250530,11.12,22.0535,38.1401,1.15,,,3.363,2.3138,2.2788,0.215,0.215,41999.3636,25701.8096,14861.3996,467032.9232,285804.1228
003033.SZ,20250530,43.85,2.3107,7.2801,0.88,27.3693,22.7014,2.7359,1.9535,1.9288,1.1403,,8175.0,8068.8376,2561.0976,358473.75,353818.5288
002798.SZ,20250530,5.17,6.0803,8.0698,1.62,,,1.5423,0.7436,0.7595,0.0,,39419.9077,32447.5941,24447.9809,203800.9228,167754.0615
002627.SZ,20250530,5.35,2.2448,3.3714,0.7,32.9666,31.0708,1.2511,5.2293,5.1606,1.7783,1.7783,72460.1378,71716.3942,47751.8948,387661.7372,383682.709
002384.SZ,20250530,28.16,3.2871,3.731,1.08,44.249,38.3647,2.4997,1.3064,1.2767,0.8854,0.2473,170591.371,138632.1723,122137.2084,4803853.0074,3903881.972
003020.SZ,20250530,24.12,8.4401,13.8469,1.33,28.7253,27.3821,2.6843,3.038,2.9857,1.7303,2.073,19126.05,13772.4523,8394.7743,461320.326,332191.5495
603992.SH,20250530,22.81,0.3921,2.0523,0.97,22.1192,25.9483,3.1138,3.2751,3.4098,1.8965,2.2554,43289.5283,42475.1283,8114.4425,987434.1405,968857.6765
001314.SZ,20250530,43.0,5.4147,5.4147,0.81,178.4525,149.3075,2.9514,1.9129,1.8722,0.7704,0.7704,14144.63,5174.9501,5174.9501,608219.09,222522.8543
300662.SZ,20250530,29.91,1.8847,2.7118,1.37,28.6656,26.4581,2.8877,0.4994,0.4728,0.2675,0.2675,19680.6359,19628.3592,13642.1052,588647.8198,587084.2237
001308.SZ,20250530,21.52,0.5166,1.3843,0.85,18.0898,17.4753,1.8994,0.9673,0.9486,2.7322,,70061.013,23984.2484,8950.7146,1507712.9998,516141.0256
300749.SZ,20250530,8.05,2.3254,3.3508,0.61,,,3.0855,1.6087,1.6331,0.3739,0.3739,20516.94,15739.56,10922.712,165161.367,126703.458
002228.SZ,20250530,3.33,0.7747,1.5579,0.84,43.5256,37.1045,1.2615,0.355,0.3626,3.5237,3.5237,122283.4829,121877.0909,60606.2189,407203.9981,405850.7127
600854.SH,20250530,4.88,1.1519,1.6989,0.88,19.0119,18.6961,1.0398,27.5599,27.7855,2.8689,2.8689,51945.8538,51945.8538,35218.3425,253495.7665,253495.7665
688308.SH,20250530,17.52,0.8581,1.4611,0.87,48.5469,79.2182,1.088,2.468,2.3879,1.9855,1.9855,15878.1708,15878.1708,9325.3727,278185.5524,278185.5524
000626.SZ,20250530,6.38,1.1461,2.7874,0.93,,,1.3748,0.0369,0.0374,0.0,,50894.0464,50603.0121,20806.6968,324704.016,322847.2172
603042.SH,20250530,13.96,6.0651,7.8749,1.04,153.8717,247.4767,2.5194,2.4755,2.5283,0.0,,16058.984,16058.984,12368.4819,224183.4166,224183.4166
688377.SH,20250530,20.91,0.5205,0.836,0.6,47.5509,51.8958,2.2391,3.6218,3.6719,1.093,1.093,19466.7,19466.7,12119.95,407048.697,407048.697
002017.SZ,20250530,10.49,3.087,5.536,1.39,32.078,31.5407,3.3899,4.3974,4.5248,1.4299,1.4299,58043.1909,58008.5882,32346.4733,608873.0725,608510.0902
000525.SZ,20250530,7.33,4.5217,6.3201,0.94,24.5183,23.9515,3.2908,3.1641,3.162,0.0,,129802.7341,99007.7577,70834.7157,951454.041,725726.8639
300351.SZ,20250530,15.21,2.2109,3.0225,1.32,46.8978,54.1473,2.3928,2.9205,2.8573,0.6556,,38787.4197,26188.2492,19155.5707,589956.6536,398323.2703
001331.SZ,20250530,13.55,4.0715,4.0715,0.87,,,1.8176,0.5108,0.4688,0.615,0.615,20160.0,5040.0,5040.0,273168.0,68292.0
688327.SH,20250530,12.89,2.9877,2.9877,1.04,,,12.8419,33.6621,35.181,,,103854.852,83344.104,83344.104,1338689.0423,1074305.5006
300139.SZ,20250530,18.69,13.3638,14.1629,0.59,110.0006,108.2327,5.0313,14.6307,13.9148,0.0,,27400.0,23365.1725,22046.7925,512106.0,436695.074
600171.SH,20250530,32.95,1.7364,2.3194,0.76,59.057,58.8359,5.252,8.2871,8.2098,0.3035,0.3035,70892.3303,70892.3303,53072.3303,2335902.2834,2335902.2834
601579.SH,20250530,25.1,12.3859,29.9468,1.53,61.3415,60.8564,3.3286,7.3766,7.1822,0.8209,1.5637,47946.3409,47946.3409,19830.5209,1203453.1566,1203453.1566
600476.SH,20250530,19.81,32.0954,52.9063,1.74,241.8694,191.0649,21.7159,4.9925,4.8393,0.0,,16107.0,16107.0,9771.228,319079.67,319079.67
300492.SZ,20250530,90.1,0.4408,1.3858,0.61,238.8627,124.2409,33.1944,4.4683,4.2701,0.0,0.222,14048.647,14048.647,4468.4324,1265783.0947,1265783.0947
600352.SH,20250530,9.81,0.4661,0.622,1.14,15.7195,14.3202,0.9207,2.0093,2.0416,4.5872,2.0387,325333.186,325333.186,243794.564,3191518.5547,3191518.5547
688230.SH,20250530,48.29,4.0592,4.0592,0.69,50.8682,51.05,2.5875,16.0902,15.8404,1.2425,1.6567,11760.0,2940.0,2940.0,567890.4,141972.6
600706.SH,20250530,9.14,1.3758,2.505,0.98,,,3.7853,1.8603,2.0127,0.0,,25505.9785,25403.0185,13951.9064,233124.6435,232183.5891
300260.SZ,20250530,31.65,10.1016,16.1518,0.88,57.0244,61.8061,6.4618,4.5304,4.556,0.1896,0.1896,40780.6752,28763.6945,17989.2436,1290708.3701,910370.9309
301517.SZ,20250530,49.42,6.6166,6.6166,1.76,114.4654,295.0442,3.982,8.4769,10.0124,0.2651,0.3055,10802.67,4247.67,4247.67,533867.9514,209919.8514
301193.SZ,20250530,14.86,0.7184,1.4352,0.52,50.0568,,1.8934,1.2266,1.2232,1.3458,,19200.976,9624.976,4818.126,285326.5034,143027.1434
300101.SZ,20250530,17.72,2.1505,3.0418,1.17,251.5816,307.7105,5.5694,12.6251,12.1689,0.0,,56790.57,56604.3415,40018.3415,1006328.9004,1003028.9314
000669.SZ,20250530,2.26,3.1,3.9096,0.77,,,86.2291,1.1764,1.214,0.0,,68040.8797,68040.8797,53950.9653,153772.3881,153772.3881
605389.SH,20250530,32.21,0.766,3.0749,0.74,48.9906,50.3433,2.226,5.253,5.2887,2.3285,2.018,14408.707,13626.676,3394.466,464104.4525,438915.234
600477.SH,20250530,2.57,0.7079,1.1571,1.08,36.0363,39.4694,1.1889,0.7661,0.7849,3.2936,3.2936,236896.615,236896.615,144934.7486,608824.3006,608824.3006
000928.SZ,20250530,6.49,0.6516,1.2691,0.78,11.1476,10.929,1.0854,0.5276,0.5725,4.0986,4.0986,143464.4621,143462.7071,73662.5166,931084.359,931072.9691
002969.SZ,20250530,3.34,2.6598,6.5252,0.75,17.4123,21.5825,1.3772,0.9974,1.0377,8.2651,0.748,95545.129,94977.5824,38714.2065,319120.7309,317225.1252
688337.SH,20250530,34.89,2.0108,2.0108,0.95,73.3702,75.4332,2.1339,8.7291,8.5439,1.3668,1.3668,19410.403,6790.1112,6790.1112,677228.9607,236906.9798
688091.SH,20250530,42.82,0.8377,1.5938,1.25,1268.9163,,6.2214,51.0051,50.3295,0.5544,,20670.364,20670.364,10864.5879,885104.9865,885104.9865
002662.SZ,20250530,3.42,1.6548,2.8543,1.51,14.4947,17.8897,1.2092,1.6576,1.7538,2.924,2.1053,150000.0,149998.11,86961.3328,513000.0,512993.5362
600482.SH,20250530,21.79,0.4805,0.9654,1.51,35.2928,28.9033,1.2403,0.9495,0.9331,0.6206,0.6206,225276.2816,225276.2816,112126.2385,4908770.1761,4908770.1761
603713.SH,20250530,50.4,0.8487,1.4221,1.11,14.1041,13.5947,1.8062,0.6578,0.6344,1.0765,,15816.2931,15812.7156,9437.2148,797141.1722,796960.8662
301210.SZ,20250530,43.47,11.2669,11.2669,1.87,88.5588,91.1225,2.7444,3.6511,3.4776,0.7447,0.7447,11461.4334,4346.3918,4346.3918,498228.5099,188937.6515
300798.SZ,20250530,7.27,7.0363,9.0706,0.92,603.0022,,2.0138,3.3777,3.2294,0.2751,0.2751,46882.7346,37277.9632,28917.7279,340837.4805,271010.7925
688538.SH,20250530,2.35,0.718,0.9947,1.14,,,3.4121,6.5557,6.4468,,,1383200.3883,575223.5725,415182.0245,3250520.9125,1351775.3954
000807.SZ,20250530,14.6,0.6679,1.1535,0.66,11.4769,11.9913,1.7272,0.9299,0.8805,3.1507,3.1507,346795.7405,346791.9401,200781.0453,5063217.8113,5063162.3255
603135.SH,20250530,10.19,4.2259,6.6626,0.57,113.8304,116.9953,2.1343,6.7084,6.7021,1.3994,1.3994,62953.808,25265.7156,16025.3039,641499.3035,257457.642
600438.SH,20250530,16.29,1.2572,2.2957,2.53,,,1.6534,0.7972,0.83,5.5308,5.5308,450198.5805,450198.5805,246545.1318,7333734.8763,7333734.8763
603012.SH,20250530,5.39,1.2588,1.619,1.19,16.3744,18.3381,0.9369,1.1227,1.2095,2.7842,1.8553,65047.2,64650.0,50268.1078,350604.408,348463.5
002488.SZ,20250530,14.62,1.6216,2.2169,1.25,627.7825,692.59,4.1923,4.3337,4.2461,0.0819,0.0819,99543.9065,92008.3999,67300.3401,1455331.913,1345162.8065
002345.SZ,20250530,14.37,8.5374,13.9764,1.37,65.9332,50.7239,3.4314,1.9589,1.8309,2.4356,2.4356,88851.2707,86700.4365,52960.5902,1276792.76,1245885.2725
300087.SZ,20250530,9.12,1.6445,2.3267,1.0,75.5181,87.3952,4.3828,1.8347,1.7736,1.0965,1.0965,94733.1751,89369.7291,63167.4076,863966.5569,815051.9294
688620.SH,20250530,11.66,5.5778,5.5778,0.77,,,3.2228,8.6716,8.8218,0.2573,0.2573,39200.0,22839.852,22839.852,457072.0,266312.6743
688683.SH,20250530,22.86,0.2684,0.6901,0.61,94.9603,89.4019,3.4995,6.7486,5.9991,0.2843,0.2843,15517.7929,15517.7929,6034.5869,354736.7457,354736.7457
600283.SH,20250530,10.25,3.8551,10.7084,1.76,26.7068,24.0779,1.8448,2.4756,2.4382,1.2281,1.2281,56082.4898,49419.4061,17791.1692,574845.5205,506548.9125
600063.SH,20250530,4.29,0.7862,1.1351,0.83,24.4209,20.5088,1.085,1.1244,1.0964,1.1945,1.3986,210461.8229,192589.4692,133392.9574,902881.2202,826208.8229
002961.SZ,20250530,16.23,2.1963,8.9907,1.46,18.8781,18.4587,2.5238,3.9896,3.7748,2.1565,0.801,44503.5622,44503.5622,10871.5622,722292.8145,722292.8145
002670.SZ,20250530,12.09,1.7341,5.2266,1.4,139.7451,108.9174,2.101,15385.709,15108.7616,0.0,,193508.4653,162335.0634,53860.679,2339517.3455,1962630.9165
920146.BJ,20250530,9.6,7.1241,10.111,1.06,,,5.7277,2.5305,2.4797,,,13499.0443,9702.8595,6836.5574,129590.8253,93147.4512
688076.SH,20250530,48.06,2.6671,4.2621,0.94,26.7249,22.0252,3.6467,6.6515,5.8909,0.9924,0.9924,22487.0915,22487.0915,14071.9565,1080729.6175,1080729.6175
300519.SZ,20250530,15.0,4.0634,6.4376,1.13,47.6285,46.064,2.974,8.9666,9.2178,2.6667,2.0,16000.0,11410.0,7201.91,240000.0,171150.0
300468.SZ,20250530,24.79,42.4341,54.9484,3.52,195.2804,206.0998,7.9697,17.7677,18.6713,0.242,0.242,53064.9275,52979.4065,40913.5262,1315479.5527,1313359.4871
300123.SZ,20250530,6.26,2.0138,2.4324,0.78,,,4.1487,6.7198,6.442,0.0,,102183.4123,100037.3818,82818.5257,639668.161,626234.0101
920924.BJ,20250530,29.28,8.6699,10.8692,1.87,115.3681,115.0917,10.0905,7.8273,7.6758,0.13,0.13,10757.15,6181.366,4930.6066,314969.352,180990.3965
300188.SZ,20250530,13.02,0.9286,1.6121,1.01,,,3.3082,6.3254,6.2509,0.0,,85947.731,85569.549,49286.633,1119039.4576,1114115.528
603118.SH,20250530,9.52,5.8481,10.0362,1.45,,,1.5034,0.8948,0.8812,1.3411,1.3411,78727.6406,78727.6406,45874.6875,749487.1385,749487.1385
300781.SZ,20250530,52.27,3.5554,5.8021,0.61,,,8.8931,6.5069,5.9537,0.0957,0.0957,10996.9792,8110.4185,4969.9624,574812.1028,423931.575
002999.SZ,20250530,6.8,2.1198,3.3068,0.88,106.2913,79.7951,1.9293,0.1635,0.156,1.7647,,34759.2,34359.675,22025.675,236362.56,233645.79
603021.SH,20250530,3.71,3.1353,5.2972,0.85,,,42.8233,2.8821,2.9571,0.0,,31994.807,31994.807,18936.7934,118700.734,118700.734
000936.SZ,20250530,6.82,1.5283,2.4899,1.17,51.4974,45.2304,1.1533,1.8528,1.7847,0.5865,0.5865,88601.2887,88588.7337,54375.7854,604260.7889,604175.1638
605287.SH,20250530,14.16,6.5679,14.0672,4.41,,,1.2616,0.4796,0.4918,0.838,0.838,14000.0,14000.0,6536.5343,198240.0,198240.0
002593.SZ,20250530,4.83,3.8871,5.4482,0.96,74.6981,82.4207,1.6368,1.265,1.2691,1.0352,1.0352,80385.8029,57044.1809,40698.7934,388263.428,275523.3937
688589.SH,20250530,24.76,1.2455,1.5798,1.17,35.5759,40.7804,3.0455,5.4668,5.8061,1.1716,,12117.738,12117.738,9553.3402,300035.1929,300035.1929
000032.SZ,20250530,19.43,1.5337,2.4494,0.74,67.0573,79.3587,3.4977,0.3281,0.3425,0.5661,0.6176,113795.9234,64476.3811,40372.2419,2211054.7917,1252776.0848
600518.SH,20250530,1.97,0.7135,0.9563,0.86,3185.5484,2842.5716,3.8024,5.2633,5.1657,0.0,,1386386.669,1382235.2188,1031293.84,2731181.7379,2723003.381
603036.SH,20250530,15.45,2.0971,2.7048,1.13,33.1603,30.7767,2.431,7.7946,7.5981,1.2945,1.2945,20600.6025,20600.6025,15972.2373,318279.3086,318279.3086
600178.SH,20250530,12.56,7.0106,14.288,0.98,1031.6272,348.391,2.3182,1.2808,1.2903,0.0416,0.0416,47092.3395,46647.6161,22888.3161,591479.7841,585894.0582
002474.SZ,20250530,6.52,2.4605,2.5914,0.94,,,2.9211,8.3745,7.9565,0.0,,62220.0,53054.657,50376.1385,405674.4,345916.3636
300238.SZ,20250530,15.32,17.9674,23.2694,3.88,148.1635,145.6425,7.2903,10.7612,10.6664,0.0,,26515.5701,26513.4082,20472.2994,406218.5339,406185.4136
688292.SH,20250530,19.05,1.1221,1.2587,0.74,83.5131,117.9235,2.9175,6.8204,7.5136,0.6246,0.6246,15834.6667,9002.0429,8024.5198,301650.4006,171488.9172
603912.SH,20250530,8.77,2.9083,5.2509,0.79,132.511,229.6378,2.6028,5.8974,5.7435,0.9121,0.9121,54181.787,54181.787,30010.2677,475174.272,475174.272
688276.SH,20250530,21.1,0.4637,1.3926,1.27,37.6062,50.5708,2.0707,7.1014,7.7855,0.7109,,41365.7598,41365.7598,13772.0919,872817.5318,872817.5318
002901.SZ,20250530,37.54,1.4162,6.2869,1.45,43.5598,39.0337,5.1971,7.2779,6.8813,0.666,1.3081,41401.9506,28851.2773,6498.937,1554229.2255,1083076.9498
002544.SZ,20250530,22.45,2.5841,4.6016,1.82,1365.0852,,4.1203,3.0725,3.2093,0.1166,0.1166,68053.389,67870.4655,38112.847,1527798.5831,1523691.9505
603330.SH,20250530,6.43,1.7759,2.7345,1.3,,,1.813,2.1097,2.2292,1.233,1.233,43267.3649,43267.3649,28100.1782,278209.1563,278209.1563
601375.SH,20250530,3.87,0.7558,0.9927,1.18,73.0858,82.4141,1.2692,10.6324,12.4176,0.5168,0.5168,464288.47,344751.97,262453.5853,1796796.3789,1334190.1239
688082.SH,20250530,101.31,0.1626,0.9043,0.98,38.7684,33.8861,5.5334,7.9582,7.4484,0.6111,0.6111,44129.1188,43610.7535,7841.5227,4470721.0256,4418205.4371
002462.SZ,20250530,13.68,3.364,4.7047,2.07,24.8372,30.3965,0.9126,0.1661,0.1878,1.9006,1.9006,29170.712,29147.0419,20841.3183,399055.3402,398731.5332
603659.SH,20250530,15.66,0.7592,1.6251,1.01,28.1098,27.1325,1.7729,2.4886,2.4556,0.8903,0.8903,213716.5372,213639.9076,99812.9224,3346800.9726,3345600.953
300499.SZ,20250530,16.52,4.3276,4.5077,0.81,,,3.6955,7.2949,6.9019,0.0,,30524.8564,27140.8406,26056.188,504270.6277,448366.6867
688026.SH,20250530,15.68,1.9072,3.4339,1.29,30.4877,27.3494,2.0449,3.9396,3.7673,0.4549,0.4549,14036.322,14027.3576,7790.8435,220089.529,219948.9672
301181.SZ,20250530,25.68,11.038,11.038,0.6,24.3996,24.6848,2.1712,5.7758,5.7298,2.5604,2.5367,11554.0973,3754.0973,3754.0973,296709.2187,96405.2187
920679.BJ,20250530,20.87,2.2766,3.5532,0.64,50.3795,146.8809,2.3182,8.4943,12.3251,6.229,6.229,5585.0,2617.925,1677.4,116558.95,54636.0948
300943.SZ,20250530,13.97,4.2849,5.207,0.7,52.7834,51.8172,2.9645,5.5842,5.5487,0.8561,0.859,20382.0,13434.0287,11054.9201,284736.54,187673.3809
688179.SH,20250530,15.09,1.8127,3.4171,1.22,42.3822,39.5491,4.1057,7.845,7.405,1.42,0.6596,27738.5506,27738.5506,14714.2978,418574.7286,418574.7286
300858.SZ,20250530,16.01,10.7826,13.4031,0.94,44.7089,43.866,2.3299,13.9321,13.1264,0.9369,0.9369,26349.5118,18955.3454,15249.2782,421855.6839,303475.0799
002605.SZ,20250530,27.72,3.7437,5.9021,0.92,21.4113,21.8205,3.2143,3.5278,3.7611,3.2275,3.2275,41633.8668,33592.949,21308.093,1154090.7877,931196.5463
300887.SZ,20250530,7.17,3.3894,6.2653,1.58,,,1.3231,2.5387,2.6826,0.8368,0.8368,54575.8376,36219.722,19594.0707,391308.7556,259695.4067
600076.SH,20250530,2.25,1.621,2.6347,1.3,,,0.7634,5.0237,4.9848,,,134454.3367,134454.3367,82725.2982,302522.2576,302522.2576
300277.SZ,20250530,13.17,2.4218,3.4515,0.96,466.475,530.158,8.9846,19.3457,19.6272,0.1519,0.1519,33500.0,33462.23,23479.23,441195.0,440697.5691
002204.SZ,20250530,6.03,3.4852,7.8194,1.03,23.3918,21.7793,1.5493,0.8155,0.7977,0.5752,0.5752,193137.0032,193137.0032,86084.3077,1164616.1293,1164616.1293
300366.SZ,20250530,8.45,14.3452,15.1781,1.23,,,2.884,3.6526,3.5063,0.0,,60757.615,53050.249,50139.3514,513401.8468,448274.6041
601390.SH,20250530,5.59,0.2587,0.5875,1.49,4.9596,5.2328,0.4453,0.1195,0.1212,3.7583,3.7583,2474186.5118,2047485.7941,901613.2051,13830702.601,11445445.589
603225.SH,20250530,10.88,0.4572,1.1296,0.98,15.0748,14.6586,0.9597,0.2473,0.2469,2.3146,,152476.4443,151177.1443,61187.2347,1658943.714,1644807.33
300551.SZ,20250530,9.35,9.5679,12.0455,2.89,,,5.8872,10.8556,12.8104,0.0,,34575.2939,34476.2958,27384.9421,323278.998,322353.3657
000890.SZ,20250530,3.83,19.8573,33.3141,3.4,,,97.5444,5.1452,5.9698,0.0,,41950.3968,41949.1046,25004.2336,160670.0197,160665.0706
920433.BJ,20250530,7.74,5.6591,10.6037,1.04,187.996,186.9984,4.2659,9.5484,9.2229,1.0451,0.7752,25591.9681,16935.5422,9038.2415,198081.8331,131081.0966
003015.SZ,20250530,13.93,3.6032,4.3236,0.85,58.026,43.8719,4.1463,6.7151,6.4969,0.6812,1.4111,28106.6667,24740.1692,20618.1569,391525.8671,344630.557
301082.SZ,20250530,22.62,29.2139,57.0664,1.09,,,5.0279,2.6785,2.5565,0.5684,0.5684,22630.9174,20923.1511,10711.1406,511911.3516,473281.6779
603307.SH,20250530,36.51,3.3,3.3,0.71,17.2368,18.7153,1.7567,2.9835,2.9153,3.785,3.785,6787.7,1700.0,1700.0,247818.927,62067.0
920729.BJ,20250530,9.79,9.8253,10.048,1.92,66.6634,67.4335,3.9897,9.9489,9.9874,1.8144,1.8144,27335.0,7682.5041,7512.2133,267609.65,75211.7151
688028.SH,20250530,20.82,1.5401,2.9815,0.94,31.909,32.7746,1.6089,4.6638,4.6207,1.6808,1.6808,15199.7828,15076.9432,7788.2667,316459.4779,313901.9574
002319.SZ,20250530,10.19,1.6221,2.192,0.89,,,11.8372,5.3572,5.3001,0.0,,20947.251,20000.0,14800.0041,213452.4877,203800.0
301109.SZ,20250530,20.78,3.5388,3.6289,1.3,21.8404,20.0167,1.5068,4.8187,4.3374,3.1506,3.1506,56364.3459,9865.0831,9620.1314,1171251.1078,204996.4268
002908.SZ,20250530,9.37,3.9284,5.6693,1.26,198.3799,201.9098,3.5867,6.1458,6.3319,0.5276,0.5276,43143.2088,35985.8632,24935.4645,404251.8665,337187.5382
300195.SZ,20250530,6.65,3.8019,4.0815,0.83,223.4891,195.5936,1.0548,1.7159,1.7185,0.0,,42370.7756,31391.2481,29240.8231,281765.6577,208751.7999
603165.SH,20250530,10.83,1.1124,2.3034,0.56,10.3106,11.1109,1.3624,1.3209,1.3291,4.493,4.4423,27261.2928,27261.2928,13166.0041,295239.801,295239.801
300085.SZ,20250530,35.62,6.5754,10.6129,0.9,,,48.4802,29.1781,30.4437,0.0,,70664.0535,63486.636,39333.8935,2517053.5857,2261393.9743
688112.SH,20250530,34.58,0.6978,2.4201,1.28,49.1048,44.9671,3.4957,11.0677,10.4787,2.5448,2.5448,15920.0019,15920.0019,4590.3175,550513.6657,550513.6657
300806.SZ,20250530,15.34,2.0298,2.3642,1.15,126.7012,151.5461,3.1184,2.5845,2.5776,0.1297,,45330.0503,31642.0669,27166.0116,695362.9716,485389.3062
605399.SH,20250530,11.52,0.6694,1.8788,0.86,87.2793,328.6737,1.6393,3.1129,3.2279,0.8682,0.8682,31335.736,31221.736,11123.891,360987.6787,359674.3987
600388.SH,20250530,11.42,0.9148,1.2882,2.18,17.4661,17.7619,1.4475,1.4476,1.4941,1.4804,2.4518,127004.6293,127004.6293,90191.0379,1450392.8666,1450392.8666
300364.SZ,20250530,20.39,3.045,3.5867,1.05,,,16.4997,12.815,12.7011,0.0,,72850.0118,66042.5473,56068.4187,1485411.7406,1346607.5394
301626.SZ,20250530,70.11,3.7854,3.7854,0.81,43.739,44.2341,5.2189,8.6013,8.4795,,,11568.0,2602.8,2602.8,811032.48,182482.308
000592.SZ,20250530,3.0,3.077,3.7199,1.12,,,3.0645,3.7069,4.6257,0.0,,193178.0892,191509.2449,158411.7626,579534.2676,574527.7347
600061.SH,20250530,6.97,0.231,0.6401,1.1,16.5409,14.7349,0.8503,21.8451,21.1435,1.5847,1.5847,639398.1307,639398.1307,230704.0026,4456604.971,4456604.971
688252.SH,20250530,22.87,1.5329,2.2256,0.95,34.0305,29.8934,4.1477,4.4503,4.0478,0.2427,0.2427,40902.1341,18233.9485,12558.7186,935431.8069,417010.4022
002467.SZ,20250530,5.37,2.9717,3.4922,0.96,107.7641,128.9478,3.8914,8.5122,9.2556,0.0,0.1862,137537.1873,136359.6664,116037.5479,738574.6958,732251.4086
300164.SZ,20250530,4.0,4.3995,4.9158,1.07,42.2996,44.8859,1.6908,1.9678,1.9195,0.0,,58845.8629,58321.0778,52196.4142,235383.4516,233284.3112
601236.SH,20250530,8.13,1.1876,5.1224,1.09,50.1918,40.7921,1.5794,18.9661,17.4285,1.3161,1.845,471678.7742,471678.7742,109351.8042,3834748.4342,3834748.4342
300487.SZ,20250530,45.16,0.7081,0.9043,0.98,29.1222,28.2609,5.8153,8.9765,9.1708,1.5129,1.5129,50766.548,30662.6804,24008.6199,2292617.3077,1384726.6469
605011.SH,20250530,22.14,0.5979,2.9912,0.63,41.7899,43.4711,3.8443,2.5017,2.5908,0.7227,0.7227,40010.0,40010.0,7996.67,885821.4,885821.4
301291.SZ,20250530,37.8,0.8019,0.9081,0.49,17.8126,17.2285,2.4633,1.8313,1.7574,1.6931,1.6931,31220.0,17477.1195,15434.0085,1180116.0,660635.1171
600345.SH,20250530,23.36,1.37,2.1623,0.97,45.1133,41.7992,2.1889,8.3364,8.3058,0.3425,0.3425,32961.2132,21155.9297,13404.0182,769973.9404,494202.5178
000931.SZ,20250530,5.17,2.2916,3.3581,1.21,72.6536,67.4607,2.4273,1.5377,1.5317,0.0,,75312.6982,74602.9532,50910.927,389366.6497,385697.268
605580.SH,20250530,10.84,1.1935,4.6402,1.34,22.2204,19.465,3.32,3.728,3.5537,3.2288,3.2288,28000.0,28000.0,7201.6,303520.0,303520.0
688084.SH,20250530,66.6,1.9595,1.9595,0.72,,,3.2326,30.7739,27.7311,0.2971,0.2971,7565.9066,3684.925,3684.925,503889.3796,245416.005
603235.SH,20250530,27.32,1.2016,4.3212,1.72,18.3657,16.5598,2.4727,5.4153,5.1265,1.8244,1.8244,43778.0,14706.52,4089.3509,1196014.96,401782.1264
603987.SH,20250530,7.53,1.164,1.9265,0.97,15.2745,15.2626,1.2647,1.4544,1.4686,2.1248,2.1248,43679.088,43679.088,26392.2655,328903.5326,328903.5326
688708.SH,20250530,57.74,6.2238,6.2238,1.74,44.6473,49.5527,7.5122,24.1381,26.1282,,0.6928,40001.0,3571.0575,3571.0575,2309657.74,206192.8601
603379.SH,20250530,47.33,0.6312,1.6982,0.81,37.1132,28.1957,4.208,7.1528,6.7308,0.4859,0.4859,61047.9037,61047.9037,22688.9564,2889397.2821,2889397.2821
000762.SZ,20250530,18.26,0.8854,1.119,0.99,85.1648,127.5157,3.2126,15.2952,17.553,0.5476,0.5476,52117.414,52080.0618,41206.7135,951663.9796,950981.9285
002724.SZ,20250530,6.69,4.5542,11.111,0.83,,,1.9369,3.0115,2.8933,0.5867,,77149.7994,57176.5616,23435.4665,516132.158,382511.1971
300205.SZ,20250530,4.18,1.744,2.8396,0.66,,,1.6849,2.1228,3.2332,0.4785,0.4785,43005.6,42960.6036,26385.7631,179763.408,179575.323
002828.SZ,20250530,8.94,3.1116,3.6927,0.61,415.7592,,2.6277,1.8886,1.9388,0.9875,0.9875,20098.76,19370.3506,16322.2806,179682.9144,173170.9344
002362.SZ,20250530,21.45,1.9631,2.4783,0.7,,,4.6473,2.8857,2.8125,0.0,,24445.4646,20759.3932,16443.7784,524355.2157,445288.9841
002603.SZ,20250530,14.57,1.6785,3.0885,1.68,,,2.3074,3.7376,3.8344,2.059,2.059,167070.5376,137684.8989,74828.1309,2434217.7328,2006068.977
002351.SZ,20250530,12.94,1.8186,2.3281,0.9,25.6103,26.0235,3.9746,3.9089,3.9364,1.543,1.543,88910.7,52104.4175,40702.6633,1150504.458,674231.1625
300816.SZ,20250530,29.83,5.1037,6.1532,1.01,47.8449,43.6289,2.813,2.5212,2.5089,0.0,0.2112,8000.0,4559.6547,3781.9404,238640.0,136014.4997
001266.SZ,20250530,25.11,7.9871,7.9871,1.34,149.0981,109.1081,2.5994,3.3263,2.9405,0.7955,0.7955,10316.976,3527.16,3527.16,259059.2674,88566.9876
002190.SZ,20250530,33.16,16.166,33.0479,0.87,,,3.5024,5.0255,4.9873,0.0362,0.0362,35872.9343,35872.9343,17547.96,1189546.5014,1189546.5014
002728.SZ,20250530,8.63,3.9915,4.8036,1.17,215.8159,103.0853,2.4594,6.431,5.4052,4.1231,,51253.1525,37640.2175,31276.3848,442314.7061,324835.077
300963.SZ,20250530,29.2,27.6736,41.2488,0.76,100.1964,102.7456,9.0051,8.8932,9.1972,0.1884,0.3767,32760.0,20053.1993,13453.5743,956592.0,585553.4196
002444.SZ,20250530,23.58,1.9226,3.3065,1.14,12.2267,11.9808,1.6654,1.9037,1.8597,2.5445,2.5445,119447.8182,114316.8402,66468.6983,2816579.5532,2695591.0919
603648.SH,20250530,10.42,1.7634,3.4919,0.87,28.8494,30.9347,2.009,2.4853,2.6136,3.3589,3.3589,36241.28,36241.28,18301.9174,377634.1376,377634.1376
601825.SH,20250530,8.96,0.3742,0.6328,1.67,7.0323,7.0253,0.692,3.2436,3.3088,6.8973,6.8973,964444.4445,931658.3609,550960.0587,8641422.2227,8347658.9137
301232.SZ,20250530,28.06,5.4962,6.0903,1.55,,,1.5398,1.175,1.0528,0.5091,0.5091,7516.2347,4466.7265,4030.9725,210905.5457,125336.3456
000753.SZ,20250530,5.02,2.2997,3.6951,0.8,93.1839,97.6769,1.8234,1.5072,1.5314,0.5976,0.5976,99148.1071,99148.1071,61705.3723,497723.4976,497723.4976
603569.SH,20250530,8.19,2.5614,8.851,0.85,62.1215,72.0097,1.6593,1.1839,1.1159,0.8546,0.8546,60350.7251,60350.7251,17464.8246,494272.4386,494272.4386
002291.SZ,20250530,6.5,6.6668,7.9483,0.86,,,1.8307,1.2884,1.4772,0.0,,94411.2844,87766.9001,73615.5138,613673.3486,570484.8507
300721.SZ,20250530,15.24,14.5348,21.6604,0.98,263.5297,,2.122,1.421,1.4787,0.6562,0.6562,16484.6739,13673.8494,9175.5884,251226.4302,208389.4649
002167.SZ,20250530,9.06,6.1803,8.3013,0.86,39.6849,30.609,4.0567,4.5488,5.0244,0.0,,77467.33,75778.385,56417.3027,701854.0098,686552.1681
920641.BJ,20250530,17.3,6.1181,9.7561,1.13,,550.9822,3.7949,2.4586,2.5175,1.1561,1.1561,7731.5,4465.7345,2800.4845,133754.95,77257.2069
001368.SZ,20250530,21.77,6.0796,6.0796,1.19,24.1276,24.9555,1.8099,2.5588,2.4776,6.6426,3.6668,11417.46,3208.6099,3208.6099,248558.1042,69851.4375
300169.SZ,20250530,7.92,31.596,32.2759,3.32,,,79.0598,4.8603,5.0604,0.0,,32598.434,30173.5782,29538.0015,258179.5973,238974.7393
603721.SH,20250530,18.34,2.9002,5.8448,0.58,,,4.8603,7.9435,9.6627,0.0,,13000.0,13000.0,6450.5215,238420.0,238420.0
300171.SZ,20250530,11.8,0.5988,0.9108,0.81,46.5589,60.4217,1.1631,1.8037,1.7935,2.0174,0.6399,76582.804,56265.7355,36988.4597,903677.0872,663935.6789
301203.SZ,20250530,30.65,1.3234,1.7474,1.06,18.5865,19.5512,1.7393,7.7691,7.6474,4.894,2.6101,8000.0,4384.25,3320.3405,245200.0,134377.2625
301087.SZ,20250530,32.92,0.864,1.8917,1.08,22.0795,22.7958,1.4804,2.3076,2.3625,5.3241,5.3188,20909.2,19424.702,8872.0525,688330.864,639461.1898
300959.SZ,20250530,39.13,1.9154,2.6819,0.92,103.2453,70.3,2.7134,2.7693,3.1869,0.697,0.697,8036.78,5235.5219,3739.1496,314479.2014,204865.9719
688661.SH,20250530,40.56,1.8096,3.9758,1.05,,203.7598,3.8352,8.3283,6.9577,0.1517,0.1517,11683.6789,11665.3224,5309.62,473890.0162,473145.4765
600166.SH,20250530,2.78,2.193,3.2437,1.26,273.2755,84.6351,1.4954,0.4615,0.4435,0.0,,791740.0367,648882.8939,438691.3605,2201037.302,1803894.445
002955.SZ,20250530,25.18,8.453,15.647,2.68,26.8501,29.3977,1.8492,1.6903,1.7101,1.6851,6.7209,23663.9912,18737.772,10122.7555,595859.2984,471817.099
301097.SZ,20250530,37.84,1.84,1.84,0.96,,,1.9141,5.3241,5.3039,1.312,1.2894,5894.7368,1834.7368,1834.7368,223056.8405,69426.4405
601838.SH,20250530,19.39,0.4867,0.925,1.2,6.3914,6.3124,0.9944,3.5761,3.5485,4.1619,4.1619,423843.5356,423105.8198,222607.6431,8218326.1553,8204021.8459
002456.SZ,20250530,11.75,3.0074,3.4872,0.88,670.1706,,10.4781,1.9145,1.8926,0.0,,332985.109,327444.7031,282393.6554,3912575.0308,3847475.2614
000802.SZ,20250530,4.58,2.5048,3.2304,1.09,,,3.7825,10.3456,8.0223,0.0,,71590.0255,71546.5255,55475.6027,327882.3168,327683.0868
301225.SZ,20250530,70.76,20.6712,21.1119,0.9,55.8217,54.379,4.8777,8.4558,8.1631,0.555,0.555,10338.0,3018.0,2955.0,731516.88,213553.68
301170.SZ,20250530,25.0,4.6573,4.6573,1.47,22.7862,23.2271,1.4377,2.3459,2.34,1.0,1.0,10000.0,3357.5425,3357.5425,250000.0,83938.5625
002207.SZ,20250530,5.88,2.0836,2.9827,0.94,,,29.7798,4.5105,4.6669,0.0,,26205.5378,26080.76,18219.1322,154088.5623,153354.8688
600784.SH,20250530,6.1,0.8547,1.3326,0.87,13.6743,13.7167,1.2782,1.2199,1.2196,0.9836,0.9836,67565.2277,67565.2277,43334.9276,412147.889,412147.889
300035.SZ,20250530,13.94,2.4409,2.5628,1.07,31.5318,23.0943,2.0608,1.712,1.563,1.076,1.7934,68542.6671,58335.138,55560.2693,955484.7794,813191.8237
688128.SH,20250530,24.72,0.3777,2.1248,0.69,21.4091,19.1098,2.98,2.2109,2.091,1.8204,1.8204,40450.0,40450.0,7191.1509,999924.0,999924.0
300137.SZ,20250530,5.5,0.8938,1.0597,1.48,,,1.801,3.0983,3.0115,0.0,,53658.221,52677.7645,44432.3393,295120.2155,289727.7048
603890.SH,20250530,11.69,2.2471,3.3481,1.01,24.2894,21.643,1.8064,1.301,1.3148,0.0,,43906.5657,43906.5657,29468.4777,513267.753,513267.753
601827.SH,20250530,8.58,0.3644,1.2226,1.31,12.2805,12.0814,1.2364,2.3945,2.3935,2.7461,2.7461,167193.33,167193.33,49832.02,1434518.7714,1434518.7714
301267.SZ,20250530,18.85,0.7523,1.4708,0.79,36.94,37.4861,2.6837,3.9319,3.8229,0.5792,0.5792,84000.0,32882.8875,16817.8875,1583400.0,619842.4294
300514.SZ,20250530,12.9,2.0459,2.7596,1.04,13.0192,14.5758,2.4564,2.554,2.7026,1.5504,1.5504,20000.0,15841.3475,11744.465,258000.0,204353.3828
600825.SH,20250530,6.63,1.1556,2.3823,1.04,171.2287,173.7468,2.825,4.8369,4.8002,0.1961,0.1961,104488.785,104488.785,50686.785,692760.6446,692760.6446
688202.SH,20250530,33.13,4.0664,7.269,1.33,,,2.0991,4.2994,4.2682,,,13467.3082,13467.3082,7533.8981,446171.9207,446171.9207
000633.SZ,20250530,6.32,5.363,7.3203,0.73,208.4174,202.0138,12.7605,8.7807,7.6248,0.0,,38510.6373,38510.3523,28213.1548,243387.2277,243385.4265
002757.SZ,20250530,19.11,7.3074,11.9563,1.54,,,2.8407,1.6946,1.7517,2.6164,2.6164,29545.5913,28205.3921,17238.4954,564616.2497,539005.043
920719.BJ,20250530,14.12,15.023,16.4683,0.58,,,2.0062,3.538,3.7747,0.7082,0.7082,9309.34,7319.3662,6676.9655,131447.8808,103349.4507
002007.SZ,20250530,16.11,0.4658,0.75,1.0,27.0628,25.8427,2.4215,6.7228,6.6017,1.8635,1.8635,182745.6666,157370.2879,97742.3394,2944032.6889,2535235.3381
301367.SZ,20250530,84.58,2.7907,4.4417,1.2,48.7724,42.7191,2.6471,8.9846,8.2672,0.8445,0.4691,8960.0,5652.4786,3551.479,757836.8,478086.64
002084.SZ,20250530,3.48,3.0229,5.1599,0.93,,,1.5362,0.7878,0.7935,0.8567,0.8567,64605.604,64197.2375,37609.8218,224827.5019,223406.3865
920438.BJ,20250530,18.88,1.4928,1.4928,0.81,38.8683,59.0308,2.7691,4.8227,5.418,0.5173,0.5173,14463.0,13939.405,13939.405,273061.44,263175.9664
300072.SZ,20250530,3.02,0.742,1.1874,0.91,,,1.1954,2.9246,3.3057,0.0,,234972.0302,233136.0051,145682.5268,709615.5312,704070.7354
000825.SZ,20250530,3.56,0.3708,1.0107,1.09,,,0.6202,0.2024,0.2047,0.0,,570691.3596,569624.7796,208979.3462,2031661.2402,2027864.2154
300332.SZ,20250530,4.61,1.5155,1.8286,0.88,31.9538,33.8215,0.9447,1.0375,1.1004,1.2202,1.2202,86511.528,82963.393,68759.139,398818.1441,382461.2417
301045.SZ,20250530,20.67,1.1688,1.4449,0.86,84.0936,83.1193,2.2918,3.4862,3.518,0.5806,0.2419,11031.8358,6723.9054,5439.0921,228028.046,138983.1246
688116.SH,20250530,41.26,1.4545,1.6025,1.01,60.4261,59.3917,4.1217,10.4397,10.2443,0.6837,0.6837,36641.5836,34474.1494,31291.1932,1511831.7393,1422403.4042
300181.SZ,20250530,16.04,2.5025,2.645,1.14,22.1561,20.5857,4.1608,4.3642,4.1219,2.8055,3.6931,70138.7335,60291.0919,57043.8303,1125025.2853,967069.1141
603637.SH,20250530,10.34,2.4886,3.1587,1.12,25.3814,26.0481,2.5042,4.7687,5.2566,1.2573,1.9342,23868.5877,23868.5877,18804.6041,246801.1968,246801.1968
000968.SZ,20250530,6.44,0.5536,1.2934,0.99,14.3423,13.5587,1.0173,2.7498,2.7569,2.6398,2.6398,96750.266,96750.266,41407.4749,623071.713,623071.713
605179.SH,20250530,21.11,1.6841,8.0869,0.49,292.4668,265.4851,7.6307,3.0769,3.0643,0.379,0.379,40100.0,40100.0,8350.8,846511.0,846511.0
600089.SH,20250530,11.61,0.306,0.3734,0.99,14.1878,15.6804,0.8965,0.5999,0.6011,1.7116,1.7116,505279.2571,505279.2571,414129.9271,5866292.1749,5866292.1749
600756.SH,20250530,16.31,14.7347,18.2119,1.6,387.9015,,2.3617,2.8273,3.0897,0.2146,0.2146,32409.8753,32409.8753,26221.7753,528605.0661,528605.0661
300327.SZ,20250530,20.69,1.3415,1.6469,1.14,52.6615,59.5962,4.0156,5.2576,5.257,0.963,0.963,34138.9229,34031.5158,27720.4982,706334.3148,704112.0619
002679.SZ,20250530,9.05,3.5821,9.8487,2.56,204.9365,209.0697,2.8648,14.1557,14.121,0.2818,0.2818,23575.6,23575.6,8574.8126,213359.18,213359.18
603313.SH,20250530,8.04,1.7963,3.3914,0.61,,,1.2411,0.5429,0.5289,0.0,0.6219,57058.6885,57058.6885,30221.8138,458751.8555,458751.8555
688605.SH,20250530,55.24,3.0584,3.0584,0.85,52.2536,53.4531,7.3186,9.843,9.1689,,,20237.9856,3804.5127,3804.5127,1117946.3245,210161.2815
301047.SZ,20250530,62.95,1.0982,2.9803,0.94,62.7998,75.9607,1.3506,12.4774,12.4177,3.3371,1.5886,12163.6742,11958.0621,4406.5191,765703.2909,752760.0092
002176.SZ,20250530,6.86,1.0684,1.2441,1.1,,,3.38,5.5664,5.0779,0.0,,170632.5581,170601.9116,146514.3583,1170539.3486,1170329.1136
300829.SZ,20250530,18.7,3.4836,4.2567,0.84,95.9742,60.9786,2.0317,2.3903,2.3999,0.5174,0.5174,19241.6681,13214.8405,10814.8405,359819.1935,247117.5174
300748.SZ,20250530,19.87,1.2317,2.1628,0.82,93.6778,77.9256,3.8022,4.0312,3.9053,1.6991,1.6991,137213.1923,113433.9915,64598.0146,2726426.131,2253933.4111
001326.SZ,20250530,33.69,3.7625,4.3286,0.92,24.3387,33.7965,2.0279,1.6768,1.6626,4.393,2.8495,7320.0,2410.3328,2095.0773,246610.8,81204.112
001279.SZ,20250530,43.0,14.1329,14.1329,0.59,83.5801,80.878,6.8888,4.651,4.5646,,,16000.0,3762.3967,3762.3967,688000.0,161783.0581
002126.SZ,20250530,24.9,2.8625,3.0405,1.04,26.5289,25.841,3.2453,1.6364,1.5808,0.394,,83478.2631,78417.8584,73827.4629,2078608.7512,1952604.6742
301479.SZ,20250530,97.1,19.9746,19.9746,1.13,52.2827,51.1522,7.6903,7.9123,7.3645,,1.1034,8896.5333,1988.4811,1988.4811,863853.3834,193081.5148
920735.BJ,20250530,37.95,6.395,9.4813,2.25,25.1557,23.6851,3.9879,5.1265,4.8723,0.6327,0.8081,11731.599,10375.7231,6998.2631,445214.1821,393758.6916
600366.SH,20250530,7.82,1.2317,1.7898,1.04,90.3927,64.7524,1.4486,1.7048,1.6729,0.6411,0.6411,109904.1051,106304.2036,73157.835,859450.1019,831298.8722
600350.SH,20250530,11.44,0.2176,1.6047,1.46,17.372,17.1715,1.8362,1.9486,1.9528,3.6615,3.6615,485342.0105,485342.0105,65817.9739,5552312.6001,5552312.6001
688320.SH,20250530,42.37,2.9799,3.5753,0.64,,,4.9504,7.8928,7.6643,0.2594,0.2594,15101.3668,11087.6387,9241.0015,639844.9113,469783.2517
688819.SH,20250530,26.91,0.1201,0.6632,1.0,16.8279,17.7664,1.6058,0.5808,0.5693,2.4155,2.4155,97210.0,97210.0,17610.0,2615921.1,2615921.1
688170.SH,20250530,21.1,0.8815,1.4528,0.87,,,1.7938,3.0494,3.1214,1.417,1.417,10336.0,10336.0,6271.49,218089.6,218089.6
600601.SH,20250530,4.21,1.1307,1.8842,1.16,68.2114,67.7985,4.189,5.0427,4.7919,0.0,,417029.3287,417029.3287,250259.2986,1755693.4738,1755693.4738
603778.SH,20250530,3.16,1.1598,1.5949,0.82,,,2.5102,0.991,0.9979,0.0,,65664.212,64285.7142,46750.0835,207498.9099,203142.8569
603927.SH,20250530,19.24,1.102,1.7344,0.78,45.0263,51.0849,5.3391,2.3967,2.4158,2.0419,1.7672,83104.0,83104.0,52803.9438,1598920.96,1598920.96
920111.BJ,20250530,27.26,3.5576,3.5576,0.79,36.4626,34.307,4.8689,4.2228,3.9568,,,15515.45,3688.85,3688.85,422951.167,100558.051
603107.SH,20250530,15.53,0.9674,1.5733,1.01,27.6527,27.7489,2.4681,2.4364,2.4131,1.9317,1.9317,33733.5,21817.3998,13414.1439,523881.255,338824.2189
000006.SZ,20250530,6.93,2.4401,3.8727,0.72,,,1.7396,1.5425,1.2591,0.0,,134999.5046,134998.7396,85059.9248,935546.5669,935541.2654
600635.SH,20250530,3.85,1.2977,1.7735,1.09,48.7537,28.4466,1.3061,1.8192,1.8455,0.9091,0.9091,295243.4675,241879.1675,176981.5081,1136687.3499,931234.7949
000797.SZ,20250530,2.67,0.8363,1.8539,0.88,167.5437,,0.8125,0.6178,0.621,0.3745,0.3745,157075.4217,157057.4029,70850.5381,419391.3759,419343.2657
002251.SZ,20250530,5.39,9.493,14.0769,1.19,11.9602,11.0584,1.8064,4.2236,3.9639,0.0,,268869.9689,151338.3056,102057.7233,1449209.1324,815713.4672
605005.SH,20250530,19.99,7.2855,56.9882,10.45,30.1548,30.5167,3.9894,4.6828,4.6932,1.0005,1.0005,40100.0,40100.0,5126.5051,801599.0,801599.0
002842.SZ,20250530,8.11,12.6942,16.6454,2.1,,,2.5594,1.5171,1.5005,0.0,,32717.2422,26846.2509,20473.5737,265336.8342,217723.0948
301408.SZ,20250530,12.13,5.9311,7.0208,1.1,35.237,32.1015,2.348,1.0707,1.0336,0.8244,0.8244,40001.0,14917.1303,12601.9236,485212.13,180944.7905
600390.SH,20250530,5.29,0.5353,1.0796,1.05,47.0711,91.9554,0.5623,26.9581,25.5182,2.8922,2.8922,449806.5459,449806.5459,223024.9462,2379476.6278,2379476.6278
688617.SH,20250530,396.51,1.1941,2.1064,1.81,57.1847,53.7505,14.252,18.6339,17.7004,0.3476,0.3476,9708.1956,9708.1956,5503.4081,3849396.6374,3849396.6374
603369.SH,20250530,44.09,0.4563,0.8328,1.09,16.1116,15.6018,3.2151,4.7617,4.5915,2.2681,2.2681,124680.0037,124680.0037,68313.9592,5497141.3631,5497141.3631
300657.SZ,20250530,25.54,3.8165,4.6792,0.97,219.5292,351.1973,9.6181,2.123,2.1534,0.0,,48836.0056,45660.4223,37241.8912,1247271.583,1166167.1855
603409.SH,20250530,34.41,4.65,4.65,0.72,26.5876,27.7989,2.9566,4.0561,3.8283,,,12603.0,3087.5897,3087.5897,433669.23,106243.9616
600992.SH,20250530,13.71,1.4966,1.9552,0.82,,,2.346,1.5663,1.6075,0.3939,0.3939,24509.0,24509.0,18760.0182,336018.39,336018.39
300012.SZ,20250530,11.18,2.1321,2.2583,1.63,20.4262,20.3456,2.7342,3.0924,3.0449,0.8902,0.8891,168282.8214,143176.9688,135174.1844,1881401.9433,1600718.5112
601601.SH,20250530,34.43,0.3767,0.8683,0.99,7.3672,7.7339,1.2565,0.8197,0.8232,2.9625,2.9625,962034.1455,684504.1455,296987.6535,33122835.6296,23567477.7296
002539.SZ,20250530,8.39,0.7416,0.8496,0.65,12.5957,11.9919,1.1302,0.4972,0.4794,2.3838,1.1919,120772.3762,88314.006,77085.3823,1013280.2363,740954.5103
300261.SZ,20250530,7.44,6.5568,10.1014,0.83,,,3.599,5.9617,5.522,0.672,0.672,96330.9471,93707.9377,60825.5175,716702.2464,697187.0565
920982.BJ,20250530,471.53,3.2093,4.4821,1.15,56.9929,52.2051,24.4966,28.9264,26.3518,0.3752,0.2121,8851.18,4589.108,3285.897,4173596.9054,2163902.0952
000595.SZ,20250530,4.97,1.2071,3.3834,0.49,,,19.3327,23.8806,26.0513,0.0,,113865.6366,113865.6366,40624.0442,565912.2139,565912.2139
300856.SZ,20250530,21.11,1.2749,3.4309,0.81,12.752,18.3581,2.6216,3.1515,3.6582,6.3818,2.8405,33977.6466,32610.9797,12117.9747,717268.1197,688417.7815
603283.SH,20250530,41.26,1.4571,2.4868,0.77,14.8812,15.6163,2.5725,2.0353,2.0576,0.0,,19991.1648,19500.1648,11425.7581,824835.4596,804576.7996
603381.SH,20250530,20.81,1.3924,1.3924,0.49,18.4146,21.6824,1.3084,0.6034,0.5315,0.0,,23725.6326,5338.269,5338.269,493730.4144,111089.3779
002340.SZ,20250530,6.06,0.8168,0.8927,1.17,30.4441,28.8821,1.5297,0.9357,0.9046,1.3165,1.3165,512629.1557,508498.1362,465214.1099,3106532.6835,3081498.7054
688330.SH,20250530,25.05,0.5109,1.0151,0.82,15.7451,16.9278,0.9238,3.5833,3.811,1.3862,1.3862,14000.0,14000.0,7045.3602,350700.0,350700.0
002927.SZ,20250530,14.48,6.0341,14.352,1.16,86.4854,90.4906,3.1487,3.6231,3.7293,1.2776,1.2776,22319.218,22064.26,9276.5416,323182.2766,319490.4848
301392.SZ,20250530,100.92,3.9179,3.9179,0.65,148.2135,152.2316,13.9041,19.3965,18.484,0.2477,0.4459,10000.0,2250.0,2250.0,1009200.0,227070.0
002014.SZ,20250530,11.81,0.4541,1.3016,0.68,15.4644,15.3824,3.1471,2.0518,2.0441,4.6571,5.2498,61249.1866,60433.6316,21084.754,723352.8937,713721.1892
300902.SZ,20250530,19.11,9.5065,14.8075,2.89,,,4.2288,11.2999,11.5003,1.1272,,18180.3369,12158.3244,7805.6959,347426.2382,232345.5793
001213.SZ,20250530,4.12,0.3463,2.0132,1.38,27.4585,31.9621,0.9528,1.6252,1.6143,1.4078,1.4078,444444.4444,444444.4444,76444.4444,1831111.1109,1831111.1109
002851.SZ,20250530,43.0,3.0412,3.5067,0.91,53.81,57.9644,3.8278,2.8716,2.7106,0.4645,0.4645,54576.0751,45662.1711,39601.0786,2346771.2293,1963473.3573
300447.SZ,20250530,13.81,1.6899,2.1611,0.85,242.3306,,2.1764,4.7374,5.2195,0.4779,0.3583,31231.0375,20133.139,15743.119,431300.6279,278038.6496
002761.SZ,20250530,8.96,1.6796,2.9534,0.47,50.0647,44.6282,1.4233,0.1202,0.1187,0.5578,0.5578,108178.3576,108178.3576,61522.1224,969278.0841,969278.0841
600072.SH,20250530,12.23,0.9615,1.3365,1.3,125.8195,,1.7228,2.1874,2.1656,0.2698,0.2698,150652.1728,108333.7316,77940.5069,1842476.0733,1324921.5375
002343.SZ,20250530,7.81,12.8861,17.6568,1.32,122.2282,101.363,3.7128,10.1335,6.7357,0.0,,47494.9686,47494.9686,34662.2307,370935.7048,370935.7048
002334.SZ,20250530,7.48,3.0115,3.0854,1.53,21.2184,22.1846,2.0608,1.4074,1.4438,0.7972,,81315.082,72035.8014,70311.5571,608236.8134,538827.7945
600745.SH,20250530,33.96,0.6684,0.9966,0.69,,,1.2801,0.5743,0.5999,0.3663,0.3663,124457.8725,124457.8725,83479.7527,4226589.3501,4226589.3501
000777.SZ,20250530,19.57,10.4966,14.4278,0.82,32.719,32.2492,3.3703,4.0704,3.8958,1.0604,1.0604,38341.7593,38341.0827,27894.1648,750348.2295,750334.9884
920651.BJ,20250530,29.2,5.0909,5.0909,0.82,23.9678,23.0222,3.7843,5.9438,5.5935,2.3973,2.3973,6100.0,1527.4871,1527.4871,178120.0,44602.6233
600740.SH,20250530,3.53,0.3892,0.9041,0.99,34.3735,71.1959,0.5922,1.2048,1.2276,1.4164,1.4164,256212.1154,256212.1154,110300.67,904428.7674,904428.7674
000811.SZ,20250530,9.47,2.6381,3.6865,1.04,14.9664,15.6846,1.6238,1.4168,1.4751,0.8124,2.0307,99263.8145,96957.7424,69384.9128,940028.3233,918189.8205
603500.SH,20250530,8.77,2.1554,4.5886,0.78,38.9445,31.7547,3.1625,4.3972,4.1883,1.0872,,33478.4439,33183.3469,15587.0231,293605.953,291017.9523
600354.SH,20250530,6.11,3.2022,4.4822,1.17,64.6573,43.4109,4.5063,2.7899,2.4669,0.0,,52780.208,52780.208,37707.3403,322487.0709,322487.0709
605006.SH,20250530,6.1,0.7924,2.4577,0.96,,,1.4707,1.858,1.7757,0.8525,0.8525,61095.9502,60000.9302,19345.3578,372685.2962,366005.6742
300512.SZ,20250530,8.01,2.1371,5.7612,0.7,123.9036,141.9379,2.0153,3.2156,3.0451,1.3685,1.3685,40764.0875,32853.9651,12186.8327,326520.3409,263160.2605
300191.SZ,20250530,17.02,3.6152,4.6712,0.97,,,5.0215,11.2103,11.229,0.0,,32000.0,22119.5,17119.0,544640.0,376473.89
300807.SZ,20250530,41.34,12.747,19.9793,0.92,,,5.8071,17.1876,15.4724,0.0,,6803.9587,4905.3142,3129.6422,281275.6527,202785.689
300582.SZ,20250530,11.52,2.1218,2.3932,1.33,379.1009,343.1089,2.3392,1.2889,1.3233,0.0,0.3254,29853.6488,22156.8138,19644.3579,343914.0342,255246.495
600895.SH,20250530,24.96,0.6316,1.2826,0.56,39.3469,33.3854,2.8878,19.4904,17.3925,0.9696,0.9696,154868.955,154868.955,76265.295,3865529.1168,3865529.1168
603933.SH,20250530,14.87,1.3051,3.9707,0.99,83.5711,96.5006,2.3598,1.5938,1.5151,0.8829,0.8829,20754.4575,20754.4575,6821.4575,308618.783,308618.783
605566.SH,20250530,19.65,0.7106,1.5999,0.34,118.9973,126.9431,1.32,2.7151,2.8281,0.6107,0.6107,13334.0,13334.0,5922.1201,262013.1,262013.1
300219.SZ,20250530,6.14,1.397,2.3563,1.25,53.4335,68.6308,1.6789,1.0288,1.004,1.6287,1.6287,70794.3506,70663.5766,41894.2042,434677.3127,433874.3603
600336.SH,20250530,7.01,2.681,4.3699,0.82,,,2.2542,0.7157,0.7496,0.428,0.428,79801.4769,79801.4769,48959.7544,559408.3531,559408.3531
603150.SH,20250530,36.47,13.1619,16.2916,0.82,22.4234,21.9394,1.9127,0.9214,0.8765,0.0,,8548.3,5351.638,4323.569,311756.501,195174.2379
920547.BJ,20250530,27.2,15.2843,22.6969,1.19,49.313,44.6652,3.0983,6.2338,6.0203,0.9191,0.9191,7768.8,3560.4,2397.6,211311.36,96842.88
601199.SH,20250530,5.38,0.7626,2.1633,1.43,12.5159,12.1812,1.1243,3.2819,3.2847,2.3048,2.3048,93521.0292,93521.0292,32968.474,503143.1371,503143.1371
600936.SH,20250530,3.87,5.469,8.3297,3.87,,,14.2551,4.7585,4.8155,0.0,,167102.6239,167102.6239,109713.4757,646687.1545,646687.1545
301629.SZ,20250530,156.02,11.1604,11.1604,1.11,70.8655,72.8497,5.6511,12.8203,12.8322,,0.614,4172.7274,1043.1819,1043.1819,651028.9289,162757.24
003004.SZ,20250530,19.53,2.3422,4.5202,0.8,,,2.5297,5.2983,5.303,1.0162,1.0162,8185.9162,6580.4287,3409.7981,159870.9434,128515.7725
600161.SH,20250530,19.13,0.8388,1.6816,1.39,24.4177,25.6171,3.3232,6.2712,6.1732,0.6534,0.6534,197737.1446,197737.1446,98625.1157,3782711.5762,3782711.5762
002185.SZ,20250530,8.74,0.7924,1.0253,0.9,45.4477,51.7992,1.6982,1.9367,1.8766,0.2517,0.6636,320448.4648,320373.9793,247589.5385,2800719.5824,2800068.5791
002142.SZ,20250530,26.71,0.4649,0.9071,1.19,6.5021,6.4067,0.8392,2.6471,2.6085,2.2463,2.2463,660359.0792,659989.4866,338270.3386,17638191.0054,17628319.1871
002098.SZ,20250530,9.09,3.844,9.0818,1.0,16.1181,14.9893,2.3668,1.238,1.185,1.2101,1.2101,35800.0,35798.5,15152.2318,325422.0,325408.365
002337.SZ,20250530,5.58,2.6044,4.1463,0.97,82.5478,81.2795,2.5687,4.3263,4.4607,0.5878,0.5878,58861.575,58799.6532,36933.5732,328447.5885,328102.0649
002295.SZ,20250530,8.14,2.5957,3.7103,0.54,73.6299,72.3645,1.5015,0.5434,0.4968,0.6143,0.6143,25061.6,25029.4,17510.93,204001.424,203739.316
600080.SH,20250530,7.3,0.8475,1.136,0.58,36.5209,52.5386,1.7448,4.6542,4.7225,0.0,,37327.0285,37327.0285,27847.7933,272487.3081,272487.3081
601908.SH,20250530,3.04,3.6005,6.6639,0.73,,,0.8218,1.5989,1.9293,0.4276,0.4276,241460.2861,241460.2861,130460.4193,734039.2697,734039.2697
300074.SZ,20250530,4.43,3.0942,3.654,0.88,,,2.3925,4.9116,4.5804,0.0,,54379.02,54213.2288,45907.051,240899.0586,240164.6036
600179.SH,20250530,2.74,1.1435,1.565,0.81,18.9936,14.4807,1.0527,1.5358,1.4538,0.0,,423152.6979,374423.6495,273563.3988,1159438.3922,1025920.7996
920123.BJ,20250530,20.65,14.8614,17.6579,0.93,50.7449,49.9762,6.0063,3.3146,3.1071,0.745,1.1175,11154.0,4454.6333,3749.1367,230330.1,91988.1776
300937.SZ,20250530,28.86,10.1994,12.6328,1.07,168.7797,243.9759,3.234,0.6302,0.6449,0.7623,0.7623,9566.6682,6264.7347,5057.9847,276094.0443,180800.2434
603960.SH,20250530,19.6,7.4303,11.9322,0.66,93.6249,97.1616,4.6053,8.8005,9.061,0.6837,0.6837,26302.35,26219.79,16327.4491,515526.06,513907.884
603689.SH,20250530,8.35,0.4457,1.4019,0.68,12.3052,12.5248,1.2861,0.7059,0.72,4.0877,4.1916,49019.3073,48530.0063,15427.2255,409311.216,405225.5526
603002.SH,20250530,5.61,1.627,3.4706,1.16,125.719,140.8039,1.8445,2.9669,2.8681,0.8913,0.8913,113407.8509,113407.8509,53164.5774,636218.0435,636218.0435
600584.SH,20250530,32.16,0.7024,0.9067,0.82,35.7533,34.3012,2.0695,1.6002,1.4965,0.3109,0.3109,178941.457,178941.457,138629.1648,5754757.2571,5754757.2571
688606.SH,20250530,64.55,1.0107,2.4205,0.72,16.9192,16.0476,1.2963,5.9055,5.8477,4.5456,4.5456,7928.0855,7928.0855,3310.5077,511757.919,511757.919
688621.SH,20250530,55.8,8.6267,11.9132,1.34,35.227,46.5574,6.0663,5.7949,5.9123,0.2957,0.2957,11200.0,11200.0,8110.27,624960.0,624960.0
600535.SH,20250530,16.33,1.1697,2.3494,1.56,25.5301,25.0298,2.0467,2.8708,2.8687,4.0416,3.2456,149395.0005,149395.0005,74378.1968,2439620.3582,2439620.3582
920305.BJ,20250530,11.84,5.1381,8.3339,0.89,,,2.511,31.0974,96.7861,,,13237.6125,8110.0875,5000.1718,156733.332,96023.436
301275.SZ,20250530,53.3,8.593,8.593,1.48,31.6993,32.5784,5.7851,5.0184,5.0103,,,42240.0,3176.0754,3176.0754,2251392.0,169284.8188
002779.SZ,20250530,99.9,3.0433,5.3936,0.73,203.9104,173.8013,16.7973,13.5822,13.3958,0.1502,0.1502,13200.0,11843.4525,6682.5,1318680.0,1183160.9048
002962.SZ,20250530,13.93,2.3556,2.7731,1.27,62.3889,74.1041,2.2146,3.7481,3.7269,1.4417,1.4417,29166.5352,20918.4005,17769.1653,406289.8353,291393.319
603065.SH,20250530,9.63,22.0344,32.8738,1.64,102.5094,111.3844,1.957,2.6826,2.7,1.3499,1.3499,41896.7572,19667.3455,13182.4898,403465.7718,189396.5372
300770.SZ,20250530,40.3,1.6374,3.0161,2.75,14.0364,13.7673,2.4645,5.8489,5.8269,7.8643,7.8643,22913.0909,22913.0909,12439.2614,923397.5633,923397.5633
600925.SH,20250530,5.07,0.367,0.507,0.98,25.2129,30.5967,2.1593,2.4627,2.4856,4.142,4.142,688888.8889,160604.8586,116256.994,3492666.6667,814266.6331
688381.SH,20250530,20.88,1.1163,1.3146,0.64,,,1.9227,9.8201,9.3839,0.7031,0.7031,24750.0,18354.64,15585.64,516780.0,383244.8832
002564.SZ,20250530,5.77,6.5979,9.5219,1.65,206.1621,179.7022,31.5377,2.0115,2.0327,0.0,,85890.4477,85890.4477,59515.5589,495587.8832,495587.8832
300358.SZ,20250530,7.49,1.5458,2.5406,0.98,,,1.0573,0.7584,0.8008,1.3351,1.3351,59030.4736,57618.6453,35057.5039,442138.2473,431563.6533
600369.SH,20250530,4.15,0.3732,0.6556,1.11,39.4301,38.5474,1.0621,10.7486,10.6252,1.3253,1.3253,664510.9124,631510.9124,359465.4207,2757720.2865,2620770.2865
301015.SZ,20250530,17.9,0.8673,3.9637,1.05,13.6042,15.4085,4.7998,1.1623,1.1371,4.2569,4.257,52561.9398,52555.1898,11499.1898,940858.7224,940737.8974
300450.SZ,20250530,19.93,0.8808,1.2934,0.83,109.1001,359.3883,2.6041,2.6329,2.681,1.7086,1.7086,156616.3034,155942.1113,106192.5467,3121362.9268,3107926.2782
600359.SH,20250530,6.87,2.4761,4.1488,1.05,82.3395,244.586,3.7239,4.5836,4.6525,0.0,,38151.282,38151.282,22769.7245,262099.3073,262099.3073
601949.SH,20250530,6.44,0.4619,2.0146,1.07,19.0406,19.764,1.2812,2.0039,2.0441,2.3758,2.3758,190396.8054,190396.8054,43654.2902,1226155.4268,1226155.4268
603899.SH,20250530,29.51,0.3788,1.0557,0.77,19.531,20.4336,3.2936,1.1252,1.1365,2.7107,3.3592,92382.842,92382.842,33145.3362,2726217.6674,2726217.6674
000862.SZ,20250530,5.49,3.8262,5.0315,1.09,57.9837,44.3194,1.1666,3.9818,3.9426,0.0,,91795.4696,62796.7088,47754.4231,503957.1281,344753.9313
300048.SZ,20250530,5.72,5.0328,6.1909,0.88,620.3817,232.8941,3.6879,1.3373,1.0111,0.0,,111670.1357,111562.6982,90694.1564,638753.1762,638138.6337
002976.SZ,20250530,23.15,2.4659,4.02,1.32,,,3.5756,1.5809,1.4697,0.6452,,12117.15,6521.625,4000.405,280512.0225,150975.6188
300030.SZ,20250530,6.36,3.2271,3.9735,1.37,,,3.1998,3.3827,3.5386,0.0,,30918.7315,25992.4674,21109.631,196643.1323,165312.0927
300387.SZ,20250530,8.31,1.9663,3.2328,0.81,25.6657,26.5384,1.75,1.9449,1.9621,0.722,0.8424,28905.7018,28895.6645,17575.5317,240206.382,240122.972
603687.SH,20250530,7.22,2.0389,4.0419,0.68,37.3737,33.5789,1.2083,1.8633,1.8425,0.669,0.669,55003.1864,55003.1864,27745.9753,397123.0058,397123.0058
002722.SZ,20250530,15.33,4.5731,7.0815,0.91,20.0952,20.4274,1.211,1.2914,1.3462,1.2393,1.2393,20658.8727,17550.2896,11333.6725,316700.5185,269045.9396
301297.SZ,20250530,42.88,10.9573,10.9573,0.72,133.2729,127.8725,9.3239,18.5918,17.4041,0.1866,0.1866,33839.0,13839.0,13839.0,1451016.32,593416.32
002111.SZ,20250530,10.23,2.7647,4.1864,0.94,72.9306,81.0805,1.7762,1.8848,1.8391,1.4203,1.4203,53200.5861,47819.1069,31579.1734,544241.9958,489189.4636
600229.SH,20250530,6.91,0.4825,1.2361,0.72,54.6585,76.4742,1.4301,1.9067,1.9562,3.8463,3.8463,67120.8,67120.8,26198.1719,463804.728,463804.728
920351.BJ,20250530,31.97,17.8699,17.9463,0.87,160.5082,114.259,6.1301,1.355,1.3121,0.3128,0.3128,8803.5439,3526.0439,3511.034,281449.2985,112727.6235
688099.SH,20250530,66.85,0.902,1.157,1.01,34.155,31.809,4.2107,4.737,4.619,,,41993.564,41993.564,32739.4553,2807269.7534,2807269.7534
300352.SZ,20250530,4.91,2.1445,2.2456,1.11,,,5.2908,13.7762,15.889,0.0,,144982.4087,122194.3382,116695.0543,711863.6267,599974.2006
600248.SH,20250530,3.81,0.3612,1.1298,0.82,4.8499,5.0822,0.5701,0.095,0.0979,5.2493,5.2493,376758.2286,370573.9286,118466.4071,1435448.851,1411886.668
605066.SH,20250530,7.08,2.3316,4.1531,1.43,29.5529,28.3327,2.0917,1.229,1.2261,4.2468,4.9455,50661.7875,50243.3125,28207.2275,358685.4555,355722.6525
301502.SZ,20250530,39.85,4.0623,6.171,0.59,67.6041,67.4474,2.7275,4.7057,4.6753,1.3174,1.3174,5708.35,2430.625,1600.0625,227477.7475,96860.4063
003018.SZ,20250530,10.88,1.4883,2.6032,0.89,20.0332,19.2827,1.8545,3.1704,3.2504,1.8382,2.7574,26000.0,13275.0275,7589.6325,282880.0,144432.2992
301601.SZ,20250530,32.13,7.2635,7.2635,1.04,41.8356,43.9193,3.5279,6.8134,6.1517,,,14048.0,2997.2106,2997.2106,451362.24,96300.3766
603556.SH,20250530,26.97,0.7929,2.2712,0.73,13.0879,14.1138,1.8063,2.7803,2.8511,4.0786,4.0786,48626.417,48626.417,16976.5074,1311454.4665,1311454.4665
002727.SZ,20250530,16.88,8.3996,10.978,0.47,86.6054,306.1375,1.3178,0.5492,0.5595,2.4118,,58560.4125,39731.2433,30399.4531,988499.763,670663.3869
002959.SZ,20250530,47.8,1.3147,3.8736,0.7,26.0833,28.1423,2.6093,1.5776,1.5367,2.4829,,15703.8674,15438.0299,5239.828,750644.8617,737937.8292
688435.SH,20250530,29.21,2.7391,3.0663,0.98,,,2.2143,12.8043,12.9144,,,8350.0,4614.7915,4122.3197,243903.5,134798.0597
001270.SZ,20250530,34.81,2.4077,2.4077,0.73,,530.4336,5.1497,34.1053,25.4239,0.4339,,20725.6561,10139.1963,10139.1963,721460.0888,352945.4232
002159.SZ,20250530,14.8,1.1725,1.7085,0.76,18.4822,18.9666,1.8815,3.7894,3.8447,1.4865,1.4865,17730.1325,13846.1713,9501.8413,262405.961,204923.3352
688127.SH,20250530,22.38,0.8116,1.7291,0.72,40.917,38.1071,4.8071,8.7249,8.0373,0.8901,0.8901,40319.24,40319.24,18925.2179,902344.5912,902344.5912
603192.SH,20250530,21.42,10.5075,35.3937,1.06,24.2736,23.4081,1.9189,1.132,1.1579,0.8255,0.8255,14115.3667,13866.6667,4116.6667,302351.1547,297024.0007
603893.SH,20250530,144.3,0.9825,2.4151,0.71,101.6165,82.053,16.0694,19.2732,17.3788,0.1384,0.3116,41890.37,41873.22,17035.3368,6044780.391,6042305.646
002822.SZ,20250530,3.38,0.8275,0.8444,0.88,,,2.9545,1.0706,1.2153,0.0,,73467.6391,56245.8266,55115.5808,248320.6202,190110.8939
688165.SH,20250530,23.5,2.1265,5.39,0.97,,,7.7811,8.9294,9.5023,,,52178.0,52178.0,20585.4622,1226183.0,1226183.0
600791.SH,20250530,4.51,1.4999,2.743,0.98,,,3.5561,0.3742,0.3645,,,45288.0,45231.3696,24733.0051,204248.88,203993.4769
301446.SZ,20250530,21.66,4.239,4.239,1.44,31.1152,28.661,1.966,4.8078,4.8588,1.172,0.9234,10400.0,3177.2,3177.2,225264.0,68818.152
000544.SZ,20250530,8.31,0.5916,2.3885,1.33,7.8472,8.3212,0.9332,1.488,1.6047,2.1661,2.1661,97468.4488,97468.4488,24142.7944,809962.8095,809962.8095
000681.SZ,20250530,19.81,2.842,3.9304,0.54,116.482,114.6103,3.8691,17.1089,16.804,0.1462,0.1462,70057.7436,67609.3793,48887.758,1387843.9007,1339341.8039
600210.SH,20250530,6.53,1.3358,1.8228,0.63,12.2455,12.0638,1.5655,0.9311,0.9207,3.8285,3.8285,151673.6158,151673.6158,111152.8382,990428.7112,990428.7112
920363.BJ,20250530,18.3,10.628,15.0533,1.18,,,5.0259,11.2868,10.6643,1.1384,,9545.0,5188.937,3663.5,174673.5,94957.5471
600137.SH,20250530,18.09,8.808,21.4233,0.52,75.1494,62.8711,3.1948,4.631,4.7167,0.995,0.995,9721.7588,9721.7588,3997.0133,175866.6167,175866.6167
300250.SZ,20250530,14.81,3.2016,3.6311,0.95,,,6.1075,12.6114,14.1918,0.0,,21406.7479,15767.4797,13902.5648,317033.9364,233516.3744
600909.SH,20250530,5.48,0.4125,0.7811,0.97,17.2582,14.8127,1.1381,5.643,4.9854,1.8323,1.8323,467839.8199,467839.8199,247044.6463,2563762.2131,2563762.2131
688610.SH,20250530,35.3,0.4831,0.8576,0.85,152.6668,158.1393,1.6425,9.6689,9.2245,0.5559,0.5559,6800.0,4025.2568,2267.6498,240040.0,142091.565
603017.SH,20250530,9.81,13.0371,23.2514,3.15,52.7431,63.3055,1.8235,2.0282,2.1686,1.0064,1.0064,27590.5778,27590.5778,15470.0056,270663.5682,270663.5682
300194.SZ,20250530,4.16,3.2301,3.4873,1.21,17.686,21.8618,1.1284,2.0695,2.4145,1.2019,1.2019,118971.2382,96789.0798,89651.5943,494920.3509,402642.572
300350.SZ,20250530,6.06,7.8383,8.3591,1.11,198.6873,,3.7265,10.1879,9.7568,0.0,,56201.2279,47156.5417,44218.5838,340579.4411,285768.6427
000639.SZ,20250530,3.35,10.7066,13.3866,0.83,,,1.2382,0.7272,0.7671,0.0,,107942.8095,107942.6247,86332.2604,361608.4118,361607.7927
300152.SZ,20250530,2.53,5.1033,5.1033,1.08,,,7.6501,9.4878,8.3856,0.0,,71280.0,71249.8481,71249.8481,180338.4,180262.1157
600302.SH,20250530,5.56,2.6378,4.6092,1.33,,,2.9877,4.3101,4.5198,0.0,,34600.9804,34600.9804,19801.8356,192381.451,192381.451
300448.SZ,20250530,6.46,3.1721,3.1978,0.94,,,3.45,12.6886,13.5291,0.5042,0.2292,67651.7079,49377.3902,48979.8024,437030.033,318977.9407
002383.SZ,20250530,9.8,18.6132,32.2818,2.41,,,4.3336,6.0543,5.7327,0.0,,74036.0305,74036.0305,42688.047,725553.0989,725553.0989
603681.SH,20250530,16.95,15.9267,28.2453,0.92,19.8404,25.8938,1.2786,0.5221,0.5052,0.8512,0.8512,19113.1005,19113.1005,10777.3185,323967.0535,323967.0535
300426.SZ,20250530,9.38,1.2186,1.7719,1.08,,,8.6808,22.3157,24.0035,0.0,,45524.221,40000.0,27509.4624,427017.193,375200.0
688045.SH,20250530,32.32,3.9186,6.2101,0.84,,,1.6548,3.2794,3.3404,,,6983.7819,3769.5069,2378.5884,225715.831,121830.463
920946.BJ,20250530,13.22,4.7056,17.0105,0.85,45.6033,47.8575,4.8568,10.5073,10.7497,1.2103,1.059,42691.834,42678.709,11806.275,564386.0455,564212.533
300787.SZ,20250530,11.89,1.8658,2.4178,0.89,48.5941,42.296,2.5794,1.6843,1.5002,1.6353,1.4017,31343.2748,19095.8588,14736.3107,372671.5374,227049.7611
002296.SZ,20250530,10.76,3.6763,3.8225,1.11,15.2689,14.5049,1.7945,3.2958,3.276,0.9294,1.8587,38958.042,34741.5444,33413.1119,419188.5319,373819.0177
300406.SZ,20250530,13.57,1.1405,2.0501,1.0,14.9889,16.1205,2.0959,4.8125,5.0375,1.4709,2.9299,58832.6594,42432.7783,23605.4769,798359.1881,575812.8015
300625.SZ,20250530,11.63,0.6182,0.9824,0.8,67.5572,174.8622,1.572,1.5633,1.6121,5.1591,,27933.1,16312.4956,10264.7403,324861.953,189714.3238
688448.SH,20250530,28.9,4.2759,6.2967,0.96,40.2058,44.6153,2.0272,4.3277,4.3801,,,7165.23,4797.23,3257.6823,207075.147,138639.947
688595.SH,20250530,35.76,1.6907,2.9271,0.87,,,7.5712,7.252,7.1799,,,14242.5592,14242.5592,8226.8039,509313.917,509313.917
600618.SH,20250530,9.22,0.6106,2.1695,1.04,13.541,13.2058,1.1944,1.3027,1.3593,2.1692,2.1692,115639.9976,74983.9976,21103.4329,1066200.7779,691352.4579
688778.SH,20250530,44.2,0.5954,1.79,1.07,37.6423,37.2361,2.0982,1.3987,1.4334,1.5804,1.5804,42077.1001,42077.1001,13996.8848,1859807.8244,1859807.8244
605169.SH,20250530,10.81,1.1732,4.5407,0.63,17.6635,15.8022,1.5727,1.1109,1.0345,1.8364,1.8364,28288.0,28288.0,7308.8723,305793.28,305793.28
688366.SH,20250530,52.15,0.2441,0.5433,0.81,28.9241,29.4301,2.1452,4.508,4.5544,2.1164,2.1164,23319.3695,19405.1855,8720.3855,1216105.1194,1011980.4238
000635.SZ,20250530,8.38,1.6104,3.3031,0.76,,,2.4894,1.3776,1.3847,0.0,,30348.6737,30308.7602,14776.4915,254321.8856,253987.4105
603070.SH,20250530,12.52,1.1628,4.4666,0.49,52.2761,50.9719,2.3515,2.4763,2.5114,1.1981,1.1981,40100.0,39541.6908,10294.0101,502052.0,495061.9688
002923.SZ,20250530,12.52,6.7269,13.1521,1.05,105.1286,330.2631,3.7988,3.5462,3.7073,1.5974,1.1981,33489.3286,25808.4833,13200.2343,419286.3941,323122.2109
603810.SH,20250530,15.36,1.1685,2.1252,0.61,,,1.6852,2.4319,2.3009,0.0,,16524.5996,16524.5996,9085.726,253817.8499,253817.8499
300840.SZ,20250530,21.75,13.2806,15.0647,1.21,58.8946,,4.0886,7.367,7.495,0.2299,0.2299,24000.0,17708.5135,15611.3513,522000.0,385160.1686
003008.SZ,20250530,20.18,1.4616,2.4122,1.05,24.5305,23.6651,2.0144,9.482,9.3334,2.8779,4.9554,10400.0,7784.8325,4716.8136,209872.0,157097.9199
688198.SH,20250530,109.68,0.2178,0.8197,1.28,102.9829,88.3766,12.801,30.0262,28.6627,0.7251,0.7294,13739.5148,13739.5148,3649.8297,1506949.9833,1506949.9833
601126.SH,20250530,15.7,1.166,2.0866,1.39,18.2819,16.858,3.0938,1.8821,1.8084,3.817,4.586,83326.8,81885.37,45757.6194,1308230.76,1285600.309
688125.SH,20250530,32.9,2.4487,2.4487,1.17,,,1.4248,3.7722,3.8261,0.4559,0.4559,8153.578,2182.808,2182.808,268252.7162,71814.3832
002306.SZ,20250530,1.92,3.4914,4.2436,0.62,,,,5.652,4.5766,0.0,,86976.25,81396.0387,66968.1957,166994.4,156280.3943
920832.BJ,20250530,8.13,1.8136,1.8914,0.75,106.4066,152.8397,1.4964,2.5833,2.5577,0.96,0.96,13876.3865,12252.0083,11747.5881,112815.0222,99608.8275
600718.SH,20250530,9.67,1.2421,1.5725,0.94,184.6199,254.6754,1.2239,1.0069,1.0053,1.324,1.324,120370.3468,120370.3468,95081.7507,1163981.2536,1163981.2536
300530.SZ,20250530,35.63,10.9468,34.1176,0.88,,,44.5678,48.7828,46.8472,0.0,,17195.1354,15827.4414,5078.3054,612662.6743,563931.7371
603997.SH,20250530,13.61,0.4249,0.8344,0.71,,,3.5668,0.7743,0.783,0.0,,126607.6241,126607.6241,64470.9363,1723129.764,1723129.764
301526.SZ,20250530,3.63,1.2283,1.8331,0.91,,,1.7093,1.8594,1.7789,0.8264,0.8264,377087.8048,140439.2923,94102.707,1368828.7314,509794.631
000998.SZ,20250530,10.2,1.7251,2.0881,1.93,131.6308,429.5846,2.4168,1.7498,1.8968,0.4393,0.4393,146944.8061,131505.0546,108644.9034,1498837.0222,1341351.5569
300135.SZ,20250530,3.74,1.2491,1.9329,1.06,154.5489,163.1381,3.5613,1.7501,1.9176,0.0,,92160.0,92160.0,59559.1872,344678.4,344678.4
600410.SH,20250530,9.33,6.5074,6.5074,0.71,424.1063,30.0366,2.2487,2.3955,2.3978,0.0,,109649.4683,109649.4683,109649.4683,1023029.5392,1023029.5392
600654.SH,20250530,2.95,1.3115,2.0383,1.11,423.6782,962.1103,5.0812,2.7817,2.6643,0.0,,287660.756,229976.9336,147977.4273,848599.2302,678431.9541
601566.SH,20250530,8.93,0.7174,2.5834,1.0,29.1223,19.7539,1.24,1.6131,1.6361,3.3595,3.3595,57463.715,57463.715,15957.561,513150.975,513150.975
688023.SH,20250530,46.31,2.4356,3.3932,1.13,,,1.9414,2.3185,2.2846,,,10227.2396,10206.5545,7326.0971,473623.4659,472665.5389
603496.SH,20250530,24.66,2.4182,3.3574,0.9,294.1018,,5.8654,7.0679,8.0364,0.3041,0.1622,32020.9243,32020.9243,23063.496,789635.9932,789635.9932
300177.SZ,20250530,10.66,9.0315,9.7714,1.33,,3240.6923,5.1891,6.5047,6.3202,0.0,,74416.9066,60630.3251,56039.5369,793284.2244,646319.2656
603966.SH,20250530,9.66,3.9119,7.7646,0.98,20.9353,19.8041,2.1366,1.6416,1.5941,2.3697,2.3697,36182.4343,36083.3743,18179.2957,349522.3153,348565.3957
002739.SZ,20250530,10.94,0.7348,1.1482,0.49,,,2.9984,1.8689,1.7437,0.0,,211177.8708,208538.543,133451.1668,2310285.9066,2281411.6604
300572.SZ,20250530,18.87,4.0449,4.3975,0.62,,,2.4161,9.6407,9.8675,0.1049,0.1049,22898.8812,18359.6561,16887.4139,432101.8882,346446.7106
002125.SZ,20250530,9.73,0.6656,1.1521,0.79,19.4435,19.52,2.0805,3.2026,3.1082,1.7266,1.6444,62948.1713,62948.1713,36366.8316,612485.7067,612485.7067
003017.SZ,20250530,24.18,3.269,3.8853,0.87,31.8625,26.6652,1.8813,2.2321,2.1068,1.8055,1.8055,8400.0,6915.8463,5818.7472,203112.0,167225.1635
600748.SH,20250530,3.16,0.3787,0.8939,0.95,,,0.5313,2.3373,2.2522,0.6646,0.6646,184456.2892,184456.2892,78138.9791,582881.8739,582881.8739
000965.SZ,20250530,3.88,4.0628,8.3682,0.84,255.6316,40.9279,0.7772,1.7015,1.764,0.5155,0.5155,110983.0895,110983.0895,53883.4999,430614.3873,430614.3873
603275.SH,20250530,41.46,5.1416,5.1416,0.58,28.7075,29.2101,2.1644,9.1247,9.0601,0.5006,0.5006,14877.1851,4194.2463,4194.2463,616808.0942,173893.4516
300838.SZ,20250530,14.07,2.2411,4.0858,1.23,105.8886,107.919,1.9383,2.0812,2.1201,1.7664,1.7664,13797.8,10175.4875,5581.3375,194135.046,143169.1091
600323.SH,20250530,24.86,0.8128,1.5001,1.74,12.1819,11.9023,1.466,1.7053,1.722,1.9308,1.9308,81534.7146,81534.7146,44176.6026,2026953.005,2026953.005
002088.SZ,20250530,11.86,0.4478,1.2664,1.02,12.6752,13.2961,2.0592,1.7231,1.804,6.729,6.729,51312.2586,50479.0071,17850.0999,608563.387,598681.0242
600103.SH,20250530,2.19,1.0716,1.5148,0.69,58.2246,52.6242,1.2539,1.8976,1.927,0.7621,0.5479,225325.5047,221232.9047,156504.7841,493462.8553,484500.0613
920663.BJ,20250530,26.5,2.8976,5.0327,0.9,34.547,33.2438,7.3009,8.9825,8.2802,1.4659,1.4659,10315.33,4866.3721,2801.878,273356.245,128958.8607
600192.SH,20250530,9.3,25.701,42.4996,2.42,,,3.6098,2.4522,2.6102,0.0,,44174.8,44174.8,26714.0716,410825.64,410825.64
300815.SZ,20250530,24.7,19.7823,48.5644,2.49,17.1117,16.7168,2.2932,1.3668,1.3334,0.8097,0.8097,39859.2,38683.8432,15757.5191,984522.24,955490.927
600363.SH,20250530,60.96,2.6035,3.2909,0.89,114.6243,109.581,6.4826,8.9055,8.6739,0.1234,0.1234,45351.445,45351.445,35877.8358,2764624.0872,2764624.0872
600743.SH,20250530,2.16,4.0497,8.8473,3.28,,,7.7324,1.0947,1.3705,0.0,,234610.0874,234610.0874,107388.2435,506757.7888,506757.7888
688339.SH,20250530,20.63,0.774,0.951,1.02,,,1.9361,13.0334,13.1271,,,23165.2081,19578.7119,15934.265,477898.2431,403908.8265
002561.SZ,20250530,8.18,1.9362,3.0482,0.86,804.9483,,1.5522,7.7636,8.3564,1.467,0.7335,41576.3,41443.9567,26324.9866,340094.134,339011.5658
002590.SZ,20250530,14.68,16.9722,32.2967,0.84,36.0712,34.5619,2.6032,1.7574,1.7087,0.0,,51905.2477,49495.6865,26010.4821,761969.0362,726596.6778
688275.SH,20250530,35.86,1.4895,1.7133,0.68,,,0.8283,0.6012,0.5231,,,12611.8463,8459.6775,7354.6763,452260.8083,303364.0352
000513.SZ,20250530,36.4,1.2625,2.1314,0.77,15.9669,15.7462,2.3232,2.786,2.8008,3.7875,3.7875,90410.043,58433.3053,34612.5429,3290925.5652,2126972.3129
603136.SH,20250530,11.4,1.077,2.0113,0.94,29.4228,28.6306,2.3878,5.743,5.7614,3.2426,2.0614,27012.671,27012.671,14464.5305,307944.4494,307944.4494
688117.SH,20250530,36.9,4.556,7.669,1.03,82.9256,51.4216,4.2932,9.0956,7.7342,0.54,0.54,11241.8556,11241.8556,6678.5684,414824.4716,414824.4716
002888.SZ,20250530,17.61,2.4975,3.62,1.07,262.7901,191.7648,7.0257,9.5884,9.158,0.3846,0.3846,14764.3412,7492.302,5169.0269,260000.0485,131939.4382
301173.SZ,20250530,43.94,6.0199,6.0199,0.91,22.5965,27.5782,2.7713,1.6031,1.6343,,,8783.4772,1686.1923,1686.1923,385945.9882,74091.2897
000791.SZ,20250530,6.31,1.0885,3.2297,1.21,12.4489,9.8772,1.4557,2.354,1.9626,0.8601,,324383.9742,160052.4785,53941.2034,2046862.8772,1009931.1393
002625.SZ,20250530,44.36,1.7487,2.8239,1.37,146.5985,143.3677,10.5206,61.3556,59.401,0.524,0.524,215458.7862,215458.0737,133422.5425,9557751.7558,9557720.1493
600373.SH,20250530,10.59,0.4994,1.1369,1.31,19.8462,22.5276,0.8195,1.5878,1.6712,7.1435,7.1435,139502.2307,134735.8719,59181.7687,1477328.6231,1426852.8834
300507.SZ,20250530,7.65,3.3823,5.4144,0.92,44.4217,44.3661,2.9123,3.6686,3.0777,0.7754,0.7754,80064.6907,77566.6748,48454.6044,612494.8839,593385.0622
605338.SH,20250530,19.49,2.1504,6.269,0.98,16.8809,17.0305,2.3561,2.7935,2.7674,2.1429,4.1047,23956.6662,23956.6662,8217.7662,466915.4242,466915.4242
603489.SH,20250530,28.98,2.5057,9.3003,0.9,106.6738,98.4844,2.5505,5.0196,5.0012,2.4606,2.4606,23501.3003,23501.3003,6331.6864,681067.6827,681067.6827
301303.SZ,20250530,13.92,1.4372,1.4394,1.14,17.7452,17.3797,1.7095,3.7906,3.6483,2.5144,2.5144,40880.0,10157.9753,10142.4691,569049.6,141399.0162
002158.SZ,20250530,17.78,0.8357,2.1685,0.79,11.0219,11.4006,2.2045,2.5875,2.6924,3.2621,3.2621,53472.4139,53360.2149,20562.4659,950739.5191,948744.6209
688356.SH,20250530,75.25,5.4848,10.9625,1.53,152.9592,167.3856,3.5696,20.097,19.7223,0.761,0.761,6065.07,6065.07,3034.5062,456396.5175,456396.5175
002637.SZ,20250530,9.46,1.0648,1.6879,0.87,32.882,26.6639,1.1756,0.4124,0.3778,1.0406,1.0406,47040.1,44272.315,27927.489,444999.346,418816.0999
601005.SH,20250530,1.28,0.3388,0.5061,0.58,,,0.6867,0.4159,0.4337,0.0,,885176.3767,831363.6567,556462.7464,1133025.7622,1064145.4806
920171.BJ,20250530,29.17,12.3877,20.7486,1.25,,,13.9659,19.2039,18.6862,,,10023.3235,6592.7008,3936.1,292380.3465,192309.0823
688443.SH,20250530,29.74,6.3591,6.3591,1.41,,,5.4508,362.3551,217.0402,,,36668.0,11404.0085,11404.0085,1090506.32,339155.2128
301390.SZ,20250530,33.28,1.6485,1.8758,0.82,56.1882,56.0467,2.0811,2.9674,2.9177,1.2019,1.2019,6000.0,2905.073,2553.073,199680.0,96680.8294
300029.SZ,20250530,5.45,1.6053,1.8404,0.75,,,,6.7819,9.8211,0.0,,20050.65,20036.025,17476.1756,109276.0425,109196.3363
002910.SZ,20250530,9.17,5.5816,10.57,1.08,,,1.6823,2.0147,2.0489,0.0,,19553.9347,17106.195,9033.0835,179309.5812,156863.8082
603357.SH,20250530,8.48,0.8048,1.54,1.08,9.2647,9.7722,1.2321,1.3459,1.4805,4.1289,4.1289,56057.7909,55560.2959,29036.4559,475370.0668,471151.3092
688233.SH,20250530,26.25,2.004,3.5972,1.16,108.6378,65.5504,2.4542,14.7674,12.7637,,,17030.5736,17030.5736,9487.8142,447052.557,447052.557
600563.SH,20250530,103.31,0.6262,1.0907,0.93,22.368,21.3659,4.1872,4.8713,4.6535,1.9359,1.9359,22500.0,22500.0,12917.9776,2324475.0,2324475.0
688016.SH,20250530,87.94,1.0645,1.7836,1.48,21.5887,24.2259,2.8186,8.9857,9.1828,4.1658,1.8763,12326.2117,12326.2117,7356.6247,1083967.0569,1083967.0569
603630.SH,20250530,24.94,3.9498,9.8332,0.52,135.7761,212.1418,2.9074,6.3199,6.4215,1.1107,1.1107,22520.458,22520.458,9045.9628,561660.2225,561660.2225
300709.SZ,20250530,38.35,2.8895,3.284,0.5,59.6266,55.1954,3.3315,3.305,3.1865,0.4172,,18607.6681,14922.6436,13129.9496,713604.0716,572283.3821
600981.SH,20250530,2.63,0.673,2.0648,0.83,200.931,37.5664,1.1729,0.1087,0.1063,0.0,,224243.3192,224243.3192,73084.2181,589759.9295,589759.9295
300888.SZ,20250530,48.38,1.7827,1.7827,0.91,40.5148,36.9959,2.5007,3.1381,2.9122,1.8603,1.3435,58232.9808,17550.5681,17550.5681,2817311.6111,849096.4847
600176.SH,20250530,11.31,0.3684,0.6834,0.99,18.519,16.0271,1.5189,2.8555,2.6708,2.4315,2.122,400313.6728,400313.6728,215765.7914,4527547.6394,4527547.6394
600637.SH,20250530,7.32,0.4396,0.8246,1.32,36.8007,36.6799,0.8127,3.1969,3.2445,2.459,2.459,336189.9817,336189.9817,179206.9386,2460910.666,2460910.666
300857.SZ,20250530,78.7,2.7006,4.3407,0.9,39.0617,38.6723,8.1206,3.6468,3.4965,0.101,0.2659,34335.7204,34238.3854,21301.7485,2702221.1955,2694560.931
600032.SH,20250530,7.83,0.7514,3.3922,0.71,33.2365,39.4309,1.5031,3.7951,3.8429,1.6092,1.6092,240467.5324,240467.5324,53267.5324,1882860.7787,1882860.7787
300138.SZ,20250530,11.21,2.5314,2.8188,0.96,57.5819,32.8339,1.7163,0.7743,0.7761,1.1987,1.1597,48310.0093,39831.3292,35771.0914,541555.2043,446509.2003
300868.SZ,20250530,29.34,1.3445,1.8802,1.05,530.8775,,2.4557,4.9309,5.3633,0.0,,12800.0,8018.8805,5734.0133,375552.0,235273.9539
688078.SH,20250530,29.65,0.9008,1.7735,0.99,65.4357,72.416,2.8682,6.5772,6.7721,1.2001,,7289.3,7289.3,3702.2115,216127.745,216127.745
920017.BJ,20250530,19.25,10.2528,18.2573,1.79,28.4022,28.3754,1.5058,3.6326,3.7018,1.2918,1.2918,12228.82,12141.79,6818.4952,235404.785,233729.4575
300249.SZ,20250530,12.9,3.7468,4.7171,1.08,,,17.6104,4.9646,4.6918,,,44048.7994,37359.6925,29674.7127,568229.5123,481940.0333
000059.SZ,20250530,5.47,0.84,1.5859,0.54,,,0.7849,0.2529,0.255,0.2559,0.2559,159944.2537,159944.2537,84712.3362,874895.0677,874895.0677
600830.SH,20250530,8.64,2.2328,3.2586,1.98,73.8238,71.0073,1.798,11.7103,10.7777,0.1736,0.1736,45432.2747,45432.2747,31131.0133,392534.8534,392534.8534
688061.SH,20250530,28.99,1.254,1.254,1.07,,,1.3698,5.8919,5.7873,0.1015,0.1015,11488.9391,4329.777,4329.777,333064.3445,125520.2352
600868.SH,20250530,2.82,1.1726,1.2627,0.92,,,2.718,14.9817,14.4328,0.0,,189814.8679,189814.8679,176264.8506,535277.9275,535277.9275
605168.SH,20250530,27.3,1.0438,2.4002,1.23,46.6754,38.8588,2.206,1.3676,1.4075,4.3652,2.6374,21081.6986,21081.6986,9168.2743,575530.3718,575530.3718
002162.SZ,20250530,4.52,9.5386,19.9138,3.92,,,5.1325,3.4523,3.5265,0.0,,91970.0965,91849.4121,43995.5601,415704.8362,415159.3427
920693.BJ,20250530,41.81,1.9146,3.1432,0.74,177.0614,194.2041,8.5873,12.312,11.534,0.0861,0.0861,7270.0,3661.0,2230.0,303958.7,153066.41
002554.SZ,20250530,2.65,1.2021,1.8894,0.78,,,1.5062,1.3551,1.5705,0.3035,0.3035,133372.0072,133347.09,84835.3279,353435.8191,353369.7885
300726.SZ,20250530,34.04,2.0931,3.5429,1.07,50.2044,54.8137,2.8121,8.842,8.7391,0.8813,,41183.9845,21443.8423,12668.4845,1401902.8324,729948.3919
603124.SH,20250530,40.94,4.4853,4.4853,0.77,33.843,33.17,3.4645,0.6859,0.6515,,,14574.5199,2863.7506,2863.7506,596680.8447,117241.9496
301382.SZ,20250530,35.76,5.7754,7.167,1.28,58.9203,57.574,4.3838,5.122,4.647,0.3438,0.3438,22038.549,13657.9625,11006.1205,788098.5122,488408.739
301515.SZ,20250530,19.36,1.1422,1.394,0.75,134.2406,365.7363,1.5517,2.5674,2.757,1.9355,1.9355,10000.0,6367.38,5217.38,193600.0,123272.4768
300279.SZ,20250530,6.47,1.7707,2.4574,1.09,60.5326,38.4282,3.1354,1.5217,1.5751,0.0,,48909.949,45883.5752,33060.9465,316447.37,296866.7315
301529.SZ,20250530,33.46,6.8483,9.8358,0.72,29.0692,27.8825,2.2964,2.1311,1.9055,0.8966,0.8815,8483.721,4523.851,3149.8003,283865.3047,151368.0545
300619.SZ,20250530,23.91,1.5613,1.897,0.86,,,2.1369,2.121,2.4445,0.8783,0.8783,13384.5891,10997.9828,9051.8186,320025.5254,262961.7687
300562.SZ,20250530,13.96,4.0836,4.4346,1.14,49.4723,42.9756,3.0702,3.0852,3.0099,1.9968,1.995,21746.6188,16112.1279,14836.856,303582.7984,224925.3055
300958.SZ,20250530,12.24,3.6314,3.8758,1.0,,,1.4648,2.4085,2.3944,0.9641,0.9641,15673.6579,9104.9427,8530.9773,191845.5727,111444.4986
603888.SH,20250530,23.04,0.9379,2.4826,0.95,51.1204,48.7599,3.3805,5.5832,5.5799,0.9158,0.9158,51902.936,51902.936,19607.895,1195843.6454,1195843.6454
300802.SZ,20250530,18.1,1.1863,1.8434,1.45,78.9752,78.4934,3.2095,7.9081,7.6824,0.868,0.868,28929.5555,19455.2335,12519.812,523624.9546,352139.7264
000401.SZ,20250530,4.52,0.5177,0.8438,0.92,,,0.4539,0.4752,0.4648,0.0,,265821.6238,159194.5595,97677.7423,1201513.7396,719559.4089
600191.SH,20250530,7.36,0.7356,1.5761,0.82,140.2664,103.119,2.168,6.9214,7.7624,0.0,,48493.2,48493.2,22632.5707,356909.952,356909.952
300355.SZ,20250530,4.13,2.4708,2.6459,1.14,187.2577,138.7305,1.5667,3.088,3.0233,0.5569,0.5569,160424.2081,136606.5794,127567.1798,662551.9795,564185.1729
920299.BJ,20250530,20.16,11.973,17.0869,0.88,74.2581,71.4253,6.7511,15.6369,15.327,2.2019,1.6466,9010.9276,4508.0484,3158.8469,181660.3004,90882.2557
300476.SZ,20250530,86.48,5.0337,7.6434,0.99,64.6252,39.9928,7.7135,6.952,5.8966,0.2188,0.3453,86268.8641,85520.8713,56321.0236,7460531.3674,7395844.95
300416.SZ,20250530,14.54,1.4946,2.2028,0.77,32.2316,32.4097,2.7585,3.6506,3.6743,1.0224,,50854.7806,50514.3444,34274.1984,739428.5099,734478.5676
600250.SH,20250530,8.63,2.5711,5.4932,0.91,58.7296,84.9313,4.414,3.4523,3.5274,0.0,,31059.3879,31059.3879,14537.4566,268042.5176,268042.5176
605358.SH,20250530,23.68,1.3241,1.7733,1.35,,,2.2603,5.1411,4.9163,0.3605,0.3605,67136.5928,67136.5928,50130.856,1589794.5175,1589794.5175
603682.SH,20250530,5.93,6.6079,15.7331,2.57,189.9202,50.4656,2.889,2.7798,2.8146,3.7099,7.4199,47250.0,47250.0,19845.0,280192.5,280192.5
605289.SH,20250530,27.84,1.7187,3.7074,0.42,,,2.3899,4.4378,4.0836,0.8993,0.8993,10961.95,10833.75,5022.3,305180.688,301611.6
301518.SZ,20250530,22.68,12.3076,14.6096,0.7,54.6683,57.9835,2.2128,1.0424,1.0715,2.2046,2.2046,14017.8204,5345.5228,4503.2257,317924.1667,121236.4571
688298.SH,20250530,25.15,3.7594,7.3084,3.96,,,0.7774,6.1241,6.058,,,20160.0,20160.0,10370.2233,507024.0,507024.0
603505.SH,20250530,21.43,0.521,1.1486,0.92,50.1761,48.9699,8.2181,4.6858,4.0772,1.8558,1.8558,60180.2523,60180.2523,27298.4246,1289662.8068,1289662.8068
600573.SH,20250530,12.23,1.9445,3.8951,0.57,47.1617,46.2967,2.3449,4.7252,4.7216,0.4906,0.4906,25000.0,25000.0,12480.5422,305750.0,305750.0
600874.SH,20250530,5.96,1.2442,2.9734,2.2,11.5951,11.5498,0.9432,1.9388,1.93,2.7852,2.7852,157041.8085,123041.8085,51485.2899,935969.1787,733329.1787
688372.SH,20250530,65.87,3.9027,4.2759,1.46,58.6429,48.6861,2.8214,6.9829,6.3806,0.4825,,11415.9795,7901.7106,7212.0975,751970.5697,520485.6772
300825.SZ,20250530,10.31,3.7895,4.4186,1.26,,,2.2954,5.2883,5.2003,0.0,,49804.0481,48441.02,41544.329,513479.7359,499426.9162
600067.SH,20250530,2.91,0.9264,1.4567,0.53,,,0.6886,0.4793,0.4725,0.0,,139166.8739,139166.8739,88510.0741,404975.603,404975.603
002039.SZ,20250530,15.89,0.9606,1.5562,0.84,31.1344,26.2825,1.7129,3.515,3.2768,1.825,1.825,42755.8126,42755.8126,26391.5181,679389.8622,679389.8622
920273.BJ,20250530,45.21,6.1784,11.3893,0.68,53.7977,50.2487,7.6881,7.5669,7.1118,0.4656,0.7887,10318.8407,6775.9167,3675.7567,466514.788,306339.194
301186.SZ,20250530,44.02,2.3575,7.236,0.89,36.2595,35.7797,2.3242,4.8603,4.8819,1.1712,1.1712,7956.9601,7435.9307,2422.6759,350265.3836,327329.6694
688721.SH,20250530,40.8,2.1804,2.1804,0.82,59.3121,64.5324,4.6588,22.0962,22.587,,0.9804,13350.0,2670.0,2670.0,544680.0,108936.0
920579.BJ,20250530,32.34,16.5507,16.5507,1.21,357.5862,506.5296,7.9528,9.1097,9.2151,0.7112,0.7112,12948.0,4457.442,4457.442,418738.32,144153.6743
300409.SZ,20250530,13.72,2.3739,2.4854,0.91,68.4218,57.5965,1.3841,1.3845,1.4294,2.0197,2.2492,78224.8953,68748.9642,65664.1535,1073245.5635,943235.7888
000930.SZ,20250530,5.52,0.4729,1.0692,0.94,408.5104,251.4819,0.9709,0.5119,0.5209,0.0,,185972.2694,185634.808,82111.4818,1026566.9271,1024704.1402
002346.SZ,20250530,13.66,1.055,2.179,2.49,82.4604,16.5533,2.1033,6.2206,6.1941,1.4451,,44157.5416,39339.9954,19048.1334,603192.0183,537384.3372
600351.SH,20250530,6.08,2.6035,3.0089,1.09,17.5369,17.9054,1.5576,1.5845,1.6826,2.5376,4.9342,70000.0046,70000.0046,60570.0046,425600.028,425600.028
300723.SZ,20250530,49.65,4.5778,12.5071,1.39,,,11.5897,15.4641,18.6217,0.4205,0.4205,45169.2766,41764.989,15286.4928,2242654.5832,2073631.7039
002178.SZ,20250530,6.17,2.6113,3.9334,1.22,,,10.3678,8.0079,8.4861,0.0,,71215.3001,71178.3158,47254.1164,439398.4016,439170.2085
003035.SZ,20250530,4.96,0.7806,2.9109,2.3,,,2.7995,5.9555,5.7422,0.1835,0.3044,378787.8787,378787.8787,101575.7575,1878787.8784,1878787.8784
600803.SH,20250530,18.96,0.3291,1.1159,1.71,13.0689,13.379,2.3769,0.4323,0.4338,4.7761,4.7761,309708.7607,282055.8602,83182.9532,5872078.1029,5347779.1094
605055.SH,20250530,7.76,5.1545,23.4457,0.63,77.2803,87.6728,2.9593,2.1627,2.1868,0.7732,,44000.0,44000.0,9673.4268,341440.0,341440.0
603338.SH,20250530,45.26,2.1235,4.8611,1.83,14.07,13.0566,2.1914,2.9385,2.7795,2.2095,2.2095,50634.7879,50634.7879,22119.4099,2291730.5004,2291730.5004
605111.SH,20250530,30.35,1.1598,1.5007,0.94,29.0061,28.4687,3.1038,6.8941,6.6143,0.6875,0.6875,41533.2567,41533.2567,32097.9901,1260534.3408,1260534.3408
301029.SZ,20250530,21.48,1.5632,2.2985,0.69,33.6864,31.6888,3.218,5.4394,5.2716,1.6963,,63420.2712,46188.3017,31412.2363,1362267.4254,992124.7205
688611.SH,20250530,29.87,1.1065,2.5375,0.85,62.7305,62.5509,5.2452,8.4632,8.4209,0.427,0.4783,15338.96,15338.96,6688.7719,458174.7352,458174.7352
003022.SZ,20250530,15.12,0.2518,0.9698,0.56,86.1354,79.3739,2.7923,3.2218,3.1954,0.5291,0.3968,133556.8,133556.8,34673.1663,2019378.816,2019378.816
603257.SH,20250530,48.1,8.5817,8.5817,1.01,37.9692,36.6797,2.3781,2.3316,2.3633,,,12000.0,2440.0163,2440.0163,577200.0,117364.784
000558.SZ,20250530,3.91,3.1143,5.0564,0.98,,,4.6203,12.2077,10.1237,0.0,,128922.3949,128868.4608,79370.1947,504086.5641,503875.6817
300334.SZ,20250530,6.58,2.049,3.4789,1.36,179.9145,175.5304,3.432,8.0815,8.1019,0.0,,30206.5356,30202.9761,17789.3096,198759.0042,198735.5827
688518.SH,20250530,15.88,1.1222,1.3124,1.0,32.7443,29.4519,1.7249,1.721,1.6466,0.9383,0.9446,34132.5095,34132.5095,29184.9493,542024.2509,542024.2509
301016.SZ,20250530,16.64,2.7413,9.0781,1.09,54.0379,54.6183,3.8,9.9287,9.897,1.0897,2.5755,21840.0,20715.0157,6255.1999,363417.6,344697.8612
600661.SH,20250530,9.9,2.2214,3.4943,0.74,,,40.8748,2.3071,2.252,0.0,,28654.883,28654.883,18216.675,283683.3417,283683.3417
603466.SH,20250530,10.15,2.7632,5.234,1.29,,,2.8829,4.3862,4.1232,1.9704,1.9704,59478.5851,59478.5851,31401.0932,603707.6388,603707.6388
603032.SH,20250530,13.4,1.3714,3.1181,1.37,,,2.862,8.5921,7.6524,0.0,,23351.468,23011.8,10120.9604,312909.6712,308358.12
600549.SH,20250530,19.4,1.2464,2.0977,1.07,17.8243,18.2048,1.8884,0.8751,0.8724,1.8417,1.8417,158758.5826,141800.65,84255.0144,3079916.5024,2750932.61
600917.SH,20250530,5.61,0.1496,0.3321,0.93,22.8829,23.0421,1.5514,0.8618,0.8577,2.0276,2.0276,156103.976,156103.976,70306.0631,875743.3054,875743.3054
000683.SZ,20250530,5.03,0.5158,0.6855,0.81,10.3276,11.829,1.262,1.4102,1.4554,5.9836,,371873.906,331810.9523,249679.212,1870525.7472,1669009.0901
001216.SZ,20250530,12.91,3.2881,10.5364,4.44,15.8597,15.5078,1.8309,2.427,2.3054,2.0139,,25186.67,25186.67,7860.0035,325159.9097,325159.9097
600703.SH,20250530,12.43,0.4661,0.7195,0.81,245.2617,179.222,1.6725,3.8504,3.678,0.2335,0.2335,498901.8727,498901.8727,323219.3001,6201350.2777,6201350.2777
002441.SZ,20250530,8.69,1.7031,2.5049,0.87,27.9509,35.7515,1.0152,0.4276,0.423,3.4522,3.4522,54454.3609,39907.9729,27133.1644,473208.3962,346800.2845
002607.SZ,20250530,2.88,3.0889,3.402,1.2,96.702,126.0793,23.2369,6.7623,7.2851,0.0,,616739.9389,502874.4315,456599.0709,1776211.024,1448278.3627
600598.SH,20250530,14.38,1.4132,3.9414,1.31,23.5125,23.8658,3.4651,4.7882,4.7887,3.0598,3.8248,177767.9909,177767.9909,63741.7788,2556303.7091,2556303.7091
600281.SH,20250530,4.79,10.4122,18.4216,0.93,,,15.3939,6.3689,5.6326,0.0,,51440.2025,51440.2025,29074.8686,246398.57,246398.57
600008.SH,20250530,3.19,1.1299,2.107,1.42,6.6372,6.5674,1.1079,1.1679,1.1744,3.1348,3.1348,734059.0677,734059.0677,393643.2234,2341648.426,2341648.426
000819.SZ,20250530,14.23,0.5592,0.8207,0.88,83.3385,95.418,2.4211,1.3762,1.2976,0.7027,,36969.7506,34880.2723,23767.0895,526079.551,496346.2748
002661.SZ,20250530,9.97,2.0135,3.35,1.1,22.7572,18.158,1.4491,0.7273,0.7564,1.9501,4.6935,33313.7742,31476.5639,18918.5365,332138.3288,313821.3421
300107.SZ,20250530,7.89,6.1239,7.6597,3.32,229.2088,345.5014,2.9607,7.3323,7.797,0.2006,0.2028,56258.4868,34718.5796,27757.22,443879.4609,273929.593
000001.SZ,20250530,11.56,0.5827,1.3858,1.4,5.0403,5.1368,0.5143,1.5292,1.5839,8.3478,8.3478,1940591.8198,1940557.185,816045.2412,22433241.4369,22432841.0586
002130.SZ,20250530,19.5,4.1288,5.2877,0.94,28.9871,26.8902,4.2618,3.5469,3.3673,0.8624,,125989.8562,124914.9054,97536.1226,2456802.1959,2435840.6553
603789.SH,20250530,5.59,2.0018,4.0346,0.84,,,7.0753,5.612,4.9897,0.0,,27045.14,26000.0,12900.4318,151182.3326,145340.0
002078.SZ,20250530,14.1,0.3559,0.6496,0.92,12.7055,12.999,1.3362,0.9675,0.9744,2.1277,2.1277,279453.5119,276488.0988,151474.5206,3940294.5178,3898482.1931
002361.SZ,20250530,6.23,3.4808,3.8213,0.78,176.0719,154.4834,2.642,2.4508,2.4324,1.6051,1.6051,95103.4969,80912.2984,73701.8989,592494.7857,504083.619
600696.SH,20250530,7.78,3.3235,10.0668,0.62,,,6.8488,9.1449,13.6547,0.0,,33446.9431,33446.9431,11042.1947,260217.2173,260217.2173
688403.SH,20250530,9.2,1.3371,1.3933,0.75,48.2551,44.3007,2.461,5.1361,4.941,1.0693,1.0179,83798.2631,57897.1408,55559.5622,770944.0205,532653.6954
601939.SH,20250530,9.03,0.6986,0.9702,1.11,6.7275,6.7977,0.7105,3.0095,3.0537,4.4297,8.8926,25001097.7486,959365.7606,690775.8134,225759912.6699,8663072.8182
603727.SH,20250530,14.04,0.9187,1.715,0.69,39.3388,50.4885,1.2496,1.4981,1.4723,1.0542,1.7531,28171.9277,28171.9277,15091.6977,395533.8649,395533.8649
002066.SZ,20250530,11.9,2.7416,4.5791,0.76,48.2063,53.8069,3.7614,0.6317,0.6551,0.8403,,23100.0,23100.0,13830.2535,274890.0,274890.0
688313.SH,20250530,28.72,3.6672,5.6913,0.75,202.9281,88.0305,10.1967,12.2629,10.0359,,,45880.2328,45880.2328,29563.1429,1317680.286,1317680.286
688336.SH,20250530,58.0,2.7533,18.3113,0.98,50.773,49.9341,6.3078,29.972,28.9011,0.1431,0.1431,61678.5793,61678.5793,9274.1491,3577357.5994,3577357.5994
301658.SZ,20250530,27.44,9.6741,9.6741,1.11,43.7097,43.137,3.6189,4.1743,4.2769,,,41237.1135,3872.8009,3872.8009,1131546.3944,106269.6567
002939.SZ,20250530,8.02,0.4518,1.2397,1.07,20.4824,17.6599,1.0561,8.0484,7.3676,1.9077,1.9077,403442.6956,348762.2957,127098.8384,3235610.4187,2797073.6115
603272.SH,20250530,17.02,1.9584,4.7974,1.39,161.8345,121.0294,3.1177,8.182,7.6707,0.8813,0.8813,10362.7,10362.7,4230.2,176373.154,176373.154
000815.SZ,20250530,11.92,3.3401,4.998,0.72,,,6.2355,9.0896,10.8512,0.0,,69526.3035,69526.3035,46463.1987,828753.5377,828753.5377
601128.SH,20250530,7.92,1.8666,2.2051,1.44,6.262,6.0532,0.8278,2.1888,2.1358,2.8696,,301498.6454,301498.6454,255213.6358,2387869.2716,2387869.2716
001239.SZ,20250530,15.44,2.1882,2.5813,0.67,46.8588,45.4938,2.7961,4.3627,3.2336,0.0,,24000.0,11400.0,9664.0682,370560.0,176016.0
000002.SZ,20250530,6.64,0.5016,0.7529,1.13,,,0.4027,0.2308,0.2479,0.0,,1193070.9471,971693.5865,647412.5074,7921991.0887,6452045.4144
300929.SZ,20250530,9.8,2.2549,2.9862,0.92,,,1.6061,4.6343,4.1006,0.2041,0.2041,13213.2956,12674.7356,9570.83,129490.2969,124212.4089
600182.SH,20250530,15.07,1.1885,1.1885,1.27,29.3977,33.7893,4.166,1.0976,1.0856,1.7916,3.9151,34000.0,17000.0,17000.0,512380.0,256190.0
603187.SH,20250530,11.7,1.0638,1.3278,1.02,12.7835,13.1763,1.0686,1.5971,1.5653,4.6593,,38641.6107,38641.6107,30960.5236,452106.8452,452106.8452
301108.SZ,20250530,31.41,5.3708,7.4372,0.57,129.736,161.6095,1.3739,4.6128,4.6638,1.1549,1.1549,8039.7323,3442.4333,2485.9407,252527.9915,108126.83
688511.SH,20250530,17.25,0.9407,2.3839,0.62,,,2.1459,22.8123,21.8582,1.6832,1.6832,10282.9142,10282.9142,4057.8411,177380.27,177380.27
002211.SZ,20250530,3.0,2.7432,4.3936,0.67,,,61.9524,3.7332,3.2526,0.0,,43247.5779,43247.5779,27002.3494,129742.7337,129742.7337
301273.SZ,20250530,23.29,2.4423,3.4322,0.97,,,1.7699,5.9111,5.9067,0.8587,0.8587,7164.1792,3462.7892,2464.0392,166853.7336,80648.3605
002771.SZ,20250530,15.6,5.6536,6.1502,0.97,463.3533,,5.0017,6.1071,6.4519,0.0,,20976.41,17451.4655,16042.359,327231.996,272242.8618
920427.BJ,20250530,13.81,3.7415,6.6875,0.63,92.4846,102.5503,4.3614,17.7802,17.967,2.0275,1.05,10309.5,5062.0164,2832.108,142374.195,69906.4465
600594.SH,20250530,3.94,2.0058,2.6192,1.0,,,1.258,1.4352,1.4838,1.6751,1.6751,79192.74,79192.74,60646.9764,312019.3956,312019.3956
603993.SH,20250530,7.2,0.5693,1.4488,0.74,11.4391,10.0474,2.101,0.7266,0.727,2.1296,2.1296,2149924.0619,1756577.2619,690277.2219,15479453.2457,12647356.2857
301037.SZ,20250530,12.17,3.8758,6.6614,0.68,,,2.7278,0.7894,0.8114,0.0,,13950.1778,6798.1499,3955.3083,169773.6638,82733.4843
600060.SH,20250530,23.87,0.5199,1.0001,0.89,13.8676,13.3514,1.5401,0.5322,0.5261,3.3748,3.3748,130497.2254,129509.4388,67324.1185,3114968.7703,3091390.3042
603156.SH,20250530,24.45,0.3038,0.7509,1.51,17.8943,20.7484,2.9012,5.0868,5.5012,6.5647,6.5647,126027.7566,126027.7566,50991.2472,3081378.6489,3081378.6489
601598.SH,20250530,5.02,0.3698,1.7199,1.1,9.3467,9.7388,0.9144,0.3467,0.3484,5.7458,5.7458,729421.6875,525591.6875,112997.9605,3661696.8713,2638470.2713
300275.SZ,20250530,12.93,6.5125,6.826,1.7,70.9791,70.3643,4.3772,7.8819,7.8141,0.1749,0.23,30515.6308,25550.8612,24377.4692,394567.1062,330372.6353
920608.BJ,20250530,19.85,1.8875,2.5479,0.66,37.4811,36.7633,2.5965,7.9406,7.7823,0.7557,0.7557,6224.0,4089.9548,3029.9124,123546.4,81185.6028
301500.SZ,20250530,20.19,2.8181,2.8181,1.17,63.2322,38.9466,1.7914,0.6459,0.6092,0.0,,40210.0778,10289.3334,10289.3334,811841.4708,207741.6413
300598.SZ,20250530,41.66,1.3796,1.8788,0.77,,,6.0193,4.5753,4.4471,0.2215,,21698.1741,21692.0975,15928.1906,903945.933,903692.7819
600577.SH,20250530,7.4,5.4345,7.3715,0.93,28.3132,27.5218,2.774,0.7125,0.682,2.2303,1.206,214915.7866,214915.7866,158442.8747,1590376.8208,1590376.8208
688798.SH,20250530,64.05,1.2898,1.6449,1.18,58.4685,52.6348,3.8017,5.0811,5.3277,0.0777,0.5152,23266.9339,13528.3943,10608.1752,1490247.1163,866493.6549
920260.BJ,20250530,13.79,1.3369,3.1043,0.89,32.0716,28.2238,3.2421,4.8423,4.7026,2.1755,2.1755,10355.0,9896.0709,4261.9309,142795.45,136466.8177
601003.SH,20250530,3.55,0.3032,1.7848,0.53,,,1.0536,0.1297,0.1353,0.0,,256279.32,256279.32,43538.1917,909791.586,909791.586
601001.SH,20250530,12.15,0.6766,1.5904,0.57,7.2418,8.0061,1.0628,1.3528,1.4737,6.5021,6.5021,167370.0,167370.0,71206.7492,2033545.5,2033545.5
300832.SZ,20250530,59.99,1.0384,2.21,1.69,25.7787,25.6205,5.9049,10.3927,10.1612,1.6669,2.167,78571.8785,68020.7526,31960.3751,4713526.9912,4080564.9485
600400.SH,20250530,2.19,1.1755,3.1537,0.99,,,1.9997,2.5673,2.6997,0.9114,0.9114,229657.1852,229137.1852,85408.0243,502949.2356,501810.4356
688213.SH,20250530,90.6,1.1196,1.2323,0.99,92.6999,63.8531,8.1722,6.1002,5.2914,0.181,0.181,40184.1572,32304.4273,29350.067,3640684.6423,2926781.1134
301393.SZ,20250530,53.57,14.1932,14.1932,1.19,43.1588,41.6158,2.5407,12.8035,11.6678,0.6947,0.7211,10800.0,4035.9,4035.9,578556.0,216203.163
600111.SH,20250530,23.27,0.5191,0.8376,0.74,83.7643,60.8327,3.6783,2.5518,2.3053,0.3008,0.3008,361506.5842,361506.5842,224026.6051,8412258.2143,8412258.2143
688410.SH,20250530,14.16,3.7379,5.6279,1.76,64.1849,61.7678,2.6326,8.0205,7.6538,0.9479,0.9479,32131.5646,23455.3572,15578.4034,454982.9547,332127.858
300621.SZ,20250530,8.73,2.0994,3.9142,1.21,219.8606,2634.8949,2.1466,0.1544,0.1907,0.1145,0.1145,20805.67,19609.2784,10517.252,181633.4991,171189.0004
300919.SZ,20250530,31.07,0.3244,0.7309,0.99,19.8481,20.8661,1.4647,0.7239,0.6979,3.5478,2.0227,93708.9814,90981.7801,40377.3252,2911538.0521,2826803.9077
301125.SZ,20250530,13.22,6.6388,6.9872,0.83,180.3049,114.4767,3.095,3.0892,3.0042,0.1617,0.1617,14175.792,5897.242,5603.242,187403.9702,77961.5392
600776.SH,20250530,10.33,0.625,1.456,0.94,85.9544,,3.778,4.4831,4.6725,0.5905,0.5905,125600.0064,95600.0064,41038.4512,1297448.0661,987548.0661
600231.SH,20250530,1.7,0.2361,0.7815,0.73,,,0.9114,0.2679,0.2887,0.0,,285216.5135,281918.5135,85162.2601,484868.073,479261.473
301102.SZ,20250530,10.22,3.2851,3.2851,0.83,54.8603,71.4704,1.3548,6.189,6.3158,0.9785,0.9785,40600.0,10150.0,10150.0,414932.0,103733.0
600155.SH,20250530,6.52,0.6313,0.7496,1.03,234.8385,4001.8621,0.735,4.3273,4.4244,0.0,,222442.9877,222442.9877,187332.5683,1450328.2798,1450328.2798
600110.SH,20250530,3.32,1.1131,1.5871,1.13,,,1.0038,1.0916,1.0219,0.0,,173518.0932,173518.0932,121698.6201,576080.0694,576080.0694
300266.SZ,20250530,2.95,2.3622,4.0025,0.75,,,70.1335,4.3608,4.395,0.0,,155380.7314,155291.4664,91651.1081,458373.1576,458109.8259
601996.SH,20250530,2.14,1.1669,1.976,0.88,,,0.9318,1.1874,1.2355,5.6075,5.6075,112091.4416,112091.4416,66196.8416,239875.685,239875.685
001212.SZ,20250530,57.53,11.4691,16.4159,1.89,338.0167,870.2003,6.0629,19.3749,21.5012,0.1714,0.1232,17926.9696,15248.3278,10653.3903,1031338.5611,877236.2983
688296.SH,20250530,12.21,2.6059,4.4801,1.27,,,1.9444,2.757,3.0106,,,10824.066,10739.316,6246.6386,132161.8459,131127.0484
002673.SZ,20250530,7.41,0.4597,0.7982,0.96,23.6019,22.1079,1.1401,4.9344,5.2296,1.3495,1.6191,446958.1705,410919.4608,236671.4325,3311960.0434,3044913.2045
603926.SH,20250530,12.36,3.614,7.184,0.58,28.1827,28.2492,1.7555,1.2107,1.2158,3.0016,2.1036,23510.2531,22953.2531,11546.8442,290586.7283,283702.2083
002448.SZ,20250530,8.39,13.6938,14.398,2.99,24.2108,21.8445,1.3745,1.4914,1.4413,1.5495,1.5495,58840.9646,48687.6658,46306.6493,493675.693,408489.5161
300347.SZ,20250530,49.54,3.9182,4.3587,1.5,105.2843,127.124,2.0982,6.4599,6.5552,1.1471,1.1471,86102.605,56621.4206,50898.8877,4265523.0517,2805025.1765
600370.SH,20250530,1.96,0.7862,4.2012,0.71,,,1.4573,0.3164,0.3304,0.0,,389663.0391,389663.0391,72917.4808,763739.5566,763739.5566
603690.SH,20250530,25.02,4.0969,5.8377,0.86,406.7717,,1.9987,2.6629,2.7262,0.7729,0.7729,38364.465,38296.425,26876.3607,959878.9143,958176.5535
600783.SH,20250530,11.96,0.7105,2.3351,1.71,54.9766,32.3216,2.0028,106.0278,99.7915,0.9197,0.9197,74435.9294,74435.9294,22649.7417,890253.7156,890253.7156
920706.BJ,20250530,20.45,8.0374,13.2637,1.16,36.9285,39.4317,3.3236,4.1468,4.2064,1.2225,1.2225,9240.5245,4234.687,2566.0745,188968.726,86599.3492
600511.SH,20250530,30.01,0.5007,0.9169,0.72,11.3206,11.3231,1.2875,0.4475,0.4423,2.8457,2.8457,75450.2998,55334.6424,30215.7901,2264263.497,1660592.6184
920066.BJ,20250530,31.06,7.7636,7.7636,1.3,40.2345,40.0468,5.1024,4.3023,4.1272,,1.1498,6285.3326,1705.4251,1705.4251,195222.4306,52970.5036
002660.SZ,20250530,8.92,3.2036,4.5796,0.71,47.1389,56.677,2.4533,2.4564,2.3852,1.1211,1.1211,35662.6019,25708.4939,17984.166,318110.4089,229319.7656
600288.SH,20250530,8.99,1.093,1.5559,0.9,,,2.1501,2.2276,2.1458,0.1335,0.1335,43680.0,43680.0,30684.0,392683.2,392683.2
603122.SH,20250530,6.77,0.9629,2.1399,0.76,97.7576,186.731,2.3128,2.8695,3.0754,0.8863,0.8863,39805.2633,39805.2633,17911.4748,269481.6325,269481.6325
600079.SH,20250530,22.18,0.9888,1.4451,0.66,27.2253,26.1638,1.9963,1.4233,1.4363,2.7504,2.7504,163222.5965,154317.877,105588.1645,3620277.1904,3422770.5119
920556.BJ,20250530,10.85,2.8309,3.8724,0.69,69.5778,65.9608,3.4599,5.4751,5.2338,2.7534,0.9178,16131.52,11816.5939,8638.4489,175026.992,128210.0438
300996.SZ,20250530,14.47,2.4659,3.2042,1.15,33.7465,39.333,3.3052,4.8937,5.006,0.495,0.7355,28277.6048,23688.4849,18229.9389,409176.9415,342772.3765
301202.SZ,20250530,38.93,9.6336,10.1058,0.85,58.2143,52.1012,4.4384,4.1195,3.9833,1.0275,1.2844,13640.0,3718.0,3544.25,531005.2,144741.74
300384.SZ,20250530,17.2,1.3071,1.871,0.99,17.238,17.1673,2.0512,5.109,5.3591,4.4419,4.4419,31900.7265,22000.0215,15368.9282,548692.4958,378400.3698
603776.SH,20250530,18.11,2.5283,4.5408,1.17,,,1.4657,9.5174,10.1771,1.5799,1.5799,24060.1181,24060.1181,13396.552,435728.7388,435728.7388
603538.SH,20250530,15.0,7.0226,9.6053,1.26,49.3577,44.5688,1.5268,2.4019,2.3781,0.1327,0.1327,21982.8267,21331.4967,15595.9053,329742.4005,319972.4505
002302.SZ,20250530,5.94,0.6107,1.6115,1.23,,,0.8686,0.3685,0.3742,1.936,1.936,126235.4304,126235.4304,47836.009,749838.4566,749838.4566
688739.SH,20250530,26.19,0.545,1.2195,1.41,31.8149,32.6967,1.132,6.5067,6.5313,3.0209,3.0209,41645.0,41163.5351,18397.1587,1090682.55,1078072.9843
688523.SH,20250530,19.43,3.0385,3.0385,1.46,77.8377,73.5708,4.8159,15.5611,15.037,1.0231,1.0231,40688.0,9468.6111,9468.6111,790567.84,183975.1137
301219.SZ,20250530,43.81,1.2868,1.9724,0.99,18.8427,19.4253,1.4701,1.9735,1.99,3.3664,1.1358,29471.7182,17192.9326,11216.1876,1291155.9743,753222.3772
920871.BJ,20250530,15.09,1.5194,2.5677,0.75,43.8199,47.3567,5.1157,7.6469,7.3765,1.15,1.2049,8498.5577,4418.7733,2614.7496,128243.2357,66679.2891
002356.SZ,20250530,3.08,1.581,2.2778,1.33,,,7.2854,9.9333,7.4675,0.0,,131125.4521,131125.4521,91013.8462,403866.3925,403866.3925
300160.SZ,20250530,5.38,1.125,1.9087,1.13,18.9536,18.0842,1.6425,2.6206,2.5342,1.8587,1.8587,77294.6292,76235.9517,44931.9261,415845.1051,410149.4201
600223.SH,20250530,7.81,2.4144,5.2808,0.85,32.602,33.7559,1.9105,1.9935,2.0008,1.9206,1.9206,101656.8775,101656.8775,46478.3575,793940.2133,793940.2133
002685.SZ,20250530,7.08,4.9137,6.3195,0.78,57.9825,52.2526,4.5587,6.0244,5.7218,0.0,,100769.0641,100751.2291,78337.8139,713444.9738,713318.702
688315.SH,20250530,13.87,1.498,4.0409,1.48,29.3345,28.3881,2.2797,2.7342,2.6914,0.336,0.336,41620.0,41620.0,15428.323,577269.4,577269.4
603027.SH,20250530,11.87,1.1674,2.1939,0.85,23.7268,23.4675,3.2012,3.9693,4.0536,4.2123,2.5274,102773.1086,96124.259,51149.1359,1219916.7991,1140994.9543
000970.SZ,20250530,10.72,1.0233,1.3565,0.86,1085.3447,104.9003,2.0265,1.9305,1.9868,0.4664,0.1847,121572.5773,121572.5773,91714.4624,1303258.0287,1303258.0287
600692.SH,20250530,6.94,2.3874,2.5643,0.9,384.062,,2.6333,3.6973,3.9951,0.2882,0.2882,35176.4064,25501.0517,23742.2313,244124.2604,176977.2988
603113.SH,20250530,6.56,0.9885,1.9629,0.78,,131.2608,0.6547,0.342,0.3208,1.4329,1.4329,84795.2378,84795.2378,42699.7634,556256.76,556256.76
688237.SH,20250530,24.59,1.7578,2.1522,1.1,169.671,,1.7955,5.4595,5.5609,1.3631,1.3631,8960.331,4408.6271,3600.7283,220334.5393,108408.1404
000821.SZ,20250530,10.9,0.9274,1.2058,1.05,15.8337,17.2282,1.6404,0.7783,0.8028,0.7958,0.7958,62287.4778,60465.0764,46503.138,678933.508,659069.3328
002782.SZ,20250530,12.06,1.02,2.5437,1.21,25.8203,23.9232,3.0089,1.2663,1.221,0.6615,1.2322,49280.9413,49107.86,19692.2323,594328.1521,592240.7916
920116.BJ,20250530,66.5,6.1594,6.1594,0.7,125.0381,123.2149,21.2896,36.8482,35.4741,,0.16,15977.5,3657.5,3657.5,1062503.75,243223.75
000567.SZ,20250530,5.47,0.2834,1.155,0.81,32.3874,55.1466,2.0102,12.4117,14.5028,5.3584,5.3584,195459.2155,194993.0556,47846.3763,1069161.9088,1066612.0141
300402.SZ,20250530,19.09,12.0117,26.2121,1.98,68.8792,68.3984,3.1758,2.7621,2.8384,0.5171,0.5171,24679.0497,24361.8497,11163.8497,471123.0588,465067.7108
002849.SZ,20250530,15.15,2.8937,3.4606,0.87,99.3857,99.2092,2.5081,2.5763,2.4954,0.264,0.264,22063.4016,18990.5445,15879.8737,334260.5342,287706.7492
002358.SZ,20250530,5.22,3.4027,4.6605,1.29,54.716,52.4044,1.4826,1.7538,1.6732,0.3831,0.3831,92975.6977,92975.5702,67883.0653,485333.142,485332.4764
300141.SZ,20250530,8.58,1.47,3.1916,1.26,,,3.3956,5.0881,5.3194,0.1399,0.1399,25388.46,25266.9791,11637.367,217832.9868,216790.6807
600010.SH,20250530,1.74,0.4624,0.7276,0.94,297.7835,320.3767,1.5165,1.1573,1.1981,0.0,,4528861.9348,3138079.8287,1994274.3511,7880219.7666,5460258.9019
600861.SH,20250530,19.98,0.4397,0.7736,0.86,14.2922,9.655,1.5879,0.2629,0.2611,2.4224,2.4224,56611.2718,36657.4848,20835.2552,1131093.2106,732416.5463
300560.SZ,20250530,12.33,2.4402,3.0587,0.74,,,2.951,2.3469,2.5175,0.1054,0.1054,22974.3622,18696.4785,14915.6436,283273.8859,230527.5799
601958.SH,20250530,10.55,0.7498,2.7123,1.06,11.4132,11.2445,1.9213,2.5084,2.4339,3.7915,3.7915,322660.44,322660.44,89194.8133,3404067.642,3404067.642
000701.SZ,20250530,5.49,2.3473,3.9396,0.83,,,,0.0847,0.0979,0.0,,67580.7106,66770.6056,39783.882,371018.1012,366570.6247
601208.SH,20250530,8.99,0.9663,1.3062,1.14,44.5364,36.2857,1.8277,1.8036,1.7212,1.6955,1.6955,89678.4623,89678.4623,66343.9548,806209.3761,806209.3761
002425.SZ,20250530,2.63,2.6006,3.2346,0.97,,,0.8414,5.5414,5.2032,0.0,,95666.5066,95606.0898,76865.1401,251602.9124,251444.0162
688271.SH,20250530,137.43,0.5805,0.7514,1.86,89.7589,89.2789,5.5838,10.9964,10.862,0.2675,0.2675,82415.7988,59329.8976,45833.9362,11326403.2291,8153707.8272
600592.SH,20250530,23.71,8.0354,12.9291,0.77,75.5987,79.0167,3.8066,5.3311,5.5343,0.5356,0.7887,39955.3571,39955.3571,24831.9771,947341.5168,947341.5168
600997.SH,20250530,5.74,0.4351,1.4162,1.23,11.1728,13.5304,0.6537,0.4304,0.4486,5.9826,4.5296,158779.9851,158779.9851,48778.1263,911397.1145,911397.1145
603176.SH,20250530,4.99,2.8049,8.9255,0.99,34.0822,35.1158,2.2089,0.6845,0.6958,0.3902,0.3902,47432.1207,46178.6207,14511.9541,236686.2823,230431.3173
600216.SH,20250530,15.09,7.8682,12.5413,1.88,12.5041,9.9395,1.3111,1.5478,1.5468,0.994,0.994,96163.775,96163.3475,60331.3541,1451111.3648,1451104.9138
600419.SH,20250530,9.86,1.5921,2.5212,0.58,72.3114,,1.3618,1.1258,1.1323,1.3586,1.3586,32019.0246,32019.0246,20220.1412,315707.5826,315707.5826
603758.SH,20250530,12.4,1.4468,4.1053,0.66,31.4764,34.678,2.2415,3.4008,3.6742,3.975,2.3577,43879.7049,43879.7049,15464.398,544108.3408,544108.3408
688648.SH,20250530,67.15,16.6876,22.2312,0.93,,,5.9443,10.0108,9.7954,0.2383,0.2383,13600.0,6612.8924,4963.8918,913240.0,444055.7247
300403.SZ,20250530,14.63,6.9855,8.2624,1.32,37.6829,37.878,4.347,7.7395,7.6397,2.5974,1.2303,60300.0,42293.9514,35757.5338,882189.0,618760.509
301105.SZ,20250530,34.55,14.2855,14.2855,0.52,,,2.04,8.5789,8.5861,0.0,,5000.0,1643.7497,1643.7497,172750.0,56791.5521
301611.SZ,20250530,53.59,2.271,2.271,0.97,75.1355,67.2119,14.9346,27.2518,24.7361,0.1866,0.3732,43600.0,6000.0,6000.0,2336524.0,321540.0
000885.SZ,20250530,14.07,0.7464,2.7467,0.89,7.9144,7.5824,1.0321,1.3666,1.3306,1.791,1.791,64207.8255,64207.8255,17447.3891,903404.1048,903404.1048
605098.SH,20250530,35.58,0.3261,0.8332,0.59,15.7982,15.5509,4.7132,5.4158,5.4869,6.9712,6.2961,11925.11,11925.11,4667.5598,424295.4138,424295.4138
301568.SZ,20250530,33.12,3.5171,3.5171,1.11,44.2352,42.1728,3.5583,9.8083,9.4247,2.0531,1.6797,10325.84,4764.402,4764.402,341991.8208,157796.9942
301095.SZ,20250530,54.9,14.3127,17.0339,3.23,136.9832,122.9199,3.5682,20.1062,19.309,0.8003,0.4481,20028.1088,10761.8956,9042.6217,1099543.1731,590828.0684
001332.SZ,20250530,39.6,20.3718,20.3718,1.24,17.0714,16.6017,1.8264,2.8401,2.855,2.5023,2.5253,11000.0,2700.0,2700.0,435600.0,106920.0
002886.SZ,20250530,19.72,7.6989,10.4698,0.5,141.8269,139.2873,2.9286,2.7363,2.6925,0.0352,0.213,26320.3565,20907.8164,15374.4412,519037.4302,412302.1394
300437.SZ,20250530,8.2,4.8158,5.7288,1.32,,,1.4539,1.8958,2.0484,0.0,,25242.2911,17581.0597,14779.3097,206986.787,144164.6895
603356.SH,20250530,13.13,1.8956,2.8405,1.27,,,4.0397,1.5617,1.6322,0.0,,13334.0,13334.0,8898.4683,175075.42,175075.42
002869.SZ,20250530,24.85,7.6794,9.8612,1.95,56.6565,61.4753,2.0361,7.4813,7.3095,0.389,0.389,17955.6341,15926.0254,12402.3216,446197.5074,395761.7312
601518.SH,20250530,2.78,0.6709,2.1231,1.08,9.754,9.8516,0.9555,3.5406,3.5722,3.2374,3.2374,189055.3169,189055.3169,59742.6908,525573.781,525573.781
300308.SZ,20250530,93.55,1.9296,2.5641,0.73,20.0635,18.0603,4.9902,4.3482,4.0383,0.3422,0.3422,110911.7734,110366.5782,83057.968,10375796.4016,10324793.3906
300425.SZ,20250530,5.2,1.3523,2.1679,1.05,40.2211,42.8678,1.498,2.3086,2.1986,0.9524,0.9524,68222.4853,67874.4749,42340.0015,354756.9236,352947.2695
603182.SH,20250530,12.97,1.9949,2.0204,0.69,19.5556,18.7843,1.9494,1.4341,1.4803,3.084,0.771,16455.0,9307.8672,9190.1426,213421.35,120723.0376
300003.SZ,20250530,11.5,1.4777,2.0231,1.99,87.5809,150.5993,1.4043,3.5435,3.6548,4.0433,4.0433,188061.1082,161609.842,118042.3795,2162702.7443,1858513.183
002252.SZ,20250530,6.81,0.4709,0.7922,1.26,20.6104,22.5734,1.3909,5.5286,5.563,0.9837,0.9837,663798.4837,663448.9612,394367.5475,4520467.674,4518087.4258
300946.SZ,20250530,67.9,9.9809,16.41,0.61,93.3248,103.4207,6.7914,13.9234,13.8524,0.3387,,12000.6,5651.1,3437.1,814840.74,383709.69
000812.SZ,20250530,4.47,1.6075,1.9478,0.86,81.7804,107.6017,1.8842,2.3861,2.3346,0.4474,0.4474,76869.2614,76816.097,63393.523,343605.5985,343367.9536
002612.SZ,20250530,16.69,3.6799,5.0527,0.72,28.7105,27.3224,2.7292,1.2976,1.2978,2.6962,2.3966,44244.5375,25473.9227,18552.8277,738441.3309,425159.7699
301548.SZ,20250530,49.22,8.1044,9.1798,0.52,37.0949,37.4144,2.9076,8.2742,8.1893,1.4012,1.0362,8700.0,2623.4981,2316.1574,428214.0,129128.5765
920953.BJ,20250530,51.0,6.0523,6.3601,1.15,76.2699,70.6,8.4504,17.4942,17.1732,0.3529,0.3529,9190.49,2726.3667,2594.42,468714.99,139044.7017
300047.SZ,20250530,14.98,11.7557,11.991,1.26,411.7311,349.6435,2.9198,1.1711,1.0849,0.1001,0.1001,63774.4672,54971.9014,53893.4571,955341.5187,823479.083
002802.SZ,20250530,13.88,1.0733,2.3055,0.7,42.7135,37.8587,3.9657,5.555,5.2734,2.6149,2.6149,18230.199,18194.2875,8470.3245,253035.1621,252536.7105
300942.SZ,20250530,9.37,1.671,5.3242,0.76,219.691,180.0794,4.7577,16.7686,15.8586,0.0,0.1861,40131.7553,40131.7553,12595.1469,376034.5472,376034.5472
000157.SZ,20250530,7.13,0.5146,0.7728,1.11,17.576,15.4117,1.0604,1.3605,1.3503,4.4881,4.4881,867799.2236,707041.7363,470792.1672,6187408.4643,5041207.5798
300305.SZ,20250530,5.87,1.2237,1.7081,0.7,,,1.0247,2.0036,2.0833,0.2385,0.2385,37540.0292,32147.4192,23030.3653,220359.9714,188705.3507
601096.SH,20250530,4.22,0.6423,1.3077,0.85,49.057,40.7225,2.5145,1.1135,1.1398,0.6002,0.6002,267515.5088,164297.6541,80700.7764,1128915.4471,693336.1003
688501.SH,20250530,29.19,3.2082,5.3545,1.12,38.6395,23.1198,3.4948,2.7339,2.0133,0.7537,0.7537,12307.1,12307.1,7373.9094,359244.249,359244.249
688141.SH,20250530,30.1,2.0794,2.0794,1.2,,,6.8373,8.0126,7.1637,,,44688.0,26394.6216,26394.6216,1345108.8,794478.1102
300203.SZ,20250530,20.41,4.6718,6.2898,1.27,44.2746,43.2824,3.0696,2.5345,2.5293,0.0,1.2249,44873.76,44836.8525,33302.6192,915873.4416,915120.1595
603825.SH,20250530,13.15,5.3493,8.3372,0.8,,,8.9702,1.6403,2.112,0.0,,25333.6552,25333.6552,16254.4192,333137.5659,333137.5659
600668.SH,20250530,14.19,3.6717,4.3788,0.76,45.2138,7.0984,0.8544,1.6974,1.7078,0.7047,0.7047,34408.3828,34408.3828,28851.9725,488254.9519,488254.9519
603848.SH,20250530,14.39,0.292,2.5357,0.76,23.3909,25.6711,2.3482,3.7331,3.8145,2.086,2.086,40391.1511,40240.6511,4634.6511,581228.6643,579062.9693
300290.SZ,20250530,17.88,6.1999,7.7522,1.84,,,14.3781,14.9037,14.8915,0.0,,63973.2569,63922.1969,51122.1969,1143841.8334,1142928.8806
603877.SH,20250530,15.07,0.2205,0.742,0.79,27.6278,31.9385,1.6334,1.0497,1.0714,3.9534,2.6389,47382.5333,46932.3226,13949.3219,714054.7768,707270.1016
920639.BJ,20250530,9.2,11.9532,15.4141,0.85,77.0497,236.525,2.2171,0.9238,0.9155,1.0767,1.0767,20160.0,11721.5883,9089.7537,185472.0,107838.6124
000909.SZ,20250530,6.1,1.7915,3.0591,1.58,,,2.5103,8.2891,8.8434,0.0,,43771.4245,43771.057,25634.2299,267005.6895,267003.4477
688060.SH,20250530,35.21,0.5271,1.9159,0.78,,,2.3402,7.1363,7.5253,,,6019.0728,6019.0728,1656.0528,211931.5533,211931.5533
600331.SH,20250530,6.99,1.5245,2.2195,0.95,393.3418,2511.172,39.8214,4.1662,4.0389,0.0,,203200.0,203200.0,139568.5195,1420368.0,1420368.0
002338.SZ,20250530,42.56,2.5298,4.3918,0.47,153.7843,161.8395,7.6227,13.7018,13.8177,0.0822,0.0822,24000.0,24000.0,13824.5216,1021440.0,1021440.0
301396.SZ,20250530,61.95,15.6229,16.5733,0.99,,,7.8543,14.4584,8.644,0.173,0.0577,15351.7547,7608.1075,7171.7837,951041.2037,471322.2596
000783.SZ,20250530,6.55,0.5227,0.8851,1.1,19.74,15.0133,1.0604,5.3305,4.5403,1.8321,1.8321,553007.2948,553007.2948,326620.5335,3622197.7809,3622197.7809
600193.SH,20250530,5.1,9.0132,13.1948,0.87,,,22.0734,25.8222,29.7785,0.0,,42537.3,42537.3,29056.8882,216940.23,216940.23
600690.SH,20250530,25.04,0.3924,0.6786,0.86,12.5365,12.0766,1.9954,0.8216,0.7934,3.1695,3.1695,938291.3334,625450.1095,361716.1889,23494814.9883,15661270.7419
002029.SZ,20250530,6.57,0.8206,1.389,0.81,16.2784,14.1328,0.6919,1.4751,1.4984,1.8265,1.8265,70502.3537,66540.5959,39311.2659,463200.4638,437171.7151
301197.SZ,20250530,16.01,1.4622,1.7291,0.86,34.6222,34.3689,1.4178,4.8798,4.8745,0.6163,0.6163,12054.0,8229.3,6958.8,192984.54,131751.093
300821.SZ,20250530,7.26,0.3775,0.9365,0.79,153.4841,182.5718,1.7604,1.6914,1.7681,0.0,,120000.0,119978.2,48360.9055,871200.0,871041.732
920425.BJ,20250530,31.88,4.0184,6.7049,0.56,95.6778,77.1774,6.3668,20.7471,19.7379,0.8962,0.8962,5066.8963,4229.5213,2534.8566,161532.654,134837.139
300457.SZ,20250530,17.25,0.9757,1.8379,0.9,22.2565,31.1246,1.7568,1.3138,1.4005,1.0089,1.0089,64919.2963,63762.4858,33852.4501,1119857.8612,1099902.8801
920339.BJ,20250530,11.42,0.8727,2.5168,0.88,37.8759,35.6037,4.1454,3.5026,3.3492,1.7385,1.7385,22020.38,15089.7135,5232.3073,251472.7396,172324.5282
688291.SH,20250530,22.46,2.6657,2.6657,0.92,75.6154,64.8718,2.4613,10.8705,10.1574,0.443,0.443,10266.67,3366.67,3366.67,230589.4082,75615.4082
920809.BJ,20250530,6.11,2.8041,2.8041,0.9,,,2.1025,2.4277,1.8513,,,60045.0411,32058.2738,32058.2738,366875.2011,195876.0529
000960.SZ,20250530,13.71,1.1112,1.9893,1.14,15.6235,13.9505,1.2126,0.5376,0.5211,1.8964,2.1152,164580.1952,164580.1952,91936.2186,2256394.4762,2256394.4762
300651.SZ,20250530,17.0,27.2749,38.0038,4.75,81.7901,98.4362,2.859,5.8589,6.1597,0.8823,0.8823,12875.2738,7497.6076,5380.9464,218879.6546,127459.3292
601872.SH,20250530,6.05,0.4837,1.5371,1.23,9.5647,10.6252,1.2154,1.8935,1.9431,5.6347,5.6347,807453.8502,807453.8502,254110.8705,4885095.7937,4885095.7937
002526.SZ,20250530,3.6,3.4754,4.4107,1.4,56.5742,46.7445,2.0205,2.6967,2.6753,0.6389,0.6389,178279.3836,177108.4438,139553.8516,641805.781,637590.3977
300442.SZ,20250530,42.93,2.7243,2.7243,0.95,41.279,42.3205,7.1214,16.9315,16.1501,1.2258,1.2258,172148.1649,55425.2446,55425.2446,7390320.7192,2379405.7507
688278.SH,20250530,77.25,1.211,3.0875,1.37,37.9715,35.6731,12.5849,11.155,10.67,0.5307,0.8026,40680.0,40680.0,15955.5262,3142530.0,3142530.0
920414.BJ,20250530,13.96,3.4786,3.9707,0.94,,,3.8742,13.5869,15.2807,0.2695,0.2695,7974.8171,5527.5836,4842.5029,111328.4467,77165.0671
000686.SZ,20250530,7.31,0.5539,0.9651,0.93,19.583,16.2188,0.8986,2.6301,2.5119,1.368,1.6416,234045.2915,234045.2915,134321.0589,1710871.0809,1710871.0809
000893.SZ,20250530,29.0,0.7262,1.1224,0.97,28.1941,21.3746,2.2187,7.5529,6.4928,0.0,,92405.1187,81172.0074,52521.9515,2679748.4423,2353988.2146
920680.BJ,20250530,6.49,8.6424,9.9015,1.01,,,6.6459,8.3519,9.8873,0.7532,0.7532,6699.99,4689.3344,4093.0077,43482.9351,30433.7803
600208.SH,20250530,2.57,0.8208,1.9351,1.29,21.5291,20.4793,0.5261,1.3265,1.4992,0.0,,850894.08,850776.9185,360868.9519,2186797.7856,2186496.6805
000036.SZ,20250530,3.55,0.6056,0.9293,0.76,130.0347,204.0743,1.0365,12.3863,12.2573,0.0,,148393.4025,148126.6283,96538.0024,526796.5789,525849.5305
600872.SH,20250530,18.67,1.4377,1.7966,1.23,16.3737,17.5097,2.5197,2.6496,2.8473,2.0979,,78322.2372,77098.795,61697.2788,1462276.1685,1439434.5027
601008.SH,20250530,6.85,12.8377,31.1293,1.03,44.5793,50.1124,2.1042,3.229,3.2619,0.7299,0.8759,124063.8006,124063.8006,51163.7271,849837.0341,849837.0341
603383.SH,20250530,38.6,1.0617,1.833,0.9,40.8678,39.8176,5.7665,11.9445,11.8667,2.8935,2.0725,20538.6979,20449.8019,11844.5042,792793.7389,789362.3533
300565.SZ,20250530,11.19,3.5225,3.6371,1.21,,,4.5547,5.0169,4.4329,0.0,,24970.4612,22760.8011,22044.1522,279419.4608,254693.3643
920375.BJ,20250530,22.16,6.7743,8.9729,1.76,59.4014,75.9997,2.3482,3.0294,3.0557,0.8529,0.8529,7961.0,4994.5529,3770.7729,176415.76,110679.2923
688277.SH,20250530,13.63,3.7378,5.6357,2.46,,,4.7203,34.4989,29.5943,,,45266.8589,45266.8589,30022.9666,616987.2868,616987.2868
600615.SH,20250530,11.08,2.7364,3.9122,0.79,285.476,188.0564,3.4048,13.2393,7.6313,0.0752,0.0752,22562.461,22514.941,15748.459,249992.0679,249465.5463
002482.SZ,20250530,1.78,0.603,1.3084,0.61,,,12.4951,8.812,7.5743,0.0,,375096.2363,374370.9801,172522.5433,667671.3006,666380.3446
300541.SZ,20250530,13.86,10.5801,10.5801,1.53,154.9498,83.8504,3.5629,2.6854,2.515,0.666,,43004.4492,38657.8485,38657.8485,596041.6659,535797.7802
002617.SZ,20250530,7.76,4.6599,5.9877,0.67,57.8354,54.132,2.3954,4.015,3.929,,,192300.5903,189145.3762,147199.3581,1492252.5807,1467768.1193
301089.SZ,20250530,32.64,12.3203,18.1513,0.86,,,2.6666,9.7948,10.0652,0.7659,,12654.45,9097.6313,6175.0793,413041.248,296946.6856
300688.SZ,20250530,29.37,4.8113,5.668,1.01,,,11.4914,22.1507,23.7098,0.017,0.017,16737.9464,14829.4083,12588.0082,491593.4858,435539.7218
688682.SH,20250530,37.99,1.5909,4.1628,0.94,191.4617,163.9395,4.2155,10.2712,9.7703,0.5265,0.5265,7274.2068,7274.2068,2779.9758,276347.1163,276347.1163
688167.SH,20250530,68.43,2.7954,3.5761,0.82,,,2.9382,9.9732,9.4759,0.444,0.444,9036.3344,9036.3344,7063.7148,618356.363,618356.363
688689.SH,20250530,21.45,0.7706,2.2984,1.16,38.4696,45.5829,2.3144,3.0416,2.9646,0.9323,,12890.3167,12890.3167,4321.7635,276497.2932,276497.2932
300644.SZ,20250530,26.24,6.3055,8.7646,0.59,34.2094,31.3577,3.1025,1.2085,1.139,0.921,0.921,10995.476,8830.509,6352.9512,288521.2902,231712.5562
300222.SZ,20250530,9.79,2.7325,2.9556,1.31,108.7934,94.7422,4.5685,2.7823,2.6446,0.0,,77828.1234,63380.3509,58596.2043,761937.3281,620493.6353
920184.BJ,20250530,14.44,3.0979,4.4364,1.23,162.3393,160.2728,3.1636,7.1727,7.3509,,,13330.0,8772.3735,6125.7491,192485.2,126673.0733
600533.SH,20250530,2.36,1.7808,3.1556,0.91,,,0.762,1.1702,1.2633,0.0,,105000.0,105000.0,59256.032,247800.0,247800.0
002736.SZ,20250530,11.23,0.2039,0.7057,1.13,13.1373,11.5862,1.1964,5.3526,4.8874,2.4043,2.4043,961242.9377,913884.1807,264068.9313,10794758.1904,10262919.3493
688220.SH,20250530,75.3,1.4116,2.2043,1.09,,,5.618,9.3031,9.0889,,,41830.0889,36040.8158,23080.0969,3149805.6942,2713873.4297
920418.BJ,20250530,31.16,1.7394,3.1623,0.81,33.6091,33.1333,6.2876,7.077,7.0396,0.8596,0.936,16248.96,15599.6309,8580.5943,506317.5936,486084.4988
300337.SZ,20250530,9.84,2.0131,3.2146,1.44,140.192,186.5128,4.7958,1.5111,1.4447,0.2033,0.2033,82192.0,71138.3934,44549.5645,808769.28,700001.7911
300871.SZ,20250530,22.3,8.1294,15.2284,0.63,,110.7325,2.3013,3.759,3.24,0.9882,,20233.2557,20233.2557,10801.1044,451201.6021,451201.6021
920407.BJ,20250530,24.34,3.7032,6.4396,0.69,82.3674,106.1448,6.0625,7.0479,6.8912,0.8217,0.8217,6568.0,2592.615,1490.92,159865.12,63104.2491
300500.SZ,20250530,11.66,2.6861,4.9955,0.86,,,1.8555,1.7122,1.8832,0.5146,1.2864,17397.4869,16759.7955,9011.7955,202854.6973,195419.2155
603125.SH,20250530,14.47,4.0832,4.0832,0.57,28.682,30.3227,2.5169,5.4244,5.4075,0.756,0.7149,40483.6375,10121.435,10121.435,585798.2346,146457.1645
688300.SH,20250530,38.16,0.6478,1.2185,1.36,36.6563,35.0711,6.2353,9.5948,9.2443,1.0079,1.0079,24146.919,24146.919,12836.6367,921446.429,921446.429
603072.SH,20250530,47.74,13.8749,13.8749,1.46,92.7118,89.8786,6.1357,4.8719,4.933,,0.3142,26428.0,6474.5626,6474.5626,1261672.72,309095.6185
000851.SZ,20250530,2.5,3.1533,3.6307,1.79,,,4.8796,1.9769,2.2574,0.0,,115786.002,113213.6826,98327.4814,289465.005,283034.2065
300664.SZ,20250530,5.3,1.2562,1.7782,0.76,25.3422,20.5624,0.9275,2.1087,2.4295,2.5466,2.5466,75981.2332,75224.5332,53140.6102,402700.536,398690.026
003006.SZ,20250530,30.57,0.9811,2.5845,1.01,45.6614,41.6132,9.7298,4.0364,3.7697,1.798,1.7975,42968.579,42857.2965,16269.078,1313549.46,1310147.554
300066.SZ,20250530,4.05,1.4169,2.2568,1.3,66.0543,52.9137,1.6724,2.859,3.1478,1.2346,,104003.3262,100591.0348,63154.3133,421213.4711,407393.6909
002691.SZ,20250530,7.82,2.2428,6.2455,1.19,,,3.0277,6.9477,6.5657,0.0,,34000.0,33598.0305,12065.205,265880.0,262736.5985
600968.SH,20250530,4.13,0.3919,2.1361,1.06,11.4828,11.199,1.5116,0.7994,0.7864,2.6634,2.6634,1016510.4199,1016510.4199,186510.4199,4198188.0342,4198188.0342
001277.SZ,20250530,43.17,26.63,26.63,2.44,23.381,27.3406,2.2135,2.8114,3.1129,,1.2826,7600.0,1900.0,1900.0,328092.0,82023.0
000831.SZ,20250530,33.88,1.9468,3.1418,0.86,,482.7924,7.6216,11.8765,10.411,0.2361,0.2361,106122.0807,106122.0807,65757.3396,3595416.0941,3595416.0941
603917.SH,20250530,13.47,3.6672,5.4507,1.84,,,1.6271,4.6874,4.9052,1.4848,1.4848,20384.0,20384.0,13714.1015,274572.48,274572.48
002788.SZ,20250530,8.38,1.4895,2.4261,1.27,9.4194,9.7715,1.0069,0.159,0.1587,3.58,3.58,38851.6736,38158.6235,23426.7641,325577.0248,319769.2649
000848.SZ,20250530,10.58,1.3285,2.2901,0.59,16.7147,17.527,3.0653,3.3876,3.6368,3.7807,,105255.4074,104301.0074,60507.8208,1113602.2103,1103504.6583
600168.SH,20250530,4.73,1.0029,2.5121,0.86,53.2599,66.9804,0.8796,1.2449,1.1784,0.9363,0.9363,99339.7569,99339.7569,39657.1387,469877.0501,469877.0501
601568.SH,20250530,4.18,0.2889,0.7664,1.04,71.9163,54.892,1.4155,1.6475,1.6457,2.3923,2.3923,397222.2224,397222.2224,149719.419,1660388.8896,1660388.8896
601086.SH,20250530,14.19,9.7131,39.6836,0.84,162.9169,168.3517,5.9397,12.4823,13.2253,1.2611,1.2611,66600.0,66600.0,16301.3,945054.0,945054.0
001226.SZ,20250530,27.27,7.3553,7.3553,1.0,100.5189,88.9186,2.7128,3.3864,3.2263,0.0,,7466.67,1866.67,1866.67,203616.0909,50904.0909
300910.SZ,20250530,59.32,1.1253,1.6477,0.94,24.2978,22.9585,5.3476,5.5598,5.3318,2.1204,1.9848,29593.5278,20762.875,14179.4312,1755488.0691,1231653.745
000978.SZ,20250530,5.95,1.1513,1.754,0.95,,,2.6304,6.4525,6.5414,0.0,,46813.0,36009.025,23635.3777,278537.35,214253.6988
603683.SH,20250530,14.33,6.0255,9.9519,1.18,61.9297,64.6182,2.6342,2.2023,2.1462,0.1609,0.1609,28969.9061,25879.1289,15668.7449,415138.7544,370847.9171
000037.SZ,20250530,9.29,19.5011,33.0231,6.12,255.5894,144.7882,3.7982,12.6411,13.3071,0.0,,60276.2596,33890.815,20013.5196,559966.4517,314845.6714
920175.BJ,20250530,11.96,5.961,5.9629,0.64,,,1.864,4.6914,5.3423,0.8361,0.8361,11900.0,6049.3299,6047.3299,142324.0,72349.9856
601606.SH,20250530,13.43,2.4152,5.8749,0.88,,,4.4783,6.8007,6.7668,0.0596,0.0596,72422.84,72422.84,29772.6841,972638.7412,972638.7412
600084.SH,20250530,5.58,0.4218,0.9635,1.03,376.9395,360.688,4.8392,38.842,39.2362,0.0,,112372.683,112372.683,49197.4674,627039.5711,627039.5711
300170.SZ,20250530,17.11,3.0689,3.2767,0.76,89.445,97.2875,3.2874,5.2086,5.1937,0.1165,0.3388,98484.5711,94761.1067,88750.8058,1685071.0115,1621362.5356
002323.SZ,20250530,1.56,2.7198,3.554,1.21,,,8.4709,9.6477,10.0603,0.0,,212085.5142,212040.8119,162270.4983,330853.4022,330783.6666
920405.BJ,20250530,22.06,1.9225,3.656,0.53,61.2265,61.4603,3.8479,6.0455,6.1077,0.7939,1.1468,14026.0,11009.0256,5789.1638,309413.56,242859.1047
600409.SH,20250530,4.88,0.7366,1.3519,1.14,20.1874,25.0553,0.7268,0.4716,0.4818,1.7008,1.7008,206434.9448,206434.9448,112473.3154,1007402.5306,1007402.5306
688260.SH,20250530,14.32,1.8956,3.1342,0.55,,,9.9841,3.0644,3.3063,,,12000.0,12000.0,7257.798,171840.0,171840.0
300761.SZ,20250530,18.98,4.4224,9.2674,5.17,10.3281,9.5378,1.7681,0.8863,0.8655,1.5806,4.215,82764.4501,60126.165,28691.9805,1570869.2629,1141194.6117
300385.SZ,20250530,5.01,2.4283,4.0535,1.13,,,8.6351,2.7808,2.5395,0.0,,33314.5932,28949.3133,17342.6499,166906.1119,145036.0596
601609.SH,20250530,6.42,0.3558,0.8929,0.88,20.6407,18.9224,1.162,0.0768,0.0753,1.8269,1.8269,148549.8128,148549.8128,59194.9635,953689.7982,953689.7982
002177.SZ,20250530,6.34,3.2678,3.4145,0.2,442.4673,408.7599,2.8324,72.1641,73.994,0.2208,0.0158,76119.1294,66921.0114,64045.2671,482595.2804,424279.2123
605268.SH,20250530,8.66,0.4986,2.2219,0.68,28.0295,26.5598,2.344,1.2463,1.2232,3.3886,,44938.125,43769.625,9821.625,389164.1625,379044.9525
002486.SZ,20250530,2.41,1.9146,2.4306,0.92,104.4096,56.6977,1.9017,1.6878,1.6394,0.0,,82812.72,82724.835,65163.4369,199578.6552,199366.8524
300589.SZ,20250530,11.5,2.8456,3.5798,1.32,386.1356,,5.2742,2.5114,2.8535,0.2609,0.2609,37766.7996,23160.7014,18410.6067,434318.1954,266348.0661
301331.SZ,20250530,26.74,8.4268,8.4778,0.91,73.3736,60.6304,2.5997,3.3878,3.3343,1.9841,0.6613,10289.1887,3310.1703,3290.2607,275132.9058,88513.9538
600550.SH,20250530,8.85,8.0211,17.4313,0.77,169.1961,133.0001,25.8549,3.4381,2.9375,0.0,,184152.848,184152.848,84738.1217,1629752.7048,1629752.7048
300270.SZ,20250530,7.13,2.8,3.877,1.18,,,3.6403,11.829,12.8592,0.0,,30280.6028,25670.7898,18539.546,215900.698,183032.7313
000798.SZ,20250530,7.18,1.5384,3.6854,1.26,,,7.6743,0.5325,0.5495,0.0,,36585.8712,36582.8712,15270.6996,262686.5552,262665.0152
301282.SZ,20250530,20.71,3.2403,3.2403,1.25,39.0331,37.8183,1.851,1.9557,1.8746,0.9596,0.9596,15113.9968,7213.6218,7213.5918,313010.8737,149394.1075
603712.SH,20250530,20.33,2.4111,4.6348,1.78,,,3.6292,7.287,8.3477,0.2951,0.2951,77200.0,77200.0,40161.38,1569476.0,1569476.0
688079.SH,20250530,8.92,0.8226,2.3246,0.72,,,2.6818,7.4727,6.9888,,,40673.7698,39791.8998,14080.6566,362810.0266,354943.7462
601686.SH,20250530,5.77,0.3771,0.7924,1.94,19.4749,14.877,1.277,0.1509,0.1491,5.0981,2.5315,143370.7,143370.7,68230.764,827248.939,827248.939
002860.SZ,20250530,12.12,6.331,10.062,1.45,30.6212,28.356,1.9804,2.1183,2.0794,0.6966,0.8087,36304.3478,34964.2607,21999.3384,440008.6953,423766.8397
000751.SZ,20250530,2.94,0.6905,0.9037,0.85,223.1689,98.1247,1.3262,0.3044,0.2896,1.0204,1.0204,161563.0595,140986.8779,107726.6753,474995.3949,414501.421
002580.SZ,20250530,14.69,15.0302,19.5591,0.82,32.4829,31.129,2.9695,2.2113,2.1013,0.388,0.388,45386.8993,45233.88,34759.9802,666733.5507,664485.6972
605258.SH,20250530,27.83,1.5595,3.957,1.19,34.3619,35.032,2.003,2.7622,2.721,1.2576,,8800.0,8800.0,3468.3,244904.0,244904.0
000028.SZ,20250530,25.33,0.6298,1.7382,1.25,21.9423,24.2346,0.7833,0.1895,0.1916,2.6846,2.6846,55656.5077,47805.3712,17321.1225,1409779.34,1210910.0525
301004.SZ,20250530,70.5,0.5646,1.9754,0.86,13.9874,13.1894,5.8748,3.6144,3.2819,2.0289,3.0395,14541.702,13447.5023,3843.2835,1025189.991,948048.9122
688268.SH,20250530,49.31,0.9814,2.4619,0.79,32.1257,32.2476,3.2366,4.2553,4.2395,1.0089,1.0089,12038.5261,12022.3261,4792.372,593619.722,592820.9
600742.SH,20250530,10.05,1.0365,1.805,1.21,14.679,14.5375,0.8715,0.3803,0.3754,2.4876,3.4826,74305.788,74305.788,42668.957,746773.1694,746773.1694
300642.SZ,20250530,14.02,1.709,2.0443,1.1,66.1812,57.8704,1.5421,5.2327,5.46,1.0644,1.0571,16302.1941,13770.6966,11511.7846,228556.7613,193065.1663
688591.SH,20250530,34.06,2.4561,2.7306,0.89,84.1772,59.622,3.4146,9.7149,8.985,0.2121,0.2121,24074.3536,16603.7356,14934.8956,819972.4836,565523.2345
600399.SH,20250530,5.07,0.8666,1.2379,1.11,89.5259,,1.6048,1.1785,1.2241,1.1045,1.1045,197210.0,197210.0,138058.9056,999854.7,999854.7
600015.SH,20250530,7.53,0.3701,1.117,1.19,4.3301,4.4635,0.3929,1.2336,1.2855,5.0996,6.4276,1591492.8468,1538722.3983,509783.4834,11983941.1364,11586579.6592
920274.BJ,20250530,16.41,1.9889,6.9177,0.56,359.5109,243.4429,2.7385,2.087,2.0751,3.012,,8133.3334,8133.3334,2338.3534,133468.0011,133468.0011
688289.SH,20250530,19.99,0.6497,1.2373,1.06,42.0251,40.453,1.5776,7.9434,7.5081,2.2288,2.2288,57938.8006,57938.8006,30423.4372,1158196.624,1158196.624
300823.SZ,20250530,13.94,3.8896,5.4346,0.99,40.7495,59.5654,1.9883,4.0469,4.3032,3.0129,2.3386,13098.2727,8478.9426,6068.3954,182589.9214,118196.4598
600586.SH,20250530,4.68,0.461,0.6782,0.66,110.5665,,1.146,1.0363,1.1343,2.1197,2.1197,142877.0,142877.0,97113.4722,668664.36,668664.36
301592.SZ,20250530,131.7,2.552,2.552,1.03,94.6136,111.6195,9.9021,17.1919,17.5961,,,7000.0,1750.0,1750.0,921900.0,230475.0
300545.SZ,20250530,28.66,4.1382,4.9324,2.48,21.2352,21.4948,2.6406,3.6971,3.6507,0.5167,,18005.1003,11418.6812,9580.1931,516026.1746,327259.4032
920593.BJ,20250530,36.05,2.2638,4.4436,1.06,175.3546,147.5765,10.3908,30.3342,28.3702,0.5661,0.3963,18824.6392,16161.0277,8233.1224,678628.2432,582605.0486
603980.SH,20250530,4.67,2.3705,3.8004,0.58,18.5585,73.5673,0.8114,1.9292,1.957,1.5028,1.5028,67683.336,67683.336,42216.9565,316081.1791,316081.1791
002342.SZ,20250530,5.88,24.1856,33.2671,1.82,,,2.3202,2.5493,2.4886,0.051,0.051,96000.0,95469.0,69407.0,564480.0,561357.72
000830.SZ,20250530,10.45,0.6512,1.2752,0.92,9.8394,10.6535,1.0448,0.6707,0.6588,1.2481,1.2481,191017.2451,190416.0547,97245.385,1996130.2113,1989847.7716
003030.SZ,20250530,19.2,3.1605,5.0702,0.42,,,2.4473,1.4394,1.3864,0.7775,0.7775,12478.0,8098.4725,5048.0975,239577.6,155490.672
000156.SZ,20250530,7.69,0.5235,0.9986,0.99,26.6836,25.761,0.9456,1.5167,1.5049,2.8609,2.8609,185293.2442,169987.5877,89117.3393,1424905.0479,1307204.5494
688657.SH,20250530,41.33,1.176,1.3748,0.88,42.98,42.4162,1.9772,9.3678,9.2862,1.6572,1.6807,6551.4288,4038.9399,3454.9399,270770.5523,166929.3861
300098.SZ,20250530,5.04,3.824,4.0302,1.1,,,3.3076,6.1823,5.8873,0.0,,173778.2275,154174.3627,146286.5248,875842.2666,777038.788
002181.SZ,20250530,5.54,1.9787,6.0667,1.14,214.4485,80.4597,1.5105,10.7792,10.4478,0.9747,0.9747,116105.8174,113452.0181,37003.6799,643226.2284,628524.1803
000927.SZ,20250530,2.6,0.5652,1.8036,1.2,34.2655,33.095,1.6568,0.4127,0.4265,0.3846,0.3846,605035.3641,605035.0581,189584.6918,1573091.9467,1573091.1511
603657.SH,20250530,21.65,4.7028,15.1009,0.81,206.3723,138.8804,3.1206,1.3919,1.2707,0.4627,0.4627,13644.9325,13519.005,4210.145,295412.7886,292686.4583
603612.SH,20250530,16.16,1.175,1.7601,1.02,29.5484,14.3917,1.5174,0.5854,0.5595,0.0,,49810.4459,49810.4459,33251.6481,804936.8057,804936.8057
603779.SH,20250530,7.58,3.5171,5.271,0.94,245.3021,4939.3487,4.4662,5.6549,6.1336,0.0,,33208.2754,33208.2754,22158.256,251718.7275,251718.7275
300576.SZ,20250530,33.66,2.2209,2.6203,0.83,100.6083,101.9643,7.6409,12.9661,12.4766,0.1501,0.2228,36570.6945,22113.6974,18742.7293,1230969.5769,744347.0545
600697.SH,20250530,12.11,3.0828,4.1176,0.79,,,0.8392,0.2748,0.2745,0.9083,0.9083,15908.8075,15537.6015,11633.0019,192655.6588,188160.3542
300179.SZ,20250530,9.93,11.1791,14.4089,1.65,41.0267,38.8333,4.1399,9.1908,9.1847,1.9997,2.0027,48590.883,37563.9785,29143.802,482507.4682,373010.3065
301207.SZ,20250530,16.75,1.272,1.272,0.99,48.9852,50.4109,1.6646,8.9263,9.0057,3.5821,3.5821,60102.75,14164.8488,14164.8488,1006721.0625,237261.2174
002629.SZ,20250530,4.96,2.3493,2.4458,0.54,146.5104,109.3598,39.2582,6.6189,6.619,0.0,,42609.8,35595.0433,34191.0987,211344.608,176551.4148
688557.SH,20250530,30.59,4.3617,8.0722,0.46,27.8991,25.103,2.6715,2.5889,2.3808,1.0741,1.0741,10220.798,10220.798,5522.6069,312654.2108,312654.2108
002545.SZ,20250530,7.55,0.6091,1.3509,0.87,16.6459,15.5935,1.0269,2.2384,2.2078,3.9735,3.9735,124406.2083,113016.3708,50955.2619,939266.8727,853273.5995
688629.SH,20250530,49.07,5.3762,5.3762,1.53,,6106.4486,15.1518,20.7171,17.785,0.1019,0.1019,46099.2831,17832.5601,17832.5601,2262091.8217,875043.7241
002992.SZ,20250530,53.09,2.3977,26.2388,0.41,,,13.5892,6.3448,6.5866,0.0,,18204.3105,7862.5864,718.4885,966466.8444,417424.712
000422.SZ,20250530,12.38,2.5811,3.7764,0.53,20.5372,24.3779,1.8072,0.79,0.8019,2.526,2.526,108250.9712,105781.7191,72301.8336,1340147.0235,1309577.6825
300466.SZ,20250530,10.28,6.4923,11.9224,0.87,,,7.6556,9.9843,9.7564,0.0,,53552.9908,41998.6257,22870.3085,550524.7454,431745.8722
600173.SH,20250530,5.95,0.714,1.7827,0.84,102.0,157.1115,1.1005,1.1544,0.9875,0.9951,,70050.6244,70041.6244,28053.1999,416801.2152,416747.6652
688484.SH,20250530,32.87,1.18,1.18,0.77,45.5677,51.8257,3.4914,5.4475,5.2761,1.1496,0.3017,42545.7743,29297.0277,29297.0277,1398479.6012,962993.3005
300892.SZ,20250530,32.98,8.9825,17.018,0.75,471.9239,189.689,3.1292,3.7629,3.9027,0.0,,10000.0,6456.25,3407.77,329800.0,212927.125
603321.SH,20250530,7.82,2.6873,7.2835,0.49,17.8565,36.6969,1.944,2.9576,3.018,1.8736,1.8736,30700.0,30251.5,11161.5,240074.0,236566.73
600303.SH,20250530,3.99,3.4281,4.0786,1.24,,,2.1478,1.8486,1.842,0.0,,68360.4211,67560.4211,56784.441,272758.0802,269566.0802
301525.SZ,20250530,72.85,2.5854,2.8996,1.2,40.8344,38.6046,2.1325,5.2967,5.0734,0.8922,0.8922,9431.1768,4940.1197,4404.8399,687061.2299,359887.7201
000410.SZ,20250530,6.96,0.7275,1.04,1.03,2035.4168,905.0607,14.0339,9.5559,9.5452,0.0,,206474.6603,168091.5944,117587.36,1437063.6357,1169917.497
300234.SZ,20250530,4.82,5.754,6.7852,4.26,102.2016,94.5245,2.1028,5.4063,5.65,0.6224,,50317.109,34398.7044,29170.6158,242528.4654,165801.7552
300599.SZ,20250530,8.73,5.0333,6.8312,0.88,,,1.5604,3.0331,3.0532,2.2488,,35813.1567,21219.0567,15634.5367,312648.858,185242.365
000554.SZ,20250530,6.16,2.6255,2.6255,1.3,29.8168,22.142,2.7113,0.896,0.907,0.6981,0.6981,48079.3318,36265.3197,36265.3197,296168.6839,223394.3694
002038.SZ,20250530,6.91,2.1129,2.8393,1.69,,,1.2635,10.7492,12.1517,2.1708,2.1708,102735.0,85153.8469,63369.6922,709898.85,588413.0821
000158.SZ,20250530,22.06,2.8193,4.4204,0.76,,,6.6877,3.9991,3.8396,0.0,,159861.6721,158780.3357,101269.1899,3526548.4865,3502694.2055
002122.SZ,20250530,4.2,7.0994,10.6495,1.62,,,3.9807,8.9744,8.7003,0.0,,200150.0575,198845.2863,132558.4194,840630.2415,835150.2025
300223.SZ,20250530,63.45,1.4947,1.9914,0.97,83.4392,86.5973,2.5233,7.2533,7.163,0.3152,,48156.9911,41959.0599,31492.7211,3055561.0853,2662302.3507
301183.SZ,20250530,43.83,2.7279,3.1052,1.02,62.8168,51.5275,3.9925,5.8733,5.5652,0.0,,8000.0,5862.6976,5150.2634,350640.0,256962.0358
600177.SH,20250530,7.51,0.4907,1.155,1.28,12.5465,13.1329,0.8377,2.4472,2.5397,9.3209,10.6525,462344.1902,462344.1902,196417.5821,3472204.8684,3472204.8684
002160.SZ,20250530,3.85,1.5507,2.0269,0.84,61.189,37.2991,1.0751,0.5067,0.4919,0.0,,103278.1167,79353.0298,60708.5017,397620.7493,305509.1647
301439.SZ,20250530,14.49,2.4573,3.9464,0.54,28.6924,27.7635,1.9782,1.6591,1.5556,2.7605,2.0704,38910.1809,18324.6924,11410.1809,563808.5212,265524.7929
002817.SZ,20250530,7.16,1.5995,2.6716,1.13,43.4801,40.5877,2.3179,4.523,4.517,1.1872,0.9078,29909.817,29003.9295,17364.823,214154.2897,207668.1352
603876.SH,20250530,8.51,0.6416,1.1741,0.83,26.3125,22.2602,1.1214,0.3298,0.3124,2.5838,2.5838,93095.7413,92926.7213,50779.6114,792244.7585,790806.3983
603611.SH,20250530,22.0,7.1846,11.3859,0.75,12.2692,12.0789,1.8387,0.8121,0.8259,2.8273,,25760.0791,25760.0791,16254.8448,566721.7402,566721.7402
688053.SH,20250530,27.0,3.2968,3.9406,1.92,,,1.6847,18.775,17.5554,1.1375,1.1375,10000.0,4327.38,3620.38,270000.0,116839.26
601229.SH,20250530,10.58,0.5495,0.849,0.97,6.3798,6.3416,0.6305,2.8368,2.81,6.9943,6.9943,1420670.6049,1420670.6049,919583.1822,15030694.9998,15030694.9998
603160.SH,20250530,68.98,0.6448,1.1649,1.1,52.7922,50.06,3.6255,7.2848,7.5507,0.2579,0.5696,46202.6431,46202.6431,25573.0055,3187058.321,3187058.321
301217.SZ,20250530,10.6,1.5665,1.5665,0.8,,,1.6316,1.8622,1.683,0.566,0.566,82901.5544,22901.5544,22901.5544,878756.4766,242756.4766
300419.SZ,20250530,5.17,6.0183,7.0808,2.25,,,4.3029,4.4734,4.6009,0.0,,36775.377,36775.377,31257.377,190128.6991,190128.6991
301073.SZ,20250530,21.16,2.4405,6.0068,0.77,163.2793,175.8652,4.2122,6.088,6.0694,0.7089,0.7089,19445.1046,17817.95,7239.4134,411458.4133,377027.822
603991.SH,20250530,60.48,8.0752,11.0619,1.73,,,21.1181,12.3652,11.8992,0.0,,7453.4998,7453.4998,5441.0548,450787.6679,450787.6679
000803.SZ,20250530,5.7,2.6602,3.8628,0.96,205.914,82.5203,1.8424,1.8527,1.8305,0.0,,47098.8309,45978.778,31664.5457,268463.3361,262079.0346
688105.SH,20250530,21.94,0.3675,1.1541,1.16,,,2.2368,6.333,6.4102,0.5897,0.5897,39773.4544,39773.4544,12664.7093,872629.5895,872629.5895
601868.SH,20250530,2.23,0.3886,1.0388,0.84,11.0731,10.9033,0.8562,0.2129,0.2115,1.1659,1.7265,4169116.3636,3242872.7636,1213109.5764,9297129.4908,7231606.2628
600779.SH,20250530,44.44,0.4124,1.1229,0.95,16.1552,16.1072,4.0358,4.1529,4.1326,2.0516,2.0516,48750.3198,48750.3198,17903.6978,2166464.2119,2166464.2119
601456.SH,20250530,9.91,0.6795,1.3662,0.86,141.6506,56.7305,1.115,20.9809,13.8241,0.6536,0.6536,568059.2806,238913.3168,118819.4842,5629467.4707,2367630.9695
300294.SZ,20250530,26.81,0.6048,1.0391,1.03,34.0534,35.1642,1.7916,7.7923,7.4185,1.7158,1.1936,50424.8738,50424.8738,29350.7645,1351890.8666,1351890.8666
002595.SZ,20250530,61.34,0.2608,0.5299,0.52,24.3967,23.0254,4.7142,5.5679,5.2616,1.6273,1.6273,80000.0,79428.5583,39095.6384,4907200.0,4872147.7661
688285.SH,20250530,8.24,0.6752,2.6999,0.6,68.6997,61.8763,1.878,3.0756,2.8778,0.3398,0.3398,37628.9913,37628.9913,9410.0,310062.8883,310062.8883
600973.SH,20250530,4.91,3.6606,6.6282,0.87,,,1.9312,0.1452,0.1392,0.0,,137136.6248,137136.6248,75738.3015,673340.8278,673340.8278
600645.SH,20250530,22.52,2.5071,3.2551,1.38,105.0123,119.4361,2.9101,6.6469,6.8509,0.0,,46794.889,46777.0165,36027.7493,1053820.9003,1053418.4116
600180.SH,20250530,4.51,2.1342,5.8231,1.1,73.5933,,0.6191,0.1556,0.1652,2.5298,2.5298,108662.7464,108662.7464,39825.5628,490068.9863,490068.9863
689009.SH,20250530,65.62,0.9211,0.9548,0.83,43.4168,33.5103,7.0791,3.3157,2.8108,0.4249,,71730.102,54976.9128,53036.8018,4706929.2932,3607585.0179
002469.SZ,20250530,8.22,3.2408,4.1962,0.85,20.3072,20.7854,2.0642,2.0881,2.0649,4.8662,4.8662,64886.263,62889.4911,48570.7248,533365.0819,516951.6168
600999.SH,20250530,16.18,0.2148,0.5286,1.18,13.5482,13.3548,1.207,6.7353,6.6043,2.1817,2.1817,869652.6806,742200.5272,301633.7568,14070980.3721,12008804.5301
002936.SZ,20250530,1.98,1.8391,2.6043,0.98,9.5973,9.3572,0.4031,1.398,1.3899,0.0,,909209.1358,670071.5742,473192.9186,1800234.0889,1326741.7169
300430.SZ,20250530,19.96,13.51,18.7077,2.37,56.4487,69.5521,2.428,5.6882,6.1987,0.4009,0.4009,27304.7596,25986.2959,18766.3748,545003.0016,518686.4662
301062.SZ,20250530,8.06,1.4941,1.6751,0.84,65.336,135.7755,2.2857,2.9263,2.8905,0.5746,,43227.7187,31160.928,27793.3411,348415.4127,251157.0797
300463.SZ,20250530,11.82,1.2576,1.4974,0.98,57.0906,238.588,1.1462,2.8404,2.9637,1.2993,0.8742,61246.959,49150.4817,41277.5544,723939.0554,580958.6937
601177.SH,20250530,17.23,3.9883,7.2525,0.92,29.1897,29.0343,2.6267,3.0551,3.0184,0.2846,,40797.5,40006.0,22000.375,702940.925,689303.38
600671.SH,20250530,12.88,3.2742,5.7725,1.06,102.8814,52.1743,27.2888,7.2183,6.4854,0.0,,12177.8885,12172.0533,6904.1073,156851.2039,156776.0465
603985.SH,20250530,15.64,2.8389,5.5809,0.67,,,2.1326,3.9949,3.293,0.0,,44085.8003,44085.8003,22425.4463,689501.9167,689501.9167
000403.SZ,20250530,22.13,1.2337,1.9958,1.35,21.707,22.7082,2.0189,6.0944,6.2377,1.5812,1.5812,73107.4913,72286.0403,44684.1166,1617868.7825,1599690.0718
300620.SZ,20250530,39.61,1.2554,2.4669,1.02,147.3515,138.366,5.1153,9.8812,8.9413,0.2531,0.2525,24918.0545,24685.3486,12562.5216,987004.1387,977786.658
601880.SH,20250530,1.48,0.2255,0.6663,0.87,30.9274,36.2394,0.8851,3.197,3.3049,1.2962,1.2962,2390547.4669,1874675.867,634495.4415,3538010.251,2774520.2832
920670.BJ,20250530,16.06,7.8535,9.5355,1.27,,,7.1431,25.7049,23.0743,0.3736,,10618.24,6664.8421,5489.1912,170528.9344,107037.3641
300836.SZ,20250530,40.44,5.2461,5.7959,1.1,136.7443,182.9621,7.1711,8.0459,7.8559,0.2669,0.7765,9268.561,6320.9837,5721.4186,374820.6068,255620.5808
300348.SZ,20250530,13.9,11.7693,12.213,3.37,607.4705,570.6042,5.3292,6.5021,6.4694,0.0648,,81226.1787,70806.7177,68234.1572,1129043.8839,984213.376
002210.SZ,20250530,2.57,3.5192,5.0241,0.83,239.9374,318.667,13.662,28.6003,29.5327,0.0,,266123.2774,265625.6674,186058.3817,683936.8229,682657.9652
300381.SZ,20250530,7.9,3.3627,4.7438,0.87,124.7718,237.5303,1.4824,4.6954,4.6753,0.7411,0.7411,49106.1461,48934.0774,34688.2396,387938.5542,386579.2115
002748.SZ,20250530,8.94,1.6875,3.6459,0.61,81.9843,35.5754,1.5667,1.081,1.0602,1.1186,1.1186,24000.0,24000.0,11108.5,214560.0,214560.0
300918.SZ,20250530,19.3,4.0245,9.1259,1.08,43.9618,43.8886,3.0708,5.1922,5.1839,0.727,0.7676,43470.5856,43470.5856,19170.5856,838982.3021,838982.3021
002395.SZ,20250530,17.44,3.8232,10.7754,2.12,9.9098,8.9707,3.2744,2.043,1.8976,0.5734,0.5734,26820.9,26820.9,9516.3715,467756.496,467756.496
300843.SZ,20250530,26.42,1.63,3.8074,1.31,42.0739,38.9063,2.7924,3.3597,3.2356,0.3459,0.3459,16370.4863,15709.0219,6725.0088,432508.248,415032.3586
300684.SZ,20250530,21.81,3.6874,4.2703,1.16,32.4364,28.0228,3.4374,4.1706,4.0436,1.0985,2.9654,29950.9223,20324.4969,17550.0165,653229.6154,443277.2774
603667.SH,20250530,37.07,6.6703,10.7178,1.09,148.6289,148.5965,4.5959,4.1599,4.0167,0.4885,0.4885,36634.05,36620.277,22790.9447,1358024.2335,1357513.6684
688779.SH,20250530,4.83,0.4617,0.8992,0.87,,,1.3991,1.6822,1.5903,,,192921.8895,192921.8895,99053.2403,931812.7263,931812.7263
300267.SZ,20250530,3.21,5.1933,6.8648,0.79,,,1.4831,5.8098,5.4387,0.0,,206260.487,142239.1891,107604.716,662096.1633,456587.797
300553.SZ,20250530,47.12,2.5584,2.9916,0.76,210.6358,162.9682,4.8534,14.9769,13.5692,0.1411,,8538.1695,6543.1052,5595.6214,402318.5468,308311.117
601933.SH,20250530,4.98,1.3825,3.0466,0.93,,,9.9111,0.6688,0.713,0.0,,907503.6993,907503.6993,411826.5243,4519368.4225,4519368.4225
301366.SZ,20250530,46.51,14.1721,16.8169,2.39,78.7591,106.7167,3.2146,7.8595,7.4017,0.8567,0.8567,15000.0001,5471.1034,4610.6614,697650.0047,254461.0191
688799.SH,20250530,46.36,13.2419,21.9008,2.72,37.0502,41.8483,3.3887,4.3087,4.4235,1.3867,0.9244,13132.0,13132.0,7940.02,608799.52,608799.52
002702.SZ,20250530,4.21,3.6667,4.858,0.91,,,2.1756,1.3711,1.4856,0.9501,0.9501,55576.0,45874.375,34624.5,233974.96,193131.1188
300800.SZ,20250530,10.35,2.0712,4.0826,1.8,61.5463,65.0296,1.2272,3.1664,3.2181,1.7256,1.5092,23675.9,23438.15,11890.68,245045.565,242584.8525
920266.BJ,20250530,10.6,6.0455,7.7263,0.95,,,1.4471,2.5461,2.8957,,,12400.0007,7785.5236,6091.8955,131440.0074,82526.5502
688393.SH,20250530,28.07,1.7546,3.1149,0.63,123.3576,1173.8295,2.1253,5.5788,5.944,0.5344,0.3563,9356.7699,9356.7699,5270.5137,262644.5311,262644.5311
603168.SH,20250530,7.44,3.3752,5.3488,1.73,,,1.7489,5.7792,6.245,0.2847,0.2847,37592.5005,32259.2499,20356.5496,279688.2037,240008.8193
920010.BJ,20250530,13.29,2.5345,4.8875,0.75,68.9799,74.0966,4.5788,5.7185,5.9786,0.3762,0.3762,23450.0,17366.8103,9006.0754,311650.5,230804.9089
002407.SZ,20250530,11.5,0.6657,0.7114,0.9,,,1.6083,1.6681,1.6744,2.5617,,119043.2569,108055.0826,101122.5183,1368997.4544,1242633.4499
002468.SZ,20250530,11.45,3.0028,7.4737,1.46,16.8543,16.1441,1.7822,0.3716,0.3574,0.1737,0.1737,153080.2166,149204.5657,59946.8855,1752768.4801,1708392.2773
300168.SZ,20250530,7.24,0.9557,1.3185,0.76,,,7.0121,5.1897,4.9113,0.0,,144177.7126,143918.2545,104313.4696,1043846.6392,1041968.1626
688238.SH,20250530,6.15,2.4111,3.1434,0.96,,,2.4598,16.0854,16.5335,,,64903.67,64114.57,49177.336,399157.5705,394304.6055
688607.SH,20250530,18.08,1.1129,1.9957,0.94,90.2621,120.6861,1.8535,5.3451,5.2488,0.2962,0.2962,8812.9027,8812.9027,4914.5679,159337.2808,159337.2808
002716.SZ,20250530,3.43,1.181,1.4177,0.57,57.0381,50.1599,2.9189,1.1648,1.124,0.0,,282308.8646,221047.9088,184141.5116,968319.4056,758194.3272
002287.SZ,20250530,24.33,0.5301,4.1919,1.28,22.1909,23.0532,3.3217,5.5267,5.4385,1.9695,2.8737,53108.6128,52995.772,6701.6032,1292132.5494,1289387.1328
688239.SH,20250530,41.19,3.1785,4.2651,2.82,32.2764,34.6536,3.214,3.3719,3.6908,0.5064,0.5064,14779.3515,14680.8795,10940.5832,608761.4883,604705.4266
688383.SH,20250530,52.97,2.0963,6.629,0.9,133.7195,233.024,3.8927,5.7931,6.0269,0.3752,0.3752,10213.36,10213.36,3229.8325,541001.6792,541001.6792
688093.SH,20250530,25.65,0.734,2.6064,1.02,24.0883,20.6922,3.5145,8.477,7.3445,2.7898,2.0145,26263.1312,26263.1312,7395.9643,673649.3153,673649.3153
600508.SH,20250530,11.32,0.2212,0.5895,0.68,11.4327,15.811,0.633,0.8622,0.9187,5.3887,5.3887,72271.8,72271.8,27117.8567,818116.776,818116.776
603078.SH,20250530,17.79,1.6891,2.9255,0.67,69.5558,68.5658,3.6167,6.2411,6.0672,0.6464,0.5059,38563.7248,38563.7248,22266.3005,686048.6642,686048.6642
300455.SZ,20250530,13.24,1.8495,4.109,0.71,133.4979,142.6145,5.1093,7.1533,7.365,0.1133,0.1133,71776.7936,70862.2436,31895.7451,950324.7473,938216.1053
603598.SH,20250530,15.96,2.4524,4.9165,0.98,,,22.286,0.6813,0.6111,0.0,,26846.29,26786.29,13361.66,428466.7884,427509.1884
002797.SZ,20250530,6.63,0.901,1.1413,1.0,30.8333,31.7177,1.6706,7.8893,7.9176,0.6335,0.6335,420240.0,420240.0,331747.38,2786191.2,2786191.2
301120.SZ,20250530,10.1,8.7525,11.9957,0.68,,,2.4825,9.9506,9.5776,0.5401,0.2946,37144.1055,21861.9762,15951.2394,375155.4656,220805.9596
920371.BJ,20250530,11.66,2.6329,9.1415,0.72,52.5328,55.1803,4.2125,2.6429,2.664,0.8576,0.8576,20544.5536,19365.3671,5577.5492,239549.495,225800.1804
688256.SH,20250530,603.66,1.4041,2.9073,1.34,,1941.4077,43.237,214.5675,111.4956,,,41745.6753,41745.6753,20161.0512,25200194.3516,25200194.3516
002476.SZ,20250530,4.32,3.2494,4.1332,1.44,46.8817,41.7619,2.8086,4.9082,4.9704,0.2315,0.2315,61200.0,61192.995,48108.6744,264384.0,264353.7384
300578.SZ,20250530,19.85,8.141,11.2863,0.68,133.4957,194.4151,3.3201,8.6879,8.4592,0.0,,19826.974,19409.4054,14000.4054,393565.4339,385276.6972
002495.SZ,20250530,2.66,4.0897,4.9938,0.87,100.7749,99.2707,2.2235,9.2998,9.3334,0.0,,93562.56,68122.493,55788.8414,248876.4096,181205.8314
688776.SH,20250530,101.49,5.1641,14.2116,0.93,233.7853,539.9437,5.9405,20.4962,22.8001,0.1971,0.3793,10838.3419,10838.3419,3938.3844,1099983.3194,1099983.3194
603023.SH,20250530,3.68,1.9908,3.8887,1.62,406.2662,1393.6539,2.6675,31.4839,24.7869,0.0,,55811.7407,55811.7407,28573.1327,205387.2058,205387.2058
002327.SZ,20250530,8.13,1.4112,1.8406,1.29,12.5753,14.325,1.7227,2.2645,2.3553,7.9763,7.9763,83874.7539,48774.5772,37396.7596,681901.7492,396537.3126
688305.SH,20250530,72.18,0.7173,1.2926,0.85,56.8109,54.2872,3.9832,12.1878,11.6173,0.3446,0.3446,10223.5906,10170.2906,5643.2906,737938.7695,734091.5755
688496.SH,20250530,7.78,2.3454,5.0008,0.94,,,3.466,4.6471,4.5987,,,45000.0,23794.56,11160.0,350100.0,185121.6768
300083.SZ,20250530,7.92,3.4111,3.6068,1.36,55.5685,47.6818,2.5618,2.8632,2.7488,0.0,,166486.2589,149303.5214,141204.9994,1318571.1705,1182483.8895
300854.SZ,20250530,17.59,3.935,6.9392,0.43,135.7275,61.7689,1.7758,2.7524,2.5606,0.6256,0.6256,10104.35,8130.0875,4610.32,177735.5165,143008.2391
600560.SH,20250530,15.47,2.3347,4.2547,1.21,65.7652,71.706,3.6376,4.6791,4.898,0.459,0.459,22364.55,22364.55,12271.9776,345979.5885,345979.5885
301180.SZ,20250530,13.32,1.1356,2.5999,1.02,,,4.0719,4.8992,4.5961,0.1877,0.1877,40001.0,16413.8002,7169.0002,532813.32,218631.8187
000903.SZ,20250530,5.42,44.8283,67.7748,10.1,,,6.549,2.2335,2.3527,0.0,,194976.9173,192026.1648,127011.9255,1056774.8918,1040781.8132
301235.SZ,20250530,23.6,4.6824,5.3867,0.96,37.3023,35.6397,1.4387,1.4593,1.4053,0.4237,0.2076,10560.0,5095.2,4429.0754,249216.0,120246.72
002547.SZ,20250530,4.81,6.6143,9.2093,0.71,,,2593.2503,2.4586,2.4743,0.0,,112805.7168,110480.7166,79349.7165,542595.4978,531412.2468
601965.SH,20250530,18.28,0.2906,0.7829,0.63,20.2033,19.8934,2.5319,3.905,3.8836,1.8053,2.3523,100328.5687,99368.1967,36884.9499,1834006.2358,1816450.6357
603729.SH,20250530,15.98,4.0968,5.8382,1.47,178.9774,74.723,4.0452,4.4106,3.7902,0.0,,9333.8,9333.8,6549.77,149154.124,149154.124
000995.SZ,20250530,13.12,3.1384,4.3722,0.72,84.0276,76.902,14.9451,13.5016,13.3219,0.0,,17740.8,17740.8,12734.2009,232759.296,232759.296
002357.SZ,20250530,8.48,3.857,5.5023,1.12,21.7488,19.3156,1.6145,3.1062,3.1531,0.5896,1.1792,31348.9036,31347.7786,21974.4565,265838.7025,265829.1625
603701.SH,20250530,17.63,6.0634,11.9269,1.75,99.885,105.3792,5.7121,6.5171,6.3377,0.1418,0.1418,26136.1901,26136.1901,13287.0002,460781.0315,460781.0315
300864.SZ,20250530,19.47,0.8687,3.381,1.27,18.2102,19.0187,2.4813,3.6546,3.5922,4.0708,4.3657,15648.8669,15648.8669,4020.8669,304683.4385,304683.4385
600403.SH,20250530,3.71,1.4408,9.2938,0.73,,,1.6488,1.799,1.9294,0.0,,239081.2402,239081.2402,37065.1791,886991.4011,886991.4011
601966.SH,20250530,14.41,1.6834,3.637,1.66,12.0347,12.7668,0.9523,0.9561,0.9286,4.4344,4.4344,146350.2683,146350.2683,67737.7456,2108907.3662,2108907.3662
603444.SH,20250530,251.54,3.1996,5.4378,3.63,19.1775,18.5884,3.6742,4.9033,4.6416,2.5739,3.9598,7204.1101,7204.1101,4238.8461,1812121.8546,1812121.8546
000035.SZ,20250530,4.36,0.8816,1.2623,1.53,38.9436,59.2756,0.9998,1.9239,1.9395,0.4599,0.4599,250078.3182,242579.4086,169420.3439,1090341.4674,1057646.2215
600197.SH,20250530,14.7,0.6247,1.1053,0.71,24.3379,25.6634,1.7225,3.1575,3.2097,2.6465,2.6465,47317.4717,47317.4717,26744.859,695566.834,695566.834
603580.SH,20250530,13.91,3.2303,9.9014,1.06,,,4.2796,10.8496,10.1786,0.5895,0.5895,13067.32,13067.32,4263.22,181766.4212,181766.4212
600516.SH,20250530,4.62,0.3415,0.5536,1.29,99.9882,858.0198,1.1502,4.8037,5.5783,0.6835,0.6835,402597.0368,402597.0368,248307.6847,1859998.31,1859998.31
300436.SZ,20250530,31.45,8.3405,13.2414,2.41,,,15.1013,11.3464,11.954,0.0,,15926.7,13671.9819,8611.6758,500894.715,429983.8308
603557.SH,20250530,2.96,3.315,4.9293,1.74,,,11.667,5.6389,5.7972,0.0,,62343.6888,62343.6888,41926.6552,184537.3188,184537.3188
603861.SH,20250530,9.19,2.0351,5.0782,0.95,23.0592,22.6245,1.3008,0.908,0.9001,0.8061,0.8061,49255.9946,48061.8469,19260.3781,452662.5904,441688.373
920471.BJ,20250530,16.5,6.8686,11.4461,0.77,,,2.554,2.5441,2.5677,0.5983,0.5983,8320.0,5303.0607,3182.2643,137280.0,87500.5016
601222.SH,20250530,5.57,0.5724,0.9379,0.99,15.2416,17.423,0.7508,1.7019,1.818,5.3898,10.1571,206016.9156,206016.9156,125718.9229,1147514.2199,1147514.2199
301596.SZ,20250530,119.8,3.1646,4.2644,0.82,65.4491,66.2071,7.729,10.722,10.5841,0.0,,5511.8072,2474.8572,1836.5822,660314.5026,296487.8926
600261.SH,20250530,3.24,0.8958,1.6793,1.04,21.3062,20.4991,1.2071,1.3619,1.4254,4.0123,4.0123,133505.2966,133505.2966,71216.9134,432557.161,432557.161
688182.SH,20250530,29.57,1.2775,4.3143,1.3,204.6568,179.5382,5.3714,28.7858,26.0315,0.1987,0.1987,40000.0,40000.0,11844.47,1182800.0,1182800.0
000629.SZ,20250530,2.5,1.0414,2.3267,2.43,81.4769,195.1869,1.8755,1.7592,1.9786,0.0,,929497.0045,929027.0724,415817.8167,2323742.5113,2322567.681
300433.SZ,20250530,20.27,0.8891,2.3569,1.2,27.8707,26.9797,2.0572,1.445,1.4134,1.4675,1.4675,498277.2171,496569.634,187316.0907,10100079.1906,10065466.4812
000813.SZ,20250530,3.29,3.0891,5.9801,1.61,,,1.3868,15.2689,15.6711,0.0,,216495.599,216460.0265,111817.1825,712270.5207,712153.4872
603004.SH,20250530,21.61,15.6626,15.6626,0.63,31.142,32.4042,2.5059,7.2689,7.217,1.0273,1.0273,23552.0,5888.0,5888.0,508958.72,127239.68
600722.SH,20250530,5.02,1.2951,2.9462,1.02,64.8997,63.9198,2.8168,6.8393,7.0049,0.0,,68031.9676,68031.9676,29905.6699,341520.4774,341520.4774
000159.SZ,20250530,5.32,2.0274,2.627,1.3,,,1.2591,0.9926,1.1467,0.0,,48068.5993,48067.2868,37096.398,255724.9483,255717.9658
688030.SH,20250530,14.85,0.5365,0.9911,0.98,,,3.2221,2.6856,2.6671,,,18023.2658,18023.2658,9756.1631,267645.4971,267645.4971
002418.SZ,20250530,3.47,11.8355,16.3544,2.76,,,2.7507,1.5076,1.4209,0.0,,113640.0,113639.6775,82239.6775,394330.8,394329.6809
603660.SH,20250530,6.9,3.6714,4.8551,0.9,,,3.7893,2.7829,2.6166,0.0,,53672.5572,53243.2222,40262.0594,370340.6447,367378.2332
301189.SZ,20250530,24.53,6.6805,6.6962,0.94,,,1.3279,5.1479,4.9703,0.0,,11639.6465,4088.7873,4079.1675,285520.5286,100297.9525
600778.SH,20250530,6.33,3.179,5.167,0.85,620.8101,192.3216,8.3105,1.2318,1.2566,0.0,,31149.1352,31121.4882,19147.8301,197174.0258,196999.0203
688665.SH,20250530,41.88,1.6643,5.4062,0.84,37.1803,33.3633,3.9355,4.8013,4.4281,1.436,1.436,10010.0,10010.0,3081.65,419218.8,419218.8
300881.SZ,20250530,30.8,2.498,4.9194,0.59,15.0044,15.0295,3.0812,1.2723,1.2342,1.7857,,11000.0,5740.625,2915.0,338800.0,176811.25
002120.SZ,20250530,6.97,1.6349,3.6578,1.63,10.5581,11.0874,0.9852,0.4163,0.4076,2.4328,2.4328,289919.5363,281512.395,125823.6544,2020739.168,1962141.3932
688680.SH,20250530,40.87,1.2526,2.021,0.57,,,2.4954,1.3251,1.6916,0.2894,0.2894,8402.0325,8402.0325,5207.6525,343391.0683,343391.0683
600817.SH,20250530,12.78,5.8197,20.085,1.26,30.214,27.7885,2.7551,1.8062,1.8035,3.7095,3.7095,53684.939,52724.9346,15277.2432,686093.5204,673824.6642
920810.BJ,20250530,22.61,13.4697,22.9242,1.26,,,6.711,19.6898,13.6602,0.4423,0.4423,6850.0,4457.6818,2619.2246,154878.5,100788.1855
002542.SZ,20250530,3.21,1.7828,3.0516,0.91,,,7.5533,3.789,3.9781,0.0,,180611.6738,175864.6284,102742.8211,579763.4729,564525.4572
300608.SZ,20250530,11.1,2.8514,4.3632,0.88,,,2.5463,4.2184,4.4221,0.0899,,33122.9052,28756.5998,18792.7247,367664.2477,319198.2578
300889.SZ,20250530,16.92,1.9428,2.5247,0.95,,,1.7883,2.9225,2.9714,0.1764,0.1764,15600.0,10538.5642,8109.7989,263952.0,178312.5063
603108.SH,20250530,17.27,2.3345,3.3189,0.8,188.5841,,2.4593,1.2542,1.3194,0.5744,0.5744,60365.0425,60365.0425,42460.3246,1042504.284,1042504.284
002850.SZ,20250530,110.35,1.2317,1.4154,1.04,20.5087,19.4673,2.611,2.5089,2.4062,1.3419,1.8124,27350.4701,19683.5661,17129.4815,3018124.3755,2172081.5191
002777.SZ,20250530,17.41,1.8022,2.9381,0.51,97.0131,95.1066,4.2146,5.306,5.2581,0.6893,0.6893,40823.1038,40451.1491,24811.8891,710730.2372,704254.5058
600211.SH,20250530,37.04,2.1175,4.6822,2.53,11.3563,11.8481,3.0878,4.2536,4.2417,4.1413,5.2835,32231.9196,32231.9196,14576.6768,1193870.302,1193870.302
688345.SH,20250530,22.56,0.5915,2.3311,0.8,,,2.1098,1.2234,1.071,,,10000.0,10000.0,2537.5,225600.0,225600.0
002388.SZ,20250530,3.9,3.6012,4.3268,1.44,,,2.0114,0.907,0.9409,0.0,,51069.76,50652.8553,42157.5594,199172.064,197546.1357
688788.SH,20250530,54.9,1.6866,4.123,0.95,,,2.7423,24.6646,24.0051,,,10574.7925,10574.7925,4325.7994,580556.1083,580556.1083
002256.SZ,20250530,2.49,5.7409,5.7409,0.92,,,4.224,14.2811,14.1884,0.0,,198612.5387,143572.9547,143572.9547,494545.2214,357496.6572
002896.SZ,20250530,74.29,3.7929,7.1902,0.82,154.7961,152.6515,9.4262,11.5026,11.4123,0.1077,0.1077,15117.1285,15117.1285,7974.4675,1123051.4763,1123051.4763
000767.SZ,20250530,2.91,2.1781,4.4494,0.85,279.134,14.9003,1.4939,0.5371,0.5576,0.0,,307694.2219,291224.6436,142562.9916,895390.1857,847463.7129
600123.SH,20250530,6.48,0.3874,0.7105,0.54,13.302,15.4941,0.5947,0.8162,0.8211,11.6674,,147324.0021,147324.0021,80329.8021,954659.5336,954659.5336
000631.SZ,20250530,2.89,0.3197,1.0163,1.14,81.5427,79.9081,1.1999,22.1009,24.9287,3.3803,3.3803,239527.9084,239527.9084,75344.7232,692235.6553,692235.6553
300602.SZ,20250530,18.37,1.8424,2.4869,1.11,56.4069,47.7749,2.8696,2.1179,2.0373,0.179,0.2069,58000.6431,39126.1338,28986.3281,1065471.8137,718747.0779
002097.SZ,20250530,7.76,4.861,7.8776,3.23,114.2401,98.3135,1.7656,1.1714,1.1965,0.6443,0.6443,107461.7264,107267.6639,66190.7779,833902.9969,832397.0719
603669.SH,20250530,5.05,2.7925,6.3474,1.73,,,5.2736,9.5905,10.3169,0.0,,72124.4755,72124.4755,31730.5915,364228.6013,364228.6013
300826.SZ,20250530,16.96,1.8314,3.3168,0.89,251.0688,270.1323,2.1112,4.2622,4.4349,0.5471,0.5471,16650.5137,16093.0166,8885.9812,282392.7124,272937.5615
688598.SH,20250530,23.5,2.1734,2.4695,1.31,,,0.942,8.9363,9.7027,,,20415.7916,20415.7916,17967.5954,479771.1026,479771.1026
688266.SH,20250530,108.76,2.2685,3.0283,1.51,,,23.4823,54.019,48.6023,,,26470.8186,26470.8186,19829.7059,2878966.2309,2878966.2309
603195.SH,20250530,70.8,0.1178,0.7916,0.83,21.414,21.1876,5.4216,5.4356,5.3973,3.021,3.021,129215.889,128646.1637,19150.3731,9148484.9412,9108148.39
601600.SH,20250530,6.54,0.6417,1.0866,0.8,9.0481,8.1851,1.5534,0.4733,0.46,2.4774,2.4774,1715563.2078,1313353.9181,775595.647,11219783.379,8589334.6244
300631.SZ,20250530,22.33,5.7803,7.8876,0.8,52.6681,49.2858,2.1956,5.2359,5.1843,0.8061,,12504.3424,11977.7206,8777.7206,279221.9658,267462.501
603199.SH,20250530,36.83,1.5832,2.859,0.92,21.9148,20.1216,2.7033,5.3325,4.9787,2.145,1.8463,11068.0,11068.0,6129.1646,407634.44,407634.44
301522.SZ,20250530,34.8,13.36,13.36,2.53,80.0923,87.9044,7.2117,5.1589,5.2372,,0.3362,37186.6667,7437.3334,7437.3334,1294096.0012,258819.2023
688189.SH,20250530,7.06,3.0883,5.5432,1.47,,,2.0863,7.3581,11.5634,,,27440.0,27440.0,15288.0,193726.4,193726.4
002429.SZ,20250530,4.32,0.6645,1.4429,1.22,12.2037,12.8452,1.2057,0.9621,0.9806,2.4537,2.4537,452694.0607,452433.3018,208363.3791,1955638.3422,1954511.8638
000869.SZ,20250530,23.65,0.6631,2.7528,0.72,52.0579,52.0016,1.4734,4.8481,4.848,2.134,2.134,67182.39,45509.4295,10962.0439,1588863.5235,1076298.0077
001367.SZ,20250530,22.08,19.5628,19.5628,0.55,27.3711,27.865,2.461,7.1145,7.0742,1.0136,0.5202,15192.644,3870.8913,3870.8913,335453.5795,85469.2799
603166.SH,20250530,14.55,3.1185,7.4975,0.98,50.7464,42.9738,3.9231,5.7068,5.229,1.2125,1.3467,64620.8651,63900.8651,26579.0611,940233.5872,929757.5872
600156.SH,20250530,7.0,5.7528,9.6384,0.76,,,7.0034,3.6203,3.4986,0.0,,40211.0702,40211.0702,24000.639,281477.4914,281477.4914
002549.SZ,20250530,10.2,16.6348,33.1898,0.89,,120.6643,3.5048,12.0614,11.6701,0.0,,69534.7901,69235.9526,34701.1235,709254.859,706206.7165
002373.SZ,20250530,9.45,1.9491,2.6815,1.41,,,1.306,2.0599,2.0517,0.5279,0.5279,158018.8215,137759.4126,100131.8023,1493277.8632,1301826.4491
603860.SH,20250530,29.89,1.3811,2.5689,0.9,44.6677,40.9833,2.5099,7.6667,7.625,0.5176,0.5597,6668.0,6668.0,3584.8,199306.52,199306.52
002003.SZ,20250530,11.36,0.4602,0.6808,1.14,18.9603,18.3724,3.2246,2.8407,2.7361,5.7235,4.4018,116888.9653,101826.5037,68829.7475,1327858.6458,1156749.082
603230.SH,20250530,12.67,0.8612,3.0443,1.07,13.2487,12.285,1.5412,2.4735,2.4323,3.5517,3.5517,35352.3,35352.3,10000.67,447913.641,447913.641
301289.SZ,20250530,52.28,14.5195,18.9777,1.01,54.1697,50.8634,4.0872,13.7713,13.1675,0.7651,0.7651,7800.0,2490.2001,1905.21,407784.0,130187.6612
000920.SZ,20250530,10.01,1.5093,2.8857,0.97,23.9319,22.7413,2.4917,2.7132,2.6699,1.7283,1.7283,47262.1118,42197.75,22070.1104,473093.7391,422399.4775
300019.SZ,20250530,17.11,2.9566,4.823,1.1,28.3177,25.0689,2.6757,2.1292,1.9424,1.7442,1.7534,39311.67,34529.2811,21167.3019,672622.6737,590795.9996
300024.SZ,20250530,16.16,1.1067,1.4898,0.93,,,5.7785,6.1134,6.1807,0.0,,156561.995,153329.7954,113902.5783,2530041.8392,2477809.4937
920061.BJ,20250530,35.11,2.9294,5.269,0.82,123.7746,201.7239,8.712,19.9049,20.3975,0.5412,,7079.0,3736.94,2077.62,248543.69,131203.9634
300772.SZ,20250530,10.57,1.0003,1.6739,1.15,17.8945,18.3633,1.2916,0.3747,0.3704,0.4218,0.4218,78692.9305,69782.1899,41702.1899,831784.2754,737597.7472
600392.SH,20250530,11.59,1.4621,1.9822,0.72,98.0483,34.3684,2.1012,1.7866,1.7701,0.604,0.604,175282.657,175282.657,129288.376,2031525.9946,2031525.9946
600475.SH,20250530,10.48,0.7676,2.4401,0.67,14.2249,15.4861,1.1188,1.0993,1.225,4.2509,4.2509,95596.5729,94288.5729,29660.5809,1001852.084,988144.244
688543.SH,20250530,45.38,4.7659,4.7659,1.79,48.0703,49.1264,4.4181,7.9314,8.3391,1.2156,1.6396,21050.8561,11565.0087,11565.0087,955287.8498,524820.0948
000898.SZ,20250530,2.35,0.2398,0.9123,0.82,,,0.4669,0.2095,0.2141,0.0,,936922.1258,795719.7673,209187.2634,2201766.9956,1869941.4532
600546.SH,20250530,9.73,0.9504,2.258,0.69,8.5036,9.9424,1.1459,0.6525,0.6962,6.6804,,198245.614,198245.614,83444.9858,1928929.8242,1928929.8242
301231.SZ,20250530,23.16,6.1968,6.1968,1.29,,,2.2549,7.353,6.6488,0.2146,0.2146,8440.0,5390.0,5390.0,195470.4,124832.4
301551.SZ,20250530,49.63,6.146,6.146,0.69,75.9228,70.2721,8.2113,32.3704,32.4386,0.1894,0.7939,40001.0,3788.2341,3788.2341,1985249.63,188010.0584
600961.SH,20250530,9.96,1.1173,1.7996,0.6,13.5859,11.8158,3.4353,0.5408,0.5307,0.0,,107287.2703,75181.2398,46677.3173,1068581.2122,748805.1484
603596.SH,20250530,54.73,0.5563,0.828,0.54,27.4594,26.1518,4.8654,3.3406,3.098,0.4438,,60651.082,60629.732,40740.0609,3319433.7179,3318265.2324
301137.SZ,20250530,34.77,24.7928,53.5241,0.95,156.1533,156.8157,4.6359,4.0191,3.8811,0.3681,0.3681,18181.34,10170.18,4710.91,632165.1918,353617.1586
605122.SH,20250530,11.71,1.1689,3.5212,1.04,,,0.9874,1.429,1.5112,0.1964,0.1964,17235.4,17235.4,5721.49,201826.534,201826.534
301012.SZ,20250530,18.61,11.8855,14.7938,2.18,52.5841,50.8263,3.2254,2.7743,2.5925,0.3803,0.5401,19876.4522,15863.3522,12744.8242,369900.7754,295216.9844
600828.SH,20250530,4.02,1.6627,12.3031,0.7,187.4347,,0.9943,2.5638,2.748,0.6716,,173198.2546,173136.0181,23397.9684,696256.9835,696006.7928
600165.SH,20250530,4.65,1.0498,1.4829,0.5,,,412.6921,9.2226,8.2668,0.0,,68488.3775,68488.3775,48488.3775,318470.9554,318470.9554
000650.SZ,20250530,5.56,1.449,1.9621,1.21,16.1516,16.599,1.2273,1.9101,2.0361,3.5971,3.5971,139993.8234,133138.5834,98324.1448,778365.6581,740250.5237
605058.SH,20250530,22.85,1.6071,5.3511,1.73,23.0802,22.2336,1.8592,2.5258,2.4074,1.3129,1.3129,14292.395,14292.395,4292.395,326581.2258,326581.2258
300809.SZ,20250530,34.93,3.6754,4.8287,0.84,142.8854,151.583,5.4081,19.8573,19.8081,0.3417,0.3417,25353.92,14111.2904,10741.0072,885612.4256,492907.3737
002279.SZ,20250530,6.4,2.5168,3.2652,0.75,,,4.2607,1.3707,1.5252,0.0,,86464.7201,78972.7349,60873.5837,553374.2086,505425.5034
002957.SZ,20250530,15.96,3.5608,9.1211,1.96,48.0925,44.6697,2.1928,2.7385,2.748,1.053,1.053,41998.2466,41002.5366,16007.0932,670292.0157,654400.4841
301067.SZ,20250530,29.7,8.3902,12.7835,2.63,358.4211,233.0035,3.4411,3.3098,3.3322,0.1674,0.1674,9723.6,6382.89,4189.32,288790.92,189571.833
000917.SZ,20250530,7.06,1.1524,1.3828,0.84,104.3174,140.4052,0.9713,2.5651,2.5494,0.2833,0.2833,141755.6338,141745.9363,118131.7383,1000794.7746,1000726.3103
600604.SH,20250530,4.45,1.8828,4.7069,1.77,273.0414,153.517,1.3058,3.2292,3.0601,0.0,,187330.4804,140745.4804,56298.9292,833620.6378,626317.3878
688267.SH,20250530,25.95,2.5215,2.8766,0.89,31.42,30.2463,1.6479,6.8592,6.8581,0.7572,0.7572,17620.0,9280.7159,8135.0022,457239.0,240834.5776
301150.SZ,20250530,20.83,2.8567,3.2393,2.04,,,1.0742,0.7883,0.7438,0.33,,18112.2202,9245.1802,8153.1802,377277.5468,192577.1036
600685.SH,20250530,24.66,1.3462,3.2514,1.6,92.3947,63.7996,2.0359,1.7965,1.7224,0.0933,0.0933,141350.6378,82143.5181,34009.7481,3485706.7281,2025659.1563
600099.SH,20250530,10.54,1.6282,2.8123,0.9,125.3276,115.9549,4.3502,2.198,2.0617,0.2087,0.2087,21912.0,21912.0,12686.308,230952.48,230952.48
920819.BJ,20250530,4.4,1.8061,4.6808,0.64,,,1.0659,0.9252,0.9231,2.2727,2.2727,122580.0,120758.25,46594.9042,539352.0,531336.3
688466.SH,20250530,16.91,0.6002,2.03,1.35,31.1701,29.883,1.8481,3.3737,3.2731,2.4056,4.8112,12311.9025,12311.9025,3640.0425,208194.2713,208194.2713
603815.SH,20250530,7.64,1.3365,2.6855,1.41,36.3062,36.205,2.0099,1.1331,1.1298,1.1126,1.1126,61892.4235,61892.4235,30802.7345,472858.1155,472858.1155
300443.SZ,20250530,18.93,1.6353,1.8286,1.04,35.0653,30.3784,0.997,3.0803,2.734,1.7638,1.7638,32013.4598,24277.4045,21710.8461,606014.794,459571.2672
603938.SH,20250530,14.28,2.4427,7.3271,1.16,85.669,68.0308,2.2267,3.0873,3.0233,0.3641,,38262.4497,38262.4497,12755.7918,546387.7817,546387.7817
688208.SH,20250530,27.55,1.5064,2.4087,0.87,28.8076,25.7991,5.5133,4.6954,4.4354,1.9103,2.1617,67018.322,67018.322,41913.0727,1846354.7711,1846354.7711
300422.SZ,20250530,5.31,15.3163,25.1082,1.59,,,2.1734,1.7812,2.3126,0.0,,53388.0389,51654.0352,31509.5011,283490.4866,274282.9269
300127.SZ,20250530,23.72,2.218,4.7916,0.99,52.0773,52.2989,5.1462,9.5942,9.6768,1.6863,1.6863,32314.636,23081.614,10684.3314,766503.1659,547495.8841
002653.SZ,20250530,45.79,1.5475,3.3033,2.77,129.676,146.4707,12.9343,13.7802,13.281,0.7495,0.9047,111991.797,53582.7058,25101.0303,5128104.3846,2453552.0986
600169.SH,20250530,2.46,0.7702,1.531,1.01,42.4049,43.2456,1.5653,0.894,0.8036,0.0,,336125.684,333314.15,167682.8775,826869.1826,819952.809
002692.SZ,20250530,5.13,4.01,5.6229,0.84,52.4699,48.8908,3.1176,0.8284,0.8247,0.3899,0.3899,71814.6,71786.4975,51195.8935,368408.898,368264.7322
000688.SZ,20250530,12.01,0.3878,1.5361,0.78,,27.2659,3.8776,7.0478,6.2905,0.1488,0.1488,112539.6942,112539.2622,28409.287,1351601.7273,1351596.539
688066.SH,20250530,17.93,3.5587,5.0087,1.92,,,5.7415,2.9739,3.1704,,,26127.7407,26127.7407,18563.7796,468470.3908,468470.3908
688628.SH,20250530,33.55,0.6032,1.3994,0.69,20.4481,20.3928,2.8914,3.3176,3.2397,3.5466,3.5466,11178.1048,11165.3848,4812.8168,375025.416,374598.66
603696.SH,20250530,11.57,6.5536,17.5671,0.74,70.9891,71.8806,4.6519,4.4868,4.4361,0.6482,0.6482,23520.0,23520.0,8774.3565,272126.4,272126.4
300429.SZ,20250530,12.24,7.9019,8.9164,0.6,,,3.7698,7.1036,7.0821,0.0,,53630.0652,39864.4716,35328.6501,656431.998,487941.1324
301556.SZ,20250530,83.9,3.949,3.949,1.14,57.9525,57.7218,7.9493,14.635,14.229,,0.699,8528.0,1935.4483,1935.4483,715499.2,162384.1124
000425.SZ,20250530,8.24,0.4853,0.4905,0.56,16.2145,15.145,1.587,1.0572,1.0276,2.1949,2.1949,1175965.0913,809745.8156,801298.0709,9689952.3523,6672305.5205
600325.SH,20250530,4.91,0.6946,0.9663,1.1,14.2048,17.0443,0.6775,0.2252,0.1891,7.5356,2.1124,275215.2116,275215.2116,197830.6853,1351306.689,1351306.689
605376.SH,20250530,31.96,0.8323,1.5021,0.93,95.5776,69.8105,5.2823,8.8444,8.4008,1.5645,1.5645,26160.0,26160.0,14495.82,836073.6,836073.6
600996.SH,20250530,8.39,1.4129,2.6673,1.3,,,3.6227,6.5532,6.907,0.0,,124679.9854,124679.9854,66047.039,1046065.0775,1046065.0775
600132.SH,20250530,57.8,0.7038,1.7594,0.7,25.0975,24.639,16.8787,1.9102,1.902,7.4394,7.4394,48397.1198,48397.1198,19358.848,2797353.5244,2797353.5244
002878.SZ,20250530,19.15,15.3404,26.8154,1.63,,,3.6448,1.7981,1.741,0.2601,,26197.9781,23420.8461,13398.4938,501691.2806,448509.2028
605136.SH,20250530,14.13,22.8616,45.7524,0.92,,,2.2947,3.2742,3.4998,0.3963,0.3963,40045.85,40045.85,20010.1451,565847.8605,565847.8605
300291.SZ,20250530,4.78,2.1867,3.822,1.02,,,1.4351,6.096,5.9439,0.0,,94188.9651,92897.8644,53149.7704,450223.2532,444051.7918
002232.SZ,20250530,18.53,8.4356,19.0502,3.81,1856.3739,1058.2164,5.525,8.6189,8.7884,0.054,0.054,40854.8455,40854.8455,18090.8732,757040.2871,757040.2871
688279.SH,20250530,201.0,2.2503,2.9728,1.36,83.49,83.5458,7.2555,30.925,28.3294,0.3031,0.3872,9236.338,5585.8233,4228.288,1856503.938,1122750.4833
000546.SZ,20250530,4.48,2.5847,3.9086,0.8,87.7228,106.1739,0.834,0.5174,0.4625,0.0,,77764.8262,69670.5206,46072.353,348386.4214,312123.9323
002169.SZ,20250530,6.21,1.2705,1.6276,0.72,,,1.813,1.8724,1.7828,1.6103,1.6103,78270.4094,75867.3967,59221.3596,486059.2424,471136.5335
002977.SZ,20250530,37.66,8.1318,11.0842,0.66,282.0856,176.0936,4.0732,33.1295,28.1254,0.478,0.478,12012.0,6662.017,4887.517,452371.92,250891.5602
688065.SH,20250530,47.2,0.2823,0.5052,1.03,69.6269,65.3888,1.9384,11.5098,11.1653,0.3244,0.3244,72128.9794,58337.8039,32603.121,3404487.8277,2753544.3441
002563.SZ,20250530,5.43,0.8112,2.5534,1.09,12.8617,14.5514,1.3165,1.0002,1.0044,5.5249,6.4457,269409.016,220169.451,69946.8385,1462890.9569,1195520.1189
300044.SZ,20250530,3.55,3.8575,4.0259,1.06,,,26.0803,18.9258,28.0312,0.0,,76386.9228,76375.7508,73182.1277,271173.5759,271133.9153
603219.SH,20250530,14.48,0.5395,2.5681,0.96,44.8426,43.8979,4.9239,3.0085,2.7486,2.0625,2.0625,56140.0,56140.0,11792.9916,812907.2,812907.2
002264.SZ,20250530,6.83,4.5996,7.7586,1.04,18.8976,18.9409,2.5099,1.3374,1.4543,0.0,,71985.9762,65478.281,38818.1185,491664.2174,447216.6592
688687.SH,20250530,27.65,11.8076,15.6576,2.06,33.1997,32.3977,2.5208,3.8418,3.7837,0.8856,,17094.4422,17094.4422,12891.1317,472661.3268,472661.3268
300615.SZ,20250530,12.17,3.1749,4.4439,1.38,,,4.4889,8.4955,7.4371,0.8142,,19346.92,13184.9972,9419.8417,235452.0164,160461.4159
688459.SH,20250530,9.65,0.6037,0.9465,0.76,36.8806,38.4597,1.3601,4.1888,4.1583,1.0363,1.0363,48000.0,17558.4968,11199.0049,463200.0,169439.4941
603688.SH,20250530,30.01,1.4082,2.9573,0.7,48.7325,71.3374,2.7936,13.4314,15.1844,12.6513,,54167.8289,54167.8289,25793.726,1625576.5453,1625576.5453
688582.SH,20250530,67.12,1.78,2.5711,0.81,121.0588,100.3047,12.2764,66.4916,57.2304,0.1904,0.3336,40071.566,24698.726,17099.426,2689603.5099,1657778.4891
300489.SZ,20250530,47.54,2.7275,4.8722,0.47,533.9737,103.2745,10.4567,4.4995,3.8694,0.0,,13767.2835,13709.1113,7674.5613,654496.6576,651731.1512
600000.SH,20250530,12.33,0.2527,0.7782,1.32,7.9968,7.9657,0.5447,2.1196,2.1122,2.6034,2.6034,2935217.8996,2935217.8996,953172.5239,36191236.7021,36191236.7021
301156.SZ,20250530,19.73,8.213,11.1363,0.5,56.0214,56.8243,3.7755,5.6696,5.6471,2.1907,,14078.4675,6437.5269,4747.615,277768.1638,127012.4057
601901.SH,20250530,7.61,0.2624,0.5523,0.96,28.3802,23.9276,1.2861,8.1165,7.2025,0.933,0.933,823210.1395,823210.1395,391087.2474,6264629.1616,6264629.1616
002026.SZ,20250530,11.92,5.5367,8.3083,1.06,17.7077,17.6723,1.4351,2.3922,2.4458,1.5097,1.5097,44570.3339,42816.5149,28533.2723,531278.3801,510372.8576
688249.SH,20250530,20.37,0.5032,0.7428,1.03,76.6927,69.3739,1.9435,4.4182,4.2616,,,200613.5157,118676.1696,80402.9515,4086497.3148,2417433.5748
002412.SZ,20250530,6.04,3.0285,5.2747,2.24,13.7998,17.5443,1.3857,3.0258,2.9805,0.0,,50320.0,49784.5,28583.8811,303932.8,300698.38
601777.SH,20250530,8.28,0.5619,1.5368,0.77,935.4645,838.9373,3.5338,5.3211,5.0346,0.0,,452110.0071,452110.0071,165299.0287,3743470.8588,3743470.8588
920699.BJ,20250530,47.75,2.4625,4.0716,1.27,26.7666,25.7702,6.6632,5.2238,5.1727,1.3759,1.3759,4562.53,2087.53,1262.53,217860.8075,99679.5575
301360.SZ,20250530,44.75,2.5756,2.911,0.92,53.1638,56.2063,2.0562,6.4382,6.4014,0.6704,0.6704,5334.0,2780.0,2459.7543,238696.5,124405.0
000333.SZ,20250530,79.06,0.312,0.4546,0.87,15.7517,14.467,2.6299,1.4909,1.4154,3.74,,767803.7542,691456.1205,474538.2492,60702564.8071,54666520.8867
605228.SH,20250530,11.23,2.0712,8.5419,1.21,,,3.2388,3.4719,3.3712,0.3477,0.3477,42932.7533,42632.4533,10337.2918,482134.8196,478762.4506
300511.SZ,20250530,6.8,12.3528,13.632,0.69,,,3.2066,1.7834,1.929,0.0,,56711.9225,48633.2151,44069.5838,385641.073,330705.8627
301148.SZ,20250530,21.11,19.1828,20.3543,1.42,48.9877,48.8928,1.4311,4.4244,4.497,1.8465,1.8375,11649.708,3809.708,3590.438,245925.3359,80422.9359
000610.SZ,20250530,12.38,1.6455,2.4107,0.94,,,14.3418,5.0346,5.3647,0.0,,23674.7901,23550.4294,16075.2121,293093.9014,291554.316
300497.SZ,20250530,9.54,5.7219,6.1987,1.06,,,2.4037,4.4548,4.8987,0.0,,55000.4834,45056.5266,41591.0089,524704.6116,429839.2638
002400.SZ,20250530,7.28,2.3952,2.9595,0.84,125.7452,123.3756,2.5587,0.6144,0.5997,0.3709,0.3709,174333.7128,172616.4618,139701.2883,1269149.4292,1256647.8419
600984.SH,20250530,3.21,0.8905,1.4626,0.83,,,0.9995,1.4799,1.5212,0.0,,125704.3925,125704.3925,76534.8182,403511.0999,403511.0999
603605.SH,20250530,88.77,1.362,2.7058,0.92,22.6643,21.4555,6.1217,3.2635,3.2106,1.0207,1.0207,39624.7626,39540.5106,19904.0811,3517490.176,3510011.126
600986.SH,20250530,8.57,6.154,7.1012,0.91,80.7938,52.6027,2.4474,1.6548,1.6536,0.5789,0.5789,148737.4062,148737.4062,128897.8046,1274679.5711,1274679.5711
600848.SH,20250530,9.01,0.2321,0.7239,1.41,20.726,21.3472,1.1872,2.047,2.1054,2.2198,2.2198,252248.7004,239391.2273,76770.3939,2272760.7906,2156914.958
603456.SH,20250530,15.12,2.7581,4.4872,0.75,22.333,21.8484,1.5392,2.623,2.6156,3.2904,3.2904,89523.5828,89523.5828,55026.8836,1353596.5719,1353596.5719
000988.SZ,20250530,42.19,1.2941,1.5978,0.74,34.7509,31.6398,4.007,3.623,3.2899,0.3555,0.3555,100550.2707,100498.5657,81394.0143,4242215.9208,4240034.4869
603025.SH,20250530,12.83,0.255,1.3936,1.12,24.3571,23.5522,6.5658,5.6273,5.4495,2.3383,2.728,110917.4773,110917.4773,20295.4129,1423071.2338,1423071.2338
600023.SH,20250530,5.35,0.2503,0.9333,0.89,9.2523,10.2295,0.9594,0.8152,0.8382,4.6729,4.6729,1340873.2749,1340873.2749,359556.5748,7173672.0207,7173672.0207
002683.SZ,20250530,30.54,0.599,0.9015,0.75,25.8536,25.3428,3.7039,1.7002,1.5357,2.471,2.1105,76000.2247,65117.9364,43268.4891,2321046.8623,1988701.7777
600212.SH,20250530,8.66,19.3218,22.3765,6.21,433.9622,417.8725,12.2275,6.0084,5.7369,0.0,,70426.7213,51481.7213,44453.6728,609895.4065,445831.7065
000720.SZ,20250530,3.37,0.7538,1.4417,0.7,,,1.7814,3.6511,3.289,0.0,,125653.1571,125653.1571,65695.185,423451.1394,423451.1394
000969.SZ,20250530,12.75,5.3695,8.3534,0.81,35.9742,35.6019,2.3803,1.7689,1.7948,0.6275,0.6275,105071.8097,103359.2054,66438.0425,1339665.5737,1317829.8689
603585.SH,20250530,15.68,1.3305,4.4349,0.67,,109.1802,1.2106,1.2485,1.1668,0.3122,0.3122,18385.3393,18000.3393,5400.3393,288282.1202,282245.3202
600728.SH,20250530,5.28,1.5649,1.8593,1.23,,59.792,1.4592,1.4166,1.2361,0.3507,0.3507,213259.9261,213259.9261,179484.5557,1126012.4098,1126012.4098
688362.SH,20250530,25.91,0.9475,1.1619,0.73,159.5411,83.7312,4.1871,2.932,2.7643,,,40841.24,27857.74,22715.678,1058196.5284,721794.0434
300791.SZ,20250530,22.73,2.833,5.1025,0.66,21.5419,21.1764,3.1315,1.6629,1.6618,2.8358,2.1906,30807.0672,25662.9896,14248.4696,700244.6375,583319.7536
002821.SZ,20250530,94.23,2.2717,3.6028,1.18,35.8067,34.198,1.9778,5.8537,5.7145,1.8875,1.8875,36059.372,32129.0213,20258.987,3397874.6236,3027517.6771
601127.SH,20250530,136.02,1.5226,3.2114,0.6,37.365,34.3163,10.3136,1.5304,1.6127,0.2249,0.9381,163336.6086,150978.2193,71580.6827,22217045.5018,20536057.3892
000516.SZ,20250530,5.1,0.6929,1.0065,0.76,,,3.2952,2.3735,2.4634,0.0,,224107.8315,220485.6269,151778.4345,1142949.9407,1124476.6972
000902.SZ,20250530,13.25,0.6695,1.3519,0.99,12.6429,11.1908,1.5617,1.0682,0.9839,2.2642,2.2642,125473.3168,114278.235,56594.2754,1662521.4476,1514186.6138
600746.SH,20250530,8.01,0.5745,2.3147,0.63,43.9707,38.2982,1.7185,1.4611,1.4355,0.0,,116784.2884,116608.2347,28942.9346,935442.1501,934031.9599
603773.SH,20250530,21.66,1.6909,2.5081,1.25,,,3.9019,2.1796,2.158,0.2124,,22347.7233,20408.2082,13758.2735,484051.6867,442041.7896
301072.SZ,20250530,21.17,2.2654,4.6175,0.78,,,2.9057,2.9805,2.8799,0.2834,0.2834,10505.48,6713.9923,3293.9923,222401.0116,142135.217
600004.SH,20250530,9.55,0.5139,1.2006,0.66,24.4124,21.8568,1.2126,3.0446,2.9811,0.7822,0.7822,236671.8283,236671.8283,101297.3731,2260215.9603,2260215.9603
300901.SZ,20250530,13.07,1.0862,2.6439,0.53,,,3.1989,8.7551,8.6649,1.133,,24000.0,24000.0,9859.6596,313680.0,313680.0
600590.SH,20250530,8.29,3.8368,5.9097,1.01,,,2.2192,1.6231,1.5963,0.0,,85286.975,84356.9523,54768.4677,707029.0228,699319.1346
601083.SH,20250530,11.6,7.1935,7.1935,0.71,14.7082,11.9798,1.6744,2.5146,2.3509,3.4224,3.4224,129412.0,19412.0,19412.0,1501179.2,225179.2
920370.BJ,20250530,5.01,23.1255,43.9335,1.71,,,2.3953,3.2699,3.355,,,30628.0,26755.9069,14083.6269,153446.28,134047.0936
688766.SH,20250530,56.66,1.5847,2.2651,1.51,28.6272,32.0781,3.8022,4.6414,4.6378,0.2391,0.7801,14774.1965,14774.1965,10336.3099,837105.9737,837105.9737
000099.SZ,20250530,22.24,3.4004,5.5408,2.73,56.8978,55.4943,3.2456,7.9753,7.8366,0.3674,0.5621,77577.0137,77577.0137,47609.5662,1725312.7847,1725312.7847
300014.SZ,20250530,45.06,0.582,0.8913,0.58,22.6177,22.4229,2.4689,1.8961,1.7695,1.1069,1.1059,204572.1497,186143.4646,121556.2471,9218021.0655,8387624.5149
301335.SZ,20250530,34.9,23.2366,23.2366,0.63,95.6778,90.4617,2.3335,1.5911,1.5541,1.2687,1.2687,12600.0,4987.5004,4987.5004,439740.0,174063.764
920108.BJ,20250530,24.2,6.5598,6.5598,0.88,45.4843,64.8076,6.2009,6.4303,6.0937,,,12300.0,2328.775,2328.775,297660.0,56356.355
000025.SZ,20250530,17.58,3.9017,9.6001,0.81,55.4638,55.8807,4.4109,2.8994,3.47,0.1763,0.5688,43105.832,39277.832,15963.3846,757800.5266,690504.2866
300017.SZ,20250530,10.42,1.6582,1.9184,0.82,37.7816,35.0118,2.6804,5.1672,5.0495,2.3776,2.3976,244573.2567,228795.6919,197764.2238,2548453.3348,2384051.1096
300867.SZ,20250530,20.04,11.8103,14.6742,0.65,29.903,27.0431,1.4568,3.4428,3.4602,0.2695,0.2695,27174.1053,19162.7822,15422.9304,544569.0702,384022.1553
300803.SZ,20250530,58.17,2.0472,3.4496,0.98,333.9881,153.9351,15.596,28.7273,24.9607,0.0,,59825.6675,59074.0313,35058.1836,3480059.0785,3436336.4007
002077.SZ,20250530,13.43,0.9684,1.9066,0.79,329.8347,324.3585,2.3559,23.1761,23.7924,0.0,,58034.8513,58034.8513,29476.9403,779408.053,779408.053
300256.SZ,20250530,3.91,2.4556,3.6781,0.85,,,9.6244,7.3811,6.6449,0.0,,226839.3386,164339.3386,109716.933,886941.8139,642566.8139
688281.SH,20250530,54.46,0.9384,1.2581,1.62,35.8623,40.9862,3.2903,13.0299,13.1006,0.3185,0.842,27257.0675,17035.6675,12705.8557,1484419.8961,927762.4521
002675.SZ,20250530,14.7,2.0494,2.5706,1.58,65.9405,84.0434,2.7113,4.2251,4.1674,1.1905,0.5442,82459.5705,74338.3994,59266.9525,1212155.6864,1092774.4712
920001.BJ,20250530,21.0,2.5826,5.4625,0.63,97.9285,101.6457,4.2779,14.8156,15.2038,0.4762,0.4762,15365.6204,8869.102,4193.1651,322678.0284,186251.142
603818.SH,20250530,3.61,2.8276,4.8782,0.9,,,1.1339,0.7001,0.7018,0.554,0.554,68886.1855,68654.3855,39795.3283,248679.1297,247842.3317
002485.SZ,20250530,3.11,0.4953,2.0142,0.52,,,1.3846,2.0548,1.937,0.0,,54400.0,54400.0,13377.7333,169184.0,169184.0
600480.SH,20250530,15.35,2.6226,4.4443,0.84,22.021,22.2401,1.8532,0.7662,0.7646,2.2807,2.2807,94027.729,92598.109,54642.4328,1443325.6402,1421380.9732
002577.SZ,20250530,19.6,1.3547,3.2348,1.25,150.2566,144.8318,4.6993,12.6202,12.5501,0.0,,28175.68,28174.18,11798.8922,552243.328,552213.928
002281.SZ,20250530,41.2,1.5852,2.6373,1.12,49.4409,44.5407,3.5245,3.9525,3.5525,0.583,0.583,79359.2652,77318.5034,46474.5444,3269601.7262,3185522.3401
603276.SH,20250530,15.1,7.9319,9.2497,0.86,89.9628,101.3217,1.7987,4.2936,4.1081,1.0131,1.0131,20764.9497,7764.9497,6658.6908,313550.7405,117250.7405
002556.SZ,20250530,5.56,5.9943,9.7002,0.74,31.1547,37.5141,1.4898,0.3362,0.3391,3.4931,3.4931,94651.808,93508.9313,57784.4988,526264.0525,519909.658
300245.SZ,20250530,16.49,4.2202,5.1969,1.0,,,4.0382,12.0664,10.1139,0.0,,31345.7493,31127.6445,25277.9852,516891.406,513294.8578
002630.SZ,20250530,2.87,12.2856,12.7479,1.43,,,20.8439,1.3068,1.3726,0.0,,118080.0,106362.984,102506.092,338889.6,305261.7641
002703.SZ,20250530,12.6,6.2297,12.8502,0.82,69.5072,58.8664,5.3361,3.8483,3.5523,0.193,0.4762,82263.2384,58604.8074,28411.3281,1036516.8038,738420.5732
688350.SH,20250530,16.12,1.1511,2.4918,1.14,,,1.4685,1.2577,1.2881,1.4969,,12215.0099,12215.0099,5642.8067,196905.9596,196905.9596
300876.SZ,20250530,22.37,1.2277,2.7876,0.97,,,2.9513,4.3605,4.2115,0.8898,,9600.2282,6838.7282,3011.9282,214757.1048,152982.3498
603048.SH,20250530,18.32,1.4997,5.8396,0.76,50.4253,54.6234,2.0758,4.1736,4.1135,2.283,2.283,14688.0,14688.0,3772.0,269084.16,269084.16
601015.SH,20250530,3.08,0.3375,0.9062,0.71,,,1.0256,0.4315,0.4824,0.0,,204249.7639,204249.7639,76062.3145,629089.2728,629089.2728
603270.SH,20250530,26.17,10.9599,10.9599,0.81,57.6037,52.3677,2.6165,4.2307,3.9168,0.9553,1.3374,21910.6667,7071.6667,7071.6667,573402.1475,185065.5175
301071.SZ,20250530,29.1,2.3815,3.556,0.87,37.714,69.2777,1.428,11.0372,13.3821,2.3517,2.3517,26027.2313,19459.4167,13032.3102,757392.4308,566269.026
601666.SH,20250530,8.4,0.5293,0.9758,0.84,8.849,11.8076,0.8675,0.6866,0.7578,11.6663,,247515.136,246935.356,133929.7913,2079127.1424,2074256.9904
300789.SZ,20250530,22.36,3.1092,5.2129,1.76,44.0966,43.9016,3.0815,5.0229,5.1125,1.0045,1.0045,14372.0076,9882.173,5894.1534,321358.0899,220965.3883
301192.SZ,20250530,19.13,4.3783,8.2554,1.56,45.6687,47.0779,3.3259,4.5259,4.5006,1.0455,1.3068,9990.0,4786.875,2538.75,191108.7,91572.9188
003001.SZ,20250530,38.58,7.702,10.7141,2.92,78.3381,71.1806,4.026,6.2049,6.0119,0.3069,0.3069,12673.1886,7341.0401,5277.2537,488931.6162,283217.3271
603730.SH,20250530,8.11,0.387,2.0135,0.93,16.7093,16.4254,2.7152,2.1019,2.1007,3.794,3.794,165275.645,165275.645,31764.1349,1340385.481,1340385.481
688707.SH,20250530,11.82,0.6017,0.9351,0.75,,,1.3914,3.0662,3.7667,0.423,0.423,50874.0205,50874.0205,32731.484,601330.9223,601330.9223
300752.SZ,20250530,17.31,4.3366,5.2303,2.24,37.1823,33.8548,3.2151,2.9962,2.8976,0.0,,22849.8956,15726.455,13039.0999,395531.6928,272224.9361
920873.BJ,20250530,6.03,8.2657,8.8264,0.98,,,3.0414,12.6991,13.1942,,,15338.7002,11020.3517,10320.3517,92492.3622,66452.7208
300445.SZ,20250530,16.2,1.4691,2.0414,0.95,27.4385,28.1421,2.8709,5.9808,5.9413,0.4938,0.5556,21243.0013,14206.4743,10223.6178,344136.6211,230144.8837
688663.SH,20250530,27.72,1.9136,3.3625,0.93,22.358,23.919,2.7852,2.0327,1.9293,1.7952,1.7952,14062.023,14062.023,8002.5564,389799.2776,389799.2776
600141.SH,20250530,20.9,0.5651,0.8803,0.55,14.3988,15.0669,1.0566,0.812,0.8024,2.8708,2.8708,110325.5126,110325.5126,70821.6789,2305803.2133,2305803.2133
600280.SH,20250530,3.39,1.4863,3.4567,0.97,,,5.6972,1.6644,1.6546,0.0,,112833.4788,112833.4788,48514.7372,382505.4931,382505.4931
688400.SH,20250530,26.06,3.5884,3.5884,0.63,112.2034,93.3233,3.1092,5.3779,4.9954,0.1912,0.1912,46097.6733,23709.237,23709.237,1201305.3662,617862.7162
301559.SZ,20250530,16.28,5.3406,5.3406,0.77,32.1453,35.6218,2.1859,2.9166,2.9237,2.7641,2.7027,60000.0,9000.0,9000.0,976800.0,146520.0
300271.SZ,20250530,7.45,1.4003,1.8483,0.91,,,1.6128,3.713,3.6499,0.0,,81186.0673,79724.2504,60402.4923,604836.2014,593945.6655
603728.SH,20250530,55.48,1.2342,3.2783,0.94,298.2994,295.6362,7.9491,9.6193,9.672,0.0723,0.0723,41888.25,41888.25,15769.8375,2323960.11,2323960.11
600613.SH,20250530,6.48,1.7417,3.4861,1.35,48.4785,55.4277,1.458,1.6892,1.7709,1.5432,1.5432,53407.1628,47931.9978,23946.9962,346078.4149,310599.3457
300518.SZ,20250530,12.09,2.8031,3.9448,0.45,,,3.1346,14.9491,14.3191,0.0,,19941.1576,19938.7776,14168.341,241088.5954,241059.8212
600018.SH,20250530,5.84,0.1499,1.2479,1.84,9.0919,8.9654,0.9888,3.567,3.5147,3.8017,0.8562,2328136.5262,2321457.7754,278896.4599,13596317.313,13557313.4083
301557.SZ,20250530,69.07,6.9519,6.9519,1.56,29.0821,28.5855,3.1823,2.9141,2.8224,,1.5926,4430.7871,1108.0,1108.0,306034.465,76529.56
600199.SH,20250530,10.13,1.2788,1.7542,0.5,,,3.1257,7.2023,8.3105,0.0,,65779.6824,65779.6824,47953.974,666348.1827,666348.1827
000597.SZ,20250530,5.28,1.7518,3.9707,1.11,18.4109,19.4208,1.4083,1.0057,1.0048,1.8939,,142910.3265,140654.0015,62053.323,754566.5239,742653.1279
002857.SZ,20250530,18.1,6.4741,9.9059,0.81,129.1721,333.9883,4.5491,3.4346,3.4318,0.1963,0.1963,12917.03,12800.0,8365.5353,233798.243,231680.0
002275.SZ,20250530,14.21,0.7118,2.6506,1.41,16.0092,15.8633,2.8524,3.8056,3.8335,3.8705,4.2224,58756.86,55904.1316,15013.3059,834934.9806,794397.71
600869.SH,20250530,5.05,6.5861,14.6268,3.33,,,2.5963,0.4295,0.4285,1.3861,1.3861,221935.2746,221935.2746,99931.9003,1120773.1367,1120773.1367
002234.SZ,20250530,8.36,2.1795,3.0077,2.0,,,1.4829,1.3508,1.386,0.0,,34896.0212,30140.8639,21841.0152,291730.7372,251977.6222
600570.SH,20250530,26.31,1.7769,2.2439,2.06,47.7083,44.8101,5.7199,7.563,7.7535,0.494,0.494,189176.7477,189176.7477,149802.439,4977240.232,4977240.232
600628.SH,20250530,7.33,1.0542,1.8908,0.6,67.7067,77.4051,1.1219,4.2332,4.2982,0.4093,0.4093,64687.5384,64687.5384,36065.7964,474159.6565,474159.6565
300021.SZ,20250530,4.8,7.936,11.504,1.13,53.0873,53.4892,2.0876,0.9836,0.9675,0.5975,,89726.2092,74405.1739,51327.7984,430685.8042,357144.8347
603167.SH,20250530,9.33,3.7918,6.3383,2.07,15.9586,16.2394,1.1924,2.4059,2.4495,8.5745,10.9325,46914.4503,46914.4503,28065.9398,437711.8213,437711.8213
600159.SH,20250530,2.6,1.3155,2.5152,0.75,,,1.2501,2.8693,2.6326,0.0,,83000.3232,83000.3232,43408.6677,215800.8403,215800.8403
688618.SH,20250530,21.42,0.9082,2.7238,0.97,72.0205,93.3129,2.718,6.6249,6.5281,1.6399,1.6399,11036.4881,11004.7848,3669.3493,236401.5751,235722.4904
301117.SZ,20250530,19.28,4.9959,5.8705,1.2,217.5876,193.929,1.916,7.3942,7.2687,0.0,0.0741,12916.862,7944.9887,6761.2093,249037.0994,153179.3821
002805.SZ,20250530,11.57,1.0531,1.5119,0.83,,,2.0004,2.1752,1.9269,0.0,,28006.2508,27881.5318,19419.8691,324032.3218,322589.3229
688168.SH,20250530,60.0,1.1213,1.7256,0.91,,,4.2675,6.259,4.6658,0.083,0.083,7685.5124,7685.5124,4994.0188,461130.744,461130.744
300550.SZ,20250530,12.48,1.2325,2.4563,0.57,83.3846,91.1001,2.9604,8.0706,8.3323,0.2404,0.2404,26256.0141,26231.6361,13162.0581,327675.056,327370.8185
920792.BJ,20250530,12.65,3.817,6.043,0.87,40.1782,38.3578,2.0864,3.0684,3.1613,,,16554.0,10035.8838,6339.0483,209408.1,126953.9301
002186.SZ,20250530,10.36,1.1822,2.109,1.06,93.162,138.0187,3.7718,2.2674,2.3102,0.0,,30692.1588,30651.1338,17181.9862,317970.7652,317545.7462
605020.SH,20250530,20.53,0.6152,1.378,0.97,38.4311,31.0078,2.1474,2.0972,2.0418,0.5906,0.5906,47048.9868,37912.1447,16926.4984,965915.699,778336.3307
300490.SZ,20250530,7.72,1.5826,2.0222,0.99,,,1.3297,1.612,2.0923,0.0,,39867.0674,39326.0612,30777.2363,307773.7603,303597.1925
688176.SH,20250530,8.84,4.8813,4.8813,1.2,,,2.6649,24.9987,21.1409,,,57000.0,37828.0953,37828.0953,503880.0,334400.3625
300306.SZ,20250530,11.58,3.2573,4.2453,1.28,33.7228,34.4137,2.1331,7.1424,7.2295,2.5907,2.7634,26895.8778,15756.4939,12089.4799,311454.2649,182460.1994
600794.SH,20250530,4.43,14.6296,24.8122,2.23,25.3447,31.9251,2.0772,5.9082,6.3104,2.8217,1.5801,120015.2157,120015.2157,70762.6761,531667.4056,531667.4056
300705.SZ,20250530,15.95,8.5529,11.7634,3.1,15.4464,15.4432,3.234,2.7005,2.607,1.4011,1.9424,49619.8771,36600.1023,26610.9735,791437.0397,583771.6317
002624.SZ,20250530,13.44,1.5032,2.094,1.1,,,3.6823,4.6806,4.1621,3.3478,3.3478,193996.8404,182773.3041,131204.2939,2607317.535,2456473.2071
000987.SZ,20250530,6.43,0.26,1.0256,1.01,14.0629,12.9909,1.0532,3.5824,3.5414,2.6439,,501713.2462,501458.8728,127127.2963,3226016.1731,3224380.5521
002265.SZ,20250530,20.53,3.7041,6.6088,0.75,81.5852,78.1645,5.7973,4.8704,5.0307,0.0,,103304.0407,40309.7025,22593.0966,2120831.9556,827558.1923
603901.SH,20250530,10.79,4.4141,8.9407,1.17,337.7391,295.7368,2.2157,1.4753,1.4514,0.7371,0.7371,48767.1781,48434.4106,23912.7606,526197.8517,522607.2904
001366.SZ,20250530,11.8,7.1948,7.1948,1.34,,,2.3474,1.8644,1.7844,1.0169,,16068.0,5568.0,5568.0,189602.4,65702.4
601608.SH,20250530,4.39,1.5145,4.2249,1.21,53.6757,53.5121,2.1956,2.5024,2.4975,0.6152,,457955.3437,455056.793,163124.5936,2010423.9588,1997699.3213
301006.SZ,20250530,14.57,1.0686,1.9545,0.93,25.6218,25.4739,1.6165,5.6612,5.6232,2.059,2.059,13928.0,8608.61,4706.66,202930.96,125427.4477
002793.SZ,20250530,4.61,1.9963,3.4666,0.89,,,3.5943,1.8939,2.0537,0.0,,108758.8486,108593.8944,62536.1128,501378.292,500617.8532
688025.SH,20250530,47.77,2.4619,3.9709,2.04,34.2203,31.8765,2.1932,3.1231,2.9465,0.7305,0.7305,9504.9423,9504.9423,5892.8513,454051.0937,454051.0937
920252.BJ,20250530,17.26,3.36,5.6324,0.77,253.0242,219.7588,6.8056,4.4938,4.4003,0.3476,0.2897,10265.0665,6823.1239,4070.2845,177175.0478,117767.1185
002830.SZ,20250530,14.0,2.4212,4.4941,0.91,45.8875,46.7683,2.7732,2.7702,2.8268,1.6907,1.6907,13334.0,6685.25,3601.5812,186676.0,93593.5
601515.SH,20250530,3.78,1.5905,3.1171,0.92,,,1.3673,4.9752,5.1915,0.6503,0.6503,187442.1929,187442.1929,95639.9029,708531.4892,708531.4892
002696.SZ,20250530,5.83,2.8502,5.1329,1.07,,,1.5101,0.6561,0.6191,0.0,,34636.2262,33547.4948,18628.1967,201929.1987,195581.8947
002900.SZ,20250530,15.03,9.3327,15.0385,0.43,81.0369,430.6692,2.2982,4.1986,4.3595,1.3308,1.3307,31635.755,17308.0045,10741.192,475485.3977,260139.3076
002741.SZ,20250530,15.02,2.5088,3.7207,0.68,,,3.76,2.6978,2.6208,0.0,,46502.231,42635.8415,28749.0275,698463.5096,640390.3393
603656.SH,20250530,18.58,1.5883,2.7939,1.51,158.6947,146.2068,2.6286,6.0431,5.9411,0.2615,0.2615,18337.5358,18337.5358,10424.7764,340711.4152,340711.4152
600844.SH,20250530,3.07,2.148,3.0109,0.69,,,16.1974,4.0533,3.8717,0.0,,101652.424,82273.0634,58695.4202,312072.9417,252578.3046
600033.SH,20250530,3.67,1.3158,2.9844,1.53,12.9,12.8618,0.8406,3.3286,3.332,4.6322,4.6322,274440.0,274440.0,121003.1499,1007194.8,1007194.8
688398.SH,20250530,18.26,1.7559,3.4595,0.71,39.7115,52.6029,2.9731,3.2824,3.2053,1.7754,1.7754,16781.3892,16781.3892,8517.7852,306428.1668,306428.1668
300498.SZ,20250530,16.65,1.4294,1.4582,3.57,12.0025,8.8859,2.7062,1.0565,1.0321,1.4964,2.0902,665392.6313,523537.7685,513223.1639,11078787.3111,8716903.8455
601168.SH,20250530,15.8,0.7257,1.0488,0.71,12.8435,12.5406,2.1004,0.7526,0.6773,3.1646,3.1646,238300.0,238300.0,164886.5693,3765140.0,3765140.0
301388.SZ,20250530,22.72,4.1617,4.3784,1.09,151.9835,153.9447,2.3934,4.9683,4.8908,1.5405,,10244.76,2735.6588,2600.26,232760.9472,62154.1679
688133.SH,20250530,21.82,1.6021,1.7777,1.13,278.2935,228.3212,1.2845,1.2443,1.2709,0.3274,0.3274,16443.6977,16443.6977,14819.7545,358801.4838,358801.4838
002648.SZ,20250530,16.73,2.1121,4.2607,1.92,9.2818,8.5162,1.7712,1.2346,1.1461,2.3909,,336864.569,336648.2485,166886.0266,5635744.2394,5632125.1974
920576.BJ,20250530,36.91,5.8248,23.7146,0.8,66.2355,76.8607,8.8005,7.6825,8.3137,2.1674,2.1674,10895.0,10712.9937,2631.3437,402134.45,395416.5975
603151.SH,20250530,15.0,2.2816,2.4691,0.75,50.2695,43.6012,1.977,0.9915,0.7862,1.3333,1.3333,16800.0,8083.2,7469.2,252000.0,121248.0
002785.SZ,20250530,29.5,1.884,2.3238,0.29,,,7.5026,5.2342,5.3082,0.0,,22661.9695,19349.5023,15687.1279,668528.1003,570810.3179
300209.SZ,20250530,5.58,4.2555,4.7757,0.71,91.2935,86.4885,5.6149,13.399,17.7685,0.0,,92863.6126,49001.854,43664.3409,518178.9583,273430.3453
600037.SH,20250530,7.26,2.0445,3.2973,2.83,,,0.7928,4.3663,4.5103,0.3719,0.3719,139177.7884,139177.7884,86298.0171,1010430.7438,1010430.7438
920262.BJ,20250530,25.99,8.1619,13.9423,0.78,64.0267,62.4778,5.5858,3.4836,3.4336,0.8636,1.0359,6911.4185,3118.5407,1825.5988,179627.7668,81050.8728
002247.SZ,20250530,2.62,2.2118,2.7646,1.0,10.226,9.7166,3.5509,2.6552,2.7578,0.0,,85087.0049,64354.0672,51484.5522,222927.9528,168607.6561
688232.SH,20250530,30.16,0.4053,1.0755,1.35,48.7239,45.9744,1.8156,4.6372,4.6752,1.182,1.182,33000.0,33000.0,12436.3512,995280.0,995280.0
601689.SH,20250530,49.3,0.868,2.1182,0.65,28.5527,29.3341,3.7764,3.2208,3.2113,0.7546,0.7546,173783.558,173783.558,71216.1785,8567529.4094,8567529.4094
920249.BJ,20250530,14.94,9.7535,9.7535,1.05,,,9.0079,3.2165,3.0836,,,42163.0,11541.0726,11541.0726,629915.22,172423.6246
300824.SZ,20250530,11.87,2.4373,6.3185,0.63,55.7294,48.2477,5.5429,5.1401,4.8009,2.3527,1.6748,32634.1682,31604.5307,12191.0126,387367.5765,375145.7794
000766.SZ,20250530,20.34,1.5975,1.9886,0.9,348.3245,334.1362,8.6717,14.864,14.8224,0.0,,96649.4707,96600.7681,77600.7681,1965850.234,1964859.6232
000591.SZ,20250530,4.34,0.4916,0.692,1.06,13.8758,14.6128,0.7158,2.8155,2.8678,3.3567,4.6687,391779.7839,360321.8766,255991.0379,1700324.2621,1563796.9444
002993.SZ,20250530,36.72,0.6947,1.4094,0.72,21.8046,21.7071,2.1221,1.5781,1.5589,3.268,4.0623,27604.0,23844.6933,11752.0683,1013618.88,875577.138
603259.SH,20250530,63.51,1.1264,1.3459,0.91,19.4085,16.4057,3.0826,4.674,4.483,1.5733,2.0944,288799.2582,250091.6432,209309.4175,18341640.8883,15883320.2596
000541.SZ,20250530,6.19,1.5863,3.0353,0.83,21.3062,22.2516,1.4275,1.0506,1.0957,1.9386,1.9386,153577.823,118383.7311,61867.5403,950646.7244,732795.2955
688152.SH,20250530,52.88,2.4307,2.7945,1.02,524.6815,2724.0361,3.3648,14.5391,14.9686,,,7873.8639,3105.8639,2701.5202,416369.923,164238.083
600222.SH,20250530,5.58,4.2737,5.5559,2.01,63.3798,103.9796,2.0288,1.6495,1.8137,0.485,0.485,57388.6283,57388.6283,44144.5115,320228.5459,320228.5459
601318.SH,20250530,53.28,0.3877,0.4258,1.24,7.6634,8.2988,1.0325,0.943,0.9548,4.5442,4.5442,1821023.4607,1076265.7695,979993.8593,97024129.9861,57343440.199
300531.SZ,20250530,17.91,19.3147,32.336,3.1,,,4.4987,4.7261,4.5943,0.2754,,32225.1025,30875.8738,18442.5838,577151.5858,552986.8998
300696.SZ,20250530,20.1,6.045,6.7454,0.59,,,3.2053,19.5717,17.7928,0.4975,,29315.2983,16870.5375,15118.7194,589237.4958,339097.8038
600479.SH,20250530,10.53,2.1869,3.0597,1.53,19.348,18.7818,1.7735,1.23,1.2286,3.3238,3.3238,42399.7117,41850.7117,29912.5981,446468.9642,440687.9942
688218.SH,20250530,22.04,4.7696,5.8354,0.88,57.8335,119.2115,2.82,3.7384,4.0656,1.5541,1.5541,11860.1725,11860.1725,9693.8602,261398.2019,261398.2019
920122.BJ,20250530,44.39,0.9603,2.3815,0.55,139.5319,138.378,11.981,20.1872,20.4668,0.6985,0.6985,9224.2108,3408.9138,1374.5394,409462.7174,151321.6836
603309.SH,20250530,12.07,1.1625,2.3381,0.98,16.1123,15.4999,1.9662,2.342,2.2831,4.1466,4.1425,29286.8018,29187.1418,14511.7162,353491.6977,352288.8015
002381.SZ,20250530,6.65,0.9559,1.2735,0.88,17.8214,21.0794,1.3069,1.0089,0.9836,3.7594,3.0075,41157.7356,32202.5936,24171.6388,273698.9417,214147.2474
600983.SH,20250530,10.18,0.2929,1.4456,0.96,38.6654,25.3789,2.7946,2.138,1.9647,0.7692,0.7692,76643.9,76643.9,15529.6791,780234.902,780234.902
600064.SH,20250530,7.6,1.0888,1.6683,1.47,7.6225,6.9524,0.6818,6.657,4.7777,3.6842,3.6842,173033.9644,173033.9644,112925.6424,1315058.1294,1315058.1294
002355.SZ,20250530,7.49,22.2984,28.073,3.9,26.0623,15.1577,3.3652,5.9489,5.8278,0.0,,62057.04,61816.665,49101.165,464807.2296,463006.8209
920950.BJ,20250530,18.46,2.6441,5.0158,0.7,22.7915,22.5213,4.6994,6.0586,5.96,2.1877,2.0314,7332.0,3705.0,1953.12,135348.72,68394.3
002609.SZ,20250530,10.78,10.2307,14.8969,5.47,221.6538,146.8061,2.9814,4.4063,4.2299,1.1628,0.6457,64535.6761,45940.0191,31550.0167,695694.5884,495233.4059
000950.SZ,20250530,4.99,0.8706,1.9264,1.25,30.4729,28.2494,0.7536,0.107,0.1057,1.6032,1.6032,172818.4696,172818.4696,78098.9493,862364.1633,862364.1633
688333.SH,20250530,58.79,1.3035,1.8391,1.04,152.9874,180.478,3.3497,12.0531,11.9143,0.1774,,27176.8196,27176.8196,19262.572,1597725.2243,1597725.2243
688062.SH,20250530,23.7,10.5642,10.5642,1.62,,,7.4153,47.4044,53.5012,,,39960.0,20417.0,20417.0,947052.0,483882.9
688003.SH,20250530,48.8,5.2224,12.739,1.02,75.767,72.4553,4.945,5.8726,5.7813,1.2145,,19359.5,19359.5,7936.4955,944743.6,944743.6
605199.SH,20250530,9.93,3.5925,14.5661,1.36,,,5.481,2.8107,3.1043,1.2588,1.2588,40010.8752,40010.8752,9868.1802,397307.9907,397307.9907
302132.SZ,20250530,76.74,3.4821,7.5363,0.86,1829.0311,826.1941,10.4791,115.4179,43.1302,0.0,,267678.2376,59076.0499,27295.9497,20541627.9534,4533496.0693
002023.SZ,20250530,10.56,5.054,6.6114,0.83,110.3725,122.3144,1.8202,5.9292,5.7643,0.4735,0.4735,74086.0235,74086.0235,56634.6254,782348.4082,782348.4082
603998.SH,20250530,10.53,9.7587,15.6421,3.51,18.1161,16.9186,2.7749,2.6011,2.6312,2.3764,2.9462,43908.136,43908.136,27393.0053,462352.6721,462352.6721
001206.SZ,20250530,20.9,6.0139,8.1253,0.57,17.9635,17.0278,2.1228,2.1497,2.0344,4.271,4.1411,18489.3808,10631.5461,7868.8934,386428.0587,222199.3135
000792.SZ,20250530,15.84,0.3679,0.5649,0.8,17.9748,17.1988,2.223,5.5384,5.3975,0.0,,529157.2541,529154.5246,344610.4072,8381850.9049,8381807.6697
601865.SH,20250530,14.37,0.4287,1.0363,0.67,33.4469,95.416,1.5854,1.8021,1.9763,3.5332,3.5332,234292.0139,190006.5139,78609.3139,3366776.2397,2730393.6047
603558.SH,20250530,8.97,0.9417,1.8727,0.99,9.75,10.4617,1.3169,1.231,1.2254,5.1632,5.6146,35318.3149,35318.3149,17759.9374,316805.2847,316805.2847
603200.SH,20250530,34.88,3.6119,7.4535,0.77,142.495,187.9698,6.3037,12.001,12.5459,0.2006,,17548.0103,17548.0103,8503.4854,612074.5993,612074.5993
920237.BJ,20250530,22.78,1.279,3.7752,0.96,26.8767,28.6909,4.0034,5.157,5.1319,0.7793,1.013,8639.28,8453.7856,2864.033,196802.7984,192577.236
601366.SH,20250530,4.66,0.4393,0.7411,0.9,156.3588,211.6762,1.0527,0.5723,0.5814,0.5985,0.5985,91393.2943,91393.2943,54172.8587,425892.7514,425892.7514
600588.SH,20250530,13.05,0.8747,1.6722,1.12,,,5.9474,4.872,5.0779,0.0,,341699.7409,341699.7409,178747.6627,4459181.6187,4459181.6187
002855.SZ,20250530,16.84,1.1413,3.1355,1.35,,,8.1561,3.0591,2.8116,0.0,,24641.9682,24622.7232,8962.7232,414970.7445,414646.6587
002865.SZ,20250530,37.93,1.9333,2.7615,0.98,,,2.2276,1.1151,1.3679,1.9561,,29258.4052,22486.5791,15742.6163,1109771.3092,852915.9453
002012.SZ,20250530,4.97,1.5222,1.9507,0.9,404.84,491.9909,1.5189,3.9357,3.9353,0.6237,0.0805,46762.547,46653.7641,36406.9724,232409.8586,231869.2076
000785.SZ,20250530,3.18,1.1687,3.5921,1.33,25.7379,31.3394,0.9693,1.5272,1.5069,1.9628,1.9628,622704.8814,589794.4146,191901.1898,1980201.5229,1875546.2384
001328.SZ,20250530,48.71,4.8327,4.8327,0.44,52.0326,50.2143,5.5999,5.3758,5.1456,1.3344,1.3344,17217.38,4304.35,4304.35,838658.5798,209664.8885
603823.SH,20250530,10.33,2.3771,7.5418,1.21,24.4298,23.7339,1.7901,1.7896,1.8055,1.4374,1.4374,41636.7704,41103.1504,12955.6097,430107.8382,424595.5436
002371.SZ,20250530,418.56,0.4619,0.9066,0.63,39.7753,36.8019,6.8443,7.4933,6.9469,0.1853,0.1853,53417.5304,53371.4054,27191.3655,22358441.5242,22339135.4442
601669.SH,20250530,4.72,0.3822,0.6177,1.23,6.7672,7.0056,0.5768,0.1283,0.1278,2.8917,2.8917,1722615.9334,1307152.585,808778.7421,8130747.2056,6169760.2012
920212.BJ,20250530,18.33,5.2322,9.1929,1.1,110.832,78.0356,4.6422,3.9143,4.0802,0.2435,0.3273,10610.0,5133.2127,2921.6127,194481.3,94091.7888
301310.SZ,20250530,37.11,10.3616,12.1007,0.76,43.3925,41.3171,2.1793,1.9051,1.7294,1.7708,1.7708,13593.804,4962.776,4249.5418,504466.0664,184168.6174
002225.SZ,20250530,4.9,1.4779,1.825,0.95,36.6596,39.7135,1.4463,0.9536,0.9461,1.4052,1.4052,101043.1609,82555.7547,66852.3048,495111.4884,404523.198
002644.SZ,20250530,8.42,2.3458,6.2437,0.78,71.5789,70.4133,2.3765,4.3865,4.6634,0.3563,0.3563,51065.7,51065.7,19185.9464,429973.194,429973.194
301296.SZ,20250530,9.33,0.8293,1.5602,0.64,21.3142,27.1281,1.4904,2.2966,2.4088,0.5681,0.5681,42000.0,27167.9453,14440.3528,391860.0,253476.9296
002998.SZ,20250530,7.75,8.7651,14.1326,1.27,30.196,39.6605,1.5315,1.0739,1.0391,0.6404,2.5616,32640.7409,24344.0434,15098.2062,252965.742,188666.3364
603227.SH,20250530,8.98,1.408,2.2001,2.69,14.3976,15.8197,1.9342,1.5774,1.592,2.784,2.784,107169.2689,97407.5458,62336.9797,962380.0347,874719.7613
603368.SH,20250530,16.79,1.3667,1.833,0.89,7.8338,8.0506,0.8986,0.3162,0.3231,3.5713,4.4539,39886.3861,39716.8811,29613.6016,669692.4226,666846.4337
002292.SZ,20250530,9.66,9.4875,11.3821,0.62,,,4.6858,5.2606,5.2468,0.0,,147869.9697,101786.8772,84843.6651,1428423.9073,983261.2338
000736.SZ,20250530,4.6,3.3738,6.8082,1.71,,,,0.1878,0.1291,0.0,,74709.8401,72126.6045,35741.9096,343665.2645,331782.3807
603088.SH,20250530,8.99,3.1328,6.6704,1.89,25.6769,28.6238,4.8661,5.1698,5.1532,3.0046,3.0045,47012.9902,43559.3088,20458.1636,422646.7819,391598.1861
002995.SZ,20250530,18.44,11.5424,16.0472,2.72,,,3.5757,2.4464,2.6331,0.0,,17745.448,11241.7208,8085.9355,327226.0611,207297.3316
300776.SZ,20250530,53.63,1.0493,1.3473,1.05,27.8065,26.403,4.1834,7.2833,6.9042,0.6489,,27356.0526,16760.0895,13053.2911,1467105.1009,898843.5999
600293.SH,20250530,2.97,1.5274,2.293,0.78,274.2538,,1.9636,1.9879,2.1007,0.0,,116014.5046,116014.5046,77276.6617,344563.0787,344563.0787
301049.SZ,20250530,23.79,6.3012,10.5068,1.06,,,3.421,7.7175,7.8962,0.0,,9425.3334,4282.6359,2568.4034,224228.6816,101883.9081
300228.SZ,20250530,7.44,5.9273,6.0508,1.85,19.8836,17.4605,1.9297,1.3119,1.289,0.528,0.528,58586.1549,54999.1299,53877.1299,435880.9925,409193.5265
002791.SZ,20250530,21.83,1.3066,1.754,0.79,85.8471,81.1098,1.405,1.1639,1.1926,0.4162,0.9047,35388.5013,19127.6284,14248.8829,772530.9834,417556.128
688388.SH,20250530,17.54,1.2032,1.5266,0.75,,,1.1074,1.1463,0.9872,0.0848,0.0848,42623.9162,42623.9162,33593.8892,747623.4901,747623.4901
300554.SZ,20250530,19.61,2.466,3.0886,0.65,,,3.4345,6.4206,7.7829,0.408,,11421.1577,7913.8721,6318.73,223968.9025,155191.0319
605133.SH,20250530,37.24,2.245,6.3948,0.86,49.5798,47.8706,2.2692,3.4446,3.2361,0.3414,0.3414,21754.3532,18491.8516,6491.8516,810132.1132,688636.5536
300091.SZ,20250530,2.76,3.2329,4.8963,0.99,,,6.7511,2.9205,3.5624,0.0,,148916.4214,141329.1249,93315.1892,411009.3231,390068.3847
000682.SZ,20250530,9.22,0.5278,0.9014,0.81,18.0748,17.5739,2.3615,1.6384,1.611,1.269,1.269,134072.7007,134059.4657,78496.9419,1236150.3005,1236028.2738
920110.BJ,20250530,38.45,2.5192,3.8013,0.73,33.4863,31.463,4.0125,7.4945,7.5173,2.0806,,3900.0,1623.9,1076.2,149955.0,62438.955
688565.SH,20250530,7.9,2.9291,4.3138,1.41,472.7592,244.6962,2.4463,3.2112,3.2084,,,15193.71,14973.0,10166.8,120030.309,118286.7
002721.SZ,20250530,3.0,2.145,3.0683,1.55,548.7144,,3.857,21.404,20.3891,0.0,,265937.8615,265937.8615,185915.208,797813.5845,797813.5845
603583.SH,20250530,36.38,2.2416,4.6929,0.98,49.4727,42.9061,3.1333,3.8198,3.573,0.4687,0.4687,38345.6555,38224.6955,18258.6222,1395014.9471,1390614.4223
600108.SH,20250530,2.91,1.0704,1.4884,0.89,58.9682,58.519,1.318,1.3516,1.3334,0.189,0.189,194691.5121,194691.5121,140015.2748,566552.3002,566552.3002
600583.SH,20250530,5.23,0.532,1.1924,0.82,10.6985,10.3826,0.8921,0.772,0.7871,2.8107,3.8432,442135.48,442135.48,197245.4091,2312368.5604,2312368.5604
603308.SH,20250530,20.83,1.4976,2.2557,0.81,49.3899,49.1337,2.9897,5.6274,5.6271,0.5761,0.5761,67903.6441,67903.6441,45082.6923,1414432.9066,1414432.9066
688135.SH,20250530,19.08,4.2676,6.3637,0.77,,,3.6446,7.8649,7.659,0.5218,,20120.8318,20120.8318,13493.4908,383905.4707,383905.4707
300626.SZ,20250530,9.87,2.2198,3.8389,1.19,,,3.4337,2.3627,2.2576,0.1722,0.1722,18000.0,17728.4588,10251.3768,177660.0,174979.8884
688583.SH,20250530,103.2,4.6406,4.6406,1.58,58.224,56.0279,6.1131,21.1002,20.0066,,,6800.0,1278.0347,1278.0347,701760.0,131893.181
600523.SH,20250530,14.11,2.4811,5.113,0.64,32.1119,31.8058,1.8369,2.3967,2.3496,0.8646,0.8646,40431.132,40404.462,19606.3,570483.2725,570106.9588
603895.SH,20250530,28.26,3.9886,12.2557,2.53,,,16.2266,6.5069,7.3648,0.0,,10808.0,10808.0,3517.4448,305434.08,305434.08
002602.SZ,20250530,9.18,2.3441,2.8812,1.73,56.3918,35.789,2.5438,3.0246,2.5814,0.0,,745255.6968,687870.8273,559649.7754,6841447.2966,6314654.1946
002631.SZ,20250530,4.55,1.4691,3.1077,0.74,,,1.63,2.379,2.478,0.5447,,79728.2881,79357.2352,37513.5082,362763.7109,361075.4202
301091.SZ,20250530,39.7,5.3798,15.6407,3.87,152.3122,146.3356,6.9673,12.2346,12.6931,0.0601,,40560.0,40560.0,13951.0246,1610232.0,1610232.0
600058.SH,20250530,7.35,0.3989,1.0654,0.92,62.7005,26.2253,1.5834,0.1172,0.121,0.0,,107191.0711,107191.0711,40130.5789,787854.3726,787854.3726
002015.SZ,20250530,7.9,7.0915,13.6443,4.51,26.2231,23.1065,1.0691,1.3091,1.2432,1.6031,1.6031,162332.4614,162332.4614,84370.7172,1282426.4451,1282426.4451
688200.SH,20250530,135.5,0.5511,0.9098,0.61,54.9602,49.2794,5.1928,20.2708,18.9946,0.582,0.7223,13543.9427,13543.9427,8204.5482,1835204.2359,1835204.2359
301261.SZ,20250530,77.2,6.715,8.5111,0.72,97.3879,116.086,4.424,6.5708,6.6038,0.5829,0.5829,8789.0196,3748.3321,2957.3203,678512.3131,289371.2381
002643.SZ,20250530,11.13,1.4365,2.4909,0.87,42.0279,45.4293,1.4582,2.8026,2.862,2.6958,2.6958,92996.9005,90932.557,52440.4951,1035055.5026,1012079.3594
001211.SZ,20250530,22.15,1.4572,2.5134,0.96,56.1093,59.063,1.811,1.1658,1.1419,0.0,,7200.0,6699.6575,3884.4502,159480.0,148397.4136
002466.SZ,20250530,28.94,0.7083,1.055,0.43,,,1.1365,3.6359,3.636,4.6633,4.6633,164122.1583,147584.5634,99084.9325,4749695.2612,4271097.2648
603005.SH,20250530,26.2,2.359,2.8007,1.19,67.6017,63.5496,3.9336,15.1217,14.4815,0.1757,,65217.1706,65217.1706,54932.194,1708689.8697,1708689.8697
002956.SZ,20250530,21.58,1.7745,3.8774,0.56,36.1724,33.7581,3.0702,2.5408,2.4256,1.4246,1.4246,22324.6885,22322.4301,10216.0481,481766.7778,481718.0416
600975.SH,20250530,6.09,4.5816,6.4496,4.21,195.3508,24.521,2.5175,1.0903,1.0271,0.0,,126129.2033,101695.6114,72242.5788,768126.8481,619326.2734
000710.SZ,20250530,14.64,14.2989,20.0311,0.9,,,3.104,4.8003,5.0918,0.0,,35352.1465,32687.9311,23333.7377,517555.4248,478551.3113
300147.SZ,20250530,8.6,4.2326,5.4773,1.02,,,5.8803,3.0597,3.3242,0.0,,66127.9045,65745.9042,50804.9121,568699.9787,565414.7761
603380.SH,20250530,23.8,0.9025,2.144,1.38,20.7359,19.6031,2.4687,1.767,1.6904,1.0769,1.0769,16044.12,16044.12,6753.6,381850.056,381850.056
002753.SZ,20250530,6.73,1.3874,1.9556,0.74,22.6988,23.103,1.0798,0.5981,0.611,2.0087,2.0087,37569.4573,24280.3949,17225.9423,252842.4476,163407.0577
002655.SZ,20250530,12.51,2.9216,3.3588,0.89,57.0867,53.8913,6.5395,3.7291,3.6337,0.2398,0.2398,36000.0,35990.1075,31305.306,450360.0,450236.2448
600585.SH,20250530,23.23,0.3656,0.7061,1.18,15.9954,15.3797,0.6472,1.3523,1.387,4.1096,4.1096,529930.2579,399970.2579,207083.2565,12310279.891,9291309.091
300451.SZ,20250530,5.39,3.3739,4.4152,0.65,,,1.8948,5.8692,6.2428,0.185,0.185,154912.4692,152669.377,116661.5701,834978.209,822887.942
301358.SZ,20250530,27.53,2.1259,2.1259,1.35,35.1227,39.3934,1.7955,0.9225,0.8392,1.5183,0.5703,75725.307,38343.3146,38343.3146,2084717.7017,1055591.4509
605369.SH,20250530,26.27,1.1133,3.9031,0.77,24.1188,26.8915,2.3874,3.7119,3.7369,1.9486,1.9486,15757.8415,15757.8415,4494.5655,413958.4962,413958.4962
002096.SZ,20250530,11.58,1.8983,2.8933,2.67,20.1453,19.3221,1.8811,1.6808,1.6361,1.7703,,124044.077,70094.3763,45990.4951,1436430.4117,811692.8776
600845.SH,20250530,25.08,0.714,2.1866,1.35,31.9251,34.1089,6.0091,5.3008,5.6543,3.3236,3.3236,288380.3858,213374.0521,69678.6847,7232580.0759,5351421.2267
000153.SZ,20250530,6.07,2.2251,3.1498,1.34,17.5408,18.5793,1.3984,0.6584,0.6873,1.7654,1.6474,46477.3722,45294.3722,31996.8047,282117.6493,274936.8393
002086.SZ,20250530,2.7,3.1874,3.7045,0.74,,,3.7527,15.5491,15.1644,0.0,,195894.65,151702.1291,130526.0564,528915.555,409595.7486
300020.SZ,20250530,3.93,3.2483,3.6368,0.72,,,0.9914,5.7,21.6,0.0,,79467.7974,76663.9584,68475.6577,312308.4438,301289.3565
605567.SH,20250530,9.63,1.8883,3.4492,0.94,235.8791,76.1023,1.7685,0.766,0.7464,0.0,,20000.0,20000.0,10949.305,192600.0,192600.0
000506.SZ,20250530,7.37,2.2168,3.3087,1.3,,,12.9472,20.548,17.9665,0.0,,92901.7761,92867.0961,62218.8027,684686.0899,684430.4983
603527.SH,20250530,9.62,2.1735,3.4683,0.79,23.9548,16.8804,1.4641,0.3271,0.3117,1.5593,1.5593,31697.12,31697.12,19864.3908,304926.2944,304926.2944
688655.SH,20250530,20.18,3.9091,7.114,0.97,,,3.9751,5.6719,5.4229,0.3717,0.3717,13339.0,13339.0,7329.77,269181.02,269181.02
600988.SH,20250530,26.26,1.7812,2.0842,0.53,28.2853,24.3765,4.5805,5.5291,5.2097,0.1887,,190041.1178,166391.1378,142198.5632,4990479.7534,4369431.2786
002548.SZ,20250530,3.86,2.4285,3.5897,1.09,103.047,55.0663,2.0872,0.6812,0.664,0.0,,80509.3658,80447.1492,54423.992,310766.152,310525.9959
301131.SZ,20250530,45.79,8.2294,10.9789,0.62,56.873,54.9483,2.5663,1.2798,1.2653,0.8079,,4779.0928,3079.8071,2308.5136,218834.6593,141024.3671
000605.SZ,20250530,7.08,3.6122,6.137,0.4,155.1671,153.0386,1.1654,1.4177,1.4558,0.2825,0.2825,35265.86,35265.86,20756.9665,249682.2888,249682.2888
000913.SZ,20250530,14.98,0.8761,1.482,0.62,11.6568,12.6485,1.6889,1.308,1.3104,5.2081,5.2072,52661.1,45974.425,27177.2853,788863.278,688696.8865
601233.SH,20250530,10.83,0.9045,1.4945,1.91,21.6688,21.1226,0.701,0.2571,0.2614,0.3946,0.3946,240477.9773,239589.8093,144997.347,2604376.4942,2594757.6347
920357.BJ,20250530,23.42,4.7894,8.3276,0.98,38.8573,34.2736,5.3657,4.9769,4.8314,1.7079,2.1349,8008.0,4451.46,2560.149,187547.36,104253.1932
000967.SZ,20250530,7.31,2.5664,7.5346,0.83,45.0822,44.3757,1.3279,1.7648,1.7403,1.71,1.71,316694.3318,316543.5618,107819.0008,2315035.5655,2313933.4368
600062.SH,20250530,19.51,1.2267,3.1136,1.49,12.4516,11.7953,1.8561,1.8077,1.7694,1.8311,1.8311,103883.6522,103263.0823,40683.5199,2026770.0544,2014662.7357
601111.SH,20250530,8.02,0.3011,0.9969,0.58,,,3.2528,0.8395,0.8397,0.0,,1744842.1,1163810.9474,351501.2707,13993633.642,9333763.7981
601216.SH,20250530,5.32,0.6612,1.7601,1.34,16.0105,14.4866,1.5873,1.7806,1.7121,6.015,6.015,843801.739,843801.739,316969.099,4489025.2515,4489025.2515
002175.SZ,20250530,4.4,3.3887,4.1942,0.97,338.1688,366.8671,9.4055,17.258,16.9722,0.0,,127678.0727,127678.0727,103157.0685,561783.5199,561783.5199
688576.SH,20250530,63.04,0.9349,0.9357,1.05,29.7114,34.7911,1.6944,8.7149,8.9357,1.6675,1.6675,4650.2781,2235.3134,2233.2765,293153.5314,140914.1567
301040.SZ,20250530,24.0,2.7738,4.4641,0.63,,,3.0929,4.1475,4.0927,0.0,,10000.0907,9423.2282,5855.194,240002.1768,226157.4768
605186.SH,20250530,19.91,1.0513,2.1135,1.0,83.2627,88.1878,2.5187,8.5056,7.5262,0.5023,0.5023,13600.0,13600.0,6765.1778,270776.0,270776.0
688603.SH,20250530,62.95,3.1952,3.1952,1.34,70.7701,69.8048,4.628,13.8837,13.1434,0.3691,0.3691,8395.7192,3102.2309,3102.2309,528510.5236,195285.4352
688321.SH,20250530,19.8,3.2412,4.8031,1.48,,,5.6146,12.272,11.7086,,,40779.6477,40779.6477,27518.1997,807437.0245,807437.0245
605368.SH,20250530,9.95,0.3518,0.7633,0.61,14.1257,16.4324,2.1017,1.4953,1.556,12.7455,8.9859,71463.4844,66961.8768,30859.3984,711061.6698,666270.6742
688359.SH,20250530,47.07,0.6763,1.1187,0.46,,,7.141,7.3387,8.1346,,,9685.965,9685.965,5855.765,455918.3726,455918.3726
603058.SH,20250530,7.94,1.0945,2.0184,1.19,20.8352,21.2428,2.7321,3.6834,3.6721,1.0074,1.0074,41989.4039,41884.3399,22712.4399,333395.867,332561.6588
002922.SZ,20250530,15.63,1.7001,2.2919,0.53,20.9684,22.2098,1.9513,1.3223,1.2395,1.8859,1.9043,39243.1791,37245.888,27628.6292,613370.8893,582153.2294
603786.SH,20250530,53.6,0.4574,1.649,0.96,28.0303,28.5187,3.9633,3.6272,3.6535,1.1195,1.1195,40385.93,40238.81,11162.8557,2164685.848,2156800.216
301585.SZ,20250530,33.05,5.5723,5.5723,1.04,34.1981,38.734,3.6914,7.1839,7.3483,,0.931,10400.0,2465.5481,2465.5481,343720.0,81486.3647
920271.BJ,20250530,17.18,2.4161,4.2664,0.8,25.3358,23.7405,3.9881,6.4734,5.9932,1.5875,1.0583,13082.3,5788.4931,3277.9919,224753.914,99446.3115
003003.SZ,20250530,12.7,18.4988,23.4811,0.76,35.1553,36.7542,1.738,1.95,2.1061,0.7809,0.7809,17679.83,11610.3532,9146.8407,224533.841,147451.4856
300424.SZ,20250530,15.87,6.6125,7.778,2.57,,,5.3001,2.2873,2.3103,0.0616,0.0616,24542.844,24495.7874,20825.191,389494.9343,388748.146
002570.SZ,20250530,6.2,15.775,18.1634,0.83,65.0532,54.1522,4.1498,2.4144,2.4081,0.0,,108004.3333,100862.9189,87599.9718,669626.8665,625350.0972
600793.SH,20250530,29.77,11.9985,26.5839,0.65,,,22.1423,2.3537,2.1104,0.0,,17690.4002,17690.4002,7984.4982,526643.214,526643.214
920580.BJ,20250530,13.19,3.1363,4.7399,0.33,119.3729,154.2914,3.4762,9.8539,9.9851,0.9098,0.5307,8600.0,5590.3561,3699.028,113434.0,73736.797
002229.SZ,20250530,17.61,36.6776,41.157,1.12,,,6.5345,17.129,8.4665,0.0,,49619.1488,49316.4301,43948.9216,873793.2104,868462.3341
000619.SZ,20250530,6.13,1.4545,2.1852,0.99,,,1.0547,0.5126,0.5148,0.0,,44116.8831,36000.0,23962.0607,270436.4934,220680.0
002790.SZ,20250530,7.19,1.2776,2.3386,0.92,16.5947,20.8673,1.3968,1.274,1.337,4.0334,4.0334,41787.23,26069.75,14242.55,300450.1837,187441.5025
300097.SZ,20250530,4.75,2.0491,2.3899,1.27,,,2.9564,3.5688,4.151,0.0,,28854.9669,27000.9948,23150.5534,137061.0928,128254.7253
601918.SH,20250530,6.7,0.4983,0.9124,0.98,7.2533,7.4583,1.0759,1.3637,1.3798,2.2388,2.2388,259054.18,259054.18,141471.8501,1735663.006,1735663.006
002985.SZ,20250530,27.13,2.3138,2.8702,1.32,557.3276,,3.5302,16.7377,16.073,1.1795,1.1795,33185.36,19808.3174,15968.7369,900318.8168,537399.6511
002538.SZ,20250530,5.06,1.027,1.5217,0.81,13.8687,15.7069,0.8072,1.0085,0.9483,4.7431,4.7431,85355.5763,85355.0213,57606.9413,431899.2161,431896.4078
603053.SH,20250530,9.58,0.2041,1.074,0.96,17.4231,18.0307,1.7537,1.6147,1.6206,3.1315,3.1315,88889.0,88889.0,16889.0,851556.62,851556.62
603679.SH,20250530,12.79,2.2876,3.5803,1.57,,,2.6188,5.7323,6.2486,1.3955,1.3955,16458.1662,16458.1662,10515.5788,210499.9457,210499.9457
600619.SH,20250530,11.29,2.9861,4.6596,0.77,358.0082,217.8338,1.9802,0.6464,0.6083,0.0891,0.0891,107334.4406,78917.4798,50574.145,1211805.8344,890978.3469
300679.SZ,20250530,44.13,1.6414,2.2603,0.96,30.052,32.0344,3.7047,4.0122,3.8821,0.8017,,42378.47,35775.3118,25979.4794,1870161.8811,1578764.5097
603757.SH,20250530,22.6,1.0651,2.9592,0.98,14.5842,14.677,2.2808,1.9508,1.8509,6.6515,6.6515,16474.6905,16474.6905,5929.8905,372328.0053,372328.0053
603516.SH,20250530,33.58,2.758,4.1189,0.86,78.9959,103.8075,4.7307,13.6957,14.7588,0.2962,0.2962,20184.1779,20184.1779,13514.9039,677784.6939,677784.6939
600771.SH,20250530,21.63,1.7453,2.0573,0.68,142.2064,109.4519,6.482,8.6683,8.1746,0.0,,48949.1141,48949.1141,41525.7673,1058769.338,1058769.338
000962.SZ,20250530,16.63,6.0197,10.2491,0.6,39.3841,38.1713,3.1671,6.5576,6.1735,0.3307,0.3307,50496.8262,50011.4462,29373.5448,839762.2197,831690.3503
002920.SZ,20250530,110.56,1.7982,3.8355,1.38,30.603,27.8589,6.4182,2.2216,2.1332,0.7598,1.0854,55494.9301,55313.5812,25933.0026,6135519.4719,6115469.5375
605500.SH,20250530,7.26,0.7279,3.0772,1.39,15.556,15.7294,1.148,1.2734,1.2935,2.0661,2.0661,41440.0,41440.0,9802.8545,300854.4,300854.4
688039.SH,20250530,31.5,1.2257,2.3046,0.92,,,3.0724,11.4974,12.0124,,,11191.6907,11191.6907,5952.1871,352538.2571,352538.2571
300852.SZ,20250530,29.93,1.3373,3.6922,0.94,30.3921,34.765,2.8302,3.017,2.8469,0.7127,0.4639,14245.0853,13688.5998,4958.1374,426355.403,409699.792
002652.SZ,20250530,3.0,2.1039,3.0054,0.99,219.1733,227.952,5.8698,4.5135,4.7463,0.0,,51206.4,51206.4,35846.4,153619.2,153619.2
920662.BJ,20250530,24.85,7.8582,7.8582,0.95,72.9858,76.4182,4.8803,6.2668,6.0417,0.9215,0.6922,8755.0002,2458.0687,2458.0687,217561.755,61083.0072
600575.SH,20250530,3.6,1.3702,3.7309,0.93,16.3098,17.1872,1.1889,0.466,0.4679,3.3333,3.3333,388626.1065,388626.1065,142729.1911,1399053.9834,1399053.9834
000509.SZ,20250530,3.22,0.784,1.3187,1.12,,,25.6048,3.347,3.481,0.0,,107312.8052,107312.4808,63800.9873,345547.2327,345546.1882
603081.SH,20250530,10.49,1.4022,2.7968,0.78,70.8758,72.1523,1.4355,2.4845,2.4836,0.4404,0.4404,43652.5468,43339.2868,21728.5068,457915.2159,454629.1185
600200.SH,20250530,2.72,8.9152,10.7768,1.04,27.4824,,1.1051,1.2118,1.5978,0.0,,71215.1832,71087.948,58808.3718,193705.2983,193359.2186
601698.SH,20250530,19.57,0.4163,2.6357,1.07,181.8978,198.3848,5.2334,32.5333,32.6077,0.1267,0.1267,422438.5412,422438.5412,66716.4021,8267122.2513,8267122.2513
002847.SZ,20250530,88.33,0.7666,1.995,0.8,37.6566,36.5942,12.5088,4.5435,4.2893,1.8992,0.6793,27281.9859,24472.9014,9403.5509,2409817.8145,2161691.3807
920504.BJ,20250530,25.63,3.3149,4.0914,0.69,70.2464,69.9062,5.7626,9.0915,9.1191,1.3656,0.7803,4333.31,1709.7703,1385.2703,111062.7353,43821.4128
301536.SZ,20250530,59.83,4.9937,6.6794,0.61,98.3065,98.2126,8.5506,10.7039,10.1078,0.1671,0.3343,42106.0,18658.837,13949.713,2519201.98,1116358.2177
300977.SZ,20250530,16.93,1.1738,2.8702,0.98,,,1.892,5.4853,5.4994,1.3041,,15222.6727,9473.1684,3874.0433,257719.8488,160380.741
300185.SZ,20250530,2.7,2.0809,2.6585,0.88,254.2987,150.8546,1.5776,1.7098,1.7046,0.9259,0.9259,389698.6847,364691.0702,285448.3112,1052186.4487,984665.8895
300981.SZ,20250530,12.9,0.9284,3.0467,0.82,,,0.9159,2.048,1.9801,3.8617,3.8617,39000.78,35743.2075,10891.7858,503110.062,461087.3768
300407.SZ,20250530,9.72,1.7706,2.2724,1.3,32.941,41.5415,1.6948,1.3981,1.3268,1.2968,,31820.0493,24426.0074,19032.2427,309290.8792,237420.7919
301307.SZ,20250530,24.28,10.044,11.2831,1.22,,,1.6947,1.3975,1.3564,0.4942,0.4942,21060.0,10899.164,9702.194,511336.8,264631.7019
601727.SH,20250530,7.44,1.1047,2.2351,0.39,154.0423,114.4522,2.1642,1.004,0.9898,0.0,,1557980.9092,1265532.7092,625489.1707,11591377.9644,9415563.3564
600897.SH,20250530,14.71,0.5165,1.6138,1.12,14.2261,14.0638,1.3354,3.2595,3.206,1.7675,1.7675,41693.4,41693.4,13343.4,613309.914,613309.914
002131.SZ,20250530,3.62,3.546,3.7279,0.78,,282.5895,1.887,1.1579,1.1624,0.8229,0.8229,677177.8703,584972.3957,556440.1244,2451383.8905,2117600.0724
002008.SZ,20250530,22.99,1.4153,1.7468,1.36,14.2806,27.856,1.5261,1.6376,1.6063,0.8598,1.4897,105219.3,97931.6974,79346.3784,2418991.707,2251449.7232
002717.SZ,20250530,2.17,21.4427,23.9987,7.22,,,3.9571,4.5831,6.3279,0.0,,182023.3558,160075.708,143026.8601,394990.6821,347364.2864
601211.SH,20250530,17.18,0.3889,0.481,1.94,23.2553,13.2977,0.9716,6.9792,6.4186,1.7027,1.7027,1762970.8696,1349399.3295,1091081.3756,30287839.5397,23182680.4808
300258.SZ,20250530,13.93,5.327,8.9524,0.75,46.4423,48.4913,1.7658,3.662,3.6462,1.3642,0.3898,53240.1147,51724.7042,30777.8277,741634.7978,720525.1295
001255.SZ,20250530,30.13,12.1125,12.1125,0.9,182.0861,142.4254,3.3286,7.0674,6.6434,0.2846,0.1304,8000.0,2000.0,2000.0,241040.0,60260.0
300978.SZ,20250530,10.26,2.0375,2.551,1.05,28.8302,27.2162,2.7355,1.9806,2.0192,2.4366,3.4113,42270.2739,18896.0084,15092.1235,433693.0102,193873.0462
688786.SH,20250530,26.7,0.8089,1.3378,0.73,45.5169,45.4835,4.395,7.6585,7.5129,1.6051,,11983.3336,11983.3336,7246.2586,319955.0071,319955.0071
600711.SH,20250530,5.4,1.0206,1.244,1.21,8.3222,8.3113,1.0727,0.6486,0.6561,0.4759,1.8519,309061.1551,309061.1551,253581.1654,1668930.2375,1668930.2375
603719.SH,20250530,13.24,1.7865,4.1627,0.46,,,2.4057,0.7416,0.8244,3.5801,3.5801,40100.0,40100.0,17210.106,530924.0,530924.0
300730.SZ,20250530,13.3,8.3466,10.9502,0.83,,,11.2998,10.3422,13.0125,0.0,,24113.8947,19667.8152,14991.4656,320714.7995,261581.9422
000100.SZ,20250530,4.28,1.3132,1.3576,1.36,51.3866,34.3963,1.5007,0.4876,0.4871,1.8692,1.8692,1877908.0767,1809962.1696,1750811.3693,8037446.5683,7746638.0859
300272.SZ,20250530,6.12,2.6374,3.311,1.12,42.2679,41.031,3.0915,2.0921,2.0627,4.4097,2.5594,57721.7911,43112.0454,34341.4115,353257.3615,263845.7178
600239.SH,20250530,2.37,0.7822,1.3276,0.86,,,2.9703,1.9726,1.9866,0.0,,160568.6909,160568.6909,94602.2647,380547.7974,380547.7974
000759.SZ,20250530,8.04,7.7466,12.1688,0.82,,,3.1866,0.5189,0.5561,0.0,,66997.1694,65570.6025,41742.3281,538657.242,527187.6441
000539.SZ,20250530,5.2,10.8084,33.875,4.69,28.3139,59.9944,1.2035,0.4776,0.4969,0.3846,0.3846,525028.3986,255389.6649,81486.6644,2730147.6727,1328026.2575
002818.SZ,20250530,12.89,0.727,1.4611,1.09,13.9769,14.8239,1.9521,6.7472,6.9924,8.3786,8.3786,74845.894,29835.7191,14845.4129,964763.5737,384582.4192
000548.SZ,20250530,5.26,1.5729,2.3238,1.22,32.2497,40.1923,1.277,4.1602,5.101,1.711,1.711,49921.5811,49918.4311,33787.7854,262587.5166,262570.9476
301211.SZ,20250530,17.75,11.9196,11.9196,0.82,55.8399,79.2658,2.2731,11.4654,12.1065,2.7042,1.4085,28800.0,7200.0,7200.0,511200.0,127800.0
920368.BJ,20250530,28.26,1.3334,2.2953,1.1,19.4861,33.3198,1.5551,1.1703,1.293,1.0558,1.0558,23478.044,22336.9634,12976.2018,663489.5234,631242.5857
002339.SZ,20250530,6.97,3.166,3.81,1.67,111.1833,68.3372,2.0101,1.3524,1.294,0.2869,0.2869,50409.2274,47879.3604,39786.5766,351352.315,333719.142
300522.SZ,20250530,13.76,4.4473,7.7288,0.92,196.1458,397.9619,5.6136,6.3632,6.4723,0.3634,0.2907,32245.1507,24384.6866,14031.4833,443693.2736,335533.2876
301096.SZ,20250530,40.1,10.1603,10.1614,1.57,,,1.7155,5.4619,6.1264,0.7407,0.7407,10922.8284,6943.032,6942.282,438005.4188,278415.5832
920961.BJ,20250530,22.0,6.5545,8.3532,1.03,252.255,142.6933,4.1064,13.5048,12.7836,0.2249,0.2249,14284.0508,10543.8808,8273.5298,314249.1176,231965.3776
688353.SH,20250530,20.67,0.6833,0.6838,0.83,,,0.9705,6.5297,5.7953,1.4351,1.4351,15950.0,6251.4393,6246.7522,329686.5,129217.2503
002989.SZ,20250530,36.9,6.6039,14.0709,1.46,,,4.966,20.1557,22.4371,0.0,,19755.5128,18290.0878,8584.1349,728978.4223,674904.2398
301153.SZ,20250530,23.51,1.8057,4.4634,1.51,79.4323,114.7156,4.9062,10.0572,10.6372,2.3434,0.7593,35285.058,32923.0008,13318.8295,829551.7136,774019.7488
002880.SZ,20250530,28.53,0.8591,3.1529,1.34,25.5234,25.8357,2.8692,5.3779,5.3837,0.701,0.701,22680.0,22601.3,6158.3,647060.4,644815.089
603031.SH,20250530,26.23,1.0162,1.5986,1.37,32.9267,31.706,2.983,1.1939,1.1748,1.1832,0.915,21112.0,21112.0,13419.9748,553767.76,553767.76
002792.SZ,20250530,14.29,1.9967,2.786,0.7,180.3927,156.6148,2.6752,6.2526,6.1782,1.0754,1.0754,52243.3405,31380.5678,22490.3472,746557.3357,448428.3139
000400.SZ,20250530,21.27,1.1254,1.8243,1.18,19.4028,19.9305,1.8815,1.2681,1.3033,2.2663,2.6565,101887.4309,100832.2059,62203.5605,2167145.6552,2144701.0195
603359.SH,20250530,7.85,14.2223,26.3668,0.85,,,1.3091,9.3151,9.8018,0.1274,0.1274,44609.6,44609.6,24062.5868,350185.36,350185.36
301028.SZ,20250530,12.06,4.7934,10.6528,1.35,21.1951,20.7181,2.9935,4.0392,3.9748,1.6522,1.6522,38177.4116,24618.3866,11077.5166,460419.5839,296897.7424
002148.SZ,20250530,6.72,6.5672,7.0354,1.2,143.3207,228.6177,3.0908,13.3263,12.0975,0.2219,,55847.733,44931.7611,41941.4214,375296.7658,301941.4346
300220.SZ,20250530,16.34,9.9445,19.8042,0.6,1169.2635,1405.7004,38.2013,8.9816,9.3775,0.0,,15120.0,15101.9348,7583.31,247060.8,246765.6146
300655.SZ,20250530,8.78,2.794,3.3485,0.97,,,3.7952,6.4825,6.306,0.3183,0.3183,105957.1989,99757.0521,83239.4397,930304.2063,875866.9174
300013.SZ,20250530,4.09,9.3135,10.2122,1.69,,,11.0497,4.7503,4.8483,0.0,,55835.8894,44606.0865,40680.8215,228368.7876,182438.8938
688059.SH,20250530,70.39,2.2649,3.6824,0.53,40.9715,36.8282,3.4929,5.7733,5.404,1.1291,1.1291,6225.7112,6225.7112,3829.1912,438227.8114,438227.8114
688385.SH,20250530,45.6,1.0593,1.9422,1.02,65.4164,68.4115,6.2053,10.4331,10.447,0.2183,0.2183,82142.73,53709.73,29295.2905,3745708.488,2449163.688
002481.SZ,20250530,5.11,0.9945,1.6422,0.82,66.6297,101.8056,2.3988,2.5752,2.5089,0.9785,0.9785,123369.65,111815.26,67711.2305,630418.9115,571375.9786
603866.SH,20250530,5.51,0.9738,2.2313,1.09,16.8832,17.9561,1.7599,1.448,1.4969,5.4446,4.5372,159971.9155,159971.9155,69814.0682,881445.2544,881445.2544
920837.BJ,20250530,16.41,1.6683,4.9774,1.04,38.4685,36.5619,4.5633,4.7255,4.5814,1.2188,1.2188,15171.2787,13678.7787,4584.7787,248960.6835,224468.7585
002678.SZ,20250530,4.68,0.3073,1.8559,0.99,,,1.8722,9.3977,10.8351,0.0427,,135980.8323,135757.4448,22480.9325,636390.2952,635344.8417
603233.SH,20250530,17.4,0.8175,2.1792,1.5,21.6626,20.2969,2.7651,0.7479,0.7422,3.5512,3.5512,113884.7895,113884.7895,42721.5969,1981595.3373,1981595.3373
300827.SZ,20250530,26.85,1.6924,2.145,0.71,23.053,21.2019,4.2903,2.0225,1.9731,0.3709,0.3709,35955.5234,26634.7788,21015.591,965405.8033,715143.8108
688455.SH,20250530,16.7,16.6627,25.0355,1.27,,,3.2639,2.1672,2.1617,,,18084.9167,12984.9167,8642.2958,302018.1089,216848.1089
301558.SZ,20250530,8.81,11.7218,11.7218,0.87,483.6712,,5.1976,3.9685,3.9381,1.5891,,78885.1223,21928.1852,21928.1852,694977.9275,193187.3116
300912.SZ,20250530,13.75,2.8475,3.8737,1.28,,,3.0322,2.7336,2.7534,0.0,,11498.2,8583.5975,6309.7475,158100.25,118024.4656
301511.SZ,20250530,15.54,4.1515,5.715,0.83,,,2.4419,1.2549,1.0746,0.2528,,63032.2,37454.5551,27207.9554,979520.388,582043.7863
688355.SH,20250530,16.79,0.5249,1.665,0.81,31.3721,32.9901,1.8988,3.2958,3.3215,2.6537,2.6537,12395.6072,12395.6072,3907.6756,208122.2449,208122.2449
600019.SH,20250530,6.74,0.2501,0.6821,1.17,20.0578,18.7634,0.7269,0.4584,0.47,4.5394,4.5394,2190864.3999,2178208.4749,798651.6922,14766426.0553,14681125.1208
603507.SH,20250530,25.09,6.7215,9.2419,0.96,25.9496,37.8822,1.8573,1.1719,1.1905,1.1884,1.1884,18430.1307,18430.1307,13404.1045,462411.9793,462411.9793
600886.SH,20250530,15.66,0.3055,0.9793,1.08,18.8694,18.749,1.9174,2.168,2.2056,2.9424,2.9424,800449.4262,745417.9797,232532.2636,12535038.0143,11673245.5621
688171.SH,20250530,29.16,3.7823,5.1292,0.39,211.1108,362.6828,2.9811,24.816,28.3213,0.2949,0.2949,8377.34,5134.8489,3786.4252,244283.2344,149732.1939
002666.SZ,20250530,4.87,3.4847,4.5397,0.86,55.7981,51.3881,1.0868,0.7739,0.7574,1.2945,,78799.9301,50066.8201,38431.6691,383755.6596,243825.4139
000409.SZ,20250530,11.21,7.0082,8.2972,0.94,81.9494,98.6058,4.9167,5.6262,5.9794,0.0,,67799.0505,42334.3245,35757.4555,760027.3561,474567.7776
600395.SH,20250530,4.59,0.3257,0.691,0.78,94.5955,,0.9489,1.1071,1.0446,6.1002,6.1002,214662.4894,214662.4894,101190.307,985300.8263,985300.8263
300906.SZ,20250530,26.55,4.9329,10.014,1.8,28.1996,28.3913,2.3143,13.2186,13.3219,1.8832,1.8832,8000.0,7152.9375,3523.5625,212400.0,189910.4906
601890.SH,20250530,8.64,3.05,4.7434,0.88,29.4013,31.1092,2.2535,4.1682,3.8965,1.2153,1.2153,95940.0,95940.0,61688.9232,828921.6,828921.6
301498.SZ,20250530,107.96,1.0503,2.4306,1.18,69.1329,63.4575,9.9456,8.2343,7.6752,0.389,0.389,40004.45,17902.1919,7736.171,4318880.422,1932720.6375
300535.SZ,20250530,15.52,1.874,2.3782,0.84,,,1.7596,2.1596,2.1743,0.451,0.451,10480.1463,7644.5046,6023.7808,162651.8706,118642.7114
000533.SZ,20250530,6.53,9.2346,15.1482,0.71,47.9629,45.3207,5.0793,1.8644,1.8388,0.0,,69081.6,68490.24,41752.8232,451102.848,447241.2672
003031.SZ,20250530,47.88,0.3494,0.7759,0.93,40.0558,37.27,3.5056,8.1542,7.9564,0.5818,0.5818,45105.2859,34015.6696,15316.355,2159641.0889,1628670.2604
002009.SZ,20250530,14.71,3.8752,4.6963,0.94,,,2.9874,1.9987,2.0174,0.136,0.136,40223.3207,35358.4988,29176.894,591685.0475,520123.5173
300813.SZ,20250530,19.25,4.3753,7.0062,1.95,178.7713,217.9283,2.8752,6.6851,6.9451,0.4677,0.5195,12119.9219,7605.1073,4749.3657,233308.4966,146398.3155
600238.SH,20250530,6.16,3.4362,4.2236,1.09,,,27.1072,15.758,16.7147,0.0,,44820.0,44500.158,36204.3908,276091.2,274120.9733
601975.SH,20250530,2.73,1.1091,1.5842,1.28,6.8238,8.5429,1.18,2.0245,2.1811,0.0,,480185.6148,480185.6148,336183.8465,1310906.7284,1310906.7284
300618.SZ,20250530,30.91,1.1851,1.4981,1.06,47.268,44.5718,1.731,1.6018,1.552,0.3263,0.3263,30832.4991,27132.0758,21463.3879,953032.5472,838652.463
002671.SZ,20250530,4.49,2.5121,4.2419,0.69,38.5884,42.7553,1.5427,2.2076,2.1206,0.0,,56369.4346,55058.6548,32606.4486,253098.7614,247213.3601
000923.SZ,20250530,13.07,0.626,0.9841,0.83,15.0685,18.8781,0.8566,1.5284,1.6387,4.5907,4.5907,65272.8961,62789.5729,39944.053,853116.752,820659.7178
002427.SZ,20250530,9.43,10.3983,26.2131,0.6,,1974.0336,9.9503,4.0657,3.9949,0.0,,98543.2777,98475.6861,39063.6845,929263.1087,928625.7199
601799.SH,20250530,139.8,0.2924,0.6399,0.94,28.3594,26.8469,3.9127,3.0135,2.866,0.9947,1.0675,28567.9419,28567.9419,13056.7792,3993798.2776,3993798.2776
300357.SZ,20250530,20.18,1.1947,2.1444,1.06,33.2447,33.5472,4.3516,11.4178,11.2689,0.9167,1.4123,52358.4,48406.4205,26968.5481,1056592.512,976841.5657
002639.SZ,20250530,11.67,54.8087,58.2908,1.25,250.4871,242.4616,3.6344,3.9463,3.8461,0.0,,77260.2178,65058.1806,61171.8799,901626.7417,759228.9676
688630.SH,20250530,74.14,1.7908,2.92,0.86,60.7812,56.5229,4.6192,10.2388,9.7855,1.0725,1.0725,13174.0716,13174.0716,8079.63,976725.6684,976725.6684
301591.SZ,20250530,40.7,17.0436,17.0436,0.82,47.5253,44.7031,3.937,8.3185,8.0094,0.769,0.7862,8412.0,3394.8725,3394.8725,342368.4,138171.3108
300391.SZ,20250530,4.55,2.3147,2.9357,1.1,,,,14.2802,10.2039,0.0,,35033.6112,35033.6112,27623.1259,159402.931,159402.931
002947.SZ,20250530,30.88,1.6517,2.0085,0.86,17.3178,15.9945,2.5371,3.1822,2.9196,1.4471,1.895,25620.9336,19240.5609,15822.4658,791174.4296,594148.5206
603015.SH,20250530,12.95,7.4596,16.1136,0.84,82.0268,74.5881,3.8055,6.2082,5.9478,1.1583,1.1583,40421.9,40421.9,18712.97,523463.605,523463.605
301176.SZ,20250530,16.23,4.3769,5.4113,1.58,,,1.7877,1.9095,1.8421,0.0,,16906.6667,5635.5556,4558.2467,274395.2005,91465.0674
301059.SZ,20250530,10.66,1.0253,3.2635,0.95,46.1624,45.0777,4.3354,6.3911,5.9572,0.9311,1.583,23115.4,20673.7026,6495.2083,246410.164,220381.6697
600768.SH,20250530,10.51,1.893,3.0168,0.92,899.5185,173.4381,3.6714,1.3461,1.1695,0.0,0.9515,13374.72,13374.72,8392.7118,140568.3072,140568.3072
300051.SZ,20250530,7.06,2.2085,2.7572,0.75,,,11.9592,5.2465,4.879,0.0,,37197.669,36566.7415,29289.0649,262615.5431,258161.195
002028.SZ,20250530,72.03,0.5515,0.6086,0.93,27.3567,26.2889,4.3505,3.6263,3.4976,0.5523,0.5523,77822.8582,60661.0761,54965.3795,5605580.4761,4369417.3115
002965.SZ,20250530,39.76,7.1607,7.8227,1.43,29.3553,32.5562,2.5273,1.5645,1.5496,1.1614,1.0351,26538.0359,19942.1609,18254.6609,1055152.3074,792900.3174
300635.SZ,20250530,10.53,2.1764,2.542,0.88,,,3.9632,2.1442,2.2087,0.0924,0.0924,14013.4,11976.0032,10253.4055,147561.102,126107.3137
300643.SZ,20250530,23.28,5.7614,11.5774,0.78,43.4523,40.2458,4.5058,4.9579,5.0094,0.6826,,23073.9261,23014.8027,11453.1781,537160.9996,535784.6069
300207.SZ,20250530,18.52,0.9187,1.1986,0.96,23.2825,22.2569,1.4165,0.6102,0.5962,0.6486,,184580.6346,171168.5196,131199.3011,3418433.3528,3170040.983
601995.SH,20250530,33.09,0.3301,0.9775,1.12,28.0513,24.5833,1.6947,7.4875,6.8908,0.816,0.816,482725.6868,292354.244,98738.676,15973392.9762,9674001.934
601288.SH,20250530,5.53,0.1276,1.2838,1.38,6.8611,6.8237,0.7339,2.7238,2.7213,4.1754,6.2803,34998303.3873,31924421.0777,3171924.7589,193540617.7318,176542048.5597
600612.SH,20250530,51.43,1.0507,3.4372,0.88,13.7983,15.2781,2.0513,0.4737,0.5526,3.7916,3.7916,52311.7764,31710.963,9693.7837,2690394.6603,1630894.8271
002248.SZ,20250530,8.8,4.6571,5.6453,0.78,318.2138,244.5229,34.0988,8.0953,8.1046,0.0,,30749.56,30749.56,25366.98,270596.128,270596.128
300376.SZ,20250530,3.42,0.3306,0.7749,1.04,42.0819,42.4901,1.1582,2.616,2.6422,1.4327,1.4327,232824.0476,232743.4901,99284.6609,796258.2428,795982.7361
600686.SH,20250530,14.22,14.0378,25.523,1.4,64.6393,54.5715,3.2431,0.444,0.4265,0.2461,0.3868,71704.7417,71704.7417,39437.9871,1019641.427,1019641.427
000623.SZ,20250530,16.39,0.6756,0.9314,1.13,12.6343,10.1845,0.6661,7.5082,8.2639,4.881,4.881,119589.5387,119107.9343,86399.8594,1960072.5393,1952179.0432
300045.SZ,20250530,17.96,1.97,2.1746,0.95,,,7.5326,21.7622,23.321,0.0,,66267.5236,51631.3176,46772.191,1190164.7239,927298.4641
000518.SZ,20250530,2.11,1.0454,1.594,0.79,,,6.1056,10.6741,11.376,0.0,,102955.6222,102953.5693,67525.4539,217236.3628,217232.0312
002187.SZ,20250530,6.77,2.1883,4.4187,0.83,100.1163,105.2794,1.1615,0.8621,0.8429,0.4431,0.4431,70403.8932,51711.0966,25608.8866,476634.357,350084.124
002895.SZ,20250530,25.05,0.8327,1.7246,0.66,14.1075,13.1795,2.1828,2.2849,2.1233,3.9928,,53866.4863,53685.7363,25922.2663,1349355.4818,1344827.6943
603129.SH,20250530,182.38,0.683,1.0979,0.54,18.9074,17.2902,4.523,1.8504,1.7148,1.1319,2.111,15257.7663,15257.7663,9491.5121,2782711.4178,2782711.4178
300469.SZ,20250530,29.51,6.0629,7.727,1.88,,,16.6602,27.2601,24.2362,0.0,,24823.8824,24823.2554,19477.2931,732552.7696,732534.2669
300532.SZ,20250530,12.19,6.0884,9.833,1.19,19.9906,22.2547,3.1399,2.3342,2.3984,4.4912,2.807,45332.4086,43091.9116,26681.7269,552602.0608,525290.4024
002154.SZ,20250530,3.77,1.224,1.521,0.94,11.1154,13.2531,1.2315,1.0676,1.078,8.4881,3.183,145933.3729,142149.5183,114398.6152,550168.8158,535903.684
600198.SH,20250530,8.55,1.9811,4.1825,0.74,399.591,389.4236,44.9721,11.8271,11.9766,0.0,,130360.3541,130194.9804,61670.072,1114581.0276,1113167.0824
600556.SH,20250530,4.81,2.9616,4.8463,1.29,168.8786,173.2049,2.2594,2.1384,2.1749,0.3222,0.3222,180774.7642,180774.7642,110470.798,869526.6158,869526.6158
603995.SH,20250530,16.44,0.9099,1.6746,0.9,7.4646,7.6438,1.0573,0.1436,0.1433,3.0335,3.0335,36561.7196,36561.7196,19865.3802,601074.6702,601074.6702
301617.SZ,20250530,35.11,3.6579,3.6579,0.78,22.0156,22.2316,2.8756,3.5335,3.5009,,1.3145,13364.0,3168.5298,3168.5298,469210.04,111247.0813
300475.SZ,20250530,28.02,1.9827,2.9772,0.96,48.5511,48.0723,4.3593,0.5282,0.4292,0.5924,0.207,45756.5767,44024.0767,29317.7858,1282099.2791,1233554.6291
920926.BJ,20250530,18.28,2.355,8.0091,0.72,45.5984,45.2902,6.2879,3.3651,3.3402,0.9044,1.4988,8836.1737,8018.2379,2357.6617,161525.2552,146573.3888
300253.SZ,20250530,9.55,1.3332,1.4334,0.7,240.4089,275.9887,3.5652,7.5947,8.026,0.2031,0.2031,221259.6884,191276.1073,177896.0231,2113030.0242,1826686.8247
000985.SZ,20250530,17.42,0.9486,2.599,1.04,152.6368,123.759,3.6835,1.1467,1.1357,0.1033,0.1033,12963.95,12963.95,4731.89,225832.009,225832.009
002137.SZ,20250530,7.62,5.8651,6.9181,2.25,,,2.9439,7.3991,7.6105,0.0,,57750.4854,39645.8956,33611.0973,440058.6987,302101.7245
603183.SH,20250530,4.09,1.4356,1.8791,0.86,33.725,41.9662,1.2843,2.2406,2.3059,1.1089,0.6112,49715.3251,49715.3251,37982.2191,203335.6797,203335.6797
000498.SZ,20250530,5.82,0.6143,1.532,1.12,3.912,3.9037,0.6004,0.1273,0.127,3.5871,3.5871,156099.8425,145790.418,58458.9146,908501.0834,848500.2328
603115.SH,20250530,14.09,0.9196,2.8053,0.94,20.9461,20.0235,1.636,1.7481,1.6595,3.5486,3.5486,23920.0,23920.0,7841.6,337032.8,337032.8
000555.SZ,20250530,12.09,10.609,19.353,3.09,,,2.1253,1.1794,1.135,0.2612,0.2612,97577.4437,97218.7287,53293.8897,1179711.2943,1175374.43
603986.SH,20250530,112.3,1.5494,1.7001,0.87,67.6381,65.8554,4.4399,10.1379,9.7638,0.0,,66405.919,66371.6019,60490.4506,7457384.7037,7453530.8934
301058.SZ,20250530,10.79,1.1011,2.1702,0.83,23.6547,23.3935,2.5348,2.0842,1.9973,1.3902,1.3902,51227.4245,51227.4245,25992.09,552743.9104,552743.9104
600587.SH,20250530,15.54,0.9719,1.3692,0.94,13.6316,14.7073,1.1994,0.9408,0.9621,2.475,2.475,60667.7919,60436.2036,42897.6809,942777.4861,939178.6039
688058.SH,20250530,26.6,1.3712,2.6296,1.13,,,2.967,7.2956,8.1442,0.6816,0.6816,7773.0937,7773.0937,4053.2765,206764.2924,206764.2924
000737.SZ,20250530,8.8,2.1723,4.8045,0.86,27.3515,22.4009,2.5275,0.6953,0.659,1.0575,1.0575,190471.6435,177226.9192,80132.553,1676150.4628,1559596.889
605208.SH,20250530,12.36,5.6247,9.623,0.72,108.7203,97.531,1.9089,0.9948,0.9108,0.1596,0.1596,32994.0,32994.0,19285.0483,407805.84,407805.84
300345.SZ,20250530,9.09,2.8555,3.8809,0.62,,,9.3079,5.0896,5.0435,0.0,,57794.5612,44335.0612,32621.2517,525352.5613,403005.7063
301168.SZ,20250530,35.8,17.2735,17.3135,1.37,60.1722,76.0372,2.0049,2.7067,2.6884,0.698,0.698,12000.0,4965.3,4953.83,429600.0,177757.74
688293.SH,20250530,42.91,0.8009,1.2177,1.19,231.4418,301.85,2.3314,16.3919,16.1758,1.0512,0.9795,11354.8754,7740.9308,5091.4129,487237.7034,332163.3406
300342.SZ,20250530,15.99,4.1702,5.9846,1.34,75.1743,71.249,4.378,6.4862,6.5027,0.6254,0.4065,42503.5113,41774.8485,29109.696,679631.1457,667979.8275
300964.SZ,20250530,38.31,3.7387,6.356,1.23,124.7408,110.1472,2.9578,4.9678,4.5971,1.031,1.031,7729.8284,5406.0922,3179.9897,296129.726,207107.3922
688184.SH,20250530,9.29,1.1471,1.4092,0.83,,,0.7519,1.5577,2.0058,,,15904.7514,10048.7514,8179.7841,147755.1405,93352.9005
301043.SZ,20250530,29.87,1.4402,3.2778,1.45,19.3444,20.527,2.4367,3.3763,3.3494,2.9461,2.9461,6800.0,6800.0,2987.8,203116.0,203116.0
300828.SZ,20250530,14.95,2.1692,3.9835,1.1,45.0275,46.346,3.2673,4.0033,4.0108,0.9994,1.9893,16656.6,12473.819,6792.654,249016.17,186483.5941
603316.SH,20250530,6.75,2.0266,3.9207,0.78,,,2.736,5.1274,4.526,0.0,,26426.4,26426.4,13659.9578,178378.2,178378.2
300844.SZ,20250530,47.75,5.6687,21.7456,1.3,150.9653,247.8887,5.6537,9.4091,9.3189,0.0,,9049.6,8732.5,2276.4,432118.4,416976.875
300665.SZ,20250530,7.43,3.0826,3.0826,0.82,,,3.7714,2.7146,2.6836,0.6732,0.6732,18943.3145,14018.9402,14018.9402,140748.8267,104160.7257
002196.SZ,20250530,8.97,7.1537,8.6918,1.1,,,3.2092,1.798,1.766,0.0,,49587.193,48841.0407,40198.441,444797.1212,438104.1351
000090.SZ,20250530,3.53,1.1923,1.9732,1.36,10.6288,11.7043,0.5776,0.3088,0.3069,7.0822,7.0822,186854.5434,186845.9934,112899.5706,659596.5382,659566.3567
600429.SH,20250530,4.69,1.2475,4.6406,1.05,129.1335,102.0468,1.3981,1.0094,1.0695,1.0448,1.0448,150917.6043,149755.7426,40256.6929,707803.5642,702354.4328
300077.SZ,20250530,23.78,5.3809,5.3809,1.05,,,14.3226,11.8768,11.1736,0.0,,58312.67,56702.99,56702.99,1386675.2926,1348397.1022
301509.SZ,20250530,37.22,21.5075,24.6037,1.07,116.1125,64.7032,2.0865,9.02,8.1655,1.5353,1.0747,12044.6669,5674.0928,4960.0428,448302.502,211189.734
300105.SZ,20250530,7.17,2.4519,4.214,1.15,56.6477,39.7491,1.9276,2.8972,2.8379,2.0932,1.3947,51581.442,51547.287,29992.215,369838.9391,369594.0478
603239.SH,20250530,13.76,1.1042,2.6219,0.84,21.692,19.977,3.1839,3.0421,2.8698,2.3256,1.5262,27072.0,27072.0,11400.91,372510.72,372510.72
603906.SH,20250530,11.51,3.0597,5.289,0.42,,,2.6794,0.9977,0.9826,0.0,,66507.8903,56507.8903,32689.6851,765505.8174,650405.8174
002765.SZ,20250530,13.74,7.0171,9.2722,1.15,72.0972,63.6843,3.5576,2.5341,2.4914,0.0,0.3639,65212.809,59591.0765,45098.4045,896023.9957,818781.3911
603929.SH,20250530,26.88,0.5872,1.4957,0.68,9.0188,9.5416,3.3665,1.0659,1.1203,3.7202,3.7202,21336.0,21336.0,8376.0,573511.68,573511.68
300374.SZ,20250530,15.5,2.1029,3.4187,1.23,,,4.5668,2.0052,2.0671,0.0,,24591.2337,20342.4393,12513.0608,381164.1224,315307.8092
002718.SZ,20250530,14.77,2.1838,4.0841,0.78,,,2.1412,3.1095,3.1947,1.3335,,13144.7829,6520.7956,3486.678,194148.4434,96312.151
603350.SH,20250530,36.55,10.0647,10.0647,0.74,38.6962,39.5889,3.2033,2.784,2.4828,0.0,1.4994,11641.5,2900.0,2900.0,425496.825,105995.0
300835.SZ,20250530,33.2,2.8534,3.3399,1.01,35.6854,36.4425,3.6197,3.387,3.3782,0.5933,0.5933,11937.1904,8193.9815,7000.499,396314.7213,272040.1858
920575.BJ,20250530,18.02,4.4294,4.4648,1.88,,,10.4945,5716.3251,6688.5768,,,28094.0,18789.9922,18640.9422,506253.88,338595.6594
300124.SZ,20250530,65.78,0.4982,0.6227,0.98,41.3713,36.9585,5.9951,4.7865,4.4855,0.6795,,269529.6963,238746.4528,191027.2627,17729663.4226,15704741.6652
603700.SH,20250530,11.56,2.1737,3.1761,1.39,44.4822,33.8102,1.4372,1.5539,1.5388,2.5455,2.5455,20169.9184,20169.9184,13804.3055,233164.2567,233164.2567
002960.SZ,20250530,11.4,1.6365,2.7725,1.19,23.3923,24.0557,1.3537,1.6776,1.6891,3.1537,,72443.454,61808.4344,36484.1212,825855.3756,704616.1522
920802.BJ,20250530,22.72,21.393,22.9091,1.05,63.266,62.5052,3.3285,7.4129,7.6347,0.6602,0.6602,6308.33,1699.8918,1587.3918,143325.2576,38621.5417
300594.SZ,20250530,17.94,9.6412,15.6909,4.38,,,1.9927,1.8709,1.9224,0.5574,0.5574,9187.345,9099.8125,5591.3125,164820.9693,163250.6363
002734.SZ,20250530,18.08,24.7591,31.9083,1.54,93.6115,38.4708,2.5242,1.7973,1.7084,1.6214,2.0638,42123.9571,37900.7876,29408.9421,761601.1444,685246.2398
002729.SZ,20250530,12.62,1.7568,2.6084,1.0,62.913,48.1307,4.3366,6.136,5.5973,0.2219,0.4437,18296.992,17546.3711,11817.7486,230908.039,221435.2033
000045.SZ,20250530,11.02,4.1637,8.5354,1.11,62.4572,62.3965,1.9007,1.6736,1.6653,0.5898,0.6443,50652.1849,45700.0849,22293.1413,558187.0776,503614.9356
688622.SH,20250530,81.01,0.5685,1.3434,0.55,,,15.0818,28.0012,30.23,,,6999.7606,6999.7606,2961.9083,567050.6062,567050.6062
000899.SZ,20250530,9.08,1.5612,5.3825,0.91,12.4069,12.5931,1.488,1.28,1.3229,1.663,1.663,97567.776,97567.776,28298.5929,885915.4061,885915.4061
600719.SH,20250530,6.67,3.3643,5.0143,0.88,,,5.8134,4.2936,4.5073,0.0,,40459.96,40459.96,27146.5816,269867.9332,269867.9332
688656.SH,20250530,95.83,3.1043,9.6777,4.21,164.1918,174.4814,7.5901,15.0194,15.3236,0.4121,0.3091,6305.8328,6305.8328,2022.686,604287.9572,604287.9572
603693.SH,20250530,15.12,6.9161,43.4175,2.49,32.333,40.8332,1.9632,6.4214,6.717,0.9921,0.9921,89147.588,89147.588,14200.6602,1347911.5306,1347911.5306
600857.SH,20250530,9.98,1.9914,3.0306,0.94,,,2.6922,2.7059,3.1876,0.8517,0.8517,22431.9919,22431.9919,14740.2798,223871.2792,223871.2792
301448.SZ,20250530,24.95,3.2992,4.9555,0.85,36.8643,47.7056,3.7733,3.1,3.1412,1.2517,1.3226,10400.0,4784.0,3185.0,259480.0,119360.8
301000.SZ,20250530,44.29,3.9164,11.0497,0.89,75.7084,75.1747,8.8716,14.2018,13.6261,1.1762,1.1762,24239.5322,22878.7322,8108.9922,1073568.8811,1013299.0491
301061.SZ,20250530,60.7,0.7344,1.9008,1.27,19.3389,17.4692,3.5814,5.1826,4.7822,1.1145,1.2636,21758.1796,14448.4438,5582.0278,1320721.5017,877020.5387
600158.SH,20250530,8.22,3.2827,4.5492,3.76,125.615,517.7276,3.0215,3.1325,3.7339,0.2798,0.2798,95951.3067,95951.3067,69239.4885,788719.7411,788719.7411
300155.SZ,20250530,4.65,3.5169,4.9548,1.12,,,2.088,12.6175,13.6055,0.0,,56122.7744,33070.9357,23473.8433,260970.901,153779.851
002226.SZ,20250530,5.22,0.4065,1.0356,0.82,15.5184,15.4941,1.4328,1.4585,1.4537,1.341,1.341,264892.2855,264888.1652,103980.131,1382737.7303,1382716.2223
301005.SZ,20250530,35.57,17.0527,33.1383,3.76,451.8838,341.856,6.2838,7.6119,7.0286,0.2152,0.2152,13486.1949,13237.1786,6811.76,479703.9526,470846.4428
002566.SZ,20250530,8.12,15.9493,18.5351,1.95,51.594,62.5961,1.2136,4.0201,4.2846,1.8473,1.2315,33095.16,23179.0468,19945.3335,268732.6992,188213.86
301111.SZ,20250530,16.03,3.2836,9.7043,1.06,616.1408,,3.4066,9.2047,9.2174,0.6238,0.3119,16000.0,16000.0,5413.848,256480.0,256480.0
000906.SZ,20250530,6.53,0.8399,1.5142,0.88,12.544,14.5904,0.9405,0.0229,0.0222,5.2913,,70856.1679,70015.3264,38838.615,462690.7764,457200.0814
600979.SH,20250530,5.19,2.4971,3.8617,0.92,27.7774,28.4905,1.4247,2.0369,2.0155,1.0405,1.0405,126165.6994,123225.979,79682.7,654799.9799,639542.831
002787.SZ,20250530,8.17,2.2089,2.7523,1.31,39.4458,37.9076,1.5261,1.1392,1.1483,0.0,1.1913,34152.6599,25721.1114,20642.7388,279027.2314,210141.4801
000768.SZ,20250530,25.01,0.8414,1.8631,1.29,67.9638,66.8998,3.2504,1.6095,1.6101,0.3999,0.3999,278114.9071,277272.5857,125229.6139,6955653.8266,6934587.3684
688586.SH,20250530,10.17,0.9433,2.4909,0.94,64.1799,95.1836,3.291,7.3639,8.0952,1.2783,0.885,79133.9156,79133.9156,29969.6828,804791.9217,804791.9217
600436.SH,20250530,204.05,0.2847,0.5846,1.35,41.3526,41.0045,8.0657,11.4116,11.4425,1.7006,1.7006,60331.721,60331.721,29379.4567,12310687.6701,12310687.6701
600780.SH,20250530,5.91,0.662,1.6076,1.09,13.2167,12.3727,0.8601,0.6257,0.6106,3.0457,3.0457,114650.2523,114650.2523,47208.4052,677582.9911,677582.9911
603344.SH,20250530,25.06,8.2603,8.2603,0.91,24.5588,24.3451,2.4304,1.9861,1.925,1.237,1.237,19453.098,5403.098,5403.098,487494.6359,135401.6359
601166.SH,20250530,22.64,0.2405,0.3208,1.21,6.092,6.1349,0.5992,2.2162,2.238,4.5936,4.5936,2077431.1267,2077431.1267,1557821.2139,47033040.7085,47033040.7085
600629.SH,20250530,8.49,1.4197,2.9585,0.65,21.0419,22.1527,1.5527,0.9713,1.0179,1.6494,1.6494,97033.8659,95311.705,45738.1448,823817.5215,809196.3755
600343.SH,20250530,11.83,2.8585,5.0849,0.78,,,5.2498,8.158,8.1727,0.0,,63820.6348,63820.6348,35876.5744,754998.1097,754998.1097
920436.BJ,20250530,22.72,12.125,34.3821,1.13,,,5.6049,2.6846,2.447,,,9447.6,8886.8151,3133.9714,214649.472,201908.4391
001296.SZ,20250530,17.42,1.8297,2.6657,1.0,21.4944,20.628,1.5104,2.491,2.4031,1.6398,1.1221,14959.1086,7685.1339,5274.9282,260587.6718,133875.0325
301052.SZ,20250530,35.5,10.9132,12.6551,1.1,86.034,73.1394,4.9652,6.0346,5.7314,0.205,0.1493,9895.9339,8019.592,6915.7645,351305.6535,284695.516
002294.SZ,20250530,45.44,1.0371,2.4923,1.04,84.2085,84.1996,6.0588,12.6257,12.7169,1.0772,1.1004,111481.6535,111456.5736,46382.0404,5065726.335,5064586.7044
000014.SZ,20250530,11.86,3.4703,5.2594,1.06,174.5489,,1.7786,8.0207,18.5074,1.8212,1.8212,24204.6224,24204.6224,15971.0154,287066.8217,287066.8217
002055.SZ,20250530,6.11,15.0863,17.4999,3.85,,,2.6723,0.7133,0.7537,0.0,,60449.0017,59486.7771,51282.2805,369343.4004,363464.2081
603586.SH,20250530,17.51,4.3799,10.8602,1.13,37.2451,22.9028,1.4722,1.9737,1.822,2.57,2.57,19605.278,19605.278,7906.7263,343288.4178,343288.4178
002054.SZ,20250530,6.64,6.6827,8.2732,3.0,52.4893,42.691,1.305,1.0475,1.0448,1.0391,1.0325,48211.5452,38437.5669,31048.2149,320124.6601,255225.4442
600136.SH,20250530,2.11,0.3761,0.6313,0.46,,,17.2624,10.0363,7.7766,0.0,,204082.5931,194308.9494,115766.8728,430614.2714,409991.8832
002987.SZ,20250530,14.36,12.1213,30.0775,4.41,39.984,40.2162,4.6022,2.6876,2.6636,0.6021,1.2435,86768.7711,84344.4625,33991.0833,1245999.553,1211186.4815
603602.SH,20250530,15.51,6.6389,9.5853,3.69,188.588,151.3324,3.4,2.1366,2.2216,0.3354,0.3354,22933.8293,22933.8293,15884.3162,355703.6924,355703.6924
001359.SZ,20250530,29.68,2.661,2.661,1.11,25.3151,24.2357,2.9079,5.2087,5.0207,0.9097,0.9097,18550.3165,4638.0,4638.0,550573.3937,137655.84
688148.SH,20250530,4.48,1.1397,1.5256,1.24,,,6.5506,1.0574,1.0639,,,51017.3053,51017.3053,38113.5152,228557.5277,228557.5277
001207.SZ,20250530,24.0,3.4021,6.9465,0.49,17.8451,16.1839,2.5521,2.1434,2.0652,2.4698,1.6465,20235.5964,19645.3921,9621.3704,485654.3136,471489.4104
002106.SZ,20250530,10.08,1.8166,2.5326,1.02,19.0005,21.4262,1.2964,1.2068,1.2058,2.4802,2.4802,70581.616,70413.4658,50506.1147,711462.6893,709767.7353
300895.SZ,20250530,40.84,3.4715,7.0758,0.94,,,7.0162,20.6924,20.6775,0.0,,14080.0657,13817.2254,6778.895,575029.8832,564295.4853
600998.SH,20250530,5.2,0.5478,1.2056,1.3,10.4574,8.92,0.991,0.1727,0.171,3.7269,3.7269,504247.0234,504247.0234,229116.1831,2622084.5217,2622084.5217
688115.SH,20250530,42.0,1.3481,2.0822,0.77,183.3385,,2.222,15.1101,14.6771,1.0173,1.0173,6667.0,4213.95,2728.305,280014.0,176985.9
600814.SH,20250530,7.87,0.921,2.7832,1.05,23.3805,27.42,1.5518,3.3009,3.3619,1.817,1.817,73510.5598,72949.2148,24140.5732,578528.1056,574110.3205
601212.SH,20250530,2.8,0.5494,1.5121,0.79,256.6273,171.0928,1.3803,0.2389,0.2508,0.1214,0.1214,740477.4511,740477.4511,269034.0933,2073336.8631,2073336.8631
603211.SH,20250530,17.71,13.107,13.107,1.14,96.1373,99.8865,3.9899,4.0944,4.0173,0.3388,0.3388,27180.8,6795.2,6795.2,481371.968,120342.992
300317.SZ,20250530,3.81,2.2192,2.9578,0.91,,,1.9733,6.4566,5.5239,0.0,,83018.8405,82891.3405,62193.5306,316301.7823,315816.0073
300118.SZ,20250530,9.44,1.6105,1.7436,0.91,,,0.9592,0.5317,0.5882,2.0967,,114001.3863,92682.608,85607.6486,1076173.0867,874923.8195
603518.SH,20250530,10.4,22.2791,33.5358,1.79,11.7727,12.9162,1.0017,0.8203,0.8281,2.5018,2.9808,34668.5984,34405.2934,22856.7594,360553.4234,357815.0514
600691.SH,20250530,2.11,0.781,1.57,1.01,,,1.3063,0.4602,0.4784,0.0,,237598.1952,237558.5952,118171.6306,501332.1919,501248.6359
001269.SZ,20250530,23.28,1.7239,2.84,0.67,,,4.681,4.7323,5.994,5.1543,5.1543,19240.726,8390.0717,5092.9867,447924.1013,195320.8692
000789.SZ,20250530,5.52,0.9885,1.951,1.65,334.265,76.056,0.6671,0.739,0.7662,1.6304,,79740.7415,79740.7415,40402.2011,440168.8931,440168.8931
600435.SH,20250530,11.18,1.0427,1.6944,0.93,285.6491,183.2299,6.0774,6.1374,5.5825,0.3563,0.3563,150840.5272,150840.5272,92826.5702,1686397.0941,1686397.0941
002184.SZ,20250530,11.78,4.3439,5.1515,1.58,,,3.6471,1.764,1.6169,0.8489,0.8489,35190.837,24037.1504,20268.7087,414548.0599,283157.6317
601988.SH,20250530,5.52,0.0952,0.9129,1.24,6.8324,6.8794,0.6769,2.579,2.5623,4.2826,4.3913,29438779.1241,21076551.4846,2197360.8313,162502060.765,116342564.195
920834.BJ,20250530,11.89,3.3245,6.3137,0.74,41.9674,38.6924,4.8162,5.2592,5.0614,2.9437,2.9437,12000.0005,6279.6439,3306.5414,142680.0059,74664.966
600236.SH,20250530,6.47,0.1019,0.7771,0.92,22.3343,21.2779,3.0147,5.3133,5.4179,3.1685,3.1685,788237.7802,788237.7802,103402.6809,5099898.4379,5099898.4379
688667.SH,20250530,55.33,2.7129,6.0081,1.24,179.777,86.7558,1.7439,2.3974,2.2915,0.5151,0.5151,5181.214,5181.214,2339.5192,286676.5706,286676.5706
920978.BJ,20250530,23.42,1.5296,1.6533,0.46,30.4565,28.057,5.8513,5.0805,4.6435,1.191,1.191,17926.1468,10027.9448,9277.5382,419830.3581,234854.4672
002745.SZ,20250530,7.78,1.4554,1.7261,0.97,30.8914,34.4537,0.8841,0.6828,0.6874,8.9717,4.6272,148416.6399,106467.6029,89768.9306,1154681.4584,828317.9506
603871.SH,20250530,14.05,0.5151,1.2708,1.05,10.7558,11.1522,2.3456,1.5684,1.5165,4.6625,4.6625,97714.9042,97714.9042,39609.4765,1372894.404,1372894.404
300363.SZ,20250530,15.76,2.6986,4.2122,1.14,,,1.6489,2.8541,2.7418,3.0748,,54546.452,50045.0517,32062.3518,859652.0835,788710.0148
600620.SH,20250530,5.18,0.8636,2.1947,1.04,110.8872,64.3573,2.4101,10.4045,8.6793,0.1931,0.1931,68667.7113,68667.7113,27020.6059,355698.7445,355698.7445
600056.SH,20250530,10.49,0.9707,2.0549,1.69,29.3048,28.2101,1.309,0.4595,0.4665,2.211,2.211,149587.9748,149535.1478,70639.8276,1569177.8557,1568623.7004
002431.SZ,20250530,2.97,6.8044,11.2576,0.45,,,3.5964,1.7569,1.8745,0.0,,181281.6265,181281.6265,109570.513,538406.4307,538406.4307
301246.SZ,20250530,14.11,3.8994,4.0658,0.52,109.6685,193.6088,1.2954,3.1875,3.1742,0.3526,0.3526,40000.68,16094.66,15435.995,564409.5948,227095.6526
603699.SH,20250530,31.47,0.4878,1.4108,0.67,20.9307,19.8007,5.2571,3.8775,3.7592,2.8301,2.8301,76857.3661,75468.9893,26093.9625,2418701.3112,2375009.0933
002293.SZ,20250530,9.13,0.6127,1.1672,0.59,17.5934,16.6858,1.9183,1.6703,1.668,6.5656,6.5636,83409.2481,82660.8069,43390.5257,761526.4352,754693.167
600098.SH,20250530,6.59,0.5043,1.9083,1.3,13.3425,13.305,0.8641,0.4787,0.4772,3.7942,3.7942,350630.6868,349874.9964,92452.3543,2310656.226,2305676.2263
688693.SH,20250530,30.18,3.8834,5.3779,1.15,,,2.5133,17.0884,14.5678,0.8946,0.8946,7368.4211,3798.3362,2742.8146,222378.9488,114633.7865
300654.SZ,20250530,9.97,2.3903,4.7388,0.99,85.0156,88.7679,4.3813,6.875,6.8276,0.4984,0.5517,36612.4852,35264.8284,17787.9011,365026.4774,351590.3391
300288.SZ,20250530,14.17,2.8169,3.2187,0.67,,,4.408,12.6326,12.8521,0.3881,0.3881,33794.1402,25656.9391,22453.9147,478862.9666,363558.827
002437.SZ,20250530,2.92,18.3815,19.7449,1.14,28.1737,27.2411,3.3936,2.6868,2.7337,0.0,,224578.9726,210137.2093,195626.4693,655770.6,613600.6512
002783.SZ,20250530,8.52,3.4977,4.1806,1.09,28.7164,27.0356,1.6588,1.1542,1.1271,1.1747,1.1747,49935.7647,44113.5319,36907.1371,425452.7152,375847.2918
002732.SZ,20250530,16.88,2.4902,5.9268,0.69,25.8408,27.8632,1.7905,1.5333,1.574,0.8886,0.8886,15735.0,15656.6171,6578.2571,265606.8,264283.6966
002752.SZ,20250530,5.36,0.7942,2.1955,0.75,12.3701,13.2719,1.4926,0.7344,0.74,1.8657,1.8657,97691.8468,97676.8468,35335.1595,523628.2988,523547.8988
600938.SH,20250530,25.79,0.8231,1.084,1.03,8.8867,9.0948,1.5639,2.9151,2.9474,4.9511,4.9511,4752995.3984,299000.0,227030.6815,122579751.3247,7711210.0
300496.SZ,20250530,55.21,1.9717,2.1505,0.97,62.3311,62.0549,2.5765,4.7166,4.4749,0.6762,0.3309,46001.2019,36787.6865,33728.9099,2539726.3569,2031048.1717
600085.SH,20250530,38.0,0.4757,1.0003,0.97,34.1458,34.0048,3.7836,2.8023,2.8011,2.6316,2.6316,137147.0262,137147.0262,65216.1722,5211586.9956,5211586.9956
002953.SZ,20250530,10.23,3.2657,4.458,1.58,29.0956,26.8748,2.5287,1.1363,1.0825,0.7519,0.9699,45688.8849,27163.7531,19898.8262,467397.2925,277885.1942
920839.BJ,20250530,31.45,1.1477,2.3234,0.71,34.4858,30.8588,6.7133,5.9654,5.7382,1.2621,1.5764,11921.5,6590.1375,3255.475,374931.175,207259.8244
002138.SZ,20250530,27.65,0.9687,1.1011,1.22,26.7938,24.9083,3.7576,3.7807,3.6556,1.063,2.1234,80631.8354,75339.1921,66283.9942,2229470.2488,2083128.6616
002840.SZ,20250530,10.93,7.1677,12.1542,6.68,120.4757,33.2628,2.1939,0.9678,0.9591,0.0,,80506.2893,49776.3761,29354.7045,879933.742,544055.7908
300370.SZ,20250530,2.73,1.5857,2.0831,1.06,,,7.9574,10.7479,10.7916,0.0,,156537.6225,132484.7224,100850.977,427347.7094,361683.2922
600088.SH,20250530,16.16,0.4275,0.9915,0.88,146.5783,263.3053,5.0303,5.65,5.7514,0.1361,0.1361,39770.64,39770.64,17146.9217,642693.5424,642693.5424
300380.SZ,20250530,44.4,5.4782,9.3228,1.23,407.3879,434.0468,16.0749,6.2061,6.1301,0.0,,13843.905,12737.3543,7484.6775,614669.382,565538.5309
002409.SZ,20250530,52.41,1.6527,1.9787,1.24,28.6185,28.1542,3.4175,3.6348,3.3881,1.2975,1.1067,47592.7678,31852.2747,26605.4437,2494336.9604,1669377.717
301538.SZ,20250530,54.01,10.4836,13.5105,1.51,24.0623,23.862,3.3016,4.8981,4.5588,0.9258,1.058,7840.0,3121.9671,2422.5185,423438.4,168617.4431
600558.SH,20250530,5.31,11.7795,17.6796,0.81,30.7544,28.7283,1.9774,1.3386,1.3622,1.0358,1.0358,89760.4831,89760.4831,59805.0432,476628.1653,476628.1653
002208.SZ,20250530,6.43,0.6677,1.6428,1.0,,432.235,0.7974,0.6712,0.557,1.3219,1.3219,80329.1894,80308.4383,32638.3224,516516.6878,516383.2583
002254.SZ,20250530,10.14,1.1004,1.5747,0.97,97.7279,115.2707,1.2388,2.2269,2.1763,2.9376,0.4881,86294.5783,81844.072,57189.262,875027.024,829898.8901
601068.SH,20250530,4.41,0.3168,2.7403,0.82,59.5339,71.9486,4.6147,0.5486,0.5527,0.0,,298583.6267,255959.0667,29590.6667,1316753.7937,1128779.4841
301057.SZ,20250530,15.92,4.5451,7.2775,0.63,60.4315,53.8143,2.438,2.2293,2.134,1.867,1.867,11739.0438,8269.9463,5164.9938,186885.5773,131657.5451
300120.SZ,20250530,7.91,2.7043,3.1579,0.83,211.7428,1633.0526,1.5168,1.3932,1.4742,0.0,,57439.3929,52744.7002,45169.2766,454345.5978,417210.5786
603880.SH,20250530,5.47,1.7315,3.2823,0.72,,,5.8255,2.6237,2.4924,0.0,,28904.2,28904.2,15248.1585,158105.974,158105.974
603595.SH,20250530,18.03,1.9553,4.2871,0.99,363.862,439.4419,2.6612,2.1158,2.0957,0.0,,23244.2326,23244.2326,10601.6191,419093.5138,419093.5138
300218.SZ,20250530,14.5,2.246,3.5286,0.83,16.2022,15.7839,2.1328,1.3094,1.3019,0.8835,,21698.7,21627.6394,13766.0594,314631.15,313600.7713
000560.SZ,20250530,3.09,3.2293,4.4498,1.23,99.1455,134.0318,0.7747,0.5806,0.5774,0.0,,235550.0851,225527.2394,163667.0503,727849.763,696879.1697
301555.SZ,20250530,25.5,2.4245,3.0699,0.75,293.22,108.6331,2.1925,1.6569,1.3724,0.8627,0.8627,9226.67,4834.725,3818.325,235280.085,123285.4875
688619.SH,20250530,9.95,0.8052,1.7101,1.08,,,2.1265,12.9063,13.2147,,,18543.8042,18543.8042,8731.4537,184510.8518,184510.8518
300182.SZ,20250530,5.16,2.4788,2.626,0.98,57.6739,54.5092,1.6487,4.7952,4.7379,0.0,,266382.5632,225955.8332,213291.7757,1374534.0261,1165932.0993
603956.SH,20250530,6.85,13.8556,24.449,4.29,,,1.9642,3.1483,3.4479,1.2612,1.2612,56990.6286,56990.6286,32297.4222,390385.8059,390385.8059
688287.SH,20250530,4.81,1.2061,2.4463,1.65,,,2.1674,19.8056,25.529,1.2474,1.2474,37051.56,37051.56,18267.2898,178218.0036,178218.0036
001222.SZ,20250530,17.81,8.8222,10.4253,0.42,20.6948,22.2044,2.514,2.5952,2.4298,1.1082,1.1082,19089.0,7854.5225,6646.73,339975.09,139889.0457
300338.SZ,20250530,4.28,2.1669,2.4043,1.72,,,203.3242,10.0906,10.3247,0.0,,40262.4692,34938.6242,31487.8582,172323.3682,149537.3116
002222.SZ,20250530,31.76,1.1401,1.4373,0.71,68.2624,67.7593,9.1787,17.0548,16.4609,0.6011,0.6011,47025.0,46815.1715,37135.1715,1493514.0,1486849.8468
002240.SZ,20250530,11.2,0.7994,1.0099,0.76,,,0.8904,2.2376,2.5284,2.1324,,91529.3872,86665.0055,68605.7302,1025129.1366,970648.0616
603055.SH,20250530,9.65,0.4509,1.5253,0.65,11.8383,11.6244,1.6829,1.2066,1.2057,1.6489,1.6489,89029.2633,88545.2633,26176.9331,859132.3908,854461.7908
600285.SH,20250530,23.75,0.8793,1.1205,1.15,18.6409,17.9829,4.0673,3.8474,3.7284,3.3495,3.3495,56711.5486,56586.5486,44404.7588,1346899.2793,1343930.5293
002062.SZ,20250530,4.65,0.8769,1.5007,0.91,20.3352,22.4795,1.141,0.9713,1.0447,1.8946,,123727.0889,98992.3275,57847.6088,575330.9634,460314.3229
920627.BJ,20250530,26.82,3.7546,6.5339,0.55,77.1017,78.9148,5.7173,3.5451,3.3827,1.1186,0.4474,9445.0,4681.75,2690.27,253314.9,125564.535
301395.SZ,20250530,12.93,1.9966,1.9966,0.72,49.2703,38.9715,1.677,1.1873,1.1402,5.5243,5.5243,20288.8,10939.425,10939.425,262334.184,141446.7653
002230.SZ,20250530,46.03,0.613,0.7184,0.94,189.9577,159.4405,5.9553,4.5584,4.3691,0.2155,0.2155,231169.2581,218914.3764,186797.7366,10640720.9503,10076628.7457
300984.SZ,20250530,56.3,2.8712,4.0145,0.75,265.5363,214.2346,6.92,6.0534,5.9067,0.1648,0.1892,12326.8602,8019.9556,5735.9111,694002.2293,451523.5003
002387.SZ,20250530,8.98,0.9379,1.5652,1.12,,,2.4986,1.5819,1.5783,0.0,,139667.866,139487.896,83579.8325,1254217.4367,1252601.3061
603918.SH,20250530,17.34,10.7416,14.3024,2.02,,,6.1974,9.0897,8.6044,0.2301,0.2301,36652.2926,36622.8626,27504.9021,635550.7537,635040.4375
001229.SZ,20250530,31.2,5.8655,5.8655,0.92,38.9951,43.6354,3.1243,15.8546,15.8912,1.9231,1.9231,10000.0,2940.5909,2940.5909,312000.0,91746.4361
002540.SZ,20250530,5.78,0.5106,0.7263,0.72,15.6288,16.651,1.3587,0.9733,0.9622,8.2753,6.1464,125161.0597,86933.4372,61108.484,723430.9251,502475.267
600186.SH,20250530,6.16,1.9227,2.3864,0.7,54.5508,43.4465,6.2405,4.1758,3.8584,0.0,,179400.2141,178671.0441,143953.4246,1105105.3189,1100613.6317
300737.SZ,20250530,5.09,1.1708,1.8136,0.92,128.1963,177.4218,1.1536,0.8273,0.8384,1.5717,1.5717,110996.8359,88691.6272,57255.9413,564973.8947,451440.3824
600708.SH,20250530,3.6,2.1946,4.6257,0.96,,,0.8329,1.4445,1.6465,0.1389,0.1389,222863.6743,222527.7771,105573.6866,802309.2275,801099.9976
003012.SZ,20250530,5.77,0.4299,1.0276,0.92,20.3244,21.5676,0.9142,1.0319,1.0347,5.1954,4.2115,115698.1158,114488.4978,47902.31,667578.1282,660598.6323
002941.SZ,20250530,11.69,1.5865,3.5677,1.78,23.6067,23.1906,2.1878,1.0996,1.0938,1.3676,1.3676,64558.1082,64558.1082,28709.0881,754684.2849,754684.2849
000063.SZ,20250530,31.09,0.8936,1.1729,0.9,17.6527,18.2771,2.145,1.2261,1.2024,2.1967,1.9846,478353.4887,402737.371,306843.331,14872009.9637,12521104.8644
600918.SH,20250530,6.09,0.3518,0.506,0.99,45.2783,43.4928,1.1197,3.8965,3.8945,0.6568,0.6568,696862.5756,397280.9819,276253.0026,4243893.0854,2419441.1798
600520.SH,20250530,27.39,1.5795,2.0286,0.76,198.4068,268.207,11.5306,13.8032,14.0871,0.0,,15843.0,15843.0,12335.6667,433939.77,433939.77
600483.SH,20250530,9.81,0.3792,1.0859,1.07,9.764,9.0348,1.0469,1.8727,1.8715,2.9334,2.9334,278013.78,278013.78,97074.9807,2727315.1818,2727315.1818
688480.SH,20250530,33.99,0.7318,1.095,0.51,17.9253,27.2137,2.9603,3.4946,3.262,1.471,1.471,9532.6179,6384.6179,4266.8607,324013.6824,217013.1624
920701.BJ,20250530,27.94,1.4287,3.7051,1.07,15.9655,53.0396,3.3655,3.4247,3.371,1.7895,1.7895,9800.0,7157.66,2760.0,273812.0,199985.0204
301533.SZ,20250530,33.96,15.9843,16.4262,1.97,41.9768,45.9634,3.0281,3.6099,3.6028,1.176,1.1637,9830.67,2843.67,2767.17,333849.5532,96571.0332
600528.SH,20250530,7.35,0.3583,0.8132,0.91,9.225,10.0786,0.6681,0.563,0.5785,1.3782,1.3782,222155.1588,222155.1588,97891.1424,1632840.4172,1632840.4172
600903.SH,20250530,6.84,0.4144,1.3134,0.93,125.822,243.9464,2.5809,1.1775,1.1328,0.5263,0.7456,115000.8428,115000.8428,36281.4369,786605.7648,786605.7648
301298.SZ,20250530,15.36,4.2894,4.8606,1.26,36.0493,33.271,2.4029,3.604,3.6323,1.9206,,14680.0,9630.9175,8499.0936,225484.8,147930.8928
605056.SH,20250530,14.42,1.0549,4.0688,0.92,26.5441,25.1085,3.4315,1.6412,1.5542,1.0428,1.0428,41036.724,40667.324,10544.023,591749.5601,586422.8121
001337.SZ,20250530,23.24,2.4241,4.452,0.48,39.3279,36.5182,6.718,15.2552,14.8279,1.506,1.506,42000.0,28845.6,15706.61,976080.0,670371.744
300284.SZ,20250530,9.3,3.3529,5.7715,2.62,52.3414,54.821,1.4025,2.4835,2.5263,1.5054,1.0215,126282.7774,119444.7684,69390.0001,1174429.8298,1110836.3461
603677.SH,20250530,21.73,3.4968,13.3323,0.78,62.0532,67.4626,3.7201,2.0882,2.036,0.9182,1.1505,19260.0865,19260.0865,5051.4865,418521.6796,418521.6796
002567.SZ,20250530,4.86,3.5867,4.3797,3.32,19.5957,14.6354,1.2025,0.2861,0.2738,0.0,,143305.1393,143151.4373,117231.6725,696462.977,695715.9853
601618.SH,20250530,2.93,0.2571,0.7134,1.27,9.001,10.7005,0.5838,0.11,0.1158,2.4573,2.4573,2072361.917,1785261.917,643390.387,6072020.4168,5230817.4168
002203.SZ,20250530,10.03,0.2436,0.4527,0.88,28.4987,27.3395,1.4767,0.2294,0.2329,1.6949,1.6949,199832.0323,192819.062,103777.7816,2004315.284,1933975.1919
300398.SZ,20250530,20.76,14.3396,18.1445,1.56,47.7425,38.4101,2.5821,4.0342,3.9902,0.4926,0.4926,56694.645,56385.0241,44561.2737,1176980.8302,1170553.1003
301020.SZ,20250530,20.87,2.1165,6.6181,1.85,37.3062,35.3397,3.2534,5.7997,5.4943,1.677,1.4854,14640.0,14640.0,4682.0,305536.8,305536.8
002331.SZ,20250530,7.89,6.7128,8.6889,1.01,90.9256,112.4173,1.9693,2.7706,2.8066,0.0,,42543.1749,39584.5295,30581.9965,335665.65,312321.9378
688318.SH,20250530,133.6,0.8966,2.8938,1.41,80.4139,81.4044,6.6803,62.8331,65.5536,0.5101,0.5101,18294.248,18294.248,5667.9542,2444111.5328,2444111.5328
603869.SH,20250530,6.25,0.3156,0.836,1.01,152.0265,169.9741,0.8479,4.7398,5.1491,0.0,,50450.0508,50450.0508,19045.9689,315312.8175,315312.8175
601033.SH,20250530,16.85,5.2671,5.2671,2.8,18.481,18.6382,1.4939,4.0284,4.0536,3.0861,3.5608,90000.0,24000.0,24000.0,1516500.0,404400.0
301038.SZ,20250530,14.65,2.9381,9.8761,0.97,61.8576,89.6588,3.852,3.8236,3.88,0.0,0.4831,22308.0,22308.0,6636.63,326812.2,326812.2
301239.SZ,20250530,40.11,1.9024,1.9024,0.9,,,2.8113,2.2407,2.1865,0.9922,0.9922,14961.9048,7078.9463,7078.9463,600122.0015,283936.5361
300606.SZ,20250530,17.87,2.0209,2.7893,0.78,,,3.6818,5.0836,4.8284,0.8288,0.8288,14011.7,11932.6435,8645.4557,250389.079,213236.3393
301031.SZ,20250530,77.22,1.4868,1.7881,1.35,40.4669,34.2629,6.3571,5.3239,4.906,0.6133,0.6548,9796.5023,7042.3558,5855.8103,756485.9076,543810.7149
300907.SZ,20250530,24.72,3.0722,7.9796,1.26,27.8938,27.6318,3.0746,2.0439,2.0269,4.0453,4.0453,9600.0,9600.0,3696.0,237312.0,237312.0
000868.SZ,20250530,5.67,5.4266,8.3024,1.08,634.7744,673.5101,6.167,1.9476,1.8889,0.0,,93951.4735,73332.8418,47931.9522,532704.8547,415797.213
300702.SZ,20250530,22.67,2.5336,3.9821,1.73,141.0321,77.6432,2.1998,2.9986,2.921,0.2206,0.2206,34797.7159,21116.4483,13435.601,788864.2195,478709.883
001319.SZ,20250530,25.43,5.6052,10.7363,1.39,32.0327,30.8664,2.7248,3.7238,3.6078,1.4943,1.4943,14140.0,11913.8575,6220.01,359580.2,302969.3962
000715.SZ,20250530,5.48,2.6577,4.5002,1.18,29.4983,28.1018,1.5504,3.8799,3.8811,0.7019,1.4037,54043.4622,53899.3399,31831.036,296158.1729,295368.3827
603535.SH,20250530,9.99,2.9992,8.4673,0.83,24.9392,25.3004,2.0286,3.7924,3.8126,0.457,0.6087,51091.2924,47768.9298,16920.0777,510402.0111,477211.6087
300001.SZ,20250530,22.16,0.6835,1.0163,0.69,25.5239,25.4356,3.0897,1.5216,1.5693,0.4446,0.4446,105569.1713,102794.632,69137.6039,2339412.836,2277929.0451
000887.SZ,20250530,17.19,2.7749,4.6659,1.02,18.0796,17.4984,1.6878,1.2003,1.1901,1.1635,1.1635,131648.9747,131437.0608,78166.9287,2263045.8751,2259403.0752
605577.SH,20250530,12.68,0.6794,3.3049,0.94,27.9891,32.6321,1.472,3.3878,3.7102,0.6309,0.6309,44444.4445,44444.4445,9136.4445,563555.5563,563555.5563
603106.SH,20250530,8.74,5.94,14.1372,1.73,113.3833,68.2467,3.4698,10.3994,10.3714,0.0,,52052.0,52052.0,21870.4721,454934.48,454934.48
688568.SH,20250530,32.98,3.4944,8.1236,3.12,75.9149,72.0556,7.1762,8.1964,7.9862,0.2622,0.2645,80955.5636,80955.5636,34823.6405,2669914.4875,2669914.4875
601101.SH,20250530,7.31,0.5946,1.6205,0.82,10.155,12.222,0.8526,1.152,1.1366,4.788,4.788,143999.7926,143999.7926,52838.4382,1052638.4839,1052638.4839
000795.SZ,20250530,9.9,1.1437,2.2586,0.83,45.3202,45.1282,4.2857,2.7997,2.8118,0.2685,1.2124,113368.4103,113368.4103,57409.4192,1122347.262,1122347.262
603567.SH,20250530,11.49,0.5187,1.8082,1.31,24.6766,49.1207,1.3728,3.9992,5.2607,1.7417,1.7417,94114.0609,93954.0524,26953.4145,1081370.5597,1079532.0621
301188.SZ,20250530,20.88,5.7927,10.7121,1.32,73.831,59.6421,3.34,4.513,4.4757,0.4699,0.4669,23361.2755,23361.2755,12632.78,487783.4324,487783.4324
603939.SH,20250530,26.06,0.505,1.0985,1.35,20.6699,20.1077,2.8818,1.3131,1.311,2.5586,2.5586,121241.6794,121219.444,55730.9088,3159558.1652,3158978.7106
300441.SZ,20250530,7.82,1.4105,2.7509,1.17,6.0549,6.1659,2.1394,2.1711,2.403,2.82,5.7545,64441.5868,62695.9236,32147.5565,503933.2088,490282.1226
301349.SZ,20250530,32.48,3.6292,4.2137,1.05,,,1.2294,4.0896,3.6065,0.9148,0.9148,10200.0,4213.9253,3629.4079,331296.0,136868.2937
603331.SH,20250530,9.85,4.4847,7.0813,0.86,60.3178,80.1111,1.5266,1.2976,1.285,2.0308,,20217.5636,20217.5636,12804.0826,199143.0015,199143.0015
301248.SZ,20250530,23.7,13.3179,13.7641,1.68,,,2.4346,5.6534,5.5762,0.4179,,15370.5,10214.5875,9883.4425,364280.85,242085.7238
002565.SZ,20250530,4.31,5.591,6.9972,0.86,100.7685,116.8529,2.3968,3.009,3.0911,0.6032,0.6032,105998.8922,105995.5172,84694.2022,456855.2254,456840.6791
603345.SH,20250530,83.8,1.0585,1.4113,0.83,16.5528,17.0569,1.8397,1.6248,1.6416,3.7505,4.8796,29329.4232,29329.4232,21997.3013,2457805.6642,2457805.6642
600375.SH,20250530,7.22,4.9359,7.6877,0.61,73.6117,49.3143,3.4972,2.7411,2.5023,0.0,,160307.1367,108768.576,69835.7954,1157417.527,785309.1187
601699.SH,20250530,10.74,0.4739,1.2622,1.01,13.1159,17.6614,0.6803,0.8962,0.9405,14.7952,14.7952,299140.92,299140.92,112306.2688,3212773.4808,3212773.4808
300667.SZ,20250530,15.28,6.271,7.1615,0.95,,,2.784,4.0713,4.3139,0.6485,,20463.6039,17264.8362,15118.0792,312683.8676,263806.6971
688787.SH,20250530,91.81,2.6665,4.4126,0.62,488.5684,448.7537,7.435,23.3608,20.8019,,,6032.518,6032.518,3645.3904,553845.4776,553845.4776
300755.SZ,20250530,20.66,0.7446,2.4841,0.68,193.7424,118545.7274,2.6875,0.9098,1.0523,6.2355,6.1266,41679.84,41642.7135,12482.7135,861105.4944,860338.4609
600163.SH,20250530,5.33,0.5519,1.6215,0.9,15.5771,14.7073,1.4439,5.8252,5.6673,1.3133,1.3133,190299.6143,190299.6143,64770.5089,1014296.9442,1014296.9442
002364.SZ,20250530,15.16,9.0875,15.3589,0.98,77.9318,71.8483,3.4863,4.3547,4.2705,0.3298,0.3298,56356.496,55810.376,33021.5056,854364.4794,846085.3002
300747.SZ,20250530,19.74,1.8255,3.1433,0.98,83.0367,127.2398,3.4063,3.4872,3.5835,0.6079,0.77,56482.1828,50503.8383,29330.755,1114958.2885,996945.768
601065.SH,20250530,8.31,0.645,0.8597,0.73,11.5874,13.5034,1.1998,1.9912,2.0846,4.2118,4.2118,64277.6079,41625.6079,31232.2346,534146.9216,345908.8016
002501.SZ,20250530,2.26,2.7147,3.5044,0.77,,,24.5358,24.0527,28.2777,0.0,,355000.0,354999.9006,274999.9006,802300.0,802299.7754
300540.SZ,20250530,20.74,0.9469,1.4623,0.74,47.396,50.6247,3.1267,3.9813,3.9298,0.0,,16537.5993,14513.093,9398.291,342989.8095,301001.5488
603856.SH,20250530,11.29,0.5686,1.6308,1.03,18.8161,19.9051,1.2088,1.2791,1.3456,1.5219,1.5219,28205.606,25641.46,8941.2697,318441.2917,289492.0834
301090.SZ,20250530,7.25,0.2428,1.3241,0.97,,,1.6698,0.5968,0.6169,0.5379,0.5379,148635.8853,147940.9053,27121.9719,1077610.1684,1072571.5634
002152.SZ,20250530,12.14,1.9793,3.9616,1.86,32.776,33.0096,2.4607,2.7745,2.7383,1.6474,1.6474,248338.2898,248213.3713,124008.9459,3014826.8382,3013310.3276
002369.SZ,20250530,8.51,5.4972,6.3025,0.9,,,11.1184,2.8258,2.8176,0.0,,56695.628,56597.3349,49365.6177,482479.7943,481643.32
688109.SH,20250530,27.01,0.782,1.8946,0.84,67.6485,50.4334,2.8098,4.7596,4.695,1.0831,1.3836,7884.23,7884.23,3254.1759,212953.0523,212953.0523
600679.SH,20250530,13.86,4.9285,12.2175,0.77,,,3.4854,3.2581,3.1606,0.1732,0.1732,51529.4257,34369.4257,13864.5025,714197.8402,476360.2402
603260.SH,20250530,48.97,0.1076,0.5024,1.17,33.2625,39.3212,1.7483,2.1689,2.1843,1.379,1.379,118220.6941,118220.6941,25310.1712,5789267.3901,5789267.3901
300970.SZ,20250530,14.01,5.1504,6.6261,1.07,,,1.1254,1.6316,1.6103,1.3722,1.3722,12020.24,9272.9429,7207.6646,168403.5624,129913.93
601339.SH,20250530,4.77,1.04,4.0456,1.63,17.4387,14.2116,0.7677,0.9007,0.9126,6.2466,5.4507,149956.9,149956.9,38548.2228,715294.413,715294.413
002019.SZ,20250530,13.18,2.8049,3.4075,1.44,41.5372,40.7908,1.8695,3.1071,3.1067,0.7587,1.5175,121639.0085,84147.408,69267.2503,1603202.132,1109062.8374
301633.SZ,20250530,79.96,32.1539,32.1539,7.99,47.1753,49.6263,4.8359,7.3991,7.4428,,,5568.0,1392.0,1392.0,445217.28,111304.32
600439.SH,20250530,3.69,5.6179,8.4742,0.53,,,1.5819,3.3712,3.2892,0.271,0.271,113198.544,113198.544,75044.7223,417702.6274,417702.6274
002304.SZ,20250530,65.7,0.2702,0.7009,0.69,14.8311,23.2591,1.9137,3.4275,4.1783,7.0928,10.6393,150644.5074,150640.8924,58084.9922,9897344.1362,9897106.6307
300771.SZ,20250530,13.17,29.6641,35.2495,1.01,80.0629,84.3611,1.6521,7.0087,6.6941,0.7435,1.1152,24000.0,18119.9138,15248.7878,316080.0,238639.2647
688639.SH,20250530,31.05,1.2244,1.7699,0.95,40.9138,50.3368,2.9634,3.5602,3.2797,1.8259,1.8259,24972.3997,24972.3997,17275.6356,775393.0107,775393.0107
920478.BJ,20250530,22.26,24.5173,30.4527,2.23,35.2781,31.0431,3.6355,6.4779,6.2399,0.9168,1.2835,7870.87,4720.6071,3800.5397,175205.5662,105080.714
002559.SZ,20250530,9.2,4.3349,4.7832,1.25,67.437,73.0176,2.9728,2.4584,2.572,1.087,0.806,54976.5024,50051.1346,45360.2207,505783.8221,460470.4383
600421.SH,20250530,7.15,2.8603,6.158,0.75,,,194.2756,11.936,12.1359,0.0,,19560.0,19560.0,9085.2748,139854.0,139854.0
002897.SZ,20250530,37.16,1.5844,2.6979,0.93,58.0732,70.6154,2.9132,1.1828,1.2154,0.2691,0.2691,19404.9696,17980.3433,10559.5139,721088.6703,668149.557
300150.SZ,20250530,4.74,3.6918,5.0153,0.63,81.1581,57.2541,1.8055,3.2734,3.135,0.0,,58510.6053,51473.3937,37889.9371,277340.2691,243983.8861
603101.SH,20250530,8.37,6.1012,15.4302,2.07,67.4623,50.8355,2.7757,1.6342,1.6198,3.0586,3.0586,47040.0,47040.0,18600.02,393724.8,393724.8
002095.SZ,20250530,19.51,6.2688,12.5991,1.27,,,5.464,8.8179,7.7099,0.2563,0.2563,25272.0,25170.8415,12524.0534,493056.72,491083.1177
301237.SZ,20250530,25.16,1.1828,1.3781,0.75,,,1.522,4.0009,3.7958,0.3968,0.3884,8000.0,3925.0,3368.75,201280.0,98753.0
600879.SH,20250530,8.96,1.3246,1.7792,1.07,53.9427,67.9995,1.4271,2.0701,2.4296,0.5357,0.5357,329929.9334,329929.9334,245643.9251,2956172.2033,2956172.2033
300461.SZ,20250530,19.45,4.5272,8.1601,0.71,,,5.8815,13.3997,13.6785,0.0,,15574.1692,11400.8765,6325.1966,302917.5909,221747.0479
603836.SH,20250530,13.26,2.361,5.6523,0.98,32.9963,65.0499,1.5192,0.2659,0.2624,1.484,1.484,20523.5237,20523.5237,8572.8973,272141.9243,272141.9243
300316.SZ,20250530,26.96,0.338,0.7025,0.7,14.0673,17.5389,2.1175,2.0086,2.1787,2.5921,1.4812,130953.3797,123155.5433,59247.9989,3530503.1167,3320273.4474
600808.SH,20250530,3.42,1.0429,2.7859,0.49,,,1.1423,0.3228,0.3266,0.0,,772210.4586,596775.1186,223407.4037,2640959.7684,2040970.9056
002533.SZ,20250530,10.2,4.6527,6.3653,0.74,13.1642,13.1075,1.8974,0.4237,0.4103,5.8307,4.373,73394.1062,63764.5433,46608.6245,748619.8832,650398.3417
000761.SZ,20250530,4.15,0.379,2.5043,0.75,,,1.6739,0.3326,0.3494,0.0,,410823.1952,370823.1952,56123.2326,1704916.2601,1538916.2601
300712.SZ,20250530,22.28,0.6785,1.251,1.05,115.1211,112.4147,3.2599,2.048,2.0559,0.4437,0.4437,18754.6035,18658.046,10118.5725,417852.566,415701.2649
688692.SH,20250530,210.4,1.3835,1.3835,0.57,65.8405,58.9191,7.1426,22.8121,20.9609,0.3509,0.5104,11324.0,2264.8,2264.8,2382569.6,476513.92
000935.SZ,20250530,16.88,1.0458,3.1899,0.95,41.6537,30.8884,1.6975,11.9927,10.8614,2.0075,2.0075,76344.0333,76344.0333,25028.3449,1288687.2821,1288687.2821
002150.SZ,20250530,10.63,1.6252,3.5163,1.5,17.78,17.5365,2.0475,1.1456,1.1051,0.6563,0.9407,36323.4553,35854.6553,16572.3281,386118.3298,381134.9858
301191.SZ,20250530,75.05,3.9652,6.824,1.12,44.2916,55.3503,3.0087,3.1,3.3323,1.3324,1.3324,6934.2,4529.8244,2632.1234,520411.71,339963.3212
688439.SH,20250530,52.64,0.9295,1.3209,0.7,32.6411,52.0265,2.1289,9.903,11.6471,1.3355,1.3355,20000.0,11391.7642,8016.2908,1052800.0,599662.4675
000915.SZ,20250530,30.94,3.1749,4.0708,2.07,14.0618,13.6976,2.3433,3.3967,3.3273,8.0802,1.616,23433.1485,23419.8835,18265.4495,725021.6146,724611.1955
600243.SH,20250530,3.16,3.1609,3.802,0.58,,,2.1697,5.8611,6.0092,0.0,,43885.0,43885.0,36485.0,138676.6,138676.6
300759.SZ,20250530,23.84,2.4392,3.8258,1.29,23.6385,22.6894,3.0189,3.4533,3.337,0.8403,0.8403,177819.5525,141938.4613,90495.8332,4239218.1316,3383812.9174
601059.SH,20250530,14.38,1.7009,1.7009,0.85,34.1671,33.6738,2.4415,14.1679,13.6228,0.5772,0.5772,324300.0,69160.0,69160.0,4663434.0,994520.8
600054.SH,20250530,11.45,1.0576,2.5052,1.19,26.5116,25.5861,1.7804,4.3246,4.1805,1.8253,1.8253,72937.944,51330.0,21670.425,835139.4588,587728.5
603579.SH,20250530,23.37,2.874,6.6182,0.62,21.5986,23.9441,2.0405,2.5962,2.6054,4.5154,4.5154,17739.6571,17739.6571,7703.6051,414575.7864,414575.7864
002528.SZ,20250530,2.56,1.4192,3.0299,0.58,,,16.9144,3.2476,3.9307,0.0,,119867.5082,104974.0608,49171.2582,306860.821,268733.5956
002271.SZ,20250530,11.17,0.955,1.0261,1.58,246.6579,,1.3207,0.951,0.9933,10.9995,13.7595,238869.9866,191472.9882,178202.916,2668177.7503,2138753.2782
301152.SZ,20250530,23.19,3.5298,3.9651,0.64,,,1.9739,1.5702,1.5876,0.0,,11874.0007,7007.1257,6237.895,275358.0762,162495.245
688520.SH,20250530,39.61,0.7865,3.2472,1.1,157.5666,173.7538,,7.0202,7.2893,,,44533.5714,44533.5714,10786.1564,1763974.7632,1763974.7632
002823.SZ,20250530,13.25,3.3619,3.8891,1.27,25.5768,22.7541,2.2474,1.4267,1.438,2.4891,3.1028,32836.8949,21869.7497,18905.1999,435088.8574,289774.1835
301070.SZ,20250530,84.1,14.8093,18.8113,0.79,,,7.0976,16.3926,16.8796,0.4756,0.4756,6455.52,4250.16,3345.952,542909.232,357438.456
000545.SZ,20250530,2.69,11.7841,15.8917,1.05,,,2.3511,1.2446,1.2566,0.0,,98683.3096,98540.3096,73070.3096,265458.1028,265073.4328
920062.BJ,20250530,10.23,6.9256,7.9569,0.88,44.5329,37.3516,2.643,1.4164,1.3046,0.9775,0.2933,18658.6277,13215.1255,11502.356,190877.7614,135190.7339
600643.SH,20250530,4.95,2.3871,4.7758,3.29,,,0.6645,6.1771,6.0569,0.4047,0.4047,159317.0778,159035.1716,79489.5418,788619.5351,787224.0994
600875.SH,20250530,15.96,0.877,1.7103,0.8,18.5176,17.0685,1.2273,0.7889,0.7721,2.71,2.71,339036.0326,202357.906,103760.6597,5411015.0803,3229632.1798
002299.SZ,20250530,15.06,0.7384,1.6035,1.63,25.8545,20.0543,1.8106,1.0075,1.013,1.9801,2.6401,124340.0295,124333.1721,57255.776,1872560.8443,1872457.5718
603613.SH,20250530,22.77,1.2213,1.867,1.62,11.2771,11.6219,2.0273,0.3062,0.3394,0.9331,0.9331,72053.7813,72053.7813,47131.2696,1640664.6002,1640664.6002
600688.SH,20250530,2.82,0.3361,1.3198,1.03,94.2573,209.2037,1.1969,0.3424,0.3494,0.0,,1057888.15,732881.35,186665.85,2983244.583,2066725.407
688153.SH,20250530,29.56,1.5198,1.879,1.23,,,3.2265,6.0484,5.9155,0.1809,0.1809,43031.3008,16067.7031,12995.8018,1272005.2516,474961.3036
002806.SZ,20250530,11.54,5.1189,5.5689,1.12,26.4913,28.3962,2.3308,2.1974,2.0494,0.0,,19623.4877,15786.1523,14510.6743,226455.0481,182172.1975
000020.SZ,20250530,12.21,1.1666,3.4156,0.59,94.1089,92.7498,8.4413,4.2335,4.2704,0.0,,28316.1227,18116.5391,6187.5497,345739.8582,221202.9424
300927.SZ,20250530,31.78,5.5467,18.0207,0.46,15.4089,16.0351,4.7568,6.6646,5.2885,0.4563,0.4563,14436.0,14088.8705,4336.4705,458776.08,447744.3045
600257.SH,20250530,5.02,4.605,6.1018,1.73,,,3.0423,2.3129,2.447,0.0,,48123.7188,48123.7188,36318.5377,241581.0684,241581.0684
002061.SZ,20250530,4.1,1.92,3.8135,1.32,8.358,8.1403,0.7028,0.2292,0.2271,2.9673,2.9673,267055.143,259913.79,130860.4774,1094926.0863,1065646.539
603816.SH,20250530,25.0,0.5868,1.1187,1.07,14.5053,13.5589,1.9771,1.1119,1.079,5.4935,5.4935,82189.1519,81216.6231,42597.9287,2054728.7975,2030415.5775
002746.SZ,20250530,5.95,2.1337,3.2897,1.84,24.8377,20.7172,1.1069,0.9678,0.9623,2.521,1.6807,86053.8727,70967.6227,46028.8634,512020.5426,422257.3551
301003.SZ,20250530,29.62,9.9257,18.4764,0.89,20.7994,20.9215,2.6909,4.5504,4.4981,2.9796,5.9592,9905.3333,7653.0113,4111.2875,293395.9723,226682.1947
600066.SH,20250530,24.72,0.5221,0.8949,0.79,13.2959,12.9869,4.578,1.4705,1.4784,8.0906,6.068,221393.9223,221393.9223,129175.5584,5472857.7593,5472857.7593
301068.SZ,20250530,29.63,0.4787,0.6493,0.81,48.7054,52.7635,4.9314,4.4224,4.1922,0.496,0.7737,14131.5742,10077.7827,7430.076,418718.5435,298604.7014
300870.SZ,20250530,100.94,2.5674,6.1538,0.98,40.1376,37.558,4.6503,2.8325,2.6959,0.5988,0.8625,10656.2465,10656.2465,4445.9188,1075641.5217,1075641.5217
920082.BJ,20250530,19.27,9.8178,9.862,0.92,42.2469,38.8662,5.4977,3.7051,3.95,,1.2974,14535.5,3243.2415,3228.6953,280099.085,62497.2637
600782.SH,20250530,3.86,1.4254,2.6604,1.7,370.4077,60.2984,0.4645,0.2905,0.3093,3.886,3.886,314565.2149,314565.2149,168536.4652,1214221.7295,1214221.7295
301018.SZ,20250530,33.67,2.3003,4.963,1.15,77.517,75.1114,3.5149,2.97,2.8434,0.4752,0.4752,26605.2564,19897.5414,9222.4414,895798.983,669950.2189
300259.SZ,20250530,3.45,1.0347,1.8618,1.11,21.0625,19.7713,1.3666,4.534,4.6459,2.5348,0.5633,116980.1516,116953.3231,64998.6077,403581.523,403488.9647
603676.SH,20250530,11.13,1.9454,8.1952,1.46,19.6749,20.5404,3.295,3.725,3.7892,4.0162,4.0162,43516.15,43516.15,10330.078,484334.7495,484334.7495
605303.SH,20250530,10.41,5.8466,13.8803,1.27,,,1.6586,2.3245,2.2303,0.0,,16123.7408,16123.7408,6791.5808,167848.1417,167848.1417
301413.SZ,20250530,73.9,5.304,7.306,1.62,87.9976,80.5883,6.0743,7.7347,7.1459,0.3123,0.406,9840.1985,5266.5263,3823.344,727190.6692,389196.2936
688539.SH,20250530,25.22,1.9747,2.4929,1.66,84.2579,115.3197,2.7158,13.5607,13.9559,1.1329,1.1329,18592.0,10472.0,8295.0,468890.24,264103.84
688479.SH,20250530,18.25,0.6627,0.8424,0.54,32.6338,48.5087,1.4252,4.428,4.8294,2.7397,2.7064,14431.74,6231.74,4902.54,263379.255,113729.255
000552.SZ,20250530,2.4,0.5705,1.0049,0.84,10.5774,17.6218,0.7625,1.3374,1.4769,4.1667,4.1667,535180.2602,372577.8049,211508.002,1284432.6245,894186.7318
688719.SH,20250530,32.18,4.2694,4.572,0.56,50.778,79.4594,2.1947,3.819,3.9064,1.2194,1.2194,11538.5418,8716.7578,8139.8307,371310.2751,280505.266
002709.SZ,20250530,16.85,0.6999,0.8408,0.71,66.6558,62.1329,2.5277,2.5768,2.3816,1.7872,0.5908,191434.4111,138490.4515,115278.2988,3225669.827,2333564.1078
920857.BJ,20250530,18.19,0.9344,3.118,0.58,82.4252,108.4862,3.4469,2.8786,2.9532,1.6493,,7400.7152,7400.7152,2217.8286,134619.0095,134619.0095
000068.SZ,20250530,3.39,1.0293,1.8396,0.85,260.2512,176.4115,4.9396,3.3796,3.4744,0.0,,100667.1464,100667.1464,56326.7969,341261.6263,341261.6263
301135.SZ,20250530,25.8,6.2131,6.2131,1.19,68.837,62.7647,2.0772,2.0845,1.9453,1.1281,1.1281,10199.55,5558.9,5558.9,263148.39,143419.62
603026.SH,20250530,33.48,0.5259,0.8313,0.99,413.271,,1.75,1.2234,1.1474,0.1195,0.1195,20268.0,20268.0,12822.4285,678572.64,678572.64
002079.SZ,20250530,9.49,1.1778,1.5325,1.0,104.3306,74.5853,2.5075,1.3637,1.424,0.3994,0.3994,81013.9316,80937.8478,62203.4223,768822.2109,768100.1756
688335.SH,20250530,12.87,0.9623,1.9045,0.68,,,1.6708,10.1939,8.9211,2.6706,1.5367,14803.4592,14803.4592,7480.3745,190520.5199,190520.5199
002558.SZ,20250530,14.44,1.0817,1.7812,0.84,19.6068,19.6695,2.1918,9.5584,9.4696,1.4915,1.8955,193475.0611,193475.0611,117497.082,2793779.8823,2793779.8823
603205.SH,20250530,38.2,6.4521,6.4521,0.77,38.1304,36.9475,3.1606,4.3834,4.2651,,,12000.0,3000.0,3000.0,458400.0,114600.0
600458.SH,20250530,11.44,0.8516,1.6552,1.21,21.2014,19.7972,1.4986,0.4703,0.4714,1.6173,1.6173,82444.8152,80909.5872,41627.4455,943168.6859,925605.6776
002584.SZ,20250530,10.55,24.5389,29.4777,0.83,99.9465,97.4354,2.6731,0.7899,0.8118,0.5024,0.5024,58521.6422,43249.4046,36003.2866,617403.3252,456281.2185
002318.SZ,20250530,24.64,0.5482,0.868,0.75,16.1553,15.5201,3.3354,2.2052,2.1098,1.919,3.8217,97717.072,95476.1922,60296.5899,2407748.6541,2352533.3758
000823.SZ,20250530,10.26,1.7254,2.4822,0.69,25.5344,22.9279,1.2461,0.9571,0.9249,0.9747,1.9493,53699.1106,53694.5618,37321.8318,550952.8748,550906.2041
920429.BJ,20250530,26.7,2.9355,5.9047,0.65,37.2187,36.7819,3.8802,3.1963,3.0777,0.7491,0.7491,12450.0,11328.8891,5632.0979,332415.0,302481.339
000551.SZ,20250530,12.36,1.3258,2.0616,1.24,19.9208,18.6577,1.8557,1.191,1.1898,0.5664,0.5664,40394.4205,40263.2044,25893.099,499275.0374,497653.2064
600792.SH,20250530,3.28,0.6479,1.8972,0.89,,,1.2411,0.5454,0.5977,2.1037,2.1037,110992.36,105986.8113,36194.3684,364054.9408,347636.7411
300176.SZ,20250530,6.58,2.1348,3.084,1.32,91.5876,95.9704,2.7043,1.4749,1.4539,0.0,,38728.08,38728.08,26808.2764,254830.7664,254830.7664
000016.SZ,20250530,4.92,1.8356,2.7318,0.79,,,5.0033,1.0659,1.0581,0.0,,240794.5408,159659.38,107284.6868,1184709.1407,785524.1496
300339.SZ,20250530,50.33,2.6349,2.7838,0.92,248.7914,240.4797,11.4822,11.7919,11.5796,0.0,,79641.0841,77768.6667,73609.4256,4008335.7628,3914096.995
603040.SH,20250530,40.24,3.8565,8.3156,0.88,25.961,23.8992,3.8425,8.0753,7.6576,1.4703,1.7184,13651.7896,13506.3396,6263.7896,549348.0135,543495.1055
300617.SZ,20250530,27.09,0.7046,1.1154,0.93,24.7261,27.3821,1.572,4.1785,4.5617,0.6512,0.8683,16736.0156,14059.1636,8880.7281,453378.6626,380862.7419
600863.SH,20250530,4.04,0.6788,1.4455,1.19,11.3403,12.091,1.5293,1.1828,1.211,4.5792,4.5792,652688.7811,652688.7811,306506.6185,2636862.6756,2636862.6756
301159.SZ,20250530,30.92,7.6332,10.3864,1.77,,,3.8029,7.1784,7.1589,0.3234,0.3234,7735.0,4247.3874,3121.4763,239166.2,131329.2184
688659.SH,20250530,7.83,1.335,2.4282,0.84,,,2.2769,1.9896,1.9765,,,16000.0,16000.0,8796.688,125280.0,125280.0
301021.SZ,20250530,27.62,1.8437,4.2414,0.78,192.4919,143.3582,4.2581,9.4082,9.2724,0.0,,15215.1932,15212.4782,6612.6959,420243.6362,420168.6479
300102.SZ,20250530,10.97,1.5594,2.4116,0.82,105.0749,77.9387,2.4514,4.1497,3.8063,0.0,0.4097,92033.3863,91226.5362,58991.638,1009606.2477,1000755.1021
300088.SZ,20250530,5.72,0.8819,1.0788,1.06,40.0428,36.9155,1.6483,1.292,1.2702,1.2028,1.2028,249773.3579,248550.3647,203197.6936,1428703.6072,1421708.0861
002261.SZ,20250530,29.29,5.0808,5.7217,0.86,,,14.5089,8.9576,9.391,0.0,,125607.2174,114004.4792,101235.2271,3679035.3976,3339191.1958
000719.SZ,20250530,12.87,1.2998,2.8576,1.22,12.7862,11.8957,1.1351,1.336,1.3333,3.2634,3.2634,102320.3749,66714.7543,30345.1786,1316863.225,858618.8878
300568.SZ,20250530,9.9,1.5739,1.6312,0.72,36.5414,43.8157,1.3435,3.7544,3.5779,2.2218,2.2218,134290.2078,121387.532,117125.2947,1329473.0572,1201736.5668
603068.SH,20250530,31.35,3.2217,5.3104,0.49,,,2.7907,5.6966,5.7147,0.1595,0.1595,15042.4966,15042.4966,9126.0053,471582.2684,471582.2684
000882.SZ,20250530,2.11,3.0924,4.8967,1.44,284.103,366.7216,0.8385,4.1322,4.0644,0.0,,273735.1947,273535.1766,172746.3251,577581.2608,577159.2226
001238.SZ,20250530,35.25,1.2209,1.2209,0.65,,728.603,3.509,3.135,2.7977,0.1986,0.1986,11000.0,3197.7125,3197.7125,387750.0,112719.3656
600493.SH,20250530,5.71,7.4339,11.0986,0.6,29.2082,28.6253,1.3782,1.6709,1.6982,1.7513,1.7513,27200.0,27200.0,18218.6406,155312.0,155312.0
920489.BJ,20250530,24.04,8.0037,8.0037,0.63,279.4202,510.9673,6.5231,5.7045,5.89,0.8319,0.8319,13645.92,8569.3749,8569.3749,328047.9168,206007.7726
301371.SZ,20250530,25.63,4.1989,4.1989,0.62,20.1629,22.188,2.4899,6.609,6.9828,3.0013,4.5019,52010.4,7727.2,7727.2,1333026.552,198048.136
001278.SZ,20250530,16.39,3.9829,3.9829,1.29,66.4698,448.527,1.5566,0.9286,0.9455,0.6101,0.6101,12373.34,5053.4501,5053.4501,202799.0426,82826.0471
300797.SZ,20250530,13.65,2.08,5.8699,1.13,36.0289,35.0582,4.3459,4.7601,4.6972,0.7333,0.7333,38278.38,37547.0595,13304.807,522499.887,512517.3622
600537.SH,20250530,2.8,1.373,1.6522,0.71,,,8.5818,0.9529,1.0757,0.0,,118371.5018,118371.5018,98371.5018,331440.205,331440.205
301631.SZ,20250530,110.43,6.2022,6.2022,1.27,30.9299,30.9423,2.9938,1.8465,1.7667,,,6529.6129,1373.7965,1373.7965,721065.1525,151708.3475
301333.SZ,20250530,49.15,11.6319,20.2632,1.17,33.8535,33.1386,2.5476,6.3803,6.419,0.4045,0.4045,9658.1256,5714.4314,3280.3352,474696.8732,280864.3033
688368.SH,20250530,90.08,0.6966,2.0465,0.96,,,6.6039,5.2616,5.2341,,0.5493,8782.647,8782.647,2989.4482,791140.8418,791140.8418
301200.SZ,20250530,36.54,1.3255,1.3285,1.1,51.624,43.8775,2.9877,4.6508,4.3768,0.0,1.0805,42550.9152,6228.6128,6214.4016,1554810.4414,227593.5117
002372.SZ,20250530,11.2,0.2144,0.5248,0.48,18.7167,19.5335,4.0329,2.8454,2.8923,7.9339,5.2893,159203.7988,147085.8109,60099.5878,1783082.5466,1647361.0821
300002.SZ,20250530,10.57,2.2554,2.2919,0.99,14.5302,15.127,2.8575,3.215,3.2992,0.5663,0.5663,196256.4954,181791.1574,178890.7551,2074431.1564,1921532.5337
002063.SZ,20250530,5.7,1.2033,1.5924,1.0,37.0723,37.0416,2.9478,4.5276,4.6115,0.4561,0.4561,190509.6,171136.9158,129321.0523,1085904.72,975480.4201
300311.SZ,20250530,6.32,10.4179,11.7664,1.34,,,6.9011,9.0146,8.5361,0.0,,67363.015,53740.9093,47582.1917,425734.2548,339642.5468
003009.SZ,20250530,41.04,6.9893,19.1504,7.46,325.9382,,4.0957,6.8967,7.9853,0.1998,0.1998,15539.3727,15539.2937,5671.3704,637735.8556,637732.6134
002689.SZ,20250530,3.76,2.6956,5.5315,1.43,216.5269,150.2575,3.4234,3.2614,3.436,0.0,,104331.0725,104291.1524,50823.7754,392284.8326,392134.733
600578.SH,20250530,4.36,0.506,2.471,0.81,16.9388,12.5948,1.2966,0.8239,0.8063,2.4083,2.4083,669462.1015,669462.1015,137100.4264,2918854.7625,2918854.7625
300685.SZ,20250530,20.87,3.9099,5.4043,2.82,32.0617,29.0655,4.299,7.3686,7.1195,0.7291,,39153.6144,38959.7363,28186.8847,817135.9325,813089.6966
600621.SH,20250530,14.03,4.0609,9.0759,3.93,40.7359,33.5865,1.7397,1275.4474,23.1079,0.9907,0.9907,106089.9292,106089.9292,47468.3404,1488441.7067,1488441.7067
688090.SH,20250530,44.94,1.6575,2.7167,0.73,376.3178,344.3305,4.6972,4.7736,4.7262,0.3486,0.3486,9419.4479,9419.4479,5746.9085,423309.9886,423309.9886
600106.SH,20250530,6.02,2.5132,3.4468,1.14,50.8141,38.2891,1.5435,70.7784,70.8217,0.7973,0.7973,132902.5062,132902.5062,96903.073,800073.0873,800073.0873
000586.SZ,20250530,10.21,2.3261,3.464,1.22,,,6.0501,4.678,4.4083,0.0,,19344.0,19344.0,12989.4369,197502.24,197502.24
688013.SH,20250530,24.85,2.226,4.6035,0.97,38.8616,37.5346,3.5279,7.4044,7.2545,1.9652,3.9282,8115.56,8115.56,3924.347,201671.666,201671.666
601800.SH,20250530,8.79,0.1284,0.6357,0.88,6.1191,6.3007,0.4959,0.1854,0.1909,3.3283,4.9216,1627861.1425,1174723.5425,237261.8821,14308899.4426,10325819.9386
603568.SH,20250530,19.5,0.2911,0.8915,1.21,12.2937,12.2777,2.3886,4.6354,4.6342,1.2741,1.2741,170464.8119,169839.0119,55461.4295,3324063.8321,3311860.7321
688425.SH,20250530,3.96,0.9168,0.9168,0.92,14.0064,14.3542,1.1806,2.1024,2.1105,2.2727,2.2727,533349.7,147795.7,147795.7,2112064.812,585270.972
688428.SH,20250530,24.02,2.8593,3.0325,1.21,,,6.2731,41.9406,34.5639,,,176256.7202,26628.2967,25106.9513,4233686.4192,639611.6867
002273.SZ,20250530,18.18,2.0041,2.3445,1.24,24.549,23.581,2.8147,4.0272,3.9411,2.1752,1.6321,139063.2221,135791.343,116075.5416,2528169.3778,2468686.6157
600487.SH,20250530,15.0,1.0211,1.4156,0.99,13.3635,13.1558,1.2619,0.6168,0.602,0.9821,0.9821,246673.4657,244518.1125,176365.6767,3700101.9855,3667771.6875
002881.SZ,20250530,43.15,2.4819,3.4778,0.81,83.3269,64.4024,7.1305,3.8406,3.3581,0.2284,0.3003,26180.1844,18105.9754,12921.0874,1129674.9569,781272.8385
301092.SZ,20250530,28.46,5.787,9.5977,0.76,37.042,37.7533,1.996,6.6717,6.5018,0.9082,0.9082,13405.3484,6054.9884,3650.8984,381516.2155,172324.9699
920720.BJ,20250530,20.59,4.1606,4.2341,0.69,69.0178,63.2579,7.8322,6.7904,6.2423,0.7674,0.7674,19021.94,5113.4559,5024.6959,391661.7446,105286.057
600673.SH,20250530,9.47,0.3673,0.7799,0.8,76.0037,51.42,3.1373,2.3363,2.2413,3.5004,3.5004,300955.5059,300155.7927,141347.7557,2850048.6409,2842475.3569
688733.SH,20250530,16.72,0.7747,1.0734,0.96,278.2579,254.5498,1.5284,6.6208,6.5403,0.5927,0.5927,19977.519,19977.519,14418.3548,334024.1177,334024.1177
300143.SZ,20250530,9.25,0.7789,1.3635,1.17,60.0606,58.1625,2.8146,4.446,4.4666,0.0,,74945.1604,64137.668,36638.7295,693242.7337,593273.429
002298.SZ,20250530,5.99,8.8885,9.1386,0.86,,,2.1498,2.27,2.2889,0.0,,74011.0901,65366.5416,63577.978,443326.4297,391545.5842
300292.SZ,20250530,4.65,2.6994,2.8871,1.2,67.5974,65.9821,4.4107,1.4326,1.4148,0.0,,134176.4974,111594.4813,104339.9501,623920.7129,518914.338
688258.SH,20250530,43.24,2.0,3.2975,0.98,159.4992,150.8858,6.0814,16.1976,15.4898,0.3242,0.3242,12114.2237,12114.2237,7347.4314,523819.0328,523819.0328
688073.SH,20250530,43.79,3.8705,4.9464,1.26,33.8916,32.6092,1.9572,3.6114,3.5042,2.0071,2.0071,9088.2948,4323.4172,3382.9941,397976.4293,189322.4392
300855.SZ,20250530,22.5,1.8895,2.6768,2.14,33.3308,40.8451,4.4775,7.0757,7.4558,1.777,0.4444,39553.15,29295.6138,20679.1,889945.875,659151.3105
301215.SZ,20250530,6.03,0.7796,2.7087,0.69,47.9025,46.3471,2.7645,19.9525,18.9904,1.6731,1.6731,132390.0,132240.0,38060.0,798311.7,797407.2
002839.SZ,20250530,4.41,1.7566,2.2199,1.15,5.7382,5.6854,0.6126,2.288,2.2677,4.0255,4.5351,244434.4974,244299.3707,193314.042,1077956.1335,1077360.2248
601916.SH,20250530,3.22,0.8532,1.1712,0.88,5.8235,5.8098,0.5002,1.3073,1.3329,5.0932,5.0932,2746463.5963,2154443.5963,1569528.5592,8843612.7801,6937308.3801
000949.SZ,20250530,3.96,1.254,2.0063,0.72,27.421,31.9157,1.0319,0.9141,0.925,0.7382,0.7382,170032.9922,169984.6795,106246.0831,673330.6491,673139.3308
002380.SZ,20250530,23.55,2.9317,3.7399,1.11,22.4429,20.9377,2.4693,3.3597,3.2559,0.0,,23999.1649,14175.189,11111.779,565180.3334,333825.701
603013.SH,20250530,17.35,2.9885,14.2649,0.73,17.7837,17.7427,2.0181,1.1012,1.0857,2.5937,0.2882,51259.9264,51259.9264,10738.9264,889359.723,889359.723
603268.SH,20250530,39.31,0.5516,1.1368,0.65,,,4.5322,123.259,118.5948,0.0,,86169.7311,12416.88,6024.68,3387332.1295,488107.5528
603739.SH,20250530,13.45,2.6416,6.3614,0.64,54.3323,57.2056,1.9764,2.5767,2.5318,0.7435,0.7435,25302.8866,25302.8866,10507.0426,340323.8248,340323.8248
301178.SZ,20250530,43.55,7.5897,9.2209,0.92,,,3.8372,13.0687,12.5785,0.2266,0.2266,6710.88,4947.6342,4072.3856,292258.824,215469.4694
002446.SZ,20250530,6.83,4.0854,4.1962,0.95,,,2.5085,5.7786,5.7793,0.0,,91532.1724,84768.3296,82531.2153,625164.7375,578967.6912
600515.SH,20250530,3.45,0.3769,0.6286,0.98,85.9699,115.8651,1.6626,9.0238,9.241,0.0,,1142530.9602,917601.2508,550231.8395,3941731.8127,3165724.3153
300148.SZ,20250530,4.81,16.9421,19.3276,2.57,122.495,69.7652,4.1686,8.7179,8.2581,0.0,,83533.9343,80162.9335,70268.9133,401798.224,385583.7101
603878.SH,20250530,5.3,0.8974,1.478,0.98,23.6542,33.7884,1.1405,1.1214,1.2369,10.0,10.0,56106.9165,56106.9165,34068.3591,297366.6575,297366.6575
002443.SZ,20250530,5.99,1.3031,1.6554,0.73,15.4826,17.4675,0.9153,0.6753,0.6994,1.0017,3.2873,52053.552,51942.6572,40886.7293,311800.7765,311136.5166
600167.SH,20250530,5.95,0.1881,0.6315,1.31,20.4302,18.8851,1.1805,3.8365,3.8566,5.302,5.302,226284.0463,226284.0463,67406.2721,1346390.0755,1346390.0755
603299.SH,20250530,9.7,0.7542,2.0296,1.25,9.8628,10.7785,1.2172,1.4193,1.452,4.3817,4.3817,78192.8869,77724.7495,28880.4655,758471.0029,753930.0702
002108.SZ,20250530,3.59,0.8323,1.1073,0.86,38.6363,41.7575,1.2039,2.1756,2.122,2.7965,2.7843,166539.4648,164836.3706,123896.8281,597876.6786,591762.5705
300079.SZ,20250530,5.38,2.9897,3.1057,1.21,314.7744,304.0769,1.8128,11.4809,10.9869,0.1861,0.1861,142751.8462,128147.9656,123361.0026,768004.9326,689436.0549
600025.SH,20250530,10.07,0.1982,1.9823,1.3,21.8464,20.7396,2.9951,7.2849,7.0129,1.7875,1.7875,1800000.0,1800000.0,180000.0,18126000.0,18126000.0
688132.SH,20250530,17.89,2.1235,2.8828,0.41,,,1.901,7.8509,11.0499,,,15222.5204,10849.5718,7991.7806,272330.89,194098.8395
688259.SH,20250530,40.07,2.341,4.4783,1.08,74.0113,78.3487,2.9421,7.5598,8.0386,0.4604,0.8322,11170.0,11170.0,5839.166,447581.9,447581.9
301316.SZ,20250530,41.61,19.6913,21.6641,0.68,256.3052,306.6887,17.1511,9.6445,8.9377,0.1904,0.1923,40400.0,24282.6503,22071.3403,1681044.0,1010401.079
601116.SH,20250530,10.72,1.0072,3.1326,0.92,41.1932,36.4672,1.7895,1.5149,1.5103,1.8657,1.8657,54767.84,54767.84,17609.1858,587111.2448,587111.2448
605016.SH,20250530,25.8,2.1945,5.3198,0.74,33.9401,30.4804,4.7344,7.238,6.8728,0.9094,0.9094,32308.64,32308.64,13328.0516,833562.912,833562.912
600148.SH,20250530,19.15,4.3353,9.1693,0.65,,,5.8259,3.9259,3.9309,0.1567,0.1567,14151.645,14151.645,6690.88,271004.0018,271004.0018
002352.SZ,20250530,46.15,0.4693,1.0561,1.32,22.6343,21.9385,2.4454,0.8094,0.7967,4.3187,3.0193,498809.1951,479068.0216,212875.3077,23020044.3539,22108989.1968
688312.SH,20250530,22.97,0.9368,1.8127,0.62,34.7273,36.9513,2.3231,6.7215,6.4169,1.6963,1.6963,14560.0816,14560.0816,7524.8903,334445.0744,334445.0744
300577.SZ,20250530,19.76,1.4844,2.108,1.07,12.4365,11.9866,2.2606,1.1175,1.0382,1.2049,1.6904,23979.2667,14024.2326,9875.3542,473830.31,277118.8362
000912.SZ,20250530,4.59,0.4721,0.9404,0.57,94.3794,90.3192,1.122,1.4198,1.3622,0.0,,156800.0,156800.0,78717.5859,719712.0,719712.0
600094.SH,20250530,3.2,1.7157,2.6056,3.36,,,0.7647,1.8574,1.7219,0.897,0.897,242084.9945,222212.985,146316.7411,774671.9824,711081.552
002778.SZ,20250530,18.82,6.7372,10.3309,1.98,,,7.6643,4.7625,5.686,0.0,,12475.33,12343.129,8049.505,234785.7106,232297.6878
300894.SZ,20250530,12.47,1.4431,2.76,0.96,455.9412,,4.0236,3.6949,4.2713,4.8294,,40772.2935,29407.301,15376.131,508430.4999,366709.0435
000011.SZ,20250530,8.61,1.2775,3.5961,2.21,,,1.5243,1.8768,1.819,3.6237,3.6237,59597.9092,52647.5543,18702.6342,513137.9982,453295.4425
600941.SH,20250530,116.83,0.981,1.0293,1.46,18.2268,18.0932,1.814,2.4233,2.4232,3.9064,3.9064,2158776.7427,90276.7867,86040.0867,252209886.8496,10547036.9902
002918.SZ,20250530,8.32,1.4714,2.2217,0.95,27.6432,61.6347,1.0732,0.7459,0.7678,3.5503,3.5503,41518.5333,21946.7884,14534.8559,345434.1971,182597.2795
002592.SZ,20250530,5.98,2.8834,4.5688,0.85,24.2109,17.4171,1.82,2.5716,2.4857,0.0,,28333.1157,26271.637,16580.1814,169432.0319,157104.3893
002396.SZ,20250530,19.15,0.9867,1.3423,0.87,27.8579,25.901,1.7127,0.6726,0.659,1.3083,1.2992,58860.9418,58328.0278,42872.8328,1127187.0355,1116981.7324
300304.SZ,20250530,7.49,3.1591,5.4482,1.18,16.399,16.6834,2.1587,3.0663,2.9966,1.0399,1.0314,87814.3718,85558.3384,49609.5743,657729.6448,640831.9546
300935.SZ,20250530,21.78,1.7007,2.431,1.1,,,2.1062,12.9277,12.7377,0.0,,7943.068,6027.3655,4216.7045,173000.021,131276.0206
920932.BJ,20250530,28.7,7.3004,10.2538,1.51,64.2663,100.9921,3.2122,5.1146,5.1961,0.6896,0.6896,7728.0,6218.3219,4427.2268,221793.6,178465.8385
301107.SZ,20250530,35.54,3.0447,6.0814,0.74,49.2915,36.7145,2.7356,4.7532,4.085,1.1151,1.1151,7340.0,4279.895,2142.735,260863.6,152107.4683
300877.SZ,20250530,15.65,1.2562,2.5345,0.72,60.7005,47.9947,1.1952,1.819,1.8146,0.5607,0.6195,12000.0,11999.895,5947.5855,187800.0,187798.3568
600822.SH,20250530,10.53,2.1814,5.4842,0.82,103.3412,100.2107,4.3092,1.1563,1.2655,0.0,,49597.2914,39614.7908,15757.1946,522259.4784,417143.7471
000637.SZ,20250530,3.8,3.1446,4.0185,0.85,,,3.2241,0.5261,0.5899,0.0,,51987.5356,36801.4255,28797.7054,197552.6353,139845.4169
688513.SH,20250530,41.96,6.3364,12.6266,2.46,31.0925,33.0957,2.6809,5.4879,5.5262,0.9403,0.9403,17653.2256,17653.2256,8858.9506,740729.3462,740729.3462
688556.SH,20250530,9.32,1.2943,1.7124,0.85,,,1.462,1.1389,1.3625,7.0714,4.0771,54676.9006,54676.9006,41327.0098,509588.7136,509588.7136
603277.SH,20250530,23.75,0.2644,1.2576,0.96,18.6425,17.5053,3.3717,3.6642,3.688,6.2764,6.2764,42466.35,42051.45,8840.45,1008575.8125,998721.9375
001965.SZ,20250530,12.67,0.5633,2.8037,1.82,16.2364,16.129,1.2873,6.7983,6.9174,4.191,4.191,682033.7394,682033.7394,137036.0134,8641367.4782,8641367.4782
600120.SH,20250530,5.61,1.1351,2.2644,1.0,20.463,18.1692,1.2153,2.5689,3.018,1.0132,1.0132,341538.1492,341538.1492,171211.5538,1916029.017,1916029.017
300601.SZ,20250530,14.29,1.2364,1.8349,1.01,79.1506,93.8764,1.7401,6.0191,5.6096,1.3996,1.3996,111692.7887,88583.1169,59690.6703,1596089.9505,1265852.7405
600418.SH,20250530,38.3,2.5599,3.5642,0.65,,,7.4744,1.9861,2.0577,0.0548,0.0548,218400.9791,218400.9791,156860.9089,8364757.4995,8364757.4995
000030.SZ,20250530,6.09,0.7159,2.4999,1.13,15.6859,15.6759,1.308,0.6441,0.6495,4.0522,4.0522,174164.3085,169241.1857,48469.4824,1060660.6388,1030678.8209
600557.SH,20250530,13.26,2.7668,4.7588,1.89,19.1579,22.9419,1.6414,1.9261,2.1975,2.8778,2.8778,56615.8806,56615.8806,32916.6344,750726.5768,750726.5768
920075.BJ,20250530,32.21,13.0116,18.3971,0.65,50.6325,67.5531,5.4998,3.5241,3.7916,1.4141,1.4354,6481.5,3487.8864,2466.8645,208769.115,112344.8209
000520.SZ,20250530,4.7,3.2927,4.9452,0.8,,,10.4229,5.3584,5.6774,0.0,,101208.3455,101208.3455,67389.2403,475679.2239,475679.2239
002884.SZ,20250530,15.72,0.5834,0.857,0.79,12.7094,12.4359,2.7225,3.5317,3.4418,6.3613,6.3613,35768.2509,27303.0113,18587.4751,562276.9041,429203.3376
601012.SH,20250530,14.38,0.6665,0.9095,0.91,,,1.8509,1.3196,1.3871,1.1813,1.1813,757804.9736,757804.219,555365.1214,10897235.5204,10897224.6692
300472.SZ,20250530,3.47,7.0115,7.6504,0.76,,,112.0124,7.3056,110.6378,0.0,,27525.8621,24584.1578,22531.1442,95514.7415,85307.0276
605069.SH,20250530,11.69,31.7897,32.727,1.02,,,2.7058,6.9453,7.0614,0.0,,21169.7778,8416.1278,8175.0978,247474.7025,98384.534
603678.SH,20250530,36.14,1.9299,3.2337,1.89,88.3563,75.7459,2.903,6.1349,5.9022,0.583,0.3511,47556.6631,47556.6631,28382.1536,1718697.8044,1718697.8044
300136.SZ,20250530,21.48,2.0204,2.1429,0.8,31.4135,35.3797,2.8144,2.377,2.4087,0.4655,0.4655,96756.8638,82456.7926,77744.2043,2078337.4344,1771171.905
300449.SZ,20250530,8.58,6.4789,6.4789,1.14,,,9.3423,22.4909,18.8549,0.0,,38748.0309,29626.7074,29626.7074,332458.1051,254197.1495
600383.SH,20250530,3.85,1.2943,2.0751,1.09,,,0.2979,0.2309,0.234,0.5117,0.5117,451458.3572,451458.3572,281581.6135,1738114.6752,1738114.6752
002636.SZ,20250530,8.3,0.7465,2.2575,0.99,163.0487,74.3751,1.8112,1.4925,1.4484,0.7229,1.0241,72800.0,72431.5417,23951.1222,604240.0,601181.7961
300303.SZ,20250530,5.89,1.1736,1.3475,0.91,24.4243,24.5937,2.189,2.7166,2.601,1.5929,,140830.4727,132069.7186,115023.2632,829491.4842,777890.6426
000863.SZ,20250530,3.65,2.7751,5.2077,0.9,223.5489,72.9337,0.9565,3.563,3.1083,0.0,,118069.956,116361.5343,62007.2198,430955.3394,424719.6002
301589.SZ,20250530,136.24,1.4288,1.5314,1.78,21.2359,21.9874,3.452,3.8404,3.9122,4.1096,0.6217,9244.8,3446.496,3215.6269,1259511.552,469550.615
600683.SH,20250530,3.87,0.7094,1.6043,0.65,,,15.6023,2.0237,2.0274,0.0,,74077.7597,74077.7597,32755.457,286680.93,286680.93
603859.SH,20250530,28.88,1.291,1.7626,0.9,36.8576,38.1975,2.397,4.6806,4.8989,0.2337,0.2337,24469.7701,24469.7701,17923.4341,706686.9605,706686.9605
000728.SZ,20250530,7.55,0.4825,0.8222,0.98,14.6796,13.6025,0.8873,4.1983,4.1379,1.9868,0.7947,436377.7891,436377.7891,256053.2416,3294652.3077,3294652.3077
603375.SH,20250530,34.15,2.9229,4.6668,1.22,150.054,117.0736,2.1797,6.8183,6.8271,1.1713,1.1713,10066.6667,5418.9618,3393.9614,343776.6678,185057.5455
920642.BJ,20250530,18.86,11.872,21.8113,1.46,,463.7745,7.8789,11.7351,11.4542,0.3158,0.3158,10367.0278,10070.6878,5481.5158,195522.1443,189933.1719
688244.SH,20250530,37.21,6.3394,7.7241,1.87,448.4837,850.3034,3.7925,10.676,10.6569,0.4075,0.4075,10223.4195,4948.4982,4061.3832,380413.4396,184133.618
002738.SZ,20250530,29.47,1.0792,1.2643,0.84,28.0886,33.4522,1.7279,3.964,3.6827,3.3936,,72149.1877,71122.8026,60707.0196,2126236.5615,2095988.9926
688009.SH,20250530,5.02,0.2773,1.1914,1.07,15.2117,15.4004,1.1526,1.6371,1.6275,3.3865,3.3865,1058981.9,862101.8,200680.2,5316089.138,4327751.036
000420.SZ,20250530,4.19,8.2584,11.3865,0.68,371.7649,686.8924,2.3422,2.6529,2.4644,0.0,,245886.8343,245802.8143,178276.4524,1030265.8357,1029913.7919
920553.BJ,20250530,10.05,2.2838,3.57,0.75,93.8752,110.963,4.3711,3.2751,3.2357,0.995,0.796,14369.046,9186.5218,5876.9126,144408.9123,92324.5441
688690.SH,20250530,20.81,0.8368,1.5023,1.34,101.437,88.2992,4.6887,10.7397,10.2863,0.2388,0.2388,40381.4765,40381.4765,22494.1538,840338.526,840338.526
300995.SZ,20250530,34.49,4.9677,9.2201,0.69,334.142,312.7398,4.6107,8.3859,7.9917,0.345,0.345,8416.0,5990.4781,3227.6241,290267.84,206611.5897
688533.SH,20250530,24.37,0.7884,2.9549,1.06,16.8751,19.4516,2.4859,1.4297,1.4102,1.2498,1.2498,16284.7152,16284.7152,4344.7164,396858.5094,396858.5094
301158.SZ,20250530,15.88,2.3512,4.2988,1.1,24.0729,22.8861,1.8198,3.5788,3.4178,2.6336,1.9232,15037.051,14652.0431,8013.8221,238788.3699,232674.4444
601118.SH,20250530,4.56,0.43,1.2065,0.95,188.7453,124.9326,1.9984,0.3929,0.3784,0.4583,0.4583,427942.7797,427942.7797,152541.5773,1951419.0754,1951419.0754
603285.SH,20250530,23.41,9.6678,9.6678,0.75,23.7562,24.9587,2.2861,5.5681,5.6781,4.2717,4.2717,16000.0,4000.0,4000.0,374560.0,93640.0
920971.BJ,20250530,33.5,6.4509,13.2834,1.47,89.3971,107.0401,8.1903,13.8139,13.3995,0.7537,0.6022,10508.8002,8435.2802,4096.4474,352044.8067,282581.8867
002202.SZ,20250530,9.25,0.6245,1.0493,0.81,21.0067,18.6453,1.0529,0.6893,0.6603,1.0811,1.0811,422506.7647,335482.5179,199690.0135,3908187.5735,3103213.2906
600052.SH,20250530,4.19,0.5284,0.8651,0.52,,,1.3897,7.905,6.9113,1.1398,1.1398,84419.4741,84419.4741,51558.1371,353717.5965,353717.5965
601577.SH,20250530,9.81,0.8748,1.5053,1.37,5.0407,4.9898,0.5775,1.5211,1.5067,3.8736,3.8736,402155.3754,402068.3625,233673.4883,3945144.2327,3944290.6361
301035.SZ,20250530,55.09,0.4123,1.2684,0.64,34.3663,27.9209,2.2643,1.1633,1.1639,2.1259,1.0619,28077.0974,28031.7705,9110.8978,1546767.2958,1544270.2368
600125.SH,20250530,5.83,0.769,1.0987,1.18,19.9289,20.8453,1.0181,0.5848,0.6226,1.8868,1.8868,130552.1874,130552.1874,91377.407,761119.2525,761119.2525
002535.SZ,20250530,3.82,3.5373,5.4476,1.18,32.1198,33.5245,4.6367,1.8191,1.7616,0.0,,80168.3074,74633.8485,48461.791,306242.9343,285101.3013
002242.SZ,20250530,9.56,0.329,1.0027,0.94,59.9312,78.1094,2.1189,0.8286,0.8348,1.5609,1.5609,76701.7,76570.57,25125.7864,733268.252,732014.6492
603217.SH,20250530,17.01,1.4526,3.8544,1.51,17.0887,17.856,1.0632,1.5947,1.6005,2.3299,2.3299,20808.76,20808.76,7842.4171,353957.0076,353957.0076
600308.SH,20250530,3.52,0.7421,1.2285,0.8,147.652,,0.581,0.4093,0.4205,1.3357,1.3357,151687.0176,151687.0176,91630.6913,533938.302,533938.302
605188.SH,20250530,13.19,4.8903,35.8615,0.8,2448.0338,,5.7191,2.432,2.3967,0.0758,0.0758,49558.0,49558.0,6757.9998,653670.02,653670.02
000656.SZ,20250530,1.49,1.1888,1.3864,0.87,,,,0.2887,0.3824,0.0,,533971.5816,531828.0442,456007.9598,795617.6566,792423.7859
002931.SZ,20250530,15.19,1.7697,3.6843,0.85,722.6567,200.9311,3.5018,6.9337,6.6717,0.617,0.617,21850.5856,20061.1572,9636.1798,331910.3953,304728.9779
600391.SH,20250530,26.5,16.1664,25.2673,4.46,127.1718,117.3999,5.2535,2.272,2.305,0.0,,33012.9367,33012.9367,21122.2062,874842.8226,874842.8226
300065.SZ,20250530,18.34,24.5008,25.3331,1.74,1610.3364,325.7318,7.5753,34.4166,19.3323,0.0,,72049.4503,65584.661,63429.8587,1321386.9185,1202822.6827
600698.SH,20250530,6.8,4.666,8.9627,0.54,1769.1483,1666.2956,9.4586,16.8421,16.4563,0.0,,107122.0032,83034.5271,43227.7691,728429.6218,564634.7843
002836.SZ,20250530,8.95,1.5845,4.3692,0.83,32.9948,30.3624,6.2067,5.6193,5.1506,1.0819,2.7047,23040.0,23040.0,8355.312,206208.0,206208.0
300673.SZ,20250530,16.95,4.2835,5.5989,0.65,23.1477,25.9192,2.2892,2.5422,2.6299,0.0,,24882.8092,16199.0261,12393.2736,421763.6159,274573.4924
603009.SH,20250530,48.6,3.6166,6.006,0.48,230.3099,210.7642,9.9866,8.1306,7.9249,0.1265,0.1748,33852.6168,33840.897,20377.6115,1645237.1765,1644667.5942
600662.SH,20250530,5.09,0.5169,1.8367,1.41,10.6979,10.5318,2.2023,0.5211,0.5008,2.554,2.554,228349.6485,227008.0651,63881.8516,1162299.7109,1155471.0514
002562.SZ,20250530,4.5,6.1127,7.3475,0.93,117.2806,55.0655,1.5314,1.3909,1.3519,0.0,,106370.0541,70152.8783,58363.4323,478665.2435,315687.9524
300459.SZ,20250530,5.25,4.7123,5.2672,0.91,,,8.7237,16.1475,16.8971,0.0,,351581.0939,328086.6048,293523.6577,1845800.743,1722454.6752
002180.SZ,20250530,21.6,0.7838,1.1347,0.87,41.0261,55.3142,3.025,1.1636,1.1799,0.0,,142298.9339,135977.4795,93924.8159,3073656.9722,2937113.5572
300833.SZ,20250530,33.34,1.1777,2.535,0.73,13.9787,16.5776,1.6977,3.4797,3.554,4.799,4.799,12649.05,8126.0074,3775.1881,421719.327,270921.0867
600218.SH,20250530,8.85,3.0397,4.6278,0.96,46.251,43.8939,1.1896,0.9706,0.9537,0.791,0.791,43559.9919,43559.9919,28611.6243,385505.9283,385505.9283
601106.SH,20250530,2.7,0.8492,2.3509,1.02,,,3.4984,1.1143,1.2113,0.0,,685778.2927,685778.2927,247721.9039,1851601.3903,1851601.3903
002598.SZ,20250530,10.48,5.7954,9.0122,0.74,45.7134,52.1753,2.691,1.5672,1.5581,0.9541,0.9541,31203.4876,28208.0777,18139.6414,327012.55,295620.6543
688197.SH,20250530,38.51,7.5713,7.9748,3.73,,,7.553,1452.8526,1452.862,,,14871.9343,6400.4882,6076.6242,572718.1899,246482.8006
688478.SH,20250530,28.44,0.6068,0.974,0.5,73.2157,108.1192,2.5013,9.2599,9.4897,0.698,0.698,13836.6096,10340.9466,6442.341,393513.177,294096.5213
600785.SH,20250530,12.0,1.6022,2.7683,0.75,20.0679,20.348,1.1627,0.4427,0.4448,1.6667,1.6667,22563.128,22563.128,13059.2086,270757.536,270757.536
603123.SH,20250530,11.25,15.6342,31.4326,2.08,,,4.3686,4.0314,4.1462,0.0,,79873.6665,65227.5949,32443.4516,898578.7481,733810.4426
600633.SH,20250530,12.89,2.574,5.0277,1.42,31.9541,29.3958,1.6106,5.2783,5.2307,1.7036,0.6969,126807.4472,126807.4472,64920.0636,1634547.9944,1634547.9944
003038.SZ,20250530,19.55,1.2137,1.4923,0.57,28.2968,29.3804,1.5888,0.5558,0.5423,1.4871,1.0014,24369.5765,16549.7912,13459.5475,476425.2206,323548.418
301301.SZ,20250530,12.94,6.0734,6.0734,0.81,20.6076,21.6009,3.5186,5.0114,5.2164,1.7331,,223008.5,61881.7357,61881.7357,2885729.99,800749.66
920942.BJ,20250530,19.6,3.0808,3.9324,0.91,32.0125,26.5283,2.4057,6.1394,6.2644,0.7613,0.7613,6132.71,4125.2514,3231.8914,120201.116,80854.9274
601658.SH,20250530,5.33,0.2207,1.4337,1.28,6.1116,6.1601,0.6345,1.5154,1.5157,4.8968,4.9081,9916107.6038,6712239.52,1033304.1125,52852853.5283,35776236.6416
002819.SZ,20250530,27.97,5.0078,10.006,0.69,,,2.0699,2.8351,2.8725,0.0854,0.0854,29961.01,23512.7781,11767.6311,838009.4497,657652.4035
688718.SH,20250530,11.86,0.5101,1.5187,0.8,53.4032,50.4914,2.6515,5.4918,5.3258,0.9658,0.9658,17375.4389,17375.4389,5835.7859,206072.7054,206072.7054
002424.SZ,20250530,4.01,1.2018,1.472,0.94,166.6879,919.268,1.7485,1.465,1.7227,0.0,,139759.84,121321.4512,99053.1441,560436.9584,486499.0193
603328.SH,20250530,8.7,0.8124,1.9806,0.92,19.8605,19.349,2.0928,2.4773,2.3903,2.2299,2.2299,99844.2611,99844.2611,40955.5563,868645.0716,868645.0716
603989.SH,20250530,14.81,0.6165,1.7839,1.03,29.9727,25.3244,1.5826,1.5187,1.4705,1.7788,1.7788,40113.0603,40113.0603,13863.2102,594074.423,594074.423
603194.SH,20250530,41.24,41.243,41.243,5.03,19.6917,19.3078,3.2902,2.5238,2.4683,,,40100.0,4982.8436,4982.8436,1653724.0,205492.4701
600884.SH,20250530,7.64,1.6277,1.8219,0.81,,,0.796,0.92,0.871,2.5452,2.5452,224941.2863,175723.6492,156999.2359,1718551.4273,1342528.6799
688325.SH,20250530,42.72,0.564,0.7929,0.71,46.5963,42.2105,2.1177,9.3473,8.7388,0.4484,0.4484,8599.3515,5384.2916,3830.4117,367364.2961,230016.9372
002237.SZ,20250530,10.88,0.9924,1.6916,0.58,23.2731,22.6452,1.3082,0.1648,0.1689,1.2408,1.2408,114807.319,91045.879,53415.2824,1249103.6307,990579.1635
300113.SZ,20250530,18.32,2.2481,2.4823,0.75,49.7172,46.0552,5.612,6.8076,6.2445,0.4336,0.4336,68356.6082,51814.5946,46926.7943,1252293.0622,949243.3731
601808.SH,20250530,13.46,0.1379,0.7426,0.55,20.4736,18.9531,1.4366,1.3297,1.312,1.5602,1.5602,477159.2,296046.8,54962.07,6422562.832,3984789.928
603488.SH,20250530,7.7,1.6921,2.688,0.78,225.6475,,2.3271,4.7925,4.9938,2.5974,2.5974,29199.044,29199.044,18381.2219,224832.6388,224832.6388
603006.SH,20250530,13.91,10.296,37.2167,1.59,56.113,59.1544,2.4402,4.5175,4.5177,2.0129,2.0129,25425.425,25425.425,7033.9398,353667.6618,353667.6618
600797.SH,20250530,9.42,4.4139,4.7602,1.0,,,2.9199,2.9195,3.0217,0.4246,0.4246,102752.637,102752.637,95277.757,967929.8405,967929.8405
300041.SZ,20250530,8.85,1.8314,2.2536,1.03,48.6099,47.5961,1.8467,1.2413,1.2104,1.0901,1.6949,55943.4092,54442.7293,44243.0053,495099.1714,481818.1543
300678.SZ,20250530,35.48,14.1566,20.7226,1.93,1097.9466,2030.1866,12.4463,20.7411,22.2322,0.1409,0.1409,29638.6293,28554.8932,19507.1281,1051578.5676,1013127.6107
688180.SH,20250530,32.51,1.8877,2.8928,1.11,,,5.7017,16.4474,15.4948,,,98568.9871,76454.8971,49891.0827,3204477.7706,2485548.7047
920242.BJ,20250530,35.05,4.2875,5.9101,1.01,21.6674,20.4744,3.6912,3.0677,2.9421,1.398,1.398,6583.825,3661.9225,2656.5516,230763.0663,128350.3836
688251.SH,20250530,21.31,9.9412,14.3705,1.22,43.1276,35.348,2.2131,2.2137,2.1441,0.7021,0.9743,8684.681,5169.3051,3575.988,185070.5521,110157.8917
603127.SH,20250530,19.1,11.8757,19.2679,2.45,193.2493,36.9499,1.7654,7.0925,7.2267,0.8353,0.8353,74947.7334,63048.2128,38859.5514,1431501.7079,1204220.8645
000929.SZ,20250530,8.38,3.7427,5.0919,1.67,,,3.1536,7.3943,7.6181,0.0,,18576.6,18575.4223,13653.4694,155671.908,155662.0389
920130.BJ,20250530,32.7,6.1745,12.0056,0.85,,,5.8361,10.796,10.3938,0.6116,0.6116,9224.3236,5546.5763,2852.6059,301635.3817,181373.045
002191.SZ,20250530,3.78,0.8965,1.3767,0.69,76.2341,304.8955,0.8314,1.9207,2.0338,7.7299,7.7299,145177.8834,144082.4536,93828.4827,548772.3993,544631.6746
600582.SH,20250530,5.94,0.8437,2.1551,0.69,9.3768,7.3034,1.0006,0.8053,0.8213,4.7138,5.3367,413858.8892,413858.8892,162018.4906,2458321.8018,2458321.8018
300845.SZ,20250530,10.34,8.3832,9.5406,1.17,38.3293,39.7752,2.6981,5.4848,5.4684,1.3084,2.3994,20362.9095,14259.7223,12529.7892,210552.4842,147445.5286
603565.SH,20250530,10.12,0.5511,1.551,1.02,11.5793,10.6601,2.1386,1.8877,1.9248,7.1146,7.8063,210006.3103,210006.3103,74613.4754,2125263.8602,2125263.8602
002076.SZ,20250530,1.89,3.8834,4.4022,0.74,,,7.2353,10.924,10.0715,0.0,,110912.4491,102894.0354,90767.6706,209624.5288,194469.7269
688409.SH,20250530,51.48,1.9833,2.5187,1.3,77.788,131.2951,3.4496,5.1862,5.085,1.04,1.04,30621.0771,17721.3527,13954.786,1576373.0491,912295.237
688503.SH,20250530,31.1,1.6956,1.8899,1.01,18.0073,17.4306,1.5849,0.6028,0.6008,2.3918,2.3918,24203.3643,18066.4831,16209.0466,752724.6297,561867.6244
002270.SZ,20250530,15.25,0.2969,0.5257,0.66,22.2488,20.7484,4.0838,5.8855,5.7414,5.377,2.1377,89622.5431,89621.1069,50608.0234,1366743.7823,1366721.8802
301112.SZ,20250530,41.21,34.734,34.734,0.86,917.859,190.5079,3.6886,6.8275,6.6308,0.2912,0.2912,11026.66,3625.6909,3625.6909,454408.6586,149414.722
001872.SZ,20250530,20.66,0.1263,0.9787,0.75,11.4427,11.3075,0.8255,3.2037,3.1361,2.8053,2.8053,250138.4781,174477.9814,22525.3166,5167860.9575,3604715.0957
000877.SZ,20250530,4.61,0.1725,0.9144,0.96,,,0.4025,0.3768,0.383,3.013,,711049.1694,711049.0194,134113.7338,3277936.6709,3277935.9794
600664.SH,20250530,3.83,2.6805,5.0182,1.24,15.339,14.5043,1.734,0.5963,0.5951,0.0,,251850.9876,251850.9876,134527.2853,964589.2825,964589.2825
603085.SH,20250530,11.25,1.912,3.4797,0.95,,,5.1323,2.0036,1.8603,0.0,,39710.0,37022.5434,20342.6121,446737.5,416503.6133
002978.SZ,20250530,30.75,0.5056,2.1903,1.44,17.0423,17.0414,1.7325,7.8155,7.3983,2.7566,2.7566,47198.9958,29900.0,6902.0,1451369.1209,919425.0
688098.SH,20250530,5.92,0.7036,1.3111,0.98,,,1.7283,8.0122,8.266,0.5912,0.5912,41064.4,41064.4,22035.7285,243101.248,243101.248
300432.SZ,20250530,17.31,1.9374,3.339,0.82,53.2789,43.9636,4.6917,2.4958,2.1858,0.0,,122125.7316,120764.1029,70071.607,2113996.414,2090426.6212
301221.SZ,20250530,50.3,5.2372,5.2372,1.06,156.1879,81.5494,2.3457,7.6706,7.5131,0.1988,0.1988,9262.23,4364.8925,4364.8925,465890.169,219554.0928
002246.SZ,20250530,11.57,3.6102,6.7567,0.82,,515.4596,2.2293,3.2625,3.0337,0.4322,0.605,54903.4794,54903.4794,29336.1431,635233.2567,635233.2567
000952.SZ,20250530,6.08,1.7864,2.3968,1.24,,,2.0674,3.3299,3.5036,0.0,,34985.5339,34399.6035,25639.2743,212712.0461,209149.5893
603215.SH,20250530,16.55,4.5198,11.9135,1.0,22.3551,21.6019,2.6195,1.5154,1.375,2.2455,2.2455,18850.8399,18722.838,7103.253,311981.4003,309862.9689
301130.SZ,20250530,29.02,8.1407,10.701,2.76,55.1264,64.3066,2.4832,8.6577,9.1761,0.9016,0.8959,7649.4685,5862.5634,4459.9004,221987.5759,170131.5899
920344.BJ,20250530,23.76,4.9773,13.4155,1.91,130.5292,362.0513,4.7557,11.2816,11.412,0.3157,0.3157,12181.0,11356.0796,4213.2477,289420.56,269820.4513
002832.SZ,20250530,16.31,1.3172,1.6247,0.78,11.9231,12.4103,1.7197,2.3245,2.3142,6.1312,6.1312,57070.7084,38941.8284,31572.3584,930823.254,635141.2212
605499.SH,20250530,320.0,0.4712,1.4015,1.05,50.0207,45.6798,22.615,10.5061,9.672,1.2019,1.3822,52001.3,52001.3,17483.291,16640416.0,16640416.0
600630.SH,20250530,8.32,1.9383,2.7723,1.07,88.3894,89.6729,4.5708,1.9967,1.9946,0.1442,0.1442,42486.1597,42486.1597,29705.04,353484.8487,353484.8487
688646.SH,20250530,25.82,1.9322,1.9322,1.15,101.0063,139.9026,1.592,3.5504,3.0385,1.76,1.76,9516.2608,5803.3362,5803.3362,245709.8539,149842.1407
600807.SH,20250530,3.07,2.8278,3.7074,0.57,,,39.948,7.2971,6.7173,0.0,,88463.4731,78701.8464,60029.3124,271582.8624,241614.6684
601328.SH,20250530,7.6,0.2994,0.5116,1.22,6.0308,6.0061,0.578,2.1722,2.178,4.9342,4.987,7426272.6645,3925086.4015,2296728.4001,56439672.2502,29830656.6514
600559.SH,20250530,17.07,0.8187,1.0979,0.95,19.8384,19.4376,2.858,2.9146,2.8941,2.6362,2.6362,91474.7444,90427.1444,67427.7412,1561473.8869,1543591.3549
300420.SZ,20250530,3.33,10.5332,13.124,3.15,,,1.6104,3.6797,3.7447,0.4505,0.4505,111638.3561,111629.6861,89592.7519,371755.7258,371726.8547
300639.SZ,20250530,5.6,2.4275,4.0201,0.58,,,0.9004,4.4393,4.7233,1.1527,,64650.0674,63516.4371,38353.6635,362040.3774,355692.0478
688382.SH,20250530,30.8,4.7021,4.7021,1.92,,,10.0622,105.5303,105.7917,,,57832.7844,40129.7964,40129.7964,1781249.7595,1235997.7291
301258.SZ,20250530,30.38,21.8683,21.8683,0.91,169.7494,80.5915,1.4579,6.4846,6.2406,1.9748,1.9748,9167.0,3387.2,3387.2,278493.46,102903.136
688100.SH,20250530,33.57,0.1929,0.6816,0.62,26.172,25.0531,5.6745,6.0136,5.7872,1.2809,1.5422,49168.5175,49168.5175,13915.2269,1650587.1325,1650587.1325
600596.SH,20250530,7.92,0.8699,1.1926,0.78,207.9255,,0.8567,0.7288,0.7467,1.2626,,134959.7049,129297.1908,94316.7142,1068880.8628,1024033.7511
300961.SZ,20250530,17.64,19.3083,27.8972,1.67,,,4.0734,8.4104,9.0129,0.0,,17728.0,15189.1183,10512.7343,312721.92,267936.0468
603296.SH,20250530,66.31,1.4149,3.1494,1.13,23.0207,21.2997,2.8792,0.6131,0.5236,1.2901,1.2901,101589.062,57143.0929,25671.5969,6736370.7012,3789158.4902
600519.SH,20250530,1522.0,0.2487,0.5689,1.49,22.173,21.4799,7.4003,11.1875,10.8803,3.5978,3.5978,125619.78,125619.78,54913.6536,191193305.16,191193305.16
300296.SZ,20250530,5.89,2.371,2.531,0.92,,,2.035,2.2342,2.2777,0.7913,1.6958,271197.7222,227452.7078,213077.5578,1597354.5838,1339696.4489
601567.SH,20250530,22.0,1.1227,2.3504,0.85,13.7384,13.0179,2.4654,2.1261,2.0414,2.9308,2.9308,141100.6571,141096.4771,67397.3388,3104214.4562,3104122.4962
605336.SH,20250530,21.05,1.401,4.3842,0.96,64.0265,104.9743,2.0067,8.9885,10.6929,2.9454,2.9454,18341.245,18341.245,5861.245,386083.2073,386083.2073
002445.SZ,20250530,2.42,1.4579,2.2675,0.85,100.7953,46.09,2.5942,6.2832,5.8348,0.0,,239166.8331,238144.1773,153110.4321,578783.7361,576308.9091
002397.SZ,20250530,3.56,2.304,3.3544,0.87,107.0042,101.9939,2.2306,1.5524,1.6269,0.0,,74778.1443,61263.7487,42079.2886,266210.1937,218098.9454
000600.SZ,20250530,6.79,3.4172,6.0504,0.7,23.1289,16.9822,1.1252,0.5224,0.5231,1.1782,1.1782,180929.9376,109005.0876,61564.0593,1228514.2763,740144.5448
600322.SH,20250530,2.51,2.0416,2.6826,0.46,,,,1.0235,1.0193,0.0,,110570.0,110570.0,84151.356,277530.7,277530.7
600448.SH,20250530,3.6,13.8762,17.0542,0.68,,,1.8795,0.7727,0.7482,0.0,,62981.9662,62981.9662,51245.5192,226735.0783,226735.0783
688253.SH,20250530,32.7,2.1011,2.1011,0.87,18.0758,22.7588,2.1635,7.181,8.1614,1.2197,1.2197,13645.8196,6881.068,6881.068,446218.3009,225010.9236
603377.SH,20250530,2.74,0.6217,1.0141,0.57,,,2.2655,2.426,2.5838,0.0,,71486.7547,71486.7547,43821.9947,195873.7079,195873.7079
002487.SZ,20250530,27.4,0.8151,1.351,0.78,36.8754,26.8074,2.3291,4.6233,3.9204,0.6642,0.6642,63774.9349,63092.0266,38068.336,1747433.2163,1728721.5288
300263.SZ,20250530,6.84,1.6191,1.9383,1.13,47.2109,51.0915,2.002,2.2823,2.2848,0.4321,0.7202,90446.0201,77251.3476,64528.0703,618650.7775,528399.2176
603421.SH,20250530,6.35,1.1839,2.721,1.21,,,1.3812,1.3418,1.4555,0.9606,0.9606,65219.0511,65219.0511,28376.7874,414140.9745,414140.9745
688006.SH,20250530,17.06,0.2142,0.6385,0.68,31.5584,38.2652,1.9657,3.4546,3.7082,2.6377,2.9777,60367.2152,60367.2152,20252.3574,1029864.6913,1029864.6913
603258.SH,20250530,20.63,2.5827,5.9563,0.67,164.9731,,2.2961,9.1646,9.7919,2.1105,1.119,24453.235,24064.235,10434.5273,504470.2381,496445.1681
300146.SZ,20250530,11.68,1.199,1.4226,1.06,30.4302,52.1674,1.8222,2.905,3.3199,7.6342,3.0506,170084.5431,112998.7059,95233.4123,1986587.4634,1319824.8849
920505.BJ,20250530,42.0,6.8752,14.8399,0.9,112.624,108.0291,8.371,17.9829,17.8016,0.2453,0.3557,6486.773,3627.7191,1680.7013,272444.466,152364.2022
601801.SH,20250530,6.71,0.4386,1.9955,0.91,18.6356,16.4701,1.1093,1.2222,1.2431,6.0358,6.0358,195793.1237,195793.1237,43032.2372,1313771.86,1313771.86
920221.BJ,20250530,22.18,11.309,15.3984,1.81,39.6452,39.3041,5.1751,6.6736,6.6519,0.9017,0.9017,9670.0,4138.5057,3039.42,214480.6,91792.0564
300879.SZ,20250530,44.0,8.738,18.4247,0.69,552.6177,54.0288,6.3829,5.057,3.3694,0.0,0.047,20239.8833,20102.8448,9533.8721,890554.8652,884525.1712
603190.SH,20250530,22.5,3.7767,3.7767,0.89,29.9665,37.9356,1.2618,1.5469,1.5376,2.0444,2.0444,12000.0,4051.948,4051.948,270000.0,91168.83
688711.SH,20250530,16.31,1.2046,1.4645,0.83,,,3.3551,2.608,2.5117,0.3938,0.3938,21288.4185,21288.4185,17510.1147,347214.1057,347214.1057
920833.BJ,20250530,20.61,4.9912,11.0318,1.16,68.4575,55.1771,2.7454,4.0013,3.8714,2.1834,0.7278,8236.0,6246.675,2826.2478,169743.96,128743.9718
601991.SH,20250530,3.19,0.5747,2.1212,0.84,13.1012,10.9061,1.8269,0.4781,0.4802,0.2351,0.2351,1850671.0504,1239608.9106,335854.3159,5903640.6508,3954352.4248
002129.SZ,20250530,7.58,0.674,0.9619,1.15,,,1.0543,1.0784,1.2465,3.4258,3.4258,404311.5773,404001.3796,283073.5696,3064681.7559,3062330.4574
300645.SZ,20250530,14.84,6.4287,8.9806,2.09,175.833,199.4147,2.0796,1.7647,1.7655,0.2633,0.1316,14208.667,14206.792,10169.7541,210856.6183,210828.7933
600572.SH,20250530,4.55,1.5076,2.3891,1.38,18.895,19.7407,1.6755,1.8051,1.8446,4.2832,4.2832,258473.5109,257799.3256,162677.326,1176054.4746,1172986.9315
300386.SZ,20250530,18.79,24.5677,30.944,2.09,,,5.2784,11.0235,10.5116,0.0,,41804.4,24821.5153,19706.7437,785504.676,466396.2725
600233.SH,20250530,13.18,0.8511,1.8842,0.75,11.3221,11.5712,1.3961,0.6581,0.6429,2.634,2.634,344675.3438,344675.3438,155679.9282,4542821.0313,4542821.0313
603319.SH,20250530,34.0,8.1434,10.6453,1.37,49.7914,47.1755,3.3697,4.1746,4.0543,1.0081,1.0081,24278.2822,24224.977,18531.3998,825461.5948,823649.218
603110.SH,20250530,15.71,3.2406,4.097,0.64,226.4949,221.0203,4.4788,7.2482,7.3601,0.0,,20122.6732,20122.6732,15916.4489,316127.196,316127.196
600667.SH,20250530,6.33,0.6251,0.9369,1.0,20.2792,21.2623,1.5455,0.3791,0.3791,1.6588,1.6588,210619.0178,210619.0178,140516.371,1333218.3827,1333218.3827
920278.BJ,20250530,10.75,5.721,7.4449,1.22,68.6894,63.088,4.8681,5.4904,5.5695,0.9223,0.9223,17600.0,7554.8,5805.5162,189200.0,81214.1
688416.SH,20250530,37.78,3.458,3.458,1.29,,,2.3526,8.4157,8.5389,,,8292.9413,4780.1677,4780.1677,313307.3223,180594.7357
002218.SZ,20250530,3.12,0.8007,1.2972,0.9,408.6667,,1.064,3.3355,3.4124,0.6389,0.6389,141302.0549,139239.8249,85945.3237,440862.4113,434428.2537
603178.SH,20250530,19.31,3.9639,10.7242,0.62,153.438,,3.6022,2.8195,2.7691,0.3625,0.3625,23641.1881,23641.1881,8738.2991,456511.3422,456511.3422
920493.BJ,20250530,140.06,4.1022,5.7379,0.96,683.6285,626.7487,21.0727,12.591,11.4132,,,5884.825,4049.3168,2895.0168,824228.5895,567147.311
600731.SH,20250530,6.5,2.6999,3.5308,1.07,13.6842,11.6287,1.1291,1.4699,1.4196,3.0769,3.0769,55874.2416,55798.2665,42667.5816,363182.5704,362688.7323
603600.SH,20250530,10.01,2.2845,4.719,1.24,11.1931,10.6584,1.4978,0.6981,0.6762,5.5944,4.5954,33121.317,30081.8034,14562.9563,331544.3832,301118.852
301141.SZ,20250530,37.14,2.6518,2.6518,0.9,278.1616,177.4847,3.6228,8.4307,7.8555,0.577,,12403.2605,4451.2605,4451.2605,460657.095,165319.815
300886.SZ,20250530,26.35,14.1466,20.6724,0.68,89.2232,71.2704,3.4011,5.7098,5.4124,0.0,,7479.8,4364.63,2986.815,197092.73,115008.0005
600050.SH,20250530,5.36,0.493,1.1975,0.75,18.5581,18.2367,1.0008,0.4301,0.4259,2.7688,2.7688,3126442.5327,3076682.6127,1266637.6291,16757731.9753,16491018.8041
300149.SZ,20250530,10.27,33.3537,53.5705,2.49,,,4.1911,5.2711,5.1301,0.0,,49796.3992,49708.4411,30949.1802,511409.0198,510505.6901
002197.SZ,20250530,5.78,4.4716,5.2013,1.61,,,1.6573,3.8386,3.992,0.0,,61436.2928,53400.0012,45908.5058,355101.7724,308652.0069
688270.SH,20250530,45.38,2.1349,2.1349,0.71,544.1942,211.195,4.4961,32.0183,30.1536,0.2676,,21405.16,14423.1696,14423.1696,971366.1608,654523.4364
300093.SZ,20250530,11.4,5.8864,7.8318,1.08,,,,19.9103,16.1452,0.0,,21600.0,21565.68,16208.6774,246240.0,245848.752
600026.SH,20250530,10.1,0.5478,1.5122,1.43,11.9372,13.7335,1.3189,2.073,2.0806,5.6436,5.6436,477077.6395,347477.6395,125870.4041,4818484.159,3509524.159
002145.SZ,20250530,4.22,0.8185,1.2505,0.79,28.4284,28.3067,1.3812,2.3367,2.1501,1.1492,0.364,380667.2183,374826.5532,245352.0302,1606415.6612,1581768.0545
300310.SZ,20250530,6.11,4.8991,4.915,1.09,,,2.8428,2.1528,2.1756,0.0,,88165.8531,69174.0446,68950.4782,538693.3624,422653.4125
600338.SH,20250530,9.75,1.0636,1.1558,1.1,38.8208,23.4402,2.3345,5.4368,4.6776,0.0,,91421.0168,91421.0168,84128.0672,891354.9138,891354.9138
300255.SZ,20250530,37.39,7.1579,10.3192,1.24,,,21.9441,33.3366,34.5296,0.0,,91906.0878,91607.7684,63543.2956,3436368.6228,3425214.4605
002116.SZ,20250530,10.18,0.8624,1.64,0.77,14.1476,14.5695,1.8284,0.6955,0.7154,2.5719,2.5719,46605.6258,45717.3227,24040.3792,474445.2706,465402.3451
000959.SZ,20250530,3.55,0.4133,2.0594,1.24,58.5821,33.5218,0.5525,0.2548,0.2621,0.8473,0.8473,777398.102,650726.3647,130589.0145,2759763.2621,2310078.5947
000027.SZ,20250530,6.5,1.1028,4.39,4.06,15.4218,13.7334,0.9471,0.7503,0.7472,2.1538,2.1538,475738.9916,475738.9916,119510.6804,3092303.4454,3092303.4454
688685.SH,20250530,58.89,1.751,2.8889,0.73,188.0462,109.7112,10.7511,17.9631,14.3951,0.1006,0.1006,14542.6667,14542.6667,8814.4333,856417.642,856417.642
688191.SH,20250530,28.45,1.4984,2.9876,1.13,86.1587,103.5216,4.9638,4.5565,4.4258,1.0422,1.0422,15547.0047,15547.0047,7797.3195,442312.2837,442312.2837
603976.SH,20250530,17.56,0.7073,2.4575,1.17,49.8623,61.5816,2.2639,3.3142,3.7032,1.7084,1.9704,15120.2102,15120.2102,4351.986,265510.8911,265510.8911
688063.SH,20250530,42.84,0.9206,1.3941,0.69,255.7013,,1.15,5.243,5.2258,1.7249,1.7249,24535.9249,24535.9249,16201.9647,1051119.0227,1051119.0227
002217.SZ,20250530,2.2,0.9176,1.7858,1.44,10.831,8.6177,8.8466,12.4031,12.1373,0.0,,747939.8928,568036.4278,291877.8874,1645467.7642,1249680.1412
920689.BJ,20250530,43.83,10.9846,16.5393,0.74,58.8619,61.0164,6.736,6.0846,5.9906,1.1408,1.1408,7340.0,3793.0617,2519.162,321712.2,166249.8943
000532.SZ,20250530,14.8,3.6924,7.1145,0.76,32.591,60.1167,3.3509,10.5002,10.2169,0.4392,0.4392,34470.834,34354.9746,17830.1088,510168.3432,508453.6241
002326.SZ,20250530,11.85,2.6405,3.3217,0.45,,,4.0419,2.3894,2.2715,0.0,,92540.0795,80403.2935,63915.3335,1096599.9421,952779.028
002808.SZ,20250530,4.55,9.6631,12.3344,1.11,,,4.3501,7.5612,7.2876,0.4396,0.4396,26880.0,18686.1056,14639.1808,122304.0,85021.7805
603903.SH,20250530,7.45,1.6116,2.929,1.06,,,1.2521,1.7979,1.8935,2.5772,2.5772,25531.948,25531.948,14048.1904,190213.0126,190213.0126
300086.SZ,20250530,5.14,4.1421,5.7999,1.15,,,2.0698,4.9477,4.8686,0.0,,45512.4411,44068.2522,31472.2026,233933.9473,226510.8163
600298.SH,20250530,38.1,0.657,1.0697,0.79,24.9712,24.0437,2.9524,2.1765,2.1328,1.2966,,86813.8471,85715.0471,52644.2726,3307607.5745,3265743.2945
600509.SH,20250530,6.38,1.0558,1.6103,0.72,35.2953,31.1057,1.1471,0.9458,0.9532,2.4811,2.4811,137439.7407,137439.7407,90112.1667,876865.5457,876865.5457
002224.SZ,20250530,4.81,15.9111,21.5773,1.42,131.067,91.8954,1.3371,4.8513,4.6067,0.6237,0.6237,90211.6324,80638.0369,59462.6383,433917.9518,387868.9575
002613.SZ,20250530,3.62,2.5885,3.4067,0.66,65.9167,102.5329,1.7892,2.4383,2.4822,1.529,1.529,110056.8692,77225.6538,58679.5262,398405.8665,279556.8668
300711.SZ,20250530,20.9,0.9731,2.9073,0.89,70.494,63.4343,7.2986,9.5795,9.5865,0.4785,0.9569,24917.0606,24842.6804,8314.9239,520766.5665,519212.0204
003007.SZ,20250530,28.3,2.5948,4.8758,1.02,89.1261,162.6889,3.4069,7.0452,7.3835,0.6919,0.6919,10400.0,7406.7636,3941.7009,294320.0,209611.4099
603337.SH,20250530,38.6,0.936,2.681,0.73,22.7979,21.2836,3.8544,3.0389,2.9593,2.005,2.005,47974.1591,47297.5791,16512.6871,1851802.5413,1825686.5533
300243.SZ,20250530,10.19,8.7568,10.3449,1.46,115.5914,145.1365,2.3899,1.2754,1.2846,0.9813,0.9813,25042.6416,19451.3199,16465.2094,255184.5179,198208.9498
688175.SH,20250530,17.98,1.4727,1.7047,0.58,,,1.3208,8.7254,8.6248,0.7992,0.5562,12931.7,7331.7,6333.7374,232511.966,131823.966
603098.SH,20250530,9.62,0.5401,1.5543,0.78,70.5823,60.2116,1.8592,1.7683,1.7104,0.5198,0.5198,53969.9978,53879.9978,18724.5546,519191.3788,518325.5788
600603.SH,20250530,6.82,0.248,0.5797,0.67,15.9925,15.9518,1.133,2.1778,2.3393,0.0,,119332.9151,119332.9151,51048.6002,813850.481,813850.481
000925.SZ,20250530,7.36,1.8593,1.8593,1.01,204.3524,4305.376,1.4966,2.4598,2.4997,0.2017,0.2017,67636.9858,67324.4308,67324.4308,497808.2155,495507.8107
688326.SH,20250530,105.01,4.9653,7.0303,1.27,,,3.2415,2.2735,2.1067,,,11996.736,9004.0181,6359.331,1259777.2474,945511.9407
605222.SH,20250530,14.83,0.6826,2.3299,1.12,45.1905,50.8446,1.3526,0.269,0.2772,1.0926,1.0926,41290.0871,41290.0871,12097.0971,612331.9917,612331.9917
688536.SH,20250530,145.01,2.2805,3.6162,1.43,,,3.6358,15.7671,13.3409,,,13260.1444,13260.1444,8362.579,1922853.5394,1922853.5394
000505.SZ,20250530,6.41,1.616,3.6487,1.13,178.326,286.9812,1.4764,0.4075,0.4691,1.1076,1.1076,72695.0251,62251.5364,27570.0371,465975.1109,399032.3483
688203.SH,20250530,10.22,0.6618,0.8478,0.61,58.3409,71.8487,1.3904,2.4508,2.4124,0.7828,,20267.8068,11772.7907,9190.7729,207136.9855,120317.921
300722.SZ,20250530,29.88,3.9817,11.9413,1.87,104.4355,110.0497,13.9713,18.5797,19.7023,0.4462,0.6024,27675.648,27675.648,9228.0606,826948.3622,826948.3622
688981.SH,20250530,82.09,0.7331,0.8151,0.81,177.2401,144.2015,4.3847,11.3426,10.6589,,,798576.8137,198835.9129,178843.0154,65555170.6366,16322440.09
300584.SZ,20250530,28.38,26.936,38.7626,0.83,84.6787,81.2849,3.2811,6.7523,6.2782,0.1762,0.1762,12000.0,8211.5121,5706.1481,340560.0,233042.7134
003040.SZ,20250530,14.14,10.5991,21.893,3.34,302.5041,312.5427,4.4566,6.2176,6.2099,1.075,0.2122,46113.5972,45685.0258,22117.5708,652046.2644,645986.2648
688032.SH,20250530,99.64,0.3692,1.0835,0.84,35.9153,46.379,1.9532,6.2032,6.1882,2.4036,2.4036,12407.3545,12407.3545,4227.5755,1236268.8024,1236268.8024
605128.SH,20250530,28.58,0.9848,1.7446,0.8,44.0311,43.7758,3.0382,2.6509,2.8194,0.4972,0.9058,21113.8706,19387.8445,10944.1337,603434.4217,554104.5958
000983.SZ,20250530,6.02,0.8292,1.587,0.88,10.9961,12.0386,0.9182,0.7546,0.7809,13.289,13.289,567710.1059,464021.3529,242458.7911,3417614.8375,2793408.5445
688338.SH,20250530,24.12,0.5847,1.0819,0.83,22.6563,24.2203,1.5444,8.3701,8.5713,1.0779,1.0779,10614.24,10614.24,5736.2255,256015.4688,256015.4688
002638.SZ,20250530,2.29,1.5791,2.4967,1.13,,,1.4742,8.6935,7.9697,0.0,,143659.4349,134705.7259,85197.9769,328980.1059,308476.1123
301195.SZ,20250530,37.91,6.8813,8.1878,0.94,24.883,24.2377,2.0656,4.4336,4.3434,1.7716,,13206.984,4964.349,4172.2185,500676.7634,188198.4706
002081.SZ,20250530,3.57,0.5773,1.141,1.25,17.4308,17.0883,0.6858,0.5172,0.5104,2.8011,2.8011,265532.3689,264379.1927,133761.6615,947950.557,943833.7179
300423.SZ,20250530,6.92,2.3399,2.7848,1.06,,,2.5922,2.3657,2.5391,0.0,,49751.129,33332.0825,28006.7703,344277.8127,230658.0109
603102.SH,20250530,43.95,6.2042,6.2042,0.65,20.1911,20.1397,1.7173,3.5099,3.4312,1.6793,1.6793,6400.0,3586.4455,3586.4455,281280.0,157624.2797
300359.SZ,20250530,5.48,1.47,2.3298,0.9,,,6.0307,7.842,8.2349,0.0,,63333.3422,63330.1697,39960.3938,347066.7153,347049.33
002452.SZ,20250530,6.94,1.8716,1.9656,1.12,17.0767,16.8279,1.7924,2.4459,2.3329,0.9872,1.1527,62033.2085,51590.479,49123.768,430510.467,358037.9243
688088.SH,20250530,43.0,0.7143,1.2636,0.88,97.6328,89.7593,6.2352,21.1615,20.5238,0.8595,0.8595,40117.04,40117.04,22677.1244,1725032.72,1725032.72
002853.SZ,20250530,13.16,1.7222,2.6031,0.7,,,2.719,2.7173,2.8729,1.5198,1.5198,18291.5948,12870.4815,8515.2293,240717.3876,169375.5365
002044.SZ,20250530,5.18,1.4016,1.9308,0.75,71.8396,69.0787,2.6588,1.8946,1.903,0.3668,0.3668,391425.3923,387244.872,281103.822,2027583.5321,2005928.437
000151.SZ,20250530,12.84,7.0285,10.6554,1.15,,,12.7514,3.5323,4.3218,0.0,,33737.0728,30793.4695,20311.8595,433184.0148,395388.1484
001389.SZ,20250530,47.82,1.0427,1.0427,0.81,30.0765,26.3613,6.507,5.4454,5.0,0.5192,1.0038,42523.5,15024.258,15024.258,2033473.77,718460.0176
600841.SH,20250530,6.05,3.4598,11.0049,0.72,,,2.5376,1.2982,1.3968,0.0,,138782.1784,104302.4484,32790.941,839632.1793,631029.8128
300968.SZ,20250530,13.27,1.2359,2.6566,0.89,103.4639,163.5123,2.8998,4.4944,4.5982,0.3768,0.3768,41338.0,41338.0,19231.8537,548555.26,548555.26
300634.SZ,20250530,25.05,3.6966,6.6531,0.78,49.113,51.4037,4.0794,6.8412,6.586,0.8302,0.6649,45121.09,43468.09,24151.7478,1130283.3045,1088875.6545
300295.SZ,20250530,17.07,6.4784,6.9291,1.65,,,2.8647,26.3681,30.576,0.0,,18961.3714,16754.8624,15665.1778,323670.6098,286005.5012
688370.SH,20250530,19.16,1.0307,1.0307,0.78,29.182,36.13,0.9818,4.4129,4.5006,1.8955,1.8955,13710.7879,4374.9116,4374.9116,262698.6962,83823.3063
301106.SZ,20250530,27.78,2.7995,2.7995,1.01,29.5725,28.5815,2.3256,3.4216,3.2938,1.0285,1.4399,10162.1335,2918.5334,2918.5334,282304.0686,81076.8579
300126.SZ,20250530,6.69,3.5461,5.2079,1.38,,,1.9186,4.6513,4.4878,0.147,0.147,30395.76,21065.2704,14343.4672,203347.6344,140926.659
920578.BJ,20250530,28.35,6.6226,6.6226,0.95,,293.1918,8.0889,8.5836,8.6297,,,7647.9097,2300.0,2300.0,216818.24,65205.0
301093.SZ,20250530,30.28,5.4629,10.2774,1.21,77.1511,66.7789,1.6892,6.5221,6.3171,2.0293,2.0293,12630.8942,12610.3967,6702.9599,382463.4764,381842.8121
600827.SH,20250530,9.29,0.4016,0.9161,0.69,10.5745,10.5734,0.8341,0.5989,0.6269,1.2917,1.2917,178416.8117,160444.992,70337.9552,1657492.1807,1490533.9757
300718.SZ,20250530,69.14,4.2466,7.0683,0.85,90.1703,89.8543,12.448,18.1613,18.0658,0.5803,0.5803,29877.903,19386.4233,11647.2288,2065758.2134,1340377.307
600330.SH,20250530,6.64,0.8812,1.0865,1.1,92.3098,88.6845,1.0235,2.6668,2.7847,1.1967,0.3269,123343.4416,123343.4416,100035.6343,819000.4522,819000.4522
300378.SZ,20250530,33.33,2.0742,2.6545,0.75,58.1166,57.613,4.1371,3.8811,3.8521,0.3404,,27139.283,26938.058,21049.7073,904552.3024,897845.4731
000708.SZ,20250530,11.37,0.2638,1.6338,1.53,11.1959,11.1438,1.4572,0.5255,0.5333,4.9664,4.461,504715.7211,504715.7211,81506.4511,5738617.7489,5738617.7489
603501.SH,20250530,124.6,0.6738,1.0131,1.01,45.6276,41.7555,6.0667,5.893,5.7093,0.2688,0.2688,121694.8288,121694.8288,80934.3376,15163175.6685,15163175.6685
603399.SH,20250530,8.51,1.0246,1.8167,0.6,171.4914,,2.5525,0.7395,0.7871,0.0,,51229.0649,51229.0649,28892.4122,435959.3423,435959.3423
301616.SZ,20250530,41.12,8.288,8.288,0.94,35.3955,33.9647,2.5387,3.6884,3.534,,,8000.0,2000.0,2000.0,328960.0,82240.0
603288.SH,20250530,44.42,0.1716,0.6565,0.67,38.9339,37.2687,7.4629,9.1819,8.9745,1.4819,1.4819,556060.0544,556060.0544,145373.4558,24700187.6164,24700187.6164
300158.SZ,20250530,4.43,7.0514,10.0946,1.12,,,1.2164,1.4989,1.513,0.0,,100531.9756,100253.7163,70030.6972,445356.6519,444123.9632
688017.SH,20250530,116.0,1.5104,2.5525,0.55,378.376,377.4847,6.1681,54.8582,52.6694,0.2381,0.2381,18321.2735,16876.3868,9985.8595,2125267.726,1957660.8688
002626.SZ,20250530,17.95,1.67,3.5836,0.76,32.0139,27.8628,2.4962,3.3791,3.2936,1.1142,1.1142,60993.4771,60984.4771,28420.4446,1094832.9139,1094671.3639
600816.SH,20250530,2.68,0.5301,0.8434,1.07,496.2678,448.2732,1.9034,5631.7817,,0.0,,984444.8254,546913.7919,343759.4815,2638312.1321,1465728.9623
688670.SH,20250530,13.1,0.7826,2.1845,0.98,,,1.2809,19.9736,20.3653,,,12320.0,12320.0,4413.5585,161392.0,161392.0
301179.SZ,20250530,13.2,3.0269,3.0269,0.85,24.2761,25.5235,2.2889,3.9335,3.8734,3.3684,2.9932,40172.0697,10234.4697,10234.4697,530271.32,135095.0
002909.SZ,20250530,6.23,4.406,7.3322,0.63,126.0218,102.1294,2.6955,1.8909,1.8664,0.8037,1.5892,39000.0,38100.3758,22894.7396,242970.0,237365.3412
688638.SH,20250530,30.89,1.3748,1.3748,1.26,,,1.8799,3.4159,3.6736,0.3237,0.3237,5600.0,2579.3561,2579.3561,172984.0,79676.3099
002043.SZ,20250530,10.11,1.0276,1.6774,0.9,14.3735,14.0706,2.9114,0.9155,0.9371,8.1511,5.8589,83205.8923,73628.3755,45104.4561,841211.5712,744382.8763
688563.SH,20250530,54.77,1.5649,1.5649,2.05,42.4176,43.4196,2.3788,8.4057,8.4802,0.9586,0.88,45000.0,11518.8993,11518.8993,2464650.0,630890.1147
000833.SZ,20250530,11.48,4.235,5.1824,1.19,33.0547,27.6343,2.5072,3.2931,3.2156,0.4138,0.4138,80208.2221,45370.2026,37075.8377,920790.3897,520849.9258
600833.SH,20250530,13.78,6.4217,11.665,0.57,18.8526,23.3337,2.6969,1.6052,1.5708,0.9071,0.9071,22308.6347,22308.6347,12281.1613,307412.9862,307412.9862
603680.SH,20250530,10.4,2.1303,15.6939,1.69,26.9831,19.9735,1.4896,1.8115,1.7357,1.1538,1.1538,78371.8767,78371.8767,10638.1717,815067.5177,815067.5177
002188.SZ,20250530,5.16,2.8447,3.7098,0.8,238.3908,170.2305,5.42,4.6503,4.5247,0.0,,32710.3864,25736.3007,19735.0005,168785.5938,132799.3116
000778.SZ,20250530,3.51,0.8533,1.4028,1.61,83.0781,104.1792,0.5453,0.3843,0.3925,1.7198,1.7198,396318.2285,389362.4752,236833.1013,1391076.982,1366662.288
600234.SH,20250530,7.15,2.2127,4.1789,0.95,46.9527,38.3008,3.9886,5.0115,4.4452,0.0,,26252.0973,26252.0973,13899.8888,187702.4957,187702.4957
603881.SH,20250530,28.56,2.4551,4.6839,0.98,129.3392,121.6962,5.2309,9.9374,9.8593,0.3022,0.3022,59864.7499,59864.7499,31378.426,1709737.2571,1709737.2571
002025.SZ,20250530,50.48,0.966,1.6442,0.8,66.4457,137.1565,3.5426,4.5897,4.7287,0.7528,0.7528,45687.0256,45255.1887,26588.2132,2306281.0523,2284481.9256
002915.SZ,20250530,18.71,9.4346,15.8785,0.71,,,4.6774,4.3358,4.2215,0.0,,32546.8375,28830.6375,17130.3767,608951.3296,539421.2276
000725.SZ,20250530,3.8,0.9423,1.0824,1.28,26.8729,24.0283,1.0793,0.7211,0.7044,0.7896,0.7896,3764501.6203,3693976.4136,3215829.7949,14305106.1571,14037110.3717
600113.SH,20250530,14.14,0.4778,1.0495,0.46,44.2293,42.4677,2.4986,8.2463,8.1596,1.2735,0.8487,42136.666,41143.116,18732.9152,595812.4572,581763.6602
000543.SZ,20250530,7.38,0.8084,1.8686,0.74,8.107,8.1424,1.0366,0.5559,0.5666,2.9946,,226686.3331,226686.3331,98063.3989,1672945.1383,1672945.1383
603089.SH,20250530,12.35,8.8866,24.8619,2.0,39.2033,32.5053,2.1918,1.2165,1.1218,0.0,,22684.9703,22684.9703,8108.4906,280159.3832,280159.3832
601860.SH,20250530,2.9,1.8937,2.4703,1.23,6.5394,6.474,0.5398,2.3789,2.4101,3.4483,5.1724,366098.4783,355156.8467,272254.3862,1061685.5871,1029954.8554
600131.SH,20250530,18.05,0.5034,1.2105,1.07,31.7724,31.1254,3.1822,2.9642,2.927,1.1475,1.1475,120131.6544,119590.5149,49731.7834,2168376.3619,2158608.7939
920263.BJ,20250530,14.95,10.4273,19.429,0.76,39.0525,30.435,3.6783,6.2832,6.3797,0.9472,1.903,14124.2896,10259.3737,5506.0753,211158.1295,153377.6368
002799.SZ,20250530,7.79,1.0262,1.9886,0.87,,,1.9376,1.7852,2.1049,0.4621,0.4621,32004.0,32003.58,16515.136,249311.16,249307.8882
603390.SH,20250530,18.0,28.8008,78.6886,2.35,247.1925,194.3171,3.9404,9.5093,8.6952,0.4445,0.4445,35167.1984,34975.5265,12801.3985,633009.5712,629559.477
688612.SH,20250530,24.75,0.7982,0.8946,1.42,26.0348,26.9337,3.1158,1.635,1.6385,3.4626,3.4626,42095.7142,25392.6995,22654.7686,1041868.9265,628469.3126
002628.SZ,20250530,4.23,2.0275,2.5548,1.13,,,1.1045,3.9514,4.1784,0.0,,75710.0415,75405.4352,59842.6874,320253.4755,318964.9909
301132.SZ,20250530,27.22,2.7445,2.7516,0.95,37.8496,31.5223,2.2402,3.1796,2.9416,1.4853,,14808.6249,4600.7127,4588.8431,403090.7698,125231.3997
301314.SZ,20250530,36.84,2.6111,2.6111,0.91,113.7226,161.7381,1.9631,12.0027,11.9978,0.9772,0.5429,5525.0,1625.0,1625.0,203541.0,59865.0
688662.SH,20250530,34.59,0.9132,1.9133,1.12,68.6213,71.118,4.3166,5.9194,5.8694,,,8824.0,8824.0,4211.927,305222.16,305222.16
002576.SZ,20250530,16.41,20.6345,29.0717,3.04,40.7428,37.5359,2.1228,1.6172,1.5608,0.3352,0.3352,16510.0,16190.2771,11491.5277,270929.1,265682.4472
600665.SH,20250530,3.17,0.5736,1.35,0.75,,,0.9736,0.255,0.239,0.0,,86412.2521,86412.2521,36712.1583,273926.8392,273926.8392
300629.SZ,20250530,19.42,3.8191,4.2967,1.14,40.5892,81.1028,2.9229,10.1584,12.3055,0.5088,0.5121,25142.3424,21161.9597,18809.7764,488264.2894,410965.2574
920690.BJ,20250530,23.89,2.769,3.7443,0.53,25.3379,26.3835,2.923,5.5419,5.1397,1.0465,1.6743,6630.0,3062.64,2264.87,158390.7,73166.4696
600568.SH,20250530,1.59,1.2838,2.093,0.91,,,1.8299,6.0774,5.9467,0.0,,199286.9681,166906.7279,102374.4773,316866.2793,265381.6974
002601.SZ,20250530,16.53,0.4367,0.5874,0.66,18.1895,20.7215,1.6639,1.4337,1.446,5.4365,1.8067,238629.3256,198781.5761,147791.5015,3944542.7522,3285859.4529
300382.SZ,20250530,15.06,2.4956,3.7897,0.82,,,4.2509,6.4589,5.7419,0.6315,0.6315,64839.9994,64820.4122,42684.7342,976490.391,976195.4077
600774.SH,20250530,8.48,2.7659,6.6408,0.86,,,1.5042,2.1285,2.2822,0.0,,29503.2402,29484.2131,12280.2818,250187.4769,250026.1271
301362.SZ,20250530,38.63,1.3505,1.3505,0.86,17.535,16.8489,1.6763,2.464,2.3847,4.9443,4.836,10467.0,2967.0,2967.0,404340.21,114615.21
600318.SH,20250530,8.89,10.8426,14.1917,2.19,146.2671,129.6108,4.2189,14.5235,14.2519,0.0,,51272.7632,51272.7632,39172.7725,455814.8648,455814.8648
603318.SH,20250530,6.35,1.5482,2.2614,0.86,28.3989,30.0023,1.9294,1.1255,1.1263,0.9291,0.9291,45907.0924,38354.4591,26259.4238,291510.0367,243550.8153
300110.SZ,20250530,3.21,2.1147,3.1872,1.03,,,2.8819,2.8045,3.0361,0.6542,0.6542,118221.2982,118117.7607,78372.6924,379490.3672,379158.0118
301129.SZ,20250530,23.7,10.9123,10.9123,1.41,42.0307,50.1552,1.8737,7.5358,7.8454,0.6214,,13608.24,3590.52,3590.52,322515.288,85095.324
002171.SZ,20250530,8.62,0.9136,1.2417,0.67,56.5734,50.2007,1.7052,0.2419,0.2318,2.1898,2.1898,150854.6756,149935.0354,110314.3808,1300367.3037,1292440.0051
002775.SZ,20250530,3.73,1.1619,1.9008,0.8,,,24.7539,3.2384,3.3518,0.0,,60335.5588,43884.9588,26825.064,225051.6343,163690.8963
001227.SZ,20250530,2.41,1.7444,1.9624,1.23,7.2712,7.222,0.4563,1.7478,1.7336,4.1494,6.2256,569569.7168,421276.5417,374467.0117,1372663.0175,1015276.4655
301508.SZ,20250530,32.82,8.2766,8.2766,2.6,56.0303,54.5559,3.7707,8.9283,8.9071,1.2462,1.2462,22608.52,5883.64,5883.64,742011.6264,193101.0648
920021.BJ,20250530,6.92,4.6075,5.6664,1.08,,,3.3502,3.3149,3.6609,0.289,,30899.9983,25188.1971,20480.9989,213827.9882,174302.3239
300616.SZ,20250530,12.54,2.1982,2.5284,0.65,,,0.8836,0.7431,0.75,7.0149,6.657,22451.598,15596.6242,13559.7713,281543.0389,195581.6675
300561.SZ,20250530,13.91,7.6477,12.9623,0.62,,,7.4668,50.8048,51.3088,0.2516,0.2516,32810.7975,24105.7574,14222.2872,456398.1932,335311.0854
688227.SH,20250530,34.5,6.9417,6.9417,1.81,,,2.9728,7.5007,7.1054,,,11305.5275,6409.6781,6409.6781,390040.6988,221133.8945
002027.SZ,20250530,7.47,0.5307,0.7875,0.81,20.9263,20.5472,5.9326,8.7981,8.7071,5.7564,5.7564,1444219.9726,1444219.9726,973320.6673,10788323.1953,10788323.1953
688092.SH,20250530,21.06,0.9987,2.1678,1.01,25.9877,28.5342,2.7184,3.857,3.8243,2.5589,2.5589,8269.0657,8269.0657,3809.7376,174146.5236,174146.5236
002121.SZ,20250530,5.02,3.6482,4.8262,0.59,,,14.6068,1.8816,1.8124,0.0,,166081.6688,139992.2404,105823.7113,833729.9774,702761.0468
002282.SZ,20250530,7.25,0.9584,1.446,1.08,19.92,19.8808,1.0876,2.2717,2.2202,2.1361,2.7586,52683.8348,50201.5138,33275.4643,381957.8023,363960.9751
001223.SZ,20250530,39.46,6.9878,6.9878,1.19,107.4335,86.5688,1.9452,8.4785,7.2469,1.4481,0.2715,9335.2,2335.2,2335.2,368366.992,92146.992
300460.SZ,20250530,9.02,3.7694,4.6943,1.61,,,4.0814,4.5954,4.6675,0.0,,28080.4251,28080.4251,22547.6871,253285.4344,253285.4344
000638.SZ,20250530,4.8,7.1192,11.2276,0.95,140.3222,128.6937,10.132,3.8181,3.215,0.0,,31138.6551,31014.5601,19665.5601,149465.5445,148869.8885
002069.SZ,20250530,3.92,1.0915,1.9231,0.62,,,56.1069,1.7614,1.7169,0.0,,71111.2194,71021.6194,40309.2164,278755.98,278404.748
300099.SZ,20250530,6.73,4.4689,5.5177,1.58,52.1865,50.8055,2.1762,8.2837,8.261,0.6686,3.2987,73726.5255,58141.224,47089.9991,496179.5166,391290.4375
301051.SZ,20250530,21.32,0.5906,0.9522,0.88,,,1.6284,2.1379,2.1578,0.6653,,16920.288,13417.3305,8321.3236,360740.5402,286057.4863
603109.SH,20250530,26.67,6.6857,16.7168,1.03,28.7559,22.7173,2.7975,2.0329,1.8917,1.3125,,20884.836,20884.836,8352.636,556998.5761,556998.5761
002873.SZ,20250530,9.07,4.5304,6.7185,2.11,42.3146,54.0818,1.8467,2.5818,2.535,0.6848,1.1099,24410.3806,23877.888,16101.5214,221402.152,216572.4442
688190.SH,20250530,82.9,0.4418,1.3283,1.29,27.5583,27.3101,3.8492,5.2351,5.2952,1.3872,1.3872,12000.0,12000.0,3991.0052,994800.0,994800.0
920139.BJ,20250530,24.16,2.1829,4.2745,0.9,,,5.9739,23.5681,23.5731,0.2418,,26950.7392,26063.1945,13310.1236,651129.8591,629686.7791
002310.SZ,20250530,2.37,4.8986,8.3301,3.11,,,9.2714,16.2145,26.4866,0.0,,599932.2117,419909.3452,246932.0804,1421839.3417,995185.1481
300415.SZ,20250530,20.52,1.0008,1.4796,0.85,15.8167,15.3971,3.0996,1.8991,1.8158,1.916,1.916,46856.2084,45309.2139,30648.4831,961489.3964,929745.0692
002569.SZ,20250530,9.96,5.8783,8.0734,1.33,,,47.3094,10.842,11.1214,0.0,,14401.0,13995.6425,10190.2665,143433.96,139396.5993
600279.SH,20250530,6.09,3.9166,11.3339,0.58,13.6638,13.9042,1.0742,1.6514,1.7596,0.7389,0.7389,118686.6283,118686.6283,41013.9003,722801.5663,722801.5663
002682.SZ,20250530,4.96,13.8565,19.545,0.88,,,2.4687,0.9296,0.9233,0.0,,56236.8594,56235.7394,39868.4579,278934.8226,278929.2674
600802.SH,20250530,4.49,1.176,1.7281,0.96,,,1.8191,1.1856,1.1731,0.0,,45824.84,45824.84,31183.1693,205753.5316,205753.5316
300805.SZ,20250530,10.7,3.167,5.3197,0.91,323.3157,342.6748,2.9513,1.9852,1.892,0.3729,0.3729,42425.3592,28816.2792,17155.1592,453951.3434,308334.1874
300520.SZ,20250530,24.56,9.3713,11.9055,1.05,,,3.8863,3.7718,3.9058,0.0,,29179.1018,27781.3433,21867.6999,716638.7402,682309.7914
002330.SZ,20250530,4.54,1.2699,2.1518,0.83,,,1.2567,0.9728,0.9854,0.2203,0.2203,63531.529,63517.8715,37487.4674,288433.1417,288371.1366
688577.SH,20250530,59.49,0.8759,2.2421,0.97,183.0702,188.1108,4.6553,6.1797,6.3718,0.6878,0.6878,7948.5521,7948.5521,3105.2125,472859.3644,472859.3644
301151.SZ,20250530,16.23,5.125,5.125,1.32,36.439,35.3643,1.3527,3.0223,2.9868,3.6977,2.5265,17033.391,5573.6944,5573.6944,276451.9359,90461.0601
603599.SH,20250530,11.08,2.9197,5.0023,0.75,12.9514,14.1147,1.0219,2.1724,2.2876,5.4152,5.4152,91026.9345,91026.9345,53130.3942,1008578.4343,1008578.4343
000547.SZ,20250530,7.38,0.7612,0.984,0.82,,,2.3557,6.3122,6.8365,0.0,,159846.8269,158835.0696,122870.6772,1179669.5825,1172202.8136
002453.SZ,20250530,5.48,1.882,2.4666,0.72,,,4.3649,8.6401,9.0555,0.0,,81236.7126,61276.3136,46752.9541,445177.185,335794.1985
002493.SZ,20250530,8.59,0.1375,0.4723,1.09,120.0553,114.3654,2.004,0.2664,0.2715,1.1006,1.1005,1012552.5,949828.125,276633.0027,8697825.975,8159023.5938
301050.SZ,20250530,48.29,2.3079,2.9007,0.76,34.4962,37.7756,3.8648,10.02,11.2183,1.0271,0.4352,24479.1768,20693.9449,16464.8265,1182099.4477,999310.5992
000829.SZ,20250530,9.81,1.7124,2.7042,1.24,322.4816,,3.3993,0.1197,0.1253,0.2548,0.2548,102510.0438,102412.9669,64854.1551,1005623.5297,1004671.2053
688498.SH,20250530,134.09,2.4967,2.4967,0.71,,,5.5017,45.7017,41.6791,0.0738,0.1476,8594.7726,6014.9271,6014.9271,1152473.0579,806541.5748
920510.BJ,20250530,23.21,2.9319,4.271,1.02,203.0512,329.9162,10.7509,18.3984,18.9192,0.3693,0.3693,18421.3929,9490.7078,6515.0078,427560.5292,220279.328
603261.SH,20250530,18.69,3.2259,9.4885,1.32,,,2.0356,5.0235,4.5339,0.0,,7790.7622,7750.5022,2634.9858,145609.3455,144856.8861
688211.SH,20250530,32.7,4.4284,11.3148,1.61,,,1.2214,1.7392,1.7177,0.2343,0.2343,13160.8698,13160.8698,5150.8698,430360.4425,430360.4425
002726.SZ,20250530,6.04,0.8054,1.3453,0.83,301.5189,,4.8788,0.5931,0.5917,0.0,,107916.0368,107711.2868,64483.6868,651812.8623,650576.1723
600143.SH,20250530,10.26,0.8831,1.0991,1.07,32.8048,27.9541,1.4793,0.447,0.4119,0.9872,0.9872,263661.2697,259722.5566,208684.5173,2705164.6271,2664753.4307
600569.SH,20250530,1.9,0.3322,1.0152,0.63,,,2.0399,0.1841,0.191,0.0,,287242.1386,287242.1386,93997.7483,545760.0633,545760.0633
002585.SZ,20250530,5.02,1.0157,1.3213,0.78,,,0.6517,0.9749,0.9748,0.5971,0.5971,114742.8712,89286.2834,68636.7782,576009.2134,448217.1427
600809.SH,20250530,184.3,0.4416,1.3727,1.06,18.3649,17.8048,5.8562,6.2436,6.0448,2.3711,3.7059,121996.4222,121996.4222,39250.8902,22483940.6115,22483940.6115
301228.SZ,20250530,25.43,11.801,25.8741,1.99,,,4.2798,6.9024,6.631,0.0,,12000.0,11975.4,5461.898,305160.0,304534.422
002700.SZ,20250530,8.88,0.4517,0.531,0.5,39.4176,40.0644,2.7831,5.2344,5.1336,0.8108,0.7432,41362.8185,33473.5674,28473.5087,367301.8283,297245.2785
688192.SH,20250530,60.3,2.6782,3.8686,1.23,,,15.4598,76.9729,63.2157,,,45941.2894,18671.4757,12926.2969,2770259.7508,1125889.9847
300945.SZ,20250530,20.92,11.5377,20.4527,0.63,57.0355,51.2753,3.306,2.3259,2.132,0.5829,0.5829,26207.1629,23833.2997,13444.7681,548253.8479,498592.6297
002110.SZ,20250530,3.73,0.416,0.994,0.84,,,0.4708,0.1967,0.1983,0.0,,242907.6227,242907.6227,101648.7803,906045.4327,906045.4327
002831.SZ,20250530,23.92,0.6475,0.8764,0.61,15.8019,15.5542,1.9926,1.2973,1.2807,3.9038,3.8106,93051.3553,52099.3272,38492.8717,2225788.4188,1246215.9066
300739.SZ,20250530,12.93,1.4134,2.8755,1.25,390.685,304.3552,1.8949,2.8533,2.7743,1.3437,1.0054,34396.3739,34065.6464,16743.9681,444745.1145,440468.808
600894.SH,20250530,10.44,0.6656,1.532,1.25,11.24,11.3203,1.0396,1.2566,1.281,12.2283,12.2283,87385.8595,85994.6895,37358.4966,912308.3732,897784.5584
002623.SZ,20250530,14.5,0.6002,1.1615,0.69,,,0.9955,0.9977,1.1244,3.3443,3.3443,19906.25,19863.6125,10265.115,288640.625,288022.3813
688036.SH,20250530,72.69,0.4187,1.0956,1.05,14.9383,18.7855,3.991,1.2063,1.2896,4.9826,4.9826,114035.0575,114035.0575,43586.3763,8289208.3297,8289208.3297
920346.BJ,20250530,28.73,10.3351,16.4383,0.75,51.9945,50.1057,5.0168,8.9095,8.5296,1.1487,1.1487,8067.7603,4435.8668,2788.9168,231786.7534,127442.4532
300939.SZ,20250530,27.37,1.0382,1.9033,1.05,36.2493,38.1867,2.4475,3.028,2.9112,1.4441,1.4441,12000.0,12000.0,6545.59,328440.0,328440.0
603236.SH,20250530,70.85,1.631,2.1399,1.01,31.5159,24.872,4.3658,0.997,0.9334,0.5222,0.5222,26165.7654,26165.7654,19943.0205,1853844.4786,1853844.4786
920033.BJ,20250530,19.74,0.808,1.6888,0.6,29.2868,34.726,3.2151,7.1161,7.5725,0.7794,,11913.525,8276.0958,3959.398,235172.9835,163370.1311
000576.SZ,20250530,8.17,4.4593,7.1282,0.59,173.8049,254.9608,2.2008,8.9973,8.5961,0.0,,43641.8214,43385.2389,27141.4989,356553.6808,354457.4018
301076.SZ,20250530,37.4,13.2543,17.9605,0.55,89.8973,82.2021,4.3183,11.9944,11.6394,0.4011,,13452.4,8446.9425,6233.5555,503119.76,315915.6495
920957.BJ,20250530,15.07,1.9152,3.1958,0.55,81.1323,116.2839,4.058,2.754,2.6586,0.6636,0.6636,10730.1334,4270.4734,2559.2134,161703.1103,64356.0341
000786.SZ,20250530,28.67,0.4423,0.82,1.29,13.2819,13.2086,1.8274,1.8759,1.8542,2.9125,2.9125,168950.7842,163244.7935,88050.9697,4843818.983,4680228.2296
301665.SZ,20250530,29.26,18.2089,18.2089,0.77,49.5113,45.0244,3.7695,3.1081,2.9942,,,45000.0,3590.6289,3590.6289,1316700.0,105061.8016
301468.SZ,20250530,23.14,7.135,9.7792,0.83,43.9995,55.5638,1.309,6.6357,6.9007,2.1608,2.1608,13200.0,7688.8729,5609.9146,305448.0,177920.5189
600467.SH,20250530,2.3,2.192,3.6288,1.07,77.3768,78.9685,0.9844,2.373,2.4042,0.4435,0.4435,146099.4304,146099.4304,88252.3314,336028.6899,336028.6899
603336.SH,20250530,5.9,5.508,10.3022,1.17,183.8714,228.807,2.9676,3.1157,3.0323,0.0,,57038.8341,57038.8341,30495.2905,336529.1212,336529.1212
301595.SZ,20250530,38.08,21.4427,21.4427,0.64,47.0488,47.4061,4.6767,4.0439,3.9761,,,10828.0,2309.9106,2309.9106,412330.24,87961.3956
300962.SZ,20250530,15.67,0.7667,2.1184,0.75,37.9978,39.4601,4.2462,11.5391,11.4747,1.8507,1.8507,26400.1897,26400.1897,9554.8386,413690.9726,413690.9726
001979.SZ,20250530,8.68,0.4325,1.1066,1.02,19.4742,18.9439,0.7913,0.4395,0.4478,3.6866,3.6866,906083.6177,845782.0444,330583.6592,7864805.8016,7341388.1454
688472.SH,20250530,8.93,0.9647,0.9647,0.76,14.6554,19.195,1.4383,0.7134,0.7294,1.3223,1.3223,368821.7324,138191.0427,138191.0427,3293578.0703,1234046.0113
603626.SH,20250530,8.01,3.6741,5.2179,0.93,,,2.0575,1.3141,1.3432,1.6128,1.6128,55487.969,55487.969,39071.3729,444458.6317,444458.6317
688347.SH,20250530,47.88,1.6717,1.9537,0.82,217.1638,455.1164,1.8903,5.7441,5.5085,0.3133,0.3133,172613.5353,39144.0,33493.1905,8264736.0702,1874214.72
688283.SH,20250530,26.1,0.4134,0.5779,1.43,85.8399,95.5372,3.2763,14.0312,13.6851,0.576,0.576,12180.0,8549.1571,6115.2465,317898.0,223133.0003
002635.SZ,20250530,12.88,3.3074,4.251,1.99,32.4276,45.2582,1.4861,1.7718,1.8006,2.3292,1.5528,65968.6776,39539.7042,30763.7238,849676.5675,509271.3901
002463.SZ,20250530,30.98,2.3222,3.4287,0.94,23.031,21.019,5.0913,4.4662,4.0274,1.6057,1.6139,192338.8552,192214.1711,130181.9488,5958657.7341,5954795.0207
603959.SH,20250530,4.13,2.6533,3.3861,1.41,,,18.7107,1.6641,1.6005,0.0,,49029.8992,49029.8992,38419.3842,202493.4837,202493.4837
688361.SH,20250530,70.4,1.478,1.6846,1.15,,,9.1665,16.3202,15.6552,0.1989,0.1989,32000.0,24669.9247,21643.948,2252800.0,1736762.6989
300624.SZ,20250530,58.75,2.1343,2.6703,0.67,,,10.3559,7.8893,7.7722,0.1346,0.1346,19333.6324,17123.3216,13686.5526,1135850.9035,1005995.144
000839.SZ,20250530,2.67,0.6603,1.0389,0.84,,,7.4695,3.0824,3.1095,0.0,,391982.6352,391982.6352,249133.8007,1046593.636,1046593.636
300274.SZ,20250530,60.39,1.0799,1.2185,0.72,11.3445,9.8073,3.07,1.6081,1.4855,1.1331,1.1331,207321.1424,158970.9449,140880.3307,12520123.7895,9600255.3625
301356.SZ,20250530,17.15,2.1368,2.1644,0.57,,17603.794,1.2469,4.1552,3.2202,0.0,,21600.0,5481.0,5410.992,370440.0,93999.15
600152.SH,20250530,6.09,2.0887,3.2814,1.01,,,1.8459,2.1091,2.2062,0.0,,52907.9375,52907.9375,33676.4965,322209.3394,322209.3394
300049.SZ,20250530,35.33,3.7361,4.0212,0.83,83.0677,94.8596,5.2809,6.9757,6.9367,0.0,,26635.61,23351.5217,21696.0562,941036.1013,825009.2617
600540.SH,20250530,4.64,2.4615,4.8055,0.82,,,5.3573,1.6484,1.0552,0.0,,58137.696,58137.696,29779.4219,269758.9094,269758.9094
300741.SZ,20250530,16.85,0.2917,1.5437,0.72,,,1.5237,7.6486,7.7212,3.0861,1.0089,61588.0,61587.715,11637.715,1037757.8,1037752.9978
002686.SZ,20250530,6.35,1.9475,3.4112,0.55,158.4186,143.6302,2.1941,2.2216,2.1499,0.315,0.315,56623.9133,52273.2608,29843.7027,359561.8495,331935.2061
300810.SZ,20250530,31.64,7.533,13.583,1.68,,,4.7111,15.5815,15.7828,0.0624,0.0624,11805.0,11398.67,6321.5555,373510.2,360653.9188
920876.BJ,20250530,30.94,5.6609,9.8634,0.82,1282.6259,2139.7043,7.8903,4.5463,4.297,0.1616,0.1616,6418.0659,3864.4714,2217.931,198574.9589,119566.7451
600927.SH,20250530,12.41,0.1909,1.2454,1.35,31.4091,35.6679,1.4099,0.8311,0.9181,1.0556,1.0556,145555.5556,145555.5556,22312.2187,1806344.445,1806344.445
688157.SH,20250530,38.68,0.2902,0.6152,0.57,50.0254,55.3298,3.249,5.7972,5.6613,0.5667,0.5667,11173.6486,11173.6486,5271.2353,432196.7278,432196.7278
002587.SZ,20250530,5.98,3.8115,4.2269,1.76,,,2.9248,5.3939,5.3576,1.0018,1.0018,65154.4156,51522.2984,46459.2094,389623.4053,308103.3444
920199.BJ,20250530,27.87,9.5786,20.2081,1.46,68.3277,86.4875,3.6471,6.518,6.5008,1.0764,0.5382,6810.98,3720.1495,1763.3397,189822.0126,103680.5666
603327.SH,20250530,11.25,0.5471,2.094,0.87,54.114,73.8027,4.0595,3.6067,3.4862,2.3505,2.3505,76807.8381,76807.8381,20067.2541,864088.1786,864088.1786
601311.SH,20250530,8.34,1.1254,1.8874,1.15,15.9356,14.0812,0.9982,0.6275,0.6012,3.2374,3.2374,117314.6118,117314.6118,69950.2078,978403.8624,978403.8624
002512.SZ,20250530,4.79,3.963,5.6856,0.94,227.3744,,11.7825,2.8434,2.9808,0.0,,114709.4532,103312.2683,72010.7929,549458.2808,494865.7652
600966.SH,20250530,4.41,0.4352,0.8506,0.74,33.5313,45.8201,0.8603,0.3114,0.3087,0.617,0.617,133684.4288,133684.4288,68397.8451,589548.331,589548.331
600358.SH,20250530,5.22,0.0483,0.0683,0.03,,,34.5297,7.2266,8.0139,0.0,,50493.666,50493.666,35700.7,263576.9365,263576.9365
002893.SZ,20250530,10.47,2.184,2.8977,1.1,41.3435,35.9917,2.0127,2.5802,2.5013,0.7641,0.7641,26364.0,20277.8618,15283.3431,276031.08,212309.213
300648.SZ,20250530,30.89,3.6881,4.8113,0.61,,,3.8649,4.9345,4.7597,0.0,,17428.14,10618.9439,8140.0483,538355.2446,328019.1771
002382.SZ,20250530,5.38,0.8315,1.131,0.74,,,0.6716,0.8665,0.8633,0.0,,100712.9138,99969.7263,73491.3063,541835.4762,537837.1275
002243.SZ,20250530,7.86,0.6086,1.2266,0.76,38.7651,36.4779,1.3266,4.0998,4.0596,1.145,0.8906,121060.4219,120414.229,59748.4831,951534.9161,946455.8399
688371.SH,20250530,15.12,0.8965,0.8965,0.86,112.4522,109.8849,2.6588,10.5793,10.3199,,,33547.2356,12693.9022,12693.9022,507234.2023,191931.8013
603360.SH,20250530,19.76,1.5754,2.6191,1.51,40.4192,46.9698,9.0711,10.6388,9.8152,1.5492,2.1689,70622.3654,70622.3654,42479.9955,1395497.9403,1395497.9403
002928.SZ,20250530,8.67,1.1912,2.1689,0.5,41.3562,34.0701,3.2182,1.6552,1.617,0.0,,127824.155,127824.155,70204.838,1108235.4239,1108235.4239
688515.SH,20250530,91.99,2.227,2.7776,1.8,,,4.7336,18.5732,18.1829,,,8000.0,4981.94,3994.3132,735920.0,458288.6606
000875.SZ,20250530,5.16,0.8837,1.339,1.05,17.027,16.9561,1.0748,1.3622,1.3676,1.7442,1.7442,362727.0626,278996.6299,184129.5519,1871671.643,1439622.6103
600521.SH,20250530,17.29,3.6938,6.2027,0.93,23.2995,22.7593,2.7331,2.7308,2.7685,1.1116,1.1116,150790.7834,146675.5571,87345.8746,2607172.645,2536020.3823
300215.SZ,20250530,5.26,1.2067,2.2453,1.17,179.1196,3332.2954,2.0028,6.3617,6.774,0.6654,0.6654,74909.4187,56217.5744,30212.8854,394023.5424,295704.4413
001306.SZ,20250530,74.03,6.9045,6.9045,0.9,73.9402,82.5029,3.4428,6.8967,6.5039,1.0901,1.0901,6200.0,1550.0,1550.0,458986.0,114746.5
300884.SZ,20250530,12.24,13.3213,16.508,2.38,,,2.4589,4.3181,4.389,3.1934,0.7958,25386.282,19140.9886,15446.0468,310728.0917,234285.7005
688488.SH,20250530,13.85,5.0848,9.2069,2.31,,,5.8491,13.9487,11.148,,,42078.2808,42078.2808,23238.9408,582784.1891,582784.1891
002663.SZ,20250530,1.79,1.2343,1.6119,0.74,,,1.2622,1.5512,1.5498,0.0,,172334.8902,139644.8135,106934.6346,308479.4535,249964.2162
600221.SH,20250530,1.35,0.6811,0.903,1.2,,,23.3045,0.8943,0.8936,0.0,,4321563.2535,3287267.6656,2479344.848,5834110.3922,4437811.3486
002572.SZ,20250530,14.11,1.0505,1.2494,0.54,9.9119,11.1603,2.0898,1.2948,1.3039,7.0037,7.0872,96304.7164,65146.212,54775.0938,1358859.5484,919213.0513
002112.SZ,20250530,12.46,2.8296,3.3199,0.87,27.0389,28.677,4.9725,1.4998,1.5387,0.2408,0.5618,26208.0,26208.0,22337.779,326551.68,326551.68
603238.SH,20250530,16.36,5.1751,13.1986,0.91,30.4959,27.6119,2.0298,1.2984,1.2061,1.8337,,17750.9,17750.9,6960.0,290404.724,290404.724
603386.SH,20250530,10.69,1.3047,3.0667,1.24,,,2.5699,1.4862,1.4213,0.8045,0.8045,32632.256,32632.256,13882.806,348838.8166,348838.8166
300456.SZ,20250530,16.44,1.7813,2.1812,1.04,,,2.3862,9.9921,10.0424,0.2129,,73221.3134,59349.6578,48468.5821,1203758.3923,975708.3742
000657.SZ,20250530,11.31,2.6228,4.7505,0.95,27.4362,23.5051,2.6921,1.7483,1.6993,0.7048,0.7048,227895.438,124730.9137,68867.114,2577497.4038,1410706.6339
603395.SH,20250530,43.04,3.5288,3.5288,0.79,92.3934,92.7395,6.1243,2.4697,2.3653,,,20000.0,4122.8071,4122.8071,860800.0,177445.6176
688027.SH,20250530,258.87,2.5966,3.406,1.4,,,8.2709,105.0943,101.0856,,,10286.1001,8037.437,6127.437,2662762.7329,2080651.3162
603429.SH,20250530,8.09,1.1219,1.9032,0.34,,,3.4187,9.2649,12.1516,1.7767,1.7767,52448.5465,52448.5465,30918.0165,424308.7412,424308.7412
300917.SZ,20250530,41.1,3.1327,8.7498,1.81,57.103,57.9346,6.2902,2.4256,2.3799,0.5353,0.6083,16900.0,16900.0,6050.64,694590.0,694590.0
301266.SZ,20250530,30.08,3.6762,3.6762,1.0,85.5968,87.8328,1.854,1.009,1.0282,0.8496,0.3324,10987.8593,4336.5093,4336.5093,330514.8077,130442.1997
688399.SH,20250530,70.33,0.5975,0.997,1.04,,,1.2213,11.4002,11.3843,,,5667.0082,5667.0082,3396.4882,398560.6867,398560.6867
603737.SH,20250530,32.23,0.3263,0.6258,1.39,71.6392,60.973,9.1142,1.9645,1.954,0.3546,0.7092,73781.7473,73781.7473,38463.631,2377985.7155,2377985.7155
601158.SH,20250530,4.81,0.2383,2.083,1.32,29.4084,27.5429,1.3814,3.2986,3.2377,3.5135,2.7235,480000.0,480000.0,54903.9311,2308800.0,2308800.0
603897.SH,20250530,23.53,2.1036,5.05,0.79,20.5739,20.6881,2.1083,0.3741,0.3614,9.3498,9.3498,20643.5681,20643.5681,8599.2381,485743.1574,485743.1574
600539.SH,20250530,10.64,3.4469,5.7415,0.99,,,7.5909,5.0975,5.0022,0.0,,23000.0,23000.0,13807.7796,244720.0,244720.0
001299.SZ,20250530,10.85,3.6655,3.6655,0.87,30.1567,28.111,2.2325,3.9576,3.7628,2.1277,5.5771,24263.8606,6543.0071,6543.0071,263262.8875,70991.627
002406.SZ,20250530,7.83,10.4033,11.518,0.98,48.3151,47.1334,1.4102,4.479,4.4036,1.2771,1.2771,73022.5082,60221.2035,54393.2538,571766.2392,471532.0234
300121.SZ,20250530,14.0,11.0877,16.0099,0.61,32.6974,36.2114,1.7929,1.8311,1.8161,1.9561,0.8432,44871.7046,43288.5697,29979.7547,628203.8644,606039.9758
003011.SZ,20250530,17.74,1.9594,2.5679,0.91,36.3566,28.5516,1.2968,1.3311,1.3612,3.3493,1.6746,10267.6,7808.8766,5958.6401,182147.224,138529.4709
688334.SH,20250530,16.9,1.1234,1.8422,1.03,23.3965,21.8329,1.8831,6.7015,6.2791,2.4556,3.0473,31657.9466,15373.8903,9375.5814,535019.2975,259818.7461
000021.SZ,20250530,17.28,0.9539,1.4567,1.13,28.986,27.3088,2.2187,1.8188,1.79,0.7523,0.7523,156058.7588,156042.3713,102186.4936,2696695.3521,2696412.1761
300999.SZ,20250530,30.31,0.8621,0.8621,0.98,65.6783,63.1754,1.7448,0.688,0.6828,0.3662,0.3662,542159.1536,54264.7097,54264.7097,16432843.9456,1644763.351
300329.SZ,20250530,7.35,2.9651,5.3442,0.92,,,2.6254,11.6743,13.2065,0.0,0.4354,25288.878,25214.0431,13989.2231,185873.2533,185323.2168
600249.SH,20250530,6.22,7.5263,11.9236,0.56,42.1831,50.1585,1.5763,3.2487,3.1523,0.4823,0.4823,55000.0,55000.0,34716.6244,342100.0,342100.0
300707.SZ,20250530,13.13,4.882,6.0355,1.51,111.3913,,2.1005,2.6845,3.079,0.3748,0.3748,17700.2221,14328.1085,11589.7465,232403.9162,188128.0646
603826.SH,20250530,19.23,0.2962,1.0959,1.25,358.5209,325.6359,6.6248,12.9906,12.9528,0.3714,0.3714,65520.0,65520.0,17711.3054,1259949.6,1259949.6
600397.SH,20250530,5.56,3.1651,5.218,1.02,,,46.8973,1.0185,1.0834,0.0,,98995.9882,98995.9882,60047.3792,550417.6944,550417.6944
000428.SZ,20250530,3.18,1.2709,2.8366,0.89,,,2.1796,5.3655,5.5543,0.0,,101892.6,101892.6,45651.708,324018.468,324018.468
600866.SH,20250530,7.44,1.9298,2.5311,1.09,13.1064,10.6029,1.4716,0.7131,0.7198,5.1075,5.1075,166147.2616,110937.3959,84582.4149,1236135.6263,825374.2255
002146.SZ,20250530,1.4,1.5963,2.3901,0.63,,,0.4352,0.1602,0.1797,0.0,,434816.3851,389652.1351,260238.265,608742.9391,545512.9891
300976.SZ,20250530,62.28,3.4507,5.829,0.94,24.5735,22.1723,1.7512,2.3151,2.1433,0.3657,1.6363,9537.71,6115.9283,3620.586,594008.5788,380900.0145
600648.SH,20250530,11.16,0.3489,1.09,1.19,15.9513,15.9233,0.978,2.137,2.1189,2.9622,2.9622,135991.2218,93479.1624,29921.8108,1517662.0353,1043227.4524
300911.SZ,20250530,47.33,1.5165,3.3297,0.97,248.104,,5.0041,9.3698,10.3934,1.602,,13913.0271,12990.0219,5916.4724,658503.5726,614817.7365
920879.BJ,20250530,16.96,2.6939,5.188,0.85,36.7674,34.0845,4.8697,7.9365,7.6665,1.9096,1.9286,16696.6331,13484.1998,7001.7398,283174.8974,228692.0286
688114.SH,20250530,70.52,0.9328,1.0647,0.98,,,3.7938,9.7502,10.0014,,,41651.6155,21293.2489,18655.3701,2937271.9251,1501599.9124
600967.SH,20250530,12.5,2.386,5.5714,1.17,42.5868,41.0657,1.807,2.1725,2.0775,2.617,2.617,170179.4667,169891.3437,72759.0938,2127243.3338,2123641.7963
920403.BJ,20250530,29.91,5.3136,6.8887,1.11,25.6995,29.6759,4.3625,6.3055,6.498,0.5144,,7097.22,4157.595,3206.97,212277.8502,124353.6665
600039.SH,20250530,9.26,0.2221,0.691,1.2,11.1867,11.1597,1.623,0.7521,0.746,5.9846,5.9846,871003.9485,670363.9445,215498.7376,8065496.5631,6207570.1261
000031.SZ,20250530,2.61,0.262,1.0148,1.02,,,1.0805,0.3126,0.3021,0.0,,428631.3339,400288.7169,103339.4287,1118727.7815,1044753.5511
000738.SZ,20250530,19.45,3.4598,6.9046,5.06,34.0948,40.1739,2.0469,4.6671,4.7243,0.8535,0.8535,131518.4001,131515.2576,65901.0785,2558032.8819,2557971.7603
600888.SH,20250530,6.77,0.4091,0.7179,0.8,7.743,8.5686,0.8362,1.2726,1.2305,1.7731,1.7731,137618.7708,137618.7708,78414.7083,931679.0783,931679.0783
600340.SH,20250530,2.3,3.5093,5.7141,0.83,,,4.4345,0.3788,0.3813,0.0,,391372.0342,389335.5062,239108.1667,900155.6787,895471.6643
688489.SH,20250530,34.91,1.7707,2.6192,0.79,95.123,221.6694,2.2026,8.4668,8.1874,0.5623,0.5623,11476.8476,5053.2972,3416.1731,400656.7497,176410.6053
603209.SH,20250530,14.53,0.5212,1.2223,0.64,11.6102,11.7334,1.5821,2.6859,2.6917,1.0173,1.3751,28000.0,28000.0,11938.5,406840.0,406840.0
603159.SH,20250530,14.86,1.0822,2.6258,1.06,71.4007,86.9131,4.0385,4.2392,4.3635,0.7402,0.7402,14000.0,14000.0,5770.1,208040.0,208040.0
600812.SH,20250530,6.07,1.262,2.8045,1.09,82.0087,62.6128,1.9118,1.0552,1.0534,0.1647,0.1647,171573.037,171573.037,77203.1554,1041448.3346,1041448.3346
688561.SH,20250530,30.16,0.5602,1.411,0.93,,,2.476,4.7513,4.7718,,,68517.2377,68517.2377,27203.0793,2066479.889,2066479.889
600955.SH,20250530,13.1,0.2043,0.4455,0.94,127.3226,,0.8538,0.7567,0.7361,0.4198,,55000.0,55000.0,25226.3,720500.0,720500.0
002712.SZ,20250530,5.48,1.8651,2.9992,1.03,,,2.1739,0.4829,0.4494,0.0,,54427.6198,54090.6048,33636.1659,298263.3565,296416.5143
603566.SH,20250530,14.65,1.3453,1.9664,0.51,54.6278,42.8168,1.8924,4.8628,4.6697,2.7189,2.7189,34606.2273,34606.2273,23676.3105,506981.2299,506981.2299
920208.BJ,20250530,38.3,3.4268,3.7894,1.37,19.9871,20.4159,3.6879,3.8378,3.8571,2.984,2.984,9607.1718,6046.1065,5467.6065,367954.6799,231565.879
000061.SZ,20250530,6.44,0.5902,1.6382,1.43,28.4466,29.0586,1.7106,1.9418,1.7859,1.7081,1.7081,169696.4131,169693.3006,61139.8363,1092844.9004,1092824.8559
605507.SH,20250530,20.33,1.3862,1.6617,1.3,14.5355,14.2395,1.3762,1.9286,1.8959,1.4669,1.4669,55882.35,30172.2186,25170.099,1136088.1755,613401.2041
002082.SZ,20250530,6.26,3.1152,5.6892,2.42,69.0676,91.5976,1.4597,2.6529,2.8806,1.278,1.278,61168.9055,55325.5922,30294.1977,382917.3484,346338.2072
601108.SH,20250530,7.37,0.52,0.7692,1.13,14.6272,15.7487,0.947,5.4448,5.7568,2.0353,2.0353,464376.0003,464376.0003,313898.1547,3422451.1222,3422451.1222
920519.BJ,20250530,13.94,3.9302,4.5153,0.73,40.616,48.411,2.421,2.3627,2.5871,2.1458,2.1458,8925.8104,6299.4354,5483.0888,124425.797,87814.1295
301229.SZ,20250530,19.48,5.3597,7.2012,0.94,58.0652,77.9658,3.3481,3.1915,3.1678,0.3212,0.6491,15980.3982,10759.5182,8008.0378,311298.1569,209595.4145
301378.SZ,20250530,26.52,5.191,6.7796,1.03,,,1.9322,5.8414,6.1951,1.3467,1.3467,9660.0,4386.2109,3358.4648,256183.2,116322.3131
920981.BJ,20250530,36.08,2.8627,4.3474,0.55,465.747,367.6905,5.3951,5.253,5.1961,,,7646.8,3730.9618,2456.8096,275896.544,134613.1017
601100.SH,20250530,68.12,0.3689,1.1092,0.86,36.4079,36.1809,5.5663,9.7273,9.665,1.0276,1.0276,134082.0992,134082.0992,44598.9514,9133672.5975,9133672.5975
688075.SH,20250530,37.73,0.4705,1.8822,1.08,24.9347,30.7097,0.9158,8.8679,9.1055,2.1203,2.1203,12708.2805,12708.2805,3177.0805,479483.4233,479483.4233
600478.SH,20250530,4.8,3.2909,4.6202,1.72,102.3086,98.276,2.8508,2.03,1.909,0.3125,0.3125,166554.0916,166554.0916,118634.0779,799459.6397,799459.6397
688600.SH,20250530,20.48,2.7933,5.0528,0.63,191.4886,64.8027,3.7314,3.7265,3.6315,0.9332,0.9332,13470.849,13470.849,7447.0147,275882.9875,275882.9875
301336.SZ,20250530,54.1,6.8459,7.6354,0.97,74.7068,70.19,2.6571,6.2305,5.966,0.2714,0.5024,4000.0,2574.6624,2308.4694,216400.0,139289.2358
301285.SZ,20250530,27.55,1.9778,1.9778,0.83,,,5.5963,6.8572,6.7638,0.3344,0.3344,20667.0,7870.9808,7870.9808,569375.85,216845.521
300237.SZ,20250530,1.7,4.503,6.1739,0.95,,,45.6388,1.3779,1.3987,0.0,,144191.493,144190.143,105166.7751,245125.5381,245123.2431
002212.SZ,20250530,7.08,1.3597,1.4664,0.89,100.5929,80.3415,0.8955,2.9607,3.0541,0.2507,0.2507,117945.3879,116737.6933,108244.8064,835053.3463,826502.8686
002347.SZ,20250530,8.2,14.7005,21.9511,0.94,283.6485,1099.7537,3.4527,3.8523,3.6353,0.0,,50470.2276,49338.2901,33041.4224,413855.8663,404573.9788
688322.SH,20250530,51.68,1.7287,2.2992,0.72,,,7.1341,36.6228,31.1981,,,40000.1,25706.48,19327.436,2067205.168,1328510.8864
688225.SH,20250530,19.6,0.8039,0.8902,0.77,817.4841,,4.0587,2.1808,1.7055,,,40001.0,20910.7763,18882.5361,784019.6,409851.2155
300692.SZ,20250530,6.15,1.5402,1.9952,0.99,44.0503,54.4778,1.2092,2.7267,2.8014,0.635,0.635,42450.7648,37533.3573,28973.3914,261072.2035,230830.1474
300768.SZ,20250530,16.28,1.1845,2.5629,0.75,65.0389,67.593,3.1318,9.0766,8.8889,0.4829,,64382.9039,42066.7709,19441.2393,1048153.6755,684847.0303
600865.SH,20250530,9.2,1.5676,4.5268,0.78,26.0735,30.5597,1.468,17.8031,18.6016,2.5,,37624.0316,37624.0316,13029.4289,346141.0907,346141.0907
601898.SH,20250530,10.71,0.2025,1.2032,0.88,7.3488,7.7463,0.9107,0.7497,0.7785,7.2456,7.2456,1325866.34,915200.04,154018.6592,14200028.5014,9801792.4284
301075.SZ,20250530,28.9,12.2086,35.6146,1.03,,,3.497,9.6082,10.9255,0.4269,0.4269,8000.0,8000.0,2742.3729,231200.0,231200.0
603170.SH,20250530,13.65,1.671,1.9942,0.75,23.4104,23.6686,3.8079,2.0595,2.0252,3.8462,3.8462,40001.0,15881.0,13307.268,546013.65,216775.65
688010.SH,20250530,29.56,1.9454,3.9744,1.03,499.9149,490.8871,2.8224,7.638,7.4531,,,16056.1578,16056.1578,7859.0769,474620.0246,474620.0246
688119.SH,20250530,3.92,0.9426,1.4592,0.72,,,1.4817,2.0157,2.008,0.8163,0.8163,112500.0,57150.0,36917.9416,441000.0,224028.0
301505.SZ,20250530,18.19,2.5063,2.5063,1.25,71.6113,72.0904,2.1313,6.7605,6.9979,1.8607,1.0995,11439.9991,7540.6699,7540.6699,208093.5836,137164.7855
301323.SZ,20250530,40.76,0.943,1.9538,0.73,29.4444,30.6743,2.0095,4.8248,4.7375,0.971,0.971,10492.289,6700.7163,3234.1663,427665.6996,273121.1964
600502.SH,20250530,4.74,1.131,1.6666,1.63,6.0499,6.0456,0.7343,0.0843,0.0834,5.4852,7.173,171653.3938,171653.3938,116489.5154,813637.0866,813637.0866
301580.SZ,20250530,55.3,3.4575,3.4575,0.99,27.9703,26.5633,2.0867,4.7393,4.5773,0.0,,7611.7527,1902.9382,1902.9382,420929.9243,105232.4825
601010.SH,20250530,2.83,1.1919,2.1176,0.99,32.8739,38.435,1.1721,2.7659,2.8775,2.9976,2.9976,184800.0,184800.0,104012.5433,522984.0,522984.0
301126.SZ,20250530,10.97,5.433,7.1806,2.13,84.7895,219.1408,1.2803,0.4306,0.429,0.3666,,20540.32,13788.3269,10432.5125,225327.3104,151257.9461
688581.SH,20250530,64.08,1.4466,2.0388,0.78,17.6865,17.48,2.1145,8.1509,7.9384,1.6059,1.6059,8097.8794,4141.6416,2938.5881,518912.112,265396.3937
688019.SH,20250530,170.44,1.216,1.7574,0.9,41.2693,36.8656,7.6527,12.0016,11.0014,0.1573,0.1573,12921.3274,12921.3274,8940.2338,2202311.0421,2202311.0421
300125.SZ,20250530,6.65,2.7643,3.5449,1.02,,,,29.1006,49.9743,0.0,,26759.9995,26544.2058,20698.8798,177953.9967,176518.9686
002524.SZ,20250530,4.23,3.4878,4.6761,1.64,,,19.2247,2.4563,2.4328,0.0,,51846.7074,50829.9424,37913.0716,219311.5723,215010.6564
603099.SH,20250530,32.65,1.6736,5.0728,0.9,60.3577,63.1173,7.4712,11.7133,11.6986,0.2389,,26667.0,26667.0,8798.1752,870677.55,870677.55
600333.SH,20250530,4.67,1.3194,3.1986,1.05,,,1.4726,1.2343,1.2615,0.0,,60903.0684,60903.0684,25121.9808,284417.3294,284417.3294
002594.SZ,20250530,352.3,1.6393,2.3266,0.83,26.5974,23.8771,4.9032,1.3778,1.3017,0.8793,0.8793,303906.5855,116241.3941,81905.1221,107066290.0717,40951843.1414
002950.SZ,20250530,8.69,0.7549,1.5083,0.97,14.9265,15.2312,1.5658,1.6544,1.6484,0.3051,0.3051,63326.5407,45199.5209,22620.8373,550307.6387,392783.8366
300418.SZ,20250530,33.42,4.2457,6.4886,0.54,,,3.0363,7.4091,6.7463,0.1456,0.1456,125535.6953,124750.4703,81629.23,4195402.9369,4169160.7174
002048.SZ,20250530,15.18,2.206,3.5091,1.05,12.9632,12.5353,1.04,0.4693,0.4592,4.1634,4.1634,81383.3122,70980.1383,44621.1404,1235398.6792,1077478.4994
300438.SZ,20250530,24.9,3.0888,3.6486,0.67,,,2.4849,1.5744,1.5562,0.2399,,50334.336,40416.5941,34214.9341,1253324.9664,1006373.1931
601636.SH,20250530,5.23,0.4218,0.6983,0.85,36.6839,34.1668,1.0344,0.8968,0.9187,6.2497,6.2497,268351.7087,268351.7087,162092.0608,1403479.4365,1403479.4365
002715.SZ,20250530,16.95,2.1195,3.2612,0.42,455.8294,4009.38,4.8849,4.577,4.5766,0.0,,13800.0,13800.0,8968.8196,233910.0,233910.0
002858.SZ,20250530,12.52,3.8717,4.5284,0.9,,,3.8456,4.6568,4.6208,0.0,,16391.9838,14698.0938,12566.5638,205227.6372,184020.1344
600900.SH,20250530,30.2,0.2686,0.5557,0.99,22.7393,21.9204,3.424,8.7457,8.6057,2.7152,3.4106,2446821.7716,2400725.6503,1160340.4775,73894017.5023,72501914.6391
301017.SZ,20250530,12.05,1.7393,4.9409,0.54,,,2.5364,0.5104,0.5136,0.4119,0.4119,40535.2766,24335.2766,8566.2966,488450.083,293240.083
600073.SH,20250530,8.2,2.7727,4.4569,2.49,35.5893,27.2264,1.5193,0.3497,0.3423,0.8902,0.8902,93772.9472,93772.9472,58336.4598,768938.167,768938.167
603916.SH,20250530,8.79,1.7621,3.3886,1.49,39.6604,38.3644,0.9083,1.0696,1.0394,1.7076,1.7076,43261.4119,42031.4119,21857.4119,380267.8106,369456.1106
688328.SH,20250530,18.98,3.1373,4.8166,1.16,,,2.1715,3.5216,2.9784,0.5269,0.5269,9445.6295,9445.6295,6152.461,179278.0479,179278.0479
002579.SZ,20250530,8.03,6.6807,10.1337,3.73,,,2.0406,1.6778,1.6328,0.0,,61261.862,58152.6694,38337.6178,491932.7519,466965.9353
605088.SH,20250530,33.74,1.8395,3.425,1.05,21.0161,19.8333,2.4874,1.5576,1.5051,1.7115,1.7115,18559.3456,18042.7456,9690.3456,626192.3205,608762.2365
002568.SZ,20250530,27.96,1.5014,2.1561,0.68,40.7991,40.1341,6.2536,9.6257,9.8357,0.0,,104936.8955,71798.3765,49998.4669,2934035.5982,2007482.6069
001300.SZ,20250530,14.33,6.5113,6.6551,0.86,156.8673,210.802,3.3251,6.3303,6.562,0.0,,24377.5914,6621.9087,6478.823,349330.8848,94891.9517
300462.SZ,20250530,9.89,6.8557,7.6176,1.75,,528.1742,1.2583,2.8624,3.0778,0.0,,18122.1938,13673.4413,12305.8413,179228.4967,135230.3345
603536.SH,20250530,9.06,2.305,5.3389,0.79,,,5.1221,1.1514,1.2226,0.2208,,24464.23,24053.226,10384.4753,221645.9238,217922.2276
600235.SH,20250530,6.01,1.4745,2.3145,0.74,29.3233,47.2671,1.4078,1.4472,1.5286,0.9983,1.0316,35130.0,35130.0,22380.0,211131.3,211131.3
300820.SZ,20250530,46.52,5.64,8.429,0.74,31.9428,35.151,4.2008,5.7911,5.9578,0.855,,22161.8988,11100.9746,7427.8886,1030971.5322,516417.3384
003000.SZ,20250530,14.23,3.8271,5.1995,0.73,22.0242,22.4906,4.7286,2.6602,2.6004,2.7907,2.7904,45089.4159,30039.3708,22110.2086,641622.3883,427460.2465
920402.BJ,20250530,9.9,1.0874,3.6124,0.83,53.7945,232.1728,2.5305,5.9232,6.7081,1.436,,42206.0067,42206.0067,12705.4549,417839.4663,417839.4663
001236.SZ,20250530,9.29,5.0377,7.7527,1.65,313.8937,211.3552,4.9797,3.2555,2.8035,0.0431,0.0431,100777.7778,32643.5656,21211.6634,936225.5558,303258.7244
688653.SH,20250530,11.33,1.397,1.5057,1.08,,,3.3123,9.1995,8.3514,,,42448.0,31051.4392,28809.5339,480935.84,351812.8061
002179.SZ,20250530,39.22,0.3165,0.5977,0.77,24.7679,25.6157,3.4188,4.0163,3.8622,1.5308,,211827.105,208070.885,110195.6796,8307859.0581,8160540.1097
688222.SH,20250530,16.69,4.6261,8.8465,1.08,130.2127,101.7839,4.6934,15.6617,15.6855,0.2987,0.2987,40068.0,40068.0,20952.9939,668734.92,668734.92
601702.SH,20250530,16.17,0.3276,1.1769,0.6,13.2574,13.1207,2.7842,1.4843,1.4138,1.2369,1.2369,99853.06,99853.06,27793.0,1614623.9802,1614623.9802
603373.SH,20250530,36.5,8.5376,12.5466,1.06,31.2742,30.9126,2.1601,1.477,1.452,1.3699,1.3699,10752.6882,4543.0108,3091.3979,392473.1193,165819.8942
300421.SZ,20250530,14.62,5.3272,6.0444,0.85,77.8282,75.4561,3.4785,4.1153,4.0716,0.8208,1.6416,29403.0484,23034.4072,20301.2453,429872.5676,336763.0333
600755.SH,20250530,6.26,0.6431,1.0446,1.09,21.6863,21.3002,0.6718,0.0383,0.0414,8.1227,10.6786,216746.3548,213215.8487,131249.8001,1356832.181,1334731.2129
600415.SH,20250530,17.62,0.977,2.1973,2.08,31.4353,30.5381,4.5332,6.1396,5.9577,1.1352,1.1352,548364.5926,548286.0526,243778.1134,9662184.1216,9660800.2468
600486.SH,20250530,55.19,1.259,2.3632,0.81,18.6708,18.581,2.0439,2.1509,2.1376,1.5947,1.5947,40666.4029,40286.8579,21462.2054,2244378.7761,2223431.6875
002513.SZ,20250530,4.87,2.4062,3.0436,0.68,,,145.8263,1.0192,0.9329,0.0,,37528.0278,26385.617,20859.51,182761.4954,128497.9548
300682.SZ,20250530,17.18,10.4218,19.3695,5.49,,,2.6536,4.1432,4.1439,1.6348,1.6348,108024.7336,103406.9502,55638.1852,1855864.9232,1776531.4044
002714.SZ,20250530,40.44,2.1631,3.3812,4.29,12.3545,8.9254,2.9327,1.6014,1.4953,2.0392,2.0392,546276.8373,381072.3135,243784.1841,22091435.3004,15410564.3579
688419.SH,20250530,34.08,2.4469,2.4469,1.08,43.6541,40.9717,2.7431,10.4202,9.9138,0.8803,,8200.0,2215.8093,2215.8093,279456.0,75514.7809
300988.SZ,20250530,20.09,4.0964,7.3084,0.9,37.1632,33.1212,2.2944,1.5324,1.4981,0.8313,0.8313,14029.7357,10659.1097,5974.4897,281857.3902,214141.5139
002494.SZ,20250530,4.71,2.7928,3.1212,0.88,79.9812,167.5059,1.4433,3.5408,4.0378,0.0,,37731.0718,28677.0438,25659.0344,177713.3482,135068.8763
601512.SH,20250530,7.4,0.1738,0.9147,1.54,17.4098,26.1398,0.7545,4.1308,4.4199,3.6892,3.6892,149889.0,149889.0,28479.0,1109178.6,1109178.6
688571.SH,20250530,7.26,0.6476,2.2101,1.03,21.9363,21.5906,1.9326,2.402,2.4012,2.0086,2.0086,42012.85,42012.85,12310.45,305013.291,305013.291
002575.SZ,20250530,8.39,5.3362,5.8465,1.37,,,7.1183,13.9976,12.4159,0.0,,61650.0,57829.85,52782.85,517243.5,485192.4415
600187.SH,20250530,3.31,4.6643,6.0794,0.76,122.5727,131.6031,1.6672,29.8155,28.3804,0.0,,161378.1103,161378.1103,123813.1403,534161.5451,534161.5451
002759.SZ,20250530,7.56,1.3738,2.0329,1.23,,,1.1994,1.8449,1.782,1.3149,,50138.2605,50107.2093,33861.2445,379045.2494,378810.5023
000716.SZ,20250530,6.55,4.513,7.3819,0.69,63.4874,64.2701,1.9208,2.0026,2.0166,0.7634,0.7634,75348.955,71085.8137,43458.846,493535.6553,465612.0797
603519.SH,20250530,13.24,0.6564,1.38,0.95,22.1782,21.75,2.5746,2.062,2.0315,7.4806,7.4806,26632.7839,26632.7839,12668.5567,352618.0588,352618.0588
300925.SZ,20250530,20.71,2.6996,3.4368,1.02,67.7844,69.9678,4.1786,2.055,2.0183,0.3807,0.3088,42870.8945,33057.8613,25966.4054,887856.2251,684628.3075
300153.SZ,20250530,26.43,6.349,10.0179,0.91,241.6451,211.5923,9.5533,6.6408,6.1679,0.0,,32000.0,31833.0118,20174.8418,845760.0,841346.5019
688035.SH,20250530,37.8,1.4153,2.2988,0.71,55.1855,48.5313,2.3464,4.6082,4.2008,0.6573,0.6531,14224.0,8881.7622,5468.4042,537667.2,335730.6112
301025.SZ,20250530,10.04,5.6246,14.2385,0.99,273.2692,355.5707,6.4302,9.9112,10.1374,0.0,,40030.94,27715.074,10948.1272,401910.6376,278259.343
000963.SZ,20250530,44.7,1.3361,3.1934,1.35,22.3249,21.9973,3.2589,1.871,1.8566,2.0808,0.7831,175407.7048,175194.1228,73300.3071,7840724.4046,7831177.2892
600715.SH,20250530,2.31,1.1723,1.838,1.44,,,8.2904,23.6274,23.9452,0.0,,405985.35,266237.2241,169811.9725,937826.1585,615007.9877
300650.SZ,20250530,14.07,6.0536,6.7609,0.77,60.0331,61.1858,2.4527,1.1934,1.2742,0.4264,0.1421,21829.6126,15276.8663,13678.5068,307142.6493,214945.5088
605081.SH,20250530,14.13,5.5119,7.7595,1.42,,,1.6516,15.4819,16.9012,0.0,,11324.7072,11324.7072,8044.3505,160018.1127,160018.1127
301317.SZ,20250530,32.02,13.5301,13.5301,0.63,96.1342,11.6138,3.6042,5.4284,5.6582,0.9096,0.9096,15719.0,4480.0,4480.0,503322.38,143449.6
301306.SZ,20250530,36.38,3.8531,4.8753,1.09,,,3.0749,7.8971,8.6199,0.0,,8440.0,3928.0,3104.4,307047.2,142900.64
688348.SH,20250530,39.68,1.3767,1.9134,1.03,44.2795,48.073,1.7042,3.5015,4.0424,1.7851,1.7851,15627.7435,8058.7083,5798.3023,620108.8621,319769.5453
688590.SH,20250530,20.9,1.9095,2.9176,0.83,678.9357,631.2941,3.9048,2.7538,2.7526,0.5408,0.5408,26289.2348,26289.2348,17205.7061,549445.0073,549445.0073
002301.SZ,20250530,7.22,1.9568,3.4055,0.9,82.8984,83.6478,1.6668,0.457,0.4561,1.141,,72130.7933,71799.0223,41254.5126,520784.3276,518388.941
603639.SH,20250530,14.18,7.277,21.2598,1.41,26.5738,24.6458,1.3645,1.2334,1.1977,3.5272,3.5272,33989.8336,33987.8336,11633.6295,481975.8404,481947.4804
600130.SH,20250530,3.69,5.9663,7.1705,1.03,541.4725,712.6529,2.8695,7.6745,7.2736,0.0,,75000.0,75000.0,62405.36,276750.0,276750.0
605377.SH,20250530,10.86,0.6745,1.2884,0.92,10.7449,12.5101,1.2444,1.3368,1.3746,11.1029,11.1029,46389.189,46389.189,24284.715,503786.5925,503786.5925
300094.SZ,20250530,3.55,7.7854,10.1172,2.87,,,2.1752,1.1747,1.2596,0.0,,112816.7253,110551.7399,85071.6556,400499.3748,392458.6766
300862.SZ,20250530,28.34,2.3418,2.721,0.63,806.7526,,2.6115,8.5852,8.8187,0.1916,0.1916,18461.7902,15147.1007,13036.4521,523207.1343,429268.8338
000692.SZ,20250530,3.47,2.1056,3.0075,1.27,,,12.2573,0.881,0.8768,0.0,,53283.2976,53283.2976,37303.6368,184893.0427,184893.0427
600299.SH,20250530,9.62,0.1936,1.3736,0.94,21.4227,18.5315,1.6293,1.6608,1.5792,0.6237,1.8711,268190.1273,268190.1273,37798.485,2579989.0246,2579989.0246
688408.SH,20250530,41.8,1.2233,2.0661,0.54,14.4999,15.5811,2.0177,1.0145,1.0441,1.2977,1.2977,21906.5886,21898.8406,12965.3358,915695.4035,915371.5371
300596.SZ,20250530,27.57,1.6366,2.4291,1.04,14.8494,14.8229,1.4113,1.1132,1.0889,1.2477,1.342,22961.9667,22468.851,15138.3571,633061.4219,619466.2221
920092.BJ,20250530,42.86,5.0875,9.34,1.3,175.0126,148.4219,6.8681,9.787,9.5147,0.2665,0.2665,6207.97,3192.9705,1739.2103,266073.5942,136850.7156
920185.BJ,20250530,22.8,0.4886,1.858,0.91,27.6313,28.9361,2.0714,1.8054,1.8229,1.7285,,112733.8649,110917.2997,29169.9009,2570332.1197,2528914.4332
688529.SH,20250530,16.15,1.2962,2.2999,1.11,,,1.3623,1.5017,1.4487,0.6898,0.6898,16817.5953,16817.5953,9478.1785,271604.1641,271604.1641
688616.SH,20250530,11.27,0.8097,2.0004,0.88,19.4894,18.802,2.3708,3.4434,3.478,2.1798,2.1798,17937.8265,17937.8265,7260.2265,202159.3047,202159.3047
603289.SH,20250530,9.27,1.5695,4.6061,1.11,33.0806,36.1318,1.8842,2.3687,2.3574,1.6303,1.6303,29336.6727,29336.6727,9996.4508,271950.9559,271950.9559
000029.SZ,20250530,20.01,1.9916,6.7516,3.68,,,5.6436,49.7352,29.8635,0.0,,101166.0,89166.0,26301.7736,2024331.66,1784211.66
002016.SZ,20250530,5.51,0.5747,1.4469,0.91,119.1538,141.0054,0.9307,4.544,4.8627,0.9074,0.4719,80909.5632,80909.5632,32137.2958,445811.6932,445811.6932
300760.SZ,20250530,225.87,0.3627,0.7578,0.88,23.4695,24.5892,7.2236,7.4567,7.6947,3.1921,3.4002,121244.1394,121241.9194,58024.9632,27385413.7663,27384912.3349
301603.SZ,20250530,49.17,9.1144,9.1144,1.36,28.9303,25.9999,2.7921,3.3745,3.1759,1.627,1.8304,12076.0,2415.2,2415.2,593776.92,118755.384
301216.SZ,20250530,13.39,2.1059,2.1834,1.86,,,1.3069,0.4004,0.4081,1.1101,1.1102,51522.1699,28482.5446,27470.8696,689881.855,381381.2722
601899.SH,20250530,17.73,0.4534,0.6436,0.78,14.7024,13.1053,3.265,1.5519,1.531,1.6921,1.6921,2657757.394,2058793.834,1450442.0636,47122038.5956,36502414.6768
002887.SZ,20250530,7.88,1.5255,2.7073,1.01,24.1353,27.0045,1.0378,6.0061,5.9906,3.1726,3.1726,30598.67,19460.036,10965.2611,241117.5196,153345.0837
002392.SZ,20250530,6.05,0.8376,0.8376,0.61,22.6073,19.8588,1.3133,1.1384,1.1075,1.0413,,119049.0839,114388.1383,114388.1383,720246.9576,692048.2367
300573.SZ,20250530,52.16,3.2827,3.6199,0.72,37.8552,28.4888,8.1615,6.5851,6.0092,3.6021,2.0509,24534.8945,18845.0754,17089.2241,1279740.0971,982959.1329
002713.SZ,20250530,4.78,3.2174,5.4881,0.67,,,,1.5474,1.9599,0.0,,41953.698,41035.3994,24056.7139,200538.6764,196149.2091
002083.SZ,20250530,4.64,1.401,2.2914,1.04,12.6264,11.4119,0.9975,0.8216,0.8144,4.4453,5.7651,94663.9012,94626.3012,57855.1186,439240.5016,439066.0376
301311.SZ,20250530,18.44,9.0051,10.4815,0.98,691.3337,,2.422,2.2109,2.168,0.3037,0.3037,24000.0,8724.2367,7495.423,442560.0,160874.9247
600335.SH,20250530,6.48,0.8334,2.6627,1.02,24.6973,24.0161,0.8407,0.2306,0.2388,0.463,0.463,149578.8692,149578.8692,46818.041,969271.0724,969271.0724
301293.SZ,20250530,44.16,11.8536,14.8333,4.32,86.6071,82.77,3.8927,6.3638,6.1216,0.1655,0.1655,20598.6987,16094.5692,12861.5667,909638.5346,710736.1759
300537.SZ,20250530,20.1,17.7239,20.3185,1.39,,,5.2865,7.7725,7.9256,0.0,,20039.5122,14361.1939,12527.3223,402794.1952,288659.9974
300658.SZ,20250530,6.17,1.9945,2.8559,0.7,75.2503,70.3446,1.5391,1.383,1.2784,1.1982,1.1982,33276.4105,22540.3035,15741.3875,205315.4528,139073.6726
002733.SZ,20250530,15.05,3.0647,4.8912,1.27,59.55,57.8261,2.1271,1.627,1.6298,0.9848,0.9848,38421.4913,36886.2759,23112.2674,578243.4441,555138.4523
688071.SH,20250530,39.0,3.0924,5.4046,1.57,,,3.0508,7.8095,7.1396,,,8478.9724,8478.9724,4851.475,330679.9236,330679.9236
601665.SH,20250530,6.64,0.6131,1.2122,0.95,6.4386,6.1975,0.8035,2.5692,2.5402,3.3132,5.2259,483502.8067,483502.8067,244523.1138,3210458.6365,3210458.6365
300523.SZ,20250530,21.6,1.4933,3.0108,0.76,,,4.3207,3.5866,3.4118,0.0,,23263.7638,23235.846,11524.1338,502497.2981,501894.2736
603197.SH,20250530,37.8,2.3539,3.3423,0.84,26.797,24.5868,2.4149,1.1541,1.0887,2.2233,2.2233,21448.2121,21362.2371,15045.0096,810742.4174,807492.5624
000977.SZ,20250530,48.95,1.7051,2.5209,0.87,31.4435,29.4371,3.5838,0.6279,0.5004,0.2656,0.3269,147213.5122,147042.0889,99458.5224,7206101.4222,7197710.2517
300795.SZ,20250530,15.14,1.492,1.8266,0.85,29.1636,39.8483,8.9228,6.0227,6.5346,3.188,3.2553,29889.387,17326.5206,14152.3448,452525.3192,262323.5219
600196.SH,20250530,25.37,2.8242,4.8698,4.5,24.459,23.1627,1.4142,1.6497,1.6798,1.0643,1.0643,267042.9325,211848.8825,122859.787,6774879.1975,5374606.149
002329.SZ,20250530,3.6,4.1925,4.5708,0.6,,,3.3852,1.4648,1.4889,0.0,,83240.3985,65038.8924,59655.8077,299665.4346,234140.0126
600757.SH,20250530,9.66,1.4958,3.4241,2.12,12.4051,10.8121,1.1805,1.6577,1.6169,4.1408,4.1408,121365.0273,121349.7103,53012.2899,1172386.1637,1172238.2015
301598.SZ,20250530,62.72,17.9907,17.9907,1.22,36.2289,34.3633,4.0028,7.1667,6.8991,,2.0727,5889.7223,1472.4306,1472.4306,369403.3827,92350.8472
002949.SZ,20250530,13.7,2.1963,3.9191,0.71,21.4346,21.5425,1.9525,2.3016,2.2343,5.8394,2.5547,19604.2743,14997.5868,8404.7343,268578.5579,205466.9392
601816.SH,20250530,5.86,0.1482,0.2942,1.28,22.5374,22.5359,1.4068,6.826,6.8071,1.904,1.904,4910648.4611,4910648.4611,2473778.1306,28776399.982,28776399.982
688329.SH,20250530,17.08,2.5467,4.3033,1.92,,,1.785,4.0536,4.0505,0.8585,0.8585,7720.0,7720.0,4568.7,131857.6,131857.6
603050.SH,20250530,16.0,0.4754,1.7743,0.81,36.2859,35.1909,3.8297,1.5744,1.5154,1.4077,0.8446,40331.9193,40331.9193,10806.6012,645310.7088,645310.7088
603311.SH,20250530,10.55,1.204,2.4765,1.27,38.263,27.6803,1.8303,3.1559,3.008,0.7583,0.7583,23588.3907,23588.3907,11467.9471,248857.5219,248857.5219
603355.SH,20250530,21.77,0.3186,1.6905,0.96,10.1471,10.5236,2.4624,1.2786,1.2689,6.8902,6.8902,57351.5334,57113.9254,10764.1325,1248542.8821,1243370.156
000615.SZ,20250530,3.14,1.0951,1.6173,0.66,,,,2.1888,2.2654,0.0,,76297.9719,76250.0287,51632.2709,239575.6318,239425.0901
002420.SZ,20250530,5.89,1.985,2.6836,1.19,25.594,38.688,4.1432,0.9032,0.8567,0.0,,41150.0,40024.4644,29604.5744,242373.5,235744.0953
300154.SZ,20250530,8.81,1.999,4.2759,1.12,26.3503,24.1941,2.1789,3.9027,4.0773,2.275,2.275,44955.5201,31530.4451,14740.4551,396058.1321,277783.2213
300719.SZ,20250530,16.59,3.4935,4.1942,0.91,305.5865,15441.3681,4.0739,6.6775,6.4084,1.2055,1.2055,25469.645,17962.0132,14961.4318,422541.4106,297989.799
301308.SZ,20250530,71.18,2.6683,3.3522,1.18,59.8269,,4.5509,1.7084,1.7278,0.3486,0.3486,41914.5267,11905.3323,9476.4617,2983476.0105,847421.5531
688549.SH,20250530,6.96,1.3588,1.5772,1.16,1026.6257,8236.4641,3.3941,9.9872,9.6417,0.1437,0.1437,147727.6,57773.5989,49773.5989,1028184.096,402104.2483
600228.SH,20250530,4.44,3.525,5.0365,0.71,,,4.1948,7.6343,7.9857,0.0,,41927.2377,41829.7177,29276.1353,186156.9354,185723.9466
605598.SH,20250530,20.91,0.6216,2.0138,1.52,55.5452,52.3775,2.813,3.9631,3.7215,1.0187,1.0187,24576.0841,24301.6841,7501.6841,513885.9185,508148.2145
001201.SZ,20250530,14.6,2.5454,3.5416,2.64,,317.852,1.1135,2.4758,2.1698,0.0,,25778.4001,16452.5962,11824.5826,376364.6415,240207.9045
600376.SH,20250530,2.41,1.1161,2.3573,2.84,,,0.7164,0.2568,0.2523,0.0,,257956.5242,257956.5242,122126.6904,621675.2233,621675.2233
600463.SH,20250530,9.99,4.3597,11.5825,0.42,,,3.0369,6.2206,5.345,0.0,,30000.0,30000.0,11292.1181,299700.0,299700.0
002249.SZ,20250530,6.52,2.5288,2.902,1.25,17.9274,16.5118,1.6586,1.3135,1.2675,2.8545,2.8545,244040.5298,182948.1163,159417.0584,1591144.2543,1192821.7183
300898.SZ,20250530,28.56,5.3734,11.7623,0.81,34.5513,39.5491,3.8399,4.6336,4.7281,1.7507,2.1008,12400.0,11473.4689,5241.473,354144.0,327682.2718
688726.SH,20250530,39.05,2.3763,2.3763,0.8,21.7023,19.6183,4.3368,2.7632,2.588,,0.9475,40532.6189,3631.145,3631.145,1582798.768,141796.2123
300690.SZ,20250530,22.88,3.7463,4.7375,1.11,44.0153,33.4187,2.5186,4.0095,3.7606,0.9178,,16534.8919,10948.0933,8657.5175,378318.3267,250492.3747
300851.SZ,20250530,25.77,1.9121,3.0686,1.21,46.1121,51.0434,1.7821,6.6413,6.7855,1.7462,1.6686,8693.34,5385.6237,3355.8905,224027.3718,138787.5227
601061.SH,20250530,7.54,2.0856,2.0856,0.45,16.5067,13.919,1.6427,0.2838,0.2807,1.9894,1.9894,490000.0,50115.3847,50115.3847,3694600.0,377870.0006
301206.SZ,20250530,29.22,3.657,4.1862,0.6,56.3305,55.9751,1.316,8.2928,8.8078,1.3678,1.3648,20232.57,10761.12,9400.643,591195.6954,314439.9264
688085.SH,20250530,19.97,0.7996,1.5409,1.08,483.8745,210.2999,2.7341,12.2342,11.4751,0.3492,0.3492,27788.5415,24845.3535,12891.8281,554937.1738,496161.7094
603726.SH,20250530,15.46,1.0402,2.3302,0.69,16.6703,16.7749,2.1575,1.5152,1.4738,2.5614,2.5614,18565.12,18400.12,8213.3824,287016.7552,284465.8552
920799.BJ,20250530,58.7,6.4459,10.7429,1.71,187.4993,154.5461,28.7163,20.238,22.0236,0.4241,0.4241,20978.005,11778.4571,7067.1775,1231408.8935,691395.4318
603066.SH,20250530,12.4,11.9563,26.3849,3.13,72.5543,68.4379,2.5686,2.5271,2.5228,1.1694,1.1694,29418.0074,29418.0074,13330.8104,364783.2918,364783.2918
301302.SZ,20250530,23.37,5.5302,5.5302,0.68,,,2.1692,14.6082,14.5617,0.0,,15586.5,8424.0,8424.0,364256.505,196868.88
300397.SZ,20250530,11.8,3.8108,4.187,0.92,,,4.096,15.1794,17.1817,0.0,,51763.6745,40550.5408,36907.5658,610811.3591,478496.3814
603297.SH,20250530,83.7,0.5099,1.6968,0.71,44.6027,42.5437,4.6648,10.4325,10.388,1.1412,1.1412,11115.05,11072.91,3327.2145,930329.685,926802.567
600133.SH,20250530,9.37,1.9845,2.3932,1.58,18.9179,20.3623,1.128,2.9671,2.9061,1.6009,1.6009,106623.9875,106623.9875,88411.6613,999066.7629,999066.7629
300011.SZ,20250530,7.08,1.6624,2.2308,1.37,355.8062,,3.0209,2.4911,2.4759,0.0,,55865.0387,50162.8829,37382.0316,395524.474,355153.2109
300872.SZ,20250530,19.5,32.1281,38.1056,5.36,115.7099,742.5636,2.7944,5.0775,5.0802,0.2231,0.254,45989.564,39381.625,33203.9669,896796.498,767941.6875
301110.SZ,20250530,46.06,7.3341,8.7259,0.79,47.0752,55.7977,2.9824,3.6961,3.5479,1.7989,1.7989,9253.5333,4854.0333,4079.766,426217.7438,223576.7738
301036.SZ,20250530,34.67,2.1271,3.2203,0.9,28.7247,27.9654,2.1251,2.2009,2.1705,1.7306,1.4422,10000.0,7043.4135,4652.3035,346700.0,244195.146
001219.SZ,20250530,13.77,1.3267,2.5507,0.63,27.5442,27.2426,2.5391,5.1058,5.0779,1.6759,1.6759,19498.375,18992.1444,9878.6539,268492.6238,261521.8284
603950.SH,20250530,23.59,0.8197,2.2245,0.68,33.1916,29.274,2.8408,3.9831,3.8136,0.0,0.9128,32413.08,32413.08,11943.1497,764624.5572,764624.5572
301088.SZ,20250530,14.59,2.3951,7.8043,1.1,31.1616,32.954,1.2855,4.8256,5.0535,3.2707,3.2707,22790.0,18785.0,5765.0,332506.1,274073.15
688097.SH,20250530,24.89,0.6955,2.462,0.72,27.9047,28.6012,2.5132,2.244,2.2467,0.8557,0.8557,44664.7765,44362.3515,12532.994,1111706.2871,1104178.9288
000951.SZ,20250530,18.36,1.3286,2.7459,0.86,14.5781,14.2287,1.3797,0.4801,0.4648,4.0808,1.577,117486.936,117486.936,56846.8984,2157060.145,2157060.145
300529.SZ,20250530,21.83,0.8272,1.0006,0.61,21.2554,24.0724,6.2408,6.5116,7.0273,1.777,3.5534,79860.5275,51246.72,42368.4233,1743355.3153,1118715.8976
920098.BJ,20250530,31.55,1.7165,2.3747,0.88,29.5197,29.6249,2.7869,5.3069,5.2437,,,8132.0369,4353.7729,3147.1174,256565.7642,137361.535
003005.SZ,20250530,20.85,3.0431,4.0801,1.06,112.9985,102.5547,2.666,9.9963,9.9015,0.0,1.0963,23138.8691,10334.9514,7708.3019,482445.4207,215483.7367
688525.SH,20250530,56.08,1.7011,1.9263,0.81,160.4369,,6.2131,3.8636,3.9724,,,46126.5626,31730.4342,28020.9946,2586777.6306,1779442.7499
603716.SH,20250530,12.54,23.8055,30.7997,1.02,,,2.8261,1.3229,1.485,0.0,,19101.7494,19101.7494,14764.0347,239535.9375,239535.9375
300549.SZ,20250530,17.28,2.9636,4.8258,1.17,168.2,138.481,4.2183,6.6384,6.3828,0.5787,0.2894,13334.0,10105.4675,6206.0,230411.52,174622.4784
002259.SZ,20250530,4.01,4.7536,6.6324,0.57,251.431,156.5933,11.3531,4.1183,3.7183,0.0,,75232.8267,75232.8267,53921.2742,301683.6351,301683.6351
688108.SH,20250530,11.05,2.8971,4.136,0.97,3050.2797,744.0904,5.2479,9.9592,9.7512,,,41345.6,41345.6,28960.8604,456868.88,456868.88
301113.SZ,20250530,20.35,3.451,7.8315,1.65,165.7918,163.6422,2.6963,6.2609,6.0631,0.1134,2.646,9100.0,5511.7465,2428.7445,185185.0,112164.0413
001333.SZ,20250530,19.77,5.5741,5.5741,1.18,17.2857,17.3997,1.483,1.4679,1.4366,1.8209,1.8209,12800.0,4400.0,4400.0,253056.0,86988.0
603266.SH,20250530,18.01,2.3781,5.9731,0.87,32.5099,34.8375,2.3192,2.6212,2.6768,0.9439,0.9439,19888.675,19888.675,7918.423,358195.0368,358195.0368
603076.SH,20250530,30.0,9.6305,19.1808,1.48,171.6132,136.0854,2.8542,2.4296,2.4508,0.5,1.3333,12070.1344,12070.1344,6060.3001,362104.032,362104.032
300880.SZ,20250530,20.39,0.824,1.8462,0.85,20.6084,22.2306,3.6681,3.923,4.1687,1.4641,1.4641,19513.728,19510.953,8708.793,397884.9139,397828.3317
300175.SZ,20250530,5.15,1.4226,1.8706,1.47,,,4.6784,9.8814,10.5849,0.0,,47080.0,47080.0,35804.704,242462.0,242462.0
301281.SZ,20250530,32.14,7.1713,12.5287,0.66,57.5768,56.1352,2.5577,7.5055,8.1196,0.9334,0.6223,10829.0,6885.2,3941.0,348044.06,221290.328
300508.SZ,20250530,27.29,1.5729,2.6762,1.11,31.4116,32.1973,3.8924,6.4366,6.3094,0.2912,0.6769,10983.612,8298.3248,4877.2201,299742.7715,226461.2838
002058.SZ,20250530,11.02,2.4938,4.7015,0.81,,,13.1568,9.7257,10.2811,0.0,,14344.8332,14303.5097,7586.9241,158080.0619,157624.6769
688303.SH,20250530,19.25,0.5354,0.5516,0.63,,,1.0428,5.5725,7.7388,2.1632,2.1632,214520.5724,55270.5724,53645.5724,4129521.0187,1063958.5187
600262.SH,20250530,22.33,8.5844,16.053,0.96,21.218,19.9341,2.2404,1.3007,1.2775,1.124,1.124,17000.0,17000.0,9090.8501,379610.0,379610.0
002375.SZ,20250530,3.86,0.5346,1.1532,0.79,17.0859,16.9846,0.6397,0.4262,0.4421,0.5022,0.5022,133999.6498,132679.3698,61510.567,517238.6482,512142.3674
000799.SZ,20250530,42.01,0.9746,1.4125,1.12,1092.6079,,3.4138,9.5904,10.719,2.3804,2.3804,32492.898,32490.048,22417.3189,1365026.645,1364906.9165
300333.SZ,20250530,12.1,8.3713,9.7747,1.15,,,6.9473,31.7524,29.9683,0.0,,33600.0,33478.0067,28671.4571,406560.0,405083.8811
301230.SZ,20250530,32.44,13.9138,15.6813,0.99,265.0675,178.3498,4.328,8.3167,7.7647,1.0802,1.0802,13958.6605,7686.0305,6819.7105,452818.9466,249334.8294
002386.SZ,20250530,4.56,0.8201,1.1932,0.78,,,0.7927,0.444,0.4397,1.7544,1.7544,130164.7073,130141.5367,89444.402,593551.0653,593445.4074
300720.SZ,20250530,21.9,1.4041,3.4869,1.04,89.2314,86.0635,7.1765,18.0511,17.8905,1.1872,1.1872,19487.7256,17330.2051,6978.4936,426781.1906,379531.4917
600006.SH,20250530,8.18,9.2756,23.2514,1.58,561.001,406.367,1.9412,1.4958,1.5916,0.368,0.368,200000.0,200000.0,79785.462,1636000.0,1636000.0
603520.SH,20250530,10.01,3.4254,4.7153,0.69,,,1.6605,1.8673,1.8333,0.4995,0.4995,43840.9881,43840.9881,31848.3625,438848.2909,438848.2909
300703.SZ,20250530,20.36,19.1039,28.562,0.74,34.0284,30.1058,4.1711,1.8938,1.7749,0.7367,0.7367,18039.184,16966.1583,11347.9458,367277.7862,345430.983
002983.SZ,20250530,19.26,1.1847,2.3824,0.9,36.3044,33.2078,3.1214,3.6331,3.6072,1.5126,1.5126,22323.4615,12812.8469,6371.6764,429949.8685,246775.4313
002668.SZ,20250530,10.23,0.5328,1.1971,0.92,10.881,10.1208,4.0724,0.604,0.5911,0.0,,108411.1428,108411.1428,48250.6196,1109045.9908,1109045.9908
920694.BJ,20250530,19.7,3.329,6.1425,1.0,24.9645,21.5204,3.176,4.3669,3.9666,1.1727,1.1714,13284.063,6249.0441,3386.7634,261696.0411,123106.1688
600960.SH,20250530,4.59,4.1107,7.4412,1.75,,,1.238,1.032,1.0725,0.0,,95051.5518,95051.5518,52508.6638,436286.6228,436286.6228
601099.SH,20250530,3.59,0.9855,1.1062,0.9,111.2038,96.6596,2.5053,18.5468,18.124,0.0,,681631.637,681631.637,607227.6395,2447057.5768,2447057.5768
600526.SH,20250530,4.87,1.5793,2.3687,1.69,17.9678,17.7593,0.9835,1.0103,1.0049,0.0,,88970.314,71162.6073,47448.3375,433285.4292,346561.8976
300938.SZ,20250530,19.95,3.4621,4.2338,1.59,25.9401,26.5263,3.2543,6.3011,6.43,0.7655,1.4133,22898.796,15190.4429,12421.5009,456830.9802,303049.3359
002968.SZ,20250530,10.78,15.1699,30.9313,3.43,21.4395,22.5453,1.9663,0.7201,0.7476,2.6268,3.5485,22627.7783,21309.9533,10451.2607,243927.4501,229721.2966
300793.SZ,20250530,16.28,4.1207,5.8148,1.36,149.9094,145.9598,2.0485,2.5114,2.4713,0.8097,,38052.5392,37206.6892,26366.6892,619495.3382,605724.9002
002378.SZ,20250530,8.25,3.961,9.6693,0.94,57.6166,52.8935,4.5578,2.6983,2.4869,0.7273,,120141.7666,119508.9584,48956.5528,991169.5745,985948.9068
600488.SH,20250530,4.23,0.8849,2.0164,1.53,34.6097,34.5998,1.4815,1.4365,1.4722,2.0606,2.0606,109188.668,109188.668,47915.0231,461868.0656,461868.0656
001268.SZ,20250530,21.57,5.4562,5.4562,0.88,32.5791,31.181,2.3603,3.098,2.9016,1.1557,2.0667,10793.3334,3712.4609,3712.4609,232812.2014,80077.7816
601198.SH,20250530,10.22,0.4749,0.8635,0.94,21.3916,21.1269,1.1558,3.5256,3.7458,1.5264,1.5264,323244.552,323244.552,177784.5036,3303559.3214,3303559.3214
600276.SH,20250530,54.74,0.739,1.2125,1.1,57.0465,52.8347,6.4179,12.917,12.3824,0.3648,0.3649,660352.2074,637900.2274,388806.5783,36147679.8331,34918658.4479
605333.SH,20250530,28.53,0.8404,3.5534,0.46,18.5893,18.805,5.3802,1.5747,1.5727,0.1753,0.1753,43677.6081,43677.6081,10329.8681,1246122.1591,1246122.1591
002035.SZ,20250530,6.56,0.8379,1.0459,0.85,11.4725,11.9092,1.431,0.8727,0.8897,4.4837,4.4837,84765.3618,78052.3042,62531.4167,556060.7734,512023.1156
301370.SZ,20250530,10.12,1.4101,2.7258,0.54,36.4484,50.6079,1.9609,0.6483,0.6462,1.157,0.8236,47060.0,32374.8561,16747.7693,476247.2,327633.5437
688173.SH,20250530,13.11,5.4091,6.2562,0.74,,,3.669,9.8608,8.9611,,,41030.9104,24012.7123,20761.0727,537915.2353,314806.6583
002511.SZ,20250530,7.2,1.2622,2.5801,0.76,120.578,191.8986,1.697,1.1418,1.1115,0.8453,0.8453,129255.6013,126526.5927,61894.7839,930640.3294,910991.4674
300061.SZ,20250530,12.39,4.4468,5.5044,0.82,,,14.7203,13.0266,14.8529,0.0,,65899.3677,62053.9736,50131.011,816493.1658,768848.7329
603367.SH,20250530,14.29,2.116,5.0728,1.23,12.7133,13.2149,1.0611,1.625,1.724,4.5907,4.5907,45275.4129,45275.4129,18885.2824,646985.6503,646985.6503
002966.SZ,20250530,8.72,0.8538,0.9949,1.39,7.6919,7.5446,0.8002,3.1892,3.1828,5.5997,5.5997,447066.2011,438895.8484,376621.536,3898417.2736,3827171.798
000758.SZ,20250530,4.76,0.6832,1.0617,1.08,23.5646,27.1061,1.5961,1.0631,1.0528,0.0,,199167.207,197616.8316,127169.8337,948035.9053,940656.1184
920106.BJ,20250530,90.7,5.3679,5.3679,0.74,62.4808,46.2399,10.747,16.1995,13.8835,,0.4725,5582.85,1694.8043,1694.8043,506364.495,153718.75
920225.BJ,20250530,20.7,6.4845,7.8646,0.69,24.5044,21.2375,3.8413,5.43,5.1799,0.8052,0.9662,12691.8894,8278.2154,6825.4768,262722.1106,171359.0588
688379.SH,20250530,28.53,2.5297,5.2103,0.72,31.8807,15.2656,2.3505,1.3401,1.1991,0.498,,9008.552,9008.552,4373.752,257013.9886,257013.9886
000507.SZ,20250530,5.47,2.6401,3.8019,0.66,17.2237,16.0634,0.9734,0.9817,1.0104,0.216,,91973.4895,90233.2186,62658.5036,503094.9876,493575.7057
000757.SZ,20250530,4.45,3.4878,5.0285,0.71,,831.5573,1.522,0.6595,0.7092,0.0,,53271.6095,53271.4539,36949.5601,237058.6623,237057.9699
000876.SZ,20250530,9.58,1.1473,2.5295,1.92,91.5511,15.1991,1.9495,0.4207,0.4186,0.0,,452594.0237,449967.7783,204084.0906,4335850.747,4310691.3161
688087.SH,20250530,24.08,1.7391,3.1089,1.74,14.6701,14.6694,1.7285,1.542,1.4622,0.7908,0.7908,18722.661,18624.549,10418.4874,450841.6769,448479.1399
002747.SZ,20250530,19.22,1.685,2.6379,0.97,,,9.0982,4.1569,3.9211,0.3122,0.3122,86701.8453,78240.5153,49976.1236,1666409.4667,1503782.7041
600300.SH,20250530,3.48,3.944,5.7088,0.73,13.6878,15.8367,1.6796,1.5391,1.6551,1.8678,3.6782,161714.218,161714.218,111721.418,562765.4786,562765.4786
000609.SZ,20250530,3.39,11.9432,15.807,1.47,,,8.9802,3.3223,3.788,0.0,,29926.5522,29105.8272,21991.3472,101451.012,98668.7542
002705.SZ,20250530,14.17,0.5125,1.5229,1.12,10.9269,10.207,1.3709,0.6839,0.6696,2.8447,2.8447,81187.578,80816.1403,27195.9742,1150427.9803,1145164.7081
601368.SH,20250530,4.79,0.7927,1.8388,1.33,48.0976,61.1481,0.8916,1.707,1.7079,0.5428,0.5428,88297.3077,88297.3077,38062.6493,422944.1039,422944.1039
603348.SH,20250530,20.21,1.5169,2.9003,0.85,55.233,111.7635,1.4901,1.0174,1.0527,0.7276,0.7276,31447.7192,31447.7192,16447.7192,635558.405,635558.405
920046.BJ,20250530,16.31,5.6053,7.433,1.04,118.1897,115.6323,6.5706,9.1441,9.4133,0.4379,0.4379,10115.0,5143.8737,3879.0537,164975.65,83896.58
601919.SH,20250530,16.39,0.6288,1.532,0.83,5.2012,4.7258,1.0553,1.092,1.0486,4.6308,4.6308,1558147.2393,1260965.2893,517533.2996,25538033.2521,20667221.0916
300052.SZ,20250530,9.55,3.3542,4.0325,1.02,,,6.3536,11.0096,12.408,0.0,,26185.871,26184.871,21780.3832,250075.0681,250065.5181
301560.SZ,20250530,35.48,14.6889,14.6889,0.95,45.2303,42.2504,4.7347,4.4101,4.2462,,,12160.0,2309.96,2309.96,431436.8,81957.3808
688004.SH,20250530,19.6,2.2219,3.6091,0.73,,,2.5834,9.0826,9.5032,,,8008.8,8008.8,4930.6081,156972.48,156972.48
600624.SH,20250530,7.21,3.8269,5.396,1.25,,,7.7591,7.5901,7.5267,0.0,,67934.6942,67934.6942,48180.1806,489809.1452,489809.1452
300923.SZ,20250530,23.6,2.4404,5.3737,0.83,43.8041,43.1184,1.6578,3.9346,3.801,1.8947,1.8947,7860.0,7635.6,3467.6,185496.0,180200.16
600720.SH,20250530,7.98,0.6141,0.7962,0.84,10.4562,10.4446,1.2106,1.4727,1.53,4.1367,2.8937,229459.5565,100904.9771,77831.6678,1831087.2609,805221.7173
300555.SZ,20250530,11.42,0.9903,1.2231,0.79,,,4.5006,12.8967,13.7194,0.0,,20000.0,19782.2713,16017.083,228400.0,225913.5382
600989.SH,20250530,16.0,0.2456,0.831,1.06,18.5137,15.9563,2.6998,3.5574,3.3027,1.7503,2.5625,733336.0,733336.0,216714.873,11733376.0,11733376.0
600562.SH,20250530,25.8,1.5476,4.579,0.86,50.8761,54.3461,5.2643,9.4223,10.0071,0.562,0.562,124185.784,123403.1757,41708.1959,3203993.2272,3183801.9331
001380.SZ,20250530,20.38,5.2038,6.3282,0.92,24.3798,22.1059,3.2492,2.9671,2.7531,0.7004,0.9946,27085.4208,8800.3853,7236.7887,552000.8759,179351.8524
300388.SZ,20250530,6.98,1.566,4.3468,2.5,12.9645,13.2355,1.0455,1.2388,1.2674,1.8625,,68104.2231,68011.3748,24501.7551,475367.4772,474719.3961
601058.SH,20250530,12.52,0.5808,0.7622,0.97,10.133,10.121,2.0071,1.2945,1.2506,2.5559,2.5559,328810.0259,328810.0259,250520.4602,4116701.5243,4116701.5243
601798.SH,20250530,7.4,2.5202,3.9542,0.74,,,2.1106,3.8845,3.6977,0.0,,35452.8198,35452.8198,22595.9948,262350.8665,262350.8665
301055.SZ,20250530,20.36,3.0313,7.4543,0.96,126.8269,104.5898,4.9044,3.4986,3.4528,0.7151,0.7151,15600.0,15600.0,6343.76,317616.0,317616.0
000009.SZ,20250530,8.02,0.5126,0.7861,1.18,119.8278,76.4903,2.047,1.0226,1.0295,0.5611,0.5611,257921.3965,255143.0324,166387.8284,2068529.5999,2046247.1198
002848.SZ,20250530,7.59,6.6068,8.9633,1.32,,,9.4174,9.4162,9.0959,0.0,,16715.0,16425.7981,12107.3963,126866.85,124671.8076
002221.SZ,20250530,8.0,0.5561,0.8694,1.05,28.4048,28.6089,1.1337,0.4076,0.3965,0.0,,157612.7767,146088.9862,93439.5698,1260902.2136,1168711.8896
603322.SH,20250530,38.17,9.431,12.8896,1.42,,,21.613,3.595,4.086,0.0,,15758.6796,15758.6796,11530.1796,601508.8003,601508.8003
603091.SH,20250530,50.01,9.8557,9.8557,0.55,15.7877,15.3556,2.4646,3.3068,3.2365,,,10223.8793,2044.776,2044.776,511296.2038,102259.2478
688113.SH,20250530,33.85,1.0622,1.7759,1.38,26.4209,23.5515,2.3188,4.4214,4.2668,1.6749,1.6749,6439.7559,6439.7559,3851.9099,217985.7372,217985.7372
300765.SZ,20250530,51.91,1.2577,4.4064,2.1,1357.1081,,19.8245,36.8105,37.8048,0.5132,0.0382,140459.2944,124707.2434,35594.7438,7291241.9723,6473553.0049
301010.SZ,20250530,16.15,1.5683,4.8819,0.93,58.2388,60.6982,2.0697,1.5609,1.5683,1.2384,1.2384,10800.0,10800.0,3469.5543,174420.0,174420.0
688205.SH,20250530,55.71,5.3455,5.3455,0.8,87.1575,95.1861,3.9354,10.407,10.2699,0.6213,0.6904,15716.0673,8821.1231,8821.1231,875542.1093,491424.7679
300375.SZ,20250530,4.85,5.4238,6.0616,1.08,47.1805,52.7729,1.6068,1.4889,1.4235,0.7216,0.7216,75537.8818,50511.8725,45197.1539,366358.7267,244982.5816
002316.SZ,20250530,3.93,1.893,2.0363,0.85,155.1865,131.2751,20.9298,2.5434,2.4559,0.0,,39312.0,34074.75,31675.6694,154496.16,133913.7675
603305.SH,20250530,12.22,1.2028,2.9331,1.13,27.9863,32.8415,1.7207,2.6424,2.699,1.8425,,95331.3156,95331.3156,39092.6085,1164948.6766,1164948.6766
001230.SZ,20250530,24.95,56.71,56.71,10.34,23.6765,22.5851,1.7659,2.1644,2.1613,1.1613,1.1613,13349.6097,5407.7714,5407.7714,333072.762,134923.8964
600737.SH,20250530,9.3,0.6169,1.252,1.0,11.6096,13.7186,1.7051,0.6121,0.6692,8.9247,8.9247,213884.8228,213884.8228,105381.5155,1989128.852,1989128.852
688390.SH,20250530,40.18,2.4098,3.6,2.42,,,3.5712,1.4466,1.3007,1.3295,1.3295,24258.6404,24258.6404,16238.6144,974712.1713,974712.1713
300394.SZ,20250530,81.7,3.0004,5.5874,0.8,33.7678,32.3531,10.3758,13.952,13.0944,1.4826,0.6105,55529.7065,55418.0275,29759.2642,4536777.0211,4527652.8468
920682.BJ,20250530,10.16,4.517,6.5941,0.93,24.8029,25.7943,3.0588,0.9197,0.911,2.5237,1.6404,32448.0,18832.4422,12900.2283,329671.68,191337.6128
688302.SH,20250530,51.0,10.743,12.8645,2.31,,,4.3395,13765.8017,13767.1633,,,9901.5598,8151.512,6807.2905,504979.5498,415727.112
300564.SZ,20250530,14.57,9.1688,17.004,3.38,76.5928,41.7848,1.8606,5.4379,5.5515,3.4317,3.4317,16288.32,11319.535,6103.62,237320.8224,164925.625
601009.SH,20250530,11.46,0.9227,1.841,1.14,6.2904,6.1673,0.7854,2.5246,2.4816,7.2973,7.2973,1107504.1994,1107504.1994,555094.8981,12691998.1251,12691998.1251
603300.SH,20250530,9.71,6.7701,8.7597,0.96,31.9572,30.2558,3.007,3.737,3.6092,0.2223,0.2223,199024.6629,199024.6629,153819.4465,1932529.4768,1932529.4768
002195.SZ,20250530,5.65,5.7641,6.3952,1.18,988.8791,,3.2575,48.5214,49.186,0.1783,,568154.4596,561304.9012,505912.0068,3210072.6967,3171372.6918
301295.SZ,20250530,22.68,2.285,2.285,0.65,83.7481,85.4381,2.4273,3.6113,3.2906,1.5747,1.0582,10080.0,2940.0,2940.0,228614.4,66679.2
002573.SZ,20250530,3.92,1.1621,2.7337,0.8,,,0.9415,0.6406,0.6591,2.5682,2.5682,142438.8579,141299.4679,60067.413,558360.323,553893.9142
002374.SZ,20250530,2.68,1.5314,1.8853,0.74,,,3.286,4.5709,4.7801,0.0,,108520.9283,108520.9283,88148.8104,290836.0878,290836.0878
300792.SZ,20250530,23.71,3.3256,6.1383,0.96,73.9258,77.2619,1.9526,4.5459,4.6751,0.5696,,23694.273,21253.3673,11514.5487,561791.2128,503917.3387
688155.SH,20250530,41.64,2.487,5.8475,0.92,23.3478,22.3556,2.629,2.1133,2.0864,1.2351,1.4409,12505.0244,12505.0244,5318.5809,520709.216,520709.216
603332.SH,20250530,17.01,12.733,31.8667,0.66,63.7092,63.3975,2.8755,2.1922,2.182,0.879,0.879,21634.7184,21634.7184,8644.6218,368006.56,368006.56
301397.SZ,20250530,34.63,5.0501,5.0501,0.93,33.8995,33.625,2.0948,3.3448,3.0751,2.3958,2.3958,11994.2266,5484.5266,5484.5266,415360.0672,189929.1562
002645.SZ,20250530,8.11,1.2636,2.3203,0.89,,,1.4495,0.8458,0.8127,0.0,,58152.7759,51285.495,27929.149,471619.0125,415925.3645
300527.SZ,20250530,7.81,1.4085,3.3144,1.11,891.8862,,2.9678,6.638,6.8567,0.0,,98682.2563,98682.2563,41937.067,770708.4217,770708.4217
688716.SH,20250530,35.47,4.3631,4.8828,0.69,109.868,96.2168,3.6644,15.5761,14.2687,0.5639,0.5639,12168.0,6857.8553,6127.9976,431598.96,243248.1275
600230.SH,20250530,10.19,1.5299,2.8337,0.76,152.0723,270.8999,1.0561,0.8318,0.8646,1.3614,1.3614,41396.1015,41396.1015,22349.3591,421826.2743,421826.2743
301552.SZ,20250530,36.81,6.1843,6.1843,0.9,23.3264,23.194,3.1467,5.7287,5.5227,0.0,1.9405,9520.0,2027.6668,2027.6668,350431.2,74638.4149
688528.SH,20250530,9.59,0.3681,1.0923,0.63,,,3.1246,5.0266,5.8514,,,16800.0,16800.0,5661.896,161112.0,161112.0
605028.SH,20250530,17.19,1.0423,4.1693,0.94,16.0163,16.1275,2.1476,7.6574,7.9882,3.4904,4.6539,16000.0,16000.0,4000.0,275040.0,275040.0
600237.SH,20250530,7.04,1.7454,2.2848,0.64,46.3799,44.9574,2.3811,3.4472,3.3129,0.0,,63070.9155,62167.6155,47491.8898,444019.2451,437660.0131
002465.SZ,20250530,13.64,13.0424,17.9485,1.99,637.0884,602.1655,2.7076,6.881,7.0306,1.0997,0.4399,248183.3948,247788.7109,180057.4224,3385221.5051,3379838.0167
300732.SZ,20250530,6.87,2.8214,5.4228,1.8,,,0.8765,1.4846,1.4532,2.9111,,32431.5368,32387.4645,16850.92,222804.6578,222501.8811
002428.SZ,20250530,18.1,1.331,1.664,0.78,222.6452,158.0616,8.0549,15.4045,13.4817,0.1105,0.1105,65312.0,65303.5625,52237.7225,1182147.2,1181994.4813
600007.SH,20250530,21.56,0.3237,1.6729,1.35,17.2031,17.5515,2.1794,5.5513,5.5975,6.0297,6.0297,100728.2534,100728.2534,19492.2293,2171701.1433,2171701.1433
688701.SH,20250530,7.48,1.5607,3.1135,0.91,,,5.02,4.142,4.8162,,,13427.7372,13427.7372,6730.7755,100439.4743,100439.4743
000756.SZ,20250530,15.35,7.169,14.0888,1.43,22.5267,24.0507,2.0537,1.2506,1.2573,1.7648,1.7648,68977.6535,49262.3924,25066.7844,1058806.9812,756177.7233
688118.SH,20250530,22.26,1.9385,2.5113,0.69,312.2011,111.7446,2.5011,4.8683,5.1555,0.4492,0.6739,9181.7613,9181.7613,7087.4804,204386.0065,204386.0065
300068.SZ,20250530,14.46,2.875,3.3226,0.7,,,3.436,1.6265,2.1149,0.432,0.432,89803.9858,85239.0439,73756.3948,1298565.6347,1232556.5748
920491.BJ,20250530,30.27,3.2269,3.4755,0.8,48.741,47.322,4.3183,6.9226,6.575,0.6607,0.9911,14114.318,11411.1977,10594.8425,427240.4059,345416.9544
603829.SH,20250530,15.83,1.4711,5.8222,0.94,20.0739,18.6597,2.3589,1.1883,1.1705,0.6317,0.6317,16000.0,16000.0,4042.63,253280.0,253280.0
002646.SZ,20250530,9.36,1.1189,1.9263,0.62,107.0728,3475.0719,1.5647,3.5953,3.888,1.7415,1.7415,48200.2974,47592.9624,27644.6584,451154.7837,445470.1281
003025.SZ,20250530,16.01,1.9671,3.4766,1.33,20.8407,20.2757,3.1122,6.072,5.9254,1.2492,1.2492,23662.7965,19874.9026,11245.7714,378841.372,318197.1906
300552.SZ,20250530,29.76,7.4285,9.4546,1.0,,,3.4086,6.8188,6.6016,0.0,,21313.3112,13339.6226,10480.9463,634284.1413,396987.1686
300801.SZ,20250530,15.78,1.8002,2.7666,0.87,28.5856,32.1676,1.4157,1.4615,1.3835,1.5105,1.1244,21843.0,13687.9425,8906.6675,344682.54,215995.7327
601369.SH,20250530,8.59,0.3593,0.9569,0.95,14.231,14.0547,1.6256,1.4423,1.433,6.6356,6.6356,172559.9033,169136.7233,63507.861,1482289.5693,1452884.4531
002518.SZ,20250530,21.54,0.9519,2.4055,1.01,31.8138,32.8944,2.9006,3.0154,2.9361,2.1058,1.0678,58222.5094,56519.7914,22366.1816,1254112.8525,1217436.3068
600597.SH,20250530,8.68,1.2201,2.523,1.07,16.5712,17.3218,1.2355,0.4928,0.4938,2.5346,2.5346,137847.3763,137845.5363,66659.4767,1196515.2263,1196499.2551
603515.SH,20250530,17.93,0.2603,1.7542,1.07,14.7962,14.4712,1.9452,1.8827,1.9075,4.6824,4.6824,74514.8915,73502.9315,10905.7179,1336052.0046,1317907.5618
603105.SH,20250530,8.05,0.8025,1.3224,1.0,20.7919,21.1894,2.0395,5.8431,6.0061,1.8633,2.4845,50000.6441,50000.6441,30344.6441,402505.185,402505.185
603132.SH,20250530,11.54,0.1462,1.4589,0.75,23.6624,23.0343,3.6435,7.3331,7.1291,3.5529,3.3795,97800.0,97800.0,9800.0,1128612.0,1128612.0
002913.SZ,20250530,25.2,0.9425,2.6381,1.12,22.6377,22.594,1.7812,1.7516,1.6826,1.25,,31736.0504,26526.8874,9476.8874,799748.4701,668477.5625
600956.SH,20250530,7.98,0.211,1.7129,0.89,20.0682,18.6997,1.4803,1.5703,1.6471,2.6817,2.6817,420569.3073,234808.8677,28924.7424,3356143.0723,1873774.7642
601818.SH,20250530,3.97,0.279,0.8073,1.27,5.6257,5.6206,0.4872,1.7322,1.7503,4.3577,6.9773,5908555.1061,4640681.5561,1603602.1164,23456963.7712,18423505.7777
600926.SH,20250530,16.66,1.1782,1.9548,0.85,6.4435,6.1233,0.9288,2.8511,2.835,4.8466,4.8466,656822.7268,656822.7268,395869.0407,10942666.6285,10942666.6285
002166.SZ,20250530,7.89,4.875,5.1784,0.77,35.8963,35.0355,1.8818,3.3026,3.121,2.5088,2.5088,74162.3525,44756.634,42134.3665,585140.9612,353129.8423
920047.BJ,20250530,20.94,14.9691,16.3819,5.38,,,17.7554,79.6448,79.316,,,27427.1974,18010.6427,16457.4419,574325.5136,377142.8581
000529.SZ,20250530,6.11,1.223,2.7603,1.32,29.291,29.2352,1.1195,1.5272,1.5589,2.455,2.455,58379.033,56988.4377,25250.7268,356695.8916,348199.3543
300559.SZ,20250530,11.19,2.1467,2.978,0.92,122.8602,225.5213,3.9041,10.3987,12.0533,1.3319,1.3405,39951.4567,31113.6833,22428.3245,447056.8005,348162.1161
603189.SH,20250530,17.15,3.1138,5.2278,1.01,441.231,459.154,3.0009,13.8227,13.5216,0.5777,0.5777,26954.8349,26954.8349,16054.8349,462275.4185,462275.4185
688426.SH,20250530,20.85,5.2759,5.2759,1.17,,,1.628,18.6335,16.7442,,,11249.3716,3799.3332,3799.3332,234549.3979,79216.0972
300593.SZ,20250530,13.45,0.9989,1.0608,0.7,,,3.018,7.9162,7.6389,0.7397,,54249.8469,45026.3501,42402.4023,729660.4408,605604.4088
603530.SH,20250530,26.5,0.5809,2.8952,0.75,36.8648,36.3416,6.1978,8.5174,8.1882,0.971,0.971,43226.3327,42746.4774,8576.2672,1145497.8166,1132781.6511
688357.SH,20250530,24.93,1.594,2.9786,0.89,33.3679,36.4,1.469,3.2032,3.2625,2.4067,0.4011,10005.8481,10005.8481,5354.63,249445.7931,249445.7931
301389.SZ,20250530,20.44,9.2061,9.2061,0.67,70.4685,60.9334,2.6606,20.1247,19.1731,1.4609,1.2168,28350.0,8207.7047,8207.7047,579474.0,167765.4841
002107.SZ,20250530,5.66,1.2625,2.5732,0.95,89.7446,65.8724,4.5361,4.2773,4.2633,4.417,,57720.96,56961.665,27947.0287,326700.6336,322403.0239
603833.SH,20250530,61.63,0.1421,0.5534,0.67,14.4441,13.9607,1.9834,1.9838,2.0022,4.4533,4.4533,60915.2528,60915.2528,15637.4174,3754207.0301,3754207.0301
600545.SH,20250530,2.19,2.319,4.2966,1.49,,,1.2603,0.9725,1.0235,0.0,,178791.2222,178791.2222,96497.6549,391552.7766,391552.7766
002676.SZ,20250530,5.7,1.4181,2.2986,1.16,75.7823,67.7815,3.2725,1.5216,1.4346,0.1754,0.3509,72000.0,71996.8613,44418.391,410400.0,410382.1094
600758.SH,20250530,3.76,1.2716,2.7231,0.66,24.5908,23.2322,0.8762,0.8995,0.9141,0.5319,0.5319,132201.7394,132074.3394,61674.7103,497078.5401,496599.5161
000524.SZ,20250530,11.38,1.3866,4.9287,0.51,50.7967,49.9744,3.3257,1.77,1.7612,0.0,,67020.8597,67000.0134,18849.2068,762697.3834,762460.1525
000566.SZ,20250530,6.12,5.7175,8.7805,0.72,,,17.3823,8.0144,9.5171,0.0,,129736.5126,116590.9733,75918.3014,793987.4571,713536.7566
920753.BJ,20250530,29.19,2.8799,4.3116,0.87,82.6633,78.919,5.942,10.9295,10.5828,1.3977,1.3977,8140.4368,3148.39,2102.9265,237619.3502,91901.5041
920088.BJ,20250530,28.12,10.542,10.542,1.55,46.0642,41.5315,3.7322,6.5239,6.3295,,,8807.15,1995.0,1995.0,247657.058,56099.4
002320.SZ,20250530,5.91,0.4268,1.583,1.08,51.2803,63.9996,3.0483,3.1217,3.1751,1.9628,0.6768,222893.3187,222893.3187,60093.3126,1317299.5135,1317299.5135
600499.SH,20250530,10.3,1.1009,1.9181,1.59,19.63,18.9622,1.7297,1.5677,1.4309,3.1538,1.881,191785.6391,191785.6391,110077.5451,1975392.0827,1975392.0827
002852.SZ,20250530,9.72,2.7971,3.9363,0.72,18.8983,16.266,1.5369,0.5626,0.5657,1.6152,2.9321,34396.8305,28581.8746,20310.2587,334337.1925,277815.8211
301586.SZ,20250530,48.79,4.403,4.403,1.04,40.3204,46.8401,3.2087,6.4584,5.7689,,0.5739,8297.5503,2074.3876,2074.3876,404837.4791,101209.371
600871.SH,20250530,1.88,0.3703,1.7685,1.01,56.493,53.0583,3.9493,0.44,0.4437,0.0,,1897941.2033,1356937.8551,284148.2187,3568129.4622,2551043.1676
002067.SZ,20250530,3.72,10.4476,10.8804,1.91,65.6257,178.2439,0.8154,0.8535,0.8655,0.6331,0.6331,125719.807,111994.807,107539.807,467677.682,416620.682
601225.SH,20250530,20.87,0.2334,0.6717,0.84,9.049,8.9876,2.0972,1.0988,1.1005,6.8232,7.3174,969500.0,969500.0,336903.9335,20233465.0,20233465.0
688800.SH,20250530,38.6,3.2129,4.6976,1.11,45.2961,37.9516,3.7433,3.2878,2.9256,0.1984,0.6944,20567.4335,20567.4335,14067.2368,793902.9331,793902.9331
002398.SZ,20250530,4.67,1.8208,1.9171,0.89,66.1719,73.4121,0.9094,1.2456,1.2412,1.6981,1.6981,69802.3396,57936.7954,55027.1196,325976.9259,270564.8345
003010.SZ,20250530,65.46,3.7656,5.539,0.81,101.6455,89.3023,10.0838,6.0809,5.4578,0.3202,0.3202,16403.0506,12092.5856,8220.9669,1073743.6923,791580.6534
000958.SZ,20250530,6.93,1.4381,5.11,0.52,35.7361,38.1706,1.8438,8.002,7.8964,0.9091,,538341.852,538339.602,151505.1693,3730709.0344,3730693.4419
000050.SZ,20250530,8.22,0.3993,0.7996,0.97,,,0.738,0.6032,0.5932,0.0,,245774.7661,245771.8636,122725.874,2020268.5773,2020244.7188
300837.SZ,20250530,21.37,1.0814,2.2955,0.88,26.7576,61.8947,1.5924,3.2721,3.9193,1.4038,1.4038,10000.1528,7058.2778,3325.1528,213703.2653,150835.3966
601990.SH,20250530,7.75,0.3126,0.565,1.01,28.5224,28.1302,1.5971,9.0769,9.3823,1.6516,1.6516,368636.1034,365978.8847,202460.3071,2856929.8014,2836336.3564
000048.SZ,20250530,16.34,3.413,8.0364,2.29,12.1391,11.2282,2.0504,1.4537,1.4912,2.2776,4.3738,53028.225,52675.975,22370.8801,866481.1965,860725.4315
002075.SZ,20250530,5.85,1.1321,1.5465,0.77,78.9374,67.9855,1.9827,0.8902,0.9035,1.2821,1.2821,219382.5445,219382.192,160595.0194,1283387.8853,1283385.8232
300669.SZ,20250530,23.05,0.3636,0.7689,0.53,160.312,180.0535,5.1472,13.7264,13.6128,0.5206,0.4316,19270.5526,18208.7818,8612.1454,444186.2374,419712.4205
301265.SZ,20250530,9.58,1.5545,2.0881,1.0,61.4367,49.7716,1.396,4.5269,4.1091,0.0,,30297.3182,16979.7153,12640.6511,290248.3084,162665.6726
600332.SH,20250530,27.03,0.3605,0.7524,1.35,15.4982,16.2839,1.1651,0.586,0.5897,4.2508,4.2508,162579.0949,140589.0949,67358.5846,4394512.9351,3800123.2351
688485.SH,20250530,10.15,0.9203,0.9203,0.71,136.7883,129.1549,1.2041,4.2483,4.5104,0.4857,0.4857,15029.2062,8815.7978,8815.7978,152546.4429,89480.3477
000750.SZ,20250530,3.73,0.7843,1.1327,0.98,55.6059,44.5215,1.0792,5.6479,5.6175,1.2332,0.9651,638617.4477,579620.3977,401352.9034,2382043.0799,2161984.0834
300190.SZ,20250530,3.37,0.9852,1.505,0.94,,,0.9691,1.2864,1.3085,0.2859,0.2859,78159.7732,77617.3629,50810.1373,263398.4357,261570.513
301458.SZ,20250530,29.86,4.0028,4.0028,1.09,75.4381,67.3977,5.077,12.0738,11.6094,,0.6631,26666.67,6108.5043,6108.5043,796266.7662,182399.9384
600678.SH,20250530,8.72,29.1735,36.6977,2.32,,511.2054,12.0239,8.5304,7.6748,0.0,,34899.0,34899.0,27743.6516,304319.28,304319.28
300973.SZ,20250530,53.51,2.7746,3.8096,0.83,33.8153,32.4122,3.8153,2.3626,2.2855,1.2963,1.2963,16934.0471,11381.2496,8289.2671,906140.8603,609010.6661
603908.SH,20250530,24.55,1.5491,3.9157,0.84,27.365,27.6514,3.8503,1.7575,1.7871,3.4914,3.4914,9336.6,9336.6,3693.6686,229213.53,229213.53
300287.SZ,20250530,5.22,4.1624,4.2553,1.21,,,6.5253,12.8075,13.8249,0.0,,143527.3808,131075.0881,128213.0251,749212.9278,684211.9599
603169.SH,20250530,8.43,14.1024,29.4349,1.39,70.5093,80.0239,3.3206,1.9017,1.7547,0.0,,130629.1798,130629.1798,62585.2094,1101203.9857,1101203.9857
920523.BJ,20250530,25.44,1.0817,1.4478,0.6,17.1166,16.5103,4.3044,4.956,4.8835,0.6047,1.1792,10130.1369,8103.9513,6054.4062,257710.6827,206164.5211
002758.SZ,20250530,9.12,0.8067,1.6583,0.7,12.5097,12.4647,1.0296,0.1133,0.1124,3.2904,3.2145,52139.9299,51835.6549,25214.6153,475516.1607,472741.1727
688307.SH,20250530,27.15,1.619,1.619,0.87,44.7166,45.3892,2.8355,5.2549,4.9021,1.4733,1.6575,8800.0,5814.9322,5814.9322,238920.0,157875.4092
603341.SH,20250530,37.43,0.8081,1.0213,0.57,34.7385,33.0223,3.0134,0.3753,0.3832,1.3358,1.3358,46509.6544,26621.2831,21064.1088,1740856.3642,996434.6264
300784.SZ,20250530,51.47,7.1487,7.1487,0.69,43.9824,46.3122,3.684,5.6557,5.6203,0.3886,0.7772,5623.76,1406.0,1406.0,289454.9272,72366.82
688553.SH,20250530,16.09,3.9558,5.5046,2.43,20.9463,26.9048,1.7243,6.2279,6.2482,1.3171,1.3171,42360.0,34353.9725,24687.8373,681572.4,552755.4175
300109.SZ,20250530,16.73,3.2469,3.4405,1.77,23.1898,26.2672,2.1817,5.0482,5.2776,3.9894,3.9894,48470.0005,44833.8521,42310.5475,810903.1084,750070.3456
000070.SZ,20250530,6.6,0.9151,1.4706,1.02,,,3.9981,1.3476,1.439,0.0,,90034.476,88859.4676,55296.9683,594227.5416,586472.4862
300566.SZ,20250530,17.63,1.7525,1.9472,1.15,24.4578,23.2756,2.2647,2.1375,2.197,0.8411,,26374.155,22658.6606,20393.4372,464976.3527,399472.1864
600227.SH,20250530,2.31,1.557,1.8848,0.98,,,1.5606,1.639,1.5559,0.0,,168872.7685,127759.9803,105540.0845,390096.0952,295125.5545
688177.SH,20250530,26.32,1.08,4.472,1.05,,,17.7291,14.6651,13.8284,,,41408.0,41408.0,9999.9423,1089858.56,1089858.56
601186.SH,20250530,7.91,0.2202,0.5572,1.15,4.8352,5.0333,0.3997,0.1007,0.1024,4.4248,4.4248,1357954.15,1150324.55,454692.891,10741417.3265,9099067.1905
600506.SH,20250530,18.69,4.6937,6.1665,1.49,114.3393,107.8169,7.3983,1.551,1.5575,0.0,,19201.8934,14770.6873,11242.8858,358883.3876,276064.1456
600892.SH,20250530,3.28,5.5975,8.7146,2.28,,,27.6932,10.9999,10.0759,0.0,,55946.4188,55931.9536,35925.55,183504.2537,183456.8078
002290.SZ,20250530,30.18,1.2778,2.2805,0.98,76.4789,61.8965,8.7518,2.9645,2.8756,0.0,,24811.233,24724.983,13853.5647,748803.0119,746199.9869
600787.SH,20250530,6.35,13.9338,29.8926,3.79,34.2705,71.3819,1.0012,0.2187,0.2212,2.0211,2.0211,217495.258,217007.9582,101153.1707,1381094.8883,1378000.5346
600985.SH,20250530,12.43,0.4665,1.1976,1.09,6.8948,8.4598,0.7776,0.5093,0.5676,8.0451,8.0451,269325.8709,269325.8709,104904.8423,3347720.5753,3347720.5753
002581.SZ,20250530,8.18,2.1296,2.6105,0.64,,,2.8533,14.9738,17.3008,0.0,,65973.5586,40079.1161,32696.8361,539663.7093,327847.1697
002803.SZ,20250530,13.22,3.6315,4.0954,0.44,32.8939,30.1808,2.1892,1.0823,1.0532,4.0301,2.5144,45267.9288,28877.0188,25605.7737,598442.0187,381754.1885
603077.SH,20250530,1.75,0.6496,0.9674,0.79,491.1757,1089.1687,0.8536,1.8081,1.8679,1.0386,1.0386,883125.0228,883125.0228,593047.9879,1545468.7899,1545468.7899
000919.SZ,20250530,6.75,1.2747,2.0765,1.09,104.1835,212.1238,1.1038,1.283,1.2586,1.4942,1.4942,62370.8628,59035.9462,36241.5623,421003.3239,398492.6369
603629.SH,20250530,22.24,3.6418,7.0937,1.24,234.837,275.6376,3.4134,2.5721,2.2903,0.4009,0.4009,25993.0,25641.2,13163.602,578084.32,570260.288
300581.SZ,20250530,13.41,6.3341,13.69,0.63,,,7.4964,52.4948,51.7679,0.0969,0.0969,55010.9546,55010.9546,25452.392,737696.9012,737696.9012
603733.SH,20250530,20.41,0.169,0.7778,0.6,14.354,14.8361,1.7883,1.4025,1.3033,1.7148,1.7148,70597.6114,70597.6114,15343.6414,1440897.2487,1440897.2487
688660.SH,20250530,8.47,1.7369,4.5709,0.89,,,2.2905,1.0819,1.0517,,,133333.34,133333.34,50666.6764,1129333.3898,1129333.3898
002810.SZ,20250530,11.32,2.7798,4.4225,1.27,17.7811,18.4845,1.8097,2.0143,1.9823,1.7341,3.0592,34813.6913,32001.0093,20114.7891,394090.9855,362251.4253
605080.SH,20250530,27.78,5.0155,15.3526,1.47,21.2435,16.2197,1.8449,3.9237,3.6232,0.3353,0.3353,14157.304,14035.12,4585.12,393289.9051,389895.6336
300590.SZ,20250530,12.08,2.1091,3.1233,1.21,35.0253,41.7822,3.1363,5.7457,6.0952,1.2314,1.8104,45988.0712,35432.4601,23926.8941,555535.9001,428024.118
300697.SZ,20250530,14.44,1.7842,4.3882,0.79,36.7734,35.1345,4.0416,1.8535,1.7437,1.385,,33280.0,25480.0,10359.9,480563.2,367931.2
300400.SZ,20250530,15.72,1.1291,1.6908,0.96,45.8577,39.1194,5.2884,5.2338,5.046,3.2125,4.9618,24262.58,23997.77,16024.8682,381407.7576,377244.9444
600365.SH,20250530,3.37,2.1396,2.6911,1.74,,,4.998,1.6566,1.7547,0.0,,42740.0,41872.0,33291.8092,144033.8,141108.64
603606.SH,20250530,47.71,0.6285,1.0621,0.57,32.5454,31.9886,4.6964,3.6086,3.3045,0.9421,0.9401,68771.5368,68771.5368,40698.0821,3281090.0207,3281090.0207
002140.SZ,20250530,9.24,0.7782,1.8674,0.85,15.9465,15.988,1.4607,0.7382,0.7182,1.1905,1.1905,70801.3872,54344.1443,22647.9042,654204.8177,502139.8933
002472.SZ,20250530,31.83,1.4468,1.7048,1.13,26.3486,25.0129,2.9657,3.0723,3.0757,0.3715,0.3715,84758.5942,75257.7992,63866.8553,2697866.0534,2395455.7485
300751.SZ,20250530,68.21,2.2673,3.1374,2.0,20.5833,23.021,2.542,1.9387,1.9367,2.3403,1.6082,27940.5006,19207.3403,13880.9623,1905821.5459,1310132.6819
002200.SZ,20250530,8.23,5.8391,8.2441,0.83,,,,2.511,2.6417,0.0,,18413.289,18413.289,13041.6963,151541.3685,151541.3685
002068.SZ,20250530,10.06,2.0659,3.9525,0.5,294.317,,2.5868,0.7301,0.7452,0.0,,73534.5196,73441.0821,38385.3584,739757.2672,738817.2859
920496.BJ,20250530,11.65,2.6288,3.912,0.63,45.4275,44.9677,3.3372,3.064,2.8907,1.7167,1.7167,16557.5,14511.8432,9751.9366,192894.875,169062.9733
002128.SZ,20250530,19.79,0.6418,1.5178,0.9,8.3047,8.9503,1.2215,1.4857,1.4761,3.6887,0.2527,224157.3493,224157.3493,94788.8466,4436073.9426,4436073.9426
002236.SZ,20250530,15.24,0.858,0.9861,0.97,17.3035,16.771,1.4266,1.5624,1.5587,3.6855,4.1847,329916.2116,210773.5222,183395.2274,5027923.0648,3212188.4783
300254.SZ,20250530,9.92,13.8967,15.2945,1.5,58.3862,71.825,9.4743,2.9096,2.9365,0.0,,24831.8563,22502.1595,20445.7448,246332.0145,223221.4222
603486.SH,20250530,53.71,0.8213,2.5288,0.86,38.3322,31.4326,4.0412,1.8679,1.8255,0.5495,0.5495,57529.5565,56920.1965,18486.0548,3089912.4796,3057183.754
301288.SZ,20250530,12.61,2.2853,2.8815,0.71,,,1.6857,18.6139,18.5584,0.7807,,10801.0,4709.2924,3734.7956,136200.61,59384.1772
301118.SZ,20250530,21.04,2.2211,5.3168,0.9,,,1.7467,1.881,1.7614,0.0,0.5941,11040.0,10510.3401,4390.6151,232281.6,221137.5557
300597.SZ,20250530,8.85,1.442,1.7518,0.88,492.5848,,2.3565,4.5187,4.5581,0.0443,0.0443,27257.003,27137.2238,22337.2238,241224.4766,240164.4306
002161.SZ,20250530,6.73,15.3563,18.2542,1.29,178.778,,3.2975,9.1236,9.4299,0.2675,,73975.74,71345.9304,60019.6791,497856.7302,480158.1116
688217.SH,20250530,23.55,1.5269,2.5757,0.95,,,1.4414,5.4287,5.649,,,5585.5896,5585.5896,3311.2375,131540.6351,131540.6351
601088.SH,20250530,39.56,0.1007,0.6202,0.94,13.3967,14.3598,1.8148,2.3229,2.4538,5.7128,5.7128,1986851.9955,1649103.7955,267832.8759,78599864.942,65238546.15
603638.SH,20250530,17.68,0.3749,1.3523,1.2,42.6974,41.0524,4.3897,5.3924,5.132,1.1331,1.1331,83108.8376,83108.8376,23037.8932,1469364.2488,1469364.2488
600860.SH,20250530,11.61,3.2269,7.4115,1.18,850.3894,3042.9502,5.9143,3.8562,3.8502,0.0,,54766.5988,43523.1436,18949.6384,635840.2121,505303.6972
603317.SH,20250530,11.48,0.5021,1.8076,0.55,19.5733,23.3597,3.0067,3.5171,3.745,3.4599,4.781,106499.6294,106499.6294,29580.6094,1222615.7455,1222615.7455
600765.SH,20250530,16.18,1.1781,1.876,1.38,39.8472,49.3928,1.797,2.4617,2.5458,1.5636,1.5636,157549.2153,147071.8264,92361.6911,2549146.3036,2379622.1512
603282.SH,20250530,16.24,1.7084,1.9318,0.87,21.2982,25.3638,1.6974,2.7115,2.8433,2.2783,2.2783,13382.0,6418.4459,5675.9115,217323.68,104235.5614
600729.SH,20250530,29.35,1.4773,1.5506,1.04,9.8338,9.5424,1.6265,0.7543,0.7805,4.6218,4.6218,44047.5577,19121.2344,18216.8801,1292795.8185,561208.2296
300467.SZ,20250530,20.52,5.0163,5.5465,0.92,203.0519,257.0844,6.632,14.0196,14.2541,0.0,,20320.4897,16855.7274,15244.6534,416976.4486,345879.5262
002529.SZ,20250530,6.76,3.8345,4.4742,0.61,,,6.5568,9.3774,7.297,0.0,,26000.0,26000.0,22282.5,175760.0,175760.0
300928.SZ,20250530,34.43,3.6506,4.3706,1.51,,,2.4331,2.6619,2.6443,0.4357,,8000.0,5301.3103,4428.012,275440.0,182524.1136
300773.SZ,20250530,24.56,29.4358,43.924,3.09,55.1121,79.5121,5.5445,3.3611,3.4784,3.72,3.72,78808.25,73433.5013,49211.6296,1935530.62,1803526.7919
001301.SZ,20250530,45.1,3.4002,4.0135,1.42,14.0324,12.6648,1.8763,2.2496,1.962,1.773,1.7663,26083.735,16139.6375,13673.5875,1176376.4485,727897.6513
688147.SH,20250530,28.58,1.6371,1.6371,0.7,58.1359,42.898,4.9394,4.8816,4.3362,0.2969,0.2969,46115.7283,9767.8129,9767.8129,1317987.5148,279164.0927
002898.SZ,20250530,11.78,11.8569,18.88,0.94,,,4.1589,7.8662,8.3543,0.1698,0.1698,17600.0,10126.2561,6359.4096,207328.0,119287.2969
002760.SZ,20250530,18.6,2.6181,3.4126,0.94,,,2.4709,3.4155,3.3457,0.5294,0.5294,10798.8706,10798.8706,8284.5849,200858.9932,200858.9932
002963.SZ,20250530,11.69,1.9699,3.437,0.74,,,1.3566,3.8298,4.7192,0.0,1.7109,15035.993,12299.4048,7049.1795,175770.7582,143780.0421
688728.SH,20250530,15.77,0.4769,1.0734,1.11,219.5394,390.9125,5.3066,6.4248,6.1969,0.0379,0.0379,260058.6667,144888.7173,64373.5706,4101125.1739,2284895.0718
300059.SZ,20250530,20.62,1.1651,1.2929,0.86,33.91,31.4211,3.9461,104.7597,102.7859,0.1938,0.2906,1580403.7675,1337638.6383,1205436.9612,32587925.6859,27582108.7217
600616.SH,20250530,5.99,8.5365,13.4466,0.81,695.5508,675.906,2.0362,6.9359,7.1691,0.8347,0.8347,66900.495,66900.495,42471.3015,400733.9651,400733.9651
300831.SZ,20250530,14.38,3.8015,3.8015,0.56,81.0495,71.16,4.9537,23.9906,24.059,0.1575,0.1575,32000.0,18448.424,18448.424,460160.0,265288.3371
688126.SH,20250530,18.52,0.3727,0.6308,0.98,,,4.3769,15.0188,14.6858,0.216,0.216,274717.7186,272029.8399,160729.8399,5087772.1485,5037992.6349
301011.SZ,20250530,28.5,6.4582,12.7698,0.63,49.3873,54.9335,5.4867,4.1089,4.2347,0.7018,0.7018,14669.2,13830.7488,6994.7888,418072.2,394176.3408
000661.SZ,20250530,104.56,0.934,1.2836,0.85,16.513,19.4143,1.8172,3.1676,3.2105,4.2429,,40793.7529,39962.6806,29077.5719,4265394.8032,4178497.8835
301157.SZ,20250530,42.81,3.9451,4.6262,1.04,67.9032,70.6966,2.3721,9.1838,9.7754,0.3504,0.4672,6000.0,2066.0055,1761.8155,256860.0,88445.6955
301279.SZ,20250530,18.96,6.0497,6.0497,1.41,57.6085,50.6677,1.885,3.9614,3.8612,1.217,1.0478,12973.8973,3711.3973,3711.3973,245985.0928,70368.0928
000889.SZ,20250530,2.7,1.6922,2.2865,0.71,,,26.7023,1.7277,1.7172,0.0,,93629.1116,86984.9676,64375.7658,252798.6013,234859.4125
688679.SH,20250530,16.6,2.5215,5.5026,0.78,100.5169,99.1929,1.927,1.366,1.3659,0.5062,0.3677,13168.9675,13168.9675,6034.4875,218604.8605,218604.8605
603177.SH,20250530,8.45,1.2672,3.0492,0.84,76.1846,92.297,4.4881,1.8963,1.9055,0.0,,20615.4,20419.2,8485.8,174200.13,172542.24
002967.SZ,20250530,16.86,0.6889,1.5527,0.84,27.9274,27.6428,3.0172,3.0664,3.0377,0.8774,2.2795,58324.5846,52972.1139,23501.0091,983352.4964,893109.8404
688709.SH,20250530,31.91,1.5302,2.4413,1.23,166.3405,237.892,7.1645,33.6515,32.7563,0.351,0.351,63684.7026,21792.2251,13659.6582,2032178.86,695389.9029
688367.SH,20250530,17.09,0.7497,1.1861,0.84,56.9965,55.1868,2.5102,5.0494,4.8958,0.5834,0.5834,8762.46,8762.46,5538.711,149750.4414,149750.4414
600017.SH,20250530,3.15,1.0114,2.019,0.88,14.794,15.5744,0.6955,1.1457,1.1683,2.0635,2.0635,307565.3888,307565.3888,154068.5515,968830.9747,968830.9747
688570.SH,20250530,19.32,0.5145,0.7796,0.62,24.6354,28.5642,1.9656,4.4957,4.8545,2.0704,1.7081,43300.0,18601.0,12275.5,836556.0,359371.32
300570.SZ,20250530,68.22,3.4678,4.3899,0.77,59.3079,50.1643,9.4829,11.2457,10.1598,0.7329,0.7329,22712.6867,19219.3023,15182.2508,1549459.4867,1311140.8029
601038.SH,20250530,13.23,2.1238,8.4816,2.79,16.1231,17.4456,1.9088,1.2488,1.2593,2.4142,2.4142,112364.5275,73170.5275,18321.9422,1486582.6988,968046.0788
600313.SH,20250530,6.25,1.1559,1.9195,0.93,144.2557,127.5012,3.4475,1.2158,1.0761,0.0,,108219.8663,108219.8663,65166.6375,676374.1644,676374.1644
301081.SZ,20250530,9.7,0.933,2.0881,0.93,50.3919,53.2433,1.9708,2.709,2.6148,2.8907,,21912.1887,20989.3917,9378.3397,212548.2304,203597.0995
688608.SH,20250530,391.66,1.2917,2.1415,0.64,102.1065,75.4216,7.012,14.4085,13.0442,0.234,0.234,12004.5559,12004.5559,7240.7946,4701704.3638,4701704.3638
601519.SH,20250530,9.07,1.0056,2.0809,0.93,,,12.7408,23.5778,23.41,0.0,,200386.56,200386.56,96838.4923,1817506.0992,1817506.0992
002094.SZ,20250530,9.6,49.6285,63.1571,1.55,188.8825,191.5109,4.4541,3.6997,3.7168,0.0,,69089.7549,69045.3549,54255.5227,663261.647,662835.407
301535.SZ,20250530,19.35,14.0727,14.0727,0.86,76.6699,67.1512,7.4081,12.0719,11.526,,0.6098,42529.4118,5990.1023,5990.1023,822944.1183,115908.4795
603067.SH,20250530,21.83,0.7303,1.1622,0.38,23.4987,22.0151,3.3955,2.7324,2.6849,0.8353,0.8353,50902.3802,50902.3802,31987.0183,1111198.9598,1111198.9598
601677.SH,20250530,12.21,0.6909,0.8123,0.69,8.685,8.3157,0.8579,0.4698,0.4566,1.0647,1.4742,124370.4027,121800.6627,103600.0459,1518562.617,1487186.0916
300379.SZ,20250530,5.51,8.5643,8.7343,0.98,,,0.9897,4.0571,3.7658,0.0,,55792.2828,52663.7564,51638.5483,307415.4782,290177.2978
001289.SZ,20250530,16.41,0.0576,2.1775,0.87,21.6199,23.4354,1.823,3.7007,3.8826,1.3559,1.3559,835981.6164,504193.4164,13333.6023,13718458.3251,8273813.9631
000685.SZ,20250530,8.52,0.3765,0.7456,0.8,10.4836,9.5529,0.7287,2.2134,2.1821,2.3357,6.4231,147511.1351,125396.2161,63317.5459,1256794.8711,1068375.7612
002986.SZ,20250530,10.81,0.4726,0.5521,0.69,13.5015,15.4106,1.0108,0.5384,0.535,0.9268,0.9268,38350.0152,30194.1192,25847.7702,414563.6643,326398.4286
301325.SZ,20250530,52.27,5.1014,5.1014,0.96,244.9985,,2.6141,4.427,3.8493,1.194,0.3999,14389.266,5789.47,5789.47,752126.9338,302615.5969
300268.SZ,20250530,10.48,2.3201,3.3127,1.84,,,,0.5342,0.5952,0.0,,17420.0,13370.75,9364.1581,182561.6,140125.46
600202.SH,20250530,5.53,8.6534,13.1172,0.57,288.2011,,2.5719,1.5067,1.5977,0.1808,0.1808,38334.0672,38334.0672,25289.1287,211987.3916,211987.3916
600675.SH,20250530,2.85,0.3102,1.109,1.18,,48.1908,1.1648,2.4762,1.4048,0.9825,0.9825,604613.5331,604613.5331,169128.0739,1723148.5693,1723148.5693
603018.SH,20250530,7.56,0.985,0.985,1.01,13.5104,14.8705,0.9926,1.1674,1.1985,4.068,4.068,68379.3332,68379.3332,68379.3332,516947.759,516947.759
301187.SZ,20250530,24.38,6.901,6.901,0.91,24.523,22.8331,4.5925,3.5235,3.1649,3.8692,3.4038,25493.3525,6683.5882,6683.5882,621527.934,162945.8803
002795.SZ,20250530,4.71,3.3217,4.7029,1.29,,,4.2109,2.5505,2.7906,0.0,,44575.4078,43477.2547,30708.7443,209950.1707,204777.8696
300575.SZ,20250530,6.56,24.6917,28.0157,1.15,260.1137,,1.4749,1.2587,1.2208,1.8293,0.7622,46475.64,34270.8216,30204.6888,304880.1984,224816.5897
300247.SZ,20250530,4.02,2.2685,2.6549,0.68,68.9853,56.6937,2.9482,4.6926,4.2304,0.0,,80404.0313,80327.5313,68636.3011,323224.2058,322916.6758
603038.SH,20250530,13.8,1.6679,3.0753,0.93,160.4995,134.8816,2.7117,3.5163,3.2921,0.2787,0.2787,26867.7106,26867.7106,14571.3357,370774.4063,370774.4063
002030.SZ,20250530,6.08,0.9808,1.4345,0.99,,,1.0756,10.0032,10.3574,0.2467,0.2467,140344.6032,140344.6032,95953.7128,853295.1875,853295.1875
600157.SH,20250530,1.35,1.0665,1.3026,1.08,19.2201,26.1956,0.6347,1.0577,1.1244,0.4074,0.4074,2221776.4145,2221776.4145,1819047.1763,2999398.1596,2999398.1596
001208.SZ,20250530,10.72,22.5662,22.9242,2.69,52.5333,47.5281,3.5282,1.3778,1.3446,0.4664,0.5784,53442.4,27007.2747,26585.4747,572902.528,289517.9848
002772.SZ,20250530,7.82,2.7988,4.3875,1.04,24.0191,21.7351,0.9505,1.589,1.6007,3.8363,3.6558,39324.1359,39013.5165,24886.6794,307514.7427,305085.699
603212.SH,20250530,9.36,1.119,1.9984,0.93,,,1.5506,1.3632,1.4827,0.7692,0.7692,43749.0636,43749.0636,24498.2398,409491.2353,409491.2353
920099.BJ,20250530,32.79,2.8804,3.0123,0.82,22.1704,21.5623,3.035,4.6306,4.6142,1.5249,1.5249,7839.9998,3938.4433,3765.9419,257073.5934,129141.5558
002394.SZ,20250530,8.24,1.4653,2.4627,0.82,13.2339,10.4969,0.6435,0.6383,0.6707,0.0,1.2136,32370.0,32328.5606,19235.1506,266728.8,266387.3393
002723.SZ,20250530,7.12,2.0541,2.9656,0.61,,,2.2686,1.4813,1.5216,0.2669,0.2669,31800.6876,31711.3383,21964.8534,226420.8957,225784.7287
300050.SZ,20250530,5.36,2.4635,2.9891,0.85,,,7.3645,10.3645,10.6864,0.0,,54484.6718,54451.4549,44876.9849,292037.8408,291859.7983
603819.SH,20250530,14.28,1.3244,2.8066,0.96,,,3.9339,2.4275,2.3225,2.1008,2.1008,21773.0187,21773.0187,10274.5188,310918.707,310918.707
920656.BJ,20250530,24.1,16.2734,16.2734,1.0,37.99,40.8085,2.8939,11.5998,11.5948,2.0747,2.0747,8000.0,2000.01,2000.01,192800.0,48200.241
000612.SZ,20250530,7.29,1.4369,1.9041,0.58,14.7633,14.2644,1.3917,1.3443,1.3122,1.9204,1.7833,119219.9394,119142.0144,89906.1453,869113.3582,868545.285
301101.SZ,20250530,41.75,1.9885,6.4565,0.72,47.5894,46.2959,5.2052,10.9219,10.8507,0.7158,1.193,20151.21,19091.685,5880.0536,841313.0175,797077.8488
605337.SH,20250530,14.96,6.7119,16.9784,0.81,26.3656,25.3233,3.337,4.1699,4.2127,3.2834,3.2834,39443.3036,39443.3036,15592.6638,590071.8219,590071.8219
300239.SZ,20250530,5.52,1.6381,2.243,0.89,38.109,41.4428,1.9351,3.7028,3.9422,0.3985,0.3985,59360.7933,58976.1783,43071.5339,327671.579,325548.5042
601333.SH,20250530,3.04,0.4841,0.9051,0.71,20.312,21.9419,0.7791,0.7949,0.7863,2.3026,2.3026,708353.7,565223.7,302278.57,2153395.248,1718280.048
688678.SH,20250530,18.25,2.7628,4.6062,0.64,86.778,114.0228,2.5955,3.6817,3.4345,1.0922,1.0922,25926.8836,25926.8836,15550.8429,473165.6257,473165.6257
301391.SZ,20250530,37.17,1.8218,2.8202,0.54,182.5439,977.7137,1.701,5.4935,5.8306,1.5298,,9501.4811,4931.6694,3185.7573,353170.0525,183310.1516
300583.SZ,20250530,17.8,1.7805,3.3254,0.76,,,1.8639,3.479,3.4244,2.5281,2.5281,18970.2126,18614.8926,9967.0744,337669.7843,331345.0883
300636.SZ,20250530,7.54,1.6361,2.0541,0.85,29.8198,37.9262,1.3644,4.1881,4.2989,0.5305,0.5305,42152.735,36735.7684,29259.7589,317831.6219,276987.6937
002952.SZ,20250530,19.2,5.6313,15.2699,0.72,187.8284,233.5929,3.6619,4.3583,4.0951,0.4116,0.2572,16434.0,13204.5032,4869.6542,315532.8,253526.4614
601969.SH,20250530,6.86,0.2311,1.0608,0.55,19.4081,22.1378,1.9692,3.3727,3.308,1.7387,1.4488,199879.2238,197809.6038,43098.0852,1371171.4753,1356973.8821
000411.SZ,20250530,10.95,1.2172,2.8699,1.07,10.8744,11.0019,1.2249,0.1713,0.1722,2.7822,,52189.2509,32268.7045,13686.2291,571472.2974,353342.3143
000717.SZ,20250530,2.5,0.6035,1.283,0.84,,,0.7792,0.1944,0.2104,0.0,,242384.559,242353.6215,114002.3325,605961.3975,605884.0538
688793.SH,20250530,31.03,2.5838,7.3767,0.81,260.1024,,7.1652,2.4577,2.697,,,8594.5419,8594.5419,3010.3316,266688.6352,266688.6352
300908.SZ,20250530,29.44,1.215,2.5656,0.76,24.5049,24.8519,2.5973,3.9159,3.9055,3.0059,3.3967,14600.0,12358.1549,5852.6499,429824.0,363824.0803
601089.SH,20250530,16.51,1.6468,2.575,1.45,16.2169,16.2817,2.1566,2.2999,2.2816,2.9653,2.9653,48000.0,20534.6413,13132.2997,792480.0,339026.9279
002168.SZ,20250530,3.37,1.672,2.0404,0.76,,,,13.3983,11.6543,0.0,,78416.3368,78416.3368,64258.0991,264263.055,264263.055
300230.SZ,20250530,4.57,4.816,5.4323,1.43,16.665,16.7734,1.1727,1.6605,1.6011,2.7379,,81321.3441,62982.2499,55836.815,371638.5425,287828.882
000782.SZ,20250530,4.9,1.0046,1.1465,0.64,,,1.8924,1.034,1.0814,0.0,,68658.1509,52813.9623,46278.9623,336424.9394,258788.4153
002774.SZ,20250530,8.42,2.2579,5.6103,0.45,21.4063,24.7561,2.4496,1.7931,1.8921,4.7506,4.2755,33668.79,28177.1935,11340.1142,283491.2118,237251.9693
000972.SZ,20250530,3.56,1.1563,1.7966,1.27,,,,8.9104,10.261,0.0,,77128.3579,77128.3579,49641.076,274576.9541,274576.9541
000856.SZ,20250530,10.15,4.156,5.9372,1.12,105.4055,128.983,5.4933,0.9234,0.9156,0.0,,22700.0,22700.0,15890.0001,230405.0,230405.0
603896.SH,20250530,23.36,3.5462,6.074,1.29,26.506,29.6937,2.028,6.6952,7.218,1.6695,1.6695,19824.3911,19824.3911,11574.2878,463097.7761,463097.7761
002430.SZ,20250530,19.02,0.6241,1.3594,1.47,20.2901,19.8159,2.0568,1.3644,1.3391,4.2064,1.5773,98395.62,97019.0305,44543.582,1871484.6924,1845301.9601
920152.BJ,20250530,19.22,0.6268,0.7644,0.44,,,5.3138,3.46,3.4004,0.1522,0.1522,11134.17,8216.1225,6736.94,213998.7474,157913.8745
688376.SH,20250530,35.03,0.8843,0.8843,0.54,24.5225,23.716,2.5577,2.7327,2.665,0.8564,0.8564,13440.0,5098.5589,5098.5589,470803.2,178602.5183
002971.SZ,20250530,21.3,2.2681,3.4195,1.46,61.4893,65.9692,2.8927,2.935,2.9396,0.3556,0.939,21123.5,16014.8598,10622.6563,449930.55,341116.5137
301299.SZ,20250530,56.79,2.6474,2.7366,1.03,48.6319,53.3407,5.3707,11.6465,11.4897,3.6745,4.3744,6038.056,3560.1248,3444.0087,342901.2002,202179.4874
301386.SZ,20250530,21.14,3.0977,3.0977,1.07,32.8471,32.7587,1.9714,5.8538,5.8426,3.7843,,14000.0,4292.1004,4292.1004,295960.0,90735.0025
301587.SZ,20250530,21.14,1.1174,1.2305,0.67,41.4837,57.8233,1.5328,4.8932,5.1234,0.0,,14732.804,7345.304,6670.054,311451.4766,155279.7266
688221.SH,20250530,9.2,1.6492,2.7987,1.67,,,3.1408,26.6166,25.8809,,,37457.8653,37457.8653,22072.4153,344612.3608,344612.3608
603931.SH,20250530,26.89,0.5671,1.7596,0.6,36.6915,37.2703,3.3605,8.1795,8.2846,0.9855,0.9855,19955.838,19955.838,6431.3392,536612.4838,536612.4838
688567.SH,20250530,12.86,0.4929,0.779,0.78,,,1.6092,1.3455,1.4182,,,122210.3885,122210.3885,77331.631,1571625.5961,1571625.5961
688530.SH,20250530,14.92,1.9699,1.9699,0.94,84.7685,146.1556,2.7912,5.4673,5.7865,0.2681,0.2681,16004.4824,6777.8204,6777.8204,238786.8774,101125.0804
301363.SZ,20250530,23.64,1.9256,1.9256,0.8,26.4268,26.8824,2.7296,6.0302,5.977,0.6741,0.6741,40666.0,11193.302,11193.302,961344.24,264609.6593
920533.BJ,20250530,37.98,6.9206,6.929,1.11,97.0787,143.1701,14.494,6.5777,7.0512,0.4033,0.6067,13075.7328,4830.5409,4824.6967,496616.3317,183463.9434
600301.SH,20250530,18.5,1.4637,2.0141,0.82,17.792,17.0619,2.8202,2.527,2.3824,0.0,,63256.7479,27533.5681,20008.7623,1170249.8362,509371.0099
600170.SH,20250530,2.38,0.6955,1.268,1.19,9.7562,12.4554,0.6831,0.0704,0.0796,2.521,2.521,888593.9744,888593.9744,487374.9534,2114853.6591,2114853.6591
603589.SH,20250530,36.13,0.3996,0.673,0.88,13.0963,12.931,1.9486,3.6042,3.5787,4.1475,4.1475,60000.0,59811.9472,35515.1278,2167800.0,2161005.6523
002442.SZ,20250530,6.04,1.2553,2.0274,0.64,21.3949,21.1882,1.6354,0.698,0.6884,1.9375,1.9375,50329.9365,48847.2715,30244.4428,303992.8165,295037.5199
688169.SH,20250530,227.48,0.7163,0.907,0.57,21.2745,22.7879,3.1995,3.5204,3.1075,1.4624,1.4624,18485.3117,18472.3148,14588.214,4205038.7055,4202082.1707
600149.SH,20250530,5.09,7.8799,12.1795,0.5,22.7847,21.9497,8.0901,4.8846,4.8758,0.0,,38016.0,38016.0,24595.425,193501.44,193501.44
300478.SZ,20250530,13.74,14.1733,20.8524,1.62,,,26.3187,4.5353,4.3648,0.0,,12667.3,12667.3,8609.9227,174048.702,174048.702
002209.SZ,20250530,11.68,3.4973,4.5146,1.48,33.3085,25.6144,3.103,1.5286,1.3758,0.2055,0.2055,19902.905,15530.3759,12030.9897,232465.9304,181394.7905
601019.SH,20250530,9.98,0.3338,1.6299,0.91,16.3992,15.0634,1.4232,1.7772,1.7761,5.6112,3.1062,208690.0,208690.0,42738.5758,2082726.2,2082726.2
