ts_code,trade_date,close,turnover_rate,turnover_rate_f,volume_ratio,pe,pe_ttm,pb,ps,ps_ttm,dv_ratio,dv_ttm,total_share,float_share,free_share,total_mv,circ_mv
002181.SZ,20210430,4.23,0.343,1.0518,1.05,15.6661,15.3256,1.1499,9.6896,9.6645,1.8676,1.8676,116105.8174,113443.2577,36994.9195,491127.6076,479864.9801
000927.SZ,20210430,3.95,0.9291,1.4204,1.22,25.4755,18.8713,3.4459,0.5375,0.4297,0.0,,605035.3641,89755.0309,58711.1501,2389889.6882,354532.3721
603657.SH,20210430,20.25,5.1737,5.1737,1.58,19.1063,17.0834,2.744,3.1869,2.7255,1.7637,1.7637,13440.0,4007.5,4007.5,272160.0,81151.875
603612.SH,20210430,17.71,3.2832,5.221,1.0,35.9592,24.8005,2.0384,1.3157,1.2096,0.2758,0.2758,43466.2799,42604.3599,26791.8869,769787.817,754523.2138
603779.SH,20210430,6.4,0.5142,0.874,1.29,,,1.851,5.4257,4.9774,0.0,,33274.9154,30545.0232,17972.6612,212959.4586,195488.1485
300576.SZ,20210430,35.35,3.3311,4.4606,1.3,97.5045,84.0288,9.9877,10.1868,8.9075,0.1516,0.1516,15675.3349,7806.4046,5829.6865,554123.0887,275956.4026
600697.SH,20210430,13.06,0.6579,0.8789,0.99,91.478,36.6716,0.7788,0.2597,0.2517,3.0628,3.0628,15908.8075,15515.6015,11614.2124,207769.026,202633.7556
300179.SZ,20210430,4.99,2.6926,3.1779,1.1,32.7636,40.4727,2.8729,7.7453,8.1409,3.9773,2.9889,49432.8999,33923.1788,28742.6281,246670.1705,169276.6622
002629.SZ,20210430,1.82,0.9827,1.0244,0.68,,,26.5752,6.9054,6.0464,0.0,,41194.8,34446.0733,33042.1287,74974.536,62691.8534
688557.SH,20210430,32.24,2.8617,2.8617,1.74,27.9756,25.1736,2.6543,5.1856,4.8397,,,7267.0,1653.7554,1653.7554,234288.08,53317.0741
002545.SZ,20210430,7.03,0.411,1.3598,0.79,28.3124,28.1545,1.122,3.2986,3.3326,1.138,1.138,124406.2083,108008.0372,32643.2255,874575.6443,759296.5015
002992.SZ,20210430,20.34,3.655,3.655,0.88,90.8508,,1.8912,2.0358,2.0973,0.0,,13796.095,3450.0,3450.0,280612.5723,70173.0
000422.SZ,20210430,4.71,0.8617,1.2685,0.64,36.5211,8.1757,7.844,0.3063,0.2875,0.0,,89786.6712,89781.2984,60984.0713,422895.2214,422869.9155
300466.SZ,20210430,4.83,0.9759,1.6256,1.04,136.5683,67.9672,3.0087,4.7456,4.1278,0.0,,53552.9908,37746.6658,22661.3191,258660.9456,182316.3958
600173.SH,20210430,4.63,0.4169,1.0409,0.98,6.7019,6.2441,0.9891,1.4227,1.3456,3.2403,3.2403,70098.9244,70041.6244,28053.1999,324558.02,324292.721
300892.SZ,20210430,46.11,6.5646,6.5646,0.43,33.9436,32.5908,4.1742,3.0682,2.9814,,,10000.0,2500.0,2500.0,461100.0,115275.0
603321.SH,20210430,6.99,0.5034,1.3311,1.35,42.006,38.0506,1.9476,2.957,2.6999,0.7153,0.7153,30700.0,30700.0,11610.0,214593.0,214593.0
600303.SH,20210430,3.61,2.1221,2.9057,1.39,44.4387,80.9563,0.8371,0.9298,0.8606,0.5817,0.5817,67560.4211,67560.4211,49339.6343,243893.1202,243893.1202
000410.SZ,20210430,3.7,0.1263,0.205,1.06,,,24.0769,4.6391,4.0566,0.0,,168403.5944,168091.4444,103554.3669,623093.2993,621938.3443
300234.SZ,20210430,7.14,10.6665,12.9062,0.94,48.705,230.4851,4.0361,8.2721,7.9993,0.4709,,51142.4086,31641.4361,26150.5218,365156.7974,225919.8538
300599.SZ,20210430,11.2,1.5254,2.4716,0.86,16.0223,15.0416,1.9086,1.6458,1.5288,2.0536,2.0536,30400.0,14990.57,9251.865,340480.0,167894.384
000554.SZ,20210430,4.69,1.768,1.768,0.88,309.4028,134.3366,2.4561,0.9303,0.8761,0.0,,48079.3318,36264.9711,36264.9711,225492.0661,170082.7145
002038.SZ,20210430,11.9,7.6154,11.15,1.63,33.5212,30.954,2.4025,10.9869,10.441,1.6807,1.6807,102735.0,85167.5207,58169.0715,1222546.5,1013493.4963
000158.SZ,20210430,5.68,2.0578,3.538,0.35,89.6304,81.5083,1.5318,0.9187,0.9001,0.0,,159861.6721,157348.3915,91518.1061,908014.2975,893738.8637
002122.SZ,20210430,2.7,1.4385,2.4398,0.69,20.2838,18.5015,2.0015,4.4956,4.409,0.0,,120173.65,118800.0,70045.0348,324468.855,320760.0
300223.SZ,20210430,70.5,11.3164,12.8451,2.1,451.676,182.5551,3.9663,15.2378,10.3948,0.0,,46897.7393,13907.6101,12252.5209,3306290.6207,980486.5121
600177.SH,20210430,7.43,0.629,1.3518,2.57,4.7534,5.0655,1.1378,2.9971,3.6278,2.6918,2.6918,462900.2973,462900.2973,215377.689,3439349.2089,3439349.2089
002160.SZ,20210430,4.57,18.731,24.1823,1.73,164.1362,58.1277,1.18,0.8307,0.7414,0.0,,79558.1976,72544.4999,56191.3931,363580.963,331528.3645
002817.SZ,20210430,14.21,1.2306,1.2657,0.97,46.2635,44.5106,2.7102,6.5545,5.9268,0.3933,0.3933,14733.9,9653.28,9385.952,209368.719,137173.1088
603876.SH,20210430,12.49,0.5462,1.8354,0.56,,,1.4949,0.4358,0.4098,0.8006,0.8006,43363.0131,43363.0131,12903.8702,541604.0336,541604.0336
603611.SH,20210430,13.31,0.7992,1.4262,0.93,14.6713,14.6018,1.8494,0.8723,0.8102,0.0,,26718.4734,26718.4734,14972.3762,355622.881,355622.881
601229.SH,20210430,8.18,0.4887,0.7704,2.38,5.5642,5.4812,0.6657,2.29,2.2573,4.89,4.89,1420652.87,1370385.5032,869298.0805,11620940.4766,11209753.4162
603160.SH,20210430,113.8,1.5557,3.2979,1.0,31.3987,32.3368,6.3188,7.7903,7.7114,0.7003,0.7003,45778.4425,45346.982,21391.3735,5209586.7565,5160486.5516
300419.SZ,20210430,5.73,3.4321,4.3072,1.18,94.5696,118.3804,2.523,3.2929,2.9331,0.0,,36775.377,36775.377,29303.777,210722.9102,210722.9102
688599.SH,20210430,16.53,2.6081,2.6081,0.86,27.8086,26.1645,2.2373,1.162,1.0539,0.605,0.605,206802.6375,30089.4,30089.4,3418447.5979,497377.782
300422.SZ,20210430,8.39,0.8674,1.247,0.88,17.4549,18.8372,1.4014,0.9431,0.9593,1.0454,1.0454,40571.6406,37665.2851,26202.0489,340396.0646,316011.742
300127.SZ,20210430,15.26,0.9722,2.2368,0.68,33.3713,31.1931,3.6832,8.1608,7.5812,2.2936,2.2936,32314.636,22751.614,9888.2499,493121.3454,347189.6296
002653.SZ,20210430,26.4,0.8508,2.5175,1.13,44.5575,35.6583,10.1537,8.5194,8.177,0.3482,1.7573,107447.962,47495.802,16050.7326,2836626.1968,1253889.1728
600169.SH,20210430,2.23,0.7599,1.1442,1.0,220.4085,41.658,1.6291,0.8632,0.8883,0.0,,333314.15,256395.5,170288.7275,743290.5545,571761.965
002692.SZ,20210430,2.88,0.1484,0.2864,0.44,,,2.1678,0.7805,0.7033,0.0,,71814.6,67891.23,35176.8498,206826.048,195526.7424
000688.SZ,20210430,9.1,0.7446,2.8608,1.25,70.3286,60.7081,4.4619,11.4034,11.1017,0.0,,113730.4986,113730.0591,29600.0839,1034947.5373,1034943.5378
688066.SH,20210430,35.14,1.506,1.7004,1.06,45.3608,48.891,4.4822,6.9026,6.4946,0.1562,0.1562,16631.8933,9669.9715,8564.696,584444.7306,339802.7985
688628.SH,20210430,29.99,3.8215,3.8215,0.72,22.4423,23.3031,3.5185,3.7252,3.5046,,,11000.0,2501.062,2501.062,329890.0,75006.8494
603696.SH,20210430,9.92,1.9841,6.0358,0.63,44.1744,41.9241,4.021,5.5499,4.9246,3.0242,3.0242,23520.0,23520.0,7731.7566,233318.4,233318.4
300429.SZ,20210430,10.64,1.4616,1.7247,0.91,59.031,55.5583,3.1032,7.0605,6.6227,0.5639,0.5639,51525.3388,31669.4274,26838.7134,548229.6048,336962.7075
000425.SZ,20210430,7.38,1.884,3.2842,0.86,15.5041,11.9343,1.7289,0.7816,0.6793,0.813,0.813,783366.843,699503.7403,401277.8785,5781247.3013,5162337.6034
600325.SH,20210430,6.29,1.6966,2.3755,1.67,4.5889,4.6649,0.8701,0.2611,0.2755,6.3594,6.3594,211718.8116,211081.1616,150755.5253,1331711.325,1327700.5065
605376.SH,20210430,53.97,5.8187,5.8187,0.94,88.7978,77.3105,9.5659,23.6935,21.2975,,,26160.0,6540.0,6540.0,1411855.2,352963.8
600996.SH,20210430,4.43,0.401,1.0436,1.14,,,1.104,1.3415,1.3664,2.2573,2.2573,105170.2155,105170.2155,40410.8939,465904.0547,465904.0547
600132.SH,20210430,157.38,1.0512,2.628,0.89,70.7324,56.9237,86.4935,6.9612,5.5765,0.8896,0.8896,48397.1198,48397.1198,19358.848,7616738.7141,7616738.7141
002096.SZ,20210430,7.21,1.1633,3.3232,0.75,133.043,72.7118,1.328,1.3391,1.3121,0.2774,0.2774,37128.7,37085.2,12981.3188,267697.927,267384.292
600845.SH,20210430,63.4,0.234,0.755,0.52,56.3328,51.5098,9.4611,7.698,7.2672,0.6309,0.6309,115564.0821,83963.4323,26019.0611,7326762.8051,5323281.6078
000153.SZ,20210430,8.04,3.4008,4.8893,0.97,24.196,22.8947,1.7408,0.7556,0.7275,0.0,,31214.123,31197.723,21699.4605,250961.5489,250829.6929
002086.SZ,20210430,1.58,1.0141,1.4678,0.9,,,0.8462,2.7922,2.761,0.0,,75635.0,62329.915,43064.9149,119503.3,98481.2657
300020.SZ,20210430,8.08,1.3099,1.629,0.85,33.5994,33.1588,1.4933,2.4782,2.4991,0.3713,0.3713,65578.9086,62728.8765,50443.2505,529877.5815,506849.3221
000506.SZ,20210430,2.09,0.4875,0.775,0.6,,,3.8118,4.568,4.3704,0.0,,92901.7761,92861.9211,58413.7776,194164.712,194081.4151
603527.SH,20210430,7.77,2.5607,5.9111,1.13,30.2199,29.1222,1.9538,0.4939,0.421,2.0224,2.0224,24382.4,24382.4,10562.6665,189451.248,189451.248
600988.SH,20210430,15.16,2.1678,2.8914,1.29,32.1736,26.7177,6.946,5.534,6.1502,0.0,,166391.1378,153512.35,115091.9718,2522489.649,2327247.226
600886.SH,20210430,9.9,0.2849,0.7661,0.88,12.503,13.1175,1.6102,1.7539,1.6849,2.4138,2.4138,696587.3347,696587.3347,259065.5844,6896214.6135,6896214.6135
002666.SZ,20210430,4.99,1.2905,1.669,0.97,16.1753,14.0167,1.1612,0.8425,0.7495,0.8016,0.8016,75432.9268,44707.1686,34566.732,376410.3047,223088.7713
000409.SZ,20210430,4.29,1.5748,1.8795,0.67,29.6805,22.9086,4.351,1.0131,1.3034,0.0,,51093.1158,40563.1244,33986.2554,219189.4668,174015.8037
600395.SH,20210430,6.52,1.0098,3.3292,1.36,12.5152,11.5174,1.4939,1.665,1.5787,6.135,6.135,165505.1861,165505.1861,50202.8608,1079093.8134,1079093.8134
300906.SZ,20210430,36.84,10.4277,10.4277,1.43,54.6227,47.4701,3.5715,25.3136,22.4848,,,8000.0,2000.0,2000.0,294720.0,73680.0
601890.SH,20210430,5.46,3.1097,4.9176,1.01,60.0974,52.3968,1.6974,4.7239,4.1284,0.5495,0.5495,95940.0,95940.0,60669.2485,523832.4,523832.4
300535.SZ,20210430,12.54,1.7273,2.5787,0.95,22.8718,17.6854,1.5658,2.7773,2.4066,0.6393,0.6393,10401.6503,8399.0418,5625.9057,130436.6948,105323.9842
000533.SZ,20210430,3.05,1.2703,2.0838,0.88,24.5203,23.7829,3.0128,1.4259,1.3432,0.0,,69081.6,68490.24,41752.8232,210698.88,208895.232
003031.SZ,20210430,61.44,4.7393,4.7393,0.62,66.775,60.3339,6.1608,8.0298,7.2655,,,10666.6667,2666.6667,2666.6667,655360.002,163840.002
002009.SZ,20210430,9.32,2.3204,3.2381,0.51,56.5705,32.1428,1.7506,0.9614,0.9132,0.3433,0.3433,37054.9434,36997.7559,26512.307,345352.0725,344819.085
600106.SH,20210430,2.62,0.2462,0.3461,0.59,15.3237,13.0938,0.7292,17.2604,19.1188,2.3248,2.3248,132902.5062,132902.5062,94557.3744,348204.5662,348204.5662
000587.SZ,20210430,1.67,0.4226,0.583,1.17,78.6664,13.1719,14.414,9.3839,,0.0,,212374.933,121301.185,87928.8146,354666.1381,202572.979
688529.SH,20210430,23.16,4.1401,4.1401,0.53,36.0761,47.2857,2.8375,2.86,3.0617,,,12800.0,2912.4827,2912.4827,296448.0,67453.0993
688616.SH,20210430,14.0,5.5946,5.5946,1.12,28.4857,25.5107,2.9706,4.6364,4.2639,,,15000.0,3411.8656,3411.8656,210000.0,47766.1184
603289.SH,20210430,8.03,0.9921,3.2471,2.66,27.4907,21.2808,1.8475,2.7296,2.4139,2.2389,2.2389,29680.0,26572.12,8118.6024,238330.4,213374.1236
000029.SZ,20210430,7.55,0.392,1.405,1.03,26.3172,21.8133,1.9646,4.7294,4.3069,2.1854,2.1854,101166.0,89166.0,24877.5738,763803.3,673203.3
002016.SZ,20210430,6.1,0.2448,0.8019,0.44,5.916,6.3592,1.1919,1.6744,1.7776,0.0,,80909.5632,68684.5632,20965.5632,493548.3355,418975.8355
300760.SZ,20210430,466.35,0.9517,1.1687,0.88,85.1555,80.3092,22.6771,26.9638,25.6932,0.3216,0.3216,121569.1266,49913.4264,40646.7482,56693762.1899,23277126.4016
601899.SH,20210430,11.03,1.8838,2.7291,0.97,43.1693,35.2113,5.2315,1.6383,1.5367,0.9022,0.9022,2547324.0546,1964031.9946,1355680.2242,28096984.3222,21663272.9004
002887.SZ,20210430,11.08,2.5641,4.0773,1.65,12.2837,11.7521,1.7368,3.6458,3.5031,1.5042,5.9296,31200.0,16157.6025,10161.116,345696.0,179026.2357
002392.SZ,20210430,4.23,0.7606,0.8273,0.94,11.1099,10.7621,1.1902,1.1682,1.1225,0.813,0.813,119049.0839,89056.6263,81877.0295,503577.6249,376709.5292
300573.SZ,20210430,139.38,2.3372,2.9317,0.56,130.4873,87.2216,16.0384,16.6696,14.1177,0.0898,0.0898,8236.54,6164.0475,4914.1088,1148008.9452,859144.9406
002713.SZ,20210430,6.62,0.4049,1.1424,0.9,15.4022,14.383,4.1016,0.8058,0.7422,0.0,,41953.698,40160.9094,14234.8751,277733.4808,265865.2202
000963.SZ,20210430,52.64,6.7819,15.9456,1.38,32.6647,37.8903,6.0334,2.7346,2.7106,0.5319,0.5319,174980.9548,174976.1803,74420.3646,9210997.4607,9210746.131
600715.SH,20210430,2.86,1.797,2.5807,0.88,,,1.8069,10.0474,7.119,0.0,,185485.35,185485.35,129155.7753,530488.101,530488.101
300650.SZ,20210430,18.14,3.8468,5.0566,1.06,73.2053,28.9094,3.2686,1.7192,0.8582,0.6533,0.6533,10735.16,5407.82,4113.995,194735.8024,98097.8548
000666.SZ,20210430,8.03,1.3876,3.6207,0.93,13.7746,11.6194,0.6092,1.2389,1.0423,0.3736,0.3736,70413.0,29350.8766,11248.6027,565416.39,235687.5391
002511.SZ,20210430,30.84,1.0367,2.0887,1.01,44.6638,40.7218,7.9209,5.1716,4.9015,0.2423,0.2423,131194.8555,127836.3719,63451.4769,4046049.3436,3942473.7094
300061.SZ,20210430,7.4,17.74,25.2627,0.93,,,3.8112,3.3381,3.1825,0.0,,66094.4225,54412.3755,38209.5183,489098.7265,402651.5787
603367.SH,20210430,13.35,0.3591,0.9544,0.92,13.7932,13.709,1.2328,1.6473,1.6247,1.9858,1.9858,45335.3,44827.8,16865.78,605226.255,598451.13
002966.SZ,20210430,7.53,2.2691,2.2691,2.01,9.7592,9.3441,0.8191,2.4219,2.3748,2.656,2.656,333333.3334,162475.2915,162475.2915,2510000.0005,1223438.945
000758.SZ,20210430,4.95,1.3389,2.0209,0.95,452.3855,239.1984,2.0762,1.4366,1.3871,0.0,,196937.8424,196932.9094,130471.5862,974842.3199,974817.9015
688379.SH,20210430,23.26,6.0356,6.0356,2.64,31.6452,27.4738,2.2546,2.3791,2.0547,,,8800.0,2090.0,2090.0,204688.0,48613.4
000507.SZ,20210430,5.73,0.885,1.1682,0.61,20.278,16.2323,1.011,1.508,1.2979,0.8726,0.8726,93042.4895,84120.355,63727.9603,533133.4648,482009.6342
000757.SZ,20210430,3.9,0.9918,1.6683,1.09,49.1506,32.2455,1.5269,0.6341,0.5617,0.0,,66471.4511,51116.7338,30390.3906,259238.6593,199355.2618
000876.SZ,20210430,16.62,0.5531,1.1707,0.84,15.1485,21.6833,2.0168,0.682,0.6321,0.8299,0.8299,450644.8842,432496.939,204328.0431,7489717.9754,7188099.1262
002747.SZ,20210430,32.21,1.2177,1.9894,1.16,211.2488,184.3441,15.2664,10.7821,9.2775,0.0,,84026.4296,73874.3071,45219.8329,2706491.2974,2379491.4317
600300.SH,20210430,3.22,6.1914,10.1781,5.62,12.3558,13.2056,1.7735,1.1219,1.1198,0.0,,167200.0,167200.0,101707.7016,538384.0,538384.0
000609.SZ,20210430,3.09,0.0552,0.0778,0.06,,,0.77,8.7076,8.9221,0.0,,29926.5522,29200.2672,20724.4369,92473.0463,90228.8256
002705.SZ,20210430,37.44,1.2806,3.8161,1.07,27.6735,26.5852,4.9861,2.3465,2.1428,1.0357,1.0357,82672.778,79611.529,26715.8629,3095268.8083,2980655.6458
601368.SH,20210430,5.12,0.2585,0.6632,1.05,18.2445,18.2463,1.0245,2.9297,2.8181,1.7578,1.7578,88297.3077,86028.4977,33533.6638,452082.2154,440465.9082
603348.SH,20210430,26.61,6.4053,6.4053,1.02,82.4312,55.8432,2.6793,2.6543,2.0346,0.5029,0.5029,25960.6443,10170.6443,10170.6443,690812.7448,270640.8448
601919.SH,20210430,18.28,2.8258,5.9672,1.0,22.575,8.9328,3.7683,1.3086,1.1206,0.0,,1225952.9227,865730.1792,409970.7148,22410419.427,15825547.6758
300052.SZ,20210430,7.08,1.5139,1.8912,0.69,,,2.6489,6.3433,6.0652,0.2825,0.2825,26326.93,26121.3253,20909.9889,186394.6644,184938.9831
688004.SH,20210430,33.52,2.3658,2.3658,0.48,41.0106,43.7261,2.6902,6.614,6.4853,,,5680.0,1349.0,1349.0,190393.6,45218.48
600624.SH,20210430,6.82,0.7577,1.105,1.83,,,4.2355,4.9661,4.7705,0.3959,0.3959,68471.201,68471.201,46951.0874,466973.5908,466973.5908
603928.SH,20210430,10.66,0.4889,1.5478,0.61,17.9395,19.4716,1.5175,1.4709,1.3227,1.8762,1.8762,20160.0,20160.0,6367.87,214905.6,214905.6
600843.SH,20210430,5.68,0.7949,1.2153,1.3,36.891,23.6743,1.3228,1.0168,0.9825,0.0,,54858.96,30464.585,19925.0492,311598.8928,173038.8428
600135.SH,20210430,5.96,0.7099,1.2357,1.23,88.519,68.8079,1.2765,1.6056,1.467,0.7886,0.7886,55330.7099,42776.4817,24575.7574,329771.031,254947.8309
002239.SZ,20210430,3.7,0.9126,1.4049,0.81,,,2.2185,3.2199,2.8883,0.1044,0.1044,324325.8144,313132.1692,203398.2197,1200005.5133,1158589.026
603668.SH,20210430,7.1,1.2487,1.85,0.81,34.9892,34.0012,1.9463,0.6627,0.6405,0.0,,33975.7252,33850.6752,22849.272,241227.6489,240339.7939
300227.SZ,20210430,9.68,3.084,3.3312,1.45,37.0575,35.6337,3.4664,5.421,5.2172,0.1299,0.1299,49686.6493,36788.0814,34058.0809,480966.7652,356108.628
002149.SZ,20210430,13.06,4.942,8.4036,1.26,80.2951,51.2644,2.4634,3.1419,2.9255,0.6672,0.6672,48821.4274,42541.4274,25017.7406,637607.8418,555591.0418
600543.SH,20210430,6.78,2.9318,4.4225,0.71,1170.783,666.3709,1.8664,16.365,14.6605,0.3835,0.3835,32112.0,32112.0,21288.3883,217719.36,217719.36
000908.SZ,20210430,6.88,30.0721,40.2495,1.69,,,12.7789,6.8945,8.7594,0.0,,87977.4351,72326.4977,54038.2818,605284.7535,497606.3042
600339.SH,20210430,2.74,0.7827,2.8153,1.4,17.8917,10.8983,0.6182,0.2164,0.2056,1.6058,1.6058,558314.7471,558314.7471,155218.0662,1529782.4071,1529782.4071
002307.SZ,20210430,4.71,0.6236,5.1021,0.67,90.1749,83.9769,1.7269,0.4179,0.3917,0.0,,105465.8053,47488.1906,5804.0356,496743.943,223669.3777
300265.SZ,20210430,8.33,0.7863,1.8752,0.69,51.2919,43.1002,2.3377,2.0717,1.9785,0.1746,0.1746,36495.4817,36410.038,15268.023,304007.3626,303295.6165
600605.SH,20210430,11.96,0.4614,1.1993,1.07,35.4421,38.931,2.2527,19.0336,17.0421,0.4181,0.4181,14734.4592,14734.4592,5668.4697,176224.132,176224.132
688521.SH,20210430,54.6,4.1095,4.1095,0.68,,,10.3439,17.705,17.3812,,,48838.8558,4521.4647,4521.4647,2666601.5267,246871.9726
300200.SZ,20210430,9.0,0.8164,1.447,0.88,16.4936,15.5807,2.0833,3.9972,3.5855,2.7778,2.7778,42622.9073,41496.9787,23412.0428,383606.1657,373472.8083
002866.SZ,20210430,13.05,3.3885,4.5496,1.58,27.6345,23.0536,2.0529,2.1094,1.9543,0.6012,0.6012,28607.8766,16970.2311,12639.4561,373332.7896,221461.5159
002647.SZ,20210430,13.35,18.3595,30.0735,1.41,,,14.7531,3.509,3.7676,0.0,,55993.665,55993.665,34183.4728,747515.4278,747515.4278
002890.SZ,20210430,23.17,2.0182,3.0759,0.79,65.9585,56.3183,2.7774,3.8022,3.4131,0.8632,0.8632,6667.0,4762.2761,3124.6692,154474.39,110341.9372
600129.SH,20210430,14.96,0.4645,0.7452,0.82,126.1004,68.3906,2.5536,0.7433,0.7047,0.0,,55689.0744,55689.0744,34708.7759,833108.553,833108.553
603029.SH,20210430,12.41,1.1649,2.9768,1.98,84.7081,68.2811,1.6077,2.5854,2.5608,0.7977,0.7977,9334.0,9334.0,3652.546,115834.94,115834.94
688166.SH,20210430,39.63,0.8551,0.8962,0.83,95.6444,88.0853,10.9677,20.6884,19.2432,0.2069,0.2069,41000.0,18047.8161,17219.0205,1624830.0,715234.952
000957.SZ,20210430,6.06,0.9783,1.6313,1.39,152.7396,,1.3143,0.8152,0.8926,0.0,,59290.3936,59288.896,35556.118,359299.7852,359290.7098
002905.SZ,20210430,9.23,2.2289,8.2787,1.86,,,3.7354,5.8923,3.4533,0.3869,0.3869,37632.0,34944.0,9408.0,347343.36,322533.12
300878.SZ,20210430,46.57,3.4351,3.4351,0.46,27.5818,26.6896,2.6728,6.0152,5.9247,,,8043.9068,2011.0,2011.0,374604.7397,93652.27
688228.SH,20210430,34.07,1.1549,1.2778,0.63,33.2231,34.4971,1.9464,7.5929,7.5376,1.0273,1.0273,6713.344,2889.7649,2611.8449,228723.6301,98454.2901
600987.SH,20210430,5.46,0.4426,0.8918,0.94,9.8153,9.4054,1.1178,1.1277,0.9052,4.0293,4.0293,108081.8841,92119.95,45721.5055,590127.0872,502974.927
603158.SH,20210430,18.13,0.4618,0.963,0.56,25.2444,22.4623,3.1808,2.22,1.9854,0.6486,0.6486,21697.12,21697.12,10404.134,393368.7856,393368.7856
603221.SH,20210430,11.01,2.5968,2.5968,1.07,33.3214,38.4793,1.808,2.4522,2.3698,1.6349,1.6349,24000.0,6072.0,6072.0,264240.0,66852.72
600116.SH,20210430,8.9,0.6005,0.9554,0.79,27.4512,22.5171,1.6386,3.2378,2.3965,0.5835,0.5835,191214.2904,99300.5502,62413.3647,1701807.1846,883774.8968
002100.SZ,20210430,10.1,0.9952,1.6213,1.11,6.3131,6.4386,1.6589,0.9061,0.814,1.9554,1.9554,107536.0543,107536.0543,66009.5791,1086114.1484,1086114.1484
600172.SH,20210430,4.75,16.3097,20.6209,1.42,,,2.1218,2.7955,2.5591,0.0,,144218.4476,122422.2286,96827.4941,685037.6261,581505.5859
605300.SH,20210430,16.2,0.9126,0.9126,,30.0157,27.7907,3.7406,3.4572,3.0292,,,40001.0,4001.0,4001.0,648016.2,64816.2
002074.SZ,20210430,34.74,2.7271,3.4908,1.32,297.222,271.3194,4.0707,6.6158,6.1052,0.0,,128054.4489,117860.7531,92077.26,4448611.5548,4094482.5627
002693.SZ,20210430,4.5,2.3519,4.7808,0.85,,,3.7228,6.764,6.0773,0.0,,40500.0,40341.6821,19845.7069,182250.0,181537.5695
600215.SH,20210430,7.18,0.7864,1.2486,1.74,40.0856,29.5171,1.3256,19.7623,15.3325,0.6964,0.6964,46503.288,46503.288,29291.1892,333893.6078,333893.6078
300557.SZ,20210430,24.28,1.0791,1.7767,1.1,101.2804,82.2664,2.8176,3.1745,2.8806,0.0,,5566.854,5538.1665,3363.5935,135163.2151,134466.6826
300691.SZ,20210430,13.48,1.026,1.5729,0.47,60.8773,40.4089,3.1274,2.3565,2.0516,1.1121,1.1121,22520.2128,18305.8148,11940.2548,303572.4685,246762.3835
300563.SZ,20210430,17.44,21.48,24.879,0.69,50.4071,48.8902,3.5271,5.0158,4.3103,0.5133,0.45,17874.2666,12131.8642,10474.3849,311727.2095,211579.7116
002725.SZ,20210430,7.02,0.6365,1.0827,0.68,,,1.7652,2.4883,2.2702,0.8547,0.8547,25600.0,19534.0563,11484.0463,179712.0,137129.0752
000010.SZ,20210430,4.2,3.9196,4.1846,1.0,86.4314,64.8337,6.9778,2.4446,2.1984,0.0,,81985.4713,52217.1498,48909.8798,344338.9795,219312.0292
603218.SH,20210430,28.74,2.2784,6.8536,2.15,28.3945,24.7986,3.244,5.4414,5.0261,0.5731,0.5731,96760.4009,82656.7725,27478.4948,2780893.9219,2375555.6417
600036.SH,20210430,52.7,0.2185,0.363,0.84,13.6538,13.0864,1.9806,4.5754,4.4506,2.277,2.277,2521984.5601,2062894.4429,1241481.2046,132908586.3173,108714537.1408
603790.SH,20210430,10.41,1.0768,1.0768,0.76,36.182,32.7484,1.7501,2.4782,2.3443,1.9212,1.9212,19136.0,6158.204,6158.204,199205.76,64106.9036
600853.SH,20210430,2.55,0.9787,1.7618,1.02,11.4166,11.0738,1.3482,0.2165,0.2025,1.634,1.634,100490.1546,100490.1546,55821.1516,256249.8942,256249.8942
002596.SZ,20210430,5.26,1.0365,1.5432,0.7,145.6756,102.1807,1.9202,2.0786,1.918,0.0,,114758.0518,104139.6268,69943.5566,603627.3525,547774.437
603658.SH,20210430,122.18,0.5551,1.945,0.71,73.6842,66.6951,8.3066,18.5017,16.9814,0.7033,0.7033,45097.8659,43060.2899,12290.16,5510057.2557,5261106.22
002912.SZ,20210430,39.42,1.6209,2.1401,1.22,27.7575,30.1577,3.831,7.2085,6.9697,1.0306,1.0306,17447.104,11701.696,8863.106,687764.8397,461280.8563
002227.SZ,20210430,13.51,0.6838,1.7561,0.67,471.9522,298.3803,3.6439,9.2234,8.9678,0.148,0.148,22059.74,22031.0338,8578.5493,298027.0874,297639.2666
300822.SZ,20210430,24.91,4.4144,4.4144,0.93,23.568,22.4578,3.5288,4.4995,4.03,1.0705,2.4087,16000.5,4600.3813,4600.3813,398572.455,114595.4982
601188.SH,20210430,2.82,0.2154,0.7136,1.32,18.5779,14.5532,0.8086,6.6317,6.495,5.6738,5.6738,131587.8571,131587.8571,39719.9952,371077.757,371077.757
300983.SZ,20210430,99.0,9.237,9.237,0.77,27.0967,26.5791,10.6079,8.557,8.4364,,,8000.0,2000.0,2000.0,792000.0,198000.0
002010.SZ,20210430,6.11,0.7714,2.1479,1.59,13.2826,12.2766,1.3409,0.94,0.8076,1.6123,1.6123,330708.9678,318265.1867,114298.3962,2020631.7933,1944600.2907
601611.SH,20210430,7.68,0.9576,3.6212,1.62,14.9638,13.008,1.7188,0.2795,0.2491,0.7294,0.7294,264961.962,262502.112,69415.112,2034907.8682,2016016.2202
600693.SH,20210430,4.19,0.3198,0.8016,1.22,18.3921,17.4225,1.1101,2.0633,1.9417,0.0,,89822.9148,89724.7594,35791.564,376358.013,375946.7419
002940.SZ,20210430,31.41,6.6616,6.8338,1.45,18.4077,19.4799,2.2442,2.3368,2.3134,2.9864,2.9864,9594.6819,4387.8439,4277.336,301368.9585,137822.1769
000039.SZ,20210430,16.16,1.2164,1.5759,1.16,10.8597,7.7477,1.4155,0.617,0.5421,0.7383,0.7383,359501.359,153427.1428,118427.1428,5809541.9614,2479382.6276
002508.SZ,20210430,38.37,1.6113,3.4104,1.11,21.9263,20.52,4.3301,4.4797,4.1515,1.3031,1.3031,94902.405,93490.0781,44169.8796,3641405.2799,3587214.2967
603020.SH,20210430,10.9,7.164,12.9768,4.68,20.4893,17.7053,1.5276,1.3072,1.1997,1.3761,1.3761,32000.0,32000.0,17666.0,348800.0,348800.0
300515.SZ,20210430,9.0,0.5837,1.1672,0.68,26.0694,24.6716,3.2168,5.8001,5.4602,1.3626,1.3626,20586.95,17475.4275,8740.1975,185282.55,157278.8475
000911.SZ,20210430,8.95,4.3823,8.2999,0.67,66.147,78.2474,22.8617,0.8176,0.7865,0.0,,32408.0937,32408.0937,17111.4325,290052.4386,290052.4386
600777.SH,20210430,1.53,1.002,1.2822,1.55,,,0.8329,2.511,2.7555,0.0,,680049.5825,623207.8317,486988.9767,1040475.8612,953507.9825
600759.SH,20210430,1.91,1.8349,2.7431,1.28,24.735,20.2803,0.8199,2.665,2.5642,0.0,,226350.7518,225818.4018,151056.4109,432329.9359,431313.1474
603059.SH,20210430,20.32,0.7147,2.8588,1.53,26.4292,23.1919,1.9316,2.4549,2.0722,0.9843,0.9843,10000.0,10000.0,2500.0,203200.0,203200.0
000150.SZ,20210430,3.97,15.8544,28.932,0.99,,,45.9341,2.2313,2.2885,0.0,,87769.7557,80599.0242,44167.1505,348445.9301,319978.1261
600096.SH,20210430,7.67,1.6397,3.4217,0.76,51.805,16.861,2.0044,0.2704,0.2602,0.0,,183739.6147,136114.9866,65225.7833,1409282.8447,1044001.9472
601811.SH,20210430,9.39,0.6536,2.5997,1.57,9.1748,9.1735,1.1187,1.2862,1.223,3.1949,3.1949,123384.1,79190.39,19909.4375,1158576.699,743597.7621
600355.SH,20210430,2.19,1.1317,1.3478,0.87,,,4.1603,5.4815,4.6823,0.0,,49208.92,49208.92,41318.92,107767.5348,107767.5348
300525.SZ,20210430,25.83,0.6823,0.9045,0.46,45.0611,42.7288,5.3442,6.4151,6.0845,0.3231,0.3231,28221.469,21591.4645,16288.6514,728960.5443,557707.528
300763.SZ,20210430,205.91,4.7811,6.4217,0.87,94.2867,82.0233,15.4471,14.3895,12.3962,0.4608,0.4608,14566.0789,5505.9586,4099.346,2999301.3063,1133731.9353
000088.SZ,20210430,5.52,0.1696,0.5216,0.87,31.6938,26.9285,1.432,23.3731,21.3812,0.2347,0.2347,224916.1747,224916.1747,73135.9747,1241537.2843,1241537.2843
601012.SH,20210430,99.4,2.0972,2.662,1.63,44.9372,41.8164,9.1524,7.041,6.2149,0.3729,0.3729,386639.4792,386630.9182,304593.6278,38431964.2325,38431113.2691
300472.SZ,20210430,10.91,2.7065,3.5056,0.51,,,2.473,6.5698,5.1567,0.4308,0.4308,26662.1121,16944.2248,13081.5607,290883.643,184861.4926
603678.SH,20210430,59.16,3.3194,5.6844,1.62,44.6354,34.0434,6.6948,7.4407,6.47,0.282,,45985.352,45985.352,26853.2925,2720493.4243,2720493.4243
300136.SZ,20210430,28.11,2.3954,2.5422,1.11,27.9702,26.5374,4.8244,4.254,3.9067,0.1781,0.1781,96756.8638,81630.8585,76918.2702,2719835.4414,2294643.4324
300449.SZ,20210430,6.82,3.6166,4.1332,1.0,42.642,78.2955,2.2429,4.7988,4.5838,0.0,,29825.8899,24435.3539,21381.4629,203412.5691,166649.1136
600383.SH,20210430,11.76,1.2693,3.0263,3.11,5.106,5.4902,0.9157,0.6346,0.6348,5.6973,5.6973,451458.3572,451458.3572,189347.721,5309150.2807,5309150.2807
002636.SZ,20210430,14.89,2.0225,6.5618,0.62,60.1052,26.8083,3.4906,3.0054,2.5006,0.0,,72800.0,72310.7222,22287.869,1083992.0,1076706.6536
300303.SZ,20210430,4.78,0.5693,0.6743,0.61,20.0358,19.9583,2.4835,2.5985,2.4813,2.0919,2.0919,127812.1183,114985.0904,97078.635,610941.9255,549628.7321
000863.SZ,20210430,3.74,1.8857,3.8704,3.12,15.2909,13.8415,0.9186,0.9372,0.8196,10.3067,10.3067,122520.816,118550.7916,57760.2871,458227.8518,443379.9606
600683.SH,20210430,4.28,1.8377,4.4581,3.04,6.3803,6.0367,0.9232,0.3577,0.3317,0.0,,74077.7597,74077.7597,30535.247,317052.8115,317052.8115
603859.SH,20210430,32.17,0.9811,1.6637,0.9,37.2568,35.2401,3.1332,4.7027,4.4903,0.1554,0.1554,13915.2295,12975.4076,7651.54,447652.933,417418.8625
000728.SZ,20210430,7.68,0.4681,0.7649,1.09,24.4609,23.5839,1.0746,7.4004,7.3808,1.5063,1.5063,436377.7891,429128.9205,262623.1811,3351381.4203,3295710.1094
002738.SZ,20210430,32.73,8.7629,11.2401,1.25,59.7531,44.6733,3.086,8.1623,7.4348,0.1335,0.1335,31814.0482,25523.3789,19898.3446,1041273.7976,835380.1914
688009.SH,20210430,5.61,0.5617,0.5617,0.92,15.5559,15.2307,1.4738,1.4806,1.4299,3.5651,3.5651,1058981.9,198059.1576,198059.1576,5940888.459,1111111.8741
000420.SZ,20210430,3.05,2.2846,4.2111,1.73,,,2.1443,2.6456,2.3654,0.0,,216831.1443,196966.955,106859.5895,661334.9901,600749.2128
688533.SH,20210430,18.9,9.1717,9.1717,0.46,40.0397,32.4336,3.1118,2.7793,2.6016,,,16000.0,3255.9446,3255.9446,302400.0,61537.3529
601118.SH,20210430,5.17,0.6695,1.8929,1.09,311.0946,115.3573,2.2712,1.4052,1.3782,0.0677,0.0677,427942.7797,427942.7797,151352.5773,2212464.171,2212464.171
000989.SZ,20210430,8.67,2.5758,4.5277,2.55,27.6791,25.9458,1.9976,2.1175,1.977,4.4575,9.0,86935.4236,58954.2851,33539.365,753730.1226,511133.6518
601179.SH,20210430,4.05,0.2216,0.6506,0.71,85.6781,69.4247,1.0424,1.3137,1.2607,1.2346,1.2346,512588.2352,512588.2352,174567.4299,2075982.3526,2075982.3526
300453.SZ,20210430,12.39,6.3382,6.9525,1.92,42.2228,35.4989,6.359,5.1915,4.8137,0.5381,1.6142,39402.75,26798.8829,24430.9585,488200.0725,332038.1591
002194.SZ,20210430,12.11,0.8927,1.6512,0.52,42.6508,34.8374,3.7207,5.4906,4.9606,0.3409,0.3409,67633.9106,49187.7496,26590.7065,819046.6574,595663.6477
002322.SZ,20210430,10.57,0.4299,0.6685,0.74,17.9115,16.8495,1.3403,3.6928,3.4861,3.1066,3.1066,39666.2205,37435.8914,24074.1528,419271.9507,395697.3721
300056.SZ,20210430,5.7,0.4827,0.9387,0.75,104.9536,70.2542,2.3102,1.2044,1.1987,0.0,,38549.0443,38548.9807,19824.4192,219729.5525,219729.19
300567.SZ,20210430,56.45,3.4034,3.9086,0.79,57.2525,46.1681,7.9073,6.7061,5.8825,0.5299,0.5299,24668.3684,17006.0349,14808.2146,1392529.3962,959990.6701
002231.SZ,20210430,4.82,0.599,0.8277,0.39,,,3.9353,6.1751,4.4625,0.0,,35680.0,35680.0,25823.125,171977.6,171977.6
600795.SH,20210430,2.27,0.2078,0.4392,0.81,16.9407,8.8305,0.8622,0.3831,0.3661,2.2026,2.2026,1965039.7845,1965039.7845,929437.6686,4460640.3108,4460640.3108
300965.SZ,20210430,77.91,7.978,7.978,0.8,47.8798,47.7082,3.542,21.8736,21.5606,,,6000.0,1500.0,1500.0,467460.0,116865.0
300922.SZ,20210430,34.45,16.7315,16.7315,2.02,59.9201,53.2188,4.532,16.7631,15.9451,,,11200.8,2655.6269,2655.6269,385867.56,91486.3467
001696.SZ,20210430,6.83,0.8339,1.1037,0.84,13.3063,12.6581,1.6938,1.0249,0.923,4.3924,4.3924,114502.692,87916.8449,66422.6949,782053.3864,600472.0507
000712.SZ,20210430,14.72,0.6802,1.2546,0.82,199.6072,453.4155,3.8665,7.8834,8.3407,0.0,,89600.0,76296.9171,41364.1545,1318912.0,1123090.6197
000679.SZ,20210430,3.98,1.2796,1.7787,1.58,55.0572,17.0988,2.2712,8.0699,11.9444,0.0,,35640.0,35640.0,25640.0,141847.2,141847.2
603290.SH,20210430,216.47,3.4996,5.5639,1.02,191.6908,151.4707,28.0553,35.9658,30.1156,0.1173,0.1173,16000.0,7895.7232,4966.2844,3463520.0,1709187.2011
603039.SH,20210430,84.09,0.4793,0.9972,1.48,79.5591,77.1513,11.8669,12.3198,11.9293,0.1245,0.1245,21718.1494,21404.439,10288.6114,1826279.183,1799899.2755
601929.SH,20210430,1.83,0.3549,0.5445,1.11,87.8319,77.33,0.8592,2.8885,2.8627,0.2076,0.2076,311111.176,311111.176,202818.6696,569333.4521,569333.4521
002101.SZ,20210430,7.2,0.7757,1.745,0.49,24.5072,14.238,0.8249,0.682,0.6154,0.0,,53006.3366,52886.6866,23510.2301,381645.6235,380784.1435
300363.SZ,20210430,55.36,1.5673,2.4988,0.76,92.5839,82.4381,8.8132,14.4969,13.5043,0.1857,0.4034,54255.2533,44695.3017,28033.8547,3003570.8227,2474331.9021
600620.SH,20210430,6.18,1.5157,3.2876,1.12,40.2914,39.1769,1.8276,115.0483,112.5313,0.4854,0.4854,68667.7113,68667.7113,31658.1337,424366.4558,424366.4558
600056.SH,20210430,12.82,0.7766,1.644,0.81,10.4513,10.8752,1.3406,0.3484,0.3391,2.1492,2.1492,106848.5534,106810.8198,50457.0197,1369798.4546,1369314.7098
002431.SZ,20210430,3.13,0.3808,0.5765,0.74,105.1999,36.6747,1.0531,0.9654,0.9527,0.0,,148698.545,145833.1768,96328.2657,465426.4459,456457.8434
603699.SH,20210430,13.16,1.4844,4.5913,2.37,18.7073,20.1863,3.3893,2.7173,2.6621,3.0207,3.0207,75000.0,75000.0,24247.6305,987000.0,987000.0
002293.SZ,20210430,15.15,0.5215,1.2783,0.63,21.4348,18.0054,2.7993,2.5535,2.3496,3.3121,3.3121,82766.5881,82078.9369,33485.1551,1253913.8097,1243495.894
600098.SH,20210430,5.77,0.1435,0.8331,0.79,17.4108,15.9332,0.8573,0.4971,0.4577,0.8462,0.8462,272619.6558,272619.6558,46946.6231,1573015.414,1573015.414
300654.SZ,20210430,7.75,0.7544,1.5211,0.57,42.405,40.0593,2.8652,3.9497,3.7388,0.7444,0.7444,18203.25,17294.4779,8577.7341,141075.1875,134032.2037
300288.SZ,20210430,9.3,1.847,2.4124,0.7,68.6794,54.7706,2.1889,8.3756,8.0869,0.2258,0.2258,33794.1402,24831.9391,19011.7136,314285.5039,230937.0336
002437.SZ,20210430,2.73,1.2959,2.1234,0.96,15.0003,,3.2109,1.9643,1.8876,0.0,,219812.295,217684.0154,132848.4447,600087.5654,594277.362
002783.SZ,20210430,8.97,0.8461,1.0884,1.6,68.0164,57.0921,1.9693,1.7027,1.4446,1.1031,1.1031,38173.0334,32861.6536,25545.8804,342412.1096,294769.0328
002732.SZ,20210430,23.43,0.9102,2.1826,0.77,35.147,26.6852,3.4119,2.2521,2.0748,1.7072,1.7072,15735.0,15572.7775,6494.4175,368671.05,364870.1768
002752.SZ,20210430,5.47,0.4769,1.9043,1.58,391.7346,101.888,2.0259,1.8408,1.5242,0.3898,0.3898,97691.8468,83172.3418,20830.6545,534374.402,454952.7096
603997.SH,20210430,8.44,0.6219,1.5209,1.16,,,2.0181,0.5478,0.5286,2.3752,2.3752,102121.8171,78057.4642,31918.8145,861908.1363,658804.9978
000998.SZ,20210430,16.9,1.295,1.579,1.04,192.0297,168.0152,4.0255,6.7639,6.6749,0.0,,131697.0298,106187.1877,87088.182,2225679.8036,1794563.4721
300135.SZ,20210430,2.17,0.8599,0.9814,0.83,506.4563,800.0368,1.6172,0.9908,0.9239,0.4608,0.4608,92160.0,92160.0,80742.2568,199987.2,199987.2
600410.SH,20210430,6.45,1.997,2.1476,1.14,53.8959,,1.4781,1.8166,1.8539,0.4642,0.4642,109874.3383,109874.3383,102167.4025,708689.482,708689.482
600654.SH,20210430,1.55,0.3189,0.3214,0.64,,,75.0035,0.6597,0.6231,0.0,,128302.0992,75504.3154,74914.3769,198868.2538,117031.6889
601566.SH,20210430,11.25,0.1757,0.6031,0.52,17.5246,15.9731,1.5044,2.4192,2.226,5.7778,5.7778,57463.715,57463.715,16736.901,646466.7938,646466.7938
688023.SH,20210430,274.0,1.2588,1.4898,1.02,151.3344,392.2409,12.9918,15.3414,14.5976,0.138,0.138,7407.4075,5164.8314,4363.9977,2029629.655,1415163.8036
603496.SH,20210430,14.33,0.4543,0.8024,0.93,79.0857,69.9982,3.6062,5.399,4.819,0.7332,0.7332,20086.132,19886.7502,11258.859,287834.2716,284977.1304
300177.SZ,20210430,8.88,2.8203,3.0284,1.26,76.9304,57.5844,2.8888,3.727,3.3819,0.0,,74416.9066,52818.2683,49188.1301,660822.1306,469026.2225
603966.SH,20210430,17.64,2.9218,5.8717,0.98,24.3123,23.1926,3.2454,2.9844,2.828,0.5607,0.5607,21331.5963,21212.4123,10555.2227,376289.3587,374186.953
002739.SZ,20210430,18.32,1.386,3.0755,1.4,,,4.2152,6.4915,4.4606,0.0,,223072.512,195163.8146,87949.7051,4086688.4198,3575401.0835
300572.SZ,20210430,33.35,1.4036,1.5675,0.48,34.1847,34.1731,6.2339,7.0602,7.0542,0.2536,0.2536,19364.112,14082.1579,12609.9157,645793.1352,469639.966
002125.SZ,20210430,6.96,1.2021,1.9294,0.9,173.1797,111.1667,2.4493,3.5499,3.1972,0.0,,62948.1713,59324.983,36962.487,438119.2722,412901.8817
003017.SZ,20210430,40.7,6.0,6.0,1.08,26.6576,25.4539,2.4831,3.6,3.3963,,,6000.0,1500.0,1500.0,244200.0,61050.0
600748.SH,20210430,4.7,0.7271,1.7019,2.11,10.5991,10.5002,0.7666,1.0771,1.0771,2.1277,2.1277,184456.2892,184456.2892,78802.2051,866944.5592,866944.5592
000965.SZ,20210430,2.62,0.2871,0.5913,0.82,30.5137,,0.5458,3.5472,5.9109,0.7634,0.7634,110983.0895,110983.0895,53883.4999,290775.6945,290775.6945
300838.SZ,20210430,17.41,2.3609,2.3609,0.86,38.2337,33.6204,3.0149,5.0529,4.558,0.0,,13634.0,3408.5,3408.5,237367.94,59341.985
600323.SH,20210430,23.76,0.8389,1.464,0.78,18.3196,16.6453,2.2911,2.5894,2.3813,0.8702,0.8702,81534.7146,81534.7146,46720.4434,1937264.8189,1937264.8189
002088.SZ,20210430,21.46,0.9262,1.4673,0.66,20.9622,17.512,3.1106,3.3374,2.9834,3.029,3.029,36168.4133,31908.6773,20141.427,776174.1494,684760.2149
600103.SH,20210430,2.24,2.1319,2.9216,0.96,67.4859,33.4033,1.4174,2.0698,1.8547,0.0,,230581.7807,230581.7807,168259.5821,516503.1888,516503.1888
600192.SH,20210430,4.07,0.9989,1.6314,1.82,,,0.9955,0.8708,0.8582,0.1474,0.1474,44174.8,44174.8,27047.5247,179791.436,179791.436
300815.SZ,20210430,83.67,1.3533,2.0602,0.82,18.3505,18.1991,4.2745,2.6835,2.5648,0.2713,0.2713,13840.0,5828.4808,3828.4808,1157992.8,487668.9885
600714.SH,20210430,5.85,0.9199,2.4394,0.56,470.8863,180.0638,2.7032,10.3416,9.0893,0.0,,28817.6273,28817.6273,10866.7985,168583.1197,168583.1197
603665.SH,20210430,15.76,0.8504,2.0646,0.87,32.4738,28.5047,2.2913,2.323,2.236,6.0147,6.0147,15824.2193,15824.2193,6518.1027,249389.6962,249389.6962
603121.SH,20210430,9.94,5.2249,5.2249,0.74,43.7215,35.9607,2.2509,4.0355,3.451,1.8444,1.8444,25920.0,11888.712,11888.712,257644.8,118173.7973
002937.SZ,20210430,13.37,1.2776,1.2776,0.87,31.2654,28.4183,4.0749,3.8235,3.4852,0.8881,1.3418,29752.65,9756.1988,9756.1988,397792.9305,130440.378
300358.SZ,20210430,16.0,4.0297,7.7738,0.73,45.1782,27.2091,2.832,2.5333,2.0345,0.1808,0.1808,56623.4642,46788.7363,24254.0022,905975.4272,748619.7808
600369.SH,20210430,4.5,0.2368,0.4082,0.92,27.3966,26.3441,1.183,9.4344,8.9267,1.5102,1.5102,664510.9124,564510.9124,327465.4207,2990299.1058,2540299.1058
300450.SZ,20210430,88.4,0.974,1.538,1.19,104.5039,91.7688,13.7937,13.6912,12.9388,0.1791,0.1791,90732.2521,90578.6627,57363.6525,8020731.0856,8007153.7827
600359.SH,20210430,7.56,1.6824,2.819,1.09,75.4215,56.9895,5.5813,5.1853,4.5036,0.0,,38151.282,38151.282,22769.7245,288423.6919,288423.6919
601949.SH,20210430,7.18,0.8436,3.5218,0.5,17.6601,16.032,1.8117,2.196,2.0971,1.6156,1.6156,182250.0,182250.0,43654.2902,1308555.0,1308555.0
603899.SH,20210430,91.4,0.2365,0.6582,0.67,67.5204,62.6353,15.2666,6.4522,5.702,0.4341,0.4341,92742.76,92000.0,33062.5,8476688.264,8408800.0
000862.SZ,20210430,5.17,5.0033,5.9437,0.58,106.4301,35.0023,1.3366,3.0375,2.8593,0.0,,70611.8997,50135.289,42202.9097,365063.5214,259199.4441
300048.SZ,20210430,5.1,1.0119,1.3193,0.72,,,3.2278,4.4941,4.0892,0.0,,110727.4357,109008.7432,83611.4934,564709.9221,555944.5903
002976.SZ,20210430,22.56,1.5102,1.5102,1.02,40.6284,40.7837,2.9251,3.8617,3.4381,2.2163,2.2163,10000.0,2938.75,2938.75,225600.0,66298.2
300030.SZ,20210430,11.1,4.32,5.0989,1.02,21.0912,18.5636,3.2954,3.7288,3.4194,0.0,,30879.5815,25443.3823,21556.4304,342763.3547,282421.5435
300387.SZ,20210430,6.01,1.157,2.0485,1.39,25.2512,34.1158,1.3999,2.7067,2.7445,0.8351,0.8351,29068.3018,28905.7018,16325.722,174700.4938,173723.2678
603687.SH,20210430,9.19,9.211,18.9085,4.05,13.5414,13.3823,2.1869,2.7949,2.5726,0.2829,0.2829,41085.8157,14181.5457,6908.3113,377578.6463,130328.405
002722.SZ,20210430,11.76,1.4093,2.7296,1.56,61.3102,29.3807,1.0914,0.8719,0.7863,1.7006,1.7006,17547.7028,17546.2028,9058.7867,206360.9849,206343.3449
002111.SZ,20210430,18.95,1.5492,2.3589,0.95,18.8989,17.8816,2.1879,2.4404,2.3116,1.3996,1.3996,38182.7504,33813.4894,22207.2655,723563.1201,640765.6241
600229.SH,20210430,6.32,0.2928,0.7019,1.21,18.151,20.106,1.4908,2.0587,2.0139,3.1646,3.1646,70209.601,70209.601,29286.9729,443724.6783,443724.6783
688099.SH,20210430,91.32,1.7334,1.9267,1.1,326.9357,154.1232,12.3786,13.7107,11.5012,0.1314,0.1314,41112.0,21153.4414,19032.0006,3754347.84,1931732.2686
300352.SZ,20210430,4.4,6.7813,7.244,1.23,247.8358,,2.9515,9.9547,10.3559,0.0682,0.0682,144982.4087,118032.4275,110492.1436,637922.5983,519342.681
600248.SH,20210430,4.34,1.0385,2.1474,0.88,5.7543,4.5358,1.0858,0.1275,0.1034,0.1128,0.1128,375129.0098,65668.4064,31759.3539,1628059.9025,285000.8838
605066.SH,20210430,12.38,1.2083,1.2083,0.56,20.269,19.4951,2.8193,2.0228,1.7786,,,40411.55,7100.0,7100.0,500294.989,87898.0
003018.SZ,20210430,12.15,4.195,4.2293,0.64,35.8127,30.8964,2.4081,6.1416,5.5238,,,26000.0,6500.0,6447.26,315900.0,78975.0
603556.SH,20210430,12.03,0.6729,1.854,2.91,12.217,12.6235,1.0834,2.0951,2.0904,5.0051,5.0051,48868.404,48868.404,17736.4228,587886.9001,587886.9001
002727.SZ,20210430,40.98,1.3909,1.9064,0.98,30.928,28.8856,4.1629,1.9304,1.8797,0.6972,0.7321,59619.0525,39527.6633,28837.6614,2443188.7715,1619843.642
002959.SZ,20210430,73.0,3.4059,5.994,1.1,26.599,27.4457,5.5209,3.1115,2.9753,1.0537,1.0537,15600.0,7622.94,4331.4985,1138800.0,556474.62
002159.SZ,20210430,12.25,0.8464,1.2629,0.5,76.1521,22.9571,1.5438,5.3581,4.6762,0.0,,17730.1325,13802.8985,9250.4385,217194.1231,169085.5066
688127.SH,20210430,21.4,6.5444,6.5444,0.6,47.1099,46.7571,6.043,19.6405,19.3609,,,40284.5,3885.5,3885.5,862088.3,83149.7
603192.SH,20210430,22.66,1.2733,1.2733,0.5,19.4579,18.3669,1.8366,1.6138,1.3237,1.6417,1.6417,10666.6667,2666.6667,2666.6667,241706.6674,60426.6674
603893.SH,20210430,85.17,1.1684,1.7069,0.68,110.9453,88.8051,14.7902,19.051,16.4532,0.4065,0.4065,41680.7,18800.0,12868.896,3549945.219,1601196.0
300340.SZ,20210430,9.09,1.6016,1.8524,0.64,,,2.774,1.1712,0.9665,0.5501,0.5501,21214.472,17472.4207,15106.116,192839.5505,158824.3042
000880.SZ,20210430,9.35,1.3472,1.3472,0.52,23.5358,22.4872,1.6296,0.7803,0.71,0.2139,0.2139,27610.05,13513.5,13513.5,258153.9675,126351.225
605286.SH,20210430,24.29,18.2413,18.2413,0.99,27.7699,26.3703,2.9904,2.3329,2.1505,,,16800.0,4200.0,4200.0,408072.0,102018.0
000779.SZ,20210430,9.42,0.5268,0.791,0.36,11.6585,11.6569,1.6239,1.4443,1.4523,0.0,,38033.0518,17503.1047,11655.962,358271.348,164879.2463
000586.SZ,20210430,7.08,0.6385,1.0602,0.8,56.2032,45.4786,5.0245,2.8232,2.6376,0.0,,19344.0,19344.0,11649.4369,136955.52,136955.52
688013.SH,20210430,30.48,17.4614,17.5068,2.26,69.772,58.2232,5.0914,14.928,13.6504,,,8000.0,1700.0,1695.587,243840.0,51816.0
601800.SH,20210430,6.77,0.1165,0.5766,1.0,6.7532,6.0164,0.5035,0.1744,0.16,3.4381,3.4381,1616571.1425,1174723.5425,237261.8821,10944186.6347,7952878.3827
603568.SH,20210430,23.28,0.3057,1.1232,0.62,23.2668,20.4763,5.235,9.3654,8.5085,1.0243,1.0243,125655.8346,125654.2551,34199.5136,2925267.8295,2925231.0587
002273.SZ,20210430,11.91,1.8456,2.2385,0.73,32.7094,31.5363,2.5327,4.4991,4.1519,0.8344,0.8344,121768.8332,118009.7405,97293.9391,1450266.8034,1405496.0094
600487.SH,20210430,11.57,0.4164,0.5853,0.92,25.7408,25.0178,1.3593,0.8439,0.818,0.5661,0.5661,236218.8782,195276.5549,138917.6304,2733052.4208,2259349.7402
002881.SZ,20210430,20.08,1.0025,2.3769,0.85,135.0418,95.9319,6.5255,3.306,2.9612,0.0979,0.0979,18453.9,10748.995,4533.795,370554.312,215839.8196
600673.SH,20210430,4.69,0.6767,1.1912,1.97,34.0031,105.2894,2.017,1.363,1.512,0.0,,301389.7259,245892.6257,139692.3389,1413517.8145,1153236.4145
300143.SZ,20210430,23.32,1.063,1.5288,0.88,116.8939,98.9801,6.8949,22.6537,21.5998,0.0,,64216.701,52039.0673,36182.7134,1497533.4673,1213551.0494
002298.SZ,20210430,7.33,1.372,1.6026,1.07,16.9148,16.5466,1.1188,1.8323,1.6911,0.6597,0.6597,69150.5915,54971.7168,47063.4969,506873.8357,402942.6841
300292.SZ,20210430,3.18,1.0843,1.1679,0.73,,,3.7648,1.0767,0.9663,0.0,,127485.0476,104903.0315,97398.5003,405402.4514,333591.6402
688258.SH,20210430,36.24,2.0025,2.2583,1.21,54.283,47.6691,3.4278,15.8823,14.6904,0.3918,0.3918,8695.6591,4236.6935,3756.6935,315130.6858,153537.7724
300855.SZ,20210430,33.69,1.9324,1.9324,1.1,61.7707,51.129,6.1342,12.333,11.3447,,,20000.0,5000.0,5000.0,673800.0,168450.0
002839.SZ,20210430,5.47,1.1903,1.365,1.73,9.8828,9.4891,0.8877,2.3576,2.3202,2.7417,2.7417,180795.7814,143974.4399,125554.7217,988952.9243,787540.1863
601916.SH,20210430,3.95,0.4657,0.4657,2.82,6.8252,6.7985,0.7045,1.7611,1.7783,6.0759,6.0759,2126869.6778,701064.6184,701064.6184,8401135.2273,2769205.2427
000949.SZ,20210430,4.98,6.4798,14.1896,1.54,74.9309,18.0106,1.4957,1.3991,1.1396,0.2008,0.2008,125765.6049,125718.7175,57410.0026,626312.7124,626079.2132
002380.SZ,20210430,12.95,0.8063,1.0479,0.43,23.9374,24.2309,1.3825,3.68,3.4213,1.5444,1.5444,23999.1649,14150.439,10887.8088,310789.1855,183248.1851
603013.SH,20210430,13.45,1.5441,1.5441,0.91,13.6633,12.764,1.9687,0.7807,0.756,3.7175,3.7175,51422.45,6000.0,6000.0,691631.9525,80700.0
603268.SH,20210430,16.91,0.1955,0.4861,0.42,1296.497,,3.1766,4.7045,4.4983,0.0,,12416.88,12416.88,4994.08,209969.4408,209969.4408
603739.SH,20210430,24.23,2.0318,2.0781,0.6,40.0351,37.5566,2.7989,4.5435,4.2359,0.709,0.709,18006.06,7437.6,7272.06,436286.8338,180213.048
002446.SZ,20210430,5.71,1.5705,1.7368,0.78,28.6441,23.8526,1.6865,4.5305,4.5566,0.0,,90877.5945,83264.7517,75291.4184,518911.0646,475441.7322
600515.SH,20210430,9.51,1.8692,2.0662,1.87,,,5.4209,5.8848,5.397,0.0,,390759.246,165829.5366,150014.665,3716120.4295,1577038.8931
300148.SZ,20210430,3.05,2.8346,3.5547,1.37,,,1.0877,3.0243,3.2644,0.0,,84054.8046,76694.959,61157.53,256367.154,233919.625
603878.SH,20210430,7.46,0.535,1.0895,0.58,13.5624,13.9404,1.218,1.2452,1.1563,6.7024,6.7024,40075.8848,40075.8848,19679.1541,298966.1006,298966.1006
002443.SZ,20210430,6.42,2.1881,2.7808,0.65,5.7215,5.3975,1.1348,0.654,0.5957,4.6729,4.6729,52053.552,51867.4904,40811.5625,334183.8038,332989.2884
300886.SZ,20210430,41.8,10.5835,10.5835,0.58,59.6073,63.1528,4.5854,11.6359,11.2271,,,5735.0,1435.0,1435.0,239723.0,59983.0
600050.SH,20210430,4.25,0.2111,0.4097,0.86,23.8712,22.6548,0.8826,0.4338,0.4221,1.4218,1.4218,3101185.3287,3075564.4212,1584561.4063,13180037.647,13071148.7901
300149.SZ,20210430,14.37,1.7628,2.7594,0.8,46.4689,42.1625,2.9855,4.8473,4.5096,0.0,,49977.6892,40268.7237,25725.5418,718179.3938,578661.5596
002197.SZ,20210430,7.82,1.4086,1.6624,0.86,221.7535,214.4433,1.6642,3.0318,2.9953,0.0,,51515.6948,43506.9582,36863.5632,402852.7333,340224.4131
300093.SZ,20210430,18.72,2.0943,2.6699,0.72,,,7.9461,12.2793,10.6133,0.0,,21600.0,19770.525,15508.2378,404352.0,370104.228
600026.SH,20210430,6.09,0.7752,1.6949,2.03,12.2253,13.9025,0.8268,1.7702,1.8842,0.6568,0.6568,476269.1885,286497.2688,131034.1095,2900479.358,1744768.367
300064.SZ,20210430,1.84,6.9334,10.464,0.85,,,8.0855,4.6367,4.0965,0.0,,120547.6595,69622.9777,46131.6477,221807.6935,128106.279
002145.SZ,20210430,11.79,5.797,7.9474,0.8,50.9527,40.3261,3.9602,6.5166,5.8699,0.1217,0.1217,205367.3321,159103.4976,116053.4976,2421280.8455,1875830.2367
300310.SZ,20210430,4.1,1.4145,1.5158,0.93,173.9752,174.3289,2.0704,1.6324,1.5705,0.0,,88165.8531,69174.8996,64551.3332,361479.9977,283617.0884
300923.SZ,20210430,31.1,5.0583,5.0583,0.83,42.2514,36.8086,2.2588,7.0013,6.4208,,,7860.0,1965.0,1965.0,244446.0,61111.5
600720.SH,20210430,13.14,1.2571,1.6772,0.81,7.0981,6.9327,1.2973,1.3058,1.2729,4.414,4.414,77629.0282,77616.2687,58177.2258,1020045.4305,1019877.7707
300555.SZ,20210430,7.77,3.5853,4.515,1.62,456.1064,130.3829,2.4232,8.2679,7.3432,0.2574,0.2574,20000.0,17391.0666,13809.9383,155400.0,135128.5875
600989.SH,20210430,16.21,1.3577,1.3577,0.85,25.7148,21.5007,4.3302,7.4633,6.8724,1.7273,1.7273,733336.0,199427.0,199426.9937,11887376.56,3232711.67
600562.SH,20210430,13.76,0.977,1.659,1.37,36.6322,31.3854,3.8923,4.7394,3.9407,0.0765,0.0765,124185.784,66073.8434,38913.5505,1708796.3878,909176.0852
300388.SZ,20210430,7.64,0.2994,0.7623,0.82,16.1092,15.3864,1.4479,1.3801,1.3412,1.527,1.527,69896.0351,69140.354,27152.6216,534005.7082,528232.3046
601058.SH,20210430,10.13,0.7368,1.1346,0.6,20.8119,19.1656,3.0624,2.0149,1.9022,0.8699,0.8699,306417.4772,255889.445,166168.7707,3104009.044,2592160.0779
601798.SH,20210430,5.64,0.7,2.0907,0.58,108.0823,,1.128,1.6944,1.8502,0.0,,35452.8198,35452.8198,11870.5461,199953.9037,199953.9037
000009.SZ,20210430,10.52,2.1183,2.9905,1.17,41.0017,33.4219,3.8305,2.5612,2.1397,0.1901,0.1901,257921.3965,255143.0324,180731.8728,2713333.0912,2684104.7008
002848.SZ,20210430,9.03,0.5164,0.8324,0.65,,,4.4504,3.6117,2.9903,0.0,,16715.0,15856.3425,9837.9325,150936.45,143182.7728
002221.SZ,20210430,11.07,0.5427,0.9158,0.69,15.0824,13.8785,1.7258,0.6277,0.6752,1.8218,1.8218,164902.2824,153171.0794,90774.3918,1825468.2662,1695603.849
603322.SH,20210430,12.91,2.2153,4.3032,2.04,52.2087,52.7884,4.6717,1.399,1.3779,0.0,,16015.0,15652.0,8057.7865,206753.65,202067.32
300765.SZ,20210430,13.73,1.1408,1.1408,0.69,25.0023,24.1344,2.7566,5.6904,5.6838,0.3735,0.5603,54600.0,13650.0,13650.0,749658.0,187414.5
300375.SZ,20210430,3.65,2.2621,2.7396,0.5,,,1.2555,1.5496,1.4951,0.0,,71112.3166,39991.9684,33020.6383,259559.9556,145970.6847
002316.SZ,20210430,3.94,2.2741,2.6259,0.66,,,7.0375,0.4723,0.4783,0.0,,39312.0,29341.3643,25411.1393,154889.28,115604.9753
603305.SH,20210430,32.33,0.4712,1.7601,0.78,43.4255,38.8792,4.2359,8.8803,7.8357,0.0,,44703.8482,44703.8482,11967.3978,1445275.4123,1445275.4123
600737.SH,20210430,9.44,1.5283,3.0616,0.79,38.1572,33.7968,2.148,0.9556,0.8953,1.3242,1.3242,213884.8228,211109.876,105381.5155,2019072.7272,1992877.2294
688390.SH,20210430,251.38,8.3957,8.3957,0.83,84.9891,75.5777,14.4879,13.9209,12.2158,,,8800.0,2094.5426,2094.5426,2212144.0,526526.1188
300394.SZ,20210430,42.6,2.4695,5.2702,0.84,33.1121,30.525,4.1833,10.5812,9.6246,0.8609,0.8609,21695.0663,17773.9315,8328.4286,924209.8244,757169.4819
300564.SZ,20210430,22.3,2.085,2.085,0.44,16.112,14.3104,1.9427,2.3224,2.1686,1.5695,1.5695,10000.0,3375.0,3375.0,223000.0,75262.5
601009.SH,20210430,9.17,1.822,3.0923,5.01,7.0044,6.8229,0.9083,2.6625,2.6499,4.2748,4.2748,1000701.6973,848220.7924,499778.7434,9176434.5642,7778184.6663
603300.SH,20210430,8.77,0.3149,0.3656,0.55,24.5239,21.7038,2.3187,5.1935,4.5701,0.0,,90270.6505,86822.6827,74787.4427,791673.6049,761434.9273
002195.SZ,20210430,1.84,1.4622,1.7184,0.89,,,1.1658,8.5934,9.2853,0.8152,0.8152,572484.7663,563440.2124,479423.539,1053371.97,1036729.9908
002573.SZ,20210430,5.12,0.4366,0.7939,0.77,34.2196,33.0585,1.1367,1.7432,1.6961,2.2567,2.2567,140372.1079,108127.21,59455.053,718705.1924,553611.3152
002374.SZ,20210430,2.4,0.5056,0.7366,1.17,,,0.9594,4.2384,3.7617,0.0,,108795.3783,85480.3165,58675.5959,261108.9079,205152.7596
300792.SZ,20210430,77.35,2.7505,3.0613,0.79,35.9997,35.3366,7.1244,8.5956,8.5365,0.718,0.718,14430.6,6129.2656,5506.9962,1116206.91,474098.6942
688155.SH,20210430,88.25,3.8418,3.8418,2.03,109.8924,86.8746,6.0488,13.2862,11.3001,0.4533,0.4533,7563.0036,1796.45,1796.45,667435.0677,158536.7125
603332.SH,20210430,16.4,6.5827,6.5827,1.04,54.4775,40.8761,1.4464,2.2178,2.0937,3.6585,3.6585,11893.8,2973.5,2973.5,195058.32,48765.4
002645.SZ,20210430,15.62,4.9833,10.6311,1.39,40.4076,26.4218,2.8713,2.6962,2.0346,0.3743,0.3743,58269.1698,45810.7804,21473.6045,910164.4323,715564.3898
300527.SZ,20210430,8.24,1.2072,3.3429,1.12,101.9963,68.5618,2.9828,4.3575,4.0513,0.0,,96316.182,96315.747,34781.2671,793645.3397,793641.7553
000717.SZ,20210430,4.99,2.8242,6.0152,0.91,6.4869,6.3358,1.2159,0.3826,0.364,3.006,3.006,241952.441,241952.441,113601.152,1207342.6806,1207342.6806
300908.SZ,20210430,71.23,4.3934,4.3934,0.55,55.6608,51.0069,4.7421,9.8023,9.2564,,,10000.0,2371.025,2371.025,712300.0,168888.1108
002168.SZ,20210430,3.82,3.2269,3.5411,0.54,,,3.851,3.9023,5.8413,0.0,,80192.9568,79285.8343,72252.2177,306337.095,302871.887
300230.SZ,20210430,4.24,1.1052,1.2689,0.86,,,1.5515,1.0785,0.9834,11.7925,11.7925,81620.6041,55412.004,48266.5691,346071.3614,234946.897
000782.SZ,20210430,3.55,2.4274,3.4349,2.28,49.2019,18.3448,1.2829,0.7979,0.7127,0.5634,0.5634,52813.9623,52813.5152,37322.4028,187489.5662,187487.979
603718.SH,20210430,17.45,1.9529,4.9275,0.71,1258.9098,689.3152,10.5706,43.3677,37.0248,0.0344,0.0344,64400.0,64400.0,25523.0892,1123780.0,1123780.0
600273.SH,20210430,9.07,0.917,1.5882,0.79,9.9675,9.2821,1.6028,2.334,2.148,3.9097,3.9097,143273.0543,143273.0543,82727.2421,1299486.6025,1299486.6025
300481.SZ,20210430,23.47,0.7571,1.3614,0.69,33.5866,31.2981,6.0466,6.6085,5.8388,0.8522,0.8522,25705.95,25705.95,14295.65,603318.6465,603318.6465
601077.SH,20210430,4.15,0.5488,0.5488,1.4,5.6101,5.4996,0.4882,1.6722,1.642,5.5422,5.5422,1135700.0,587446.5018,587446.5018,4713155.0,2437902.9825
300738.SZ,20210430,17.07,1.4602,2.7492,1.17,41.6011,53.4928,4.9698,7.7506,6.8998,0.1803,0.2441,38164.4654,35618.0328,18917.7768,651467.4244,607999.8199
603977.SH,20210430,7.88,0.5181,1.3391,0.86,22.4814,20.2055,2.0028,2.5502,2.3853,1.0877,1.0877,55158.1577,43331.68,16765.4908,434646.2827,341453.6384
600801.SH,20210430,21.96,0.9355,2.2255,1.58,8.177,7.6599,1.8918,1.5684,1.4526,5.4885,5.4885,209659.9855,136187.9855,57248.5915,4604133.2816,2990688.1616
603335.SH,20210430,4.25,0.8327,1.7703,1.23,30.2449,37.4719,3.1244,1.8645,1.7119,0.4706,1.0118,42814.46,42814.46,20137.46,181961.455,181961.455
603759.SH,20210430,26.68,21.9195,21.9195,1.12,47.6255,41.4953,4.0083,9.7895,9.0889,,,31200.0,7800.0,7800.0,832416.0,208104.0
002004.SZ,20210430,6.47,5.9855,8.0982,1.13,19.6555,18.5528,1.3755,1.1778,1.1196,3.4003,6.8006,197991.9191,181915.7498,134457.1977,1281007.7166,1176994.9012
300244.SZ,20210430,39.0,2.5734,2.9333,0.83,30.1369,21.3227,4.7368,2.2723,2.0191,0.3282,0.3282,62045.8296,45754.4103,40141.1253,2419787.3544,1784422.0017
300896.SZ,20210430,618.2,10.1758,10.1758,1.04,304.1595,235.7138,31.2226,188.5741,150.3767,,0.3145,21636.0,4937.8687,4937.8687,13375375.2,3052590.4303
300687.SZ,20210430,28.0,2.2979,3.6077,0.75,34.5388,33.0527,6.1883,4.3897,3.9839,0.4296,0.4296,21717.9372,15226.9608,9698.6072,608102.2416,426354.9024
603203.SH,20210430,29.02,2.5575,7.4355,5.52,25.6371,22.0851,3.7903,8.4911,7.6152,0.7236,0.7236,15653.3787,15653.3787,5384.0024,454261.0499,454261.0499
600850.SH,20210430,25.85,1.1492,1.8286,1.17,34.756,34.2109,3.9476,1.3573,1.3176,0.9671,0.9671,42685.2228,42685.2228,26826.1038,1103413.0094,1103413.0094
603703.SH,20210430,13.57,0.5308,1.0006,0.46,772.1224,278.6696,3.7063,5.42,4.9608,0.0567,0.0567,29861.0,22970.0,12184.2402,405213.77,311702.9
605151.SH,20210430,18.13,4.706,4.706,0.57,22.4952,20.6588,2.0778,2.0666,1.9002,,,13334.0,3334.0,3334.0,241745.42,60445.42
300281.SZ,20210430,5.01,1.1428,2.2146,1.07,56.983,48.4802,1.6488,5.1626,4.8082,0.2994,0.2994,41892.358,39732.5912,20502.512,209880.7136,199060.2819
300677.SZ,20210430,170.55,5.4117,7.5164,0.9,8.5931,5.6732,4.593,4.3516,3.0413,0.2394,1.9943,35304.9087,23908.9532,17214.0812,6021252.1788,4077671.9683
300058.SZ,20210430,6.18,0.8978,1.108,0.62,21.2563,17.4155,1.6482,0.3799,0.3597,0.0,,249103.7834,238148.529,192956.2644,1539461.3814,1471757.9092
002032.SZ,20210430,75.4,0.2813,1.1331,0.79,33.5332,30.2837,8.1698,3.329,3.0721,1.7563,1.7563,82108.386,61237.0506,15205.6192,6190972.3044,4617273.6152
002614.SZ,20210430,16.8,1.8248,1.9016,0.81,23.3172,17.8829,2.3833,1.4901,1.2972,1.0548,2.8198,62525.2942,44264.0099,42478.0076,1050424.9426,743635.3663
002816.SZ,20210430,23.56,0.9189,1.3275,1.03,,,5.9475,15.6623,15.0145,0.0,,10000.0,9743.3943,6744.3943,235600.0,229554.3697
000713.SZ,20210430,12.73,4.288,6.3172,0.66,110.7663,129.3172,3.2364,2.2727,2.1994,0.1571,0.1571,43858.2129,39924.8262,27100.3332,558315.0502,508243.0375
600420.SH,20210430,11.05,4.3942,12.5134,2.16,17.4908,15.4588,1.4024,0.9038,0.8609,0.905,0.905,102696.0386,102696.0386,36062.6224,1134791.2265,1134791.2265
600423.SH,20210430,2.65,0.1023,0.1556,0.74,166.4417,87.0522,5.2275,19.7585,18.4836,0.0,,79869.5026,79869.5026,52515.9896,211654.1819,211654.1819
600491.SH,20210430,4.92,0.4504,0.7724,1.56,9.304,9.2585,0.6489,0.4231,0.4152,1.4634,1.4634,152975.7955,152975.7955,89189.5105,752640.9139,752640.9139
300746.SZ,20210430,9.83,1.1219,1.1219,0.71,31.6504,30.8078,1.7729,0.9756,0.8927,1.5259,1.5259,22573.8328,7243.9858,7243.9858,221900.7764,71208.3804
002504.SZ,20210430,1.52,10.0508,10.0508,33.48,,,2.8319,3.4642,3.2108,0.0,,102580.0523,41447.3971,41447.3971,155921.6795,63000.0436
002278.SZ,20210430,6.09,0.3104,0.4838,0.8,78.0798,63.9665,1.9786,3.052,3.0539,0.821,0.821,36390.9648,33711.5131,21627.7964,221620.9756,205303.1148
300869.SZ,20210430,86.67,9.5444,9.5444,0.75,56.7721,52.7767,20.6801,24.8523,23.3449,,,40179.68,4100.0,4100.0,3482372.8656,355347.0
601633.SH,20210430,33.43,0.4064,2.6944,0.81,57.1995,40.0846,5.3494,2.9691,2.5133,0.7419,1.5796,917534.03,605172.77,91272.9,30673162.6229,20230925.7011
603922.SH,20210430,15.35,0.9511,3.4258,2.71,259.3926,80.8062,1.8802,4.1838,3.8149,0.0,,12800.0,12800.0,3553.4717,196480.0,196480.0
600789.SH,20210430,7.95,4.2938,5.6731,1.14,30.7089,25.9379,2.1429,1.6641,1.5392,0.566,0.566,88022.9735,88022.9735,66622.5008,699782.6393,699782.6393
600767.SH,20210430,3.44,0.3005,0.3972,0.31,121.6948,94.3847,5.2056,24.1008,23.0316,0.0,,34101.0182,34091.0182,25793.0254,117307.5026,117273.1026
300630.SZ,20210430,49.26,0.7476,0.9484,0.42,52.836,47.9884,9.8595,18.1121,16.6735,0.2808,0.2808,43702.9279,32132.6853,25327.9432,2152806.2284,1582856.0779
300548.SZ,20210430,32.33,1.7987,2.7457,0.58,63.2576,46.1721,2.804,7.2044,6.3691,0.0745,0.0745,17308.0472,11866.8219,7773.9228,559569.166,383654.352
002072.SZ,20210430,4.42,0.7716,0.9676,0.78,,,,29.3403,28.479,0.0,,17600.0,15291.91,12194.715,77792.0,67590.2422
000155.SZ,20210430,13.07,10.1827,18.0023,1.45,108.2833,104.368,4.5193,8.314,5.9655,0.0,,127000.0,127000.0,71835.1849,1659890.0,1659890.0
600327.SH,20210430,4.59,1.1797,2.1334,1.31,12.8896,10.759,1.1456,0.5117,0.4649,14.8148,14.8148,88477.9518,88477.9518,48922.7146,406113.7988,406113.7988
600859.SH,20210430,33.39,1.4801,3.3433,0.98,67.0204,30.4186,2.4019,3.1518,2.8203,1.1381,1.1381,77625.035,77625.035,34365.6672,2591899.9187,2591899.9187
601718.SH,20210430,2.53,0.6633,1.3252,1.86,,,0.65,0.743,0.7091,1.1858,1.1858,439162.9404,439162.9404,219811.6813,1111082.2392,1111082.2392
002311.SZ,20210430,83.4,0.3278,0.7194,0.7,54.9187,47.3444,9.8922,2.2967,2.1137,0.3992,0.3992,166121.0751,164629.4199,75009.084,13854497.6633,13730093.6197
688001.SH,20210430,34.11,1.4719,1.4719,1.0,56.4229,52.8405,4.6686,8.9172,8.3649,0.3619,0.3619,43853.6773,3845.1196,3845.1196,1495848.9327,131157.0296
600266.SH,20210430,4.78,0.4707,0.8096,1.59,8.7394,5.8649,0.4978,0.7765,0.6865,4.1841,4.1841,225653.76,225653.76,131187.4339,1078624.9728,1078624.9728
603655.SH,20210430,22.53,5.0891,15.7271,1.1,105.988,82.8714,4.6192,14.1573,12.5211,0.3107,0.3107,10600.0,10600.0,3430.0,238818.0,238818.0
603267.SH,20210430,117.0,3.1085,3.455,1.73,55.7178,42.9097,10.8242,15.9307,13.4205,0.0061,0.3223,23147.6,15751.2356,14171.2356,2708269.2,1842894.5652
603008.SH,20210430,29.92,1.2861,1.8744,0.61,36.9858,25.6332,3.8307,2.0613,1.8852,0.1671,0.1671,38741.7787,38741.7787,26581.0178,1159154.0187,1159154.0187
000732.SZ,20210430,2.58,0.8276,2.1528,1.5,,,0.4497,1.7765,1.8182,0.0,,248890.144,248596.1896,95565.9685,642136.5715,641378.1692
002555.SZ,20210430,22.06,1.7058,2.2224,1.06,17.7207,22.768,5.389,3.3977,3.5264,2.5903,2.5903,221786.4281,146962.0619,112800.3669,4892608.6039,3241983.0855
300830.SZ,20210430,8.95,6.8941,6.8941,2.03,56.8448,52.9944,3.453,7.7939,7.6087,0.0,,43012.5,8602.5,8602.5,384961.875,76992.375
002811.SZ,20210430,7.88,0.2029,0.6737,0.71,77.5814,66.7543,1.4351,1.1239,1.1313,2.5379,2.5379,27002.3132,24354.3726,7336.6182,212778.228,191912.4561
002667.SZ,20210430,9.06,1.4792,2.7731,0.7,414.5423,353.9935,2.6951,7.2171,6.6468,0.0662,0.0662,23113.2,23102.3625,12322.6625,209405.592,209307.4043
002523.SZ,20210430,2.34,0.4839,0.6863,1.4,57.0585,46.6666,1.539,2.2077,2.0632,1.2821,1.2821,141664.08,139673.0804,98482.6838,331493.9472,326835.0081
600272.SH,20210430,6.82,0.6724,1.2127,0.56,121.1908,129.8734,3.201,2.1754,2.2296,0.4106,0.4106,24300.0,16000.0,8871.0217,165726.0,109120.0
600969.SH,20210430,6.19,0.3985,0.6688,0.7,74.3555,67.4514,0.6394,0.7517,0.7241,0.6607,0.6607,37005.0484,37005.0484,22046.8787,229061.2496,229061.2496
300439.SZ,20210430,21.72,0.6777,0.9909,0.31,27.7773,39.7316,3.6127,3.6137,3.4774,0.0,,38299.9815,23718.6412,16220.9121,831875.5982,515168.8869
600022.SH,20210430,1.74,1.6093,3.276,1.04,26.3567,14.5343,0.8754,0.2181,0.2013,0.0,,1094654.9616,1094654.9616,537723.0242,1904699.6332,1904699.6332
688698.SH,20210430,17.47,4.3864,4.3864,0.79,35.9155,31.7953,4.0105,5.4953,4.7342,,,18000.0,3662.3988,3662.3988,314460.0,63982.107
603363.SH,20210430,12.61,1.6365,3.2461,2.46,14.8333,14.5549,2.9285,0.738,0.6221,0.6093,0.6093,67401.6273,63104.7958,31813.1001,849934.5203,795751.475
300007.SZ,20210430,14.19,1.7044,1.9561,0.81,20.2301,19.0772,2.5999,2.142,2.0182,0.155,0.155,29302.2806,24459.6088,21312.4577,415799.3617,347081.8489
000595.SZ,20210430,2.14,0.3995,1.1221,0.84,225.5471,163.7832,2.6677,11.8918,12.5355,0.0,,113865.6366,113728.2816,40486.6892,243672.4623,243378.5226
300856.SZ,20210430,50.29,3.4305,3.4305,0.72,34.729,34.544,3.7287,5.6291,5.8818,0.2983,0.2983,11288.0,2822.0,2822.0,567673.52,141918.38
603283.SH,20210430,21.35,1.1159,3.2297,0.74,21.8781,22.1194,3.0963,1.8867,1.8348,2.5763,2.5763,17924.4756,17494.9565,6044.8765,382687.5541,373517.3213
002340.SZ,20210430,10.0,10.7695,12.0547,0.89,115.9629,82.7307,3.5154,3.8372,3.4404,0.3001,0.3001,478352.2257,476199.7706,425428.3294,4783522.257,4761997.706
688330.SH,20210430,71.51,1.7982,1.7982,1.02,22.4734,21.0891,2.3105,7.871,7.6091,,,10000.0,2425.0,2425.0,715100.0,173411.75
002927.SZ,20210430,10.0,0.5475,1.695,0.76,26.552,25.8681,2.5986,2.8707,2.6252,1.654,1.654,22366.37,22193.08,7168.8141,223663.7,221930.8
603730.SH,20210430,22.59,0.4467,2.369,1.06,33.2994,32.8827,3.2214,3.3142,3.2645,1.53,1.53,57953.2404,57953.2404,10927.2297,1309163.7006,1309163.7006
300752.SZ,20210430,23.23,7.9572,7.9572,0.79,64.4266,,3.2285,1.3913,1.3985,0.6202,,12052.232,3409.065,3409.065,279973.3494,79192.58
300445.SZ,20210430,12.39,1.0525,1.5637,1.71,44.8044,42.2594,2.8829,9.2721,8.697,0.428,0.428,21638.0084,13945.8854,9386.7789,268094.9241,172789.5201
688633.SH,20210430,51.93,7.1829,7.1829,0.76,24.9154,23.8211,3.2009,6.7499,6.2607,,,7273.3334,1654.3284,1654.3284,377704.2035,85909.2738
601828.SH,20210430,9.13,0.1447,1.1016,2.47,20.6015,17.3073,0.7352,2.5043,2.3735,2.5192,2.5192,390500.0,316371.4366,41548.694,3565265.0,2888471.2162
600507.SH,20210430,9.16,1.4194,2.8884,0.7,9.227,8.1548,2.0471,1.1896,1.1311,0.0,,215595.0223,215595.0223,105947.0648,1974850.4043,1974850.4043
601187.SH,20210430,8.49,3.4223,3.4223,1.06,12.2938,12.0488,1.1889,4.0331,4.2013,,,263912.7888,26391.2789,26391.2789,2240619.5769,224061.9579
600469.SH,20210430,4.98,0.8341,1.5049,1.15,18.1067,17.5063,1.2492,0.6527,0.601,0.7675,0.7675,73113.7184,56241.3222,31170.1648,364106.3176,280081.7846
603708.SH,20210430,17.45,2.3914,7.1299,3.88,24.8278,27.9606,3.7712,0.6365,0.6591,2.8653,2.8653,60840.097,60840.097,20406.3139,1061659.6927,1061659.6927
600552.SH,20210430,7.24,1.061,1.4578,0.71,45.7902,43.1782,2.1672,1.0913,0.9424,1.3812,1.3812,76388.4003,76388.4003,55596.37,553052.0182,553052.0182
603139.SH,20210430,16.22,0.3554,0.9603,0.59,47.4898,44.7027,1.5932,3.9125,3.7881,0.5302,0.5302,9988.0,9988.0,3696.0,162005.36,162005.36
300891.SZ,20210430,18.35,15.9242,15.9242,0.85,82.3517,67.2665,6.1951,7.6879,6.8988,,,40000.0,10000.0,10000.0,734000.0,183500.0
601616.SH,20210430,3.08,0.3907,0.5062,0.8,38.0704,35.9415,1.2037,2.7753,2.7815,1.6234,1.6234,93557.5,93557.5,72210.075,288157.1,288157.1
003039.SZ,20210430,45.0,65.0177,65.0177,1.62,103.7095,100.278,13.2289,22.5154,21.7551,,,61751.873,6200.0,6200.0,2778834.285,279000.0
002553.SZ,20210430,10.04,3.1516,4.035,0.76,8.8809,8.7945,3.3812,7.498,6.9388,0.996,0.996,34800.0,23429.4201,18299.8268,349392.0,235231.3778
002665.SZ,20210430,2.14,4.9401,6.0998,0.62,,,0.9485,12.3325,6.9972,0.0,,253872.0737,233222.0777,188883.4291,543286.2377,499095.2463
603286.SH,20210430,14.08,0.6522,1.3406,0.94,84.0348,63.0797,2.6157,2.5083,2.2561,0.4332,0.4332,8807.6,8807.6,4284.732,124011.008,124011.008
600764.SH,20210430,27.13,0.6356,1.3411,1.17,25.7756,22.8943,2.7976,4.1287,3.6883,1.0063,1.0063,71062.9386,49606.1663,23511.9116,1927937.5242,1345815.2917
300632.SZ,20210430,14.98,6.697,10.5472,0.88,33.9823,30.1107,2.3529,4.773,4.415,0.994,,30722.6243,13092.7518,8313.2291,460224.912,196129.422
002093.SZ,20210430,5.91,0.4959,1.0996,0.87,73.6313,75.3231,1.7462,13.6635,12.8331,0.1692,0.1692,100750.0,100253.35,45209.5894,595432.5,592497.2985
002619.SZ,20210430,1.3,0.1926,0.2691,0.06,,,1.113,13.1853,22.4088,0.0,,184489.6231,143136.6046,102455.6563,239836.51,186077.586
300198.SZ,20210430,3.84,0.7962,1.0525,1.09,82.1463,89.0747,2.7324,4.4271,4.2682,0.0,,103154.854,86937.6309,65769.5139,396114.6394,333840.5027
300183.SZ,20210430,12.78,1.9812,2.67,0.54,31.9072,33.6691,1.9542,6.7523,6.5637,1.5852,1.5852,46260.9137,28398.9137,21072.2487,591214.4771,362938.1171
003019.SZ,20210430,26.12,2.9105,2.9105,0.68,30.0706,31.4584,2.701,2.8009,2.8479,,,12800.0,3200.0,3200.0,334336.0,83584.0
601928.SH,20210430,7.42,0.9802,3.6043,1.71,11.8352,9.3072,1.2277,1.5561,1.4858,4.0431,4.0431,254490.0,254490.0,69211.9742,1888315.8,1888315.8
002269.SZ,20210430,2.96,10.6892,20.8469,1.29,,,5.6888,1.9473,2.0124,0.0,,251250.0,251250.0,128828.3641,743700.0,743700.0
603887.SH,20210430,12.64,1.4095,1.9459,1.16,12.09,12.0243,1.2468,1.2069,1.192,0.2825,0.2825,37558.1465,28663.5708,20763.1636,474734.9718,362307.5349
300591.SZ,20210430,6.22,3.0368,4.0407,0.56,,,4.1616,5.9689,5.0712,0.4869,0.4869,32972.441,20591.891,15476.1535,205088.583,128081.562
300057.SZ,20210430,4.62,0.8383,0.9977,1.25,40.4176,34.465,0.8773,0.6149,0.5761,1.081,,67456.5338,49835.053,41874.1993,311649.1862,230237.9449
002769.SZ,20210430,5.99,0.989,1.3458,0.73,33.0344,31.0659,1.5205,0.687,0.6663,0.3005,0.3005,37331.8054,26176.5297,19235.6026,223617.5143,156797.4129
600609.SH,20210430,4.43,0.6913,0.8996,0.87,,,9.6071,1.0644,1.0211,0.0,,131120.0558,109266.7132,83975.639,580861.8472,484051.5395
600075.SH,20210430,7.32,1.8708,3.2281,0.55,11.7227,7.8194,1.4207,1.1557,0.9746,0.0,,141972.7737,97252.2352,56361.5222,1039240.7035,711886.3617
002377.SZ,20210430,3.6,0.7466,1.6508,1.15,,,1.5192,0.75,0.7018,4.1667,4.1667,91632.5201,91598.0857,41426.9836,329877.0724,329753.1085
300262.SZ,20210430,3.26,1.2072,1.5968,0.67,,,1.1807,5.0891,7.0578,0.3988,0.3988,66976.6999,45848.0299,34662.9132,218344.0417,149464.5775
002911.SZ,20210430,9.52,0.4281,3.884,0.81,19.1806,18.4333,2.9213,1.1974,1.0625,3.0895,6.7968,94520.0,94459.1145,10411.1145,899830.4,899250.77
300349.SZ,20210430,10.75,0.5607,0.8238,1.13,41.4245,49.7982,1.3028,2.3846,2.2193,4.6389,4.6389,42905.4325,38035.8327,25889.4039,461233.3994,408885.2015
300482.SZ,20210430,101.43,1.1144,1.5311,0.65,54.7913,50.2308,11.9521,12.3618,11.7557,0.2459,0.2459,34257.127,24662.1353,17950.7602,3474700.3916,2501480.3835
600363.SH,20210430,22.7,1.3163,1.6692,1.41,38.2756,33.2579,3.5085,2.7019,2.5247,0.193,0.193,45547.675,44347.675,34971.4658,1033932.2225,1006692.2225
600743.SH,20210430,2.05,0.4695,1.1929,1.66,11.6154,10.7495,0.5675,0.6221,0.5397,5.8537,5.8537,234610.0874,234610.0874,92329.6035,480950.6792,480950.6792
002684.SZ,20210430,1.98,0.6249,1.1045,0.28,,,,1.0275,0.9939,0.0,,56737.4389,44237.9312,25030.7196,112340.129,87591.1038
688339.SH,20210430,269.3,2.2304,2.2304,0.88,,,8.4053,33.1747,33.606,,,7050.0,1614.6418,1614.6418,1898565.0,434823.0367
002561.SZ,20210430,7.25,0.3699,0.6034,0.93,39.9799,29.6522,1.3366,5.1179,4.7585,4.9655,4.9655,41576.3,41228.4522,25277.9821,301428.175,298906.2785
002590.SZ,20210430,6.76,1.7416,4.406,0.45,50.5449,38.845,1.6772,1.2856,1.1705,1.4793,1.4793,47964.6926,45555.3639,18007.0978,324241.322,307954.26
000513.SZ,20210430,47.0,1.4204,2.3567,1.02,25.7375,24.0505,3.5258,4.1954,3.8835,2.4296,2.4296,93909.5504,59957.2244,36136.462,4413748.8688,2817989.5468
603136.SH,20210430,26.97,1.677,3.261,1.71,60.3737,43.1888,3.2362,8.8541,7.6862,2.4621,2.4621,12286.2809,12286.2809,6318.0809,331360.9959,331360.9959
300496.SZ,20210430,134.35,1.3063,1.4533,0.74,128.1966,116.8016,13.0966,21.6335,19.1011,0.092,0.1638,42315.0107,31837.9717,28617.6175,5685021.6875,4277431.4979
600085.SH,20210430,30.58,3.1995,6.7285,4.33,40.6611,37.7535,4.1295,3.2699,3.1061,0.8502,0.8502,137147.0262,137147.0262,65216.1722,4193956.0612,4193956.0612
002953.SZ,20210430,20.02,1.6084,1.6084,0.95,33.1852,27.0239,3.256,2.137,1.7013,0.5932,0.5932,17387.9128,5269.9447,5269.9447,348106.0143,105504.2929
002138.SZ,20210430,34.15,1.6011,1.839,1.01,46.7909,40.1981,5.6467,7.9203,7.007,0.5794,0.5794,80631.8354,70835.591,61669.966,2753577.1789,2419035.4327
002840.SZ,20210430,10.48,0.623,1.4315,1.07,34.7232,24.5614,2.6645,0.5309,0.5022,0.2738,0.2738,44761.7068,43565.5468,18959.5311,469102.6873,456566.9305
300370.SZ,20210430,1.67,2.1861,2.5633,0.48,,,4.2722,2.5251,2.443,0.0,,95714.6344,94199.1154,80336.8225,159843.4394,157312.5227
600088.SH,20210430,11.12,2.229,5.17,0.78,,,4.0765,5.682,5.377,0.6295,0.6295,39770.64,39770.64,17146.9217,442249.5168,442249.5168
300380.SZ,20210430,16.71,1.3263,2.4982,0.77,38.4864,38.3605,4.86,3.565,3.4096,0.5833,0.5833,14100.975,12429.9707,6599.1907,235627.2923,207704.8104
002409.SZ,20210430,59.11,1.1681,1.4421,0.76,66.2159,65.3476,5.6735,12.0365,10.0505,0.11,0.11,46285.3503,24376.3857,19745.208,2735927.0562,1440888.1587
600558.SH,20210430,2.98,0.8788,1.319,1.09,25.2564,19.1812,1.2505,0.8882,0.794,1.0067,1.0067,89760.4831,89760.4831,59805.0432,267486.2396,267486.2396
002208.SZ,20210430,7.79,2.9676,5.6696,1.25,8.1522,7.0631,1.0901,1.1676,0.8787,0.4092,0.4092,80329.1894,62225.718,32570.0124,625764.3854,484738.3432
002254.SZ,20210430,16.87,2.4957,2.5094,2.2,44.2917,29.9844,3.1708,4.7296,3.9716,0.0,,68439.4502,39395.8194,39180.8613,1154573.5249,664607.4733
601068.SH,20210430,3.15,1.8499,5.0476,0.73,,,1.4835,0.4048,0.3869,0.1143,0.1143,295906.6667,29590.6667,10844.875,932106.0001,93210.6001
300120.SZ,20210430,8.11,2.3926,2.9887,0.88,47.3349,46.777,1.5102,1.2092,1.1365,1.2338,1.2338,46447.8294,37984.7814,30408.5813,376691.8964,308056.5772
603880.SH,20210430,10.23,1.0778,2.9967,1.3,23.4898,23.5631,3.2381,2.1481,2.0685,0.3668,0.3668,22518.0,21970.0,7901.7171,230359.14,224753.1
603595.SH,20210430,16.41,1.4809,2.8094,2.08,73.0476,87.2645,3.1647,3.7648,3.3903,0.0,0.1369,21292.5243,16131.9108,8503.5243,349410.3238,264724.6562
300218.SZ,20210430,9.94,0.6534,1.3537,0.53,42.7478,25.0776,1.9647,1.3946,1.2705,1.2072,1.2072,21698.7,21627.6394,10439.6794,215685.078,214978.7356
000560.SZ,20210430,3.87,1.514,2.3668,1.06,29.2183,14.0818,0.872,0.952,0.8117,1.782,1.782,235550.0851,225785.2976,144425.1085,911578.8293,873789.1017
688619.SH,20210430,25.98,4.7439,4.7439,0.81,30.7023,28.5638,3.3616,7.8814,7.6465,,,18728.8015,4288.0099,4288.0099,486574.263,111402.4972
300182.SZ,20210430,3.47,2.063,2.2357,0.57,,,1.4035,2.8064,2.636,0.0,,257496.0807,196613.9701,181433.8473,893511.4,682250.4762
603956.SH,20210430,16.85,2.6606,3.831,1.26,42.0162,34.3582,6.1984,7.1614,6.7078,0.8902,0.8902,42596.01,8786.01,6101.7739,717742.7685,148044.2685
300338.SZ,20210430,4.71,1.979,2.4284,0.83,,,3.8443,1.8902,1.7299,0.0,,34118.4492,30163.3064,24581.2604,160697.8957,142069.1731
002222.SZ,20210430,15.07,3.3263,4.4728,0.59,44.8376,41.0861,5.7748,11.7895,10.9097,0.6636,0.6636,42750.0,42292.4999,31451.7495,644242.5,637347.9735
002240.SZ,20210430,26.64,5.8953,7.7559,0.74,734.9566,106.0063,6.0006,11.1545,9.5858,0.0,,74970.9058,69637.7917,52931.886,1997224.9305,1855150.7709
603055.SH,20210430,6.2,0.9813,5.1099,4.22,43.082,25.7788,1.6964,2.0625,1.861,1.1889,1.1889,83204.4654,77424.1186,14868.6998,515867.6855,480029.5353
600285.SH,20210430,9.78,2.5045,3.3644,1.42,17.061,16.0713,2.2922,2.3817,2.2854,3.0675,3.0675,56780.8992,56780.8992,42267.3579,555317.1942,555317.1942
002062.SZ,20210430,4.04,0.2427,0.4791,0.69,10.7591,10.4999,1.2101,0.3936,0.3873,1.2376,1.2376,110250.0,96550.0802,48911.3887,445410.0,390062.324
300063.SZ,20210430,4.41,1.6215,2.0539,0.81,27.0035,26.927,2.6053,0.3099,0.3038,0.0,,75020.195,60452.575,47723.8384,330839.06,266595.8558
002864.SZ,20210430,23.68,1.8213,2.2099,0.67,25.9413,23.5861,2.8172,3.0618,2.6863,0.6334,0.6334,8667.0,5529.9863,4557.6763,205234.56,130950.0756
300055.SZ,20210430,7.24,1.2844,1.7733,1.41,,,1.2117,9.9267,7.4921,0.2072,0.2072,86518.4815,86309.914,62515.877,626393.8061,624883.7774
603983.SH,20210430,50.27,5.8504,9.0094,1.65,43.4959,45.3226,6.563,11.5757,11.356,0.7742,0.7742,40181.96,7700.0,5000.0806,2019947.1292,387079.0
300494.SZ,20210430,12.33,1.7419,2.2292,0.84,48.9359,40.2302,3.7275,3.3031,3.0445,0.1784,0.1784,24000.0,16164.4299,12630.4299,295920.0,199307.4207
300010.SZ,20210430,7.26,3.7751,4.1786,1.01,,,8.7877,4.5478,4.2214,0.0,,86832.4647,72746.3402,65720.7522,630403.6937,528138.4299
688286.SH,20210430,93.68,2.6199,2.6199,0.92,119.6985,125.4101,4.6338,15.0989,13.8408,,,5320.0,1266.1737,1266.1737,498377.6,118615.1522
603179.SH,20210430,29.7,0.6387,1.4115,1.32,42.5376,34.1454,3.0945,2.9783,2.6512,0.8255,0.8255,36907.8078,31926.7563,14447.3031,1096161.8917,948224.6621
002414.SZ,20210430,34.87,1.0036,1.8399,2.06,58.3983,54.094,8.2675,17.5328,16.5151,0.3204,0.3204,167611.3073,159185.2878,86833.0229,5844606.2856,5550790.9856
002021.SZ,20210430,1.79,0.8376,1.4116,0.43,,,1.9262,2.3427,1.9025,0.0,,68781.504,68746.3865,40790.3979,123118.8922,123056.0318
002755.SZ,20210430,14.32,1.7678,1.9293,0.68,18.4185,16.7531,4.147,3.5137,3.3187,1.5363,1.5363,92816.0351,16549.756,15164.5397,1329125.6226,236992.5059
300278.SZ,20210430,2.19,1.4331,1.6207,0.29,,,,0.788,0.755,0.0,,57571.6412,43653.9513,38600.6191,126081.8942,95602.1533
688069.SH,20210430,66.94,4.8777,4.8777,0.83,20.6504,18.1881,2.74,8.1014,7.1272,0.5976,0.5976,5947.0,1427.4762,1427.4762,398092.18,95555.2568
603315.SH,20210430,12.98,0.8889,1.8241,2.36,40.1656,42.5152,2.8823,4.4967,4.3137,1.2712,1.2712,30702.6264,21995.0901,10718.8581,398520.0907,285496.2695
688299.SH,20210430,27.18,0.6793,0.8187,0.84,43.3966,41.5257,4.2583,7.3492,6.6807,0.5887,0.5887,28256.8577,22263.285,18472.5299,768021.3923,605116.0863
300975.SZ,20210430,19.98,20.7514,20.7514,0.45,56.091,49.6413,7.2423,2.6905,2.3489,,,42000.0,4258.6414,4258.6414,839160.0,85087.6552
300941.SZ,20210430,56.13,18.8969,18.8969,0.89,52.3466,51.5944,6.7678,12.481,12.1852,,,13650.0,3236.5656,3236.5656,766174.5,181668.4271
600426.SH,20210430,39.01,1.3529,1.9977,1.65,35.2852,21.5484,3.7227,4.8384,4.1859,0.8972,0.8972,162665.975,162243.969,109879.5203,6345599.6848,6329137.2307
002942.SZ,20210430,23.99,1.1043,1.1043,0.45,16.4275,18.3241,2.6092,2.4117,2.513,1.4589,1.4589,12000.0,3911.25,3911.25,287880.0,93830.8875
002040.SZ,20210430,6.1,0.3337,1.0329,0.77,22.9163,21.5592,1.0469,3.9117,3.8231,0.7049,0.7049,48396.68,48396.68,15636.2129,295219.748,295219.748
688185.SH,20210430,522.34,8.9284,,1.09,,,21.3249,5192.8819,265.0697,,,24744.9899,2402.2921,2402.2921,12925298.0244,1254813.2555
300006.SZ,20210430,7.0,1.6012,2.3941,0.77,,,3.2235,4.6677,4.3601,0.5495,0.5495,105591.1205,81215.2773,54319.2444,739137.8435,568506.9411
300694.SZ,20210430,9.06,1.758,1.9801,0.83,42.5786,89.944,1.5712,1.8075,1.6941,0.883,0.883,21531.6977,12995.5944,11537.7251,195077.1812,117740.0853
002822.SZ,20210430,5.69,1.6901,2.4325,1.12,15.8876,15.2716,1.217,0.7355,0.6786,0.6728,0.6728,72144.5836,63666.4523,44235.4257,410502.6807,362262.1136
688165.SH,20210430,10.54,2.8196,2.8312,1.43,,,2.6744,4.8515,4.5683,,,52178.0,12414.7626,12364.0626,549956.12,130851.5978
600791.SH,20210430,3.45,0.7759,1.4189,0.51,,,1.0131,4.9949,5.9569,0.3478,0.3478,45288.0,45231.3696,24733.0051,156243.6,156048.2251
000544.SZ,20210430,6.47,0.2366,0.7564,0.79,12.7118,12.0727,0.9842,2.9335,2.1422,3.864,3.864,97468.4488,97468.4488,30482.9341,630620.8637,630620.8637
000681.SZ,20210430,13.31,1.4033,2.1412,1.25,65.8829,60.6124,2.8994,16.3461,15.578,0.2404,0.2404,70057.7436,59374.2723,38912.6454,932468.5673,790271.5643
603603.SH,20210430,5.17,2.4916,3.4419,0.88,,,4.0188,1.1247,0.96,0.0,,41778.4056,25626.5738,18551.2461,215994.357,132489.3865
600210.SH,20210430,4.76,0.7305,0.9933,2.05,12.7733,11.1651,1.328,0.8577,0.8187,4.2017,4.2017,151673.6158,151673.6158,111552.7982,721966.4112,721966.4112
600137.SH,20210430,12.8,0.9805,2.6163,0.85,70.0802,66.0177,2.402,3.591,3.4123,0.7813,0.7813,9721.7588,9721.7588,3643.3345,124438.5126,124438.5126
300250.SZ,20210430,9.29,1.042,1.1918,0.73,,,3.043,5.0121,4.514,0.0,,21998.9902,15933.8077,13930.6908,204370.619,148025.0735
600909.SH,20210430,6.09,0.4056,0.7329,1.09,17.3926,19.5618,1.5897,6.57,7.0029,1.642,1.642,362104.7894,362104.7894,200424.5167,2205218.1674,2205218.1674
603017.SH,20210430,9.86,0.3876,0.6935,1.3,12.5077,12.5766,1.3683,1.4871,1.4561,4.344,4.344,27680.7728,27479.8234,15359.2512,272932.4198,270951.0587
300194.SZ,20210430,4.37,2.6386,2.8551,0.76,24.8319,25.674,1.249,2.1952,2.1258,1.1442,1.1442,118971.2382,94095.961,86958.4755,519904.3109,411199.3496
600338.SH,20210430,12.55,11.1287,22.1174,2.39,375.1382,92.2716,4.9872,10.1299,10.6473,0.0,2.3904,91421.0168,91421.0168,45999.8756,1147333.7608,1147333.7608
300255.SZ,20210430,7.64,6.0911,9.7892,1.18,28.2514,26.2013,2.4496,3.0219,2.6694,0.1702,0.1702,93496.6878,68169.505,42416.796,714314.6948,520815.0182
002116.SZ,20210430,6.07,0.2265,0.5338,0.84,39.7028,37.1402,1.7702,0.4974,0.4819,1.1054,1.1054,41762.8938,41628.0398,17662.1103,253500.7654,252682.2016
000959.SZ,20210430,5.04,0.418,3.0287,0.72,14.9226,10.1312,0.889,0.3334,0.2895,0.0,,528938.96,505710.3246,69795.3229,2665852.3584,2548780.036
000027.SZ,20210430,8.47,1.8372,7.0832,1.01,10.1141,9.4917,1.4786,1.97,1.7848,0.4919,0.4919,475738.9916,475738.9916,123393.2166,4029509.2589,4029509.2589
688191.SH,20210430,16.46,8.2995,8.2995,0.75,27.3293,27.9314,3.2605,5.0159,4.8478,,,15304.6047,3479.0224,3479.0224,251913.7934,57264.7087
603976.SH,20210430,48.77,3.5505,12.4276,0.61,139.0002,136.8731,7.1249,14.6898,14.3731,0.6643,0.7382,15120.0,15120.0,4319.6758,737402.4,737402.4
688063.SH,20210430,156.32,7.0298,7.0298,0.64,88.1844,82.7539,8.6665,21.6105,20.0405,,,15484.4533,3594.8712,3594.8712,2420529.7399,561950.266
002217.SZ,20210430,3.28,0.6828,1.1495,1.14,,,1.1397,0.5959,0.5781,1.0671,1.0671,311641.622,311311.4339,184903.3649,1022184.5202,1021101.5032
000532.SZ,20210430,10.99,0.8253,1.6294,0.43,23.2469,23.0138,3.7673,7.3555,7.181,0.273,0.273,34470.834,34354.9746,17401.3421,378834.4657,377561.1709
002326.SZ,20210430,9.47,1.985,2.2529,0.91,69.1736,62.0838,2.4273,2.4059,2.1872,0.0,,87656.6295,67008.0538,59038.0438,830108.2814,634566.2695
002740.SZ,20210430,4.14,2.4023,2.9566,0.8,,,2.0371,1.2414,1.2267,0.0,,45406.1077,24167.9001,19636.9914,187981.2859,100055.1064
002808.SZ,20210430,7.96,3.9747,5.485,1.97,84.1809,83.0487,3.6622,4.3956,4.2418,0.2513,0.2513,26880.0,17137.2446,12418.6398,213964.8,136412.467
603903.SH,20210430,10.38,0.8665,1.4946,1.31,15.2576,14.9547,1.9802,1.2923,1.2826,0.53,0.53,20230.3752,20230.3752,11728.5621,209991.2946,209991.2946
300086.SZ,20210430,7.18,14.0359,24.1286,0.82,345.9592,,2.1941,3.5057,3.4466,0.0,,45000.0,43566.2736,25342.9685,323100.0,312805.8444
600298.SH,20210430,58.72,1.1606,2.01,1.23,35.2822,32.0411,7.6422,5.417,5.0729,0.6812,0.6812,82408.0943,82408.0943,47581.2863,4839003.2973,4839003.2973
600509.SH,20210430,5.51,2.9219,4.9645,0.93,130.7286,62.4734,1.0472,1.2959,1.2244,0.0,,115141.5017,115141.5017,67768.9277,634429.6744,634429.6744
002224.SZ,20210430,5.12,0.5198,0.5872,0.94,22.063,23.7712,1.6223,4.1484,4.0716,0.389,0.389,72957.0056,54258.0476,48032.8491,373539.8687,277801.2037
002613.SZ,20210430,3.22,1.1619,1.807,1.6,221.3658,299.0027,1.9907,2.8326,2.507,0.0,,93717.0,55768.0914,35857.9213,301768.74,179573.2543
300711.SZ,20210430,12.0,1.2599,3.6825,1.07,80.839,75.8667,4.2134,8.0814,7.5712,0.1944,0.1944,20764.2172,20601.7762,7048.647,249170.6064,247221.3144
003007.SZ,20210430,26.59,5.0755,5.0755,1.26,32.0267,50.2029,2.418,4.7957,4.8578,,,8000.0,2000.0,2000.0,212720.0,53180.0
603337.SH,20210430,32.07,0.5306,1.7955,0.43,45.5813,35.3545,4.6664,4.0606,3.3299,0.4352,0.4352,44586.852,44448.822,13136.2547,1429900.3436,1425473.7215
300243.SZ,20210430,12.8,1.7564,2.0471,0.79,34.84,28.1894,3.8245,2.2842,1.9888,0.7813,0.7813,23232.2851,18775.5451,16109.3252,297373.2493,240326.9773
688106.SH,20210430,24.9,2.5746,2.5746,1.08,61.1157,55.8697,4.5516,9.6996,8.9722,,1.004,48433.34,10754.9649,10754.9649,1205990.166,267798.626
000426.SZ,20210430,6.85,0.7713,1.3495,1.12,,2883.8961,2.3939,13.385,8.4265,0.0,,183719.2219,147527.4205,84312.2283,1258476.67,1010562.8304
002085.SZ,20210430,5.52,1.2787,2.1168,2.49,21.3346,19.1653,2.2766,1.1283,1.0538,3.4932,3.4932,218687.9678,208935.4118,126213.0811,1207157.5823,1153323.4731
600600.SH,20210430,91.01,1.3947,3.3379,1.08,56.3998,46.22,5.7216,4.4725,4.0848,0.5931,0.5931,136418.2795,69591.3617,29078.1562,12415427.6173,6333509.8283
000568.SZ,20210430,255.58,0.927,1.8925,1.09,62.3341,57.9028,14.8379,22.4803,20.6783,0.6221,0.6221,146475.2476,146430.6555,71724.7024,37436143.7816,37424746.9327
605388.SH,20210430,24.79,27.0113,27.0113,1.51,49.8502,47.2552,5.3469,12.5129,11.6874,,,43000.0,7000.0,7000.0,1065970.0,173530.0
605255.SH,20210430,15.76,4.3816,4.3816,0.75,33.7223,29.5643,2.2113,6.9591,6.4644,,,13408.0,3352.0,3352.0,211310.08,52827.52
603618.SH,20210430,6.12,1.2164,2.8148,0.46,35.8489,32.5002,1.5682,0.7275,0.6848,1.634,1.634,69104.1204,69104.1204,29861.8945,422917.2168,422917.2168
600790.SH,20210430,3.17,0.4124,0.6625,0.94,11.6942,11.5775,0.8018,5.6689,5.6901,5.6782,5.6782,146579.0928,146579.0928,91242.828,464655.7242,464655.7242
603817.SH,20210430,5.87,2.0606,5.502,1.16,20.3129,20.4833,1.4904,3.6047,3.3955,0.9881,0.9881,45000.5684,45000.5684,16853.5196,264153.3365,264153.3365
002620.SZ,20210430,5.71,1.2683,1.811,1.01,14.6083,12.7782,0.8537,0.5739,0.534,1.0517,1.0517,37829.2,30983.8031,21699.1475,216004.732,176917.5157
603228.SH,20210430,28.03,0.2986,0.9914,0.8,25.9678,25.0745,3.8357,3.3858,3.1074,0.7631,0.7631,85323.0044,84063.1699,25316.9469,2391603.8133,2356290.6523
300968.SZ,20210430,17.51,18.0401,18.0401,0.78,41.853,37.6656,3.9459,4.1167,3.8091,,,41338.0,8735.5101,8735.5101,723828.38,152958.7819
300634.SZ,20210430,13.46,1.5047,4.7427,2.4,39.4157,38.3697,3.637,7.2845,7.2437,0.4458,0.4458,40001.0,39182.375,12431.5609,538413.46,527394.7675
300295.SZ,20210430,10.74,2.2486,2.4114,0.79,39.8793,20.6856,1.5677,5.9409,5.5935,0.0,,19228.775,16174.2149,15082.3903,206517.0435,173711.068
000835.SZ,20210430,2.17,5.4116,6.9643,2.96,,,,126.6228,102.0816,0.0,,32676.0374,30289.5,23536.0626,70907.0012,65728.215
300126.SZ,20210430,6.17,2.8329,4.1604,0.79,162.587,107.4308,1.8175,4.3697,3.7164,0.1621,0.1621,30395.76,21066.2529,14344.4497,187541.8392,129978.7804
600827.SH,20210430,22.98,2.2305,5.4562,1.21,51.4428,39.3053,2.3175,1.1645,1.1398,0.4352,0.4352,178416.8117,160444.992,65589.7364,4100018.3329,3687025.9162
300718.SZ,20210430,19.74,1.1978,2.1971,0.73,26.9159,24.471,2.9381,5.9694,5.2415,1.1137,1.1137,19814.8,10815.75,5896.66,391144.152,213502.905
600330.SH,20210430,8.09,1.0255,1.3568,1.17,21.1495,20.8359,1.7426,2.5547,2.3067,0.6095,0.6095,99656.573,99656.573,75320.1618,806221.6756,806221.6756
300378.SZ,20210430,17.94,2.4235,3.3569,1.09,39.3744,30.462,3.1557,3.1948,3.0823,0.5503,0.5503,26642.3353,26602.1353,19205.2222,477963.4953,477242.3073
000708.SZ,20210430,25.88,0.2751,0.4249,0.75,21.6815,19.6125,5.6199,1.7479,1.635,2.2729,2.7048,504714.3433,125915.6149,81505.0733,13062007.2046,3258696.1136
603501.SH,20210430,302.51,0.5505,0.8448,0.88,97.0466,79.5373,21.1082,13.2475,11.8194,0.023,0.023,86813.2309,78500.15,51156.65,26261870.4796,23747080.3765
603399.SH,20210430,4.01,1.9292,4.2858,1.2,,,1.0644,0.8939,0.7977,0.0,,51052.3649,50805.0649,22869.2532,204719.9832,203728.3102
603288.SH,20210430,169.5,0.2095,0.8025,1.16,85.7828,81.4487,24.9415,24.0987,22.8229,0.531,0.531,324044.3208,324044.3208,84597.6602,54925512.3756,54925512.3756
300158.SZ,20210430,5.27,1.1083,1.8711,0.51,20.6654,18.1351,0.943,1.117,1.0421,0.9488,0.9488,102749.466,101173.5806,59929.0962,541489.6858,533184.7698
688017.SH,20210430,133.3,2.1923,3.5395,0.73,195.6252,155.4463,9.3725,74.1369,61.4853,,,12041.67,2890.0032,1790.0032,1605154.611,385237.4266
002626.SZ,20210430,41.8,3.9756,8.9694,2.99,26.8648,24.7197,6.8538,7.3533,7.1476,1.4202,1.4202,61648.1927,61639.1927,27320.9602,2576894.4549,2576518.2549
600816.SH,20210430,2.08,0.2637,0.5337,0.87,,,68.6688,,,0.0,,546913.7919,526429.052,260120.8577,1137580.6872,1094972.4282
002909.SZ,20210430,9.88,0.8134,1.8953,1.84,23.5631,23.0561,3.1142,2.092,1.8422,1.9027,1.9027,26651.8148,21637.5657,9285.8811,263319.9302,213779.1491
002043.SZ,20210430,10.32,2.6171,4.3178,1.1,19.854,14.9762,4.4297,1.2366,1.0866,2.3391,2.3391,77475.6002,72419.5532,43895.6338,799548.1941,747369.789
000833.SZ,20210430,4.43,1.024,1.2808,0.6,47.1908,31.2999,1.033,0.9282,1.0206,0.3386,0.3386,66840.1851,37808.5022,30228.5022,296102.02,167491.6647
600833.SH,20210430,9.09,1.1944,2.1695,1.98,29.586,33.8231,2.7409,1.2779,1.4329,0.8251,0.8251,22308.6347,22308.6347,12281.1613,202785.4894,202785.4894
603680.SH,20210430,13.03,0.3418,0.9648,0.68,24.358,24.0053,2.2419,2.6569,2.5454,1.2282,1.2282,79067.4521,25295.3782,8962.4561,1030248.9009,329598.7779
002188.SZ,20210430,3.1,1.0558,1.4061,1.35,,,,68.7747,60.041,0.0,,29253.8575,24088.3257,18087.0255,90686.9583,74673.8097
000778.SZ,20210430,4.04,1.018,1.6761,0.98,8.896,8.5487,0.7167,0.3753,0.3357,3.7103,3.7103,399088.0176,388489.5803,235960.2064,1612315.5911,1569497.9044
300593.SZ,20210430,44.1,3.9063,4.2125,1.0,59.2331,42.8308,8.5078,8.6653,7.122,0.1134,0.1134,16556.94,12392.9446,11491.8636,730161.054,546528.8569
603530.SH,20210430,17.2,2.5609,2.5609,0.81,52.6457,57.8299,6.11,10.3786,10.1373,1.2791,1.2791,40004.449,4004.449,4004.449,688076.5228,68876.5228
688357.SH,20210430,93.0,2.6891,3.2474,0.72,42.2174,36.9552,5.3246,11.9084,10.7257,0.5376,0.5376,5782.0,2626.7,2175.12,537726.0,244283.1
002107.SZ,20210430,7.65,0.7305,1.5063,1.61,24.685,23.7927,6.2353,4.389,4.2438,0.9804,4.3791,57720.96,56332.2825,27317.6462,441565.344,430941.9611
603833.SH,20210430,166.8,0.6363,2.5975,1.78,48.7093,41.7259,8.2911,6.8162,6.049,0.4558,0.4558,60233.3016,60233.3016,14755.47,10046914.7069,10046914.7069
600545.SH,20210430,3.07,0.3021,0.6376,0.89,,,1.5071,1.1999,1.1806,0.0,,189541.2995,189541.2995,89815.2545,581891.7895,581891.7895
002676.SZ,20210430,3.2,1.1701,1.6212,1.51,83.9676,45.5371,2.1032,1.333,1.1842,0.0,,72000.0,71996.4834,51964.3164,230400.0,230388.7469
000524.SZ,20210430,8.14,0.4488,1.7218,1.0,,,2.3793,2.9056,3.6502,1.4619,1.4619,67020.8597,67013.9867,17467.0661,545549.798,545493.8517
000566.SZ,20210430,6.0,1.4173,1.9187,0.8,,,2.1973,3.5378,3.4705,0.0,,129736.5126,116539.0241,86086.0465,778419.0756,699234.1446
002320.SZ,20210430,6.57,0.784,2.9078,1.44,58.7163,50.4044,3.8057,13.6513,12.8301,1.353,1.4206,222893.3187,222893.3187,60093.3123,1464409.1039,1464409.1039
300600.SZ,20210430,12.0,2.1346,3.7533,0.91,52.2395,55.0472,3.0403,6.2467,6.489,0.5103,0.5103,29684.772,22772.2905,12950.973,356217.264,273267.486
002774.SZ,20210430,6.02,0.5293,1.5635,1.18,65.387,47.9341,1.8749,2.1745,1.9665,0.752,0.752,33929.09,27986.1601,9475.3508,204253.1218,168476.6838
000972.SZ,20210430,1.73,0.4361,0.6775,0.55,,,8.5498,58.0997,66.0299,0.0,,77128.3579,77128.3579,49641.076,133432.0592,133432.0592
000856.SZ,20210430,6.3,2.0973,2.9961,1.52,319.1657,259.7546,4.1695,0.5392,0.4992,0.0,,22700.0,22700.0,15890.0001,143010.0,143010.0
603896.SH,20210430,37.05,0.5867,1.0807,0.65,36.4989,34.5792,4.0125,8.7058,8.1746,0.8942,0.8942,14945.556,14818.4879,8045.6379,553732.8498,549024.9767
002430.SZ,20210430,34.33,1.2427,3.2425,0.88,39.2739,32.7497,4.9722,3.3046,3.1354,0.5243,0.5243,96460.3777,96375.2923,36936.1337,3311484.7664,3308563.7847
002971.SZ,20210430,20.18,3.6319,6.2914,0.87,37.0722,33.2836,2.9184,3.9178,3.4694,0.0,,16000.0,10702.1478,6178.1552,322880.0,215969.3426
688221.SH,20210430,14.5,1.9285,1.9285,0.7,,,2.4826,111.8879,101.4216,,,35976.0,8703.3171,8703.3171,521652.0,126198.098
603931.SH,20210430,38.8,6.8395,6.8395,0.92,39.1736,37.9843,3.4736,6.7698,6.3889,,,10181.55,2545.39,2545.39,395044.14,98761.132
688567.SH,20210430,27.73,2.3886,2.3886,1.31,,,2.9973,26.5169,21.7723,,,107066.9685,15431.1144,15431.1144,2968967.0365,427904.8023
600301.SH,20210430,6.27,0.2362,0.3473,0.56,162.4836,210.795,4.4329,2.0241,1.7976,0.0,,23514.814,23514.814,15990.0082,147437.8838,147437.8838
600170.SH,20210430,2.9,0.2725,0.5808,1.5,7.7063,7.6682,0.9216,0.1116,0.1016,4.8176,4.8176,890439.7728,890439.7728,417802.4135,2582275.3411,2582275.3411
603589.SH,20210430,62.24,2.5123,4.2219,1.26,29.2724,25.7081,4.8761,9.3101,8.474,2.41,2.41,60000.0,60000.0,35703.1806,3734400.0,3734400.0
002442.SZ,20210430,5.43,4.7885,6.1644,0.64,33.6503,16.6797,1.8688,1.1353,0.9855,0.0,,48000.0,47878.2825,37191.921,260640.0,259979.074
688169.SH,20210430,1410.0,1.5863,2.3729,1.71,68.6425,60.2967,12.6082,20.7485,18.6829,0.1418,0.1418,6666.6667,4487.6542,3000.0957,9400000.047,6327592.422
600149.SH,20210430,5.75,4.4206,6.8327,0.67,202.2234,235.434,13.0224,11.0972,11.4003,0.0,,38016.0,38016.0,24595.425,218592.0,218592.0
300478.SZ,20210430,8.21,5.1151,9.0209,1.93,,,17.6472,2.5291,2.5688,0.0,,12667.3,11960.072,6781.7058,103998.533,98192.1911
002209.SZ,20210430,6.33,1.5913,2.162,0.93,69.3708,38.1057,1.9512,1.3295,1.2025,0.0,,19524.405,15452.4582,11373.072,123589.4837,97814.0604
601019.SH,20210430,6.15,0.1791,0.8284,0.54,9.157,8.969,1.0987,1.3164,1.2764,5.2033,5.2033,208690.0,208690.0,45124.128,1283443.5,1283443.5
300237.SZ,20210430,2.32,2.9476,4.0435,1.48,65.077,67.9215,1.072,1.0995,1.0491,0.0,,145307.251,143984.8251,104961.4572,337112.8223,334044.7942
002212.SZ,20210430,18.12,0.5606,0.6852,1.61,53.2998,46.1523,2.3907,3.7387,4.0808,0.0,,117693.2446,112067.8601,91694.6042,2132601.5922,2030669.625
002347.SZ,20210430,4.06,0.6277,0.7369,0.83,68.6575,53.4256,1.5898,2.2352,2.0956,2.4631,2.4631,44701.9662,31677.4985,26982.2259,181489.9828,128610.6439
300692.SZ,20210430,17.55,5.9853,8.6952,1.24,24.8141,22.2191,2.1211,4.1194,3.8075,0.2524,0.2524,22302.6547,15679.3297,10792.9237,391411.59,275172.2362
300768.SZ,20210430,34.95,0.4814,0.774,0.95,50.5876,49.3574,7.0914,15.6859,14.7634,0.3577,0.3577,40001.0,13859.7012,8620.9307,1398034.95,484396.5569
600865.SH,20210430,7.88,1.9721,3.5345,1.55,9.7926,7.5759,1.3242,12.1489,11.523,1.5228,1.5228,37624.0316,37624.0316,20992.9256,296477.369,296477.369
601898.SH,20210430,7.0,0.2977,1.7616,0.61,15.7195,10.5889,0.8847,0.6584,0.5878,1.8143,1.8143,1325866.34,915200.04,154679.2792,9281064.38,6406400.28
688010.SH,20210430,26.75,1.1892,2.1189,1.11,80.5233,85.757,2.3,6.9923,6.818,0.7477,0.7477,15358.1943,9499.5901,5331.6469,410831.6975,254114.0352
600781.SH,20210430,3.06,1.6327,2.6035,0.79,,,0.4843,0.6639,0.6747,0.0,,62715.7512,37426.3222,23470.5565,191910.1987,114524.5459
600502.SH,20210430,4.03,0.5416,0.8002,0.79,8.5025,6.6663,0.9012,0.1217,0.1076,3.7221,3.7221,172116.0272,172116.0272,116489.5154,693627.5896,693627.5896
601010.SH,20210430,3.1,0.4798,1.0096,1.55,21.3549,17.3522,1.1554,2.4383,2.1855,2.9032,2.9032,184800.0,184800.0,87827.5433,572880.0,572880.0
688019.SH,20210430,186.92,5.5669,6.9694,1.27,64.4657,74.9298,9.3449,23.5026,22.2919,0.2033,0.2033,5310.838,2988.4197,2387.0446,992701.839,558595.4103
300125.SZ,20210430,14.86,0.7429,0.9544,0.96,,,5.2543,13.9743,7.4327,0.0,,26549.9995,26376.6254,20531.2994,394532.9926,391956.6534
002524.SZ,20210430,13.65,4.6893,6.3571,0.83,165.474,101.6552,20.2535,7.6526,6.907,0.0,,51636.822,49234.576,36317.7052,704842.6203,672051.9624
603099.SH,20210430,8.31,0.2994,0.7383,0.56,,,2.2654,15.0141,15.3846,0.5174,0.5174,26667.0,26667.0,10813.694,221602.77,221602.77
600333.SH,20210430,4.57,1.5424,3.7391,0.81,169.411,57.5597,1.3222,1.7814,1.5968,0.0,,60903.0684,60903.0684,25121.9808,278327.0226,278327.0226
600916.SH,20210430,16.48,9.601,9.601,0.9,55.3555,34.7027,4.4393,0.8194,0.6819,,,168000.0,18000.0,18000.0,2768640.0,296640.0
003016.SZ,20210430,9.44,13.5537,13.5537,1.25,22.5957,17.2614,1.3362,2.1973,2.0474,,,42666.67,10666.67,10666.67,402773.3648,100693.3648
300213.SZ,20210430,5.48,1.1656,1.2689,0.56,27.8782,23.8653,1.5432,3.398,3.3723,0.9105,0.9105,59619.3648,54590.6452,50146.8926,326714.1191,299156.7357
002491.SZ,20210430,3.74,0.9617,1.6502,1.72,107.2926,66.4533,1.664,1.304,1.3202,0.0,,125046.309,117072.0847,68224.6383,467673.1957,437849.5968
600213.SH,20210430,6.29,1.6974,3.4641,0.45,,,73.8625,0.7363,0.7311,0.0,,22000.0,22000.0,10780.0,138380.0,138380.0
002766.SZ,20210430,4.27,0.5167,0.6892,0.88,,,,1.7545,1.6802,0.0,,42175.4014,25964.2844,19467.4134,180088.964,110867.4944
002115.SZ,20210430,5.3,1.1579,1.3702,1.29,216.2162,46.6049,1.5092,0.4349,0.3988,0.9463,0.9463,71696.2919,57707.7441,48765.2735,379990.3471,305851.0437
002408.SZ,20210430,9.63,2.153,4.4696,1.27,18.7351,12.6536,1.7646,0.7405,0.6372,0.7651,0.7651,189824.3965,184835.5781,89037.7928,1828008.9383,1779966.6171
603208.SH,20210430,110.0,0.9313,2.4423,0.81,27.1417,27.4227,6.8728,3.8375,3.6283,0.6993,0.6993,10506.0879,10506.0879,4006.0879,1155669.669,1155669.669
688122.SH,20210430,53.14,1.1413,1.6124,0.66,63.2446,50.3541,7.9806,11.0985,10.1806,0.5645,0.5645,44127.2,31038.8,21969.872,2344919.408,1649401.832
002935.SZ,20210430,20.05,2.0604,2.0702,1.03,41.1087,39.4573,3.1195,4.551,4.4108,0.7673,0.7673,20800.65,10917.1465,10865.637,417053.0325,218888.7873
600496.SH,20210430,4.51,1.4563,1.9863,0.7,14.0069,13.8892,1.3043,0.7905,0.7635,0.4587,0.4587,201287.4349,201287.4349,147580.4745,907806.3314,907806.3314
300966.SZ,20210430,65.04,60.0605,60.0605,1.38,140.6985,105.945,10.084,16.0165,13.0845,,,11527.7,2750.3009,2750.3009,749761.608,178879.5705
300504.SZ,20210430,14.97,1.3164,2.1455,1.06,36.3327,33.203,2.0877,2.1,2.0054,1.336,1.336,26740.8,26740.8,16407.6705,400309.776,400309.776
002223.SZ,20210430,31.8,6.3695,9.3053,1.22,18.1226,17.3657,4.2266,4.7399,4.5565,1.2579,1.2579,100247.6929,84099.3852,57566.2942,3187876.6342,2674360.4494
002036.SZ,20210430,11.1,4.4156,5.6176,1.96,70.7611,65.9345,3.2015,1.5443,1.316,0.0613,0.0613,104789.8007,92524.955,72726.0677,1163166.7878,1027027.0005
002401.SZ,20210430,11.05,0.6292,1.2632,0.61,17.7727,22.5112,2.9025,2.2539,2.0672,0.4514,0.4514,31014.23,30216.7026,15051.3359,342707.2415,333894.5637
600644.SH,20210430,5.15,0.5485,1.4937,0.67,27.042,28.0008,1.7019,1.2102,1.1577,0.0,,53840.0659,53840.0659,19770.2085,277276.3394,277276.3394
600160.SH,20210430,8.74,0.91,2.2112,2.4,247.3996,247.5718,1.8876,1.4698,1.446,1.373,1.373,269974.6081,269974.6081,111105.0973,2359578.0748,2359578.0748
002843.SZ,20210430,7.43,0.3923,1.0563,0.81,37.5483,35.1996,3.1534,3.87,3.5592,4.0377,4.0377,21000.0,20999.6625,7799.6625,156030.0,156027.4924
603803.SH,20210430,8.09,0.599,1.269,1.09,24.6572,19.0166,1.2711,1.7449,1.6015,1.8541,1.8541,42105.5557,42105.5557,19873.8852,340633.9456,340633.9456
600617.SH,20210430,3.9,0.272,0.7961,0.98,,,1.3109,0.5191,0.5114,0.0,,137799.4126,97491.4344,33313.4694,537417.7091,380216.5942
603725.SH,20210430,7.71,0.5848,0.9748,0.89,41.353,29.5625,1.8987,1.8215,1.5881,1.297,1.297,20535.2,20535.2,12318.9617,158326.392,158326.392
300689.SZ,20210430,33.88,2.3193,6.4813,0.74,97.644,97.3721,3.7399,6.6007,6.2904,0.0,,6800.0,5721.8742,2047.5775,230384.0,193857.0979
002046.SZ,20210430,7.9,2.1699,3.5191,1.51,66.5191,29.0515,1.4686,1.7589,1.5394,0.2025,0.2025,52434.9078,41482.0418,25577.5327,414235.7716,327708.1302
000598.SZ,20210430,5.2,0.5706,1.2565,0.82,11.9596,11.6372,1.2352,2.8914,2.7855,1.7205,1.7205,298621.8602,298621.8602,135604.7382,1552833.673,1552833.673
002706.SZ,20210430,25.46,0.421,0.498,0.36,69.1056,65.8545,14.5947,8.6015,7.8915,0.7408,0.9033,101912.3653,78282.2895,66183.0574,2594688.8205,1993067.0907
000488.SZ,20210430,10.73,3.5057,7.0081,1.24,18.7033,11.911,1.6261,1.0418,0.9186,1.3343,1.3343,298420.82,165924.136,83001.6867,3202055.3986,1780365.9793
603608.SH,20210430,5.94,0.5896,1.3212,0.82,,,1.5654,1.3565,1.2914,3.2945,3.2945,42890.7027,42533.361,18979.6352,254770.774,252648.1643
002064.SZ,20210430,12.81,1.4295,1.9461,0.67,26.043,16.2769,4.4931,4.0312,3.3172,0.3903,0.3903,463351.9221,195437.1821,143560.0015,5935538.1221,2503550.3027
002045.SZ,20210430,9.14,1.3551,1.9123,1.09,22.9346,18.1827,2.1243,1.0063,0.9101,0.8621,0.8621,46838.3913,46716.5688,33103.5414,428102.8965,426989.4388
603223.SH,20210430,23.01,0.3475,0.7281,0.54,52.942,34.0185,5.3349,1.1604,1.0459,0.013,0.013,28224.0,28224.0,13470.3109,649434.24,649434.24
600267.SH,20210430,14.57,0.8786,1.5178,0.96,40.8204,27.7214,2.5924,1.4999,1.4283,0.2835,0.2835,116884.3462,96553.1842,55894.9045,1703004.9241,1406779.8938
001914.SZ,20210430,21.1,0.9645,1.6173,1.26,51.416,45.438,2.6593,2.591,2.4603,0.4739,0.4739,106034.606,66686.3166,39769.5057,2237330.1866,1407081.2803
000025.SZ,20210430,14.33,0.59,1.9717,1.27,107.122,83.3093,4.6367,14.5542,12.7907,0.2931,0.2931,43105.832,39277.832,11753.1327,617706.5726,562851.3326
300017.SZ,20210430,5.55,1.4446,1.6411,1.2,61.8825,78.0123,1.5609,2.3941,2.6389,0.5346,0.5346,245301.2204,226681.9518,199543.6958,1361421.7732,1258084.8325
300867.SZ,20210430,27.88,3.9343,3.9343,0.88,24.9462,20.358,2.6586,7.329,6.9908,,,27174.1053,6261.6857,6261.6857,757614.0558,174575.7973
300803.SZ,20210430,29.0,3.7601,3.7601,1.13,131.6547,74.5615,9.6476,16.9579,13.5196,0.3448,0.3448,40499.9999,22010.6474,22010.6474,1174499.9971,638308.7746
002077.SZ,20210430,6.01,1.0097,2.2619,0.57,35.6374,34.9315,1.1699,4.0541,4.4694,0.0,,58034.8513,54434.575,24298.9382,348789.4563,327151.7958
300256.SZ,20210430,4.93,1.77,2.2999,0.63,39.6365,41.4017,2.3653,0.5691,0.5097,0.0,,95793.6396,95779.8584,73710.7638,472262.6432,472194.7019
002187.SZ,20210430,8.01,1.3159,3.0172,1.28,40.4973,17.2325,1.0214,1.1642,0.9658,2.1223,2.1223,34242.2568,34242.2568,14934.613,274280.477,274280.477
002895.SZ,20210430,9.9,0.6313,1.7672,1.38,33.9057,31.9152,1.6222,2.7207,2.6535,2.529,2.529,48842.3,48382.0,17285.2,483538.77,478981.8
603129.SH,20210430,146.9,0.282,0.5992,0.81,54.0976,49.0207,12.3273,4.3619,3.613,0.2652,0.2652,13437.82,13406.62,6309.3452,1974015.758,1969432.478
300469.SZ,20210430,10.06,1.8114,2.6253,0.74,,,9.7736,3.6078,3.301,0.0,,20513.5376,17290.546,11930.1346,206366.1883,173942.8928
300532.SZ,20210430,7.4,1.7373,2.0539,0.9,33.424,48.8674,2.5922,2.1747,2.1833,0.8106,0.8106,27323.2424,16359.6146,13837.905,202191.9938,121061.148
002154.SZ,20210430,4.14,2.9808,3.7055,0.91,13.7543,10.4514,1.4785,1.3309,1.2191,0.0,,121761.1874,110996.0802,89288.2235,504091.3158,459523.772
600556.SH,20210430,11.13,2.836,2.836,0.71,68.0922,62.3809,5.9442,6.5744,5.9609,0.1286,0.1286,180774.7642,47608.0983,47608.0983,2012023.1255,529878.1341
603995.SH,20210430,29.6,1.7428,2.0558,0.7,16.6424,14.6103,2.1132,0.3374,0.2931,2.341,2.341,23301.74,10332.4211,8758.8403,689731.504,305839.6646
300475.SZ,20210430,15.6,0.847,2.0791,0.59,101.7779,63.2845,4.7331,24.7449,22.6228,0.2015,0.2015,42000.0,30822.8845,12556.6637,655200.0,480836.9982
300253.SZ,20210430,15.15,1.2485,1.3393,0.56,66.0641,65.7192,7.1001,14.314,13.9047,0.1265,0.1265,214151.3291,179561.7073,167382.5742,3244392.6359,2720359.8656
000985.SZ,20210430,11.61,0.4545,1.2452,1.01,124.0848,43.7643,2.6023,0.8537,0.8531,1.3781,1.3781,12963.95,12963.95,4731.89,150511.4595,150511.4595
002137.SZ,20210430,5.34,1.8273,2.1862,0.3,109.7053,156.2091,2.106,3.9352,3.9574,0.0,,57750.4854,37944.6411,31714.8428,308387.592,202624.3835
603183.SH,20210430,7.41,1.3375,1.839,0.67,17.3647,16.4248,1.7037,2.8124,2.6976,1.1053,1.1053,29828.0075,28022.4057,20380.8241,221025.5356,207646.0262
000498.SZ,20210430,5.13,2.4686,2.8581,0.85,5.9668,5.6906,0.9041,0.2319,0.216,1.1219,1.1219,155701.6203,41011.3183,35422.5183,798749.3121,210388.0629
603115.SH,20210430,15.22,2.4009,2.4009,1.38,25.1713,24.1612,2.5016,2.5976,2.3726,4.9277,4.9277,20800.0,5200.0,5200.0,316576.0,79144.0
000555.SZ,20210430,13.71,1.1263,2.3548,1.07,28.1395,27.5803,2.4089,1.2526,1.2622,0.2827,0.2827,97631.0327,96596.8524,46204.4197,1338521.4583,1324342.8464
603986.SH,20210430,193.23,1.2558,1.5936,0.64,104.0847,90.3947,8.2968,20.3847,17.3109,0.1331,0.1331,47439.6481,43934.0243,34620.1817,9166763.2024,8489371.5155
600587.SH,20210430,16.63,5.8612,8.2536,1.61,28.867,19.4706,1.4916,0.7386,0.6801,0.6013,0.6013,40642.8091,40346.6668,28651.9026,675889.9153,670965.0689
688058.SH,20210430,74.98,1.2169,1.7248,1.05,49.1228,46.0848,3.0508,16.4556,14.5315,0.6668,0.6668,4000.0,2184.2,1541.0,299920.0,163771.316
000737.SZ,20210430,6.15,0.8709,1.2768,0.95,36.934,327.2355,6.6596,2.9987,2.8797,0.0,,54876.0,54876.0,37430.431,337487.4,337487.4
605208.SH,20210430,24.25,12.0144,12.0144,0.66,26.3188,19.7239,2.4318,1.6909,1.513,,,18800.0,4700.0,4700.0,455900.0,113975.0
300345.SZ,20210430,3.59,3.3505,4.79,1.52,306.7355,133.2844,3.1439,10.6188,9.5271,0.0,,44129.5483,44129.5483,30867.3456,158425.0784,158425.0784
300342.SZ,20210430,10.28,6.5077,11.3545,1.76,34.7915,34.0706,2.9073,4.9407,4.708,1.4366,1.4366,43177.8272,41898.8819,24013.969,443868.0636,430720.5059
300828.SZ,20210430,20.61,1.939,3.1574,0.83,34.569,33.1336,3.0436,6.1682,5.5486,1.213,1.213,11028.0,5557.4625,3412.9625,227287.08,114539.3021
603316.SH,20210430,7.49,6.4857,12.5471,0.7,36.7594,31.6543,1.6763,1.3269,1.2315,0.4272,0.4272,20328.0,20328.0,10507.6598,152256.72,152256.72
600468.SH,20210430,3.92,0.4288,0.9781,0.98,39.99,37.1292,2.3915,1.9995,1.9105,0.0,,112189.5038,112189.5038,49185.5726,439782.8549,439782.8549
300217.SZ,20210430,2.86,1.1731,1.366,0.66,60.272,41.7829,1.7617,1.5194,1.4381,0.3497,0.3497,127349.3706,87915.8247,75501.6055,364219.1999,251439.2586
600864.SH,20210430,5.15,0.6336,1.5215,0.68,56.8424,,0.811,8.1581,8.292,0.699,0.699,208057.052,208057.052,86636.6286,1071493.8178,1071493.8178
688056.SH,20210430,40.3,5.1369,5.1369,1.64,41.4056,33.7236,3.575,7.7454,7.0432,,,6700.0,1615.0,1615.0,270010.0,65084.5
002557.SZ,20210430,53.95,0.4824,0.8266,0.55,33.9736,32.0357,6.4019,5.1713,4.9541,1.2931,1.2931,50700.0,50700.0,29588.3257,2735265.0,2735265.0
300053.SZ,20210430,7.86,1.6015,2.0083,1.02,51.0497,51.7096,1.8102,6.3449,6.2708,0.0,,70215.8212,63232.0454,50424.5327,551896.3546,497003.8768
603628.SH,20210430,7.92,0.6907,2.0416,1.17,31.6915,29.1728,2.2362,2.4082,2.348,0.0,,27380.0,27380.0,9262.8955,216849.6,216849.6
600459.SH,20210430,25.43,1.6401,2.7174,0.52,34.131,30.8225,3.0921,0.3848,0.342,1.0617,1.0617,43770.8011,43770.8011,26418.3562,1113091.472,1113091.472
600962.SH,20210430,7.44,1.9802,3.6672,1.94,,,2.7776,1.7,1.6316,0.0,,26221.0,25402.0,13716.4531,195084.24,188990.88
601985.SH,20210430,5.22,0.1979,0.6488,0.68,15.1983,13.5083,1.4733,1.743,1.6449,2.084,2.084,1745601.78,1556547.0537,474711.6967,9112041.2916,8125175.6203
600642.SH,20210430,5.67,0.2673,0.6971,1.61,11.6408,9.8461,0.8775,1.4131,1.3678,3.8801,3.8801,491203.8316,455203.8316,174516.8455,2785125.7252,2581005.7252
600295.SH,20210430,18.78,3.991,11.1993,0.84,17.5488,12.7483,1.8683,1.1588,1.0505,2.1299,2.1299,142794.7069,65254.054,23254.054,2681684.5956,1225471.1341
600444.SH,20210430,8.86,0.3065,0.554,0.59,28.4736,27.1166,2.0947,1.8513,1.8406,1.693,1.693,14642.1932,14642.1932,8101.736,129729.8318,129729.8318
605100.SH,20210430,41.69,1.6921,1.6921,0.82,18.9678,17.7964,2.015,2.2707,2.0669,0.0,,8670.0,2170.0,2170.0,361452.3,90467.3
600606.SH,20210430,5.67,0.2947,1.203,0.99,4.6002,4.519,0.7498,0.1514,0.1356,7.0547,7.0547,1216815.4385,1216815.4385,298061.343,6899343.5363,6899343.5363
300320.SZ,20210430,5.23,1.1711,1.4142,0.7,16.0794,14.335,1.6534,1.3893,1.3222,1.0707,1.0707,60123.4191,48815.194,40423.5874,314445.4819,255303.4646
003036.SZ,20210430,15.8,23.6113,23.6113,0.88,56.9841,46.5134,3.1175,5.1107,4.2242,,,21600.0,5400.0,5400.0,341280.0,85320.0
300313.SZ,20210430,8.6,10.4536,20.2526,5.49,639.0439,390.6815,17.6493,16.4816,19.9624,0.0,,31297.7396,18416.4946,9505.8948,269160.5606,158381.8536
605118.SH,20210430,14.26,2.8473,2.8473,0.55,38.3996,38.3794,5.0001,13.865,13.7443,,,40550.0,4100.0,4100.0,578243.0,58466.0
300890.SZ,20210430,39.52,5.0882,5.0882,0.7,86.9469,63.8001,3.7861,9.4991,7.6568,,,10000.0,2500.0,2500.0,395200.0,98800.0
002436.SZ,20210430,9.14,1.0541,1.0899,1.02,26.0751,23.2958,4.238,3.3707,3.2039,0.8753,0.8753,148790.9644,127225.5727,123046.0853,1359949.4146,1162841.7345
002173.SZ,20210430,7.66,5.4667,10.5776,1.07,,,1.6628,4.7976,4.7397,0.0,,45360.963,37123.4868,19186.1453,347464.9766,284365.9089
300936.SZ,20210430,42.87,11.7161,11.7161,0.64,55.7969,54.8575,3.6632,15.3195,13.8927,,,7520.0,1880.0,1880.0,322382.4,80595.6
002268.SZ,20210430,17.01,0.4944,0.7904,0.74,89.1868,65.1182,3.0469,6.0391,5.5209,0.1106,0.1106,84629.4603,83672.5736,52339.2767,1439547.1197,1423270.4769
603838.SH,20210430,5.89,1.0004,2.396,1.27,,,1.7749,6.4413,5.8473,0.7074,0.7074,32001.6,28481.6,11891.5,188489.424,167756.624
002519.SZ,20210430,3.86,0.6406,0.9002,0.83,25.5459,24.2411,1.511,2.9043,2.6553,0.0,,112643.0898,101101.0107,71943.1309,434802.3266,390249.9013
000900.SZ,20210430,4.23,0.3056,0.535,1.12,12.2319,7.2744,0.6038,0.4576,0.4079,3.7825,3.7825,151782.8334,151737.4185,86677.8591,642041.3853,641849.2803
600958.SH,20210430,8.81,0.5094,0.6959,1.12,22.6274,19.9642,1.0938,2.6634,2.5149,1.7026,1.7026,699365.5803,573657.5803,419905.3381,6161410.7624,5053923.2824
600770.SH,20210430,5.06,0.4992,0.8936,1.08,39.0415,38.976,1.7794,17.4372,16.0522,0.0,,130000.0,130000.0,72615.9262,657800.0,657800.0
600097.SH,20210430,8.95,0.8102,1.861,0.63,15.2714,12.8097,1.1495,1.0952,1.0892,0.8939,0.8939,24093.6559,24093.6559,10489.1162,215638.2203,215638.2203
688089.SH,20210430,42.49,2.0766,3.3531,2.02,39.0457,36.6865,3.7981,15.7633,14.7123,1.1767,1.1767,12000.0,6540.0,4050.3157,509880.0,277884.6
603813.SH,20210430,12.83,0.263,0.6897,0.48,,,2.3081,2.4756,2.4814,1.827,1.827,8878.2,8878.2,3385.2,113907.306,113907.306
300174.SZ,20210430,15.35,0.1991,0.3157,0.79,37.7558,36.31,2.7818,4.1875,3.908,0.2573,,30990.3168,30748.2058,19389.3322,475701.3629,471984.959
600707.SH,20210430,10.95,4.1301,7.6736,0.95,,44.412,1.8901,3.7608,3.0994,0.0,,358838.9732,247491.0089,133204.8518,3929286.7565,2710026.5475
600153.SH,20210430,8.11,1.0731,2.3132,2.74,5.1563,6.091,0.6252,0.0536,0.0491,6.1042,6.1042,286355.253,283520.053,131529.7834,2322341.1018,2299347.6298
603839.SH,20210430,9.5,2.2917,8.7922,0.82,19.2433,19.1068,1.362,1.0575,0.9883,7.2445,7.2445,40010.222,40010.222,10428.9002,380097.109,380097.109
002698.SZ,20210430,13.45,0.798,1.4786,1.27,33.9277,31.2235,5.0615,7.524,7.2858,1.3383,1.3383,102255.0,78977.6853,42623.4895,1375329.75,1062249.8673
300671.SZ,20210430,55.61,3.3368,5.2258,0.56,87.2643,56.4205,7.9846,10.484,8.7527,0.0,,15765.5765,15765.5765,10066.8221,876723.7092,876723.7092
000678.SZ,20210430,4.82,0.41,0.7598,0.72,,,2.0294,1.8592,1.6264,0.0,,45961.1797,45961.1797,24805.2667,221532.8862,221532.8862
600854.SH,20210430,3.5,0.4669,0.6887,0.93,45.6369,36.3089,0.8747,7.118,5.2096,1.1429,1.1429,51945.8538,51945.8538,35218.3425,181810.4883,181810.4883
688308.SH,20210430,58.86,4.2134,4.2134,0.9,54.7797,42.9758,4.3474,8.3821,7.3357,,,10000.0,2274.8156,2274.8156,588600.0,133895.6462
000626.SZ,20210430,17.49,0.8877,2.4623,0.84,,81.2155,3.2842,0.1508,0.1327,0.0,,50894.0464,46394.64,16726.29,890136.8715,811442.2536
603042.SH,20210430,11.82,1.3992,2.0851,1.63,50.598,41.3026,1.9769,1.3839,1.3506,0.4484,0.4484,13600.0,13600.0,9126.1299,160752.0,160752.0
688377.SH,20210430,14.83,1.7779,1.7779,2.46,35.9711,44.0984,1.8868,4.077,4.4543,,,19466.7,4623.365,4623.365,288691.161,68564.503
002017.SZ,20210430,10.76,2.3617,4.2439,1.22,135.4796,128.1878,3.3826,4.5208,4.2689,0.2788,0.2788,44648.6084,44509.9702,24769.8818,480419.0264,478927.2794
300351.SZ,20210430,8.12,0.8622,1.2677,1.42,29.6748,29.0417,1.5481,2.9564,2.8996,0.0,,38364.1857,24912.0292,16943.4507,311517.1879,202285.6771
300139.SZ,20210430,7.65,4.1363,4.3987,0.73,,,2.1856,11.3454,12.0576,0.0,,27400.0,22694.3125,21340.4425,209610.0,173611.4906
600171.SH,20210430,17.25,3.2434,4.3518,0.93,23.0036,19.322,3.5365,9.1173,7.7588,0.6377,0.6377,70412.1614,69960.9514,52140.9514,1214609.7842,1206826.4117
601579.SH,20210430,11.25,4.0166,9.9209,0.77,19.3636,16.51,1.6205,5.0489,4.5571,0.0,,49736.0,49736.0,20136.0,559530.0,559530.0
600476.SH,20210430,9.48,1.1259,1.856,0.32,345.5548,105.3037,9.8823,4.4699,3.9744,0.0,,16107.0,16107.0,9771.228,152694.36,152694.36
300492.SZ,20210430,73.7,0.6235,1.6783,0.79,733.9296,451.6416,35.9621,82.861,82.2092,0.1828,0.1828,14104.737,10961.9324,4072.6634,1039519.1169,807894.4179
600352.SH,20210430,13.59,2.6826,3.4669,2.85,10.5866,10.8652,1.5364,2.8332,2.8378,1.8331,1.8331,325333.186,325333.186,251735.633,4421277.9977,4421277.9977
600706.SH,20210430,7.04,1.4376,3.1008,0.63,,,1.578,1.4083,1.2913,0.2415,0.2415,21541.161,21349.041,9897.9289,151649.7734,150297.2486
300260.SZ,20210430,15.2,3.9322,6.7937,1.23,41.7074,33.1325,3.0107,2.6029,2.3294,0.5864,0.5864,22655.9307,15181.3603,8786.9349,344370.1466,230756.6766
300101.SZ,20210430,15.61,1.6251,2.3487,0.63,107.9273,76.5401,8.2767,15.0735,12.7977,0.0,,55734.0,55367.1796,38310.5496,870007.74,864281.6736
000669.SZ,20210430,2.13,2.5717,4.399,1.58,87.7341,15.7402,1.13,0.6291,0.6739,0.0,,68040.8797,68040.8122,39777.5748,144927.0738,144926.93
605389.SH,20210430,60.45,10.4636,10.4636,1.02,24.9465,22.1738,3.4967,6.7858,5.8796,,,9733.34,2433.34,2433.34,588380.403,147095.403
600477.SH,20210430,3.65,0.6641,1.159,1.58,10.8589,13.1708,2.0532,0.9659,0.8629,2.7397,5.6164,215373.7411,215359.2409,123397.3745,786114.155,786061.2293
000928.SZ,20210430,10.45,11.5703,25.4855,1.3,21.8141,18.3455,2.3223,0.8857,0.844,1.244,2.622,125666.2942,125663.1742,57050.751,1313212.7744,1313180.1704
002969.SZ,20210430,5.07,0.8404,1.9565,1.05,140.9678,47.1649,2.266,2.4437,1.983,0.3717,0.3717,96033.3535,44417.6962,19078.8787,486889.1022,225197.7197
002662.SZ,20210430,3.4,1.0648,2.5297,0.78,45.3208,26.9776,1.572,1.3585,1.3135,0.0,,150000.0,149998.11,63137.1058,510000.0,509993.574
600482.SH,20210430,16.83,0.5238,0.5238,1.56,66.9868,50.2196,1.0152,1.3461,1.2323,0.0,,216068.1619,63384.3249,63384.3249,3636427.1648,1066758.1881
603713.SH,20210430,118.75,0.942,1.2165,1.45,67.704,62.4035,6.7487,5.6997,4.6127,0.1505,0.1505,16448.4436,6858.9844,5311.2113,1953252.6775,814504.3975
300798.SZ,20210430,8.61,0.9095,2.9532,0.93,157.1198,99.7554,2.917,4.7729,4.4765,0.5807,0.5807,41774.8945,20995.1808,6465.7745,359681.8416,180768.5067
002888.SZ,20210430,13.99,2.5496,3.8627,2.47,56.9384,58.9764,4.0068,6.5676,6.3009,1.4296,1.4296,12467.64,6265.9938,4135.9384,174422.2836,87661.2533
000791.SZ,20210430,4.06,1.1328,3.0245,1.05,12.4856,11.8575,0.8458,2.4371,2.3968,2.4631,5.665,135957.668,135954.868,50921.6953,551988.1321,551976.7641
002625.SZ,20210430,18.81,1.5897,1.929,1.4,248.3786,244.1746,5.1305,63.6719,62.2737,0.0,,215458.7862,148829.4977,122646.0726,4052779.7684,2799482.8517
600373.SH,20210430,11.05,1.2685,2.8671,1.46,8.2927,8.2151,0.964,1.4482,1.4394,4.5249,4.5249,135506.3719,135506.3719,59952.2687,1497345.4095,1497345.4095
300507.SZ,20210430,10.33,1.8144,2.7524,0.69,30.3407,29.435,2.8242,3.889,3.6885,0.6956,0.6956,30626.9712,18957.8657,12496.6601,316376.6125,195834.7527
605338.SH,20210430,36.16,8.7084,8.7084,1.14,51.1076,50.9747,5.4419,9.1968,8.0148,,,24800.0,6200.0,6200.0,896768.0,224192.0
603489.SH,20210430,213.95,1.4776,3.2561,3.48,63.9864,53.4832,10.5081,18.4236,15.3688,0.4662,0.4662,12031.4955,7140.0,3239.9929,2574138.4622,1527603.0
002158.SZ,20210430,26.4,1.9609,5.133,2.19,38.8877,34.5682,5.9596,6.2146,5.5834,0.9472,0.9472,53488.1805,53073.0912,20275.3422,1412087.9652,1401129.6077
688356.SH,20210430,149.02,13.2781,13.2781,3.14,104.357,80.7337,9.9741,47.9106,38.9558,,,6000.0,1425.0,1425.0,894120.0,212353.5
300350.SZ,20210430,6.9,12.0915,15.2934,0.96,64.4073,22.4749,6.2328,5.4004,5.6626,0.0,,47672.4433,32603.5431,25777.392,328939.8588,224964.4474
000639.SZ,20210430,4.96,0.8341,1.7491,1.26,17.1142,16.6577,1.427,0.9263,0.8713,0.0,,107942.8095,107942.6772,51472.7026,535396.3351,535395.6789
300152.SZ,20210430,3.24,2.1621,3.0597,0.95,177.7686,87.3641,3.5209,4.4849,4.6657,0.0,,71280.0,71232.2575,50335.796,230947.2,230792.5143
600302.SH,20210430,4.32,5.6774,9.9204,2.67,10.5705,10.9588,1.2471,1.1903,0.9734,0.0,,34600.9804,34600.9804,19801.8356,149476.2353,149476.2353
300448.SZ,20210430,6.39,1.8422,2.0997,0.85,339.1216,69.7445,3.0977,8.6521,7.3561,0.6982,0.6982,69249.5699,45982.6041,40344.1938,442504.7517,293828.8402
000971.SZ,20210430,2.84,0.623,0.7997,0.53,29.4938,24.5605,2.4888,3.4054,3.3726,0.0,,104859.0126,80348.5516,62600.7115,297799.5958,228189.8865
002383.SZ,20210430,6.22,3.5809,5.2873,0.44,,,2.8635,2.7391,2.5492,0.0,,74433.4534,57728.7447,39097.0588,462976.0801,359072.792
603681.SH,20210430,22.89,5.5695,5.5695,0.92,21.728,17.496,2.4224,1.5796,1.3992,0.6553,0.6553,16659.1604,6165.7184,6165.7184,381328.1816,141133.2942
300426.SZ,20210430,5.86,1.0739,1.2808,1.27,,,118.1766,12.3296,24.6039,0.0,,41891.9,25936.4674,21747.2774,245486.534,151987.699
300787.SZ,20210430,32.41,2.1397,2.8132,0.88,36.3549,34.5198,3.3371,2.6354,2.3146,1.0285,1.0285,12732.0,4339.4667,3300.56,412644.12,140642.1157
002296.SZ,20210430,6.47,0.6924,0.7209,1.08,29.5704,25.0166,1.595,3.9536,3.6676,0.753,0.753,38965.642,33644.2873,32315.8548,252107.7037,217678.5388
300406.SZ,20210430,20.39,1.6001,2.1578,1.56,106.9644,56.7298,3.6287,14.1603,10.8283,0.6207,,58899.7245,32979.6891,24456.1126,1200965.3826,672455.8607
300625.SZ,20210430,14.69,1.0174,1.544,1.23,17.5261,17.2613,1.7098,1.7564,1.6441,2.0151,2.0151,28000.0,13839.5802,9119.4403,411320.0,203303.4331
688595.SH,20210430,59.92,3.4896,3.4896,0.4,67.0835,85.6951,7.0133,16.5162,14.6111,,,10000.0,2125.0,2125.0,599200.0,127330.0
600618.SH,20210430,8.17,1.7743,6.3043,1.47,15.5726,10.9333,1.7219,1.9326,1.7871,1.224,1.224,115639.9976,74983.9976,21103.4329,944778.7804,612619.2604
605169.SH,20210430,18.99,6.9403,6.9403,1.04,24.5613,21.1993,1.9052,3.8108,3.5457,,,16000.0,4000.0,4000.0,303840.0,75960.0
688366.SH,20210430,135.99,4.9438,6.1944,1.74,104.3979,68.2512,4.2837,18.0264,15.3829,0.5147,0.5147,17662.21,4705.6581,3755.6581,2401883.9379,639922.445
000800.SZ,20210430,11.06,1.6032,1.6032,1.55,19.2521,12.0269,1.9497,0.4525,0.3952,0.0,,465065.3869,76451.6311,76451.6311,5143623.1791,845555.04
002672.SZ,20210430,7.64,0.747,1.2588,1.09,22.1585,24.0447,1.4693,2.0264,1.9709,1.9634,1.9634,87926.7102,67821.2315,40246.3341,671760.0659,518154.2087
300628.SZ,20210430,70.01,0.3309,0.5543,0.85,49.4,49.0756,11.3253,22.9348,22.1833,0.854,0.854,90228.354,48053.6078,28687.193,6316887.0635,3364233.0821
603324.SH,20210430,32.75,17.1489,17.1489,0.54,33.3722,31.9792,3.2144,4.3278,4.1967,,,12392.0,3098.7004,3098.7004,405838.0,101482.4381
002975.SZ,20210430,80.95,4.226,4.226,2.04,32.9577,29.3486,7.8633,8.1737,7.4075,0.4447,0.4447,13893.34,3893.34,3893.34,1124665.873,315165.873
605378.SH,20210430,37.84,37.7545,37.7545,1.01,42.6631,39.9457,4.3772,4.592,4.1325,,,13334.0,3334.0,3334.0,504558.56,126158.56
603090.SH,20210430,12.03,0.5513,1.3552,0.84,183.8842,175.0345,2.4026,3.6998,3.373,0.8313,0.8313,10000.0,10000.0,4068.13,120300.0,120300.0
600217.SH,20210430,5.03,1.024,2.0498,1.25,17.0172,14.5837,3.0111,2.0973,1.8999,0.0,,138865.9782,138865.9782,69370.5945,698495.8703,698495.8703
002490.SZ,20210430,3.88,1.3361,3.315,0.91,96.2021,,1.8522,1.0286,1.0224,0.0,,79784.84,54161.55,21830.359,309565.1792,210146.814
300383.SZ,20210430,14.1,0.9568,1.394,0.56,23.8331,23.754,2.3005,2.9104,3.0986,0.1418,0.1418,154313.9921,151975.7848,104312.6331,2175827.2886,2142858.5657
605003.SH,20210430,30.3,5.0251,5.0251,0.48,18.9802,17.256,2.6021,5.3821,5.0008,,,8800.0,2200.0,2200.0,266640.0,66660.0
002550.SZ,20210430,4.25,0.6336,0.7185,0.58,,,2.5485,3.2617,2.8433,5.589,5.589,127980.0,92569.6134,81626.7984,543915.0,393420.857
600834.SH,20210430,9.49,0.556,1.3375,0.51,61.37,67.2526,2.9249,15.0328,14.9466,0.4531,0.4531,47738.1905,47738.1905,19843.8106,453035.4278,453035.4278
688676.SH,20210430,16.31,5.7985,5.7985,0.94,29.9807,28.3109,3.1245,2.8659,2.6312,,1.2262,42570.0,3438.0787,3438.0787,694316.7,56075.0636
300613.SZ,20210430,135.05,1.8246,3.9972,1.71,123.2271,117.4151,7.8711,17.7044,16.2451,0.0761,0.0761,8000.064,7541.199,3442.2895,1080408.6432,1018438.925
603996.SH,20210430,3.01,0.8903,2.264,0.76,,,,6.8583,9.4955,0.0,,30015.0,30015.0,11803.5003,90345.15,90345.15
600883.SH,20210430,8.36,0.6939,1.2896,1.51,83.6361,62.6076,2.8049,91.6524,95.479,0.1196,0.1196,23608.8,23608.8,12702.9695,197369.568,197369.568
600368.SH,20210430,3.69,1.2965,2.6091,1.49,7.3612,5.2686,0.8325,2.4108,2.2258,2.168,2.168,112563.2068,112563.2068,55934.6286,415358.2331,415358.2331
003023.SZ,20210430,32.53,6.305,6.305,0.52,23.4171,21.1223,2.0354,2.476,2.2679,,,8103.2,2030.0,2030.0,263597.096,66035.9
600100.SH,20210430,5.76,0.5464,0.76,1.81,166.5446,27.4825,1.0656,0.659,0.6182,0.6076,0.6076,296389.8951,296389.8951,213095.0071,1707205.7958,1707205.7958
600162.SH,20210430,1.85,0.1519,0.4381,0.75,22.305,18.1977,1.1827,1.2609,1.1317,3.6216,3.6216,339578.1424,339578.1424,117745.5544,628219.5634,628219.5634
002889.SZ,20210430,24.45,2.113,5.2052,1.88,17.1515,16.0889,1.8864,1.2539,2.2302,0.8957,0.8957,13810.1429,9022.1804,3662.4154,337657.9939,220592.3108
000012.SZ,20210430,8.96,2.1727,3.028,0.75,35.3041,22.1647,2.5506,2.5783,2.3035,0.7813,0.7813,307069.2107,195799.9069,140497.8748,2751340.1279,1754367.1658
300927.SZ,20210430,29.46,8.5088,8.5088,1.05,42.9539,37.009,4.2272,5.3979,4.6849,,,8020.0,1901.5038,1901.5038,236269.2,56018.3019
600257.SH,20210430,5.63,11.115,14.203,0.71,649.4861,939.6526,2.347,2.893,2.6456,0.0,,48123.7188,48123.7188,37660.5977,270936.5368,270936.5368
002061.SZ,20210430,5.46,0.4262,0.9945,0.87,7.5308,6.935,0.8747,0.2045,0.1927,2.1977,2.1977,137569.2864,137569.2864,58947.1888,751128.3037,751128.3037
603816.SH,20210430,80.25,0.5987,1.6759,1.57,60.0156,54.9213,7.2077,4.0061,3.5834,1.3642,1.3642,63228.9205,62284.5925,22249.9505,5074120.8701,4998338.5481
605136.SH,20210430,36.73,25.4551,25.4551,1.22,43.4542,43.1844,6.1786,3.2071,3.1379,,,40163.0,4001.0,4001.0,1475186.99,146956.73
300291.SZ,20210430,4.99,0.4845,0.8248,0.95,40.8353,41.0181,1.2652,16.1549,9.4632,0.0,,91899.6518,76247.0944,44787.0762,458579.2625,380473.0011
002232.SZ,20210430,10.37,1.4011,3.1641,0.89,33.4416,33.1058,3.2435,2.7301,2.664,0.1639,0.1639,40854.8455,40854.8455,18090.8732,423664.7478,423664.7478
600385.SH,20210430,4.88,0.1592,0.2582,0.33,,,73.9793,14.7199,14.4652,0.0,,14810.7148,14277.3814,8804.3606,72276.2882,69673.6212
000546.SZ,20210430,6.88,0.5875,0.9611,2.01,10.3626,10.2768,1.0779,0.567,0.5219,1.1628,1.1628,71464.4396,68846.1428,42082.5112,491675.3444,473661.4625
002169.SZ,20210430,9.03,8.9552,11.4575,2.02,29.6674,5.3579,1.74,3.3202,3.397,0.3247,0.3247,78779.1994,76348.2417,59673.6854,711376.1706,689424.6226
002977.SZ,20210430,86.91,2.2369,3.1342,1.6,75.4413,61.4991,6.6083,28.4237,23.0687,0.2301,0.2301,7150.0,4575.0,3265.25,621406.5,397613.25
688065.SH,20210430,79.6,1.1888,1.1888,0.88,72.4708,69.0024,3.1502,22.1534,21.01,,,41668.1976,4019.957,4019.957,3316788.529,319988.5772
002563.SZ,20210430,11.71,0.7184,1.9813,1.04,39.2077,27.6905,2.6575,2.0775,2.0022,3.8442,3.8442,269759.278,188097.8765,68203.4615,3158881.1454,2202626.1338
300044.SZ,20210430,3.9,0.1732,0.1805,0.1,,,1.8283,1.93,1.8696,0.0,,77671.1228,66844.4339,64155.4138,302917.3789,260693.2922
002264.SZ,20210430,4.07,1.0127,2.351,1.09,15.3149,17.1334,2.5474,0.5367,0.5034,0.0,,68456.388,67105.458,28905.8926,278617.4992,273119.2141
688687.SH,20210430,34.88,19.3112,19.3112,1.3,78.3906,73.909,3.7149,6.8715,6.497,,,16982.8422,3862.3697,3862.3697,592361.5359,134719.4551
300615.SZ,20210430,9.4,2.4597,3.4331,1.36,318.8488,370.5582,3.6656,7.8268,7.3079,0.5387,0.5387,18720.0,9530.2036,6828.0715,175968.0,89583.9138
603688.SH,20210430,18.16,0.7838,1.727,0.9,34.0751,32.1733,3.2488,9.929,8.9798,0.789,0.789,35296.5401,35296.5401,16018.9715,640985.1682,640985.1682
300489.SZ,20210430,18.45,1.4204,2.431,0.5,105.4798,72.8819,6.544,6.0459,4.6943,0.0,,13612.5,13533.75,7908.0,251150.625,249697.6875
600000.SH,20210430,10.05,0.5318,1.6377,4.34,5.0577,4.9444,0.5433,1.5021,1.5486,5.9701,5.9701,2935214.4412,2935214.4412,953169.0655,29498905.1341,29498905.1341
601901.SH,20210430,9.21,1.5296,3.0944,1.41,69.1456,47.2043,1.8795,10.053,9.9047,0.0,,823210.1395,823210.1395,406927.3217,7581765.3848,7581765.3848
002026.SZ,20210430,13.07,2.8749,4.7653,0.68,21.744,17.4077,2.072,2.5549,2.2729,0.6076,0.6076,42322.6219,42311.9119,25526.6243,553156.6682,553016.6885
002412.SZ,20210430,5.97,1.3786,2.4164,1.56,28.3015,26.1376,1.8354,4.0528,3.7445,1.2563,1.2563,50320.0,49363.75,28163.1311,300410.4,294701.5875
601777.SH,20210430,5.58,0.6057,0.8353,0.39,432.1577,92.5382,2.5211,6.9038,6.4172,0.0,,450000.0,225045.0,163190.7344,2511000.0,1255751.1
000333.SZ,20210430,80.17,0.8463,1.2359,1.89,20.755,19.5638,4.8073,1.9879,1.8302,1.9701,1.9701,704768.607,688125.3022,471207.4309,56501299.2232,55167005.4774
000996.SZ,20210430,10.19,3.951,4.9046,1.29,577.9817,523.7394,7.2782,70.4024,69.9553,0.0,,34500.0,34500.0,27792.24,351555.0,351555.0
605228.SH,20210430,10.27,6.2093,6.2093,0.78,36.5965,33.1727,3.0353,2.902,2.7007,,,42000.0,8000.0,8000.0,431340.0,82160.0
300511.SZ,20210430,8.8,1.8141,2.0732,0.86,15.7354,21.7583,1.8765,1.7666,1.7946,1.324,1.324,44209.6245,31224.6913,27322.7135,389044.6956,274777.2834
000610.SZ,20210430,9.96,4.9202,6.7813,0.83,62.7526,66.62,2.6872,7.8766,6.9756,0.0,,23674.7901,23539.4869,17079.2724,235800.9094,234453.2895
300497.SZ,20210430,11.83,1.549,1.6977,0.67,20.3776,21.0025,2.1113,4.3582,4.2782,0.8724,0.8724,55000.4834,36938.4268,33702.9068,650655.7186,436981.589
002570.SZ,20210430,5.03,8.9235,12.9741,0.61,,,3.5068,1.9298,2.0425,0.0,,102252.0,102246.525,70324.675,514327.56,514300.0208
600499.SH,20210430,13.2,4.0506,6.3143,1.25,87.6217,56.0436,4.0395,3.3732,3.0292,0.0,,188841.9929,157720.5702,101178.5166,2492714.3063,2081911.5266
002852.SZ,20210430,14.94,1.5402,2.9979,1.06,,,2.2671,0.8166,0.7687,0.6345,0.6345,28900.0,20537.7517,10551.1033,431766.0,306834.0104
002503.SZ,20210430,1.64,3.0044,3.6939,0.98,,,1.5139,0.5889,0.5913,0.0,,309266.5416,254286.1766,206825.5933,507197.1282,417029.3296
600871.SH,20210430,1.95,0.3304,2.482,2.17,468.7313,86.7104,5.2871,0.5438,0.5303,0.0,,1898434.0033,1356937.8551,180648.2187,3701946.3064,2646028.8174
002067.SZ,20210430,3.71,1.3992,1.4632,0.82,13.7585,11.1491,0.8775,0.8805,0.8076,0.9062,0.9062,115686.6373,101911.6373,97456.6373,429197.4244,378092.1744
601225.SH,20210430,11.25,1.357,3.6814,2.4,7.5591,7.0764,1.517,1.186,1.0109,3.1024,3.1024,1000000.0,1000000.0,368617.48,11250000.0,11250000.0
600695.SH,20210430,2.78,4.2274,6.8507,0.8,,1826.9394,2.9563,77.1307,57.6173,0.0,,71113.21,36646.7152,22614.0378,197694.7238,101877.8683
600230.SH,20210430,10.33,1.7583,3.271,0.88,115.1877,25.8815,1.1614,2.5734,2.0901,0.1742,0.1742,41186.3502,41186.3502,22139.6078,425454.9976,425454.9976
688528.SH,20210430,13.34,1.8769,1.8769,1.06,48.5537,54.2656,2.9664,7.4188,7.1678,,,16800.0,3990.0,3990.0,224112.0,53226.6
600237.SH,20210430,5.38,5.065,6.3149,0.78,383.8968,100.5888,2.708,3.5844,3.3567,0.0,,56436.9565,56436.9565,45266.3586,303630.826,303630.826
002465.SZ,20210430,9.93,1.275,1.7499,1.75,39.0749,37.9857,2.2938,4.4676,4.3932,1.2089,1.2089,230444.8671,225324.684,164170.0323,2288317.5303,2237474.1121
300732.SZ,20210430,10.45,0.9652,1.886,1.6,9.389,9.1754,1.2022,1.5255,1.4752,1.9677,3.9526,27529.6402,26519.2594,13572.139,287684.7401,277126.2607
002428.SZ,20210430,10.06,2.8039,3.5171,1.11,290.3135,177.9388,4.4669,9.806,10.6365,0.0,,65312.0,64431.4343,51365.5943,657038.72,648180.2291
600007.SH,20210430,13.94,1.2749,6.588,13.49,17.0112,16.3439,1.7019,4.5328,4.3784,2.726,2.726,100728.2534,100728.2534,19492.2293,1404151.8524,1404151.8524
000756.SZ,20210430,9.44,2.144,4.1573,0.84,18.2305,17.4778,1.7629,0.9861,0.976,1.255,1.255,62736.7447,43158.4895,22257.7635,592234.87,407416.1409
688118.SH,20210430,19.89,1.0308,1.1865,1.06,60.4972,42.5167,1.9601,5.2604,4.9952,0.8044,0.8044,9540.0,6650.4659,5777.7388,189750.6,132277.7668
300068.SZ,20210430,10.64,0.9298,1.1283,0.6,,,1.515,0.8932,0.7483,0.0,,86127.5927,82614.3405,68083.7565,916397.5863,879016.5829
603829.SH,20210430,10.23,1.6671,3.0014,1.03,25.6122,22.1586,2.2008,1.8609,1.6033,0.9775,0.9775,16000.0,7240.0,4021.4,163680.0,74065.2
002646.SZ,20210430,16.28,5.5167,12.7446,0.81,,,3.1624,9.591,7.7927,0.1843,0.1843,45000.0,44993.3175,19476.0135,732600.0,732491.2089
003025.SZ,20210430,38.75,11.2045,11.2045,1.02,33.2693,26.919,3.6047,8.0273,6.7388,,,8039.0,2010.0,2010.0,311511.25,77887.5
300552.SZ,20210430,30.88,3.706,4.8225,0.8,10.1371,11.2729,2.8355,3.6762,3.6203,2.878,2.878,19792.656,10707.2964,8228.4255,611197.2173,330641.3128
300801.SZ,20210430,17.7,1.7434,2.546,1.68,19.5868,20.7598,2.0644,2.5006,2.3949,1.5694,1.4124,21600.0,8202.276,5616.756,382320.0,145180.2852
601369.SH,20210430,7.8,0.6194,1.764,0.79,19.1106,17.5081,1.8086,1.6228,1.4697,2.9487,2.9487,167796.0233,163877.0233,57546.371,1308808.9817,1278240.7817
002518.SZ,20210430,12.89,1.0414,2.812,0.7,24.7696,20.3852,2.5966,3.0991,2.8289,1.551,,58244.5394,56535.6814,20937.4151,750772.1129,728744.9332
600597.SH,20210430,17.3,3.6111,7.4657,1.72,34.865,33.6437,3.3829,0.8399,0.7824,0.7514,0.7514,122448.7509,122430.2009,59218.4943,2118363.3906,2118042.4756
603515.SH,20210430,30.05,0.2936,1.7228,1.04,28.3494,24.0763,4.2083,2.8456,2.6081,1.6502,1.6502,75469.5722,75375.8682,12843.5646,2267860.6446,2265044.8394
603105.SH,20210430,7.51,1.134,1.3242,0.92,46.4233,45.5542,2.4343,8.7991,8.9331,0.0,,50000.0,30830.0,26402.4,375500.0,231533.3
002913.SZ,20210430,70.0,1.4633,4.5881,0.9,31.8422,25.6982,3.3614,3.8206,3.357,0.6648,0.6648,15886.8152,12883.1662,4108.9162,1112077.064,901821.634
600956.SH,20210430,11.68,20.7105,20.7105,1.07,29.7685,24.8756,3.5764,3.5942,3.352,1.0702,1.0702,384991.0396,13475.0,13475.0,4496695.3425,157388.0
601818.SH,20210430,3.78,0.4049,0.4209,1.55,5.3998,5.3038,0.5772,1.4335,1.4197,5.4502,5.4502,5403191.376,4135317.826,3978044.2392,20424063.4013,15631501.3823
600926.SH,20210430,16.54,0.4113,0.7377,0.86,13.7443,13.0954,1.4859,3.9542,3.8099,2.1161,2.1161,593020.0432,504136.0267,281065.374,9808551.5145,8338409.8816
002166.SZ,20210430,8.17,1.0555,1.3309,0.83,53.702,50.6033,2.5446,5.8925,5.2018,0.612,0.612,56521.474,45227.2508,35870.1766,461780.4426,369506.639
000529.SZ,20210430,5.76,0.7613,1.7119,1.87,11.1422,11.0224,1.6931,0.9906,0.9559,1.7361,1.7361,58379.033,56988.4377,25343.8268,336263.2301,328253.4012
300559.SZ,20210430,9.05,1.4933,2.8667,0.85,17.189,19.2468,3.5965,6.1249,6.6025,2.2099,2.2099,39953.0242,29869.6618,15559.9191,361574.869,270320.4393
002594.SZ,20210430,158.57,3.1405,4.484,1.39,107.1476,104.0818,5.6267,2.8972,2.5501,0.0378,0.0378,286114.2855,114599.2958,80263.0238,45369142.2517,18172010.335
002950.SZ,20210430,21.5,7.4108,8.9888,0.84,11.7623,11.5126,4.4879,3.5507,3.3555,1.8605,1.8605,63326.5407,22352.3216,18428.3385,1361520.6251,480574.9144
300418.SZ,20210430,18.55,2.2906,3.5649,1.4,4.3592,4.5361,2.0989,7.946,8.6261,0.1355,0.1355,117337.951,100200.4741,64383.8775,2176618.9911,1858718.7946
002048.SZ,20210430,17.35,1.3986,1.7053,1.1,12.7909,10.784,1.0266,0.6432,0.5877,0.9222,0.9222,62622.7314,55849.081,45806.7454,1086504.3898,968981.5554
300438.SZ,20210430,17.23,2.8231,3.5011,0.78,135.8681,82.3796,3.0583,1.9847,1.6971,0.0,,41953.7355,31536.9757,25429.5968,722862.8627,543382.0913
601636.SH,20210430,15.36,2.2458,3.7644,1.68,22.6039,16.2128,3.9708,4.2783,3.6619,1.9147,1.9147,268621.694,268621.694,160254.3961,4126029.2198,4126029.2198
002715.SZ,20210430,14.21,0.2739,0.5017,0.62,127.8401,110.6983,3.8105,5.2622,4.7924,0.0,,13800.0,13023.1529,7110.7961,196098.0,185059.0027
002858.SZ,20210430,12.95,2.1308,2.8201,1.8,,,4.7419,8.1752,7.2817,0.0,,12632.0,9723.3544,7346.6944,163584.4,125917.4395
600900.SH,20210430,19.97,0.2118,0.5241,1.44,17.2696,16.8977,2.5935,7.8596,7.7941,3.294,3.294,2274185.923,2274185.923,918950.3166,45415492.8823,45415492.8823
600073.SH,20210430,8.17,0.5455,0.8768,0.77,18.9333,17.8174,1.7624,0.321,0.3174,1.4688,1.4688,93772.9472,93772.9472,58336.4598,766124.9786,766124.9786
603916.SH,20210430,30.13,0.6732,1.3636,0.91,23.9427,22.4769,2.9774,2.8895,2.6388,0.883,0.883,35025.7332,34576.3332,17071.3332,1055325.3413,1041784.9193
688328.SH,20210430,35.32,22.8037,22.8037,1.7,39.3297,28.7346,3.7764,4.417,3.591,,,8104.0,1649.3306,1649.3306,286233.28,58254.3568
002579.SZ,20210430,11.44,0.9876,2.3748,1.18,35.8781,31.4366,2.2034,2.4908,2.276,0.6807,0.6807,50941.4686,47298.2071,19669.4229,582770.4008,541091.4892
605088.SH,20210430,16.75,3.1213,3.1213,0.63,30.1312,31.6057,1.9179,1.5096,1.3398,1.727,1.727,16593.5,4000.0,4000.0,277941.125,67000.0
002568.SZ,20210430,124.52,0.7493,1.1003,0.82,124.6002,110.335,19.934,34.6324,31.69,0.4665,0.4665,53585.2426,34870.0333,23745.0794,6672434.4086,4342016.5465
300462.SZ,20210430,11.27,1.9562,2.3338,0.48,16.6846,23.4852,1.2567,1.6977,1.9125,1.331,1.331,18826.5025,11396.1401,9552.3901,212174.6832,128434.4989
603536.SH,20210430,12.16,0.8999,2.509,1.03,90.5777,334.7576,3.1917,1.4832,1.351,0.1608,0.9009,17188.6,16800.0,6025.4067,209013.376,204288.0
600235.SH,20210430,5.22,2.1215,3.2574,1.03,37.7722,32.5808,1.3485,1.355,1.2921,0.0958,0.0958,35130.0,35130.0,22880.0,183378.6,183378.6
300820.SZ,20210430,37.2,3.6436,4.4355,0.57,33.8216,31.2052,3.2481,8.4011,7.9755,0.8961,0.8961,9501.0,2979.9982,2448.0014,353437.2,110855.933
003000.SZ,20210430,14.43,8.5589,8.5589,0.6,55.8864,58.4431,6.4899,6.3492,6.1412,0.693,0.693,40001.0,4001.0,4001.0,577214.43,57734.43
002179.SZ,20210430,68.18,2.9971,6.125,3.55,52.157,39.5089,7.1782,7.2835,6.3118,0.22,0.22,110088.3678,106798.6559,52259.0264,7505824.9166,7281532.3593
688222.SH,20210430,24.5,0.9098,1.8163,0.87,153.3298,160.758,7.622,40.2982,36.5404,0.5102,0.5102,40068.0,27820.2572,13934.7847,981666.0,681596.3014
601702.SH,20210430,7.75,10.6884,10.6884,0.63,31.02,24.6645,2.7927,1.9028,1.6577,,,99853.06,24963.0,24963.0,773861.215,193463.25
300421.SZ,20210430,11.53,3.7741,4.3549,1.53,47.1276,32.776,2.3437,3.6273,3.2214,0.849,0.849,24769.5404,18575.2026,16097.5677,285592.8008,214172.086
600755.SH,20210430,6.87,0.8659,0.8713,0.55,5.1189,4.9218,0.8279,0.0381,0.0342,3.1824,3.1824,194625.6339,185008.4905,183844.834,1337078.1049,1271008.3297
600415.SH,20210430,4.89,0.3375,0.8138,1.08,28.9714,25.9048,1.9334,7.2056,7.1713,1.4193,1.4193,548991.4176,544321.4176,225756.8256,2684568.0321,2661731.7321
600486.SH,20210430,112.02,1.2635,2.1701,1.07,28.6969,28.7409,5.4606,3.5311,3.3439,0.5803,0.5803,30989.8907,30989.8907,18043.4534,3471487.5562,3471487.5562
002513.SZ,20210430,4.38,0.1462,0.2751,0.72,100.4872,47.3291,1.2835,1.11,1.036,0.0,,34008.6278,31442.3332,16714.829,148957.7898,137717.4194
300682.SZ,20210430,16.42,0.6383,1.3889,0.74,23.7124,23.2434,3.1842,4.9504,4.6367,0.4058,1.131,102113.0306,70680.7536,32483.7716,1676695.9625,1160577.9741
002714.SZ,20210430,113.11,0.6904,1.0529,1.18,15.4898,14.0414,7.5801,7.5558,6.2203,0.2852,0.2852,375933.0297,253579.5122,166258.3615,42521784.9894,28682378.6249
300225.SZ,20210430,18.09,4.4235,5.249,1.13,96.9454,78.3619,8.537,10.0001,8.7629,0.0531,0.0531,48920.53,46786.6416,39428.9816,884972.3877,846370.3465
002494.SZ,20210430,3.45,1.6755,2.9183,1.49,,,0.8604,3.9341,3.7105,0.0,,38556.0818,29502.0537,16938.6163,133018.4822,101782.0853
601512.SH,20210430,9.91,0.5409,1.5144,1.75,11.3609,11.9463,1.2687,4.3508,4.3158,2.22,2.22,149889.0,79741.0,28479.0,1485399.99,790233.31
688571.SH,20210430,8.55,3.5354,3.5354,0.72,25.04,22.4529,2.0533,2.7719,2.5817,,,32000.0,7267.8585,7267.8585,273600.0,62140.1902
002575.SZ,20210430,4.46,0.7977,0.9983,0.42,112.7747,55.8915,3.4187,30.2973,29.7077,0.0,,61872.0,51824.0,41412.0,275949.12,231135.04
000735.SZ,20210430,8.3,1.1183,1.4235,0.81,93.6277,76.728,2.2602,4.0961,4.1975,0.241,0.241,115151.3578,115088.6809,90415.4287,955756.2697,955236.0515
603303.SH,20210430,12.01,0.274,1.0645,0.92,17.1242,16.0051,1.9628,1.2995,1.202,1.8565,1.8565,48771.5366,48771.5366,12551.593,585746.1546,585746.1546
002099.SZ,20210430,10.81,1.0081,1.7332,0.75,54.7309,64.3834,2.9331,7.0804,6.8937,2.6672,,161871.5253,160805.5966,93527.3379,1749831.1885,1738308.4992
600548.SH,20210430,9.95,0.4743,1.852,1.61,10.5614,7.9544,1.1106,2.7033,2.2758,5.2261,5.2261,218077.0326,143327.0326,36703.0439,2169866.4744,1426103.9744
600381.SH,20210430,6.15,3.4634,7.7848,1.14,,,1.7524,29.0539,27.4087,0.0,,58706.0741,58706.0741,26118.2701,361042.3557,361042.3557
600602.SH,20210430,5.51,0.7368,1.3148,2.05,30.3065,28.7763,1.7414,1.6421,1.5643,0.98,0.98,136767.3455,107430.299,60201.6978,753588.0737,591940.9475
002707.SZ,20210430,5.79,2.6713,3.1674,0.65,,,7.8586,3.3608,10.4103,0.0,,90627.4438,63998.2871,53973.8853,524732.8996,370550.0823
000603.SZ,20210430,13.62,1.3101,2.1453,0.98,32.3354,27.5286,4.2026,5.7379,5.6249,0.7342,0.7342,68996.9346,59555.4447,36370.7409,939738.2493,811145.1568
000042.SZ,20210430,8.5,0.078,0.256,1.06,20.0855,24.4527,0.7294,0.5283,0.4771,1.4118,1.4118,66483.1139,66268.7964,20184.4421,565106.4682,563284.7694
601069.SH,20210430,12.52,0.5035,1.5053,1.01,102.7614,73.1735,4.5449,1.4333,1.3072,0.1597,0.1597,63600.0,63600.0,21273.7172,796272.0,796272.0
002205.SZ,20210430,6.67,1.4025,2.0096,0.79,75.3997,146.2038,1.4859,1.4223,1.393,0.1874,0.1874,18584.3228,18584.3228,12970.4108,123957.4331,123957.4331
002113.SZ,20210430,1.5,1.808,2.2456,0.99,8.1486,8.4625,5.6726,3.5888,3.7121,0.0,,151054.7023,96367.9486,77592.2906,226582.0535,144551.9229
600980.SH,20210430,14.54,2.4798,4.133,0.84,46.8221,43.0227,3.282,4.1045,3.911,0.2078,0.2078,15414.283,15220.988,9132.5928,224123.6748,221313.1655
300495.SZ,20210430,4.3,12.7308,13.7381,7.75,13.5338,23.5954,0.7045,1.4904,1.7486,1.2326,1.2326,67427.9488,46086.4945,42707.0758,289940.1798,198171.9264
600252.SH,20210430,2.98,1.0558,1.4609,1.83,18.3999,17.6207,1.5187,2.8168,2.692,1.9845,1.9845,347510.7147,347510.7147,251151.0345,1035581.9298,1035581.9298
002136.SZ,20210430,9.08,2.9256,4.6061,0.65,29.9857,27.1568,2.476,1.7405,1.5351,0.5507,,21502.0,21426.616,13609.2411,195238.16,194553.6733
300199.SZ,20210430,5.34,4.5218,6.3046,1.22,,,2.937,6.7843,6.9112,0.0,,91692.704,62909.7415,45120.1709,489639.0394,335938.0196
603080.SH,20210430,12.25,6.025,9.9858,0.98,23.3781,18.6093,1.4061,2.5592,2.3063,0.5061,0.5061,14150.0,14150.0,8537.5,173337.5,173337.5
002827.SZ,20210430,11.47,0.8422,2.198,0.78,85.9923,61.2097,4.1618,4.1894,3.7135,1.3078,1.3078,27600.0,27600.0,10575.7612,316572.0,316572.0
603868.SH,20210430,45.0,0.2446,2.4435,1.17,30.7109,29.8023,6.5785,5.494,5.2512,2.2222,2.2222,43560.0,43560.0,4360.0,1960200.0,1960200.0
603506.SH,20210430,20.46,0.4386,0.9932,1.39,19.9042,19.5336,3.196,1.9415,1.8858,1.2463,1.2463,13412.6985,13412.6985,5922.9227,274423.8113,274423.8113
688358.SH,20210430,49.68,1.3226,1.3226,0.5,39.8892,37.8379,3.265,11.9318,11.4335,2.0129,2.0129,8000.0,1920.0,1920.0,397440.0,95385.6
605277.SH,20210430,20.96,4.1171,4.1171,0.48,23.4884,20.2991,2.6571,2.7946,2.3953,,,13344.0,3336.0,3336.0,279690.24,69922.56
600804.SH,20210430,5.23,1.8783,2.1751,0.79,74.2485,162.0824,8.1,1.4296,1.476,0.0,,143239.4299,143235.7859,123691.1372,749142.2184,749123.1603
603650.SH,20210430,32.2,1.7867,1.7867,1.38,45.966,38.3242,7.3221,9.2228,8.7218,1.0248,1.0248,58598.75,13141.75,13141.75,1886879.75,423164.35
603963.SH,20210430,7.6,0.3059,1.1543,0.96,516.6746,366.9019,3.5446,7.8176,7.6581,,,21970.0,21970.0,5822.05,166972.0,166972.0
601696.SH,20210430,15.19,0.8276,1.2499,0.87,47.7769,51.5036,2.7651,13.0073,13.4097,0.1975,0.1975,277800.0,145168.4209,96115.7893,4219782.0,2205108.3135
002582.SZ,20210430,11.76,1.106,1.3616,0.9,2.8141,2.8052,1.1328,2.0206,3.9042,0.7118,0.7118,51568.416,41225.7572,33486.8151,606444.5722,484814.9047
688510.SH,20210430,21.55,2.4925,2.4925,0.57,92.9627,109.3155,5.908,18.4914,19.0379,,,25838.2608,4944.4529,4944.4529,556814.5202,106552.96
600203.SH,20210430,8.22,0.3805,0.5452,0.54,377.2026,129.5943,1.8105,0.2879,0.2528,0.0,,45644.712,45644.712,31853.591,375199.5326,375199.5326
000852.SZ,20210430,4.27,0.3638,0.8818,1.15,466.258,144.0922,1.8308,0.5344,0.5334,0.0,,77760.4997,77760.4997,32084.8697,332037.3337,332037.3337
002390.SZ,20210430,10.67,2.9699,4.1504,2.92,102.5195,68.7593,3.5646,3.0432,2.9355,0.0,,166722.8611,155533.7677,111292.994,1778932.9279,1659545.3014
300708.SZ,20210430,19.85,4.2622,6.7001,0.79,241.7008,163.7946,6.6089,3.6727,3.2454,0.1006,0.1006,26026.8,18034.0073,11472.3425,516631.98,357975.0449
603416.SH,20210430,65.79,2.1967,3.3998,0.91,27.8808,24.7807,5.778,8.1519,7.2373,0.2432,0.2432,14056.0,9122.484,5894.364,924744.24,600168.2224
000550.SZ,20210430,24.03,1.3707,4.3258,0.88,37.6667,27.3378,1.8415,0.6268,0.568,0.2913,0.2913,86321.4,51846.316,16428.716,2074303.242,1245866.9735
600626.SH,20210430,4.08,3.0523,4.1989,4.51,,,1.2852,0.3213,0.3213,0.6127,0.6127,85229.1316,80815.6847,58746.4337,347734.8569,329727.9936
002930.SZ,20210430,17.05,0.5519,0.5519,1.09,33.2416,28.8485,3.654,8.9237,7.7813,1.3526,,44399.8843,42832.7008,42832.7008,757018.0273,730297.5486
000407.SZ,20210430,4.42,1.5856,2.1194,1.29,27.3336,14.1811,1.4897,0.8463,0.7935,0.7919,0.7919,88008.4656,87574.383,65517.001,388997.418,387078.7729
000668.SZ,20210430,14.86,0.5522,0.9336,0.48,,,2.3335,19.9124,17.8952,0.4038,0.4038,14684.189,14668.8393,8676.231,218207.0485,217978.952
603551.SH,20210430,12.27,0.5793,0.6173,0.81,26.3397,19.7971,2.7,3.1233,2.7341,2.653,2.653,40550.5,13373.6339,12551.5621,497554.635,164094.488
603617.SH,20210430,11.47,1.2649,4.1569,2.08,23.5115,20.371,3.234,3.0996,2.8313,0.9966,0.9966,19946.0381,19808.8381,6027.6441,228781.057,227207.373
603601.SH,20210430,11.96,0.5587,0.9833,0.83,23.9241,22.8956,4.513,4.5668,4.27,0.8353,0.8353,71947.8244,71947.8244,40879.4501,860495.9798,860495.9798
600724.SH,20210430,3.62,0.2697,1.171,0.74,12.4067,11.1097,1.7238,2.2355,2.1695,7.4586,7.4586,144524.1071,144494.2664,33279.4209,523177.2677,523069.2444
600232.SH,20210430,4.97,0.372,0.7234,1.04,56.9768,49.0504,1.6945,1.7886,1.7351,3.9391,3.9391,36471.8544,36471.8544,18754.5093,181265.1164,181265.1164
603083.SH,20210430,13.04,6.1101,9.7571,0.74,,,1.9391,1.2142,1.1296,0.2006,0.2006,25222.0566,25222.0566,15794.5898,328895.6181,328895.6181
002749.SZ,20210430,9.77,1.0833,1.9135,1.04,24.9546,27.3406,3.4147,3.6752,3.6458,2.1838,2.1838,43637.0083,27629.5566,15642.2751,426333.5711,269940.768
603035.SH,20210430,16.0,14.9758,22.2497,0.68,15.1896,11.8462,1.4942,2.4781,2.2737,1.4827,1.4827,34350.8661,34350.8661,23120.8363,549613.8576,549613.8576
600649.SH,20210430,4.95,0.35,0.7418,1.26,16.2681,13.997,0.6304,1.9073,1.619,1.4545,1.4545,252957.5634,252957.5634,119364.2188,1252139.9388,1252139.9388
002571.SZ,20210430,7.88,2.8824,4.1772,0.44,600.3939,157.0677,2.1238,3.9429,3.5171,0.0,,39195.07,29688.1188,20485.49,308857.1516,233942.3761
600184.SH,20210430,10.1,0.6966,1.7102,0.94,99.0073,59.6116,2.1265,2.0621,1.8284,0.3663,0.3663,50876.0826,50876.0826,20723.926,513848.4343,513848.4343
300212.SZ,20210430,24.59,0.5988,0.9712,0.56,23.2996,23.1672,3.9665,5.6926,5.766,0.5762,0.5762,64964.4923,61969.7871,38204.386,1597476.8657,1523837.0648
000078.SZ,20210430,3.4,1.3484,2.5161,1.1,,,1.5666,0.2337,0.2222,0.0,,275083.3257,262119.9543,140475.4415,935283.3074,891207.8446
603970.SH,20210430,21.1,0.7689,0.9492,0.48,30.5881,29.2945,3.6929,0.61,0.5705,1.1848,1.1848,19200.0096,9552.0096,7737.6096,405120.2026,201547.4026
300882.SZ,20210430,20.17,6.3452,6.3452,1.48,36.3174,37.4578,3.8633,5.5538,5.4917,,,15725.34,3931.34,3931.34,317180.1078,79295.1278
300128.SZ,20210430,3.5,0.9788,1.3523,0.69,171.3079,140.8125,3.1698,2.807,2.7679,0.0,,109411.5412,109378.5662,79168.9178,382940.3942,382824.9817
300491.SZ,20210430,11.79,3.861,7.2086,0.47,45.6747,34.5908,2.6532,5.9122,5.3322,0.0,,16076.1503,12667.8154,6785.1199,189537.812,149353.5436
002677.SZ,20210430,21.95,2.2723,4.1367,1.12,26.0887,22.7339,7.8845,8.0081,6.9946,2.4692,2.4692,64605.1647,41503.7022,22798.064,1418083.3652,911006.2633
603717.SH,20210430,9.95,1.0531,2.1069,0.93,,,1.9325,4.1299,3.7975,0.0,,24179.624,24179.624,12086.0131,240587.2588,240587.2588
001202.SZ,20210430,23.9,0.5479,0.5479,,34.1039,32.9143,4.3716,3.1544,3.2209,,,12880.0,3224.2,3224.2,307832.0,77058.38
603351.SH,20210430,21.04,1.0315,1.2015,0.91,27.37,29.1018,2.0728,3.735,3.4021,1.5277,1.5277,13066.6732,5966.5803,5122.3803,274922.8041,125536.8495
600051.SH,20210430,6.72,1.8648,2.6296,1.56,6.0769,23.8233,0.7018,0.4252,0.5176,2.9762,2.9762,31088.0,31088.0,22046.24,208911.36,208911.36
002988.SZ,20210430,15.02,9.2175,9.2175,0.61,30.1584,27.7832,1.6785,1.0172,0.8955,0.0,0.8655,23277.0,5821.4142,5821.4142,349620.54,87437.6413
600636.SH,20210430,10.3,0.449,0.7722,0.6,29.5988,32.4208,1.5097,6.5821,6.9624,0.956,0.956,44693.6885,44693.6885,25988.7775,460344.9916,460344.9916
605089.SH,20210430,54.68,1.5937,1.5937,,43.7256,41.0994,5.1272,8.7844,8.2744,,,10000.0,2500.0,2500.0,546800.0,136700.0
000530.SZ,20210430,3.75,1.7897,2.5048,1.16,148.1668,61.8676,0.9448,1.8307,1.8011,0.8,0.8,84321.2507,59865.3628,42773.6694,316204.6901,224495.1105
300950.SZ,20210430,39.7,13.9105,13.9105,0.92,64.5268,55.0949,7.2291,15.8464,14.1459,,,10000.0,2371.0435,2371.0435,397000.0,94130.427
002674.SZ,20210430,12.3,0.3081,0.8244,0.46,31.0714,25.5289,1.6677,2.4581,2.2363,4.9476,4.9476,29186.2944,28886.6652,10794.4702,358991.4211,355305.982
300777.SZ,20210430,35.52,1.2753,1.3912,0.78,61.1523,59.9925,11.6713,36.477,33.9792,0.1943,0.1943,40001.0,26444.0368,24240.1863,1420835.52,939292.1871
000990.SZ,20210430,13.51,0.8981,1.4305,1.11,47.6749,20.3255,1.0071,1.7395,1.5806,0.0,,125301.1919,83402.5091,52364.5626,1692819.1026,1126767.8979
600676.SH,20210430,4.46,0.2105,0.3922,1.03,,,0.8206,0.5903,0.5402,0.8969,0.8969,102849.2944,102849.2944,55189.9254,458707.853,458707.853
002321.SZ,20210430,2.7,0.4411,0.5646,0.16,,,0.9824,0.4615,0.477,0.0,,53429.11,53106.2039,41485.6506,144258.597,143386.7505
002872.SZ,20210430,4.62,1.3996,1.4103,2.05,,,0.6346,1.2215,1.1803,0.0,,31800.0,21503.8268,21340.9468,146916.0,99347.6798
688696.SH,20210430,698.0,5.4017,5.4017,0.83,129.8324,110.7853,14.3323,12.3412,11.1121,,,5000.0,1033.234,1033.234,3490000.0,721197.332
002156.SZ,20210430,21.37,4.0842,7.4803,1.56,83.9219,56.1073,2.9218,2.6374,2.3926,0.0,,132903.6928,115350.4307,62979.9397,2840151.9151,2465038.7041
000062.SZ,20210430,14.6,1.7779,7.489,0.96,24.4519,20.6906,2.7475,0.935,0.8416,1.0274,2.3973,104590.9322,104455.2962,24797.728,1527027.6101,1525047.3245
300556.SZ,20210430,15.15,3.4288,3.7088,0.76,29.4915,26.4923,2.7636,1.7799,1.6917,0.3298,0.8578,11797.6825,8862.2837,8193.1037,178734.8899,134263.5981
600189.SH,20210430,11.27,2.7065,4.5211,0.89,97.1775,65.0776,5.4769,5.8748,5.4975,0.0,,71519.7812,61754.2822,36969.2518,806027.9341,695970.7604
688136.SH,20210430,32.27,2.7073,2.7073,0.63,46.0845,63.9475,3.4167,5.2545,5.5668,,,19870.065,4090.9122,4090.9122,641206.9976,132013.7367
600995.SH,20210430,6.78,0.7024,1.0131,1.56,29.3023,28.3565,1.4397,1.7244,1.6766,3.2448,3.2448,47852.64,47852.64,33180.74,324440.8992,324440.8992
300233.SZ,20210430,24.04,1.2524,1.9118,0.65,,,2.6882,3.1677,3.213,0.8285,0.8285,39028.9338,36675.4614,24026.3819,938255.5686,881678.0921
688579.SH,20210430,11.99,3.2239,3.2239,1.28,52.5843,48.9101,3.9942,9.6805,9.7855,,,40001.0,3800.95,3800.95,479611.99,45573.3905
300701.SZ,20210430,28.05,1.043,3.0904,1.0,20.8733,20.6364,4.7652,9.7708,9.2707,0.7427,0.7427,12000.0,12000.0,4050.1501,336600.0,336600.0
300847.SZ,20210430,20.08,3.9917,3.9917,1.02,43.718,42.8031,3.6141,4.5323,4.2904,0.0,,19734.0,4934.0,4934.0,396258.72,99074.72
002153.SZ,20210430,28.55,0.3824,0.7908,0.85,,,3.6306,9.2184,9.1977,0.1401,0.1401,107111.2183,62769.7726,30350.9053,3058025.2825,1792077.0077
002410.SZ,20210430,73.07,0.4635,0.4869,0.69,262.5244,244.9638,13.1377,21.9745,20.4894,0.1303,0.1303,118701.2398,99086.1524,94334.5313,8673499.5922,7240225.1559
002929.SZ,20210430,23.25,1.5376,3.2505,3.22,21.501,19.2144,1.6244,1.2241,1.0873,0.5161,0.5161,22074.6347,16193.4522,7660.1297,513235.2568,376497.7637
002489.SZ,20210430,3.5,0.6265,1.2306,2.36,14.3623,17.3964,1.9344,1.537,1.3431,3.4286,3.4286,217573.6503,188146.1876,95789.1148,761507.7761,658511.6566
002283.SZ,20210430,6.35,2.4396,3.3729,2.35,14.1882,12.1724,1.3915,1.6273,1.4181,0.5399,0.5399,113484.0378,99106.9026,71684.1197,720623.64,629328.8315
600255.SH,20210430,2.24,1.0598,1.2238,0.6,65.8857,32.0751,3.3153,1.8012,1.9468,0.0,,179954.3555,176959.3555,153250.5747,403097.7563,396388.9563
002583.SZ,20210430,4.98,1.6717,2.1852,2.46,96.1303,,1.5062,1.4995,1.6805,0.0,,183957.3991,108438.4358,82958.3519,916107.8475,540023.4103
300040.SZ,20210430,7.84,4.039,4.5366,0.47,42.5369,34.3427,1.3381,2.3304,2.0528,0.5751,0.5751,38042.8661,28591.3434,25455.2357,298256.0702,224156.1323
688310.SH,20210430,27.7,1.2127,1.9778,0.77,39.2017,36.6199,3.1016,8.7994,8.0526,1.2635,1.2635,8360.0,3678.5,2255.5,231572.0,101894.45
000796.SZ,20210430,10.1,1.4101,3.3372,0.93,,,9.5659,5.0232,7.3324,0.0,,80300.0258,80258.3633,33912.2259,811030.2606,810609.4693
002948.SZ,20210430,4.99,1.679,1.679,1.1,9.3996,9.0567,0.9668,2.1349,2.1502,4.008,4.008,450969.0,60505.2226,60505.2226,2250335.31,301921.0608
300611.SZ,20210430,8.83,1.325,1.9343,0.85,39.2625,29.4515,2.3757,2.3458,2.1015,0.5488,0.5488,17895.055,12173.275,8338.875,158013.3357,107490.0183
300951.SZ,20210430,83.45,8.2944,8.2944,1.32,40.7123,34.1167,3.6711,9.7261,9.2353,,,8000.0,2000.0,2000.0,667600.0,166900.0
688011.SH,20210430,35.67,1.1541,1.1541,0.75,147.4401,100.7565,2.8751,28.7461,25.7154,0.5088,0.5088,10000.0,4078.1399,4078.1399,356700.0,145467.2502
000585.SZ,20210430,1.52,0.4317,0.4984,0.76,20.7501,20.4836,,16.5959,16.325,0.0,,87337.0,60942.0978,52792.6128,132752.24,92631.9887
688668.SH,20210430,26.75,4.6894,4.6894,0.96,31.3133,26.9501,3.0126,6.366,5.5472,,,8514.0,1933.5202,1933.5202,227749.5,51721.6654
000723.SZ,20210430,7.86,2.7119,5.6293,0.87,47.6854,23.9983,3.1492,2.6152,2.3362,0.0,,427421.8048,377410.4004,181819.7609,3359535.3857,2966445.7471
688037.SH,20210430,80.4,1.4224,1.8051,1.0,138.3125,106.8571,8.6386,20.5339,15.5691,0.1555,0.2488,8400.0,4360.475,3435.975,675360.0,350582.19
603590.SH,20210430,36.8,2.697,2.697,1.72,32.1119,27.3199,2.0101,7.2813,6.2059,1.3587,1.3587,16000.0,8137.274,8137.274,588800.0,299451.6832
002258.SZ,20210430,24.01,1.8323,3.5811,1.2,20.5758,16.8043,3.1574,2.5352,2.3029,0.0,0.833,52464.3263,52202.8323,26710.0692,1259668.4745,1253390.0035
688369.SH,20210430,56.2,0.3387,0.3706,0.69,40.2123,39.0577,3.2827,5.6686,5.3408,0.7117,0.7117,7698.9583,5836.9703,5334.4703,432681.4565,328037.7309
601107.SH,20210430,3.24,0.2947,1.3787,1.79,14.6902,7.8847,0.6251,1.815,1.585,3.3951,3.3951,305806.0,216274.0,46233.7162,990811.44,700727.76
000980.SZ,20210430,4.55,3.6538,5.2035,1.18,,,,6.8944,6.9175,0.0,,202767.1288,124594.4713,87488.2108,922590.436,566904.8444
002637.SZ,20210430,14.02,1.028,1.4211,0.82,19.1316,15.6069,1.8892,0.8451,0.7263,0.6409,0.6409,47040.1,39560.3125,28616.6325,659502.202,554635.5813
601005.SH,20210430,2.27,4.1661,5.789,1.19,31.7085,11.7247,0.9579,0.8267,0.6912,0.0,,891860.2267,838047.5067,603108.1775,2024522.7146,1902367.8402
600209.SH,20210430,4.15,0.2984,0.3798,0.71,,,4.6533,33.4985,28.202,0.0,,43901.1169,43901.1169,34488.2651,182189.6351,182189.6351
300029.SZ,20210430,4.9,1.1287,1.4988,0.56,,,189.8468,8.7091,6.9291,0.0,,20000.0,20000.0,15061.29,98000.0,98000.0
002910.SZ,20210430,9.74,2.0552,3.551,0.77,217.7315,54.7423,1.4116,3.0765,2.7316,0.4424,0.4424,23368.06,12806.195,7411.79,227604.9044,124732.3393
603357.SH,20210430,8.94,0.4029,0.7842,0.99,11.1872,11.1012,1.5,2.1276,2.0186,2.4609,2.4609,45454.2698,45454.2698,23351.0698,406361.172,406361.172
688233.SH,20210430,37.66,2.2422,3.7706,0.97,60.0899,43.808,4.816,31.3674,23.2652,0.3983,0.3983,16000.0,8151.2284,4847.0579,602560.0,306975.2615
600563.SH,20210430,115.95,0.8104,1.4795,1.13,46.9595,41.5363,8.5254,13.7994,12.2741,1.1212,1.1212,22500.0,22500.0,12324.1076,2608875.0,2608875.0
600242.SH,20210430,2.66,1.0857,2.0496,0.87,128.2313,55.6418,2.3555,1.2157,1.2183,0.0,,45666.5122,45129.4545,23905.0066,121472.9225,120044.349
688016.SH,20210430,333.65,2.1805,2.4741,0.89,111.9015,93.5114,17.9803,51.0694,42.2418,0.1948,0.1948,7197.8147,3689.4736,3251.6097,2401550.8747,1230992.8666
603630.SH,20210430,16.0,2.0863,5.719,0.81,31.0083,30.8412,1.9682,3.6872,3.4169,0.8022,0.8022,22672.0,22444.7,8187.8738,362752.0,359115.2
300709.SZ,20210430,37.64,1.2941,1.5373,1.17,30.6636,29.4023,2.7357,2.7809,2.5345,0.5916,0.5916,11555.986,8873.3295,7469.5986,434967.313,333992.1224
600981.SH,20210430,2.81,1.2659,3.8839,0.62,26.495,21.1513,1.1656,0.1664,0.1453,1.7794,1.7794,224243.3192,224243.3192,73085.2181,630123.727,630123.727
300888.SZ,20210430,136.55,3.8806,3.9725,0.71,15.2838,14.6613,5.3228,4.6464,4.3723,,,42649.2308,4795.5596,4684.5896,5823752.4657,654833.6634
600176.SH,20210430,18.02,1.6283,2.8351,1.11,26.1211,19.9089,3.4077,5.4098,4.7739,1.071,1.071,350230.6849,350230.6849,201152.4115,6311156.9419,6311156.9419
600637.SH,20210430,8.8,0.3582,0.663,1.87,18.5369,18.58,1.0191,2.9948,3.1188,3.0682,3.0682,341450.0201,341450.0201,184466.977,3004760.1769,3004760.1769
300857.SZ,20210430,24.35,3.0224,3.0224,0.89,50.1769,56.4601,4.1798,2.2364,1.9693,0.0,,20655.7782,5163.9446,5163.9446,502968.1992,125742.051
300138.SZ,20210430,15.29,0.6225,0.6686,0.62,30.4253,28.5682,3.5524,2.0818,1.9452,0.2956,0.9496,53277.3991,42744.3184,39794.333,814611.4322,653560.6283
300868.SZ,20210430,29.34,4.323,4.323,0.61,35.306,40.5683,2.0686,4.3939,4.438,,,12800.0,3199.95,3199.95,375552.0,93886.533
688078.SH,20210430,22.8,2.547,2.547,1.88,31.7882,31.2647,3.1348,8.1617,8.2056,0.9123,0.9123,7075.0,3409.9624,3409.9624,161310.0,77747.1427
002230.SZ,20210430,50.97,1.359,1.6894,0.88,83.1469,69.3672,8.8293,8.7062,8.0324,0.1938,0.1938,222473.7717,205160.0737,165034.7526,11339488.1435,10457008.9565
002387.SZ,20210430,9.4,0.5197,0.8629,0.77,63.1526,3579.1067,0.8725,3.7434,3.5343,0.0,,136766.3046,136721.3346,82343.1611,1285603.2632,1285180.5452
603918.SH,20210430,10.5,1.5544,2.7275,1.34,33.4035,29.3999,2.7637,2.9451,2.7006,0.6701,0.6701,28167.7708,23244.065,13247.0255,295761.5934,244062.6825
002540.SZ,20210430,5.01,0.7186,1.01,0.8,17.8173,15.9359,1.3486,1.5955,1.3805,4.7073,4.7073,127052.95,89518.2863,63693.3331,636535.2795,448486.6144
600186.SH,20210430,2.73,0.7163,1.055,1.37,50.7119,51.6854,9.504,2.2767,2.1242,0.0,,137992.3955,137992.3955,93690.1839,376719.2397,376719.2397
300737.SZ,20210430,33.95,2.5671,3.4588,0.71,24.2278,21.0154,4.7312,3.458,3.1308,0.0,,63537.16,46837.1179,34762.9597,2157086.582,1590120.1527
600708.SH,20210430,2.47,0.2645,0.5518,0.97,51.5192,16.8559,0.5024,0.3674,0.2795,4.0486,4.0486,222863.6743,222527.7771,106661.6507,550473.2755,549643.6094
003012.SZ,20210430,20.29,2.7499,2.7499,0.62,27.939,23.4913,3.1504,3.3248,3.0475,,,117300.0,14299.9,14299.9,2380017.0,290144.971
002941.SZ,20210430,10.71,4.5484,5.0853,0.85,60.2476,52.5183,2.8427,0.9676,0.9418,0.5602,0.5602,64502.0352,19267.4352,17233.0352,690816.797,206354.231
000063.SZ,20210430,28.95,0.8684,1.1756,0.86,31.3537,23.5911,2.9144,1.3165,1.2575,0.6908,0.6908,461343.4898,385736.6943,284948.8543,13355894.0297,11167077.3
600918.SH,20210430,10.63,6.5685,6.5685,1.95,29.3338,30.3558,2.1865,7.1556,7.1331,0.0,,696862.5756,69686.2576,69686.2576,7407649.1786,740764.9183
600520.SH,20210430,6.71,1.3191,1.8094,0.97,128.1153,81.6619,2.8683,3.2016,2.907,0.0,,15843.0,15843.0,11550.488,106306.53,106306.53
600483.SH,20210430,10.47,0.9369,3.3474,0.89,12.5002,9.66,1.1843,1.9557,1.7362,2.0756,2.0756,178522.6528,157668.5572,44128.2666,1869132.1748,1650789.7939
600528.SH,20210430,8.45,0.2284,0.4811,0.93,10.2807,9.4953,0.9868,0.7728,0.7076,1.4911,1.4911,222155.1588,222155.1588,105462.1203,1877211.0919,1877211.0919
600903.SH,20210430,9.15,0.3018,1.5431,0.77,50.4675,52.3871,3.7756,2.4538,2.2298,0.5574,1.1585,113818.5027,113818.5027,22262.8596,1041439.2997,1041439.2997
300165.SZ,20210430,4.26,1.878,2.0628,0.87,100.3162,106.5058,1.2398,2.2627,2.1164,0.4362,0.4362,49699.087,31940.9769,29078.3055,211718.1106,136068.5616
002868.SZ,20210430,10.88,1.2263,4.6576,0.78,39.1342,52.1661,2.2052,5.4874,5.3414,1.1869,1.1869,15541.5837,15541.5837,4091.7977,169092.4307,169092.4307
002527.SZ,20210430,6.19,0.7924,0.9365,0.44,44.2445,29.9023,1.4612,0.9705,0.9107,0.4845,0.4845,62040.6688,49339.0725,41747.2379,384031.7399,305408.8588
002133.SZ,20210430,2.98,1.5242,2.3312,0.95,7.8273,7.7164,0.6311,0.4408,0.4006,2.6846,2.6846,77414.4175,76987.0201,50337.7811,230694.9642,229421.3199
002457.SZ,20210430,7.7,1.568,2.3214,1.46,15.4028,12.3988,1.2268,1.2516,1.1703,1.9481,1.9481,33499.2,33483.8099,22616.548,257943.84,257825.3362
000510.SZ,20210430,4.79,3.9542,4.479,1.61,40.79,26.8511,2.5805,1.3222,1.1926,0.0,,60918.2254,54947.9157,48508.7554,291798.2997,263200.5162
601231.SH,20210430,16.2,0.8381,3.7982,0.91,20.5789,19.6672,2.8873,0.7505,0.7016,1.06,1.06,220960.9072,218366.91,48182.1498,3579566.6966,3537543.942
600207.SH,20210430,6.15,1.6229,4.5456,3.61,47.7725,21.9462,2.858,2.3168,2.0036,0.0,,86295.5974,86295.5974,30810.7747,530717.924,530717.924
600226.SH,20210430,2.7,0.8068,1.0913,0.77,,,3.2681,15.2042,15.0017,0.0,,312901.2583,244990.8106,181119.7756,844833.3974,661475.1886
000069.SZ,20210430,9.31,1.1916,2.0297,1.08,6.0194,5.9899,0.9759,0.9327,0.9134,3.2226,3.2226,820179.3915,705629.8141,414254.7065,7635870.1349,6569413.5693
601360.SH,20210430,12.61,0.4301,1.3093,0.9,30.9366,31.9168,2.4143,7.7577,7.5612,0.3979,0.3979,714536.3197,485399.3325,159459.5577,9010302.9914,6120885.5828
600109.SH,20210430,12.09,1.5599,2.1175,1.19,19.6305,19.6263,1.5996,6.031,5.9126,0.4136,0.4136,302435.931,302435.931,222802.734,3656450.4058,3656450.4058
000955.SZ,20210430,5.79,1.1659,1.4413,0.5,16.4,22.1371,3.8339,2.2602,2.3486,0.0,,53839.5,53759.835,43487.8149,311730.705,311269.4447
600527.SH,20210430,2.65,2.8059,4.0016,1.4,19.7228,19.2958,1.8591,4.0096,3.9956,3.1447,3.1447,173176.0902,173176.0902,121428.8896,458916.639,458916.639
002719.SZ,20210430,8.58,0.6081,1.2108,0.54,28.3241,27.4303,1.6973,1.7067,1.6318,0.0,,17413.9457,16187.2295,8129.3817,149411.6541,138886.4291
000008.SZ,20210430,2.24,0.3794,0.6309,0.79,,,0.9643,3.2485,3.1985,0.4361,0.4361,278079.5346,266521.6688,160279.8231,622898.1575,597008.5381
300134.SZ,20210430,8.9,0.6143,1.2757,1.0,192.1324,183.5636,1.3685,3.1254,3.0436,0.0,,76749.8006,71241.8006,34304.212,683073.2253,634052.0253
603323.SH,20210430,4.48,1.2071,1.4032,1.77,8.4898,8.3878,0.6615,2.1524,2.1568,3.3482,3.3482,180306.8795,143999.0561,123869.7133,807774.8202,645115.7713
300528.SZ,20210430,6.32,0.8881,1.5737,0.78,,,3.166,4.1226,3.0004,0.0,,37260.8054,25516.7619,14399.6146,235488.2901,161265.9352
000691.SZ,20210430,5.21,4.167,5.1223,1.02,93.6198,79.6426,16.3552,6.3375,4.1708,0.0,,32327.0,29048.63,23630.9005,168423.67,151343.3623
000976.SZ,20210430,5.41,1.964,3.0219,2.89,19.2682,18.6765,1.7429,3.8483,3.7255,0.0,,159567.8796,159460.2816,103638.2782,863262.2286,862680.1235
002551.SZ,20210430,5.9,3.5492,4.1629,0.99,29.8495,27.9239,1.5828,2.1346,1.9692,0.0,,82028.6978,58089.92,49526.1041,483969.317,342730.528
000096.SZ,20210430,9.27,0.1213,0.264,0.84,37.6349,34.8636,1.7173,3.9831,3.914,0.2157,0.2157,52800.0,51084.8,23472.9623,489456.0,473556.096
600766.SH,20210430,3.87,0.435,0.6115,0.18,,,15.0532,33.0854,11.9325,0.0,,22422.6822,22393.2072,15929.2072,86775.7801,86661.7119
300698.SZ,20210430,17.51,4.2106,7.6941,0.88,,,6.4406,4.8677,4.6489,0.0,,13400.0,10562.9223,5780.557,234634.0,184956.7695
600712.SH,20210430,4.03,1.2908,2.17,0.77,,,2.4545,2.8162,2.6701,0.0744,0.0744,54465.536,53837.1891,32023.2675,219496.1101,216963.8721
300167.SZ,20210430,3.99,1.4129,2.2021,1.11,,,3.0273,4.7521,4.7493,0.0,,30024.0,30024.0,19263.5702,119795.76,119795.76
600773.SH,20210430,9.48,2.1396,3.7294,0.7,69.8608,68.3765,2.1481,4.1691,3.8936,0.1582,0.1582,81966.0744,74610.4694,42804.3039,777038.3853,707307.2499
605398.SH,20210430,41.7,7.7623,7.7623,1.25,22.8693,23.1301,2.6354,4.4228,4.2803,,,5949.8208,1487.4552,1487.4552,248107.5274,62026.8818
603855.SH,20210430,19.6,0.4062,0.9016,0.49,25.3862,23.4158,4.0465,2.8991,2.7154,2.5475,2.5475,33764.0,33350.2,15026.2,661774.4,653663.92
002824.SZ,20210430,24.3,5.8172,9.7262,0.93,59.1196,39.0846,4.9159,3.0044,2.6203,0.0494,0.0494,18353.703,10754.3649,6432.1527,445994.9829,261331.0671
603278.SH,20210430,8.75,0.7291,2.1703,1.32,24.7442,15.6259,1.4786,0.8254,0.6856,1.8085,1.8085,28993.5282,28993.5282,9740.6642,253693.3718,253693.3718
300246.SZ,20210430,18.73,2.037,2.3537,0.4,7.9049,8.2891,3.0805,1.96,1.9319,1.0678,1.0678,14608.8866,10948.8739,9475.5129,273624.446,205072.4081
300314.SZ,20210430,17.37,5.5651,10.9566,0.9,36.7321,34.8409,5.3657,10.8862,10.4711,0.2303,1.0938,28800.0,18935.4648,9617.7598,500256.0,328909.0236
688569.SH,20210430,17.32,1.8415,1.8415,1.23,24.4365,24.0483,1.6702,2.9678,2.9656,0.5774,0.5774,21066.67,5056.0032,5056.0032,364874.7244,87569.9754
600793.SH,20210430,11.97,6.0398,15.7007,2.44,,,3.4703,1.1345,0.9547,0.0,,17690.4002,17690.4002,6805.1482,211754.0904,211754.0904
002229.SZ,20210430,6.55,0.8825,1.3291,0.74,128.216,60.3484,1.9309,6.889,5.8342,0.0,,49834.4263,49825.4608,33084.2716,326415.4923,326356.7682
000619.SZ,20210430,5.58,2.8826,4.3307,2.24,62.0777,50.0084,0.8177,0.514,0.4681,0.5376,0.5376,36000.0,36000.0,23962.0607,200880.0,200880.0
002790.SZ,20210430,5.3,1.1605,2.1798,1.0,19.3423,17.8686,1.2918,1.7265,1.5527,3.7749,3.7749,41832.9,25292.8,13465.6,221714.37,134051.84
300097.SZ,20210430,7.42,1.3774,1.9673,0.56,59.0837,,1.5816,1.8032,1.7416,0.0,,28854.9669,26384.2041,18472.7658,214103.8544,195770.7944
601918.SH,20210430,3.59,2.7531,5.0132,1.0,10.9787,7.1671,1.2446,1.1131,0.9929,0.5571,0.5571,259054.18,259054.18,142263.8996,930004.5062,930004.5062
002985.SZ,20210430,149.2,1.5032,3.1431,1.07,70.7867,61.7305,10.3047,32.6264,26.6835,0.6702,0.6702,15016.0,7849.0996,3754.0,2240387.2,1171085.6603
002538.SZ,20210430,6.33,2.8147,4.5895,1.24,15.4191,14.0079,1.1333,1.1989,1.2279,1.2638,1.2638,71815.4657,69855.7382,42841.5082,454591.8979,442186.8228
603053.SH,20210430,10.04,0.2868,0.9524,0.7,21.5508,19.4133,2.3303,2.1412,2.0405,2.4353,2.4353,88889.0,56089.0,16889.0,892445.56,563133.56
603679.SH,20210430,18.82,0.2955,0.5923,0.42,40.6803,44.5264,3.4622,3.8287,4.2542,0.4934,0.4934,14288.6887,14157.0187,7063.8497,268913.1213,266435.0919
600619.SH,20210430,8.12,2.1034,6.6847,0.84,44.135,41.9511,1.5835,0.6478,0.5735,2.2167,2.2167,88330.0255,58214.1047,18317.1784,717239.8071,472698.5302
300679.SZ,20210430,42.55,2.8358,4.4564,1.75,44.4598,33.7951,3.2427,4.6087,4.0535,0.4172,0.4172,28080.0,20468.9599,13025.3476,1194804.0,870954.2437
603757.SH,20210430,19.45,0.7866,2.2569,0.98,15.2737,14.7218,2.5009,2.3066,2.1567,2.5195,2.5195,16758.3,16424.8,5724.52,325948.935,319462.36
603516.SH,20210430,24.14,0.6761,1.594,1.02,35.103,32.6718,5.0215,9.3315,8.6918,0.888,2.0716,18655.3975,18431.4675,7817.2835,450341.2957,444935.6255
600771.SH,20210430,17.66,3.1596,3.9473,1.07,271.4969,905.0856,3.5944,7.8317,8.0859,0.0,,49199.9697,49199.9697,39382.7736,868871.4649,868871.4649
000962.SZ,20210430,8.64,2.166,3.9966,1.12,77.2366,54.2568,3.0972,5.6306,4.8609,0.0,,44083.2644,44083.106,23891.426,380879.4044,380878.0358
002920.SZ,20210430,105.02,0.7465,2.0523,0.8,111.4755,83.5761,11.8725,8.4954,7.5056,0.1904,0.1904,55000.0,54985.0,20001.224,5776100.0,5774524.7
605500.SH,20210430,18.66,3.6398,3.6398,0.78,16.9371,14.3461,1.7506,1.7052,1.513,,,20000.0,5000.0,5000.0,373200.0,93300.0
688039.SH,20210430,59.86,0.4192,0.4823,0.67,46.5691,46.7012,3.2471,13.088,12.1178,0.6682,0.6682,8000.0,4831.626,4199.946,478880.0,289221.1324
300852.SZ,20210430,41.9,5.6723,5.6723,1.83,35.4525,33.7213,4.7857,6.5685,6.1125,,0.5304,10193.076,2548.8,2548.8,427089.8844,106794.72
002652.SZ,20210430,3.3,1.7111,2.8767,1.17,,,5.2216,1.3327,1.511,0.0,,51206.4,44780.263,26636.223,168981.12,147774.8679
600575.SH,20210430,2.15,0.4544,1.2373,1.18,17.5728,14.202,0.8478,0.6467,0.5431,4.6512,4.6512,388626.1065,388626.1065,142729.1911,835546.129,835546.129
000509.SZ,20210430,2.67,0.423,0.5575,0.85,379.0054,102.0025,17.8862,57.2085,56.1005,0.0,,107312.8052,82547.9873,62627.3953,286525.1899,220403.1261
603081.SH,20210430,11.63,0.2725,0.7503,0.68,14.8981,13.7085,2.1012,1.8624,1.7662,1.0318,1.0318,40181.3277,40181.3277,14591.5977,467308.8412,467308.8412
600200.SH,20210430,7.79,17.6554,21.3326,1.66,,,2.8566,2.9649,2.7936,0.0,,71238.8832,71238.8832,58959.307,554950.9001,554950.9001
601698.SH,20210430,15.61,6.2262,6.2262,1.16,127.7442,123.4208,5.3398,23.038,23.2501,0.1473,0.1473,400000.0,40763.7548,40763.7548,6244000.0,636322.2124
002847.SZ,20210430,133.76,0.7913,2.3305,0.66,71.5678,64.9021,20.3163,8.8333,8.2936,0.371,,12936.0,10957.3006,3720.3049,1730319.36,1465648.5283
300977.SZ,20210430,78.98,11.3038,11.3038,1.01,29.3812,27.7344,9.4643,6.1786,5.6161,,,4480.0,1120.0,1120.0,353830.4,88457.6
300185.SZ,20210430,3.0,1.3288,1.4348,1.07,30.6574,27.8547,1.7719,2.0554,1.9503,1.1181,1.1181,389678.3221,306572.2463,283912.0943,1169034.9663,919716.7389
002746.SZ,20210430,10.35,0.6263,1.0976,1.42,16.8416,23.5289,1.3033,1.8623,1.913,3.1237,,57369.2485,36311.7511,20719.2511,593771.722,375826.6239
600066.SH,20210430,13.61,0.3042,0.5167,0.47,59.6881,56.1461,1.9647,1.419,1.3672,7.1885,7.1885,226293.1223,221393.9223,130319.6908,3079849.3945,3013171.2825
300870.SZ,20210430,49.43,6.9369,6.9369,1.27,25.7912,24.9566,3.2626,2.401,2.1877,,,10120.0,2530.0,2530.0,500231.6,125057.9
600782.SH,20210430,6.56,1.5542,2.5136,0.66,7.7469,6.6262,0.8548,0.2889,0.2523,3.0488,3.0488,318872.2696,318872.2696,197162.4464,2091802.0886,2091802.0886
300259.SZ,20210430,4.22,0.6998,0.9307,0.82,13.0825,11.6962,1.9008,4.1534,3.9108,1.1789,1.1789,117565.7958,81415.7151,61215.6241,496127.6583,343574.3177
603676.SH,20210430,8.91,1.5113,9.0176,0.76,64.5091,57.0696,3.7632,5.2663,4.7489,0.5051,0.5051,42300.0,42300.0,7089.048,376893.0,376893.0
605303.SH,20210430,18.26,8.3455,8.3455,0.86,26.8282,25.5792,1.7921,2.0662,2.0362,,,16123.7408,4030.9352,4030.9352,294419.507,73604.8768
603189.SH,20210430,15.1,0.5626,1.1282,0.96,46.516,42.8914,3.6309,10.1648,9.5679,0.3311,0.3311,22080.0,22080.0,11010.0,333408.0,333408.0
600841.SH,20210430,8.73,0.4168,2.0633,0.98,37.2132,30.5642,1.8722,1.234,1.069,0.4696,0.4696,86668.983,52189.253,10544.0,756620.2216,455612.1787
605337.SH,20210430,47.73,7.5331,7.5331,0.51,34.435,28.9895,5.0135,6.7937,5.8052,,,15480.0,3870.0,3870.0,738860.4,184715.1
300239.SZ,20210430,7.44,12.6311,18.8653,1.18,210.4175,198.3756,3.9032,8.6498,7.8112,0.4039,0.4039,52181.0108,50500.269,33812.202,388226.7204,375722.0014
601333.SH,20210430,2.15,0.3071,0.5743,0.79,,,0.5415,0.9315,0.8961,2.7907,2.7907,708353.7,565223.7,302278.57,1522960.455,1215230.955
688678.SH,20210430,19.58,4.8123,4.8123,1.49,30.425,28.6435,2.5305,6.5658,5.7192,,,17335.0,3529.0007,3529.0007,339419.3,69097.8337
300583.SZ,20210430,22.19,1.5966,3.6485,0.6,,,1.4533,2.6062,2.4704,0.2355,0.2355,10725.2567,8375.5942,3665.1222,237993.4462,185854.4353
300636.SZ,20210430,28.39,1.2667,1.8327,0.49,52.1265,49.0808,4.6482,8.3862,7.6699,0.2993,,12861.992,10895.5494,7530.6275,365151.9529,309324.6475
002952.SZ,20210430,13.89,0.7504,1.1533,0.71,26.4632,26.9336,2.6869,4.9166,4.5597,1.8719,1.8719,16434.0,6966.3938,4532.8842,228268.26,96763.2099
601969.SH,20210430,5.95,0.5146,3.4283,0.82,81.6063,34.7708,2.7687,4.2084,4.2225,0.0,,195472.0314,195472.0314,29338.7314,1163058.5868,1163058.5868
000411.SZ,20210430,14.96,3.0309,6.6876,0.48,23.7588,22.6011,2.1891,0.1489,0.1442,0.4078,0.4078,24893.9935,20732.4696,9396.0724,372414.1428,310157.7452
603238.SH,20210430,23.36,1.1248,2.9614,1.04,10.8234,10.7572,2.3984,1.4367,1.3532,1.0389,1.0389,12362.0,12000.0,4558.0,288776.32,280320.0
603386.SH,20210430,16.4,0.7193,2.2707,0.58,30.6434,19.4715,3.123,1.7811,1.6209,0.3075,0.3075,22434.2608,22195.7568,7031.3492,367921.8771,364010.4115
300456.SZ,20210430,19.74,2.2304,2.7182,0.85,62.7372,55.2518,4.1635,16.4917,15.7006,0.152,0.152,63912.1537,34179.494,28045.3181,1261625.914,674703.2116
000657.SZ,20210430,8.67,4.0505,7.411,1.43,41.3396,36.766,2.0858,0.9215,0.8399,0.0,,105429.0442,94769.443,51797.2894,914069.8132,821651.0708
688027.SH,20210430,175.71,2.9419,2.9419,2.11,476.6866,565.1179,8.4803,104.7861,102.1939,,,8000.0,1700.0,1700.0,1405680.0,298707.0
603429.SH,20210430,35.36,0.726,1.2363,0.83,187.319,135.7471,11.5128,28.9663,25.7032,0.5252,0.808,38023.8957,37256.6957,21877.7457,1344524.952,1317396.76
300917.SZ,20210430,40.87,3.1668,3.1668,0.64,41.156,37.001,5.0391,3.6864,3.2365,,,10000.0,2383.295,2383.295,408700.0,97405.2667
688399.SH,20210430,179.05,6.212,6.212,0.57,12.8066,9.5127,5.1153,6.0332,4.3809,1.6755,1.6755,5862.0,3374.18,3374.18,1049591.1,604146.929
603737.SH,20210430,236.94,0.4444,1.3063,0.87,126.9686,100.1367,25.3194,7.7692,6.8885,0.1929,0.1929,26888.3918,26069.5587,8868.9448,6370935.5531,6176921.2384
601158.SH,20210430,5.32,0.1843,1.611,0.97,14.3968,12.3138,1.5899,4.0217,3.8267,4.8308,4.8308,480000.0,480000.0,54903.9311,2553600.0,2553600.0
603897.SH,20210430,18.09,3.9074,12.4703,6.65,18.5245,15.1582,1.6473,0.5144,0.4301,3.2062,3.2062,17840.424,17840.424,5590.094,322733.2702,322733.2702
600539.SH,20210430,7.35,0.2688,0.5514,1.02,151.6583,142.6335,3.9734,8.1543,5.9416,0.0,,23000.0,23000.0,11211.6377,169050.0,169050.0
002406.SZ,20210430,6.26,0.9891,1.1208,1.05,12.0415,10.9187,1.1804,1.8044,1.5759,3.5897,3.5897,62414.7078,49613.7481,43785.7984,390716.0708,310582.0631
300121.SZ,20210430,13.19,0.9228,1.5108,0.74,39.3381,23.6141,2.8358,2.5461,2.3295,2.3464,,37513.1706,36027.5855,22006.718,494798.7202,475203.8527
003011.SZ,20210430,47.39,4.6282,4.6282,0.75,18.4589,19.0571,2.8068,2.8397,2.5511,,,7334.0,1834.0,1834.0,347558.26,86913.26
000021.SZ,20210430,17.27,2.1905,3.9026,1.96,29.6438,26.0366,3.2687,1.6976,1.6423,0.3474,0.3474,147125.9363,147066.2677,82545.4519,2540864.9199,2539834.4432
603360.SH,20210430,13.7,0.2612,0.6074,1.01,16.146,19.4986,3.5984,4.7769,4.6605,3.1283,,26134.64,26134.64,11238.6512,358044.568,358044.568
002928.SZ,20210430,15.25,0.773,1.871,1.31,25.2197,23.3799,4.1084,3.2693,3.2345,0.33,0.33,101356.7644,101356.7644,41872.4299,1545690.6571,1545690.6571
000806.SZ,20210430,2.45,5.05,5.389,3.16,46.215,41.4988,41.6616,2.4366,2.4604,0.0,,109991.1762,69930.4718,65531.4566,269478.3817,171329.6559
000875.SZ,20210430,4.61,1.7762,2.4723,1.0,26.9053,20.091,1.233,1.2786,1.1612,0.0,,279020.8174,214631.398,154200.3657,1286285.9682,989450.7448
600521.SH,20210430,21.72,2.1797,3.7806,1.01,33.9789,32.7659,4.8443,4.8717,4.9277,0.8371,0.8371,145460.8047,145460.8047,83865.4222,3159408.6781,3159408.6781
300215.SZ,20210430,6.64,1.3261,2.4445,0.49,58.1226,33.0637,2.7368,7.1697,6.3782,6.0241,6.0241,75832.2487,56016.6162,30386.4754,503526.1314,371950.3316
300884.SZ,20210430,36.96,5.5896,5.5896,0.91,28.7399,27.0,3.5861,5.7015,5.4081,,,12000.0,2845.2726,2845.2726,443520.0,105161.2753
688488.SH,20210430,19.76,1.2331,1.2331,0.48,208.6705,172.3526,6.0537,28.7114,25.7469,,,42000.0,5414.0815,5414.0815,829920.0,106982.2504
002663.SZ,20210430,1.74,0.7098,0.8297,0.59,,,0.813,1.2295,1.1518,0.0,,179589.0452,131100.9212,112165.9125,312484.9386,228115.6029
600650.SH,20210430,9.56,0.4304,0.9738,1.22,21.8317,21.8064,1.4926,1.981,1.8384,2.6151,2.6151,55161.0107,39056.0075,17261.2122,527339.2623,373375.4317
000780.SZ,20210430,4.2,0.2918,0.7563,0.87,,,1.4409,2.3132,2.2392,0.0,,101430.6324,101430.6324,39135.9037,426008.6561,426008.6561
300157.SZ,20210430,3.29,0.9651,1.4165,0.9,,,2.6601,3.3665,3.2449,0.0,,71211.3257,70706.0576,48176.7217,234285.2616,232622.9295
600651.SH,20210430,3.38,1.4149,1.8172,1.15,19.6379,16.0197,3.5089,1.9113,1.711,0.0,,250702.8015,98522.0002,76713.4489,847375.4691,333004.3607
000816.SZ,20210430,3.04,1.4443,1.8398,0.71,78.6008,68.1228,2.0583,2.4884,2.1337,0.0,,142450.3318,133627.7472,104907.2772,433049.0087,406228.3515
300538.SZ,20210430,18.69,5.5262,8.7034,2.98,126.777,121.4673,6.1604,1.2783,1.2443,0.535,0.535,15159.8811,7745.5674,4918.0587,283338.1778,144764.6547
300766.SZ,20210430,12.82,2.725,3.5346,1.55,71.2594,81.3495,3.2095,10.2291,9.702,0.39,0.39,40010.0,30950.3134,23861.1947,512928.2,396783.0178
688021.SH,20210430,38.63,2.7479,2.7479,0.58,37.3086,34.6975,3.3249,9.5034,8.9278,0.5177,0.5177,7728.3584,4536.9711,4536.9711,298546.485,175263.1936
688468.SH,20210430,27.2,32.2795,32.2795,0.75,93.208,75.5472,9.6021,26.0813,22.7543,,,40100.0,3313.9075,3313.9075,1090720.0,90138.284
600663.SH,20210430,10.88,0.1712,0.764,1.47,10.9404,10.6138,2.0738,3.0323,3.3077,4.1912,4.1912,403419.744,293346.144,65745.5777,4389206.8147,3191606.0467
002552.SZ,20210430,12.06,0.3262,0.8418,0.99,487.0581,423.7017,5.4907,10.0721,9.5292,0.0,,30623.2338,23234.4046,9004.4168,369316.1996,280206.9195
300344.SZ,20210430,4.85,3.9291,5.1558,0.65,,,24.9431,12.1703,8.9922,0.0,,49611.4864,33212.0891,25310.0886,240615.709,161078.6321
300226.SZ,20210430,67.69,0.5935,0.8648,0.68,59.6475,56.983,9.1764,0.2208,0.2035,0.1477,0.1477,19093.062,18379.7069,12612.4777,1292409.3668,1244122.3601
300627.SZ,20210430,25.8,1.9307,4.1493,1.01,44.9651,38.9237,7.4857,6.2826,5.5091,0.8262,0.8262,34323.5388,26740.6881,12442.5738,885547.301,689909.753
600082.SH,20210430,2.77,0.3522,0.5013,0.76,54.2065,56.6263,1.0349,3.9069,3.0543,0.0,,64611.5826,63428.9782,44563.224,178974.0838,175698.2696
603958.SH,20210430,6.2,0.2607,0.8585,0.34,,,1.3723,1.5105,1.4622,0.4839,0.4839,21736.0,21736.0,6599.8996,134763.2,134763.2
605180.SH,20210430,32.23,1.4431,1.4431,,29.9726,22.8579,3.3449,8.738,6.7873,,,10000.0,2500.0,2500.0,322300.0,80575.0
002103.SZ,20210430,4.18,2.0156,3.3564,0.66,,,2.8065,0.8612,0.779,0.0,,53427.2953,42147.6412,25310.4031,223326.0944,176177.1402
300609.SZ,20210430,13.49,2.4259,3.1728,1.13,,,1.5573,7.5187,7.1367,1.8474,1.8474,12192.239,9079.37,6942.0872,164473.3041,122480.7013
002479.SZ,20210430,6.18,0.6994,1.0811,0.66,17.9209,13.5988,1.3634,1.1481,1.1259,2.4867,2.4867,86500.0,85723.951,55460.4152,534570.0,529774.0172
002925.SZ,20210430,40.68,0.3754,0.6205,0.74,31.0191,28.5592,6.8802,5.9872,5.1303,1.4323,1.446,78154.7439,72875.0252,44090.3065,3179334.9819,2964556.0251
002123.SZ,20210430,14.3,0.656,0.6994,0.64,114.7318,101.0326,2.6036,4.2429,4.2482,0.0,,81168.4388,66482.1278,62350.6934,1160708.6748,950694.4275
603799.SH,20210430,81.77,4.5412,6.5964,1.74,85.1438,60.6404,5.9947,4.6812,4.2774,0.0,,121290.4383,114126.1526,78569.1658,9917919.1398,9332095.4981
002049.SZ,20210430,117.11,3.7999,5.6206,2.45,88.1231,75.5954,13.4403,21.7306,19.8688,0.0581,0.0581,60681.7968,60681.7968,41025.5368,7106445.2232,7106445.2232
000565.SZ,20210430,5.04,1.1639,1.9577,1.37,39.6787,28.0747,1.7817,5.0482,4.6686,0.2976,0.2976,43359.222,43359.222,25778.3238,218530.4789,218530.4789
002434.SZ,20210430,7.93,0.5193,1.2859,1.11,17.2145,15.9428,1.5578,1.7521,1.6771,1.2352,1.2352,134000.0,133906.055,54074.555,1062620.0,1061875.0162
002530.SZ,20210430,7.88,0.3543,0.7434,0.46,,,2.9453,6.0704,5.9998,0.0,,77919.8175,63688.3381,30352.5386,614008.1619,501864.1042
688219.SH,20210430,16.43,4.8551,4.8551,0.94,41.4136,35.4941,4.3936,1.8299,1.6702,,,45928.3632,4149.0958,4149.0958,754603.0074,68169.644
688186.SH,20210430,28.3,0.9059,0.9883,1.0,26.9339,22.0764,2.6964,2.5762,2.1799,1.7668,1.7668,16480.0,9906.0,9079.9144,466384.0,280339.8
603226.SH,20210430,8.78,0.3888,1.4185,0.67,30.3378,22.4055,1.8354,3.0699,2.6946,,,21035.016,21035.016,5765.8661,184687.4405,184687.4405
300986.SZ,20210430,48.1,70.9856,70.9856,,33.4271,28.4776,5.2762,5.0295,4.5494,,,11706.6667,2775.4571,2775.4571,563090.6683,133499.4865
000430.SZ,20210430,6.27,5.1925,6.5765,1.19,,,1.7149,15.0015,13.7155,0.0,,40481.7686,33173.88,26192.4635,253820.6891,208000.2276
601238.SH,20210430,11.16,0.6793,2.9415,1.68,19.3631,14.0648,1.3342,1.8419,1.7028,1.5877,1.5877,1035099.6493,715027.4858,165113.4789,11551712.0862,7979706.7415
600929.SH,20210430,6.0,0.5527,1.5467,1.11,37.8844,36.5896,2.0738,2.544,2.4225,0.2833,0.2833,91775.6139,91775.6139,32796.3403,550653.6834,550653.6834
300173.SZ,20210430,4.74,0.7003,1.4011,0.63,300.4687,70.1362,2.2817,4.7093,3.1832,0.0,,73472.5698,63435.8209,31707.3363,348259.9809,300685.7911
002455.SZ,20210430,7.13,11.1499,13.2318,0.91,55.4704,31.0009,2.7153,1.6858,1.3814,1.8464,1.8464,51701.306,40172.8083,33851.9757,368630.3118,286432.1232
600512.SH,20210430,3.05,6.9795,8.515,2.91,8.0307,4.7126,0.8551,0.8261,0.6721,0.9836,0.9836,159890.2832,159890.2832,131058.1138,487665.3638,487665.3638
601877.SH,20210430,33.29,0.5834,1.2413,1.19,11.1359,11.5315,2.379,2.1524,2.0792,1.5013,1.5013,214997.3551,214997.3551,101048.2753,7157261.9513,7157261.9513
600126.SH,20210430,5.58,0.4792,1.4611,0.54,16.6292,13.966,0.9373,0.5812,0.5093,2.1505,2.1505,337718.9083,337718.9083,110768.9091,1884471.5083,1884471.5083
300151.SZ,20210430,32.41,1.4174,1.7135,0.74,96.4423,85.3245,15.2309,14.5669,13.4476,0.0,,50250.0,30821.383,25495.2455,1628602.5,998921.023
000726.SZ,20210430,6.05,0.9889,1.3186,1.74,53.3531,75.9904,0.674,1.0927,1.1557,1.6529,1.6529,85813.3968,56125.9102,42090.5519,519171.0506,339561.7567
002813.SZ,20210430,29.08,13.3675,20.4426,0.7,44.0655,39.1307,9.085,7.0831,7.6669,0.0,,12000.0,5504.3081,3599.2933,348960.0,160065.2795
002274.SZ,20210430,7.0,4.6004,7.8795,1.04,36.5029,13.6053,2.1562,1.093,0.9599,1.4286,1.4286,95236.4646,93799.913,54764.5929,666655.2522,656599.391
601228.SH,20210430,3.21,0.1313,0.8031,1.38,22.7758,22.3199,1.4115,1.7667,1.7236,1.3084,1.3084,619318.0,619318.0,101289.2858,1988010.78,1988010.78
601326.SH,20210430,2.66,0.091,0.3925,0.65,14.9352,13.8916,0.9553,2.3022,2.2153,3.3835,3.3835,558741.2,475755.9,110357.5437,1486251.592,1265510.694
300587.SZ,20210430,16.55,1.5548,2.174,0.67,28.7577,20.7948,3.4593,4.5651,3.8202,0.4833,0.4833,34074.3876,27797.1269,19879.4747,563931.1148,460042.4502
688070.SH,20210430,30.4,11.6953,11.6953,2.93,64.9718,82.5852,3.6694,9.7952,9.6825,,,8758.0,1798.9657,1798.9657,266243.2,54688.5573
002997.SZ,20210430,18.29,37.8054,37.8054,0.95,32.4873,35.0005,3.0516,3.5353,3.7958,,,18360.0,4590.0,4590.0,335804.4,83951.1
002170.SZ,20210430,3.78,1.2039,1.5969,1.53,43.3206,41.8647,1.6759,1.5764,1.5328,0.1587,0.1587,88686.2627,69322.0702,52262.3825,335234.073,262037.4254
300075.SZ,20210430,9.91,2.275,2.4688,0.68,30.0746,29.6611,1.5135,3.3746,3.2805,0.3614,0.3614,48149.7305,38348.3136,35338.0432,477163.8293,380031.7878
000820.SZ,20210430,3.73,5.9507,5.9519,0.56,,,,1429.7098,1429.7098,0.0,,63724.5222,28765.592,28760.192,237692.4678,107295.6582
000901.SZ,20210430,8.01,1.5627,2.2825,1.4,,,1.4628,1.1952,1.1367,0.1596,0.1596,79820.1406,76284.8553,52230.5374,639359.3262,611041.691
300264.SZ,20210430,3.35,2.1106,2.2804,0.73,,,5.5761,10.8875,9.7135,0.0,,41310.0,33363.3024,30878.5357,138388.5,111767.063
688456.SH,20210430,28.98,10.8756,10.8756,1.04,22.729,21.6198,2.8793,1.7301,1.5116,,,10366.0,2729.6102,2729.6102,300406.68,79104.1036
300796.SZ,20210430,19.87,1.8119,2.2632,0.96,62.67,38.9267,2.2815,5.9505,4.9632,0.4026,0.4026,12115.0,6185.2778,4951.7778,240725.05,122901.4699
605007.SH,20210430,21.5,6.5521,6.5521,0.48,25.4026,24.2625,4.7766,3.2643,3.0115,,,40001.0,4001.0,4001.0,860021.5,86021.5
601678.SH,20210430,6.22,1.6088,1.9341,0.62,21.6034,11.3568,1.4503,1.6969,1.5342,1.3735,1.3735,176158.3527,176158.3527,146527.4058,1095704.9538,1095704.9538
002235.SZ,20210430,4.39,4.3103,5.2256,0.58,,,2.0578,7.6002,7.486,0.0,,57957.2284,54401.9176,44872.6119,254432.2327,238824.4183
002688.SZ,20210430,6.22,1.5764,2.7743,0.61,33.6801,26.5782,2.4118,2.1776,2.1432,4.0193,5.627,63528.9655,62444.4508,35480.8088,395150.1654,388404.484
300506.SZ,20210430,4.32,2.0714,3.1382,0.85,,,2.0452,5.5175,3.7192,0.8102,0.8102,65504.5776,46136.4644,30452.7923,282979.7752,199309.5262
688129.SH,20210430,17.28,2.5434,2.5434,0.86,26.4647,23.7295,2.5598,5.0825,4.7273,,,12000.0,2850.0,2850.0,207360.0,49248.0
300018.SZ,20210430,4.9,2.4834,2.842,0.67,51.4489,50.2923,2.172,5.7975,5.4045,0.0,,48083.1536,39152.6496,34211.9328,235607.4526,191847.983
601858.SH,20210430,9.41,0.4287,1.6748,0.9,15.987,14.6237,1.7433,2.9472,2.8058,2.0191,2.0191,79050.0,79050.0,20236.3636,743860.5,743860.5
000702.SZ,20210430,4.8,1.5039,2.0088,0.9,38.1597,41.5551,2.2508,1.198,1.019,0.0,,26663.4576,26663.4576,19961.696,127984.5965,127984.5965
300622.SZ,20210430,18.28,2.1147,2.6364,0.95,45.1706,32.6487,4.949,4.7609,4.1229,1.1722,1.1722,17093.1597,10427.5042,8364.1659,312462.9593,190614.7768
002829.SZ,20210430,30.25,2.3286,2.9011,0.68,42.4972,39.7346,4.5012,6.8269,6.6935,0.0,,15468.504,8566.0354,6875.5918,467922.246,259122.5709
300229.SZ,20210430,8.22,0.6265,1.1841,1.1,18.4666,18.236,2.7026,4.5011,4.45,0.4055,0.4055,71701.683,70548.2765,37326.3876,589387.8343,579906.8328
300360.SZ,20210430,7.56,0.9419,1.3227,1.37,12.9996,12.5118,1.5516,3.4761,3.2944,2.035,2.035,50438.7126,43530.9974,30999.1864,381316.6673,329094.3403
601789.SH,20210430,3.75,0.5662,0.9232,1.1,13.0917,11.8638,1.1676,0.1849,0.1737,2.6667,2.6667,97608.3902,97608.3902,59868.4712,366031.4633,366031.4633
300686.SZ,20210430,15.93,1.9717,2.3514,1.77,40.3081,37.0121,2.4506,1.8232,1.66,0.3054,0.3054,26575.224,13762.7045,11540.5459,423343.3183,219239.8827
688055.SH,20210430,6.98,4.6648,4.6648,0.77,88.7832,49.5361,5.8419,5.3089,4.6139,,,333333.34,28333.339,28333.339,2326666.7132,197766.7062
002119.SZ,20210430,10.45,3.2933,4.674,0.67,44.6,39.4961,3.9457,2.5324,2.2457,0.2392,0.2392,37528.4,36750.35,25894.864,392171.78,384041.1575
000652.SZ,20210430,4.11,0.5202,0.7764,0.5,29.7883,29.7375,1.2198,0.322,0.3468,0.9732,0.9732,147557.3852,147434.4789,98776.4278,606460.8532,605955.7083
300231.SZ,20210430,7.28,1.1078,1.1666,0.82,19.7924,19.496,2.3937,1.3891,1.2935,1.9525,2.6034,44210.022,36653.3201,34804.6321,321848.9602,266836.1703
300412.SZ,20210430,8.71,1.688,2.5739,0.48,32.9933,31.0208,2.6401,2.2243,2.0568,1.8448,1.8448,25722.49,22250.9494,14592.5496,224042.8879,193805.7693
603056.SH,20210430,12.38,0.7642,3.2472,1.01,22.5269,19.0444,2.4223,0.4623,0.4188,0.2248,0.2248,102695.747,96000.0,22591.4855,1271373.3479,1188480.0
300026.SZ,20210430,4.37,3.7432,5.8957,2.18,22.8955,19.9751,1.7763,2.0234,1.8751,1.1448,1.1448,300415.4837,267169.5091,169629.294,1312815.6638,1167530.7548
002973.SZ,20210430,16.93,1.5597,1.5597,0.95,18.4166,18.4108,4.5945,2.4455,2.3635,0.2008,0.2008,40866.0,10647.1022,10647.1022,691861.38,180255.4402
300932.SZ,20210430,32.3,5.6403,5.6403,0.57,27.1111,27.5557,2.5304,3.0938,2.8728,,,12562.9513,2987.6414,2987.6414,405783.327,96500.8172
300586.SZ,20210430,7.69,0.7314,1.493,0.59,83.6596,72.3856,4.7276,2.3114,2.1891,0.5133,0.5133,45600.4342,28898.0917,14157.3937,350667.339,222226.3252
002767.SZ,20210430,10.06,0.6033,1.4943,0.86,72.1503,68.7203,2.0079,4.2574,3.9027,0.3479,0.3479,15000.0,12504.7856,5048.7393,150900.0,125798.1431
002139.SZ,20210430,13.95,3.9704,4.2045,1.02,29.9687,22.5233,4.3435,2.8756,2.4645,0.3177,0.6715,114614.9409,95198.0112,89897.7933,1598878.4256,1328012.2562
300503.SZ,20210430,12.48,5.9262,8.6788,3.48,51.1795,39.9396,3.1896,4.3686,3.9632,0.0,,30607.2836,19836.7672,13545.2752,381978.8993,247562.8547
300817.SZ,20210430,26.24,5.5949,5.7739,0.78,35.5259,30.3761,2.9189,4.2439,3.5992,0.794,0.794,10106.4,4430.4,4293.0,265191.936,116253.696
300955.SZ,20210430,54.26,36.7918,36.7918,1.17,58.5518,50.3648,5.9167,5.6467,5.0239,,,10080.0,2387.8829,2387.8829,546940.8,129566.5262
002060.SZ,20210430,3.23,1.4012,2.236,0.81,14.733,14.027,1.1346,0.3086,0.2984,1.8576,1.8576,120226.2058,120190.4981,75321.0841,388330.6447,388215.3089
002877.SZ,20210430,6.61,0.4208,0.8876,0.81,38.504,38.0946,2.9756,3.9838,3.7123,0.5734,0.5734,33252.2422,20586.2631,9760.6823,219797.3209,136075.1991
002250.SZ,20210430,22.53,0.534,0.7387,0.87,189.0428,90.1299,3.4021,4.35,3.7628,0.2221,0.2221,92324.6256,91821.352,66367.7667,2080073.8148,2068735.0606
000503.SZ,20210430,8.15,1.3474,1.8263,0.57,,,8.1046,35.3249,33.6634,0.0,,89882.2204,89882.2204,66311.9611,732540.0963,732540.0963
002492.SZ,20210430,5.41,1.9558,3.4707,0.47,21.6563,16.6654,1.5584,5.9327,5.365,0.7394,0.7394,40500.0,39813.1742,22435.4242,219105.0,215389.2724
688095.SH,20210430,199.9,4.68,4.68,1.15,83.4699,83.8092,3.1856,20.5359,19.996,,,4814.0,1142.1299,1142.1299,962318.6,228311.767
300860.SZ,20210430,55.42,3.2789,3.2789,0.53,29.1334,28.2324,2.4911,7.7135,7.7668,,0.9497,13694.0708,3423.8,3423.8,758925.4037,189746.996
000537.SZ,20210430,5.43,0.5111,1.9903,3.22,4.5729,4.8177,0.641,0.5121,0.4926,5.5249,5.5249,186252.072,173140.6933,44461.1083,1011348.751,940153.9646
600312.SH,20210430,5.9,0.4762,0.8003,0.69,63.4885,121.7827,0.8843,0.8185,0.8331,0.8644,0.8644,135692.1309,135692.1309,80742.3736,800583.5723,800583.5723
002786.SZ,20210430,6.41,8.5958,22.392,0.53,,,3.193,0.9799,0.9862,0.0,,49561.2,37974.0,14577.4,317687.292,243413.34
000421.SZ,20210430,5.21,0.8261,1.8052,1.08,13.2551,12.5824,1.0609,0.4362,0.4223,1.2476,1.2476,57264.6934,57264.6934,26205.6287,298349.0526,298349.0526
605108.SH,20210430,25.09,10.5074,10.5074,2.25,27.1083,28.1457,2.7078,3.8722,3.3324,,,20000.0,5000.0,5000.0,501800.0,125450.0
605178.SH,20210430,45.96,1.5107,1.5107,0.47,24.5327,27.5558,1.5746,3.6345,3.6192,,,7089.4,1772.7,1772.7,325828.824,81473.292
600433.SH,20210430,4.56,0.6604,1.004,0.93,32.4687,31.7025,2.0462,2.3761,2.2166,0.6001,0.6001,127131.5443,127131.5443,83619.4399,579719.842,579719.842
002368.SZ,20210430,20.41,2.0386,3.3521,2.95,32.0874,31.5986,3.5289,1.3865,1.3545,0.8513,0.8513,57964.208,57465.3814,34948.2439,1183049.4853,1172868.4344
603458.SH,20210430,15.52,1.2058,1.3311,0.93,7.296,7.1185,1.2021,1.3393,1.2144,3.4726,3.4726,24143.7855,23659.6005,21431.7755,374711.551,367196.9998
600990.SH,20210430,41.47,0.8403,1.5912,0.9,38.7713,35.8231,2.6178,1.6745,1.6561,0.1688,0.1688,15917.911,15917.911,8406.3279,660115.7692,660115.7692
603517.SH,20210430,86.31,0.3205,0.6442,0.5,74.8981,60.0833,10.085,9.9564,9.1908,0.6141,0.6141,60863.0695,60863.0695,30281.4155,5253091.5285,5253091.5285
601218.SH,20210430,3.78,1.9341,3.0664,1.96,15.803,15.4552,1.4465,1.8032,1.767,0.3483,5.6282,97736.0,97736.0,61647.5412,369442.08,369442.08
300926.SZ,20210430,20.85,11.4988,11.4988,0.62,44.0349,41.1674,3.3664,5.4003,4.9605,,,14213.34,3369.8662,3369.8662,296348.139,70261.7103
300046.SZ,20210430,22.01,13.6682,19.5316,1.81,161.4552,107.0225,5.1983,13.4092,12.23,0.0,,23653.1371,21312.0,14914.2,520605.5476,469077.12
300282.SZ,20210430,3.97,3.1115,4.2768,1.03,,,0.8549,4.1596,4.0168,0.5075,0.5075,37430.6455,37360.9661,27180.9343,148599.6626,148323.0354
600053.SH,20210430,16.37,0.3963,1.4972,1.32,81.8016,92.6311,2.6485,21.1004,24.3244,0.0,,43354.08,43354.08,11476.495,709706.2896,709706.2896
300224.SZ,20210430,10.4,1.2022,2.4186,1.48,64.118,57.4182,3.4227,4.3657,3.8308,1.8762,1.9231,82021.6556,81186.2686,40355.2538,853025.2182,844337.1934
002514.SZ,20210430,3.65,1.11,1.5437,0.83,,,3.2417,4.0803,3.5967,0.0,,55403.4264,40554.3559,29161.5991,202222.5064,148023.399
600880.SH,20210430,3.86,0.4156,0.6388,0.55,49.2661,46.2886,1.4332,8.7612,8.1204,0.5181,0.5181,109333.2092,109303.0175,71108.5362,422026.1875,421909.6476
300140.SZ,20210430,5.68,1.4541,2.1502,0.54,,,1.3415,1.2884,1.4272,0.0,,42724.4052,38564.3834,26078.3711,242674.6215,219045.6977
300100.SZ,20210430,9.96,5.6867,11.2471,1.3,44.6033,30.7868,2.2366,1.1321,1.0469,0.0,,40655.5894,38112.6448,19270.3697,404929.6704,379601.9422
688196.SH,20210430,52.4,1.6529,1.6529,0.6,25.9599,23.8007,2.7566,3.9339,3.7056,1.374,1.374,12000.0,2880.0,2880.0,628800.0,150912.0
300483.SZ,20210430,15.63,0.5771,0.7398,0.73,38.9508,41.0007,1.5018,2.7513,2.5087,0.1615,0.1615,26853.1716,21274.0525,16597.1307,419715.0721,332513.4406
600367.SH,20210430,7.1,1.5762,2.4659,0.63,38.0719,26.7258,1.5055,1.5228,1.3899,0.3694,0.3694,29547.795,29120.0,18613.2664,209789.3445,206752.0
600251.SH,20210430,6.66,1.2485,2.2505,0.62,21.1615,17.8569,2.0773,1.8873,1.2394,0.0,,78477.2008,77746.2008,43132.714,522658.1573,517789.6973
002943.SZ,20210430,15.29,3.0176,3.0233,0.59,,,1.985,4.1857,4.3019,0.327,0.327,10000.0,5285.2725,5275.35,152900.0,80811.8165
002991.SZ,20210430,78.35,3.0965,3.0965,0.41,40.7395,39.729,4.9952,6.2297,5.7649,1.3657,1.3657,9321.5831,2330.4,2330.4,730346.0359,182586.84
002002.SZ,20210430,3.77,3.0361,4.0247,1.16,13.4363,12.2539,1.2889,2.0272,1.9549,1.4086,1.4086,290034.3828,289649.1553,218502.3859,1093429.6232,1091977.3155
300428.SZ,20210430,12.65,0.7471,0.8705,0.87,17.539,15.5079,1.6627,0.5665,0.463,0.6632,0.6632,59975.3858,35039.7343,30072.8143,758688.6304,443252.6389
002591.SZ,20210430,5.7,1.3965,1.9908,0.26,,,2.2587,5.46,4.7561,0.0,,30448.0284,21510.0949,15088.585,173553.7619,122607.5409
600820.SH,20210430,5.27,1.0465,1.8573,2.28,7.3082,7.0923,0.7095,0.3068,0.29,3.9848,3.9848,314409.6094,314409.6094,177149.5563,1656938.6415,1656938.6415
000690.SZ,20210430,5.5,2.2495,2.7006,1.93,6.5832,6.7014,1.1578,1.6715,1.4931,3.6364,9.0909,217588.7862,208412.2831,173598.0773,1196738.3241,1146267.5571
000733.SZ,20210430,48.37,2.5702,3.8326,2.31,41.1202,33.5788,3.9981,6.3045,5.6988,0.1034,0.1034,51480.5618,51480.5618,34523.2274,2490114.7743,2490114.7743
600551.SH,20210430,7.29,1.1042,3.5643,1.34,13.7337,13.1203,0.759,0.5715,0.5264,0.0,,50582.5296,50582.5296,15670.0508,368746.6408,368746.6408
002020.SZ,20210430,10.79,2.4071,2.8594,0.79,11.6564,11.0845,1.8715,2.3365,2.317,3.0423,3.0423,70550.7776,59054.5913,49713.0901,761242.8903,637199.0401
300757.SZ,20210430,37.31,0.804,0.9988,0.98,,,5.4453,7.3455,5.1964,0.5173,0.5173,10400.0,5486.78,4416.3088,388024.0,204711.7618
603011.SH,20210430,4.53,0.971,2.2117,1.03,78.8223,33.4206,1.2002,2.4365,2.1501,0.4337,0.4337,45070.8094,44894.9194,19710.5572,204170.7666,203373.9849
300484.SZ,20210430,10.7,3.1839,3.7344,1.36,42.7007,43.9937,3.6547,5.5543,5.3672,0.0,,20800.0,15304.4978,13048.111,222560.0,163758.1265
605198.SH,20210430,27.29,4.7915,4.7915,0.58,66.0412,76.5295,4.728,11.9043,12.6781,,,36730.0,2000.0,2000.0,1002361.7,54580.0
605050.SH,20210430,11.41,4.271,4.271,0.92,16.1703,14.3481,1.6624,0.742,0.6277,,,43500.0,7500.0,7500.0,496335.0,85575.0
300166.SZ,20210430,8.68,1.8688,2.0887,1.31,30.3712,28.3912,1.563,4.3896,4.1989,0.553,0.553,105619.0495,81803.3806,73191.359,916773.3497,710053.3436
600571.SH,20210430,7.02,3.8462,5.0438,3.74,27.3817,25.6937,3.1794,2.4354,2.349,1.9943,1.9943,43927.7429,43071.0823,32844.0665,308372.7552,302358.9977
002091.SZ,20210430,6.52,0.6453,1.1017,0.58,10.427,10.3992,1.085,0.3387,0.3358,3.0675,3.0675,156353.6598,151385.9178,88664.5046,1019425.8619,987036.1841
300321.SZ,20210430,16.5,0.3644,0.8181,0.76,72.2469,79.8535,2.2945,3.5835,3.5013,2.4242,2.4242,8880.0,8360.767,3724.4956,146520.0,137952.6555
002861.SZ,20210430,17.3,0.6028,1.0187,0.49,46.908,46.3293,1.9798,1.7446,1.7382,1.1568,,12180.541,8324.7185,4926.0148,210723.3593,144017.6301
300284.SZ,20210430,5.53,0.4644,0.5297,0.87,13.8337,12.9297,1.0489,0.9768,0.9483,2.7125,2.7125,97140.598,69480.3722,60914.7826,537187.5069,384226.4583
603555.SH,20210430,2.62,1.0234,3.807,0.89,,,,1.3861,1.3425,0.0,,62860.2143,62860.2143,16898.7143,164693.7615,164693.7615
603677.SH,20210430,10.84,0.3331,1.2786,1.08,37.0557,31.8177,2.2115,1.3356,1.1843,4.4279,2.7675,19213.691,19213.691,5005.091,208276.4104,208276.4104
002567.SZ,20210430,7.22,0.9007,1.3268,0.97,9.1625,8.5644,1.2228,0.4703,0.4367,2.208,2.208,120601.7542,95718.1367,64978.0857,870744.6653,691084.947
601618.SH,20210430,3.08,1.3278,3.6842,2.96,8.1184,7.8732,0.8029,0.1595,0.1513,2.3377,2.3377,2072361.917,1785261.917,643390.387,6382874.7044,5498606.7044
002203.SZ,20210430,10.86,1.1327,2.7747,2.54,31.3379,27.2058,2.2393,0.4577,0.4204,0.6764,0.6764,195580.0811,185102.5147,75566.0883,2123999.6807,2010213.3096
002147.SZ,20210430,2.05,7.0302,7.0302,2.43,,,,2.2447,2.0821,0.0,,182807.6415,53699.5003,53699.5003,374755.6651,110083.9756
300398.SZ,20210430,14.77,0.5769,0.9708,0.83,33.1511,31.0151,2.8401,4.0875,3.7009,0.0,,51585.8018,50694.0351,30124.2337,761922.2926,748750.8984
002331.SZ,20210430,11.98,3.2169,5.77,2.0,,,2.5377,3.1325,3.3831,0.5843,0.5843,41207.2469,38302.6261,21354.2474,493662.8179,458865.4607
688318.SH,20210430,153.01,2.6749,2.6749,1.14,40.5635,36.0753,3.4573,37.3333,33.9084,0.3921,0.3921,6667.0,2002.4754,2002.4754,1020117.67,306398.761
603869.SH,20210430,8.64,0.4793,1.1991,0.94,257.1919,29.1585,1.0966,3.7103,3.4859,0.0,,50450.0508,49776.5821,19894.8922,435888.4389,430069.6693
000807.SZ,20210430,12.35,4.0299,6.6543,0.83,42.8044,27.5251,3.0879,1.3064,1.1467,0.0,,312820.6556,281401.0296,170419.2126,3863335.0967,3475302.7156
600438.SH,20210430,35.23,2.4539,4.596,1.49,43.9559,38.5785,5.0868,3.588,3.3748,0.5029,0.5029,450154.8184,428785.5684,228943.3169,15858954.2522,15106115.5747
603012.SH,20210430,5.94,0.6492,0.8064,0.48,10.3421,10.2188,1.2731,1.6532,1.6825,1.1785,1.1785,63656.0,63656.0,51248.0864,378116.64,378116.64
002488.SZ,20210430,6.65,1.7381,2.0519,1.54,,,1.7481,2.543,2.5826,0.0,,100191.4821,78220.2836,66256.8095,666273.356,520164.8859
002345.SZ,20210430,4.93,4.5059,7.2809,1.12,31.9535,16.6743,1.2603,1.3883,1.1993,1.9905,1.9905,90541.2707,88472.9365,54753.0902,446368.4646,436171.5769
300087.SZ,20210430,21.37,3.0946,5.6477,1.16,68.912,75.038,13.4154,5.7415,5.3502,0.2241,0.2241,43033.0071,39396.9094,21587.3888,919615.3617,841911.9539
688683.SH,20210430,14.07,7.8306,7.8306,0.86,33.0155,29.2401,2.5922,5.2148,4.7579,,,14856.0,3020.2856,3020.2856,209023.92,42495.4184
600283.SH,20210430,10.41,0.2774,0.8025,0.64,26.5106,22.2313,1.8169,2.7943,2.7251,0.0,,35299.5758,35299.5758,12202.7125,367468.5841,367468.5841
600063.SH,20210430,3.92,1.0987,1.5863,0.79,12.3515,10.9216,1.3305,1.0703,0.9973,1.5306,1.5306,192589.4692,192589.4692,133392.9574,754950.7193,754950.7193
002961.SZ,20210430,20.56,3.1476,3.9499,1.61,36.7676,28.9396,5.2844,6.8177,5.7513,0.8755,1.3132,44500.6373,10868.6373,8661.0073,914933.1029,223459.1829
002670.SZ,20210430,10.68,2.5181,6.3121,0.89,,,1.8251,4595.6087,4707.8257,0.0,,193508.4653,162335.0534,64760.926,2066670.4094,1733738.3703
300519.SZ,20210430,16.37,3.9436,7.452,0.69,26.4629,23.6701,3.0243,9.2525,8.4919,2.7489,2.7489,16000.0,11410.0,6038.1958,261920.0,186781.7
300468.SZ,20210430,17.74,2.3941,3.4759,0.66,67.4077,66.0897,4.2831,8.7556,8.0837,0.564,0.564,28329.1058,28239.0614,19449.8762,502558.3369,500960.9492
300123.SZ,20210430,7.79,2.3975,3.2656,1.55,223.5329,314.2962,1.5278,4.3298,4.5275,0.3851,0.3851,100763.0823,98767.6743,72510.7118,784944.4111,769400.1828
300188.SZ,20210430,16.71,0.6071,0.8757,0.49,35.9841,34.7748,4.1502,5.6496,5.5474,0.5376,0.5376,80672.6815,60127.0919,41687.8889,1348040.5079,1004723.7056
603118.SH,20210430,8.65,0.6781,1.2883,0.97,19.3525,18.8318,1.4124,0.7589,0.6926,1.4104,1.4104,77573.3332,77573.3332,40830.8801,671009.3322,671009.3322
300781.SZ,20210430,25.35,6.685,6.685,0.87,134.4144,109.7498,3.3802,6.6991,5.4986,0.789,0.789,8454.142,2754.66,2754.66,214312.4997,69830.631
002999.SZ,20210430,11.54,6.0322,6.0322,0.69,36.0334,35.6156,2.7562,0.2855,0.2703,,,24828.0,6208.0,6208.0,286515.12,71640.32
603021.SH,20210430,4.95,3.0705,5.3963,3.71,32.2883,34.6184,1.2509,1.5933,1.5138,0.0,,31994.807,31994.807,18205.4794,158374.2947,158374.2947
000936.SZ,20210430,6.24,1.4547,2.4497,1.04,,294.8268,1.1293,2.3471,2.3225,0.8013,0.8013,88601.2887,88537.874,52574.9257,552872.0415,552476.3338
300356.SZ,20210430,3.89,3.9611,5.3455,0.68,,,1.6475,4.0373,4.0344,0.0,,40790.462,38295.5228,28377.1768,158674.8972,148969.5837
002337.SZ,20210430,2.89,0.2274,0.3602,0.8,,,1.5435,4.7519,3.1937,0.692,0.692,58861.575,58773.0751,37095.0751,170109.9518,169854.187
002295.SZ,20210430,6.71,0.9662,1.7492,0.85,38.3764,21.8365,1.3507,0.3096,0.274,0.8942,0.8942,25061.6,25018.025,13819.555,168163.336,167870.9478
600080.SH,20210430,6.48,0.54,1.0697,0.53,64.0943,52.2067,1.3989,3.62,3.6253,0.463,0.463,37327.0285,37327.0285,18843.5777,241879.1447,241879.1447
600805.SH,20210430,3.57,0.4836,0.7114,0.71,,,0.6514,1.004,0.8633,0.0,,85089.4494,85027.5368,57802.8806,303769.3344,303548.3064
603766.SH,20210430,3.35,0.303,0.6068,0.85,13.2796,11.819,0.9302,0.6591,0.5899,2.9851,2.9851,205354.185,205354.185,102530.5795,687936.5198,687936.5198
603408.SH,20210430,15.85,1.4327,1.4327,0.72,19.3983,17.9918,2.8441,1.8461,1.6945,2.2082,2.2082,44668.0,4500.0,4500.0,707987.8,71325.0
000004.SZ,20210430,15.93,1.4145,1.7846,0.54,40.6865,40.3845,1.7995,9.3725,8.949,0.0,,16505.2625,11512.5619,9124.7557,262928.8316,183395.1111
601628.SH,20210430,33.07,0.1053,1.4612,0.96,18.5946,15.1329,1.9983,1.133,1.0861,2.2074,2.2074,2826470.5,2082353.0,150000.0,93471379.435,68863413.71
002350.SZ,20210430,4.99,0.641,0.7178,1.66,49.4102,35.8905,1.4648,1.2398,1.203,1.093,1.093,54236.9011,53721.1584,47977.7313,270642.1365,268068.5804
600505.SH,20210430,6.25,1.2344,2.7957,0.81,66.7297,45.1469,1.9044,2.3688,2.2744,0.496,0.496,36456.75,36456.75,16096.8977,227854.6875,227854.6875
300750.SZ,20210430,388.17,1.9061,2.157,1.37,161.9518,133.0592,13.7747,17.9698,14.957,0.0537,0.0537,232947.4028,135699.8128,119909.779,90423193.3449,52674596.3346
300315.SZ,20210430,4.22,3.079,3.305,1.71,36.7156,38.0731,2.0665,6.5038,6.7132,0.0,,275748.4192,263221.5846,245217.7483,1163658.329,1110795.087
000938.SZ,20210430,18.27,0.5926,1.3156,0.83,27.58,27.2531,1.8393,0.8752,0.8262,0.5864,0.5864,286007.9874,286007.9874,128840.8019,5225365.9298,5225365.9298
600887.SH,20210430,40.95,1.4784,1.6261,1.37,35.1903,28.4147,7.4588,2.5805,2.4127,1.9725,1.9725,608262.4833,593023.7087,539170.1261,24908348.6911,24284320.8713
002354.SZ,20210430,3.17,0.4926,0.495,1.07,34.4703,21.7536,1.8821,5.2915,4.9608,0.0,,166301.3961,145530.3906,144819.1995,527175.4256,461331.3382
300307.SZ,20210430,7.73,0.5054,1.158,0.57,,,2.3198,4.8922,4.1536,0.0,,78054.1776,77176.5047,33685.0618,603358.7928,596574.3813
300637.SZ,20210430,7.86,0.5991,0.9921,0.74,66.7338,41.0127,2.3835,3.732,3.2803,1.2723,1.2723,23475.013,23420.407,14142.247,184513.6022,184084.399
300762.SZ,20210430,42.35,2.1386,2.6068,1.17,54.2366,49.9053,6.5524,14.1549,13.669,0.1103,0.1103,21419.95,10802.1976,8861.8346,907134.8825,457473.0684
000625.SZ,20210430,16.37,2.9509,5.4819,0.75,26.7868,25.1063,1.6236,1.053,0.8478,0.0,,543959.1574,417825.2814,224912.7783,8904611.4066,6839799.8565
300273.SZ,20210430,6.14,8.8766,9.6829,1.1,77.7929,39.9217,1.8518,5.2299,4.5531,0.0,,79235.4216,62775.107,57547.8004,486505.4886,385439.157
002681.SZ,20210430,4.47,2.8072,3.5385,1.46,7.655,7.8489,3.6007,2.3055,2.1624,0.0,,182466.762,111937.7088,88804.0936,815626.4261,500361.5583
000922.SZ,20210430,7.43,0.6692,1.1506,0.63,10.9167,10.7153,1.6895,1.8795,1.8023,0.896,0.896,59921.2053,58236.3503,33869.3044,445214.5554,432696.0827
688585.SH,20210430,10.14,11.0818,11.0818,3.16,34.3709,42.112,4.0079,2.101,1.9099,,,40320.0,4104.0,4104.0,408844.8,41614.56
600256.SH,20210430,3.05,0.7133,1.1152,0.8,15.4154,10.9583,1.1665,1.3612,1.1742,0.0,,675403.278,675403.278,431997.3747,2059979.9979,2059979.9979
600030.SH,20210430,23.85,1.0896,1.3684,1.34,20.6883,19.2791,1.658,5.6691,5.3223,2.0964,2.0964,1292677.6029,981466.17,781496.5954,30830360.8292,23407968.1545
000828.SZ,20210430,10.1,0.5778,1.9148,0.85,11.5032,10.0823,1.3082,8.3564,7.2973,2.9703,2.9703,103951.6992,103951.5642,31367.3048,1049912.1619,1049910.7984
002183.SZ,20210430,5.1,1.2656,1.9826,1.18,87.7004,53.3766,1.781,0.1589,0.1483,0.1961,0.1961,212269.7819,212200.0282,135456.6782,1082575.8877,1082220.1438
002617.SZ,20210430,6.85,1.4098,1.8109,0.61,84.6338,78.7342,2.9746,3.8566,3.3988,0.0,,160367.1326,119848.3963,93307.5372,1098514.8583,820961.5147
300688.SZ,20210430,17.1,1.1499,1.7249,0.93,254.8191,120.9367,3.1404,11.4218,10.6752,0.4333,0.4333,10920.8976,7411.7407,4940.8898,186747.349,126740.766
688682.SH,20210430,78.0,23.9889,23.9889,1.26,64.3804,63.1175,5.1108,12.5917,12.0031,,,3700.0,751.7116,751.7116,288600.0,58633.5048
688689.SH,20210430,26.25,13.0703,13.0703,0.95,48.4693,42.6082,3.4388,5.5233,4.9781,,,12840.0,2920.3262,2920.3262,337050.0,76658.5628
300644.SZ,20210430,34.19,2.1928,5.0699,0.68,35.7726,30.7482,2.9617,1.9217,1.6036,0.5726,0.5726,6400.0,4476.9044,1936.3528,218816.0,153065.3614
300222.SZ,20210430,9.94,7.9636,9.4263,0.95,,,3.9431,2.6271,2.5367,0.0,,72376.209,54347.1845,45913.9356,719419.5175,540211.0139
600533.SH,20210430,3.14,4.2537,8.0185,9.35,10.0987,7.3456,0.7391,1.0007,0.7423,3.1847,3.1847,105000.0,105000.0,55700.96,329700.0,329700.0
002736.SZ,20210430,10.5,0.1577,0.5079,0.88,15.2561,14.6771,1.3909,5.3732,5.3348,1.6249,,961242.9377,882711.8644,274045.3313,10093050.8459,9268474.5762
300337.SZ,20210430,4.44,1.2927,2.3569,0.78,215.1361,83.2805,2.4437,1.5395,1.3744,0.2252,0.2252,82192.0,70833.6857,38849.7452,364932.48,314501.5645
300871.SZ,20210430,52.92,12.0838,12.0838,1.28,38.9463,31.0587,4.0538,7.522,6.1175,,,11050.7018,2770.0,2770.0,584803.1393,146588.4
000552.SZ,20210430,2.87,2.0159,3.7667,1.08,14.7478,14.3715,0.8211,1.7801,1.7338,3.4843,3.4843,228697.105,228374.1262,122223.5682,656360.6914,655433.7422
002709.SZ,20210430,67.4,3.8154,5.8519,1.26,117.4308,80.4083,17.5409,15.1917,12.137,0.0438,0.2184,92842.0063,64426.7654,42005.9379,6257551.2246,4342363.988
000068.SZ,20210430,2.65,0.3016,0.5509,0.55,,,7.8902,11.6656,9.8647,0.0,,100667.1464,100667.1464,55123.7969,266767.938,266767.938
603026.SH,20210430,79.3,3.3274,4.8101,0.83,61.8669,31.5491,7.0075,3.5914,3.0387,0.0,,20268.0,20268.0,14020.3276,1607252.4,1607252.4
002079.SZ,20210430,9.61,2.7035,3.9378,1.49,81.7556,57.793,3.8446,4.0943,3.6234,0.3941,0.8103,76886.4673,72652.6076,49878.7724,738878.9508,698191.559
688335.SH,20210430,32.64,1.6074,1.6074,0.97,35.4711,29.6944,2.1649,6.2995,5.596,,,7252.1508,1733.4574,1733.4574,236710.2021,56580.0495
002558.SZ,20210430,13.7,0.3339,0.7384,1.04,26.9522,26.8534,2.8831,12.508,13.2593,0.8998,0.8998,202437.9932,202437.9932,91537.6951,2773400.5068,2773400.5068
600458.SH,20210430,8.11,0.8852,1.8071,0.68,19.935,16.4865,1.343,0.4317,0.3934,0.3083,0.3083,80279.8152,80279.8152,39322.1524,651069.3013,651069.3013
002584.SZ,20210430,6.5,10.5815,12.1963,0.99,66.8837,48.9582,1.8773,0.6093,0.5839,0.0,,58521.6422,39398.7482,34182.1781,380390.6743,256091.8633
002318.SZ,20210430,13.39,1.521,2.3808,0.94,16.959,15.686,2.713,2.6405,2.4073,1.9295,,97717.072,95350.374,60914.5667,1308431.5941,1276741.5079
000823.SZ,20210430,10.55,1.4581,2.0923,1.17,18.2752,16.2936,1.4769,1.096,1.0154,0.9479,0.9479,53696.6,53692.0512,37417.8712,566499.13,566451.1402
000551.SZ,20210430,8.41,0.3039,0.4732,0.77,28.8384,24.733,1.7065,1.0471,0.9598,0.0,,40008.0405,40008.0405,25695.5351,336467.6206,336467.6206
600792.SH,20210430,3.85,2.045,6.9329,0.98,64.5606,35.217,1.0991,0.8074,0.7592,0.0,,98992.36,98992.36,29199.9171,381120.586,381120.586
300176.SZ,20210430,5.93,1.657,2.4286,1.86,147.765,60.5626,2.4379,1.9574,1.843,0.0,,38728.08,37518.9764,25599.1728,229657.5144,222487.5301
000016.SZ,20210430,6.44,2.2125,3.2926,2.59,32.4667,20.1115,1.8226,0.308,0.2961,0.7764,0.7764,240794.5408,159657.43,107282.7368,1550716.8428,1028193.8492
300339.SZ,20210430,9.56,2.1715,2.8869,0.5,45.5728,41.4249,2.6148,3.0695,2.8959,0.0,,79641.0841,77146.3242,58028.3206,761368.764,737518.8594
600287.SH,20210430,4.94,0.5595,1.1184,0.68,13.4368,23.9629,0.9014,0.5002,0.4729,1.7952,1.7952,44328.2774,43679.6074,21851.7719,218981.6904,215777.2606
600151.SH,20210430,8.53,1.4189,2.2785,0.79,71.3361,50.1106,2.2658,2.0078,2.0232,0.0,,143425.2287,143425.2287,89318.9076,1223417.2008,1223417.2008
000536.SZ,20210430,2.96,0.3635,0.6335,0.76,13.3922,7.8422,1.4855,3.732,3.3081,0.0,,276603.2803,276308.2516,158556.1674,818745.7097,817872.4247
002885.SZ,20210430,12.0,4.7446,7.5246,0.39,65.8581,108.2553,2.7152,1.6441,1.5082,0.4167,0.4167,18000.0,11923.3131,7518.2064,216000.0,143079.7572
002289.SZ,20210430,7.67,1.6696,2.7609,0.8,,,7.3255,15.4177,13.6374,0.0,,28025.3733,26472.4233,16008.5045,214954.6132,203043.4867
600901.SH,20210430,5.88,0.3991,1.1701,1.28,9.3554,8.9711,1.294,4.6792,4.5309,4.0816,4.0816,298664.9968,295749.0012,100875.7744,1756150.1812,1739004.1271
002353.SZ,20210430,33.01,1.7857,2.1838,0.95,18.7052,18.1042,2.7785,3.8118,3.7754,0.4831,0.4831,95785.3992,60476.657,49450.2748,3161876.0276,1996334.4476
300435.SZ,20210430,11.24,1.7607,3.5928,1.67,21.676,19.2785,1.8077,2.1496,1.9755,0.4449,0.4449,37819.03,28809.6859,14118.8597,425085.8972,323820.8695
300084.SZ,20210430,3.82,0.917,0.9779,1.11,,,1.1609,2.9182,2.7872,0.3927,0.3927,38476.5738,32975.2181,30921.5882,146980.5119,125965.3331
002365.SZ,20210430,9.13,1.3805,1.5485,1.34,25.4875,24.8058,1.5188,2.2939,2.1225,1.6012,1.6012,29468.25,24320.7409,21681.1177,269045.1225,222048.3644
300653.SZ,20210430,58.8,3.3379,6.699,1.3,59.6278,49.3735,10.2178,24.0588,20.1285,0.8503,0.8503,12000.0,12000.0,5979.2056,705600.0,705600.0
002206.SZ,20210430,5.88,1.2651,1.5097,0.83,28.583,21.9416,2.5759,2.0473,1.8982,1.611,4.8329,122302.8645,96336.4338,80727.7052,719140.8433,566458.2307
603045.SH,20210430,10.75,3.13,3.13,2.49,33.468,23.9765,1.7808,0.642,0.5571,1.3733,1.3733,13762.0,9493.2694,9493.2694,147941.5,102052.6461
002363.SZ,20210430,5.34,0.7256,1.2571,0.63,47.2363,51.2984,0.9929,1.3918,1.3496,8.3333,8.3333,41610.0301,41575.8167,23998.6727,222197.5607,222014.8612
600640.SH,20210430,10.95,0.9213,3.0088,1.14,844.8688,170.0279,1.9397,1.9583,1.7889,0.4932,0.4932,79569.594,79569.594,24363.2395,871287.0543,871287.0543
300297.SZ,20210430,3.29,5.4059,7.1428,1.66,,,1.5754,3.9328,4.3753,0.0,,124983.5981,102338.6539,77454.0749,411196.0377,336694.1713
002695.SZ,20210430,18.58,1.3127,3.3372,1.79,33.765,33.5257,4.2127,3.9105,3.8081,0.5388,0.5388,51278.5928,46126.8293,18143.9496,952756.2542,857036.4884
000628.SZ,20210430,8.77,1.733,2.0155,1.6,12.8281,12.3232,2.0502,0.5584,0.5156,0.0,,35228.0,19207.404,16515.174,308949.56,168448.9331
003029.SZ,20210430,22.15,9.5394,9.54,1.22,37.2341,38.9064,3.2402,6.5466,6.2297,,,18040.0,4510.0,4509.69,399586.0,99896.5
600221.SH,20210430,1.67,0.5941,0.9055,1.24,,,,0.9546,0.9279,0.0,,1680612.033,1643600.2728,1078316.206,2806622.0951,2744812.4556
002572.SZ,20210430,29.12,1.7441,2.0347,1.17,22.2841,20.0264,4.2456,3.1807,2.8416,1.8887,,91237.0038,63744.3963,54639.7063,2656821.5507,1856236.8203
002112.SZ,20210430,6.81,1.4112,2.2627,1.3,43.2768,42.8284,3.3737,1.3588,1.2832,0.0,,20160.0,19880.2893,12399.0672,137289.6,135384.7701
600187.SH,20210430,2.28,0.7642,1.029,1.24,123.4578,1260.1593,1.1045,9.9471,9.2061,0.0,,165393.5128,165393.5128,122831.1728,377097.2092,377097.2092
002759.SZ,20210430,18.59,6.0065,13.1966,0.69,,128.6752,2.7532,10.0642,8.2435,0.2152,0.2152,40215.2567,40215.2567,18304.2487,747601.6221,747601.6221
000716.SZ,20210430,3.11,1.2415,1.8953,0.97,253.9667,49.545,0.8453,0.6024,0.562,0.6431,0.6431,74399.955,66908.0772,43827.4484,231383.8601,208084.1201
603519.SH,20210430,16.83,0.4917,1.1564,0.36,39.0535,36.1584,4.6979,2.8756,2.5933,1.7825,1.7825,22193.9866,22193.9866,9437.1306,373524.7945,373524.7945
300925.SZ,20210430,35.04,5.1468,5.1468,0.79,37.3262,37.0774,3.9797,2.3292,2.0327,,,12947.0098,3069.992,3069.992,453663.2234,107572.5197
300153.SZ,20210430,6.6,16.6832,31.0681,1.43,,,2.7867,3.008,2.6674,0.4545,0.4545,32000.0,31734.7386,17041.1686,211200.0,209449.2748
000861.SZ,20210430,2.21,1.0415,1.7994,0.75,161.2168,243.7296,1.3491,3.9486,4.0256,0.4328,0.4328,232550.3251,216775.0788,125465.2049,513936.2185,479072.9241
002083.SZ,20210430,4.19,0.8539,1.1481,0.47,17.0351,17.7456,1.0475,0.8584,0.8375,2.2612,2.2612,90802.3162,90543.0086,67343.5286,380461.7049,379375.206
600335.SH,20210430,5.08,0.9837,2.3597,1.51,17.3137,16.8784,0.7048,0.1677,0.1488,1.1811,1.1811,145687.5351,102973.6837,42926.7069,740092.6783,523106.3132
300537.SZ,20210430,12.32,4.4476,5.2785,0.82,,,2.1401,3.1576,2.9899,0.6494,0.6494,19302.7584,12538.113,10564.5142,237809.9835,154469.5522
300658.SZ,20210430,18.54,2.7962,5.1132,0.52,9.3949,10.5456,2.5515,1.7743,1.7498,1.6171,1.6171,15177.0,8903.55,4868.9487,281381.58,165071.817
002733.SZ,20210430,15.03,1.1078,1.8032,0.58,75.7204,109.7055,1.9766,2.2676,2.1226,1.5157,1.5157,38421.4913,36528.9279,22442.671,577475.0142,549029.7863
300523.SZ,20210430,22.74,1.2944,2.4344,1.94,57.5398,157.4793,3.5109,3.2062,3.5078,0.4485,0.4485,23263.7638,22784.082,12114.4998,529017.9888,518110.0247
603197.SH,20210430,28.84,1.9373,3.1684,1.57,25.998,21.4961,3.903,1.4297,1.3641,1.1159,1.1159,16513.3017,16394.1057,10024.069,476243.621,472806.0084
000038.SZ,20210430,11.31,1.8707,2.8571,0.93,74.3384,79.0636,2.0491,2.7756,2.2062,0.0,,52277.7419,23817.7966,15594.5337,591261.2609,269379.2795
000977.SZ,20210430,27.01,2.7499,4.3333,1.64,26.7756,24.9868,3.0861,0.6229,0.6187,0.2569,0.2569,145372.131,145250.4294,92172.9961,3926501.2583,3923214.0981
300795.SZ,20210430,15.77,2.962,2.9802,0.53,,,3.7752,16.7412,14.5282,6.3412,,10016.4,3691.5919,3669.0619,157958.628,58216.4043
600196.SH,20210430,60.24,5.3591,10.0451,1.52,42.1504,39.2568,4.0955,5.0942,4.753,0.6474,0.6474,256289.8545,201095.8045,107286.2755,15438900.8351,12114011.2631
002329.SZ,20210430,4.81,5.0411,5.7504,1.14,,,1.9741,1.618,1.4696,0.2079,0.2079,83764.0035,53312.5328,46736.9481,402904.8568,256433.2828
600757.SH,20210430,5.66,0.861,1.9778,1.28,8.4129,7.1964,0.8436,1.0291,0.9569,3.5336,3.5336,121365.0273,121349.7103,52830.0866,686926.0545,686839.3603
002949.SZ,20210430,18.78,0.8646,1.0967,0.71,21.2468,19.183,2.8869,1.9437,1.7793,1.065,1.065,19603.0977,9349.7977,7371.2977,368146.1748,175589.2008
601816.SH,20210430,5.88,0.2404,0.2929,1.26,89.4265,89.4754,1.5689,11.4407,11.1753,0.898,0.898,4910648.4611,2732869.5141,2242913.4646,28874612.9513,16069272.7429
688329.SH,20210430,26.35,13.0296,13.0296,1.45,28.3883,24.0861,2.766,6.5624,5.9869,,,7720.0,1570.4226,1570.4226,203422.0,41380.6355
603050.SH,20210430,12.19,1.2726,1.8198,0.61,17.9245,15.8905,1.6046,1.1278,1.0696,1.3947,1.3947,16221.01,16155.235,11297.5476,197734.1119,196932.3147
603311.SH,20210430,11.64,0.8438,1.9956,1.37,26.1849,25.0588,2.758,3.5255,3.3728,1.3746,1.3746,21000.0,21000.0,8879.5564,244440.0,244440.0
603355.SH,20210430,44.82,1.0245,5.8747,1.42,56.1456,42.8477,5.0352,2.9319,2.5709,0.5662,0.5662,41086.25,40100.0,6993.0051,1841485.725,1797282.0
000615.SZ,20210430,20.98,4.2636,7.384,0.37,,,9.4094,8.2468,6.6362,0.0,,78118.0319,77165.9743,44556.3316,1638916.3093,1618942.1408
002420.SZ,20210430,4.49,0.6716,0.915,1.17,27.3442,22.68,3.0348,0.5878,0.5526,0.0,,40100.0,39170.4786,28750.5886,180049.0,175875.4489
300154.SZ,20210430,5.63,0.9379,1.9641,1.09,38.3278,30.0689,1.5706,4.6133,3.6133,3.5548,3.5548,45529.6,32135.215,15345.225,256331.648,180921.2605
300719.SZ,20210430,11.98,1.8797,2.8065,1.1,31.8837,28.6149,2.8991,4.993,4.7946,0.8352,0.8352,25410.725,18041.5882,12083.4988,304420.4855,216138.2266
600228.SH,20210430,10.8,4.0161,5.3967,1.56,,,28.1473,24.32,22.187,0.0,,82326.7005,24132.0,17958.6606,889128.3654,260625.6
001201.SZ,20210430,73.93,2.9931,2.9931,,13.7456,13.7456,3.1085,6.8532,6.8532,,,12667.0,3167.0,3167.0,936471.31,234136.31
300008.SZ,20210430,5.05,2.1541,2.2625,0.71,341.4475,355.2092,5.2554,16.6679,14.0898,0.0,,172802.9133,74325.9738,70766.067,872654.7122,375346.1677
600028.SH,20210430,4.28,0.1177,0.8754,1.18,15.7388,7.3361,0.6777,0.2461,0.2436,6.0748,6.0748,12107120.9646,9555777.1046,1284854.3653,51818477.7285,40898726.0077
300202.SZ,20210430,4.95,0.3704,0.5196,0.07,56.9732,58.3347,1.6703,4.8069,4.98,1.6162,1.6162,54950.4,44647.2206,31821.6898,272004.48,221003.742
002348.SZ,20210430,2.26,11.6562,19.9719,0.95,,,2.8701,4.2168,4.4675,0.0,,94720.0,85423.8289,49855.8353,214067.2,193057.8533
300331.SZ,20210430,20.91,0.7228,0.8103,0.47,89.4908,74.9205,3.0104,3.3949,3.1713,0.4782,0.4782,22604.8841,16542.3071,14754.5572,472668.1265,345899.6415
603389.SH,20210430,4.24,0.5421,1.8854,0.63,66.661,,1.6983,3.5716,3.4273,0.0,,26275.2,26275.2,7555.2,111406.848,111406.848
002825.SZ,20210430,14.22,0.7864,1.3366,0.71,25.4155,22.3671,2.4085,1.942,1.728,1.2054,4.0183,17122.1847,9177.0641,5399.224,243477.4664,130497.8515
605018.SH,20210430,13.48,8.7811,8.7811,1.52,27.9831,25.5126,2.8327,3.8625,3.5833,,,41668.0,4168.0,4168.0,561684.64,56184.64
002132.SZ,20210430,3.13,1.297,1.8078,0.68,32.1551,23.7484,1.3878,1.3883,1.28,1.5471,1.5471,125649.8403,125341.4703,89925.6098,393284.0001,392318.802
688020.SH,20210430,79.45,1.0634,1.3106,1.29,53.3084,61.1751,3.9013,22.0284,22.3752,0.6293,0.6293,8000.0,3666.2518,2974.7846,635600.0,291283.7055
300659.SZ,20210430,36.51,3.5642,4.2244,1.53,34.2362,31.846,5.3753,8.337,7.6496,0.3208,0.3208,22668.9141,14805.0213,12491.0956,827642.0538,540531.3277
600118.SH,20210430,29.24,1.5623,3.2188,1.47,97.7998,95.4205,5.7971,4.9342,4.7659,0.342,0.342,118248.9135,118248.9135,57394.7959,3457598.2307,3457598.2307
300036.SZ,20210430,15.86,1.1901,1.2312,1.0,30.5774,30.2258,3.3165,4.4568,4.3279,0.3007,0.3007,45243.524,37878.07,36614.518,717562.2906,600746.1902
000837.SZ,20210430,8.56,1.4069,2.0256,0.91,38.8223,23.9837,2.6685,1.4494,1.194,0.0,,69337.091,69309.9024,48140.3422,593525.499,593292.7645
688699.SH,20210430,132.74,16.3658,16.3658,0.79,90.344,61.1258,8.5733,18.7937,15.3901,,,7436.8,1691.4309,1691.4309,987160.832,224520.5377
300413.SZ,20210430,68.05,0.6646,0.9711,0.55,61.1226,53.2374,10.6637,8.6505,7.9252,0.147,0.147,178037.7511,93135.6654,63742.8228,12115468.9624,6337882.0305
002324.SZ,20210430,17.35,1.9446,2.7824,1.31,37.0519,35.119,5.281,3.2966,3.0479,0.3602,,84505.1931,49378.9207,34510.6631,1466165.1003,856724.2741
300004.SZ,20210430,5.84,1.195,2.3613,0.9,18.8658,17.2613,1.2433,3.5101,3.1952,0.0,,47999.3598,42508.8122,21513.1836,280316.2612,248251.4632
300756.SZ,20210430,28.91,11.8736,11.8736,1.02,,61.3273,2.7515,7.6965,5.7241,0.7906,0.7906,10196.62,3335.0318,3335.0318,294784.2842,96415.7693
300915.SZ,20210430,67.15,3.9938,3.9938,0.53,46.402,40.5457,3.0101,7.048,6.5033,,,6000.0,1500.0,1500.0,402900.0,100725.0
300373.SZ,20210430,44.68,2.5673,5.7585,0.58,60.5237,47.8789,5.0468,8.7483,7.4528,0.181,0.181,51240.0109,47211.6893,21048.4173,2289403.687,2109418.2779
002303.SZ,20210430,3.61,0.9104,1.1519,1.28,28.4821,29.385,1.1339,1.6427,1.517,9.2244,,153132.3685,91990.8898,72702.8371,552807.8503,332087.1122
605117.SH,20210430,47.75,20.7153,20.7153,0.77,21.3085,18.644,3.7149,2.6952,2.4196,,,17066.7,4266.7,4266.7,814934.925,203734.925
600595.SH,20210430,3.24,0.2778,0.6695,0.88,,,3.5138,0.7768,0.6325,0.0,,196122.4057,196122.4057,81367.6467,635436.5945,635436.5945
603398.SH,20210430,9.04,2.0692,5.377,1.12,67.1166,82.3093,3.4333,5.3416,5.4531,0.0,,29638.28,29638.28,11405.5762,267930.0512,267930.0512
002588.SZ,20210430,5.12,0.8168,1.2352,0.81,20.5898,18.1344,1.2428,0.958,1.0015,0.3906,0.3906,115688.4,78658.745,52018.4079,592324.608,402732.7744
002649.SZ,20210430,9.4,2.193,2.4957,1.04,15.1209,13.1358,1.6636,1.1607,1.1004,0.9939,3.3131,53220.617,46862.9776,41179.0411,500273.7998,440511.9894
000672.SZ,20210430,19.33,0.7695,1.717,0.69,7.7633,7.6938,2.2037,2.445,2.3811,4.5898,4.5898,81361.9871,81361.9871,36463.6828,1572727.2106,1572727.2106
688083.SH,20210430,576.37,2.0487,2.0487,0.6,296.5778,291.7313,13.368,78.2797,73.5707,,,6194.3857,1349.4557,1349.4557,3570258.0859,777785.7818
000892.SZ,20210430,2.74,5.9419,6.591,3.7,,,1.424,14.5342,13.3572,0.0,,98098.0473,53744.6766,48451.6668,268788.6496,147260.4139
600839.SH,20210430,2.55,0.4189,0.5456,0.8,259.4749,28.1749,0.9017,0.1246,0.1155,0.3922,0.3922,461624.4222,461495.8631,354314.5069,1177142.2766,1176814.4509
002473.SZ,20210430,5.05,0.4383,0.8535,0.88,,,,422.9317,54587.513,0.0,,16000.0,16000.0,8215.6706,80800.0,80800.0
603063.SH,20210430,12.66,1.5634,2.4327,0.91,20.6153,18.1336,1.9163,2.3509,2.309,0.1253,0.1253,43425.7,42819.4,27517.96,549769.362,542093.604
000659.SZ,20210430,3.83,0.6409,0.8792,0.6,,,8.926,3.9065,3.7341,0.0,,128570.252,128570.252,93726.8112,492424.0652,492424.0652
300076.SZ,20210430,4.19,2.0252,3.3416,1.43,111.8773,236.4033,1.7282,9.89,9.5915,0.0,,42400.0,38234.1568,23172.4221,177656.0,160201.117
300115.SZ,20210430,19.51,1.1236,1.8998,0.84,32.537,29.7907,2.8609,1.9929,1.8973,0.466,0.466,100085.643,90596.3702,53580.6943,1952670.8949,1767535.1826
300859.SZ,20210430,21.95,26.2227,26.2227,1.09,,,5.6758,66.467,57.9899,0.0,,15500.0,3875.0,3875.0,340225.0,85056.25
300392.SZ,20210430,8.53,1.3672,2.4416,0.82,,,8.4077,3.6769,4.316,0.0,,38400.0,29552.0,16547.312,327552.0,252078.56
688551.SH,20210430,28.03,4.9151,4.9151,1.19,41.4995,33.5803,2.401,13.801,12.0938,,,8000.0,1900.0,1900.0,224240.0,53257.0
601336.SH,20210430,48.61,0.7297,2.1663,1.28,10.6087,9.4989,1.4614,0.7342,0.69,2.9006,2.9006,311954.66,208543.934,70249.7025,15164116.0226,10137320.6317
601615.SH,20210430,17.74,2.2822,2.6828,1.14,25.1875,23.3438,2.1876,1.5411,1.4534,0.311,0.311,195092.8712,105869.1544,90058.8853,3460947.5351,1878118.7991
000727.SZ,20210430,2.85,0.5692,0.8494,0.95,17.3086,9.1887,7.4753,0.1883,0.1534,0.0,,452956.698,341922.2152,229117.5182,1290926.5893,974478.3133
600114.SH,20210430,7.7,1.7845,2.5513,2.72,54.2428,44.6788,1.7717,1.4455,1.3081,2.5977,2.5977,61638.9397,61330.8037,42897.1821,474619.8357,472247.1885
002285.SZ,20210430,5.87,1.0342,1.9169,0.6,107.6424,40.9353,2.3446,1.7756,1.7272,0.0768,0.0768,203357.9072,201373.6396,108641.9816,1193710.9153,1182063.2645
002882.SZ,20210430,8.6,0.3369,0.933,1.11,19.3976,16.6051,1.8744,1.1637,1.0708,3.4884,3.4884,43290.0,24652.5,8902.5,372294.0,212011.5
600611.SH,20210430,3.5,0.2852,0.409,1.57,15.4554,13.3029,0.8988,3.3472,3.3431,3.514,3.514,236412.2864,156331.6364,109013.029,827443.0024,547160.7274
002506.SZ,20210430,3.11,0.7485,1.2033,0.66,,,4.3755,3.0571,3.248,0.0,,585550.2667,507535.1413,315717.9268,1821061.3294,1578434.2894
002109.SZ,20210430,4.56,1.9196,6.267,0.79,22.4473,14.7775,1.1888,2.475,2.1572,0.4386,0.4386,105294.4789,105294.4789,32251.4745,480142.8238,480142.8238
300035.SZ,20210430,11.2,2.4229,2.5424,1.05,43.9212,35.0345,3.2976,7.3894,6.3368,0.5354,0.5354,64236.5824,52803.1329,50319.8704,719449.7229,591395.0885
688128.SH,20210430,15.39,0.6063,1.0149,0.72,22.0201,21.6695,2.6573,2.4707,2.3189,1.9493,1.9493,40450.0,9395.6209,5612.7601,622525.5,144598.6057
300137.SZ,20210430,6.82,4.6937,4.9046,1.27,28.0116,27.8766,1.805,3.011,2.9662,1.4512,1.4512,55103.255,47614.9639,45567.5037,375804.1991,324734.0538
603890.SH,20210430,13.13,0.9081,1.7662,0.89,20.7817,18.039,2.7113,1.43,1.2732,1.0698,1.0698,39009.6977,38364.9067,19725.1963,512197.3308,503731.225
601827.SH,20210430,9.22,4.3439,4.3439,1.3,21.4647,13.6019,1.8607,3.1392,2.7706,0.0,,167826.8,37826.8,37826.8,1547363.096,348763.096
300514.SZ,20210430,8.01,2.1616,4.0297,1.16,47.626,48.8978,2.7143,2.4283,2.4351,0.6242,0.6242,20000.0,15291.2,8202.59,160200.0,122482.512
600825.SH,20210430,4.45,0.9172,1.8907,1.5,,,1.935,3.5965,3.4756,0.1573,0.1573,104488.785,104488.785,50686.785,464975.0933,464975.0933
688202.SH,20210430,369.98,1.8513,1.8513,0.52,177.2889,144.0452,19.59,34.4449,29.6058,,,6200.0,2600.5654,2600.5654,2293876.0,962157.1867
000633.SZ,20210430,7.19,1.3566,2.0449,0.47,305.6298,211.5597,16.6472,21.0674,20.2635,0.0,,38510.6373,38510.4123,25548.2848,276891.4822,276889.8644
002757.SZ,20210430,14.72,0.5812,1.2521,0.85,16.7112,15.319,2.0749,2.0391,1.8018,1.3587,1.3587,29546.8065,24111.946,11192.4757,434928.9917,354927.8451
002621.SZ,20210430,5.97,1.1871,2.8568,0.7,,,5.6085,13.8468,13.0209,0.0,,82666.2867,79347.1931,32972.2919,493517.7316,473702.7428
002007.SZ,20210430,42.08,2.1503,3.4618,1.12,47.591,47.4288,9.8025,15.2829,15.4495,0.7312,,182436.6726,157258.027,97682.6787,7676935.183,6617417.7762
002325.SZ,20210430,2.29,0.3911,0.4863,0.54,,,1.0617,0.807,0.8161,0.8677,0.8677,125760.741,95148.5846,76517.531,287992.0969,217890.2587
002084.SZ,20210430,6.62,4.7381,7.9115,1.65,24.1225,18.6098,2.0662,1.0992,0.9974,0.0,,55459.8528,54779.5119,32806.4412,367144.2255,362640.3688
300072.SZ,20210430,5.34,0.5769,1.2435,0.66,,,1.6019,1.759,1.694,0.5618,0.5618,234972.0302,213890.373,99232.415,1254750.6413,1142174.5918
000825.SZ,20210430,6.37,2.3502,6.446,0.75,20.9111,10.5151,1.0416,0.5382,0.4963,1.5699,1.5699,569624.7796,566107.8984,206400.465,3628509.8461,3606107.3128
300332.SZ,20210430,4.55,0.3513,0.4486,0.71,71.7555,51.3719,1.1883,2.3646,2.4074,0.2637,0.2637,88020.0859,84034.9509,65813.2626,400491.3908,382359.0266
688116.SH,20210430,66.55,1.3937,1.5094,0.96,143.8679,104.4887,8.9722,32.6947,24.483,0.2149,0.2149,23185.8116,17654.7919,16301.4071,1543015.762,1174926.4009
300181.SZ,20210430,7.28,2.944,3.5189,1.15,49.8953,36.415,2.5248,4.0617,3.5794,0.2747,0.2747,60862.4848,46380.5438,38803.6001,443078.8893,337650.3589
603637.SH,20210430,7.15,0.333,0.4561,0.77,26.7561,24.6555,2.2239,1.5895,1.4778,1.998,1.998,24370.2033,24302.8269,17741.335,174246.9536,173765.2123
000968.SZ,20210430,6.01,0.4944,1.2843,0.62,46.5652,45.8867,1.2892,4.0352,3.8711,0.8319,0.8319,96750.266,96750.266,37246.6449,581469.0987,581469.0987
605179.SH,20210430,17.16,17.5408,17.5408,1.32,51.9561,45.2055,5.2932,3.5339,3.1918,,,40100.0,6100.0,6100.0,688116.0,104676.0
600115.SH,20210430,5.22,0.4166,0.955,1.16,,,1.7128,1.4581,1.5112,0.9579,0.9579,1637950.9203,980848.5682,427824.5682,8550103.804,5120029.526
603222.SH,20210430,18.35,14.1836,30.4819,2.44,977.4,116.5498,5.505,7.1244,6.2551,0.2457,0.2457,34074.3468,32000.0,14890.02,625264.2638,587200.0
000937.SZ,20210430,3.66,2.9059,8.4135,1.8,16.4642,18.5844,0.6512,0.6265,0.6,2.7322,2.7322,353354.685,290659.9842,100390.666,1293278.1471,1063815.5422
002838.SZ,20210430,19.06,0.759,1.9771,0.54,9.0943,9.0863,4.0936,1.7584,1.6176,1.9314,1.9314,40798.9996,34751.8252,13340.9679,777628.9324,662369.7883
300733.SZ,20210430,18.85,2.802,4.9263,0.87,398.2494,114.6189,2.4899,6.2959,5.3707,0.4952,0.4952,17139.9371,11887.9093,6761.7878,323087.8143,224087.0903
002507.SZ,20210430,39.95,1.7906,2.9963,1.29,40.5798,38.7053,8.7241,13.8752,12.6191,0.7509,0.7509,78935.7241,77778.8237,46478.9837,3153482.1778,3107264.0068
002333.SZ,20210430,5.66,0.3363,0.9578,0.89,137.4397,69.9824,2.0617,4.3985,3.6198,0.0,,65260.36,42752.26,15013.06,369373.6376,241977.7916
000534.SZ,20210430,12.83,0.5333,1.1194,1.83,82.7671,83.9328,5.9422,11.4926,12.1632,0.3872,0.3872,49496.3096,49150.7596,23418.827,635037.6522,630604.2457
003042.SZ,20210430,33.41,9.8932,9.8932,0.52,35.3703,35.5362,2.3605,2.335,2.3114,,,10960.0,2740.0,2740.0,366173.6,91543.4
002475.SZ,20210430,36.96,0.8016,1.3115,0.54,35.9879,34.2455,8.9998,2.8111,2.6805,0.2479,0.2479,703542.6367,702599.6241,429445.8605,26002935.8524,25968082.1067
600361.SH,20210430,3.65,0.7392,1.6419,1.73,23.5674,33.5147,1.0394,0.2545,0.2624,1.9178,1.9178,66580.7918,66580.7918,29975.1147,243019.8901,243019.8901
603100.SH,20210430,15.3,3.0139,6.9743,2.08,15.8554,10.6348,2.1046,1.4209,1.3026,1.3072,1.3072,39500.0,39500.0,17070.0611,604350.0,604350.0
300865.SZ,20210430,28.25,5.537,5.537,1.28,41.6221,42.3041,3.0027,4.4544,4.3824,,,9568.0,2392.0,2392.0,270296.0,67574.0
300096.SZ,20210430,7.28,0.7464,1.0106,0.37,272.7705,727.1685,4.7902,2.9783,3.0325,0.0687,0.0687,43000.0,37651.0229,27810.5599,313040.0,274099.4467
600038.SH,20210430,50.9,1.4105,3.2653,1.93,39.6004,34.5001,3.3184,1.5266,1.4354,0.5894,0.5894,58947.6716,58947.6716,25464.0232,3000436.4844,3000436.4844
600128.SH,20210430,6.24,1.0199,1.3752,0.88,47.9921,41.7903,0.8047,0.3482,0.3211,0.8013,0.8013,24676.75,24676.75,18301.9029,153982.92,153982.92
603698.SH,20210430,17.78,2.4929,9.8608,0.67,53.1403,42.4583,3.2488,4.6027,4.1602,0.4893,0.4893,53599.0,53599.0,13550.3927,952990.22,952990.22
002730.SZ,20210430,17.07,0.5104,1.3405,0.53,97.6828,97.4587,5.4467,6.8158,6.5851,0.5858,0.5858,32267.4,30662.4,11674.9,550804.518,523407.168
002284.SZ,20210430,6.38,6.5032,11.7081,0.5,287.673,74.3405,1.8898,1.6111,1.4316,0.0,,73763.1936,68599.5403,38103.5361,470609.1752,437665.0671
002537.SZ,20210430,6.64,6.2641,11.3395,1.3,38.5656,31.4813,2.0321,1.2997,1.1967,0.0,,123783.5239,123777.0664,68375.7129,821922.5987,821879.7209
600593.SH,20210430,24.21,8.0974,16.7069,2.33,,,6.9409,27.3005,23.5692,0.0,,12880.0,12880.0,6242.5696,311824.8,311824.8
000809.SZ,20210430,1.86,0.5341,0.8128,0.85,,,0.5068,8.1481,8.068,0.0,,82479.1293,82479.1293,54193.3793,153411.1805,153411.1805
601882.SH,20210430,17.0,0.7274,3.015,0.62,64.2014,46.9978,6.6343,5.4373,4.6683,0.2647,1.4,52200.0,52200.0,12594.0,887400.0,887400.0
000564.SZ,20210430,2.34,1.1923,1.3178,0.88,,,0.5557,6.3359,6.4926,0.0,,598200.4024,200595.2559,181497.9639,1399788.9416,469392.8988
000617.SZ,20210430,5.93,0.1967,1.1784,1.55,9.5575,9.764,0.826,91.5067,96.0507,3.1197,3.1197,1264207.9079,1264207.9079,211014.3133,7496752.8938,7496752.8938
002578.SZ,20210430,3.55,2.3546,4.5408,0.79,55.8504,50.9857,2.4208,2.2017,2.0973,0.0,,98809.3296,85181.2634,44170.671,350773.1201,302393.4851
300396.SZ,20210430,23.96,1.4756,3.8919,0.95,24.7637,23.0007,3.8609,7.0566,6.8687,2.0724,2.0724,27603.0,25134.2955,9529.8615,661367.88,602217.7202
002286.SZ,20210430,10.64,4.8169,7.5482,0.75,78.7953,87.9589,2.4441,1.9123,1.7789,0.282,0.282,36925.6,36925.3488,23564.0476,392888.384,392885.7112
002574.SZ,20210430,4.18,0.7955,1.6887,0.97,,,0.7407,0.8794,0.7882,0.7177,0.7177,52800.0,52800.0,24873.9502,220704.0,220704.0
300131.SZ,20210430,7.27,2.114,2.2337,0.83,28.9112,23.0635,5.2318,0.7463,0.7768,0.0,,106952.6426,84601.0863,80067.1499,777545.7117,615049.8974
600829.SH,20210430,6.28,0.3122,1.2399,0.59,25.0696,26.585,1.7917,0.4549,0.4391,0.0,,57988.8597,57988.8597,14599.4243,364170.0389,364170.0389
300343.SZ,20210430,2.84,2.8404,2.8404,0.71,,,4.4912,1.8911,1.9899,0.0,,115758.5966,86081.4247,86081.4207,328754.4143,244471.2461
300683.SZ,20210430,46.54,3.5089,7.1565,3.2,,,2.7908,9.1775,7.7927,0.3438,0.3438,10335.504,9505.779,4660.779,481014.3562,442398.9547
600090.SH,20210430,1.36,0.1771,0.3377,0.1,,,0.5023,2.1905,2.1905,0.0,,143966.2945,143966.2945,75507.8802,195794.1605,195794.1605
300668.SZ,20210430,11.91,1.273,2.0529,0.85,61.7736,91.8561,2.6917,4.0291,3.9535,1.9162,1.9162,10540.0,5687.2707,3526.6844,125531.4,67735.394
688158.SH,20210430,38.81,0.1004,0.1577,0.46,,,5.2141,6.6793,5.9556,0.1288,0.1288,42253.2164,31317.36,19942.3789,1639847.3285,1215426.7416
000671.SZ,20210430,5.73,1.246,2.6518,1.76,4.5445,4.4996,0.8718,0.2887,0.2859,3.4208,3.4208,414025.94,405646.0453,190595.6011,2372368.6362,2324351.8396
600241.SH,20210430,3.7,0.7648,1.6766,1.01,,,1.0765,2.1108,1.8674,0.0,,29430.2115,29430.2115,13424.5566,108891.7826,108891.7826
601766.SH,20210430,5.97,0.2144,0.5339,0.97,15.1206,14.3682,1.1854,0.7526,0.7266,2.5126,2.5126,2869886.4088,2432779.8048,976940.8598,17133221.8605,14523695.4347
300960.SZ,20210430,26.86,11.2992,11.2992,0.8,37.3253,35.8399,4.3213,8.6539,8.4609,,,10238.5812,2427.8373,2427.8373,275008.291,65211.7099
601169.SH,20210430,4.76,0.4909,0.7038,2.64,4.6844,4.6346,0.4829,1.5652,1.5794,6.4076,6.4076,2114298.4272,2114298.4272,1474719.1845,10064060.5135,10064060.5135
001896.SZ,20210430,7.08,4.2872,11.9761,0.7,27.9459,28.5564,1.3296,0.9384,0.8554,0.0,,115058.7847,115058.7847,41188.7163,814616.1957,814616.1957
603787.SH,20210430,18.38,0.7266,2.697,0.71,36.7191,25.9751,3.5416,0.7398,0.6663,0.6529,0.6529,20400.0,20400.0,5496.08,374952.0,374952.0
300323.SZ,20210430,8.88,0.951,1.1767,0.83,603.8078,178.8204,1.7546,4.1652,3.7948,0.0,,124023.6453,107301.5014,86713.7563,1101329.9703,952837.3324
601963.SH,20210430,11.19,6.862,6.862,1.19,8.7891,8.6779,0.968,2.9797,2.9029,,,347450.5339,34745.0534,34745.0534,3887971.4743,388797.1475
002454.SZ,20210430,5.29,0.6409,1.1646,0.87,13.4674,12.1552,0.9069,0.9827,0.875,1.1342,1.1342,62858.16,62528.8803,34411.7049,332519.6664,330777.7768
603949.SH,20210430,14.72,3.9172,3.9172,0.7,21.1368,18.1703,3.0766,6.3328,5.835,1.4557,1.4557,20980.61,5245.8,5245.8,308834.5792,77218.176
300513.SZ,20210430,8.41,0.842,0.9462,0.88,24.6482,24.1978,1.034,1.8617,1.8265,1.308,1.308,31369.1155,23671.5502,21064.4967,263814.2614,199077.7372
600258.SH,20210430,25.59,2.1994,4.4089,1.11,,,3.2239,4.7853,4.394,0.2737,0.2737,98771.5462,97889.1302,48832.6293,2527563.8673,2504982.8418
300848.SZ,20210430,32.51,15.4913,15.4913,0.64,42.4857,37.8072,5.472,5.7274,4.7389,,0.3076,13334.0,3334.0,3334.0,433488.34,108388.34
300972.SZ,20210430,18.64,15.4685,15.4685,0.55,29.7642,43.9549,4.3854,6.3585,6.8539,,,15350.0,3639.8574,3639.8574,286124.0,67846.9419
600446.SH,20210430,13.96,0.6345,1.0072,0.92,36.9565,27.5591,4.0175,2.3291,2.1721,0.1833,0.1833,94151.7905,85534.8284,53882.7672,1314358.9954,1194066.2045
300197.SZ,20210430,2.97,1.0444,1.5035,1.01,142.5612,83.5235,1.2785,1.9907,1.8891,0.0,,282287.0843,177637.4303,123393.556,838392.6404,527583.168
300401.SZ,20210430,13.51,0.5722,0.857,0.54,27.3415,24.6276,2.4804,12.1063,11.6598,0.0,,55100.7557,53071.598,35435.2619,744411.2095,716997.289
002532.SZ,20210430,10.13,10.5864,52.3008,0.69,24.6425,17.5685,2.3427,1.7161,1.3856,0.0,,465188.5415,28396.3488,5747.8046,4712359.9254,287655.0133
002807.SZ,20210430,4.13,0.6225,0.6226,1.27,8.4876,8.3448,0.7499,2.6767,2.7062,4.3583,4.3583,217200.5463,216943.238,216889.238,897038.2562,895975.5729
601688.SH,20210430,15.92,0.5587,0.7992,0.59,13.3518,12.8519,1.0947,4.5954,4.3305,1.866,1.866,907665.0,731211.632,511147.6375,14450026.8,11640889.1814
300251.SZ,20210430,13.01,0.6838,1.7561,1.19,131.1308,82.9663,4.1307,32.9283,32.5485,0.3843,0.3843,293360.8432,278400.9632,108399.8282,3816624.57,3621996.5312
300454.SZ,20210430,273.49,0.9035,1.0669,1.68,139.8269,124.7774,17.3334,20.7336,19.0475,0.0687,0.0687,41380.8338,21368.078,18095.7045,11317244.236,5843955.6522
688229.SH,20210430,74.38,2.3516,2.3516,0.86,106.0555,279.7115,3.9939,23.7861,23.4659,1.3444,1.3444,4440.0,1054.5,1054.5,330247.2,78433.71
000056.SZ,20210430,3.42,4.0071,10.7694,1.27,,,0.8443,5.8578,5.4393,0.0,,117452.872,90372.8783,33626.1852,401688.8222,309075.2438
600309.SH,20210430,102.74,1.7773,1.7773,1.44,32.1247,21.1032,6.3479,4.3928,3.6082,1.2653,2.5307,313974.6626,142375.642,142375.642,32257756.8355,14627673.4591
300106.SZ,20210430,9.5,3.3984,5.8412,1.01,168.0695,108.5023,3.4596,2.4474,2.2027,0.0,,21133.231,21133.231,12295.4139,200765.6945,200765.6945
600271.SH,20210430,11.85,0.6673,1.2597,1.84,21.2419,12.5853,1.7618,1.0066,1.0158,1.951,1.951,185285.0203,185285.0203,98157.3809,2195627.4906,2195627.4906
600095.SH,20210430,8.12,4.6432,5.3017,1.4,61.1188,44.421,2.0293,29.7972,18.3455,0.0149,0.0149,268199.0294,46775.9831,40966.5523,2177776.1187,379820.9828
002033.SZ,20210430,6.87,1.3271,2.4129,0.65,53.5539,46.0207,1.4806,8.7578,8.1724,1.7467,1.7467,54949.0711,54948.0181,30220.5046,377500.1185,377492.8843
688195.SH,20210430,20.45,12.1384,12.1384,0.53,37.3136,40.5833,3.216,9.8244,9.552,,,12935.0,2937.6504,2937.6504,264520.75,60074.9507
002856.SZ,20210430,11.36,2.1739,4.1581,1.9,99.7746,54.9652,1.85,1.2312,1.1177,0.0,,13531.2808,9757.3033,5101.2808,153715.3499,110842.9655
002600.SZ,20210430,8.24,2.4082,2.4603,1.03,25.6634,21.8279,3.8897,2.0665,1.9924,2.4217,2.4217,705795.4108,227667.5218,222848.2828,5815754.185,1875980.3796
601908.SH,20210430,8.05,2.3156,5.1113,1.39,44.1641,33.9242,1.8895,4.7921,4.3935,0.0,,241460.2861,199301.7701,90291.9033,1943755.3031,1604379.2493
300074.SZ,20210430,3.53,0.9157,1.2069,0.74,83.1525,47.1551,1.6442,4.232,4.0507,0.0,,53389.29,48779.6186,37007.7438,188464.1937,172192.0537
600179.SH,20210430,4.67,0.3738,0.5426,1.45,15.7605,13.9788,3.3592,4.2156,3.8421,0.0,,436428.6051,356494.5567,245574.0447,2038121.5858,1664829.5798
300937.SZ,20210430,54.33,11.8492,11.8492,0.83,96.2197,116.4895,6.7626,1.8628,1.7819,,,9566.6682,2271.639,2271.639,519757.0833,123418.1469
603960.SH,20210430,27.17,1.0078,1.6374,0.6,54.8791,57.589,7.2369,9.254,9.6946,0.4239,0.4239,26094.45,25726.0573,15833.7164,708986.2065,698976.9768
603689.SH,20210430,9.76,0.4538,1.4412,0.85,15.6843,14.4312,1.3558,0.6884,0.6511,2.1516,2.1516,33600.0,33600.0,10580.3566,327936.0,327936.0
603002.SH,20210430,6.23,2.1327,4.1601,0.6,25.4267,19.5713,2.7732,2.275,1.8522,0.6794,0.6794,91447.1311,61441.17,31498.6205,569715.6268,382778.4891
600068.SH,20210430,7.11,0.6123,1.0712,1.42,7.6454,7.1743,0.9648,0.2907,0.2743,2.1941,2.1941,460477.7412,460477.7412,263228.6188,3273996.7399,3273996.7399
600584.SH,20210430,36.8,3.0794,3.9209,0.95,50.2055,42.065,3.4836,2.4746,2.3841,0.0,,177955.3,135984.4003,106797.2131,6548755.04,5004225.931
688606.SH,20210430,159.85,11.9906,11.9906,0.56,12.6858,10.8054,3.1149,7.588,6.354,,,5390.4145,1249.7021,1249.7021,861657.7578,199764.8807
600535.SH,20210430,14.1,1.137,2.184,1.27,18.9437,18.4825,1.736,1.571,1.873,2.3331,2.3331,151266.6229,151266.6229,78750.5633,2132859.3829,2132859.3829
002779.SZ,20210430,10.49,0.8308,2.4339,0.32,,,2.2453,3.5066,3.1847,0.1144,0.1144,13200.0,11843.4525,4042.5,138468.0,124237.8167
002962.SZ,20210430,15.18,2.6982,4.1517,1.04,26.7458,24.5495,2.1047,6.3114,5.8802,1.0855,1.0855,24469.9,10413.084,6767.43,371453.082,158070.6151
300770.SZ,20210430,46.99,2.8384,10.5902,1.22,18.8846,18.3098,3.9084,8.8945,8.6677,1.0641,1.0641,23105.8146,14153.2002,3793.403,1085742.2281,665058.8774
002564.SZ,20210430,3.24,1.9416,2.7886,0.98,,,1.1229,0.3652,0.323,0.0,,86937.5282,86833.0188,60458.13,281677.5914,281338.9809
688159.SH,20210430,19.93,0.9429,1.3002,1.16,,,2.2312,3.1854,3.097,0.4064,0.4064,9167.9495,6195.6041,4492.7391,182717.2335,123478.3897
600889.SH,20210430,5.63,16.8506,32.6533,3.02,186.985,12.5348,1.3598,5.6358,4.6749,0.0,,36634.601,36634.601,18905.1337,206252.8036,206252.8036
000593.SZ,20210430,4.59,0.8705,1.536,1.0,47.136,32.5055,1.6423,1.2906,1.1717,0.0,,35863.1009,35848.3169,20317.6813,164611.6331,164543.7746
688183.SH,20210430,13.42,14.9872,14.9872,2.76,25.4148,28.1725,2.8057,3.0723,3.0468,,,83182.1175,11000.4789,11000.4789,1116304.0169,147626.4268
300533.SZ,20210430,18.73,1.3799,1.6398,1.75,32.9959,79.6523,1.6518,7.3236,7.2203,2.4915,2.4915,15100.38,9903.8203,8333.7243,282830.1174,185498.5542
603256.SH,20210430,8.82,2.4691,2.4691,0.9,66.1281,65.1792,5.1297,12.4759,11.6786,0.8163,0.8163,87780.0,13597.3021,13597.3021,774219.6,119928.2045
600316.SH,20210430,29.51,4.1646,8.0324,2.33,159.5799,118.6693,4.1089,4.1751,3.9076,0.0508,0.0508,71711.4512,71711.4512,37180.2292,2116204.9249,2116204.9249
300502.SZ,20210430,38.62,2.4177,2.7393,0.89,28.4455,25.5286,3.9332,7.0014,5.9468,0.3043,0.3043,36220.4466,23334.6509,20595.3053,1398833.6477,901184.2178
601888.SH,20210430,311.99,0.514,1.1005,0.99,99.2116,66.8744,24.1814,11.5815,9.6547,0.2308,0.2308,195247.5544,195247.5544,91183.2854,60915284.4973,60915284.4973
002402.SZ,20210430,20.99,1.2345,1.2945,0.65,48.4454,43.3913,6.2919,4.112,3.6864,0.2859,0.7623,91401.6928,80180.0804,76468.2054,1918521.5319,1682979.8876
000790.SZ,20210430,6.2,11.3652,14.7751,1.43,101.8954,89.2676,4.1368,5.0328,4.9082,0.1613,0.1613,61636.0564,61636.0564,47411.117,382143.5497,382143.5497
603229.SH,20210430,38.96,0.5593,1.5609,0.53,107.3227,84.9272,7.9596,22.7721,19.6708,0.1288,0.1288,23920.6372,22400.0,8025.92,931948.0253,872704.0
600818.SH,20210430,10.13,3.1018,6.3517,0.56,33.8723,47.3317,5.0351,4.4339,4.2231,0.0,,32144.791,23795.791,11620.5976,325626.7328,241051.3628
002317.SZ,20210430,8.79,1.4344,1.7125,0.53,,,1.9467,3.7763,3.3736,2.2443,2.2443,81446.1076,71299.5405,59719.478,715911.2858,626722.961
601137.SH,20210430,10.86,1.448,3.1325,2.6,20.0043,19.9349,1.626,1.1306,1.1062,1.5645,1.5645,79004.4972,72003.083,33284.205,857988.8396,781953.4814
603898.SH,20210430,17.8,0.7703,2.3191,1.87,20.0651,16.6511,2.1524,2.5378,2.1612,1.9706,1.9706,31127.6718,31127.6718,10338.9418,554072.558,554072.558
600666.SH,20210430,1.44,0.9313,1.1287,0.73,,,211.6845,3.4017,3.0309,0.0,,122732.624,80365.5532,66309.4652,176734.9786,115726.3966
603909.SH,20210430,17.18,0.4412,0.5898,0.95,52.136,44.6209,2.8724,3.0884,2.7939,0.0,,14322.7,14322.7,10714.69,246063.986,246063.986
601066.SH,20210430,28.61,1.4409,2.0327,0.91,23.3367,23.9125,3.7413,9.5037,9.335,0.8074,0.8074,775669.4797,131500.0,93215.0732,22191903.8142,3762215.0
605086.SH,20210430,26.89,49.9833,49.9833,1.77,45.1625,38.4939,3.5716,15.3246,13.8491,,,12800.0,3200.0,3200.0,344192.0,86048.0
300500.SZ,20210430,11.23,0.9792,1.9169,0.88,52.6447,35.9675,1.3298,1.0592,0.985,0.8905,0.8905,17448.0186,15838.2186,8090.2186,195941.2489,177863.1949
688300.SH,20210430,56.7,1.2129,1.9659,0.66,43.9493,37.5644,4.8726,12.06,10.296,0.8818,0.8818,8597.34,5221.873,3221.843,487469.178,296080.1991
000851.SZ,20210430,5.95,1.2555,1.4547,0.87,,,1.7048,0.7695,0.7208,0.3361,0.3361,90762.9867,87847.3706,75817.6407,540039.7709,522691.8551
300664.SZ,20210430,6.88,0.8808,1.283,0.72,12.7499,12.4132,1.37,2.3145,2.241,0.6298,0.6298,71484.48,70447.305,48363.382,491813.2224,484677.4584
003006.SZ,20210430,23.78,8.9659,8.9659,0.71,55.7377,48.8904,8.4432,8.1332,7.5061,,,42777.78,4277.78,4277.78,1017255.6084,101725.6084
300066.SZ,20210430,4.31,0.3921,0.6869,1.06,21.072,19.8471,2.2704,4.7772,4.4479,1.1601,1.1601,104003.3262,99610.0638,56856.9259,448254.3359,429319.375
002691.SZ,20210430,4.02,0.8502,2.5919,1.12,,,1.5519,5.6745,5.6087,0.1741,0.1741,34000.0,33899.9029,11119.9074,136680.0,136277.6097
600968.SH,20210430,2.43,1.577,1.577,1.25,16.2338,15.3095,1.2516,0.7438,0.7312,1.5226,1.5226,1016510.4199,186510.4199,186510.4199,2470120.3204,453220.3204
000831.SZ,20210430,17.04,2.3703,3.9558,0.75,59.9114,45.3526,6.5193,10.0906,7.9162,0.2347,0.2347,98088.8981,98088.8981,58773.557,1671434.8236,1671434.8236
603917.SH,20210430,9.4,0.4687,1.1406,0.95,19.9407,21.2462,1.4144,2.44,2.3614,1.1702,1.1702,15680.0,15680.0,6442.8342,147392.0,147392.0
002788.SZ,20210430,7.92,1.0326,1.6633,0.96,11.5019,10.95,1.2793,0.1981,0.1884,1.5932,1.5932,38851.6736,37815.8756,23476.6192,307705.2549,299501.7348
603157.SH,20210430,1.9,2.6436,3.3862,1.19,,,,0.572,1.067,0.0,,54767.1642,14580.3027,11382.813,104057.612,27702.5751
000848.SZ,20210430,6.77,1.4662,2.472,1.03,16.8615,15.7874,3.1896,3.9166,3.6728,2.6856,,107641.9,107639.2496,63846.063,728735.663,728717.7198
600168.SH,20210430,6.67,0.3758,1.0773,0.93,18.5293,15.7199,0.865,2.8795,2.6665,1.5892,1.5892,70956.9692,70956.9692,24753.4184,473282.9846,473282.9846
601568.SH,20210430,8.76,1.5662,1.5662,1.06,18.7821,17.0262,2.4316,3.2104,3.036,,,361111.1112,36111.1112,36111.1112,3163333.3341,316333.3341
601086.SH,20210430,3.88,0.4139,1.6862,1.34,25.6272,19.7823,1.3673,2.5298,2.2886,2.5773,2.5773,66600.0,66600.0,16348.46,258408.0,258408.0
002189.SZ,20210430,16.1,1.1797,1.7419,0.67,28.731,24.0256,2.8394,1.2681,1.1241,0.6833,0.6833,26252.5166,22208.2345,15040.0926,422665.5173,357552.5755
300933.SZ,20210430,11.35,8.9269,8.9269,0.72,56.8188,55.5254,3.9977,2.5333,2.3715,,,45850.0,8610.5161,8610.5161,520397.5,97729.3577
600510.SH,20210430,6.34,0.4592,1.4199,1.96,8.3211,8.3395,0.7203,0.6501,0.6519,3.5318,3.5318,104709.5025,101727.8025,32895.7527,663858.2459,644954.2679
002157.SZ,20210430,14.73,1.1229,1.9723,0.91,8.0752,9.1849,1.9767,0.9434,0.8474,0.3778,0.3778,314901.8753,230366.6533,131155.6573,4638504.6232,3393300.8031
300957.SZ,20210430,242.89,11.8984,11.8984,1.15,189.304,181.0753,24.7239,39.0247,36.4149,,,42360.0,5373.8412,5373.8412,10288820.4,1305252.2891
600623.SH,20210430,8.84,0.8718,3.4941,0.62,44.475,15.2591,0.9805,0.6696,0.6113,1.1162,1.1162,213038.1363,186219.6763,46463.0373,1883257.1249,1646181.9385
002277.SZ,20210430,3.45,0.6654,0.9789,1.16,34.5926,22.6085,0.6916,2.0792,1.9125,0.7246,0.7246,139417.28,139417.28,94772.406,480989.616,480989.616
002781.SZ,20210430,7.03,2.3727,5.6344,0.95,,,1.1323,0.7498,0.781,0.5548,0.5548,22500.0,20817.8522,8766.5668,158175.0,146349.501
002219.SZ,20210430,3.36,0.6945,1.1716,0.38,,,72.3608,2.2336,2.1214,0.0,,186523.643,184408.6935,109307.6936,626719.4405,619613.2102
600681.SH,20210430,4.84,0.117,0.4049,0.62,13.7601,13.5582,1.8434,1.6255,1.566,8.5552,14.9966,144274.031,144069.1028,41627.8709,698286.31,697294.4576
000089.SZ,20210430,8.53,0.4667,1.0845,0.87,623.1403,87.8174,1.4608,5.8374,5.4318,0.9379,0.9379,205076.9509,205076.9509,88247.3977,1749306.3912,1749306.3912
300479.SZ,20210430,10.22,0.9326,1.4185,0.81,250.5843,169.6073,2.7817,4.6136,4.1491,0.2931,0.2931,16955.5237,16791.0673,11039.4525,173285.4522,171604.7078
600319.SH,20210430,4.76,0.3682,0.5613,1.48,,,47.2065,30.475,56.076,0.0,,31559.4,31559.4,20700.7309,150222.744,150222.744
002891.SZ,20210430,50.11,3.5652,9.6684,3.36,72.8424,66.5026,5.6172,4.4005,4.0602,0.1038,0.1038,19607.5132,19606.8888,7230.1013,982532.4865,982501.1978
300982.SZ,20210430,38.69,38.3303,38.3303,,22.8621,20.0331,4.2781,3.9661,3.5652,,,14031.8267,3327.136,3327.136,542891.375,128726.8918
600081.SH,20210430,12.06,2.2375,6.3928,0.53,38.373,18.6651,2.5733,0.5489,0.4865,1.1774,1.1774,31356.0,31356.0,10974.6,378153.36,378153.36
603662.SH,20210430,25.77,0.6958,0.6958,0.79,19.5758,19.0611,2.2126,5.1567,4.7091,1.3859,1.3859,16716.0636,7618.501,7618.501,430772.959,196328.7708
300716.SZ,20210430,7.94,3.3492,7.4238,1.31,,,2.4178,0.6594,0.6003,0.3652,0.3652,16002.0,16002.0,7219.175,127055.88,127055.88
601016.SH,20210430,3.76,2.004,3.4745,0.95,30.5059,24.1667,1.8606,7.067,6.4294,1.1244,1.1244,501305.2,448044.1681,258414.5681,1884907.552,1684646.0721
300571.SZ,20210430,32.49,1.238,1.7249,0.93,19.2288,17.2232,5.2254,1.6812,1.506,1.4158,1.4158,12459.7715,9636.7036,6916.4536,404817.976,313096.5
000338.SZ,20210430,18.11,2.0729,2.1101,1.3,15.6056,13.7018,2.5552,0.7275,0.6415,1.5792,1.5792,793387.3895,424431.5825,416941.0776,14368245.6238,7686455.9591
002735.SZ,20210430,34.62,3.9653,5.3047,0.9,60.9097,57.1301,6.7267,3.4264,3.1761,0.0,,15257.699,9247.7852,6912.7639,528221.5394,320158.3236
603096.SH,20210430,45.97,0.2379,0.564,0.55,28.4339,29.0164,3.1478,7.1314,6.9266,1.6246,1.6246,13588.5,13588.5,5731.0555,624663.345,624663.345
688596.SH,20210430,14.92,2.3081,2.3081,1.25,30.7986,29.0258,2.2423,3.4509,3.27,,,25650.0,5696.8396,5696.8396,382698.0,84996.8468
600220.SH,20210430,2.33,0.6402,0.9734,1.22,261.0858,498.8801,2.0968,2.1067,2.1028,1.073,1.073,178334.0326,178334.0326,117289.8872,415518.296,415518.296
300547.SZ,20210430,8.4,2.557,3.0802,0.54,16.1547,15.4512,2.0003,2.6894,2.4583,3.2976,3.2976,21690.6174,18700.973,15524.1723,182201.1862,157088.1732
003043.SZ,20210430,62.55,27.605,27.605,0.61,69.676,65.9019,6.3344,13.5859,12.7662,,,8000.0,2000.0,2000.0,500400.0,125100.0
300062.SZ,20210430,7.68,4.9367,6.138,0.84,172.9321,44.5568,2.9538,2.49,2.2354,0.2604,0.2604,30800.0,19396.2425,15599.99,236544.0,148963.1424
600761.SH,20210430,12.32,0.3672,0.6439,0.64,12.4575,10.9003,1.6227,0.7126,0.6339,2.8409,2.8409,74018.0802,74018.0802,42214.5293,911902.7481,911902.7481
300070.SZ,20210430,7.03,0.9549,1.2273,0.79,19.46,20.4769,1.071,2.3132,2.2521,0.9388,0.9388,316459.6594,246190.1085,191549.4634,2224711.4056,1730716.4628
300981.SZ,20210430,139.7,31.7866,31.7866,,8.7417,5.8054,3.9768,4.8727,3.4641,,,16667.0,3952.0703,3952.0703,2328379.9,552104.2209
300407.SZ,20210430,6.58,0.8129,1.105,0.63,23.5717,19.5675,1.4682,1.0305,1.0004,0.3737,0.3737,30509.2292,21088.7458,15512.7886,200750.7281,138763.9474
601727.SH,20210430,5.11,0.3184,0.9299,1.08,21.3554,18.638,1.1474,0.5878,0.5443,0.0,,1570597.1092,1265532.7092,433268.4806,8025751.228,6466872.144
603133.SH,20210430,9.38,1.5373,2.6919,1.0,,,2.2239,3.5033,3.3751,0.0,,21011.7,20918.52,11946.7695,197089.746,196215.7176
600897.SH,20210430,17.36,0.3782,1.1817,2.46,30.1641,23.9787,1.3617,4.2197,3.9445,3.0127,3.0127,29781.0,29781.0,9531.0,516998.16,516998.16
002131.SZ,20210430,2.46,2.8593,3.0075,1.8,3.4818,3.9784,1.3333,1.0688,1.0331,0.2439,0.2439,675480.4205,578734.1295,550201.8582,1661681.8344,1423685.9586
002008.SZ,20210430,40.17,2.5828,3.1769,1.31,43.7871,35.6644,4.4556,3.5892,3.1595,0.4907,0.4907,106707.2124,99410.1636,80817.5302,4286428.7221,3993306.2718
002717.SZ,20210430,2.88,0.5972,0.6744,0.68,,,1.0114,0.662,0.6079,0.7672,0.7672,152876.5831,112571.5721,99685.1004,440284.5593,324206.1276
601211.SH,20210430,16.56,1.3206,2.3139,1.82,13.264,10.7624,1.1317,4.191,3.6882,2.327,2.327,890844.8368,743762.1188,424501.3292,14752390.4974,12316700.6873
300258.SZ,20210430,10.97,0.4405,0.9054,0.66,33.9182,29.7531,1.7221,4.3927,4.0921,0.7663,0.7663,48177.0753,37697.9533,18340.6614,528502.516,413546.5477
300978.SZ,20210430,21.95,38.3902,38.3902,,48.6579,43.7124,5.5788,6.2893,5.7444,,,42270.2739,3990.4806,3990.4806,927832.5121,87591.0492
600711.SH,20210430,7.51,4.9674,6.1722,0.9,339.9887,39.7473,1.7944,0.512,0.4802,0.4825,0.4825,267500.0167,245388.4229,197488.6844,2008925.1254,1842867.056
603719.SH,20210430,51.41,0.3539,1.429,0.45,60.0019,57.6325,9.5039,2.6115,2.4086,0.496,0.496,40100.0,22369.6635,5539.9838,2061541.0,1150024.4005
300730.SZ,20210430,13.74,1.0531,1.7569,0.95,67.517,78.7022,5.0003,5.0283,4.9863,0.4328,0.4328,15941.3198,11098.2127,6652.3126,219033.7341,152489.4425
000100.SZ,20210430,9.0,1.8716,2.0799,0.68,28.7768,19.781,3.6085,1.6469,1.3281,1.0295,,1403078.8362,1289765.1072,1160609.3441,12627709.5258,11607885.9648
300272.SZ,20210430,6.81,13.3807,18.0514,1.12,148.7075,77.2192,3.3355,3.3261,3.0026,0.7418,0.7418,57687.1469,41086.9799,30456.0319,392849.4704,279802.3331
600239.SH,20210430,1.8,0.174,0.2994,0.35,,,,0.6579,0.7713,0.0,,160568.6909,160568.6909,93292.2647,289023.6436,289023.6436
000759.SZ,20210430,5.41,0.2842,0.9423,1.55,85.42,17.061,1.1755,0.2806,0.2909,0.8903,0.8903,68102.15,68060.677,20525.3172,368432.6315,368208.2626
000539.SZ,20210430,3.73,0.3919,1.2283,1.46,11.2144,11.5913,0.7145,0.6913,0.6221,3.2172,3.2172,525028.3986,255390.5861,81487.5856,1958355.9268,952606.8862
002818.SZ,20210430,15.0,0.6624,1.3311,1.05,14.5818,14.3999,1.9618,8.4936,8.2499,1.0024,1.0024,75173.926,29841.2381,14850.9319,1127608.89,447618.5715
000548.SZ,20210430,3.9,0.7147,1.056,1.23,22.4169,16.3661,1.075,4.465,3.9355,0.0,,49921.5811,49918.8811,33788.2354,194694.1663,194683.6363
002339.SZ,20210430,5.74,0.4396,0.4932,0.73,50.0015,32.6465,1.6297,1.409,1.3481,0.5148,0.5148,51180.48,48149.4255,42915.6667,293775.9552,276377.7024
300522.SZ,20210430,32.67,1.9392,2.8275,1.12,63.6499,50.569,7.7612,12.9856,10.9987,0.5063,0.5063,18066.2742,12177.8657,8352.057,590225.1781,397850.8724
002989.SZ,20210430,36.75,4.5904,4.5904,1.22,29.4651,27.7886,3.3653,2.1692,2.0964,1.0884,1.0884,15140.0,3785.0,3785.0,556395.0,139098.75
600376.SH,20210430,5.59,1.0763,2.2734,3.54,4.5929,5.3845,0.5483,0.326,0.281,7.1556,7.1556,257956.5242,257956.5242,122126.6904,1441976.9703,1441976.9703
600463.SH,20210430,6.39,0.4675,1.3715,0.81,211.253,177.7994,1.5467,1.7148,1.5999,0.0,,30000.0,30000.0,10226.1881,191700.0,191700.0
002249.SZ,20210430,5.0,5.7172,6.5194,1.36,114.32,56.1566,1.3568,1.521,1.398,0.0,,236553.0164,168390.506,147671.2517,1182765.082,841952.53
300898.SZ,20210430,37.2,10.6194,11.6437,0.84,56.5898,48.226,5.8855,6.7405,5.843,,,12400.0,3059.1,2790.0,461280.0,113798.52
300690.SZ,20210430,22.8,3.04,3.595,1.15,11.7695,11.4744,3.088,2.7242,2.6063,2.0477,4.9717,16631.7757,10871.0809,9192.7607,379204.486,247860.6445
300851.SZ,20210430,31.76,1.735,1.735,0.66,22.8893,20.7374,2.335,7.6925,7.3863,1.0705,1.0705,8693.34,2173.34,2173.34,276100.4784,69025.2784
688085.SH,20210430,33.5,1.7083,1.7083,0.51,58.0191,50.3584,4.3974,17.6181,14.9878,,,20533.35,8254.416,8254.416,687867.225,276522.936
603726.SH,20210430,12.78,0.7365,2.0674,1.31,21.2806,17.3151,2.2542,1.6933,1.5126,2.7387,2.7387,18565.12,18565.12,6613.988,237262.2336,237262.2336
000622.SZ,20210430,3.36,1.0804,1.6503,0.79,484.521,459.7859,6.9785,4.1631,3.5288,0.0,,42522.6,42522.6,27837.9347,142875.936,142875.936
603066.SH,20210430,7.79,0.8525,1.8334,1.58,24.7523,25.7875,2.2126,3.5244,3.3552,0.653,0.653,30070.29,30070.29,13983.093,234247.5591,234247.5591
300397.SZ,20210430,12.16,1.5394,1.6812,1.21,56.6102,62.5743,3.9078,4.7645,5.3712,0.3008,0.3008,47904.9434,43200.0,39557.025,582524.1117,525312.0
603297.SH,20210430,50.4,3.5576,5.8573,0.99,34.4544,22.2052,4.0326,9.6645,8.9158,0.8731,0.8731,11053.0,5108.1173,3102.5423,557071.2,257449.1119
600133.SH,20210430,5.55,1.8133,2.3695,2.78,6.4468,5.741,0.8153,0.4167,0.3809,0.4505,0.4505,79546.9152,77585.3074,59372.9812,441485.3794,430598.4561
300011.SZ,20210430,4.97,0.7574,1.042,0.95,,,1.8757,2.2763,2.1232,0.0,,55865.0387,48826.2942,35490.8804,277649.2423,242666.6822
300872.SZ,20210430,31.85,5.2167,5.2167,0.52,53.489,42.736,3.2248,5.4406,4.7861,,,22468.203,5620.0,5620.0,715612.2656,178997.0
603950.SH,20210430,20.69,1.0619,1.0886,0.69,15.2293,12.8464,2.2749,2.8547,2.4973,5.7999,5.7999,23152.2,5788.05,5645.9417,479019.018,119754.7545
000951.SZ,20210430,33.79,1.094,3.0202,2.45,15.0849,12.772,2.0262,0.4731,0.3916,1.3016,1.3016,83919.24,67108.08,24309.2674,2835631.1196,2267582.0232
002398.SZ,20210430,7.28,0.4676,0.5379,0.7,14.0828,13.39,1.6104,1.3551,1.2175,1.0562,1.0562,72049.0406,55656.8486,48379.2309,524517.0156,405181.8578
003010.SZ,20210430,28.82,9.9765,9.9765,1.1,39.6268,37.4243,3.2829,3.0881,2.9954,,,12169.984,3043.0,3043.0,350738.9389,87699.26
000958.SZ,20210430,4.2,0.7335,1.2156,0.94,17.7911,17.2419,1.3315,2.1952,2.1681,0.2381,0.2381,538341.852,110207.9201,66495.2005,2261035.7784,462873.2644
000050.SZ,20210430,13.9,0.8954,1.6826,1.14,23.1687,20.1935,1.0029,1.1686,1.1041,0.4796,0.4796,245774.7661,208567.7416,110983.8443,3416269.2488,2899091.6082
300837.SZ,20210430,47.73,1.758,1.758,1.05,39.402,36.8175,5.0282,10.3128,9.6272,,0.6285,10000.0,2500.0,2500.0,477300.0,119325.0
601990.SH,20210430,9.81,6.9764,8.7051,5.04,44.6683,47.8702,2.2652,15.2891,15.8587,0.6385,0.6385,368636.1034,206098.8373,165169.8718,3616320.1744,2021829.5939
000048.SZ,20210430,29.29,0.6193,2.2851,1.64,13.6043,9.7206,3.7332,2.8955,2.0764,2.5606,2.5606,40249.1731,40242.8671,10906.3325,1178898.2801,1178713.5774
002075.SZ,20210430,9.84,0.8606,1.2589,0.78,33.4317,27.9762,3.9832,1.5051,1.3765,1.0163,1.0163,220677.1772,220677.1772,150856.1546,2171463.4236,2171463.4236
300669.SZ,20210430,19.64,2.4398,6.7281,1.01,40.2189,38.1141,3.8312,6.1223,5.7802,0.9008,0.9008,11105.1892,9773.7618,3544.246,218105.9159,191956.6818
600332.SH,20210430,30.64,1.552,3.2393,2.4,17.0875,14.831,1.7939,0.8077,0.7695,1.9223,1.9223,162579.0949,140589.0949,67358.5846,4981423.4677,4307649.8677
600234.SH,20210430,10.15,0.1374,0.2211,0.56,36.4952,35.1759,15.2792,1.8446,1.7471,0.0,,20244.588,20244.588,12575.9375,205482.5682,205482.5682
603881.SH,20210430,30.81,1.2379,2.5478,0.97,74.3206,72.5137,3.5219,11.1398,10.1457,0.1101,0.2492,32892.7197,32892.7197,15981.8634,1013424.694,1013424.694
002025.SZ,20210430,44.22,1.2084,2.2174,0.91,43.7519,39.5636,5.3805,4.497,4.1444,0.3392,0.3392,42900.0,42889.8772,23372.7471,1897038.0,1896590.3698
002915.SZ,20210430,17.73,1.2456,2.4765,1.17,30.549,24.3722,3.4436,3.4977,3.025,,,20402.0455,14760.0903,7423.9278,361728.2667,261696.401
000725.SZ,20210430,7.33,2.6179,3.1971,0.94,50.6535,26.4297,2.5968,1.8817,1.6009,0.2729,0.2729,3479839.8763,3353693.9664,2746194.6027,25507226.2933,24582576.7737
600113.SH,20210430,6.04,0.372,0.7336,0.72,83.8316,63.4032,1.6639,4.9301,4.4554,0.8278,0.8278,41143.116,41143.116,20862.336,248504.4206,248504.4206
000543.SZ,20210430,3.84,1.3633,2.4389,1.02,8.5883,8.7753,0.6135,0.5196,0.4989,3.099,3.099,226686.3331,179039.5978,100083.4089,870475.5191,687512.0556
603089.SH,20210430,8.73,1.4426,4.2646,0.53,17.6744,12.4708,1.8265,1.7072,1.5177,3.1852,3.1852,22249.7325,22249.7325,7526.3728,194240.1647,194240.1647
600658.SH,20210430,4.27,1.2899,2.8583,2.9,9.1736,19.0758,0.6949,1.2668,1.4723,3.1382,3.1382,111858.5045,111858.5045,50479.6915,477635.8142,477635.8142
002697.SZ,20210430,6.1,1.1616,1.7926,1.09,16.4319,17.0741,2.3253,0.9163,0.9251,1.4262,1.4262,136000.0,107822.5,69870.0,829600.0,657717.25
002376.SZ,20210430,9.1,0.3223,0.4998,0.87,32.7297,31.232,1.7487,2.5285,2.4537,2.1978,2.1978,66572.1506,64091.4945,41335.2693,605806.5705,583232.6
300661.SZ,20210430,262.3,0.5207,1.0187,0.52,142.12,122.9113,26.007,34.2966,29.3618,0.1262,0.1262,15645.2447,14491.6994,7407.9115,4103747.6848,3801172.7526
002515.SZ,20210430,4.85,0.6796,0.9638,0.8,80.0119,67.2574,3.4228,6.6793,6.1659,0.9889,0.9889,97831.328,87777.0564,61895.5567,474481.9408,425718.7235
002906.SZ,20210430,27.92,1.5021,6.961,0.72,72.9594,60.4772,3.6297,3.9144,3.4554,0.3559,0.3559,47310.0,47011.9573,10144.3468,1320895.2,1312573.8478
600150.SH,20210430,15.6,0.7413,1.0422,0.72,228.1546,176.43,1.5186,1.263,1.2665,0.0,,447242.8758,244330.7764,173794.7098,6976988.8625,3811560.1118
300536.SZ,20210430,13.43,0.7088,1.4186,0.76,550.7316,552.3174,6.4567,13.664,13.7471,0.2681,0.2681,29328.8133,21914.8552,10949.0342,393885.9626,294316.5053
300595.SZ,20210430,116.16,0.8881,1.255,0.6,162.885,132.3104,37.1688,81.0663,66.9887,0.0573,0.0573,60762.2856,43761.3395,30967.8448,7058147.0953,5083317.1963
000561.SZ,20210430,6.46,0.4415,0.9796,0.98,39.5889,28.5805,2.5096,2.8157,2.5805,0.0,,60469.2321,59917.6586,27005.3292,390631.2394,387068.0746
600428.SH,20210430,4.07,0.906,2.2971,0.69,69.6381,61.1965,0.9115,1.241,1.3156,0.0,,214665.0771,214665.0771,84661.0927,873686.8638,873686.8638
300546.SZ,20210430,13.15,1.8858,2.2801,0.63,,,2.1402,4.4466,4.3793,0.9202,0.9202,13660.775,8549.5285,7071.271,179639.1913,112426.2998
600531.SH,20210430,5.55,2.5084,3.9503,1.28,19.363,13.8121,1.5802,0.299,0.2686,1.0811,1.0811,109024.2634,109024.2634,69229.0765,605084.6619,605084.6619
002498.SZ,20210430,3.69,0.3177,0.9501,0.88,21.0455,20.0041,2.1093,1.7659,1.7148,0.9756,0.9756,332679.6,332679.6,111238.7984,1227587.724,1227587.724
000599.SZ,20210430,4.09,0.6139,0.9584,1.44,,44.266,0.9964,0.7608,0.6953,0.2464,0.2464,82225.9233,81674.4457,52315.6154,336304.0263,334048.4829
688560.SH,20210430,19.06,4.8943,4.8943,1.31,29.6477,29.6691,2.3156,3.4045,3.056,,,16408.7736,3339.2613,3339.2613,312751.2248,63646.3204
002863.SZ,20210430,5.0,1.8909,4.04,1.53,38.5225,36.3514,1.3396,0.8007,0.7459,0.2416,,49881.1868,40549.9286,18979.1514,249405.934,202749.643
002743.SZ,20210430,6.46,1.3886,2.245,1.61,21.1572,19.4933,0.9608,0.6901,0.629,0.6459,0.6459,43526.8478,33553.838,20753.838,281183.4368,216757.7935
601700.SH,20210430,4.27,0.9763,2.0715,2.31,22.142,21.0816,1.8395,1.8607,1.879,0.0,,113323.2,113323.2,53410.93,483890.064,483890.064
603378.SH,20210430,71.27,1.6735,4.9248,1.54,46.5585,40.4246,7.2626,4.1903,3.7875,0.2355,0.2355,20617.3329,19284.73,6553.1,1469397.3158,1374422.7071
000413.SZ,20210430,1.9,0.7498,0.9007,1.07,,,0.4012,1.5446,1.5113,0.0,,573025.0118,486415.5314,404943.2543,1088747.5224,924189.5097
002919.SZ,20210430,53.41,1.2977,1.8819,0.98,63.8033,41.0588,9.0945,9.585,8.1006,0.1872,0.1872,12213.5745,6839.737,4716.5014,652327.014,365310.3532
601319.SH,20210430,6.06,1.5843,3.8962,2.3,13.3538,11.6308,1.2899,0.4591,0.4553,2.5084,2.5084,4422399.0583,560156.7019,227781.7648,26799738.2933,3394549.6135
600610.SH,20210430,8.5,1.8605,2.4084,0.96,199.872,143.709,80.7543,8.4396,7.7604,0.0,,107127.4605,44867.5225,34660.462,910583.4143,381373.9413
002215.SZ,20210430,5.44,0.7589,1.0203,0.97,29.7814,27.0268,1.9789,1.2032,1.1928,2.7135,2.7135,91375.6384,71621.3452,53267.8641,497083.4729,389620.1179
600694.SH,20210430,21.05,2.5386,4.096,4.19,12.3803,8.4168,0.6876,0.7617,0.7263,3.658,3.658,29371.8653,29371.8653,18203.86,618277.7646,618277.7646
600121.SH,20210430,5.06,3.1991,8.8437,0.84,,,3.3327,2.2071,2.0178,0.0,,121841.2038,121841.2038,44074.0982,616516.4912,616516.4912
000752.SZ,20210430,4.05,0.5629,0.8122,0.75,76.0138,34.7407,24.6438,2.6354,2.35,0.0,,26375.8491,26375.8491,18280.2895,106822.1889,106822.1889
601162.SH,20210430,4.71,1.306,1.4215,0.96,69.0233,67.7624,1.7916,7.2017,7.4804,0.1274,0.1274,666596.728,383847.9938,352669.0341,3139670.5889,1807924.0508
601881.SH,20210430,9.98,0.2094,1.0713,0.95,13.9667,13.5342,1.2944,4.2599,3.9303,1.6032,1.6032,1013725.8757,644627.4124,125973.576,10116984.2395,6433381.5758
002837.SZ,20210430,17.99,0.5128,0.861,0.73,31.9075,28.6571,4.0308,3.4033,3.171,0.8523,0.8523,32223.616,23643.5087,14082.7338,579702.8518,425346.7215
600503.SH,20210430,3.43,0.713,0.8171,0.81,36.6014,37.2564,1.4076,5.0908,5.2234,0.5248,0.5248,160229.0,160229.0,139827.0,549585.47,549585.47
002071.SZ,20210430,0.29,3.4748,4.7199,0.77,,,,0.9494,0.9587,0.0,,52542.9878,52541.2278,38681.305,15237.4665,15236.9561
688008.SH,20210430,53.52,5.7878,5.7878,4.31,54.8461,62.0968,7.2864,33.1929,37.195,0.5599,0.5599,113103.0341,42141.8275,42141.8275,6053274.385,2255430.6078
603181.SH,20210430,17.79,0.5401,1.0394,1.14,22.5527,21.0481,3.7288,3.7114,3.4225,1.1526,1.1526,40600.0,40600.0,21097.0,722274.0,722274.0
600089.SH,20210430,12.33,5.3195,6.5573,2.12,18.4157,10.9186,1.3147,1.0386,1.0031,1.3382,1.3382,371431.2789,371431.2789,301316.4097,4579747.6688,4579747.6688
600756.SH,20210430,12.15,0.7522,0.9298,1.3,,,1.8613,2.9632,2.9593,0.2469,0.2469,32409.8753,32409.8753,26221.7753,393779.9849,393779.9849
300327.SZ,20210430,49.67,1.9183,2.5269,0.93,67.09,59.7982,12.426,13.8793,12.5776,0.8679,0.8679,28285.4168,27880.3112,21164.5942,1404936.6525,1384815.0573
002679.SZ,20210430,10.33,1.5482,5.2159,0.66,279.0687,270.3217,3.2933,16.4516,15.3794,0.1936,0.1936,23575.6,23575.6,6997.8732,243535.948,243535.948
603313.SH,20210430,28.86,2.9051,7.0889,2.85,28.5955,30.6184,3.0057,1.6578,1.4707,0.0,,37511.5703,34770.688,14249.129,1082583.9189,1003482.0557
000982.SZ,20210430,1.4,1.6359,2.6435,1.08,180.7218,142.6942,5.4659,42.1462,24.5815,0.0,,426187.7053,426187.7053,263739.2671,596662.7874,596662.7874
002176.SZ,20210430,7.33,9.1833,10.6935,2.16,873.0253,116.5014,7.6207,6.7828,6.0998,0.0,,170632.5581,170557.3553,146469.802,1250736.6509,1250185.4143
300829.SZ,20210430,63.73,3.928,5.0701,0.86,60.1497,65.2855,5.4137,7.0048,6.2949,0.0,,11290.9092,6207.8592,4809.4592,719569.6433,395626.8668
000970.SZ,20210430,9.13,1.1492,1.4958,1.12,75.2019,58.0715,2.0737,2.0905,1.8739,0.5476,0.5476,106520.0,106520.0,81834.6728,972527.6,972527.6
600692.SH,20210430,6.55,2.0273,2.1775,0.84,39.2767,30.5594,2.6045,2.2983,1.9805,0.0,,35176.4064,25501.0517,23742.2313,230405.4619,167031.8886
603113.SH,20210430,18.5,2.0246,3.8213,1.53,17.7149,13.9775,1.8957,2.0878,1.9277,0.0,,85147.4554,72006.851,38150.931,1575227.9249,1332126.7435
300089.SZ,20210430,6.14,1.5837,1.8427,0.46,,,37.2187,23.3396,22.8056,0.0,,48105.687,28154.146,24196.9585,295368.9182,172866.4564
000821.SZ,20210430,7.71,2.6946,3.4074,0.73,68.7526,38.7311,1.732,1.3562,1.2195,0.0,,53823.528,47821.3626,37817.4059,414979.4009,368702.7056
002782.SZ,20210430,10.27,0.6048,1.7547,0.74,23.7732,30.0864,3.2903,3.827,3.4932,0.8697,0.8697,47694.1227,46873.4227,16157.2033,489818.6401,481390.0511
000567.SZ,20210430,9.33,1.0625,4.3267,1.1,46.8048,41.9643,1.3576,19.1862,19.8572,0.0,,64113.8926,63977.3864,15710.8139,598182.618,596909.0151
300402.SZ,20210430,12.83,0.7373,2.2861,0.48,64.0653,56.4363,3.7621,2.3732,2.2838,0.2416,0.2416,20200.0,20200.0,6515.0,259166.0,259166.0
002849.SZ,20210430,11.11,0.9431,1.2789,0.58,17.5668,18.3686,1.8882,1.2282,1.1727,0.4503,0.4503,13244.905,9713.9663,7163.435,147150.8946,107922.1656
002358.SZ,20210430,3.1,0.0699,0.0985,0.08,,,0.8128,1.7469,1.6148,0.0,,92975.6977,91042.528,64586.5445,288224.6629,282231.8368
300141.SZ,20210430,9.12,8.7603,16.7891,0.65,,,3.4616,4.3989,4.294,0.1655,0.1655,25388.46,16559.0419,8640.2844,231542.7552,151018.4621
600010.SH,20210430,1.47,1.5626,2.4142,0.89,165.0663,45.7651,1.249,1.1307,1.0543,0.0,,4558503.2648,3167721.1587,2050224.0111,6700999.7993,4656550.1033
002089.SZ,20210430,1.53,0.4052,0.5359,0.73,,,2.0685,13.2419,13.8155,0.0,,137466.9616,118221.5604,89388.1735,210324.4512,180878.9874
600861.SH,20210430,14.91,0.5414,0.8233,0.84,,,2.0958,6.7095,6.563,0.1341,0.1341,31680.4949,31680.4949,20835.2552,472356.179,472356.179
300560.SZ,20210430,11.51,1.1923,2.5647,1.78,31.4654,32.4349,2.4627,3.2803,3.3841,0.0,,22626.9812,18932.4,8801.676,260436.5536,217911.924
601958.SH,20210430,5.77,0.691,2.7622,1.52,102.288,104.7361,1.5056,2.4571,2.5712,5.1993,5.1993,322660.44,322660.44,80715.436,1861750.7388,1861750.7388
000701.SZ,20210430,4.71,0.6203,0.8869,0.89,178.1105,138.4635,61.3505,0.0259,0.0243,0.0,,41871.3056,40648.6156,28432.4548,197213.8494,191454.9795
601208.SH,20210430,14.15,1.4367,1.935,1.03,55.8813,41.5126,2.9101,5.2134,4.3877,0.0,,69306.5471,61343.1,45547.4628,980687.6415,868004.865
002425.SZ,20210430,8.64,4.3814,6.2579,0.76,67.0202,43.1387,1.5913,14.0139,11.8067,0.4233,0.4233,95666.5066,81306.5264,56925.9055,826558.617,702488.3881
600592.SH,20210430,10.12,0.5285,0.8503,1.28,27.0245,19.862,1.948,3.4897,3.0863,1.087,1.087,39955.3571,39955.3571,24831.9771,404348.2139,404348.2139
600997.SH,20210430,7.14,2.3181,7.3265,0.8,10.5115,8.3342,0.8905,0.6237,0.5854,3.0812,3.0812,158779.9851,158779.9851,50237.7344,1133689.0936,1133689.0936
600216.SH,20210430,16.28,6.148,9.7946,1.81,21.9017,18.7984,1.9769,2.1445,1.9334,6.0991,6.0991,96512.8,96512.3725,60580.3791,1571228.384,1571221.4243
600419.SH,20210430,13.84,1.6518,2.6946,1.0,25.2141,23.0706,2.3208,2.103,1.9742,1.1344,1.1344,26859.9337,26859.9337,16465.5275,371741.4824,371741.4824
603758.SH,20210430,8.59,0.7864,2.3498,1.3,11.604,10.1954,1.4293,4.1219,3.3201,0.943,0.943,43879.7049,43879.7049,14685.0283,376926.6651,376926.6651
300403.SZ,20210430,6.35,3.8446,6.2248,1.89,18.7149,15.2682,2.5337,4.0804,3.7094,2.2047,1.7323,60300.0,38094.2196,23528.2334,382905.0,241898.2945
000885.SZ,20210430,10.24,0.719,2.1266,1.25,10.7055,7.2335,1.3442,1.9379,1.6701,0.9513,0.9513,64207.8255,64207.8255,21709.9109,657488.1331,657488.1331
605098.SH,20210430,44.99,32.2036,32.2036,1.76,35.5563,31.6667,3.9257,10.0205,9.1049,,,8434.1857,2109.0,2109.0,379454.0146,94883.91
600530.SH,20210430,3.19,1.3741,2.9879,0.95,26.8501,27.3821,2.9199,7.4789,7.283,0.0,,78000.0,78000.0,35871.2492,248820.0,248820.0
603577.SH,20210430,9.6,1.2023,2.5889,2.78,26.1155,25.2293,2.0113,1.4286,1.4044,0.6548,,28826.8235,24502.8,11379.0173,276737.5056,235226.88
300022.SZ,20210430,4.08,1.8376,2.2218,0.51,,,25.2876,0.6213,0.621,0.0,,38024.038,34524.7934,28554.2385,155138.075,140861.1571
300354.SZ,20210430,13.65,0.8395,1.1277,0.41,37.494,36.0753,4.4061,9.1981,8.8415,0.3663,0.3663,13832.0201,7251.9807,5398.8324,188807.0744,98989.5366
600455.SH,20210430,17.47,1.3192,1.8343,0.72,37.6949,43.4333,6.0694,5.2884,5.1564,0.0,,6245.8,6245.8,4491.8477,109114.126,109114.126
600525.SH,20210430,5.65,0.6852,1.0796,0.76,56.3875,34.5858,1.7088,1.1923,1.1093,0.0,,130577.5152,130577.5152,82877.1115,737762.9609,737762.9609
600380.SH,20210430,14.7,1.2724,2.3466,0.94,25.6707,23.8204,2.5316,2.1271,1.9865,1.0723,1.0723,195662.9177,195662.9177,106097.5524,2876244.8902,2876244.8902
300633.SZ,20210430,30.13,2.582,5.7281,0.79,,,8.7588,10.4615,10.051,0.0863,0.0863,40383.55,40001.0,18030.6835,1216756.3615,1205230.13
002500.SZ,20210430,6.69,0.3223,0.6103,0.87,31.9812,36.0322,1.4103,7.186,7.9921,1.1779,1.1779,358977.1547,358977.1547,189598.3033,2401557.1649,2401557.1649
002312.SZ,20210430,7.19,1.0013,1.4488,0.78,18.9653,16.4424,2.1413,2.4485,2.3525,0.0,,176395.6933,132443.9624,91533.9047,1268285.0348,952272.0897
601330.SH,20210430,8.69,2.0496,2.0569,0.8,24.0551,20.4599,2.1362,5.3165,4.9574,0.8805,0.8805,139344.0,25565.059,25474.3618,1210899.36,222160.3627
603365.SH,20210430,15.79,0.5483,1.3606,0.85,15.3374,13.4893,1.7285,1.3875,1.2872,4.9964,4.9964,26667.0,26667.0,10746.616,421071.93,421071.93
300005.SZ,20210430,8.0,1.1803,1.4451,0.59,,,3.3327,7.7503,7.414,0.625,0.625,88370.2186,70632.2276,57693.0069,706961.7488,565057.8208
002280.SZ,20210430,3.21,1.6713,1.8023,0.69,73.2201,52.8836,3.5657,0.4326,0.3911,0.0,,217714.9675,176139.9731,163331.0734,698865.0457,565409.3137
002938.SZ,20210430,31.17,2.486,2.623,1.64,25.3556,24.9735,3.284,2.4135,2.2821,1.6041,1.6041,231143.0816,51718.5821,49017.3391,7204729.8535,1612068.2041
002659.SZ,20210430,4.06,1.8426,2.5461,1.0,,,0.9874,7.5665,7.2816,0.0,,59828.0384,58826.9819,42572.1865,242901.8359,238837.5465
002883.SZ,20210430,12.0,0.4419,0.6271,0.86,21.2045,20.6796,2.7864,3.2895,2.9975,1.0008,1.0008,13025.7852,8932.6002,6293.7882,156309.4224,107191.2024
300713.SZ,20210430,15.8,3.8801,7.162,0.77,79.8439,69.8241,3.1381,8.5312,7.9238,0.0,,14343.75,8046.9359,4359.5087,226631.25,127141.5872
603610.SH,20210430,24.95,2.8203,3.3786,4.18,18.9302,18.7753,1.7076,2.2904,2.1652,2.9044,2.9044,20745.9057,12049.0606,10057.8862,517610.3472,300624.062
688139.SH,20210430,99.15,0.9824,1.4352,0.79,82.5235,42.9761,9.865,22.423,20.2978,0.1815,0.1815,31707.1758,18120.5918,12404.221,3143766.4806,1796656.677
002521.SZ,20210430,6.76,2.0317,2.4078,0.79,20.9114,14.1504,0.9392,1.1897,1.0495,1.4793,1.4793,49468.5819,42393.9173,35772.0107,334407.6136,286582.8809
603358.SH,20210430,24.19,0.8012,2.4796,1.13,33.1063,25.996,2.6333,1.8351,1.6764,1.2402,1.2402,31360.0,31360.0,10133.3224,758598.4,758598.4
300731.SZ,20210430,24.12,0.7032,0.9967,0.74,113.9889,96.3481,4.8986,9.8895,7.777,0.4113,0.4113,12587.2867,11746.2292,8287.654,303605.3552,283319.0483
000910.SZ,20210430,13.78,1.0685,1.9956,0.8,12.0585,10.0295,1.3482,1.0384,0.9525,0.953,2.1141,54739.75,54715.25,29295.17,754313.755,753976.145
002933.SZ,20210430,23.24,2.4678,2.9823,2.14,27.7326,44.453,1.7376,8.5229,9.6079,1.8503,1.8503,11735.0,5275.2216,4365.0891,272721.4,122596.15
600867.SH,20210430,13.25,1.3245,2.1439,1.17,28.9815,27.2472,4.661,9.3184,8.994,1.4975,1.4975,203398.8517,202699.8517,125224.0163,2695034.785,2685773.035
600389.SH,20210430,25.82,0.8684,2.1168,0.58,22.8956,21.6589,3.651,1.4974,1.4119,5.0736,5.0736,29700.0,29700.0,12184.5208,766854.0,766854.0
002172.SZ,20210430,5.58,17.5827,26.1143,1.54,,,4.3836,1.4052,1.2653,0.0,,77648.1362,77292.2146,52040.6547,433276.6,431290.5575
300985.SZ,20210430,38.09,40.116,40.116,,22.591,23.0189,4.0322,3.8483,3.9429,,,13333.34,3161.2152,3161.2152,507866.9206,120410.687
600495.SH,20210430,3.67,0.3458,0.5013,0.71,219.0276,302.3097,1.387,3.8908,3.6708,0.545,0.545,120819.0886,120819.0886,83353.4978,443406.0552,443406.0552
300201.SZ,20210430,2.67,1.0463,1.7112,0.96,,,2.3954,1.3653,1.4282,0.3745,0.3745,104092.1518,94628.7203,57861.7071,277926.0453,252658.6832
605218.SH,20210430,14.82,5.8132,5.821,0.97,38.6112,34.2848,2.7684,2.8633,2.6512,,,21283.346,5320.8365,5313.7065,315419.1877,78854.7969
002245.SZ,20210430,12.35,3.9932,4.7458,0.89,46.0238,29.9124,4.1916,3.0216,2.5497,0.1151,0.358,103582.1526,96898.6027,81532.1549,1279239.5846,1196697.7433
000703.SZ,20210430,13.17,1.2994,2.4029,1.1,15.7836,13.9605,1.9558,0.561,0.4927,2.3443,2.3443,368164.5407,337845.3876,182697.4845,4848727.001,4449423.7547
688005.SH,20210430,69.36,2.9243,3.0844,1.7,145.6392,100.9434,6.7283,8.1776,6.8406,0.1286,0.1286,44738.3383,27401.03,25978.4929,3103051.1445,1900535.4408
600754.SH,20210430,61.2,0.541,1.3561,0.96,594.1943,,3.8943,6.6165,6.5433,0.8601,0.8601,107004.4063,80193.644,31992.9215,6548669.6656,4907851.0128
002789.SZ,20210430,12.78,0.7833,0.9589,0.45,,,1.7068,0.7774,0.7088,0.4069,0.4069,13804.0,8651.503,7067.7407,176415.12,110566.2083
600277.SH,20210430,3.14,0.9037,1.7773,0.92,16.5906,14.8736,0.5436,0.6659,0.6487,3.1847,3.1847,273894.0149,273894.0149,139258.8682,860027.2068,860027.2068
300240.SZ,20210430,5.37,1.8331,3.7669,0.55,,69.6437,1.6338,0.5293,0.4458,0.3724,0.3724,36555.975,36160.2074,17596.9971,196305.5858,194180.3137
300405.SZ,20210430,6.81,2.7578,3.129,0.7,,,2.0077,1.6311,1.525,0.0,,22246.9156,15102.9022,13310.8703,151501.4952,102850.764
002393.SZ,20210430,19.29,1.1646,2.3944,1.43,408.5255,337.8587,0.8115,3.0851,3.0988,1.5552,1.5552,18245.4992,18245.4992,8874.4384,351955.6796,351955.6796
300116.SZ,20210430,1.92,1.2326,1.6582,0.59,,,21.7857,58.501,49.8535,0.0,,428108.2697,375697.9204,279261.5463,821967.8778,721340.0072
300724.SZ,20210430,110.46,2.1323,2.3548,1.19,73.432,59.2426,6.6981,9.4967,8.1247,0.1505,0.1505,34770.0245,17000.1888,15394.0888,3840696.9063,1877840.8548
603214.SH,20210430,27.28,5.6523,14.4655,1.01,33.3801,32.738,3.8726,1.7245,1.7062,1.3114,,14263.8216,14051.6936,5490.5801,389117.0532,383330.2014
688677.SH,20210430,86.49,7.1266,7.1266,1.38,78.0774,81.9504,7.2541,27.3364,27.7817,,,8698.0,1773.2992,1773.2992,752290.02,153372.6478
300780.SZ,20210430,14.42,1.3012,1.6518,0.78,21.5209,22.8133,1.9815,4.6862,4.414,0.6935,0.6935,14667.0,6385.1,5029.795,211498.14,92073.142
300365.SZ,20210430,7.87,1.4478,1.7913,0.98,57.8146,54.6389,2.2472,4.9382,4.6724,1.2709,1.2709,60571.2969,32710.8038,26439.345,476696.1066,257434.0259
300948.SZ,20210430,40.32,13.4621,13.4621,0.92,59.2747,58.9916,5.117,12.887,12.8926,,,9334.0,2213.2101,2213.2101,376346.88,89236.6312
605299.SH,20210430,12.21,12.6114,12.6114,1.14,36.6877,36.0472,3.8501,3.3856,3.1625,,,41149.9,5000.0,5000.0,502440.279,61050.0
300663.SZ,20210430,18.9,2.5516,3.1288,0.75,97.1047,76.7645,5.3431,5.6589,5.3733,0.1278,0.1278,31099.2278,22700.7074,18512.5125,587775.4054,429043.3699
600035.SH,20210430,2.98,1.2915,2.8055,2.61,14.7886,8.1582,0.7253,1.9295,1.5852,5.6453,5.6453,161011.5901,161011.5901,74122.5182,479814.5385,479814.5385
300293.SZ,20210430,11.7,1.6603,2.8393,0.69,,,5.5521,2.7322,2.8916,0.1709,0.1709,27000.0,27000.0,15788.87,315900.0,315900.0
002336.SZ,20210430,4.04,0.1547,0.538,0.56,50.2391,,1.306,0.2972,0.3039,0.0,,44000.0,37317.5,10728.2034,177760.0,150762.7
002970.SZ,20210430,38.22,0.8245,1.2479,0.58,28.1186,33.0415,4.3206,4.1048,4.0325,1.0466,1.0466,17280.0,8666.25,5726.25,660441.6,331224.075
600183.SH,20210430,23.33,0.6622,1.3799,0.94,31.8102,28.3505,4.6896,3.6397,3.316,1.7032,1.7032,229135.5427,229135.5427,109963.2501,5345732.2112,5345732.2112
688555.SH,20210430,28.55,2.3883,2.3883,1.65,29.3911,28.8922,2.822,9.2794,8.8819,,,8311.0,1974.1,1974.1,237279.05,56360.555
600470.SH,20210430,4.07,1.0714,1.438,0.53,12.6376,9.3908,1.4857,0.4401,0.4175,0.0,,52160.0,52160.0,38862.8256,212291.2,212291.2
600847.SH,20210430,8.37,0.6624,0.8663,0.76,318.9371,154.7925,1.8429,2.1853,2.0003,0.0,,15328.74,15328.74,11720.4714,128301.5538,128301.5538
300414.SZ,20210430,8.48,0.7909,1.7859,0.84,86.8466,90.7623,2.9997,6.1769,5.658,0.5299,0.5299,32519.2466,30532.3126,13520.9215,275763.2112,258914.0108
000415.SZ,20210430,2.07,0.5817,1.0154,1.18,,,0.4691,0.4669,0.5457,0.0,,618452.1282,354739.6604,203235.4344,1280195.9054,734311.097
002610.SZ,20210430,2.38,1.8786,2.1374,1.0,483.194,490.1064,2.6051,3.537,3.8595,0.0,,448268.9935,438486.6101,385395.2551,1066880.2045,1043598.132
000429.SZ,20210430,7.31,0.5191,1.3596,1.04,17.6112,11.4311,1.8241,4.0323,3.1597,5.7729,5.7729,209080.6126,130290.2734,49741.356,1528379.2781,952421.8986
601952.SH,20210430,10.23,0.6957,2.1637,0.45,21.0496,20.541,2.594,1.6354,1.5509,1.955,1.955,137800.0,137800.0,44310.3574,1409694.0,1409694.0
300192.SZ,20210430,12.13,2.9669,3.537,1.34,31.5093,28.9391,3.8598,4.2446,4.042,0.0,,29702.3415,19570.2322,16415.6152,360289.4024,237386.9166
300693.SZ,20210430,30.43,4.0405,4.7401,0.81,39.249,34.4856,5.3112,5.3988,4.9389,0.3286,0.3286,13685.0329,9379.1852,7994.904,416435.5511,285408.6056
002005.SZ,20210430,1.63,1.3564,1.6386,0.72,,,1.6821,1.2981,1.1938,0.0,,176472.0,169188.753,140050.403,287649.36,275777.6674
002151.SZ,20210430,40.62,1.0012,1.3333,0.8,140.7267,123.1757,4.8434,5.6904,5.3818,0.0,,50772.9997,39526.5049,29681.2553,2062399.2478,1605566.629
300393.SZ,20210430,7.95,2.3129,2.802,1.32,64.0144,48.384,1.6812,1.2168,1.0754,2.4453,2.4453,77830.5256,55698.4922,45976.3914,618752.6785,442803.013
300675.SZ,20210430,15.98,2.6727,5.5722,0.96,53.4287,46.6664,4.7938,4.6277,4.4016,0.4693,0.4693,14666.67,14666.67,7034.7457,234373.3866,234373.3866
002859.SZ,20210430,29.58,1.1857,2.5702,0.73,42.0642,36.1932,6.5938,8.5352,7.6619,0.3368,0.3368,41132.9479,40290.8228,18587.6485,1216712.5989,1191802.5384
601399.SH,20210430,4.22,6.0474,6.0474,1.55,90.9576,75.3895,2.4121,3.4758,3.3871,0.0,,726826.3664,49357.7712,49357.7712,3067207.2662,208289.7945
002820.SZ,20210430,10.04,0.5655,0.9093,0.64,82.1259,69.4836,1.9192,5.8966,5.5405,1.9538,1.9538,20480.0,20235.838,12585.9948,205619.2,203167.8135
002198.SZ,20210430,5.8,1.2677,1.6298,0.25,148.3771,113.525,4.2613,5.4037,5.1253,0.0,,50750.9848,50750.9848,39476.8848,294355.7118,294355.7118
601866.SH,20210430,2.85,1.3612,3.0661,1.54,15.5282,12.6462,1.7403,1.7466,1.5932,1.5631,1.5631,1160812.5,793212.5,352150.0614,3308315.625,2260655.625
000890.SZ,20210430,4.57,1.2985,2.0398,2.69,120.1555,35.1059,97.6259,4.1047,3.9307,0.0,,41950.3968,37962.8678,24165.2336,191713.3134,173490.3058
003015.SZ,20210430,12.74,6.0136,6.0136,0.58,36.1385,33.4739,3.1205,6.9217,6.915,,,28106.6667,7026.6667,7026.6667,358078.9338,89519.7338
688028.SH,20210430,33.7,6.02,5.9243,3.17,54.4748,49.399,3.128,11.1482,10.1736,2.7596,2.7596,8000.0,3756.0998,3816.7298,269600.0,126580.5633
002319.SZ,20210430,13.27,1.4663,1.9814,0.65,363.0743,253.0395,19.0071,8.4371,7.8241,0.0,,20000.0,20000.0,14800.0041,265400.0,265400.0
603032.SH,20210430,10.3,5.5559,14.7565,4.29,,,2.4374,32.0427,30.7817,0.0,,16000.8,16000.8,6024.395,164808.24,164808.24
600549.SH,20210430,19.31,3.1686,5.9938,1.45,44.6039,32.224,3.4571,1.4444,1.2608,0.5133,0.5133,141851.62,140604.62,74331.4431,2739154.7822,2715075.2122
600917.SH,20210430,8.55,0.8422,8.4147,0.99,35.7024,32.1578,2.9511,1.9696,1.8299,0.9844,0.9844,157134.0,155600.0,15572.867,1343495.7,1330380.0
000683.SZ,20210430,3.0,5.7572,8.2276,3.5,164.9826,24.9056,1.0639,1.4594,1.3158,0.0,,374488.4991,340150.9404,238019.2001,1123465.4973,1020452.8212
600874.SH,20210430,6.11,0.2394,0.7004,0.67,15.2978,14.3894,1.2905,2.5924,2.4754,1.7512,1.7512,142722.843,108722.843,37166.3244,872036.5707,664296.5707
300825.SZ,20210430,26.65,3.6555,4.484,0.8,73.4286,62.8594,5.3598,9.9213,9.2911,0.0,,30565.8743,24465.0973,19944.428,814580.5501,651994.843
600067.SH,20210430,3.34,0.829,1.295,2.56,15.9553,12.2405,0.6179,0.5605,0.4905,0.0,,149211.0725,149211.0725,95515.3669,498364.9822,498364.9822
002039.SZ,20210430,14.42,0.9271,1.4833,1.27,9.9263,10.0989,1.3665,1.6615,1.6612,2.2885,2.2885,30539.8662,30539.4913,19088.1049,440384.8706,440379.4645
300409.SZ,20210430,12.97,3.2884,4.132,1.28,119.0011,58.5108,1.9961,2.1726,1.834,0.6387,0.6387,55524.4436,32596.4641,25941.1543,720152.0335,422776.1394
000930.SZ,20210430,9.09,2.991,3.5506,0.97,28.5937,19.995,1.5773,0.8518,0.7903,0.176,0.176,186571.7988,96440.2678,81240.2678,1695937.6511,876642.0343
002346.SZ,20210430,10.56,0.3323,0.8855,0.68,29.9587,21.0331,2.2112,7.7149,7.2629,1.8939,1.8939,44157.5416,39463.2807,14811.508,466303.6393,416732.2442
600351.SH,20210430,5.57,2.6953,3.4763,0.69,39.9454,32.4633,1.5085,1.648,1.5472,0.3591,0.3591,77000.0023,77000.0023,59700.4394,428890.0128,428890.0128
300723.SZ,20210430,27.76,1.8686,2.9495,1.93,35.3174,31.8211,5.2681,4.7558,4.305,0.3966,0.8915,28703.1148,12611.0462,7989.5777,796798.4668,350082.6425
600070.SH,20210430,6.53,2.0202,2.6666,0.84,,,1.3868,1.1215,1.161,1.1894,1.1894,52194.6118,52194.6118,39542.541,340830.8151,340830.8151
002178.SZ,20210430,3.09,0.9185,1.4437,0.59,,,3.989,3.3349,3.1762,0.0,,71215.3001,71125.6616,45249.4622,220055.2773,219778.2943
003035.SZ,20210430,9.78,10.857,10.857,0.96,92.9446,90.3424,6.6336,18.4411,17.5055,,,378787.8787,75757.5757,75757.5757,3704545.4537,740909.0903
600803.SH,20210430,17.52,0.584,1.1291,1.1,23.6641,18.8576,4.2874,0.5659,0.4438,0.5101,0.5101,284585.3619,122935.5783,63584.0509,4985935.5405,2153831.3318
605055.SH,20210430,10.06,22.4026,22.4026,1.1,54.8892,41.8398,4.0553,5.6773,5.2586,,,44000.0,8000.0,8000.0,442640.0,80480.0
603338.SH,20210430,73.39,2.7179,6.7207,6.63,53.648,50.0171,9.1014,12.0503,10.5195,0.3406,0.3406,48548.5571,48548.5571,19633.1791,3562978.6056,3562978.6056
605111.SH,20210430,192.65,7.8783,7.8783,0.92,139.9038,102.5623,15.785,20.4151,17.7055,,,10120.0,2530.0,2530.0,1949618.0,487404.5
688611.SH,20210430,38.45,7.8922,7.8922,0.76,20.3142,20.0627,2.9171,9.0645,8.8907,,,5590.0,1268.981,1268.981,214935.5,48792.3195
003022.SZ,20210430,34.6,3.9941,3.9941,0.76,55.4889,43.8013,6.2155,5.993,5.4176,,,102736.0,14736.0,14736.0,3554665.6,509865.6
000558.SZ,20210430,2.94,0.9524,1.8631,1.21,,,3.1449,27.069,24.0988,0.0,,128922.3949,128841.9854,65858.7663,379031.841,378795.4371
300334.SZ,20210430,5.4,1.7733,3.1967,1.32,,,2.1918,3.2459,3.1611,0.0,,30206.5356,30010.8488,16647.4023,163115.2922,162058.5835
688518.SH,20210430,13.83,4.4453,4.4453,2.0,61.7875,60.9855,2.8471,4.7133,4.3837,,,29920.0,7106.0,7106.0,413793.6,98275.98
600661.SH,20210430,14.25,0.4256,0.8851,1.72,,,7.9386,2.2573,2.1485,0.0,,28654.883,28654.883,13779.0342,408332.0828,408332.0828
603466.SH,20210430,28.73,1.9356,6.1026,0.58,24.4544,18.4355,3.9283,3.7124,3.2956,0.0,,29155.04,28865.52,9155.52,837624.2992,829306.3896
300294.SZ,20210430,35.0,1.9299,2.9288,0.74,58.3187,57.2541,3.6037,5.6512,5.6064,0.4213,0.4213,43332.4863,43332.4863,28553.3533,1516637.0205,1516637.0205
600769.SH,20210430,5.04,5.1743,7.0357,0.49,357.3794,267.2108,30.0846,61.6227,53.2274,0.0,,37497.72,37497.72,27577.2943,188988.5088,188988.5088
688015.SH,20210430,31.19,0.6924,0.8104,0.72,21.0748,20.9288,3.7634,2.463,2.3576,0.7695,0.7695,16000.0,9066.9718,7746.9675,499040.0,282798.8504
600647.SH,20210430,11.76,2.0243,3.4126,1.87,139.9149,101.7711,5.3944,6.8411,5.092,0.0,,13914.355,13914.355,8253.7095,163632.8148,163632.8148
002548.SZ,20210430,6.08,2.1045,2.1176,1.5,31.7717,50.5214,1.516,1.0326,0.8919,0.2057,0.2057,69108.3369,53224.1912,52895.5455,420178.6884,323603.0825
000605.SZ,20210430,5.25,1.0831,2.0823,0.92,91.687,77.6985,0.9125,0.9811,0.9287,0.381,0.381,35265.86,33569.3601,17461.5966,185145.765,176239.1405
000913.SZ,20210430,20.88,2.4842,4.2426,2.57,39.5378,33.5099,3.3799,2.6214,2.3698,2.1073,2.1073,45353.6,45353.6,26556.4603,946983.168,946983.168
601233.SH,20210430,22.89,2.2167,3.4015,1.68,18.3949,12.6628,1.8335,1.1425,1.0627,0.8294,0.8294,228753.1037,228753.1037,149076.7287,5236158.5437,5236158.5437
000967.SZ,20210430,7.88,0.3911,0.8396,0.63,17.9773,17.873,1.4832,1.7391,1.6762,1.3959,1.3959,316308.0346,202348.1028,94250.9471,2492507.3126,1594503.0501
600062.SH,20210430,12.03,0.5674,1.4179,0.99,12.4857,12.3477,1.3122,1.4758,1.4377,2.527,2.527,104323.771,104323.771,41744.2086,1255014.9651,1255014.9651
601111.SH,20210430,8.18,0.7758,2.8866,2.71,,,1.6626,1.7094,1.7779,0.543,0.543,1452481.5185,996213.1821,267741.2204,11881298.8213,8149023.8296
601216.SH,20210430,5.79,1.8987,5.0544,0.98,10.1465,9.2349,2.2361,3.3015,3.1908,6.0449,6.0449,843801.739,843801.739,316969.099,4885612.0688,4885612.0688
605186.SH,20210430,18.49,6.0131,6.0131,1.11,26.2655,26.1315,3.0684,8.7677,8.4623,,,13600.0,3400.0,3400.0,251464.0,62866.0
688321.SH,20210430,35.5,1.0945,1.3082,1.34,468.8209,786.3384,9.7472,54.0135,46.6443,,,41000.0,25037.2322,20946.3093,1455500.0,888821.7431
605368.SH,20210430,14.96,6.3248,6.3248,0.83,20.7972,19.6754,2.4488,1.9489,1.889,,,46270.2,6550.0,6550.0,692202.192,97988.0
600532.SH,20210430,16.26,0.32,0.4336,1.04,383.1229,426.569,4.4468,1.959,2.3435,0.0,,51606.572,51606.572,38092.3456,839122.8607,839122.8607
603058.SH,20210430,7.14,2.9977,8.2112,1.44,18.9327,25.2677,2.5588,6.8188,7.0431,1.6807,1.6807,41907.44,41833.94,15272.37,299219.1216,298694.3316
002922.SZ,20210430,15.96,3.1792,6.2466,1.88,54.0871,16.1414,1.7813,1.9786,1.7751,0.9716,,17430.615,12581.3429,6403.1952,278192.6154,200798.2327
603786.SH,20210430,73.09,3.0115,3.0115,1.38,56.8185,54.1601,7.4238,10.0364,9.5513,0.4925,0.4925,40010.0,4010.0,4010.0,2924330.9,293090.9
003003.SZ,20210430,14.4,5.4057,5.4057,0.78,43.2233,41.1779,2.0586,2.5063,2.3249,,,17672.0,4420.0,4420.0,254476.8,63648.0
300424.SZ,20210430,11.7,1.3991,1.7363,1.08,,,4.2101,2.2936,2.3946,0.0855,0.0855,23987.5156,20051.615,16157.0195,280653.9325,234603.8955
002533.SZ,20210430,5.52,0.9863,1.8395,1.43,16.2164,12.6145,1.1845,0.5198,0.4371,4.5199,4.5199,73413.5917,59438.996,31868.0738,405243.0262,328103.2579
000761.SZ,20210430,4.05,0.4595,1.4979,0.55,40.8517,17.5811,0.7632,0.3224,0.3007,0.0,,387589.8553,347589.8553,106627.0459,1569738.914,1407738.914
300712.SZ,20210430,38.03,1.7518,3.8836,0.49,136.0086,134.9037,6.6601,7.0636,7.0236,0.263,0.263,18210.4,18210.4,8214.1323,692541.512,692541.512
000935.SZ,20210430,12.88,0.4938,1.5965,1.29,11.0639,10.2473,1.8672,6.6768,7.0739,0.7453,0.7453,76344.0333,76343.6593,23616.0776,983311.1489,983306.3318
002150.SZ,20210430,5.69,0.5786,1.2812,2.49,15.2712,15.1804,1.4377,1.4246,1.3616,2.6362,2.6362,35651.7053,35508.7703,16036.1496,202858.2032,202044.903
000915.SZ,20210430,29.31,2.213,2.8377,0.67,23.622,19.6147,3.3316,3.7716,3.4582,1.0235,1.0235,23433.1485,23416.1315,18261.6975,686825.5825,686326.8143
600243.SH,20210430,3.56,1.3732,2.5618,1.59,53.9559,30.1252,1.3765,2.4537,2.3752,0.0,,43885.0,43885.0,23524.55,156230.6,156230.6
300759.SZ,20210430,162.19,1.4405,1.9063,0.84,109.8973,97.8491,14.1626,25.0977,22.7483,0.0925,0.0925,79438.7462,28322.7349,21402.7021,12884170.2462,4593664.3734
600054.SH,20210430,10.95,1.339,3.1717,1.01,,,1.8917,10.7806,9.762,0.9954,0.9954,72937.944,51330.0,21670.425,798670.4868,562063.5
603579.SH,20210430,34.27,0.7649,1.6784,0.61,24.8589,20.6778,2.8638,2.3745,2.1664,4.2635,4.2635,14000.0,14000.0,6379.96,479780.0,479780.0
002528.SZ,20210430,3.44,0.3236,0.7481,0.75,47.125,56.5072,1.1023,0.7873,0.7795,0.0,,119867.5082,104643.9251,45271.0926,412344.2282,359975.1023
002271.SZ,20210430,57.76,0.9167,1.0016,0.81,43.0117,41.012,4.7165,6.7077,5.915,0.3231,0.3231,252356.1412,174038.5748,159297.2539,14576090.7157,10052468.0804
688520.SH,20210430,43.37,3.4157,3.4157,3.4,,,45.9219,57533.574,76711.3479,,,43533.5714,4800.0,4800.0,1888050.9916,208176.0
002823.SZ,20210430,10.09,0.5834,0.7708,0.44,34.6135,32.8489,2.1326,1.5082,1.3997,0.6904,0.6904,28708.5981,15921.6743,12051.5638,289669.7548,160649.6937
002880.SZ,20210430,46.36,0.299,1.0874,0.75,39.4452,40.4425,4.6082,8.3027,8.7969,0.4602,,16200.0,16200.0,4455.0,751032.0,751032.0
603031.SH,20210430,26.8,0.2177,0.5293,1.14,,,4.8854,1.6999,1.7014,0.0,,11200.0,11200.0,4606.0004,300160.0,300160.0
002792.SZ,20210430,14.94,1.0178,1.5083,1.1,71.0859,44.533,2.5589,3.3438,3.1158,0.1339,0.1339,33784.02,16393.6317,11062.7141,504733.2588,244920.8576
603040.SH,20210430,27.31,0.5966,1.3891,0.96,19.0107,18.0097,3.0688,7.5017,6.7699,1.4086,1.4086,10330.5779,10330.5779,4436.5779,282128.0824,282128.0824
300617.SZ,20210430,42.23,1.6819,2.429,0.98,41.2639,33.9447,5.9072,10.3301,7.9105,0.8952,1.184,12934.3605,6468.5255,4479.1355,546218.0439,273165.8319
600863.SH,20210430,2.35,0.2498,0.5796,0.93,17.9828,17.6727,1.1697,0.8886,0.8659,5.3617,5.3617,580854.191,580854.191,250306.8107,1365007.3489,1365007.3489
688659.SH,20210430,12.54,8.5438,8.5438,0.91,32.3351,27.3305,3.2883,4.377,3.9706,,,16000.0,3639.6148,3639.6148,200640.0,45640.7696
300102.SZ,20210430,6.93,9.8414,10.1088,0.91,,,2.0478,3.7259,3.2383,0.0,,70739.0811,70710.5961,68840.2321,490221.832,490024.431
300088.SZ,20210430,7.56,1.4544,1.8106,0.91,22.2464,21.2604,2.5703,2.7117,2.6329,1.3105,1.3105,245485.1691,242822.5685,195059.596,1855867.8784,1835738.6179
002261.SZ,20210430,6.37,1.037,1.2338,0.53,146.6337,140.6939,2.7451,4.7104,4.4361,0.0,,110076.6874,94376.9595,79327.4274,701188.4987,601181.232
000719.SZ,20210430,7.03,1.2031,2.1179,1.66,7.7535,7.6642,0.7967,0.75,0.7184,3.9829,3.9829,102320.3749,66714.7543,37897.2065,719312.2355,469004.7227
300568.SZ,20210430,30.8,2.8321,2.9897,1.46,114.0223,82.6986,4.5684,14.2919,10.9289,0.3582,0.3582,44853.9565,36889.3689,34944.4251,1381501.8602,1136192.5621
603068.SH,20210430,61.4,1.1376,1.2481,0.83,278.0082,333.3479,4.6217,11.4209,10.1546,0.5557,0.5557,15042.4966,9415.3431,8581.3431,923609.2912,578102.0663
000882.SZ,20210430,1.81,0.3635,0.5568,0.77,215.6744,36.1704,0.6789,5.5682,4.99,0.2762,0.2762,273735.1947,273734.8016,178725.7639,495460.7024,495459.9909
600493.SH,20210430,4.73,2.0915,3.1225,1.25,43.4242,39.0483,1.6669,1.2256,1.1841,0.6342,0.6342,27200.0,27200.0,18218.6406,128656.0,128656.0
300797.SZ,20210430,13.96,1.8868,1.8868,0.64,44.8703,39.6695,4.3591,5.9183,5.5797,0.2006,0.2006,24820.0,7636.6983,7636.6983,346487.2,106608.3083
600537.SH,20210430,4.06,1.1471,1.6872,0.65,,,1.6943,1.1654,1.0153,0.0,,117635.9268,117635.9268,79978.2938,477601.8628,477601.8628
688368.SH,20210430,298.01,3.1779,3.1779,1.54,266.5778,135.6908,13.5934,16.644,13.8158,0.1678,0.1678,6160.0,1514.4284,1514.4284,1835741.6,451314.8075
002372.SZ,20210430,23.52,0.7021,2.0403,0.82,31.3986,30.7116,8.3822,7.3355,6.887,2.1005,2.1005,159211.2988,142108.702,48899.7489,3744649.7478,3342396.671
300002.SZ,20210430,4.44,1.4157,1.4777,1.01,24.7962,21.0413,2.1714,2.4215,2.1818,0.0,,196109.1984,162892.3979,156059.3325,870724.8409,723242.2467
002063.SZ,20210430,8.3,1.1843,1.5228,0.54,34.8085,34.7751,3.4508,5.4097,5.243,0.5097,0.5097,110248.6112,101547.4723,78977.2356,915063.473,842844.0201
300311.SZ,20210430,5.16,2.3897,2.7454,0.87,203.5023,85.0014,3.9468,3.959,3.9608,0.0,,67363.015,51042.0114,44428.8698,347593.1574,263376.7788
003009.SZ,20210430,49.82,5.6194,5.6194,0.59,74.8423,57.9637,6.0338,8.9678,8.0431,,,15539.2313,3884.81,3884.81,774164.5034,193541.2342
002689.SZ,20210430,3.01,0.352,0.7765,0.73,364.1657,211.1475,2.4472,3.4313,3.4002,0.0,,104331.0725,104062.121,47168.254,314036.5282,313226.9842
600578.SH,20210430,2.93,0.493,1.844,1.0,14.0127,19.7344,0.812,0.9735,0.9451,4.1188,4.1188,667761.7856,667761.7856,178543.3614,1956542.0318,1956542.0318
300685.SZ,20210430,85.4,0.729,1.174,0.88,105.0451,95.7455,16.0525,26.0058,23.3433,0.1953,0.1953,22180.8,21788.5725,13529.59,1894240.32,1860744.0915
600621.SH,20210430,14.94,0.9348,2.0005,0.92,22.3777,22.989,2.2704,103.0949,102.0714,0.1272,0.1272,106089.9292,106089.9292,49573.2504,1584983.5422,1584983.5422
688090.SH,20210430,29.55,0.5275,0.6861,0.72,39.858,52.1987,2.1264,2.4915,2.4931,0.6091,0.6091,6736.0588,4542.8893,3492.2865,199050.5375,134242.3788
300404.SZ,20210430,12.53,3.4949,4.1997,1.25,167.1435,93.9596,6.2693,10.9017,9.629,0.0614,0.0614,22661.9451,15007.2923,12489.0512,283954.1721,188041.3725
601155.SH,20210430,45.04,0.361,1.102,1.11,6.674,6.5586,1.9917,0.6999,0.6526,3.7672,3.7672,226059.7986,225438.9786,73858.9786,10181733.3289,10153771.5961
603366.SH,20210430,4.4,2.0982,5.4446,1.9,20.6919,19.4874,1.0592,0.9936,0.9243,1.4205,1.4205,80000.0,80000.0,30830.2694,352000.0,352000.0
300480.SZ,20210430,17.77,1.6198,2.3366,0.73,74.6539,71.3365,5.6757,14.2331,14.2287,0.2164,0.2164,24934.381,15470.1781,10724.3982,443083.9504,274905.0648
603616.SH,20210430,5.38,3.2861,6.482,2.31,55.4297,36.5804,2.1322,1.6155,1.4873,0.0,,29336.0,29336.0,14872.26,157827.68,157827.68
002087.SZ,20210430,3.38,3.9631,5.4539,1.75,16.0322,19.4454,0.6412,0.5674,0.5364,0.8876,0.8876,81679.4335,81563.8642,59267.845,276076.4852,275685.861
601860.SH,20210430,3.82,1.3053,1.3053,1.44,9.7015,9.6544,0.9478,3.1238,3.3445,2.6178,2.6178,366091.3465,174621.5896,174621.5896,1398468.9436,667054.4723
600131.SH,20210430,13.76,0.4903,0.6171,0.72,27.1043,27.0198,3.5118,2.3461,2.3017,0.9084,0.9084,119539.4544,54021.4382,42914.731,1644862.8925,743334.9896
002799.SZ,20210430,21.11,1.7473,4.6498,0.75,37.5133,34.0145,5.4557,2.0262,1.8007,0.3948,0.3948,18000.0,17999.7,6763.74,379980.0,379973.667
603390.SH,20210430,9.39,4.3849,4.3849,0.87,70.7017,59.8472,1.9234,5.0505,4.9135,1.065,1.065,35168.6984,12852.6384,12852.6384,330234.078,120686.2746
002628.SZ,20210430,3.52,0.8163,1.1237,1.11,32.844,21.8404,0.9131,1.2334,1.1519,0.3409,0.3409,76221.6215,74646.8931,54226.4701,268300.1077,262757.0637
688662.SH,20210430,26.45,10.6715,10.6715,1.1,31.3985,29.0546,3.5543,3.7377,3.4454,,,8824.0,2005.5026,2005.5026,233394.8,53045.5438
002576.SZ,20210430,10.73,2.1508,3.5185,1.03,19.8376,15.7854,1.7598,1.1686,1.0732,0.466,0.466,16510.0,16441.5254,10050.5575,177152.3,176417.5675
600665.SH,20210430,3.02,0.4521,1.0642,0.46,7.9375,10.1733,0.6729,0.492,0.5063,4.9007,4.9007,86412.2521,86412.2521,36712.1583,260965.0013,260965.0013
000540.SZ,20210430,2.77,0.342,0.6383,1.5,33.9311,33.3686,1.0521,2.7205,2.2341,0.0,,700525.4679,697067.4147,373453.9033,1940455.5461,1930876.7387
300629.SZ,20210430,17.9,1.6293,1.9534,1.03,46.9775,43.4671,2.5836,7.3718,7.1713,0.0,0.5587,13152.6341,8632.0984,7199.7416,235432.1504,154514.5614
600568.SH,20210430,1.74,2.2562,4.2197,1.44,1077.2735,1075.6944,0.9195,4.7666,5.0388,0.0,,199286.9681,156494.8288,83676.3915,346759.3245,272301.0021
002601.SZ,20210430,33.85,2.0334,2.6652,0.78,33.1242,30.9287,4.3222,5.3735,5.0328,2.7072,2.7072,223961.0256,150683.8093,114962.1114,7581080.7166,5100646.9448
300382.SZ,20210430,9.95,1.2114,2.6092,0.74,86.6346,76.679,5.4116,6.3628,6.3706,0.3476,0.3476,56457.0157,56451.2332,26210.2252,561747.3062,561689.7703
600774.SH,20210430,16.67,5.8225,22.8944,2.61,83.173,39.7275,5.5246,7.6398,4.5775,0.0,,22694.8002,22675.7731,5766.8818,378322.3193,378005.1376
600318.SH,20210430,6.65,0.8132,1.2564,0.71,,,2.4156,6.936,7.082,0.2886,0.2886,51336.4429,50420.9477,32634.359,341387.3453,335299.3022
603318.SH,20210430,6.36,0.7624,1.7604,1.32,100.5002,55.1878,2.4123,2.1217,1.7443,0.0,,37801.1155,37801.1155,16372.2277,240415.0946,240415.0946
300110.SZ,20210430,4.76,4.3372,7.9286,1.72,59.4705,49.5429,2.4644,3.4816,2.2476,0.2101,0.2101,118221.2982,117783.3975,64431.2528,562733.3794,560648.9721
002171.SZ,20210430,8.04,1.533,2.6385,0.76,39.0995,21.9413,1.8895,0.4667,0.406,1.2038,1.2038,133368.0069,124371.3865,72261.7281,1072278.7755,999945.9475
002775.SZ,20210430,4.92,0.8449,1.2145,0.83,15.7766,13.9208,1.0664,1.001,0.9453,13.9615,13.9615,51276.7053,44465.5778,30933.6178,252281.3901,218770.6428
000750.SZ,20210430,4.21,0.6131,0.9859,0.84,31.5994,38.2703,1.2317,5.1141,5.0675,0.8314,0.8314,544452.5514,544452.0789,338596.6331,2292145.2414,2292143.2522
300190.SZ,20210430,6.62,0.8433,1.3373,1.05,14.4807,14.1637,1.1941,1.6155,1.5467,1.5148,1.5148,78158.6008,74599.1709,47041.9453,517409.9373,493846.5114
600678.SH,20210430,5.52,1.0329,1.2994,1.41,50.3828,34.0834,10.373,7.421,6.5288,0.0,,34899.0,34899.0,27743.6516,192642.48,192642.48
300973.SZ,20210430,147.0,6.7264,6.7264,0.51,107.2533,86.7403,13.5952,13.7554,11.6472,,,16934.0,3613.3423,3613.3423,2489298.0,531161.3181
603908.SH,20210430,22.12,1.2056,3.3233,1.58,32.0869,26.9548,3.1989,2.2952,2.1515,3.3906,3.3906,6669.0,6669.0,2419.3047,147518.28,147518.28
300287.SZ,20210430,3.61,4.2723,4.6092,0.5,,,2.1335,5.3324,4.4644,0.0,,143527.3808,116032.4604,107552.2267,518133.8447,418877.182
603169.SH,20210430,4.17,1.3487,3.822,0.67,,,2.8083,1.5115,1.4278,0.0,,105150.2526,105150.2526,37106.2822,438476.5533,438476.5533
002199.SZ,20210430,6.47,1.7146,2.3158,0.89,197.4894,94.4095,3.8166,6.0025,5.5386,0.0,,24344.2363,24344.2363,18024.295,157507.2089,157507.2089
002758.SZ,20210430,10.31,1.5088,2.1034,0.47,14.3293,11.7662,1.6699,0.175,0.1378,0.3342,0.3342,48798.9694,19502.4257,13989.9257,503117.3745,201070.009
300109.SZ,20210430,13.84,4.1823,6.6112,2.31,100.3091,47.0645,1.4217,4.5694,4.288,0.1445,0.1445,32306.8983,29115.9424,18419.0891,447127.4725,402964.6428
000070.SZ,20210430,7.1,1.1997,1.9304,1.1,512.5868,65.5851,1.9995,1.2423,1.0458,0.9603,0.9603,82630.8389,80497.4038,50025.1688,586678.9562,571531.567
300566.SZ,20210430,45.96,0.972,1.5031,0.66,52.1561,47.1361,8.2381,5.0226,4.5953,0.1088,0.1088,15520.05,11564.8555,7478.4043,713301.498,531520.7588
600227.SH,20210430,2.97,1.5381,1.9923,1.67,90.4339,44.3689,1.5471,2.6098,2.416,0.0,,169313.4201,127817.9547,98681.1635,502860.8577,379619.3255
688177.SH,20210430,23.28,0.739,0.9235,0.58,,,5.0831,52.1098,42.7357,,,41408.0,9591.1922,7675.2451,963978.24,223282.9544
601186.SH,20210430,7.72,0.3379,0.8524,1.5,4.6816,4.2916,0.5513,0.1152,0.1049,2.7202,2.7202,1357954.15,1150324.55,456050.891,10483406.038,8880505.526
600506.SH,20210430,6.52,6.9011,9.0665,1.58,216.1942,1412.7331,3.4795,8.1212,7.4892,0.0,,14770.6873,14770.6873,11242.8858,96304.8812,96304.8812
688669.SH,20210430,32.4,3.5547,3.5547,0.48,19.0482,19.3576,2.0725,1.5714,1.3899,,,9333.3334,1902.5201,1902.5201,302400.0022,61641.6512
300242.SZ,20210430,4.26,3.338,4.321,1.33,,,3.7273,0.3863,0.3802,0.0,,63455.5224,59445.1698,45922.5798,270320.5254,253236.4233
002366.SZ,20210430,3.44,5.096,5.4943,0.82,,,3.8511,6.7779,6.5097,0.0,,86705.735,60315.1231,55942.1631,298267.7284,207484.0235
600031.SH,20210430,30.88,1.5932,2.3456,1.2,16.9798,13.9554,4.2177,2.6376,2.2705,1.3465,1.3465,848522.1391,848522.1391,576328.48,26202363.6554,26202363.6554
603033.SH,20210430,21.8,0.3102,0.6862,0.48,43.9855,36.0326,3.0383,5.161,4.3684,0.7536,0.7536,42618.5404,24888.08,11251.8,929084.1807,542560.144
603499.SH,20210430,7.85,0.7991,2.1232,0.88,198.8168,246.7606,2.7874,3.2643,2.9196,0.7183,0.7183,20123.9486,20031.9932,7538.9932,157972.9965,157251.1466
002541.SZ,20210430,55.56,0.9357,1.3748,0.7,36.4138,30.9628,5.0051,2.1633,1.8942,0.288,0.288,52371.8853,37044.9137,25212.7819,2909781.9473,2058215.4052
002478.SZ,20210430,4.05,0.842,1.0972,1.28,31.4436,92.1732,0.8809,0.9863,0.989,3.1823,3.1823,95999.2879,59815.4115,45902.9073,388797.116,242252.4166
300638.SZ,20210430,57.01,0.9451,1.345,0.61,48.6242,44.2144,8.3959,5.0266,4.4739,0.3892,0.3892,24190.4234,15140.2432,10638.5496,1379096.038,863145.2648
600660.SH,20210430,51.33,0.908,1.3343,0.83,49.5111,42.9787,5.7159,6.4686,6.0054,1.4611,1.4611,250861.7532,200298.6332,136304.069,12876733.7918,10281328.8422
600016.SH,20210430,4.7,0.218,0.3037,1.06,5.9978,6.35,0.4329,1.1126,1.1516,7.8723,7.8723,4378241.8502,3546212.3213,2545395.806,20577736.6959,16667197.9101
601619.SH,20210430,3.39,0.6356,1.4946,0.61,35.7338,28.383,1.9715,6.9958,6.5393,1.2602,1.2602,208770.7139,208770.7139,88778.0071,707732.7201,707732.7201
300162.SZ,20210430,6.18,7.418,10.2408,0.8,,,3.5213,2.6379,2.4623,0.0809,0.0809,34951.003,26420.4999,19137.9749,215997.1985,163278.6894
601595.SH,20210430,12.96,0.9621,3.1253,0.9,,,3.0374,18.7801,11.9434,0.7266,0.7266,44820.0,44820.0,13797.1683,580867.2,580867.2
600398.SH,20210430,7.24,0.3777,1.3511,1.18,17.5249,13.4122,2.2318,1.7414,1.5952,3.8839,3.8839,431959.3128,431959.3128,120746.7579,3127385.4247,3127385.4247
000883.SZ,20210430,4.64,0.9394,3.3119,0.87,12.2886,11.2625,1.0215,1.7737,1.6409,2.1552,2.1552,650744.9486,650487.6386,184498.8018,3019456.5615,3018262.6431
600408.SH,20210430,3.23,6.8183,9.9634,4.92,9.7694,5.4485,1.1626,0.37,0.3286,0.0,,100680.0,100680.0,68899.2884,325196.4,325196.4
688096.SH,20210430,15.15,0.8557,1.0385,0.91,26.1476,25.4159,2.2068,4.6206,4.5884,2.6403,2.6403,10729.35,7424.45,6117.45,162549.6525,112480.4175
603269.SH,20210430,10.11,1.5999,2.3213,0.45,24.4772,17.9632,1.3253,1.3636,1.2172,1.6082,1.6082,11251.8866,11251.8866,7755.0493,113756.5735,113756.5735
600055.SH,20210430,12.7,1.5429,2.5338,1.02,31.1254,31.3677,2.9457,6.068,6.1225,0.3901,0.3901,54081.6199,54081.6199,32931.5205,686836.5727,686836.5727
002669.SZ,20210430,12.24,1.6363,2.1862,1.31,14.3742,13.8498,1.3223,1.5995,1.469,0.6526,0.6526,25249.2921,25085.0121,18775.4921,309051.3353,307040.5481
002510.SZ,20210430,4.25,1.9978,2.3275,0.86,,,1.9872,3.0035,2.775,0.0,,95111.4909,93120.4858,79929.7724,404223.8363,395762.0647
002041.SZ,20210430,15.27,0.7529,1.954,0.85,131.7987,105.5512,4.5582,14.9183,13.9019,0.3929,0.3929,88000.0,88000.0,33908.0171,1343760.0,1343760.0
002370.SZ,20210430,4.08,5.6252,8.2095,0.64,80.2691,77.7985,5.0606,4.2521,4.9167,0.0,,53660.2296,46330.7482,31746.0694,218933.7368,189029.4527
603339.SH,20210430,9.26,0.2998,0.5217,0.71,26.9187,23.997,1.5536,2.5974,2.3666,1.3718,1.3718,30944.1175,30944.1175,17783.7468,286542.5281,286542.5281
603508.SH,20210430,18.69,0.82,2.2526,1.66,,,1.2872,6.0381,6.4922,1.8314,1.8314,27252.1901,22671.622,8253.0532,509343.433,423732.6152
000878.SZ,20210430,13.92,2.1319,3.485,0.81,62.3246,58.9986,2.8913,0.2681,0.2413,0.0,0.7184,169967.856,164188.2205,100441.2487,2365952.5555,2285500.0294
000888.SZ,20210430,6.48,1.8798,3.1122,0.78,,58.2976,1.4092,7.3072,6.4209,1.5432,1.5432,52691.3102,52691.3102,31826.6608,341439.6901,341439.6901
600725.SH,20210430,1.94,0.3076,0.4332,0.99,149.1162,185.0933,7.4517,1.7385,1.5425,0.0,,123247.0,123247.0,87521.1256,239099.18,239099.18
002616.SZ,20210430,6.49,1.3559,2.3618,1.65,13.7419,13.9015,1.8143,1.5931,1.5287,3.0816,6.1633,74189.5452,47015.9352,26991.9452,481490.1483,305133.4194
002875.SZ,20210430,10.43,13.5733,21.6634,1.31,,,1.999,1.4139,1.3241,,,17037.5626,7930.2246,4968.7107,177701.7779,82712.2426
300034.SZ,20210430,23.75,1.3172,2.4498,0.56,56.683,49.9726,4.4361,7.2836,6.828,0.4879,0.4879,48606.8671,43007.5072,23124.2496,1154413.0936,1021428.296
688636.SH,20210430,69.85,12.2648,12.2648,0.72,40.8079,35.8443,4.6388,10.7572,10.119,,,5000.0,1017.5476,1017.5476,349250.0,71075.6999
000620.SZ,20210430,2.38,0.8469,2.1814,0.51,,,0.7427,0.6372,0.6176,0.0,,189669.042,189661.1195,73633.8608,451412.32,451393.4644
300130.SZ,20210430,11.78,5.0567,6.545,1.28,66.6183,60.2906,2.3239,2.1892,2.0281,2.1068,2.1068,48919.7278,35530.8713,27451.5617,576274.3935,418553.6639
002400.SZ,20210430,4.88,3.0994,3.8457,0.61,,,1.905,0.6401,0.6209,0.4713,0.4713,174333.7128,168718.9081,135975.2846,850748.5185,823348.2715
600984.SH,20210430,12.36,1.9381,2.8937,0.94,21.6017,17.5696,2.0323,2.987,2.6941,0.0,,96695.6865,85905.5388,57535.4806,1195158.6851,1061792.4596
603605.SH,20210430,182.75,1.1877,2.8132,1.11,77.213,72.3254,14.6708,9.7949,9.0759,0.3231,0.3231,20111.6925,20066.2765,8472.1205,3675411.8044,3667112.0304
600986.SH,20210430,4.46,2.2974,2.6346,0.63,62.5823,47.1015,1.5999,0.6377,0.6017,0.0,,132404.4861,131635.8306,114786.5121,590524.008,587095.8045
600848.SH,20210430,20.58,0.5572,0.9766,1.5,30.5865,27.0639,2.9076,11.009,10.8935,1.1662,1.1662,210206.8212,121458.2225,69297.1726,4326056.3803,2499610.2191
603456.SH,20210430,43.26,0.6701,1.3758,0.61,94.5036,81.2734,8.6238,13.5862,11.5579,0.4467,0.4467,83140.613,80330.7971,39126.3639,3596662.9184,3475110.2825
300526.SZ,20210430,20.21,8.9486,25.9649,0.57,,,11.5205,24.1685,31.4254,0.1364,0.1364,20424.8968,20422.7356,7038.5665,412787.1643,412743.4865
000988.SZ,20210430,20.18,0.7805,1.0259,0.96,36.86,30.0178,3.0053,3.3061,2.8312,0.2973,0.2973,100550.2707,100507.5732,76464.3655,2029104.4627,2028242.8272
603025.SH,20210430,23.32,1.3502,7.7591,1.4,100.7587,84.4166,11.4243,25.9409,21.6925,0.9434,0.9434,92610.1711,92189.0711,16042.4881,2159669.1901,2149849.1381
600023.SH,20210430,3.58,0.2504,0.8991,1.24,8.0,7.3995,0.6978,0.9421,0.8475,5.5866,5.5866,1360068.9988,1360068.9988,378752.2987,4869047.0157,4869047.0157
002683.SZ,20210430,27.78,0.9335,1.4724,0.78,51.5617,47.1064,3.8872,3.2555,2.9834,0.6793,0.6793,74941.2187,64476.5752,40875.507,2081867.0555,1791159.2591
600212.SH,20210430,3.75,1.6271,1.8862,0.84,98.1978,130.8638,7.5368,6.9323,7.5771,0.0,,51169.7213,51169.7213,44141.6728,191886.4549,191886.4549
000720.SZ,20210430,3.94,0.5158,0.6573,0.46,18.219,18.1809,1.8357,1.3187,1.2085,0.0,,128965.0962,86346.0,67757.9241,508122.479,340203.24
000969.SZ,20210430,7.15,1.403,2.2061,0.67,70.907,47.8587,1.5727,1.4733,1.3679,0.0,,102600.8097,100083.1205,63646.4481,733595.7894,715594.3116
603585.SH,20210430,14.99,0.2017,0.6722,0.55,15.4406,15.5418,1.3055,1.7312,1.6342,4.0027,4.0027,18000.0,18000.0,5400.0,269820.0,269820.0
600728.SH,20210430,6.33,0.6076,0.7551,1.28,121.0069,72.7087,2.0319,2.5922,2.2813,0.6327,0.6327,175535.2697,172973.2797,139197.9093,1111138.2572,1094920.8605
300791.SZ,20210430,74.55,5.3346,5.4443,1.43,34.7598,33.7955,3.9895,4.3284,4.0371,0.2683,0.2683,12000.0,3429.12,3360.0,894600.0,255640.896
002821.SZ,20210430,328.9,0.5655,0.9441,0.43,110.5122,103.8531,12.9622,25.3358,23.1211,0.1449,0.1449,24262.6693,23298.28,13956.1198,7979991.9328,7662804.292
601127.SH,20210430,48.46,8.1671,8.4277,1.01,,,13.3544,4.3748,4.1149,0.0806,0.0806,129117.8283,96379.7331,93399.646,6257049.9594,4670561.866
000516.SZ,20210430,16.22,3.0364,4.1616,0.92,813.8263,713.8745,6.3526,22.9719,18.7956,0.0,,227592.735,192893.4684,140741.9645,3691554.1617,3128732.0574
000902.SZ,20210430,16.59,0.6319,1.2483,0.97,22.6676,19.615,2.9791,2.1495,2.0477,1.1826,1.1826,130452.929,118630.9098,60056.5656,2164214.0921,1968086.7936
600746.SH,20210430,14.51,6.0934,14.3254,0.9,73.2588,23.2505,3.7835,4.465,3.6549,0.0,,116784.2884,30466.1953,12958.9711,1694540.0247,442064.4938
603773.SH,20210430,26.64,0.5664,1.0249,0.64,178.5907,80.5836,1.573,4.1711,3.6647,0.6081,0.6081,9459.5556,9459.5556,5227.7353,252002.5612,252002.5612
600004.SH,20210430,12.16,0.7417,1.5151,0.85,,,1.5391,5.5084,5.6475,1.0426,1.0426,236671.8283,206932.0514,101297.3731,2877929.4321,2516293.745
300901.SZ,20210430,15.76,8.5798,9.0492,1.11,36.2135,36.3057,3.8716,6.3114,6.1516,,,24000.0,6000.0,5688.7984,378240.0,94560.0
600590.SH,20210430,5.95,4.0665,6.9127,0.92,,50.0569,1.2916,0.8453,0.8097,0.9325,0.9325,85878.2308,84492.586,49704.4342,510975.4733,502730.8867
000099.SZ,20210430,6.44,0.5957,0.9706,0.69,17.8745,17.0351,1.1261,2.5046,2.481,0.7764,1.941,60607.042,60607.042,37195.0946,390309.3505,390309.3505
300014.SZ,20210430,88.67,1.7206,2.6931,1.12,101.3815,81.8435,10.9737,20.5207,17.0719,0.0984,0.0984,188886.5429,178062.0635,113760.1276,16748569.7589,15788763.1705
603186.SH,20210430,39.0,1.4034,2.3274,0.9,44.2402,32.4079,3.9143,2.4254,2.0969,0.3969,0.7179,14204.5312,14013.2181,8449.8944,553976.7168,546515.5059
300660.SZ,20210430,18.96,1.2343,2.2934,0.79,18.0178,16.0083,1.8844,2.03,1.8527,2.1099,2.1099,25934.2568,12410.3897,6679.1537,491713.5089,235300.9887
688508.SH,20210430,77.66,4.1921,4.1921,0.79,87.8322,75.2557,6.5859,20.4055,17.2158,,,11280.0,2679.0,2679.0,876004.8,208051.14
000667.SZ,20210430,1.79,2.9121,3.5268,1.05,46.6314,82.4454,0.6264,1.0497,0.9977,0.0,,246698.8633,244731.4632,202074.1121,441590.9653,438069.3191
002903.SZ,20210430,13.56,3.336,4.5141,0.87,47.6766,28.391,3.0179,6.7913,5.2383,0.0,,15240.0,9054.1801,6691.3264,206654.4,122774.6822
300952.SZ,20210430,29.78,12.3909,12.3909,1.35,40.7345,39.8011,4.88,5.2046,4.7141,,,14492.7653,3436.2417,3436.2417,431594.5506,102331.2778
600837.SH,20210430,11.07,0.6688,0.6949,1.37,13.298,11.8442,0.9253,3.7839,3.4088,2.5294,2.5294,1306420.0,848267.8055,816305.6988,14462069.4,9390324.6069
601398.SH,20210430,5.13,0.1468,1.1676,2.31,5.7877,5.7651,0.6644,2.0714,2.0546,5.1228,5.1228,35640625.7089,26961221.2539,3389563.121,182836409.8867,138311065.0325
002031.SZ,20210430,1.78,0.74,0.8504,1.07,,,1.3448,2.3329,1.9312,0.0562,0.0562,219939.567,189227.1229,164661.3082,391492.4293,336824.2788
300341.SZ,20210430,8.76,0.4035,1.173,1.38,32.1384,27.7088,3.9817,3.7662,3.4819,0.3425,0.3425,51016.3336,50989.9111,17539.4727,446903.0823,446671.6212
605123.SH,20210430,70.95,2.0885,2.0885,0.67,46.0102,38.5951,4.6974,7.4555,6.4339,,,10800.0,2700.0,2700.0,766260.0,191565.0
600717.SH,20210430,4.72,0.3465,0.8023,1.28,16.5805,14.7706,0.6689,0.8479,0.8184,1.589,1.589,241166.7532,241166.7532,104148.9516,1138307.0751,1138307.0751
605068.SH,20210430,35.29,4.5965,4.5965,2.25,26.5663,22.7875,3.294,7.2481,6.6114,,,16600.0,4150.0,4150.0,585814.0,146453.5
688033.SH,20210430,11.44,1.6724,1.8273,2.22,44.9055,48.7182,2.1126,12.365,12.2014,0.8304,0.8304,44873.7188,30375.5036,27800.4384,513355.3431,347495.7612
600481.SH,20210430,4.54,0.9326,1.9507,0.63,53.9274,38.4887,3.3263,3.5773,3.2421,2.6432,2.6432,163229.5808,162725.5808,77792.8156,741062.2968,738774.1368
002845.SZ,20210430,25.7,1.8914,2.7872,0.83,23.3412,17.4425,2.4339,0.568,0.5194,0.2014,,23431.4304,12816.806,8697.4976,602187.7613,329391.9142
002615.SZ,20210430,4.36,2.7438,3.9487,2.16,,90.431,2.2925,1.207,1.0336,1.8233,1.8233,41302.1738,23087.8713,16042.5217,180077.4778,100663.1189
002056.SZ,20210430,13.54,0.8159,1.6963,0.63,21.9564,18.7985,3.5667,2.7455,2.3867,1.0857,1.0857,164360.0,162404.0411,78113.8387,2225434.4,2198950.7165
600188.SH,20210430,12.99,2.0908,8.7633,2.82,8.8885,8.0688,1.229,0.2944,0.3158,4.4454,4.4454,487304.1592,297216.7192,70911.9904,6330081.028,3860845.1824
002459.SZ,20210430,26.05,12.5951,16.2203,6.75,27.5845,30.1656,2.8072,1.6079,1.4731,0.0,,159533.2525,63282.0806,49138.9806,4155841.2276,1648498.1996
688188.SH,20210430,347.58,1.3073,1.3073,1.2,93.7902,79.594,14.7044,60.8904,50.9073,0.2129,0.3711,10000.0,2570.011,2570.011,3475800.0,893284.4234
600416.SH,20210430,15.75,1.4716,2.2141,1.34,241.6976,102.4273,4.7596,3.8732,3.6305,0.0,,115495.19,94583.4325,62863.1202,1819049.2425,1489689.0619
300897.SZ,20210430,33.74,3.9959,3.9959,0.64,32.8562,31.8488,2.6792,6.0253,5.7445,,,6800.0,1700.0,1700.0,229432.0,57358.0
300325.SZ,20210430,1.47,8.7358,10.1808,0.7,,,,1.6524,1.5932,0.0,,100574.3085,99653.3768,85509.1878,147844.2335,146490.4639
300119.SZ,20210430,29.7,2.6339,3.5194,1.25,30.1597,27.2064,4.9765,6.0035,5.7014,0.8334,2.1664,40435.9363,25231.9731,18883.4187,1200947.3081,749389.6011
603937.SH,20210430,10.09,2.2942,6.2119,3.32,18.3644,15.0288,1.3746,1.5424,1.3547,1.6848,1.6848,20888.0,20888.0,7714.4602,210759.92,210759.92
600580.SH,20210430,10.65,1.1395,1.7613,1.3,16.082,15.4056,1.8038,1.1094,1.0928,1.4002,1.4002,130891.8586,130759.5586,84602.4589,1393998.2941,1392589.2991
600682.SH,20210430,10.25,1.7079,3.0854,1.82,18.3586,17.002,0.8397,2.4391,2.4205,0.0,,134613.2221,116503.0275,64489.5421,1379785.5265,1194156.0319
603298.SH,20210430,20.96,0.4643,1.3167,0.67,21.6722,20.0362,3.5366,1.5858,1.4233,1.1927,1.1927,86639.5852,86639.5852,30552.2112,1815965.7058,1815965.7058
300745.SZ,20210430,18.51,1.9641,2.1563,0.43,,,2.5597,5.997,4.228,0.135,0.135,11459.2352,6421.8515,5849.3035,212110.4436,118868.4713
603936.SH,20210430,10.89,0.9173,1.6246,0.66,22.5562,20.046,1.5894,1.9978,1.8439,0.3963,0.3963,51101.2097,39665.9976,22396.6657,556492.1736,431962.7139
600898.SH,20210430,5.84,0.8845,1.2458,1.98,,,207.6076,1.5693,1.9532,0.0,,25252.382,25252.382,17927.8753,147473.9109,147473.9109
002090.SZ,20210430,8.18,0.8941,1.4805,1.26,50.8294,38.4534,2.5191,1.7796,1.7252,0.3056,0.3056,40426.4936,39939.6987,24120.9002,330688.7176,326706.7354
002536.SZ,20210430,5.98,1.7032,2.8857,0.62,24.0849,17.2673,1.3327,1.1234,1.0264,1.6722,1.6722,50071.1814,47112.2852,27806.0122,299425.6648,281731.4655
601226.SH,20210430,3.74,0.4177,1.1328,0.61,44.669,28.7744,1.1723,0.485,0.4624,0.8021,0.8021,115500.0,115500.0,42587.9644,431970.0,431970.0
300112.SZ,20210430,7.98,2.1577,2.5815,1.34,25.2158,22.6279,2.1311,3.1143,2.8845,1.5047,1.5047,28574.7886,19814.5307,16561.3468,228026.813,158119.955
002104.SZ,20210430,5.65,1.6585,1.7666,1.22,2283.4545,261.4652,2.0445,3.7424,3.6807,0.0,,69692.1354,58811.6729,55213.5442,393760.565,332285.9519
002415.SZ,20210430,62.78,0.2107,0.4828,0.64,43.8219,41.7236,10.4832,9.237,8.6182,1.1152,1.1152,934341.719,834393.1072,364136.3103,58657973.1188,52383199.27
300016.SZ,20210430,9.47,2.4987,3.0015,1.47,26.8049,23.6068,2.6555,5.6602,5.07,0.7393,1.3728,49449.4476,40679.3316,33865.8012,468286.2688,385233.2703
002516.SZ,20210430,3.34,1.2244,1.6682,1.35,23.4192,22.7109,1.4251,3.2971,3.0255,7.485,7.485,147083.8682,95297.7539,69941.8898,491260.1198,318294.498
002335.SZ,20210430,16.98,1.9692,3.2661,1.55,20.5228,17.4819,2.3535,1.8806,1.7589,2.0786,2.0786,46156.7391,39512.2568,23822.9675,783741.4299,670918.1205
603811.SH,20210430,27.58,1.5273,2.2347,0.95,27.8887,24.6963,5.0072,6.075,5.9236,1.0359,1.0359,16699.2,16699.2,11413.08,460563.936,460563.936
000557.SZ,20210430,3.62,0.6045,1.1032,1.33,30.7503,28.6803,1.014,5.893,5.4582,0.0,,145837.4735,145791.6198,79893.2347,527931.6541,527765.6637
688500.SH,20210430,32.8,4.7627,4.7627,4.9,33.0551,32.5473,1.9805,6.2572,5.9712,,,7427.451,1764.0197,1764.0197,243620.3928,57859.8462
002255.SZ,20210430,4.65,1.4915,1.568,1.34,4.9578,4.7176,1.3387,1.934,1.8048,0.0,,84227.1055,64423.1583,61281.0545,391656.0406,299567.6861
002059.SZ,20210430,5.68,1.2399,2.7561,0.63,36.0918,30.1853,2.3626,3.1732,3.1535,0.5282,0.5282,101243.4813,73079.2576,32874.959,575062.9738,415090.1832
002793.SZ,20210430,10.09,1.3603,2.5427,1.18,45.9294,40.2164,3.5203,2.4285,2.2557,0.4884,0.4884,146722.26,38230.6359,20452.9977,1480427.6034,385747.1162
688025.SH,20210430,37.33,1.6266,1.7994,1.16,77.8399,58.3864,2.1063,4.0394,3.393,0.5626,0.5626,9236.8576,5173.8811,4677.0471,344811.8942,193140.9815
002830.SZ,20210430,9.41,4.096,6.3022,1.2,56.0288,38.831,1.9907,1.4469,1.337,1.3815,1.3815,13334.0,6666.5,4332.75,125472.94,62731.765
002341.SZ,20210430,3.12,2.2261,2.5666,1.51,,,0.9826,1.5999,1.5292,0.0,,115221.4592,102882.3357,89234.8342,359490.9527,320992.8874
601515.SH,20210430,6.36,0.9855,3.5082,0.82,15.5016,13.9446,1.8413,2.765,2.6862,2.3585,2.3585,133440.9623,133440.9623,37483.569,848684.5202,848684.5202
002696.SZ,20210430,5.2,1.0753,2.0354,0.73,81.5989,95.6623,1.3716,0.7318,0.7237,0.0,,34938.691,34575.624,18266.4959,181681.1932,179793.2448
002900.SZ,20210430,19.97,11.1018,16.8285,0.78,215.6026,11.2774,2.7036,4.7222,4.9384,1.3719,1.3719,31660.005,17079.9675,11267.655,632250.2999,341086.951
002741.SZ,20210430,13.68,1.1295,1.8937,1.3,141.7505,85.0243,4.1382,2.5429,2.2795,0.0,,37442.4584,31917.4064,19037.3424,512212.8309,436630.1196
603656.SH,20210430,13.38,1.057,2.3763,1.9,47.3952,60.3602,2.1262,4.3348,4.1791,0.7234,0.7234,15381.16,14888.16,6622.2688,205799.9208,199203.5808
600844.SH,20210430,3.93,1.8941,2.4855,1.09,,,3.0662,3.7146,3.5513,0.0,,101652.424,82273.0634,62695.4202,399494.0263,323333.1392
600033.SH,20210430,2.69,0.5143,1.1158,3.76,16.3251,10.2845,0.7305,3.174,2.6133,1.8587,1.8587,274440.0,274440.0,126491.9499,738243.6,738243.6
688398.SH,20210430,38.21,0.9578,0.992,1.03,32.745,30.8859,3.569,5.9218,5.1698,0.7851,0.7851,8000.0,3570.0,3447.0,305680.0,136409.7
300498.SZ,20210430,14.39,0.3612,0.3789,0.71,12.3506,15.0914,1.9912,1.2241,1.2344,7.8762,7.8762,637346.384,483977.2694,461342.067,9171414.4658,6964432.9067
601168.SH,20210430,13.84,3.2115,4.5878,1.16,36.3307,25.146,2.9457,1.1552,1.0679,0.7225,0.7225,238300.0,238300.0,166810.0102,3298072.0,3298072.0
688133.SH,20210430,177.95,3.8277,3.8277,1.57,132.0395,117.613,9.3175,9.8004,8.5203,,,7624.896,1625.6602,1625.6602,1356850.2432,289286.2326
002648.SZ,20210430,40.86,0.8844,1.897,0.83,30.2236,21.0282,3.4713,4.6601,3.9393,0.3821,0.3821,122860.5321,106407.3806,49605.4726,5020081.3416,4347805.5713
002785.SZ,20210430,18.85,3.0026,3.4502,1.0,311.7956,110.4381,5.8017,3.9689,3.5865,0.0,,20000.0,16213.3382,14110.0733,377000.0,305621.4251
300209.SZ,20210430,6.37,2.9578,3.9572,1.14,,,0.8698,0.537,0.6431,0.0,,42373.2024,33601.3991,25115.0759,269917.2993,214040.9123
600037.SH,20210430,8.95,0.9488,1.5427,1.29,75.9922,91.5466,0.9833,4.8367,4.7418,7.3743,7.3743,139177.7884,139177.7884,85600.6848,1245641.2062,1245641.2062
002247.SZ,20210430,2.08,2.1079,2.6099,0.66,10.6753,8.746,2.85,1.7745,1.6033,0.0,,85087.0049,59111.0828,47741.5678,176980.9702,122951.0522
601689.SH,20210430,33.9,0.8677,2.5851,0.89,59.4704,49.1213,3.7319,5.7378,4.8336,0.5365,0.5365,110204.6572,105498.7749,35409.7441,3735937.8791,3576408.4691
300705.SZ,20210430,32.05,4.5997,5.9155,1.24,91.4359,61.8563,8.5265,7.6894,6.8639,0.1123,0.1123,23468.0,13329.9459,10365.0351,752149.4,427224.7661
002624.SZ,20210430,21.31,1.03,1.6278,0.78,26.6972,29.5619,3.7482,4.0432,4.1838,0.7505,0.7505,193996.8404,182721.9892,115614.0992,4134072.6689,3893805.5899
000987.SZ,20210430,12.89,0.4793,2.1706,1.26,7.6893,21.3886,1.4867,,,1.3189,1.3189,275288.4754,266721.061,58897.6066,3548468.4479,3438034.4763
002265.SZ,20210430,6.4,0.5911,1.4001,1.75,,,2.3316,3.1902,2.6588,0.0,,31856.6172,30523.0873,12886.8594,203882.3501,195347.7587
603901.SH,20210430,13.22,1.2864,2.957,0.75,34.0448,28.3449,3.9831,2.8757,2.5907,0.5194,0.5194,43940.983,43103.3126,18751.9426,580899.7953,569825.7926
601608.SH,20210430,3.39,0.231,0.7059,1.16,75.3899,61.9643,1.9993,2.3283,2.0649,0.2094,0.2094,433941.9293,433941.9293,142009.7299,1471063.1403,1471063.1403
000886.SZ,20210430,4.67,0.8081,1.0969,1.21,49.7854,39.7992,1.6259,38.4057,38.0948,1.0707,1.0707,98882.83,97196.0198,71601.0628,461782.8161,453905.4125
601968.SH,20210430,8.43,0.5656,1.4,1.18,60.1885,42.0854,2.7352,1.6506,1.5119,0.6719,0.6719,113280.744,83752.33,33835.663,954956.6719,706032.1419
002450.SZ,20210430,0.89,0.0101,0.0127,0.99,,,,2.8461,2.5737,0.0,,354090.0282,324334.3117,258188.5923,315140.1251,288657.5374
000801.SZ,20210430,6.13,0.7915,1.5575,0.87,81.6472,65.0459,2.3967,1.9,1.82,0.0,,102280.6646,102280.6646,51980.4538,626980.474,626980.474
002595.SZ,20210430,30.1,0.5257,0.7192,1.34,23.9076,22.7524,4.0,4.5481,4.253,1.2458,1.2458,80000.0,52370.1884,38282.3979,2408000.0,1576342.6708
600973.SH,20210430,4.19,0.4439,0.7262,1.17,26.296,21.2395,1.2316,0.1683,0.1568,0.8115,0.8115,137136.6248,125196.3263,76518.701,574602.4579,524572.6072
600645.SH,20210430,21.0,1.9481,2.4808,0.9,,,2.7335,7.4509,6.9759,0.0,,46794.889,41096.8113,32271.8764,982692.669,863033.0373
600180.SH,20210430,5.85,1.0313,3.195,1.21,37.9186,25.0619,0.9458,0.1622,0.1468,2.0855,2.0855,101647.7464,101647.7464,32810.5628,594639.3164,594639.3164
002469.SZ,20210430,5.95,1.0827,1.4907,0.81,10.351,9.1665,1.789,5.7114,3.5767,1.3035,3.8246,64886.263,47481.7528,34488.5368,386073.2649,282516.4292
600999.SH,20210430,18.72,0.3059,0.7528,0.81,17.1518,15.7955,1.7533,6.7057,6.4211,1.7895,1.7895,869652.6806,742200.5272,301633.7568,16279898.1808,13893993.8692
002936.SZ,20210430,3.68,0.9011,0.9029,1.18,8.7297,8.6473,0.7309,1.8931,1.9651,2.0477,2.0477,751412.509,165660.8062,165325.2237,2765198.0331,609631.7668
300430.SZ,20210430,8.35,4.3907,8.062,1.33,37.612,24.0395,1.2804,2.9712,2.6071,0.0,,27200.8896,25661.9184,13976.07,227127.4282,214277.0186
300463.SZ,20210430,47.54,1.5611,1.7743,1.28,33.343,25.6579,6.5902,7.147,6.2219,0.3982,0.3982,55682.891,40178.5092,35351.5844,2647164.6381,1910086.3274
601177.SH,20210430,7.77,0.6323,1.2906,1.34,37.0432,23.6514,1.7564,1.6203,1.4791,0.2574,0.2574,40006.0,40006.0,19598.855,310846.62,310846.62
600671.SH,20210430,8.45,0.2194,0.288,0.99,,,14.748,4.9801,5.4211,0.0,,12177.8885,12172.0533,9272.0505,102903.1578,102853.8504
603985.SH,20210430,25.28,1.003,1.822,0.71,11.1262,9.3344,3.1011,2.1611,1.9656,1.6388,1.6388,20384.0,20384.0,11221.2,515307.52,515307.52
000403.SZ,20210430,37.34,0.3053,0.596,0.71,146.9855,125.7437,4.599,26.0341,24.312,0.1207,0.1207,73203.5361,48716.99,24951.7919,2733420.038,1819092.4066
300620.SZ,20210430,37.85,1.0553,2.3406,0.59,69.3746,54.0615,2.8798,8.355,7.322,0.4399,,10851.6677,8708.3167,3926.2182,410735.6224,329609.7871
601880.SH,20210430,1.72,0.2157,0.7285,0.92,47.8838,33.0864,1.0945,5.8449,4.9066,0.5408,0.5408,2262342.9453,1746471.3454,517096.369,3891229.8659,3003930.7141
300836.SZ,20210430,35.27,3.9921,3.9921,0.99,114.1534,104.5262,2.8226,5.1559,4.8735,0.0,,4925.572,1231.393,1231.393,173724.9244,43431.2311
300348.SZ,20210430,17.81,2.4765,2.8422,0.89,54.2561,52.0313,9.2769,8.2855,8.3504,0.045,0.045,72147.9478,58324.8067,50819.4981,1284954.9503,1038764.8073
002210.SZ,20210430,2.78,0.6358,1.2476,0.72,0.8934,0.8674,56.7596,30.0653,29.5283,0.0,,266123.2774,265946.9679,135527.6555,739822.7112,739332.5708
300381.SZ,20210430,9.94,1.8567,2.6605,0.87,30.1238,28.937,1.6197,2.544,2.5508,0.5855,0.5855,49006.0069,46871.0098,32709.5004,487119.7086,465897.8374
002748.SZ,20210430,6.47,0.4632,1.1797,0.41,,,1.5777,0.988,0.926,0.7728,0.7728,24000.0,24000.0,9424.5226,155280.0,155280.0
300918.SZ,20210430,10.54,7.1703,7.1703,0.75,43.3606,41.8189,2.4337,2.7945,2.7535,,,36000.0,8536.3407,8536.3407,379440.0,89973.031
002395.SZ,20210430,11.95,0.2425,0.6835,0.63,75.9673,53.9475,3.5032,2.3887,2.2343,0.0,,26820.9,26820.9,9516.3715,320509.755,320509.755
300843.SZ,20210430,24.14,2.5498,2.5498,0.74,35.9364,30.8624,4.0808,3.929,3.2808,0.0,,14890.0,3723.0,3723.0,359444.6,89873.22
300684.SZ,20210430,19.03,2.8464,3.5771,0.99,28.4247,26.9772,3.1041,4.6548,4.2469,1.98,1.98,28095.1707,17153.1054,13648.9385,534651.0984,326423.5958
603667.SH,20210430,8.12,0.8884,1.7412,1.53,38.2245,28.0814,1.3387,1.3533,1.2266,2.0358,2.0358,29233.3088,26312.8405,13424.9777,237374.4675,213660.2649
300267.SZ,20210430,4.04,2.4928,3.6282,1.34,41.2064,35.9856,1.4263,3.4979,3.5841,0.2451,0.2451,206260.487,142017.4929,97575.3773,833292.3675,573750.6713
300553.SZ,20210430,27.31,1.3948,1.9692,0.89,102.9686,72.4222,3.7613,7.9617,7.1309,0.0,,4800.0,3019.794,2138.8894,131088.0,82470.5741
601933.SH,20210430,5.57,2.0399,5.056,5.19,29.5384,211.7812,3.4443,0.5687,0.5871,2.3339,2.3339,951628.5608,946825.1408,382002.1826,5300571.0837,5273816.0343
601658.SH,20210430,5.09,4.2698,4.6405,6.7,7.3246,7.2005,0.7945,1.643,1.6139,3.8219,3.8219,9238396.7605,1127446.1418,1037388.6416,47023439.5109,5738700.8618
002819.SZ,20210430,29.57,0.3277,0.7588,0.7,85.664,83.2926,8.4312,4.173,3.9489,0.167,0.167,15946.3156,13955.0397,6027.4588,471532.5523,412650.5239
603306.SH,20210430,23.7,0.9188,1.5688,1.52,36.4002,32.4139,2.9051,7.7059,6.7393,1.91,1.91,30874.0206,30701.9706,17981.2296,731714.2882,727636.7032
002424.SZ,20210430,8.2,1.8699,2.1288,1.14,75.943,88.8501,2.9325,3.7475,3.777,2.6829,2.6829,141120.0,93592.7629,82213.379,1157184.0,767460.6558
603328.SH,20210430,6.71,0.2437,0.6661,0.73,29.8429,39.7808,1.9994,2.7334,2.6618,7.0045,7.0045,99844.2611,99844.2611,36532.4391,669954.992,669954.992
603989.SH,20210430,29.09,0.4241,1.2289,0.99,30.4121,26.7979,4.3164,4.5992,4.187,1.0124,1.0124,39787.7401,39787.7401,13729.89,1157425.3595,1157425.3595
600884.SH,20210430,17.0,4.1965,6.9796,2.42,200.5459,52.8121,2.2016,3.3686,2.5177,0.4868,0.4868,162800.9229,162800.9229,97883.976,2767615.6893,2767615.6893
000545.SZ,20210430,3.36,5.665,8.3965,0.52,,,1.799,1.8078,1.6434,0.5952,0.5952,98683.3096,95940.3096,64730.1648,331575.9203,322359.4403
600643.SH,20210430,7.07,0.3913,0.7633,1.11,8.4817,8.2436,0.9572,6.4488,5.8072,3.5361,3.5361,162192.2452,161900.6924,82996.0626,1146699.1736,1144637.8953
600875.SH,20210430,11.39,1.0367,2.0239,0.9,19.083,16.9276,1.1258,0.9805,0.9124,1.7993,1.7993,311962.613,199690.0368,102288.3605,3553254.1621,2274469.5192
002299.SZ,20210430,26.44,0.8055,1.5813,0.81,16.1171,23.1565,3.4214,2.3938,2.3763,5.6508,3.7824,124440.575,110841.7276,56462.4585,3290208.803,2930655.2777
603613.SH,20210430,130.69,0.8379,0.8379,0.62,101.7992,90.691,8.0343,1.8065,1.4864,0.0522,0.0522,23717.2608,12020.4094,12020.4094,3099608.814,1570947.3045
600688.SH,20210430,3.67,0.5355,2.0999,1.65,63.2427,13.2237,1.3061,0.5317,0.5148,3.2698,3.2698,1082381.35,732881.35,186881.35,3972339.5545,2689674.5545
002806.SZ,20210430,10.6,14.5721,21.8335,1.81,,,1.9247,4.2504,3.9298,0.7405,0.7405,17653.8251,11211.3246,7482.6488,187130.5461,118840.0408
000020.SZ,20210430,8.97,0.5783,2.3126,0.97,371.8721,198.4733,7.4308,3.6718,3.1954,0.0,,28316.1227,18116.5391,4530.5937,253995.6206,162505.3557
600652.SH,20210430,1.47,1.1209,1.8494,1.36,,,0.7092,99.1826,77.3377,0.0,,83270.3498,83270.3498,50469.7018,122407.4142,122407.4142
603991.SH,20210430,55.27,0.4131,0.7004,0.35,,,11.2387,13.2327,15.0562,0.0,,7453.4998,7453.4998,4396.0319,411954.9339,411954.9339
000803.SZ,20210430,11.66,0.9795,1.7703,1.04,49.369,31.8813,3.6141,6.4233,4.1314,0.0,,19109.0731,12773.0893,7067.0054,222811.7923,148934.2212
600856.SH,20210430,1.35,0.3711,0.4558,0.54,,,,3.3283,3.1415,0.0,,136665.4379,136165.4379,110870.652,184498.3412,183823.3412
600779.SH,20210430,102.3,2.9939,8.1293,1.42,68.3238,52.0592,19.5509,16.624,14.2069,1.4175,1.4175,48843.5598,48830.3498,17983.7278,4996696.1675,4995344.7845
601456.SH,20210430,13.88,8.5961,8.5961,1.17,56.1488,63.9856,3.0714,17.5918,17.8247,0.0,,237811.9,47571.9,47571.9,3300829.172,660297.972
002664.SZ,20210430,13.41,1.1218,2.3119,0.72,17.1301,16.3578,1.9477,1.8816,1.7249,0.5909,0.5909,40386.0,39222.5363,19031.7875,541576.26,525974.2118
603301.SH,20210430,52.85,1.8057,3.7741,0.54,4.7099,4.4183,2.7916,1.1548,1.0277,0.5013,0.5013,22720.4736,22720.4736,10870.3136,1200777.0298,1200777.0298
300377.SZ,20210430,8.74,3.8452,4.3335,1.25,471.8058,29.2301,2.233,7.846,7.1886,1.129,1.129,75207.708,56805.1108,50404.8825,657315.3679,496476.6684
000517.SZ,20210430,2.76,0.6862,3.0561,1.68,5.0431,4.6641,1.0499,0.7862,0.6249,3.6232,3.6232,318392.2485,247335.7316,55538.4368,878762.6059,682646.6192
002546.SZ,20210430,3.6,0.6495,1.1446,1.16,16.3718,16.3345,0.9757,5.2226,5.4047,0.3889,3.7222,83404.9096,78877.3846,44761.8193,300257.6746,283958.5846
300899.SZ,20210430,37.17,4.2453,4.2453,0.72,54.0346,47.817,3.843,12.5257,11.174,,,6378.3466,1595.0,1595.0,237083.1431,59286.15
600497.SH,20210430,4.65,1.1932,2.1453,0.7,50.1937,35.6245,1.5825,1.2353,1.1261,2.5806,2.5806,509129.1568,509129.1568,283163.772,2367450.5791,2367450.5791
002917.SZ,20210430,8.41,0.4971,1.0655,0.99,33.3027,31.489,2.9527,3.6048,3.2347,0.7927,0.7927,27134.4,18580.8,8668.4,228200.304,156264.528
002641.SZ,20210430,6.87,0.6431,1.5629,0.96,11.0278,10.5191,1.808,1.2062,1.0923,1.8263,1.8263,123538.3866,112973.0855,46485.3477,848708.7159,776125.0974
600127.SH,20210430,9.16,2.2666,2.8814,0.57,279.1236,240.2212,7.8401,1.0285,0.92,0.0,,64178.3218,64178.3218,50485.0967,587873.4277,587873.4277
601011.SH,20210430,3.93,1.5009,2.4157,0.87,117.7684,69.7806,1.0076,2.358,2.2122,0.0,,160480.7397,160480.7397,99707.1997,630689.307,630689.307
300129.SZ,20210430,6.24,2.7042,2.9021,0.94,12.8669,10.9373,1.6828,1.2452,1.2128,1.6026,1.6026,71915.3256,56532.99,52677.2495,448751.6317,352765.8576
600185.SH,20210430,6.73,2.6388,5.3956,0.89,24.8263,18.9749,1.6034,2.1711,1.8644,0.0,,206109.143,206109.143,100800.5215,1387114.5324,1387114.5324
600738.SH,20210430,6.44,1.2532,3.3914,1.75,57.4778,50.8816,2.8813,8.3112,8.2904,0.0,,77346.4476,77279.5436,28556.0575,498111.1225,497680.2608
603999.SH,20210430,5.08,0.2899,0.6877,0.56,39.3104,38.7372,1.6654,2.6998,2.6476,0.6693,0.6693,57600.0,57600.0,24285.4056,292608.0,292608.0
600751.SH,20210430,2.15,0.9493,1.8729,1.36,,,1.5029,0.0185,0.0181,0.0,,289933.7783,257318.9052,130418.0367,623357.6233,553235.6462
002622.SZ,20210430,2.13,1.6626,2.2348,1.13,,,2.0715,15.6474,14.6181,0.0,,84000.0,83997.65,62491.5534,178920.0,178914.9945
002916.SZ,20210430,79.38,0.5827,1.8124,0.91,27.1605,27.8068,5.0248,3.3484,3.284,1.0047,1.0047,48932.481,48352.6967,15545.8297,3884260.3418,3838237.064
002618.SZ,20210430,4.0,0.1187,0.1548,0.02,,,2.5427,44.9811,140.667,0.075,0.075,54792.0,54792.0,42016.5357,219168.0,219168.0
600576.SH,20210430,6.36,2.187,4.2454,0.86,207.8813,213.8144,3.821,16.9636,18.4084,0.0,,61940.2409,61940.2409,31908.9707,393939.9321,393939.9321
600775.SH,20210430,6.35,0.3083,0.5529,0.82,75.0519,55.3303,1.6598,1.4682,1.3708,0.2756,0.2756,91383.8529,67183.8529,37458.4583,580287.4659,426617.4659
300452.SZ,20210430,18.5,1.8924,2.6822,0.47,35.5391,32.9882,5.4058,6.2851,5.7711,1.03,1.03,18046.707,14068.4806,9925.9299,333864.0795,260266.8911
000571.SZ,20210430,2.1,0.3715,0.5113,0.93,,,3.73,1.7284,1.9215,0.0,,81406.4,80653.5195,58600.3163,170953.44,169372.391
600581.SH,20210430,5.2,5.9534,11.9817,0.62,25.2027,11.3747,1.6978,0.3669,0.3218,0.0,,153289.787,153289.787,76165.8446,797106.8924,797106.8924
000721.SZ,20210430,4.47,2.268,3.0265,0.63,247.5236,155.1507,3.7998,5.4295,4.8883,0.0,,49905.592,43595.2795,32669.3545,223077.9962,194870.8994
002165.SZ,20210430,4.83,0.9937,1.3735,0.79,24.1937,23.7571,1.7224,1.1138,0.9784,0.8282,0.8282,60205.811,59408.9719,42983.3849,290794.0671,286945.3343
300842.SZ,20210430,42.45,4.7013,4.7013,0.84,51.7137,54.6983,4.9053,2.6841,2.102,0.0,,10000.0,2500.0,2500.0,424500.0,106125.0
000961.SZ,20210430,7.08,1.7571,3.8207,2.1,3.8266,3.7926,0.9186,0.3446,0.3329,3.9075,3.9075,382543.1401,381026.9343,175234.6583,2708405.4319,2697670.6948
002263.SZ,20210430,2.77,1.8844,2.6138,1.54,29.4063,23.879,2.1211,3.4478,3.2264,0.0,,187836.01,187834.21,135418.408,520305.7477,520300.7617
603885.SH,20210430,14.81,0.7537,2.5202,1.22,,,2.6899,2.8826,2.8607,0.6752,0.6752,196614.4157,179701.3477,53745.3477,2911859.4965,2661376.9594
300676.SZ,20210430,129.23,1.9251,2.3255,0.99,25.5899,21.61,6.333,6.37,5.8335,0.0748,0.0748,41391.4325,24832.4007,20556.1183,5349014.822,3209091.1425
000607.SZ,20210430,3.64,0.5466,1.2463,0.89,,,2.7084,2.223,2.0996,0.0,,101769.841,88485.9969,38808.2987,370442.2212,322089.0287
002870.SZ,20210430,25.14,3.6833,5.8601,1.79,37.0555,25.8696,3.4982,2.8485,1.3783,0.716,0.716,11067.0,4842.0,3043.39,278224.38,121727.88
600501.SH,20210430,8.56,0.7185,1.352,0.95,81.1243,47.6015,1.6764,0.9745,0.9371,0.0,,42128.36,42128.36,22388.9828,360618.7616,360618.7616
300579.SZ,20210430,38.59,2.6077,5.6923,0.82,67.4552,65.2497,9.2483,8.0962,7.9055,0.2591,0.2591,18000.0,17431.5056,7985.3932,694620.0,672681.8011
300080.SZ,20210430,4.56,0.4505,0.9256,0.75,,,1.9666,2.3913,2.0943,0.0,,208113.9323,109191.076,53146.8968,948999.5313,497911.3066
002990.SZ,20210430,65.35,3.7137,3.7137,0.99,36.7647,38.3581,4.2956,8.8223,8.599,0.0,,12624.0,3156.0,3156.0,824978.4,206244.6
300326.SZ,20210430,11.2,4.0736,4.65,0.93,,,2.989,7.6277,7.0937,0.4464,0.4464,72297.6333,71579.1173,62705.4106,809733.493,801686.1138
002656.SZ,20210430,1.51,2.2825,3.9149,2.53,147.0312,33.8695,1.4702,2.1016,2.4374,0.0,,71251.9844,57854.5781,33731.1156,107590.4964,87360.4129
002589.SZ,20210430,4.33,1.1294,1.3595,1.12,24.9343,26.3402,0.8671,0.2395,0.2395,0.0,,150471.0471,114695.6754,95288.174,651539.6339,496632.2745
002945.SZ,20210430,11.68,0.8294,2.3187,1.0,38.8137,37.9861,5.0898,21.1679,20.5053,0.4281,0.4281,270000.0,75478.9089,27000.0,3153600.0,881593.656
600328.SH,20210430,8.6,2.4019,3.2411,0.8,14.8672,11.04,1.2198,0.8445,0.799,2.907,2.907,95766.4592,55961.162,41471.9292,823591.5491,481265.9932
600970.SH,20210430,8.53,0.84,1.4017,0.85,13.0782,11.6869,1.3404,0.659,0.6157,3.5326,3.5326,173764.6983,173764.6983,104125.2155,1482212.8765,1482212.8765
002892.SZ,20210430,20.59,0.7213,1.1134,1.08,29.7874,28.2908,3.9836,2.9463,2.6239,2.1817,2.1817,14212.0,8296.0675,5374.215,292625.08,170816.0298
000400.SZ,20210430,13.53,0.8981,1.5829,0.98,19.055,17.9476,1.559,1.2191,1.1285,0.4435,0.4435,100832.7309,100827.0065,57210.6801,1364266.8491,1364189.3979
603359.SH,20210430,16.49,0.5671,1.1641,0.85,13.8139,13.103,1.6024,2.2475,2.146,1.2129,1.2129,31864.0,31864.0,15522.094,525437.36,525437.36
002148.SZ,20210430,3.97,1.5269,1.6331,1.72,144.5044,125.1727,1.9868,13.89,13.6115,0.0,,56577.3727,46001.2183,43010.8786,224612.1696,182624.8367
300220.SZ,20210430,10.8,2.2498,4.5051,1.29,,,7.8506,8.2967,6.1543,0.1003,0.1003,15120.0,15039.123,7510.4075,163296.0,162422.5284
300655.SZ,20210430,37.02,3.7096,4.766,0.91,90.7822,72.9769,5.2585,6.8331,5.5723,0.2693,0.2693,18870.0668,15855.6217,12341.0396,698569.8729,586975.1153
300013.SZ,20210430,5.43,2.2809,3.0657,0.65,,,11.9111,3.0067,2.9139,0.0,,44668.7115,44601.2115,33184.0754,242551.1034,242184.5784
688059.SH,20210430,136.55,6.1185,6.1185,0.83,67.5164,52.7905,7.4633,19.2491,16.2321,,,4400.8,895.2195,895.2195,600929.24,122242.2227
002481.SZ,20210430,13.06,0.9723,1.723,0.83,46.0545,42.5574,5.7928,8.0404,7.8785,0.1531,0.1531,124339.0,109949.56,62048.0305,1623867.34,1435941.2536
603866.SH,20210430,49.25,0.3085,0.7892,0.91,37.943,39.3525,6.7022,5.6176,5.6137,1.9633,1.9633,68015.2702,68015.2702,26585.7319,3349752.0574,3349752.0574
002678.SZ,20210430,6.6,0.0516,0.3118,0.56,52.5425,40.4135,2.5015,5.1173,4.4841,0.5303,0.5303,135832.0323,135721.1531,22444.6408,896491.4132,895759.6105
603233.SH,20210430,75.62,0.3988,1.252,0.64,46.8893,44.371,9.3043,3.4153,3.2596,0.6589,0.6589,65862.1154,65634.0654,20905.5021,4980493.1665,4963248.0255
600892.SH,20210430,4.18,0.8116,1.8896,0.65,100.1626,3592.1417,8.6209,7.8162,8.0617,0.0,,55946.4188,54035.9536,23209.55,233856.0306,225870.286
002290.SZ,20210430,8.28,2.6333,5.4415,0.64,36.4861,24.9927,4.2225,1.1028,0.9959,0.0,,24271.233,21647.4046,10475.9863,200965.8092,179240.5101
600787.SH,20210430,5.3,1.0485,2.7019,1.4,20.569,20.0384,0.99,0.2388,0.2136,0.0,,219980.1033,219980.1033,85364.2668,1165894.5475,1165894.5475
600985.SH,20210430,11.74,4.2171,4.9749,1.43,7.5308,6.8133,1.1434,0.4997,0.4863,4.9901,4.9901,222492.1152,70258.9273,59556.5857,2612057.4324,824839.8065
002581.SZ,20210430,17.07,29.089,38.341,26.99,,,5.2585,40.6808,43.7331,0.0,,65973.5586,40079.1161,30407.6648,1126168.6453,684150.5118
002803.SZ,20210430,27.27,1.7923,2.8111,0.92,18.4698,17.8867,5.6368,2.3398,2.0893,0.2157,0.2157,37840.9288,27304.1331,17408.3262,1031922.1284,744583.7096
603077.SH,20210430,1.67,2.6324,4.4494,1.35,360.2175,45.6505,1.3137,2.8034,2.503,0.0,,883125.0228,883125.0228,522479.6415,1474818.7881,1474818.7881
000919.SZ,20210430,8.54,9.9544,18.1967,1.08,66.0791,33.6922,1.4881,1.7191,1.5991,1.9906,1.9906,50400.0,50323.5199,27529.136,430416.0,429762.8599
603629.SH,20210430,20.5,8.0268,8.0268,1.26,44.2203,42.2006,2.0187,1.2442,1.1689,0.9756,0.9756,10000.0,3000.0,3000.0,205000.0,61500.0
300581.SZ,20210430,28.6,3.3866,8.9749,1.57,78.0274,66.5333,6.8355,18.1429,16.3466,0.1993,0.1993,17176.0,17176.0,6481.2701,491233.6,491233.6
603733.SH,20210430,27.68,0.6653,3.0113,0.7,27.2482,21.8992,3.6108,4.0349,3.5754,1.2527,1.2527,70597.2266,70597.2266,15597.2266,1954131.2323,1954131.2323
300616.SZ,20210430,75.18,0.4211,0.7294,0.59,147.2984,56.3863,4.2518,2.2932,2.0598,0.7981,0.7981,19867.5,13012.5262,7512.9911,1493638.65,978281.7197
300561.SZ,20210430,13.28,2.0728,3.2266,0.91,193.9548,192.3711,4.9823,16.44,16.3378,0.6055,0.6055,25245.0683,13445.4547,8637.7247,335254.507,178555.6384
002826.SZ,20210430,9.63,7.2613,8.812,2.22,44.9424,45.7324,2.665,3.0645,2.7781,0.4154,0.4154,19176.9,13391.7562,11035.0965,184673.547,128962.6122
002027.SZ,20210430,10.78,0.6429,0.9466,0.62,39.519,29.6631,8.57,13.0798,11.5061,0.6386,0.6386,1467788.028,1467788.028,996888.7227,15822754.9418,15822754.9418
688092.SH,20210430,32.17,4.1756,4.1756,1.24,38.9244,36.9881,3.8835,8.5507,7.7228,,,5915.8392,1202.716,1202.716,190312.5471,38691.3737
002121.SZ,20210430,3.56,0.3658,0.6109,0.64,27.0524,37.9688,3.5996,1.5023,1.6024,0.0,,140834.9147,106467.246,63756.5867,501372.2963,379023.3958
002282.SZ,20210430,11.38,0.6484,1.1041,0.71,46.5529,37.2557,1.8907,4.7898,4.2555,0.4243,0.4243,54394.4364,31996.6087,18790.1942,619008.6862,364121.407
300460.SZ,20210430,16.43,2.9924,5.2183,0.58,191.6003,54.6991,6.4114,9.98,7.7465,0.0,,23558.388,23558.388,13509.4778,387064.3148,387064.3148
000638.SZ,20210430,5.15,3.7079,5.9503,1.27,,309.1387,12.6903,14.3559,13.4523,0.0,,30940.0,30940.0,19280.0,159341.0,159341.0
002069.SZ,20210430,3.35,0.646,1.2137,0.46,160.4248,,,1.2365,1.2659,0.0,,71111.2194,68146.1969,36270.0724,238222.585,228289.7596
300099.SZ,20210430,6.67,1.6171,2.3197,0.76,37.3714,27.663,2.4615,8.2868,6.3901,2.2489,2.2489,66733.5255,50789.2732,35405.8402,445112.6151,338764.4522
603109.SH,20210430,20.28,1.8684,1.8684,1.09,28.1018,22.7462,2.1827,1.9048,1.6679,1.1341,1.1341,14667.0,4667.0,4667.0,297446.76,94646.76
002873.SZ,20210430,17.48,1.5442,3.2367,1.17,27.6356,21.2534,2.5121,2.7271,2.3669,0.5612,0.5612,11715.6135,11394.6113,5436.2151,204788.924,199177.8055
002310.SZ,20210430,3.66,0.4141,0.7441,0.8,,,0.8467,1.1264,0.9552,0.0,,268546.2004,252115.6045,140306.8158,982879.0935,922743.1125
300415.SZ,20210430,19.05,2.5384,3.9602,1.09,26.4121,19.0687,4.954,3.0528,2.6555,0.5182,0.5182,43560.0,40610.854,26030.854,829818.0,773636.7687
002569.SZ,20210430,8.26,0.2773,0.3853,0.66,,,6.5021,4.6766,5.0908,0.0,,14421.0,13962.525,10050.525,119117.46,115330.4565
600279.SH,20210430,3.59,0.234,0.4963,0.99,48.1094,48.3744,0.7708,0.8386,0.7631,1.3928,1.3928,118686.6283,86992.419,41013.9003,426084.9956,312302.7842
002682.SZ,20210430,3.15,1.0522,1.5002,0.69,,,0.9124,0.4921,0.4485,2.2222,2.2222,56236.8594,55276.0772,38768.3957,177146.1071,174119.6432
600802.SH,20210430,7.27,1.0532,1.5477,0.79,11.9897,13.6814,1.874,1.1253,1.0587,1.834,1.834,45824.84,45824.84,31183.1693,333146.5868,333146.5868
300805.SZ,20210430,13.19,1.4916,1.9089,1.19,39.8578,39.4803,3.3147,1.6965,1.5867,0.7582,0.7582,42323.0,12803.0,10004.0,558240.37,168871.57
300520.SZ,20210430,16.93,2.9444,4.5901,0.68,104.87,53.8497,3.1407,2.7938,2.7591,0.7113,0.7113,24951.5065,20423.5915,13100.9724,422429.005,345771.4041
002330.SZ,20210430,5.49,0.6668,2.1462,1.9,94.6944,92.6697,2.0022,0.8401,0.8739,0.0,,50200.0,50186.89,15591.4859,275598.0,275526.0261
688577.SH,20210430,45.93,2.8794,2.8794,0.67,46.5659,36.8128,3.175,6.038,5.1862,,,5397.172,1282.5,1282.5,247892.11,58905.225
603599.SH,20210430,29.85,1.6591,3.2715,1.09,23.5602,18.3588,2.3377,4.0767,3.6234,0.0,,46467.9135,46150.5858,23404.5858,1387067.218,1377594.9861
600851.SH,20210430,7.73,0.1827,0.262,0.44,78.1507,71.7991,2.3544,10.0035,9.311,0.3881,0.3881,120705.6692,73820.611,51459.5309,933054.8229,570633.323
600726.SH,20210430,2.13,0.3879,0.9108,0.8,,,6.5519,0.3926,0.3991,0.0,,196667.5153,153467.5151,65354.8686,418901.8076,326885.8072
600933.SH,20210430,14.29,0.4326,1.6956,0.88,28.8581,28.1819,2.7303,4.7445,4.4197,1.744,1.744,86008.95,85434.34,21794.8456,1229067.8955,1220856.7186
603767.SH,20210430,6.64,0.7442,2.2971,1.31,36.7893,34.9779,1.38,1.9323,1.7966,3.012,3.012,30609.8,30162.8,9771.8,203249.072,200280.992
300940.SZ,20210430,42.33,7.454,7.454,0.7,71.9565,77.0184,5.991,4.7376,4.2223,,,11842.5692,2807.8527,2807.8527,501295.9542,118856.4048
601778.SH,20210430,5.44,5.7184,5.7184,3.88,31.6187,38.654,1.3849,4.1935,4.1955,0.4963,0.4963,276550.1922,59459.2922,59459.2922,1504433.0456,323458.5496
688317.SH,20210430,73.83,14.9213,14.9213,0.64,15.4237,12.5014,3.9031,7.0049,5.7717,,,19470.435,4087.2677,4087.2677,1437502.2161,301762.9743
600378.SH,20210430,20.8,0.7298,1.4105,1.02,29.514,26.9665,2.8954,3.5262,3.2542,0.8254,0.8254,91922.9657,35663.195,18451.8624,1911997.6866,741794.456
603697.SH,20210430,17.72,3.1503,3.1503,0.4,24.1775,22.3044,2.9869,4.9968,4.6908,0.4462,0.4462,30812.5,8990.2922,8990.2922,545997.5,159307.9778
002118.SZ,20210430,3.06,1.2076,1.8768,0.86,,,1.0772,13.7255,13.584,0.0,,128075.9826,128067.878,82404.1354,391912.5068,391887.7067
601900.SH,20210430,7.96,0.5173,1.1421,1.25,9.3777,8.856,1.0584,1.034,0.9956,3.1407,3.1407,89587.6566,89587.6566,40574.0187,713117.7465,713117.7465
000058.SZ,20210430,5.86,0.487,0.9086,0.88,279.3051,102.3059,3.7348,5.1586,4.3237,0.5119,0.5119,123565.6249,53828.2117,28852.0597,724094.5619,315433.3206
600522.SH,20210430,10.22,0.9253,1.2345,1.28,13.7762,12.993,1.3416,0.7111,0.6786,0.9627,0.9627,306615.4355,306615.4355,229814.6472,3133609.7508,3133609.7508
603185.SH,20210430,144.4,7.4425,7.4425,1.02,74.8062,50.7438,6.185,13.2005,9.5003,0.1436,0.1436,27525.3734,7911.0831,7911.0831,3974663.919,1142360.3996
300725.SZ,20210430,144.0,1.5202,1.7038,0.64,156.1105,127.3736,14.6748,28.1314,25.2817,0.0755,0.0534,19969.9696,15166.2647,13531.7761,2875675.6224,2183942.1168
600753.SH,20210430,20.69,2.9467,4.9509,1.54,173.8708,181.4456,16.4482,1.3871,1.5353,0.0,,17920.0,17920.0,10665.675,370764.8,370764.8
002972.SZ,20210430,17.56,0.8953,0.8953,0.37,22.5352,21.5166,2.6895,8.5874,8.3797,0.8542,0.8542,17632.0,5733.3949,5733.3949,309617.92,100678.4144
300670.SZ,20210430,6.48,1.642,2.127,0.86,32.3488,31.9136,2.2148,3.7817,3.6055,0.0,,31589.0479,29524.3571,22792.8884,204697.0304,191317.834
000926.SZ,20210430,4.41,2.0101,2.7185,4.16,13.8529,15.9772,0.3803,0.5658,0.5266,2.2168,2.2168,96246.2474,94685.5832,70014.5649,424445.951,417563.4219
603900.SH,20210430,7.74,4.6208,16.0901,2.64,25.2614,17.0546,1.1074,2.1472,1.824,5.168,5.168,34047.384,34047.384,9777.87,263526.7522,263526.7522
002496.SZ,20210430,2.33,0.7521,0.9094,0.78,,,1.4221,2.1395,1.9327,0.0,,150758.9677,102494.2056,84763.3043,351268.3947,238811.499
601018.SH,20210430,3.96,0.0597,0.3414,0.7,18.2457,16.0773,1.1922,2.9433,2.8029,2.0833,2.0833,1580741.737,1317284.7809,230454.8752,6259737.2785,5216447.7324
600749.SH,20210430,11.08,1.4632,3.4502,0.87,530.2081,226.1802,2.4619,19.9704,17.8845,0.0,,22696.5517,22696.5517,9625.2234,251477.7928,251477.7928
000023.SZ,20210430,15.83,0.0955,0.1883,0.64,,283.7975,4.686,1.2318,1.0944,0.0632,0.0632,13875.624,13875.624,7034.8941,219651.1279,219651.1279
002657.SZ,20210430,10.46,1.152,1.2351,0.84,511.7328,342.542,1.5777,2.0081,1.8907,0.0,,33757.6686,29732.3923,27730.6634,353105.2136,311000.8235
000981.SZ,20210430,1.81,0.3429,0.9479,0.6,,,1.4751,0.916,0.9033,0.0,,402798.9882,257431.56,93122.1641,729066.1686,465951.1236
000408.SZ,20210430,12.21,3.8732,3.8732,1.49,106.3581,32.4027,2.9898,12.7892,11.8145,0.0,,199377.9522,47348.616,47348.616,2434404.7964,578126.6014
600117.SH,20210430,3.79,2.0306,5.6524,0.63,66.9799,44.5754,2.8627,0.3931,0.3639,0.0,,104511.8252,104511.8252,37544.9068,396099.8175,396099.8175
000601.SZ,20210430,5.29,0.4541,0.776,1.04,26.685,33.9616,1.2077,1.1526,1.0993,4.7259,4.7259,108055.1669,107975.4322,63186.3633,571611.8329,571190.0363
600919.SH,20210430,7.07,2.1218,2.7945,2.56,6.931,6.5119,0.7462,2.0071,1.9244,3.0735,3.0735,1476960.7836,1465536.5558,1112740.747,10442112.7401,10361343.4495
300980.SZ,20210430,41.14,9.3414,9.3414,0.47,39.4738,31.4877,3.4641,9.3399,7.697,,,7189.8056,1797.4514,1797.4514,295788.6024,73947.1506
605266.SH,20210430,114.98,3.806,3.806,0.83,24.2643,23.2277,3.4199,1.3644,1.3312,,,5300.0,1325.0,1325.0,609394.0,152348.5
603326.SH,20210430,10.88,0.4351,1.476,0.67,15.9669,15.3006,3.0861,2.2129,2.0983,1.8065,1.8065,32220.455,31457.944,9274.0892,350558.5504,342262.4307
002241.SZ,20210430,37.7,2.1421,2.8336,0.68,45.223,36.5913,5.4616,2.2305,1.9725,0.2462,0.2462,341632.1036,297722.7161,225075.7841,12879530.3057,11224146.397
300775.SZ,20210430,28.77,1.6008,1.642,0.99,69.7407,58.9996,7.1249,23.1855,21.6067,0.3476,0.3476,49550.0,26400.0,25737.7278,1425553.5,759528.0
000948.SZ,20210430,10.14,2.1729,3.3249,0.75,40.6859,32.332,1.7215,0.9117,0.8827,0.4931,0.4931,38116.5677,33450.4835,21860.8217,386501.9965,339187.9027
603889.SH,20210430,5.02,0.2371,0.4357,0.38,16.9613,18.7018,0.9947,1.1301,1.0607,3.1873,3.1873,51174.6388,51174.6388,27843.1683,256896.6868,256896.6868
002438.SZ,20210430,13.01,0.8939,1.3614,0.59,29.2533,26.2203,2.8364,3.9858,3.6317,0.3843,0.3843,48575.6156,45440.1962,29833.7169,631968.759,591176.9526
300786.SZ,20210430,21.14,2.2172,2.4263,0.82,22.5812,22.3974,2.1397,4.4978,4.335,0.7982,0.7982,8544.0,5199.34,4751.34,180620.16,109914.0476
601997.SH,20210430,7.75,2.7901,3.9624,4.5,4.7846,4.7318,0.6448,1.762,1.8315,3.5206,3.5206,365619.8076,309599.0072,217999.7747,2833553.5089,2399392.3058
600201.SH,20210430,21.82,0.8381,0.9586,0.63,60.4994,52.6206,4.7251,15.5348,14.1628,0.2731,0.2731,112624.0241,111996.1241,97911.9015,2457456.2059,2443755.4279
002399.SZ,20210430,16.2,0.4549,2.0382,0.77,23.2083,26.0524,2.0282,4.458,4.5733,1.1111,1.1111,146729.6204,124720.1704,27838.4925,2377019.8505,2020466.7605
000630.SZ,20210430,2.85,1.7061,2.6882,0.78,34.6581,25.1906,1.5473,0.3017,0.2698,0.3509,0.3509,1052653.3308,1052640.0475,668065.4011,3000061.9928,3000024.1354
002899.SZ,20210430,12.57,1.2643,2.197,2.02,38.1276,34.2892,1.3819,1.7378,1.5849,0.0,,12000.0,11999.85,6905.76,150840.0,150838.1145
601555.SH,20210430,7.92,2.1349,2.948,4.1,18.0019,17.4668,1.1012,4.1778,3.9167,1.6402,1.6402,388051.8908,388051.8908,281028.9969,3073370.9751,3073370.9751
002980.SZ,20210430,37.78,5.0512,5.0512,2.27,14.9228,17.4608,4.5853,5.2327,5.4909,2.541,2.541,13333.34,3333.34,3333.34,503733.5852,125933.5852
600425.SH,20210430,3.7,2.1122,2.9445,1.85,20.209,19.066,1.098,1.6811,1.5776,0.0,,137879.0086,137879.0086,98903.9388,510152.3318,510152.3318
002606.SZ,20210430,7.1,0.9754,1.4152,0.54,29.3813,17.9931,2.4094,3.5811,2.9669,0.157,0.157,43863.422,40690.35,28044.9746,311430.2962,288901.485
002543.SZ,20210430,8.0,0.525,1.7936,1.34,9.7307,9.328,1.41,0.9488,0.8555,4.125,4.125,74360.0,63083.9399,18463.8584,594880.0,504671.5192
002642.SZ,20210430,4.17,2.7862,3.0067,1.49,,,1.9925,0.9933,0.9297,0.0,,67008.0313,58455.0617,54169.351,279423.4905,243757.6073
688123.SH,20210430,38.6,1.1784,1.9264,0.74,28.6257,29.3415,3.1568,9.4451,8.8496,0.6736,0.6736,12084.1867,8260.7063,5053.1386,466449.6066,318863.2632
688777.SH,20210430,86.8,2.6623,2.6623,0.87,101.3234,86.6843,10.6273,13.5771,11.9396,,,49408.4,3903.2884,3903.2884,4288649.12,338805.4331
603808.SH,20210430,15.0,1.7267,4.4404,1.16,11.2084,16.9126,2.1491,2.542,2.3891,1.6667,1.6667,33251.5611,33251.5611,12930.5111,498773.4165,498773.4165
600048.SH,20210430,14.0,0.4294,0.8059,1.12,5.7887,5.7645,1.0325,0.6893,0.6859,5.8391,5.8391,1196949.3288,1196949.3288,637848.6753,16757290.6032,16757290.6032
000881.SZ,20210430,11.15,1.5269,3.0142,1.05,38.8808,29.5524,1.7594,1.5848,1.4748,0.1973,0.1973,94542.5815,70049.7817,35485.836,1054149.7837,781055.066
300335.SZ,20210430,4.57,1.6517,1.8853,0.82,52.3999,30.3893,1.2232,1.0907,0.9948,3.1387,3.1387,37293.9884,28241.3896,24741.6015,170433.527,129063.1505
300811.SZ,20210430,64.09,2.0532,2.6031,0.62,34.6541,31.2943,4.1809,7.4303,6.5776,0.4681,0.4681,5760.0,2804.332,2211.9448,369158.4,179729.6379
601020.SH,20210430,7.93,0.094,0.138,0.03,60.6752,45.2048,1.7691,1.8461,2.251,0.0,,55380.8369,55380.8369,37726.0534,439170.0366,439170.0366
603578.SH,20210430,20.32,0.4484,1.1605,0.84,21.7974,20.1966,2.5887,4.3635,3.7229,1.0095,1.0095,9171.0554,9142.8554,3532.8554,186355.8457,185782.8217
000838.SZ,20210430,2.76,0.7118,1.43,0.91,26.1965,26.6073,1.5672,0.5019,0.4752,4.7826,4.7826,110046.217,84610.9019,42117.7113,303727.5589,233526.0892
300748.SZ,20210430,36.35,2.8967,4.3861,0.66,64.1861,50.6012,8.4555,6.4863,5.6054,0.2898,0.2898,43170.4623,25924.7351,17121.6427,1569246.3046,942364.1209
002126.SZ,20210430,10.24,1.2945,1.5401,1.32,25.2223,24.3047,1.9786,1.2825,1.1507,0.7742,0.7742,79209.5104,75607.3603,63551.1901,811105.3865,774219.3695
600366.SH,20210430,6.3,1.4803,2.2447,1.11,35.0561,23.5652,1.3997,2.5974,2.3181,0.6214,0.6214,98911.3721,98911.3721,65228.34,623141.6442,623141.6442
600350.SH,20210430,7.0,0.5352,2.2256,3.43,16.517,11.386,1.1697,2.9633,2.4796,5.4286,5.4286,481116.5857,481116.5857,115689.6162,3367816.0999,3367816.0999
688819.SH,20210430,42.1,8.2226,8.2226,2.02,17.9512,17.0594,3.445,1.166,1.1078,,,97210.0,10105.8309,10105.8309,4092541.0,425455.4809
600601.SH,20210430,3.33,0.1053,0.1205,0.08,,,12.3516,1.2238,1.2164,0.0,,219489.1204,219489.1204,191855.7836,730898.7709,730898.7709
603778.SH,20210430,4.22,3.6901,6.8504,0.94,,,1.948,10.4948,9.6264,0.129,0.129,64285.7142,50000.0,26933.5993,271285.7139,211000.0
603927.SH,20210430,35.79,0.6306,0.7845,0.55,31.8371,30.005,6.659,2.6247,2.4718,1.2573,1.2573,42400.0,32458.816,26093.512,1517496.0,1161701.0246
000006.SZ,20210430,5.39,0.923,1.4649,1.54,8.4156,7.2326,0.9532,2.4794,2.2733,3.321,3.321,134999.5046,134999.5046,85060.6898,727647.3298,727647.3298
600635.SH,20210430,3.56,0.3381,0.4621,1.25,20.3999,24.3501,1.2525,2.1974,2.0345,1.6854,1.6854,295243.4675,241879.1675,176981.5081,1051066.7443,861089.8363
002586.SZ,20210430,2.54,0.7642,1.2487,1.4,,,0.9043,1.4715,1.3646,0.0,,114422.3714,88903.2047,54412.4275,290632.8234,225814.1399
600190.SH,20210430,2.85,0.0926,0.3842,0.64,30.5164,29.9037,0.8738,0.8387,0.8031,0.7018,0.7018,200229.15,177948.453,42907.9758,570653.0775,507153.0911
000850.SZ,20210430,3.69,0.7319,1.3658,0.94,15.67,9.5005,0.8139,1.0266,0.9599,1.355,1.355,94366.5009,94338.2487,50552.1919,348212.3883,348108.1377
300241.SZ,20210430,6.12,1.3525,1.4741,0.56,68.098,58.9275,2.5955,2.6596,2.4993,0.0,,53579.4963,42597.4511,39083.0011,327906.5174,260696.4007
688378.SH,20210430,58.38,14.2532,14.2688,3.29,59.3706,54.0528,2.6108,15.0588,14.4899,,,7313.67,1572.4412,1570.7127,426972.0546,91799.1173
300221.SZ,20210430,6.49,2.9899,3.4927,0.82,28.9035,20.8556,2.598,1.7799,1.5848,0.0,,44994.3563,43856.8809,37543.2221,292013.3724,284631.157
002426.SZ,20210430,2.12,0.9631,1.0403,0.78,18.8449,111.5343,1.6012,0.7604,0.8299,0.0,,344151.7719,294338.1924,272486.7725,729601.7564,623996.9679
603919.SH,20210430,40.96,4.074,14.0105,0.84,62.7114,53.4414,7.1805,12.0054,10.9554,0.4545,0.4545,50725.9997,49130.7141,14286.3554,2077736.9477,2012394.0495
300778.SZ,20210430,23.56,1.5476,2.8536,1.18,23.3725,22.4244,2.3509,5.6687,5.4663,1.6978,1.6978,10000.0,4609.81,2500.0,235600.0,108607.1236
600027.SH,20210430,3.4,0.3125,0.9193,1.1,8.0236,8.0054,0.6933,0.3695,0.3426,4.2941,4.2941,986297.6653,814574.3053,276845.51,3353412.062,2769552.638
300353.SZ,20210430,6.11,1.3804,1.4914,0.88,,,4.0283,5.8361,4.9809,0.0,,51098.0897,38141.378,35301.8401,312209.3281,233043.8196
603755.SH,20210430,62.45,1.1807,1.308,0.49,75.7955,75.8435,9.8746,23.3915,21.4609,0.8807,0.8807,9861.3681,3420.0024,3087.193,615842.4378,213579.1499
600959.SH,20210430,3.12,0.4271,1.0813,1.16,92.5406,66.1853,0.7188,2.1243,2.1082,0.9615,0.9615,500071.7686,452724.1146,178802.7057,1560223.918,1412499.2376
002163.SZ,20210430,18.54,0.9083,1.2463,0.77,99.6112,91.1838,17.9009,3.3697,3.4781,0.0,,80355.0,80355.0,58561.5797,1489781.7,1489781.7
002065.SZ,20210430,6.83,0.7511,1.0992,1.0,38.6621,42.1391,2.122,2.3212,2.2471,0.7321,0.7321,311548.2375,280782.4589,191857.815,2127874.4621,1917744.1943
603016.SH,20210430,29.44,0.8452,2.1534,0.83,70.2632,72.1092,5.2922,9.8245,9.0351,1.8342,1.8342,14816.0,14816.0,5815.0,436183.04,436183.04
002926.SZ,20210430,9.34,0.6989,0.9365,0.73,12.9017,13.2797,1.1321,5.2357,5.1908,0.8137,0.8137,262500.0,187622.8713,140010.0126,2451750.0,1752397.6179
000776.SZ,20210430,14.85,0.4162,0.9025,0.82,11.2743,10.7697,1.1279,3.882,3.5271,2.3569,2.3569,762108.7664,591929.1464,273008.5293,11317315.181,8790147.824
600265.SH,20210430,15.37,0.2987,0.8367,3.3,,,103.8927,39.3665,90.1413,0.0,,12980.0,12980.0,4633.1947,199502.6,199502.6
600702.SH,20210430,127.05,0.4533,0.6511,0.14,73.4968,49.8765,10.993,15.7976,12.8368,0.156,0.156,33617.91,33151.703,23082.1262,4271155.4655,4211923.8662
002201.SZ,20210430,11.8,0.5525,1.0543,0.53,113.6652,88.6928,3.9702,2.3482,2.2017,0.1271,0.1271,33246.747,33163.4878,17379.3932,392311.6146,391329.156
603722.SH,20210430,35.09,1.7825,3.4435,0.73,59.5951,49.5608,5.11,5.7351,4.9787,0.8525,0.8525,8793.75,8689.8,4498.21,308572.6875,304925.082
600824.SH,20210430,3.97,0.6123,1.0149,1.14,23.8508,19.585,1.5696,4.1387,3.9112,0.6297,0.6297,105402.7073,105402.7073,63593.0544,418448.748,418448.748
600011.SH,20210430,4.22,0.3732,0.938,1.14,14.5117,11.7636,0.8808,0.391,0.3701,3.1991,3.1991,1569809.3359,1099770.9919,437592.3252,6624595.3975,4641033.5858
600305.SH,20210430,17.98,0.8288,1.4968,0.73,57.2895,56.7568,7.2885,8.9525,8.7308,0.8994,0.8994,100295.6032,100295.6032,55534.2139,1803314.9455,1803314.9455
600292.SH,20210430,8.03,3.8199,8.0113,0.6,238.0999,149.2862,1.2326,1.7046,1.5714,0.6227,0.6227,78081.689,78081.689,37230.0764,626995.9627,626995.9627
600406.SH,20210430,31.98,0.2805,0.6612,0.74,30.4636,29.6956,4.2904,3.8386,3.737,0.9069,0.9069,462149.3787,459318.9443,194819.0349,14779537.1308,14689019.8387
000055.SZ,20210430,4.24,0.5912,0.9142,1.12,11.9178,12.5631,0.8419,1.5283,1.419,1.1792,1.1792,107387.4227,67741.3379,43811.0662,455322.6722,287223.2727
000997.SZ,20210430,13.96,0.9034,1.2918,0.92,32.2654,31.8985,2.4091,2.3068,2.1589,0.9324,0.9324,105044.1717,102733.5276,71845.5836,1466416.6369,1434160.0453
000049.SZ,20210430,71.44,2.1001,3.8342,1.12,22.103,19.5459,4.987,0.7631,0.7271,0.9798,0.9798,20719.7738,20524.3738,11241.6699,1480220.6403,1466261.2643
002440.SZ,20210430,9.54,0.7154,1.065,1.29,13.9255,14.948,1.1855,2.0994,1.995,3.6688,3.6688,115050.0,94766.8137,63661.4112,1097577.0,904075.4027
002534.SZ,20210430,15.19,0.5797,2.3164,0.5,21.7824,21.4089,3.2469,2.0966,2.0737,2.56,2.56,73920.105,73680.876,18440.1654,1122846.395,1119212.5064
600881.SH,20210430,2.84,0.2676,0.3057,0.77,67.2542,61.9659,0.6446,0.4732,0.4515,0.0,,324891.3588,324891.3588,284410.2037,922691.459,922691.459
003037.SZ,20210430,14.86,9.2832,9.2832,0.67,22.645,20.0031,4.3764,1.0469,0.9299,,,50383.6583,6800.0,6800.0,748701.1623,101048.0
688386.SH,20210430,44.9,3.0223,3.0223,0.59,56.8649,48.1207,6.0466,11.3166,10.3366,,1.1136,7000.0,1487.5,1487.5,314300.0,66788.75
601021.SH,20210430,64.3,0.4797,1.0658,1.11,,,4.3873,6.2871,6.397,0.3111,0.3111,91646.2713,91646.2713,41246.2713,5892855.2446,5892855.2446
000665.SZ,20210430,3.8,0.2734,0.602,0.66,,,0.6421,1.5653,1.5128,0.7895,0.7895,98188.6694,98183.1989,44588.664,373116.9437,373096.1558
688626.SH,20210430,79.33,8.2257,8.2257,0.71,64.6724,60.553,6.9461,25.6154,23.9137,,,16000.0,3672.8986,3672.8986,1269280.0,291371.0459
300900.SZ,20210430,30.92,8.0432,8.0432,1.1,64.6569,63.7996,4.2806,20.6566,20.4982,,,21024.0,4446.4076,4446.4076,650062.08,137482.923
603798.SH,20210430,9.76,3.4081,7.4251,7.55,18.579,15.8844,1.8449,2.1219,1.8228,0.5053,0.5053,20000.0,20000.0,9180.0,195200.0,195200.0
600862.SH,20210430,24.01,1.4133,2.916,1.3,77.6223,69.3631,7.249,11.487,10.68,0.6664,0.6664,139304.9107,139304.9107,67517.142,3344710.9059,3344710.9059
300159.SZ,20210430,2.81,1.7663,2.0706,0.75,,,2.7988,3.7909,3.8299,0.0,,149036.0202,139721.3712,119187.6394,418791.2168,392617.0531
000034.SZ,20210430,16.9,1.0165,1.2868,0.77,17.8615,16.8574,2.4104,0.1211,0.1136,1.2312,1.0978,65959.8277,49746.0024,39294.0276,1114721.0881,840707.4406
600721.SH,20210430,3.92,0.9976,1.4514,1.24,,,2.3705,17.3964,17.2692,0.0,,37513.4355,36081.3552,24800.2779,147052.6672,141438.9124
002608.SZ,20210430,6.35,0.0692,0.4375,0.99,10.5514,10.5245,0.8032,1.1637,1.0692,0.0,,377807.9704,377807.9704,59760.8727,2399080.612,2399080.612
600641.SH,20210430,14.36,0.6528,1.2652,0.94,43.6302,31.5938,1.9969,14.7676,13.3624,0.0,,95793.0404,95793.0404,49427.1896,1375588.0601,1375588.0601
600993.SH,20210430,19.38,2.0851,3.2231,1.39,19.9348,19.5665,2.823,2.9925,2.5182,1.3416,1.3416,43105.3891,43030.7016,27837.0112,835382.4408,833934.997
601139.SH,20210430,7.0,0.4237,2.537,1.67,15.2394,14.4738,1.6531,1.3412,1.218,2.5714,2.5714,287676.7544,287673.0494,48045.6284,2013737.2808,2013711.3458
002288.SZ,20210430,7.09,1.6592,2.0674,0.85,307.6705,77.7553,4.0811,5.1694,4.1172,0.0,,93164.3744,92929.6862,74581.9467,660535.4145,658871.4752
300410.SZ,20210430,8.02,5.573,9.9609,0.89,,,4.0341,2.5042,2.2737,0.0,,37384.5506,36439.6226,20387.6252,299824.0958,292245.7733
300301.SZ,20210430,2.78,2.8014,4.6831,0.9,,,1.9305,1.6859,1.6547,0.0,,79010.8769,79010.8769,47263.0015,219650.2378,219650.2378
300285.SZ,20210430,49.5,0.9047,0.98,1.16,86.5896,77.0671,9.7797,19.5451,18.566,0.1163,0.202,100381.0338,75689.5067,69871.1057,4968861.1731,3746630.5817
300458.SZ,20210430,41.81,7.5493,9.0762,0.96,67.5891,52.2127,5.6945,9.1925,7.93,0.7167,0.7167,33100.0757,26045.7671,21664.172,1383914.165,1088973.5225
688686.SH,20210430,325.98,3.1538,3.1538,0.77,110.1114,93.0791,11.4168,41.8497,36.2078,,,8247.567,1704.8095,1704.8095,2688541.8907,555733.8008
002057.SZ,20210430,6.71,1.2403,2.0812,1.1,28.9512,26.7165,1.7869,2.9943,2.6072,0.8043,0.8043,74618.7776,57528.7776,34284.5734,500691.9977,386018.0977
002233.SZ,20210430,11.19,0.9445,1.5779,0.86,7.4862,7.3691,1.3047,1.8933,1.7657,7.7085,6.6837,119227.5016,119186.036,71340.8766,1334155.7429,1333691.7428
300488.SZ,20210430,15.47,0.914,3.3857,1.89,30.9907,26.3503,2.3974,6.6189,5.9373,0.8359,1.8055,16567.9281,13671.8602,3690.9702,256305.8477,211503.6773
600029.SH,20210430,6.35,0.6666,1.3277,1.13,,,1.4895,1.0516,1.0504,0.0,,1532930.2395,811152.0431,407229.1766,9734107.0208,5150815.4737
000519.SZ,20210430,10.46,9.6309,16.7015,2.26,53.0528,41.4565,1.6889,2.2538,2.1041,0.4302,0.4302,139255.8982,139149.2468,80240.4673,1456616.6952,1455501.1215
002379.SZ,20210430,3.05,0.8712,1.2131,0.91,,,2.0424,1.1937,1.1184,0.0,,92640.0,92640.0,66530.3395,282552.0,282552.0
300649.SZ,20210430,13.55,0.4238,0.689,0.67,34.4785,33.9789,3.7099,2.1509,2.0336,0.7749,0.7749,12800.0,10327.145,6352.242,173440.0,139932.8148
688418.SH,20210430,18.02,4.6039,4.6039,1.93,80.928,108.2908,2.8427,6.9792,6.9057,,,19361.0,4114.85,4114.85,348885.22,74149.597
605008.SH,20210430,27.75,6.908,6.908,2.01,42.2141,37.6873,7.0305,9.8151,9.1251,,,45884.3153,4600.0,4600.0,1273289.7496,127650.0
603777.SH,20210430,12.35,0.8045,2.2462,0.92,,,2.3852,1.0341,1.0604,0.8092,0.8092,33713.2088,33655.9908,12054.9308,416358.1287,415651.4864
000596.SZ,20210430,227.33,0.5124,1.752,0.91,61.7302,56.3331,10.5439,11.1235,10.2761,0.6598,0.6598,50360.0,38360.0,11219.5978,11448338.8,8720378.8
600195.SH,20210430,11.81,0.968,1.922,1.19,28.5287,26.6299,2.5783,2.3995,2.2965,0.6672,0.6672,101561.0601,101561.0601,51151.6438,1199436.1198,1199436.1198
600456.SH,20210430,36.87,1.9271,4.1041,1.58,48.574,42.1848,2.899,4.0611,3.8856,0.4885,0.4885,47777.7539,43026.57,20203.8402,1761565.7863,1586389.6359
300680.SZ,20210430,25.6,0.913,1.0182,0.32,68.7728,50.9727,4.406,6.3852,5.3096,0.2013,0.2013,14417.9563,9815.6965,8802.062,369099.6813,251281.8304
000895.SZ,20210430,36.64,0.7539,1.0924,0.57,20.2933,20.3701,5.0367,1.7187,1.7025,4.3615,4.3615,346466.1213,148882.4214,102739.638,12694518.6844,5455051.9201
002237.SZ,20210430,12.09,0.8359,1.425,0.86,37.8908,33.6957,1.818,0.385,0.3434,0.1968,0.1968,114801.44,91039.565,53404.7684,1387949.4096,1100668.3409
300113.SZ,20210430,12.79,1.7062,1.9628,0.96,97.6957,87.9976,3.5995,8.5047,8.3846,1.4463,1.4463,69428.724,48384.7439,42061.3314,887993.38,618840.8745
601808.SH,20210430,13.26,0.3296,1.7755,0.6,23.4062,36.2598,1.6349,2.1848,2.3703,1.2066,1.2066,477159.2,296046.8,54962.07,6327130.992,3925580.568
603488.SH,20210430,7.5,0.8597,1.9356,0.94,21.1274,20.1999,2.324,5.3899,5.0088,2.6667,2.6667,29251.74,29199.044,12968.6093,219388.05,218992.83
603006.SH,20210430,9.36,1.4467,3.9609,0.87,21.5992,17.5327,1.5036,1.9637,1.7611,1.2821,1.2821,19107.8186,19107.8186,6978.9398,178849.1821,178849.1821
600797.SH,20210430,5.92,0.6819,0.8075,0.87,99.895,110.3534,1.5313,1.599,1.5162,0.5132,0.5132,102752.7102,102752.7102,86778.8604,608296.0444,608296.0444
300041.SZ,20210430,15.95,1.7687,1.9024,0.79,31.4967,28.8675,3.3884,3.1763,2.8983,1.0545,1.0545,43088.8395,34741.2106,32300.0779,687266.99,554122.3091
300678.SZ,20210430,16.18,1.1091,2.2924,0.83,89.4471,90.4013,4.7193,6.6685,6.9007,0.309,0.309,18000.0,18000.0,8708.3638,291240.0,291240.0
688180.SH,20210430,93.9,8.1963,8.1963,4.29,,,13.0906,51.3685,26.9678,,,87249.6,7258.8186,7258.8186,8192737.44,681603.0665
603127.SH,20210430,152.55,1.968,4.4097,2.29,131.1486,106.1436,6.2622,38.399,36.8154,0.1587,0.1587,27082.0329,22707.0811,10134.1824,4131364.1189,3463965.2218
000929.SZ,20210430,8.1,3.6371,5.1312,0.46,,,2.2809,4.9072,4.3326,0.0,,18576.6,18575.4223,13166.8096,150470.46,150460.9206
002191.SZ,20210430,10.41,0.9578,1.5937,0.84,18.5156,17.7211,2.0142,3.6382,3.4045,1.4329,1.4329,146487.045,144310.0971,86731.7739,1524930.1385,1502268.1108
600582.SH,20210430,3.64,1.4336,4.014,0.79,11.0413,9.7597,0.8236,0.733,0.6806,2.7473,2.7473,413858.8892,413858.8892,147811.9114,1506446.3567,1506446.3567
300845.SZ,20210430,21.31,3.8358,3.8358,1.12,29.0698,32.8749,3.0146,6.8819,7.1739,,2.8156,9235.6,2309.0,2309.0,196810.636,49204.79
603565.SH,20210430,29.32,1.7012,1.7571,0.56,19.1863,16.6365,3.6184,1.876,1.782,,,66666.6667,6666.6667,6454.5653,1954666.6676,195466.6676
002076.SZ,20210430,2.15,0.6231,0.8533,0.54,38.2874,37.7824,55.8916,5.0108,4.9597,0.0,,77911.3035,73204.6177,53455.6814,167509.3025,157389.9281
601028.SH,20210430,17.7,0.2026,0.4053,0.36,118.2228,68.9631,6.0423,1.1639,1.0621,0.0,,78302.576,78302.576,39148.3902,1385955.5952,1385955.5952
002270.SZ,20210430,4.61,0.3829,0.6843,0.71,12.1037,22.3703,1.3219,2.5581,2.4007,1.9957,1.9957,75923.913,75922.4768,42480.302,350009.2389,350002.618
002908.SZ,20210430,13.24,1.6714,2.1733,1.03,36.8602,35.9434,3.3741,4.7292,4.4345,1.1327,1.1327,20090.6074,14616.3647,11240.5809,265999.642,193520.6686
300195.SZ,20210430,5.6,2.9837,3.2035,1.25,,,0.8682,1.9379,1.7227,0.0,,42338.7356,31346.2931,29195.8681,237096.9194,175539.2414
603165.SH,20210430,13.43,0.8012,1.8006,1.05,14.7062,13.5219,2.0114,2.0117,1.8764,2.236,2.236,25395.7921,25395.7921,11300.5034,341065.4879,341065.4879
300085.SZ,20210430,14.83,2.4181,3.7702,0.52,502.4121,681.6644,7.7907,7.5367,7.2638,0.0,,70664.0535,51257.8507,32875.3882,1047947.9134,760153.9259
300806.SZ,20210430,53.85,0.7173,0.8103,0.64,35.2093,31.2109,5.0234,4.154,3.8465,0.1827,0.1827,11875.4379,6568.2391,5814.0891,639492.3309,353699.6755
605399.SH,20210430,17.49,7.3207,7.3207,1.3,25.2288,19.0503,2.6883,4.3127,3.6885,0.0,,18400.0,4600.0,4600.0,321816.0,80454.0
600388.SH,20210430,8.48,0.714,1.0735,1.26,12.8995,11.6816,1.4937,0.8905,0.8573,2.3585,2.3585,106906.1817,106906.1817,71099.4179,906564.4208,906564.4208
300364.SZ,20210430,6.71,0.8724,1.1248,0.54,99.7515,267.3721,3.4073,5.0007,4.7507,0.0,,72729.531,63183.0718,49004.6948,488015.153,423958.4118
000592.SZ,20210430,2.9,5.5499,7.0787,2.12,,,1.8607,4.5389,4.0149,0.0,,193178.0892,191393.6915,150056.0009,560216.4587,555041.7054
600061.SH,20210430,12.95,0.5422,1.4756,1.49,13.1961,11.926,1.2613,57.0425,52.5792,1.0811,1.0811,422715.0337,422715.0337,155318.6463,5474159.6864,5474159.6864
002467.SZ,20210430,4.48,1.477,1.5532,1.41,17.528,22.3206,2.6185,6.2943,6.453,1.1146,1.1146,136282.2373,116820.6917,111092.1851,610544.4231,523356.6988
300164.SZ,20210430,3.42,1.2264,1.4118,0.87,,,1.9027,2.7802,2.9072,2.3392,2.3392,51353.0289,44632.0782,38772.7027,175627.3588,152641.7074
601236.SH,20210430,12.61,0.7465,1.8557,1.39,32.4227,39.403,3.1258,8.2034,7.5095,0.793,0.793,363340.5396,147492.0119,59328.0377,4581724.2044,1859874.2701
300487.SZ,20210430,47.88,8.1338,10.4655,3.67,52.0776,40.0301,5.987,11.4049,9.6873,0.4981,0.4981,21976.8855,12691.118,9863.618,1052253.2777,607650.7298
600345.SH,20210430,13.88,0.5708,1.0838,1.28,32.9379,28.397,1.3713,15.5603,16.1862,0.7205,0.7205,19800.0,19800.0,10427.6962,274824.0,274824.0
000931.SZ,20210430,6.91,0.5661,0.882,1.09,204.6141,144.1405,3.0742,2.9079,2.7675,0.0,,75312.6982,74619.1907,47892.6213,520410.7446,515618.6077
603987.SH,20210430,20.65,3.3848,5.6617,0.99,44.973,42.065,5.026,3.4472,3.2151,0.7169,0.7169,44160.9,43641.9,26090.999,911922.585,901205.235
300092.SZ,20210430,8.18,1.2011,1.7026,0.81,23.684,21.0529,2.7581,2.577,2.1494,0.22,0.22,23159.9,16720.8795,11795.9472,189447.982,136776.7943
600710.SH,20210430,5.82,1.7349,4.2555,0.59,13.9235,11.3355,1.4308,0.0771,0.0658,1.7526,1.7526,130674.9434,130674.9434,53274.9146,760528.1706,760528.1706
688519.SH,20210430,29.8,1.7949,1.7949,0.73,51.4534,38.6401,2.6161,3.2938,2.7814,,,23440.0,5089.951,5089.951,698512.0,151680.5398
300818.SZ,20210430,27.5,2.8882,3.8258,1.18,47.3865,37.2716,2.1705,5.2289,4.5483,0.7273,0.7273,7000.0,3264.3,2464.3,192500.0,89768.25
600798.SH,20210430,5.36,8.509,13.1746,1.31,38.9046,26.425,1.7577,2.8338,2.6857,1.1194,1.1194,120653.4201,103085.0948,66578.8734,646702.3317,552536.1081
300464.SZ,20210430,13.07,2.2645,3.875,0.52,21.7979,19.279,2.2903,0.8357,0.7699,0.6503,0.6503,35312.2175,29035.2927,16967.9007,461530.6827,379491.2756
601588.SH,20210430,2.27,0.522,1.0108,0.71,28.2061,19.2363,0.5197,0.4247,0.3464,6.6079,6.6079,336702.0,266000.0,137369.9969,764313.54,603820.0
603967.SH,20210430,12.25,0.9901,0.9901,1.05,18.5321,17.2636,1.6115,0.6338,0.5433,3.0612,3.0612,26666.67,9330.67,9330.67,326666.7075,114300.7075
000159.SZ,20210430,6.18,9.847,12.759,2.34,33.4853,19.7488,1.3229,5.3848,4.3097,0.3236,0.3236,48068.5993,48068.5993,37097.7105,297063.9437,297063.9437
688030.SH,20210430,28.44,0.7052,1.0213,1.11,85.0923,111.2982,3.8043,7.0659,6.7252,0.1969,0.1969,18022.3454,9362.137,6464.577,512555.5032,266259.1763
002418.SZ,20210430,1.85,1.4398,2.3443,0.63,99.5149,28.3401,1.4405,0.8937,0.8184,0.0,,113640.0,113577.3,69757.6361,210234.0,210118.005
603660.SH,20210430,6.95,1.917,2.6,2.27,40.8308,24.3055,1.9399,1.4742,1.3645,0.5759,0.5759,49928.1004,49417.3708,36436.208,347000.2978,343450.7271
600778.SH,20210430,3.81,7.5396,11.7646,7.62,,,1.7021,0.607,0.5734,0.0,,31149.1352,31121.4882,19945.0287,118678.2051,118572.87
688665.SH,20210430,88.45,5.6785,5.6785,0.67,73.2941,52.9337,8.7012,20.1084,15.9915,,,7000.0,1438.7354,1438.7354,619150.0,127256.1461
300881.SZ,20210430,29.51,12.2412,12.2412,0.53,56.6345,56.1715,3.9424,3.349,3.2245,,,10000.0,2500.0,2500.0,295100.0,73775.0
002120.SZ,20210430,16.1,1.1037,2.6834,0.66,33.2332,35.9303,3.1947,1.3933,1.2892,1.142,1.142,289912.2158,281001.2215,115583.2093,4667586.6744,4524119.6662
688680.SH,20210430,142.32,6.366,6.366,1.06,53.5663,42.7064,5.4961,8.0736,6.6396,,,8402.0,1933.2265,1933.2265,1195772.64,275136.7955
600817.SH,20210430,15.8,0.6098,0.8325,0.41,28.966,22.0051,4.5554,2.4459,1.9679,0.0,,53937.3371,15567.9074,11403.9106,852209.9262,245972.9369
002542.SZ,20210430,2.91,1.4304,2.5184,0.84,28.4091,27.774,1.3256,0.9279,0.8617,0.6873,0.6873,180557.8475,145460.4771,82617.4634,525423.3362,423289.9884
300608.SZ,20210430,11.73,4.2154,5.1945,2.13,26.1619,26.7841,2.4117,2.5084,2.4748,0.8513,0.8513,15765.3591,12170.0512,9876.1525,184927.6622,142754.7006
300889.SZ,20210430,21.91,5.477,5.477,0.9,34.6583,49.0496,2.2305,3.4387,3.6143,,,15600.0,3900.0,3900.0,341796.0,85449.0
603108.SH,20210430,11.99,0.8447,1.5012,0.55,21.0577,17.8115,2.1818,0.983,0.887,0.0,,57953.7274,57953.7274,32609.8886,694865.1915,694865.1915
002850.SZ,20210430,73.61,1.0167,1.3843,0.55,95.9773,68.339,4.2596,8.6371,6.8888,0.245,0.5167,23292.0451,13001.2345,9548.3132,1714527.4398,957020.8715
002777.SZ,20210430,16.32,1.4267,2.4081,1.09,27.4626,26.7793,4.0525,4.4427,4.3256,0.8754,0.8754,31402.3876,29517.2507,17487.0507,512486.9656,481721.5314
600211.SH,20210430,60.49,4.1194,9.3365,0.99,35.8716,33.5713,6.1224,10.9225,9.5489,1.2517,0.8431,24793.7843,24793.7843,10939.4264,1499776.0123,1499776.0123
002388.SZ,20210430,5.04,1.0875,2.11,1.0,36.2196,34.1487,2.0787,1.2451,1.1521,1.9773,1.9773,50376.66,48330.568,24909.1171,253898.3664,243586.0627
688788.SH,20210430,100.5,2.4237,2.4237,0.96,42.8734,32.8888,2.6397,11.5909,9.9375,,,7553.4232,1740.5916,1740.5916,759119.0316,174929.4558
002256.SZ,20210430,1.65,2.1496,2.7345,0.62,55.8181,65.884,1.9004,7.4937,7.4342,0.0,,188241.1872,139119.1397,109365.9015,310597.9589,229546.5805
002896.SZ,20210430,24.99,1.2159,2.84,0.76,28.4657,25.5718,2.8102,2.6285,2.3644,0.4002,0.4002,8000.0,8000.0,3425.0,199920.0,199920.0
000767.SZ,20210430,3.11,1.0371,1.8748,0.72,42.3363,64.4001,1.22,0.8188,0.7929,0.0,,307694.2219,291224.2405,161098.1308,956929.0301,905707.388
600123.SH,20210430,5.82,1.7309,3.1535,1.0,17.7441,12.1426,0.6043,1.0034,0.9117,3.4364,3.4364,114240.0,114240.0,62706.0,664876.8,664876.8
000631.SZ,20210430,2.96,0.0656,0.2248,0.77,28.9993,38.6809,1.1737,12.3899,19.0475,0.6419,,243251.9168,243251.9168,70995.4427,720025.6737,720025.6737
300602.SZ,20210430,14.49,0.8619,1.4184,0.62,35.1278,36.4939,2.9803,2.505,2.465,0.4173,0.4173,50641.1377,30949.2353,18806.14,733790.0853,448454.4195
002097.SZ,20210430,8.29,1.1904,1.7837,0.92,15.9584,12.4005,1.6064,0.9614,0.8122,1.2065,1.2065,108749.7465,92292.7462,61596.8742,901535.3985,765106.866
603669.SH,20210430,9.27,0.3126,0.7624,0.55,41.3161,51.2011,4.7002,6.607,6.5139,1.5411,1.5411,71344.0,71344.0,29254.1579,661358.88,661358.88
300826.SZ,20210430,28.42,2.2251,2.2251,0.47,31.3098,30.1818,2.201,4.1845,4.1805,0.0,,8000.0,3632.3097,3632.3097,227360.0,103230.2417
300827.SZ,20210430,51.75,3.7679,4.4339,0.61,48.9973,51.1522,4.4109,3.7798,3.5855,0.0,,7333.36,2995.86,2545.86,379501.38,155035.755
300912.SZ,20210430,33.03,4.0445,4.0445,0.62,37.1552,35.8376,3.0142,3.2927,2.981,,,11196.8,2656.3468,2656.3468,369830.304,87739.1348
600019.SH,20210430,8.63,0.4179,1.1029,0.51,15.1598,11.6476,1.0132,0.6775,0.6254,3.2449,3.2449,2226858.945,2221235.3437,841678.561,19217792.6954,19169261.0161
603507.SH,20210430,20.88,0.9084,1.8321,0.63,39.3229,29.2975,1.8161,1.3712,1.2512,0.431,0.431,12683.64,12563.14,6228.824,264834.4032,262318.3632
600278.SH,20210430,8.78,0.8104,2.1937,2.07,28.4525,23.4171,1.1331,0.1935,0.1639,0.4452,0.4452,86845.9428,52224.1739,19292.8791,762507.3778,458528.2468
601098.SH,20210430,10.21,0.3468,0.9822,1.12,12.7608,12.2433,1.2862,1.7509,1.662,6.0725,6.0725,179600.0,179600.0,63411.652,1833716.0,1833716.0
000897.SZ,20210430,2.18,0.6969,0.9043,2.1,17.5185,21.7713,2.4394,1.9141,1.7021,0.0,,161727.2234,161724.4634,124647.1852,352565.347,352559.3302
600567.SH,20210430,3.44,1.4366,2.1478,1.44,11.4971,9.7755,1.0194,0.6359,0.5679,0.0,,461590.0635,461590.0635,308744.3075,1587869.8184,1587869.8184
002484.SZ,20210430,13.75,1.1259,1.9843,0.79,30.3826,27.3415,2.838,4.2986,3.863,0.5779,0.5779,82377.9799,77172.2713,43789.9967,1132697.2236,1061118.7304
688051.SH,20210430,53.1,10.0353,10.0353,4.09,23.2071,25.9877,2.7374,6.0262,6.2971,0.8701,0.8701,7733.4,2304.1596,2304.1596,410643.54,122350.8748
601138.SH,20210430,13.76,2.3009,2.3009,2.35,15.6874,14.5825,2.5593,0.6333,0.6075,1.4535,1.4535,1987237.6866,290151.6856,290151.6856,27344390.5676,3992487.1939
300813.SZ,20210430,43.45,3.3795,3.6462,0.67,46.6688,44.594,4.9755,11.2771,10.8811,1.3809,1.3809,5197.0,1739.0,1611.8,225809.65,75559.55
600238.SH,20210430,14.49,11.4183,19.9849,3.02,267.163,121.2575,11.6235,8.0386,7.3496,0.0,,44820.0,44500.158,25424.942,649441.8,644807.2894
601975.SH,20210430,2.23,0.8024,0.8998,0.78,7.9269,14.9478,1.891,2.7336,2.8402,0.0,,494211.6343,358469.0582,319675.5767,1102091.9445,799385.9998
300618.SZ,20210430,73.43,9.4311,10.2154,1.21,67.967,55.2215,5.2928,10.0876,8.1823,0.013,0.013,30961.7139,22176.3961,20473.8913,2273518.6517,1628412.7656
002671.SZ,20210430,4.17,0.5415,0.7579,0.88,,,1.0856,2.8253,2.4604,0.0,,56693.0368,45544.846,32541.4792,236409.9635,189922.0078
000923.SZ,20210430,22.14,1.8291,3.7382,0.95,14.8808,11.4274,1.8653,2.4349,2.2622,0.4517,0.4517,65272.8961,62789.3854,30723.6538,1445141.9197,1390156.9928
002427.SZ,20210430,5.87,0.2664,0.5579,1.19,,,,1.0509,1.0413,0.0,,43797.0123,43699.2989,20861.9142,257088.4622,256514.8845
601799.SH,20210430,194.38,0.9075,2.0705,1.34,46.2936,41.7541,8.8742,7.3305,6.7307,0.5145,0.5145,27615.5232,27615.5232,12104.3605,5367905.3996,5367905.3996
300357.SZ,20210430,73.37,0.7873,1.4743,0.85,137.9628,124.9147,25.1679,60.3817,55.6271,0.2453,0.2453,52358.4,46920.408,25057.1183,3841535.808,3442550.335
002639.SZ,20210430,6.63,7.8687,8.9809,0.53,,,2.1424,3.0644,2.904,0.0,,67407.2767,55867.2142,48948.3571,446910.2445,370399.6301
688630.SH,20210430,51.96,16.3658,16.3658,0.81,88.3567,76.7424,5.0041,20.2419,16.9788,,,12080.0,2455.5071,2455.5071,627676.8,127588.1489
300391.SZ,20210430,12.79,1.9028,3.4871,0.79,176.9669,49.911,5.3576,3.6894,2.3909,0.0,,35033.6112,35033.6112,19117.0412,448079.8872,448079.8872
002947.SZ,20210430,29.68,1.8827,1.8842,0.96,35.7881,40.1099,2.9241,5.8403,5.1899,1.9396,1.9396,12664.951,4863.8641,4860.2166,375895.7457,144359.4865
603015.SH,20210430,6.15,1.1838,2.7342,1.01,40.1515,30.1701,1.9141,3.316,2.9108,0.0,,40421.9,40421.9,17500.34,248594.685,248594.685
600768.SH,20210430,8.0,0.9296,1.4815,1.1,,,4.741,2.1626,1.9731,0.0,,13374.72,13374.72,8392.7118,106997.76,106997.76
300051.SZ,20210430,3.08,3.0511,4.7591,0.75,,,4.551,5.0811,5.0369,0.0,,36569.869,36564.694,23441.7639,112635.1965,112619.2575
002028.SZ,20210430,31.57,1.6078,1.7796,0.68,25.8133,21.4052,3.5339,3.2679,2.8959,0.3155,0.3155,76313.8782,58999.3211,53303.6245,2409229.1348,1862608.5671
002965.SZ,20210430,31.19,0.7281,0.9647,0.88,29.0861,30.7465,2.6584,2.5554,2.3807,0.9939,,15070.0,7495.0,5656.403,470033.3,233769.05
300635.SZ,20210430,18.67,0.6299,0.7546,0.77,85.2781,46.8643,3.9714,4.6542,4.2436,0.241,0.241,13632.2,8602.721,7180.9494,254513.174,160612.8011
300643.SZ,20210430,10.75,2.4495,5.4973,1.11,59.1316,39.9884,4.4998,2.7262,2.6086,0.3721,0.3721,20000.0,20000.0,8911.8049,215000.0,215000.0
300207.SZ,20210430,21.52,1.2379,1.8089,0.94,42.2542,32.8011,4.8473,1.1412,1.0473,0.3241,0.3241,157462.7388,140670.73,96265.7616,3388598.139,3027234.1096
601995.SH,20210430,49.93,6.7851,6.7851,1.13,33.4411,30.8756,3.5151,10.1872,9.7101,,,482725.6868,26027.8568,26027.8568,24102493.5419,1299570.89
603019.SH,20210430,25.88,1.2469,1.6604,0.82,45.6538,44.4312,3.2064,3.6949,3.7208,0.3468,0.3468,145072.8974,130205.0903,97779.5743,3754486.5847,3369707.737
601288.SH,20210430,3.2,0.0885,0.5163,1.35,5.1867,5.1468,0.576,1.7021,1.6823,5.6844,5.6844,34998303.3873,29405529.3904,5041233.4856,111994570.8394,94097694.0493
000547.SZ,20210430,17.0,1.8379,1.8489,1.48,33.7838,31.2896,3.1681,6.1524,5.9161,0.5177,0.5177,160542.1646,120540.5063,119823.6727,2729216.7982,2049188.6071
002453.SZ,20210430,5.89,1.1223,1.5048,0.66,137.3706,81.3318,2.8763,1.6737,1.4671,0.0,,77841.4117,57130.0,42606.6405,458485.9149,336495.7
002493.SZ,20210430,28.33,0.2681,0.8412,0.57,26.1661,21.9703,4.8277,1.7829,1.5832,0.3948,0.3948,675035.0,627547.6725,200015.2885,19123741.55,17778425.5619
002810.SZ,20210430,74.33,1.0386,1.7545,0.76,59.1813,50.8436,11.618,11.4047,10.8613,0.5099,0.5099,20082.7737,18013.7021,10663.8608,1492752.5691,1338958.4771
300590.SZ,20210430,21.26,1.3986,2.6394,0.68,56.9208,53.6536,4.6738,10.8944,9.7394,0.4704,0.4704,24221.7,17110.105,9066.595,514953.342,363760.8323
300697.SZ,20210430,15.19,34.5069,60.3871,1.94,43.7514,35.59,5.9009,3.1468,2.7993,1.2344,2.8802,33280.0,14560.0,8320.0,505523.2,221166.4
300400.SZ,20210430,20.87,5.0558,5.6761,0.91,41.2554,41.0204,7.1027,5.7294,5.5871,0.0,,24262.58,18239.2912,16246.0657,506360.0446,380654.0073
600365.SH,20210430,2.56,1.7283,2.2003,1.29,,,1.7218,1.6835,1.6577,0.0,,40000.0,40000.0,31419.8092,102400.0,102400.0
603606.SH,20210430,22.7,1.1187,1.9096,0.84,16.7332,13.6884,4.4436,2.9389,2.5482,0.5727,0.5727,65410.5266,65410.5266,38321.4092,1484818.9538,1484818.9538
002140.SZ,20210430,6.61,0.3834,0.9481,1.2,18.196,16.2729,1.4862,0.6918,0.6238,1.513,1.513,54531.144,53322.0775,21563.4689,360450.8618,352458.9323
002472.SZ,20210430,12.4,3.211,4.1709,1.05,166.0755,67.7418,2.4646,2.322,1.9971,0.3611,0.3611,68614.5309,55589.4513,42796.1416,850820.1832,689309.1961
300751.SZ,20210430,614.49,2.6688,3.3745,0.99,89.2325,78.279,14.0803,15.4002,14.0311,0.1477,0.1477,5727.7225,2915.4688,2305.7544,3519628.199,1791526.4229
002200.SZ,20210430,4.92,0.3042,0.5267,0.65,,,8.7347,3.384,2.0493,0.0,,18413.289,17178.9663,9920.9187,90593.3819,84520.5142
002068.SZ,20210430,7.4,4.3866,9.3151,1.46,56.8144,14.6551,1.6826,0.9913,0.872,0.0,,74479.3596,72699.6659,34235.1556,551147.261,537977.5277
002128.SZ,20210430,10.34,1.4533,3.5618,0.85,9.5951,9.4644,1.0599,0.9898,0.9488,3.8685,3.8685,192157.3493,176741.1891,72114.4088,1986906.9918,1827503.8953
002236.SZ,20210430,23.46,1.071,1.2288,0.37,18.0067,17.8709,3.3901,2.6553,2.5028,0.5658,0.5658,299557.959,195377.1782,170291.7136,7027629.7181,4583548.6006
300254.SZ,20210430,7.38,11.7069,12.8658,1.61,,,2.445,1.9838,1.8285,0.0,,22797.0921,21229.3955,19317.1073,168242.5397,156672.9388
603486.SH,20210430,164.01,2.3781,2.4327,0.92,146.4467,100.5421,27.3929,12.9812,11.0532,0.0,,57254.4025,17964.8728,17561.5983,9390294.554,2946418.7879
600122.SH,20210430,1.24,2.6061,3.6719,1.95,,,4.8865,0.6436,0.7344,0.0,,115825.835,115825.835,82207.0279,143624.0354,143624.0354
600083.SH,20210430,5.39,0.6122,0.8646,0.41,114.0812,77.8732,115.3717,5.0725,3.0267,0.0,,23000.0,22799.3326,16144.2732,123970.0,122888.4027
300597.SZ,20210430,7.86,1.3333,1.7037,0.89,62.1493,58.9078,2.2644,3.828,3.6851,0.2672,0.2672,24000.0,22073.814,17273.814,188640.0,173500.178
002435.SZ,20210430,7.64,9.5717,26.6778,0.7,34.8234,32.8525,1.7929,2.2268,2.2155,0.0,,123598.302,119959.4548,43039.9077,944291.0273,916490.2347
002161.SZ,20210430,5.0,4.3332,5.5766,1.57,,,2.5824,7.803,7.8357,0.0,,73975.74,71263.4283,55374.5088,369878.7,356317.1415
601088.SH,20210430,19.21,0.1849,1.1384,0.92,9.744,9.315,1.0255,1.6362,1.528,6.5591,6.5591,1986851.9955,1649103.7955,267832.8759,38167426.8336,31679283.9116
603638.SH,20210430,61.12,0.2828,1.023,0.78,71.191,58.6917,13.4437,16.2882,13.2713,0.1911,0.1911,60111.3216,55899.008,15450.8472,3674003.9762,3416547.369
600860.SH,20210430,5.27,1.4324,3.312,0.52,16.3391,14.3766,3.6766,2.3486,2.2371,0.0,,48500.0,32200.0,13926.4948,255595.0,169694.0
603317.SH,20210430,44.0,3.1663,3.1663,0.77,76.1508,75.4919,7.2704,11.7309,10.8681,0.417,0.417,63044.4441,12521.475,12521.475,2773955.5404,550944.9
600765.SH,20210430,17.7,4.3713,6.8158,2.51,48.3769,43.8423,2.4954,2.4831,2.3248,0.2526,0.5323,93968.084,85740.2199,54989.7868,1663235.0868,1517601.8922
600729.SH,20210430,32.2,0.927,2.034,1.49,12.6634,10.1516,1.9874,0.6211,0.5847,2.2671,2.2671,40652.8465,40642.6465,18523.4958,1309021.6573,1308693.2173
300467.SZ,20210430,11.67,1.7956,1.955,1.23,70.6185,75.3707,3.0846,5.1931,5.0537,0.0,,20320.4897,15054.5705,13827.1681,237140.1148,175686.8377
002529.SZ,20210430,6.52,0.8017,1.142,0.73,51.5778,1623.4452,1.9846,5.6448,5.4932,0.0,,26000.0,26000.0,18250.8111,169520.0,169520.0
300928.SZ,20210430,43.66,6.24,6.24,0.56,49.6144,46.9263,2.8121,3.8771,3.7841,,,8000.0,2000.0,2000.0,349280.0,87320.0
300773.SZ,20210430,32.66,2.9596,2.9596,0.68,28.0714,26.2897,5.4733,4.7016,4.294,3.0618,3.0618,80002.0,38300.7612,38300.7612,2612865.32,1250902.8608
300043.SZ,20210430,3.05,1.1229,1.4558,0.79,145.8756,,1.3447,2.1774,2.3344,0.9836,0.9836,124419.8401,93778.5801,72333.9134,379480.5123,286024.6693
603685.SH,20210430,11.58,1.5034,6.0137,2.02,19.2877,15.226,1.7478,1.6687,1.474,2.5907,2.5907,16900.0,16900.0,4225.0,195702.0,195702.0
688526.SH,20210430,41.46,1.742,1.742,0.36,43.0522,36.7805,6.7,22.8632,19.5284,,,46500.0,8400.0,8400.0,1927890.0,348264.0
002164.SZ,20210430,6.38,2.6892,4.2756,0.79,2.3247,2.2847,5.2522,2.7433,2.5268,0.0,,53217.3689,47393.1456,29808.9999,339526.8136,302368.2689
300248.SZ,20210430,9.35,2.0673,2.3522,0.48,24.7306,27.559,2.5643,4.7886,4.7364,0.6417,0.6417,48109.2495,40141.9876,35280.5206,449821.4828,375327.5841
605298.SH,20210430,21.37,4.776,4.776,0.83,22.0862,21.2182,2.4686,6.6416,6.327,,,10800.0,2700.0,2700.0,230796.0,57699.0
603948.SH,20210430,18.88,1.3844,2.5189,1.16,24.0345,19.6246,2.0638,1.7474,1.4966,1.3242,1.3242,16000.0,7505.2847,4125.003,302080.0,141699.7751
002796.SZ,20210430,9.53,1.0559,1.7033,0.71,63.7617,65.037,1.5441,1.466,1.4027,0.3498,0.3498,25242.6948,21497.1948,13326.6593,240562.8814,204868.2664
600655.SH,20210430,11.79,1.8566,2.4501,1.04,12.682,11.8534,1.3638,1.0394,1.0265,2.4535,2.4535,388349.8464,160529.7914,121639.6498,4578644.6891,1892646.2406
600307.SH,20210430,1.88,1.5614,3.4536,1.03,22.7416,9.2507,0.9195,0.3181,0.2828,0.0,,626335.7424,626335.7424,283175.6474,1177511.1957,1177511.1957
601006.SH,20210430,6.88,0.349,0.9368,2.0,9.3875,8.56,0.8477,1.4143,1.3537,6.9767,6.9767,1486679.1491,1486679.1491,553942.8331,10228352.5458,10228352.5458
603828.SH,20210430,4.25,0.3694,0.7341,0.69,135.7865,120.7306,1.6002,0.9765,0.9032,0.0,,61046.0158,54756.0,27554.5479,259445.5672,232713.0
603955.SH,20210430,14.07,3.3807,8.0253,0.88,18.7045,17.1778,1.2209,2.0225,2.0074,3.5537,3.5537,13572.0,13572.0,5717.2449,190958.04,190958.04
002763.SZ,20210430,9.22,9.7333,15.0317,1.02,17.9899,12.4875,1.8061,1.5981,1.4444,4.34,4.34,41128.5,19264.7275,12474.2275,379204.77,177620.7876
603711.SH,20210430,19.84,0.9317,7.1713,2.94,23.0563,18.4882,2.8841,2.1969,2.0544,1.2653,1.2653,41645.06,40652.66,5281.436,826237.9904,806548.7744
600982.SH,20210430,3.29,1.0762,1.5523,0.83,14.5578,13.5019,1.0294,0.8338,0.7744,1.4775,1.4775,111776.8211,74693.0,51783.5403,367745.7414,245739.97
300921.SZ,20210430,42.74,5.7494,5.7494,0.5,40.9708,43.3816,3.791,6.2957,6.1561,,,7291.965,1823.0,1823.0,311658.5841,77915.02
300953.SZ,20210430,68.3,10.6505,10.6505,0.63,48.8038,37.1782,4.5497,5.3299,4.0602,,,9308.0,1985.7846,1985.7846,635736.4,135629.0882
600246.SH,20210430,7.38,0.571,1.6778,1.24,298.0022,632.3441,2.2038,11.1262,10.7112,0.7925,0.7925,205400.9302,205400.9302,69898.4941,1515858.8649,1515858.8649
600739.SH,20210430,22.54,0.776,1.212,1.01,12.4418,10.8549,1.406,2.0348,1.9581,0.4437,0.4437,152970.9816,152970.9816,97938.2958,3447965.9253,3447965.9253
300790.SZ,20210430,23.45,3.5802,3.5802,0.84,38.8728,29.6395,3.8472,3.3486,2.9168,0.8698,2.1491,21011.9144,10787.797,10787.797,492729.3927,252973.8397
300054.SZ,20210430,16.28,1.1902,1.2942,0.88,,,4.1574,8.3604,7.3958,0.124,0.124,93302.2185,68704.5299,63182.1391,1518960.1172,1118509.7468
601258.SH,20210430,1.59,1.4896,2.1864,1.85,28.0199,13.5541,1.4232,0.5938,0.5249,0.0,,1022722.507,1022722.507,696799.2609,1626128.7861,1626128.7861
688395.SH,20210430,30.15,57.7888,57.7888,,36.8522,32.9037,4.3006,6.4352,5.7749,,,8600.0,1750.542,1750.542,259290.0,52778.8413
600963.SH,20210430,5.06,1.5814,2.7484,0.89,22.0453,18.4871,1.0468,1.2836,1.1681,0.6987,0.6987,180505.3109,180505.3109,103862.9008,913356.8732,913356.8732
600599.SH,20210430,5.34,2.8673,5.175,1.78,19.214,12.8176,1.3598,5.06,3.9696,0.0,,16600.0,16600.0,9197.5171,88644.0,88644.0
600284.SH,20210430,6.2,1.0625,1.6864,1.74,13.5299,12.5083,0.9183,0.7182,0.6599,2.2581,2.2581,97025.6,97025.6,61126.3687,601558.72,601558.72
000651.SZ,20210430,59.91,0.8381,1.0964,1.18,16.2526,14.9793,3.1914,2.1427,1.9912,3.646,3.646,601573.0878,596990.8834,456328.6624,36040243.6901,35765723.8245
300931.SZ,20210430,14.83,21.293,21.293,1.01,64.5851,57.2357,4.7221,7.8769,7.3773,,,24014.6,5694.4102,5694.4102,356136.518,84448.1033
002809.SZ,20210430,10.06,0.719,1.0778,1.2,14.6665,13.817,1.5576,1.5554,1.4112,1.3489,1.3489,20665.1282,12633.6255,8427.8448,207891.1897,127094.2725
600826.SH,20210430,8.05,0.2775,0.5837,0.76,31.1821,30.3884,1.2057,1.4467,1.7535,1.2675,1.2675,53592.0895,42064.2288,19998.3368,431416.3205,338617.0418
002182.SZ,20210430,11.26,2.2169,2.8662,1.14,29.8618,25.89,2.5152,1.2242,1.1069,1.3321,,64642.2538,52810.2872,40846.3743,727871.7778,594643.8339
601200.SH,20210430,11.08,0.5491,1.171,1.48,19.8753,18.0994,1.3147,2.7551,2.6528,0.6297,0.6297,112185.8543,112185.8543,52611.602,1243019.2656,1243019.2656
300866.SZ,20210430,155.89,1.4231,1.4231,0.99,74.0221,68.7511,11.9896,6.7743,6.1855,,0.5132,40642.7207,3793.7335,3793.7335,6335793.7299,591405.1153
000797.SZ,20210430,3.1,2.178,4.7762,2.96,16.9942,17.7585,0.906,0.8368,0.7951,1.6134,1.6134,157099.8213,156623.9646,71422.5338,487009.446,485534.2903
002251.SZ,20210430,7.58,0.4102,0.8371,1.34,58.6166,56.9449,0.9528,0.4188,0.4295,1.3178,1.3178,86390.3951,86390.3951,42331.4061,654839.1949,654839.1949
605005.SH,20210430,19.2,20.5526,20.5541,0.79,40.5698,35.0941,5.6936,6.4045,5.8371,,,40100.0,4010.0,4009.7,769920.0,76992.0
002842.SZ,20210430,9.92,1.1907,9.1673,0.84,65.2798,61.262,2.9111,2.1036,1.9441,0.5058,0.5058,27364.3596,23395.3656,3038.6156,271454.4472,232082.0268
600390.SH,20210430,6.07,0.4018,0.8103,1.1,7.2766,6.668,0.7001,4.3351,4.7664,1.3015,1.3015,449806.5459,449806.5459,223024.9462,2730325.7336,2730325.7336
688617.SH,20210430,286.29,1.0769,1.0769,0.46,172.3026,127.9031,11.5102,39.8112,33.5697,,,6667.0,1372.8419,1372.8419,1908695.43,393030.9076
603369.SH,20210430,53.43,1.5638,2.8291,1.56,42.7772,37.4047,7.3878,13.093,11.6669,0.7674,0.7674,125450.0,125450.0,69345.0962,6702793.5,6702793.5
300657.SZ,20210430,16.09,0.6616,1.0452,0.8,60.7637,38.3063,3.917,2.0849,1.8381,0.3767,0.3767,34173.7156,32325.1133,20461.5177,549855.084,520111.073
600992.SH,20210430,6.34,0.5757,0.7522,1.0,51.4755,38.7497,1.0753,0.7295,0.7075,0.5678,0.5678,24509.0,24509.0,18760.0182,155387.06,155387.06
300012.SZ,20210430,32.72,0.5999,0.6918,0.91,94.667,82.2898,14.0906,15.3265,14.1193,0.1065,0.1065,167116.9214,151658.2526,131512.8517,5468065.6682,4962258.0251
601601.SH,20210430,32.89,0.4921,0.9073,0.91,12.8707,12.788,1.429,0.7495,0.727,3.3509,3.3509,962034.1455,684504.1455,371258.6134,31641303.0455,22513341.3455
002539.SZ,20210430,10.08,2.4272,2.9245,1.01,20.4226,16.3943,2.8133,1.1122,1.0229,1.4881,1.4881,101010.0,65644.5188,54482.1451,1018180.8,661696.7495
300261.SZ,20210430,5.45,1.4318,2.4332,1.22,32.606,33.8039,2.4965,2.6207,2.5442,0.9109,0.9109,96330.9471,94502.1357,55608.1249,525003.6617,515036.6396
002886.SZ,20210430,23.86,1.5887,2.2936,0.91,49.1177,39.1032,2.8168,2.7585,2.4785,0.299,0.299,13327.8547,10094.6576,6992.231,318002.6131,240858.5303
300437.SZ,20210430,8.01,3.8205,4.8067,0.48,,,1.5951,1.4321,1.3643,1.3552,1.3552,22123.473,13655.848,10854.098,177209.0187,109383.3425
603356.SH,20210430,9.7,1.8,2.9771,1.47,17.5602,21.7423,1.6791,0.6765,0.6283,1.9588,1.9588,13334.0,13334.0,8061.74,129339.8,129339.8
002869.SZ,20210430,19.2,2.5595,3.926,1.13,5.4996,6.6949,1.4625,2.218,2.6583,7.5754,7.5754,18063.6097,14916.887,9724.9969,346821.3062,286404.2304
601518.SH,20210430,2.29,0.4571,1.2995,1.12,31.1711,14.4257,0.8085,3.6365,3.0977,0.0,,135039.5121,121320.0,42673.3506,309240.4827,277822.8
300308.SZ,20210430,34.21,1.6075,2.3254,1.19,28.1834,28.8703,3.0278,3.4601,3.3901,0.2456,0.2456,71301.6281,68171.2365,47124.2598,2439228.6973,2332138.0007
300425.SZ,20210430,4.29,0.8774,1.5539,1.02,17.1096,16.4867,1.5341,2.3338,2.3027,1.1658,1.1658,67570.8786,67160.489,37922.592,289879.0692,288118.4978
300003.SZ,20210430,32.09,1.7411,2.4362,0.54,32.1372,27.0072,5.4473,7.2038,6.3487,0.611,0.611,180458.1117,152703.3954,109135.9329,5790900.8045,4900251.9584
002252.SZ,20210430,7.99,0.5593,0.9887,0.9,40.6878,37.4255,2.1013,19.5022,18.675,0.1252,0.1252,674078.7907,497227.9699,281248.7736,5385889.5377,3972851.4795
300946.SZ,20210430,62.8,5.7067,5.7067,0.7,45.0,37.2957,4.416,11.0071,10.1031,,,6667.0,1667.0,1667.0,418687.6,104687.6
000812.SZ,20210430,3.71,6.1134,7.2734,0.94,119.078,121.9925,1.7609,3.0801,2.8743,0.4043,0.4043,76869.2614,67030.3988,56339.3848,285184.9598,248682.7795
002612.SZ,20210430,55.4,17.2662,24.9154,1.08,172.5713,135.8606,8.2271,8.5215,7.7036,0.2166,0.2166,44244.5375,26135.8102,18111.9152,2451147.3775,1447923.8851
300047.SZ,20210430,6.12,1.8928,1.9748,0.75,29.5452,29.5185,1.1906,0.7428,0.7078,0.3268,0.3268,63774.4672,52402.4768,50226.8528,390299.7393,320703.158
002802.SZ,20210430,26.63,1.0062,1.1341,0.52,31.3947,30.6313,4.7899,5.2968,4.6801,2.9441,2.9441,10834.65,10683.1594,9478.2769,288526.7295,284492.5348
300942.SZ,20210430,31.12,21.0099,21.0099,0.65,190.6143,105.6961,15.3747,48.2665,37.4433,,,40086.0,3836.4876,3836.4876,1247476.32,119391.4941
000157.SZ,20210430,11.81,0.8734,1.2403,0.91,14.0581,11.8053,1.8477,1.572,1.363,1.6391,1.6391,866661.2984,654352.0492,460800.3752,10235269.9341,7727897.7011
300305.SZ,20210430,10.2,0.9861,1.3884,0.6,18.8562,15.2152,1.6917,2.9447,2.6678,1.0196,1.0196,28875.3,23259.5319,16519.8767,294528.06,237247.2254
300203.SZ,20210430,11.2,3.1731,4.7989,2.0,10.3594,11.4663,1.3745,1.2358,1.2139,0.0,,45251.74,45202.63,29888.7392,506819.488,506269.456
603825.SH,20210430,14.67,1.8494,4.1431,0.66,16.0055,15.8353,1.8595,0.3668,0.3571,1.7215,1.7215,22861.5614,22639.9672,10106.1648,335379.1057,332128.3188
600668.SH,20210430,12.21,3.2692,3.8988,2.54,7.1888,7.6305,0.9282,1.2937,1.2033,2.457,2.457,34408.3828,34408.3828,28851.9725,420126.354,420126.354
603111.SH,20210430,5.16,0.5361,0.5969,1.9,12.0168,11.6734,1.6595,1.5411,1.4974,0.0,,99327.5484,83598.325,75088.8655,512530.1497,431367.357
002984.SZ,20210430,31.32,5.003,5.003,0.72,20.7512,20.6872,3.5077,4.3243,4.2924,,0.53,64966.894,6900.0,6900.0,2034763.1201,216108.0
600372.SH,20210430,15.03,0.653,1.9388,1.28,45.945,41.6804,2.6969,3.3134,3.0575,0.3653,0.3653,192821.4265,192821.4265,64945.8653,2898106.0403,2898106.0403
688012.SH,20210430,118.8,1.4458,1.4458,1.0,129.0974,105.2452,13.9333,27.9514,25.7874,,,53486.2237,24540.2535,24540.2535,6354163.3756,2915382.1158
600971.SH,20210430,6.01,2.1053,4.6744,1.01,9.3321,8.7837,0.755,1.3843,1.3011,5.8236,5.8236,120000.4884,120000.4884,54046.5995,721202.9353,721202.9353
002192.SZ,20210430,67.95,5.2347,6.9743,0.8,838.3797,663.2529,30.871,45.2475,37.6404,0.0,,25965.5203,25912.0228,19448.7119,1764357.1044,1760721.9493
300736.SZ,20210430,7.32,1.7439,4.3324,0.99,,,5.1566,1.9504,1.7691,0.0,,13027.336,12736.9879,5127.0759,95360.0995,93234.7514
002022.SZ,20210430,17.42,3.5401,4.3522,1.07,13.2723,9.2638,2.6901,2.1571,1.7672,0.3733,0.3733,51455.5797,51374.0923,41787.7885,896356.1984,894936.6879
300236.SZ,20210430,35.67,1.2633,2.1256,0.86,40.7469,41.8756,2.4404,16.1097,14.4535,0.312,0.312,31338.1402,28694.1712,17053.755,1117831.4609,1023521.0867
300909.SZ,20210430,40.67,4.8735,4.8735,0.76,43.3681,38.6845,3.5554,6.742,5.941,,,10090.6663,2392.5168,2392.5168,410387.3984,97303.6583
600622.SH,20210430,3.01,1.3877,2.5818,3.16,10.9444,12.5729,0.672,1.1465,1.232,1.9934,1.9934,149968.5402,149968.5402,80605.9747,451405.306,451405.306
603588.SH,20210430,20.47,1.9847,2.5676,1.59,30.2174,27.7567,3.3934,2.4348,2.2837,0.3152,0.3152,81200.516,76641.0869,59242.6992,1662174.5625,1568843.0488
002432.SZ,20210430,8.17,2.2815,3.236,0.42,16.1358,16.6811,1.7504,1.947,1.9269,0.0,,47860.3022,43280.5921,30515.3119,391018.669,353602.4375
688050.SH,20210430,224.0,3.5859,3.5859,0.73,243.9066,182.3553,15.1541,86.2527,71.099,,,10513.9272,2246.875,2246.875,2355119.6928,503300.0
300592.SZ,20210430,20.14,1.3996,1.5276,0.52,,,5.6652,18.2354,16.2584,0.0,,12238.11,9530.0475,8731.85,246475.5354,191935.1567
600684.SH,20210430,4.04,9.6417,14.9756,8.58,,,1.3929,1.3931,0.8568,0.7426,0.7426,85346.0723,85346.0723,54948.1812,344798.1321,344798.1321
002815.SZ,20210430,11.81,0.8151,1.2285,1.01,23.6551,23.8092,2.4912,2.3863,2.2013,2.5445,2.5445,88254.7699,42969.4048,28509.9393,1042288.8325,507468.6707
688068.SH,20210430,225.5,13.6204,15.7832,0.88,125.1512,19.6741,10.435,27.3113,8.237,0.133,0.133,6219.6341,4302.8271,3713.2189,1402527.4896,970287.5111
002862.SZ,20210430,10.0,10.549,15.1098,0.87,,,2.3076,4.7798,4.0759,0.1333,0.1333,12000.0,6160.8488,4301.2366,120000.0,61608.488
300408.SZ,20210430,43.3,0.779,1.2855,1.05,54.65,45.0925,6.9631,19.6977,16.7341,0.4418,0.4418,181690.5952,167186.7331,101311.1475,7867202.7722,7239185.5432
600819.SH,20210430,5.44,1.6089,5.0102,1.07,28.3685,20.2507,1.4573,1.2451,1.1464,1.2316,1.2316,93491.6069,74741.6067,24001.0914,508594.3415,406594.3404
300580.SZ,20210430,18.5,1.1057,3.4032,0.9,20.9493,18.0528,2.1484,3.9736,3.6296,0.9189,0.9189,20000.0,18651.6875,6060.0,370000.0,345056.2188
603086.SH,20210430,13.89,0.7251,1.429,1.0,12.5057,12.8149,1.2752,1.1613,1.1155,1.5263,1.5263,15849.0,15680.0,7956.67,220142.61,217795.2
300103.SZ,20210430,9.66,0.5389,1.0307,0.93,47.6702,43.8035,2.8708,2.3986,2.3559,0.0,,31760.1,24300.9964,12705.4906,306802.566,234747.6252
603982.SH,20210430,16.59,4.0071,4.609,1.12,27.6273,21.4299,2.0792,2.4113,2.1376,0.8978,0.8978,20141.57,8144.0,7080.4501,334148.6463,135108.96
603022.SH,20210430,10.26,0.3572,1.0028,0.49,57.0469,53.8535,3.0247,3.0112,2.8921,0.0,,20000.0,20000.0,7123.34,205200.0,205200.0
300009.SZ,20210430,19.77,2.2488,2.552,0.81,75.2008,66.9573,9.1301,15.8654,14.428,0.5836,0.5836,136538.7965,96350.9013,84903.6486,2699372.0068,1904857.3187
603079.SH,20210430,18.45,1.1951,2.6593,0.99,15.9971,19.9396,2.3783,3.6416,3.6611,0.4646,0.4646,17118.8958,17118.8958,7692.9742,315843.6275,315843.6275
300681.SZ,20210430,30.35,1.817,2.6819,1.34,174.39,114.9053,3.9132,5.4505,5.0861,0.0,,7560.0,4367.25,2958.75,229446.0,132546.0375
002560.SZ,20210430,6.45,0.9872,1.1754,0.6,27.2857,39.9068,1.4501,1.7621,1.711,1.3066,1.3066,52669.147,28549.5967,23978.001,339715.9982,184144.8987
300299.SZ,20210430,5.1,3.2217,4.2899,1.83,96.0258,106.6829,7.6594,7.2556,7.4665,0.0,,69122.9485,63954.2642,48029.8885,352527.0374,326166.7474
002879.SZ,20210430,14.88,0.5679,0.6511,0.4,17.7816,17.8038,1.8357,3.055,3.0223,1.3132,,19310.764,12832.6721,11192.5712,287344.1683,190950.1608
300399.SZ,20210430,10.18,0.7593,1.9916,0.68,74.6917,91.9215,4.3042,4.1339,4.3557,0.167,0.167,19760.0,19466.8968,7422.037,201156.8,198173.0094
688201.SH,20210430,50.7,47.3444,47.3444,1.53,44.0005,41.2754,8.4049,11.3417,11.0399,,,9312.7756,1895.5867,1895.5867,472157.7229,96106.2457
603387.SH,20210430,34.79,1.8365,3.3414,0.63,29.7219,27.9419,4.8368,8.0628,7.2391,1.1499,1.1499,26034.0871,26031.2584,14307.1676,905725.8902,905627.4797
603882.SH,20210430,144.27,0.7435,1.3493,0.64,44.208,33.3724,16.9684,8.0959,6.8439,0.0933,0.0933,46261.1275,45948.7577,25320.8397,6674092.8644,6629027.2734
000590.SZ,20210430,8.41,0.6953,1.2917,0.96,88.633,58.7101,3.0269,7.3211,6.9128,0.0,,23947.1267,23937.6227,12885.7492,201395.3355,201315.4069
600219.SH,20210430,3.82,1.1708,1.9964,0.81,22.2747,19.9142,1.1129,2.0472,1.9771,1.3089,1.3089,1195048.152,1195048.152,700828.1865,4565083.9406,4565083.9406
000731.SZ,20210430,5.17,5.7057,6.4971,3.98,29.4864,20.6034,1.0433,1.05,0.9782,0.9671,0.9671,59148.4352,59148.4352,51943.08,305797.41,305797.41
000818.SZ,20210430,21.9,1.027,1.4116,0.52,63.2909,42.6222,4.8383,4.2271,3.8582,0.2307,0.2307,68261.4,67721.515,49271.295,1494924.66,1483101.1785
603155.SH,20210430,36.22,3.5191,3.5191,0.7,35.8111,30.1551,2.7654,11.491,9.8444,,,15556.0,3889.0,3889.0,563438.32,140859.58
002080.SZ,20210430,21.96,0.7054,1.7741,0.96,17.9594,15.4145,2.9202,1.9695,1.8647,1.184,1.184,167812.3584,167812.3584,66724.898,3685159.3905,3685159.3905
300715.SZ,20210430,26.56,1.4148,2.8833,1.01,29.3063,26.6633,6.3361,4.0661,3.6973,0.2094,1.4644,30735.36,27251.7293,13372.3343,816331.1616,723805.9302
603968.SH,20210430,15.86,0.9525,1.9959,0.67,13.0996,13.9889,1.8443,1.3379,1.2614,3.1526,3.1526,20448.0,20448.0,9758.3994,324305.28,324305.28
688081.SH,20210430,22.15,3.3266,4.69,3.29,49.6415,61.686,2.2944,8.461,8.3529,1.1287,1.1287,7360.0,3085.15,2188.3,163024.0,68336.0725
600876.SH,20210430,16.63,2.6803,7.0385,2.02,27.8659,19.6177,5.1617,2.9952,2.6547,0.0,,54854.0432,28103.8317,10702.0075,912222.7384,467366.7212
603633.SH,20210430,9.08,1.275,2.5075,2.21,55.7933,50.8765,2.1975,4.519,4.0066,0.0,,26350.12,26350.12,13398.3408,239259.0896,239259.0896
000404.SZ,20210430,4.05,1.5115,2.18,1.2,24.2925,24.5496,0.8479,0.2697,0.2395,0.4938,0.4938,69599.5979,69462.2798,48162.7826,281878.3715,281322.2332
002052.SZ,20210430,1.69,0.8671,1.0385,1.07,,,5.4904,4.3702,5.2891,0.0,,74595.9694,74595.653,62284.9492,126067.1883,126066.6536
002034.SZ,20210430,18.19,0.6439,1.4117,0.94,14.6781,13.133,1.6189,4.5129,4.0041,0.549,0.549,42136.5045,41824.5045,19076.5509,766463.0169,760787.7369
000065.SZ,20210430,7.7,1.721,3.854,0.87,7.8861,7.7507,1.0666,0.4611,0.4552,1.1948,1.1948,76954.0329,67311.6743,30056.9665,592546.0533,518299.8921
300824.SZ,20210430,26.07,4.1886,4.2236,0.71,56.4786,52.7861,8.9255,8.0865,7.4396,0.7672,1.7261,21740.0,5435.0,5389.9946,566761.8,141690.45
000766.SZ,20210430,4.61,2.894,4.1953,1.25,,,1.958,4.0075,3.3168,0.0,,96649.4707,70699.572,48770.432,445554.0599,325925.0269
000591.SZ,20210430,6.17,3.2565,3.3781,1.17,18.0489,16.1076,1.296,3.4974,3.1648,1.7828,1.7828,300709.8032,203709.8929,196375.417,1855379.4857,1256890.0392
002993.SZ,20210430,42.05,9.2939,9.2939,1.36,30.0374,27.1156,4.4025,3.3558,2.9583,,0.5488,23504.0,5876.0,5876.0,988343.2,247085.8
603259.SH,20210430,158.75,1.6101,1.7856,1.11,131.4213,93.5863,11.0227,23.5275,21.2608,0.1472,0.1472,245063.3599,147602.5487,133090.1108,38903808.3841,23431904.6061
000541.SZ,20210430,5.68,0.2466,0.4871,0.67,25.0802,24.319,1.4118,2.1224,1.982,3.257,3.257,139934.6154,107303.8507,54321.6838,794828.6155,609485.872
600222.SH,20210430,6.1,1.2991,1.8322,0.91,119.7197,187.1354,2.0739,2.4703,2.4539,0.0,,57388.6283,57388.6283,40690.8619,350070.6326,350070.6326
601318.SH,20210430,72.5,0.4843,0.5315,0.69,9.2615,9.1871,1.7981,1.0878,1.0771,2.8778,4.7964,1828024.141,1083266.4498,986994.5396,132531750.2225,78536817.6105
300531.SZ,20210430,15.16,1.7241,3.2812,0.7,42.1503,36.3572,3.1757,4.3332,3.8896,0.2058,0.2058,33136.3129,29913.1385,15717.644,502346.5036,453483.1797
300696.SZ,20210430,50.0,2.3533,2.9982,1.0,65.359,56.8934,8.8529,29.4233,24.6066,0.2667,0.2667,17877.0,10502.8343,8243.7919,893850.0,525141.715
600479.SH,20210430,9.32,1.5502,2.1689,0.92,13.1298,13.1213,1.6924,1.0754,1.044,5.3648,5.3648,41850.7117,41850.7117,29912.5981,390048.633,390048.633
300367.SZ,20210430,2.59,2.5297,3.0162,3.17,,,10.751,8.7611,147.2183,0.0,,119577.2516,94845.1675,79547.5464,309705.0816,245648.9838
688218.SH,20210430,14.6,0.9933,1.2176,1.35,57.9972,48.3868,2.0176,3.6229,3.3078,0.9589,0.9589,11734.0,8316.2371,6784.4806,171316.4,121417.0617
603309.SH,20210430,13.82,0.7966,1.9754,0.72,23.468,21.3986,3.106,3.1779,3.0082,1.1132,1.1132,26000.0,26000.0,10484.5744,359320.0,359320.0
002381.SZ,20210430,9.07,4.5034,5.9998,1.36,11.835,11.6716,1.8432,2.0611,1.9756,3.3076,3.3076,41157.2264,32200.5844,24169.6296,373296.0434,292059.3005
600064.SH,20210430,9.7,0.6114,0.9368,1.92,5.9474,6.0584,0.8688,4.129,2.9088,4.6392,4.6392,123595.6888,123595.6888,80661.1731,1198878.1814,1198878.1814
002355.SZ,20210430,6.31,2.9753,3.9805,1.27,,,1.5903,2.6726,2.3985,0.0317,0.0317,62057.04,61716.665,46131.865,391579.9224,389432.1562
002609.SZ,20210430,9.91,0.8558,1.2838,0.47,39.9423,37.4313,2.8942,4.6564,4.4404,0.303,0.303,64427.6441,44231.3666,29484.6142,638477.953,438332.843
603379.SH,20210430,15.97,0.6816,0.6836,0.97,43.9465,52.5661,1.9312,3.5834,3.4114,2.0127,2.0127,61047.9037,19306.0783,19249.6277,974935.0221,308318.0705
000762.SZ,20210430,15.59,6.1893,7.9627,1.01,,,3.9858,21.2008,17.562,0.0,,52081.924,52079.5518,40480.753,811957.1952,811920.2126
002724.SZ,20210430,11.16,2.2963,3.8951,1.0,28.9338,27.6574,3.2661,5.1064,4.7634,0.8273,0.8273,77982.9726,35878.932,21152.202,870289.9742,400408.8811
300163.SZ,20210430,3.34,0.9675,1.3665,0.73,87.0713,78.7565,2.6417,5.7419,5.1832,0.0,,47400.0,47362.47,33531.1297,158316.0,158190.6498
300205.SZ,20210430,8.36,1.2579,2.2997,0.77,,,2.7366,2.1229,2.0005,1.1962,1.1962,43005.6,42598.8788,23300.2589,359526.816,356126.6268
002828.SZ,20210430,8.0,2.8256,2.989,1.07,64.5014,62.7751,1.6358,1.7183,1.6792,0.7583,0.7583,20098.76,15038.9087,14216.5337,160790.08,120311.2696
002362.SZ,20210430,17.76,1.7112,2.2554,0.99,41.7485,36.3548,2.8647,2.7917,2.551,0.0,,24445.4646,17885.3476,13569.7328,434151.4513,317643.7734
600703.SH,20210430,25.1,1.7626,3.2068,0.86,110.6304,95.1755,3.7135,13.2994,11.8478,0.3606,0.3606,447934.1308,407842.4928,224162.4152,11243146.6831,10236846.5693
002441.SZ,20210430,7.63,2.1472,3.159,3.68,15.9149,13.9233,0.9988,0.3868,0.3531,2.8837,2.8837,54454.3609,39884.6029,27109.7944,415486.7737,304319.5201
002607.SZ,20210430,25.5,3.0362,3.9065,2.24,68.2484,67.5325,35.6145,14.0387,13.0795,0.9412,0.9412,616739.9389,160227.8365,124530.8949,15726868.442,4085809.8308
600598.SH,20210430,15.15,0.4776,1.3321,0.71,27.2045,27.25,3.6717,8.31,8.2623,2.5083,2.5083,177767.9909,177767.9909,63741.7788,2693185.0621,2693185.0621
600281.SH,20210430,3.67,0.6149,1.088,1.25,45.3811,41.1729,3.5647,4.8572,7.2748,0.0,,51440.2025,51440.2025,29074.8686,188785.5432,188785.5432
600008.SH,20210430,2.97,0.4903,0.9144,1.1,14.8278,13.2041,1.3497,1.134,1.0617,2.0863,2.0863,734059.0677,734059.0677,393643.2234,2180155.4311,2180155.4311
000819.SZ,20210430,6.0,0.6127,0.9959,1.51,66.1308,37.2811,2.1323,1.2329,1.2158,0.3968,0.3968,29915.0255,29915.0255,18402.401,179490.153,179490.153
002661.SZ,20210430,14.25,1.3875,2.1764,1.31,16.4041,17.5113,1.7916,1.2134,1.15,1.6623,1.6623,33701.0083,33083.3879,21091.1817,480239.3683,471438.2776
300107.SZ,20210430,4.97,1.0886,1.3717,1.36,60.3354,127.4047,1.8442,4.8602,4.8502,12.0367,12.0367,55124.9622,33701.8675,26747.8204,273971.0621,167498.2815
000001.SZ,20210430,23.29,0.2896,0.6534,0.83,15.6237,14.8127,1.4932,2.9436,2.8714,0.936,0.936,1940591.8198,1940575.4475,860111.3751,45196383.4831,45196002.1723
002130.SZ,20210430,6.33,1.5124,1.9911,0.6,20.1363,15.6489,2.3658,1.9461,1.7381,0.316,0.7899,125892.7062,124684.3755,94707.69,796900.8302,789252.0969
603789.SH,20210430,13.0,0.5238,1.2897,0.47,,,4.5025,13.6058,10.7401,0.0,,26000.0,26000.0,10560.625,338000.0,338000.0
002078.SZ,20210430,16.02,1.5433,2.9273,1.4,21.5284,16.6518,2.4606,1.9477,1.7757,0.6163,0.6163,262468.0423,261267.0673,137744.6489,4204738.0376,4185498.4181
002361.SZ,20210430,4.45,1.165,1.3259,1.45,44.5182,36.8956,2.053,1.9939,1.8183,2.1733,2.1733,83757.4116,66857.9631,58744.8136,372720.4816,297517.9358
600696.SH,20210430,19.98,0.9864,2.2691,0.77,833.057,433.0954,15.6399,83.8296,43.1338,0.0,,33446.9431,33446.9431,14539.6645,668269.9231,668269.9231
601939.SH,20210430,6.73,2.0663,2.2271,2.44,6.2076,6.1563,0.7176,2.226,2.2052,4.7548,4.7548,25001097.7486,959365.7606,890107.583,168257387.8481,6456531.5688
603727.SH,20210430,15.89,0.5337,1.3168,0.63,28.2743,21.4458,1.4904,1.4428,1.2736,0.6114,0.6114,23419.4352,23419.4352,9491.9352,372134.8253,372134.8253
002066.SZ,20210430,9.14,0.912,1.5233,0.93,76.1137,40.9277,4.2687,0.5008,0.4712,0.0,,23100.0,23100.0,13830.2535,211134.0,211134.0
688313.SH,20210430,15.39,2.7136,2.7136,0.59,185.4839,209.3722,6.0782,10.5137,9.8898,,,45880.2328,4370.0,4370.0,706096.7828,67254.3
688336.SH,20210430,16.25,1.6644,1.6644,0.67,,,2.2398,15.2876,13.234,,,61621.1413,5949.1973,5949.1973,1001343.5461,96674.4561
002939.SZ,20210430,10.07,0.6642,1.2464,1.25,20.8114,21.7591,1.6993,4.5498,4.5694,1.0924,1.0924,310340.5351,166418.0931,88677.0778,3125129.1885,1675830.1975
000815.SZ,20210430,4.74,0.536,1.0333,1.04,67.9044,66.5539,1.5368,2.8361,2.6598,0.0,,69526.3035,69526.3035,36066.8056,329554.6786,329554.6786
601128.SH,20210430,6.94,2.1313,2.3545,2.6,10.5483,10.4059,1.0234,2.8899,2.853,2.8818,2.8818,274085.5925,260434.0068,235744.3376,1902154.012,1807412.0072
000002.SZ,20210430,28.17,0.7997,1.2003,1.03,7.8831,7.875,1.45,0.7809,0.7548,3.6088,3.6088,1161773.2201,971755.3265,647474.2474,32727151.6102,27374347.5475
300929.SZ,20210430,30.69,9.1168,9.1168,0.69,34.9297,34.7889,3.3003,4.3143,3.7146,,,8258.31,1793.1079,1793.1079,253447.5339,55030.4815
600182.SH,20210430,13.21,1.2484,1.2484,1.23,75.3133,72.8274,4.4028,1.6023,1.4571,1.1961,1.1961,34000.0,17000.0,17000.0,449140.0,224570.0
603187.SH,20210430,60.64,1.0285,1.0285,0.6,38.9367,36.9859,4.6258,5.5217,5.0341,0.6507,,17214.3447,13194.6229,13194.6229,1043877.8626,800121.9327
002211.SZ,20210430,4.55,1.5945,1.9378,0.69,37.342,38.6808,2.6089,2.1363,2.0804,0.0,,43247.5779,31018.8279,25522.6828,196776.4794,141135.6669
688598.SH,20210430,177.44,7.675,7.675,1.54,84.2069,69.427,10.3229,33.2854,26.5655,0.1409,0.1409,8000.0,1915.2543,1915.2543,1419520.0,339842.723
688266.SH,20210430,63.29,0.8423,0.8423,0.98,,,9.8349,549.136,549.136,,,24000.0,13303.32,13303.32,1518960.0,841967.1228
603195.SH,20210430,195.87,6.1001,6.1001,2.65,50.8487,42.777,11.99,11.7036,10.4605,1.9382,1.9382,60057.59,7538.5494,7538.5494,11763480.1533,1476575.671
603200.SH,20210430,21.86,1.0294,2.4255,0.7,63.1227,89.1996,2.6838,4.1554,4.0501,0.0,,10076.7578,10023.7231,4253.9943,220277.9255,219118.587
601366.SH,20210430,6.4,0.2573,0.4493,1.04,38.5446,24.8135,1.186,0.6565,0.6574,2.2879,2.2879,86051.4828,83403.4486,47756.771,550729.4899,533782.071
600588.SH,20210430,33.2,0.4448,0.8887,0.85,109.8336,89.4819,15.7669,12.7375,12.5533,0.595,0.595,327053.145,325108.2016,162708.7334,10858164.414,10793592.2931
002855.SZ,20210430,8.82,0.7106,1.9976,0.99,21.6179,18.9547,1.5619,0.783,0.7211,0.5676,0.5676,25061.2402,24306.3692,8646.3692,221040.1386,214382.1763
002865.SZ,20210430,18.9,0.4971,1.2905,0.33,183.5151,68.1191,2.3378,2.8958,2.3746,0.4863,0.4863,13153.2947,12772.4597,4919.9597,248597.2698,241399.4883
002012.SZ,20210430,5.86,1.3616,1.7971,0.59,29.5968,25.4246,1.9645,1.7677,1.5222,0.3584,0.3584,46762.547,46653.7641,35346.2932,274028.5254,273391.0576
000785.SZ,20210430,7.09,0.3514,0.5983,0.77,33.9702,26.6923,2.8171,5.1475,4.6549,1.0143,1.0143,652903.6899,25109.3173,14746.5379,4629087.1614,178025.0597
603823.SH,20210430,16.92,0.3727,1.1922,0.43,20.7078,17.7486,2.9014,2.6811,2.4296,1.2975,1.2975,31772.52,31500.0,9848.0456,537591.0384,532980.0
002371.SZ,20210430,165.62,1.3065,2.7988,0.88,153.1381,140.9517,11.9966,13.5773,12.5696,0.0379,0.0379,49646.4791,45935.239,21442.7242,8222449.8685,7607794.2832
601669.SH,20210430,3.82,0.4437,0.7759,1.43,7.317,6.7069,0.6152,0.1457,0.1337,1.0304,1.0304,1529903.5024,1114440.154,637323.1048,5844231.3792,4257161.3883
002225.SZ,20210430,4.31,0.5556,0.6939,0.86,14.5082,14.4023,1.4613,1.0432,1.0288,1.6427,3.0349,101032.0936,81178.073,64996.549,435448.3234,349877.4946
002644.SZ,20210430,7.44,0.5878,1.5319,1.16,33.928,30.9479,2.3521,5.6871,5.3699,0.8065,0.8065,51065.7,51065.7,19594.3324,379928.808,379928.808
002998.SZ,20210430,10.67,5.534,5.534,0.66,25.7641,20.3824,2.4221,2.554,2.4222,,,32639.84,8159.96,8159.96,348267.0928,87066.7732
603227.SH,20210430,4.67,2.6978,4.2821,0.9,31.9809,21.3299,2.2415,1.668,1.4082,0.9733,0.9733,72457.0,65870.0,41499.4096,338374.19,307612.9
603368.SH,20210430,22.64,0.7289,1.0134,0.75,11.5295,11.1725,1.5922,0.5237,0.5061,2.1467,2.1467,36244.1802,35993.3626,25890.0831,820568.2397,814889.7293
002292.SZ,20210430,6.11,1.8168,2.3665,0.91,,,2.562,3.5015,3.2606,0.0,,135715.9525,81413.7824,62501.6502,829224.4698,497438.2105
000736.SZ,20210430,6.46,0.1974,0.6822,1.03,12.9285,19.7948,1.5386,0.3652,0.3666,1.3098,1.3098,69543.3689,69543.3689,20119.7345,449250.1631,449250.1631
002480.SZ,20210430,4.36,0.4265,0.5752,0.62,56.2585,,1.2592,1.4319,2.2322,0.0,,76916.867,64319.5496,47693.2841,335357.5401,280433.2363
603088.SH,20210430,8.75,15.1133,40.1737,3.69,28.5185,27.9394,3.3328,4.5169,4.2498,3.102,3.102,21952.0,21952.0,8258.329,192080.0,192080.0
002995.SZ,20210430,44.95,2.6444,2.6444,0.7,27.7023,26.9559,2.7785,0.8889,0.7828,0.0,,6467.0,1617.0,1617.0,290691.65,72684.15
300776.SZ,20210430,115.05,2.4483,2.5575,0.79,32.62,32.4525,6.4828,11.3518,10.6282,0.2716,0.2716,10580.024,4545.3467,4351.3026,1217231.7612,522942.1378
600293.SH,20210430,2.53,3.5025,6.1848,1.75,,,1.5303,1.1387,1.1001,0.0,,116014.5046,116014.5046,65700.1936,293516.6966,293516.6966
300228.SZ,20210430,6.95,3.6439,3.7402,0.69,55.9962,51.641,2.0675,2.2142,2.1738,0.0,,57540.6349,42008.3442,40926.3442,399907.4126,291957.9922
002791.SZ,20210430,189.38,0.626,0.9403,0.72,74.5149,71.5049,15.1605,9.0386,8.4806,0.0792,0.0792,32154.0,15643.676,10414.1063,6089324.52,2962599.3609
688388.SH,20210430,79.41,1.0821,1.1732,0.7,98.35,67.0748,6.737,15.2505,11.5664,0.5415,0.5415,23087.6,16542.8458,15258.4446,1833386.316,1313667.385
300554.SZ,20210430,14.25,3.5559,4.6055,1.17,66.5943,57.2156,2.5459,5.1627,5.1034,0.1403,,9360.9312,5515.3433,4258.3707,133393.2696,78593.642
605133.SH,20210430,23.2,4.1165,4.1165,0.61,29.0488,26.6065,2.2815,3.7452,3.3636,,,16000.0,4000.0,4000.0,371200.0,92800.0
300091.SZ,20210430,3.67,1.0658,1.3516,0.8,93.1856,81.9867,1.6581,3.8057,3.6269,0.2251,0.2251,148916.4214,98830.1115,77933.3079,546523.2665,362706.5092
300606.SZ,20210430,17.66,1.5015,1.9982,0.7,23.1544,24.6523,3.2602,3.9779,3.9562,0.4499,0.4499,9345.7,5414.7638,4068.62,165045.062,95624.7287
300907.SZ,20210430,28.55,4.5551,4.5551,0.86,45.5618,37.0283,3.6089,3.2839,2.6055,,,9600.0,2276.1989,2276.1989,274080.0,64985.4786
000868.SZ,20210430,3.83,3.2402,5.0916,0.41,28.2043,22.5918,5.5195,0.8616,0.8328,0.0,,73332.9168,69554.5403,44263.408,280865.0713,266393.8893
300702.SZ,20210430,72.35,1.3478,2.471,0.39,20.9681,22.0604,3.7797,5.4058,5.0358,0.6514,0.6514,19332.3629,10553.4944,5756.2992,1398696.4558,763545.3198
600612.SH,20210430,55.23,1.1068,3.6206,2.31,18.2166,15.5099,3.3515,0.5586,0.5308,2.0822,2.0822,52311.7764,31710.963,9693.7837,2889179.4106,1751396.4865
002248.SZ,20210430,5.2,3.4531,4.2186,0.55,,,29.7606,7.6137,6.4847,0.0,,30749.56,29662.0328,24279.4528,159897.712,154242.5706
300376.SZ,20210430,6.26,1.0172,2.7601,0.51,31.9027,30.7326,2.4971,3.4722,3.397,0.4325,0.4325,231340.6476,230848.7326,85077.8055,1448192.454,1445113.0661
600686.SH,20210430,6.56,1.3034,2.6888,0.57,147.4535,18.0843,1.1196,0.337,0.3217,0.3811,0.3811,71704.7417,67457.5721,32699.9765,470383.1056,442521.673
000623.SZ,20210430,15.22,0.5686,0.776,1.02,10.3586,9.9895,0.769,7.8616,7.6714,1.3095,1.3095,116304.1725,116011.2048,85017.1999,1770149.5055,1765690.5371
300045.SZ,20210430,8.5,3.0237,3.4881,0.88,187.4775,261.932,2.97,8.0934,8.3279,0.0,,61421.7087,42853.5318,37148.1873,522084.524,364255.0203
000518.SZ,20210430,4.09,2.5257,4.0401,0.64,154.2725,1132.6021,6.71,8.3318,10.0433,0.0,,102955.6222,102953.5693,64362.7693,421088.4948,421080.0984
600167.SH,20210430,9.09,0.5622,1.8395,3.02,12.3401,13.9656,2.2376,5.7807,5.883,2.3102,2.3102,228811.9475,228811.9475,69934.1733,2079900.6028,2079900.6028
603299.SH,20210430,7.2,1.6625,3.3019,0.84,37.5817,43.9396,1.3612,1.4161,1.3579,1.4191,1.4191,77437.9748,55944.0,28167.6029,557553.4186,402796.8
002108.SZ,20210430,4.57,2.0241,3.1647,1.21,21.5319,16.9594,1.8009,2.3457,2.1305,1.0941,1.0941,141792.4199,141792.4199,90687.9153,647991.3589,647991.3589
300079.SZ,20210430,3.81,0.8043,0.8398,1.01,70.9561,46.5697,1.3841,5.5181,5.2318,0.2625,0.2625,142900.8862,126663.6597,121300.1967,544452.3764,482588.5435
600025.SH,20210430,5.86,0.1556,1.556,0.41,21.8178,19.2144,2.1481,5.4785,5.2774,2.5976,2.5976,1800000.0,1800000.0,180000.0,10548000.0,10548000.0
601116.SH,20210430,9.25,0.3663,0.8545,1.05,41.4052,68.6294,1.5993,1.1781,1.2496,2.1622,2.1622,54767.84,41075.88,17609.195,506602.52,379951.89
605016.SH,20210430,27.47,28.4292,28.4292,2.28,36.4533,35.4828,3.1246,6.9716,6.4497,,,12680.0,3180.0,3180.0,348319.6,87354.6
600148.SH,20210430,13.16,0.7291,1.6053,0.76,32.5498,29.7759,3.7523,1.6109,1.4452,0.8708,0.8708,14151.645,14151.645,6427.33,186235.6482,186235.6482
002352.SZ,20210430,64.35,0.4293,1.2668,0.57,40.0224,53.9997,5.3484,1.9041,1.7981,0.4055,0.5116,455644.0455,449031.3073,152174.8388,29320694.3279,28895164.6248
688312.SH,20210430,23.88,2.217,2.217,0.92,33.4984,30.5379,2.7716,9.7792,8.9989,0.8375,0.8375,14347.8696,3266.0815,3266.0815,342627.126,77994.0262
300577.SZ,20210430,22.85,1.493,2.1771,1.0,70.3975,60.1102,3.5814,2.8232,2.9535,0.4635,0.4635,24016.5209,10632.2732,7291.6323,548777.5026,242947.4426
000912.SZ,20210430,3.83,0.5593,1.0938,1.02,15.7684,15.1398,1.0975,1.069,1.1164,0.0,,156800.0,156800.0,80179.9659,600544.0,600544.0
600094.SH,20210430,3.62,0.6579,1.0189,1.23,19.9938,16.6711,0.6715,0.6039,0.6387,0.8287,0.8287,247532.5057,227660.4962,146995.1059,896067.6706,824130.9962
002778.SZ,20210430,24.1,1.1623,2.0293,0.58,28.8294,22.3697,4.24,2.1893,2.0273,0.166,0.166,8910.95,8910.95,5103.75,214753.895,214753.895
300894.SZ,20210430,55.31,5.1408,5.1408,0.64,81.3979,68.222,16.1231,13.8779,12.1859,,,40500.0,3802.8401,3802.8401,2240055.0,210335.0859
000011.SZ,20210430,11.7,2.6011,7.3221,1.7,8.7318,8.0989,1.8857,1.6989,1.6868,3.0769,6.5812,59597.9092,52647.5543,18702.6342,697295.5376,615976.3853
002918.SZ,20210430,34.42,1.0289,1.6846,0.64,24.8833,24.5584,4.0467,2.8977,2.6218,1.0083,1.0083,40947.23,21389.2551,13064.1426,1409403.6566,736218.1605
002592.SZ,20210430,4.22,5.3279,9.0744,0.95,,,1.3895,1.9768,1.9004,0.0,,28333.1157,26127.703,15340.5517,119565.7483,110258.9067
002396.SZ,20210430,18.78,2.8272,3.8463,3.31,25.3929,20.8753,2.5875,1.0631,0.983,0.5857,0.5857,58328.0278,58328.0278,42872.8328,1095400.3621,1095400.3621
300304.SZ,20210430,4.96,2.8892,5.0334,1.27,21.7378,20.117,1.9573,5.1164,4.5686,0.6048,0.6048,86603.6018,84386.9734,48438.2093,429553.8649,418559.3881
300935.SZ,20210430,69.2,5.4321,5.4321,0.97,70.5419,71.0383,4.0173,26.0243,25.03,,,5650.5,1413.0,1413.0,391014.6,97779.6
300877.SZ,20210430,37.79,6.0333,6.0333,1.38,16.4206,15.1714,2.8603,4.1547,4.0468,,1.8523,12000.0,3000.0,3000.0,453480.0,113370.0
600822.SH,20210430,9.76,0.6013,1.5118,1.1,42.2642,37.9538,6.0732,0.6162,0.5845,0.0,,49597.2914,39614.7908,15757.1946,484069.5641,386640.3582
000637.SZ,20210430,3.79,0.5703,0.7211,0.71,135.412,33.9506,2.1391,0.4928,0.4608,2.6385,2.6385,51987.5356,36649.4967,28983.6966,197032.7599,138901.5925
688513.SH,20210430,43.4,1.6781,1.6781,0.83,29.2538,27.3218,2.4367,5.6533,5.3911,,,12009.0,2587.74,2587.74,521190.6,112307.916
688556.SH,20210430,18.4,1.434,1.434,0.73,50.5924,51.0598,2.9202,3.9915,3.7045,,,16185.14,3843.9755,3843.9755,297806.576,70729.1492
603277.SH,20210430,19.76,0.5616,3.3042,0.61,26.0933,23.2581,3.4511,5.0193,4.5908,1.1134,1.1134,41005.5,40817.25,6937.2466,810268.68,806548.86
001965.SZ,20210430,7.76,0.2736,0.3436,0.88,21.5707,11.4882,0.9601,6.7822,5.8914,3.6082,3.6082,617822.8658,193280.2778,153910.1991,4794305.4386,1499854.9557
000829.SZ,20210430,6.92,5.3397,9.7282,1.46,38.1188,55.97,2.8617,0.1187,0.1085,0.4367,0.4367,102510.0438,102388.9206,56200.1069,709369.5031,708531.3306
002726.SZ,20210430,11.79,1.8303,4.1573,1.17,13.0161,12.0639,3.5715,0.4892,0.4845,0.4149,1.9584,100001.9378,98905.2432,43544.6848,1179022.8467,1166092.8173
600143.SH,20210430,22.78,3.6432,5.2032,1.05,12.7792,11.2521,3.7593,1.6721,1.5195,0.439,0.439,257362.2343,257362.2343,180200.0391,5862711.6974,5862711.6974
600569.SH,20210430,3.15,3.7414,9.3863,0.65,39.6123,11.5488,0.8896,0.2837,0.2466,1.5873,1.5873,287242.1386,239368.4489,95411.29,904812.7366,754010.614
002585.SZ,20210430,14.69,4.8967,6.469,0.91,23.5736,18.6826,2.0014,3.356,3.1658,0.2042,0.2042,115627.8085,87979.5329,66595.441,1698572.5069,1292419.3383
600809.SH,20210430,410.25,0.5316,1.6813,0.64,116.1148,88.5772,29.8832,25.5575,20.8092,0.2194,0.2194,87152.8266,86584.8266,27374.9794,35754447.1127,35521425.1127
002700.SZ,20210430,3.96,0.3813,0.7099,0.41,,,1.9616,3.9921,3.6323,0.8838,0.8838,42242.688,31593.8255,16967.6255,167281.0445,125111.549
300945.SZ,20210430,18.99,11.8485,11.8485,1.18,60.8641,48.0124,5.3046,4.7907,3.7599,,,20400.0,4836.6804,4836.6804,387396.0,91848.5608
002110.SZ,20210430,8.19,1.9521,4.1402,1.04,7.8559,6.7468,0.9444,0.4128,0.3824,3.0525,3.0525,245157.6238,220358.3557,103898.767,2007840.9389,1804734.9332
002831.SZ,20210430,31.22,0.2358,0.3509,0.49,26.1208,25.5664,3.3513,2.4819,2.3177,0.8329,0.8329,93720.3288,52658.1392,35393.4357,2925948.6651,1643987.1058
300739.SZ,20210430,13.35,0.8099,3.3935,0.63,28.0278,31.6811,2.6349,2.887,2.7466,1.636,1.636,27922.0,27188.4375,6488.4375,372758.7,362965.6406
600894.SH,20210430,7.53,0.4968,1.1435,0.69,9.0881,9.2098,0.7954,0.956,0.906,1.992,1.992,85994.6895,85994.6895,37358.4966,647540.0119,647540.0119
002623.SZ,20210430,29.51,1.1098,2.1664,0.91,34.277,27.6971,1.9716,2.619,2.2631,0.0,,16000.0,15957.3625,8174.4425,472160.0,470901.7674
688036.SH,20210430,174.37,0.6685,1.4435,0.62,51.9262,44.5244,12.1858,3.6912,3.2142,0.39,0.39,80000.0,38917.4724,18022.2957,13949600.0,6786039.6624
300939.SZ,20210430,57.0,5.3884,5.3884,0.59,54.7124,55.2842,4.0883,5.5335,5.1352,,,8000.0,2000.0,2000.0,456000.0,114000.0
603236.SH,20210430,180.52,2.6934,2.6934,0.71,106.7974,93.6212,6.743,3.3061,2.9119,0.2209,0.2209,11182.3714,7101.6,7101.6,2018641.6851,1281980.832
000576.SZ,20210430,10.94,1.1472,2.0256,0.63,7.1444,6.7883,2.7602,9.4115,9.103,0.0,,44286.1324,42798.4418,24239.6918,484490.2885,468214.9533
600891.SH,20210430,0.38,3.8188,4.7404,1.41,,,,1.6279,1.7711,0.0,,61758.5803,38424.2051,30954.6708,23468.2605,14601.1979
000786.SZ,20210430,46.16,0.908,1.8016,1.21,27.2697,23.2896,4.5483,4.6414,4.1273,0.1776,0.1776,168950.7842,168950.7842,85149.6628,7798768.1987,7798768.1987
600467.SH,20210430,2.57,1.0171,1.7022,0.7,60.3188,59.9528,1.1451,3.0523,3.0438,0.5447,0.5447,146099.4304,146099.4304,87296.9114,375475.5361,375475.5361
603336.SH,20210430,9.41,1.2297,2.5816,0.76,43.4026,43.1559,3.0369,3.2937,3.2274,0.7807,0.7807,33743.2575,33743.2575,16073.1789,317524.0531,317524.0531
300962.SZ,20210430,26.52,25.3768,25.3768,0.86,113.772,85.5681,8.5012,27.3529,24.7961,,,26400.1897,6259.7111,6259.7111,700133.0308,166007.5384
001979.SZ,20210430,11.62,0.1444,0.3937,1.55,7.514,7.4347,1.1361,0.7103,0.7055,6.976,6.976,792324.2592,792166.4929,290494.182,9206807.8919,9204974.6475
603626.SH,20210430,8.83,1.2033,2.2025,0.93,,,2.0121,1.2502,1.0735,0.0,,49088.546,48529.356,26512.7599,433451.8612,428514.2135
002635.SZ,20210430,14.29,1.8194,2.4005,1.32,21.3938,29.9021,1.6759,3.4498,3.3291,0.0,,70138.5638,36239.923,27466.1551,1002280.0767,517868.4997
002463.SZ,20210430,14.48,0.8773,1.3265,0.73,18.5946,18.5002,3.8063,3.347,3.2746,1.3815,1.3815,172438.1768,170574.1057,112817.5454,2496904.8001,2469913.0505
603959.SH,20210430,11.71,0.8469,1.5091,1.2,242.8044,86.034,8.8012,4.0887,3.844,0.0,,49029.8992,49029.8992,27516.3832,574140.1196,574140.1196
300624.SZ,20210430,40.86,1.5488,2.2199,1.22,42.3964,43.5412,5.9695,5.4375,5.142,0.5358,0.5358,12994.704,9986.4121,6967.5557,530963.6054,408044.7984
000839.SZ,20210430,2.0,0.2964,0.4663,0.7,,,1.3434,3.3234,3.4427,0.0,,391982.6352,391982.6352,249133.8007,783965.2704,783965.2704
300274.SZ,20210430,89.9,5.5112,6.5167,1.17,67.0206,60.04,12.052,6.7915,6.3014,0.0779,0.0779,145693.935,108631.9901,91870.17,13097884.7565,9766015.91
600152.SH,20210430,7.1,3.6492,5.0855,0.55,59.4672,43.0602,2.0489,1.6747,1.4783,0.0,,41160.3032,40855.2032,29316.288,292238.1527,290071.9427
300049.SZ,20210430,8.78,4.0105,4.7845,0.99,37.3085,36.1392,1.709,2.8601,2.9623,0.0,,26305.31,23044.4284,19316.4629,230960.6218,202330.0814
600540.SH,20210430,5.58,8.3835,14.4976,1.17,299.0766,207.1186,3.8514,2.3481,1.811,0.0,,47092.3313,47092.3313,27232.0354,262775.2087,262775.2087
300741.SZ,20210430,42.07,0.8168,0.8168,0.38,21.9539,21.8647,3.6952,12.3708,12.2428,4.7064,3.8032,61588.0,11587.715,11587.715,2591007.16,487495.1701
002686.SZ,20210430,5.38,0.5293,0.8232,1.0,121.3452,71.6289,1.9765,2.0526,1.7666,0.0,,56623.9133,39150.2239,25175.2227,304636.6536,210628.2046
000729.SZ,20210430,7.39,1.0473,2.2893,0.8,105.7988,62.315,1.5858,1.906,1.7803,0.2977,0.2977,281853.9341,250955.8118,114805.8527,2082900.573,1854563.4492
000538.SZ,20210430,107.55,3.3385,4.3475,2.06,24.9063,27.4927,3.5221,4.1959,3.8889,2.7894,2.7894,127740.3317,60216.6957,46240.5068,13738472.6743,6476305.6225
002134.SZ,20210430,8.13,0.6636,1.2161,1.76,307.4393,285.8431,5.0036,4.3651,3.9715,0.0,,24584.9768,24584.9768,13415.0814,199875.8614,199875.8614
300727.SZ,20210430,21.78,2.2965,6.4369,1.18,51.0054,40.9381,4.5769,3.8838,3.2572,0.7346,0.5739,12688.0,11262.8816,4018.33,276344.64,245305.5612
000993.SZ,20210430,6.94,3.3883,8.5372,0.81,,,1.6784,8.6032,8.5468,0.0,,45795.1455,43974.7572,17453.0,317818.3098,305184.815
600315.SH,20210430,59.0,0.9331,1.9194,0.32,92.9801,83.3016,5.9591,5.688,5.3458,0.4195,0.4195,67796.9461,67124.8461,32632.146,4000019.8199,3960365.9199
000810.SZ,20210430,8.14,0.5895,1.4397,0.47,22.559,18.7746,2.0506,1.0174,0.9598,1.2289,1.2289,106336.3952,102620.6056,42016.0886,865578.2569,835331.7296
000066.SZ,20210430,11.81,0.8419,1.4526,0.56,37.3945,33.0178,3.8872,2.4018,2.1102,0.7342,0.7342,293792.6015,293757.7505,170256.0343,3469690.6237,3469279.0334
300930.SZ,20210430,24.52,10.4218,10.4218,0.9,38.4981,32.4018,3.7677,7.2258,6.0077,,,10000.0,2371.1575,2371.1575,245200.0,58140.7819
605060.SH,20210430,17.2,2.5537,2.5537,0.6,24.6756,24.331,2.2536,6.1605,5.866,,,24000.0,6000.0,6000.0,412800.0,103200.0
300903.SZ,20210430,29.51,11.1505,11.1505,1.34,48.4195,47.6545,4.3794,3.1743,2.8757,,,17233.7694,4088.6645,4088.6645,508568.535,120656.4894
002042.SZ,20210430,5.85,0.8578,1.6169,0.8,,,1.5382,0.6245,0.5636,2.2628,2.2628,151937.5555,151814.5368,80545.7606,888834.6997,888115.0403
002650.SZ,20210430,6.05,0.7042,1.2204,1.09,39.5425,41.1128,2.6917,3.3627,3.3344,0.5785,0.5785,115200.0,115196.235,66476.5497,696960.0,696937.2218
300289.SZ,20210430,6.71,4.3933,6.7803,1.5,,,2.2283,5.9919,5.3166,0.1479,0.1479,42105.1985,41761.406,27059.286,282525.8819,280219.0343
600566.SH,20210430,19.28,0.289,0.7908,0.48,13.4086,13.6771,2.1139,2.7779,2.8197,5.853,,88825.7887,88825.7887,32466.2069,1712561.2061,1712561.2061
601886.SH,20210430,6.71,2.3947,7.0329,2.77,8.1654,6.8158,0.821,0.429,0.4112,4.3894,4.3894,115405.0,115405.0,39295.9334,774367.55,774367.55
600529.SH,20210430,40.96,2.0362,2.602,0.69,43.1754,41.6793,5.5187,7.111,6.784,0.7324,0.7324,59496.7747,59496.7747,46558.6767,2436987.8917,2436987.8917
300729.SZ,20210430,34.67,1.353,3.7154,0.73,22.1817,20.4874,4.7003,2.4814,2.0352,0.5409,0.5409,13889.608,13242.2325,4822.1564,481552.7094,459108.2008
601388.SH,20210430,3.7,3.9,6.7275,0.75,17.6416,13.2352,2.3531,1.4477,1.2861,0.4296,0.4296,220172.6086,201082.4949,116569.0049,814638.6518,744005.2311
600449.SH,20210430,13.14,0.885,1.6876,0.8,6.5121,6.3882,0.9942,1.2297,1.1842,3.8813,3.8813,47818.1042,47818.1042,25076.7748,628329.8892,628329.8892
600608.SH,20210430,4.46,0.725,0.8943,0.58,640.0175,1541.4683,23.5275,1.6469,1.8259,0.0,,32886.1441,31837.1441,25809.9759,146672.2027,141993.6627
300081.SZ,20210430,9.06,1.1287,1.1866,0.78,,,2.4252,14.5134,14.3691,0.0,,52915.7876,37736.4146,35895.8937,479417.0357,341891.9163
000966.SZ,20210430,8.65,12.4257,25.056,0.93,62.2627,50.7283,2.3276,3.8542,3.5043,0.804,0.804,254966.0478,110828.408,54961.8123,2205456.3135,958665.7292
600101.SH,20210430,5.29,0.4009,0.6308,0.52,31.8391,28.7062,0.9073,1.3364,1.317,0.9452,0.9452,42143.267,42143.267,26786.4805,222937.8824,222937.8824
002144.SZ,20210430,8.84,1.5199,1.6376,1.19,24.4338,21.8374,0.8776,3.3846,3.2381,1.1312,1.1312,17676.2528,13970.377,12966.625,156258.0748,123498.1327
300485.SZ,20210430,13.17,5.521,7.7485,1.28,40.9516,36.909,2.2281,5.7973,4.5895,0.4732,0.4732,48166.64,25341.7557,18056.5359,634354.6488,333750.9226
688181.SH,20210430,51.2,1.2933,1.6642,0.62,28.9748,27.4451,2.8452,7.6145,6.8384,0.7031,0.7031,9647.3014,7585.1231,5894.5921,493941.8317,388358.3027
600461.SH,20210430,7.16,1.5153,3.3102,0.7,10.2242,9.3996,1.2645,1.0283,0.9248,3.6313,3.6313,94803.8351,91056.9606,41681.8375,678795.4593,651967.8379
603117.SH,20210430,3.47,0.9714,1.5176,1.33,46.2303,56.7894,0.969,3.0735,3.3195,1.1527,1.1527,63874.1065,63314.4502,40526.9054,221643.1496,219701.1422
600405.SH,20210430,5.51,6.4833,7.3036,0.47,,,3.0754,2.5252,2.4187,0.0,,55714.3948,55327.5448,49113.6833,306986.3153,304854.7718
601956.SH,20210430,7.77,4.7207,4.7207,0.98,36.1436,29.1329,2.3093,0.7624,0.6941,,,51132.0,20700.0,20700.0,397295.64,160839.0
300389.SZ,20210430,8.28,1.4627,2.1291,0.43,,,2.2617,1.6085,1.6349,0.0,,31899.4173,16387.6243,11258.7067,264127.1752,135689.5292
000663.SZ,20210430,5.58,3.1012,4.9893,2.62,51.6362,27.82,3.0733,3.2347,3.1878,0.0,,33668.3929,28020.0791,17416.3877,187869.6324,156352.0414
601113.SH,20210430,4.02,1.3969,2.6739,1.42,,,1.0584,0.47,0.4474,0.0,,114148.1073,90768.224,47418.434,458875.3913,364888.2605
603003.SH,20210430,6.79,0.5918,0.895,0.66,,,0.7472,0.3055,0.3132,0.0,,40244.3494,40244.3494,26608.9786,273259.1324,273259.1324
603848.SH,20210430,12.27,0.1883,1.5533,0.92,18.5145,16.948,2.8891,4.2416,3.9419,2.0375,2.0375,40100.0,40100.0,4860.5,492027.0,492027.0
300290.SZ,20210430,7.16,1.9773,2.6294,1.09,53.2336,43.8486,3.126,5.43,5.1366,0.2151,0.2151,59752.793,55052.7666,41399.8624,427829.9979,394177.8089
603877.SH,20210430,48.78,0.3406,2.074,0.51,32.6242,25.6284,5.6709,2.4774,2.1786,1.4184,1.4184,47672.779,47672.779,7829.659,2325478.1596,2325478.1596
000909.SZ,20210430,7.1,0.3572,0.6535,0.6,74.8667,72.5375,1.7682,2.3958,2.0516,0.0,,45382.86,31235.2464,17074.9523,322218.306,221770.2494
688060.SH,20210430,58.27,7.8807,7.8807,4.59,47.1296,51.8253,3.7849,13.2962,13.5877,,,6000.0,1425.0,1425.0,349620.0,83034.75
000687.SZ,20210430,1.7,0.8815,1.6184,1.09,,,,27.8942,26.223,0.0,,76619.9362,75286.4376,41007.6395,130253.8915,127986.9439
600331.SH,20210430,1.94,1.9016,2.9489,2.01,,,45.9766,1.7284,1.6217,0.0,,203200.0,203200.0,131032.5975,394208.0,394208.0
002675.SZ,20210430,20.65,2.4485,3.3611,5.74,39.6531,40.3261,3.6541,4.8452,4.6071,1.2107,1.2107,80221.4326,68225.6292,49702.6451,1656572.5832,1408859.243
603818.SH,20210430,9.59,0.9169,2.3142,0.58,53.8255,28.0733,2.5182,1.3064,1.2182,0.0,,58287.9546,58039.5546,22994.7246,558981.4846,556599.3286
002485.SZ,20210430,4.59,0.1549,0.5216,0.44,,,1.1479,1.6367,1.6656,0.0,,54400.0,54396.9175,16150.0749,249696.0,249681.8513
600480.SH,20210430,10.0,2.2917,4.2714,1.17,75.7961,26.5061,1.5957,0.5653,0.5006,0.0,,76534.0374,76346.1517,40960.5706,765340.374,763461.517
002577.SZ,20210430,10.62,0.8465,2.1375,0.93,64.5883,55.9582,2.7904,6.6745,5.878,0.0,,28288.0,28286.5,11202.1322,300418.56,300402.63
002281.SZ,20210430,22.23,1.467,2.577,1.18,31.8299,24.8386,2.9667,2.5659,2.2738,0.7412,0.7412,69785.1918,66340.8785,37766.0474,1551324.8137,1474757.7291
002556.SZ,20210430,10.05,1.5637,2.4202,1.52,42.1927,27.7021,2.6479,0.5887,0.5838,0.8829,0.8829,94320.778,82249.5364,53141.9989,947923.8189,826607.8408
300245.SZ,20210430,7.88,0.5672,0.6534,0.34,63.3527,61.8089,1.659,5.0187,4.9325,0.3173,0.3173,31345.7493,30796.0307,26734.5685,247004.5045,242672.7219
002630.SZ,20210430,2.44,9.0866,9.7722,0.46,,,1.187,1.3053,1.5269,0.0,,118080.0,97000.5477,90195.2681,288115.2,236681.3364
002703.SZ,20210430,5.06,1.4922,4.0321,0.81,97.8212,62.6079,2.9315,3.6254,3.3232,0.0,,78964.4637,55306.5952,20468.1959,399560.1863,279851.3717
688350.SH,20210430,22.12,3.6337,3.6337,0.84,25.7549,23.9399,1.9702,2.381,2.2165,,,12215.0,2487.6283,2487.6283,270195.8,55026.338
300876.SZ,20210430,30.21,7.8379,7.8379,2.2,36.2198,31.6848,3.688,7.8441,7.4701,,,9600.0,2400.0,2400.0,290016.0,72504.0
601015.SH,20210430,7.71,10.1803,30.2293,3.21,45.1755,14.5513,2.2172,1.3874,1.0471,1.297,1.9455,162978.9473,162978.9473,54886.5142,1256567.6837,1256567.6837
601666.SH,20210430,6.6,2.2764,5.0696,1.16,11.1719,9.4963,1.0037,0.6921,0.6773,4.4707,4.4707,234867.6469,232770.4469,104520.0795,1550126.4695,1536284.9495
300789.SZ,20210430,43.5,1.7762,2.4144,0.58,30.9803,30.8477,2.6594,7.4352,6.8798,0.8345,0.8345,4598.2759,1695.7759,1247.5,200025.0017,73766.2517
003001.SZ,20210430,36.43,17.0787,17.0787,0.96,35.4532,34.4141,2.7008,3.174,2.8457,,,9838.5312,2429.3828,2429.3828,358417.6916,88502.4154
300740.SZ,20210430,25.96,1.6378,3.4903,0.43,76.0737,63.4626,7.6985,2.8724,2.6578,0.0,,41106.0477,37724.0469,17701.8923,1067112.9983,979316.2575
603822.SH,20210430,20.02,1.4153,2.9688,1.33,39.5162,28.4091,1.8348,1.1939,1.2047,1.2737,,7335.7754,7335.7754,3497.2256,146862.2235,146862.2235
002876.SZ,20210430,52.41,6.4984,7.8439,0.84,78.0087,50.0915,4.916,4.7836,4.2551,0.0571,0.2693,17388.4932,13311.2045,11027.8505,911330.9286,697640.2278
300172.SZ,20210430,6.01,5.4086,5.9941,0.77,17.6794,17.5086,1.8823,3.4022,3.3418,0.8339,0.8339,52071.055,37602.1987,33929.3986,312947.0406,225989.2142
300666.SZ,20210430,40.49,1.924,2.4535,0.93,61.7439,61.3846,8.3254,7.7895,7.2981,0.1444,0.1444,22442.0,13574.0439,10644.3589,908676.58,549613.0375
000514.SZ,20210430,3.4,0.192,0.5215,0.93,21.4828,20.2618,0.8564,4.5974,4.6195,0.8824,0.8824,84377.0965,84377.0965,31062.1866,286882.1281,286882.1281
600282.SH,20210430,4.21,1.1978,2.1015,0.7,9.1047,7.7018,1.0526,0.4878,0.4427,5.1094,5.1094,615467.7711,445651.3938,253999.4489,2591119.3163,1876192.3679
000166.SZ,20210430,4.52,0.1911,0.4342,1.22,14.5735,13.7857,1.25,3.8485,3.7276,1.7699,1.7699,2503994.456,2253550.7316,991959.3842,11318054.9411,10186049.3068
688566.SH,20210430,23.75,1.2947,1.2947,0.75,34.2271,33.7391,2.7811,7.8446,7.7958,1.0105,1.0105,18694.16,4019.2444,4019.2444,443986.3,95457.0545
600741.SH,20210430,26.12,0.3533,0.8476,0.83,15.2406,12.552,1.5304,0.6165,0.57,3.2542,3.2542,315272.3984,315272.3984,131406.0855,8234915.0462,8234915.0462
300558.SZ,20210430,107.0,1.0292,1.8475,1.0,72.9078,70.8885,10.621,23.6375,24.0035,0.1723,0.4621,41316.2913,40165.9879,22376.1287,4420843.1691,4297760.7053
000707.SZ,20210430,2.66,0.6824,0.9113,1.12,,,,0.6917,0.6398,0.0,,46414.5765,46414.4265,34758.1055,123462.7735,123462.3745
300767.SZ,20210430,90.18,1.569,1.7281,0.9,80.8001,77.3217,11.4022,22.3706,20.3926,0.1417,0.1417,14400.0,8258.6807,7498.1805,1298592.0,744767.8255
300758.SZ,20210430,21.21,0.8003,0.8358,0.86,23.2128,21.8234,3.1919,4.0393,3.5678,1.8335,1.8335,19202.4,11990.331,11480.931,407282.904,254314.9205
000528.SZ,20210430,9.58,2.1276,3.2674,0.66,10.6157,8.949,1.1903,0.6144,0.5383,1.5665,1.5665,147524.0876,146671.6579,95508.5116,1413280.7592,1405114.4827
300133.SZ,20210430,6.31,1.8175,2.5796,1.37,27.7522,25.9785,1.909,2.9682,2.5346,0.2195,0.2195,175567.3701,144809.9246,102029.289,1107830.1053,913750.6242
300956.SZ,20210430,26.64,10.5587,10.5587,0.84,35.3268,34.1905,3.2543,2.3255,2.1426,,,13200.0,3129.9187,3129.9187,351648.0,83381.0342
600348.SH,20210430,5.54,1.3564,3.2557,0.74,8.853,8.3816,0.7655,0.4273,0.3977,5.0542,5.0542,240500.0,240500.0,100196.176,1332370.0,1332370.0
002471.SZ,20210430,2.51,2.1422,2.6158,1.94,288.2259,51.382,2.2873,0.5856,0.5732,0.0,,126800.0,126508.8531,103603.5752,318268.0,317537.2213
300193.SZ,20210430,9.59,3.4353,4.8326,1.83,29.9062,25.5161,2.0909,4.7646,4.1114,4.8827,,50690.131,45478.9055,32328.3438,486118.3563,436142.7037
300783.SZ,20210430,54.25,2.0846,5.252,0.57,72.1959,50.7856,9.4932,2.2212,2.164,0.4608,0.4608,40100.0,22697.6,9009.0311,2175425.0,1231344.8
300700.SZ,20210430,14.53,3.1586,3.6224,1.48,796.2602,,2.4709,4.9297,5.2556,0.0,,8240.9756,5940.2531,5179.7581,119741.3755,86311.8775
600873.SH,20210430,6.09,1.9528,2.8194,1.84,19.2239,16.4892,1.9853,1.1073,1.027,4.2062,4.2062,310002.1848,308700.3728,213813.4663,1887913.3054,1879985.2704
002932.SZ,20210430,109.1,19.0368,19.0368,1.01,16.0546,9.3148,5.1713,7.8495,4.6833,0.0884,0.0884,6900.5147,3002.2197,3002.2197,752846.1538,327542.1693
002597.SZ,20210430,32.7,1.4945,2.7399,1.32,25.5268,23.6123,3.6563,5.0028,4.6483,1.6399,,56090.618,55947.9213,30517.594,1834163.2086,1829497.0265
601869.SH,20210430,22.86,0.9577,0.9577,1.28,31.8676,27.271,1.8996,2.1074,1.9447,1.3911,1.3911,75790.5108,10657.351,10657.351,1732571.0769,243627.0439
600555.SH,20210430,1.44,0.7019,1.0101,0.88,,,2.277,150.0919,143.7786,0.0,,130350.0,97350.0,67650.6557,187704.0,140184.0
688007.SH,20210430,24.25,1.3694,2.1637,1.12,96.4388,70.8643,5.112,5.6337,5.0667,0.3085,0.3085,45275.6901,28330.0135,17929.9524,1097935.4849,687002.8274
002416.SZ,20210430,7.73,2.3211,5.0676,1.43,13.676,13.1595,1.7187,0.1496,0.1311,2.5873,2.5873,123928.1806,122270.5335,56002.2424,957964.836,945151.224
000953.SZ,20210430,4.8,0.3599,0.6789,0.59,56.8013,63.3835,10.1907,7.2168,7.6292,0.0,,36612.2195,31992.1505,16956.5848,175738.6536,153562.3224
600810.SH,20210430,11.39,2.7532,5.4278,1.0,28.2579,15.1188,1.8195,1.1751,1.143,1.2078,1.2078,91945.51,57496.4,29164.6669,1047259.3589,654883.996
300073.SZ,20210430,50.6,2.7112,3.501,1.32,59.6343,45.7963,5.7962,7.2105,5.6936,0.0,,45362.0538,43558.5784,33732.3156,2295319.9223,2204064.067
603477.SH,20210430,16.63,1.5478,3.2729,0.61,60.9458,21.487,2.6919,5.4068,3.7384,0.1542,,46791.1629,24000.0,11350.0,778137.039,399120.0
000858.SZ,20210430,285.0,0.4163,0.9478,0.81,55.4382,51.2771,11.6412,19.2993,18.015,0.7719,0.7719,388160.8005,379578.627,166741.4907,110625828.1425,108179908.695
300322.SZ,20210430,10.28,1.3206,1.6855,1.25,159.7373,135.1204,3.5333,2.5937,2.3872,0.3398,0.3398,46574.6427,38281.4111,29993.6738,478787.327,393532.9061
300371.SZ,20210430,11.75,0.5806,0.8957,1.0,15.5269,15.3995,2.5042,4.6357,4.4964,1.6942,3.6428,16775.752,10953.9578,7100.7847,197115.086,128709.0042
603180.SH,20210430,63.54,1.4882,4.5089,1.04,22.4196,19.8676,3.4624,2.4854,2.2959,0.929,0.929,10326.0031,10150.87,3350.3356,656114.237,644986.2798
603001.SH,20210430,7.75,2.4316,5.7595,0.83,111.2219,42.9509,0.8515,1.135,0.9889,6.1589,6.1589,40098.0,40098.0,16929.2283,310759.5,310759.5
603161.SH,20210430,15.49,3.1442,6.0437,0.55,99.0459,61.9339,1.5448,1.2738,1.1661,0.0,,13340.0,13340.0,6940.0,206636.6,206636.6
688323.SH,20210430,27.5,36.8665,36.8665,,84.5624,77.2779,7.9267,14.1363,13.3831,,,18000.0,3663.7767,3663.7767,495000.0,100753.8593
002742.SZ,20210430,5.56,5.2177,5.8991,0.5,32.7073,30.5825,1.5691,0.9421,0.9108,0.7194,0.7194,43200.0,19375.1232,17137.1274,240192.0,107725.685
688365.SH,20210430,16.84,1.6337,1.6337,1.92,72.0812,95.7167,5.9876,13.2416,12.6619,0.8907,0.8907,40100.0,16830.772,16830.772,675284.0,283430.2005
000570.SZ,20210430,5.3,2.1312,3.6449,0.83,56.7451,39.4112,1.2264,1.2956,1.1743,0.0,,56137.4326,41137.4326,24052.909,297528.3928,218028.3928
003021.SZ,20210430,87.9,5.2433,5.2433,0.89,38.4817,38.3738,3.1689,7.8807,7.6362,,,10714.67,2667.0,2667.0,941819.493,234429.3
600259.SH,20210430,33.26,3.3071,6.6205,1.24,197.6343,116.3398,5.7076,0.9855,0.8887,0.0,,30180.2291,30180.2291,15075.9689,1003794.4199,1003794.4199
300647.SZ,20210430,8.49,1.5269,2.1059,0.85,236.7583,226.9537,3.1092,5.9999,5.641,0.0651,0.0651,43061.8755,21904.5836,15881.8778,365595.323,185969.9148
300276.SZ,20210430,3.17,1.2796,1.9531,1.1,,,1.9453,3.8845,4.1499,1.7527,1.7527,143117.0562,89393.9294,58567.8524,453681.0682,283378.7562
000950.SZ,20210430,5.45,1.5797,5.0902,1.03,10.744,10.8007,1.0558,0.2101,0.1826,0.9094,0.9094,174336.7337,172818.4696,53632.9155,950135.1987,941860.6593
688333.SH,20210430,126.0,1.8084,2.0399,1.54,116.2599,189.2172,8.794,24.456,22.9477,0.0742,0.0742,8000.0,4438.5751,3934.8926,1008000.0,559260.4626
688003.SH,20210430,28.18,10.701,10.701,4.99,50.8063,61.4425,3.6166,5.6587,5.5221,0.7097,0.7097,19360.0,7136.6,7136.6,545564.8,201109.388
605199.SH,20210430,26.71,15.8634,15.8634,0.62,87.9563,83.3563,11.3669,9.1993,8.8215,0.0,,40010.8752,4010.0,4010.0,1068690.4766,107107.1
300114.SZ,20210430,12.86,0.7114,1.5194,0.92,28.941,28.2344,3.9116,4.3168,4.1006,0.3852,0.3852,59076.0499,59076.0499,27659.9649,759718.0017,759718.0017
002023.SZ,20210430,10.28,0.9059,1.0636,0.73,245.3895,87.8321,2.3244,8.0692,7.8852,0.2918,0.2918,75679.1003,68365.8067,58227.7022,777981.1511,702800.4929
603998.SH,20210430,6.17,2.8281,5.3356,0.97,41.5337,39.1842,2.2545,2.072,1.9608,1.9549,1.9549,42942.972,42942.972,22761.5945,264958.1372,264958.1372
601865.SH,20210430,28.44,6.2242,6.2242,1.63,37.4744,27.1106,5.6511,9.7498,8.5799,0.2027,0.2027,214619.3254,44802.8107,44802.8107,6103773.6144,1274191.9363
603558.SH,20210430,8.73,0.6368,1.1549,1.02,,,1.5883,2.2969,2.2377,3.866,,41635.6349,41635.6349,22958.1351,363479.0927,363479.0927
688316.SH,20210430,54.46,3.2503,3.2503,0.81,,,3.2115,6.0306,5.3651,,,4746.2175,1083.5126,1083.5126,258479.0051,59008.0962
300312.SZ,20210430,2.59,18.5483,25.1801,3.0,,,,42.9264,47.9232,0.0,,32004.0,22693.4651,16716.6451,82890.36,58776.0746
603126.SH,20210430,8.88,6.1137,12.7423,0.92,40.2343,30.1326,2.917,2.0875,1.7955,0.7883,0.7883,61050.0,61050.0,29291.4214,542124.0,542124.0
601878.SH,20210430,11.38,0.7542,1.8303,0.81,25.2757,23.7881,2.08,3.8667,3.4236,0.7294,0.7294,361404.4514,361404.4514,148921.9355,4112782.6569,4112782.6569
300717.SZ,20210430,13.18,1.1539,2.7556,1.11,37.2105,38.4337,2.2128,5.1236,5.1191,1.5175,1.5175,10240.0,10147.84,4249.6,134963.2,133748.5312
603196.SH,20210430,6.23,4.8344,17.2952,1.06,,,1.8078,1.8178,1.6982,3.2103,3.2103,24000.0,24000.0,6708.5,149520.0,149520.0
600490.SH,20210430,4.37,4.0723,5.7546,1.7,20.8968,17.332,1.4645,1.1097,0.9943,0.0,,221288.7079,199262.1386,141007.9228,967031.6535,870775.5457
300302.SZ,20210430,8.88,3.0012,3.9068,0.41,114.2946,83.4793,3.0027,12.853,11.2284,0.1126,0.1126,47987.123,34267.9682,26324.4637,426125.6522,304299.5576
002694.SZ,20210430,2.33,0.8647,1.2542,0.72,,,1.9511,0.9739,0.8877,0.0,,59719.68,52997.0011,36541.1244,139146.8544,123483.0126
688057.SH,20210430,30.53,1.2045,1.2045,0.59,21.7909,20.4961,3.0046,8.679,8.2305,,3.2755,27600.0,6377.3849,6377.3849,842628.0,194701.561
600310.SH,20210430,4.18,1.1081,2.2175,1.0,16.8995,30.3035,2.1478,0.231,0.2203,1.1464,1.1464,103642.5602,82777.5,41362.701,433225.9016,346009.95
603587.SH,20210430,19.15,3.0441,3.0441,1.2,14.6303,13.1031,2.5384,3.5937,3.2757,4.3516,4.3516,48120.0,11400.0,11400.0,921498.0,218310.0
300187.SZ,20210430,6.56,0.5888,1.5589,0.72,129.8809,116.2626,2.8905,5.6449,5.5867,3.3232,,64450.0165,63525.0301,23992.449,422792.1082,416724.1975
000933.SZ,20210430,11.1,4.6815,8.0509,1.11,69.1254,27.3748,3.2738,1.3169,1.1283,0.7673,0.7673,223146.1809,190049.85,110510.9853,2476922.608,2109553.335
600396.SH,20210430,2.37,0.5667,1.3514,0.77,42.7095,,1.6208,0.479,0.4788,0.0,,147270.6817,147270.6817,61762.6238,349031.5156,349031.5156
300411.SZ,20210430,6.3,1.6718,1.9027,1.01,85.68,,1.6447,3.4903,3.7943,0.0,,40652.0007,16758.9788,14725.1951,256107.6044,105581.5664
000419.SZ,20210430,4.36,1.4899,2.6774,1.93,13.0856,12.9991,0.7441,1.106,1.0307,0.0,,54358.2655,54328.9983,30231.7499,237002.0376,236874.4326
300470.SZ,20210430,37.41,0.7451,0.9937,0.74,36.9215,33.3956,3.7909,8.426,7.9607,0.4547,0.4547,20818.6352,18374.2773,13777.2508,778825.1428,687381.7138
002654.SZ,20210430,3.51,1.0926,1.8163,0.71,37.8918,23.8024,1.4354,0.7379,0.7245,0.0,,87450.5619,66504.2391,40003.9413,306951.4723,233429.8792
603706.SH,20210430,14.2,1.3363,1.3363,1.03,25.7262,24.2753,1.6838,3.3422,3.0392,2.6773,2.6773,18938.2714,5833.9615,5833.9615,268923.4539,82842.2533
600513.SH,20210430,10.95,10.5233,16.7268,1.47,30.6159,28.853,2.8737,2.2752,2.2117,0.7671,0.7671,28799.037,28545.627,17958.7755,315349.4552,312574.6157
300672.SZ,20210430,64.49,4.2139,8.6847,2.14,164.118,108.6908,9.2178,15.9093,10.6386,0.1552,0.1552,18031.7642,17258.2464,8373.7918,1162868.4733,1112984.3103
603979.SH,20210430,15.76,0.766,1.4448,0.63,25.1715,23.2982,1.9807,2.3799,2.2994,0.5023,0.5023,58340.8432,58340.8432,30930.3851,919451.6888,919451.6888
300603.SZ,20210430,8.7,1.4855,1.8328,0.71,,,2.5009,3.6439,4.6242,1.1496,1.1496,42152.9461,24134.1027,19561.4526,366730.6311,209966.6935
600885.SH,20210430,55.92,1.4842,2.3211,2.3,50.048,45.2341,7.8963,5.3263,4.7547,0.5186,1.1266,74476.1552,74476.1552,47623.0757,4164706.5988,4164706.5988
002702.SZ,20210430,6.48,3.0086,4.9168,1.17,43.8651,50.2028,3.6711,1.9401,1.8397,0.7716,0.7716,48076.0,31252.925,19123.425,311532.48,202518.954
300800.SZ,20210430,27.77,0.9977,1.6109,0.83,17.006,16.3965,2.4052,5.738,5.5263,0.9003,0.9003,16000.0,9628.0,5963.0,444320.0,267369.56
688393.SH,20210430,37.89,4.0183,4.0183,0.52,41.7325,34.8337,2.9593,9.4202,8.1027,,,9334.0,2217.3,2217.3,353665.26,84013.497
603168.SH,20210430,8.14,5.122,9.3752,1.58,,,1.9944,7.3302,5.9209,0.1351,0.1351,32259.2499,32259.2499,17624.3806,262590.2942,262590.2942
002407.SZ,20210430,23.92,10.2819,10.8463,0.98,342.839,118.5171,5.5098,3.9607,3.6034,0.041,0.041,69689.0481,58820.1269,55759.7906,1666962.0306,1406977.4354
002468.SZ,20210430,8.6,0.5778,1.6506,0.89,362.3972,,1.5197,0.6104,0.5661,1.1628,1.1628,153080.2166,149204.5657,52228.3013,1316489.8628,1283159.265
300168.SZ,20210430,14.43,0.6124,0.6833,0.59,,,11.7305,5.6966,4.8311,0.0,,118758.4762,118630.3656,106331.0935,1713684.8116,1711836.1756
688607.SH,20210430,41.97,14.0288,14.0288,0.85,49.2222,38.8565,4.4126,10.9037,9.5788,,,8812.9027,1837.8074,1837.8074,369877.5263,77132.7766
002716.SZ,20210430,2.5,0.4805,0.6357,1.13,24.8573,8.2628,2.9051,4.5855,5.8021,0.0,,221047.9088,198615.4914,150128.1567,552619.772,496538.7285
002287.SZ,20210430,25.6,0.4416,3.5872,0.64,33.4652,29.4889,5.2418,9.1971,8.2293,1.3669,1.3669,53034.5767,52794.0162,6499.8474,1357685.1635,1351526.8147
688383.SH,20210430,82.4,20.8003,20.8003,,78.2695,61.8675,13.7122,11.9487,10.5988,,,10213.36,2319.6636,2319.6636,841580.864,191140.2806
688093.SH,20210430,26.49,1.4451,1.4451,0.88,35.3416,30.2383,4.05,13.8507,13.0676,,,17200.0,4085.0,4085.0,455628.0,108211.65
600508.SH,20210430,9.26,0.8119,2.1611,0.74,10.0116,10.5844,0.6359,0.8743,0.8458,2.581,2.581,72271.8,72271.8,27152.6667,669236.868,669236.868
603078.SH,20210430,26.33,2.7356,4.5911,0.87,68.2075,67.5944,3.525,7.0401,6.6149,0.2751,0.2751,15074.7878,14196.0,8458.663,396919.1628,373780.68
300455.SZ,20210430,9.1,1.5057,2.6815,0.99,42.2422,42.6334,4.1643,5.7539,5.7045,0.5495,0.5495,71776.7936,55584.9851,31212.5976,653168.8218,505823.3644
603598.SH,20210430,10.64,1.8601,4.3962,1.16,28.1914,26.3813,6.1547,0.5145,0.4685,0.0,,27062.3,26786.29,11333.79,287942.872,285006.1256
002797.SZ,20210430,6.53,1.2177,1.7219,0.85,33.7666,46.3673,1.9789,8.7959,9.9191,0.3191,0.3191,420240.0,413240.0,292230.2834,2744167.2,2698457.2
000584.SZ,20210430,7.38,1.7115,2.2802,0.84,984.366,1731.5293,2.3521,3.471,3.0027,0.1638,0.1638,76093.7577,73529.5203,55191.1226,561571.9318,542647.8598
688256.SH,20210430,111.69,4.2264,4.2264,1.42,,,7.1367,97.3731,92.4232,,,40010.0,3299.5464,3299.5464,4468716.9,368526.3374
002476.SZ,20210430,3.71,0.4526,0.5757,0.86,172.236,276.7293,2.7588,5.0759,5.3817,0.0,,61200.0,61194.8625,48110.5419,227052.0,227032.9399
300578.SZ,20210430,25.25,2.1604,3.3421,1.06,36.4741,32.7022,3.3225,5.5716,5.3123,0.4364,0.4364,17387.8395,12971.3159,8384.7639,439042.9474,327525.7265
002495.SZ,20210430,2.35,1.0693,1.3439,1.0,225.5339,91.5589,1.8288,9.036,8.0152,0.0,,93562.56,71393.4903,56808.0834,219872.016,167774.7022
603023.SH,20210430,4.01,0.3516,0.7966,0.77,143.6061,184.5197,2.9773,26.6605,27.7531,2.0119,2.0119,56207.9807,56207.9807,24804.8327,225394.0026,225394.0026
002327.SZ,20210430,9.18,1.008,1.2999,1.06,14.7008,14.2481,2.0892,2.6417,2.5388,5.5518,5.5518,82705.9027,48453.9485,37573.0747,759240.1868,444807.2472
001872.SZ,20210430,14.64,0.381,1.0148,1.45,13.6266,11.495,0.7432,2.2303,2.115,3.1421,3.1421,192236.5124,59382.007,22294.207,2814342.5415,869352.5825
000877.SZ,20210430,14.63,1.9043,2.9521,0.88,10.1189,9.3919,1.4312,1.7651,1.6757,3.486,3.486,104872.2959,88009.4724,56771.3115,1534281.689,1287578.5812
600664.SH,20210430,3.07,2.4018,4.5146,1.71,,,2.1604,0.7134,0.6837,0.0,,250695.5076,250695.5076,133371.8053,769635.2083,769635.2083
002505.SZ,20210430,2.36,0.4095,0.8174,1.19,814.3312,297.432,2.6045,1.1188,1.0681,0.0,,637426.1088,548537.22,274843.5318,1504325.6168,1294547.8392
603085.SH,20210430,7.27,5.7699,10.399,3.43,53.2712,39.7919,2.608,1.8852,1.7511,0.0,,37022.5434,37022.5434,20542.1621,269153.8905,269153.8905
002978.SZ,20210430,48.26,2.599,2.599,0.68,27.6238,22.3252,4.3906,11.8259,10.5347,0.518,0.518,40100.0,9500.0,9500.0,1935226.0,458470.0
688098.SH,20210430,12.56,0.429,0.5754,0.64,39.7318,46.4555,3.6005,15.2364,15.9739,0.6369,0.6369,40970.0,26011.3183,19391.9533,514583.2,326702.1578
600297.SH,20210430,3.03,0.9099,1.842,1.14,16.2131,9.5831,0.6101,0.1551,0.1404,0.0,,811038.7576,811038.7576,400622.5864,2457447.4355,2457447.4355
300432.SZ,20210430,9.24,1.6098,2.9575,1.13,20.6786,19.5936,3.1309,3.7021,3.3589,0.0,,73903.2248,72325.3089,39368.2157,682865.7972,668285.8542
002246.SZ,20210430,6.76,0.501,1.0154,0.54,41.1567,32.203,1.3983,1.5736,1.467,0.8136,0.8136,54903.4794,54903.4794,27090.1831,371147.5207,371147.5207
000952.SZ,20210430,7.49,0.8547,1.0196,0.96,34.8171,25.5481,1.8739,3.7767,3.555,0.7721,0.7721,34699.5039,30944.3612,25939.065,259899.2842,231773.2654
600146.SH,20210430,1.42,4.1392,4.6556,1.22,,,1.5599,5.4003,5.4487,0.0,,46997.0,46997.0,41784.1925,66735.74,66735.74
000715.SZ,20210430,4.79,0.554,1.5762,0.57,20.5256,13.8939,1.2714,2.3195,2.2492,1.6701,1.6701,41571.894,41505.9494,14588.8043,199129.3723,198813.4976
603535.SH,20210430,30.23,0.7516,2.121,0.69,28.1316,27.4351,2.5773,3.9488,3.6508,0.3308,0.3308,15040.0,15040.0,5329.5,454659.2,454659.2
300001.SZ,20210430,25.23,0.9438,1.6737,0.73,145.4428,96.3777,5.2831,3.3917,3.1354,0.076,0.076,99757.0075,94472.3457,53271.3426,2516869.2992,2383537.282
600311.SH,20210430,1.53,1.2268,1.467,0.82,,,4.7901,1.8518,1.4388,0.0,,66560.0,66560.0,55662.3266,101836.8,101836.8
000887.SZ,20210430,10.67,1.5985,2.8406,1.71,26.4465,22.9876,1.4606,1.128,1.0649,1.8597,1.8597,122083.7389,121824.4966,68554.3666,1302633.4941,1299867.3787
603106.SH,20210430,6.9,0.6821,1.5982,0.58,85.1856,113.6929,1.6876,2.9908,3.2092,0.0,,40040.0,40040.0,17088.5,276276.0,276276.0
688568.SH,20210430,51.1,2.8141,2.8141,0.88,76.2405,69.1644,9.0859,16.0019,14.6996,,,22000.0,4955.5294,4955.5294,1124200.0,253227.5523
601101.SH,20210430,4.42,3.1895,8.6922,1.39,110.7402,27.2589,0.6752,1.2158,1.1008,1.5837,1.5837,119999.8272,119999.8272,44032.0319,530399.2362,530399.2362
000795.SZ,20210430,5.09,0.7842,1.5604,1.17,56.5076,50.4781,2.426,2.2184,2.0009,0.0,,113368.4103,113140.7846,56861.5287,577045.2084,575886.5936
603567.SH,20210430,14.85,0.2834,1.9207,0.95,28.9031,27.1181,2.2319,3.7047,3.5939,1.4613,1.4613,84916.0,84916.0,12527.47,1261002.6,1261002.6
603939.SH,20210430,89.85,0.5142,1.2048,0.95,64.6704,60.6858,7.1516,3.7799,3.6197,0.2288,0.2288,55297.2015,53652.1312,22898.6676,4968453.5548,4820643.9883
300441.SZ,20210430,10.61,1.0074,2.0269,0.96,70.7539,43.9421,4.9669,3.5378,3.1415,0.0,,65718.9708,63058.6796,31340.9425,697278.2802,669052.5906
603331.SH,20210430,9.52,0.8221,2.402,0.9,20.9069,17.0774,2.0214,1.7607,1.5585,1.7707,1.7707,17895.3279,17815.7379,6097.7379,170363.5216,169605.8248
002565.SZ,20210430,4.08,1.5092,2.3865,1.47,552.3637,255.5394,2.2182,2.7056,2.4259,0.0,,106015.6922,105539.6598,66739.5336,432544.0242,430601.812
603345.SH,20210430,252.0,2.0682,4.2904,3.33,102.0121,89.3076,13.1396,8.8433,8.1363,0.1819,0.1819,24442.436,24034.036,11585.6591,6159493.872,6056577.072
600375.SH,20210430,6.62,0.3779,0.474,0.65,,,1.5485,0.5723,0.5336,0.0,,55574.0597,55574.0597,44310.5675,367900.2752,367900.2752
601699.SH,20210430,8.95,3.3387,9.0741,1.05,13.8631,9.483,0.9257,1.0308,0.9504,2.6704,2.6704,299140.92,299140.92,110066.4788,2677311.234,2677311.234
002750.SZ,20210430,7.82,0.5151,1.3741,0.53,265.155,168.047,4.9036,12.3291,7.4787,0.0,,40050.0,39809.1201,14922.3495,313191.0,311307.3192
300667.SZ,20210430,21.28,1.6546,2.5558,1.49,83.592,66.2144,3.6771,5.4896,5.4136,0.3003,0.3003,19878.6299,12147.8199,7864.3488,423017.2443,258505.6075
300755.SZ,20210430,37.29,5.3251,5.9003,1.17,41.6499,33.3331,5.1758,3.1453,2.5905,0.4291,0.4291,41679.84,11960.643,10794.623,1554241.2336,446012.3775
600163.SH,20210430,4.4,2.3173,5.1767,1.16,15.2976,12.8227,2.0001,5.9368,5.2648,0.0,,168930.2988,99946.523,44740.334,743293.3147,439764.7012
300318.SZ,20210430,8.16,2.1156,5.3358,0.5,888.3168,635.6841,5.1717,9.0236,8.7903,0.0,,81690.0495,79650.324,31580.805,666590.8039,649946.6438
300610.SZ,20210430,17.73,3.6541,4.3265,1.17,19.4555,15.911,2.6653,2.9674,2.5753,0.8461,0.8461,15067.3,11062.9831,9343.8047,267143.229,196146.6904
603915.SH,20210430,39.18,1.8463,1.8463,0.93,51.5539,45.5808,7.0422,8.477,7.422,0.5005,0.5005,47254.74,12492.74,12492.74,1851440.7132,489465.5532
300510.SZ,20210430,5.65,1.1642,1.8395,0.66,83.2644,64.26,1.7915,5.5393,5.5099,0.0,,82862.3861,82222.6755,52039.6341,468172.4815,464558.1166
600337.SH,20210430,5.37,0.9935,1.8731,1.14,28.5373,13.4892,2.0503,1.9128,1.647,0.0,,162832.722,162832.722,86369.0359,874411.7171,874411.7171
688580.SH,20210430,126.42,4.2034,4.2034,0.53,60.145,54.7014,6.0186,22.836,21.5176,,,6834.6667,1640.3201,1640.3201,864038.5642,207369.267
300849.SZ,20210430,21.8,12.4884,12.4884,1.35,63.2079,73.7414,3.0906,8.3988,8.3792,0.0,,10000.0,2499.8,2499.8,218000.0,54495.64
002633.SZ,20210430,6.64,0.4673,1.0445,0.91,,,2.0626,5.8646,5.4478,0.0,,15000.0,14941.875,6684.375,99600.0,99214.05
600091.SH,20210430,1.8,1.0712,1.6381,4.03,,,0.8931,43.1782,47.1669,0.0,,43741.2524,43741.2524,28604.71,78734.2543,78734.2543
300543.SZ,20210430,15.93,3.224,4.1519,0.58,22.1883,18.4628,3.5064,1.9757,1.6545,0.9239,0.9239,20627.97,15797.6533,12267.0083,328603.5621,251656.6171
002309.SZ,20210430,4.56,1.588,2.0171,1.05,,,0.7015,0.4401,0.4092,0.0,,87178.7068,69827.6564,54971.4527,397534.903,318414.1132
688309.SH,20210430,26.23,1.0273,1.0273,0.91,45.6513,48.2969,2.9303,12.0207,12.0794,,,8001.0733,1900.2565,1900.2565,209868.1527,49843.728
002800.SZ,20210430,18.89,0.5572,1.0753,0.87,48.1483,35.972,2.8557,1.2468,1.1616,0.2912,0.2912,7468.0,7140.625,3700.375,141070.52,134886.4063
600120.SH,20210430,5.58,0.4084,0.7911,1.32,13.7656,13.0176,0.9087,0.8269,0.707,0.768,0.768,222794.0862,222794.0862,115011.5778,1243191.001,1243191.001
603098.SH,20210430,20.61,2.0054,5.9864,0.8,59.7189,58.649,4.1512,3.4565,3.4478,0.6608,0.6608,52871.2071,52871.2071,17711.7587,1089675.5783,1089675.5783
600603.SH,20210430,4.6,0.7521,1.8115,2.33,6.9772,6.8463,0.8348,1.3161,1.2356,10.3795,,125702.6847,124919.8847,51864.4329,578232.3496,574631.4696
000925.SZ,20210430,6.93,0.8492,0.8962,0.96,66.7651,15.6257,1.5181,1.2873,1.2311,0.0,,54366.4381,52451.9055,49704.0755,376759.416,363491.7051
605222.SH,20210430,20.48,1.4509,1.4509,0.6,19.9928,16.6992,2.8108,0.8426,0.7294,,0.6104,40058.0,5000.0,5000.0,820387.84,102400.0
688536.SH,20210430,417.71,2.5478,2.5478,0.75,181.8184,194.4353,12.6867,58.9894,55.1474,,,8000.0,1896.3565,1896.3565,3341680.0,792127.0736
000505.SZ,20210430,7.17,1.0762,1.7315,0.62,28.1976,26.8981,1.8973,0.5962,0.5568,0.0,,72695.0251,45463.8266,28256.5843,521223.33,325975.6367
300722.SZ,20210430,42.25,1.6964,5.5362,0.93,125.0256,108.7314,12.891,25.2605,22.746,0.4552,0.4552,14560.0,13468.0,4126.83,615160.0,569023.0
688981.SH,20210430,54.68,1.4526,1.4526,0.97,99.7093,99.7093,4.4468,15.7247,15.7247,,,789991.7472,109565.3,109565.3,43196748.7369,5991030.604
300584.SZ,20210430,19.4,2.2958,3.1981,1.92,42.151,45.1402,3.3591,3.2961,3.3147,1.2887,1.2887,12000.0,6404.5251,4597.6394,232800.0,124247.7869
003040.SZ,20210430,31.69,53.5082,53.5082,1.46,140.2733,134.7424,10.6438,14.2548,13.1368,,,46113.5972,7839.3115,7839.3115,1461339.8953,248427.7814
002776.SZ,20210430,2.58,4.3823,4.8439,0.94,,,0.6854,1.9193,2.4717,1.4729,1.4729,53798.9106,53798.9106,48671.3852,138801.1893,138801.1893
605128.SH,20210430,32.31,0.9105,0.9105,0.5,31.8187,28.1284,2.5144,3.2644,2.9189,,,8000.0,2000.0,2000.0,258480.0,64620.0
000983.SZ,20210430,5.63,1.8096,3.9684,0.79,11.7894,9.8906,1.1626,0.6832,0.6397,1.3663,1.3663,409656.0,409652.9583,186804.9942,2306363.28,2306346.1552
688338.SH,20210430,52.16,2.64,2.64,0.51,61.5531,50.0369,3.0959,19.1492,17.6599,,,8164.8,1959.552,1959.552,425875.968,102210.2323
002638.SZ,20210430,1.79,3.8814,5.2165,1.1,59.6624,56.9179,0.7516,2.7084,2.4561,0.0,,150615.6686,99617.4723,74120.9353,269602.0468,178315.2754
002081.SZ,20210430,9.25,0.8497,1.6541,1.65,10.4558,9.8801,1.4277,0.7944,0.7614,2.163,2.163,268335.8689,263820.7945,135515.3351,2482106.7873,2440342.3491
300423.SZ,20210430,9.67,1.2036,1.6505,1.17,8.348,8.5441,1.1757,1.1491,1.1759,0.9324,0.9324,49842.419,31086.7405,22668.0319,481976.1917,300608.7806
300359.SZ,20210430,5.51,1.3193,1.9185,0.76,69.8075,63.2282,5.1802,4.9489,4.8433,0.0,,63366.3422,53347.0375,36686.6694,349148.5455,293942.1766
002452.SZ,20210430,5.56,0.8478,1.0356,0.38,13.9207,13.3129,1.992,1.8993,1.8307,1.2493,,53349.491,41907.56,34309.1236,296623.17,233006.0336
688088.SH,20210430,41.99,0.9852,1.4232,0.9,67.7961,66.1452,6.1884,24.9536,25.4958,0.2382,0.2382,40600.0,26402.618,18277.3096,1704794.0,1108645.9298
002853.SZ,20210430,25.04,0.7804,0.8715,0.82,23.7182,20.4749,2.3909,3.1273,2.8142,0.8647,0.8647,18654.2748,15534.15,13910.4187,467103.041,388975.116
002044.SZ,20210430,12.3,1.5652,2.2594,0.99,86.9125,66.0721,6.38,6.1607,5.5906,0.0,,391425.3923,382661.3114,265077.9262,4814532.3253,4706734.1302
000151.SZ,20210430,7.1,1.2502,2.0772,0.83,,,3.2718,2.6913,2.7279,0.2817,0.2817,29598.0,26654.3967,16042.0467,210145.8,189246.2166
300810.SZ,20210430,31.3,1.0862,1.5762,0.55,116.1421,129.261,2.4409,19.682,17.6033,0.3003,0.3003,7870.0,5207.2762,3588.5262,246331.0,162987.7451
688157.SH,20210430,79.85,2.332,2.332,1.5,72.9074,66.2519,5.6654,14.6141,13.6675,,,7960.0,1890.5,1890.5,635606.0,150956.425
002587.SZ,20210430,4.46,3.7637,4.2291,0.52,,,2.147,3.5684,3.4143,1.6768,1.6768,65569.5158,43349.8851,38579.4976,292440.0405,193340.4875
603327.SH,20210430,14.62,1.7574,2.6289,2.12,18.4548,19.3308,4.1174,3.5442,3.3492,1.71,4.1724,40100.0,10247.065,6850.0,586262.0,149812.0903
601311.SH,20210430,11.96,2.9552,5.2552,0.8,18.4754,14.33,1.77,1.3917,1.2014,1.3455,1.3455,112171.0163,112171.0163,63079.02,1341565.3549,1341565.3549
002512.SZ,20210430,3.55,3.0521,4.7228,0.81,202.4308,,3.2515,1.9255,1.6479,0.0,,114709.4532,85483.4684,55242.7979,407218.5589,303466.3128
600966.SH,20210430,17.59,3.3228,6.4944,2.67,28.193,16.1146,3.4096,1.6818,1.5241,0.0966,0.0966,133684.4288,133684.4288,68397.8451,2351509.1026,2351509.1026
600358.SH,20210430,3.97,1.921,2.9111,2.0,138.3006,,12.8759,3.838,3.3588,0.0,,50493.666,50493.666,33319.7,200459.854,200459.854
002893.SZ,20210430,9.67,22.3277,28.3502,1.36,69.4569,35.1965,2.6205,2.0838,2.0523,0.7955,0.7955,20505.732,10319.1119,8126.9839,198290.4284,99785.8121
300648.SZ,20210430,26.01,2.2021,2.8019,0.65,67.4404,48.0548,3.8601,6.6866,6.1737,0.0352,0.0352,14778.3896,7989.2224,6278.9133,384385.9135,207799.6746
002382.SZ,20210430,23.6,6.2436,9.0296,1.19,14.0579,7.4189,1.9875,3.1413,2.4381,0.39,0.39,104747.7186,78806.2987,54491.3644,2472046.159,1859828.6493
002243.SZ,20210430,9.22,0.8073,1.6636,1.02,18.9764,18.9124,1.8962,5.1113,4.8938,0.7304,,121060.4219,54841.0794,26612.7996,1116177.0899,505634.7521
002898.SZ,20210430,9.67,2.4626,4.532,0.67,,,2.8892,14.1023,10.8641,0.282,0.282,17600.0,10098.5061,5487.3491,170192.0,97652.554
002760.SZ,20210430,18.18,0.8537,1.6226,0.48,26.242,23.896,2.4225,2.2711,2.0227,0.0,,8800.0,7610.6922,4004.1834,159984.0,138362.3842
002963.SZ,20210430,15.33,0.9987,0.9987,1.16,53.9178,48.2369,1.3788,3.8538,3.3264,0.9785,0.9785,15035.993,6899.453,6899.453,230501.7727,105768.6145
300059.SZ,20210430,32.24,2.4225,2.7136,0.68,58.1167,47.7542,7.914,85.3822,69.3578,0.0726,0.0726,861313.6491,713220.5237,636714.7153,27768752.047,22994229.6841
600616.SH,20210430,7.16,4.2536,7.2909,0.61,391.3568,281.8388,2.4449,7.8799,7.7248,0.3223,0.3223,66900.495,66900.495,39030.1735,479007.5442,479007.5442
300831.SZ,20210430,12.12,2.755,2.755,1.14,132.7181,113.8601,5.1088,31.9119,31.7943,0.2888,0.2888,32000.0,8000.0,8000.0,387840.0,96960.0
688126.SH,20210430,24.6,1.4095,2.5485,0.97,700.7443,406.9026,6.3679,33.6858,31.6614,,,248026.0,108746.6154,60146.6154,6101439.6,2675166.7388
000661.SZ,20210430,497.6,0.6154,0.811,0.69,66.1031,59.607,17.0612,23.4812,21.8973,0.1005,0.1005,40472.029,37992.2784,28829.013,20138881.6304,18904957.7318
000889.SZ,20210430,6.0,0.6937,1.2484,0.41,278.5709,96.3704,2.3823,2.1831,2.1034,0.0,,93629.1116,86984.9676,48333.8789,561774.6696,521909.8056
688679.SH,20210430,12.77,11.5005,11.5005,3.0,18.5982,19.3923,1.5842,1.9703,1.8939,,,13168.9675,2995.3955,2995.3955,168167.715,38251.2005
603177.SH,20210430,13.32,0.8269,2.3921,1.03,,,6.7635,6.3454,5.668,0.0,,20200.0,20200.0,6983.0,269064.0,269064.0
002967.SZ,20210430,36.18,1.2031,1.2031,0.75,81.3309,68.7936,11.66,10.4008,9.6913,0.2073,,52907.2,18948.0945,18948.0945,1914182.496,685542.059
600017.SH,20210430,2.73,0.2873,0.5736,0.82,13.1282,12.7091,0.6627,1.456,1.4222,0.9158,0.9158,307565.3888,307565.3888,154068.5515,839653.5114,839653.5114
300570.SZ,20210430,14.83,0.5276,0.845,0.72,45.1073,40.1541,2.8507,5.946,5.4302,3.0344,3.0344,22999.68,19185.1516,11977.7656,341085.2544,284515.7982
601038.SH,20210430,11.87,5.4887,17.7916,0.8,47.6089,28.383,2.4607,1.7829,1.5462,0.0,,112364.5275,59391.0,18321.9422,1333766.9414,704971.17
600313.SH,20210430,4.47,1.1305,1.8847,0.83,178.5389,128.1111,3.2959,1.3208,1.1289,0.0,,108219.8663,101939.7107,61142.8987,483742.8024,455670.5068
688608.SH,20210430,276.96,4.6668,4.6668,1.11,167.5241,118.7684,5.9579,31.3194,27.1889,,,12000.0,2298.0456,2298.0456,3323520.0,636466.7094
601519.SH,20210430,7.89,0.6323,1.4997,0.98,216.376,144.7826,10.3629,22.1585,20.4985,0.0,,198770.0,198770.0,83808.2941,1568295.3,1568295.3
002094.SZ,20210430,3.58,8.2425,11.1906,3.02,,,1.0053,0.6181,0.5941,0.0,,69089.7549,69045.3549,50855.5227,247341.3225,247182.3705
603067.SH,20210430,7.3,1.9619,3.8832,1.9,24.3128,23.0424,1.8986,2.8496,2.0982,1.1837,1.1837,49903.6166,43120.0,21785.302,364296.4012,314776.0
601677.SH,20210430,19.2,2.6069,3.3007,1.69,12.2167,10.2745,1.5079,0.8003,0.7189,0.4715,0.4715,68085.575,66002.525,52129.0416,1307243.04,1267248.48
300379.SZ,20210430,35.9,3.6809,3.7607,1.43,41.6935,32.8358,4.9217,15.911,13.3277,0.2761,0.2761,28380.0208,26657.7121,26092.2305,1018842.7467,957011.8644
000836.SZ,20210430,2.21,0.6766,0.8368,0.94,226.3456,,2.218,2.5384,2.5121,0.0,,120845.5224,120831.5049,97705.521,267068.6045,267037.6258
000793.SZ,20210430,2.24,5.166,5.5702,0.97,,,1.6152,1.5066,1.7755,0.0,,199724.5457,196100.8615,181870.8371,447382.9824,439265.9298
300444.SZ,20210430,4.82,2.8826,3.3421,0.63,108.5011,85.4314,2.3759,2.8389,2.7597,0.0,,72525.5525,37745.1115,32556.3125,349573.1631,181931.4374
000709.SZ,20210430,2.55,0.5666,1.496,0.81,15.948,13.886,0.5413,0.2515,0.2312,0.0,,1061860.7852,1061689.2601,402068.5877,2707745.0023,2707307.6133
002391.SZ,20210430,6.96,0.4424,0.4966,0.71,23.5731,22.8579,1.0415,1.5277,1.4647,2.8736,2.8736,66031.6481,46236.2311,41185.5567,459580.2708,321804.1685
003028.SZ,20210430,50.0,8.6621,8.6621,0.64,31.5559,26.2353,5.025,5.512,4.7464,,,10960.0,2740.0,2740.0,548000.0,137000.0
600356.SH,20210430,7.63,0.6274,0.8955,1.1,17.3011,14.8225,1.0002,1.2464,1.1714,1.1796,1.1796,29873.1378,29873.1378,20930.8295,227932.0414,227932.0414
002349.SZ,20210430,4.79,1.0469,2.4003,1.29,36.0661,35.1995,1.8492,3.1241,3.0528,0.0,,83572.4374,82050.1132,35785.5086,400311.9751,393020.0422
300206.SZ,20210430,17.94,1.3336,1.7517,0.55,15.978,14.987,6.342,4.501,4.228,0.9588,3.3556,58172.1846,33695.0365,25652.2438,1043608.9917,604488.9548
002470.SZ,20210430,1.53,1.1612,1.9983,1.2,,,0.796,0.5374,0.5228,0.0,,328602.7742,289640.166,168310.2131,502762.2445,443149.454
600498.SH,20210430,17.85,1.1208,1.9895,1.98,197.4544,62.6045,1.9741,0.9584,0.9101,1.9712,1.9712,113154.3047,113154.3047,63744.5306,2019804.3389,2019804.3389
300656.SZ,20210430,26.45,1.5835,3.3566,0.73,55.8185,50.8629,5.2558,7.1437,6.5258,0.3437,0.3437,10890.0,7360.1077,3472.105,288040.5,194674.8487
300477.SZ,20210430,5.34,4.0933,4.5036,1.2,,,3.4436,3.4222,2.654,0.2997,0.2997,83282.1698,60300.4008,54807.3759,444726.7867,322004.1403
300893.SZ,20210430,32.69,5.5969,5.5969,0.94,36.3089,32.1436,4.4385,6.0997,5.3629,,,10000.0,2500.0,2500.0,326900.0,81725.0
300853.SZ,20210430,62.45,5.6189,5.6189,1.28,31.4439,30.3343,4.3548,8.3356,7.745,0.4804,0.4804,8162.8,2040.7,2040.7,509766.86,127441.715
688301.SH,20210430,248.79,3.3174,3.3174,0.77,81.2121,68.2057,6.8518,23.0195,20.689,,,7254.7826,1633.5925,1633.5925,1804917.3631,406421.4781
603886.SH,20210430,18.85,1.0913,3.1507,0.74,15.0783,13.6163,3.0196,1.9642,1.8905,6.366,6.366,24000.0,24000.0,8312.5995,452400.0,452400.0
605099.SH,20210430,40.7,4.791,4.791,0.66,39.8412,36.9801,8.5125,8.8482,8.0824,,,40225.2,4009.0,4009.0,1637165.64,163166.3
000019.SZ,20210430,6.89,0.9435,1.4506,1.0,19.6031,17.3319,1.6784,0.6682,0.6243,2.9028,2.9028,115253.5254,41618.4832,27068.4852,794096.79,286751.3492
605177.SH,20210430,37.23,14.159,14.159,0.59,36.9433,32.0893,2.4111,4.7969,4.5651,,,11360.0,2840.0,2840.0,422932.8,105733.2
002315.SZ,20210430,20.6,3.2935,4.1133,1.27,36.2983,29.5184,2.9431,5.5706,5.1343,2.8006,2.4272,30550.0,18025.8939,14433.0149,629330.0,371333.4143
600763.SH,20210430,313.2,0.6254,0.9441,0.6,203.8556,148.6432,43.3881,48.0991,39.7542,0.0,,32064.0,32064.0,21240.8,10042444.8,10042444.8
603000.SH,20210430,16.65,1.0901,2.5091,1.19,57.8359,57.2145,5.4872,8.7648,8.6472,0.7868,0.7868,110569.1056,110569.1056,48036.5035,1840975.6082,1840975.6082
603801.SH,20210430,47.96,1.4746,2.9672,1.3,27.0862,21.8268,4.6519,2.789,2.5524,1.3733,1.3733,22333.336,21781.036,10824.436,1071106.7946,1044618.4866
300095.SZ,20210430,9.41,1.5704,2.3061,0.63,21.682,18.7521,2.4405,2.7104,2.4155,0.2084,0.2084,37871.0854,27035.9223,18411.5094,356366.9136,254408.0288
603060.SH,20210430,23.15,0.8627,2.7214,0.81,43.1567,39.2808,7.2236,6.7779,6.0397,0.6263,0.6263,43120.0,43120.0,13669.3059,998228.0,998228.0
600422.SH,20210430,9.33,2.3954,3.9484,2.06,15.4852,12.6348,1.5227,0.9167,0.8794,2.1341,2.1341,75825.5769,75825.5769,46000.8867,707452.6325,707452.6325
603320.SH,20210430,11.42,1.6018,4.8109,1.65,35.5404,32.6587,2.1389,2.0376,1.7619,0.8352,0.8352,13000.7315,13000.7315,4328.7215,148468.3537,148468.3537
002451.SZ,20210430,6.03,0.8964,1.6614,1.47,354.9472,136.0452,3.7432,5.8299,4.7344,0.0,,43920.0,43884.9126,23677.9467,264837.6,264626.023
300471.SZ,20210430,10.19,2.9932,5.5471,0.59,,,3.5265,7.7691,6.174,0.1178,0.1178,36472.0,33718.7725,18194.7175,371649.68,343594.2918
000677.SZ,20210430,2.82,3.6216,5.433,6.31,372.532,144.1445,8.1679,3.5816,3.3942,0.0,,86397.7948,86397.7948,57592.7701,243641.7813,243641.7813
002483.SZ,20210430,5.24,1.2902,2.5643,0.88,19.2788,14.6231,1.221,1.366,1.2422,0.9542,0.9542,94228.8735,84895.2764,42715.2042,493759.2971,444851.2483
300516.SZ,20210430,25.5,2.6271,9.0598,1.49,67.3625,57.4417,4.0055,6.3508,5.9721,0.2745,0.2745,18000.0,18000.0,5219.6103,459000.0,459000.0
002267.SZ,20210430,6.57,0.2252,0.6333,1.05,20.4911,18.1631,1.1194,0.8915,0.9941,3.0441,3.0441,111207.5445,111207.5445,39554.4989,730633.5674,730633.5674
000698.SZ,20210430,6.84,3.8244,6.9496,0.68,15.6843,6.838,1.2764,0.5856,0.5052,0.0,,81951.4395,78567.9599,43236.4776,560547.8462,537404.8457
300184.SZ,20210430,3.76,2.1339,2.3034,0.77,,,1.4789,0.4276,0.4226,0.0,,117815.8222,100768.9984,93353.9745,442987.4915,378891.434
603138.SH,20210430,10.24,1.0732,2.694,0.86,76.1054,74.054,5.0462,6.6479,6.4676,0.3193,0.3193,25755.0,25266.4524,10065.677,263731.2,258728.4726
600732.SH,20210430,11.53,1.242,1.242,0.57,29.1497,28.4237,4.3129,2.4296,2.1663,0.0,,203632.9187,65282.4037,65282.4037,2347887.5526,752706.1147
002599.SZ,20210430,4.07,1.2044,1.4749,0.75,,,1.6254,1.0863,0.9644,0.0,,54452.7832,40035.6174,32693.4006,221622.8276,162944.9628
600705.SH,20210430,3.88,0.374,0.7086,1.81,10.5707,10.92,1.0282,3.351,3.3507,2.6791,2.6791,891997.4627,888704.3152,469051.8136,3460950.1553,3448172.743
002423.SZ,20210430,8.53,0.3897,1.1962,1.01,18.6553,18.4924,1.1371,12.5056,5.6442,0.3283,0.3283,230410.5575,50298.6577,16387.143,1965402.0555,429047.5502
600855.SH,20210430,14.32,3.6034,5.6745,0.76,43.85,45.7405,3.7046,2.3276,2.2445,0.2051,0.2051,44911.3701,34325.7637,21797.054,643130.8198,491544.9362
600379.SH,20210430,7.27,2.387,4.468,0.64,51.9962,48.7761,4.1709,2.6611,2.5548,1.0454,1.0454,33020.1564,33020.1564,17640.3554,240056.537,240056.537
600838.SH,20210430,6.74,1.06,1.4506,2.25,50.6139,43.3492,2.0178,28.9456,26.6313,1.1128,1.1128,40088.1981,40088.1981,29292.1188,270194.4552,270194.4552
300300.SZ,20210430,5.14,14.1193,20.5529,3.71,,,3.7809,9.7596,8.5451,0.0,,67139.691,67117.0521,46107.6534,345098.0117,344981.6478
002305.SZ,20210430,2.03,0.8042,1.5349,0.69,172.5242,53.0926,0.9069,0.8747,0.8548,0.0,,173421.577,173275.9738,90788.5373,352045.8013,351750.2268
300769.SZ,20210430,144.1,4.5811,5.0566,1.47,,818.6807,5.9586,13.7082,9.9762,,,8962.4698,4281.3295,3878.7538,1291491.8982,616939.581
002833.SZ,20210430,53.95,2.7028,3.4176,1.79,33.1332,28.032,6.3214,6.9124,6.1429,0.6951,0.6951,21644.288,12300.404,9727.669,1167709.3376,663606.7958
600320.SH,20210430,3.11,0.6103,1.1244,1.69,38.8039,30.1974,1.162,0.7232,0.7283,1.6077,1.6077,526835.3501,332199.7661,180323.2242,1638457.9388,1033141.2726
603116.SH,20210430,6.02,0.3938,0.9019,0.73,44.1266,42.4063,1.0092,1.3382,1.2927,2.8892,2.8892,57620.08,57620.08,25158.6792,346872.8816,346872.8816
300023.SZ,20210430,6.27,1.7143,4.188,1.08,,1104.4545,4.076,60.714,60.8314,0.0,,31610.6775,25820.4188,10569.2313,198198.9479,161894.0259
000060.SZ,20210430,4.63,2.5401,3.8772,1.36,16.6102,14.9007,1.3836,0.5468,0.4966,1.555,1.555,356992.0299,356883.0449,233802.2601,1652873.0984,1652368.4979
300873.SZ,20210430,46.2,3.335,3.335,0.49,31.6292,27.9179,3.3718,5.7361,5.2154,,,13333.3334,3333.3334,3333.3334,616000.0031,154000.0031
300641.SZ,20210430,6.08,2.7209,7.327,0.98,69.231,42.9272,2.1363,2.259,2.0564,0.3266,0.3266,48960.0,48960.0,18181.42,297676.8,297676.8
300232.SZ,20210430,8.08,0.8824,1.0317,0.62,75.0569,70.1495,1.9689,1.7817,1.6279,0.1659,0.1659,109408.9477,72898.6782,62345.9411,884024.2974,589021.3199
002367.SZ,20210430,9.53,1.0255,1.2881,1.05,15.6618,14.1264,2.4707,1.776,1.6388,5.6792,1.5508,79765.2687,52447.4108,41754.6281,760163.0107,499823.8249
300913.SZ,20210430,23.85,8.8199,8.8199,0.81,40.0276,37.3106,3.6495,2.516,2.2884,,,12250.0,2904.7545,2904.7545,292162.5,69278.3948
603858.SH,20210430,22.84,0.9244,1.9276,1.18,14.0114,13.2861,1.8465,1.6289,1.5596,6.8466,6.8466,114158.061,114158.061,54747.2595,2607370.1132,2607370.1132
002124.SZ,20210430,14.17,1.4403,1.5527,0.75,5.7366,6.2803,2.1075,1.7294,1.5153,0.0,,131370.9019,102668.5501,95234.8469,1861525.6799,1454813.3549
000582.SZ,20210430,8.91,0.3197,0.96,0.38,13.5361,13.7545,1.377,2.7152,2.655,1.9755,1.9755,163418.9554,126681.8515,42190.3126,1456062.8926,1128735.2969
002422.SZ,20210430,21.73,1.159,1.4464,0.77,37.6938,31.8055,2.3019,1.8988,1.8306,1.9277,1.9277,143869.0477,109535.5544,87775.3506,3126274.4065,2380207.5971
300505.SZ,20210430,14.1,1.5222,1.794,0.38,44.4257,91.6752,1.9464,1.7552,1.7353,0.8729,,13068.3958,8108.2326,6879.6576,184264.3808,114326.0797
002053.SZ,20210430,7.21,1.4433,4.7984,1.18,23.6945,26.7177,1.289,2.7567,2.7345,1.1096,1.1096,76097.8566,55832.9336,16793.9263,548665.5461,402555.4513
300440.SZ,20210430,7.44,0.5829,1.2797,0.69,22.9011,22.8312,2.451,4.8024,4.7407,0.7618,0.7618,44790.0,44246.1215,20154.8243,333237.6,329191.144
000632.SZ,20210430,3.5,0.5699,0.8258,0.76,34.5599,33.8207,1.1552,0.1931,0.1803,0.0,,46551.957,46548.1606,32125.6447,162931.8495,162918.5621
000504.SZ,20210430,14.17,0.6202,0.9863,0.5,541.4157,412.1661,160.3961,25.1474,23.2137,0.0,,31157.3901,31067.3201,19537.1546,441500.2177,440223.9258
002001.SZ,20210430,39.11,0.6628,1.3076,0.94,23.5802,22.1181,4.1051,8.1475,7.3467,1.2784,1.2784,214866.23,212084.0795,107505.3742,8403418.2553,8294608.3492
300905.SZ,20210430,62.7,9.6747,9.6747,0.97,43.2448,38.5789,3.5213,6.725,6.1308,,,7200.0,1800.0,1800.0,451440.0,112860.0
605366.SH,20210430,11.3,1.9221,1.9221,0.9,30.5827,31.7794,2.1971,4.1804,4.0627,,,33200.0,8300.0,8300.0,375160.0,93790.0
688558.SH,20210430,36.72,3.3716,3.3716,0.6,40.3117,34.1623,3.8105,6.5891,5.5691,,,13200.0,3135.0,3135.0,484704.0,115117.2
300122.SZ,20210430,225.45,2.0747,2.7702,1.04,109.2652,96.8859,39.2648,23.7466,21.8852,0.2218,0.2218,160000.0,90036.9025,67433.9025,36072000.0,20298819.6686
002419.SZ,20210430,6.92,0.7574,2.2652,0.72,32.7751,22.4312,1.2837,0.7039,0.6824,6.0694,9.09,120030.0,119998.6999,40124.879,830607.6,830391.0033
300031.SZ,20210430,16.57,1.2281,1.3199,0.92,15.0527,14.9073,2.1388,2.4923,2.4075,1.7573,1.7573,39677.0316,32452.6638,30196.115,657448.4136,537740.6392
600893.SH,20210430,37.89,3.7719,7.6578,2.5,88.1331,92.3068,2.7947,3.5274,3.492,0.3208,0.3208,266559.4238,210813.9305,103838.2894,10099936.5678,7987739.8266
688029.SH,20210430,223.07,1.6849,1.8399,0.88,114.0672,106.1414,11.0184,22.4246,20.1907,0.4483,0.4483,13334.0,4284.9554,3923.9406,2974415.38,955845.0011
300885.SZ,20210430,37.6,12.254,12.254,0.51,48.0311,39.2032,4.1109,13.9033,11.7951,,,8000.0,2000.0,2000.0,300800.0,75200.0
688199.SH,20210430,37.53,2.4197,2.4197,2.04,30.527,27.4484,1.6006,4.1272,3.8463,2.6645,2.6645,11122.68,7848.9368,7848.9368,417434.1804,294570.5981
603087.SH,20210430,134.7,3.3027,3.3027,1.16,61.46,58.2884,8.2863,22.4991,21.9846,0.2651,0.2651,56154.0,5628.0,5628.0,7563943.8,758091.6
600579.SH,20210430,4.52,1.1572,2.5253,1.64,,,0.6533,0.3381,0.3496,0.0,,73423.7993,40952.1624,18766.2869,331875.5728,185103.774
603559.SH,20210430,11.44,1.4198,1.5712,1.04,,,1.9096,2.4951,2.5068,0.0,,14331.3207,14331.3207,12949.7407,163950.3088,163950.3088
002658.SZ,20210430,8.89,15.663,21.9476,2.14,37.2035,27.7379,2.3487,4.6129,4.2338,1.1272,1.1272,62929.9542,33199.7052,23693.2052,559447.2928,295145.3792
600823.SH,20210430,4.19,0.2317,0.8628,1.26,10.1392,10.0023,0.5973,0.7241,0.6959,6.2053,6.2053,375116.8261,375116.8261,100719.3266,1571739.5014,1571739.5014
603867.SH,20210430,23.01,1.9775,1.9775,0.62,15.773,13.4054,2.092,1.3968,1.227,1.0795,1.0795,14090.0,8470.3624,8470.3624,324210.9,194903.0388
688658.SH,20210430,22.8,3.6312,3.6312,0.81,23.2055,21.5521,2.8101,2.3646,2.2898,,,45000.0,8293.4614,8293.4614,1026000.0,189090.9199
601279.SH,20210430,8.51,5.3045,5.3045,8.82,76.9652,61.5162,3.6337,2.5333,2.452,,,149425.3157,14942.5316,14942.5316,1271609.4366,127160.9439
600908.SH,20210430,5.86,1.2751,1.5596,1.47,8.3175,8.1902,0.8821,2.8001,2.7728,3.0496,3.0496,186165.5868,173695.9943,142006.3576,1090930.3386,1017858.5266
300180.SZ,20210430,5.4,0.9978,1.239,1.13,,,1.841,2.9542,2.542,0.3583,0.3583,176106.0155,133558.4851,107556.05,950972.4837,721215.8195
601000.SH,20210430,2.66,0.5394,1.1475,0.96,8.5547,8.2956,0.8332,2.0113,2.0795,3.3835,3.3835,592592.8614,592592.8614,278564.6439,1576297.0113,1576297.0113
002262.SZ,20210430,15.86,0.7312,1.3308,0.98,21.9279,21.064,3.7235,4.7546,4.5301,0.6377,0.6377,100766.2892,87841.6725,48263.874,1598153.3467,1393168.9259
600138.SH,20210430,12.02,2.772,3.6028,0.78,,,1.3897,1.2167,1.1841,0.3328,0.3328,72384.0,72384.0,55693.55,870055.68,870055.68
300324.SZ,20210430,3.1,2.7897,2.978,1.26,,,1.3608,1.9421,1.8343,1.4519,1.4519,175270.0295,111294.1447,104255.5381,543337.0915,345011.8486
603843.SH,20210430,3.72,1.5856,3.545,1.7,18.8816,16.2822,1.3772,0.4259,0.3892,0.5376,0.5376,56000.42,56000.42,25048.5665,208321.5624,208321.5624
300850.SZ,20210430,140.3,2.9158,2.9158,0.9,35.0155,31.6108,9.3683,7.2039,5.9941,0.0,,10600.0,2650.0,2650.0,1487180.0,371795.0
300082.SZ,20210430,9.05,1.3995,2.9831,1.29,15.2831,13.9154,1.8439,1.0782,0.9681,3.946,3.946,68009.82,67756.3901,31786.5328,615488.871,613195.3304
002708.SZ,20210430,6.08,1.2047,2.3632,1.79,58.8478,42.2218,1.9041,2.0662,1.9161,0.0,,48741.1076,39548.056,20161.6951,296345.9342,240452.1805
600733.SH,20210430,13.81,9.8693,9.8693,0.65,,,4.7931,9.1508,10.8765,0.0,,349365.9337,182465.2719,182465.2719,4824743.5444,2519845.4049
600119.SH,20210430,7.32,0.3814,0.5925,0.62,,,7.7292,5.3533,4.0533,0.0,,36527.037,30740.0,19785.1609,267377.9108,225016.8
688002.SH,20210430,91.85,1.0019,1.0444,0.93,69.964,65.9294,13.4028,26.1766,23.8844,0.0501,0.0501,44500.0,22981.787,22046.7221,4087325.0,2110877.136
000860.SZ,20210430,49.65,1.0697,1.7117,1.21,87.6856,83.6577,4.5385,2.3743,2.3803,0.3021,0.3021,74176.6989,74176.6989,46355.7321,3682873.1004,3682873.1004
300257.SZ,20210430,13.76,0.1958,0.5166,0.93,53.4073,47.8681,2.8334,4.5241,4.2072,0.0,,99363.5018,81771.5633,31000.3435,1367241.7848,1125176.711
600517.SH,20210430,6.03,1.5983,2.6027,0.83,29.3213,29.6122,1.9724,6.8359,6.4924,0.0,,571843.5744,189963.9925,116657.3593,3448216.7536,1145482.8748
000572.SZ,20210430,3.81,1.7975,2.7445,1.45,,,1.7793,4.5568,4.1886,0.0,,164463.6426,164215.5224,107553.2273,626606.4783,625661.1403
300493.SZ,20210430,6.45,2.1386,3.5084,1.12,69.703,62.387,4.1017,2.2631,2.0991,0.304,0.304,48656.8962,47706.8962,29080.8212,313836.9805,307709.4805
002127.SZ,20210430,8.08,1.7661,2.0555,0.41,16.6966,16.6195,3.8512,4.7545,4.5991,1.5241,1.5241,245487.0403,196739.1327,169040.5446,1983535.2856,1589652.1922
603333.SH,20210430,6.35,0.9427,2.293,0.63,199.7848,98.0652,2.2202,1.6265,1.5113,0.9449,0.9449,51990.5,51676.5682,21245.3182,330139.675,328146.2081
600071.SH,20210430,13.56,0.6352,1.0565,0.5,266.6499,156.8364,7.4316,3.0001,2.6954,0.0,,28157.3889,23747.2456,14277.0761,381814.1935,322012.6503
601599.SH,20210430,3.19,0.7162,0.8803,0.98,,,5.2385,1.6824,1.6711,0.0,,89272.4964,89272.4964,72630.1838,284779.2635,284779.2635
603043.SH,20210430,39.25,0.7491,2.3188,1.02,34.2038,31.7794,6.132,4.8234,4.6135,0.7643,0.7643,40399.6184,40399.6184,13050.7224,1585685.0222,1585685.0222
603188.SH,20210430,5.82,0.1789,0.2656,0.9,,,1.4886,5.1366,5.7297,0.0,,57600.0,57600.0,38798.8,335232.0,335232.0
300032.SZ,20210430,5.45,0.53,0.6631,0.52,,,3.493,2.5125,2.2774,0.0,,80316.9608,80316.9608,64191.7895,437727.4364,437727.4364
603978.SH,20210430,17.87,0.6834,1.5071,2.26,101.6522,100.7165,1.8671,2.8995,2.5936,0.3497,0.3497,16000.0742,16000.0742,7255.7102,285921.326,285921.326
002272.SZ,20210430,5.11,3.7197,4.3026,0.83,33.7907,25.1888,1.5631,1.7258,1.5237,0.0,,42999.8,32748.4063,28312.2525,219728.978,167344.3562
601668.SH,20210430,4.94,0.5476,1.3081,1.43,4.6107,4.2827,0.7137,0.1283,0.118,3.7464,3.7464,4194816.7844,4064458.2844,1701388.6847,20722394.9149,20078423.9249
002297.SZ,20210430,6.87,1.7796,2.5379,0.85,143.9326,96.9029,2.3231,9.3821,8.217,0.0,,47131.5045,47131.5045,33049.6977,323793.4359,323793.4359
601163.SH,20210430,15.14,0.5292,1.7142,0.84,11.4275,11.0765,1.0957,1.419,1.3463,2.3118,2.3118,80000.0,80000.0,24698.5553,1211200.0,1211200.0
000417.SZ,20210430,4.94,1.1438,1.8462,0.63,28.1096,20.8281,0.9285,0.6087,0.5939,1.6194,1.6194,77988.42,77902.7451,48263.6984,385262.7948,384839.5608
003032.SZ,20210430,20.01,6.0146,6.0146,1.01,123.7625,108.9468,7.0033,12.5902,12.7715,,,40244.75,4024.475,4024.475,805297.4475,80529.7448
600020.SH,20210430,3.41,0.3834,0.971,0.88,31.6153,7.4068,0.7349,1.5095,1.3156,1.7009,1.7009,224737.1832,224737.1832,88735.3659,766353.7947,766353.7947
300782.SZ,20210430,427.22,2.1277,2.1589,2.57,132.8345,100.8271,23.9644,51.0374,40.4348,0.0702,0.2002,33356.0779,19110.4562,18833.6388,14250383.6004,8164369.0978
000636.SZ,20210430,28.26,1.5137,1.8928,0.88,70.5287,60.2006,4.1142,5.8401,5.2625,0.0,,89523.3111,89523.3111,71593.076,2529928.7717,2529928.7717
000826.SZ,20210430,5.73,0.3305,0.6147,0.76,,,0.6849,0.962,0.9937,0.0,,143057.8784,142625.4868,76673.7611,819721.6432,817244.0394
688288.SH,20210430,37.36,1.9909,3.4694,1.0,42.3071,37.9855,3.9823,8.1901,7.1184,0.803,0.803,10000.0,5132.6306,2945.336,373600.0,191755.0792
300569.SZ,20210430,13.45,1.4823,1.9438,0.57,12.5676,11.6661,2.2646,1.569,1.5727,2.4217,2.4217,39953.2663,25793.2314,19668.9049,537371.4317,346918.9623
603385.SH,20210430,10.45,0.2983,0.726,0.42,12.9106,12.4465,1.1032,1.2333,1.1565,2.1409,2.3254,37976.2298,36939.6444,15179.0,396851.6014,386019.284
002812.SZ,20210430,134.55,0.9081,1.2668,1.0,107.1187,84.7853,10.478,27.9014,23.0994,0.0842,0.2104,88816.0636,61041.2669,43756.7416,11950201.3574,8213102.4614
000017.SZ,20210430,2.72,0.776,0.9817,0.91,396.1257,359.9601,140.2384,12.7244,11.2262,0.0,,55134.7947,30298.1008,23947.2261,149966.6416,82410.8342
600965.SH,20210430,5.24,0.1857,0.493,0.69,35.5254,31.6207,2.0681,3.9491,3.7347,2.8626,2.8626,81870.0955,81870.0955,30841.3996,428999.3004,428999.3004
688559.SH,20210430,19.9,5.9593,5.9593,2.22,51.4541,47.9078,2.9251,3.0138,2.9517,,,20000.0,4750.0,4750.0,398000.0,94525.0
600780.SH,20210430,3.84,0.8227,1.9487,0.83,14.6797,13.0232,0.7632,0.6342,0.6,2.0833,2.0833,114650.2523,114650.2523,48405.771,440256.9688,440256.9688
601166.SH,20210430,21.74,0.6291,0.9252,1.56,6.7786,6.4988,0.8145,2.2233,2.1657,3.5051,3.5051,2077419.0751,1961525.0551,1333890.0768,45163090.6927,42643554.6979
600629.SH,20210430,7.22,0.1349,0.4605,0.83,22.1708,18.3323,1.2773,0.4475,0.4232,1.663,1.663,53383.4556,52359.3266,15334.6681,385428.5494,378034.3381
600343.SH,20210430,9.12,1.0728,1.9084,1.27,210.7882,169.3535,2.7174,4.66,4.6265,0.0,,63820.6348,63820.6348,35876.5744,582044.1894,582044.1894
002294.SZ,20210430,36.59,0.453,1.4112,1.14,628.8299,581.3825,6.7544,13.9758,14.5061,1.348,1.348,104601.6,104570.1597,33565.5465,3827372.544,3826222.1434
000014.SZ,20210430,7.65,1.0301,1.5611,0.4,352.7518,,1.7439,4.451,5.76,0.1438,0.1438,20170.5187,20170.5187,13309.1796,154304.4681,154304.4681
002055.SZ,20210430,10.12,6.1068,8.693,1.28,40.6647,40.4002,2.4416,0.6589,0.6209,0.0,,47348.558,42728.1042,30016.6358,479167.407,432408.4145
603586.SH,20210430,13.14,0.3301,0.7838,0.54,16.4059,23.3937,1.2428,2.0796,2.1409,4.4399,4.4399,20364.87,20211.37,8512.8183,267594.3918,265577.4018
002054.SZ,20210430,9.33,1.8048,2.5289,0.37,38.6468,36.0107,1.8895,2.7662,2.5458,0.4474,0.7503,48211.5452,31051.2759,22160.3855,449813.7167,289708.4041
600136.SH,20210430,7.09,1.03,1.9609,0.9,,,2.1808,5.9239,5.7833,0.0,,58461.8623,48688.2186,25573.6817,414494.6037,345199.4699
002987.SZ,20210430,45.04,2.7846,2.7846,0.71,26.211,23.7836,3.9659,3.1564,2.8081,,,16066.2382,4016.9,4016.9,723623.3685,180921.176
603602.SH,20210430,10.07,0.6951,1.0834,0.73,123.5899,81.7532,2.8938,2.64,2.3669,0.3055,0.3055,20384.8023,20384.8023,13079.5492,205274.9592,205274.9592
002832.SZ,20210430,21.42,1.5974,2.2364,1.13,23.9007,21.5023,4.426,5.9136,5.4482,1.3452,1.3452,53492.782,35363.812,25258.9738,1145815.3904,757492.853
600630.SH,20210430,5.07,0.9061,1.2959,1.28,,,1.4016,0.662,0.6664,0.0,,42486.1597,42486.1597,29705.04,215404.8297,215404.8297
600807.SH,20210430,3.21,0.386,0.5159,0.55,,,6.7424,2.607,2.4491,0.0,,88463.4731,78701.8464,58882.6006,283967.7487,252632.9269
601328.SH,20210430,4.81,0.4343,0.6538,1.93,4.5635,4.5348,0.4722,1.4509,1.4314,6.5489,6.5489,7426272.6645,3925086.4015,2607243.9569,35720371.5162,18879665.5912
600559.SH,20210430,22.44,4.9571,7.1477,0.66,64.411,66.4502,5.7198,5.5965,5.5996,0.6684,0.6684,89728.7444,89728.7444,62228.6097,2013513.0243,2013513.0243
300420.SZ,20210430,5.19,1.5625,1.7736,1.28,30.0299,28.6061,1.7082,2.7317,2.6856,0.0,,85875.6586,64265.6873,56616.5799,445694.6681,333538.9171
600466.SH,20210430,3.89,1.534,3.6795,2.06,3.575,3.525,0.7057,0.2748,0.2653,7.3779,7.3779,303493.0435,303493.0435,126528.8194,1180587.9392,1180587.9392
300639.SZ,20210430,39.89,1.7993,2.9291,0.75,25.8901,18.2367,3.6379,6.932,5.1753,0.4525,0.4525,23538.1848,23120.5731,14202.8417,938938.1917,922279.661
688100.SH,20210430,21.21,0.3594,0.6242,1.16,38.5198,35.8616,4.4039,7.3209,6.9524,0.8251,0.8251,50000.0,16445.2867,9468.762,1060500.0,348804.5309
600596.SH,20210430,12.41,2.6807,3.4149,0.74,17.3683,11.8917,1.4974,0.8115,0.7416,1.388,1.388,81843.2386,69986.5633,54938.3697,1015674.591,868533.2506
300961.SZ,20210430,27.17,12.3721,12.3721,0.73,52.1145,48.2295,4.7265,8.5168,8.2017,,,17728.0,4203.415,4203.415,481669.76,114206.7856
600519.SH,20210430,2006.78,0.3057,0.6981,0.9,53.9841,53.0071,14.3827,26.5596,25.7812,0.8484,0.8484,125619.78,125619.78,55009.3757,252091262.1084,252091262.1084
300296.SZ,20210430,7.17,1.4094,1.5463,0.54,,,2.4988,2.7485,2.6393,0.8288,0.8288,254290.1478,198870.2066,181270.0566,1823260.3597,1425899.3813
601567.SH,20210430,7.7,2.7733,6.2048,1.64,11.1666,11.6006,1.2352,1.5053,1.5,2.7273,2.7273,138656.9053,138656.9053,61972.767,1067658.1708,1067658.1708
605336.SH,20210430,29.29,3.6566,3.6566,1.17,21.2295,19.3277,2.3796,5.776,5.0886,,,14080.0,3520.0,3520.0,412403.2,103100.8
002445.SZ,20210430,2.18,1.2858,2.0137,2.72,39.9029,10.6882,2.7593,13.54,12.5442,0.0,,240258.0631,231582.1478,147875.1528,523762.5776,504849.0822
002397.SZ,20210430,3.99,1.5416,2.3719,0.71,67.3517,62.0527,1.645,1.3628,1.2818,4.989,4.989,75826.1443,47824.016,31083.1911,302546.3158,190817.8238
300083.SZ,20210430,11.84,1.4053,1.6426,0.71,,,6.8081,5.2001,4.3974,0.0,,152638.0379,130808.7889,111907.3031,1807234.3687,1548776.0606
600560.SH,20210430,8.34,0.5511,0.9767,1.01,49.0117,41.4151,2.2745,2.6804,2.5798,0.4556,0.4556,22364.55,22364.55,12617.8376,186520.347,186520.347
000903.SZ,20210430,3.45,1.1282,1.6836,1.09,30.0539,26.476,1.1653,0.6793,0.6334,0.8525,0.8525,197080.0857,197080.0857,132065.8464,679926.2957,679926.2957
002547.SZ,20210430,3.38,1.0174,1.2008,1.0,,,2.3856,0.7399,0.8536,0.0,,112805.7168,77210.1881,65414.1881,381283.3228,260970.4358
601965.SH,20210430,16.65,0.4425,1.2939,0.64,29.5092,26.8096,3.1893,4.8212,4.3755,1.4997,1.4997,98969.9487,96457.3267,32985.9099,1647849.6459,1606014.4896
600306.SH,20210430,8.23,0.5844,1.0359,1.2,,,,7.6388,15.6371,0.0,,17813.8918,17747.2546,10011.9273,146608.3295,146059.9054
000995.SZ,20210430,17.98,6.3034,10.4178,0.56,95.264,89.6086,24.6363,31.3683,30.3216,0.0,,17740.8,17740.8,10734.2009,318979.584,318979.584
002357.SZ,20210430,4.87,0.8398,1.6257,1.45,19.6652,16.3736,1.1824,2.4275,2.2691,0.0,,31348.9036,31345.5286,16191.8049,152669.1605,152652.7243
603701.SH,20210430,8.11,0.4534,0.91,0.52,33.5555,30.7541,2.9033,3.5521,3.1691,1.897,1.897,26269.2612,26136.1901,13022.6159,213043.7083,211964.5017
300864.SZ,20210430,89.9,5.6218,5.6218,0.55,32.707,32.6171,3.9557,8.9248,8.6039,,,4800.0,1200.0,1200.0,431520.0,107880.0
600403.SH,20210430,3.52,0.0102,0.0755,0.01,,,1.3078,1.4334,1.3999,0.2756,0.2756,239081.2402,239081.2402,32332.7991,841565.9655,841565.9655
601966.SH,20210430,55.57,0.4889,1.218,0.71,34.3745,32.5694,4.4853,4.1521,3.8573,0.6709,0.6709,137351.2412,135649.0012,54449.5321,7632608.4735,7538014.9967
603444.SH,20210430,458.0,1.4464,2.4752,0.59,31.4543,30.2116,7.8748,12.0024,10.5486,1.0917,1.0917,7186.4552,7186.4552,4199.5052,3291396.4816,3291396.4816
300280.SZ,20210430,44.18,2.185,2.7904,0.74,23.7554,16.3499,3.4788,5.0575,4.2187,0.1132,0.1132,16206.5744,15442.4169,12092.4169,716006.457,682245.9786
300330.SZ,20210430,8.73,0.8957,1.2043,0.85,254.017,194.907,3.8863,4.6068,3.8329,0.0,,17115.79,16795.4579,12492.3875,149420.8467,146624.3475
000035.SZ,20210430,4.17,0.2526,0.3185,1.02,16.1024,15.7565,0.9073,0.4813,0.4655,0.0,,252377.7297,245334.5376,194558.5792,1052415.1328,1023045.0218
600197.SH,20210430,26.78,6.5202,11.2488,0.93,36.7736,27.0383,3.5168,6.9772,5.733,1.5134,1.5134,46950.3329,46950.3329,27213.9852,1257329.9151,1257329.9151
000755.SZ,20210430,3.37,0.724,1.1024,1.27,,14.1712,1.3133,2.4902,1.9773,0.0,,46926.4621,46926.4621,30816.7402,158142.1773,158142.1773
002996.SZ,20210430,19.77,20.7521,20.7521,0.78,44.3192,36.0073,4.4592,1.7825,1.5061,,,43900.0,5300.0,5300.0,867903.0,104781.0
600012.SH,20210430,7.46,1.3136,6.4669,2.08,13.4714,9.5416,1.064,4.7001,3.8575,3.0831,3.0831,165861.0,116560.0,23676.4279,1237323.06,869537.6
002405.SZ,20210430,14.23,1.3921,1.6566,0.95,,,2.78,15.1144,14.2857,0.1088,0.1088,228113.156,193706.4283,162772.9142,3246050.2099,2756442.4747
600105.SH,20210430,3.45,3.7656,5.9597,1.44,,,1.7101,1.4501,1.3133,1.5597,1.5597,138086.9809,138086.9809,87249.5647,476400.0841,476400.0841
601999.SH,20210430,6.17,1.6631,5.1209,0.57,22.2584,21.786,1.4435,1.3372,1.3521,1.329,1.329,55091.47,55091.47,17891.47,339914.3699,339914.3699
603969.SH,20210430,4.36,1.7157,3.0391,0.88,26.8486,22.0461,1.8808,1.4339,1.3431,1.37,1.37,84100.0,84100.0,47479.0462,366676.0,366676.0
002216.SZ,20210430,19.9,1.1468,2.3074,0.51,20.7126,23.1783,4.9629,2.2964,2.2591,0.3015,0.3015,79925.8226,56534.7614,28097.2377,1590523.8697,1125041.7519
600547.SH,20210430,19.36,0.5547,1.2254,1.33,38.3689,62.9709,3.2438,1.3604,1.5195,0.3716,0.3716,447342.9525,353649.4526,160091.7462,8660559.5604,6846653.4023
002522.SZ,20210430,5.57,0.6438,1.041,0.83,29.7474,26.7642,2.6699,3.4806,3.2012,1.2567,2.693,90577.9387,85590.537,52937.9714,504519.1186,476739.2911
300861.SZ,20210430,60.44,6.2274,6.2274,1.89,53.7653,46.2892,6.6329,20.0582,19.1332,,,40001.0,4001.0,4001.0,2417660.44,241820.44
600561.SH,20210430,4.12,0.6391,0.884,0.43,,,1.0935,0.6394,0.5955,0.0,,28447.68,23706.4,17138.7147,117204.4416,97670.368
300368.SZ,20210430,12.65,2.5976,4.6379,0.63,104.2851,89.4291,7.5885,4.951,3.9754,0.1336,0.1336,53194.3475,51493.4638,28839.8409,672908.4959,651392.3171
000553.SZ,20210430,8.86,0.1079,0.6732,0.54,58.8766,40.0756,0.9558,0.7301,0.7199,0.1418,0.1418,234412.1302,217706.7461,34892.95,2076891.4736,1928881.7704
601600.SH,20210430,4.44,1.3968,2.345,1.0,101.9977,45.0691,1.4868,0.4064,0.3799,0.0,,1702267.2951,1307870.6983,778995.2218,7558066.7902,5806945.9005
300631.SZ,20210430,16.83,2.8545,4.5441,0.82,22.0972,22.3755,2.2118,3.4411,3.3949,0.8661,0.8661,10862.507,10624.4195,6674.0195,182815.9928,178808.9802
603199.SH,20210430,21.7,1.6107,4.2141,1.27,44.0289,24.2165,1.9258,7.0424,5.7151,1.0138,1.0138,11068.0,11068.0,4230.3286,240175.6,240175.6
688189.SH,20210430,39.6,2.1489,4.0668,2.17,41.691,42.2311,3.4106,5.095,5.4716,,,14000.0,9860.0,5210.0,554400.0,390456.0
002429.SZ,20210430,5.8,1.3139,3.4079,2.12,14.8896,12.944,2.2121,1.3007,1.1515,0.0,,452694.0607,449630.141,173349.2913,2625625.5521,2607854.8178
002411.SZ,20210430,4.79,2.8311,7.0422,1.33,18.3446,,0.7636,0.7868,0.9266,0.0,,153228.3909,144048.8885,57910.0157,733963.9924,689994.1759
000869.SZ,20210430,36.95,2.1142,8.8779,1.66,53.7906,48.2918,2.4031,7.4595,6.7925,1.8945,1.8945,68546.4,45346.08,10798.6944,2532789.48,1675537.656
603166.SH,20210430,6.85,0.6061,2.5967,0.61,20.2176,17.3862,1.7427,2.2907,2.0261,2.2018,,59201.871,59201.871,13819.0299,405532.8164,405532.8164
600156.SH,20210430,3.43,1.0933,1.8318,0.81,41.5029,,2.0874,1.5098,1.3859,0.0,,40211.0702,40211.0702,24000.639,137923.9708,137923.9708
002549.SZ,20210430,7.84,2.0106,4.9029,0.92,67.7556,58.2105,4.911,9.4261,8.7115,1.2755,1.2755,62370.0,62023.4925,25434.6552,488980.8,486264.1812
002373.SZ,20210430,14.97,1.545,2.0611,0.89,21.8996,21.4055,1.975,2.5131,2.4804,0.4408,0.4408,158118.3315,112991.943,84700.2362,2367031.4226,1691489.3867
603860.SH,20210430,21.97,0.4868,1.2091,1.24,41.8078,36.7277,2.2226,8.1518,7.6374,0.7513,0.7513,6668.0,6668.0,2684.8,146495.96,146495.96
002003.SZ,20210430,7.07,1.0558,1.7464,1.15,13.8422,13.1134,2.137,2.1975,2.0842,5.5277,5.5277,77585.0428,64657.5078,39092.0731,548526.2526,457128.5801
000920.SZ,20210430,6.44,0.7411,1.3595,0.59,25.6501,22.9187,2.2353,2.167,1.9186,1.1957,1.1957,42200.0,42182.1575,22995.7379,271768.0,271653.0943
300019.SZ,20210430,14.72,2.3919,4.5741,1.57,28.6084,26.2738,3.1428,3.779,3.3351,0.8607,2.2194,39116.02,27192.6962,14219.4278,575787.8144,400276.4881
300024.SZ,20210430,9.65,1.2507,1.6899,2.15,,,3.1769,5.661,5.6374,0.0,,156023.9617,151713.0928,112285.8757,1505631.2304,1464031.3455
300772.SZ,20210430,15.97,2.426,2.8468,0.79,27.1351,22.1153,2.7803,0.409,0.3765,0.9393,0.9393,29396.0,15452.8125,13168.8125,469454.12,246781.4156
600392.SH,20210430,16.54,3.4229,5.0455,0.67,89.7906,46.5804,3.563,3.5589,3.3249,0.0,,175516.7067,175516.7067,119073.1287,2903046.3288,2903046.3288
600475.SH,20210430,14.65,0.5848,2.3868,0.46,13.5805,12.7372,1.105,1.0724,0.979,2.3891,2.3891,55939.2211,54350.3349,13316.3335,819509.5891,796232.4063
000898.SZ,20210430,4.87,1.0392,3.9673,1.62,23.1565,14.2868,0.8339,0.4539,0.4073,1.1704,1.1704,940525.0201,794125.2719,208014.119,4580356.8479,3867390.0742
600546.SH,20210430,6.32,2.8135,7.1102,1.33,15.159,13.3218,1.6907,0.3537,0.3366,0.9494,0.9494,198245.614,198245.614,78444.9958,1252912.2805,1252912.2805
000685.SZ,20210430,8.27,0.3394,0.7335,1.0,8.8735,8.2787,0.8531,5.5875,5.2629,3.023,3.023,147511.1351,125322.9908,57994.6553,1219917.0873,1036421.1339
002986.SZ,20210430,34.6,0.7452,0.7452,0.55,119.3391,121.3508,2.0268,1.7065,1.7647,2.8902,2.8902,11334.0,2834.0,2834.0,392156.4,98056.4
300268.SZ,20210430,10.2,0.5947,0.8488,0.51,,,,0.3927,0.3815,0.0,,17420.0,13381.7825,9375.1906,177684.0,136494.1815
600202.SH,20210430,3.79,4.1541,6.2969,0.94,28.8194,28.5822,2.0439,1.5841,1.5649,1.0554,1.0554,38334.0672,38334.0672,25289.1287,145286.1147,145286.1147
600675.SH,20210430,3.24,0.3836,0.5824,1.55,14.3316,14.8936,1.252,1.7098,1.7906,4.2593,4.2593,609613.5252,224047.1278,147554.312,1975147.8216,725912.6941
603018.SH,20210430,11.04,0.6167,0.6167,1.47,10.5566,10.2073,1.7957,1.149,1.1014,1.8873,1.8873,55718.4127,55718.4127,55718.4127,615131.2762,615131.2762
002795.SZ,20210430,9.83,0.9516,1.8369,1.25,152.1123,156.8044,3.0408,3.0354,2.82,0.0,,20000.0,17749.625,9195.385,196600.0,174478.8138
300575.SZ,20210430,42.6,1.3095,1.8104,1.07,29.9759,28.5405,3.8577,3.1588,3.0978,0.6735,,13804.95,8298.4251,6002.3636,588090.87,353512.9093
300247.SZ,20210430,3.2,3.8629,4.9777,0.95,,,3.159,5.0049,4.7452,0.0,,80404.0313,80302.7813,62317.6163,257292.9002,256968.9002
603038.SH,20210430,12.34,0.4039,1.2629,0.54,66.8746,35.9139,2.0812,2.6244,2.2589,1.3316,1.3316,18413.1867,18413.1867,5888.6467,227218.7239,227218.7239
002030.SZ,20210430,33.53,3.1706,4.6901,0.86,12.0089,8.6724,5.4493,5.5064,4.1469,0.0678,0.0678,87715.377,85637.9036,57893.5971,2941096.5908,2871438.9077
600157.SH,20210430,1.7,2.7965,3.4157,2.78,8.4221,8.0968,0.8998,1.7056,1.6461,0.0,,2221776.4145,2221776.4145,1819047.1763,3777019.9047,3777019.9047
002772.SZ,20210430,7.8,1.0266,1.2018,0.76,15.179,18.1841,1.1137,1.9338,1.8965,1.1817,1.1817,36771.9205,25666.6177,21924.7848,286820.9799,200199.6181
603212.SH,20210430,27.89,1.9337,1.9337,0.71,57.4799,55.356,6.0196,5.1117,4.8236,0.1793,0.3586,40001.0,4001.0,4001.0,1115627.89,111587.89
002394.SZ,20210430,8.37,0.8987,1.6755,1.46,5.918,7.4485,0.7472,0.7191,0.7125,6.0016,6.0016,33276.36,32296.3298,17322.8802,278523.1332,270320.2804
002723.SZ,20210430,16.04,1.1619,2.9695,0.61,118.7785,92.0377,4.8185,2.8298,2.4921,0.2494,0.2494,19215.8,17647.65,6905.2513,308221.432,283068.306
300050.SZ,20210430,4.68,0.9081,1.1493,0.88,103.1931,116.1407,1.1044,3.962,3.9357,0.0,,57159.6718,50078.2212,39569.8937,267507.264,234366.0752
603819.SH,20210430,9.72,0.6324,1.5485,0.56,140.3707,257.2205,2.7754,2.2489,2.1028,2.336,2.336,21773.0187,21734.7987,8877.1843,211633.7418,211262.2434
000612.SZ,20210430,7.65,7.5319,14.1656,1.35,16.0597,13.1831,1.8317,1.9225,1.7164,0.1307,0.7843,119219.9394,119068.2144,63309.2091,912032.5364,910871.8402
600939.SH,20210430,3.51,0.0855,0.429,0.72,23.8803,16.6668,0.9059,0.1152,0.1054,2.1652,2.1652,181453.3675,181453.3675,36157.2903,636901.3199,636901.3199
603103.SH,20210430,16.08,0.9645,8.2439,2.85,,,6.1887,10.3038,5.8735,1.0634,1.0634,63420.0,63420.0,7420.0,1019793.6,1019793.6
603686.SH,20210430,16.28,1.6168,1.9787,1.04,15.2878,13.9901,2.3258,1.2431,1.1712,1.2285,1.2285,41565.5737,41565.5737,33962.0737,676687.5398,676687.5398
600093.SH,20210430,5.93,0.3171,0.7808,0.35,7.513,18.2292,0.8095,0.4696,0.5575,0.0,,112244.75,112244.75,45585.2749,665611.3675,665611.3675
603879.SH,20210430,6.57,0.4982,1.1477,1.17,293.6276,142.0219,3.4757,4.5168,4.1089,0.5378,0.5378,27938.88,27938.88,12128.482,183558.4416,183558.4416
300196.SZ,20210430,16.68,1.3705,1.751,0.92,25.184,21.2584,2.2955,3.3376,3.0974,0.8993,0.8993,40870.0379,24583.1375,19241.2772,681712.2322,410046.7335
300336.SZ,20210430,2.53,1.3607,1.5821,0.71,,,6.4442,6.0195,7.075,0.0,,80623.0192,73752.7362,63433.1732,203976.2386,186594.4226
002768.SZ,20210430,26.72,0.7154,1.0694,0.69,9.9171,9.8034,2.2593,1.0093,0.9607,0.3743,0.3743,27125.0,17671.4506,11821.4506,724780.0,472181.16
002135.SZ,20210430,6.99,0.3436,0.622,0.35,26.6992,22.3657,1.6067,0.7811,0.7291,0.3863,0.3803,103440.22,95851.0982,52952.4484,723047.1378,669999.1764
003013.SZ,20210430,20.25,5.6802,5.6802,0.74,28.2732,26.3656,4.1989,4.3309,4.079,,,40001.0,4001.0,4001.0,810020.25,81020.25
000526.SZ,20210430,34.31,0.8087,1.5219,1.23,92.4846,62.0757,4.172,1.6628,1.6022,0.0,,11776.2709,9619.5107,5111.3272,404043.8546,330045.4121
600353.SH,20210430,4.78,0.4845,0.8501,0.7,48.5432,42.4264,2.2626,2.8812,2.9827,1.2471,1.2471,54372.0,54372.0,30986.9132,259898.16,259898.16
600750.SH,20210430,11.06,1.2184,2.1386,1.32,14.7081,13.8894,1.7263,2.854,2.6865,2.2604,2.2604,63000.0,63000.0,35892.8514,696780.0,696780.0
002921.SZ,20210430,21.55,1.15,1.7251,0.7,24.4482,20.799,2.2205,1.9271,1.7615,1.3648,1.3648,8160.045,6249.545,4166.045,175848.9698,134677.6948
002328.SZ,20210430,4.55,1.8951,2.1531,0.38,24.2759,22.1951,1.3315,0.8261,0.7594,2.8265,2.8265,77177.0,55309.1896,48682.6896,351155.35,251656.8127
002024.SZ,20210430,6.66,0.7035,1.7338,3.45,,,0.8017,0.2458,0.2496,0.7385,0.7385,931003.9655,758868.3145,307928.4024,6200486.4102,5054062.9746
601002.SH,20210430,4.83,1.3026,2.1209,0.7,9.2228,8.5407,1.1509,1.8373,1.661,0.0,,95928.2,84951.378,52175.8573,463333.206,410315.1557
002047.SZ,20210430,3.1,0.4111,0.6894,0.5,37.4701,36.6177,0.9882,0.6983,0.6918,0.0,,134129.6921,133561.9499,79655.8897,415802.0455,414042.0447
300210.SZ,20210430,3.56,2.0593,3.5907,0.62,13.8596,14.6328,1.7188,4.5313,4.9379,0.0,,48421.9953,39315.5046,22547.4503,172382.3033,139963.1964
002611.SZ,20210430,4.5,1.9041,2.2575,2.12,17.8555,17.1024,1.6864,2.3828,2.3682,0.0,,154422.6957,130039.0827,109682.1301,694902.1307,585175.8722
603528.SH,20210430,8.4,1.7207,5.2571,1.32,66.1615,40.4018,3.165,8.2797,6.3137,0.9528,0.9528,62652.15,62410.35,20427.98,526278.06,524246.94
688609.SH,20210430,8.68,9.2721,9.2721,1.55,31.949,29.4154,3.6284,2.1402,1.9979,,,50000.0,8076.55,8076.55,434000.0,70104.454
300067.SZ,20210430,3.95,0.833,1.0633,0.82,36.2154,36.0088,1.8667,4.1916,4.0476,1.7848,1.7848,105591.6214,65326.8099,51179.6557,417086.9045,258040.8991
603329.SH,20210430,12.0,0.8572,1.7482,0.92,29.6465,24.0681,1.5931,1.0987,1.0665,0.0,,15875.6195,13200.0,6472.41,190507.434,158400.0
000700.SZ,20210430,5.1,1.9307,2.7342,0.92,325.2737,17.9658,1.6773,0.7637,0.6685,2.549,2.549,91706.3509,80709.2835,56991.8427,467702.3896,411617.3459
603069.SH,20210430,18.75,1.2354,2.9766,0.84,,,5.9927,9.4334,8.5168,0.2667,0.2667,31600.0,31600.0,13115.0,592500.0,592500.0
600976.SH,20210430,36.2,1.2775,1.8102,0.7,37.5742,27.8608,4.1164,2.261,1.9437,0.5525,0.5525,15339.86,15329.86,10818.5986,555302.932,554940.932
300947.SZ,20210430,53.44,5.0026,5.0026,0.72,29.2706,32.7599,2.1551,3.4561,3.4264,,,5389.5999,1347.4,1347.4,288020.2187,72005.056
600811.SH,20210430,3.34,0.5971,0.8489,1.19,51.5979,62.5964,0.582,0.8024,0.7843,0.0,,371457.6124,371457.6124,261289.9446,1240668.4254,1240668.4254
300846.SZ,20210430,18.08,3.8716,3.8716,1.28,185.5361,262.671,9.8231,7.3736,6.9522,0.2765,0.2765,41131.6277,5000.0,5000.0,743659.8288,90400.0
000007.SZ,20210430,3.74,0.5324,0.6473,0.1,,,20.5075,28.7003,26.1567,0.0,,34644.8044,30894.8044,25408.8017,129571.5685,115546.5685
003816.SZ,20210430,2.71,0.4738,0.7537,0.8,14.3115,13.1539,1.4003,1.9388,1.8497,2.8044,2.8044,5049861.11,975435.5725,613155.7225,13685123.6081,2643430.4015
000788.SZ,20210430,7.16,2.0394,3.4522,1.2,108.9104,82.1866,3.2328,2.158,2.0063,0.0,,59598.7425,59598.7425,35207.687,426726.9963,426726.9963
002632.SZ,20210430,6.13,0.4864,1.0857,1.0,22.6289,21.7301,1.8634,3.0232,2.913,2.6101,2.6101,62459.909,58721.3038,26308.169,382879.2422,359961.5923
600290.SH,20210430,3.06,2.6773,3.8706,1.25,68.2499,33.5773,2.0765,2.7701,2.7702,0.0,,75990.3511,75990.3511,52561.9749,232530.4744,232530.4744
300142.SZ,20210430,62.5,6.1342,6.4589,1.37,97.4204,92.7711,13.8467,33.2529,29.9751,0.0316,0.0316,156369.4484,150040.0699,142497.3144,9773090.525,9377504.3688
002332.SZ,20210430,14.78,1.7427,2.229,0.79,28.9795,26.6915,3.2234,3.6379,3.4196,0.6267,0.6267,98920.4866,90519.3291,70770.4987,1462044.7919,1337875.6841
002762.SZ,20210430,15.3,39.2641,53.8515,1.0,166.1476,139.9958,5.4418,17.2982,16.7429,0.719,0.719,35402.5,19264.4463,14046.0556,541658.25,294746.0284
603232.SH,20210430,17.56,1.7635,2.5453,0.66,59.4076,56.2229,2.5977,7.6232,7.249,0.6437,0.6437,19310.1694,19310.1694,13378.872,339086.5747,339086.5747
300025.SZ,20210430,3.32,1.338,1.6078,0.85,,,4.4835,1.7912,1.7803,0.0,,42853.0562,39912.1919,33214.6879,142272.1466,132508.4771
300605.SZ,20210430,10.8,3.4923,4.7874,0.99,30.2833,29.8737,3.6421,3.5545,3.4522,0.4631,0.4631,16525.8469,10289.9577,7506.1692,178479.1465,111131.5432
300033.SZ,20210430,108.6,1.9703,2.7212,0.62,33.8655,33.0471,12.2889,20.5308,19.5289,0.7827,1.105,53760.0,27195.0581,19691.027,5838336.0,2953383.3097
000655.SZ,20210430,7.61,2.9603,7.1178,0.73,19.6594,15.2827,1.5591,3.1575,2.809,0.0,,59534.023,59534.023,24760.0085,453053.915,453053.915
605009.SH,20210430,130.56,12.0455,12.0455,2.29,23.136,23.4142,4.8467,5.3752,5.2971,,,10667.0,2667.0,2667.0,1392683.52,348203.52
600674.SH,20210430,11.26,0.2524,0.977,1.07,15.687,15.1093,1.7223,48.1,46.0767,3.0178,3.0178,440469.2645,440469.2645,113814.1094,4959683.9183,4959683.9183
603198.SH,20210430,37.55,1.7743,7.0013,0.49,31.5087,27.57,5.4506,8.7021,7.8451,1.8642,1.8642,80000.0,80000.0,20273.415,3004000.0,3004000.0
002603.SZ,20210430,28.05,2.5678,4.6924,1.8,27.7043,23.1985,3.5192,3.8445,3.3373,0.7069,0.7069,120371.7463,99321.2905,54352.1705,3376427.4837,2785962.1985
002351.SZ,20210430,15.82,3.056,4.0574,1.53,50.9451,46.1058,6.5621,7.2722,6.5331,0.6321,0.6321,88910.7,49201.612,37058.4172,1406567.274,778369.5018
300816.SZ,20210430,73.35,1.2557,1.4741,0.95,46.7964,43.5625,7.5464,8.6663,7.8615,0.3545,0.7853,8000.0,4739.1428,4037.0687,586800.0,347616.1244
002190.SZ,20210430,23.19,0.6733,1.4664,1.32,69.9761,64.0745,3.269,8.4564,7.9015,0.2587,0.2587,35872.9343,35872.9343,16471.96,831893.3464,831893.3464
002728.SZ,20210430,12.37,3.623,4.9826,0.38,57.4559,40.24,2.3577,3.979,3.8635,6.063,,20351.7849,12710.0349,9241.8065,251751.5792,157223.1317
300189.SZ,20210430,4.36,2.7719,3.9101,0.7,,,4.8098,34.5111,30.8048,0.0,,102400.0,96304.9748,68270.599,446464.0,419889.6901
002266.SZ,20210430,5.6,1.9491,2.084,2.0,22.0789,16.0372,3.645,3.6042,2.6786,0.1786,0.1786,536979.5962,163754.8918,153154.5002,3007085.7387,917027.3941
300623.SZ,20210430,27.54,3.4193,6.2643,1.22,71.5489,59.3141,8.0468,20.0644,16.5957,0.301,0.6883,73649.7298,63804.1,34827.4496,2028313.5587,1757164.914
300585.SZ,20210430,11.56,0.8754,1.6909,0.47,58.579,44.1729,3.3665,4.4419,4.0777,0.0,,16000.0,16000.0,8283.35,184960.0,184960.0
601717.SH,20210430,11.72,1.6959,2.8095,1.29,16.3859,14.5704,1.4997,0.766,0.7189,1.5785,1.5785,173247.137,148923.717,89894.0213,2030456.4456,1745385.9632
603030.SH,20210430,4.25,1.0955,1.8385,1.1,17.1601,16.7317,1.0052,0.4216,0.3979,0.9208,0.9208,53812.9334,53812.9334,32065.1333,228704.967,228704.967
300735.SZ,20210430,10.88,0.9818,2.0626,0.73,26.4451,26.3271,1.9855,3.6877,3.5177,1.9695,1.9695,77462.112,75514.1127,35944.9467,842787.7786,821593.5462
600699.SH,20210430,18.13,1.1032,1.8761,0.73,40.2539,31.8715,1.6208,0.5179,0.5172,0.3466,0.3466,136808.4624,123726.3065,72754.5324,2480337.4233,2243157.9368
600538.SH,20210430,7.38,2.0805,3.4287,1.06,1180.0613,588.8872,4.4765,14.1086,12.4715,0.0,,51177.1343,46440.1185,28179.2622,377687.2511,342728.0745
300474.SZ,20210430,72.9,1.9836,2.728,0.78,105.7716,95.0635,8.5117,33.5912,29.3553,0.1646,0.1646,30124.8278,15920.2137,11576.0868,2196099.9466,1160583.5787
300473.SZ,20210430,20.75,4.6551,9.2533,1.71,,,1.269,0.698,0.6704,0.5783,0.5783,11391.5381,11181.7699,5625.2182,236374.4156,232021.7254
600727.SH,20210430,7.09,3.612,4.7776,1.75,16.2355,12.0502,1.3419,1.2786,1.0519,0.0,,52858.3135,43961.8037,33236.4133,374765.4427,311689.1882
002417.SZ,20210430,5.76,3.2144,3.6665,1.93,92.4728,166.3054,6.1506,3.2277,3.3449,0.0,,27000.0,23560.1978,20655.2068,155520.0,135706.7393
002871.SZ,20210430,14.13,2.263,3.8498,1.32,28.4413,27.1595,2.437,4.7845,4.5033,3.1859,3.1859,11668.0,6087.5325,3578.41,164868.84,86016.8342
600928.SH,20210430,4.85,0.8481,0.8481,1.47,7.8199,7.9997,0.8203,3.0199,2.9635,3.8144,3.8144,444444.4445,115563.5387,115563.5387,2155555.5558,560483.1627
002902.SZ,20210430,10.23,1.7523,2.0445,1.33,494.5953,136.0978,2.0292,1.272,1.1232,0.4888,0.4888,21000.0,13380.9376,11468.25,214830.0,136886.9916
300640.SZ,20210430,6.61,0.8087,1.1348,0.75,48.6104,55.9194,2.7977,3.3841,3.1354,2.0959,2.0959,28685.0254,11850.576,8445.876,189608.0179,78332.3074
002460.SZ,20210430,109.49,7.1534,8.0569,1.59,144.8879,99.4372,12.9948,26.8756,24.531,0.2683,0.2683,135592.8726,82632.5175,73365.7836,14846063.621,9047434.3411
002520.SZ,20210430,6.27,5.9336,10.8838,3.13,43.9151,38.4597,1.6074,2.4738,2.4641,0.7035,0.7035,75538.0872,55170.9638,30077.687,473623.8067,345921.943
000040.SZ,20210430,2.54,1.3705,1.6082,0.98,,,0.3124,1.0879,1.08,0.0,,148687.387,106034.067,90359.3956,377665.963,269326.5302
688111.SH,20210430,380.0,1.9141,2.2495,3.57,199.4895,162.9243,24.4806,77.4801,65.8063,0.0789,0.0789,46100.0,21581.9451,18363.5739,17518000.0,8201139.138
600346.SH,20210430,29.65,0.5364,2.212,1.3,15.5038,13.5266,4.086,1.3697,1.187,1.3445,1.3445,703909.9786,703909.9786,170699.1978,20870930.8655,20870930.8655
600104.SH,20210430,20.06,0.3511,1.2208,1.72,11.4713,8.9602,0.8738,0.3241,0.2907,4.3868,4.3868,1168346.1365,1168346.1365,336043.2487,23437023.4982,23437023.4982
300319.SZ,20210430,8.73,0.762,1.0819,0.5,170.3113,70.426,2.8102,2.6086,2.2801,0.0,,69599.5736,65843.761,46373.5311,607604.2775,574816.0335
603220.SH,20210430,11.47,0.9601,0.9601,1.04,68.0499,40.1502,2.386,1.8747,1.5963,1.3078,1.3078,33776.0,18564.52,18563.97,387410.72,212935.0444
300695.SZ,20210430,51.3,0.2401,0.96,0.91,21.3987,22.3236,1.8301,7.2799,7.1202,5.848,5.848,6667.77,6667.77,1667.77,342056.601,342056.601
300214.SZ,20210430,7.4,0.329,0.438,0.72,15.2196,16.6713,1.6364,1.3853,1.336,0.7996,1.9323,42581.2614,36194.0722,27190.3272,315101.3344,267836.1343
600735.SH,20210430,6.9,14.8829,30.1798,0.95,57.9938,57.6365,2.7282,2.0877,2.0388,0.913,0.913,37599.2296,37599.2296,18541.6835,259434.6842,259434.6842
300446.SZ,20210430,6.46,1.5172,2.2185,0.87,,,2.035,9.988,9.4768,0.3518,0.3518,20262.0,19619.7835,13417.4081,130892.52,126743.8014
601989.SH,20210430,4.09,0.3238,0.7115,1.3,,,1.0926,2.6717,2.4865,0.0,,2280203.5324,1828390.7147,832032.1268,9326032.4475,7478118.0231
605001.SH,20210430,13.78,0.6054,0.6054,0.4,25.1863,47.4012,1.4831,3.5814,4.1371,0.0,,30222.0,7556.0,7556.0,416459.16,104121.68
600796.SH,20210430,4.65,0.4062,0.6138,0.69,272.8548,378.3278,2.3548,3.2624,2.9795,0.0,,30140.2144,30140.2144,19945.6541,140151.997,140151.997
002979.SZ,20210430,43.85,1.3647,1.629,0.84,51.8247,43.5374,7.9158,9.6371,8.46,1.5964,1.5964,20800.0,11257.6666,9430.6666,912080.0,493648.6804
600760.SH,20210430,57.74,2.0181,7.5335,3.22,54.6268,65.8815,7.6977,2.9601,2.9505,0.2598,0.2598,140038.9285,139827.4228,37456.8902,8085847.7316,8073635.3925
600821.SH,20210430,4.89,2.1462,2.3886,1.45,105.9679,38.7749,1.8509,4.4022,3.4732,0.0,,122149.8013,54114.8692,48623.0536,597312.5284,264621.7104
600653.SH,20210430,1.66,0.5029,0.6525,1.12,,,2.927,0.4684,0.4164,0.0,,194638.0317,194638.0317,150001.5051,323099.1326,323099.1326
002344.SZ,20210430,3.93,0.5791,1.2318,1.47,25.9093,22.3413,0.6453,3.5374,3.4574,0.4834,0.4834,128274.5046,128159.3178,60247.3111,504118.8031,503666.119
300283.SZ,20210430,4.74,2.2526,2.7385,0.77,59.3077,38.5752,2.6725,1.1773,1.0158,0.26,0.26,43708.523,26014.0605,21398.369,207178.399,123306.6468
688156.SH,20210430,18.65,2.1815,2.1815,0.47,35.8774,26.2705,2.3912,6.8403,6.0548,,,9184.0,2181.2,2181.2,171281.6,40679.38
002105.SZ,20210430,8.76,1.5841,3.0238,1.07,19.5431,13.9699,4.5241,1.7287,1.4553,1.1354,1.1354,36850.0,36850.0,19305.1053,322806.0,322806.0
002461.SZ,20210430,10.94,0.4019,2.5702,0.38,42.5338,39.1235,2.6921,5.6984,5.4181,0.9141,0.9141,221332.848,221331.648,34606.1636,2421381.3571,2421368.2291
300501.SZ,20210430,16.76,3.051,4.147,0.75,25.4941,21.4783,3.1219,3.6754,3.3543,0.2983,0.5967,15652.98,8721.5256,6416.546,262343.9448,146172.7691
002499.SZ,20210430,5.68,0.1143,0.1829,0.28,109.7808,83.7466,22.029,27.2586,26.1536,0.0,,18900.0,18898.4175,11811.4117,107352.0,107343.0114
002253.SZ,20210430,13.21,0.7805,0.9857,0.74,44.2294,42.7659,2.0702,8.3407,8.0408,0.9084,0.9084,22562.6095,20737.2219,16421.771,298052.0715,273938.7013
002360.SZ,20210430,7.84,1.5999,1.711,0.7,20.3842,18.2623,2.4799,3.2445,2.9969,1.7954,1.7954,39833.433,30824.2897,28822.8522,312294.1147,241662.4312
300949.SZ,20210430,54.5,7.0258,7.0258,0.92,31.8503,29.0698,2.8873,6.6539,6.334,,,6000.0,1500.0,1500.0,327000.0,81750.0
603988.SH,20210430,15.4,4.3367,11.241,1.0,21.1552,28.1164,4.4644,4.2294,4.132,3.0195,3.0195,23520.0,23520.0,9073.7558,362208.0,362208.0
688578.SH,20210430,28.5,4.6711,4.6711,1.41,,,4.496,22865.5642,344.6664,,,45000.0,6845.2142,6845.2142,1282500.0,195088.6047
603619.SH,20210430,8.8,0.8719,2.4333,1.12,,,1.8599,2.2213,2.4811,0.0,,40000.01,40000.01,14332.1614,352000.088,352000.088
002439.SZ,20210430,30.35,2.0804,2.3011,1.19,35.2389,35.0679,4.779,7.7697,7.2229,0.082,0.082,93358.3742,71400.7126,64553.9357,2833426.657,2167011.6274
603037.SH,20210430,15.51,3.6147,5.6615,2.85,19.6694,17.1442,1.8262,3.2909,3.0326,3.5461,3.5461,10490.135,10490.135,6697.6556,162701.9939,162701.9939
300078.SZ,20210430,6.56,6.7351,8.5358,2.39,54.3726,49.9311,1.9139,3.8765,3.8875,0.2744,0.2744,86941.1466,83631.9482,65989.2069,570333.9217,548625.5802
002946.SZ,20210430,17.44,2.1212,2.1212,0.71,54.9431,45.5801,5.8196,2.2062,1.9317,0.344,0.344,85371.0666,15931.672,15931.672,1488871.4015,277848.3597
300465.SZ,20210430,12.67,8.8453,12.8398,0.91,,,9.6507,2.9892,2.2698,0.3552,0.3552,44676.2257,44676.2257,30777.4201,566047.7796,566047.7796
600689.SH,20210430,7.16,3.7148,5.6516,1.8,,,3.3472,1.5222,1.6138,0.1816,0.1816,20099.1343,15220.4143,10004.52,143909.8016,108978.1664
603615.SH,20210430,9.6,1.6941,5.1417,0.73,63.3666,61.69,1.8232,3.403,2.9759,6.2528,6.2528,24455.0,24182.0,7967.4385,234768.0,232147.2
300346.SZ,20210430,27.57,1.2801,1.6688,0.78,128.9182,118.4058,8.1922,18.8551,16.3376,0.107,0.107,40689.0845,37725.9135,28939.0389,1121798.0597,1040103.4352
601857.SH,20210430,4.25,0.0855,0.9208,2.41,40.9346,12.3555,0.6263,0.4022,0.3935,3.6101,3.6101,18302097.7818,16192207.7818,1503973.8682,77783915.5727,68816883.0727
603707.SH,20210430,46.05,0.5901,1.9687,1.04,53.3642,49.1851,11.1833,14.7581,14.0409,0.5011,0.5011,93416.0793,93268.1798,27958.5237,4301810.4518,4294999.6798
601500.SH,20210430,5.65,0.5766,1.6098,0.89,54.1509,50.6056,1.3502,1.4295,1.2426,0.885,0.885,87229.009,87229.009,31244.179,492843.9009,492843.9009
300486.SZ,20210430,15.0,0.3646,0.5014,1.16,39.2628,38.0287,2.7074,3.9295,3.7675,0.2444,0.2444,27100.6254,24536.9984,17842.0056,406509.381,368054.976
688389.SH,20210430,25.8,1.6277,1.6277,0.92,75.6714,67.971,9.736,19.6683,18.2752,0.4651,0.6899,42220.0,15584.472,15584.472,1089276.0,402079.3776
600977.SH,20210430,14.14,0.7807,2.3921,1.12,,,2.3988,8.9501,6.6831,2.2489,2.2489,186700.0,186700.0,60931.75,2639938.0,2639938.0
002014.SZ,20210430,9.08,0.3348,0.9185,1.05,15.4019,14.8322,3.007,1.7049,1.593,4.2235,5.468,51401.6724,50142.2662,18276.2415,466727.1854,455291.7771
300902.SZ,20210430,23.0,9.322,9.322,1.04,47.3842,53.1155,3.736,10.6731,10.5708,,1.7391,12798.0,3199.5,3199.5,294354.0,73588.5
002851.SZ,20210430,33.93,0.5173,0.6308,0.71,42.2608,39.8624,5.3995,5.0437,4.7224,0.4411,0.4411,50190.7534,38442.7896,31527.9152,1702972.2629,1304363.8511
300447.SZ,20210430,11.82,3.3947,4.6362,1.47,24.7827,20.6745,2.6945,4.827,4.1337,0.0,,29106.9255,17211.2943,12602.6443,344043.8594,203437.4986
002761.SZ,20210430,7.99,0.6484,0.9091,0.81,8.0366,7.1859,1.6788,0.1086,0.0991,2.5031,2.5031,108134.0098,24202.2804,17261.0834,863990.7383,193376.2204
600072.SH,20210430,10.91,2.5045,4.2653,1.95,55.9911,56.898,2.0438,4.2841,3.717,0.5225,0.5225,73624.9883,73624.9883,43231.7636,803248.6224,803248.6224
002106.SZ,20210430,11.95,1.9825,2.7639,0.85,19.2526,15.862,1.8423,1.2493,1.1158,0.8368,0.8368,70581.616,70413.9158,50506.5647,843450.3112,841446.2938
300895.SZ,20210430,34.2,4.9768,4.9768,1.08,59.7196,59.0761,2.9446,10.7147,10.2332,,,9697.015,2425.0,2425.0,331637.913,82935.0
600998.SH,20210430,16.95,0.1642,0.3726,0.54,10.3287,9.7484,1.5737,0.2865,0.2731,0.0,,187381.688,187379.938,82596.1905,3176119.6116,3176089.9491
600158.SH,20210430,12.06,1.2501,1.2501,0.48,214.4661,372.606,4.7394,5.7965,5.5253,0.2552,0.2552,95951.3067,62780.9882,62780.9882,1157172.7588,757138.7177
300155.SZ,20210430,6.01,1.8471,2.6449,1.38,31.2364,30.6189,2.479,3.4841,3.3087,0.6323,0.6323,54337.0602,28190.9171,19686.9247,326565.7318,169427.4118
002226.SZ,20210430,6.72,0.3721,0.6583,0.61,18.7833,15.1202,1.2967,2.1418,1.9326,0.744,0.744,124898.169,95826.707,54163.897,839315.6957,643955.471
002566.SZ,20210430,7.69,6.4288,7.4715,1.42,31.7888,29.4762,1.2577,3.0205,2.921,0.6502,0.6502,33095.16,23172.0584,19938.3451,254501.7804,178193.1291
000906.SZ,20210430,8.77,1.132,2.3683,1.09,10.6546,9.5266,1.9613,0.0543,0.0456,2.8516,2.8516,67443.6311,66150.7603,31618.0135,591480.6447,580142.1678
600979.SH,20210430,2.94,0.5115,0.8372,0.7,19.1806,18.6711,0.9056,1.5965,1.5793,0.7849,0.7849,123225.979,123225.979,75286.04,362284.3783,362284.3783
002787.SZ,20210430,5.84,1.88,2.4379,1.26,39.6766,38.349,1.2351,1.0356,0.9101,1.6855,1.6855,31597.514,19209.9368,14814.0889,184529.4818,112186.0309
000768.SZ,20210430,24.05,1.3801,3.0587,2.29,85.6546,76.644,4.3072,1.9886,1.9757,0.499,0.499,276864.5071,276863.8696,124922.8978,6658591.3958,6658576.0639
688586.SH,20210430,22.74,2.0829,2.0829,1.24,47.3548,43.2577,4.649,11.0487,10.0438,,,40374.4467,9286.1229,9286.1229,918114.918,211166.4347
600436.SH,20210430,339.31,0.5356,1.2881,0.66,122.4704,115.7208,24.2854,31.4419,30.1128,0.2417,0.2417,60331.721,60331.721,25084.3648,20471156.2525,20471156.2525
601788.SH,20210430,14.99,1.0777,2.3563,1.33,29.6116,35.8674,1.3557,4.3561,4.2207,0.2468,0.2468,461078.7639,390669.8839,178677.5656,6911570.6709,5856141.5597
300509.SZ,20210430,6.01,2.3815,3.6582,0.7,30.6866,28.7132,2.8826,2.5761,2.4902,1.9199,1.9199,29640.0,16657.68,10844.21,178136.4,100112.6568
002751.SZ,20210430,18.18,1.9259,2.1638,0.72,52.9038,40.2286,1.9019,2.7428,2.4391,0.2739,0.2739,15452.9613,12617.1931,11230.2562,280934.8364,229380.5706
002593.SZ,20210430,3.53,0.6532,1.0428,0.71,31.5253,27.6426,1.2496,0.8433,0.7602,1.4079,1.4079,70111.0,46758.388,29288.698,247491.83,165057.1096
688589.SH,20210430,27.82,7.0748,7.0748,1.16,99.9982,86.3185,3.8784,12.9019,11.8056,,,10000.0,2565.0,2565.0,278200.0,71358.3
000032.SZ,20210430,19.66,0.2223,0.55,0.58,54.5127,53.827,5.0734,5.3418,5.1234,0.4069,0.4069,41321.9661,41142.4109,16627.1829,812389.8535,808859.7983
600518.SH,20210430,2.02,2.1258,3.4441,1.29,,,,1.8565,1.885,0.0,,497386.1675,440878.6966,272119.0016,1004720.0584,890574.9671
603036.SH,20210430,7.98,0.3098,0.3866,0.82,24.3236,23.7479,1.4593,5.6732,5.6344,1.499,1.499,20668.1,20415.95,16359.9348,164931.438,162919.281
600178.SH,20210430,7.03,1.068,2.1984,0.47,82.7213,28.618,1.3333,0.9596,0.7082,0.0,,46208.0,46208.0,22448.7,324842.24,324842.24
002474.SZ,20210430,5.63,2.2277,2.3361,0.79,70.6267,48.9913,2.1953,4.7955,4.3522,0.0,,62220.0,47813.577,45594.0585,350298.6,269190.4385
300238.SZ,20210430,22.35,9.9515,13.6977,1.96,127.1862,111.2023,7.9269,13.5625,12.5542,0.0,,26515.5701,25745.0851,18703.9763,592622.9917,575402.652
002162.SZ,20210430,6.58,11.9157,25.9396,1.12,98.2225,86.7766,5.4893,4.7023,4.382,0.0,,85377.5,85344.35,39204.0342,561783.95,561565.823
002554.SZ,20210430,2.61,2.811,3.4302,0.74,,,1.6309,3.0957,3.1171,0.2437,0.2437,134685.7772,85736.3264,70258.49,351529.8785,223771.8119
300726.SZ,20210430,60.91,3.2706,5.3962,1.62,50.374,39.723,10.6564,17.3966,14.8995,0.4925,,40010.0,18277.8875,11077.8875,2437009.1,1113306.1276
300279.SZ,20210430,5.11,2.266,3.1994,0.76,456.7096,150.9157,2.5073,1.3639,1.1615,0.0,,44894.1998,43953.6257,31130.997,229409.361,224603.0273
300619.SZ,20210430,17.77,1.7043,2.296,0.96,104.1655,69.6529,2.7199,2.2336,1.9148,0.3151,0.3151,7468.5604,5662.3032,4203.0503,132716.3183,100619.1279
300562.SZ,20210430,16.47,3.5938,4.5598,1.31,50.3884,45.2705,3.3443,2.6447,2.2924,0.1184,0.1184,21465.3309,12356.1489,9738.5686,353533.9999,203505.7724
300958.SZ,20210430,32.0,13.6325,13.6325,0.98,54.8247,42.0434,4.5706,4.3966,3.7299,,,14265.6479,3043.4354,3043.4354,456500.7328,97389.9328
603888.SH,20210430,17.6,1.0173,2.7347,0.71,55.3828,39.6654,3.0574,6.3729,5.8294,1.108,1.108,51902.936,51902.936,19307.895,913491.6736,913491.6736
300802.SZ,20210430,33.26,2.0124,2.532,0.76,60.5977,56.592,5.1501,11.2039,10.8909,0.3702,0.3702,16245.2482,8131.9983,6463.3103,540316.9551,270470.2635
000401.SZ,20210430,14.02,0.8078,1.2825,1.02,6.6288,6.1349,1.3345,0.5325,0.5041,3.5663,3.5663,134752.2914,134720.718,84862.3805,1889227.1254,1888784.4664
603580.SH,20210430,10.25,0.3476,1.0513,0.54,43.8212,42.8442,3.024,6.8984,6.6091,0.8,0.8,13067.32,13067.32,4320.82,133940.03,133940.03
600516.SH,20210430,8.89,2.6137,4.3957,0.86,61.8039,56.0691,2.1514,9.5602,9.2743,0.0,,380597.0368,380597.0368,226307.6847,3383507.6572,3383507.6572
300436.SZ,20210430,34.88,0.7094,1.1102,0.5,329.4003,330.8366,8.4245,13.2519,12.8489,0.0,,14000.0,11401.1326,7285.4783,488320.0,397671.5051
603557.SH,20210430,8.08,0.0121,0.0199,0.01,,,2.5571,5.1822,4.7958,4.7332,4.7332,49600.7802,49402.6802,30129.4868,400774.304,399173.656
603861.SH,20210430,8.03,0.4758,1.9342,1.6,37.6732,15.7519,1.3791,1.1715,1.1209,1.4012,1.4012,44182.0004,41278.237,10154.1097,354781.4632,331464.2431
601222.SH,20210430,6.58,1.0919,2.0022,0.78,11.5403,11.0875,1.1041,1.9844,1.8968,0.7448,0.7448,174888.9266,174888.9266,95379.5339,1150769.137,1150769.137
600261.SH,20210430,4.12,0.9444,1.6341,1.62,12.346,10.2805,1.4577,1.241,1.2255,4.014,4.014,145210.293,145210.293,83921.9098,598266.4072,598266.4072
000629.SZ,20210430,2.23,1.0827,2.2776,0.91,85.0109,61.6735,1.9871,1.8107,1.6804,0.0,,858974.6202,746439.3822,354848.6675,1915513.403,1664559.8223
300433.SZ,20210430,26.13,0.7382,2.5254,0.69,26.5426,24.9005,2.9943,3.5181,3.0957,0.8703,0.8703,497347.9998,436978.5973,127725.054,12995703.2348,11418250.7474
000813.SZ,20210430,4.92,6.2175,15.4734,2.89,38.757,42.8834,1.8499,11.4534,15.6618,0.0,,224148.18,221986.9572,89198.7228,1102809.0456,1092175.8294
600722.SH,20210430,5.53,2.2181,5.0459,0.55,379.0243,271.5742,3.6865,9.3115,9.1534,0.0,,68031.9676,68031.9676,29905.6699,376216.7808,376216.7808
000600.SZ,20210430,5.13,1.3155,2.3291,0.8,9.9378,11.1053,0.7405,0.6464,0.621,2.3392,2.3392,179162.6376,109004.4126,61563.3843,919104.3309,559192.6366
600322.SH,20210430,1.94,0.6886,0.983,1.38,,,1.0192,0.7792,0.9688,0.0,,110570.0,110570.0,77454.031,214505.8,214505.8
600448.SH,20210430,3.14,1.2552,1.5427,1.04,110.965,141.7698,1.3838,0.592,0.5692,0.0,,62981.9662,62981.9662,51245.5192,197763.3739,197763.3739
603377.SH,20210430,14.51,1.5641,3.0122,0.96,55.0118,36.0977,4.2292,10.4467,8.7883,1.3113,1.3113,61062.643,61062.643,31706.918,886018.9499,886018.9499
002487.SZ,20210430,7.6,2.1925,4.0677,0.95,9.0823,8.599,1.6968,1.2701,1.1969,0.3417,0.3417,55571.8,54281.1773,29257.4867,422345.68,412536.9475
300263.SZ,20210430,6.07,1.2084,1.5144,1.35,24.9729,24.1078,2.0334,3.0427,2.8877,0.3261,0.3261,91439.3304,75836.302,60513.0247,555036.7355,460326.3531
603421.SH,20210430,7.32,0.5307,1.2147,1.34,26.408,29.232,1.5494,2.275,2.2105,1.0203,1.0203,65319.2211,65219.0511,28492.5174,478136.6985,477403.4541
688006.SH,20210430,72.2,2.3777,2.7301,1.38,77.8413,77.1058,10.9907,19.3937,17.675,0.3047,0.3047,40100.0,9634.8622,8391.1549,2895220.0,695637.0508
603258.SH,20210430,26.75,0.5324,1.4612,0.87,16.8011,16.7822,2.8491,6.4787,6.351,1.6558,1.6558,24799.3,24120.78,8788.03,663381.275,645230.865
300146.SZ,20210430,32.7,3.9474,4.9283,1.6,33.9179,28.627,9.3052,8.4824,7.5779,1.1019,2.1407,158102.0554,89261.0233,71495.7297,5169937.2116,2918835.4619
601801.SH,20210430,4.82,0.2914,0.7489,1.33,15.622,14.5354,0.8821,1.0833,1.0236,3.3195,3.3195,198920.4737,198920.4737,77394.5872,958796.6832,958796.6832
300879.SZ,20210430,23.3,3.3378,3.3378,0.7,48.6039,50.076,3.8838,3.7238,3.5193,,,16000.0,4000.0,4000.0,372800.0,93200.0
601991.SH,20210430,2.51,0.1891,1.1451,0.73,15.279,14.7803,1.1024,0.4858,0.4712,2.5896,2.5896,1850671.0504,1239608.9106,204668.6205,4645184.3365,3111418.3656
002129.SZ,20210430,27.63,1.4846,2.1277,0.74,76.9514,60.8073,4.2433,4.3974,3.8085,0.0997,0.0997,303292.6542,293100.7242,204510.6391,8379976.0355,8098373.0096
300645.SZ,20210430,15.3,6.9998,11.7804,1.81,70.4833,46.4047,3.0297,2.3595,2.244,0.3901,0.3901,12732.1165,12732.1165,7565.3043,194801.3825,194801.3825
600572.SH,20210430,4.39,1.7344,2.5964,1.87,25.8317,36.7271,2.305,1.9816,2.0115,0.0,,266732.02,266057.8347,177725.0851,1170953.5678,1167993.8943
300386.SZ,20210430,16.0,3.643,4.8211,0.84,106.6788,130.4271,3.5848,7.4444,7.3366,0.125,0.125,41804.4,23777.165,17966.6759,668870.4,380434.64
600233.SH,20210430,11.78,0.485,1.2676,0.71,21.0685,19.9458,2.126,1.0663,0.971,1.2752,1.2752,315983.0675,315764.4396,120805.4784,3722280.5352,3719705.0985
603319.SH,20210430,31.79,1.9101,2.7041,0.47,21.9379,20.6556,2.7158,2.5973,2.286,0.7919,0.7919,11512.0404,10490.155,7409.9587,365967.7643,333482.0275
603110.SH,20210430,38.19,0.4179,0.8907,0.65,110.274,105.1062,8.5708,13.2278,12.2825,1.4402,1.4402,14373.338,14373.338,6744.0351,548917.7782,548917.7782
600667.SH,20210430,7.77,1.0904,1.7527,0.91,19.6478,19.0962,2.1653,0.917,0.8856,1.9048,1.9048,210619.0178,210619.0178,131038.4156,1636509.7683,1636509.7683
002218.SZ,20210430,4.23,1.0273,1.8309,1.4,31.5527,32.2177,1.653,3.8439,3.3986,0.591,0.591,123634.2104,121571.9804,68216.0426,522972.71,514249.4771
603178.SH,20210430,8.64,1.6386,6.4616,0.64,31.2538,22.0082,2.4859,1.4223,1.3177,0.0,,20113.9,20096.3,5096.3,173784.096,173632.032
600731.SH,20210430,9.14,3.5847,4.7776,2.87,11.23,11.3736,2.1294,1.6023,1.5896,0.0,,35522.2698,35463.8274,26608.6108,324673.546,324139.3824
600961.SH,20210430,6.23,0.7304,1.2806,0.77,20.6851,18.8323,,0.2226,0.2134,0.0,,52745.7914,52745.7914,30085.4099,328606.2804,328606.2804
603596.SH,20210430,30.02,2.0554,2.0554,0.97,26.5789,25.2952,4.3424,4.032,3.7922,0.3319,0.3319,40856.1,17139.35,17139.35,1226500.122,514523.287
605122.SH,20210430,42.04,6.6178,6.6178,1.08,21.2355,19.8215,2.255,4.3885,4.1264,,,12311.0,3090.0,3090.0,517554.44,129903.6
600828.SH,20210430,3.56,0.2667,1.9733,0.76,28.9459,17.674,0.9652,1.6668,1.4865,8.427,2.809,173198.2546,173136.0181,23397.9684,616585.7864,616364.2244
600077.SH,20210430,2.93,2.4586,5.5711,1.59,11.1427,12.0669,0.8263,0.5483,0.539,1.3546,1.3546,134012.2326,134012.2326,59143.0387,392655.8415,392655.8415
600165.SH,20210430,5.57,0.7472,1.0553,1.13,182.4738,172.2452,3.9773,32.0262,27.944,0.0,,68488.3775,68488.3775,48488.3775,381480.2627,381480.2627
000682.SZ,20210430,4.62,0.4172,0.5198,0.88,22.2697,21.5712,1.7575,1.6657,1.6061,0.8225,0.8225,134072.7007,97802.2745,78496.1319,619415.8772,451846.5082
002721.SZ,20210430,2.77,2.249,3.2971,2.55,,,1.1461,0.6825,0.6647,0.0,,95992.5877,73904.4557,50410.3385,265899.4679,204715.3423
603583.SH,20210430,61.22,0.4047,0.5573,0.62,41.1925,40.2198,4.5905,8.9391,8.4389,0.5313,0.5313,27279.7032,17248.1066,12525.7638,1670063.4299,1055929.0861
600108.SH,20210430,2.68,0.5653,0.7495,0.9,,,1.2998,1.6659,1.5685,0.1679,0.1679,194691.5121,194691.5121,146842.1956,521773.2524,521773.2524
600583.SH,20210430,4.35,0.4036,0.8972,1.46,52.9395,24.4131,0.8452,1.0767,1.0311,1.3793,1.3793,442135.48,442135.48,198880.9938,1923289.338,1923289.338
603308.SH,20210430,26.71,1.1641,1.7455,1.49,64.6454,58.2687,3.3981,7.11,6.9833,0.3033,0.3033,48796.2086,48796.2086,32544.3145,1303346.7317,1303346.7317
688135.SH,20210430,37.33,11.937,11.937,0.88,98.0189,84.6559,5.138,20.1396,18.7774,,,13640.0,2770.4245,2770.4245,509181.2,103419.9466
300626.SZ,20210430,7.61,2.8037,4.6276,0.97,116.7706,79.7507,2.4414,1.8781,1.6702,0.2628,0.2628,18000.0,12110.55,7337.5036,136980.0,92161.2855
600523.SH,20210430,14.23,0.5331,1.1239,1.31,38.2991,31.4975,2.2368,2.5729,2.4164,1.1736,2.5791,40431.132,40404.462,19166.31,575335.0084,574955.4943
603895.SH,20210430,15.75,0.3739,1.4029,0.88,139.484,145.8313,2.8295,3.3582,3.2102,0.0,,10808.0,10808.0,2880.342,170226.0,170226.0
002602.SZ,20210430,6.63,1.4104,1.9149,2.01,16.7702,18.1166,1.67,3.2978,3.2559,,,745255.6968,515776.1115,379883.1876,4941045.2698,3419595.6192
002631.SZ,20210430,5.76,0.587,1.6269,1.66,,3683.9618,2.2751,2.4446,2.2007,1.046,1.046,66558.142,65465.2391,23621.5121,383374.8979,377079.7772
600058.SH,20210430,7.19,0.4065,1.0857,0.6,28.6843,18.8511,1.7757,0.1145,0.1028,0.0,,107191.0711,107191.0711,40130.5789,770703.8012,770703.8012
002015.SZ,20210430,7.72,2.4096,3.0701,0.65,13.0226,12.0456,1.7752,0.9235,0.9024,0.0,,135246.1312,40070.3825,31449.9716,1044100.1329,309343.3529
688200.SH,20210430,323.15,2.0511,3.4032,1.09,99.2616,103.9654,9.0958,49.7428,46.2073,0.1857,0.1857,6118.5186,3557.5525,2144.1209,1977199.2856,1149623.0904
002643.SZ,20210430,15.57,1.8092,3.0542,1.52,28.0462,27.633,2.6705,4.8508,4.6619,1.3102,1.3102,90913.3215,89441.0553,52981.5007,1415520.4158,1392597.231
002466.SZ,20210430,48.38,8.3082,12.6369,1.22,,,14.4709,22.0599,22.5061,0.0,,147709.9383,147292.0163,96838.1427,7146206.815,7125987.7486
603005.SH,20210430,64.16,2.5006,4.0017,0.9,57.0529,48.6983,6.2328,19.7298,17.5337,0.1055,0.1055,33934.4764,32155.1237,20093.4717,2177236.0058,2063072.7366
002956.SZ,20210430,28.92,3.0032,3.9891,0.95,34.999,30.8015,3.4134,4.5166,4.0837,2.7663,2.7663,16000.0,6982.588,5256.816,462720.0,201936.445
600975.SH,20210430,6.45,1.5575,2.3286,1.99,14.89,18.6475,2.8826,1.5456,1.53,0.4651,0.4651,65267.5584,65267.5584,43654.6145,420975.7517,420975.7517
000710.SZ,20210430,29.67,5.1125,8.3882,3.04,49.9425,62.0665,4.3658,6.8302,6.989,0.0,,35460.5865,29708.0649,18106.793,1052115.6015,881438.2856
300147.SZ,20210430,7.67,3.0893,4.5109,0.79,51.5403,119.9942,1.3933,1.6512,1.6549,0.5998,0.5998,66136.1435,65393.1025,44784.4599,507264.2206,501565.0962
603380.SH,20210430,21.62,0.5983,1.713,0.38,21.0584,18.1191,3.3586,2.7052,2.4568,1.1471,1.1471,16128.9,16000.0,5588.48,348706.818,345920.0
002753.SZ,20210430,8.56,1.571,2.378,1.28,21.7589,12.7077,1.572,1.4397,1.2403,0.4673,0.4673,40218.5647,26929.5023,17790.5397,344270.9138,230516.5397
002655.SZ,20210430,7.52,10.295,12.1514,4.42,58.9344,35.794,4.7452,2.2941,2.2816,0.0,,36000.0,35989.095,30491.095,270720.0,270637.9944
600585.SH,20210430,49.03,0.4448,0.8591,0.95,7.3962,7.2123,1.551,1.4742,1.3859,4.0791,4.0791,529930.2579,399970.2579,207083.2565,25982480.5448,19610541.7448
300451.SZ,20210430,10.28,0.9672,1.2131,0.67,36.8903,33.6148,2.8965,7.5084,7.1805,0.2715,,119260.8104,100716.3032,80307.0523,1226001.1309,1035363.5969
605369.SH,20210430,72.89,8.4507,11.831,0.62,36.1415,29.0158,8.1686,9.8399,8.252,,1.7639,11200.0,2800.0,2000.0,816368.0,204092.0
002364.SZ,20210430,8.33,0.6804,1.1501,0.91,55.2017,36.6488,2.0932,3.2749,2.9267,1.1726,1.1726,56356.496,52405.6862,31003.2362,469449.6117,436539.366
002013.SZ,20210430,9.75,0.8808,1.7868,1.46,35.2447,31.0321,2.9149,3.0986,2.7591,0.5851,0.5851,388482.4789,388469.0024,191490.224,3787704.1693,3787572.7734
603806.SH,20210430,91.46,1.1265,3.1738,2.26,44.9731,36.9427,7.6893,8.3858,7.2571,0.4084,0.4084,76955.2372,76955.2372,27313.4227,7038325.9943,7038325.9943
000563.SZ,20210430,3.2,0.306,0.6986,1.13,18.4994,19.5721,1.0599,5.967,6.1436,0.9375,0.9375,396401.2846,396401.2846,173629.1422,1268484.1107,1268484.1107
603663.SH,20210430,14.15,0.3348,1.0117,0.97,42.0145,40.5482,4.2558,3.7159,3.5006,0.6974,0.6974,19252.2972,19185.5452,6348.6516,272420.0054,271475.4646
600815.SH,20210430,2.65,0.3624,0.853,0.77,125.0344,127.4814,3.3955,2.4485,2.1919,0.0,,177409.448,177409.448,75368.795,470135.0372,470135.0372
002050.SZ,20210430,21.42,0.4466,0.9208,0.78,52.6154,47.7579,7.3704,6.3529,5.9022,1.0029,1.0029,359160.1468,352027.9586,170727.8083,7693210.3445,7540438.8732
300788.SZ,20210430,41.82,2.3676,2.3676,0.74,28.1901,24.7597,4.1172,4.2036,3.8937,0.9971,0.9971,19015.1515,5039.0151,5039.0151,795213.6357,210731.6115
603788.SH,20210430,13.96,0.613,1.4066,0.68,17.3648,16.7,1.595,3.4933,3.3161,4.298,4.298,22306.5068,22306.5068,9722.0468,311398.8349,311398.8349
002117.SZ,20210430,7.72,0.9516,1.3752,0.77,25.7916,24.7532,2.9882,3.5674,3.4706,5.1813,10.3627,54566.6421,54549.1146,37746.7896,421254.477,421119.1647
002634.SZ,20210430,6.75,1.3326,2.099,0.49,50.283,48.9484,4.0074,4.956,4.794,0.0,,45935.2513,37065.3542,23531.4684,310062.9463,250191.1409
600225.SH,20210430,1.73,0.2389,0.4632,0.47,,,,1.4952,1.4823,0.0,,93549.2615,93292.3667,48107.7478,161840.2224,161395.7944
000859.SZ,20210430,5.21,0.9786,1.3543,0.8,40.6733,23.9871,1.8451,3.151,2.8092,0.2376,0.2376,89597.6271,73931.248,53422.3058,466803.6372,385181.8021
688360.SH,20210430,26.36,1.1616,1.1616,1.21,33.9927,32.9653,2.6283,2.9447,2.583,,1.3278,8567.6599,2034.8192,2034.8192,225843.515,53637.8341
300286.SZ,20210430,13.39,0.8358,1.5302,0.72,23.6995,21.595,3.5666,4.0042,3.5704,1.433,1.4937,21493.9625,17226.7834,9409.9372,287804.1579,230666.6297
603883.SH,20210430,53.65,1.6933,3.8003,1.31,35.3064,33.6059,5.2677,1.5701,1.531,0.5592,0.5592,40873.2093,40738.8418,18151.968,2192847.6789,2185638.8626
300517.SZ,20210430,24.31,2.8442,4.5325,0.84,49.9878,30.4201,3.1255,3.0266,2.1495,0.0987,0.0987,10672.6,6242.9425,3917.4928,259450.906,151765.9322
600638.SH,20210430,5.66,0.2696,0.5234,1.03,14.1801,14.0464,0.8877,3.1918,3.5195,0.0,,67339.6786,67339.6786,34679.7633,381142.5809,381142.5809
688086.SH,20210430,22.35,9.0823,9.9039,3.44,41.0019,43.3573,2.2875,7.5628,7.7876,0.9754,0.9754,19038.1503,10887.4281,9984.2478,425502.6592,243334.018
600145.SH,20210430,1.41,0.1379,0.2326,0.37,,,4.199,607.8696,88.3408,0.0,,149110.038,149110.038,88371.8284,210245.1536,210245.1536
300417.SZ,20210430,12.23,5.9016,7.1568,0.67,25.2484,26.4115,3.169,5.3768,5.2661,3.7791,3.7791,13700.8376,7563.7369,6237.1661,167561.2438,92504.5023
002756.SZ,20210430,59.15,5.2518,7.3301,1.2,93.0707,77.9493,5.5482,4.8283,4.4397,0.6837,,40595.015,26472.381,18966.5235,2401195.1373,1565841.3362
688022.SH,20210430,26.57,1.593,1.778,1.02,64.998,51.7282,3.2287,4.7577,4.2351,1.0463,1.0463,10800.0,5758.8219,5159.91,286956.0,153011.8979
002404.SZ,20210430,6.5,3.3164,4.719,1.44,19.2769,23.7031,2.2296,1.4426,1.3758,3.0292,6.0275,57767.3641,45894.8777,32253.5148,375487.8667,298316.7051
600057.SH,20210430,6.5,0.9297,2.0186,1.04,10.79,10.0935,1.2419,0.0389,0.0366,3.8217,3.8217,215745.4085,213746.6567,98447.4744,1402345.1553,1389353.2686
000921.SZ,20210430,16.99,1.04,2.4346,1.59,14.664,13.2047,2.318,0.4784,0.4229,2.3249,2.3249,136272.537,90211.859,38535.992,2315270.4036,1532699.4844
300529.SZ,20210430,96.5,0.9578,1.1879,0.96,88.0426,79.1056,24.9777,39.5014,35.8278,0.4866,0.4866,79853.3423,50792.5904,40955.2711,7705847.532,4901484.9736
003005.SZ,20210430,38.28,5.1234,5.1234,1.49,27.4331,21.5779,2.8968,6.7551,5.7314,,,10600.0,2650.0,2650.0,405768.0,101442.0
603716.SH,20210430,13.97,0.6335,1.1163,0.62,49.7596,32.6462,1.8319,1.3476,1.2132,0.554,0.554,20502.7993,19245.3753,10921.6061,286424.1062,268857.8929
300549.SZ,20210430,15.95,2.6013,5.1919,0.86,93.9398,54.7156,3.9934,6.8281,6.1141,0.5016,0.5016,13334.0,9956.75,4988.54,212677.3,158810.1625
002259.SZ,20210430,3.81,0.1616,0.1616,0.57,27.2381,18.605,37.1688,2.9905,2.5333,0.0,,75232.8267,75232.8267,75232.8267,286637.0697,286637.0697
688108.SH,20210430,8.55,0.7679,1.4476,0.6,155.8468,,3.3815,10.7064,12.3867,1.1696,1.1696,41000.0,28738.0545,15243.5374,350550.0,245710.366
300999.SZ,20210430,78.58,7.4333,7.4333,1.15,70.9944,67.0382,5.0449,2.1856,2.0672,,0.1413,542159.1536,39261.3608,39261.3608,42602866.2899,3085157.7317
300329.SZ,20210430,6.3,2.462,4.4367,1.07,50.1744,37.2172,1.5816,3.3587,2.9817,0.4445,0.4445,25355.988,25218.9481,13994.1281,159742.7244,158879.373
600249.SH,20210430,4.78,4.026,6.636,0.85,45.3227,46.7973,1.2472,3.8355,3.6551,0.0,,55000.0,55000.0,33368.0181,262900.0,262900.0
300963.SZ,20210430,29.85,16.677,16.677,0.75,58.6389,56.4835,6.7441,5.9672,5.5459,,,12000.0,2845.3578,2845.3578,358200.0,84933.9303
002444.SZ,20210430,38.4,1.0963,1.9817,0.9,32.5213,30.8076,4.448,5.1388,4.7705,0.0,,114343.8492,108155.0096,59830.1417,4390803.8093,4153152.3686
603648.SH,20210430,8.3,0.4607,0.8973,0.95,27.5057,25.6365,1.7147,2.0173,1.9251,2.1687,2.1687,36866.67,36866.67,18927.3074,305993.361,305993.361
000753.SZ,20210430,2.74,0.3376,0.5388,0.85,20.3705,20.2257,1.0878,0.8718,0.8303,0.0,,99148.1071,99148.1071,62131.3232,271665.8135,271665.8135
603569.SH,20210430,7.32,0.255,1.1472,1.13,34.1993,21.1478,1.8705,1.0059,0.921,9.5492,9.5492,56027.6906,56027.6906,12451.7901,410122.6952,410122.6952
600723.SH,20210430,8.4,0.6475,1.5545,1.39,,52.4116,1.3932,1.7599,1.6155,2.2619,2.2619,65840.7554,65806.9554,27409.1353,553062.3454,552778.4254
002291.SZ,20210430,18.27,5.1231,6.9386,2.09,559.281,163.9413,3.9575,6.3178,5.8663,0.0,,74380.3523,61466.9879,45384.0948,1358929.0365,1123001.8689
300721.SZ,20210430,32.11,1.5182,2.7114,0.75,,131.4019,2.7503,2.762,2.4712,0.1453,0.1453,8637.5267,7935.0,4443.0524,277350.9823,254792.85
002167.SZ,20210430,5.18,0.6131,0.7698,0.7,,,3.624,5.2043,4.6146,0.0,,77139.9,57032.1,45423.9395,399584.682,295426.278
300169.SZ,20210430,8.25,3.049,3.6151,1.31,,,4.3697,3.0099,2.8689,0.0,,32598.434,26337.3105,22212.7638,268937.0805,217282.8116
603721.SH,20210430,14.39,9.3135,18.7699,0.87,,,3.5727,6.2516,5.9036,0.0,,13000.0,13000.0,6450.5215,187070.0,187070.0
300171.SZ,20210430,31.19,3.4433,6.2516,0.78,42.2828,37.2013,5.2645,7.2378,6.7095,0.2244,0.2244,62833.704,42787.7527,23567.2268,1959783.2278,1334550.0067
300959.SZ,20210430,60.35,14.4961,14.4961,1.47,57.9461,56.7663,4.4099,4.3811,3.9202,,,8000.0,2000.0,2000.0,482800.0,120700.0
688661.SH,20210430,69.62,19.645,19.645,1.18,90.7155,65.6861,10.9593,24.2809,19.8158,,,8000.0,1628.2298,1628.2298,556960.0,113357.3587
600166.SH,20210430,3.73,2.7899,4.1008,1.39,158.599,29.8766,1.5465,0.4246,0.3808,0.0,,657519.2047,657519.2047,447327.6713,2452546.6335,2452546.6335
002955.SZ,20210430,20.1,1.2657,1.5338,0.77,58.1566,34.8393,1.5729,1.1892,1.0588,0.0,,23628.1302,9724.8383,8024.8385,474925.417,195469.2498
000673.SZ,20210430,1.93,4.0471,6.2195,3.25,61.8857,90.5969,,7.3339,6.9387,0.0,,79155.0442,78951.0358,51373.999,152769.2353,152375.4991
601838.SH,20210430,11.93,1.5656,2.7931,1.88,7.153,6.8617,1.0337,2.9517,2.8198,3.5205,3.5205,361225.1334,359971.0164,201774.9485,4309415.8415,4294454.2257
002456.SZ,20210430,8.48,1.7841,2.5296,0.5,,,3.0349,0.4726,0.4973,0.3414,0.3414,269473.9325,266805.8214,188176.5623,2285138.9476,2262513.3655
002207.SZ,20210430,5.21,1.5199,1.986,1.01,,,10.4984,6.9828,6.7857,0.0,,26205.5378,23752.9175,18179.0897,136530.8519,123752.7002
600784.SH,20210430,5.16,0.5265,0.6903,0.99,16.8951,14.5964,1.7181,1.1543,1.0658,0.155,0.155,56817.7846,56817.7846,43334.9276,293179.7685,293179.7685
601996.SH,20210430,2.94,2.237,3.8892,2.93,19.5308,16.6847,1.1817,1.9353,1.6949,2.0408,2.0408,114562.28,108034.09,62139.49,336813.1032,317620.2246
002673.SZ,20210430,8.43,0.3907,0.7867,0.98,33.7318,33.5061,1.4346,7.268,6.8273,0.5855,0.5855,446958.1705,350183.977,173919.6541,3767857.3773,2952050.9261
603926.SH,20210430,13.63,0.8211,1.6412,0.7,13.5322,11.3514,1.6614,1.4481,1.3223,2.2012,2.2012,16021.2,15857.4,7933.3884,218368.956,216136.362
002448.SZ,20210430,5.43,1.6303,1.7386,0.32,21.8908,18.604,1.1518,1.7992,1.5343,1.4476,1.4476,60314.4105,47699.0033,44727.4049,327507.249,259005.5879
300347.SZ,20210430,156.51,1.1977,1.3357,0.94,78.04,70.0163,8.3146,42.7758,39.648,0.1776,0.1776,87248.3508,56723.9414,50863.9085,13655239.3837,8877864.0685
600370.SH,20210430,3.09,0.6137,1.3553,1.9,20.2116,16.0879,1.9166,0.6933,0.6961,0.2116,,365716.6407,79724.423,36101.4327,1130064.4198,246348.4671
603690.SH,20210430,30.99,3.4538,5.9673,2.23,37.8312,28.1397,2.8695,7.0568,6.5077,0.2239,0.2239,31812.8474,25220.2859,14597.2902,985880.1409,781576.66
002464.SZ,20210430,1.98,0.4936,0.7483,0.65,,,,3.8942,3.9101,0.0,,52179.4388,52179.4388,34419.7639,103315.2888,103315.2888
600783.SH,20210430,11.9,1.4586,4.7934,3.67,26.4438,28.3163,2.4027,73.3007,69.8309,1.2605,1.2605,74435.9294,74435.9294,22649.7417,885787.5599,885787.5599
600511.SH,20210430,36.87,4.684,7.586,2.23,20.1192,19.2047,2.3703,0.6889,0.6543,1.7304,1.7304,75450.2998,55334.6424,34166.1253,2781852.5536,2040188.2653
002660.SZ,20210430,6.54,1.7423,2.0607,1.29,28.5375,27.8296,2.5558,1.4528,1.315,0.0,,27432.7707,21129.2047,17864.0507,179410.3204,138184.9987
600288.SH,20210430,11.9,0.8919,1.2696,0.99,90.8279,62.9594,3.1127,2.2452,2.137,0.0672,0.0672,43680.0,43680.0,30684.0,519792.0,519792.0
600079.SH,20210430,32.92,0.6426,0.9142,0.62,46.8089,40.9512,4.4582,2.6394,2.627,0.1245,0.1245,163307.1908,135370.4302,95148.0774,5376072.7211,4456394.5622
002907.SZ,20210430,11.93,0.3081,1.4917,0.42,40.2082,37.4943,4.215,5.4305,5.0876,0.3689,0.3689,40170.1644,28381.797,5861.0525,479230.0613,338594.8382
002951.SZ,20210430,10.8,2.0452,2.0452,0.87,23.1206,22.8732,2.9658,6.8405,6.7481,2.3148,2.3148,40500.0,7166.6666,7166.6666,437400.0,77399.9993
688101.SH,20210430,15.04,0.5754,1.1006,1.04,22.6394,22.1484,1.493,5.7294,5.5639,1.6622,1.6622,33388.0,17955.068,9386.833,502155.52,270044.2227
000589.SZ,20210430,6.39,3.7362,5.0038,2.42,5.3676,5.0661,1.0355,0.8975,0.8321,0.5221,0.5221,95631.9462,77546.4304,57901.9402,611088.1362,495521.6903
603396.SH,20210430,31.08,2.814,6.7053,2.61,39.8212,35.0571,3.3973,3.0993,2.7586,0.5792,1.3514,10577.9334,10577.9334,4439.1842,328762.1701,328762.1701
000676.SZ,20210430,6.11,5.5749,9.182,0.71,,,2.1375,0.7559,0.9008,0.3765,0.3765,132570.0535,102316.7215,62122.0745,810003.0269,625155.1684
300819.SZ,20210430,35.01,12.9982,12.9982,0.48,599.4293,280.5619,4.288,10.0185,10.4881,0.0,,9947.0,2947.0,2947.0,348244.47,103174.47
300309.SZ,20210430,2.0,2.6573,3.3129,1.3,,,496.9408,9.2362,8.4345,0.0,,88612.3765,83741.7268,67169.217,177224.753,167483.4536
688505.SH,20210430,18.68,7.9504,7.9504,1.18,118.3221,103.5978,9.6546,23.3667,21.0564,,,104300.0,9626.5038,9626.5038,1948324.0,179823.091
605158.SH,20210430,11.7,2.7208,2.7208,0.76,16.7244,15.2166,2.2863,0.7544,0.6981,,,39340.0,9840.0,9840.0,460278.0,115128.0
300612.SZ,20210430,14.83,1.4431,1.9315,0.76,,,8.4996,3.8788,3.346,0.0,,16200.0,10001.2444,7472.4475,240246.0,148318.4545
300235.SZ,20210430,10.47,1.2869,1.5159,0.64,56.3322,52.8805,2.6422,14.3653,13.8155,0.4776,0.4776,16783.109,11280.9661,9576.7766,175719.1512,118111.7151
600360.SH,20210430,6.93,5.4477,7.0129,1.38,194.6888,181.8988,2.1258,3.8723,3.714,0.3621,0.3621,96029.5304,96029.5304,74596.8648,665484.6457,665484.6457
300161.SZ,20210430,20.59,2.4714,3.8927,0.83,128.0753,,3.0824,2.69,2.6462,0.0971,0.0971,17276.5551,16800.4991,10666.2451,355724.2695,345922.2765
300779.SZ,20210430,16.2,0.9856,1.1958,0.84,59.9663,54.2936,2.4162,5.0022,5.111,0.6173,0.6173,10000.0,6927.6663,5710.2213,162000.0,112228.1941
300434.SZ,20210430,9.33,2.1731,5.3911,2.33,,,1.7881,4.8222,3.9616,0.7503,0.7503,40174.3872,23135.9796,9325.9192,374827.0326,215858.6897
000695.SZ,20210430,5.37,0.7399,1.0979,1.12,,,3.3653,2.2289,1.9844,0.0,,22214.7539,22172.1339,14942.5682,119293.2284,119064.359
000905.SZ,20210430,6.76,0.4005,0.8926,0.74,31.5219,25.1787,1.1939,0.2691,0.2324,0.2219,0.2219,62519.1522,53099.85,23828.25,422629.4689,358954.986
000573.SZ,20210430,2.9,1.6106,2.0167,2.33,,,1.1291,2.2408,1.8748,3.5047,3.5047,63828.0604,63250.3003,50514.3296,185101.3752,183425.8709
300521.SZ,20210430,19.11,0.2621,0.4801,0.64,,,5.4878,20.1689,19.2408,0.0262,0.0262,14400.0,14399.9055,7860.5392,275184.0,275182.1941
600639.SH,20210430,12.23,1.219,3.4998,3.32,12.3917,17.3312,1.2939,3.8203,5.7052,2.5348,2.5348,112241.2893,85023.6703,29615.5246,1372710.9681,1039839.4878
600835.SH,20210430,18.55,0.7537,1.9272,0.7,16.7898,14.7431,1.5575,0.811,0.7595,1.9946,1.9946,102273.9308,80650.43,31543.0714,1897181.4163,1496065.4765
000973.SZ,20210430,4.05,0.9547,1.3034,1.54,55.4508,44.0222,1.6216,1.7039,1.6143,0.7407,0.7407,96742.3171,96739.9968,70863.9456,391806.3843,391796.987
000501.SZ,20210430,11.37,1.0523,1.7288,0.73,15.9719,8.4115,0.8587,1.1445,1.047,1.9349,1.9349,76899.2731,76779.2464,46733.6747,874344.7351,872980.0316
000822.SZ,20210430,6.02,4.3715,7.327,1.53,,,1.7334,1.4612,1.3573,1.495,1.495,89509.1926,89509.1926,53404.3048,538845.3395,538845.3395
688588.SH,20210430,19.97,4.0531,4.0531,1.01,39.7922,39.4507,6.4695,12.6778,12.2242,1.0015,1.0015,40001.0003,3800.95,3800.95,798819.976,75904.9715
300812.SZ,20210430,37.49,2.3469,2.7753,0.57,49.2892,37.7549,3.6778,6.7536,6.3441,1.3337,1.3337,7751.1683,3263.9183,2760.1115,290591.2996,122364.2971
002433.SZ,20210430,3.78,13.4242,20.2762,2.16,130.4079,,0.5596,0.8092,0.8028,0.3995,0.3995,76677.32,74438.57,49283.309,289840.2696,281377.7946
600386.SH,20210430,3.5,0.5982,1.3294,1.23,41.3959,22.681,1.5697,0.6237,0.5839,1.1429,1.1429,80640.0,80640.0,36288.0,282240.0,282240.0
605116.SH,20210430,17.38,24.023,24.023,1.29,44.3268,49.855,4.9164,9.6604,9.5858,,,40100.0,4100.0,4100.0,696938.0,71258.0
002651.SZ,20210430,9.04,0.7815,1.7014,1.3,48.7397,39.3602,3.7999,11.4081,9.8887,0.6535,0.6535,103346.0,53313.8641,24487.728,934247.84,481957.3315
300971.SZ,20210430,35.14,16.1023,16.1023,0.86,35.2268,29.526,5.674,8.1059,7.2176,,,8400.0,1991.5411,1991.5411,295176.0,69982.7543
300808.SZ,20210430,12.95,1.651,1.651,0.71,54.0438,54.6225,1.9012,2.9367,2.9187,0.5251,0.5251,16000.0,4960.0,4960.0,207200.0,64232.0
603809.SH,20210430,18.88,0.7168,1.226,0.74,23.1045,20.0989,2.2502,3.4888,3.0917,1.0237,1.0237,21634.82,20907.32,12223.99,408465.4016,394730.2016
603010.SH,20210430,20.17,3.8974,7.0078,2.71,24.8918,17.4049,6.639,4.201,3.3894,0.5315,1.948,48527.2654,48352.0414,26891.026,978794.9431,975260.675
600107.SH,20210430,6.66,1.2642,1.5879,1.02,18.2969,15.8813,3.2621,7.0743,6.1144,0.0,,36000.0,36000.0,28661.1262,239760.0,239760.0
002343.SZ,20210430,5.68,1.2477,1.7791,1.15,,,2.4459,4.0015,3.9384,0.0,,47494.9686,47369.3052,33222.0466,269771.4216,269057.6535
002334.SZ,20210430,5.16,1.8709,1.9433,0.4,28.6614,23.0829,2.203,1.7004,1.5294,0.0,,75346.521,63292.3739,60933.3843,388788.0484,326588.6493
600745.SH,20210430,85.3,2.647,4.321,1.29,43.9714,43.6773,3.5577,2.054,2.0284,0.1588,0.1588,124507.9062,86428.2281,52944.9731,10620524.3989,7372327.8569
000777.SZ,20210430,11.03,0.6579,0.9043,0.85,40.4195,35.9387,2.7251,3.6243,3.2632,0.9701,0.9701,38341.7593,38340.6551,27893.7372,422909.6051,422897.4258
300208.SZ,20210430,8.07,1.5018,3.8566,1.01,,,4.5058,20.8928,12.468,0.0,,74947.5,68739.4322,26768.185,604826.325,554727.2179
600740.SH,20210430,6.44,2.3293,5.4107,0.78,11.567,8.7625,1.093,1.7874,1.5633,1.1945,1.1945,197086.2426,197086.2426,84846.6693,1269235.4023,1269235.4023
000811.SZ,20210430,7.63,1.8505,3.2518,1.07,25.5748,19.7044,1.2758,1.4074,1.2579,0.6553,0.6553,74583.7804,74582.1693,42441.8428,569074.2445,569061.9518
603500.SH,20210430,12.38,0.9655,3.3166,0.87,38.6144,30.375,2.5202,7.9948,6.229,2.4233,,17640.0,17640.0,5135.018,218383.2,218383.2
600354.SH,20210430,4.37,1.25,1.759,0.74,78.0726,42.9644,3.6794,2.4172,2.3595,0.0,,52780.208,52780.208,37506.3036,230649.509,230649.509
605006.SH,20210430,13.67,19.2671,19.2671,0.93,39.6528,23.4849,4.0054,3.4246,2.9667,,1.0973,50000.0,10000.0,10000.0,683500.0,136700.0
300512.SZ,20210430,11.62,0.4873,1.3365,0.84,71.9177,54.1331,2.1592,4.801,4.6438,0.6796,0.6796,27354.0,21671.5647,7900.9765,317853.48,251823.5818
300191.SZ,20210430,17.18,0.4836,0.7192,0.83,524.3951,821.3555,4.5424,12.9303,13.9372,0.1164,0.1164,32000.0,20702.0,13919.0,549760.0,355660.36
300807.SZ,20210430,22.7,5.2027,5.2027,0.77,485.8552,,2.4637,7.1306,6.9615,3.0837,3.0837,6785.1,2956.8958,2956.8958,154021.77,67121.5347
300582.SZ,20210430,17.5,3.7001,8.1517,0.94,21.4018,18.9637,2.7282,3.2858,2.9997,0.3355,0.3355,19772.545,13627.3011,6185.5221,346019.5375,238477.7693
600895.SH,20210430,18.17,1.273,2.585,2.27,15.4437,13.613,2.4773,36.1136,14.6806,0.6604,0.6604,154868.955,154868.955,76265.295,2813968.9124,2813968.9124
603933.SH,20210430,13.34,9.5002,37.9972,9.13,106.6568,51.193,2.5324,1.7932,1.5962,0.7496,0.7496,20123.32,20123.32,5031.32,268445.0888,268445.0888
300219.SZ,20210430,10.35,0.52,0.8884,0.65,78.964,51.0685,3.7018,2.3452,2.1552,0.0,,70794.3506,62769.5169,36738.6545,732721.5287,649664.4999
002338.SZ,20210430,17.47,1.6907,2.9352,0.58,80.4357,73.8434,4.6172,9.513,8.2532,0.2862,0.2862,24000.0,23999.4,13823.9216,419280.0,419269.518
000783.SZ,20210430,7.24,0.5592,0.8436,1.34,19.1988,16.9612,1.3908,5.1434,4.7754,2.0717,2.0717,552993.9377,552993.9377,366604.5263,4003676.1089,4003676.1089
600193.SH,20210430,6.73,1.0843,1.6781,2.3,49.4075,43.6595,9.5783,2.6121,2.3698,0.0,,42537.3,42537.3,27485.3755,286276.029,286276.029
000416.SZ,20210430,4.26,1.0911,1.4091,1.01,64.6946,78.5734,2.5141,202.7071,186.2231,0.7042,,53187.1494,53164.1098,41165.967,226577.2564,226479.1077
600690.SH,20210430,33.13,0.6017,1.017,1.58,34.8903,28.5176,4.1615,1.4767,1.3991,1.1319,1.1319,934822.8194,630855.2654,373199.3506,30970680.0067,20900234.9427
002029.SZ,20210430,5.51,0.618,1.0317,0.81,19.9252,13.1945,0.6952,1.2502,1.1573,1.8149,1.8149,75567.0,72370.2668,43347.945,416374.17,398760.1701
300821.SZ,20210430,9.61,1.7596,2.4458,0.93,41.0783,32.9987,2.8453,4.6067,4.3722,2.6015,1.3007,120000.0,41700.0,30000.0,1153200.0,400737.0
300457.SZ,20210430,16.87,2.0512,2.8995,0.73,57.4628,182.912,2.0799,4.595,4.5935,0.2401,0.2401,64953.7963,43383.5051,30691.3723,1095770.5436,731879.731
000960.SZ,20210430,14.6,2.8202,5.1285,0.82,35.2903,25.0787,1.8367,0.5439,0.4932,0.0,,166877.6379,166877.6379,91767.7314,2436413.5133,2436413.5133
300651.SZ,20210430,43.84,0.7426,1.0789,0.78,187.616,184.0012,8.1835,12.5686,11.9145,0.2281,0.2281,12874.678,6864.2961,4724.7296,564425.8835,300930.741
002308.SZ,20210430,4.44,2.4273,3.6929,1.06,112.4036,240.9829,1.7403,6.2786,5.9015,0.0,,90621.4651,90605.7251,59555.5142,402359.305,402289.4194
601872.SH,20210430,4.91,0.2552,0.6713,1.03,11.9151,17.4799,1.2752,1.8311,1.9365,2.0367,2.0367,674012.0114,559983.1241,212892.8617,3309398.976,2749517.1393
002526.SZ,20210430,2.05,0.6965,0.8822,1.04,34.6303,41.9809,1.3258,1.7485,1.7573,0.4878,0.4878,178279.3836,176090.6886,139027.3964,365472.7364,360985.9116
300442.SZ,20210430,46.91,0.597,0.8989,0.4,,,9.1273,10.2091,8.9888,0.0576,0.0576,10000.0,9919.5625,6588.25,469100.0,465326.6769
688278.SH,20210430,33.98,0.4164,0.9358,1.19,118.5821,107.6329,13.3606,17.4108,16.8196,0.0736,0.0736,40680.0,22032.5444,9804.033,1382306.4,748665.8587
000686.SZ,20210430,8.22,0.5767,1.0049,1.18,14.429,14.379,1.1312,2.9107,3.1537,1.2165,1.2165,234045.2915,234045.2915,134321.0589,1923852.2961,1923852.2961
000893.SZ,20210430,11.28,1.1824,2.0204,0.76,143.2141,116.9225,2.2881,23.5091,20.9561,0.0,,75690.3272,40334.25,23604.3946,853786.8908,454970.34
600208.SH,20210430,3.08,0.3608,0.841,1.39,8.3697,7.4865,0.6918,1.9204,1.8399,0.3184,0.3184,859934.3536,859817.1921,368896.8065,2648597.8091,2648236.9517
600191.SH,20210430,2.8,0.0323,0.0707,0.02,,,0.8052,35.1405,48.0126,0.5357,0.5357,48493.2,48493.2,22147.6387,135780.96,135780.96
300355.SZ,20210430,4.01,3.5123,3.7448,1.09,27.7166,24.8058,1.5934,2.5309,2.4742,0.0998,0.0998,160424.2081,130768.5528,122651.5907,643301.0745,524381.8967
300476.SZ,20210430,23.27,1.0321,1.672,0.74,34.8702,30.3151,4.6236,3.2313,2.911,0.8182,0.8182,77756.1455,76304.355,47104.5073,1809385.5058,1775602.3409
300416.SZ,20210430,18.93,1.0975,1.5997,0.57,40.4545,35.5044,5.5242,4.2137,3.8692,0.4073,1.0118,26373.7554,26177.7804,17959.7804,499255.1897,495545.383
600250.SH,20210430,4.5,1.3389,2.487,1.06,64.0286,757.0482,1.6076,1.4575,1.2798,0.0,,31059.3879,27003.7533,14537.4566,139767.2456,121516.8899
605358.SH,20210430,80.26,6.3057,6.3057,0.7,159.1945,131.0794,16.5846,21.4049,19.4354,,,40058.0,4058.0,4058.0,3215055.08,325695.08
603682.SH,20210430,7.1,1.1509,1.3763,0.59,21.4862,23.5422,3.0857,4.538,4.5751,5.3521,5.3521,47250.0,17955.0,15014.9916,335475.0,127480.5
605289.SH,20210430,32.65,14.0157,14.0157,,26.2186,26.1527,2.3669,4.7112,4.6236,,,8667.0,2167.0,2167.0,282977.55,70752.55
688298.SH,20210430,183.51,9.2896,14.6816,1.19,13.1285,7.8095,6.0591,6.7439,4.0849,0.1144,0.1144,12000.0,6022.752,3810.8164,2202120.0,1105235.2195
603505.SH,20210430,25.16,0.8906,1.9085,1.36,25.3759,24.5302,5.356,6.8672,6.5135,1.1826,1.1826,24000.0,23749.8,11082.462,603840.0,597544.968
600573.SH,20210430,9.05,2.7796,5.5679,0.44,78.9132,71.1929,1.9586,3.6826,3.6147,0.3315,0.3315,25000.0,25000.0,12480.5422,226250.0,226250.0
300249.SZ,20210430,7.29,2.9538,3.2661,0.81,,,4.9189,2.3698,2.2039,0.0,,43747.0194,30527.025,27608.0977,318915.7714,222542.0123
000059.SZ,20210430,6.25,1.1246,2.1566,0.83,30.8069,5.7282,0.7102,0.3284,0.3093,3.76,3.76,159944.2537,159943.9081,83401.9906,999651.5856,999649.4256
600830.SH,20210430,4.67,0.501,0.7312,0.59,,,1.0104,24.7775,21.5909,0.4283,0.4283,45432.2747,45432.2747,31131.0133,212168.7228,212168.7228
600868.SH,20210430,2.88,1.0335,1.1911,1.01,159.5166,193.6912,2.3267,30.0318,30.5462,0.3472,0.3472,189814.8679,189814.8679,164698.0957,546666.8196,546666.8196
605168.SH,20210430,117.71,5.1136,5.1255,1.13,22.6053,21.837,4.6899,2.9211,2.8028,1.2631,1.2631,6967.78,1726.67,1722.67,820177.3838,203246.3257
002202.SZ,20210430,12.19,1.2901,1.7968,0.84,17.3792,16.9382,1.6042,0.9154,0.8938,1.3126,1.3126,422506.7647,339348.3505,243660.7463,5150357.4617,4136656.3926
600052.SH,20210430,3.54,1.8753,3.7257,1.17,,144.0024,0.8849,16.029,15.8592,2.7666,2.7666,84419.4741,84419.4741,42490.2226,298844.9383,298844.9383
601577.SH,20210430,9.01,2.7231,2.7719,1.33,6.7875,6.69,0.7913,2.0105,2.0042,3.0217,3.0217,402155.3754,99533.2714,97781.7189,3623419.9324,896794.7753
600125.SH,20210430,5.01,0.928,1.3258,1.69,16.3271,17.3558,1.0307,0.4312,0.4285,2.1956,2.1956,130552.1874,130552.1874,91377.407,654066.4589,654066.4589
002535.SZ,20210430,1.66,0.6322,0.7454,0.33,35.7168,36.7766,1.671,1.4705,1.4959,0.0,,80168.3074,56930.3753,48279.9849,133079.3903,94504.423
002242.SZ,20210430,31.8,0.7701,2.356,1.85,25.951,25.0649,5.4636,2.1736,2.0737,1.8239,1.8239,76716.9,76428.052,24983.2684,2439597.42,2430412.0536
603217.SH,20210430,28.19,2.9924,2.9924,0.98,22.7704,16.9658,1.5349,2.9402,2.5085,1.5203,1.5203,12745.6,4569.938,4569.938,359298.464,128826.5522
600308.SH,20210430,5.67,2.9327,4.557,2.1,9.5055,7.6255,0.7314,0.5379,0.4858,3.0864,3.0864,116756.1419,116756.1419,75140.6117,662007.3246,662007.3246
605188.SH,20210430,9.35,9.8991,9.8991,0.92,43.7183,56.2385,4.0746,2.0555,2.1182,0.0,,49558.0,4958.0,4958.0,463367.3,46357.3
002699.SZ,20210430,5.12,1.3423,3.253,0.65,,,2.091,4.7018,4.8996,0.0,,90957.2725,90957.2725,37532.0713,465701.2352,465701.2352
000656.SZ,20210430,6.6,1.5772,2.695,4.69,5.0131,4.9694,1.0235,0.4018,0.3811,6.808,6.808,533971.5816,527746.1006,308857.6598,3524212.4386,3483124.264
002931.SZ,20210430,15.73,1.6207,1.6207,1.1,28.9947,24.0876,3.5668,4.0814,3.6588,0.596,0.596,14220.8,12758.156,12758.156,223693.184,200685.7939
600391.SH,20210430,16.79,1.3643,2.1324,1.81,,,3.8757,2.037,1.8662,0.0,,33012.9367,33012.9367,21122.2062,554287.2072,554287.2072
300065.SZ,20210430,10.04,1.3797,1.5783,0.51,69.9777,95.0287,2.6924,4.5901,4.5271,0.2984,0.2984,39817.4035,33055.7189,28895.3864,399766.7311,331879.4178
600698.SH,20210430,2.58,1.2916,2.2047,1.1,269.1697,232.6992,3.5034,4.277,3.8436,0.0,,106441.0032,73757.5229,43210.0241,274617.7883,190294.4091
002836.SZ,20210430,8.94,0.6045,2.005,1.16,44.5176,47.6779,3.5563,6.7182,7.4063,1.1186,1.1186,16000.0,16000.0,4823.9619,143040.0,143040.0
300673.SZ,20210430,32.68,1.899,2.6291,0.89,48.3166,43.8811,3.389,4.1408,3.9084,0.0,,16976.67,10897.407,7871.497,554797.5756,356127.2608
603009.SH,20210430,5.61,2.4804,4.5546,0.43,66.4256,42.3191,1.2339,1.3696,1.2165,0.0,,35900.2153,32804.1393,17865.1815,201400.2078,184031.2215
600662.SH,20210430,8.72,0.8022,1.4586,0.4,157.3019,66.0985,2.8486,3.4006,3.4274,0.4587,0.4587,105336.2191,105336.2191,57931.863,918531.8306,918531.8306
603600.SH,20210430,11.78,3.5256,7.7538,4.78,15.3274,13.7877,2.4634,1.0378,0.8755,1.698,1.698,30251.264,30251.264,13754.9857,356359.8899,356359.8899
002771.SZ,20210430,10.4,1.0708,1.43,1.14,106.7556,137.366,3.119,3.2959,3.3272,0.3365,0.3365,20976.41,14887.2587,11147.781,218154.664,154827.4905
600594.SH,20210430,6.17,4.609,6.0185,1.15,21.3597,20.367,1.4223,1.4316,1.3762,9.7245,9.7245,79192.74,79192.74,60646.9764,488619.2058,488619.2058
603993.SH,20210430,5.81,1.4914,3.7624,0.98,53.8871,43.4509,3.2464,1.1107,0.9615,0.7401,0.7401,2159924.0583,1766577.2583,700277.2183,12549158.7787,10263813.8707
600060.SH,20210430,11.06,1.4332,2.6802,0.83,12.1056,10.7441,0.9173,0.3681,0.3371,1.1483,1.1483,130848.1222,130848.1222,69968.202,1447180.2315,1447180.2315
603156.SH,20210430,27.18,0.2299,0.5649,0.48,21.7993,19.211,2.7377,7.7694,6.3862,6.132,6.132,126549.36,126549.36,51512.8506,3439611.6048,3439611.6048
601598.SH,20210430,4.88,3.0121,3.4412,1.43,13.112,10.7903,1.1543,0.4272,0.3721,2.459,2.459,740080.3875,135163.7231,118310.3236,3611592.291,659598.9687
300275.SZ,20210430,8.35,0.6941,0.77,0.43,58.0648,57.4616,2.2647,5.5235,5.4256,0.2564,0.2564,18834.8755,12592.6378,11351.2678,157271.2104,105148.5256
300598.SZ,20210430,63.88,3.7159,6.4846,1.56,114.5653,93.5425,6.5285,7.1896,6.194,0.0142,0.0142,10555.93,10555.93,6048.8543,674312.8084,674312.8084
600577.SH,20210430,3.65,0.8014,1.0476,0.68,16.7421,15.0154,1.9232,0.5635,0.5071,3.2876,3.8355,192145.396,192145.396,146993.4773,701330.6954,701330.6954
601003.SH,20210430,7.2,0.7943,4.5399,0.92,10.7367,8.3199,1.4832,0.3374,0.2995,6.25,6.25,256279.32,256279.32,44836.0065,1845211.104,1845211.104
601001.SH,20210430,6.87,5.5073,12.9448,1.36,13.1303,10.5583,1.4553,1.0544,0.9828,0.0,,167370.0,167370.0,71206.7492,1149831.9,1149831.9
300832.SZ,20210430,132.17,1.9243,1.9243,0.57,58.0317,54.6894,10.807,24.8297,22.3491,1.1349,1.1349,41235.0,4120.0,4120.0,5450029.95,544540.4
600400.SH,20210430,3.15,0.5495,1.5323,3.74,55.0227,59.127,2.3305,3.3473,3.4696,1.4941,1.4941,253325.6912,253325.6912,90846.8003,797975.9273,797975.9273
600111.SH,20210430,20.35,2.6556,4.1547,0.78,88.7951,50.544,6.5159,3.4799,3.2062,0.0,,363306.6,363306.6,232216.5761,7393289.31,7393289.31
000627.SZ,20210430,3.82,0.2495,0.7064,1.36,32.5236,44.8869,0.8773,0.4581,0.5193,2.6178,2.6178,494062.9165,446250.4165,157586.6288,1887320.341,1704676.591
300621.SZ,20210430,9.02,2.8818,7.2425,2.26,40.7402,29.4233,2.1146,0.8892,0.5811,0.7762,0.7762,20805.67,19379.9186,7711.2972,187667.1434,174806.8658
300919.SZ,20210430,103.67,3.5408,3.5408,0.55,140.5553,103.7794,14.5672,7.938,6.1769,,,56965.0,4283.807,4283.807,5905561.55,444102.2717
600776.SH,20210430,11.21,0.6821,1.589,1.0,135.9799,135.3679,4.4129,4.7458,4.5167,0.3568,0.3568,125600.0064,95600.0064,41038.4512,1407976.0717,1071676.0717
600231.SH,20210430,2.93,1.5316,5.9356,0.84,14.8379,10.4577,0.9639,0.408,0.3799,1.6398,1.6398,282615.8715,282615.8715,72925.1287,828064.5035,828064.5035
600155.SH,20210430,9.27,0.5434,0.8199,0.66,24.4947,24.2623,1.0811,52.345,70.4127,0.0,,173955.6648,173955.6648,115287.9597,1612569.0127,1612569.0127
600110.SH,20210430,7.88,3.4915,3.8389,0.84,2044.5109,137.4941,3.1632,5.1098,4.0839,0.0,,139726.8615,115031.2097,104620.4323,1101047.6686,906445.9324
300266.SZ,20210430,2.88,0.6221,0.9505,0.89,,,2.4137,1.8533,1.7528,0.0,,157576.8739,154865.6416,101357.5575,453821.3968,446013.0478
000705.SZ,20210430,7.91,4.0274,4.5289,0.66,29.5651,28.4468,1.4863,0.7683,0.7482,0.7585,0.7585,33412.3286,28197.2076,25074.6562,264291.5192,223039.9121
603439.SH,20210430,16.07,3.0616,3.0616,0.62,69.6697,71.5224,6.5109,10.3862,10.6953,0.0,,40732.2216,16228.3576,16228.3576,654566.8011,260789.7066
300204.SZ,20210430,8.46,0.6014,1.3964,0.87,,,2.6114,9.4712,8.2902,0.0,,47603.4544,46708.8464,20115.4011,402725.2242,395156.8405
300328.SZ,20210430,6.56,0.6588,1.3105,1.05,279.3679,2599.4187,3.5048,4.7905,4.7755,0.813,0.813,69042.36,68081.61,34223.11,452917.8816,446615.3616
603768.SH,20210430,15.35,0.1819,0.6529,0.59,41.658,28.0736,1.7407,1.3632,1.1816,0.241,0.241,20400.0,20400.0,5682.5,313140.0,313140.0
002155.SZ,20210430,7.88,1.0679,1.7759,1.27,42.0485,28.0602,1.8246,0.6309,0.6223,0.3807,0.3807,120203.9474,120182.1069,72271.4703,947207.1055,947035.0024
300027.SZ,20210430,4.11,1.2115,1.6745,0.98,,,3.5395,7.6152,6.8474,0.0,,277925.4919,224456.7944,162393.4603,1142273.7717,922517.425
688215.SH,20210430,38.06,1.1777,1.1777,0.65,95.4935,60.1262,3.5161,11.4239,10.1653,,,4004.0,950.95,950.95,152392.24,36193.157
600800.SH,20210430,4.74,0.7161,0.9959,0.86,30.2148,15.1563,1.9795,2.0553,1.5446,0.0,,118578.758,61127.1047,43953.97,562063.3129,289742.4763
600716.SH,20210430,4.0,0.4203,0.8778,1.35,65.1005,32.45,0.6842,4.1877,3.2294,2.5,2.5,93606.059,93606.059,44817.7047,374424.236,374424.236
002701.SZ,20210430,5.59,1.0418,1.6747,0.5,19.1035,14.0908,2.0131,1.2797,1.1492,3.1326,3.1326,241760.738,241539.3504,150254.2333,1351442.5254,1350204.9687
300979.SZ,20210430,101.6,18.8321,18.8321,,63.1151,57.8377,11.8515,8.5109,8.351,,,116700.0,7698.3681,7698.3681,11856720.0,782154.199
300747.SZ,20210430,90.55,4.3635,5.3624,4.01,88.0743,65.9857,9.7465,11.257,9.4315,0.1001,0.1001,28800.0,15280.902,12434.4306,2607840.0,1383685.6761
002501.SZ,20210430,3.28,0.129,0.1791,0.49,2.3624,2.271,5.6735,111.779,84.2765,0.0,,355000.0,354111.9006,255049.3972,1164400.0,1161487.034
300540.SZ,20210430,17.59,2.5391,4.6307,0.91,232.6629,160.89,3.9014,4.2283,4.2185,0.1706,0.1706,12469.1993,8876.5337,4867.234,219333.2157,156138.2278
603856.SH,20210430,11.93,1.6619,5.016,0.91,9.665,9.4658,1.5296,1.2866,1.2423,1.9658,1.9658,25803.46,25641.46,8495.6797,307835.2778,305902.6178
002152.SZ,20210430,12.92,4.1842,8.9568,1.49,45.8087,42.2683,2.9832,5.0049,4.9083,0.901,0.901,248338.2898,239424.0263,111847.0094,3208530.7042,3093358.4198
002369.SZ,20210430,5.48,1.2516,1.5061,0.6,,,2.3249,1.0395,1.0226,0.0,,57676.9204,57576.2279,47844.5107,316069.5238,315517.7289
688109.SH,20210430,75.27,6.2962,6.2962,0.62,41.9155,37.8322,4.552,10.7734,9.8533,,,5437.4,1237.5507,1237.5507,409273.098,93150.4412
600679.SH,20210430,12.28,0.5615,1.8687,0.84,94.1877,69.6905,2.9817,4.1573,3.3627,0.0,,46574.0244,23059.8947,6928.4723,571929.0196,283175.5069
603260.SH,20210430,59.75,0.888,5.9626,0.81,39.9098,27.2619,5.2929,6.2493,5.3967,0.3849,0.3849,93800.0,93800.0,13968.824,5604550.0,5604550.0
300970.SZ,20210430,57.0,10.0768,10.0768,0.67,25.1014,36.5675,2.2555,5.4578,5.8356,,,5835.0,1459.0,1459.0,332595.0,83163.0
601339.SH,20210430,5.9,1.6952,6.589,0.78,24.1767,17.0961,1.0824,1.4426,1.3317,1.0169,1.0169,150000.0,150000.0,38591.3228,885000.0,885000.0
002019.SZ,20210430,17.89,1.0027,1.1752,0.68,22.8094,28.4199,2.5625,4.0902,4.1865,0.56,0.56,123467.7077,84558.7472,72145.5895,2208837.2908,1512755.9874
600439.SH,20210430,2.66,0.9438,1.4237,1.74,78.9451,72.8045,1.0802,2.2647,2.1907,1.1278,1.1278,113198.544,113198.544,75044.7223,301108.127,301108.127
002304.SZ,20210430,192.5,1.0536,2.4259,1.12,38.7712,39.5086,6.8506,13.7479,12.978,1.5522,1.5522,150698.8,124751.8277,54183.9275,29009519.0,24014726.8323
300771.SZ,20210430,24.86,2.43,2.4789,1.16,16.6113,18.7095,2.1939,3.8686,3.7291,1.0056,1.0056,16000.0,7463.8,7316.6495,397760.0,185550.068
688639.SH,20210430,43.72,19.6372,19.6372,0.51,38.9905,38.9905,4.501,9.6907,9.6907,,,10800.0,2370.4753,2370.4753,472176.0,103637.1801
002559.SZ,20210430,6.06,1.5883,1.9562,1.08,24.8727,22.0708,1.9299,2.0589,1.9182,0.8054,0.8054,55672.3012,47378.0815,38467.207,337374.1453,287111.1739
600421.SH,20210430,9.73,0.061,0.1313,0.24,191.3667,199.2379,54.721,13.5759,13.1132,0.0,,19560.0,19560.0,9085.2748,190318.8,190318.8
002897.SZ,20210430,20.12,1.2084,2.7525,0.66,19.07,19.4367,2.5675,1.0507,0.9836,0.2485,0.2485,17067.2,15700.815,6892.6446,343392.064,315900.3978
600462.SH,20210430,2.37,0.6398,0.7904,0.41,67.8527,69.5739,41.7628,7.1732,6.5784,0.0,,58385.0,53378.0,43204.3096,138372.45,126505.86
300150.SZ,20210430,3.71,0.4007,0.6084,0.63,,,1.1509,2.7929,2.6823,2.6954,2.6954,58510.6053,49862.9514,32837.8823,217074.3457,184991.5497
603101.SH,20210430,5.01,0.3218,1.2248,1.0,145.3564,49.019,1.6407,1.1112,1.2108,0.0,,47040.0,47040.0,12359.76,235670.4,235670.4
002095.SZ,20210430,13.65,1.4946,3.0656,1.11,93.2612,91.4956,3.7565,9.1461,7.5122,0.3663,0.3663,25272.0,25168.1731,12270.385,344962.8,343545.5628
600879.SH,20210430,6.83,0.9897,1.3826,0.99,38.8178,32.5574,1.4499,1.3258,1.2567,0.8785,0.8785,271927.1284,271927.1284,194653.7428,1857262.287,1857262.287
300461.SZ,20210430,19.87,6.0855,10.4069,1.62,30.1597,26.6449,15.2397,7.0904,6.2373,0.0,,12980.6,6440.3118,3766.0158,257924.522,127968.9955
300316.SZ,20210430,38.68,1.2304,2.6233,0.89,57.9501,49.4619,8.9913,13.0503,12.4118,0.2583,0.2583,128568.9364,120758.503,56639.2042,4973046.46,4670938.896
600808.SH,20210430,4.23,2.5437,6.5914,1.87,16.4296,10.4534,1.0904,0.3991,0.3648,1.8913,1.8913,770068.1186,596775.1186,230300.1571,3257388.1417,2524358.7517
605288.SH,20210430,109.01,1.5456,1.5456,0.6,31.9087,30.5106,2.7384,4.3281,3.9507,0.0,,5050.04,1250.0,1250.0,550504.8604,136262.5
002447.SZ,20210430,1.99,0.4353,0.5688,0.53,,,9.0968,26.981,20.1819,0.0,,142719.3,142542.2363,109084.7263,284011.407,283659.0502
002051.SZ,20210430,6.81,0.4019,0.9945,1.06,,,0.7999,1.0578,1.0491,2.2026,2.2026,123740.8937,111232.6784,44956.3184,842675.4861,757494.5399
688363.SH,20210430,208.5,4.2988,5.8244,1.36,154.9612,145.0037,19.3394,38.0137,32.9045,0.1775,0.1775,48000.0,9334.1956,6889.2595,10008000.0,1946179.7826
600877.SH,20210430,16.83,1.086,1.3984,0.7,171.8587,181.9238,33.7446,34.3937,33.0867,0.0,,82216.1695,68728.204,53371.5867,1383698.1327,1156695.6733
300841.SZ,20210430,435.25,3.5183,3.5183,0.82,64.0001,58.8613,12.5725,25.1436,23.3443,0.0,,6000.0,1500.0,1500.0,2611500.0,652875.0
002801.SZ,20210430,38.0,2.6381,4.3876,1.09,30.0726,30.5296,4.791,7.2881,6.7737,0.6073,0.6073,15308.8,7558.72,4544.8,581734.4,287231.36
300839.SZ,20210430,20.71,4.0354,4.0354,0.92,37.2683,41.6354,2.5431,2.2152,2.1154,1.4486,1.4486,10400.0,2600.0,2600.0,215384.0,53846.0
002731.SZ,20210430,6.04,1.3343,2.3163,1.73,53.7015,79.8601,1.2153,0.7334,0.7596,0.2483,0.2483,25615.6,22097.1549,12729.1359,154718.224,133466.8156
300707.SZ,20210430,14.48,1.1106,3.8868,0.71,71.5578,88.1964,3.2967,4.1007,3.8449,0.2753,0.2753,15706.25,11107.5326,3173.7608,227426.5,160837.072
603826.SH,20210430,41.5,0.2281,0.8206,0.68,123.6817,117.2081,12.088,25.8997,24.3286,0.0,,46800.0,46800.0,13010.219,1942200.0,1942200.0
600397.SH,20210430,2.48,1.2959,2.1364,0.86,,,4.0506,0.3229,0.2972,0.0,,98995.9882,98995.9882,60047.3792,245510.0507,245510.0507
000428.SZ,20210430,3.14,1.2594,2.8173,0.6,,,1.628,6.2079,5.5584,0.0,,101892.6,101884.695,45543.803,319942.764,319917.9423
600866.SH,20210430,3.76,0.9868,1.3518,0.98,18.6854,18.3911,1.6311,2.4893,2.4514,0.0,,73901.9166,72235.3211,52734.0791,277871.2064,271604.8073
002146.SZ,20210430,6.16,0.8882,2.0267,1.56,3.5706,3.5631,0.5536,0.3746,0.3562,7.7922,7.7922,434816.3851,389322.8983,170622.8806,2678468.9322,2398229.0535
600321.SH,20210430,2.22,5.6914,10.8626,2.99,,,1.753,4.5844,3.8383,0.4505,0.4505,151055.0,151055.0,79144.8337,335342.1,335342.1
300976.SZ,20210430,175.5,11.5618,11.5618,0.86,42.8406,39.2901,3.1046,9.5507,8.3987,,,5221.4667,1305.3667,1305.3667,916367.4059,229091.8559
600648.SH,20210430,14.02,0.5134,1.4427,1.63,22.0579,16.7401,1.4114,1.5681,1.5042,1.7118,1.7118,113534.9124,93479.1624,33266.4508,1591759.4718,1310577.8568
300911.SZ,20210430,54.39,2.6836,2.6836,0.58,40.3555,34.6281,5.4966,8.0988,7.0934,,,10666.67,2528.9938,2528.9938,580160.1813,137551.9728
600967.SH,20210430,10.36,0.7763,1.826,0.84,26.6782,25.5218,1.7655,1.3227,1.3184,0.6564,0.6564,168963.1817,168963.1817,71830.9318,1750458.5624,1750458.5624
600039.SH,20210430,6.73,0.7385,1.8702,0.9,10.6283,8.1582,1.3462,0.5265,0.4664,0.8067,0.8067,477757.0289,361052.551,142576.3097,3215304.8045,2429883.6682
000031.SZ,20210430,3.65,0.4307,0.788,0.79,,,0.8404,0.4069,0.3923,4.6575,4.6575,428631.3339,189074.8427,103339.4287,1564504.3687,690123.1759
000738.SZ,20210430,18.14,1.4467,2.9723,1.56,56.5374,50.7401,3.3853,5.9399,5.6028,0.2205,0.2205,114564.2349,114563.3774,55762.6341,2078195.2211,2078179.666
600888.SH,20210430,5.86,2.4151,3.7236,0.84,22.134,17.9956,1.5993,1.3593,1.1755,1.0239,2.901,132611.3055,92831.9769,60209.1885,777102.2502,543995.3846
600340.SH,20210430,5.57,3.1815,6.439,2.54,5.9472,,0.5222,0.2154,0.2432,20.7189,20.7189,391372.0342,389335.5062,192373.7655,2179942.2305,2168598.7695
603159.SH,20210430,14.12,0.5914,1.1312,0.63,49.1309,39.2508,4.3737,3.3395,3.0253,1.6289,1.6289,14000.0,14000.0,7319.05,197680.0,197680.0
600812.SH,20210430,10.22,1.6155,3.4125,0.87,180.1694,,2.6229,1.5258,1.4618,0.279,0.279,171573.037,163080.4729,77203.1554,1753476.4381,1666682.433
688561.SH,20210430,92.91,1.0208,1.0208,0.82,,,6.6153,15.1744,14.3782,,,67961.6,7316.4782,7316.4782,6314312.256,679773.9896
002712.SZ,20210430,4.95,1.9601,3.8748,1.99,,,1.4657,0.7264,0.6279,0.0,,58120.2488,56853.5008,28760.3233,287695.2316,281424.829
603566.SH,20210430,22.23,1.517,2.6511,1.49,31.3811,28.0058,3.9782,7.6971,6.8454,0.8841,0.8841,32149.6,32149.6,18396.098,714685.608,714685.608
000061.SZ,20210430,5.52,0.1935,0.2932,0.81,29.7061,27.8917,1.7142,2.9508,2.7898,1.087,1.087,169696.4131,169660.0695,111968.3032,936724.2003,936523.5836
002082.SZ,20210430,11.75,1.4163,1.746,0.86,25.4939,27.4425,2.7979,0.5302,0.6196,1.2766,1.2766,61822.2829,23800.0,19305.664,726411.8241,279650.0
601108.SH,20210430,9.99,1.2193,1.7997,1.17,15.6459,14.0897,1.5665,5.4923,5.146,1.6016,1.6016,358900.0,358900.0,243147.8111,3585411.0,3585411.0
601100.SH,20210430,86.0,0.483,1.5543,0.48,49.808,41.7364,13.8831,14.2916,12.0156,0.4714,0.4714,130536.0,130536.0,40563.6359,11226096.0,11226096.0
600478.SH,20210430,3.76,1.039,1.4322,1.12,112.0679,58.4605,2.4265,2.4418,2.2764,0.0,,165328.1386,160413.1503,116374.4449,621633.8011,603153.4451
688600.SH,20210430,15.71,4.0971,6.4208,1.43,35.5906,34.4396,2.5489,5.0201,4.5606,,,13334.0,3167.3,2021.0735,209477.14,49758.283
603266.SH,20210430,11.2,1.9841,5.9857,1.42,24.0143,20.8902,2.1097,2.2889,2.0378,0.6252,0.6252,19891.055,19771.3834,6553.7274,222779.816,221439.4941
603076.SH,20210430,67.0,2.1719,5.595,0.57,54.6626,55.0278,4.4553,6.7787,6.6929,0.0,,8621.5246,7450.0,2892.0469,577642.1482,499150.0
300880.SZ,20210430,26.72,5.438,5.438,1.2,45.1482,42.9882,5.4076,7.0169,6.6819,,,13336.0,3334.0,3334.0,356337.92,89084.48
300508.SZ,20210430,21.8,1.3815,2.0859,0.69,68.1471,26.7778,3.4443,9.4717,7.5227,0.289,0.289,9091.2,4193.7734,2777.5238,198188.16,91424.2601
000046.SZ,20210430,2.75,0.2628,0.9033,1.35,,,0.8653,6.5041,2.5468,3.6364,3.6364,519620.0656,519381.8956,151114.6048,1428955.1804,1428300.2129
002058.SZ,20210430,8.45,0.7076,1.0803,1.31,,451.1396,6.9816,14.7241,13.9457,0.0,,14344.8332,14311.7781,9374.9925,121213.8405,120934.5249
600262.SH,20210430,15.28,0.1434,0.3217,0.73,39.7498,39.1881,2.0844,1.871,1.9616,0.7853,0.7853,17000.0,17000.0,7577.8501,259760.0,259760.0
300384.SZ,20210430,15.94,1.1857,1.8057,0.78,30.3919,30.2896,2.4648,5.8405,5.9865,0.375,0.375,32075.3348,22095.9189,14509.8256,511280.8367,352208.9473
603776.SH,20210430,27.93,3.1,5.6216,0.62,10.5932,10.5787,1.6669,6.0016,5.8155,0.6395,0.6395,18758.0,18699.65,10311.7637,523910.94,522281.2245
603538.SH,20210430,43.7,16.8893,25.1472,1.22,39.0628,37.5525,4.1228,5.477,5.2445,0.2518,0.2518,14960.93,14781.425,9927.425,653792.641,645948.2725
002302.SZ,20210430,8.38,0.4737,1.224,0.88,13.4891,10.6548,1.3338,0.4516,0.4139,1.0143,1.0143,126235.4304,126235.4304,48851.5666,1057852.9068,1057852.9068
002356.SZ,20210430,1.79,1.2374,2.1375,0.61,,,,2.0251,1.9193,0.0,,52780.6548,52650.0693,30480.0352,94477.3721,94243.624
300160.SZ,20210430,6.01,1.3769,2.5991,1.24,30.4852,34.6671,3.6141,2.8898,2.7753,3.3278,3.3278,61850.2423,58334.5994,30903.016,371719.9562,350590.9424
600223.SH,20210430,16.12,13.8008,30.4507,1.53,25.471,24.5749,5.0095,1.1948,1.1691,0.6768,0.6768,100915.2199,100915.2199,45736.6999,1626753.3448,1626753.3448
002685.SZ,20210430,3.79,0.5327,0.8173,0.77,,,0.9929,0.5002,0.5085,1.3193,1.3193,100769.0641,78089.9391,50900.3053,381914.7529,295960.8692
688315.SH,20210430,43.15,24.4633,24.4633,1.02,472.6064,130.9835,11.0271,11.5895,10.5767,,,40020.0,3248.7793,3248.7793,1726863.0,140184.8268
603027.SH,20210430,32.9,0.8948,1.6936,0.67,106.4169,124.938,11.2995,12.9339,12.0895,0.278,0.278,66567.5318,66213.8538,34981.1294,2190071.7962,2178435.79
603990.SH,20210430,34.9,13.274,17.6964,0.98,162.9298,98.5695,5.413,18.7442,17.0452,0.2467,0.2467,16546.3488,14560.0,10921.3942,577467.5731,508144.0
603666.SH,20210430,91.58,2.1816,2.1816,0.77,40.2234,37.6547,6.0937,13.4573,12.8571,0.1903,0.1903,14776.966,3954.3938,3954.3938,1353274.5463,362143.3842
002006.SZ,20210430,6.17,2.6509,4.2705,2.38,99.0872,54.3633,2.9585,2.6249,2.2904,0.0,,45516.0,45516.0,28253.463,280833.72,280833.72
603353.SH,20210430,45.8,2.8351,4.0377,0.48,35.8365,33.0627,3.6509,3.3136,2.8677,0.8734,0.8734,13338.0,4754.0,3338.0,610880.4,217733.2
002958.SZ,20210430,4.29,0.6385,0.6385,1.07,8.0528,7.8943,0.8725,2.49,2.5356,3.4965,3.4965,555557.3415,269552.7451,269552.7451,2383340.995,1156381.2765
002982.SZ,20210430,46.38,1.7652,1.7652,0.79,27.0871,63.7182,2.9303,2.158,1.9821,0.4312,0.4312,10188.0,4718.75,4718.75,472519.44,218855.625
002300.SZ,20210430,6.08,1.0548,2.4709,1.49,21.0204,19.1927,2.4488,0.5027,0.4549,1.7943,1.7943,65666.7,65661.6552,28030.1303,399253.536,399222.8636
600657.SH,20210430,3.63,0.4338,0.8942,1.71,6.8922,7.9029,0.4448,0.4003,0.5067,2.7548,2.7548,285187.8595,152426.0442,73937.3051,1035231.93,553306.5404
002867.SZ,20210430,30.91,1.2217,3.4745,2.12,22.2927,19.6788,4.0153,4.4431,4.0606,1.456,1.456,73081.5601,72299.145,25422.0284,2258951.0227,2234766.572
300369.SZ,20210430,15.15,2.5764,3.5423,1.2,40.1664,38.2142,3.7502,6.0174,5.7938,0.3959,0.3959,79836.6273,73311.8883,53320.9002,1209524.9036,1110675.1077
600858.SH,20210430,6.45,0.3117,0.6661,1.09,,,1.474,0.6199,0.5815,0.5426,0.5426,52006.6589,51754.8029,24220.0861,335442.9499,333818.4787
603095.SH,20210430,22.61,0.9582,0.9582,0.58,24.157,21.0793,1.4965,4.0396,3.4196,0.0,,13200.0,3739.99,3739.99,298452.0,84561.1739
002780.SZ,20210430,14.33,1.0308,1.1094,0.98,,,3.9383,4.456,3.9813,0.0,,14536.8643,10866.392,10096.8907,208313.2654,155715.3974
000999.SZ,20210430,24.99,0.7452,2.049,1.04,15.3132,14.3297,1.7032,1.7938,1.6778,1.7207,1.7207,97890.0,97839.5308,35582.5676,2446271.1,2445009.8747
688160.SH,20210430,33.68,3.7552,3.7552,1.2,42.7532,38.2863,4.5583,6.5174,5.9477,0.8907,0.8907,8400.0,1908.5772,1908.5772,282912.0,64280.8801
600713.SH,20210430,4.62,1.4636,2.6765,1.18,12.7845,11.9586,1.1125,0.1209,0.1143,2.1645,2.1645,104161.1244,104161.1244,56960.0295,481224.3947,481224.3947
002213.SZ,20210430,15.61,1.8845,2.3407,0.67,357.5464,330.0284,8.5056,8.2953,6.7905,0.0,,20600.0,20600.0,16585.3485,321566.0,321566.0
300742.SZ,20210430,21.77,3.0631,3.432,0.67,213.0915,197.4653,4.6823,5.1235,4.3815,0.0,,7849.857,4311.0007,3847.639,170891.3869,93850.4852
000531.SZ,20210430,7.99,0.5609,1.3335,0.78,7.0183,10.9851,1.0532,1.5811,1.4141,1.2516,1.2516,68508.282,68508.282,28816.3546,547381.1732,547381.1732
600890.SH,20210430,2.84,0.7698,1.3323,0.85,,,7.3649,150.8547,150.8547,0.0,,57919.4925,57919.4925,33468.6459,164491.3587,164491.3587
300111.SZ,20210430,2.69,0.7629,0.9484,0.53,53.9176,58.2061,19.3218,10.4973,11.2403,0.0,,111980.0,111723.9595,89874.1178,301226.2,300537.4511
300607.SZ,20210430,33.1,1.6367,1.864,0.98,16.952,19.236,3.9225,3.1974,2.9398,0.5868,0.5868,26616.8406,16680.6048,14646.6584,881017.4239,552128.0189
002011.SZ,20210430,4.62,0.9056,1.5634,0.7,,,2.933,0.5741,0.5089,0.0,,91721.218,91616.4102,53069.302,423752.0272,423267.8151
601998.SH,20210430,5.18,0.1017,0.6773,1.38,5.1752,5.0527,0.5259,1.3017,1.299,4.6141,4.6141,4893483.9571,3405267.6594,511374.83,25348246.8978,17639286.4757
002413.SZ,20210430,6.37,3.3267,3.4433,0.83,46.3653,45.6253,1.7068,6.5742,6.2137,0.0,,125452.1674,108802.6461,105118.4456,799130.3063,693072.8557
603279.SH,20210430,22.36,3.8926,4.3939,1.19,17.8968,16.7367,2.969,2.7667,2.4881,2.6058,2.6058,41194.95,19031.0651,16859.6651,921119.082,425534.6156
002737.SZ,20210430,16.0,4.9469,14.0751,1.93,15.9876,14.24,2.744,2.6991,2.4794,6.2331,6.2331,58400.0,53931.9332,18955.2511,934400.0,862910.9312
002193.SZ,20210430,5.6,0.893,1.9245,1.23,287.7594,513.9769,0.5494,1.8641,1.9213,0.0,,26171.555,26093.0338,12108.0471,146560.708,146120.9893
603393.SH,20210430,21.66,3.6915,6.2595,1.94,18.9218,7.3396,1.9967,3.2157,3.0326,2.6382,2.6382,31360.0,31360.0,18494.4489,679257.6,679257.6
002313.SZ,20210430,10.14,0.3857,0.6792,0.95,,,1.4108,1.0035,0.9535,0.0,,37440.0,37388.2218,21230.9668,379641.6,379116.5691
002385.SZ,20210430,8.15,4.1445,6.9391,2.24,17.2578,17.9415,3.0171,1.4794,1.2914,2.8006,2.8006,414128.1853,290792.6923,173683.2524,3375144.7102,2369960.4422
300652.SZ,20210430,17.99,0.6514,1.4452,0.55,28.523,26.7236,1.7831,3.8696,3.6144,1.2999,1.2999,9408.0115,8350.6071,3763.6,169250.1269,150227.4217
603609.SH,20210430,11.02,0.3027,0.6713,0.73,8.2265,8.3124,1.4438,0.4266,0.3956,1.9964,1.9964,92205.9896,90856.2905,40971.1492,1016110.0054,1001236.3213
002238.SZ,20210430,5.97,0.2817,0.8201,1.51,26.3069,28.3316,2.143,2.7474,2.7607,12.8849,12.8849,80255.916,80255.916,27562.3499,479127.8185,479127.8185
300799.SZ,20210430,53.9,3.0035,3.5599,0.54,58.7571,50.1424,7.5639,27.4116,23.2239,0.2472,0.2472,10208.0,3263.3625,2753.3625,550211.2,175895.2388
605183.SH,20210430,17.13,5.8939,5.8939,0.4,36.6705,31.5273,2.8853,6.7206,6.1252,,,41401.8,4872.0375,4872.0375,709212.834,83458.0024
603128.SH,20210430,15.83,1.421,2.6215,1.0,39.0763,31.4153,4.3429,1.4707,1.2636,0.2391,0.2391,130946.2971,130946.2971,70981.8144,2072879.8831,2072879.8831
300920.SZ,20210430,37.23,4.7714,4.7714,0.54,29.326,29.2476,3.238,8.5759,8.0068,,,10000.0,2371.0644,2371.0644,372300.0,88274.7276
600536.SH,20210430,46.18,1.8193,3.1574,1.03,334.7321,316.1847,10.6063,3.0829,2.9188,0.0866,0.0866,49456.2782,49456.2782,28496.8336,2283890.9273,2283890.9273
600268.SH,20210430,6.23,1.1995,2.6394,0.94,64.1899,42.9497,1.8225,0.8608,0.8041,0.8026,0.8026,69526.5184,69526.5184,31596.9712,433150.2096,433150.2096
300588.SZ,20210430,8.2,4.0282,4.9027,1.03,,,4.5362,5.0203,4.7353,0.0721,0.0721,16560.4,10495.4975,8623.4975,135795.28,86063.0795
600009.SH,20210430,49.14,1.1012,1.3367,0.41,,,3.2903,22.0034,26.7978,1.6077,1.6077,192695.8448,109347.6397,90078.0553,9469073.8135,5373343.0149
603028.SH,20210430,11.39,1.0234,2.1871,1.74,46.7702,42.7194,3.2853,3.351,3.088,0.1756,0.1756,22080.0,22080.0,10331.3663,251491.2,251491.2
603112.SH,20210430,11.69,6.0411,6.0411,0.69,20.8078,18.6455,2.67,2.6158,2.4001,,,43609.049,5320.0,5320.0,509789.7828,62190.8
002421.SZ,20210430,3.52,2.3831,2.9555,2.91,21.4878,19.6272,2.151,2.1098,1.9986,0.8569,0.8569,192462.9229,177162.8505,142851.7366,677469.4886,623613.2338
600736.SH,20210430,4.41,0.7423,1.3207,2.04,16.8088,13.8829,0.7259,0.5056,0.5062,1.1791,1.1791,115129.2907,115129.2907,64709.8013,507720.172,507720.172
688311.SH,20210430,67.76,4.1608,4.1608,1.74,72.5817,68.17,4.7224,18.3588,18.1461,0.5165,0.5165,11467.0,2752.32,2752.32,777003.92,186497.2032
601007.SH,20210430,8.99,6.4031,11.3338,3.46,62.1441,55.3638,1.7769,2.3653,2.2424,0.0,,30000.0,30000.0,16948.6217,269700.0,269700.0
600059.SH,20210430,11.99,4.5951,7.8397,1.15,72.6238,66.0294,2.0746,8.4014,7.6096,0.7398,0.7398,91154.2413,80852.4165,47390.0048,1092939.3532,969420.4738
000932.SZ,20210430,7.86,3.1981,4.3413,1.07,7.533,6.5861,1.3707,0.4143,0.367,3.1807,3.1807,612907.7211,493838.8153,363792.2635,4817454.6878,3881573.0883
002841.SZ,20210430,133.32,0.3511,0.4438,0.62,46.8371,45.8817,12.032,5.1994,4.9249,0.5521,0.5521,66803.0956,39215.0774,31024.4774,8906188.7054,5228154.119
688138.SH,20210430,15.34,1.5353,1.6225,0.87,53.6466,56.5931,3.4367,8.4006,8.6257,0.5215,0.5215,26680.0,7821.0,7401.0,409271.2,119974.14
688018.SH,20210430,134.25,1.7503,2.1964,1.17,103.257,83.5084,6.7104,12.9247,10.984,0.6515,0.3724,8003.05,4437.05,3536.0295,1074409.4625,595673.9625
603920.SH,20210430,16.19,3.0662,9.3434,1.86,21.8276,23.6986,2.4295,2.6143,2.4327,3.0883,3.0883,40949.52,40706.12,13358.6218,662972.7288,659032.0828
601377.SH,20210430,9.09,2.9635,4.1691,1.43,15.2056,12.3541,1.5677,3.4627,3.1257,0.8801,0.8801,669667.1674,669667.1674,476017.6671,6087274.5517,6087274.5517
300916.SZ,20210430,90.48,8.8452,8.8452,0.86,43.1589,35.9806,4.4462,4.9748,4.3729,,,4258.0,1065.0,1065.0,385263.84,96361.2
300039.SZ,20210430,4.41,1.8663,2.7878,1.05,43.4672,41.6882,1.7502,5.0802,4.8334,2.2676,2.2676,104600.0,91609.7515,61328.1058,461286.0,403999.0041
003026.SZ,20210430,88.65,28.9891,28.9891,1.2,101.9714,80.7026,11.3026,32.4091,28.6921,,,9976.0,2494.7,2494.7,884372.4,221155.155
300132.SZ,20210430,22.21,3.1206,3.6018,1.35,24.8988,24.5081,3.5553,2.9687,2.8602,0.6078,0.6078,51658.0886,46012.5387,39865.4819,1147326.1478,1021938.4845
605166.SH,20210430,9.75,2.2894,2.2894,0.96,26.5599,19.3256,2.5029,1.1998,0.9766,0.0,,31554.7,7888.7,7888.7,307658.325,76914.825
000036.SZ,20210430,3.71,0.3403,0.5104,1.63,9.9885,16.0185,1.0992,2.0352,3.1671,10.7817,10.7817,148393.4025,147900.0654,98613.2894,550539.5233,548709.2426
600872.SH,20210430,46.68,1.9449,3.0221,0.64,41.7864,43.3091,9.1275,7.2583,7.1061,0.5998,2.0566,79663.7194,79663.7194,51269.0839,3718702.4216,3718702.4216
601008.SH,20210430,3.69,0.9708,1.8861,1.09,108.9517,89.0166,1.1562,2.4885,2.3271,0.0537,0.0537,109382.6212,101521.5101,52255.4183,403621.8722,374614.3723
603383.SH,20210430,25.28,0.9866,2.1863,0.95,39.1988,39.0351,3.6066,12.1516,11.3039,1.4128,1.4128,16825.0516,16825.0516,7592.5562,425337.3044,425337.3044
300565.SZ,20210430,14.4,1.3936,1.718,0.81,241.0767,87.8776,4.3395,3.7924,3.0781,0.0,,20800.0,15323.5192,12430.4721,299520.0,220658.6765
688277.SH,20210430,30.38,3.2504,3.2504,0.85,,,13.0423,93.5349,92.9233,,,41844.2648,3683.3975,3683.3975,1271228.7646,111901.6161
002482.SZ,20210430,2.57,0.2791,0.8246,0.69,,,0.6317,0.3226,0.3014,0.4669,0.4669,153727.9657,152929.4346,51769.4762,395080.8718,393028.6469
300541.SZ,20210430,14.79,2.7386,2.8354,0.73,25.2457,22.5433,3.4066,0.7762,0.7867,0.3635,0.3635,23580.4033,18635.1594,17998.4977,348754.1648,275614.0075
688663.SH,20210430,20.14,13.6766,13.6766,1.25,26.4113,23.6737,2.7897,3.3398,3.1897,,,13995.0,3014.7345,3014.7345,281859.3,60716.7528
600141.SH,20210430,13.46,2.0172,2.9083,0.85,24.1373,15.7806,1.5926,0.8222,0.7978,0.6848,0.6848,111889.2663,85508.6029,59308.5595,1506029.5244,1150945.795
600280.SH,20210430,4.1,0.3589,0.825,0.46,57.3524,27.759,4.8463,1.4663,1.5147,0.0,,113833.482,113833.482,49514.7404,466717.2762,466717.2762
300117.SZ,20210430,3.19,1.1344,1.9444,0.83,28.292,21.9562,1.5888,1.1,1.0343,0.094,0.094,71676.0,71676.0,41816.2294,228646.44,228646.44
300271.SZ,20210430,17.9,1.6481,1.7275,1.28,50.6422,41.0439,2.2799,4.4224,4.1695,0.3927,0.3927,82910.7173,71920.4166,68614.5502,1484101.8397,1287375.4571
603728.SH,20210430,20.5,1.6268,4.9034,0.81,42.4721,35.0046,3.8204,3.8539,3.5215,0.2049,0.2049,41600.0,41600.0,13801.4254,852800.0,852800.0
600613.SH,20210430,5.16,2.1528,5.7196,2.23,,,1.2017,1.515,1.3583,0.0,,53407.1628,47931.9978,18040.9962,275580.96,247329.1086
300518.SZ,20210430,48.35,7.2259,10.0208,1.59,33.3055,40.4426,5.4874,24.1602,19.2622,0.0285,0.0285,10174.06,5168.3418,3726.8413,491915.801,249889.326
600018.SH,20210430,4.63,0.1492,1.0277,1.67,12.9159,11.1836,1.1883,4.1078,3.7771,3.1317,3.1317,2317367.465,2317367.465,336380.8683,10729411.363,10729411.363
600199.SH,20210430,13.3,4.5774,6.4829,0.57,126.0508,186.2622,3.0737,8.429,7.6823,0.0,,65779.6824,60646.9391,42821.2307,874869.7759,806604.29
000597.SZ,20210430,5.01,0.4388,1.0196,0.96,552.1021,95.8377,1.6386,0.9164,0.9065,0.0,,135070.2476,127847.9477,55023.3989,676701.9405,640518.218
002857.SZ,20210430,13.18,0.7009,1.5717,0.39,72.0209,79.8549,3.4339,7.968,7.5087,0.7587,0.7587,12800.0,9129.3374,4071.2539,168704.0,120324.6669
002275.SZ,20210430,13.69,0.2917,0.9994,1.17,29.1669,27.1225,2.6426,5.1579,4.8457,1.6376,1.6376,59020.0,53845.46,15715.2834,807983.8,737144.3474
600869.SH,20210430,3.66,0.3799,0.8558,0.38,,,2.4606,0.4102,0.3861,0.3279,0.3279,221935.2746,221935.2746,98518.3503,812283.105,812283.105
002234.SZ,20210430,14.71,1.0997,1.3014,0.7,76.9876,94.1742,1.5475,3.0521,2.9405,3.5305,3.5305,34896.0212,20615.4034,17419.8447,513320.4719,303252.584
600570.SH,20210430,91.89,0.7486,0.9442,0.63,72.5875,62.4914,23.7557,22.993,21.7542,0.4437,0.4437,104409.0754,104409.0754,82774.8398,9594149.9385,9594149.9385
600628.SH,20210430,8.41,0.1941,0.4395,1.08,77.0219,50.256,1.2457,5.1999,4.8828,0.3567,0.3567,64687.5384,64687.5384,28570.5477,544022.1979,544022.1979
300021.SZ,20210430,4.88,1.1851,1.8267,0.63,39.3968,34.3654,2.5675,1.9286,1.7209,2.0239,2.0239,79739.9028,64846.535,42070.9324,389130.7257,316451.0908
603167.SH,20210430,8.12,0.8413,1.3866,0.8,28.2113,17.0424,1.1211,3.2904,3.0445,4.9261,4.9261,47280.6603,46570.7403,28254.8698,383918.9616,378154.4112
600159.SH,20210430,2.4,0.7748,1.4815,1.89,18.9647,12.5184,0.8141,2.018,1.6996,2.0833,2.0833,83000.3232,83000.3232,43408.6677,199200.7757,199200.7757
688618.SH,20210430,35.96,5.8059,5.8059,0.76,28.1998,28.9129,2.6778,8.6856,8.2511,,,5052.7495,1075.4365,1075.4365,181696.872,38672.6965
300038.SZ,20210430,2.02,7.3179,9.5678,1.89,,,0.8982,0.5255,0.5305,1.2376,1.2376,117182.7123,116100.8763,88799.4368,236709.0788,234523.7701
002805.SZ,20210430,16.98,3.4354,3.9269,0.87,,,4.4327,6.9092,5.9001,0.0,,14537.07,9701.3551,8487.1438,246839.4486,164729.0096
688168.SH,20210430,46.6,1.1284,1.1739,1.14,53.6273,47.6019,2.3295,9.0741,8.422,0.9657,0.9657,5118.0,2786.025,2678.025,238498.8,129828.765
300550.SZ,20210430,17.86,0.5487,1.3434,0.88,78.358,70.551,3.0914,7.4341,7.0584,0.1907,0.1907,18928.2458,15971.9903,6523.7203,338058.47,285259.7468
600260.SH,20210430,8.23,1.0359,1.2047,0.81,18.0865,17.529,1.2018,0.9656,0.9711,0.0,,99718.122,97257.3474,83625.0849,820680.1441,800427.9691
002562.SZ,20210430,4.65,1.7456,2.1863,0.53,176.3316,256.0281,1.6666,2.5758,2.2987,0.0,,106287.4638,58485.7217,46696.2757,494236.7067,271958.6059
300459.SZ,20210430,3.2,1.4713,2.1385,1.09,14.9427,14.7378,3.8,6.2254,6.0833,0.0,,351581.0939,293490.7085,201932.2686,1125059.5005,939170.2672
002180.SZ,20210430,25.38,0.4414,0.7678,1.19,310.1116,99.91,3.1064,1.3925,1.4203,0.3899,0.3899,107456.84,100696.3366,57886.2124,2727254.5992,2555673.0229
300833.SZ,20210430,47.33,1.7826,1.7826,0.72,45.2894,73.8433,2.2611,9.9858,13.5312,,,8432.7,2108.2,2108.2,399119.691,99781.106
600218.SH,20210430,8.81,1.4567,2.2177,0.73,18.8417,15.7814,1.4488,0.7291,0.6551,0.9081,0.9081,36875.5,36875.5,24221.25,324873.155,324873.155
601106.SH,20210430,2.75,0.1985,0.5494,1.2,144.5469,140.6606,1.6878,0.9476,0.9258,0.0,,685778.2927,685778.2927,247721.9039,1885890.3049,1885890.3049
002598.SZ,20210430,6.09,0.5596,0.8985,0.99,23.2937,21.611,2.1134,1.683,1.5127,3.1199,3.1199,31200.0,26909.5163,16759.1713,190008.0,163878.9543
600785.SH,20210430,11.41,0.2795,1.0339,0.46,59.4751,66.4526,1.2913,0.4521,0.4495,1.7528,1.7528,22563.128,22563.128,6099.6201,257445.2905,257445.2905
603123.SH,20210430,6.84,0.4009,1.0703,1.52,67.1849,29.3129,1.4291,1.3348,1.1309,1.0553,1.0553,79873.6665,52414.4222,19630.2789,546335.8789,358514.6478
600633.SH,20210430,7.13,0.3158,0.6051,1.02,18.1449,19.1718,1.0876,2.6231,2.8462,1.0908,1.0908,130192.3953,130192.3953,67940.3389,928271.7785,928271.7785
003038.SZ,20210430,28.7,12.0654,12.0654,0.94,33.5772,30.2841,3.5443,2.3731,1.9895,,,10643.754,2661.0,2661.0,305475.7398,76370.7
603912.SH,20210430,12.7,0.8638,2.4275,1.47,23.8272,20.4222,2.9636,4.4058,4.0331,1.9689,1.9689,21691.2037,21271.7457,7569.3657,275478.287,270151.1704
002901.SZ,20210430,64.83,1.0517,8.809,0.86,43.0389,40.2866,11.7121,16.4274,15.0544,0.9258,0.9258,40209.762,33998.6293,4059.2075,2606798.8705,2204131.1375
002544.SZ,20210430,12.27,1.0517,1.8126,1.63,87.0812,52.5354,2.3693,1.3318,1.2406,0.227,0.227,68331.9825,56652.803,32869.187,838433.4253,695129.8928
603330.SH,20210430,27.7,0.9768,2.3261,0.63,90.8255,74.3887,4.7082,6.7287,5.871,0.1695,0.1695,16980.9124,15090.0454,6337.0142,470371.2735,417994.2576
601375.SH,20210430,4.42,1.7701,2.7162,1.11,196.7512,70.1865,1.5215,6.6128,5.4829,0.0,,464288.47,344751.97,224666.6149,2052155.0374,1523803.7074
002462.SZ,20210430,14.09,0.8022,0.9636,1.19,12.9419,11.7961,1.1076,0.1767,0.1643,2.8389,2.8389,29170.712,24997.0748,20809.4317,411015.3321,352208.7839
603659.SH,20210430,81.07,0.7533,2.0731,0.85,84.3245,61.9116,6.2141,10.6612,9.0787,0.3479,0.7091,69443.971,62137.3408,22578.647,5629822.729,5037474.2187
300499.SZ,20210430,8.36,1.645,1.8549,0.9,28.7294,28.0097,2.7783,1.8943,1.7802,0.638,0.638,27829.9467,22988.1387,20386.7519,232658.3544,192180.8395
688026.SH,20210430,74.28,2.7006,5.307,1.53,62.2259,55.4566,8.7911,14.74,12.3097,0.6731,0.6731,10000.0,4774.4987,2429.6495,742800.0,354649.7634
300943.SZ,20210430,22.65,7.4447,7.4447,0.76,41.7362,39.4691,3.8393,6.0151,5.4901,,,13588.0,2901.4567,2901.4567,307768.2,65717.9943
688179.SH,20210430,97.7,2.5425,2.5425,0.75,132.4857,114.2064,11.7727,42.1022,37.7358,,,10093.34,2397.173,2397.173,986119.318,234203.8021
300858.SZ,20210430,57.14,7.9699,7.9699,1.27,48.8219,45.7476,4.937,13.9022,13.0788,0.0,,8251.7692,2063.0,2063.0,471506.0921,117879.82
002605.SZ,20210430,21.34,0.6848,1.0251,1.01,7.849,13.6539,3.8341,3.3498,2.8524,1.8639,1.8639,40214.4087,32288.4659,21570.2854,858175.4817,689035.8623
300887.SZ,20210430,53.55,9.8824,9.8824,0.54,44.7417,44.2868,4.2101,5.1366,4.6776,,0.5187,13680.0,3078.7814,3078.7814,732564.0,164868.744
600076.SH,20210430,3.48,2.1946,3.3517,0.94,,,0.9652,4.5734,3.6987,0.0,,134454.3367,103426.4129,67721.9727,467901.0917,359923.9169
300277.SZ,20210430,7.63,0.6764,1.2772,0.66,102.5748,108.0542,5.2582,7.4288,7.3673,0.3932,0.3932,33500.0,33443.4875,17710.5975,255605.0,255173.8096
002204.SZ,20210430,3.61,0.3971,1.0498,0.71,117.4775,84.9444,1.0514,0.8542,0.8372,0.831,0.831,193137.0032,193137.0032,73048.9274,697224.5816,697224.5816
300366.SZ,20210430,7.07,2.4796,2.752,0.99,,,2.2162,1.8519,1.6119,0.0,,52557.615,33843.671,30494.3127,371582.3381,239274.754
601390.SH,20210430,5.39,0.3321,0.7573,1.3,5.258,4.7151,0.6177,0.1363,0.126,3.1354,3.1354,2457092.9283,2036353.9283,892916.8893,13243730.8835,10975947.6735
603225.SH,20210430,17.68,0.2866,0.9563,0.68,41.0884,23.7922,2.1151,0.67,0.5798,0.7343,0.7343,140147.8252,137284.4119,41141.0814,2477813.5495,2427188.4024
300551.SZ,20210430,25.93,1.2853,1.405,0.53,219.1384,258.6087,8.5975,18.0002,18.6594,0.0964,0.0964,20275.2,14409.7673,13182.2673,525735.936,373645.2661
000521.SZ,20210430,3.81,4.276,5.9784,0.99,,20.9756,0.82,0.2586,0.2309,1.3123,1.3123,104459.7881,87252.8625,62407.0901,397991.7927,332433.4061
300863.SZ,20210430,82.79,4.9694,4.9694,0.75,86.4273,82.9236,7.7203,3.6178,2.9408,,,5523.0,1381.0,1381.0,457249.17,114332.99
300427.SZ,20210430,11.82,1.8585,2.743,1.63,18.3801,23.7237,1.816,2.8086,2.8829,1.1109,1.1109,36022.318,31844.6567,21576.4111,425783.7988,376403.8422
600489.SH,20210430,8.56,1.3005,2.478,1.43,26.6898,22.1046,1.6719,0.8645,0.7996,0.2159,0.2159,484731.2564,365584.5479,191868.0059,4149299.5548,3129403.73
003027.SZ,20210430,43.06,5.8024,5.8024,0.83,24.2243,22.7878,2.47,4.8623,4.562,,,8667.0,2167.0,2167.0,373201.02,93311.02
600377.SH,20210430,10.25,0.2226,1.7985,1.52,20.9547,14.1816,1.721,6.4285,5.4577,4.4878,4.4878,503774.75,380218.3001,47054.5099,5163691.1875,3897237.576
000739.SZ,20210430,31.1,1.0714,2.1522,0.77,44.8766,41.6902,8.4815,4.6515,4.4997,0.5305,1.3119,117852.3492,117839.8671,58659.3373,3665208.0601,3664819.8668
002314.SZ,20210430,3.18,0.7385,1.4341,0.86,6.6201,6.5962,0.915,0.7666,0.7585,1.8239,1.8239,270778.2513,133814.9289,68914.3044,861074.8391,425531.4739
600744.SH,20210430,4.71,9.3044,12.1739,0.99,242.1622,,2.8563,1.0162,0.9652,0.0,,178112.4274,82763.4402,63255.4718,838909.5331,389815.8033
002276.SZ,20210430,6.15,0.6829,1.0762,1.54,28.5504,23.3748,1.4502,0.6832,0.6159,0.5691,0.5691,103548.9098,103522.9098,65686.2544,636825.7953,636665.8953
605077.SH,20210430,68.78,3.6479,3.6479,0.44,26.0998,31.6926,3.3888,6.0751,6.1162,,,11656.0,2914.0,2914.0,801699.68,200424.92
002517.SZ,20210430,4.48,0.8875,1.0689,1.1,54.1982,32.4509,3.2709,6.2489,6.1498,0.0,,215251.7634,155361.063,128986.8755,964327.9,696017.5622
300042.SZ,20210430,12.98,7.4073,11.3854,1.0,36.8168,31.8724,2.3898,1.7447,1.5215,0.1541,0.1541,20040.0,16781.8979,10918.1717,260119.2,217829.0347
002773.SZ,20210430,21.59,6.8511,14.6047,1.24,,,3.3145,6.0239,5.5493,1.235,1.235,91946.3954,68165.0495,31976.399,1985122.6767,1471683.4187
600336.SH,20210430,6.38,1.7482,3.2492,1.41,16.4162,16.1836,2.2011,0.7215,0.67,1.2554,1.2554,79826.3269,78385.1569,42174.0577,509291.9656,500097.301
601199.SH,20210430,3.72,0.2721,0.6659,0.54,14.2589,13.5157,1.1128,3.65,3.3619,2.1505,2.1505,93521.0292,93521.0292,38223.254,347898.2286,347898.2286
600936.SH,20210430,2.82,0.1511,0.2492,0.75,,,1.3348,2.1753,2.1806,0.7092,0.7092,167102.6239,167102.6239,101315.7748,471229.3994,471229.3994
003004.SZ,20210430,29.18,8.3637,8.3637,0.57,36.1007,45.1839,3.4074,7.7538,7.9122,,,8184.0,2046.0,2046.0,238809.12,59702.28
600161.SH,20210430,36.08,0.7052,1.5625,0.81,77.533,75.1959,6.1928,14.379,14.0154,0.1266,0.1266,137317.4615,125444.0168,56616.219,4954414.0109,4526020.1261
002185.SZ,20210430,12.8,2.9911,4.0109,1.42,49.9808,38.0841,3.9604,4.1842,3.7764,0.1172,0.1172,274000.3774,273918.8968,204271.6513,3507204.8307,3506161.879
002142.SZ,20210430,42.23,0.3235,0.6186,0.74,16.8584,16.0752,2.3402,6.1715,5.8357,1.184,1.184,600801.6286,592825.7444,309998.1813,25371852.7758,25035031.186
002098.SZ,20210430,5.78,0.8813,2.1307,1.2,10.3265,9.1427,2.4797,1.3015,1.2368,0.0,,35800.0,35800.0,14807.7823,206924.0,206924.0
003041.SZ,20210430,29.2,14.2158,14.2158,0.59,23.9939,22.7654,2.7867,3.2757,3.2281,,,10000.0,2500.0,2500.0,292000.0,73000.0
002174.SZ,20210430,15.43,13.7457,15.5747,3.13,,,2.7616,3.0046,3.1856,0.565,0.565,91582.3874,68979.6503,60878.9984,1413116.2376,1064356.0041
002214.SZ,20210430,23.08,1.6413,1.8102,1.83,29.5524,30.6169,4.6256,10.5838,10.7028,0.318,0.318,49992.5704,35751.9326,32415.285,1153828.5248,825154.6044
000697.SZ,20210430,7.17,0.7201,0.9891,1.24,,,5.0478,4.2559,5.2006,0.0,,67161.6059,57688.8733,41997.6947,481548.7143,413629.2216
000026.SZ,20210430,16.66,1.4316,2.6282,0.93,24.6715,17.0611,2.4931,1.71,1.4416,1.1765,1.1765,43555.0522,35795.7579,19498.0252,725627.1697,596357.3266
603636.SH,20210430,9.1,0.6175,1.2501,0.48,22.4451,21.6597,2.0687,3.493,3.4282,1.7432,1.7432,59079.3578,59079.3578,29181.6792,537622.156,537622.156
002640.SZ,20210430,3.51,0.7319,0.8819,0.32,,,1.1129,0.306,0.324,0.0,,155804.133,123437.6533,102443.7117,546872.5068,433266.1631
600021.SH,20210430,7.04,0.4368,1.3147,0.87,20.7204,18.1368,1.1054,0.7613,0.7131,1.8466,1.8466,261716.4197,234724.6305,77993.7156,1842483.5947,1652461.3987
300910.SZ,20210430,90.35,2.3814,2.3814,0.57,74.1122,63.0347,6.3454,15.7431,14.3748,,,15000.0,3556.5988,3556.5988,1355250.0,321338.7016
000978.SZ,20210430,6.74,9.1517,13.9436,0.69,,,1.9235,9.5169,9.0621,0.2967,0.2967,36010.0,36005.3425,23631.6952,242707.4,242676.0085
603683.SH,20210430,14.58,1.999,5.0092,0.96,12.2376,11.0833,2.012,1.8319,1.6057,0.7881,0.7881,13051.5,12667.0,5054.96,190290.87,184684.86
000037.SZ,20210430,8.0,1.1277,3.5386,0.99,75.3167,74.2222,2.3618,4.8943,5.7207,0.25,0.25,60276.2596,33889.4011,10799.7809,482210.0768,271115.2088
601606.SH,20210430,9.88,1.6249,1.8499,0.87,60.9844,59.5199,3.0158,4.5117,4.5495,0.4251,0.4251,72422.84,29772.6841,26151.5328,715537.6592,294154.1189
600084.SH,20210430,2.76,1.2104,2.1981,2.21,,,1.4375,32.7801,22.769,0.0,,112372.683,112372.683,61880.0532,310148.6051,310148.6051
300170.SZ,20210430,6.43,1.0577,1.2699,1.37,86.5055,79.6795,1.7923,2.28,2.2227,0.0,,88401.6939,80267.8809,66854.4353,568422.8918,516122.4742
300883.SZ,20210430,11.97,3.5532,3.5532,0.81,63.4225,62.413,3.0007,5.797,5.6358,,,34600.0,8650.0,8650.0,414162.0,103540.5
002102.SZ,20210430,2.03,0.5104,0.5904,0.6,42.6018,56.3116,1.5859,0.4164,0.3844,0.0,,263383.629,196449.5753,169831.4937,534668.7669,398792.6379
603131.SH,20210430,18.8,1.3484,4.1375,1.89,49.1984,46.1812,4.5431,5.5054,4.9622,0.5319,0.5319,31797.7136,29736.3642,9690.7372,597797.0157,559043.647
000975.SZ,20210430,8.57,1.1782,1.8257,1.21,19.1529,18.7536,2.5041,3.01,3.1822,1.6669,2.9172,277672.2265,248616.1003,160433.3089,2379650.9811,2130639.9796
002037.SZ,20210430,6.16,0.4552,0.6502,0.79,23.8627,16.5267,0.8756,0.5023,0.4587,0.974,0.974,48762.5309,32736.816,22915.776,300377.1903,201658.7866
600289.SH,20210430,3.63,0.5313,0.7111,1.8,,,1.5347,4.3754,4.255,0.0,,63105.2069,56592.2684,42280.862,229071.901,205429.9343
300395.SZ,20210430,41.67,1.4217,1.7542,0.93,59.1415,47.416,6.4147,16.307,13.8315,0.4322,0.4322,33794.8844,31154.5637,25249.6062,1408232.8329,1298210.6694
601607.SH,20210430,22.38,1.9516,3.8133,1.74,14.1466,11.4024,1.341,0.3314,0.3132,1.966,1.966,284208.9322,192293.5018,98411.7181,6360595.9026,4303528.5703
002458.SZ,20210430,9.86,0.6902,0.813,0.9,106.4241,1189.7732,3.0053,5.591,5.4985,6.9096,1.0131,99290.998,67645.0786,57433.3804,979009.2403,666980.475
600882.SH,20210430,78.68,2.1114,3.0089,1.74,551.4281,402.7256,21.2065,11.4783,9.6038,0.0,,41530.9045,40930.9045,28722.726,3267651.5661,3220443.5661
000718.SZ,20210430,6.84,11.0437,18.968,1.68,19.994,19.7948,2.3871,4.8413,4.8244,3.97,3.97,303463.6384,228918.2406,133282.2601,2075691.2867,1565800.7657
002141.SZ,20210430,2.83,1.4578,2.432,0.53,,,4.0763,3.3322,2.8734,0.0,,113465.6519,113465.6519,68014.5872,321107.7949,321107.7949
600500.SH,20210430,5.58,1.0463,2.3433,1.78,50.2936,25.493,1.2937,0.285,0.2592,2.8624,2.8624,276591.6472,270791.6472,120903.0862,1543381.3914,1511017.3914
300542.SZ,20210430,10.83,1.88,4.064,0.67,47.5976,45.463,5.036,2.8281,2.7588,0.3157,1.1467,30008.3479,23968.2353,11087.829,324990.4078,259575.9883
000423.SZ,20210430,35.55,0.9913,1.4579,1.23,537.0956,123.1449,2.3744,6.8194,6.2751,0.5626,0.5626,65402.1537,65386.7313,44458.0466,2325046.564,2324498.2977
300015.SZ,20210430,74.48,0.5427,1.1077,0.4,178.0773,144.2218,29.8591,25.769,22.2732,0.1514,0.1514,412151.8035,343447.1971,168251.0773,30697066.3247,25579947.24
300699.SZ,20210430,63.15,1.1326,2.8397,0.93,51.01,47.5368,8.4872,15.4732,14.5322,0.7918,0.7918,51835.0,51636.2,20595.6137,3273380.25,3260826.03
600460.SH,20210430,36.01,9.6111,16.0394,1.64,698.9538,197.6171,13.0447,11.0376,9.3288,0.0139,0.0139,131206.1614,131206.1614,78620.8484,4724733.872,4724733.872
002389.SZ,20210430,18.77,2.4773,4.4164,2.21,64.8233,61.7103,2.6762,5.9423,5.7963,0.1598,0.1598,94606.2685,86789.8022,48684.1384,1775759.6597,1629044.5873
000650.SZ,20210430,9.11,9.9281,14.0199,2.75,22.4252,20.719,2.4418,3.106,2.8941,0.971,0.971,139993.8234,118039.3145,83589.3134,1275343.7312,1075338.1551
605058.SH,20210430,22.41,4.2336,4.2336,0.82,25.6709,22.917,2.386,3.6305,3.2952,,,14292.395,3573.1,3573.1,320292.572,80073.171
300809.SZ,20210430,16.94,5.8894,5.8894,0.7,79.247,35.3392,1.8679,11.5254,7.5939,1.0803,1.0803,15692.0,4549.5,4549.5,265822.48,77068.53
002279.SZ,20210430,4.43,0.5042,0.7042,0.6,43.9903,31.3274,3.6625,1.1168,1.1651,0.0,,71125.8408,64148.5285,45927.9536,315087.4747,284177.9813
002957.SZ,20210430,18.79,0.5949,1.0768,0.5,26.3967,23.9293,3.0121,3.8416,3.3966,1.0596,1.0596,41183.74,15388.7203,8501.1248,773842.4746,289154.0544
000917.SZ,20210430,5.05,1.1408,1.3688,1.49,,,0.7091,1.2052,1.2572,0.297,0.297,141755.6338,141729.6852,118115.4872,715865.9507,715734.9103
600604.SH,20210430,5.46,1.0291,2.5726,3.54,58.1724,,1.6042,8.5069,16.6679,0.2198,0.2198,187330.4804,140745.4804,56298.9292,1022824.423,768470.323
600685.SH,20210430,21.25,1.8228,4.4026,1.67,8.2016,71.7435,2.1294,2.5875,2.6867,0.0,,141350.6378,82143.5181,34009.7481,3003701.0533,1745549.7596
600099.SH,20210430,6.2,0.4524,0.7813,0.71,175.9137,123.0125,2.7992,2.2658,2.0395,0.6452,0.6452,21912.0,21912.0,12686.308,135854.4,135854.4
688466.SH,20210430,20.96,1.0506,1.0506,0.5,30.0713,29.6218,2.2196,3.8654,3.7944,0.3483,0.3483,10276.0,2440.55,2440.55,215384.96,51153.928
603815.SH,20210430,8.79,1.847,2.0279,0.87,45.1649,43.8981,3.83,1.3797,1.3068,1.1377,1.1377,49900.0,16328.754,14871.754,438621.0,143529.7477
300443.SZ,20210430,26.86,2.1375,2.6184,0.82,13.4628,11.8701,2.4359,4.7616,4.3877,0.6095,2.2338,26175.3484,15945.1183,13016.5745,703069.858,428285.8775
300108.SZ,20210430,3.01,2.7248,3.3089,1.12,,,,3.0911,2.9799,0.0,,66601.4674,44132.5064,36342.8129,200470.4169,132838.8443
002502.SZ,20210430,3.04,0.6191,0.9192,0.66,77.7551,300.4992,1.9813,5.8663,7.2959,0.0,,85799.4639,83291.2464,56094.5407,260830.3703,253205.3891
603938.SH,20210430,24.35,0.6758,1.9829,0.7,48.825,34.5151,3.7453,4.724,4.4822,0.4739,0.2527,19521.658,19521.658,6652.958,475352.3723,475352.3723
688208.SH,20210430,73.3,0.3997,0.5347,0.51,76.1673,68.5099,14.2916,20.906,18.832,0.5457,0.6821,45000.0,27090.5,20251.085,3298500.0,1985733.65
002375.SZ,20210430,7.48,0.5063,1.0882,0.72,31.5718,30.2282,1.1966,0.9292,0.8918,0.4303,0.4303,133999.6498,133099.1211,61930.3183,1002317.3805,995581.4258
000799.SZ,20210430,198.72,2.501,3.6246,0.79,131.3442,97.3264,20.6622,35.3581,26.6687,0.1006,0.1006,32492.898,32492.898,22420.1689,6456988.6906,6456988.6906
300333.SZ,20210430,6.59,1.6219,1.9538,0.62,,,2.7669,10.3583,10.1516,0.9105,0.9105,33600.0,33217.0067,27575.3971,221424.0,218900.0742
002386.SZ,20210430,6.5,3.4326,4.7999,1.21,43.801,19.8906,0.982,0.2345,0.2221,0.7692,0.7692,78085.7017,78057.0701,55821.5668,507557.0611,507370.9557
300720.SZ,20210430,24.4,14.3706,22.7834,2.09,36.0514,33.0535,4.8322,12.0734,11.4482,0.8197,0.8197,10800.0,5661.765,3571.155,263520.0,138147.066
600006.SH,20210430,6.4,1.7621,4.4164,0.7,23.1253,14.9833,1.5823,0.932,0.8189,1.0375,1.0375,200000.0,200000.0,79800.0,1280000.0,1280000.0
603520.SH,20210430,66.8,1.5951,2.762,0.82,68.528,63.4966,8.6279,11.9668,11.3634,0.3587,0.3587,24490.4743,24424.4843,14105.0843,1635963.6832,1631555.5512
300703.SZ,20210430,9.55,1.8587,2.955,0.89,35.7984,28.4936,2.454,1.3366,1.1572,3.119,3.119,18382.158,15968.972,10044.7345,175549.6089,152503.6826
002983.SZ,20210430,27.13,2.628,3.0,0.55,43.9874,41.4149,3.6672,6.8665,6.0451,0.0,,14168.0,4043.4286,3542.0,384377.84,109698.2179
002668.SZ,20210430,5.12,2.0533,2.8655,1.09,,,2.5081,0.6651,0.5994,0.0,,108411.1428,84567.1883,60597.3516,555065.0511,432984.0041
600960.SH,20210430,3.83,2.0978,3.7975,0.35,52.0152,43.0341,0.7302,0.7769,0.7521,0.2611,0.2611,95051.5518,95051.5518,52508.6638,364047.4434,364047.4434
601099.SH,20210430,3.71,3.8343,4.3041,1.02,,,2.6318,21.585,26.0624,0.0,,681631.637,681631.637,607227.6395,2528853.3733,2528853.3733
600526.SH,20210430,5.65,4.147,7.3167,0.82,59.1146,61.9161,1.5116,0.9941,1.0041,0.0,,54740.4672,54740.4672,31026.1974,309283.6397,309283.6397
600836.SH,20210430,5.41,0.806,1.1075,0.43,15.2636,327.789,3.5228,1.6348,3.3963,0.0,,66275.3072,66275.3072,48228.442,358549.412,358549.412
300938.SZ,20210430,48.21,10.1577,10.1577,1.19,52.0893,42.0181,3.2549,10.938,9.6785,,,6510.0,1627.5,1627.5,313847.1,78461.775
002968.SZ,20210430,47.0,0.9861,0.9861,1.42,57.7425,53.2331,9.1605,5.7467,5.1562,0.5863,0.7801,16119.6,6968.391,6968.391,757621.2,327514.377
300793.SZ,20210430,12.42,5.4404,5.4404,1.57,48.5343,54.8779,2.7457,1.2483,1.1589,1.5097,1.5097,26668.8,6668.8,6668.8,331226.496,82826.496
002378.SZ,20210430,11.35,11.183,31.8098,1.28,282.153,113.0388,6.1814,5.4314,4.8569,0.0,,92416.7436,91531.5985,32178.8288,1048930.0399,1038883.643
601198.SH,20210430,10.31,0.4352,0.9209,0.98,18.4679,19.2012,1.3331,4.9997,4.8527,1.3579,1.3579,275796.0657,275796.0657,130336.0173,2843457.4374,2843457.4374
600276.SH,20210430,84.1,0.9675,1.5891,1.33,70.855,68.8835,13.93,16.1674,15.3895,0.2268,0.2268,533171.7041,530626.4628,323048.4219,44839740.3148,44625685.5215
605333.SH,20210430,14.19,5.7054,5.7054,0.56,76.6581,73.9915,7.2218,3.7162,3.3347,0.0,,40100.0,4010.0,4010.0,569019.0,56901.9
002035.SZ,20210430,7.25,1.5166,1.8912,1.67,15.45,14.3574,1.9459,1.4452,1.3348,4.0352,4.0352,86923.0324,78355.1124,62834.2249,630191.9849,568074.5649
605081.SH,20210430,43.7,7.6216,7.6216,1.16,21.1205,20.6161,1.9407,6.0955,6.0366,,,7810.1429,1953.0,1953.0,341303.2447,85346.1
002114.SZ,20210430,6.56,2.9143,4.014,1.38,,,1.4621,1.2316,1.1008,0.0,,32339.5267,32339.0823,23479.3223,212147.2952,212144.3799
688590.SH,20210430,15.43,3.2576,3.2576,1.14,34.4148,29.7405,2.697,2.6144,2.4986,,,18202.228,3700.3648,3700.3648,280860.378,57096.6289
002301.SZ,20210430,12.78,0.5592,0.9589,0.55,46.7075,46.0222,2.6302,1.1712,1.0976,1.1358,1.1358,73402.0099,73273.5712,42729.0615,938077.6865,936436.2399
603639.SH,20210430,28.25,1.4923,4.4876,1.24,16.495,14.7779,2.4415,2.0786,1.8836,0.7586,0.7586,23744.8904,23646.9962,7863.296,670793.1538,668027.6427
600130.SH,20210430,3.28,0.6213,0.7432,0.96,73.4289,61.2989,2.677,3.523,2.8161,0.0,,76800.0,76800.0,64205.36,251904.0,251904.0
605377.SH,20210430,22.82,4.6555,4.6555,0.67,17.8935,14.4328,2.0076,2.886,2.3661,,,20386.67,5096.67,5096.67,465223.8094,116306.0094
300094.SZ,20210430,3.9,3.0519,4.9769,0.92,,,1.7034,0.798,0.7734,0.0,,91955.8815,87507.8961,53660.3281,358627.9379,341280.7948
300862.SZ,20210430,33.58,4.5729,4.5729,1.24,34.0541,33.1677,2.4575,6.197,6.0244,,,13186.993,3297.0,3297.0,442819.2249,110713.26
000692.SZ,20210430,3.61,3.6304,5.5943,2.16,,,4.5434,1.0157,1.0037,0.0,,53283.2976,53282.6726,34577.6608,192352.7043,192350.4481
600299.SH,20210430,12.11,0.1866,1.3172,0.96,24.0292,22.8044,2.334,2.7268,2.6949,1.2882,1.2882,268190.1273,268190.1273,38000.7595,3247782.4416,3247782.4416
688408.SH,20210430,141.0,2.7144,2.7144,1.22,67.0279,67.8099,7.6633,6.1164,6.1559,,,13571.548,3164.7326,3164.7326,1913588.268,446227.2966
300596.SZ,20210430,40.36,0.9718,1.6839,0.99,28.2403,25.8485,3.6851,3.3326,3.0183,0.4757,0.4757,20501.042,18225.0937,10517.9247,827422.0551,735564.7817
300145.SZ,20210430,2.7,0.7707,1.0378,0.87,,,1.8068,1.2311,1.1261,0.9116,0.9116,192343.8236,176631.8294,131170.4091,519328.3237,476905.9394
002690.SZ,20210430,48.02,0.8818,1.2821,1.54,74.0811,64.0243,13.5034,21.6993,19.2247,1.666,1.666,67600.0,33103.7421,22767.9171,3246152.0,1589641.6956
002244.SZ,20210430,4.41,1.1162,2.4368,2.69,5.895,5.6067,0.7308,0.4798,0.4255,2.9932,2.9932,311144.389,269238.934,123330.0843,1372146.7555,1187343.6989
300753.SZ,20210430,29.46,2.4774,2.4774,0.58,31.9155,28.8275,4.0606,6.9841,6.0885,1.0444,1.0444,10504.0,4915.2127,4915.2127,309447.84,144802.1661
605155.SH,20210430,22.46,5.7031,5.7031,0.93,27.7004,26.9734,2.0938,6.0865,5.7036,,,9600.0,2400.0,2400.0,215616.0,53904.0
300037.SZ,20210430,77.02,1.3418,1.5734,0.97,61.1069,55.0669,6.1615,10.6852,8.839,0.3246,0.3246,41079.2913,29547.138,25198.226,3163927.0159,2275720.5688
002403.SZ,20210430,7.58,0.5392,1.1667,0.45,25.8603,17.3924,1.1768,0.9179,0.8198,0.0,,35032.0801,31561.8676,14587.8815,265543.1672,239238.9564
000680.SZ,20210430,4.1,1.5381,1.8551,0.67,61.1519,36.4326,1.4379,0.868,0.7419,0.0,,150276.3212,105696.3053,87635.0654,616132.9169,433354.8517
605318.SH,20210430,14.62,7.1821,7.1821,0.51,29.4185,25.8394,2.1947,4.214,3.8369,,,12917.1152,3229.2788,3229.2788,188848.2242,47212.0561
300967.SZ,20210430,18.12,23.669,23.669,0.82,67.616,67.1618,4.3582,6.2916,6.0901,,,18750.6,4457.5849,4457.5849,339760.872,80771.4384
300969.SZ,20210430,39.42,10.2003,10.2003,0.76,47.5261,38.9187,9.1248,9.2448,7.6104,,,8000.0,2000.0,2000.0,315360.0,78840.0
600371.SH,20210430,10.88,0.9737,1.9002,0.75,57.6669,58.145,5.9479,13.2603,13.2061,0.707,0.707,29257.8,29257.8,14992.7865,318324.864,318324.864
300674.SZ,20210430,29.15,1.5479,1.853,0.67,26.6056,28.6004,5.1542,4.0413,3.8309,0.498,0.498,41336.52,27609.2915,23062.8553,1204959.558,804810.8472
600704.SH,20210430,4.62,0.4471,0.7944,0.67,8.5177,7.6409,0.9066,0.058,0.0532,5.4113,5.4113,506218.204,506218.204,284945.443,2338728.1025,2338728.1025
300539.SZ,20210430,6.9,1.4347,2.0868,1.08,105.5493,71.0991,3.0866,2.6493,2.3422,0.5223,0.5223,22199.3426,11314.1994,7779.0132,153175.4639,78067.9759
000581.SZ,20210430,24.38,0.9163,1.5926,0.77,8.8714,7.9752,1.285,1.9092,1.6607,4.4305,4.4305,100895.057,81694.974,47004.8942,2459821.4897,1991723.4661
003002.SZ,20210430,13.52,17.9441,17.9441,1.0,27.9021,27.8327,2.5865,4.8598,4.5725,,,20000.0,5000.0,5000.0,270400.0,67600.0
603709.SH,20210430,20.06,0.9828,3.9192,1.48,38.4675,32.5013,2.4924,1.3806,1.3579,1.1466,1.1466,8000.0,8000.0,2006.0,160480.0,160480.0
002092.SZ,20210430,10.07,3.2591,4.9463,1.05,148.0853,24.9988,1.1023,0.2567,0.2387,0.1589,0.1589,214644.9598,214638.1423,141421.3666,2161474.7452,2161406.093
603661.SH,20210430,57.5,2.2765,2.2765,1.22,15.8281,14.3761,2.0855,1.2123,1.1168,0.48,0.48,10000.0,2875.0,2875.0,575000.0,165312.5
601992.SH,20210430,2.78,0.2176,0.5127,1.35,10.4383,10.1381,0.6333,0.2748,0.2532,4.3165,4.3165,1067777.1134,833415.8264,353680.0692,2968420.3753,2316895.9974
688550.SH,20210430,80.01,2.7083,2.7083,1.37,32.0121,28.8558,2.0476,5.3498,4.9012,,,7018.1579,1702.2389,1702.2389,561522.8136,136196.1344
300211.SZ,20210430,9.08,0.485,0.9662,0.83,297.7353,251.5404,5.9869,33.7737,30.5092,1.1013,1.1674,30267.5973,29697.6427,14907.4156,274829.7835,269654.5957
300071.SZ,20210430,1.72,1.3801,1.9983,0.45,,,,1.1902,1.124,0.0,,67138.642,63736.4639,44017.8526,115478.4642,109626.7179
000608.SZ,20210430,3.6,1.0378,1.7963,1.08,25.1513,22.809,0.862,4.7349,4.5591,0.0,,74991.3309,74979.6859,43319.8321,269968.7912,269926.8692
002687.SZ,20210430,5.69,1.0751,1.485,0.38,13.8435,13.7172,1.6593,1.8296,1.7708,0.0,,35000.0,28775.0,20831.39,199150.0,163729.75
300785.SZ,20210430,84.8,2.7133,2.7133,1.71,48.0466,46.0253,4.4643,8.282,7.3983,0.3894,0.3894,8883.3256,2289.3003,2289.3003,753306.0109,194132.6654
600831.SH,20210430,5.49,1.278,1.8056,1.33,63.9403,36.5161,1.0421,1.4132,1.4025,0.0,,71048.0561,71048.0561,50288.9913,390053.828,390053.828
603800.SH,20210430,8.35,0.5213,1.5433,1.86,400.1049,,1.9732,2.0489,1.8677,5.988,5.988,20800.0,20800.0,7025.0,173680.0,173680.0
603797.SH,20210430,7.29,0.2679,0.7621,0.72,13.7469,13.4294,1.9208,5.4321,5.0541,1.6102,1.6102,44980.6539,44980.6539,15809.5819,327908.9669,327908.9669
603738.SH,20210430,23.39,1.9163,3.3939,1.01,104.9794,47.0245,5.0575,6.4248,5.008,0.3359,0.6352,17330.3798,17019.3798,9609.786,405357.5835,398083.2935
002497.SZ,20210430,20.35,6.7397,7.1713,0.97,72.4259,59.2428,4.3211,7.2165,6.4263,0.0605,0.0605,115256.252,93518.6671,87890.6836,2345464.7282,1903104.8755
000711.SZ,20210430,2.23,0.8895,1.9062,0.89,,,1.0452,1.9708,2.0318,0.0,,102366.7816,82186.5026,38349.0827,228277.923,183275.9008
002073.SZ,20210430,4.46,0.8478,1.004,0.66,43.795,29.8925,0.9737,1.3516,1.2884,0.0,,93398.6674,93393.2074,78862.3588,416558.0566,416533.705
300252.SZ,20210430,6.72,1.4558,2.2681,1.06,,,1.6593,1.9794,1.8901,0.0,,57747.8834,41140.4548,26405.6337,388065.7764,276463.8563
600326.SH,20210430,7.07,1.735,2.2063,1.3,14.8681,14.5184,1.5377,0.9177,0.8856,1.0661,1.0661,91853.4216,91853.4216,72233.3624,649403.6907,649403.6907
300390.SZ,20210430,27.87,6.4099,7.3179,1.79,56.802,42.239,7.5788,12.3707,9.2875,0.1697,0.1697,58288.0538,38906.8694,34079.0506,1624488.0594,1084334.4502
300706.SZ,20210430,19.6,5.4761,6.9645,2.59,471.6242,324.9394,6.23,7.8139,6.9238,0.1531,0.1531,14112.0,8161.393,6417.2574,276595.2,159963.3028
300069.SZ,20210430,13.66,0.6821,1.2013,1.9,,,5.1881,12.4345,9.5877,0.0,,11700.0,11700.0,6643.7463,159822.0,159822.0
600730.SH,20210430,4.55,1.8311,2.2896,1.08,143.3626,204.565,1.3972,25.9161,24.9707,0.0,,58665.6002,58665.6002,46917.3018,266928.4809,266928.4809
300604.SZ,20210430,37.84,1.9976,3.0671,0.93,139.9236,95.1369,10.3603,14.7716,12.0494,0.0,,31379.0502,21741.7074,14160.155,1187383.2596,822706.208
601298.SH,20210430,6.49,0.2377,0.6711,1.18,10.9653,10.6933,1.2357,3.1868,2.9723,3.0863,3.0863,649110.0,186989.6,66237.6,4212723.9,1213562.504
601117.SH,20210430,6.3,0.7506,1.2539,0.91,8.4939,7.8773,0.8708,0.2839,0.2568,2.9683,2.9683,493300.0,493300.0,295277.0373,3107790.0,3107790.0
000722.SZ,20210430,6.92,2.7052,5.7373,0.96,32.8155,37.0413,1.0488,10.3317,9.2655,0.7225,0.7225,46415.8282,46415.8282,21885.3331,321197.5311,321197.5311
300710.SZ,20210430,29.26,2.4966,2.738,1.64,33.2338,31.1268,3.1186,3.9132,3.3118,0.1367,0.1367,6861.4,6861.4,6256.4,200764.564,200764.564
600734.SH,20210430,1.83,1.0289,1.7958,1.32,,,,0.9891,0.9206,0.0,,62237.2316,53494.3811,30647.7404,113894.1338,97894.7174
603607.SH,20210430,14.49,0.5343,1.0337,0.99,24.0239,23.1394,2.784,3.6731,3.4332,1.4789,1.4789,17851.68,17851.68,9227.9858,258670.8432,258670.8432
300144.SZ,20210430,21.73,1.5895,2.6218,1.12,,,7.5233,62.9495,52.8687,0.5113,0.5113,261469.404,220870.918,133911.6709,5681730.1489,4799525.0481
000402.SZ,20210430,6.2,0.4029,0.5853,0.96,7.4172,6.4098,0.5015,1.0226,1.0656,4.8387,4.8387,298892.9907,298763.6046,205692.7893,1853136.5423,1852334.3485
603392.SH,20210430,308.14,1.9123,1.9123,1.35,197.356,149.1548,46.9979,56.7523,46.5964,0.0,,43360.0,10772.4482,10772.4482,13360950.4,3319422.1883
600362.SH,20210430,26.56,2.9122,6.5738,0.8,39.6355,30.4579,1.498,0.2887,0.2524,0.3765,0.3765,346272.9405,207524.7405,91932.5995,9197009.2997,5511857.1077
603041.SH,20210430,13.43,2.1278,6.506,1.27,17.0527,17.0972,2.08,4.8576,4.3736,1.1701,1.1701,14089.964,14038.556,4591.216,189228.2165,188537.8071
002835.SZ,20210430,9.84,1.6263,2.6047,1.09,30.5948,32.7599,2.8613,2.7418,2.5825,0.4371,0.4371,21967.7923,12407.0268,7746.4398,216163.0762,122085.1437
688080.SH,20210430,36.9,1.0123,1.2555,1.4,47.8639,45.3055,2.9627,6.2244,5.9422,0.542,0.542,5242.8786,3711.9426,2992.9836,193462.2203,136970.6819
688077.SH,20210430,38.86,4.8773,4.8773,1.88,59.5538,40.3373,3.2956,3.9746,3.2278,,,8000.0,1900.0,1900.0,310880.0,73834.0
688178.SH,20210430,26.03,1.3815,1.8219,1.75,17.5049,17.3546,1.9514,2.7739,2.6037,1.6904,1.6904,8499.7844,3700.2615,2805.7429,221249.3879,96317.8068
600565.SH,20210430,2.72,1.6465,2.9788,2.54,3.8639,3.845,0.6425,0.3275,0.297,2.0982,2.0982,256103.6284,240237.6284,132792.6001,696601.8692,653446.3492
688396.SH,20210430,63.5,6.1788,8.102,1.82,86.9868,67.0656,5.4023,12.0141,10.9724,0.0479,0.0479,132009.1861,32913.0549,25100.5549,8382583.3174,2089978.9862
002531.SZ,20210430,8.55,1.4472,3.0489,0.58,14.683,10.8998,2.0905,1.9141,1.7939,1.1433,1.1433,180250.9062,176900.6513,83966.9826,1541145.248,1512500.5686
603533.SH,20210430,28.9,1.1935,3.5799,0.74,48.0182,46.5857,4.9924,6.1554,5.9735,0.4742,0.4742,43889.6835,40100.0,13369.0124,1268411.8532,1158890.0
300298.SZ,20210430,37.25,0.7644,1.1737,0.91,112.6756,125.1098,7.8968,10.4495,10.0517,0.797,0.797,56531.4734,45507.9201,29638.7221,2105797.3842,1695170.0237
603388.SH,20210430,5.87,0.2645,0.5418,0.23,18.0139,18.1881,1.5405,2.3417,2.3458,0.0,,28514.206,28514.206,13919.184,167378.3892,167378.3892
600452.SH,20210430,18.12,0.8867,1.8337,1.07,19.8497,17.7332,3.8304,2.9971,2.8286,0.8672,0.8672,43904.0,43904.0,21230.3158,795540.48,795540.48
688516.SH,20210430,82.8,2.7846,2.7846,0.76,52.5876,41.6666,7.1623,7.1423,5.9257,0.4831,0.4831,9867.0,2111.8196,2111.8196,816987.6,174858.6629
600206.SH,20210430,11.64,1.017,1.522,0.94,57.8679,43.7986,2.9611,0.7598,0.6848,0.1375,0.1375,84659.4132,84407.8132,56397.9764,985435.5696,982506.9456
000559.SZ,20210430,4.94,0.5546,1.2752,1.26,37.4224,32.0831,1.8883,1.4998,1.3287,1.0121,1.0121,330379.1344,275314.7124,119737.7737,1632072.9239,1360054.6793
002981.SZ,20210430,24.68,1.4854,1.4854,0.47,52.1189,51.9753,2.8227,2.6188,2.324,0.4052,0.4052,9600.0,2400.0,2400.0,236928.0,59232.0
603093.SH,20210430,14.77,6.9867,6.9867,1.31,95.6817,92.3947,3.157,0.9088,0.9613,0.309,0.309,61006.5893,11039.91,11039.91,901067.324,163059.4707
600269.SH,20210430,3.56,0.2682,0.5686,0.62,15.7846,8.4207,0.5181,1.6412,1.4514,4.2135,4.2135,233540.7014,233540.7014,110171.6019,831404.897,831404.897
300875.SZ,20210430,68.87,3.3424,3.3424,1.24,52.8446,48.0733,3.8664,19.6996,19.3544,,,7679.5963,1919.9,1919.9,528893.7972,132223.513
002186.SZ,20210430,10.86,0.9063,1.6104,0.93,,,2.9387,4.2766,4.1423,0.5525,0.5525,30846.3955,30805.3705,17336.2229,334991.8551,334546.3236
300490.SZ,20210430,8.82,4.5937,8.3417,1.05,75.1623,47.1708,1.2902,1.944,1.7287,0.3403,0.3403,25617.1546,24500.1921,13492.0399,225943.3036,216091.6943
300306.SZ,20210430,8.24,1.3548,1.8139,0.71,30.9792,27.3092,1.5412,5.5084,5.1827,0.0,,26895.8778,15169.0005,11329.6725,221622.0331,124992.5641
600794.SH,20210430,3.4,0.5423,0.9578,1.11,19.3768,17.9078,1.8604,1.9964,1.6054,0.0,,121215.2157,121215.2157,68629.5487,412131.7334,412131.7334
300665.SZ,20210430,11.54,1.0544,1.1813,0.48,58.1112,46.7109,3.0039,2.318,2.2033,0.0,,12163.5068,9008.227,8040.2169,140366.8685,103954.9396
002196.SZ,20210430,6.88,3.9204,4.848,1.45,,,2.1984,2.8223,2.3041,0.0,,46869.493,40877.2089,33055.852,322462.1118,281235.1972
000090.SZ,20210430,6.19,0.8257,1.3666,1.58,7.7826,8.1048,1.2401,0.6754,0.6822,6.1389,6.1389,186854.5434,186828.7589,112882.3361,1156629.6236,1156470.0176
600429.SH,20210430,5.1,0.6311,2.5392,0.84,346.2658,41.295,1.5331,1.0386,0.9915,0.5294,0.5294,149755.7426,149755.7426,37222.6929,763754.2873,763754.2873
300077.SZ,20210430,6.69,1.4142,1.4567,0.53,332.0446,554.2156,3.4254,9.8245,9.3793,0.0,,55761.5,54505.4375,52914.4483,373044.435,364641.3769
300105.SZ,20210430,4.09,1.3427,2.315,0.89,214.284,115.8752,1.1335,4.5801,4.2521,4.89,4.89,51321.6,51321.6,29766.528,209905.344,209905.344
603239.SH,20210430,15.85,0.2407,0.7182,0.73,40.2683,34.6815,4.2196,6.9446,6.3508,3.1546,3.1546,27072.0,27072.0,9072.0,429091.2,429091.2
000918.SZ,20210430,6.94,0.4891,1.3851,0.64,,,5.8686,12.5221,10.3995,0.0,,180419.15,180419.15,63714.9383,1252108.901,1252108.901
603906.SH,20210430,31.13,0.7851,1.6296,0.47,52.8513,44.9511,5.3964,5.5989,4.8827,0.3613,0.3613,34435.0966,34435.0966,16589.9234,1071964.5572,1071964.5572
002765.SZ,20210430,5.62,4.6949,8.3518,0.44,418.7385,47.9857,1.7268,1.3169,1.0976,0.0,,57517.529,36910.9135,20749.1445,323248.513,207439.3339
603929.SH,20210430,9.47,1.7833,5.2078,2.7,,,1.9671,2.1741,1.8622,2.6399,2.6399,21336.0,21336.0,7306.0,202051.92,202051.92
300374.SZ,20210430,13.22,1.6072,3.6956,0.85,230.5672,236.3111,2.1155,3.2791,3.0607,0.2269,0.2269,24591.2337,17041.6625,7411.1584,325096.1095,225290.7783
002718.SZ,20210430,14.95,1.0891,2.006,1.2,23.5181,17.2161,1.4752,2.5944,2.2411,1.0033,1.0033,13144.7829,6637.8626,3603.745,196514.5044,99236.0459
300835.SZ,20210430,49.27,5.0181,5.0181,1.02,51.0425,40.6082,4.0214,6.2273,5.5545,1.0148,1.0148,7067.0,1767.0,1767.0,348191.09,87060.09
300124.SZ,20210430,89.45,0.8628,1.1291,0.65,73.2471,59.7645,13.5624,13.3633,11.5,0.2012,0.2012,171972.344,140641.6706,107462.3604,15382926.1708,12580397.4352
603700.SH,20210430,25.54,1.1442,1.1442,0.58,19.0076,18.3948,3.4937,3.2643,3.1723,0.9036,0.9036,20324.2,10332.3308,10332.3308,519080.068,263887.7286
002960.SZ,20210430,37.4,1.3266,1.6229,0.91,21.413,19.353,2.934,3.6474,3.2795,0.7819,0.7819,24621.0,12120.3645,9907.85,920825.4,453301.6323
300594.SZ,20210430,18.71,1.0261,1.3439,0.5,19.3776,21.9274,1.8451,2.8838,2.8395,0.7921,0.7921,8998.17,6787.17,5182.17,168355.7607,126987.9507
002734.SZ,20210430,12.68,0.6142,0.8336,0.61,12.2366,11.6784,1.7153,1.0765,1.0881,1.8199,1.8199,37252.4841,32258.5621,23766.7166,472361.4984,409038.5674
002729.SZ,20210430,42.99,0.1581,0.4573,0.57,265.8015,194.185,6.8061,16.9424,15.1672,0.1628,0.1628,6668.0,6668.0,2305.136,286657.32,286657.32
000045.SZ,20210430,8.27,0.9266,2.0475,0.71,112.6778,48.9019,1.4949,1.9912,1.8435,0.0,,50777.2279,45701.7874,20681.9406,419927.6747,377953.7818
000899.SZ,20210430,5.07,0.8058,3.0335,0.68,15.6553,17.3881,0.9837,1.8477,1.8137,1.9724,1.9724,97567.776,97567.4006,25917.8444,494668.6243,494666.721
600719.SH,20210430,3.47,0.605,0.9017,0.79,145.3621,3867.4582,1.7837,2.0823,2.0951,0.2594,0.2594,40459.96,40459.96,27146.5816,140396.0612,140396.0612
688656.SH,20210430,78.55,3.5037,3.5037,0.63,87.4858,65.7912,6.9161,22.3262,18.8708,,,6305.8328,1283.5105,1283.5105,495323.1664,100819.7498
603693.SH,20210430,12.01,2.446,4.0007,0.57,48.2844,44.8344,1.5299,4.7987,4.5072,1.249,1.249,61800.0,19300.0,11800.0,742218.0,231793.0
600857.SH,20210430,10.32,0.6068,0.9157,0.82,102.8771,61.4023,4.5044,3.1426,2.6825,0.0,,22431.9919,22431.9919,14864.4198,231498.1564,231498.1564
300601.SZ,20210430,180.7,3.363,5.6941,1.59,182.6228,176.7094,16.3695,54.8541,52.5356,0.1627,0.1627,68641.3309,49163.37,29036.7944,12403488.4936,8883820.959
600418.SH,20210430,8.34,1.4669,2.1347,0.72,110.7201,22.9617,1.1925,0.3687,0.3367,0.2038,0.2038,189331.2117,189331.2117,130103.7894,1579022.3056,1579022.3056
000030.SZ,20210430,7.2,0.4385,1.3975,1.53,14.4631,13.0141,1.741,1.173,1.0746,2.2688,2.2688,181055.2111,175988.087,55216.3837,1303597.5199,1267114.2264
600557.SH,20210430,10.43,0.6443,1.0384,1.15,23.5193,23.193,1.4756,2.0395,2.0109,0.767,0.767,59288.1038,59288.1038,36783.3772,618374.9226,618374.9226
000520.SZ,20210430,3.17,0.4673,0.6152,0.95,304.7098,209.6889,7.5096,4.4865,4.1768,0.0,,101208.3455,101208.3455,76886.7903,320830.4552,320830.4552
002884.SZ,20210430,31.83,0.8325,1.2271,0.97,22.5488,20.98,3.9045,5.632,4.9773,3.1229,3.1229,25397.8116,19358.958,13133.575,808412.3432,616195.6331
300743.SZ,20210430,14.32,2.4779,8.8122,0.48,62.3511,43.5665,3.5285,3.3706,3.2058,1.3863,1.3863,9888.79,7014.1172,1972.3158,141607.4728,100442.1583
002449.SZ,20210430,8.73,1.5212,1.9388,0.43,53.3801,55.5557,1.493,1.6546,1.5903,3.4364,3.4364,61847.7169,61195.2859,48014.7864,539930.5685,534234.8459
002846.SZ,20210430,8.35,2.9765,5.4631,0.84,34.2518,34.0163,3.45,1.9955,1.7396,0.9505,2.073,31837.2067,22269.8467,12133.4267,265840.6759,185953.2199
003033.SZ,20210430,33.15,16.4259,16.4259,1.01,24.9057,24.4905,2.9464,2.7725,2.5285,,,8175.0,2045.0,2045.0,271001.25,67791.75
002798.SZ,20210430,18.7,1.2114,1.4902,0.63,12.8359,12.2899,1.7064,1.2901,1.2114,0.5293,1.5989,38890.5564,23438.5522,19052.8359,727253.4047,438300.9261
002627.SZ,20210430,5.37,0.8054,1.2789,0.66,63.1393,30.9963,1.3633,1.5635,1.3365,1.0954,1.0954,56780.6244,53284.188,33558.4569,304911.953,286136.0896
002384.SZ,20210430,17.44,1.383,1.5692,0.63,19.4886,19.0247,2.2407,1.0615,0.9786,0.2694,0.2694,170986.7327,139027.534,122532.5701,2982008.6183,2424640.193
003020.SZ,20210430,46.79,20.2888,20.2888,0.66,32.0807,29.3333,3.5656,2.2883,2.1773,,,9264.0,2316.0,2316.0,433462.56,108365.64
603992.SH,20210430,18.81,1.9509,1.9509,0.57,27.8862,24.4051,3.6264,3.707,3.3637,0.9357,0.9357,40100.9858,4480.0,4480.0,754299.5429,84268.8
300662.SZ,20210430,59.48,0.8538,1.4286,1.38,58.3761,54.7249,9.922,2.7661,2.4381,0.2799,0.2799,18285.6,18074.934,10802.8438,1087627.488,1075097.0743
300749.SZ,20210430,8.23,3.1273,3.1273,1.76,77.6664,27.7278,2.0575,1.9355,1.699,0.9721,0.9721,20516.94,8525.52,8525.52,168854.4162,70165.0296
002228.SZ,20210430,3.72,0.6169,1.2039,0.95,15.8843,14.6548,1.3291,0.3838,0.3333,2.5382,2.5382,123862.9339,123456.5419,63258.6029,460770.1141,459258.3359
000635.SZ,20210430,8.89,1.9445,3.9884,0.99,38.7198,17.6315,0.9752,1.3781,1.1772,1.6873,1.6873,30308.7602,30308.7602,14776.4915,269444.8782,269444.8782
002923.SZ,20210430,17.47,1.2046,2.3823,1.74,23.9002,23.3717,3.0196,2.5923,2.5792,2.2905,2.2905,18586.96,14013.3695,7085.7601,324714.1912,244813.5652
603810.SH,20210430,23.65,4.6014,5.2339,4.35,11.6636,13.6127,1.9761,1.8399,1.8353,0.3803,0.3803,11623.36,5531.6533,4863.168,274892.464,130823.6005
300840.SZ,20210430,13.56,3.3615,3.3615,0.6,68.3433,67.5876,3.3683,5.2004,4.9281,,,24000.0,5999.99,5999.99,325440.0,81359.8644
003008.SZ,20210430,33.75,1.888,1.888,0.61,36.3589,33.3021,2.6383,16.3155,15.6107,,,8000.0,2000.0,2000.0,270000.0,67500.0
688198.SH,20210430,164.99,1.7426,1.7426,1.13,280.2112,280.7114,18.1778,87.067,75.2444,0.1212,0.1212,9600.0,2280.0,2280.0,1583904.0,376177.2
601126.SH,20210430,6.75,4.6255,8.8815,0.82,15.9584,11.0176,1.6334,1.4208,1.2665,2.5341,17.0526,81317.2,78818.7492,41048.7946,548891.1,532026.5571
002306.SZ,20210430,2.97,0.5495,0.7182,0.94,,,49.9349,9.1707,6.5148,0.0,,84000.0,79298.4887,60670.6457,249480.0,235516.5114
600718.SH,20210430,9.27,0.524,0.7584,0.69,87.7912,72.7897,1.3852,1.511,1.4597,0.0,,124237.0295,124237.0295,85838.5385,1151677.2635,1151677.2635
300530.SZ,20210430,11.68,1.839,4.1169,0.98,,,6.8234,16.4677,15.0124,10.7306,10.7306,15841.35,9684.9337,4326.0854,185026.968,113120.0256
600814.SH,20210430,7.17,5.1722,16.2961,1.14,19.2106,12.6884,1.766,2.8648,2.4156,1.3947,1.3947,71502.6758,71502.6758,22694.0342,512674.1855,512674.1855
601212.SH,20210430,2.61,0.9053,3.2209,1.65,264.8675,44.3308,1.2773,0.3146,0.2976,0.092,0.092,740477.4511,740477.4511,208128.7879,1932646.1474,1932646.1474
300317.SZ,20210430,5.49,5.5576,13.473,1.81,151.2152,84.5615,2.3115,5.6568,5.2947,0.0,,82428.3865,76910.885,31726.0308,452531.8419,422240.7587
300118.SZ,20210430,12.66,2.3325,3.2971,0.8,69.0158,253.5269,1.3425,0.7104,0.6933,1.5223,1.5223,90135.9941,89944.5941,63629.868,1141121.6853,1138698.5613
603518.SH,20210430,14.19,7.5572,16.7991,3.12,,,1.8706,1.0724,0.9401,0.0,,25241.7738,25001.3121,11246.9859,358180.7702,354768.6187
600691.SH,20210430,2.93,1.2607,1.8738,0.92,53.992,13.2638,1.2282,0.3878,0.3769,0.0,,237598.1952,175639.0906,118171.6306,696162.7119,514622.5355
000789.SZ,20210430,13.3,0.6896,1.313,0.64,7.163,6.8277,1.6158,0.8465,0.7817,5.263,5.263,79739.5007,79737.61,41882.2779,1060535.3593,1060510.213
600435.SH,20210430,7.74,0.5614,0.9684,0.96,184.4392,145.3528,5.1871,3.8349,3.5437,0.0,,148932.0,148932.0,86339.4294,1152733.68,1152733.68
002184.SZ,20210430,16.02,5.6043,6.6641,1.31,30.194,26.7326,3.5328,1.6928,1.5732,0.6242,0.6242,23939.3449,15698.9354,13202.347,383508.3053,251496.9451
601988.SH,20210430,3.25,0.0761,0.7825,1.4,4.9606,4.9247,0.5286,1.6918,1.6631,5.8769,5.8769,29438779.1241,21076551.4846,2049395.6739,95676032.1533,68498792.325
600236.SH,20210430,5.18,0.0671,0.39,0.84,18.5883,17.6997,2.6049,4.5499,4.4381,3.668,3.668,788237.7802,788237.7802,135516.7037,4083071.7014,4083071.7014
688667.SH,20210430,136.0,7.0959,7.0959,0.84,44.7423,39.5861,5.3475,9.2045,8.09,,,5160.0,1184.4249,1184.4249,701760.0,161081.7864
002745.SZ,20210430,13.09,2.0945,2.9331,1.07,64.386,39.9592,1.5314,1.1177,1.0738,0.9861,0.9861,148416.6399,91751.6099,65519.3995,1942773.8163,1201028.5736
603871.SH,20210430,22.39,1.0256,3.5672,1.0,13.6456,12.423,2.2881,1.498,1.5033,3.1902,3.1902,21952.2695,21952.2695,6311.4695,491511.3141,491511.3141
002323.SZ,20210430,3.32,0.784,1.0411,0.66,,,51.6143,19.7474,24.6832,0.0,,74572.9656,32239.98,24278.97,247582.2458,107036.7336
600409.SH,20210430,11.4,5.0861,9.2934,2.0,32.8196,15.443,1.9228,1.3236,1.2135,1.4561,1.4561,206434.9448,206434.9448,112978.0565,2353358.3707,2353358.3707
688260.SH,20210430,16.53,7.1276,7.1276,0.92,35.3343,36.9987,3.9731,3.5826,3.4347,,,12000.0,2729.6137,2729.6137,198360.0,45120.5145
300761.SZ,20210430,36.6,2.6236,3.1574,1.04,58.1796,20.002,2.1401,1.7147,1.5013,2.7322,3.1421,40388.0,11946.125,9926.7249,1478200.8,437228.175
300385.SZ,20210430,8.34,6.444,12.5931,3.8,,,3.1401,1.8673,1.5636,0.7494,0.7494,33314.5932,24124.8633,12344.8108,277843.7073,201201.3599
601609.SH,20210430,9.29,2.8177,2.946,0.76,26.4235,24.2344,1.9831,0.289,0.2472,1.098,1.098,145696.9,59744.95,57141.7,1353524.201,555030.5855
002177.SZ,20210430,8.87,21.8439,26.6646,1.17,94.0922,80.3868,4.0415,37.0264,43.5887,0.0,,76119.1294,76119.1294,62357.5589,675176.6778,675176.6778
605268.SH,20210430,14.8,8.1311,8.1311,0.63,26.9164,24.7608,3.7322,3.0525,2.8131,,,43600.0,6700.0,6700.0,645280.0,99160.0
002486.SZ,20210430,2.94,1.1739,1.488,1.04,146.684,142.8219,2.6166,2.0884,1.9774,0.0,,83200.0,83200.0,65638.6019,244608.0,244608.0
300589.SZ,20210430,23.01,7.5038,10.8572,1.05,133.8669,123.452,12.4985,7.6129,7.198,0.0,,20280.78,10238.6894,7076.3453,466660.7478,235592.2431
600550.SH,20210430,4.02,0.1955,0.4745,0.77,350.4137,216.7874,11.9834,1.8124,1.781,0.0,,184152.848,153460.7067,63240.9691,740294.449,616912.0409
300270.SZ,20210430,4.7,1.2711,1.3248,0.79,,,1.8083,6.8243,6.67,0.0,,30280.6028,19809.3415,19006.4198,142318.8332,93103.9051
000798.SZ,20210430,8.3,2.48,6.0771,0.76,,,4.4942,5.9545,5.6099,0.0,,31945.5,31938.675,13034.1004,265147.65,265091.0025
603712.SH,20210430,30.86,1.6153,4.564,3.33,45.5451,44.8375,7.8858,8.8365,8.5733,0.324,0.324,77200.0,77200.0,27323.04,2382392.0,2382392.0
688079.SH,20210430,16.31,10.6692,10.6692,1.04,45.4319,48.1185,4.2294,15.491,14.9302,,,40133.3334,6973.6598,6973.6598,654574.6678,113740.3913
601686.SH,20210430,11.69,2.8651,2.8651,0.86,14.4338,12.5792,2.782,0.3408,0.3099,,3.8494,141155.66,14200.0,14200.0,1650109.6654,165998.0
002860.SZ,20210430,16.36,1.3453,1.8902,1.15,30.2771,24.7192,3.1953,3.5231,2.9564,0.7534,0.7534,19962.243,14112.4932,10044.4851,326582.2955,230880.3888
000751.SZ,20210430,3.42,3.2098,4.2008,1.05,20.6215,19.0312,1.6621,0.7082,0.6602,0.0,,140986.9279,140986.8779,107726.6753,482175.2934,482175.1224
002580.SZ,20210430,5.7,3.7924,4.0332,0.37,90.3109,80.0468,1.5067,1.4688,1.3687,0.3374,0.3374,45386.8993,31278.7967,29410.9186,258705.326,178289.1412
605258.SH,20210430,31.93,8.807,8.807,0.93,30.6614,29.7946,2.5323,4.5627,4.105,,,8800.0,2200.0,2200.0,280984.0,70246.0
000028.SZ,20210430,41.8,0.7898,2.2704,0.78,12.7654,12.0763,1.2534,0.3,0.2846,1.4354,1.4354,42812.6983,36773.3625,12791.6361,1789570.7889,1537126.5525
688268.SH,20210430,60.81,2.2071,2.2073,0.55,68.5368,61.9951,5.6029,7.3002,6.6107,0.4111,0.4111,12000.0,3344.35,3344.174,729720.0,203369.9235
600742.SH,20210430,9.91,1.6404,2.6232,1.47,10.7426,7.8416,1.0209,0.3397,0.3049,1.5312,1.5312,66912.0968,66912.0968,41842.0932,663098.8793,663098.8793
300642.SZ,20210430,67.81,1.803,2.6457,0.69,51.2281,37.972,4.781,12.6142,10.6606,0.5882,0.5882,9107.3375,7409.598,5049.4627,617568.5559,502444.8404
600399.SH,20210430,12.97,2.5116,3.55,1.9,46.3696,39.7016,4.9159,4.0778,3.8555,0.0,,197210.0,197210.0,139522.3556,2557813.7,2557813.7
600015.SH,20210430,6.24,0.2623,0.6597,1.74,4.5131,4.4064,0.426,1.0074,1.0072,3.9904,3.9904,1538722.3983,1282268.6653,509783.4834,9601627.7654,8001356.4715
688289.SH,20210430,99.36,4.3758,4.3758,0.61,15.1892,13.0495,7.4045,8.3444,7.1919,0.7548,0.7548,40000.0,3486.4054,3486.4054,3974400.0,346409.2405
300823.SZ,20210430,25.9,2.238,2.7639,0.63,26.999,26.1194,2.6838,5.198,5.0188,0.834,2.4865,9355.9091,3817.4531,3091.0776,242318.0457,98872.0353
600586.SH,20210430,6.98,3.0609,4.5034,0.74,30.1363,15.1878,2.1037,2.0419,1.8628,0.4298,0.4298,142877.0,142877.0,97113.4722,997281.46,997281.46
300545.SZ,20210430,21.22,1.1752,1.5107,0.66,50.7683,67.839,2.7238,4.8218,4.4653,0.382,0.382,17773.7894,7946.1731,6181.0509,377159.8111,168617.7932
603980.SH,20210430,6.55,0.5296,0.7355,3.14,19.8871,14.8324,1.001,2.5024,2.202,6.8702,6.8702,70000.0,70000.0,50400.0,458500.0,458500.0
002342.SZ,20210430,4.0,2.2844,3.2264,0.6,115.8132,113.717,1.5557,1.7339,1.6265,0.075,0.075,96000.0,88128.75,62396.75,384000.0,352515.0
000830.SZ,20210430,15.38,3.3344,5.0233,1.17,35.5083,16.1929,2.0453,1.6648,1.4321,2.5008,5.7517,190431.9011,146404.3385,97179.4921,2928842.6389,2251698.7261
003030.SZ,20210430,32.26,2.8539,2.8539,0.66,39.8595,44.7856,4.0093,3.2856,3.2222,,,12478.0,3120.0,3120.0,402540.28,100651.2
000156.SZ,20210430,7.7,1.1652,2.728,3.45,16.9114,17.0523,1.0432,1.8829,1.6997,6.3291,6.3291,185293.2442,128029.5337,54686.8435,1426757.9803,985827.4095
300098.SZ,20210430,4.58,10.5878,11.4694,1.08,,,2.4625,3.473,3.4586,0.0,,176386.2485,137935.2716,127333.505,807849.0181,631743.5439
689009.SH,20210430,74.4,7.375,77.4438,2.57,712.9738,251.1157,13.9873,8.7267,7.3475,,,70409.167,6055.189,5766.414,5238442.0248,450506.0616
302132.SZ,20210430,12.86,0.7114,1.5194,0.92,28.941,28.2344,3.9116,4.3168,4.1006,0.3852,0.3852,59076.0499,59076.0499,27659.9649,759718.0017,759718.0017
