ts_code,trade_date,pre_close,open,high,low,close,change,pct_chg,vol,amount
515210.SH,20260508,1.457,1.451,1.466,1.441,1.465,0.008,0.5491,516078.0,74975.919
515210.SH,20260507,1.456,1.457,1.465,1.444,1.457,0.001,0.0687,1054791.94,152906.9
515210.SH,20260506,1.441,1.445,1.46,1.439,1.456,0.015,1.0409,753547.0,109325.916
515210.SH,20260430,1.463,1.459,1.459,1.432,1.441,-0.022,-1.5038,746468.0,107564.313
515210.SH,20260429,1.432,1.432,1.465,1.422,1.463,0.031,2.1648,787729.0,114706.771
515210.SH,20260428,1.431,1.429,1.433,1.417,1.432,0.001,0.0699,458399.0,65395.949
515210.SH,20260427,1.448,1.444,1.446,1.424,1.431,-0.017,-1.174,388383.31,55543.465
515210.SH,20260424,1.451,1.451,1.454,1.435,1.448,-0.003,-0.2068,488828.41,70502.296
515210.SH,20260423,1.476,1.476,1.476,1.447,1.451,-0.025,-1.6938,614633.49,89451.633
515210.SH,20260422,1.471,1.472,1.48,1.46,1.476,0.005,0.3399,409248.92,60124.626
515210.SH,20260421,1.476,1.479,1.479,1.463,1.471,-0.005,-0.3388,441962.9,64854.028
515210.SH,20260420,1.477,1.48,1.484,1.469,1.476,-0.001,-0.0677,413247.0,61015.649
515210.SH,20260417,1.482,1.48,1.483,1.469,1.477,-0.005,-0.3374,257469.61,37982.892
515210.SH,20260416,1.45,1.452,1.484,1.45,1.482,0.032,2.2069,563358.37,82869.535
515210.SH,20260415,1.464,1.465,1.476,1.445,1.45,-0.014,-0.9563,1158758.46,168671.073
515210.SH,20260414,1.471,1.475,1.477,1.447,1.464,-0.007,-0.4759,510416.0,74403.354
515210.SH,20260413,1.456,1.456,1.475,1.45,1.471,0.015,1.0302,504262.0,73767.114
515210.SH,20260410,1.456,1.464,1.473,1.454,1.456,0.0,0.0,557339.0,81546.62
515210.SH,20260409,1.463,1.455,1.467,1.452,1.456,-0.007,-0.4785,1094288.0,159340.045
515210.SH,20260408,1.416,1.433,1.464,1.433,1.463,0.047,3.3192,1289116.19,187524.554
515210.SH,20260407,1.411,1.406,1.417,1.397,1.416,0.005,0.3544,577880.0,81412.215
515210.SH,20260403,1.431,1.431,1.433,1.407,1.411,-0.02,-1.3976,433517.0,61423.786
515210.SH,20260402,1.444,1.435,1.444,1.42,1.431,-0.013,-0.9003,797164.0,114082.248
515210.SH,20260401,1.427,1.438,1.452,1.437,1.444,0.017,1.1913,2210261.0,318366.893
515210.SH,20260331,1.451,1.45,1.457,1.424,1.427,-0.024,-1.654,568786.08,81803.172
515210.SH,20260330,1.439,1.43,1.453,1.418,1.451,0.012,0.8339,780647.37,112169.674
515210.SH,20260327,1.418,1.404,1.446,1.4,1.439,0.021,1.481,674016.0,96577.948
515210.SH,20260326,1.447,1.438,1.451,1.413,1.418,-0.029,-2.0041,1041657.0,149181.335
515210.SH,20260325,1.421,1.427,1.448,1.424,1.447,0.026,1.8297,2164173.0,311503.202
515210.SH,20260324,1.372,1.387,1.421,1.374,1.421,0.049,3.5714,968768.22,135496.327
515210.SH,20260323,1.435,1.414,1.421,1.364,1.372,-0.063,-4.3902,1340069.36,186400.23
515210.SH,20260320,1.466,1.46,1.473,1.434,1.435,-0.031,-2.1146,1010529.88,146315.217
515210.SH,20260319,1.526,1.508,1.52,1.459,1.466,-0.06,-3.9318,1180815.0,174710.267
515210.SH,20260318,1.537,1.534,1.542,1.508,1.526,-0.011,-0.7157,1030380.95,156923.183
515210.SH,20260317,1.542,1.54,1.576,1.535,1.537,-0.005,-0.3243,2062965.35,320890.576
515210.SH,20260316,1.593,1.581,1.588,1.521,1.542,-0.051,-3.2015,2416326.45,372692.707
515210.SH,20260313,1.602,1.593,1.629,1.587,1.593,-0.009,-0.5618,1580321.97,254765.774
515210.SH,20260312,1.588,1.591,1.609,1.579,1.602,0.014,0.8816,1048724.8,167388.87
515210.SH,20260311,1.596,1.6,1.6,1.577,1.588,-0.008,-0.5013,818769.1,129739.349
515210.SH,20260310,1.605,1.606,1.619,1.589,1.596,-0.009,-0.5607,867572.56,138525.444
515210.SH,20260309,1.616,1.596,1.611,1.569,1.605,-0.011,-0.6807,1454294.56,231651.611
515210.SH,20260306,1.608,1.612,1.623,1.582,1.616,0.008,0.4975,1041191.08,167519.925
515210.SH,20260305,1.606,1.622,1.634,1.595,1.608,0.002,0.1245,943860.61,151945.69
515210.SH,20260304,1.621,1.591,1.642,1.59,1.606,-0.015,-0.9254,1058593.48,170369.409
515210.SH,20260303,1.676,1.666,1.685,1.612,1.621,-0.055,-3.2816,3061844.09,501581.139
515210.SH,20260302,1.674,1.668,1.683,1.637,1.676,0.002,0.1195,2799052.88,467356.349
515210.SH,20260227,1.634,1.621,1.693,1.619,1.674,0.04,2.448,2754915.86,459966.211
515210.SH,20260226,1.61,1.611,1.638,1.605,1.634,0.024,1.4907,1061154.0,172254.307
515210.SH,20260225,1.544,1.546,1.639,1.541,1.61,0.066,4.2746,2239957.21,361934.697
515210.SH,20260224,1.513,1.516,1.548,1.516,1.544,0.031,2.0489,863032.04,132905.387
515210.SH,20260213,1.552,1.55,1.55,1.508,1.513,-0.039,-2.5129,2757311.16,418328.581
515210.SH,20260212,1.551,1.546,1.561,1.532,1.552,0.001,0.0645,502031.03,77722.382
515210.SH,20260211,1.524,1.52,1.553,1.515,1.551,0.027,1.7717,1052133.1,162103.255
515210.SH,20260210,1.526,1.528,1.529,1.506,1.524,-0.002,-0.1311,406649.22,61782.32
515210.SH,20260209,1.499,1.505,1.528,1.505,1.526,0.027,1.8012,559409.61,85073.531
515210.SH,20260206,1.505,1.48,1.518,1.479,1.499,-0.006,-0.3987,615444.75,92402.954
515210.SH,20260205,1.537,1.536,1.536,1.494,1.505,-0.032,-2.082,870838.21,131579.877
515210.SH,20260204,1.502,1.5,1.538,1.495,1.537,0.035,2.3302,1126966.03,171118.886
515210.SH,20260203,1.452,1.467,1.503,1.464,1.502,0.05,3.4435,656762.77,97452.586
515210.SH,20260202,1.548,1.53,1.53,1.449,1.452,-0.096,-6.2016,1712024.79,254511.3
515210.SH,20260130,1.59,1.57,1.572,1.51,1.548,-0.042,-2.6415,1370992.9,211240.446
515210.SH,20260129,1.582,1.583,1.598,1.568,1.59,0.008,0.5057,1529605.15,242138.212
515210.SH,20260128,1.548,1.537,1.587,1.53,1.582,0.034,2.1964,1052922.7,164375.405
515210.SH,20260127,1.57,1.569,1.569,1.532,1.548,-0.022,-1.4013,1265161.3,195859.937
515210.SH,20260126,1.574,1.598,1.598,1.559,1.57,-0.004,-0.2541,1446377.31,227734.812
515210.SH,20260123,1.547,1.552,1.575,1.531,1.574,0.027,1.7453,1389513.36,216076.026
515210.SH,20260122,1.518,1.518,1.55,1.512,1.547,0.029,1.9104,1070420.47,163747.644
515210.SH,20260121,1.491,1.488,1.521,1.476,1.518,0.027,1.8109,1498823.44,225778.097
515210.SH,20260120,1.48,1.479,1.492,1.459,1.491,0.011,0.7432,874229.96,129081.388
515210.SH,20260119,1.46,1.457,1.481,1.442,1.48,0.02,1.3699,1347051.12,197294.104
515210.SH,20260116,1.48,1.487,1.492,1.454,1.46,-0.02,-1.3514,1404326.45,206443.525
515210.SH,20260115,1.493,1.493,1.502,1.474,1.48,-0.013,-0.8707,692556.12,103047.385
515210.SH,20260114,1.499,1.498,1.522,1.48,1.493,-0.006,-0.4003,673040.55,101106.438
515210.SH,20260113,1.531,1.53,1.53,1.495,1.499,-0.032,-2.0901,1558027.19,235466.911
515210.SH,20260112,1.489,1.495,1.532,1.494,1.531,0.042,2.8207,2877648.19,436545.078
515210.SH,20260109,1.483,1.482,1.502,1.48,1.489,0.006,0.4046,1543913.0,229511.403
515210.SH,20260108,1.48,1.479,1.491,1.468,1.483,0.003,0.2027,603091.12,89236.775
515210.SH,20260107,1.472,1.472,1.486,1.467,1.48,0.008,0.5435,1091496.8,161361.641
515210.SH,20260106,1.451,1.453,1.473,1.444,1.472,0.021,1.4473,890396.0,129922.142
515210.SH,20260105,1.451,1.451,1.46,1.44,1.451,0.0,0.0,731153.0,105844.379
515210.SH,20251231,1.451,1.454,1.455,1.439,1.451,0.0,0.0,727193.51,105316.545
515210.SH,20251230,1.45,1.441,1.464,1.439,1.451,0.001,0.069,550966.0,79952.6
515210.SH,20251229,1.456,1.465,1.468,1.45,1.45,-0.006,-0.4121,3463920.42,505460.701
515210.SH,20251226,1.435,1.437,1.462,1.437,1.456,0.021,1.4634,969949.42,140969.689
515210.SH,20251225,1.43,1.429,1.44,1.415,1.435,0.005,0.3497,563422.71,80561.769
515210.SH,20251224,1.414,1.42,1.431,1.41,1.43,0.016,1.1315,367199.0,52172.965
515210.SH,20251223,1.482,1.482,1.486,1.47,1.474,-0.008,-0.5398,739629.0,109103.319
515210.SH,20251222,1.47,1.474,1.494,1.474,1.482,0.012,0.8163,478041.45,70972.207
515210.SH,20251219,1.444,1.44,1.473,1.44,1.47,0.026,1.8006,591606.13,86467.205
515210.SH,20251218,1.443,1.44,1.452,1.437,1.444,0.001,0.0693,412726.2,59653.163
515210.SH,20251217,1.427,1.427,1.448,1.415,1.443,0.016,1.1212,462166.04,66065.598
515210.SH,20251216,1.45,1.451,1.453,1.423,1.427,-0.023,-1.5862,506442.0,72510.323
515210.SH,20251215,1.434,1.43,1.463,1.428,1.45,0.016,1.1158,380375.0,55174.324
515210.SH,20251212,1.423,1.423,1.438,1.423,1.434,0.011,0.773,419467.82,60013.915
515210.SH,20251211,1.444,1.446,1.447,1.421,1.423,-0.021,-1.4543,540364.0,77382.769
515210.SH,20251210,1.438,1.439,1.448,1.428,1.444,0.006,0.4172,726338.1,104552.187
515210.SH,20251209,1.473,1.466,1.469,1.435,1.438,-0.035,-2.3761,1411335.34,204364.767
515210.SH,20251208,1.48,1.478,1.482,1.46,1.473,-0.007,-0.473,485881.1,71449.784
515210.SH,20251205,1.462,1.459,1.481,1.454,1.48,0.018,1.2312,453018.1,66553.145
515210.SH,20251204,1.474,1.474,1.478,1.459,1.462,-0.012,-0.8141,885303.0,129726.551
515210.SH,20251203,1.479,1.477,1.488,1.468,1.474,-0.005,-0.3381,623692.0,92234.189
515210.SH,20251202,1.482,1.479,1.48,1.466,1.479,-0.003,-0.2024,823173.0,121266.435
515210.SH,20251201,1.47,1.468,1.487,1.468,1.482,0.012,0.8163,948324.17,140120.44
515210.SH,20251128,1.448,1.448,1.47,1.44,1.47,0.022,1.5193,600431.77,87510.894
515210.SH,20251127,1.447,1.446,1.457,1.441,1.448,0.001,0.0691,879267.0,127519.847
515210.SH,20251126,1.453,1.45,1.464,1.445,1.447,-0.006,-0.4129,914189.34,132919.001
515210.SH,20251125,1.448,1.449,1.461,1.446,1.453,0.005,0.3453,1163357.34,169138.027
515210.SH,20251124,1.453,1.447,1.459,1.438,1.448,-0.005,-0.3441,1296123.85,187520.0
515210.SH,20251121,1.517,1.495,1.495,1.45,1.453,-0.064,-4.2189,942151.73,138793.951
515210.SH,20251120,1.512,1.512,1.53,1.509,1.517,0.005,0.3307,652422.2,99071.185
515210.SH,20251119,1.52,1.513,1.529,1.494,1.512,-0.008,-0.5263,2995662.82,452423.771
515210.SH,20251118,1.571,1.571,1.571,1.512,1.52,-0.051,-3.2463,1181172.05,181230.953
515210.SH,20251117,1.563,1.563,1.577,1.557,1.571,0.008,0.5118,1501917.02,235454.288
515210.SH,20251114,1.563,1.555,1.58,1.554,1.563,0.0,0.0,1211495.0,190223.44
515210.SH,20251113,1.54,1.539,1.568,1.534,1.563,0.023,1.4935,1062525.62,165195.404
515210.SH,20251112,1.543,1.538,1.55,1.527,1.54,-0.003,-0.1944,734321.08,112837.226
515210.SH,20251111,1.538,1.531,1.545,1.524,1.543,0.005,0.3251,941819.25,144599.081
515210.SH,20251110,1.542,1.543,1.549,1.527,1.538,-0.004,-0.2594,1404530.0,215866.323
515210.SH,20251107,1.539,1.539,1.55,1.532,1.542,0.003,0.1949,1247513.59,192247.948
515210.SH,20251106,1.515,1.511,1.542,1.51,1.539,0.024,1.5842,1574419.15,240943.541
515210.SH,20251105,1.502,1.489,1.515,1.481,1.515,0.013,0.8655,1251987.98,188596.962
515210.SH,20251104,1.51,1.507,1.526,1.491,1.502,-0.008,-0.5298,1381436.44,208418.551
515210.SH,20251103,1.482,1.501,1.511,1.489,1.51,0.028,1.8893,1417110.85,212841.479
515210.SH,20251031,1.484,1.484,1.493,1.477,1.482,-0.002,-0.1348,1240269.7,183943.794
515210.SH,20251030,1.466,1.466,1.493,1.464,1.484,0.018,1.2278,1364828.74,202421.649
515210.SH,20251029,1.456,1.454,1.467,1.443,1.466,0.01,0.6868,957105.15,139214.514
515210.SH,20251028,1.485,1.48,1.483,1.45,1.456,-0.029,-1.9529,1365137.21,199438.638
515210.SH,20251027,1.451,1.453,1.494,1.451,1.485,0.034,2.3432,2407386.0,356754.936
515210.SH,20251024,1.467,1.469,1.472,1.445,1.451,-0.016,-1.0907,857705.4,124657.019
515210.SH,20251023,1.46,1.452,1.468,1.439,1.467,0.007,0.4795,988762.38,143433.004
515210.SH,20251022,1.464,1.459,1.468,1.449,1.46,-0.004,-0.2732,654238.72,95407.191
515210.SH,20251021,1.445,1.446,1.465,1.434,1.464,0.019,1.3149,995653.78,145146.101
515210.SH,20251020,1.446,1.449,1.454,1.436,1.445,-0.001,-0.0692,1375395.38,198816.357
515210.SH,20251017,1.452,1.449,1.488,1.44,1.446,-0.006,-0.4132,1544185.25,225514.491
515210.SH,20251016,1.488,1.476,1.48,1.448,1.452,-0.036,-2.4194,1143299.74,166918.015
515210.SH,20251015,1.485,1.484,1.501,1.469,1.488,0.003,0.202,2016438.31,298716.509
515210.SH,20251014,1.502,1.504,1.525,1.477,1.485,-0.017,-1.1318,1630284.9,245556.667
515210.SH,20251013,1.476,1.468,1.506,1.454,1.502,0.026,1.7615,2935532.61,435266.304
515210.SH,20251010,1.467,1.465,1.484,1.445,1.476,0.009,0.6135,2101648.12,309961.973
515210.SH,20251009,1.425,1.434,1.467,1.434,1.467,0.042,2.9474,1617551.27,235040.945
515210.SH,20250930,1.41,1.411,1.429,1.407,1.425,0.015,1.0638,748139.59,106233.397
515210.SH,20250929,1.382,1.386,1.41,1.361,1.41,0.028,2.026,844166.67,117228.201
515210.SH,20250926,1.378,1.369,1.388,1.368,1.382,0.004,0.2903,1023041.39,141540.354
515210.SH,20250925,1.374,1.374,1.385,1.371,1.378,0.004,0.2911,488270.33,67247.54
515210.SH,20250924,1.359,1.359,1.378,1.347,1.374,0.015,1.1038,671762.46,91621.057
515210.SH,20250923,1.385,1.386,1.386,1.342,1.359,-0.026,-1.8773,836120.43,113391.702
515210.SH,20250922,1.388,1.387,1.387,1.36,1.385,-0.003,-0.2161,759184.05,104320.529
515210.SH,20250919,1.395,1.387,1.412,1.383,1.388,-0.007,-0.5018,713297.24,99468.403
515210.SH,20250918,1.42,1.418,1.42,1.38,1.395,-0.025,-1.7606,1819491.87,254415.309
515210.SH,20250917,1.419,1.415,1.42,1.4,1.42,0.001,0.0705,810283.84,114355.166
515210.SH,20250916,1.419,1.421,1.429,1.394,1.419,0.0,0.0,1016080.0,143425.63
515210.SH,20250915,1.427,1.426,1.428,1.403,1.419,-0.008,-0.5606,2733974.16,387737.296
515210.SH,20250912,1.407,1.404,1.441,1.398,1.427,0.02,1.4215,2071284.47,295587.961
515210.SH,20250911,1.392,1.383,1.41,1.38,1.407,0.015,1.0776,1321206.0,184825.57
515210.SH,20250910,1.395,1.394,1.394,1.373,1.392,-0.003,-0.2151,640211.0,88719.717
515210.SH,20250909,1.393,1.393,1.411,1.385,1.395,0.002,0.1436,1235989.7,172926.64
515210.SH,20250908,1.373,1.373,1.396,1.368,1.393,0.02,1.4567,1188820.0,164578.804
515210.SH,20250905,1.358,1.36,1.376,1.349,1.373,0.015,1.1046,1641531.0,223975.614
515210.SH,20250904,1.38,1.373,1.38,1.346,1.358,-0.022,-1.5942,859224.0,117021.08
515210.SH,20250903,1.4,1.4,1.405,1.375,1.38,-0.02,-1.4286,1797186.0,249466.881
515210.SH,20250902,1.417,1.413,1.414,1.387,1.4,-0.017,-1.1997,1005360.95,140568.604
515210.SH,20250901,1.418,1.426,1.426,1.4,1.417,-0.001,-0.0705,1580714.0,223620.268
515210.SH,20250829,1.404,1.405,1.425,1.404,1.418,0.014,0.9972,1761992.25,249513.757
515210.SH,20250828,1.408,1.405,1.415,1.375,1.404,-0.004,-0.2841,3714906.59,517632.303
515210.SH,20250827,1.451,1.444,1.449,1.404,1.408,-0.043,-2.9635,2987998.13,426252.224
515210.SH,20250826,1.468,1.462,1.462,1.433,1.451,-0.017,-1.158,1497787.68,216145.719
515210.SH,20250825,1.423,1.424,1.469,1.424,1.468,0.045,3.1623,2027440.7,294792.96
515210.SH,20250822,1.425,1.425,1.431,1.41,1.423,-0.002,-0.1404,1192738.23,169179.69
515210.SH,20250821,1.42,1.417,1.437,1.417,1.425,0.005,0.3521,1349895.02,192457.461
515210.SH,20250820,1.403,1.4,1.425,1.395,1.42,0.017,1.2117,1636649.53,231537.837
515210.SH,20250819,1.409,1.406,1.417,1.399,1.403,-0.006,-0.4258,1061378.5,149454.233
515210.SH,20250818,1.399,1.401,1.413,1.395,1.409,0.01,0.7148,1822566.74,256031.805
515210.SH,20250815,1.389,1.382,1.4,1.38,1.399,0.01,0.7199,1661713.37,231776.69
515210.SH,20250814,1.421,1.421,1.422,1.387,1.389,-0.032,-2.2519,2546521.46,355730.675
515210.SH,20250813,1.416,1.415,1.428,1.414,1.421,0.005,0.3531,770583.33,109556.995
515210.SH,20250812,1.428,1.424,1.425,1.413,1.416,-0.012,-0.8403,1105201.0,156659.842
515210.SH,20250811,1.424,1.427,1.435,1.42,1.428,0.004,0.2809,1049433.0,149609.075
515210.SH,20250808,1.408,1.403,1.432,1.397,1.424,0.016,1.1364,1933614.48,274395.593
515210.SH,20250807,1.412,1.411,1.413,1.38,1.408,-0.004,-0.2833,1767731.0,246452.132
515210.SH,20250806,1.41,1.409,1.415,1.399,1.412,0.002,0.1418,1398274.03,197098.323
515210.SH,20250805,1.388,1.389,1.415,1.387,1.41,0.022,1.585,1115233.0,156696.429
515210.SH,20250804,1.386,1.381,1.39,1.37,1.388,0.002,0.1443,1481358.96,204779.52
515210.SH,20250801,1.401,1.394,1.404,1.384,1.386,-0.015,-1.0707,1617189.65,225343.239
515210.SH,20250731,1.459,1.446,1.447,1.395,1.401,-0.058,-3.9753,3443718.62,485008.868
515210.SH,20250730,1.437,1.444,1.481,1.44,1.459,0.022,1.531,3275059.36,477589.956
515210.SH,20250729,1.403,1.401,1.438,1.397,1.437,0.034,2.4234,1955767.33,277162.209
515210.SH,20250728,1.425,1.418,1.418,1.387,1.403,-0.022,-1.5439,2912442.09,407291.631
515210.SH,20250725,1.447,1.447,1.459,1.42,1.425,-0.022,-1.5204,2034921.78,291229.425
515210.SH,20250724,1.409,1.395,1.448,1.386,1.447,0.038,2.6969,1840475.13,261124.632
515210.SH,20250723,1.416,1.428,1.463,1.407,1.409,-0.007,-0.4944,4420403.66,633027.139
515210.SH,20250722,1.381,1.382,1.419,1.371,1.416,0.035,2.5344,4937758.0,693384.168
515210.SH,20250721,1.332,1.362,1.388,1.35,1.381,0.049,3.6787,2409192.41,331375.249
515210.SH,20250718,1.317,1.317,1.333,1.316,1.332,0.015,1.139,728290.76,96519.066
515210.SH,20250717,1.292,1.292,1.318,1.287,1.317,0.025,1.935,988640.0,128992.217
515210.SH,20250716,1.308,1.308,1.31,1.284,1.292,-0.016,-1.2232,1117085.0,144923.946
515210.SH,20250715,1.325,1.32,1.329,1.302,1.308,-0.017,-1.283,1479084.0,194497.667
515210.SH,20250714,1.326,1.327,1.344,1.322,1.325,-0.001,-0.0754,1365319.83,181985.968
515210.SH,20250711,1.306,1.306,1.338,1.304,1.326,0.02,1.5314,3230759.08,428537.91
515210.SH,20250710,1.284,1.284,1.307,1.282,1.306,0.022,1.7134,1507705.51,195197.461
515210.SH,20250709,1.29,1.29,1.307,1.278,1.284,-0.006,-0.4651,894220.82,115238.142
515210.SH,20250708,1.27,1.268,1.294,1.263,1.29,0.02,1.5748,966766.28,123602.64
515210.SH,20250707,1.267,1.262,1.274,1.255,1.27,0.003,0.2368,855472.85,108351.454
515210.SH,20250704,1.26,1.253,1.29,1.253,1.267,0.007,0.5556,1839470.36,234707.381
515210.SH,20250703,1.264,1.259,1.262,1.241,1.26,-0.004,-0.3165,1083130.86,135768.837
515210.SH,20250702,1.219,1.215,1.269,1.215,1.264,0.045,3.6916,1284985.03,160232.544
515210.SH,20250701,1.207,1.207,1.22,1.202,1.219,0.012,0.9942,1365329.11,165169.307
515210.SH,20250630,1.202,1.204,1.21,1.2,1.207,0.005,0.416,2285734.67,275809.226
515210.SH,20250627,1.192,1.194,1.207,1.193,1.202,0.01,0.8389,1495170.32,179544.257
515210.SH,20250626,1.203,1.2,1.203,1.189,1.192,-0.011,-0.9144,4375981.89,523909.764
515210.SH,20250625,1.193,1.194,1.205,1.189,1.203,0.01,0.8382,536960.1,64260.966
515210.SH,20250624,1.179,1.177,1.193,1.177,1.193,0.014,1.1874,415756.0,49384.747
515210.SH,20250623,1.182,1.179,1.181,1.174,1.179,-0.003,-0.2538,336051.81,39581.67
515210.SH,20250620,1.179,1.178,1.186,1.178,1.182,0.003,0.2545,280830.0,33233.17
515210.SH,20250619,1.194,1.194,1.195,1.176,1.179,-0.015,-1.2563,327021.0,38726.706
515210.SH,20250618,1.204,1.203,1.204,1.19,1.194,-0.01,-0.8306,349132.93,41655.887
515210.SH,20250617,1.2,1.2,1.205,1.199,1.204,0.004,0.3333,302787.24,36390.061
515210.SH,20250616,1.202,1.203,1.207,1.198,1.2,-0.002,-0.1664,377723.05,45394.136
515210.SH,20250613,1.212,1.214,1.214,1.198,1.202,-0.01,-0.8251,285413.0,34322.358
515210.SH,20250612,1.215,1.215,1.216,1.207,1.212,-0.003,-0.2469,337888.33,40887.11
515210.SH,20250611,1.202,1.202,1.22,1.201,1.215,0.013,1.0815,365828.33,44378.909
515210.SH,20250610,1.207,1.205,1.211,1.195,1.202,-0.005,-0.4143,344047.06,41387.97
515210.SH,20250609,1.2,1.198,1.211,1.196,1.207,0.007,0.5833,653790.0,78943.974
515210.SH,20250606,1.199,1.196,1.203,1.195,1.2,0.001,0.0834,388656.0,46623.458
515210.SH,20250605,1.198,1.197,1.199,1.191,1.199,0.001,0.0835,768825.0,91850.184
515210.SH,20250604,1.185,1.184,1.198,1.184,1.198,0.013,1.097,426260.65,50896.061
515210.SH,20250603,1.203,1.197,1.197,1.182,1.185,-0.018,-1.4963,1694893.78,200840.06
515210.SH,20250530,1.204,1.205,1.205,1.193,1.203,-0.001,-0.0831,506516.0,60730.888
515210.SH,20250529,1.198,1.198,1.206,1.195,1.204,0.006,0.5008,326096.95,39214.42
515210.SH,20250528,1.203,1.203,1.206,1.196,1.198,-0.005,-0.4156,232900.5,27925.846
515210.SH,20250527,1.213,1.211,1.212,1.198,1.203,-0.01,-0.8244,327186.17,39348.165
515210.SH,20250526,1.212,1.211,1.219,1.208,1.213,0.001,0.0825,296301.0,35943.834
515210.SH,20250523,1.218,1.215,1.228,1.21,1.212,-0.006,-0.4926,374291.0,45747.135
515210.SH,20250522,1.228,1.227,1.232,1.217,1.218,-0.01,-0.8143,969859.04,118724.323
515210.SH,20250521,1.232,1.23,1.233,1.226,1.228,-0.004,-0.3247,273748.0,33647.932
515210.SH,20250520,1.234,1.231,1.235,1.225,1.232,-0.002,-0.1621,245945.19,30251.611
515210.SH,20250519,1.222,1.222,1.234,1.218,1.234,0.012,0.982,299145.0,36673.696
515210.SH,20250516,1.226,1.225,1.229,1.218,1.222,-0.004,-0.3263,437878.0,53498.75
515210.SH,20250515,1.236,1.235,1.239,1.226,1.226,-0.01,-0.8091,424204.0,52315.734
515210.SH,20250514,1.233,1.225,1.241,1.225,1.236,0.003,0.2433,465191.58,57271.395
515210.SH,20250513,1.228,1.229,1.241,1.229,1.233,0.005,0.4072,458360.91,56617.691
515210.SH,20250512,1.223,1.234,1.234,1.218,1.228,0.005,0.4088,679758.55,83431.765
515210.SH,20250509,1.232,1.232,1.233,1.22,1.223,-0.009,-0.7305,329256.0,40368.462
515210.SH,20250508,1.236,1.236,1.24,1.227,1.232,-0.004,-0.3236,395324.39,48763.822
515210.SH,20250507,1.229,1.229,1.241,1.228,1.236,0.007,0.5696,387880.0,47765.591
515210.SH,20250506,1.202,1.202,1.229,1.202,1.229,0.027,2.2463,530005.0,64555.91
515210.SH,20250430,1.218,1.219,1.219,1.2,1.202,-0.016,-1.3136,960964.0,115888.177
515210.SH,20250429,1.218,1.216,1.236,1.216,1.218,0.0,0.0,2074413.0,254090.219
515210.SH,20250428,1.207,1.207,1.234,1.207,1.218,0.011,0.9114,3287721.0,402419.727
515210.SH,20250425,1.194,1.196,1.215,1.195,1.207,0.013,1.0888,739299.0,89297.605
515210.SH,20250424,1.199,1.199,1.202,1.188,1.194,-0.005,-0.417,590906.24,70670.823
515210.SH,20250423,1.191,1.19,1.201,1.19,1.199,0.008,0.6717,366935.0,43901.41
515210.SH,20250422,1.193,1.196,1.196,1.185,1.191,-0.002,-0.1676,660056.0,78504.918
515210.SH,20250421,1.18,1.181,1.196,1.178,1.193,0.013,1.1017,330928.0,39447.795
515210.SH,20250418,1.175,1.173,1.182,1.169,1.18,0.005,0.4255,346145.0,40644.66
515210.SH,20250417,1.172,1.171,1.185,1.166,1.175,0.003,0.256,315516.8,37147.966
515210.SH,20250416,1.18,1.179,1.179,1.158,1.172,-0.008,-0.678,835514.06,97581.354
515210.SH,20250415,1.193,1.193,1.194,1.176,1.18,-0.013,-1.0897,445655.0,52571.998
515210.SH,20250414,1.177,1.178,1.197,1.178,1.193,0.016,1.3594,462481.0,55042.918
515210.SH,20250411,1.177,1.173,1.186,1.168,1.177,0.0,0.0,619652.65,72929.392
515210.SH,20250410,1.155,1.165,1.186,1.162,1.177,0.022,1.9048,596330.41,70073.245
515210.SH,20250409,1.143,1.14,1.16,1.095,1.155,0.012,1.0499,1555721.59,175057.3
515210.SH,20250408,1.134,1.134,1.161,1.129,1.143,0.009,0.7937,1337574.0,152408.88
515210.SH,20250407,1.26,1.194,1.213,1.134,1.134,-0.126,-10.0,686851.0,80002.56
515210.SH,20250403,1.254,1.247,1.263,1.244,1.26,0.006,0.4785,547586.41,68729.018
515210.SH,20250402,1.262,1.256,1.262,1.252,1.254,-0.008,-0.6339,454851.17,57176.577
515210.SH,20250401,1.243,1.245,1.268,1.245,1.262,0.019,1.5286,712966.0,89719.097
515210.SH,20250331,1.26,1.258,1.258,1.231,1.243,-0.017,-1.3492,811250.0,100882.195
515210.SH,20250328,1.273,1.273,1.278,1.256,1.26,-0.013,-1.0212,722220.0,91215.734
515210.SH,20250327,1.294,1.286,1.287,1.271,1.273,-0.021,-1.6229,659343.0,84103.578
515210.SH,20250326,1.293,1.291,1.296,1.282,1.294,0.001,0.0773,703032.0,90587.713
515210.SH,20250325,1.298,1.291,1.307,1.288,1.293,-0.005,-0.3852,600384.11,77837.185
515210.SH,20250324,1.299,1.298,1.307,1.283,1.298,-0.001,-0.077,1793489.11,231578.574
515210.SH,20250321,1.289,1.284,1.312,1.284,1.299,0.01,0.7758,751931.33,97982.426
515210.SH,20250320,1.278,1.275,1.299,1.275,1.289,0.011,0.8607,691019.22,89005.936
515210.SH,20250319,1.283,1.278,1.282,1.273,1.278,-0.005,-0.3897,566101.0,72241.276
515210.SH,20250318,1.289,1.286,1.292,1.279,1.283,-0.006,-0.4655,685674.0,88036.605
515210.SH,20250317,1.296,1.296,1.303,1.287,1.289,-0.007,-0.5401,531321.37,68746.266
515210.SH,20250314,1.302,1.302,1.302,1.277,1.296,-0.006,-0.4608,1042229.0,134244.22
515210.SH,20250313,1.287,1.281,1.303,1.276,1.302,0.015,1.1655,1392913.0,179747.568
515210.SH,20250312,1.286,1.293,1.297,1.286,1.287,0.001,0.0778,526983.0,68048.654
515210.SH,20250311,1.266,1.264,1.288,1.256,1.286,0.02,1.5798,711006.0,90496.492
515210.SH,20250310,1.28,1.28,1.286,1.256,1.266,-0.014,-1.0938,723794.0,91695.525
515210.SH,20250307,1.261,1.253,1.286,1.253,1.28,0.019,1.5067,1087766.0,138939.868
515210.SH,20250306,1.264,1.27,1.27,1.252,1.261,-0.003,-0.2373,788435.0,99242.438
515210.SH,20250305,1.258,1.255,1.268,1.237,1.264,0.006,0.4769,2191267.0,274608.714
515210.SH,20250304,1.253,1.25,1.266,1.242,1.258,0.005,0.399,526062.0,66016.123
515210.SH,20250303,1.244,1.242,1.27,1.238,1.253,0.009,0.7235,1198657.23,150451.856
515210.SH,20250228,1.275,1.266,1.271,1.241,1.244,-0.031,-2.4314,950672.34,119634.13
515210.SH,20250227,1.277,1.27,1.28,1.247,1.275,-0.002,-0.1566,888666.0,111870.359
515210.SH,20250226,1.204,1.204,1.278,1.204,1.277,0.073,6.0631,1172565.0,147359.334
515210.SH,20250225,1.209,1.208,1.213,1.188,1.204,-0.005,-0.4136,271143.0,32687.858
515210.SH,20250224,1.206,1.207,1.214,1.196,1.209,0.003,0.2488,714280.0,86271.926
515210.SH,20250221,1.203,1.2,1.21,1.195,1.206,0.003,0.2494,304931.55,36694.73
515210.SH,20250220,1.19,1.187,1.208,1.187,1.203,0.013,1.0924,321555.0,38558.905
515210.SH,20250219,1.192,1.183,1.194,1.183,1.19,-0.002,-0.1678,204667.0,24328.383
515210.SH,20250218,1.209,1.207,1.208,1.187,1.192,-0.017,-1.4061,316150.6,37824.07
515210.SH,20250217,1.202,1.211,1.214,1.194,1.209,0.007,0.5824,287216.0,34678.869
515210.SH,20250214,1.21,1.206,1.208,1.191,1.202,-0.008,-0.6612,229038.0,27486.032
515210.SH,20250213,1.209,1.213,1.22,1.207,1.21,0.001,0.0827,372169.18,45155.958
515210.SH,20250212,1.206,1.204,1.21,1.197,1.209,0.003,0.2488,303589.18,36593.012
515210.SH,20250211,1.211,1.211,1.212,1.196,1.206,-0.005,-0.4129,414385.0,49892.431
515210.SH,20250210,1.197,1.198,1.216,1.194,1.211,0.014,1.1696,456509.54,54938.427
515210.SH,20250207,1.168,1.168,1.203,1.168,1.197,0.029,2.4829,567482.74,67459.261
515210.SH,20250206,1.153,1.159,1.17,1.153,1.168,0.015,1.301,668898.0,77629.578
515210.SH,20250205,1.164,1.163,1.168,1.148,1.153,-0.011,-0.945,421941.0,48842.268
515210.SH,20250127,1.154,1.15,1.173,1.146,1.164,0.01,0.8666,389045.0,45367.865
515210.SH,20250124,1.131,1.131,1.16,1.125,1.154,0.023,2.0336,707023.0,80722.908
515210.SH,20250123,1.134,1.134,1.151,1.129,1.131,-0.003,-0.2646,393233.0,44938.011
515210.SH,20250122,1.133,1.135,1.135,1.122,1.134,0.001,0.0883,493094.0,55652.278
515210.SH,20250121,1.152,1.152,1.153,1.129,1.133,-0.019,-1.6493,424341.0,48312.076
515210.SH,20250120,1.147,1.148,1.155,1.14,1.152,0.005,0.4359,354460.0,40729.361
515210.SH,20250117,1.151,1.145,1.147,1.131,1.147,-0.004,-0.3475,461761.0,52616.789
515210.SH,20250116,1.14,1.145,1.159,1.138,1.151,0.011,0.9649,366895.0,42170.553
515210.SH,20250115,1.139,1.139,1.142,1.129,1.14,0.001,0.0878,427207.0,48532.814
515210.SH,20250114,1.112,1.111,1.14,1.111,1.139,0.027,2.4281,431775.0,48599.03
515210.SH,20250113,1.106,1.105,1.113,1.091,1.112,0.006,0.5425,393659.0,43509.352
515210.SH,20250110,1.124,1.124,1.128,1.105,1.106,-0.018,-1.6014,439654.0,48978.474
515210.SH,20250109,1.128,1.128,1.13,1.118,1.124,-0.004,-0.3546,208723.0,23494.952
515210.SH,20250108,1.142,1.141,1.141,1.108,1.128,-0.014,-1.2259,396061.0,44430.415
515210.SH,20250107,1.141,1.145,1.145,1.124,1.142,0.001,0.0876,275934.0,31308.55
515210.SH,20250106,1.128,1.124,1.142,1.12,1.141,0.013,1.1525,364872.0,41314.817
515210.SH,20250103,1.15,1.151,1.16,1.128,1.128,-0.022,-1.913,630145.0,71838.836
515210.SH,20250102,1.175,1.175,1.181,1.144,1.15,-0.025,-2.1277,484665.0,56738.478
515210.SH,20241231,1.195,1.195,1.198,1.17,1.175,-0.02,-1.6736,405744.95,48192.77
515210.SH,20241230,1.201,1.198,1.201,1.187,1.195,-0.006,-0.4996,278356.0,33197.375
515210.SH,20241227,1.203,1.203,1.216,1.199,1.201,-0.002,-0.1663,328723.0,39731.337
515210.SH,20241226,1.199,1.199,1.203,1.194,1.203,0.004,0.3336,231106.0,27718.301
515210.SH,20241225,1.212,1.212,1.213,1.19,1.199,-0.013,-1.0726,279551.0,33460.721
515210.SH,20241224,1.196,1.197,1.213,1.193,1.212,0.016,1.3378,771649.0,92551.48
515210.SH,20241223,1.274,1.27,1.275,1.251,1.256,-0.018,-1.4129,590137.0,74408.117
515210.SH,20241220,1.291,1.291,1.292,1.27,1.274,-0.017,-1.3168,386937.0,49441.995
515210.SH,20241219,1.3,1.285,1.294,1.277,1.291,-0.009,-0.6923,446902.0,57409.943
515210.SH,20241218,1.282,1.283,1.311,1.283,1.3,0.018,1.4041,648748.0,84481.749
515210.SH,20241217,1.3,1.297,1.302,1.277,1.282,-0.018,-1.3846,470445.0,60505.856
515210.SH,20241216,1.312,1.305,1.316,1.294,1.3,-0.012,-0.9146,348855.0,45416.375
515210.SH,20241213,1.344,1.34,1.341,1.311,1.312,-0.032,-2.381,294400.0,39040.901
515210.SH,20241212,1.351,1.349,1.353,1.329,1.344,-0.007,-0.5181,333084.0,44640.531
515210.SH,20241211,1.326,1.318,1.358,1.314,1.351,0.025,1.8854,436756.0,58769.037
515210.SH,20241210,1.329,1.4,1.404,1.322,1.326,-0.003,-0.2257,536232.0,72346.6
515210.SH,20241209,1.327,1.326,1.355,1.319,1.329,0.002,0.1507,379094.0,50601.393
515210.SH,20241206,1.3,1.3,1.33,1.299,1.327,0.027,2.0769,512815.0,67587.487
515210.SH,20241205,1.287,1.289,1.302,1.279,1.3,0.013,1.0101,341977.0,44175.591
515210.SH,20241204,1.284,1.282,1.3,1.276,1.287,0.003,0.2336,330943.0,42572.146
515210.SH,20241203,1.29,1.29,1.29,1.273,1.284,-0.006,-0.4651,508665.0,65089.716
515210.SH,20241202,1.252,1.251,1.295,1.25,1.29,0.038,3.0351,608244.0,77857.375
515210.SH,20241129,1.244,1.244,1.26,1.236,1.252,0.008,0.6431,391437.0,48868.155
515210.SH,20241128,1.24,1.241,1.254,1.233,1.244,0.004,0.3226,449951.0,55930.074
515210.SH,20241127,1.227,1.225,1.24,1.2,1.24,0.013,1.0595,475257.0,57626.762
515210.SH,20241126,1.239,1.238,1.243,1.225,1.227,-0.012,-0.9685,360759.0,44524.651
515210.SH,20241125,1.232,1.231,1.248,1.223,1.239,0.007,0.5682,394778.0,48813.114
515210.SH,20241122,1.271,1.271,1.278,1.229,1.232,-0.039,-3.0685,491841.0,61624.164
515210.SH,20241121,1.266,1.27,1.274,1.26,1.271,0.005,0.3949,403694.06,51126.332
515210.SH,20241120,1.258,1.25,1.267,1.245,1.266,0.008,0.6359,430480.0,54090.488
515210.SH,20241119,1.261,1.251,1.258,1.223,1.258,-0.003,-0.2379,892296.0,110808.218
515210.SH,20241118,1.242,1.252,1.288,1.252,1.261,0.019,1.5298,748723.1,95086.471
515210.SH,20241115,1.261,1.264,1.272,1.241,1.242,-0.019,-1.5067,636370.07,80083.582
515210.SH,20241114,1.296,1.289,1.298,1.258,1.261,-0.035,-2.7006,554856.42,70700.342
515210.SH,20241113,1.298,1.299,1.313,1.281,1.296,-0.002,-0.1541,599505.07,77719.127
515210.SH,20241112,1.316,1.317,1.323,1.289,1.298,-0.018,-1.3678,627901.56,82180.638
515210.SH,20241111,1.324,1.324,1.327,1.296,1.316,-0.008,-0.6042,1043345.0,136583.714
515210.SH,20241108,1.337,1.345,1.357,1.318,1.324,-0.013,-0.9723,1002120.0,133646.827
515210.SH,20241107,1.304,1.289,1.339,1.286,1.337,0.033,2.5307,704557.86,92760.116
515210.SH,20241106,1.298,1.297,1.312,1.275,1.304,0.006,0.4622,937562.0,121369.548
515210.SH,20241105,1.253,1.254,1.298,1.244,1.298,0.045,3.5914,951663.0,122160.245
515210.SH,20241104,1.272,1.269,1.269,1.233,1.253,-0.019,-1.4937,749860.0,93261.095
515210.SH,20241101,1.244,1.243,1.283,1.238,1.272,0.028,2.2508,1674743.0,212272.472
515210.SH,20241031,1.228,1.218,1.247,1.217,1.244,0.016,1.3029,1226719.35,151797.395
515210.SH,20241030,1.226,1.205,1.236,1.204,1.228,0.002,0.1631,1055591.35,129157.904
515210.SH,20241029,1.272,1.272,1.274,1.223,1.226,-0.046,-3.6164,1933787.0,240235.941
515210.SH,20241028,1.202,1.227,1.274,1.215,1.272,0.07,5.8236,2512143.0,316246.59
515210.SH,20241025,1.184,1.183,1.204,1.183,1.202,0.018,1.5203,569563.0,68058.18
515210.SH,20241024,1.199,1.196,1.196,1.178,1.184,-0.015,-1.251,463485.0,54929.394
515210.SH,20241023,1.191,1.19,1.205,1.186,1.199,0.008,0.6717,656618.0,78607.783
515210.SH,20241022,1.188,1.187,1.193,1.177,1.191,0.003,0.2525,556607.0,65827.892
515210.SH,20241021,1.202,1.199,1.205,1.177,1.188,-0.014,-1.1647,967148.0,114743.74
515210.SH,20241018,1.18,1.168,1.22,1.166,1.202,0.022,1.8644,788266.84,93723.722
515210.SH,20241017,1.193,1.193,1.206,1.178,1.18,-0.013,-1.0897,591853.91,70481.25
515210.SH,20241016,1.177,1.156,1.203,1.156,1.193,0.016,1.3594,471044.0,56069.882
515210.SH,20241015,1.209,1.192,1.209,1.176,1.177,-0.032,-2.6468,505613.0,60269.16
515210.SH,20241014,1.179,1.19,1.209,1.179,1.209,0.03,2.5445,691579.0,82869.878
515210.SH,20241011,1.202,1.186,1.213,1.168,1.179,-0.023,-1.9135,460822.0,54821.903
515210.SH,20241010,1.182,1.181,1.235,1.157,1.202,0.02,1.692,1181325.0,142311.769
515210.SH,20241009,1.313,1.239,1.254,1.182,1.182,-0.131,-9.9772,1209351.0,146051.842
515210.SH,20241008,1.26,1.386,1.386,1.214,1.313,0.053,4.2063,1865626.48,243454.692
515210.SH,20240930,1.168,1.235,1.275,1.183,1.26,0.092,7.8767,1753170.2,215779.889
515210.SH,20240927,1.122,1.139,1.168,1.101,1.168,0.046,4.0998,610386.0,68978.094
515210.SH,20240926,1.062,1.06,1.123,1.058,1.122,0.06,5.6497,1027244.48,112349.577
515210.SH,20240925,1.045,1.068,1.094,1.061,1.062,0.017,1.6268,951907.84,102664.904
515210.SH,20240924,0.986,0.989,1.045,0.988,1.045,0.059,5.9838,715213.58,73102.905
515210.SH,20240923,0.978,0.978,0.989,0.971,0.986,0.008,0.818,272777.0,26715.57
515210.SH,20240920,0.984,0.984,0.984,0.971,0.978,-0.006,-0.6098,275068.0,26829.41
515210.SH,20240919,0.967,0.969,0.991,0.965,0.984,0.017,1.758,315457.0,30850.737
515210.SH,20240918,0.973,0.974,0.974,0.953,0.967,-0.006,-0.6166,240758.0,23159.632
515210.SH,20240913,0.973,0.973,0.984,0.972,0.973,0.0,0.0,253281.0,24731.567
515210.SH,20240912,0.973,0.973,0.978,0.967,0.973,0.0,0.0,177699.0,17293.023
515210.SH,20240911,0.981,0.974,0.978,0.968,0.973,-0.008,-0.8155,216542.0,21069.553
515210.SH,20240910,0.984,0.983,0.987,0.968,0.981,-0.003,-0.3049,240769.0,23517.625
515210.SH,20240909,0.999,0.997,0.997,0.98,0.984,-0.015,-1.5015,223420.0,22020.521
515210.SH,20240906,1.009,1.009,1.01,0.997,0.999,-0.01,-0.9911,221997.0,22280.038
515210.SH,20240905,1.004,1.004,1.011,1.002,1.009,0.005,0.498,190612.0,19180.146
515210.SH,20240904,1.012,1.008,1.01,1.0,1.004,-0.008,-0.7905,221716.0,22258.086
515210.SH,20240903,1.01,1.005,1.015,1.005,1.012,0.002,0.198,209185.0,21130.911
515210.SH,20240902,1.026,1.023,1.023,1.008,1.01,-0.016,-1.5595,210486.0,21386.242
515210.SH,20240830,1.015,1.015,1.037,1.01,1.026,0.011,1.0837,351366.0,35982.789
515210.SH,20240829,1.014,1.014,1.018,1.007,1.015,0.001,0.0986,224997.0,22765.043
515210.SH,20240828,1.012,1.012,1.017,1.009,1.014,0.002,0.1976,208857.0,21150.762
515210.SH,20240827,1.021,1.02,1.02,1.006,1.012,-0.009,-0.8815,192668.0,19496.986
515210.SH,20240826,1.015,1.015,1.023,1.013,1.021,0.006,0.5911,227356.0,23137.87
515210.SH,20240823,1.016,1.014,1.017,1.009,1.015,-0.001,-0.0984,248057.0,25120.294
515210.SH,20240822,1.027,1.03,1.03,1.013,1.016,-0.011,-1.0711,236365.0,24129.923
515210.SH,20240821,1.032,1.032,1.032,1.022,1.027,-0.005,-0.4845,263264.0,26994.375
515210.SH,20240820,1.046,1.047,1.049,1.027,1.032,-0.014,-1.3384,238943.0,24733.133
515210.SH,20240819,1.045,1.045,1.056,1.043,1.046,0.001,0.0957,247331.0,25957.609
515210.SH,20240816,1.053,1.054,1.058,1.042,1.045,-0.008,-0.7597,258096.0,27072.216
515210.SH,20240815,1.046,1.044,1.056,1.04,1.053,0.007,0.6692,302847.68,31780.544
515210.SH,20240814,1.063,1.064,1.064,1.044,1.046,-0.017,-1.5992,267790.0,28188.895
515210.SH,20240813,1.056,1.055,1.063,1.053,1.063,0.007,0.6629,427272.0,45151.837
515210.SH,20240812,1.064,1.061,1.065,1.054,1.056,-0.008,-0.7519,235900.0,24973.685
515210.SH,20240809,1.069,1.07,1.075,1.064,1.064,-0.005,-0.4677,320514.0,34311.463
515210.SH,20240808,1.066,1.061,1.072,1.057,1.069,0.003,0.2814,224662.0,23911.592
515210.SH,20240807,1.071,1.071,1.071,1.062,1.066,-0.005,-0.4669,247306.0,26395.081
515210.SH,20240806,1.066,1.07,1.079,1.063,1.071,0.005,0.469,288766.0,30871.874
515210.SH,20240805,1.082,1.075,1.088,1.065,1.066,-0.016,-1.4787,297524.97,32052.969
515210.SH,20240802,1.089,1.089,1.094,1.08,1.082,-0.007,-0.6428,265638.0,28901.017
515210.SH,20240801,1.095,1.096,1.102,1.087,1.089,-0.006,-0.5479,334056.0,36490.235
515210.SH,20240731,1.075,1.075,1.097,1.074,1.095,0.02,1.8605,341756.0,37187.112
515210.SH,20240730,1.073,1.074,1.077,1.067,1.075,0.002,0.1864,233984.68,25075.188
515210.SH,20240729,1.067,1.072,1.076,1.062,1.073,0.006,0.5623,293548.0,31459.902
515210.SH,20240726,1.058,1.057,1.072,1.057,1.067,0.009,0.8507,269413.0,28743.355
515210.SH,20240725,1.063,1.06,1.064,1.052,1.058,-0.005,-0.4704,249230.0,26350.015
515210.SH,20240724,1.067,1.066,1.07,1.058,1.063,-0.004,-0.3749,243738.0,25939.909
515210.SH,20240723,1.086,1.084,1.088,1.066,1.067,-0.019,-1.7495,256052.0,27598.311
515210.SH,20240722,1.094,1.091,1.094,1.081,1.086,-0.008,-0.7313,264446.0,28698.466
515210.SH,20240719,1.1,1.094,1.098,1.091,1.094,-0.006,-0.5455,246466.0,26951.195
515210.SH,20240718,1.098,1.095,1.101,1.086,1.1,0.002,0.1821,300423.0,32829.917
515210.SH,20240717,1.107,1.107,1.107,1.096,1.098,-0.009,-0.813,236682.0,26039.129
515210.SH,20240716,1.11,1.108,1.109,1.102,1.107,-0.003,-0.2703,243533.0,26923.137
515210.SH,20240715,1.109,1.102,1.112,1.102,1.11,0.001,0.0902,293104.0,32455.278
515210.SH,20240712,1.114,1.111,1.117,1.103,1.109,-0.005,-0.4488,280648.0,31133.524
515210.SH,20240711,1.095,1.098,1.116,1.098,1.114,0.019,1.7352,276077.73,30590.229
515210.SH,20240710,1.108,1.108,1.109,1.09,1.095,-0.013,-1.1733,269080.0,29621.412
515210.SH,20240709,1.1,1.1,1.111,1.088,1.108,0.008,0.7273,319338.0,35070.211
515210.SH,20240708,1.115,1.112,1.113,1.098,1.1,-0.015,-1.3453,238927.0,26379.636
515210.SH,20240705,1.103,1.1,1.115,1.1,1.115,0.012,1.0879,328370.0,36339.023
515210.SH,20240704,1.117,1.117,1.123,1.1,1.103,-0.014,-1.2534,342645.0,38054.387
515210.SH,20240703,1.12,1.123,1.126,1.115,1.117,-0.003,-0.2679,279160.0,31296.38
515210.SH,20240702,1.114,1.111,1.124,1.108,1.12,0.006,0.5386,338282.0,37744.504
515210.SH,20240701,1.094,1.097,1.117,1.093,1.114,0.02,1.8282,305148.0,33774.387
515210.SH,20240628,1.095,1.095,1.106,1.089,1.094,-0.001,-0.0913,286659.0,31509.269
515210.SH,20240627,1.112,1.118,1.119,1.094,1.095,-0.017,-1.5288,248064.0,27356.877
515210.SH,20240626,1.095,1.095,1.113,1.088,1.112,0.017,1.5525,273571.0,30037.737
515210.SH,20240625,1.089,1.085,1.104,1.085,1.095,0.006,0.551,270638.0,29617.484
515210.SH,20240624,1.114,1.11,1.11,1.083,1.089,-0.025,-2.2442,343293.0,37539.701
515210.SH,20240621,1.115,1.112,1.123,1.109,1.114,-0.001,-0.0897,279304.0,31162.497
515210.SH,20240620,1.13,1.131,1.135,1.112,1.115,-0.015,-1.3274,317158.0,35587.737
515210.SH,20240619,1.131,1.131,1.135,1.126,1.13,-0.001,-0.0884,264407.0,29892.772
515210.SH,20240618,1.126,1.125,1.135,1.124,1.131,0.005,0.444,539051.88,60864.815
515210.SH,20240617,1.152,1.145,1.145,1.124,1.126,-0.026,-2.2569,263099.0,29737.418
515210.SH,20240614,1.131,1.13,1.153,1.129,1.152,0.021,1.8568,273425.0,31172.33
515210.SH,20240613,1.143,1.141,1.144,1.124,1.131,-0.012,-1.0499,227547.0,25747.941
515210.SH,20240612,1.142,1.142,1.146,1.135,1.143,0.001,0.0876,217391.88,24772.596
515210.SH,20240611,1.159,1.156,1.156,1.136,1.142,-0.017,-1.4668,247601.0,28237.905
515210.SH,20240607,1.141,1.143,1.159,1.141,1.159,0.018,1.5776,266425.0,30620.143
515210.SH,20240606,1.16,1.16,1.165,1.137,1.141,-0.019,-1.6379,293960.94,33759.496
515210.SH,20240605,1.178,1.178,1.179,1.157,1.16,-0.018,-1.528,265909.0,31062.938
515210.SH,20240604,1.172,1.171,1.181,1.16,1.178,0.006,0.5119,304945.0,35707.496
515210.SH,20240603,1.201,1.2,1.2,1.163,1.172,-0.029,-2.4147,368900.0,43443.398
515210.SH,20240531,1.205,1.201,1.209,1.198,1.201,-0.004,-0.332,229197.0,27588.029
515210.SH,20240530,1.205,1.211,1.221,1.203,1.205,0.0,0.0,299672.0,36363.586
515210.SH,20240529,1.205,1.203,1.215,1.196,1.205,0.0,0.0,231689.0,27945.764
515210.SH,20240528,1.211,1.21,1.218,1.203,1.205,-0.006,-0.4955,591097.1,71365.024
515210.SH,20240527,1.2,1.202,1.211,1.199,1.211,0.011,0.9167,296884.0,35736.101
515210.SH,20240524,1.207,1.203,1.214,1.198,1.2,-0.007,-0.58,311992.0,37652.428
515210.SH,20240523,1.235,1.23,1.23,1.204,1.207,-0.028,-2.2672,314360.0,38135.029
515210.SH,20240522,1.229,1.227,1.245,1.226,1.235,0.006,0.4882,352415.0,43635.293
515210.SH,20240521,1.244,1.244,1.244,1.226,1.229,-0.015,-1.2058,301073.0,37094.657
515210.SH,20240520,1.237,1.238,1.244,1.235,1.244,0.007,0.5659,410661.0,50931.555
515210.SH,20240517,1.226,1.226,1.237,1.216,1.237,0.011,0.8972,398591.0,48835.039
515210.SH,20240516,1.217,1.215,1.238,1.215,1.226,0.009,0.7395,927908.0,113797.345
515210.SH,20240515,1.223,1.219,1.227,1.214,1.217,-0.006,-0.4906,265348.0,32363.413
515210.SH,20240514,1.229,1.229,1.234,1.22,1.223,-0.006,-0.4882,474803.0,58100.904
515210.SH,20240513,1.232,1.227,1.232,1.212,1.229,-0.003,-0.2435,651638.6,79826.611
515210.SH,20240510,1.228,1.23,1.234,1.219,1.232,0.004,0.3257,262479.6,32223.988
515210.SH,20240509,1.212,1.211,1.229,1.209,1.228,0.016,1.3201,388949.0,47582.55
515210.SH,20240508,1.225,1.22,1.221,1.212,1.212,-0.013,-1.0612,414425.0,50374.052
515210.SH,20240507,1.235,1.228,1.233,1.22,1.225,-0.01,-0.8097,591588.0,72560.046
515210.SH,20240506,1.214,1.214,1.237,1.213,1.235,0.021,1.7298,686239.0,84093.107
515210.SH,20240430,1.232,1.229,1.235,1.214,1.214,-0.018,-1.461,970453.06,119220.013
515210.SH,20240429,1.221,1.221,1.234,1.204,1.232,0.011,0.9009,579413.06,70691.387
515210.SH,20240426,1.217,1.217,1.222,1.201,1.221,0.004,0.3287,1047528.0,126454.379
515210.SH,20240425,1.213,1.212,1.223,1.205,1.217,0.004,0.3298,517861.64,62915.572
515210.SH,20240424,1.202,1.198,1.215,1.194,1.213,0.011,0.9151,400828.0,48330.314
515210.SH,20240423,1.234,1.231,1.232,1.198,1.202,-0.032,-2.5932,452478.01,54664.355
515210.SH,20240422,1.259,1.259,1.265,1.23,1.234,-0.025,-1.9857,345506.72,43017.364
515210.SH,20240419,1.242,1.241,1.267,1.238,1.259,0.017,1.3688,388626.0,48823.469
515210.SH,20240418,1.239,1.249,1.251,1.236,1.242,0.003,0.2421,464693.0,57766.355
515210.SH,20240417,1.193,1.19,1.239,1.189,1.239,0.046,3.8558,537646.76,65435.983
515210.SH,20240416,1.223,1.215,1.225,1.19,1.193,-0.03,-2.453,845093.92,102615.912
515210.SH,20240415,1.222,1.226,1.234,1.193,1.223,0.001,0.0818,577108.92,70165.128
515210.SH,20240412,1.223,1.223,1.231,1.216,1.222,-0.001,-0.0818,435258.0,53254.452
515210.SH,20240411,1.215,1.206,1.237,1.199,1.223,0.008,0.6584,445471.92,54467.602
515210.SH,20240410,1.225,1.224,1.228,1.205,1.215,-0.01,-0.8163,338167.68,41091.583
515210.SH,20240409,1.224,1.217,1.231,1.212,1.225,0.001,0.0817,388626.0,47471.364
515210.SH,20240408,1.229,1.227,1.247,1.218,1.224,-0.005,-0.4068,604335.65,74407.446
515210.SH,20240403,1.222,1.22,1.233,1.213,1.229,0.007,0.5728,672901.0,82339.41
515210.SH,20240402,1.209,1.222,1.226,1.211,1.222,0.013,1.0753,401602.0,48953.936
515210.SH,20240401,1.192,1.192,1.21,1.192,1.209,0.017,1.4262,324160.0,38953.856
515210.SH,20240329,1.173,1.172,1.193,1.171,1.192,0.019,1.6198,222387.0,26355.467
515210.SH,20240328,1.169,1.168,1.183,1.164,1.173,0.004,0.3422,262832.0,30846.103
515210.SH,20240327,1.187,1.183,1.19,1.167,1.169,-0.018,-1.5164,326044.0,38460.734
515210.SH,20240326,1.186,1.182,1.191,1.172,1.187,0.001,0.0843,489798.0,57869.217
515210.SH,20240325,1.189,1.187,1.206,1.184,1.186,-0.003,-0.2523,341046.0,40666.006
515210.SH,20240322,1.207,1.204,1.204,1.179,1.189,-0.018,-1.4913,296280.0,35252.891
515210.SH,20240321,1.205,1.205,1.208,1.196,1.207,0.002,0.166,268119.0,32226.897
515210.SH,20240320,1.211,1.211,1.211,1.195,1.205,-0.006,-0.4955,276712.0,33263.784
515210.SH,20240319,1.198,1.192,1.229,1.192,1.211,0.013,1.0851,568291.0,69008.847
515210.SH,20240318,1.205,1.205,1.205,1.184,1.198,-0.007,-0.5809,366471.0,43677.773
515210.SH,20240315,1.178,1.174,1.208,1.169,1.205,0.027,2.292,386711.0,45851.586
515210.SH,20240314,1.185,1.183,1.196,1.171,1.178,-0.007,-0.5907,286051.0,33854.499
515210.SH,20240313,1.186,1.184,1.19,1.179,1.185,-0.001,-0.0843,274052.0,32448.156
515210.SH,20240312,1.202,1.202,1.207,1.178,1.186,-0.016,-1.3311,345898.0,41001.57
515210.SH,20240311,1.202,1.203,1.211,1.191,1.202,0.0,0.0,374436.0,44918.031
515210.SH,20240308,1.2,1.193,1.206,1.19,1.202,0.002,0.1667,407711.0,48860.809
515210.SH,20240307,1.178,1.176,1.214,1.173,1.2,0.022,1.8676,508813.0,61052.534
515210.SH,20240306,1.166,1.161,1.184,1.161,1.178,0.012,1.0292,279204.0,32832.022
515210.SH,20240305,1.169,1.168,1.172,1.16,1.166,-0.003,-0.2566,298501.0,34773.328
515210.SH,20240304,1.18,1.186,1.187,1.163,1.169,-0.011,-0.9322,433674.0,50697.278
515210.SH,20240301,1.179,1.186,1.188,1.173,1.18,0.001,0.0848,263327.09,31039.878
515210.SH,20240229,1.162,1.158,1.18,1.154,1.179,0.017,1.463,316140.0,36923.064
515210.SH,20240228,1.177,1.177,1.19,1.16,1.162,-0.015,-1.2744,269675.0,31863.113
515210.SH,20240227,1.169,1.166,1.179,1.16,1.177,0.008,0.6843,237433.0,27802.588
515210.SH,20240226,1.173,1.175,1.179,1.156,1.169,-0.004,-0.341,540361.21,63374.327
515210.SH,20240223,1.172,1.171,1.175,1.163,1.173,0.001,0.0853,344023.11,40219.994
515210.SH,20240222,1.161,1.163,1.173,1.155,1.172,0.011,0.9475,273678.0,31912.619
515210.SH,20240221,1.157,1.157,1.179,1.146,1.161,0.004,0.3457,310914.67,36127.873
515210.SH,20240220,1.151,1.152,1.16,1.137,1.157,0.006,0.5213,186354.0,21493.461
515210.SH,20240219,1.135,1.136,1.155,1.136,1.151,0.016,1.4097,292682.21,33585.529
515210.SH,20240208,1.118,1.118,1.14,1.117,1.135,0.017,1.5206,283477.0,32125.088
515210.SH,20240207,1.095,1.093,1.124,1.085,1.118,0.023,2.1005,310478.98,34401.69
515210.SH,20240206,1.044,1.035,1.097,1.033,1.095,0.051,4.8851,713458.19,76053.902
515210.SH,20240205,1.084,1.07,1.074,1.026,1.044,-0.04,-3.69,482366.0,50570.247
515210.SH,20240202,1.101,1.099,1.115,1.053,1.084,-0.017,-1.5441,357942.57,39178.209
515210.SH,20240201,1.111,1.11,1.118,1.09,1.101,-0.01,-0.9001,410540.42,45375.505
515210.SH,20240131,1.132,1.126,1.14,1.108,1.111,-0.021,-1.8551,303815.0,34105.871
515210.SH,20240130,1.152,1.15,1.155,1.13,1.132,-0.02,-1.7361,226854.93,25986.705
515210.SH,20240129,1.164,1.167,1.17,1.149,1.152,-0.012,-1.0309,621791.85,72077.807
515210.SH,20240126,1.149,1.148,1.167,1.148,1.164,0.015,1.3055,348972.0,40434.675
515210.SH,20240125,1.11,1.111,1.151,1.109,1.149,0.039,3.5135,332016.0,37658.576
515210.SH,20240124,1.082,1.079,1.11,1.073,1.11,0.028,2.5878,334324.0,36493.942
515210.SH,20240123,1.074,1.066,1.085,1.056,1.082,0.008,0.7449,373701.0,40151.613
515210.SH,20240122,1.121,1.12,1.12,1.065,1.074,-0.047,-4.1927,331876.0,36543.839
515210.SH,20240119,1.125,1.125,1.13,1.113,1.121,-0.004,-0.3556,284862.76,32004.277
515210.SH,20240118,1.14,1.134,1.14,1.098,1.125,-0.015,-1.3158,423952.0,47294.758
515210.SH,20240117,1.163,1.157,1.165,1.14,1.14,-0.023,-1.9776,342459.76,39585.711
515210.SH,20240116,1.168,1.167,1.17,1.15,1.163,-0.005,-0.4281,396783.0,46047.737
515210.SH,20240115,1.178,1.171,1.177,1.166,1.168,-0.01,-0.8489,285032.0,33352.823
515210.SH,20240112,1.18,1.179,1.19,1.175,1.178,-0.002,-0.1695,352560.05,41703.948
515210.SH,20240111,1.177,1.177,1.183,1.17,1.18,0.003,0.2549,290346.8,34156.317
515210.SH,20240110,1.185,1.184,1.188,1.173,1.177,-0.008,-0.6751,236600.0,27911.782
515210.SH,20240109,1.18,1.184,1.19,1.177,1.185,0.005,0.4237,286337.0,33877.165
515210.SH,20240108,1.205,1.205,1.205,1.18,1.18,-0.025,-2.0747,406277.0,48400.596
515210.SH,20240105,1.213,1.212,1.222,1.201,1.205,-0.008,-0.6595,450602.0,54686.553
515210.SH,20240104,1.218,1.222,1.223,1.206,1.213,-0.005,-0.4105,632391.0,76595.519
515210.SH,20240103,1.204,1.204,1.219,1.204,1.218,0.014,1.1628,494997.0,59953.715
515210.SH,20240102,1.192,1.195,1.211,1.193,1.204,0.012,1.0067,360335.0,43401.034
515210.SH,20231229,1.187,1.19,1.195,1.184,1.192,0.005,0.4212,309804.0,36854.667
515210.SH,20231228,1.173,1.179,1.193,1.174,1.187,0.014,1.1935,318248.02,37649.208
515210.SH,20231227,1.194,1.199,1.202,1.186,1.198,0.004,0.335,1484548.0,177527.83
515210.SH,20231226,1.2,1.2,1.202,1.19,1.194,-0.006,-0.5,244640.0,29276.097
515210.SH,20231225,1.203,1.203,1.204,1.195,1.2,-0.003,-0.2494,267848.0,32136.958
515210.SH,20231222,1.199,1.198,1.209,1.192,1.203,0.004,0.3336,366308.0,43896.459
515210.SH,20231221,1.195,1.194,1.2,1.177,1.199,0.004,0.3347,398275.0,47321.633
515210.SH,20231220,1.204,1.204,1.212,1.194,1.195,-0.009,-0.7475,249077.0,29993.654
515210.SH,20231219,1.208,1.215,1.215,1.199,1.204,-0.004,-0.3311,219831.0,26473.479
515210.SH,20231218,1.226,1.226,1.226,1.206,1.208,-0.018,-1.4682,308635.25,37510.988
515210.SH,20231215,1.228,1.229,1.235,1.222,1.226,-0.002,-0.1629,310316.6,38139.461
515210.SH,20231214,1.228,1.228,1.233,1.227,1.228,0.0,0.0,233725.76,28755.596
515210.SH,20231213,1.243,1.241,1.241,1.225,1.228,-0.015,-1.2068,262232.0,32337.997
515210.SH,20231212,1.249,1.24,1.245,1.233,1.243,-0.006,-0.4804,307293.0,38074.691
515210.SH,20231211,1.25,1.255,1.255,1.224,1.249,-0.001,-0.08,432094.13,53368.374
515210.SH,20231208,1.248,1.248,1.26,1.245,1.25,0.002,0.1603,454425.0,56954.666
515210.SH,20231207,1.248,1.248,1.252,1.239,1.248,0.0,0.0,295962.97,36800.673
515210.SH,20231206,1.247,1.245,1.254,1.24,1.248,0.001,0.0802,360542.64,45056.716
515210.SH,20231205,1.267,1.266,1.266,1.245,1.247,-0.02,-1.5785,406166.0,51101.329
515210.SH,20231204,1.263,1.261,1.275,1.261,1.267,0.004,0.3167,805202.38,102159.967
515210.SH,20231201,1.258,1.256,1.268,1.254,1.263,0.005,0.3975,426899.0,53890.532
515210.SH,20231130,1.265,1.263,1.265,1.252,1.258,-0.007,-0.5534,410410.0,51624.108
515210.SH,20231129,1.278,1.274,1.278,1.262,1.265,-0.013,-1.0172,367280.0,46645.718
515210.SH,20231128,1.274,1.269,1.28,1.264,1.278,0.004,0.314,1177638.0,150095.657
515210.SH,20231127,1.284,1.285,1.285,1.266,1.274,-0.01,-0.7788,391513.0,49775.21
515210.SH,20231124,1.282,1.282,1.284,1.273,1.284,0.002,0.156,420709.0,53804.761
515210.SH,20231123,1.265,1.265,1.284,1.26,1.282,0.017,1.3439,399520.0,50795.997
515210.SH,20231122,1.278,1.276,1.279,1.263,1.265,-0.013,-1.0172,423418.0,53876.714
515210.SH,20231121,1.281,1.283,1.292,1.275,1.278,-0.003,-0.2342,502203.0,64570.27
515210.SH,20231120,1.274,1.275,1.286,1.269,1.281,0.007,0.5495,472665.0,60432.581
515210.SH,20231117,1.274,1.271,1.277,1.267,1.274,0.0,0.0,557954.01,70906.135
515210.SH,20231116,1.292,1.281,1.283,1.271,1.274,-0.018,-1.3932,480475.01,61371.003
515210.SH,20231115,1.266,1.271,1.294,1.267,1.292,0.026,2.0537,753018.0,96190.108
515210.SH,20231114,1.275,1.274,1.274,1.255,1.266,-0.009,-0.7059,581032.0,73332.524
515210.SH,20231113,1.242,1.243,1.276,1.243,1.275,0.033,2.657,707285.0,88965.159
515210.SH,20231110,1.249,1.25,1.25,1.235,1.242,-0.007,-0.5604,491297.0,60865.234
515210.SH,20231109,1.242,1.238,1.25,1.237,1.249,0.007,0.5636,497517.0,62001.569
515210.SH,20231108,1.253,1.25,1.25,1.236,1.242,-0.011,-0.8779,402401.0,50001.611
515210.SH,20231107,1.262,1.258,1.258,1.245,1.253,-0.009,-0.7132,402370.0,50323.665
515210.SH,20231106,1.26,1.262,1.266,1.251,1.262,0.002,0.1587,718870.0,90406.559
515210.SH,20231103,1.264,1.265,1.274,1.257,1.26,-0.004,-0.3165,376721.76,47681.479
515210.SH,20231102,1.277,1.277,1.282,1.264,1.264,-0.013,-1.018,432184.64,54948.559
515210.SH,20231101,1.275,1.274,1.285,1.269,1.277,0.002,0.1569,374178.0,47742.425
515210.SH,20231031,1.278,1.27,1.288,1.27,1.275,-0.003,-0.2347,380660.0,48604.041
515210.SH,20231030,1.273,1.272,1.285,1.269,1.278,0.005,0.3928,521608.0,66823.509
515210.SH,20231027,1.265,1.252,1.275,1.252,1.273,0.008,0.6324,369313.0,46973.792
515210.SH,20231026,1.265,1.257,1.267,1.248,1.265,0.0,0.0,326371.0,41001.458
515210.SH,20231025,1.217,1.248,1.268,1.229,1.265,0.048,3.9441,395278.0,49826.283
515210.SH,20231024,1.201,1.201,1.218,1.201,1.217,0.016,1.3322,400698.06,48483.2
515210.SH,20231023,1.23,1.23,1.23,1.195,1.201,-0.029,-2.3577,407482.0,49383.628
515210.SH,20231020,1.227,1.225,1.24,1.223,1.23,0.003,0.2445,438491.36,54108.906
515210.SH,20231019,1.258,1.254,1.254,1.226,1.227,-0.031,-2.4642,484620.0,60049.668
515210.SH,20231018,1.274,1.269,1.273,1.25,1.258,-0.016,-1.2559,396073.0,49788.096
515210.SH,20231017,1.266,1.27,1.279,1.268,1.274,0.008,0.6319,392545.0,49948.144
515210.SH,20231016,1.266,1.268,1.271,1.26,1.266,0.0,0.0,343674.0,43439.924
515210.SH,20231013,1.28,1.272,1.272,1.263,1.266,-0.014,-1.0938,321051.0,40684.918
515210.SH,20231012,1.255,1.258,1.28,1.258,1.28,0.025,1.992,518770.0,65894.579
515210.SH,20231011,1.264,1.264,1.267,1.252,1.255,-0.009,-0.712,641350.0,80759.309
515210.SH,20231010,1.283,1.281,1.281,1.261,1.264,-0.019,-1.4809,512395.0,65005.302
515210.SH,20231009,1.279,1.277,1.286,1.266,1.283,0.004,0.3127,420241.0,53505.079
515210.SH,20230928,1.273,1.273,1.282,1.273,1.279,0.006,0.4713,330569.32,42279.88
515210.SH,20230927,1.28,1.279,1.285,1.273,1.273,-0.007,-0.5469,765915.0,97840.886
515210.SH,20230926,1.293,1.29,1.294,1.277,1.28,-0.013,-1.0054,485259.0,62300.16
515210.SH,20230925,1.301,1.295,1.302,1.292,1.293,-0.008,-0.6149,365302.0,47349.846
515210.SH,20230922,1.3,1.296,1.303,1.285,1.301,0.001,0.0769,509173.0,65898.111
515210.SH,20230921,1.312,1.312,1.315,1.3,1.3,-0.012,-0.9146,416684.0,54343.129
515210.SH,20230920,1.32,1.313,1.319,1.304,1.312,-0.008,-0.6061,470018.0,61773.82
515210.SH,20230919,1.306,1.309,1.321,1.302,1.32,0.014,1.072,598797.02,78642.522
515210.SH,20230918,1.315,1.311,1.311,1.297,1.306,-0.009,-0.6844,522318.0,68011.875
515210.SH,20230915,1.306,1.312,1.325,1.304,1.315,0.009,0.6891,731153.0,96090.844
515210.SH,20230914,1.295,1.291,1.308,1.285,1.306,0.011,0.8494,522452.0,67853.248
515210.SH,20230913,1.286,1.286,1.306,1.286,1.295,0.009,0.6998,679148.0,87854.287
515210.SH,20230912,1.291,1.288,1.294,1.282,1.286,-0.005,-0.3873,524764.0,67564.674
515210.SH,20230911,1.287,1.287,1.293,1.277,1.291,0.004,0.3108,507562.0,65282.267
515210.SH,20230908,1.294,1.294,1.298,1.281,1.287,-0.007,-0.541,752727.11,96778.733
515210.SH,20230907,1.318,1.318,1.318,1.293,1.294,-0.024,-1.8209,632252.11,82436.848
515210.SH,20230906,1.327,1.321,1.325,1.311,1.318,-0.009,-0.6782,502250.11,66135.49
515210.SH,20230905,1.342,1.333,1.338,1.319,1.327,-0.015,-1.1177,731341.0,97049.317
515210.SH,20230904,1.296,1.3,1.349,1.3,1.342,0.046,3.5494,1558531.11,207539.505
515210.SH,20230901,1.267,1.268,1.301,1.268,1.296,0.029,2.2889,972167.0,125699.158
515210.SH,20230831,1.276,1.277,1.285,1.265,1.267,-0.009,-0.7053,457601.0,58145.129
515210.SH,20230830,1.289,1.292,1.296,1.276,1.276,-0.013,-1.0085,522505.04,67134.573
515210.SH,20230829,1.286,1.283,1.302,1.279,1.289,0.003,0.2333,942544.14,121516.679
515210.SH,20230828,1.265,1.306,1.33,1.286,1.286,0.021,1.6601,910457.09,118504.234
515210.SH,20230825,1.265,1.262,1.279,1.252,1.265,0.0,0.0,369228.0,46819.19
515210.SH,20230824,1.274,1.275,1.286,1.264,1.265,-0.009,-0.7064,400806.0,51034.934
515210.SH,20230823,1.292,1.295,1.295,1.274,1.274,-0.018,-1.3932,385960.15,49508.642
515210.SH,20230822,1.287,1.288,1.299,1.278,1.292,0.005,0.3885,524285.17,67441.354
515210.SH,20230821,1.304,1.296,1.312,1.286,1.287,-0.017,-1.3037,462634.8,60114.391
515210.SH,20230818,1.317,1.311,1.327,1.303,1.304,-0.013,-0.9871,502063.0,66121.464
515210.SH,20230817,1.308,1.301,1.317,1.291,1.317,0.009,0.6881,488058.0,63609.008
515210.SH,20230816,1.307,1.304,1.322,1.301,1.308,0.001,0.0765,533183.0,69906.264
515210.SH,20230815,1.313,1.312,1.32,1.295,1.307,-0.006,-0.457,481549.86,63059.872
515210.SH,20230814,1.309,1.301,1.318,1.293,1.313,0.004,0.3056,594775.0,77646.557
515210.SH,20230811,1.333,1.332,1.334,1.308,1.309,-0.024,-1.8005,553613.0,73047.309
515210.SH,20230810,1.332,1.33,1.339,1.327,1.333,0.001,0.0751,517393.0,68925.988
515210.SH,20230809,1.335,1.331,1.341,1.328,1.332,-0.003,-0.2247,541050.0,72117.68
515210.SH,20230808,1.346,1.351,1.351,1.327,1.335,-0.011,-0.8172,494302.0,65965.897
515210.SH,20230807,1.366,1.366,1.378,1.343,1.346,-0.02,-1.4641,686700.0,92715.099
515210.SH,20230804,1.379,1.397,1.399,1.364,1.366,-0.013,-0.9427,646798.74,88877.634
515210.SH,20230803,1.378,1.374,1.38,1.358,1.379,0.001,0.0726,843789.0,115361.835
515210.SH,20230802,1.392,1.378,1.382,1.369,1.378,-0.014,-1.0057,682260.4,93865.606
515210.SH,20230801,1.358,1.357,1.414,1.357,1.392,0.034,2.5037,870443.38,121096.963
515210.SH,20230731,1.36,1.361,1.373,1.355,1.358,-0.002,-0.1471,942049.14,128512.023
515210.SH,20230728,1.342,1.332,1.366,1.32,1.36,0.018,1.3413,906132.66,122553.238
515210.SH,20230727,1.318,1.309,1.353,1.308,1.342,0.024,1.8209,961697.5,128745.866
515210.SH,20230726,1.295,1.296,1.32,1.293,1.318,0.023,1.7761,585097.95,76367.752
515210.SH,20230725,1.254,1.262,1.296,1.262,1.295,0.041,3.2695,509162.0,65386.327
515210.SH,20230724,1.259,1.259,1.263,1.254,1.254,-0.005,-0.3971,332292.0,41824.393
515210.SH,20230721,1.26,1.257,1.267,1.255,1.259,-0.001,-0.0794,274988.0,34651.041
515210.SH,20230720,1.263,1.265,1.27,1.258,1.26,-0.003,-0.2375,244524.0,30951.989
515210.SH,20230719,1.259,1.259,1.265,1.257,1.263,0.004,0.3177,276376.0,34851.762
515210.SH,20230718,1.257,1.256,1.264,1.251,1.259,0.002,0.1591,323733.0,40702.452
515210.SH,20230717,1.267,1.269,1.269,1.253,1.257,-0.01,-0.7893,372918.0,46937.764
515210.SH,20230714,1.269,1.269,1.274,1.266,1.267,-0.002,-0.1576,391843.0,49757.987
515210.SH,20230713,1.262,1.263,1.276,1.263,1.269,0.007,0.5547,360728.0,45886.154
515210.SH,20230712,1.272,1.273,1.276,1.261,1.262,-0.01,-0.7862,347425.0,44005.93
515210.SH,20230711,1.267,1.267,1.276,1.265,1.272,0.005,0.3946,407179.0,51680.998
515210.SH,20230710,1.265,1.27,1.278,1.262,1.267,0.002,0.1581,305743.0,38718.037
515210.SH,20230707,1.262,1.262,1.274,1.257,1.265,0.003,0.2377,446010.0,56454.973
515210.SH,20230706,1.278,1.277,1.277,1.25,1.262,-0.016,-1.252,347001.0,43862.876
515210.SH,20230705,1.265,1.265,1.28,1.262,1.278,0.013,1.0277,351713.0,44713.068
515210.SH,20230704,1.266,1.267,1.272,1.262,1.265,-0.001,-0.079,409962.0,51936.417
515210.SH,20230703,1.249,1.251,1.27,1.25,1.266,0.017,1.3611,409814.0,51779.823
515210.SH,20230630,1.231,1.232,1.252,1.23,1.249,0.018,1.4622,321451.46,39998.04
515210.SH,20230629,1.238,1.236,1.236,1.229,1.231,-0.007,-0.5654,315076.54,38817.522
515210.SH,20230628,1.233,1.234,1.239,1.225,1.238,0.005,0.4055,321964.0,39618.164
515210.SH,20230627,1.208,1.209,1.234,1.209,1.233,0.025,2.0695,384648.0,47105.857
515210.SH,20230626,1.222,1.214,1.222,1.205,1.208,-0.014,-1.1457,358164.0,43403.864
515210.SH,20230621,1.234,1.231,1.234,1.222,1.222,-0.012,-0.9724,355991.0,43690.266
515210.SH,20230620,1.242,1.242,1.243,1.232,1.234,-0.008,-0.6441,371141.42,45850.244
515210.SH,20230619,1.257,1.257,1.261,1.241,1.242,-0.015,-1.1933,706669.0,88683.98
515210.SH,20230616,1.248,1.25,1.262,1.249,1.257,0.009,0.7212,686977.0,86391.398
515210.SH,20230615,1.245,1.245,1.251,1.235,1.248,0.003,0.241,581202.0,72258.53
515210.SH,20230614,1.247,1.249,1.253,1.244,1.245,-0.002,-0.1604,554974.0,69233.253
515210.SH,20230613,1.245,1.245,1.251,1.243,1.247,0.002,0.1606,569960.0,71062.38
515210.SH,20230612,1.246,1.244,1.251,1.237,1.245,-0.001,-0.0803,326960.19,40642.061
515210.SH,20230609,1.247,1.251,1.251,1.241,1.246,-0.001,-0.0802,645516.0,80473.745
515210.SH,20230608,1.235,1.235,1.25,1.232,1.247,0.012,0.9717,424714.0,52654.208
515210.SH,20230607,1.244,1.243,1.247,1.234,1.235,-0.009,-0.7235,343662.0,42642.412
515210.SH,20230606,1.26,1.255,1.261,1.238,1.244,-0.016,-1.2698,336000.0,41985.497
515210.SH,20230605,1.264,1.27,1.271,1.256,1.26,-0.004,-0.3165,378764.0,47788.464
515210.SH,20230602,1.246,1.246,1.264,1.246,1.264,0.018,1.4446,355448.66,44756.875
515210.SH,20230601,1.239,1.24,1.252,1.238,1.246,0.007,0.565,317500.0,39604.566
515210.SH,20230531,1.249,1.249,1.249,1.237,1.239,-0.01,-0.8006,317497.0,39456.771
515210.SH,20230530,1.263,1.263,1.263,1.237,1.249,-0.014,-1.1085,387758.0,48424.877
515210.SH,20230529,1.264,1.267,1.268,1.257,1.263,-0.001,-0.0791,297868.0,37576.564
515210.SH,20230526,1.26,1.259,1.265,1.245,1.264,0.004,0.3175,253664.0,31803.638
515210.SH,20230525,1.263,1.262,1.263,1.246,1.26,-0.003,-0.2375,365030.0,45792.164
515210.SH,20230524,1.284,1.281,1.281,1.261,1.263,-0.021,-1.6355,538123.0,68175.275
515210.SH,20230523,1.299,1.296,1.297,1.28,1.284,-0.015,-1.1547,372396.0,48001.722
515210.SH,20230522,1.293,1.291,1.3,1.29,1.299,0.006,0.464,342817.0,44422.877
515210.SH,20230519,1.299,1.295,1.299,1.285,1.293,-0.006,-0.4619,385831.0,49792.363
515210.SH,20230518,1.303,1.3,1.308,1.293,1.299,-0.004,-0.307,432265.0,56297.191
515210.SH,20230517,1.301,1.3,1.312,1.294,1.303,0.002,0.1537,393536.99,51222.464
515210.SH,20230516,1.314,1.314,1.315,1.297,1.301,-0.013,-0.9893,433076.0,56588.764
515210.SH,20230515,1.299,1.301,1.314,1.292,1.314,0.015,1.1547,494161.0,64246.543
515210.SH,20230512,1.325,1.327,1.327,1.298,1.299,-0.026,-1.9623,683627.0,89272.765
515210.SH,20230511,1.322,1.321,1.33,1.315,1.325,0.003,0.2269,485748.0,64234.455
515210.SH,20230510,1.327,1.321,1.335,1.318,1.322,-0.005,-0.3768,546774.0,72504.411
515210.SH,20230509,1.328,1.329,1.351,1.327,1.327,-0.001,-0.0753,627049.0,83984.667
515210.SH,20230508,1.296,1.305,1.33,1.299,1.328,0.032,2.4691,661656.0,87169.368
515210.SH,20230505,1.303,1.308,1.313,1.283,1.296,-0.007,-0.5372,459116.0,59362.97
515210.SH,20230504,1.299,1.298,1.313,1.29,1.303,0.004,0.3079,381458.0,49814.626
515210.SH,20230428,1.288,1.288,1.301,1.285,1.299,0.011,0.854,432672.0,56091.224
515210.SH,20230427,1.284,1.289,1.294,1.275,1.288,0.004,0.3115,371495.0,47827.539
515210.SH,20230426,1.275,1.278,1.291,1.267,1.284,0.009,0.7059,517826.0,66301.65
515210.SH,20230425,1.295,1.299,1.304,1.264,1.275,-0.02,-1.5444,556197.0,71491.274
515210.SH,20230424,1.318,1.313,1.315,1.29,1.295,-0.023,-1.7451,785116.0,101930.128
515210.SH,20230421,1.342,1.337,1.346,1.316,1.318,-0.024,-1.7884,841506.58,111995.165
515210.SH,20230420,1.358,1.353,1.358,1.335,1.342,-0.016,-1.1782,608627.42,81573.096
515210.SH,20230419,1.363,1.356,1.368,1.356,1.358,-0.005,-0.3668,507464.0,69144.627
515210.SH,20230418,1.37,1.37,1.376,1.357,1.363,-0.007,-0.5109,693317.0,94586.107
515210.SH,20230417,1.361,1.365,1.373,1.354,1.37,0.009,0.6613,669248.41,91344.128
515210.SH,20230414,1.346,1.346,1.362,1.344,1.361,0.015,1.1144,465522.59,62953.268
515210.SH,20230413,1.357,1.356,1.357,1.34,1.346,-0.011,-0.8106,470118.0,63406.972
515210.SH,20230412,1.339,1.338,1.358,1.335,1.357,0.018,1.3443,783724.0,105759.721
515210.SH,20230411,1.327,1.329,1.339,1.317,1.339,0.012,0.9043,449728.0,59634.444
515210.SH,20230410,1.332,1.333,1.334,1.324,1.327,-0.005,-0.3754,445007.0,59089.055
515210.SH,20230407,1.325,1.323,1.336,1.323,1.332,0.007,0.5283,772942.0,102977.892
515210.SH,20230406,1.328,1.321,1.33,1.318,1.325,-0.003,-0.2259,427900.0,56605.276
515210.SH,20230404,1.327,1.326,1.333,1.32,1.328,0.001,0.0754,644226.0,85437.426
515210.SH,20230403,1.324,1.323,1.33,1.314,1.327,0.003,0.2266,985805.0,129988.51
515210.SH,20230331,1.314,1.313,1.324,1.309,1.324,0.01,0.761,625898.0,82582.473
515210.SH,20230330,1.307,1.306,1.314,1.296,1.314,0.007,0.5356,541198.0,70477.976
515210.SH,20230329,1.31,1.311,1.315,1.302,1.307,-0.003,-0.229,377921.0,49409.661
515210.SH,20230328,1.319,1.319,1.322,1.309,1.31,-0.009,-0.6823,577557.0,75845.214
515210.SH,20230327,1.335,1.33,1.334,1.311,1.319,-0.016,-1.1985,522974.0,68881.5
515210.SH,20230324,1.342,1.341,1.341,1.333,1.335,-0.007,-0.5216,413105.0,55193.169
515210.SH,20230323,1.348,1.344,1.344,1.332,1.342,-0.006,-0.4451,491469.0,65722.872
515210.SH,20230322,1.35,1.351,1.356,1.343,1.348,-0.002,-0.1481,427548.33,57693.875
515210.SH,20230321,1.355,1.351,1.359,1.338,1.35,-0.005,-0.369,662289.0,89150.046
515210.SH,20230320,1.384,1.385,1.385,1.349,1.355,-0.029,-2.0954,946470.0,128359.185
515210.SH,20230317,1.376,1.384,1.391,1.377,1.384,0.008,0.5814,465026.0,64337.053
515210.SH,20230316,1.414,1.405,1.406,1.372,1.376,-0.038,-2.6874,670854.0,93048.481
515210.SH,20230315,1.39,1.389,1.416,1.389,1.414,0.024,1.7266,457168.98,64072.299
515210.SH,20230314,1.397,1.396,1.406,1.379,1.39,-0.007,-0.5011,443338.98,61679.495
515210.SH,20230313,1.389,1.388,1.406,1.385,1.397,0.008,0.576,685096.12,95545.872
515210.SH,20230310,1.422,1.415,1.416,1.387,1.389,-0.033,-2.3207,728312.0,101914.438
515210.SH,20230309,1.419,1.418,1.428,1.414,1.422,0.003,0.2114,486791.66,69139.419
515210.SH,20230308,1.417,1.415,1.427,1.408,1.419,0.002,0.1411,454604.45,64438.606
515210.SH,20230307,1.432,1.429,1.442,1.414,1.417,-0.015,-1.0475,756390.45,108432.474
515210.SH,20230306,1.451,1.448,1.45,1.429,1.432,-0.019,-1.3094,1018489.12,146214.477
515210.SH,20230303,1.443,1.44,1.452,1.433,1.451,0.008,0.5544,784215.94,113342.436
515210.SH,20230302,1.434,1.43,1.447,1.424,1.443,0.009,0.6276,605314.0,87110.709
515210.SH,20230301,1.428,1.421,1.438,1.421,1.434,0.006,0.4202,621090.44,88978.013
515210.SH,20230228,1.42,1.42,1.429,1.412,1.428,0.008,0.5634,476925.44,67670.869
515210.SH,20230227,1.434,1.433,1.443,1.418,1.42,-0.014,-0.9763,674925.0,96887.695
515210.SH,20230224,1.434,1.434,1.439,1.42,1.434,0.0,0.0,528820.44,75592.899
515210.SH,20230223,1.438,1.436,1.446,1.425,1.434,-0.004,-0.2782,512493.0,73458.756
515210.SH,20230222,1.437,1.427,1.44,1.423,1.438,0.001,0.0696,581260.0,83294.374
515210.SH,20230221,1.405,1.405,1.442,1.405,1.437,0.032,2.2776,1270191.56,181914.252
515210.SH,20230220,1.376,1.38,1.406,1.375,1.405,0.029,2.1076,997651.0,139212.515
515210.SH,20230217,1.376,1.376,1.387,1.373,1.376,0.0,0.0,431634.0,59587.342
515210.SH,20230216,1.393,1.394,1.403,1.367,1.376,-0.017,-1.2204,491642.0,68545.577
515210.SH,20230215,1.403,1.4,1.405,1.389,1.393,-0.01,-0.7128,397807.0,55485.717
515210.SH,20230214,1.391,1.394,1.407,1.39,1.403,0.012,0.8627,515714.0,72296.063
515210.SH,20230213,1.378,1.376,1.393,1.375,1.391,0.013,0.9434,470938.98,65308.452
515210.SH,20230210,1.388,1.389,1.389,1.372,1.378,-0.01,-0.7205,412745.0,56948.508
515210.SH,20230209,1.377,1.371,1.392,1.37,1.388,0.011,0.7988,515274.0,71415.653
515210.SH,20230208,1.384,1.384,1.389,1.376,1.377,-0.007,-0.5058,486863.0,67356.687
515210.SH,20230207,1.375,1.38,1.386,1.371,1.384,0.009,0.6545,378656.0,52160.931
515210.SH,20230206,1.391,1.386,1.386,1.37,1.375,-0.016,-1.1503,449470.0,61777.309
515210.SH,20230203,1.403,1.401,1.401,1.37,1.391,-0.012,-0.8553,535077.98,73823.681
515210.SH,20230202,1.411,1.41,1.41,1.397,1.403,-0.008,-0.567,729264.0,102203.449
515210.SH,20230201,1.387,1.39,1.412,1.389,1.411,0.024,1.7304,516518.0,72463.365
515210.SH,20230131,1.382,1.381,1.39,1.371,1.387,0.005,0.3618,414697.19,57326.752
515210.SH,20230130,1.364,1.378,1.396,1.375,1.382,0.018,1.3196,582752.46,80839.396
515210.SH,20230120,1.34,1.34,1.365,1.34,1.364,0.024,1.791,461437.0,62620.864
515210.SH,20230119,1.331,1.328,1.342,1.323,1.34,0.009,0.6762,732715.0,97685.872
515210.SH,20230118,1.324,1.326,1.332,1.323,1.331,0.007,0.5287,393244.0,52234.952
515210.SH,20230117,1.331,1.324,1.332,1.32,1.324,-0.007,-0.5259,374678.0,49685.188
515210.SH,20230116,1.319,1.32,1.334,1.317,1.331,0.012,0.9098,434504.0,57642.005
515210.SH,20230113,1.312,1.314,1.322,1.31,1.319,0.007,0.5335,294749.0,38753.144
515210.SH,20230112,1.317,1.317,1.32,1.307,1.312,-0.005,-0.3797,278783.0,36634.567
515210.SH,20230111,1.314,1.312,1.325,1.311,1.317,0.003,0.2283,359867.0,47382.63
515210.SH,20230110,1.324,1.324,1.324,1.312,1.314,-0.01,-0.7553,337565.0,44422.817
515210.SH,20230109,1.318,1.319,1.329,1.319,1.324,0.006,0.4552,336702.0,44546.321
515210.SH,20230106,1.305,1.306,1.324,1.304,1.318,0.013,0.9962,410506.0,54025.543
515210.SH,20230105,1.302,1.304,1.31,1.297,1.305,0.003,0.2304,432215.0,56390.233
515210.SH,20230104,1.299,1.3,1.309,1.294,1.302,0.003,0.2309,463628.0,60307.839
515210.SH,20230103,1.282,1.282,1.305,1.276,1.299,0.017,1.3261,410186.0,52912.628
515210.SH,20221230,1.288,1.293,1.294,1.28,1.282,-0.006,-0.4658,271215.0,34804.313
515210.SH,20221229,1.302,1.296,1.302,1.286,1.288,-0.014,-1.0753,335438.0,43360.79
515210.SH,20221228,1.301,1.295,1.308,1.291,1.302,0.001,0.0769,344585.0,44772.092
515210.SH,20221227,1.29,1.293,1.306,1.292,1.301,0.011,0.8527,430147.0,55976.61
515210.SH,20221226,1.299,1.293,1.31,1.293,1.31,0.011,0.8468,354915.0,46205.953
515210.SH,20221223,1.302,1.298,1.304,1.286,1.299,-0.003,-0.2304,399334.0,51691.295
515210.SH,20221222,1.321,1.33,1.341,1.294,1.302,-0.019,-1.4383,498732.0,65531.62
515210.SH,20221221,1.326,1.324,1.335,1.315,1.321,-0.005,-0.3771,381147.61,50568.276
515210.SH,20221220,1.33,1.328,1.338,1.317,1.326,-0.004,-0.3008,409752.0,54443.397
515210.SH,20221219,1.365,1.363,1.367,1.329,1.33,-0.035,-2.5641,458871.0,61875.075
515210.SH,20221216,1.357,1.352,1.372,1.345,1.365,0.008,0.5895,409521.0,55804.631
515210.SH,20221215,1.362,1.358,1.362,1.347,1.357,-0.005,-0.3671,369643.0,49974.602
515210.SH,20221214,1.372,1.362,1.376,1.358,1.362,-0.01,-0.7289,386551.0,52740.041
515210.SH,20221213,1.36,1.361,1.382,1.361,1.372,0.012,0.8824,579479.0,79640.903
515210.SH,20221212,1.399,1.395,1.395,1.359,1.36,-0.039,-2.7877,610752.0,84113.488
515210.SH,20221209,1.379,1.377,1.402,1.376,1.399,0.02,1.4503,522058.0,72534.727
515210.SH,20221208,1.384,1.383,1.387,1.368,1.379,-0.005,-0.3613,346036.0,47707.871
515210.SH,20221207,1.39,1.39,1.392,1.372,1.384,-0.006,-0.4317,396075.0,54778.307
515210.SH,20221206,1.393,1.386,1.392,1.379,1.39,-0.003,-0.2154,475048.0,65848.257
515210.SH,20221205,1.359,1.364,1.398,1.359,1.393,0.034,2.5018,664315.0,91547.72
515210.SH,20221202,1.371,1.371,1.371,1.356,1.359,-0.012,-0.8753,406718.0,55397.582
515210.SH,20221201,1.364,1.372,1.379,1.371,1.371,0.007,0.5132,506145.0,69572.591
515210.SH,20221130,1.371,1.368,1.375,1.363,1.364,-0.007,-0.5106,361609.0,49534.418
515210.SH,20221129,1.355,1.356,1.377,1.355,1.371,0.016,1.1808,630564.0,86258.652
515210.SH,20221128,1.373,1.352,1.36,1.336,1.355,-0.018,-1.311,374162.0,50485.787
515210.SH,20221125,1.365,1.365,1.375,1.356,1.373,0.008,0.5861,433432.0,59355.446
515210.SH,20221124,1.364,1.364,1.373,1.36,1.365,0.001,0.0733,308722.0,42175.031
515210.SH,20221123,1.352,1.351,1.365,1.345,1.364,0.012,0.8876,316806.0,43009.692
515210.SH,20221122,1.347,1.343,1.363,1.342,1.352,0.005,0.3712,361914.0,48804.354
515210.SH,20221121,1.347,1.338,1.348,1.33,1.347,0.0,0.0,312158.22,41821.795
515210.SH,20221118,1.359,1.362,1.362,1.346,1.347,-0.012,-0.883,330665.0,44839.678
515210.SH,20221117,1.367,1.359,1.363,1.351,1.359,-0.008,-0.5852,266374.0,36137.338
515210.SH,20221116,1.377,1.38,1.38,1.366,1.367,-0.01,-0.7262,259951.0,35647.358
515210.SH,20221115,1.364,1.364,1.378,1.356,1.377,0.013,0.9531,418773.07,57370.861
515210.SH,20221114,1.382,1.389,1.392,1.357,1.364,-0.018,-1.3025,322452.1,44398.479
515210.SH,20221111,1.373,1.388,1.399,1.373,1.382,0.009,0.6555,332278.0,45883.799
515210.SH,20221110,1.369,1.36,1.378,1.355,1.373,0.004,0.2922,504046.25,68810.188
515210.SH,20221109,1.364,1.365,1.381,1.365,1.369,0.005,0.3666,455995.62,62439.462
515210.SH,20221108,1.354,1.354,1.367,1.352,1.364,0.01,0.7386,334847.0,45488.743
515210.SH,20221107,1.343,1.343,1.371,1.343,1.354,0.011,0.8191,408212.6,55550.616
515210.SH,20221104,1.308,1.31,1.344,1.308,1.343,0.035,2.6758,390552.36,52047.778
515210.SH,20221103,1.296,1.293,1.309,1.288,1.308,0.012,0.9259,339091.0,44241.919
515210.SH,20221102,1.292,1.294,1.303,1.286,1.296,0.004,0.3096,360235.47,46609.785
515210.SH,20221101,1.263,1.272,1.292,1.267,1.292,0.029,2.2961,421681.0,53958.244
515210.SH,20221031,1.264,1.259,1.276,1.25,1.263,-0.001,-0.0791,380211.0,48006.55
515210.SH,20221028,1.32,1.32,1.321,1.258,1.264,-0.056,-4.2424,374643.0,48002.45
515210.SH,20221027,1.327,1.328,1.337,1.318,1.32,-0.007,-0.5275,337658.0,44796.889
515210.SH,20221026,1.32,1.32,1.338,1.319,1.327,0.007,0.5303,307537.0,40923.536
515210.SH,20221025,1.319,1.317,1.329,1.302,1.32,0.001,0.0758,314566.0,41449.607
515210.SH,20221024,1.316,1.325,1.343,1.308,1.319,0.003,0.228,466834.53,61987.545
515210.SH,20221021,1.311,1.313,1.33,1.311,1.316,0.005,0.3814,560643.0,74032.057
515210.SH,20221020,1.321,1.333,1.333,1.3,1.311,-0.01,-0.757,453232.0,59437.357
515210.SH,20221019,1.337,1.342,1.342,1.32,1.321,-0.016,-1.1967,448058.0,59625.549
515210.SH,20221018,1.34,1.343,1.348,1.334,1.337,-0.003,-0.2239,350734.0,46934.706
515210.SH,20221017,1.327,1.322,1.346,1.32,1.34,0.013,0.9797,437407.0,58340.641
515210.SH,20221014,1.301,1.309,1.329,1.3,1.327,0.026,1.9985,483727.0,63845.901
515210.SH,20221013,1.308,1.305,1.308,1.294,1.301,-0.007,-0.5352,431495.0,56155.259
515210.SH,20221012,1.289,1.291,1.308,1.265,1.308,0.019,1.474,438340.0,56002.466
515210.SH,20221011,1.284,1.292,1.293,1.273,1.289,0.005,0.3894,493185.0,63366.815
515210.SH,20221010,1.293,1.295,1.306,1.279,1.284,-0.009,-0.6961,482656.0,62568.417
515210.SH,20220930,1.3,1.3,1.311,1.291,1.293,-0.007,-0.5385,564365.0,73286.958
515210.SH,20220929,1.304,1.315,1.318,1.291,1.3,-0.004,-0.3067,465624.0,60786.28
515210.SH,20220928,1.345,1.343,1.343,1.302,1.304,-0.041,-3.0483,472347.0,61945.081
515210.SH,20220927,1.332,1.342,1.345,1.322,1.345,0.013,0.976,471619.0,62741.469
515210.SH,20220926,1.375,1.374,1.374,1.33,1.332,-0.043,-3.1273,587935.0,79044.164
515210.SH,20220923,1.387,1.389,1.393,1.366,1.375,-0.012,-0.8652,606785.0,83779.456
515210.SH,20220922,1.395,1.38,1.405,1.376,1.387,-0.008,-0.5735,465256.0,64811.602
515210.SH,20220921,1.376,1.365,1.399,1.356,1.395,0.019,1.3808,471540.0,64945.66
515210.SH,20220920,1.364,1.371,1.388,1.37,1.376,0.012,0.8798,478665.0,66010.235
515210.SH,20220919,1.384,1.38,1.383,1.358,1.364,-0.02,-1.4451,506489.0,69226.582
515210.SH,20220916,1.422,1.421,1.421,1.383,1.384,-0.038,-2.6723,521787.0,73028.374
515210.SH,20220915,1.437,1.439,1.455,1.41,1.422,-0.015,-1.0438,593597.0,84644.172
515210.SH,20220914,1.455,1.446,1.452,1.433,1.437,-0.018,-1.2371,582195.83,83969.367
515210.SH,20220913,1.463,1.465,1.47,1.451,1.455,-0.008,-0.5468,457745.0,66727.477
515210.SH,20220909,1.461,1.459,1.464,1.447,1.463,0.002,0.1369,457314.0,66655.106
515210.SH,20220908,1.449,1.449,1.472,1.443,1.461,0.012,0.8282,713495.18,104208.435
515210.SH,20220907,1.445,1.444,1.452,1.435,1.449,0.004,0.2768,992984.0,143743.666
515210.SH,20220906,1.425,1.426,1.446,1.426,1.445,0.02,1.4035,365090.0,52528.824
515210.SH,20220905,1.408,1.412,1.428,1.4,1.425,0.017,1.2074,483659.0,68536.675
515210.SH,20220902,1.412,1.407,1.419,1.399,1.408,-0.004,-0.2833,462503.0,65175.003
515210.SH,20220901,1.415,1.425,1.429,1.408,1.412,-0.003,-0.212,457897.0,64913.244
515210.SH,20220831,1.443,1.441,1.445,1.412,1.415,-0.028,-1.9404,463280.53,65960.052
515210.SH,20220830,1.448,1.446,1.456,1.438,1.443,-0.005,-0.3453,420154.0,60720.803
515210.SH,20220829,1.439,1.425,1.452,1.419,1.448,0.009,0.6254,497002.0,71439.987
515210.SH,20220826,1.447,1.443,1.451,1.434,1.439,-0.008,-0.5529,398360.0,57554.421
515210.SH,20220825,1.447,1.447,1.454,1.424,1.447,0.0,0.0,402188.18,57825.879
515210.SH,20220824,1.478,1.488,1.49,1.446,1.447,-0.031,-2.0974,413562.0,60585.793
515210.SH,20220823,1.491,1.487,1.488,1.468,1.478,-0.013,-0.8719,450208.0,66404.856
515210.SH,20220822,1.464,1.464,1.494,1.45,1.491,0.027,1.8443,532953.0,78663.472
515210.SH,20220819,1.469,1.476,1.476,1.461,1.464,-0.005,-0.3404,379155.0,55718.727
515210.SH,20220818,1.485,1.488,1.488,1.465,1.469,-0.016,-1.0774,435652.0,64044.698
515210.SH,20220817,1.494,1.497,1.497,1.473,1.485,-0.009,-0.6024,411258.0,60813.862
515210.SH,20220816,1.489,1.49,1.504,1.486,1.494,0.005,0.3358,599451.14,89376.114
515210.SH,20220815,1.479,1.49,1.496,1.479,1.489,0.01,0.6761,397933.0,59215.384
515210.SH,20220812,1.48,1.48,1.488,1.474,1.479,-0.001,-0.0676,485949.0,72036.133
515210.SH,20220811,1.472,1.472,1.481,1.469,1.48,0.008,0.5435,394598.0,58178.644
515210.SH,20220810,1.478,1.473,1.482,1.463,1.472,-0.006,-0.406,941624.85,138393.977
515210.SH,20220809,1.471,1.469,1.481,1.463,1.478,0.007,0.4759,384223.0,56669.62
515210.SH,20220808,1.45,1.451,1.472,1.444,1.471,0.021,1.4483,439141.0,64298.85
515210.SH,20220805,1.426,1.435,1.452,1.415,1.45,0.024,1.683,463069.0,66182.426
515210.SH,20220804,1.42,1.439,1.439,1.411,1.426,0.006,0.4225,388448.0,55209.12
515210.SH,20220803,1.44,1.437,1.458,1.417,1.42,-0.02,-1.3889,392666.0,56677.899
515210.SH,20220802,1.477,1.473,1.473,1.418,1.44,-0.037,-2.5051,414871.0,59475.255
515210.SH,20220801,1.489,1.484,1.486,1.471,1.477,-0.012,-0.8059,449819.46,66445.698
515210.SH,20220729,1.491,1.495,1.506,1.484,1.489,-0.002,-0.1341,439543.0,65554.791
515210.SH,20220728,1.495,1.51,1.511,1.482,1.491,-0.004,-0.2676,508973.0,75876.968
515210.SH,20220727,1.488,1.484,1.498,1.476,1.495,0.007,0.4704,450065.27,66878.682
515210.SH,20220726,1.473,1.472,1.494,1.47,1.488,0.015,1.0183,338989.92,50435.86
515210.SH,20220725,1.499,1.505,1.505,1.469,1.473,-0.026,-1.7345,392392.0,58222.512
515210.SH,20220722,1.51,1.51,1.515,1.488,1.499,-0.011,-0.7285,417071.27,62732.498
515210.SH,20220721,1.517,1.518,1.524,1.506,1.51,-0.007,-0.4614,703936.78,106669.446
515210.SH,20220720,1.501,1.511,1.525,1.502,1.517,0.016,1.066,314157.73,47565.853
515210.SH,20220719,1.503,1.509,1.511,1.493,1.501,-0.002,-0.1331,351440.35,52868.047
515210.SH,20220718,1.481,1.487,1.504,1.481,1.503,0.022,1.4855,434910.0,64977.503
515210.SH,20220715,1.515,1.508,1.521,1.479,1.481,-0.034,-2.2442,479728.0,72119.735
515210.SH,20220714,1.529,1.535,1.537,1.511,1.515,-0.014,-0.9156,368721.0,56010.931
515210.SH,20220713,1.528,1.528,1.535,1.515,1.529,0.001,0.0654,420748.85,64166.16
515210.SH,20220712,1.522,1.526,1.546,1.515,1.528,0.006,0.3942,425286.17,65131.542
515210.SH,20220711,1.554,1.54,1.541,1.515,1.522,-0.032,-2.0592,385260.0,58744.36
515210.SH,20220708,1.566,1.564,1.572,1.55,1.554,-0.012,-0.7663,400546.0,62427.932
515210.SH,20220707,1.561,1.562,1.576,1.554,1.566,0.005,0.3203,467936.0,73430.417
515210.SH,20220706,1.588,1.581,1.584,1.548,1.561,-0.027,-1.7003,634420.0,99102.564
515210.SH,20220705,1.561,1.568,1.594,1.561,1.588,0.027,1.7297,594835.46,94090.701
515210.SH,20220704,1.553,1.542,1.566,1.538,1.561,0.008,0.5151,644186.0,100225.458
515210.SH,20220701,1.531,1.531,1.558,1.523,1.553,0.022,1.437,691053.01,106536.992
515210.SH,20220630,1.527,1.528,1.54,1.528,1.531,0.004,0.262,535903.9,82174.138
515210.SH,20220629,1.559,1.552,1.558,1.522,1.527,-0.032,-2.0526,1012469.9,155463.952
515210.SH,20220628,1.559,1.559,1.559,1.54,1.559,0.0,0.0,588999.77,91089.865
515210.SH,20220627,1.556,1.571,1.573,1.535,1.559,0.003,0.1928,887481.0,138085.716
515210.SH,20220624,1.534,1.534,1.56,1.529,1.556,0.022,1.4342,902696.0,139781.402
515210.SH,20220623,1.513,1.515,1.535,1.504,1.534,0.021,1.388,483424.01,73431.583
515210.SH,20220622,1.516,1.515,1.529,1.499,1.513,-0.003,-0.1979,615326.01,93313.834
515210.SH,20220621,1.514,1.514,1.534,1.492,1.516,0.002,0.1321,877599.0,132317.799
515210.SH,20220620,1.509,1.5,1.524,1.495,1.514,0.005,0.3313,871885.9,131834.563
515210.SH,20220617,1.512,1.498,1.513,1.487,1.509,-0.003,-0.1984,738412.9,110960.559
515210.SH,20220616,1.52,1.528,1.538,1.506,1.512,-0.008,-0.5263,606485.78,92166.286
515210.SH,20220615,1.525,1.523,1.545,1.515,1.52,-0.005,-0.3279,569157.0,87019.077
515210.SH,20220614,1.517,1.495,1.525,1.477,1.525,0.008,0.5274,506460.22,75902.962
515210.SH,20220613,1.534,1.515,1.528,1.501,1.517,-0.017,-1.1082,940172.9,142385.275
515210.SH,20220610,1.519,1.516,1.565,1.502,1.534,0.015,0.9875,594879.44,90596.128
515210.SH,20220609,1.522,1.526,1.533,1.507,1.519,-0.003,-0.1971,918265.8,139410.052
515210.SH,20220608,1.505,1.504,1.527,1.493,1.522,0.017,1.1296,559709.45,84649.302
515210.SH,20220607,1.516,1.518,1.52,1.496,1.505,-0.011,-0.7256,500315.42,75240.095
515210.SH,20220606,1.497,1.493,1.519,1.483,1.516,0.019,1.2692,475147.0,71259.782
515210.SH,20220602,1.463,1.46,1.498,1.456,1.497,0.034,2.324,553384.0,82286.947
515210.SH,20220601,1.467,1.467,1.468,1.447,1.463,-0.004,-0.2727,451848.75,65948.267
515210.SH,20220531,1.454,1.455,1.469,1.443,1.467,0.013,0.8941,607549.0,88456.689
515210.SH,20220530,1.451,1.46,1.466,1.448,1.454,0.003,0.2068,614616.0,89409.053
515210.SH,20220527,1.447,1.458,1.466,1.436,1.451,0.004,0.2764,1362902.0,197571.309
515210.SH,20220526,1.439,1.443,1.458,1.418,1.447,0.008,0.5559,809155.0,116443.383
515210.SH,20220525,1.421,1.414,1.44,1.413,1.439,0.018,1.2667,550591.55,78525.431
515210.SH,20220524,1.475,1.463,1.474,1.42,1.421,-0.054,-3.661,708088.42,103246.929
515210.SH,20220523,1.439,1.449,1.481,1.445,1.475,0.036,2.5017,733487.93,107648.121
515210.SH,20220520,1.414,1.422,1.44,1.419,1.439,0.025,1.768,589955.0,84297.342
515210.SH,20220519,1.414,1.39,1.414,1.385,1.414,0.0,0.0,436473.0,61083.398
515210.SH,20220518,1.41,1.412,1.423,1.403,1.414,0.004,0.2837,519872.0,73414.908
515210.SH,20220517,1.402,1.404,1.41,1.387,1.41,0.008,0.5706,731074.11,102373.666
515210.SH,20220516,1.393,1.395,1.408,1.386,1.402,0.009,0.6461,573636.0,80147.472
515210.SH,20220513,1.388,1.39,1.396,1.382,1.393,0.005,0.3602,517446.28,71952.655
515210.SH,20220512,1.39,1.38,1.397,1.37,1.388,-0.002,-0.1439,485559.0,67191.633
515210.SH,20220511,1.382,1.38,1.421,1.379,1.39,0.008,0.5789,962016.0,134726.183
515210.SH,20220510,1.37,1.355,1.383,1.339,1.382,0.012,0.8759,668517.0,91320.611
515210.SH,20220509,1.361,1.358,1.38,1.352,1.37,0.009,0.6613,500988.0,68713.524
515210.SH,20220506,1.408,1.38,1.382,1.358,1.361,-0.047,-3.3381,1035539.0,141547.85
515210.SH,20220505,1.404,1.403,1.416,1.393,1.408,0.004,0.2849,558559.0,78642.74
515210.SH,20220429,1.347,1.35,1.405,1.348,1.404,0.057,4.2316,878268.0,121233.314
515210.SH,20220428,1.361,1.34,1.363,1.324,1.347,-0.014,-1.0287,845681.0,113604.664
515210.SH,20220427,1.309,1.291,1.367,1.28,1.361,0.052,3.9725,1084954.0,144048.885
515210.SH,20220426,1.339,1.345,1.358,1.306,1.309,-0.03,-2.2405,1328276.0,176561.358
515210.SH,20220425,1.444,1.413,1.43,1.336,1.339,-0.105,-7.2715,1091398.58,150476.056
515210.SH,20220422,1.44,1.43,1.457,1.406,1.444,0.004,0.2778,958132.52,137385.04
515210.SH,20220421,1.51,1.492,1.504,1.436,1.44,-0.07,-4.6358,1537029.56,225467.515
515210.SH,20220420,1.579,1.572,1.575,1.502,1.51,-0.069,-4.3699,1383887.0,212442.595
515210.SH,20220419,1.557,1.548,1.587,1.545,1.579,0.022,1.413,1377726.81,216542.822
515210.SH,20220418,1.58,1.556,1.563,1.542,1.557,-0.023,-1.4557,1012119.0,157215.499
515210.SH,20220415,1.576,1.576,1.615,1.565,1.58,0.004,0.2538,2214382.05,353134.357
515210.SH,20220414,1.547,1.55,1.588,1.541,1.576,0.029,1.8746,1530183.0,240313.705
515210.SH,20220413,1.543,1.53,1.572,1.522,1.547,0.004,0.2592,2015458.0,312618.013
515210.SH,20220412,1.545,1.529,1.556,1.523,1.543,-0.002,-0.1294,1837870.0,283383.299
515210.SH,20220411,1.592,1.579,1.579,1.539,1.545,-0.047,-2.9523,1137240.0,176824.895
515210.SH,20220408,1.57,1.562,1.597,1.543,1.592,0.022,1.4013,1138184.0,178896.39
515210.SH,20220407,1.61,1.591,1.622,1.569,1.57,-0.04,-2.4845,2394415.72,382491.175
515210.SH,20220406,1.533,1.537,1.612,1.521,1.61,0.077,5.0228,1990303.72,312752.059
515210.SH,20220401,1.516,1.515,1.536,1.498,1.533,0.017,1.1214,1001075.99,152525.669
515210.SH,20220331,1.512,1.51,1.525,1.504,1.516,0.004,0.2646,533823.99,80845.924
515210.SH,20220330,1.482,1.483,1.512,1.483,1.512,0.03,2.0243,438711.0,65686.359
515210.SH,20220329,1.493,1.487,1.498,1.475,1.482,-0.011,-0.7368,521650.0,77571.035
515210.SH,20220328,1.486,1.48,1.505,1.446,1.493,0.007,0.4711,493533.0,72941.92
515210.SH,20220325,1.499,1.498,1.511,1.485,1.486,-0.013,-0.8672,558327.0,83531.469
515210.SH,20220324,1.515,1.508,1.511,1.491,1.499,-0.016,-1.0561,444106.24,66593.756
515210.SH,20220323,1.52,1.513,1.522,1.497,1.515,-0.005,-0.3289,515792.24,77930.641
515210.SH,20220322,1.495,1.494,1.527,1.485,1.52,0.025,1.6722,708521.0,107183.036
515210.SH,20220321,1.497,1.501,1.508,1.474,1.495,-0.002,-0.1336,513030.35,76586.232
515210.SH,20220318,1.478,1.49,1.5,1.47,1.497,0.019,1.2855,448588.0,66770.82
515210.SH,20220317,1.444,1.459,1.501,1.458,1.478,0.034,2.3546,583603.0,86463.733
515210.SH,20220316,1.402,1.425,1.455,1.371,1.444,0.042,2.9957,588346.0,83075.462
515210.SH,20220315,1.516,1.516,1.516,1.4,1.402,-0.114,-7.5198,566338.0,82299.072
515210.SH,20220314,1.563,1.55,1.565,1.515,1.516,-0.047,-3.007,449918.0,69371.77
515210.SH,20220311,1.576,1.554,1.572,1.52,1.563,-0.013,-0.8249,569102.73,87781.914
515210.SH,20220310,1.564,1.567,1.59,1.552,1.576,0.012,0.7673,630764.72,99267.319
515210.SH,20220309,1.58,1.576,1.576,1.482,1.564,-0.016,-1.0127,846773.27,130078.677
515210.SH,20220308,1.64,1.631,1.642,1.567,1.58,-0.06,-3.6585,914384.0,146558.294
515210.SH,20220307,1.658,1.671,1.679,1.628,1.64,-0.018,-1.0856,746073.0,123569.497
515210.SH,20220304,1.682,1.673,1.686,1.637,1.658,-0.024,-1.4269,1015739.0,168577.136
515210.SH,20220303,1.661,1.67,1.691,1.666,1.682,0.021,1.2643,986506.0,165460.67
515210.SH,20220302,1.661,1.649,1.673,1.641,1.661,0.0,0.0,597802.0,99423.573
515210.SH,20220301,1.665,1.666,1.678,1.648,1.661,-0.004,-0.2402,535269.0,88902.177
515210.SH,20220228,1.656,1.658,1.671,1.637,1.665,0.009,0.5435,571819.0,94509.675
515210.SH,20220225,1.625,1.626,1.694,1.626,1.656,0.031,1.9077,808296.0,134699.295
515210.SH,20220224,1.682,1.668,1.673,1.609,1.625,-0.057,-3.3888,806324.0,132650.122
515210.SH,20220223,1.668,1.665,1.682,1.655,1.682,0.014,0.8393,566959.0,94602.518
515210.SH,20220222,1.696,1.695,1.697,1.653,1.668,-0.028,-1.6509,641045.0,107146.648
515210.SH,20220221,1.692,1.696,1.706,1.679,1.696,0.004,0.2364,616147.0,104356.91
515210.SH,20220218,1.658,1.651,1.7,1.642,1.692,0.034,2.0507,882669.0,148533.676
515210.SH,20220217,1.651,1.643,1.661,1.637,1.658,0.007,0.424,507348.0,83824.874
515210.SH,20220216,1.624,1.63,1.66,1.63,1.651,0.027,1.6626,469599.83,77438.325
515210.SH,20220215,1.631,1.63,1.631,1.607,1.624,-0.007,-0.4292,512024.09,82872.945
515210.SH,20220214,1.659,1.64,1.663,1.621,1.631,-0.028,-1.6878,694497.71,113812.764
515210.SH,20220211,1.671,1.67,1.691,1.658,1.659,-0.012,-0.7181,1547565.29,258896.319
515210.SH,20220210,1.669,1.666,1.68,1.654,1.671,0.002,0.1198,625220.94,104400.696
515210.SH,20220209,1.656,1.649,1.671,1.635,1.669,0.013,0.785,792214.0,131587.627
515210.SH,20220208,1.615,1.618,1.659,1.608,1.656,0.041,2.5387,861361.86,140312.6
515210.SH,20220207,1.552,1.566,1.616,1.562,1.615,0.063,4.0593,706212.86,113060.611
515210.SH,20220128,1.57,1.573,1.583,1.52,1.552,-0.018,-1.1465,532863.0,82441.323
515210.SH,20220127,1.598,1.596,1.607,1.566,1.57,-0.028,-1.7522,497116.0,78797.075
515210.SH,20220126,1.584,1.575,1.616,1.572,1.598,0.014,0.8838,781220.0,124282.687
515210.SH,20220125,1.648,1.635,1.649,1.582,1.584,-0.064,-3.8835,610085.0,98324.134
515210.SH,20220124,1.621,1.61,1.656,1.604,1.648,0.027,1.6656,852272.0,139524.055
515210.SH,20220121,1.644,1.634,1.637,1.614,1.621,-0.023,-1.399,786984.0,127682.818
515210.SH,20220120,1.659,1.657,1.684,1.634,1.644,-0.015,-0.9042,962754.4,159208.264
515210.SH,20220119,1.644,1.693,1.713,1.651,1.659,0.015,0.9124,1584231.4,263745.988
515210.SH,20220118,1.62,1.62,1.647,1.617,1.644,0.024,1.4815,554043.0,90602.772
515210.SH,20220117,1.618,1.607,1.626,1.607,1.62,0.002,0.1236,429743.0,69515.673
515210.SH,20220114,1.635,1.629,1.633,1.609,1.618,-0.017,-1.0398,580171.0,94077.727
515210.SH,20220113,1.672,1.668,1.668,1.632,1.635,-0.037,-2.2129,851987.0,140789.982
515210.SH,20220112,1.688,1.682,1.684,1.651,1.672,-0.016,-0.9479,855291.0,142017.201
515210.SH,20220111,1.687,1.687,1.713,1.685,1.688,0.001,0.0593,1331023.1,225957.117
515210.SH,20220110,1.7,1.706,1.711,1.678,1.687,-0.013,-0.7647,967029.0,163539.155
515210.SH,20220107,1.686,1.686,1.72,1.681,1.7,0.014,0.8304,905635.75,154635.831
515210.SH,20220106,1.647,1.64,1.687,1.64,1.686,0.039,2.3679,746920.0,125190.933
515210.SH,20220105,1.675,1.676,1.679,1.64,1.647,-0.028,-1.6716,513194.73,84977.383
515210.SH,20220104,1.663,1.669,1.682,1.666,1.675,0.012,0.7216,573737.98,96076.534
515210.SH,20211231,1.653,1.653,1.667,1.65,1.663,0.01,0.605,379325.0,62971.144
515210.SH,20211230,1.645,1.647,1.661,1.645,1.653,0.008,0.4863,502251.44,83069.417
515210.SH,20211229,1.633,1.636,1.663,1.629,1.645,0.012,0.7348,408986.38,67326.899
515210.SH,20211228,1.619,1.619,1.634,1.611,1.633,0.014,0.8647,1141843.39,185283.782
515210.SH,20211227,1.628,1.622,1.637,1.597,1.619,-0.009,-0.5528,567389.0,91927.359
515210.SH,20211224,1.728,1.728,1.729,1.683,1.688,-0.04,-2.3148,724752.93,122884.082
515210.SH,20211223,1.727,1.73,1.738,1.72,1.728,0.001,0.0579,463025.0,79981.557
515210.SH,20211222,1.749,1.749,1.754,1.723,1.727,-0.022,-1.2579,843101.0,145969.542
515210.SH,20211221,1.724,1.724,1.749,1.683,1.749,0.025,1.4501,582399.19,100860.625
515210.SH,20211220,1.751,1.755,1.766,1.716,1.724,-0.027,-1.542,734542.0,127591.121
515210.SH,20211217,1.757,1.755,1.778,1.75,1.751,-0.006,-0.3415,974797.0,171685.057
515210.SH,20211216,1.699,1.697,1.76,1.696,1.757,0.058,3.4138,1180457.83,205094.678
515210.SH,20211215,1.686,1.688,1.712,1.686,1.699,0.013,0.7711,660881.19,112494.346
515210.SH,20211214,1.72,1.716,1.717,1.683,1.686,-0.034,-1.9767,633297.98,107386.858
515210.SH,20211213,1.718,1.718,1.727,1.711,1.72,0.002,0.1164,576242.91,99042.095
515210.SH,20211210,1.736,1.726,1.737,1.715,1.718,-0.018,-1.0369,632800.98,109159.59
515210.SH,20211209,1.732,1.725,1.76,1.715,1.736,0.004,0.2309,873758.02,151845.244
515210.SH,20211208,1.723,1.72,1.734,1.703,1.732,0.009,0.5223,792232.36,136310.851
515210.SH,20211207,1.711,1.721,1.733,1.68,1.723,0.012,0.7013,1168861.0,199893.693
515210.SH,20211206,1.718,1.719,1.752,1.706,1.711,-0.007,-0.4075,997175.0,172661.132
515210.SH,20211203,1.723,1.72,1.727,1.689,1.718,-0.005,-0.2902,1020405.0,174705.032
515210.SH,20211202,1.699,1.693,1.73,1.683,1.723,0.024,1.4126,914955.0,156168.195
515210.SH,20211201,1.683,1.687,1.699,1.663,1.699,0.016,0.9507,745344.02,125444.4
515210.SH,20211130,1.702,1.703,1.711,1.675,1.683,-0.019,-1.1163,541374.64,91732.038
515210.SH,20211129,1.716,1.69,1.707,1.673,1.702,-0.014,-0.8159,649325.0,109790.177
515210.SH,20211126,1.673,1.666,1.735,1.657,1.716,0.043,2.5702,1104443.3,188430.161
515210.SH,20211125,1.707,1.706,1.707,1.671,1.673,-0.034,-1.9918,746761.0,125678.486
515210.SH,20211124,1.685,1.689,1.716,1.672,1.707,0.022,1.3056,951607.0,161238.376
515210.SH,20211123,1.643,1.647,1.71,1.647,1.685,0.042,2.5563,1493250.0,252016.601
515210.SH,20211122,1.633,1.645,1.65,1.624,1.643,0.01,0.6124,1144474.23,187529.996
515210.SH,20211119,1.609,1.609,1.635,1.59,1.633,0.024,1.4916,998498.23,161080.31
515210.SH,20211118,1.582,1.582,1.62,1.582,1.609,0.027,1.7067,1166293.0,187083.86
515210.SH,20211117,1.553,1.555,1.584,1.554,1.582,0.029,1.8674,812330.0,127920.899
515210.SH,20211116,1.58,1.58,1.591,1.551,1.553,-0.027,-1.7089,856179.0,134542.949
515210.SH,20211115,1.586,1.586,1.586,1.559,1.58,-0.006,-0.3783,725542.0,114186.183
515210.SH,20211112,1.616,1.609,1.62,1.585,1.586,-0.03,-1.8564,920916.92,146997.664
515210.SH,20211111,1.58,1.588,1.621,1.583,1.616,0.036,2.2785,1228460.13,196840.922
515210.SH,20211110,1.584,1.56,1.584,1.535,1.58,-0.004,-0.2525,947417.0,147477.104
515210.SH,20211109,1.586,1.588,1.593,1.57,1.584,-0.002,-0.1261,593033.0,93871.212
515210.SH,20211108,1.554,1.559,1.608,1.559,1.586,0.032,2.0592,997223.0,158249.386
515210.SH,20211105,1.603,1.59,1.6,1.55,1.554,-0.049,-3.0568,1048409.0,164591.606
515210.SH,20211104,1.618,1.617,1.617,1.594,1.603,-0.015,-0.9271,716115.02,114661.971
515210.SH,20211103,1.607,1.606,1.626,1.591,1.618,0.011,0.6845,810015.89,130484.216
515210.SH,20211102,1.678,1.671,1.677,1.589,1.607,-0.071,-4.2312,1096525.0,178496.539
515210.SH,20211101,1.68,1.672,1.69,1.663,1.678,-0.002,-0.119,600336.33,100719.111
515210.SH,20211029,1.663,1.672,1.687,1.658,1.68,0.017,1.0222,733252.0,122550.234
515210.SH,20211028,1.727,1.715,1.72,1.656,1.663,-0.064,-3.7058,977489.33,163912.536
515210.SH,20211027,1.762,1.756,1.763,1.717,1.727,-0.035,-1.9864,1111922.77,192852.7
515210.SH,20211026,1.762,1.761,1.794,1.753,1.762,0.0,0.0,882367.82,156196.375
515210.SH,20211025,1.749,1.745,1.766,1.718,1.762,0.013,0.7433,865527.98,151336.036
515210.SH,20211022,1.818,1.8,1.803,1.746,1.749,-0.069,-3.7954,1376609.0,243535.803
515210.SH,20211021,1.818,1.818,1.856,1.816,1.818,0.0,0.0,1183584.68,217393.569
515210.SH,20211020,1.821,1.789,1.838,1.755,1.818,-0.003,-0.1647,1117693.61,201149.474
515210.SH,20211019,1.806,1.801,1.823,1.777,1.821,0.015,0.8306,1229724.0,221430.862
515210.SH,20211018,1.78,1.777,1.812,1.766,1.806,0.026,1.4607,1329256.54,238636.571
515210.SH,20211015,1.777,1.778,1.785,1.754,1.78,0.003,0.1688,833667.0,147852.058
515210.SH,20211014,1.768,1.771,1.795,1.747,1.777,0.009,0.509,864343.01,153500.29
515210.SH,20211013,1.772,1.761,1.781,1.731,1.768,-0.004,-0.2257,736644.0,129513.599
515210.SH,20211012,1.847,1.839,1.85,1.747,1.772,-0.075,-4.0606,848557.0,152042.824
515210.SH,20211011,1.869,1.872,1.872,1.793,1.847,-0.022,-1.1771,642685.0,117533.816
515210.SH,20211008,1.879,1.913,1.918,1.841,1.869,-0.01,-0.5322,683164.32,127826.84
515210.SH,20210930,1.847,1.848,1.9,1.848,1.879,0.032,1.7325,961335.71,180427.948
515210.SH,20210929,1.958,1.93,1.942,1.839,1.847,-0.111,-5.6691,924175.19,173767.335
515210.SH,20210928,1.952,1.946,1.968,1.906,1.958,0.006,0.3074,839557.32,162746.041
515210.SH,20210927,2.098,2.082,2.082,1.95,1.952,-0.146,-6.959,979977.0,194713.691
515210.SH,20210924,2.212,2.187,2.202,2.074,2.098,-0.114,-5.1537,770574.71,163614.138
515210.SH,20210923,2.18,2.21,2.238,2.156,2.212,0.032,1.4679,923095.48,203483.814
515210.SH,20210922,2.169,2.126,2.181,2.102,2.18,0.011,0.5071,712108.09,152719.713
515210.SH,20210917,2.266,2.244,2.27,2.096,2.169,-0.097,-4.2807,1092801.0,238682.251
515210.SH,20210916,2.277,2.318,2.375,2.258,2.266,-0.011,-0.4831,993278.61,229837.16
515210.SH,20210915,2.277,2.258,2.309,2.251,2.277,0.0,0.0,726053.63,165691.39
515210.SH,20210914,2.361,2.352,2.352,2.268,2.277,-0.084,-3.5578,1023238.33,235012.239
515210.SH,20210913,2.32,2.308,2.387,2.301,2.361,0.041,1.7672,1095768.45,257018.045
515210.SH,20210910,2.392,2.368,2.371,2.307,2.32,-0.072,-3.01,1458939.85,340924.159
515210.SH,20210909,2.251,2.246,2.404,2.244,2.392,0.141,6.2639,1569297.0,365980.77
515210.SH,20210908,2.252,2.24,2.279,2.215,2.251,-0.001,-0.0444,1044587.2,235011.968
515210.SH,20210907,2.155,2.15,2.26,2.13,2.252,0.097,4.5012,1211896.0,267997.38
515210.SH,20210906,2.139,2.139,2.181,2.082,2.155,0.016,0.748,869857.0,185093.741
515210.SH,20210903,2.191,2.182,2.209,2.096,2.139,-0.052,-2.3733,935981.2,201631.553
515210.SH,20210902,2.133,2.109,2.225,2.096,2.191,0.058,2.7192,1247917.3,270737.987
515210.SH,20210901,2.18,2.211,2.275,2.117,2.133,-0.047,-2.156,1348288.37,295205.908
515210.SH,20210831,2.07,2.07,2.186,2.055,2.18,0.11,5.314,827801.57,176410.991
515210.SH,20210830,2.029,2.06,2.077,2.035,2.07,0.041,2.0207,744287.37,153137.291
515210.SH,20210827,2.008,1.992,2.03,1.971,2.029,0.021,1.0458,737478.96,147041.829
515210.SH,20210826,1.945,1.948,2.032,1.948,2.008,0.063,3.2391,909839.21,181785.368
515210.SH,20210825,1.923,1.936,1.949,1.892,1.945,0.022,1.144,582216.0,112091.041
515210.SH,20210824,1.874,1.861,1.939,1.857,1.923,0.049,2.6147,563400.0,107609.179
515210.SH,20210823,1.857,1.857,1.884,1.846,1.874,0.017,0.9155,638017.0,118883.311
515210.SH,20210820,1.833,1.824,1.857,1.805,1.857,0.024,1.3093,632825.0,115869.683
515210.SH,20210819,1.842,1.816,1.839,1.774,1.833,-0.009,-0.4886,523037.0,94589.423
515210.SH,20210818,1.828,1.825,1.858,1.82,1.842,0.014,0.7659,541539.82,99696.186
515210.SH,20210817,1.86,1.863,1.876,1.819,1.828,-0.032,-1.7204,935932.01,172958.011
515210.SH,20210816,1.876,1.876,1.889,1.838,1.86,-0.016,-0.8529,783624.83,146408.357
515210.SH,20210813,1.864,1.85,1.894,1.833,1.876,0.012,0.6438,771330.4,144366.649
515210.SH,20210812,1.817,1.809,1.882,1.785,1.864,0.047,2.5867,1110177.0,205092.921
515210.SH,20210811,1.78,1.798,1.819,1.772,1.817,0.037,2.0787,954887.99,171828.651
515210.SH,20210810,1.776,1.776,1.794,1.761,1.78,0.004,0.2252,665342.0,118271.756
515210.SH,20210809,1.76,1.74,1.781,1.727,1.776,0.016,0.9091,567338.0,99971.763
515210.SH,20210806,1.726,1.727,1.77,1.717,1.76,0.034,1.9699,696264.0,122025.344
515210.SH,20210805,1.738,1.736,1.737,1.703,1.726,-0.012,-0.6904,623748.0,107241.431
515210.SH,20210804,1.668,1.684,1.744,1.677,1.738,0.07,4.1966,912123.0,155946.551
515210.SH,20210803,1.733,1.718,1.733,1.66,1.668,-0.065,-3.7507,707457.0,119451.978
515210.SH,20210802,1.823,1.762,1.773,1.697,1.733,-0.09,-4.9369,1333703.0,230249.209
515210.SH,20210730,1.757,1.743,1.836,1.735,1.823,0.066,3.7564,1286988.0,229589.703
515210.SH,20210729,1.676,1.687,1.77,1.685,1.757,0.081,4.8329,713866.47,122180.648
515210.SH,20210728,1.709,1.681,1.713,1.625,1.676,-0.033,-1.931,892167.0,149418.56
515210.SH,20210727,1.79,1.786,1.829,1.707,1.709,-0.081,-4.5251,962300.0,171418.605
515210.SH,20210726,1.83,1.83,1.842,1.75,1.79,-0.04,-2.1858,800362.0,143780.746
515210.SH,20210723,1.8,1.816,1.884,1.805,1.83,0.03,1.6667,1126560.5,207476.326
515210.SH,20210722,1.71,1.708,1.808,1.701,1.8,0.09,5.2632,1110318.0,196071.494
515210.SH,20210721,1.666,1.668,1.71,1.661,1.71,0.044,2.6411,716674.0,121232.453
515210.SH,20210720,1.693,1.666,1.674,1.639,1.666,-0.027,-1.5948,653876.24,108469.968
515210.SH,20210719,1.727,1.728,1.745,1.689,1.693,-0.034,-1.9687,698435.0,119664.468
515210.SH,20210716,1.714,1.712,1.755,1.69,1.727,0.013,0.7585,930104.5,161220.932
515210.SH,20210715,1.635,1.617,1.725,1.617,1.714,0.079,4.8318,972165.0,162770.114
515210.SH,20210714,1.66,1.661,1.687,1.627,1.635,-0.025,-1.506,743081.0,123027.736
515210.SH,20210713,1.631,1.623,1.668,1.604,1.66,0.029,1.7781,954570.0,156552.842
515210.SH,20210712,1.615,1.625,1.683,1.62,1.631,0.016,0.9907,905068.0,149268.117
515210.SH,20210709,1.568,1.547,1.618,1.528,1.615,0.047,2.9974,828017.0,131118.582
515210.SH,20210708,1.589,1.595,1.598,1.561,1.568,-0.021,-1.3216,562094.0,88522.654
515210.SH,20210707,1.543,1.532,1.59,1.529,1.589,0.046,2.9812,642041.4,100641.399
515210.SH,20210706,1.554,1.56,1.569,1.527,1.543,-0.011,-0.7079,539772.0,83837.256
515210.SH,20210705,1.548,1.547,1.561,1.543,1.554,0.006,0.3876,476784.0,74051.587
515210.SH,20210702,1.547,1.545,1.554,1.524,1.548,0.001,0.0646,497453.0,76820.769
515210.SH,20210701,1.548,1.565,1.573,1.545,1.547,-0.001,-0.0646,463901.0,72368.532
515210.SH,20210630,1.543,1.544,1.562,1.543,1.548,0.005,0.324,409532.4,63520.431
515210.SH,20210629,1.568,1.568,1.57,1.542,1.543,-0.025,-1.5944,426237.0,66186.494
515210.SH,20210628,1.583,1.573,1.575,1.559,1.568,-0.015,-0.9476,662198.0,103696.572
515210.SH,20210625,1.545,1.545,1.585,1.541,1.583,0.038,2.4595,801236.0,125211.249
515210.SH,20210624,1.541,1.537,1.55,1.521,1.545,0.004,0.2596,679385.4,104595.492
515210.SH,20210623,1.53,1.531,1.55,1.519,1.541,0.011,0.719,654164.0,100388.702
515210.SH,20210622,1.543,1.538,1.538,1.517,1.53,-0.013,-0.8425,496391.0,75816.678
515210.SH,20210621,1.505,1.519,1.55,1.519,1.543,0.038,2.5249,700061.0,107626.954
515210.SH,20210618,1.509,1.506,1.51,1.479,1.505,-0.004,-0.2651,546868.0,81916.07
515210.SH,20210617,1.525,1.52,1.531,1.503,1.509,-0.016,-1.0492,634128.0,96057.284
515210.SH,20210616,1.554,1.545,1.567,1.517,1.525,-0.029,-1.8662,615990.6,94794.573
515210.SH,20210615,1.599,1.597,1.597,1.547,1.554,-0.045,-2.8143,587371.0,91746.933
515210.SH,20210611,1.582,1.592,1.609,1.578,1.599,0.017,1.0746,900299.0,143449.051
515210.SH,20210610,1.565,1.565,1.594,1.551,1.582,0.017,1.0863,856869.0,134787.542
515210.SH,20210609,1.538,1.535,1.577,1.535,1.565,0.027,1.7555,1058030.0,165352.644
515210.SH,20210608,1.534,1.527,1.549,1.52,1.538,0.004,0.2608,620662.0,95228.894
515210.SH,20210607,1.554,1.54,1.557,1.53,1.534,-0.02,-1.287,635510.0,97694.232
515210.SH,20210604,1.583,1.563,1.566,1.542,1.554,-0.029,-1.832,697456.0,108310.685
515210.SH,20210603,1.536,1.531,1.602,1.531,1.583,0.047,3.0599,1406885.0,221069.892
515210.SH,20210602,1.568,1.561,1.564,1.535,1.536,-0.032,-2.0408,840777.0,130227.944
515210.SH,20210601,1.559,1.549,1.57,1.51,1.568,0.009,0.5773,1410720.0,217214.963
515210.SH,20210531,1.558,1.569,1.575,1.548,1.559,0.001,0.0642,806682.0,125570.489
515210.SH,20210528,1.565,1.595,1.6,1.554,1.558,-0.007,-0.4473,983435.5,155271.832
515210.SH,20210527,1.553,1.548,1.566,1.546,1.565,0.012,0.7727,790211.0,123171.903
515210.SH,20210526,1.557,1.543,1.568,1.534,1.553,-0.004,-0.2569,678336.0,105227.735
515210.SH,20210525,1.547,1.547,1.559,1.522,1.557,0.01,0.6464,927599.0,143284.829
515210.SH,20210524,1.572,1.542,1.563,1.526,1.547,-0.025,-1.5903,715486.0,110451.991
515210.SH,20210521,1.54,1.536,1.586,1.532,1.572,0.032,2.0779,1072810.0,167544.535
515210.SH,20210520,1.614,1.54,1.557,1.51,1.54,-0.074,-4.5849,1162562.0,177880.616
515210.SH,20210519,1.645,1.624,1.624,1.593,1.614,-0.031,-1.8845,851275.0,136853.67
515210.SH,20210518,1.627,1.643,1.651,1.63,1.645,0.018,1.1063,994192.0,163220.739
515210.SH,20210517,1.635,1.634,1.641,1.598,1.627,-0.008,-0.4893,891270.0,144443.288
515210.SH,20210514,1.641,1.63,1.656,1.602,1.635,-0.006,-0.3656,778237.0,126412.165
515210.SH,20210513,1.735,1.686,1.705,1.629,1.641,-0.094,-5.4179,860400.0,142753.1
515210.SH,20210512,1.709,1.699,1.753,1.696,1.735,0.026,1.5214,749731.0,129454.901
515210.SH,20210511,1.782,1.74,1.742,1.679,1.709,-0.073,-4.0965,1087794.0,186417.753
515210.SH,20210510,1.693,1.745,1.79,1.705,1.782,0.089,5.2569,1106075.37,193638.039
515210.SH,20210507,1.658,1.695,1.715,1.649,1.693,0.035,2.111,799074.0,134792.902
515210.SH,20210506,1.558,1.582,1.666,1.582,1.658,0.1,6.4185,781733.0,127450.816
515210.SH,20210430,1.575,1.559,1.581,1.55,1.558,-0.017,-1.0794,371877.0,58125.46
515210.SH,20210429,1.587,1.586,1.586,1.541,1.575,-0.012,-0.7561,515215.0,80482.051
515210.SH,20210428,1.576,1.56,1.59,1.554,1.587,0.011,0.698,453908.0,71661.187
515210.SH,20210427,1.586,1.569,1.595,1.543,1.576,-0.01,-0.6305,598020.0,93652.001
515210.SH,20210426,1.605,1.624,1.637,1.583,1.586,-0.019,-1.1838,540085.0,87132.068
515210.SH,20210423,1.577,1.574,1.608,1.553,1.605,0.028,1.7755,598196.0,95155.399
515210.SH,20210422,1.543,1.547,1.599,1.547,1.577,0.034,2.2035,616735.0,97802.818
515210.SH,20210421,1.587,1.573,1.58,1.529,1.543,-0.044,-2.7725,507053.0,78331.228
515210.SH,20210420,1.57,1.564,1.592,1.561,1.587,0.017,1.0828,750025.0,118518.02
515210.SH,20210419,1.579,1.574,1.586,1.546,1.57,-0.009,-0.57,935011.0,146624.09
515210.SH,20210416,1.575,1.575,1.595,1.565,1.579,0.004,0.254,759090.0,120022.196
515210.SH,20210415,1.587,1.58,1.59,1.557,1.575,-0.012,-0.7561,688983.0,108039.812
515210.SH,20210414,1.56,1.54,1.608,1.535,1.587,0.027,1.7308,735611.0,115465.762
515210.SH,20210413,1.593,1.585,1.585,1.533,1.56,-0.033,-2.0716,586093.0,91362.917
515210.SH,20210412,1.573,1.568,1.608,1.547,1.593,0.02,1.2715,901954.0,143359.666
515210.SH,20210409,1.552,1.576,1.58,1.535,1.573,0.021,1.3531,679205.0,106096.858
515210.SH,20210408,1.54,1.54,1.604,1.534,1.552,0.012,0.7792,1340309.0,210214.665
515210.SH,20210407,1.47,1.459,1.543,1.454,1.54,0.07,4.7619,745749.0,111821.414
515210.SH,20210406,1.448,1.457,1.492,1.457,1.47,0.022,1.5193,603272.0,89098.379
515210.SH,20210402,1.477,1.475,1.475,1.442,1.448,-0.029,-1.9634,547288.0,79509.966
515210.SH,20210401,1.429,1.427,1.488,1.411,1.477,0.048,3.359,510260.0,73669.123
515210.SH,20210331,1.441,1.439,1.447,1.413,1.429,-0.012,-0.8328,316492.0,45218.471
515210.SH,20210330,1.432,1.422,1.442,1.401,1.441,0.009,0.6285,397049.0,56455.924
515210.SH,20210329,1.417,1.425,1.446,1.407,1.432,0.015,1.0586,391389.0,55900.707
515210.SH,20210326,1.39,1.387,1.418,1.387,1.417,0.027,1.9424,433846.0,60810.17
515210.SH,20210325,1.378,1.378,1.406,1.373,1.39,0.012,0.8708,380100.0,53035.999
515210.SH,20210324,1.443,1.424,1.424,1.373,1.378,-0.065,-4.5045,499877.0,69706.002
515210.SH,20210323,1.499,1.499,1.499,1.43,1.443,-0.056,-3.7358,417143.0,60400.586
515210.SH,20210322,1.489,1.502,1.532,1.485,1.499,0.01,0.6716,440747.0,66433.516
515210.SH,20210319,1.5,1.472,1.505,1.465,1.489,-0.011,-0.7333,415497.0,61744.322
515210.SH,20210318,1.487,1.486,1.523,1.48,1.5,0.013,0.8742,608378.0,91292.213
515210.SH,20210317,1.507,1.494,1.5,1.459,1.487,-0.02,-1.3271,521531.0,76945.261
515210.SH,20210316,1.53,1.507,1.519,1.477,1.507,-0.023,-1.5033,562762.0,84293.08
515210.SH,20210315,1.507,1.505,1.566,1.501,1.53,0.023,1.5262,805640.37,123553.363
515210.SH,20210312,1.502,1.518,1.53,1.487,1.507,0.005,0.3329,865345.0,130478.282
515210.SH,20210311,1.43,1.428,1.509,1.408,1.502,0.072,5.035,730880.0,107757.679
515210.SH,20210310,1.459,1.44,1.471,1.411,1.43,-0.029,-1.9877,520613.0,74858.809
515210.SH,20210309,1.444,1.42,1.517,1.393,1.459,0.015,1.0388,749574.0,109633.77
515210.SH,20210308,1.451,1.462,1.514,1.438,1.444,-0.007,-0.4824,486689.0,71619.912
515210.SH,20210305,1.546,1.495,1.495,1.438,1.451,-0.095,-6.1449,522496.0,76105.698
515210.SH,20210304,1.498,1.491,1.56,1.48,1.546,0.048,3.2043,739542.0,112579.316
515210.SH,20210303,1.389,1.39,1.501,1.39,1.498,0.109,7.8474,503843.0,73782.833
515210.SH,20210302,1.406,1.412,1.429,1.383,1.389,-0.017,-1.2091,410981.0,57691.056
515210.SH,20210301,1.337,1.344,1.41,1.338,1.406,0.069,5.1608,418150.0,57317.347
515210.SH,20210226,1.373,1.335,1.363,1.236,1.337,-0.036,-2.622,303778.0,40783.714
515210.SH,20210225,1.357,1.372,1.394,1.366,1.373,0.016,1.1791,425254.0,58683.888
515210.SH,20210224,1.391,1.378,1.396,1.348,1.357,-0.034,-2.4443,329136.0,44961.774
515210.SH,20210223,1.413,1.409,1.412,1.369,1.391,-0.022,-1.557,419686.0,58203.769
515210.SH,20210222,1.326,1.337,1.423,1.337,1.413,0.087,6.5611,481932.0,67137.867
515210.SH,20210219,1.328,1.31,1.327,1.303,1.326,-0.002,-0.1506,364229.0,47932.147
515210.SH,20210218,1.259,1.286,1.338,1.284,1.328,0.069,5.4805,415395.0,54011.619
515210.SH,20210210,1.25,1.249,1.261,1.236,1.259,0.009,0.72,281261.0,35112.732
515210.SH,20210209,1.232,1.229,1.254,1.224,1.25,0.018,1.461,289713.0,35884.367
515210.SH,20210208,1.238,1.232,1.237,1.219,1.232,-0.006,-0.4847,240214.0,29512.674
515210.SH,20210205,1.246,1.233,1.245,1.229,1.238,-0.008,-0.6421,278878.0,34471.024
515210.SH,20210204,1.261,1.259,1.259,1.228,1.246,-0.015,-1.1895,329711.0,40801.443
515210.SH,20210203,1.242,1.24,1.263,1.225,1.261,0.019,1.5298,408875.0,50923.775
515210.SH,20210202,1.232,1.231,1.244,1.225,1.242,0.01,0.8117,330178.0,40648.165
515210.SH,20210201,1.229,1.223,1.234,1.223,1.232,0.003,0.2441,295232.0,36262.329
515210.SH,20210129,1.248,1.253,1.254,1.217,1.229,-0.019,-1.5224,322547.0,39931.882
515210.SH,20210128,1.272,1.261,1.264,1.244,1.248,-0.024,-1.8868,380934.0,47772.093
515210.SH,20210127,1.27,1.269,1.281,1.262,1.272,0.002,0.1575,305697.0,38836.48
515210.SH,20210126,1.265,1.251,1.282,1.251,1.27,0.005,0.3953,358253.0,45427.569
515210.SH,20210125,1.274,1.275,1.281,1.258,1.265,-0.009,-0.7064,382247.0,48515.953
515210.SH,20210122,1.292,1.284,1.286,1.268,1.274,-0.018,-1.3932,362978.0,46264.533
515210.SH,20210121,1.29,1.275,1.301,1.273,1.292,0.002,0.155,451533.0,58199.399
515210.SH,20210120,1.25,1.257,1.29,1.257,1.29,0.04,3.2,584590.0,74810.802
515210.SH,20210119,1.259,1.256,1.259,1.245,1.25,-0.009,-0.7149,361007.0,45190.413
515210.SH,20210118,1.256,1.245,1.263,1.24,1.259,0.003,0.2389,402989.0,50524.81
515210.SH,20210115,1.271,1.264,1.266,1.237,1.256,-0.015,-1.1802,407096.0,51004.989
515210.SH,20210114,1.247,1.243,1.273,1.236,1.271,0.024,1.9246,482902.0,60698.146
515210.SH,20210113,1.247,1.247,1.254,1.24,1.247,0.0,0.0,347517.0,43324.392
515210.SH,20210112,1.232,1.23,1.249,1.221,1.247,0.015,1.2175,335443.0,41388.469
515210.SH,20210111,1.272,1.268,1.269,1.228,1.232,-0.04,-3.1447,391673.0,48913.586
515210.SH,20210108,1.267,1.257,1.273,1.236,1.272,0.005,0.3946,419929.0,52812.911
515210.SH,20210107,1.241,1.248,1.277,1.235,1.267,0.026,2.0951,496402.0,62455.969
515210.SH,20210106,1.242,1.24,1.247,1.225,1.241,-0.001,-0.0805,377034.0,46473.9
515210.SH,20210105,1.254,1.245,1.247,1.221,1.242,-0.012,-0.9569,428410.0,52833.232
515210.SH,20210104,1.233,1.232,1.258,1.225,1.254,0.021,1.7032,404099.0,50246.639
