ts_code,trade_date,pre_close,open,high,low,close,change,pct_chg,vol,amount
512480.SH,20260508,1.949,1.908,1.918,1.879,1.902,-0.047,-2.4115,8513916.11,1617900.148
512480.SH,20260507,1.913,1.93,1.955,1.903,1.949,0.036,1.8819,8124785.72,1566590.591
512480.SH,20260506,1.817,1.893,1.983,1.89,1.913,0.096,5.2834,10695164.95,2074942.49
512480.SH,20260430,1.732,1.751,1.829,1.747,1.817,0.085,4.9076,12900460.34,2308150.758
512480.SH,20260429,1.735,1.713,1.735,1.678,1.732,-0.003,-0.1729,8347152.29,1428440.288
512480.SH,20260428,1.755,1.745,1.782,1.723,1.735,-0.02,-1.1396,7513621.48,1315600.78
512480.SH,20260427,1.677,1.703,1.764,1.695,1.755,0.078,4.6512,12107588.8,2096512.673
512480.SH,20260424,1.648,1.652,1.696,1.637,1.677,0.029,1.7597,11744618.38,1960086.342
512480.SH,20260423,1.677,1.692,1.695,1.634,1.648,-0.029,-1.7293,9387022.65,1562235.481
512480.SH,20260422,1.635,1.625,1.678,1.625,1.677,0.042,2.5688,10113763.37,1672879.495
512480.SH,20260421,1.653,1.648,1.649,1.609,1.635,-0.018,-1.0889,6632696.0,1078879.284
512480.SH,20260420,1.628,1.629,1.658,1.627,1.653,0.025,1.5356,6837801.01,1126335.652
512480.SH,20260417,1.62,1.614,1.641,1.608,1.628,0.008,0.4938,6187050.61,1006981.127
512480.SH,20260416,1.598,1.596,1.621,1.588,1.62,0.022,1.3767,6878260.33,1106117.703
512480.SH,20260415,1.608,1.621,1.634,1.59,1.598,-0.01,-0.6219,7797838.18,1260029.004
512480.SH,20260414,1.566,1.59,1.616,1.587,1.608,0.042,2.682,8288640.57,1327792.918
512480.SH,20260413,1.561,1.548,1.595,1.548,1.566,0.005,0.3203,6822983.37,1074530.381
512480.SH,20260410,1.532,1.556,1.58,1.555,1.561,0.029,1.893,7789697.0,1220774.124
512480.SH,20260409,1.531,1.513,1.55,1.505,1.532,0.001,0.0653,8052903.08,1232859.13
512480.SH,20260408,1.437,1.482,1.533,1.482,1.531,0.094,6.5414,10290859.16,1547562.545
512480.SH,20260407,1.413,1.417,1.45,1.417,1.437,0.024,1.6985,6988137.16,1006351.157
512480.SH,20260403,1.413,1.42,1.43,1.408,1.413,0.0,0.0,5175092.0,734618.691
512480.SH,20260402,1.458,1.453,1.455,1.404,1.413,-0.045,-3.0864,7711924.0,1097787.743
512480.SH,20260401,1.415,1.455,1.466,1.442,1.458,0.043,3.0389,8851075.12,1287610.527
512480.SH,20260331,1.467,1.455,1.46,1.413,1.415,-0.052,-3.5446,8498197.53,1217722.461
512480.SH,20260330,1.468,1.44,1.473,1.433,1.467,-0.001,-0.0681,6281802.17,912040.899
512480.SH,20260327,1.453,1.428,1.479,1.421,1.468,0.015,1.0323,6244796.35,908084.504
512480.SH,20260326,1.49,1.48,1.485,1.449,1.453,-0.037,-2.4832,6597208.28,966434.806
512480.SH,20260325,1.451,1.46,1.506,1.46,1.49,0.039,2.6878,10158227.07,1513447.695
512480.SH,20260324,1.425,1.447,1.454,1.401,1.451,0.026,1.8246,9107576.79,1301760.882
512480.SH,20260323,1.501,1.46,1.48,1.416,1.425,-0.076,-5.0633,11882615.16,1722477.769
512480.SH,20260320,1.527,1.533,1.538,1.5,1.501,-0.026,-1.7027,8226738.62,1253127.647
512480.SH,20260319,1.568,1.54,1.545,1.52,1.527,-0.041,-2.6148,9605428.09,1471208.68
512480.SH,20260318,1.534,1.543,1.571,1.536,1.568,0.034,2.2164,8549739.16,1329704.253
512480.SH,20260317,1.577,1.578,1.579,1.531,1.534,-0.043,-2.7267,7716085.91,1199539.555
512480.SH,20260316,1.544,1.539,1.581,1.514,1.577,0.033,2.1373,10626385.58,1646849.249
512480.SH,20260313,1.555,1.542,1.572,1.531,1.544,-0.011,-0.7074,6808668.16,1054020.19
512480.SH,20260312,1.577,1.571,1.592,1.542,1.555,-0.022,-1.3951,7211407.88,1126910.096
512480.SH,20260311,1.595,1.595,1.609,1.575,1.577,-0.018,-1.1285,7266901.6,1152860.062
512480.SH,20260310,1.554,1.586,1.599,1.574,1.595,0.041,2.6384,7886919.67,1254697.733
512480.SH,20260309,1.586,1.549,1.563,1.504,1.554,-0.032,-2.0177,9810226.39,1498242.731
512480.SH,20260306,1.586,1.569,1.602,1.569,1.586,0.0,0.0,5632987.11,894957.456
512480.SH,20260305,1.559,1.595,1.611,1.574,1.586,0.027,1.7319,9219535.39,1469911.591
512480.SH,20260304,1.559,1.542,1.59,1.542,1.559,0.0,0.0,9872893.73,1545404.68
512480.SH,20260303,1.655,1.657,1.665,1.555,1.559,-0.096,-5.8006,13466368.96,2147203.296
512480.SH,20260302,1.685,1.65,1.683,1.648,1.655,-0.03,-1.7804,7357657.72,1223053.805
512480.SH,20260227,1.699,1.673,1.691,1.657,1.685,-0.014,-0.824,7130867.8,1192755.419
512480.SH,20260226,1.675,1.675,1.71,1.655,1.699,0.024,1.4328,7972492.03,1341602.777
512480.SH,20260225,1.661,1.664,1.683,1.637,1.675,0.014,0.8429,8759857.81,1456318.426
512480.SH,20260224,1.655,1.677,1.678,1.635,1.661,0.006,0.3625,5788507.33,959109.815
512480.SH,20260213,1.652,1.642,1.676,1.637,1.655,0.003,0.1816,7231725.83,1203366.624
512480.SH,20260212,1.617,1.627,1.654,1.62,1.652,0.035,2.1645,6963868.45,1140537.358
512480.SH,20260211,1.636,1.622,1.631,1.608,1.617,-0.019,-1.1614,5384602.89,871648.106
512480.SH,20260210,1.628,1.632,1.657,1.628,1.636,0.008,0.4914,6386633.32,1047112.106
512480.SH,20260209,1.577,1.609,1.629,1.596,1.628,0.051,3.234,9454882.06,1526810.93
512480.SH,20260206,1.591,1.568,1.597,1.56,1.577,-0.014,-0.8799,8384436.31,1324268.548
512480.SH,20260205,1.608,1.58,1.598,1.559,1.591,-0.017,-1.0572,10236926.1,1613709.734
512480.SH,20260204,1.642,1.616,1.619,1.585,1.608,-0.034,-2.0706,9993004.3,1600383.718
512480.SH,20260203,1.618,1.649,1.653,1.601,1.642,0.024,1.4833,9294591.65,1517015.213
512480.SH,20260202,1.711,1.682,1.695,1.613,1.618,-0.093,-5.4354,14744126.23,2426779.641
512480.SH,20260130,1.694,1.686,1.728,1.653,1.711,0.017,1.0035,10597615.76,1796289.39
512480.SH,20260129,1.764,1.763,1.766,1.69,1.694,-0.07,-3.9683,12761855.78,2196828.82
512480.SH,20260128,1.744,1.754,1.785,1.74,1.764,0.02,1.1468,10506696.08,1852506.849
512480.SH,20260127,1.698,1.69,1.75,1.672,1.744,0.046,2.7091,9918714.39,1703749.554
512480.SH,20260126,1.738,1.735,1.75,1.69,1.698,-0.04,-2.3015,9961460.63,1699627.414
512480.SH,20260123,1.735,1.721,1.74,1.704,1.738,0.003,0.1729,8719854.6,1500380.606
512480.SH,20260122,1.746,1.781,1.787,1.72,1.735,-0.011,-0.63,9646671.64,1678336.997
512480.SH,20260121,1.682,1.671,1.754,1.67,1.746,0.064,3.805,12527428.81,2172315.608
512480.SH,20260120,1.694,1.685,1.717,1.668,1.682,-0.012,-0.7084,8677224.48,1464412.756
512480.SH,20260119,1.702,1.706,1.71,1.685,1.694,-0.008,-0.47,9361344.02,1588881.518
512480.SH,20260116,1.649,1.672,1.717,1.66,1.702,0.053,3.2141,13113620.65,2211529.787
512480.SH,20260115,1.617,1.602,1.65,1.594,1.649,0.032,1.979,10045465.02,1628546.42
512480.SH,20260114,1.593,1.593,1.645,1.593,1.617,0.024,1.5066,10945757.28,1773071.809
512480.SH,20260113,1.646,1.64,1.65,1.58,1.593,-0.053,-3.2199,10424241.02,1678452.773
512480.SH,20260112,1.618,1.624,1.648,1.612,1.646,0.028,1.7305,8059671.2,1318019.466
512480.SH,20260109,1.607,1.592,1.619,1.578,1.618,0.011,0.6845,9438237.91,1512390.761
512480.SH,20260108,1.603,1.592,1.638,1.592,1.607,0.004,0.2495,10422723.69,1684123.691
512480.SH,20260107,1.563,1.594,1.612,1.579,1.603,0.04,2.5592,12614903.93,2010665.705
512480.SH,20260106,1.53,1.53,1.577,1.525,1.563,0.033,2.1569,10069917.76,1566639.494
512480.SH,20260105,1.464,1.483,1.53,1.482,1.53,0.066,4.5082,11862555.56,1793104.036
512480.SH,20251231,1.486,1.494,1.499,1.461,1.464,-0.022,-1.4805,8350244.71,1231031.316
512480.SH,20251230,1.466,1.463,1.496,1.463,1.486,0.02,1.3643,9578274.76,1422373.811
512480.SH,20251229,1.465,1.462,1.486,1.458,1.466,0.001,0.0683,11104644.28,1635115.234
512480.SH,20251226,1.471,1.466,1.482,1.456,1.465,-0.006,-0.4079,6807965.71,999338.574
512480.SH,20251225,1.472,1.472,1.482,1.457,1.471,-0.001,-0.0679,7029329.53,1033179.836
512480.SH,20251224,1.45,1.455,1.473,1.446,1.472,0.022,1.5172,8161549.94,1193367.079
512480.SH,20251223,1.436,1.434,1.46,1.432,1.45,0.014,0.9749,9393226.25,1363430.178
512480.SH,20251222,1.398,1.402,1.44,1.402,1.436,0.038,2.7182,9125728.3,1303444.174
512480.SH,20251219,1.401,1.412,1.417,1.395,1.398,-0.003,-0.2141,6571844.69,922724.055
512480.SH,20251218,1.412,1.398,1.416,1.395,1.401,-0.011,-0.779,5974337.53,840054.759
512480.SH,20251217,1.382,1.38,1.416,1.371,1.412,0.03,2.1708,8543608.68,1191092.914
512480.SH,20251216,1.407,1.401,1.41,1.371,1.382,-0.025,-1.7768,7702526.75,1069224.068
512480.SH,20251215,1.44,1.423,1.44,1.406,1.407,-0.033,-2.2917,6518750.86,926255.664
512480.SH,20251212,1.415,1.414,1.445,1.396,1.44,0.025,1.7668,8826665.39,1257368.72
512480.SH,20251211,1.438,1.441,1.445,1.415,1.415,-0.023,-1.5994,5126399.43,732310.523
512480.SH,20251210,1.436,1.423,1.443,1.406,1.438,0.002,0.1393,6816988.33,970604.317
512480.SH,20251209,1.441,1.431,1.45,1.426,1.436,-0.005,-0.347,6963217.85,1000870.649
512480.SH,20251208,1.406,1.407,1.452,1.406,1.441,0.035,2.4893,10296431.37,1474028.853
512480.SH,20251205,1.411,1.404,1.412,1.383,1.406,-0.005,-0.3544,8191308.91,1147140.888
512480.SH,20251204,1.384,1.381,1.412,1.366,1.411,0.027,1.9509,8412544.16,1172053.459
512480.SH,20251203,1.396,1.395,1.404,1.378,1.384,-0.012,-0.8596,5081334.0,706487.268
512480.SH,20251202,1.416,1.413,1.417,1.391,1.396,-0.02,-1.4124,6014194.88,843378.541
512480.SH,20251201,1.391,1.393,1.417,1.376,1.416,0.025,1.7973,8900563.07,1246801.59
512480.SH,20251128,1.375,1.368,1.395,1.361,1.391,0.016,1.1636,7164560.61,990075.997
512480.SH,20251127,1.369,1.378,1.416,1.371,1.375,0.006,0.4383,10226410.44,1426150.487
512480.SH,20251126,1.347,1.339,1.38,1.335,1.369,0.022,1.6333,11000406.68,1503272.908
512480.SH,20251125,1.333,1.348,1.369,1.341,1.347,0.014,1.0503,9870031.59,1334623.265
512480.SH,20251124,1.322,1.326,1.345,1.306,1.333,0.011,0.8321,9081603.92,1203215.257
512480.SH,20251121,1.379,1.351,1.358,1.32,1.322,-0.057,-4.1334,11972741.93,1601253.386
512480.SH,20251120,1.398,1.417,1.42,1.376,1.379,-0.019,-1.3591,8396533.91,1167160.41
512480.SH,20251119,1.411,1.404,1.42,1.391,1.398,-0.013,-0.9213,7924058.06,1112813.086
512480.SH,20251118,1.397,1.393,1.43,1.391,1.411,0.014,1.0021,10303592.25,1457784.662
512480.SH,20251117,1.4,1.398,1.425,1.389,1.397,-0.003,-0.2143,7749872.43,1087703.157
512480.SH,20251114,1.447,1.423,1.43,1.398,1.4,-0.047,-3.2481,10926467.44,1542319.93
512480.SH,20251113,1.422,1.415,1.452,1.415,1.447,0.025,1.7581,9920983.91,1426461.484
512480.SH,20251112,1.429,1.416,1.434,1.4,1.422,-0.007,-0.4899,8621229.49,1220526.379
512480.SH,20251111,1.453,1.46,1.472,1.425,1.429,-0.024,-1.6518,9389667.83,1355248.974
512480.SH,20251110,1.461,1.465,1.479,1.43,1.453,-0.008,-0.5476,8681389.46,1259512.245
512480.SH,20251107,1.48,1.461,1.478,1.453,1.461,-0.019,-1.2838,7856129.08,1150111.744
512480.SH,20251106,1.424,1.445,1.484,1.441,1.48,0.056,3.9326,13761301.68,2014096.38
512480.SH,20251105,1.436,1.404,1.434,1.401,1.424,-0.012,-0.8357,10715310.27,1515474.1
512480.SH,20251104,1.452,1.454,1.467,1.427,1.436,-0.016,-1.1019,10035616.02,1451408.21
512480.SH,20251103,1.465,1.446,1.453,1.412,1.452,-0.013,-0.8874,12595510.38,1806622.506
512480.SH,20251031,1.52,1.513,1.515,1.463,1.465,-0.055,-3.6184,15887787.65,2347932.582
512480.SH,20251030,1.555,1.554,1.556,1.518,1.52,-0.035,-2.2508,11291542.38,1733368.125
512480.SH,20251029,1.551,1.545,1.573,1.531,1.555,0.004,0.2579,13284605.94,2056110.105
512480.SH,20251028,1.565,1.548,1.576,1.538,1.551,-0.014,-0.8946,10846654.69,1689124.281
512480.SH,20251027,1.528,1.561,1.57,1.527,1.565,0.037,2.4215,18652236.29,2894609.525
512480.SH,20251024,1.455,1.474,1.534,1.47,1.528,0.073,5.0172,17162108.34,2584714.008
512480.SH,20251023,1.467,1.454,1.459,1.428,1.455,-0.012,-0.818,8872190.79,1278333.613
512480.SH,20251022,1.473,1.456,1.489,1.436,1.467,-0.006,-0.4073,9016534.62,1317894.162
512480.SH,20251021,1.433,1.441,1.476,1.431,1.473,0.04,2.7913,12153158.77,1772186.607
512480.SH,20251020,1.423,1.448,1.468,1.42,1.433,0.01,0.7027,10963060.32,1584809.447
512480.SH,20251017,1.484,1.472,1.48,1.42,1.423,-0.061,-4.1105,13682081.85,1974300.553
512480.SH,20251016,1.492,1.482,1.516,1.474,1.484,-0.008,-0.5362,8927763.99,1332395.994
512480.SH,20251015,1.47,1.469,1.493,1.445,1.492,0.022,1.4966,12302747.81,1809383.256
512480.SH,20251014,1.557,1.57,1.574,1.457,1.47,-0.087,-5.5877,20174964.01,3039774.6
512480.SH,20251013,1.524,1.459,1.558,1.459,1.557,0.033,2.1654,17175670.12,2629779.392
512480.SH,20251010,1.621,1.589,1.595,1.512,1.524,-0.097,-5.984,19449109.91,3004801.418
512480.SH,20251009,1.576,1.608,1.675,1.601,1.621,0.045,2.8553,14215225.15,2324809.577
512480.SH,20250930,1.54,1.56,1.59,1.548,1.576,0.036,2.3377,12306827.16,1937616.626
512480.SH,20250929,1.523,1.521,1.542,1.493,1.54,0.017,1.1162,10263335.38,1561133.93
512480.SH,20250926,1.546,1.531,1.562,1.517,1.523,-0.023,-1.4877,12136363.5,1868817.735
512480.SH,20250925,1.543,1.537,1.56,1.517,1.546,0.003,0.1944,13293726.6,2048550.718
512480.SH,20250924,1.467,1.458,1.568,1.457,1.543,0.076,5.1806,16845718.87,2558284.949
512480.SH,20250923,1.462,1.465,1.476,1.42,1.467,0.005,0.342,13608900.04,1968962.472
512480.SH,20250922,1.409,1.401,1.475,1.394,1.462,0.053,3.7615,13893344.46,2004650.199
512480.SH,20250919,1.426,1.429,1.45,1.402,1.409,-0.017,-1.1921,12054083.88,1718901.75
512480.SH,20250918,1.408,1.424,1.488,1.393,1.426,0.018,1.2784,23169092.08,3333558.96
512480.SH,20250917,1.387,1.384,1.42,1.364,1.408,0.021,1.5141,11284959.12,1578708.925
512480.SH,20250916,1.374,1.376,1.402,1.374,1.387,0.013,0.9461,11301521.56,1569921.424
512480.SH,20250915,1.366,1.414,1.415,1.365,1.374,0.008,0.5857,13155720.48,1819130.737
512480.SH,20250912,1.341,1.341,1.391,1.333,1.366,0.025,1.8643,14955081.76,2045816.366
512480.SH,20250911,1.264,1.26,1.344,1.251,1.341,0.077,6.0918,17983717.02,2359821.85
512480.SH,20250910,1.247,1.256,1.278,1.25,1.264,0.017,1.3633,10115755.94,1280245.029
512480.SH,20250909,1.277,1.264,1.276,1.242,1.247,-0.03,-2.3493,9173547.18,1153273.655
512480.SH,20250908,1.277,1.276,1.281,1.25,1.277,0.0,0.0,10798803.77,1369384.929
512480.SH,20250905,1.234,1.233,1.285,1.222,1.277,0.043,3.4846,16412048.02,2052923.804
512480.SH,20250904,1.332,1.328,1.331,1.214,1.234,-0.098,-7.3574,21535083.06,2721465.422
512480.SH,20250903,1.355,1.349,1.366,1.324,1.332,-0.023,-1.6974,15509398.17,2082219.033
512480.SH,20250902,1.403,1.395,1.409,1.342,1.355,-0.048,-3.4212,19855559.62,2719461.533
512480.SH,20250901,1.38,1.4,1.416,1.361,1.403,0.023,1.6667,17293944.96,2402746.206
512480.SH,20250829,1.416,1.386,1.388,1.353,1.38,-0.036,-2.5424,17949554.07,2459840.403
512480.SH,20250828,1.321,1.325,1.418,1.324,1.416,0.095,7.1915,29376434.65,4016982.7
512480.SH,20250827,1.315,1.325,1.387,1.316,1.321,0.006,0.4563,23657198.82,3189667.278
512480.SH,20250826,1.33,1.311,1.331,1.294,1.315,-0.015,-1.1278,17650248.04,2320866.772
512480.SH,20250825,1.311,1.337,1.381,1.297,1.33,0.019,1.4493,24601236.8,3273258.875
512480.SH,20250822,1.201,1.21,1.315,1.21,1.311,0.11,9.159,29849686.79,3785383.055
512480.SH,20250821,1.208,1.211,1.236,1.195,1.201,-0.007,-0.5795,16358118.12,1988607.939
512480.SH,20250820,1.163,1.158,1.208,1.151,1.208,0.045,3.8693,20581377.19,2429255.734
512480.SH,20250819,1.18,1.176,1.183,1.161,1.163,-0.017,-1.4407,11248037.02,1320002.206
512480.SH,20250818,1.154,1.175,1.19,1.151,1.18,0.026,2.253,15093814.43,1771411.655
512480.SH,20250815,1.131,1.125,1.158,1.123,1.154,0.023,2.0336,13398750.52,1529099.184
512480.SH,20250814,1.124,1.125,1.165,1.123,1.131,0.007,0.6228,22320520.18,2553838.401
512480.SH,20250813,1.113,1.11,1.125,1.108,1.124,0.011,0.9883,12534180.68,1402301.325
512480.SH,20250812,1.084,1.084,1.121,1.079,1.113,0.029,2.6753,19735997.48,2175429.574
512480.SH,20250811,1.076,1.075,1.09,1.075,1.084,0.008,0.7435,9267873.29,1004400.521
512480.SH,20250808,1.097,1.091,1.092,1.075,1.076,-0.021,-1.9143,12664124.61,1368675.902
512480.SH,20250807,1.091,1.092,1.112,1.086,1.097,0.006,0.55,20116351.53,2211957.813
512480.SH,20250806,1.081,1.081,1.091,1.075,1.091,0.01,0.9251,9096382.72,985919.809
512480.SH,20250805,1.079,1.081,1.082,1.074,1.081,0.002,0.1854,8037404.78,866979.102
512480.SH,20250804,1.065,1.059,1.08,1.058,1.079,0.014,1.3146,10260298.36,1100607.299
512480.SH,20250801,1.074,1.073,1.086,1.056,1.065,-0.009,-0.838,11938386.52,1276667.499
512480.SH,20250731,1.087,1.084,1.1,1.071,1.074,-0.013,-1.196,17087399.88,1854966.256
512480.SH,20250730,1.097,1.094,1.105,1.078,1.087,-0.01,-0.9116,15530828.33,1697435.065
512480.SH,20250729,1.081,1.077,1.098,1.076,1.097,0.016,1.4801,15324629.54,1668582.76
512480.SH,20250728,1.082,1.084,1.086,1.074,1.081,-0.001,-0.0924,13565092.38,1465515.076
512480.SH,20250725,1.06,1.061,1.087,1.053,1.082,0.022,2.0755,20898010.05,2231008.035
512480.SH,20250724,1.044,1.044,1.061,1.043,1.06,0.016,1.5326,18155300.97,1915611.929
512480.SH,20250723,1.037,1.037,1.052,1.034,1.044,0.007,0.675,21518744.51,2247094.17
512480.SH,20250722,1.035,1.035,1.044,1.03,1.037,0.002,0.1932,16788457.7,1741820.62
512480.SH,20250721,1.034,1.034,1.037,1.03,1.035,0.001,0.0967,11433695.47,1182259.579
512480.SH,20250718,1.032,1.033,1.046,1.027,1.034,0.002,0.1938,16701428.0,1729691.022
512480.SH,20250717,1.025,1.024,1.032,1.017,1.032,0.007,0.6829,13765181.9,1408496.191
512480.SH,20250716,1.022,1.023,1.041,1.022,1.025,0.003,0.2935,14377662.61,1481536.15
512480.SH,20250715,1.025,1.024,1.029,1.015,1.022,-0.003,-0.2927,13420385.72,1371107.896
512480.SH,20250714,1.031,1.031,1.034,1.024,1.025,-0.006,-0.582,9092425.0,933778.035
512480.SH,20250711,1.016,1.016,1.035,1.011,1.031,0.015,1.4764,15341018.0,1575254.168
512480.SH,20250710,1.019,1.018,1.021,1.012,1.016,-0.003,-0.2944,9661924.27,981632.855
512480.SH,20250709,1.031,1.031,1.033,1.017,1.019,-0.012,-1.1639,10116475.57,1035714.306
512480.SH,20250708,1.019,1.022,1.032,1.019,1.031,0.012,1.1776,9710130.57,997825.499
512480.SH,20250707,1.022,1.019,1.026,1.017,1.019,-0.003,-0.2935,5422686.0,553170.938
512480.SH,20250704,1.024,1.023,1.038,1.012,1.022,-0.002,-0.1953,13849410.0,1417929.272
512480.SH,20250703,1.023,1.023,1.028,1.018,1.024,0.001,0.0978,8905545.0,909936.498
512480.SH,20250702,1.044,1.042,1.042,1.02,1.023,-0.021,-2.0115,11698328.0,1201254.285
512480.SH,20250701,1.049,1.049,1.054,1.037,1.044,-0.005,-0.4766,9113684.07,952559.19
512480.SH,20250630,1.033,1.039,1.051,1.039,1.049,0.016,1.5489,11593877.0,1213688.146
512480.SH,20250627,1.028,1.037,1.045,1.025,1.033,0.005,0.4864,12504390.59,1295394.389
512480.SH,20250626,1.042,1.039,1.049,1.028,1.028,-0.014,-1.3436,13029945.0,1352876.116
512480.SH,20250625,1.02,1.022,1.042,1.017,1.042,0.022,2.1569,15279566.99,1572143.77
512480.SH,20250624,1.003,1.004,1.022,1.004,1.02,0.017,1.6949,12826168.92,1303059.147
512480.SH,20250623,0.992,0.988,1.01,0.986,1.003,0.011,1.1089,10756590.0,1078040.654
512480.SH,20250620,0.999,0.999,1.006,0.991,0.992,-0.007,-0.7007,6739225.43,671620.317
512480.SH,20250619,0.999,0.997,1.013,0.996,0.999,0.0,0.0,10168563.53,1021405.757
512480.SH,20250618,0.991,0.991,1.004,0.987,0.999,0.008,0.8073,8725860.0,869105.943
512480.SH,20250617,0.996,0.999,1.0,0.988,0.991,-0.005,-0.502,6281744.0,623048.936
512480.SH,20250616,0.993,0.99,1.002,0.988,0.996,0.003,0.3021,5182738.0,516407.253
512480.SH,20250613,0.997,0.992,1.0,0.988,0.993,-0.004,-0.4012,8222979.0,816680.218
512480.SH,20250612,1.006,1.005,1.006,0.995,0.997,-0.009,-0.8946,8983149.0,897867.94
512480.SH,20250611,1.007,1.007,1.015,1.005,1.006,-0.001,-0.0993,6285855.0,634339.1
512480.SH,20250610,1.029,1.029,1.03,1.001,1.007,-0.022,-2.138,10170107.0,1029394.861
512480.SH,20250609,1.027,1.027,1.031,1.023,1.029,0.002,0.1947,6024994.0,618714.038
512480.SH,20250606,1.027,1.027,1.033,1.021,1.027,0.0,0.0,6634309.93,681305.002
512480.SH,20250605,1.008,1.01,1.029,1.007,1.027,0.019,1.8849,11554313.68,1177167.829
512480.SH,20250604,1.004,1.003,1.012,1.003,1.008,0.004,0.3984,5376479.75,542089.073
512480.SH,20250603,0.996,0.992,1.013,0.99,1.004,0.008,0.8032,7401285.13,744527.955
512480.SH,20250530,1.011,1.006,1.007,0.994,0.996,-0.015,-1.4837,7064995.0,704572.195
512480.SH,20250529,0.99,0.994,1.012,0.993,1.011,0.021,2.1212,9365636.0,940587.421
512480.SH,20250528,0.997,1.0,1.001,0.989,0.99,-0.007,-0.7021,6207010.0,616493.613
512480.SH,20250527,1.013,1.009,1.01,0.997,0.997,-0.016,-1.5795,7882628.0,789580.611
512480.SH,20250526,1.004,1.008,1.016,1.006,1.013,0.009,0.8964,7290623.0,736746.165
512480.SH,20250523,1.017,1.016,1.021,1.003,1.004,-0.013,-1.2783,9355177.0,946022.223
512480.SH,20250522,1.022,1.02,1.032,1.016,1.017,-0.005,-0.4892,7523805.48,770240.092
512480.SH,20250521,1.032,1.03,1.031,1.02,1.022,-0.01,-0.969,6386267.0,653450.126
512480.SH,20250520,1.028,1.028,1.036,1.024,1.032,0.004,0.3891,5439176.0,561216.986
512480.SH,20250519,1.023,1.024,1.031,1.016,1.028,0.005,0.4888,6426217.55,658044.969
512480.SH,20250516,1.025,1.023,1.029,1.021,1.023,-0.002,-0.1951,5591834.2,572787.448
512480.SH,20250515,1.047,1.046,1.046,1.025,1.025,-0.022,-2.1012,10222182.48,1055465.708
512480.SH,20250514,1.043,1.046,1.055,1.038,1.047,0.004,0.3835,9548940.0,998587.897
512480.SH,20250513,1.05,1.057,1.06,1.042,1.043,-0.007,-0.6667,7562052.09,793733.196
512480.SH,20250512,1.043,1.048,1.055,1.041,1.05,0.007,0.6711,8531870.06,893374.93
512480.SH,20250509,1.068,1.062,1.063,1.04,1.043,-0.025,-2.3408,10305885.35,1079485.359
512480.SH,20250508,1.072,1.066,1.071,1.062,1.068,-0.004,-0.3731,6271276.17,668883.821
512480.SH,20250507,1.078,1.092,1.096,1.062,1.072,-0.006,-0.5566,8845336.0,951517.063
512480.SH,20250506,1.06,1.064,1.078,1.062,1.078,0.018,1.6981,7791381.73,834623.443
512480.SH,20250430,1.047,1.048,1.062,1.043,1.06,0.013,1.2416,7835112.0,827837.86
512480.SH,20250429,1.037,1.034,1.049,1.03,1.047,0.01,0.9643,6438450.0,669900.027
512480.SH,20250428,1.036,1.036,1.043,1.028,1.037,0.001,0.0965,6315451.0,654989.148
512480.SH,20250425,1.039,1.038,1.044,1.026,1.036,-0.003,-0.2887,8050990.0,832581.795
512480.SH,20250424,1.053,1.051,1.052,1.035,1.039,-0.014,-1.3295,7193048.59,749635.527
512480.SH,20250423,1.053,1.055,1.057,1.044,1.053,0.0,0.0,8424883.97,884902.663
512480.SH,20250422,1.055,1.054,1.062,1.046,1.053,-0.002,-0.1896,6894217.7,727052.392
512480.SH,20250421,1.044,1.046,1.056,1.043,1.055,0.011,1.0536,6175049.72,649661.017
512480.SH,20250418,1.055,1.053,1.053,1.038,1.044,-0.011,-1.0427,6820985.0,711771.639
512480.SH,20250417,1.049,1.042,1.069,1.04,1.055,0.006,0.572,10043088.0,1063881.469
512480.SH,20250416,1.042,1.048,1.055,1.032,1.049,0.007,0.6718,9031479.0,943500.398
512480.SH,20250415,1.055,1.053,1.053,1.034,1.042,-0.013,-1.2322,9060957.0,941639.755
512480.SH,20250414,1.055,1.07,1.071,1.043,1.055,0.0,0.0,11955329.15,1260894.314
512480.SH,20250411,1.005,1.002,1.079,1.001,1.055,0.05,4.9751,22313587.38,2324710.351
512480.SH,20250410,0.993,1.013,1.026,0.999,1.005,0.012,1.2085,13422925.92,1357718.376
512480.SH,20250409,0.946,0.931,1.009,0.918,0.993,0.047,4.9683,20979414.94,2054819.981
512480.SH,20250408,0.944,0.95,0.97,0.93,0.946,0.002,0.2119,12438906.0,1178598.105
512480.SH,20250407,1.041,0.994,1.01,0.937,0.944,-0.097,-9.318,17378320.0,1688578.558
512480.SH,20250403,1.047,1.038,1.061,1.036,1.041,-0.006,-0.5731,10293338.0,1078949.313
512480.SH,20250402,1.05,1.046,1.057,1.044,1.047,-0.003,-0.2857,5956981.38,624691.292
512480.SH,20250401,1.049,1.053,1.059,1.047,1.05,0.001,0.0953,7371609.0,776236.696
512480.SH,20250331,1.048,1.041,1.054,1.033,1.049,0.001,0.0954,8649288.0,902761.289
512480.SH,20250328,1.064,1.064,1.069,1.047,1.048,-0.016,-1.5038,8217843.0,866426.833
512480.SH,20250327,1.052,1.051,1.081,1.048,1.064,0.012,1.1407,10338596.0,1100350.727
512480.SH,20250326,1.052,1.05,1.063,1.05,1.052,0.0,0.0,5833410.0,616097.189
512480.SH,20250325,1.072,1.072,1.074,1.047,1.052,-0.02,-1.8657,9084783.0,960887.209
512480.SH,20250324,1.064,1.061,1.074,1.051,1.072,0.008,0.7519,9470239.0,1009000.624
512480.SH,20250321,1.094,1.089,1.094,1.06,1.064,-0.03,-2.7422,12183664.01,1306155.507
512480.SH,20250320,1.105,1.103,1.108,1.093,1.094,-0.011,-0.9955,8042064.0,884794.976
512480.SH,20250319,1.119,1.115,1.121,1.101,1.105,-0.014,-1.2511,8190176.5,907225.48
512480.SH,20250318,1.111,1.118,1.133,1.114,1.119,0.008,0.7201,8391131.59,941823.692
512480.SH,20250317,1.117,1.117,1.12,1.106,1.111,-0.006,-0.5372,6210128.55,690488.836
512480.SH,20250314,1.095,1.095,1.118,1.092,1.117,0.022,2.0091,12543423.57,1391431.39
512480.SH,20250313,1.128,1.125,1.127,1.088,1.095,-0.033,-2.9255,15848216.0,1745294.928
512480.SH,20250312,1.132,1.138,1.147,1.128,1.128,-0.004,-0.3534,9922863.0,1128013.13
512480.SH,20250311,1.141,1.124,1.14,1.119,1.132,-0.009,-0.7888,10302697.0,1161283.169
512480.SH,20250310,1.142,1.136,1.147,1.125,1.141,-0.001,-0.0876,9252974.0,1050996.065
512480.SH,20250307,1.158,1.15,1.158,1.134,1.142,-0.016,-1.3817,10413191.0,1192711.431
512480.SH,20250306,1.128,1.14,1.167,1.14,1.158,0.03,2.6596,14115165.99,1634028.535
512480.SH,20250305,1.123,1.123,1.14,1.113,1.128,0.005,0.4452,10979144.0,1236621.455
512480.SH,20250304,1.093,1.082,1.133,1.071,1.123,0.03,2.7447,16498928.0,1824953.952
512480.SH,20250303,1.107,1.108,1.118,1.084,1.093,-0.014,-1.2647,12097868.99,1331246.885
512480.SH,20250228,1.164,1.153,1.161,1.104,1.107,-0.057,-4.8969,17602362.99,1986204.292
512480.SH,20250227,1.171,1.171,1.182,1.136,1.164,-0.007,-0.5978,15030093.9,1740232.77
512480.SH,20250226,1.151,1.154,1.175,1.134,1.171,0.02,1.7376,16172345.83,1875496.151
512480.SH,20250225,1.156,1.135,1.173,1.128,1.151,-0.005,-0.4325,15515576.0,1780558.971
512480.SH,20250224,1.152,1.149,1.168,1.14,1.156,0.004,0.3472,14249767.75,1644159.034
512480.SH,20250221,1.096,1.1,1.162,1.097,1.152,0.056,5.1095,23599179.67,2677129.457
512480.SH,20250220,1.101,1.1,1.104,1.084,1.096,-0.005,-0.4541,12310497.0,1348627.004
512480.SH,20250219,1.054,1.055,1.102,1.052,1.101,0.047,4.4592,23256414.18,2526158.311
512480.SH,20250218,1.076,1.075,1.087,1.05,1.054,-0.022,-2.0446,12911276.1,1380547.704
512480.SH,20250217,1.062,1.064,1.081,1.06,1.076,0.014,1.3183,13543496.0,1450227.942
512480.SH,20250214,1.063,1.058,1.065,1.045,1.062,-0.001,-0.0941,12179044.0,1286547.17
512480.SH,20250213,1.097,1.095,1.095,1.062,1.063,-0.034,-3.0994,15715180.0,1694247.187
512480.SH,20250212,1.061,1.06,1.097,1.057,1.097,0.036,3.393,18621676.92,2010705.428
512480.SH,20250211,1.074,1.072,1.073,1.053,1.061,-0.013,-1.2104,10195822.99,1082090.845
512480.SH,20250210,1.062,1.066,1.076,1.059,1.074,0.012,1.1299,13785229.99,1471721.203
512480.SH,20250207,1.06,1.06,1.086,1.044,1.062,0.002,0.1887,21415953.75,2285734.939
512480.SH,20250206,1.017,1.011,1.062,1.008,1.06,0.043,4.2281,21228996.76,2219473.559
512480.SH,20250205,0.99,1.014,1.025,1.006,1.017,0.027,2.7273,16236903.29,1650800.174
512480.SH,20250127,1.018,1.018,1.018,0.988,0.99,-0.028,-2.7505,12989797.33,1299718.328
512480.SH,20250124,1.008,1.008,1.021,1.005,1.018,0.01,0.9921,10518749.33,1068023.97
512480.SH,20250123,1.022,1.036,1.046,1.008,1.008,-0.014,-1.3699,16424173.99,1687638.093
512480.SH,20250122,1.024,1.02,1.031,1.017,1.022,-0.002,-0.1953,12349718.0,1264124.349
512480.SH,20250121,1.01,1.015,1.033,1.005,1.024,0.014,1.3861,18064509.0,1842812.172
512480.SH,20250120,1.011,1.016,1.02,1.003,1.01,-0.001,-0.0989,12318374.0,1245977.519
512480.SH,20250117,0.988,0.98,1.025,0.979,1.011,0.023,2.3279,20987434.0,2111548.306
512480.SH,20250116,1.009,1.016,1.026,0.981,0.988,-0.021,-2.0813,17471067.0,1746885.729
512480.SH,20250115,1.01,1.008,1.023,1.0,1.009,-0.001,-0.099,13420031.14,1356352.599
512480.SH,20250114,0.971,0.978,1.012,0.963,1.01,0.039,4.0165,21820709.4,2171518.227
512480.SH,20250113,0.975,0.961,0.976,0.955,0.971,-0.004,-0.4103,9861794.9,952098.325
512480.SH,20250110,0.98,0.976,1.011,0.974,0.975,-0.005,-0.5102,19102308.0,1900421.182
512480.SH,20250109,0.977,0.97,0.993,0.97,0.98,0.003,0.3071,13736618.24,1353623.21
512480.SH,20250108,0.977,0.966,0.99,0.945,0.977,0.0,0.0,18766387.0,1817271.145
512480.SH,20250107,0.935,0.937,0.978,0.935,0.977,0.042,4.492,20549262.24,1966062.097
512480.SH,20250106,0.942,0.941,0.955,0.927,0.935,-0.007,-0.7431,13745002.0,1289761.567
512480.SH,20250103,0.964,0.966,0.97,0.941,0.942,-0.022,-2.2822,18434039.65,1759320.75
512480.SH,20250102,1.009,1.003,1.006,0.951,0.964,-0.045,-4.4599,22271594.24,2176070.662
512480.SH,20241231,1.057,1.055,1.057,1.008,1.009,-0.048,-4.5412,19188192.0,1969020.93
512480.SH,20241230,1.056,1.053,1.071,1.044,1.057,0.001,0.0947,10748692.52,1137056.417
512480.SH,20241227,1.068,1.068,1.088,1.054,1.056,-0.012,-1.1236,15630122.07,1674921.119
512480.SH,20241226,1.048,1.043,1.071,1.04,1.068,0.02,1.9084,17008414.0,1806460.671
512480.SH,20241225,1.05,1.05,1.062,1.04,1.048,-0.002,-0.1905,13182557.22,1386346.049
512480.SH,20241224,1.034,1.038,1.053,1.015,1.05,0.016,1.5474,20791437.39,2154419.99
512480.SH,20241223,1.052,1.053,1.068,1.032,1.034,-0.018,-1.711,14113760.0,1477765.538
512480.SH,20241220,1.018,1.017,1.072,1.013,1.052,0.034,3.3399,29569980.0,3094218.182
512480.SH,20241219,0.999,0.986,1.026,0.984,1.018,0.019,1.9019,21117576.67,2131283.208
512480.SH,20241218,0.97,0.972,1.002,0.966,0.999,0.029,2.9897,24345584.11,2408645.278
512480.SH,20241217,0.98,0.977,0.984,0.968,0.97,-0.01,-1.0204,11626200.0,1133050.009
512480.SH,20241216,0.999,0.999,1.001,0.976,0.98,-0.019,-1.9019,12555216.0,1240536.812
512480.SH,20241213,1.013,1.005,1.016,0.997,0.999,-0.014,-1.382,16627338.0,1670609.915
512480.SH,20241212,1.008,1.007,1.014,0.998,1.013,0.005,0.496,12982225.53,1306531.738
512480.SH,20241211,1.006,1.004,1.018,1.0,1.008,0.002,0.1988,12787902.55,1289607.983
512480.SH,20241210,0.996,1.04,1.045,1.003,1.006,0.01,1.004,24585805.55,2513053.467
512480.SH,20241209,1.013,1.009,1.013,0.989,0.996,-0.017,-1.6782,14728232.0,1470718.607
512480.SH,20241206,1.002,1.002,1.023,0.99,1.013,0.011,1.0978,19114223.0,1928754.429
512480.SH,20241205,1.003,0.993,1.006,0.991,1.002,-0.001,-0.0997,11922700.43,1191437.126
512480.SH,20241204,1.001,1.027,1.038,0.999,1.003,0.002,0.1998,22150062.03,2258737.913
512480.SH,20241203,1.014,1.019,1.024,0.992,1.001,-0.013,-1.2821,15558865.98,1563761.996
512480.SH,20241202,1.005,1.005,1.02,0.999,1.014,0.009,0.8955,14968894.98,1515012.081
512480.SH,20241129,0.988,0.982,1.027,0.974,1.005,0.017,1.7206,21474276.0,2149622.355
512480.SH,20241128,0.99,0.992,1.011,0.983,0.988,-0.002,-0.202,16118619.39,1603069.537
512480.SH,20241127,0.959,0.956,0.991,0.94,0.99,0.031,3.2325,19516679.59,1891088.108
512480.SH,20241126,0.968,0.965,0.977,0.958,0.959,-0.009,-0.9298,9584872.6,926627.459
512480.SH,20241125,0.979,0.978,0.983,0.948,0.968,-0.011,-1.1236,16383357.0,1578727.022
512480.SH,20241122,1.022,1.022,1.034,0.976,0.979,-0.043,-4.2074,22481949.66,2258836.803
512480.SH,20241121,1.017,1.014,1.035,1.009,1.022,0.005,0.4916,16202448.66,1657449.117
512480.SH,20241120,1.017,1.015,1.023,1.001,1.017,0.0,0.0,17806999.4,1802921.696
512480.SH,20241119,0.983,0.987,1.018,0.973,1.017,0.034,3.4588,24326307.03,2424355.748
512480.SH,20241118,1.008,1.004,1.017,0.974,0.983,-0.025,-2.4802,22312120.63,2217835.758
512480.SH,20241115,1.051,1.049,1.058,1.006,1.008,-0.043,-4.0913,24318070.42,2506686.561
512480.SH,20241114,1.095,1.087,1.093,1.048,1.051,-0.044,-4.0183,19149398.85,2050806.164
512480.SH,20241113,1.094,1.083,1.097,1.07,1.095,0.001,0.0914,17576400.47,1905772.745
512480.SH,20241112,1.121,1.124,1.124,1.08,1.094,-0.027,-2.4086,26981550.38,2971923.891
512480.SH,20241111,1.056,1.067,1.125,1.067,1.121,0.065,6.1553,30600193.34,3380000.129
512480.SH,20241108,1.049,1.072,1.103,1.053,1.056,0.007,0.6673,28272170.9,3037415.476
512480.SH,20241107,1.018,1.009,1.056,1.006,1.049,0.031,3.0452,23750679.0,2450399.791
512480.SH,20241106,1.007,1.014,1.039,1.0,1.018,0.011,1.0924,29075171.72,2964752.362
512480.SH,20241105,0.959,0.96,1.011,0.956,1.007,0.048,5.0052,31267431.44,3104156.458
512480.SH,20241104,0.943,0.938,0.963,0.936,0.959,0.016,1.6967,15512794.47,1479963.584
512480.SH,20241101,0.986,0.978,0.983,0.941,0.943,-0.043,-4.3611,28021663.08,2690067.795
512480.SH,20241031,0.963,0.962,0.999,0.95,0.986,0.023,2.3884,28834030.55,2823463.7
512480.SH,20241030,0.973,0.968,0.979,0.949,0.963,-0.01,-1.0277,19345080.53,1862367.877
512480.SH,20241029,0.981,0.981,1.01,0.972,0.973,-0.008,-0.8155,27856030.17,2754361.614
512480.SH,20241028,0.984,0.981,0.984,0.969,0.981,-0.003,-0.3049,16389362.0,1600217.187
512480.SH,20241025,0.978,0.981,1.005,0.966,0.984,0.006,0.6135,25062995.21,2461763.449
512480.SH,20241024,0.976,0.967,0.99,0.965,0.978,0.002,0.2049,20119110.34,1965907.344
512480.SH,20241023,0.99,0.976,0.998,0.97,0.976,-0.014,-1.4141,25538829.68,2508738.496
512480.SH,20241022,1.007,0.994,1.018,0.974,0.99,-0.017,-1.6882,30329570.99,3010801.409
512480.SH,20241021,0.966,1.0,1.063,0.988,1.007,0.041,4.2443,70846716.87,7247278.516
512480.SH,20241018,0.878,0.876,0.966,0.875,0.966,0.088,10.0228,47586072.93,4449951.589
512480.SH,20241017,0.874,0.893,0.9,0.876,0.878,0.004,0.4577,19207582.8,1706687.625
512480.SH,20241016,0.892,0.863,0.892,0.859,0.874,-0.018,-2.0179,21511585.88,1883209.317
512480.SH,20241015,0.909,0.907,0.938,0.89,0.892,-0.017,-1.8702,33635124.29,3075894.06
512480.SH,20241014,0.874,0.87,0.911,0.85,0.909,0.035,4.0046,32022552.11,2834635.12
512480.SH,20241011,0.925,0.898,0.922,0.861,0.874,-0.051,-5.5135,36662933.22,3264497.525
512480.SH,20241010,0.96,0.979,0.995,0.91,0.925,-0.035,-3.6458,55872887.58,5302544.204
512480.SH,20241009,0.873,0.96,0.96,0.9,0.96,0.087,9.9656,83562770.09,7970951.606
512480.SH,20241008,0.794,0.873,0.873,0.873,0.873,0.079,9.9496,9857326.69,860544.62
512480.SH,20240930,0.722,0.76,0.794,0.753,0.794,0.072,9.9723,28803461.35,2241344.028
512480.SH,20240927,0.678,0.69,0.724,0.684,0.722,0.044,6.4897,17585230.0,1230542.932
512480.SH,20240926,0.647,0.645,0.68,0.643,0.678,0.031,4.7913,22534296.9,1482860.925
512480.SH,20240925,0.643,0.651,0.664,0.645,0.647,0.004,0.6221,22999454.0,1507258.741
512480.SH,20240924,0.619,0.623,0.643,0.615,0.643,0.024,3.8772,22890788.9,1441800.883
512480.SH,20240923,0.625,0.624,0.63,0.617,0.619,-0.006,-0.96,9638589.0,600032.236
512480.SH,20240920,0.629,0.63,0.632,0.618,0.625,-0.004,-0.6359,10657785.0,664384.784
512480.SH,20240919,0.624,0.628,0.637,0.619,0.629,0.005,0.8013,13587898.0,854215.504
512480.SH,20240918,0.627,0.63,0.632,0.616,0.624,-0.003,-0.4785,8216768.0,511695.506
512480.SH,20240913,0.635,0.635,0.64,0.626,0.627,-0.008,-1.2598,10282691.0,650577.039
512480.SH,20240912,0.643,0.647,0.651,0.634,0.635,-0.008,-1.2442,9504242.0,610473.557
512480.SH,20240911,0.645,0.642,0.646,0.64,0.643,-0.002,-0.3101,7030134.06,451892.365
512480.SH,20240910,0.639,0.64,0.649,0.631,0.645,0.006,0.939,11869200.9,759997.886
512480.SH,20240909,0.643,0.639,0.648,0.636,0.639,-0.004,-0.6221,8325714.96,533570.253
512480.SH,20240906,0.653,0.655,0.655,0.641,0.643,-0.01,-1.5314,9406224.0,609060.334
512480.SH,20240905,0.654,0.654,0.663,0.65,0.653,-0.001,-0.1529,8657418.0,567546.094
512480.SH,20240904,0.659,0.651,0.66,0.648,0.654,-0.005,-0.7587,8541699.0,558677.147
512480.SH,20240903,0.654,0.653,0.665,0.652,0.659,0.005,0.7645,8393301.0,553126.834
512480.SH,20240902,0.68,0.677,0.682,0.654,0.654,-0.026,-3.8235,13606755.69,906168.774
512480.SH,20240830,0.656,0.655,0.686,0.654,0.68,0.024,3.6585,19703769.79,1331616.696
512480.SH,20240829,0.648,0.644,0.661,0.643,0.656,0.008,1.2346,12477036.0,816409.3
512480.SH,20240828,0.647,0.645,0.651,0.642,0.648,0.001,0.1546,7712736.0,499118.125
512480.SH,20240827,0.658,0.656,0.656,0.645,0.647,-0.011,-1.6717,9766792.0,634611.774
512480.SH,20240826,0.659,0.659,0.665,0.655,0.658,-0.001,-0.1517,7241135.0,477608.395
512480.SH,20240823,0.663,0.66,0.663,0.652,0.659,-0.004,-0.6033,9668941.44,635253.365
512480.SH,20240822,0.673,0.672,0.675,0.661,0.663,-0.01,-1.4859,10561942.74,703022.508
512480.SH,20240821,0.677,0.675,0.684,0.672,0.673,-0.004,-0.5908,10691597.77,724185.446
512480.SH,20240820,0.689,0.691,0.692,0.676,0.677,-0.012,-1.7417,12520670.0,853996.501
512480.SH,20240819,0.69,0.689,0.698,0.685,0.689,-0.001,-0.1449,10495044.0,726373.55
512480.SH,20240816,0.692,0.693,0.697,0.688,0.69,-0.002,-0.289,11009152.46,762339.496
512480.SH,20240815,0.688,0.685,0.701,0.683,0.692,0.004,0.5814,13804444.73,957153.769
512480.SH,20240814,0.697,0.699,0.7,0.687,0.688,-0.009,-1.2912,9983798.93,692228.773
512480.SH,20240813,0.691,0.691,0.698,0.688,0.697,0.006,0.8683,10483799.0,726761.046
512480.SH,20240812,0.697,0.692,0.697,0.687,0.691,-0.006,-0.8608,10078248.0,696701.713
512480.SH,20240809,0.697,0.708,0.711,0.696,0.697,0.0,0.0,13190571.0,927600.753
512480.SH,20240808,0.693,0.689,0.706,0.681,0.697,0.004,0.5772,16557007.0,1148865.784
512480.SH,20240807,0.7,0.699,0.705,0.692,0.693,-0.007,-1.0,12748652.9,890597.137
512480.SH,20240806,0.694,0.707,0.71,0.69,0.7,0.006,0.8646,16732581.0,1168124.962
512480.SH,20240805,0.729,0.719,0.73,0.693,0.694,-0.035,-4.8011,23573463.0,1673987.923
512480.SH,20240802,0.751,0.741,0.75,0.727,0.729,-0.022,-2.9294,17583051.74,1297485.887
512480.SH,20240801,0.747,0.748,0.762,0.742,0.751,0.004,0.5355,17623043.93,1324733.722
512480.SH,20240731,0.719,0.716,0.748,0.713,0.747,0.028,3.8943,19063237.93,1400328.042
512480.SH,20240730,0.71,0.706,0.721,0.7,0.719,0.009,1.2676,14174172.18,1007541.746
512480.SH,20240729,0.719,0.719,0.725,0.709,0.71,-0.009,-1.2517,12677240.6,908889.771
512480.SH,20240726,0.715,0.714,0.725,0.707,0.719,0.004,0.5594,15893208.2,1139103.4
512480.SH,20240725,0.722,0.716,0.726,0.711,0.715,-0.007,-0.9695,15937924.8,1142389.55
512480.SH,20240724,0.733,0.73,0.741,0.72,0.722,-0.011,-1.5007,16298008.0,1191258.928
512480.SH,20240723,0.77,0.77,0.77,0.732,0.733,-0.037,-4.8052,20191913.55,1511438.828
512480.SH,20240722,0.768,0.769,0.778,0.764,0.77,0.002,0.2604,14038911.42,1082155.047
512480.SH,20240719,0.749,0.744,0.774,0.742,0.768,0.019,2.5367,22537378.83,1720025.943
512480.SH,20240718,0.744,0.735,0.753,0.722,0.749,0.005,0.672,20298293.07,1495292.292
512480.SH,20240717,0.753,0.75,0.757,0.743,0.744,-0.009,-1.1952,12889705.34,968438.128
512480.SH,20240716,0.732,0.728,0.755,0.726,0.753,0.021,2.8689,19872959.36,1474766.523
512480.SH,20240715,0.729,0.73,0.74,0.728,0.732,0.003,0.4115,12926277.0,948724.4
512480.SH,20240712,0.724,0.717,0.732,0.713,0.729,0.005,0.6906,15026272.0,1084850.111
512480.SH,20240711,0.716,0.73,0.732,0.712,0.724,0.008,1.1173,22101609.0,1598299.618
512480.SH,20240710,0.718,0.716,0.722,0.713,0.716,-0.002,-0.2786,13314141.83,954665.075
512480.SH,20240709,0.689,0.687,0.72,0.685,0.718,0.029,4.209,22111326.61,1562390.542
512480.SH,20240708,0.69,0.694,0.703,0.686,0.689,-0.001,-0.1449,13120963.01,912302.902
512480.SH,20240705,0.69,0.688,0.694,0.674,0.69,0.0,0.0,13911622.0,950260.929
512480.SH,20240704,0.703,0.7,0.706,0.689,0.69,-0.013,-1.8492,11150071.0,777003.811
512480.SH,20240703,0.693,0.692,0.71,0.684,0.703,0.01,1.443,15014323.0,1047789.722
512480.SH,20240702,0.706,0.704,0.705,0.691,0.693,-0.013,-1.8414,11414726.0,796803.853
512480.SH,20240701,0.71,0.707,0.712,0.691,0.706,-0.004,-0.5634,14540253.47,1019074.627
512480.SH,20240628,0.707,0.705,0.719,0.703,0.71,0.003,0.4243,12052983.0,858725.103
512480.SH,20240627,0.719,0.714,0.725,0.706,0.707,-0.012,-1.669,12977647.0,926798.406
512480.SH,20240626,0.702,0.703,0.722,0.697,0.719,0.017,2.4217,17774802.26,1257542.47
512480.SH,20240625,0.73,0.728,0.732,0.697,0.702,-0.028,-3.8356,20885654.85,1484559.043
512480.SH,20240624,0.752,0.747,0.76,0.728,0.73,-0.022,-2.9255,17102673.0,1274143.948
512480.SH,20240621,0.75,0.74,0.752,0.73,0.752,0.002,0.2667,16616725.0,1235520.059
512480.SH,20240620,0.749,0.746,0.769,0.744,0.75,0.001,0.1335,21547077.11,1632101.534
512480.SH,20240619,0.748,0.75,0.754,0.737,0.749,0.001,0.1337,15213895.57,1134047.411
512480.SH,20240618,0.748,0.748,0.756,0.742,0.748,0.0,0.0,13739765.0,1028004.29
512480.SH,20240617,0.733,0.729,0.751,0.728,0.748,0.015,2.0464,15337996.99,1140948.589
512480.SH,20240614,0.736,0.732,0.735,0.725,0.733,-0.003,-0.4076,13941874.0,1017885.368
512480.SH,20240613,0.729,0.734,0.746,0.732,0.736,0.007,0.9602,17731041.74,1310982.663
512480.SH,20240612,0.732,0.73,0.737,0.726,0.729,-0.003,-0.4098,17100996.8,1249629.412
512480.SH,20240611,0.703,0.703,0.733,0.7,0.732,0.029,4.1252,27410766.33,1974151.175
512480.SH,20240607,0.703,0.705,0.715,0.695,0.703,0.0,0.0,18352845.25,1292992.077
512480.SH,20240606,0.706,0.715,0.72,0.701,0.703,-0.003,-0.4249,21251410.49,1512780.578
512480.SH,20240605,0.703,0.7,0.717,0.699,0.706,0.003,0.4267,17914685.0,1273935.233
512480.SH,20240604,0.705,0.702,0.706,0.694,0.703,-0.002,-0.2837,17045411.0,1191756.157
512480.SH,20240603,0.693,0.693,0.711,0.692,0.705,0.012,1.7316,22515641.76,1584540.609
512480.SH,20240531,0.694,0.693,0.702,0.689,0.693,-0.001,-0.1441,12718082.0,883854.072
512480.SH,20240530,0.677,0.674,0.699,0.67,0.694,0.017,2.5111,20335186.08,1400599.416
512480.SH,20240529,0.683,0.68,0.686,0.674,0.677,-0.006,-0.8785,11486268.16,781094.486
512480.SH,20240528,0.681,0.682,0.703,0.678,0.683,0.002,0.2937,22669688.29,1563039.778
512480.SH,20240527,0.658,0.658,0.682,0.649,0.681,0.023,3.4954,18784441.44,1247281.018
512480.SH,20240524,0.675,0.673,0.679,0.656,0.658,-0.017,-2.5185,10432665.0,695164.107
512480.SH,20240523,0.688,0.689,0.69,0.674,0.675,-0.013,-1.8895,10672228.94,726214.5
512480.SH,20240522,0.685,0.685,0.689,0.677,0.688,0.003,0.438,9626389.59,657422.351
512480.SH,20240521,0.69,0.688,0.692,0.684,0.685,-0.005,-0.7246,6860854.67,471297.186
512480.SH,20240520,0.689,0.689,0.697,0.685,0.69,0.001,0.1451,10142511.0,700680.267
512480.SH,20240517,0.679,0.677,0.689,0.673,0.689,0.01,1.4728,10043831.0,684376.965
512480.SH,20240516,0.678,0.683,0.686,0.677,0.679,0.001,0.1475,9282556.0,632431.822
512480.SH,20240515,0.688,0.685,0.692,0.678,0.678,-0.01,-1.4535,8800751.0,602104.435
512480.SH,20240514,0.687,0.69,0.697,0.684,0.688,0.001,0.1456,7917228.0,545599.523
512480.SH,20240513,0.697,0.689,0.698,0.684,0.687,-0.01,-1.4347,9610943.0,662982.297
512480.SH,20240510,0.712,0.714,0.714,0.694,0.697,-0.015,-2.1067,14202338.44,992963.439
512480.SH,20240509,0.695,0.695,0.713,0.694,0.712,0.017,2.446,10131067.0,715576.509
512480.SH,20240508,0.707,0.704,0.705,0.693,0.695,-0.012,-1.6973,8324725.8,581020.762
512480.SH,20240507,0.711,0.711,0.716,0.703,0.707,-0.004,-0.5626,8467187.89,600140.518
512480.SH,20240506,0.704,0.716,0.72,0.709,0.711,0.007,0.9943,10832186.0,774198.404
512480.SH,20240430,0.713,0.714,0.714,0.702,0.704,-0.009,-1.2623,8811233.0,622770.541
512480.SH,20240429,0.689,0.692,0.717,0.691,0.713,0.024,3.4833,12610217.0,892378.413
512480.SH,20240426,0.671,0.67,0.69,0.668,0.689,0.018,2.6826,11479631.38,784002.842
512480.SH,20240425,0.669,0.665,0.679,0.662,0.671,0.002,0.299,8607610.01,577339.802
512480.SH,20240424,0.655,0.658,0.67,0.656,0.669,0.014,2.1374,9823677.07,652181.709
512480.SH,20240423,0.657,0.658,0.663,0.651,0.655,-0.002,-0.3044,7686841.57,503867.825
512480.SH,20240422,0.654,0.643,0.659,0.636,0.657,0.003,0.4587,9300234.81,604512.982
512480.SH,20240419,0.675,0.669,0.669,0.651,0.654,-0.021,-3.1111,12568883.15,826858.605
512480.SH,20240418,0.681,0.677,0.685,0.668,0.675,-0.006,-0.8811,9630392.68,651295.68
512480.SH,20240417,0.652,0.66,0.681,0.659,0.681,0.029,4.4479,14187679.7,953628.08
512480.SH,20240416,0.676,0.671,0.674,0.651,0.652,-0.024,-3.5503,10708821.94,708373.061
512480.SH,20240415,0.669,0.669,0.683,0.666,0.676,0.007,1.0463,11885107.98,802438.391
512480.SH,20240412,0.664,0.668,0.68,0.667,0.669,0.005,0.753,9810814.71,659420.569
512480.SH,20240411,0.665,0.662,0.678,0.662,0.664,-0.001,-0.1504,9365374.07,628529.374
512480.SH,20240410,0.685,0.684,0.685,0.661,0.665,-0.02,-2.9197,9346512.1,624920.777
512480.SH,20240409,0.678,0.677,0.686,0.672,0.685,0.007,1.0324,7726489.35,525569.23
512480.SH,20240408,0.698,0.695,0.696,0.677,0.678,-0.02,-2.8653,9137311.1,627041.837
512480.SH,20240403,0.703,0.707,0.709,0.69,0.698,-0.005,-0.7112,9823912.84,687286.575
512480.SH,20240402,0.714,0.716,0.717,0.699,0.703,-0.011,-1.5406,8230022.41,580918.359
512480.SH,20240401,0.705,0.709,0.718,0.707,0.714,0.009,1.2766,8564156.52,610716.18
512480.SH,20240329,0.704,0.702,0.706,0.689,0.705,0.001,0.142,8523713.81,594429.283
512480.SH,20240328,0.69,0.69,0.714,0.688,0.704,0.014,2.029,12224055.97,859300.718
512480.SH,20240327,0.716,0.716,0.718,0.69,0.69,-0.026,-3.6313,12431875.93,873633.035
512480.SH,20240326,0.726,0.726,0.736,0.712,0.716,-0.01,-1.3774,12965130.91,935023.698
512480.SH,20240325,0.746,0.744,0.747,0.724,0.726,-0.02,-2.681,10377137.49,763935.875
512480.SH,20240322,0.754,0.752,0.762,0.746,0.746,-0.008,-1.061,11271327.56,849254.562
512480.SH,20240321,0.755,0.761,0.768,0.75,0.754,-0.001,-0.1325,10236761.22,776788.036
512480.SH,20240320,0.753,0.752,0.757,0.745,0.755,0.002,0.2656,7361656.71,553322.931
512480.SH,20240319,0.763,0.76,0.765,0.752,0.753,-0.01,-1.3106,7985272.81,605722.046
512480.SH,20240318,0.741,0.742,0.763,0.741,0.763,0.022,2.969,12214230.16,919043.523
512480.SH,20240315,0.738,0.736,0.742,0.726,0.741,0.003,0.4065,8146025.45,597319.638
512480.SH,20240314,0.75,0.745,0.748,0.728,0.738,-0.012,-1.6,10307122.7,761811.187
512480.SH,20240313,0.75,0.756,0.764,0.748,0.75,0.0,0.0,10070912.85,761281.968
512480.SH,20240312,0.746,0.748,0.765,0.742,0.75,0.004,0.5362,10596083.52,797839.405
512480.SH,20240311,0.738,0.731,0.746,0.725,0.746,0.008,1.084,9666502.52,712571.175
512480.SH,20240308,0.719,0.722,0.74,0.718,0.738,0.019,2.6426,12283008.91,897835.18
512480.SH,20240307,0.734,0.739,0.747,0.718,0.719,-0.015,-2.0436,11930060.33,872658.026
512480.SH,20240306,0.745,0.739,0.745,0.724,0.734,-0.011,-1.4765,10411702.53,764821.563
512480.SH,20240305,0.749,0.744,0.757,0.74,0.745,-0.004,-0.534,10117350.14,757811.777
512480.SH,20240304,0.745,0.749,0.755,0.734,0.749,0.004,0.5369,12398327.48,925960.455
512480.SH,20240301,0.736,0.74,0.749,0.731,0.745,0.009,1.2228,16028404.71,1187637.091
512480.SH,20240229,0.689,0.686,0.737,0.685,0.736,0.047,6.8215,22655958.41,1629543.198
512480.SH,20240228,0.726,0.727,0.737,0.688,0.689,-0.037,-5.0964,17250420.6,1231714.421
512480.SH,20240227,0.693,0.689,0.727,0.686,0.726,0.033,4.7619,14846915.67,1052885.346
512480.SH,20240226,0.688,0.687,0.704,0.684,0.693,0.005,0.7267,8829614.09,612480.682
512480.SH,20240223,0.684,0.689,0.691,0.678,0.688,0.004,0.5848,8402346.23,575075.031
512480.SH,20240222,0.672,0.673,0.686,0.671,0.684,0.012,1.7857,9345338.98,635643.812
512480.SH,20240221,0.669,0.662,0.686,0.66,0.672,0.003,0.4484,12326718.4,831843.324
512480.SH,20240220,0.674,0.67,0.675,0.658,0.669,-0.005,-0.7418,8746170.76,580582.404
512480.SH,20240219,0.664,0.679,0.682,0.659,0.674,0.01,1.506,11301691.92,756944.181
512480.SH,20240208,0.637,0.644,0.673,0.642,0.664,0.027,4.2386,13787427.2,912277.787
512480.SH,20240207,0.622,0.622,0.643,0.617,0.637,0.015,2.4116,13476429.96,855707.633
512480.SH,20240206,0.578,0.573,0.622,0.567,0.622,0.044,7.6125,18179379.42,1087947.567
512480.SH,20240205,0.592,0.587,0.595,0.548,0.578,-0.014,-2.3649,20290088.53,1162761.261
512480.SH,20240202,0.618,0.618,0.621,0.572,0.592,-0.026,-4.2071,19782357.9,1182138.866
512480.SH,20240201,0.611,0.605,0.631,0.602,0.618,0.007,1.1457,16248186.46,1003480.278
512480.SH,20240131,0.628,0.625,0.631,0.609,0.611,-0.017,-2.707,15075217.65,934023.288
512480.SH,20240130,0.655,0.65,0.656,0.627,0.628,-0.027,-4.1221,15521635.64,992972.324
512480.SH,20240129,0.675,0.675,0.685,0.654,0.655,-0.02,-2.963,13543240.85,901412.435
512480.SH,20240126,0.698,0.692,0.693,0.674,0.675,-0.023,-3.2951,16660058.41,1136140.976
512480.SH,20240125,0.682,0.68,0.701,0.673,0.698,0.016,2.346,16758957.23,1155429.248
512480.SH,20240124,0.684,0.687,0.69,0.657,0.682,-0.002,-0.2924,17082419.32,1150224.146
512480.SH,20240123,0.677,0.674,0.688,0.668,0.684,0.007,1.034,16427765.38,1118384.116
512480.SH,20240122,0.707,0.705,0.706,0.671,0.677,-0.03,-4.2433,12402774.41,857546.859
512480.SH,20240119,0.711,0.711,0.717,0.705,0.707,-0.004,-0.5626,10323038.59,733418.065
512480.SH,20240118,0.696,0.693,0.712,0.683,0.711,0.015,2.1552,16994540.54,1179677.845
512480.SH,20240117,0.717,0.716,0.718,0.695,0.696,-0.021,-2.9289,11255059.72,795152.987
512480.SH,20240116,0.719,0.716,0.722,0.706,0.717,-0.002,-0.2782,11570212.23,825749.079
512480.SH,20240115,0.713,0.708,0.729,0.707,0.719,0.006,0.8415,12844930.38,925559.281
512480.SH,20240112,0.727,0.724,0.727,0.713,0.713,-0.014,-1.9257,10281604.87,740474.608
512480.SH,20240111,0.717,0.714,0.731,0.713,0.727,0.01,1.3947,12667145.15,917472.305
512480.SH,20240110,0.725,0.721,0.728,0.709,0.717,-0.008,-1.1034,11607923.07,833091.655
512480.SH,20240109,0.724,0.729,0.735,0.717,0.725,0.001,0.1381,12296542.73,894338.351
512480.SH,20240108,0.749,0.745,0.747,0.724,0.724,-0.025,-3.3378,14075484.86,1028936.353
512480.SH,20240105,0.764,0.762,0.769,0.745,0.749,-0.015,-1.9634,12511926.0,946673.198
512480.SH,20240104,0.776,0.775,0.775,0.758,0.764,-0.012,-1.5464,12128476.26,927745.055
512480.SH,20240103,0.79,0.787,0.791,0.771,0.776,-0.014,-1.7722,13507901.92,1051662.625
512480.SH,20240102,0.804,0.804,0.805,0.789,0.79,-0.014,-1.7413,9583771.34,760146.214
512480.SH,20231229,0.799,0.798,0.806,0.797,0.804,0.005,0.6258,9950921.23,798492.701
512480.SH,20231228,0.782,0.781,0.803,0.778,0.799,0.017,2.1739,12136548.5,962090.536
512480.SH,20231227,0.771,0.773,0.787,0.772,0.782,0.011,1.4267,11644223.02,909696.948
512480.SH,20231226,0.79,0.789,0.79,0.768,0.771,-0.019,-2.4051,12392402.82,960496.617
512480.SH,20231225,0.795,0.793,0.799,0.786,0.79,-0.005,-0.6289,6641148.92,524982.761
512480.SH,20231222,0.805,0.805,0.807,0.792,0.795,-0.01,-1.2422,10782345.37,860986.699
512480.SH,20231221,0.8,0.796,0.811,0.791,0.805,0.005,0.625,10224879.94,818405.02
512480.SH,20231220,0.808,0.81,0.812,0.798,0.8,-0.008,-0.9901,7724557.11,620452.547
512480.SH,20231219,0.8,0.799,0.815,0.798,0.808,0.008,1.0,9472463.87,764104.716
512480.SH,20231218,0.814,0.81,0.811,0.796,0.8,-0.014,-1.7199,9901728.2,795346.983
512480.SH,20231215,0.821,0.823,0.826,0.811,0.814,-0.007,-0.8526,9354250.0,764203.972
512480.SH,20231214,0.824,0.827,0.833,0.82,0.821,-0.003,-0.3641,8215454.0,678553.641
512480.SH,20231213,0.832,0.829,0.837,0.823,0.824,-0.008,-0.9615,7143536.82,592021.617
512480.SH,20231212,0.832,0.831,0.838,0.827,0.832,0.0,0.0,8110516.84,674654.255
512480.SH,20231211,0.817,0.813,0.834,0.807,0.832,0.015,1.836,11572032.02,951790.779
512480.SH,20231208,0.806,0.807,0.818,0.806,0.817,0.011,1.3648,9959164.67,808952.869
512480.SH,20231207,0.814,0.813,0.816,0.802,0.806,-0.008,-0.9828,9247103.4,746529.908
512480.SH,20231206,0.815,0.813,0.821,0.812,0.814,-0.001,-0.1227,8393270.24,684769.565
512480.SH,20231205,0.84,0.836,0.837,0.815,0.815,-0.025,-2.9762,11455020.4,944021.9
512480.SH,20231204,0.847,0.847,0.851,0.839,0.84,-0.007,-0.8264,7388287.03,624732.187
512480.SH,20231201,0.844,0.843,0.848,0.834,0.847,0.003,0.3555,9368502.0,787389.026
512480.SH,20231130,0.847,0.845,0.846,0.836,0.844,-0.003,-0.3542,8912560.29,749143.989
512480.SH,20231129,0.847,0.848,0.858,0.846,0.847,0.0,0.0,11540487.41,982687.656
512480.SH,20231128,0.847,0.846,0.85,0.839,0.847,0.0,0.0,8371719.21,706877.445
512480.SH,20231127,0.834,0.83,0.847,0.828,0.847,0.013,1.5588,12358491.02,1038585.999
512480.SH,20231124,0.848,0.845,0.846,0.832,0.834,-0.014,-1.6509,10884774.77,910888.102
512480.SH,20231123,0.841,0.839,0.849,0.835,0.848,0.007,0.8323,11199669.33,943336.965
512480.SH,20231122,0.853,0.85,0.853,0.84,0.841,-0.012,-1.4068,11242792.98,950539.816
512480.SH,20231121,0.865,0.867,0.869,0.852,0.853,-0.012,-1.3873,12238817.53,1052126.824
512480.SH,20231120,0.868,0.871,0.872,0.858,0.865,-0.003,-0.3456,11749183.03,1014925.27
512480.SH,20231117,0.865,0.863,0.871,0.861,0.868,0.003,0.3468,9204120.26,796906.645
512480.SH,20231116,0.878,0.875,0.877,0.863,0.865,-0.013,-1.4806,11506478.85,999720.164
512480.SH,20231115,0.881,0.889,0.892,0.876,0.878,-0.003,-0.3405,11873550.06,1048522.113
512480.SH,20231114,0.872,0.871,0.882,0.868,0.881,0.009,1.0321,13111490.24,1151164.508
512480.SH,20231113,0.869,0.875,0.879,0.866,0.872,0.003,0.3452,11918399.29,1037655.751
512480.SH,20231110,0.871,0.866,0.881,0.864,0.869,-0.002,-0.2296,12475480.35,1087969.465
512480.SH,20231109,0.882,0.88,0.887,0.87,0.871,-0.011,-1.2472,11463424.74,1003891.783
512480.SH,20231108,0.88,0.877,0.891,0.875,0.882,0.002,0.2273,16551764.65,1460398.131
512480.SH,20231107,0.878,0.873,0.883,0.87,0.88,0.002,0.2278,11191700.78,981065.221
512480.SH,20231106,0.86,0.867,0.88,0.862,0.878,0.018,2.093,16702233.73,1456570.483
512480.SH,20231103,0.838,0.839,0.863,0.838,0.86,0.022,2.6253,16104626.92,1373026.026
512480.SH,20231102,0.849,0.852,0.855,0.836,0.838,-0.011,-1.2956,11190920.2,944563.289
512480.SH,20231101,0.854,0.855,0.858,0.845,0.849,-0.005,-0.5855,9751639.31,830346.22
512480.SH,20231031,0.854,0.858,0.865,0.846,0.854,0.0,0.0,12024629.87,1025500.792
512480.SH,20231030,0.817,0.818,0.858,0.818,0.854,0.037,4.5288,26472937.76,2235173.57
512480.SH,20231027,0.801,0.798,0.823,0.794,0.817,0.016,1.9975,15656113.54,1268233.246
512480.SH,20231026,0.805,0.799,0.804,0.79,0.801,-0.004,-0.4969,11097495.48,884169.682
512480.SH,20231025,0.8,0.805,0.808,0.797,0.805,0.005,0.625,11435564.23,917931.862
512480.SH,20231024,0.785,0.79,0.807,0.776,0.8,0.015,1.9108,15167257.74,1203467.456
512480.SH,20231023,0.806,0.801,0.803,0.781,0.785,-0.021,-2.6055,13047507.69,1029666.441
512480.SH,20231020,0.822,0.819,0.822,0.804,0.806,-0.016,-1.9465,13062946.04,1059244.474
512480.SH,20231019,0.812,0.806,0.837,0.804,0.822,0.01,1.2315,17612530.16,1457162.801
512480.SH,20231018,0.824,0.822,0.831,0.811,0.812,-0.012,-1.4563,11646190.0,954312.915
512480.SH,20231017,0.815,0.816,0.826,0.81,0.824,0.009,1.1043,10531728.0,862485.065
512480.SH,20231016,0.839,0.836,0.838,0.812,0.815,-0.024,-2.8605,13099664.93,1075096.607
512480.SH,20231013,0.84,0.833,0.844,0.831,0.839,-0.001,-0.119,10525041.22,882738.507
512480.SH,20231012,0.835,0.837,0.842,0.827,0.84,0.005,0.5988,12071854.71,1008578.113
512480.SH,20231011,0.822,0.823,0.838,0.82,0.835,0.013,1.5815,15916681.45,1322329.809
512480.SH,20231010,0.815,0.816,0.828,0.815,0.822,0.007,0.8589,13558245.02,1115297.576
512480.SH,20231009,0.81,0.806,0.819,0.803,0.815,0.005,0.6173,10945661.79,888844.817
512480.SH,20230928,0.8,0.801,0.814,0.796,0.81,0.01,1.25,12384205.85,997430.02
512480.SH,20230927,0.8,0.797,0.809,0.797,0.8,0.0,0.0,9897047.09,793412.01
512480.SH,20230926,0.807,0.805,0.809,0.798,0.8,-0.007,-0.8674,9595226.4,769812.146
512480.SH,20230925,0.815,0.815,0.815,0.806,0.807,-0.008,-0.9816,9161053.92,741422.253
512480.SH,20230922,0.798,0.795,0.816,0.793,0.815,0.017,2.1303,13613793.17,1097927.989
512480.SH,20230921,0.8,0.797,0.804,0.794,0.798,-0.002,-0.25,9455896.27,755863.25
512480.SH,20230920,0.811,0.809,0.816,0.799,0.8,-0.011,-1.3564,9783784.97,787510.977
512480.SH,20230919,0.815,0.815,0.819,0.802,0.811,-0.004,-0.4908,14087732.01,1141639.594
512480.SH,20230918,0.829,0.824,0.826,0.813,0.815,-0.014,-1.6888,12741748.23,1043457.3
512480.SH,20230915,0.818,0.822,0.842,0.811,0.829,0.011,1.3447,17499321.32,1446428.029
512480.SH,20230914,0.83,0.829,0.831,0.814,0.818,-0.012,-1.4458,14111302.26,1156026.799
512480.SH,20230913,0.839,0.837,0.845,0.822,0.83,-0.009,-1.0727,17138653.48,1422989.716
512480.SH,20230912,0.848,0.846,0.85,0.838,0.839,-0.009,-1.0613,10352104.23,871294.938
512480.SH,20230911,0.846,0.846,0.856,0.841,0.848,0.002,0.2364,13197795.34,1120558.285
512480.SH,20230908,0.838,0.832,0.854,0.832,0.846,0.008,0.9547,16386811.71,1386875.168
512480.SH,20230907,0.871,0.865,0.866,0.838,0.838,-0.033,-3.7887,21442586.98,1821211.979
512480.SH,20230906,0.848,0.844,0.874,0.842,0.871,0.023,2.7123,24588942.56,2119786.106
512480.SH,20230905,0.85,0.852,0.864,0.845,0.848,-0.002,-0.2353,20318619.39,1736509.61
512480.SH,20230904,0.838,0.841,0.851,0.834,0.85,0.012,1.432,14783662.7,1242548.527
512480.SH,20230901,0.844,0.846,0.854,0.831,0.838,-0.006,-0.7109,12997990.4,1092524.769
512480.SH,20230831,0.836,0.83,0.849,0.827,0.844,0.008,0.9569,18298679.72,1539026.332
512480.SH,20230830,0.813,0.827,0.849,0.824,0.836,0.023,2.829,31361866.97,2625504.021
512480.SH,20230829,0.782,0.778,0.816,0.778,0.813,0.031,3.9642,22845734.04,1831225.181
512480.SH,20230828,0.778,0.824,0.827,0.779,0.782,0.004,0.5141,18019641.26,1440433.15
512480.SH,20230825,0.797,0.79,0.791,0.773,0.778,-0.019,-2.3839,15429546.0,1206373.9
512480.SH,20230824,0.783,0.789,0.804,0.784,0.797,0.014,1.788,15648713.89,1244092.24
512480.SH,20230823,0.804,0.8,0.8,0.782,0.783,-0.021,-2.6119,12764378.66,1009336.414
512480.SH,20230822,0.792,0.796,0.805,0.78,0.804,0.012,1.5152,16410930.2,1302336.402
512480.SH,20230821,0.802,0.801,0.807,0.791,0.792,-0.01,-1.2469,12297863.73,982542.555
512480.SH,20230818,0.813,0.815,0.819,0.802,0.802,-0.011,-1.353,11294540.0,915716.123
512480.SH,20230817,0.805,0.801,0.817,0.798,0.813,0.008,0.9938,13517431.32,1093014.48
512480.SH,20230816,0.823,0.818,0.826,0.804,0.805,-0.018,-2.1871,19356121.96,1571700.62
512480.SH,20230815,0.844,0.843,0.847,0.815,0.823,-0.021,-2.4882,18117396.02,1497820.112
512480.SH,20230814,0.85,0.842,0.844,0.834,0.844,-0.006,-0.7059,13729191.33,1152729.653
512480.SH,20230811,0.87,0.87,0.871,0.85,0.85,-0.02,-2.2989,16392681.12,1407048.837
512480.SH,20230810,0.867,0.868,0.874,0.866,0.87,0.003,0.346,9788439.25,851382.141
512480.SH,20230809,0.877,0.875,0.877,0.867,0.867,-0.01,-1.1403,13449569.51,1170404.714
512480.SH,20230808,0.88,0.879,0.885,0.876,0.877,-0.003,-0.3409,11246792.75,989358.007
512480.SH,20230807,0.885,0.885,0.887,0.879,0.88,-0.005,-0.565,10241393.7,903078.708
512480.SH,20230804,0.89,0.893,0.895,0.879,0.885,-0.005,-0.5618,18902130.37,1674871.89
512480.SH,20230803,0.888,0.884,0.892,0.881,0.89,0.002,0.2252,11537310.68,1024709.169
512480.SH,20230802,0.888,0.887,0.894,0.885,0.888,0.0,0.0,13623551.32,1212096.506
512480.SH,20230801,0.888,0.887,0.891,0.883,0.888,0.0,0.0,12723402.07,1128323.834
512480.SH,20230731,0.878,0.878,0.89,0.874,0.888,0.01,1.139,18287340.38,1617363.829
512480.SH,20230728,0.875,0.872,0.881,0.867,0.878,0.003,0.3429,18881890.9,1651793.472
512480.SH,20230727,0.888,0.886,0.889,0.872,0.875,-0.013,-1.464,18987165.91,1671320.628
512480.SH,20230726,0.89,0.889,0.895,0.885,0.888,-0.002,-0.2247,11113011.87,987959.815
512480.SH,20230725,0.877,0.887,0.892,0.879,0.89,0.013,1.4823,15362042.0,1360660.851
512480.SH,20230724,0.883,0.879,0.887,0.875,0.877,-0.006,-0.6795,12238590.0,1076718.86
512480.SH,20230721,0.887,0.884,0.892,0.88,0.883,-0.004,-0.451,13176445.11,1165849.028
512480.SH,20230720,0.904,0.905,0.906,0.885,0.887,-0.017,-1.8805,17683461.28,1580737.422
512480.SH,20230719,0.913,0.91,0.918,0.899,0.904,-0.009,-0.9858,16595941.56,1503556.392
512480.SH,20230718,0.912,0.913,0.929,0.912,0.913,0.001,0.1096,14944165.98,1374549.165
512480.SH,20230717,0.921,0.917,0.917,0.908,0.912,-0.009,-0.9772,12561402.99,1144853.694
512480.SH,20230714,0.919,0.924,0.934,0.919,0.921,0.002,0.2176,13842176.03,1279189.495
512480.SH,20230713,0.901,0.906,0.922,0.903,0.919,0.018,1.9978,16565061.31,1516447.938
512480.SH,20230712,0.921,0.92,0.925,0.898,0.901,-0.02,-2.1716,19321930.27,1757214.238
512480.SH,20230711,0.898,0.899,0.923,0.898,0.921,0.023,2.5612,19374971.05,1773582.422
512480.SH,20230710,0.896,0.898,0.907,0.894,0.898,0.002,0.2232,10379995.0,933852.751
512480.SH,20230707,0.911,0.906,0.907,0.891,0.896,-0.015,-1.6465,13476715.0,1211559.831
512480.SH,20230706,0.91,0.906,0.921,0.905,0.911,0.001,0.1099,11080519.57,1012228.239
512480.SH,20230705,0.918,0.915,0.924,0.909,0.91,-0.008,-0.8715,13710764.9,1255838.829
512480.SH,20230704,0.899,0.901,0.928,0.894,0.918,0.019,2.1135,21998867.5,2005682.577
512480.SH,20230703,0.894,0.897,0.905,0.89,0.899,0.005,0.5593,12642604.99,1133359.836
512480.SH,20230630,0.885,0.881,0.897,0.877,0.894,0.009,1.0169,12620340.17,1123784.142
512480.SH,20230629,0.887,0.887,0.9,0.885,0.885,-0.002,-0.2255,12083006.01,1076165.531
512480.SH,20230628,0.891,0.891,0.9,0.873,0.887,-0.004,-0.4489,17057838.37,1512792.056
512480.SH,20230627,0.892,0.894,0.902,0.887,0.891,-0.001,-0.1121,14557113.97,1298406.249
512480.SH,20230626,0.905,0.895,0.907,0.882,0.892,-0.013,-1.4365,18261117.73,1631061.986
512480.SH,20230621,0.943,0.938,0.938,0.904,0.905,-0.038,-4.0297,21050249.48,1933316.927
512480.SH,20230620,0.945,0.943,0.949,0.935,0.943,-0.002,-0.2116,15131426.18,1423877.066
512480.SH,20230619,0.941,0.939,0.951,0.933,0.945,0.004,0.4251,17291523.57,1632803.453
512480.SH,20230616,0.934,0.933,0.942,0.926,0.941,0.007,0.7495,17405489.88,1626435.133
512480.SH,20230615,0.939,0.943,0.945,0.928,0.934,-0.005,-0.5325,18223796.71,1702939.932
512480.SH,20230614,0.942,0.941,0.945,0.933,0.939,-0.003,-0.3185,13241655.9,1243367.81
512480.SH,20230613,0.912,0.915,0.946,0.91,0.942,0.03,3.2895,23729024.33,2207098.954
512480.SH,20230612,0.914,0.909,0.921,0.908,0.912,-0.002,-0.2188,12543967.38,1147523.012
512480.SH,20230609,0.901,0.901,0.914,0.891,0.914,0.013,1.4428,15417079.23,1386611.054
512480.SH,20230608,0.919,0.913,0.914,0.896,0.901,-0.018,-1.9587,14719034.22,1327599.728
512480.SH,20230607,0.916,0.918,0.928,0.912,0.919,0.003,0.3275,12511887.12,1150210.267
512480.SH,20230606,0.945,0.938,0.938,0.913,0.916,-0.029,-3.0688,18402924.64,1704788.223
512480.SH,20230605,0.942,0.948,0.966,0.943,0.945,0.003,0.3185,18298757.37,1746152.776
512480.SH,20230602,0.946,0.949,0.951,0.932,0.942,-0.004,-0.4228,16028927.71,1509698.688
512480.SH,20230601,0.949,0.942,0.954,0.936,0.946,-0.003,-0.3161,18029648.55,1701809.417
512480.SH,20230531,0.941,0.938,0.949,0.933,0.949,0.008,0.8502,18203736.22,1714177.64
512480.SH,20230530,0.936,0.932,0.943,0.922,0.941,0.005,0.5342,19592861.61,1823773.611
512480.SH,20230529,0.929,0.939,0.949,0.929,0.936,0.007,0.7535,21328827.22,2005582.607
512480.SH,20230526,0.914,0.916,0.932,0.914,0.929,0.015,1.6411,22434955.64,2075742.837
512480.SH,20230525,0.905,0.906,0.917,0.896,0.914,0.009,0.9945,18733370.26,1698501.092
512480.SH,20230524,0.903,0.898,0.918,0.891,0.905,0.002,0.2215,18219255.91,1647845.644
512480.SH,20230523,0.922,0.917,0.918,0.902,0.903,-0.019,-2.0607,15784903.41,1435540.937
512480.SH,20230522,0.93,0.935,0.942,0.916,0.922,-0.008,-0.8602,16779669.62,1550390.578
512480.SH,20230519,0.911,0.915,0.936,0.914,0.93,0.019,2.0856,27110858.3,2512645.324
512480.SH,20230518,0.907,0.909,0.917,0.905,0.911,0.004,0.441,16160930.16,1472383.807
512480.SH,20230517,0.9,0.895,0.916,0.894,0.907,0.007,0.7778,18491465.19,1678144.374
512480.SH,20230516,0.893,0.894,0.908,0.885,0.9,0.007,0.7839,20129674.62,1806228.414
512480.SH,20230515,0.885,0.88,0.893,0.874,0.893,0.008,0.904,18241124.26,1609289.297
512480.SH,20230512,0.896,0.899,0.913,0.885,0.885,-0.011,-1.2277,20530777.76,1845859.436
512480.SH,20230511,0.892,0.9,0.907,0.893,0.896,0.004,0.4484,14880339.61,1337412.56
512480.SH,20230510,0.904,0.901,0.907,0.883,0.892,-0.012,-1.3274,21833349.6,1951356.578
512480.SH,20230509,0.924,0.925,0.929,0.903,0.904,-0.02,-2.1645,27796489.93,2546804.891
512480.SH,20230508,0.922,0.921,0.934,0.913,0.924,0.002,0.2169,18871500.61,1744808.773
512480.SH,20230505,0.932,0.933,0.944,0.92,0.922,-0.01,-1.073,18446353.03,1714646.404
512480.SH,20230504,0.961,0.954,0.954,0.93,0.932,-0.029,-3.0177,19132062.83,1791616.209
512480.SH,20230428,0.945,0.937,0.966,0.936,0.961,0.016,1.6931,25671863.94,2453627.44
512480.SH,20230427,0.943,0.936,0.964,0.933,0.945,0.002,0.2121,22879626.11,2169866.767
512480.SH,20230426,0.97,0.96,0.97,0.932,0.943,-0.027,-2.7835,26484115.89,2509665.964
512480.SH,20230425,0.993,0.992,1.0,0.958,0.97,-0.023,-2.3162,20821962.23,2035781.86
512480.SH,20230424,1.021,1.01,1.02,0.981,0.993,-0.028,-2.7424,22362761.11,2226531.262
512480.SH,20230421,1.084,1.08,1.08,1.017,1.021,-0.063,-5.8118,31042796.79,3229557.269
512480.SH,20230420,1.053,1.047,1.086,1.045,1.084,0.031,2.944,22241635.08,2388979.355
512480.SH,20230419,1.049,1.053,1.077,1.046,1.053,0.004,0.3813,20622830.39,2187895.729
512480.SH,20230418,1.074,1.07,1.07,1.033,1.049,-0.025,-2.3277,21317481.41,2232683.343
512480.SH,20230417,1.085,1.083,1.091,1.067,1.074,-0.011,-1.0138,15550038.28,1674932.691
512480.SH,20230414,1.032,1.045,1.085,1.02,1.085,0.053,5.1357,23394744.77,2468851.218
512480.SH,20230413,1.074,1.064,1.072,1.03,1.032,-0.042,-3.9106,17584081.66,1840891.834
512480.SH,20230412,1.058,1.056,1.082,1.043,1.074,0.016,1.5123,15686247.47,1673940.326
512480.SH,20230411,1.062,1.063,1.081,1.04,1.058,-0.004,-0.3766,17855515.98,1892056.989
512480.SH,20230410,1.102,1.104,1.118,1.055,1.062,-0.04,-3.6298,20315854.34,2203987.272
512480.SH,20230407,1.089,1.091,1.111,1.076,1.102,0.013,1.1938,14955599.99,1632479.285
512480.SH,20230406,1.042,1.036,1.12,1.035,1.089,0.047,4.5106,26790972.51,2911505.693
512480.SH,20230404,1.028,1.025,1.066,1.018,1.042,0.014,1.3619,23862009.64,2494521.268
512480.SH,20230403,0.977,0.991,1.029,0.991,1.028,0.051,5.2201,23355846.09,2358277.435
512480.SH,20230331,0.969,0.968,0.978,0.959,0.977,0.008,0.8256,11839642.44,1148489.188
512480.SH,20230330,0.96,0.96,0.982,0.955,0.969,0.009,0.9375,16152213.78,1568473.189
512480.SH,20230329,0.931,0.929,0.974,0.923,0.96,0.029,3.1149,21332569.0,2022920.47
512480.SH,20230328,0.959,0.954,0.958,0.928,0.931,-0.028,-2.9197,17007919.32,1600914.816
512480.SH,20230327,0.971,0.968,0.978,0.948,0.959,-0.012,-1.2358,14901480.29,1434613.411
512480.SH,20230324,0.979,0.98,0.984,0.959,0.971,-0.008,-0.8172,15566639.44,1511057.845
512480.SH,20230323,0.938,0.933,0.98,0.932,0.979,0.041,4.371,24897150.05,2395445.471
512480.SH,20230322,0.936,0.936,0.942,0.928,0.938,0.002,0.2137,12097170.75,1131906.626
512480.SH,20230321,0.939,0.936,0.944,0.926,0.936,-0.003,-0.3195,13284611.76,1240827.986
512480.SH,20230320,0.922,0.92,0.948,0.914,0.939,0.017,1.8438,19657971.78,1838829.716
512480.SH,20230317,0.904,0.912,0.926,0.901,0.922,0.018,1.9912,17992676.19,1645892.198
512480.SH,20230316,0.906,0.9,0.918,0.897,0.904,-0.002,-0.2208,14688177.23,1334296.169
512480.SH,20230315,0.906,0.907,0.928,0.902,0.906,0.0,0.0,18554087.61,1694666.331
512480.SH,20230314,0.879,0.875,0.91,0.869,0.906,0.027,3.0717,23261982.81,2074259.439
512480.SH,20230313,0.878,0.873,0.882,0.867,0.879,0.001,0.1139,10442418.15,912568.032
512480.SH,20230310,0.883,0.876,0.893,0.873,0.878,-0.005,-0.5663,12299376.07,1085854.785
512480.SH,20230309,0.874,0.875,0.894,0.874,0.883,0.009,1.0297,13845928.45,1225914.094
512480.SH,20230308,0.865,0.862,0.876,0.86,0.874,0.009,1.0405,10915734.16,949800.252
512480.SH,20230307,0.891,0.889,0.893,0.864,0.865,-0.026,-2.9181,15254292.01,1338486.149
512480.SH,20230306,0.886,0.887,0.897,0.875,0.891,0.005,0.5643,11800766.6,1045672.952
512480.SH,20230303,0.864,0.878,0.889,0.871,0.886,0.022,2.5463,18613296.26,1642666.554
512480.SH,20230302,0.871,0.871,0.88,0.863,0.864,-0.007,-0.8037,9679211.2,842264.749
512480.SH,20230301,0.86,0.86,0.872,0.858,0.871,0.011,1.2791,11197571.86,969499.631
512480.SH,20230228,0.855,0.859,0.865,0.85,0.86,0.005,0.5848,8110345.2,695201.237
512480.SH,20230227,0.873,0.868,0.87,0.853,0.855,-0.018,-2.0619,10444470.0,898480.719
512480.SH,20230224,0.872,0.878,0.883,0.867,0.873,0.001,0.1147,10923401.16,955318.005
512480.SH,20230223,0.875,0.875,0.878,0.869,0.872,-0.003,-0.3429,8659194.98,756442.315
512480.SH,20230222,0.877,0.871,0.882,0.868,0.875,-0.002,-0.2281,8902450.84,777944.919
512480.SH,20230221,0.881,0.88,0.887,0.87,0.877,-0.004,-0.454,11101475.1,975057.367
512480.SH,20230220,0.872,0.869,0.882,0.862,0.881,0.009,1.0321,12953644.33,1128279.455
512480.SH,20230217,0.902,0.899,0.902,0.871,0.872,-0.03,-3.3259,18202476.32,1607614.61
512480.SH,20230216,0.926,0.924,0.936,0.894,0.902,-0.024,-2.5918,15886426.88,1456391.995
512480.SH,20230215,0.915,0.914,0.927,0.906,0.926,0.011,1.2022,11927475.99,1095147.403
512480.SH,20230214,0.919,0.92,0.938,0.91,0.915,-0.004,-0.4353,11544434.69,1063597.779
512480.SH,20230213,0.914,0.909,0.925,0.904,0.919,0.005,0.547,12185461.67,1115578.254
512480.SH,20230210,0.923,0.92,0.928,0.907,0.914,-0.009,-0.9751,13989335.71,1283489.643
512480.SH,20230209,0.883,0.878,0.923,0.875,0.923,0.04,4.53,18622658.11,1683103.27
512480.SH,20230208,0.893,0.896,0.907,0.882,0.883,-0.01,-1.1198,9266915.47,827342.661
512480.SH,20230207,0.896,0.896,0.9,0.888,0.893,-0.003,-0.3348,6502026.0,580480.696
512480.SH,20230206,0.909,0.902,0.91,0.892,0.896,-0.013,-1.4301,8289008.95,744883.96
512480.SH,20230203,0.906,0.903,0.916,0.892,0.909,0.003,0.3311,11698384.3,1056412.689
512480.SH,20230202,0.893,0.899,0.921,0.896,0.906,0.013,1.4558,14618027.51,1326409.71
512480.SH,20230201,0.879,0.88,0.896,0.878,0.893,0.014,1.5927,10857642.44,963750.933
512480.SH,20230131,0.898,0.896,0.899,0.875,0.879,-0.019,-2.1158,12826624.14,1132193.614
512480.SH,20230130,0.903,0.913,0.917,0.896,0.898,-0.005,-0.5537,13129855.0,1186139.814
512480.SH,20230120,0.9,0.9,0.904,0.896,0.903,0.003,0.3333,9798275.26,882529.0
512480.SH,20230119,0.879,0.878,0.901,0.875,0.9,0.021,2.3891,10630906.96,948584.528
512480.SH,20230118,0.882,0.883,0.886,0.876,0.879,-0.003,-0.3401,5683713.58,500479.288
512480.SH,20230117,0.861,0.861,0.889,0.859,0.882,0.021,2.439,14473555.93,1274045.223
512480.SH,20230116,0.837,0.829,0.867,0.828,0.861,0.024,2.8674,15689287.12,1336818.891
512480.SH,20230113,0.836,0.838,0.84,0.828,0.837,0.001,0.1196,7494279.14,624198.672
512480.SH,20230112,0.839,0.839,0.842,0.831,0.836,-0.003,-0.3576,6657078.09,555735.673
512480.SH,20230111,0.847,0.849,0.863,0.837,0.839,-0.008,-0.9445,10181177.52,866572.58
512480.SH,20230110,0.841,0.84,0.858,0.838,0.847,0.006,0.7134,10675337.0,906204.613
512480.SH,20230109,0.835,0.839,0.853,0.836,0.841,0.006,0.7186,9709452.29,818355.669
512480.SH,20230106,0.838,0.834,0.844,0.828,0.835,-0.003,-0.358,9665574.54,808303.56
512480.SH,20230105,0.83,0.829,0.842,0.825,0.838,0.008,0.9639,8209515.66,684598.534
512480.SH,20230104,0.836,0.835,0.849,0.824,0.83,-0.006,-0.7177,7913176.49,660140.883
512480.SH,20230103,0.824,0.823,0.836,0.813,0.836,0.012,1.4563,6088794.37,503074.118
512480.SH,20221230,0.828,0.833,0.838,0.821,0.824,-0.004,-0.4831,4808232.0,397567.221
512480.SH,20221229,0.832,0.828,0.838,0.826,0.828,-0.004,-0.4808,4498209.31,374035.509
512480.SH,20221228,0.84,0.836,0.84,0.83,0.832,-0.008,-0.9524,4344327.34,362111.375
512480.SH,20221227,0.83,0.83,0.844,0.824,0.84,0.01,1.2048,6308458.31,526571.003
512480.SH,20221226,0.807,0.807,0.833,0.807,0.83,0.023,2.8501,8146229.42,672028.315
512480.SH,20221223,0.826,0.818,0.823,0.8,0.807,-0.019,-2.3002,8308059.67,673357.64
512480.SH,20221222,0.841,0.843,0.845,0.823,0.826,-0.015,-1.7836,6513047.5,543021.113
512480.SH,20221221,0.852,0.853,0.858,0.833,0.841,-0.011,-1.2911,6619510.55,558655.741
512480.SH,20221220,0.851,0.847,0.862,0.847,0.852,0.001,0.1175,6402464.53,546759.779
512480.SH,20221219,0.873,0.87,0.877,0.847,0.851,-0.022,-2.52,8280539.08,711664.333
512480.SH,20221216,0.892,0.888,0.89,0.87,0.873,-0.019,-2.13,11609356.0,1016363.34
512480.SH,20221215,0.879,0.874,0.903,0.868,0.892,0.013,1.479,11913725.36,1063568.306
512480.SH,20221214,0.879,0.909,0.913,0.877,0.879,0.0,0.0,16200246.54,1447650.552
512480.SH,20221213,0.893,0.889,0.89,0.878,0.879,-0.014,-1.5677,7192623.23,634487.32
512480.SH,20221212,0.877,0.878,0.902,0.87,0.893,0.016,1.8244,11893373.72,1056928.57
512480.SH,20221209,0.867,0.868,0.884,0.868,0.877,0.01,1.1534,9830392.05,861204.51
512480.SH,20221208,0.882,0.881,0.882,0.866,0.867,-0.015,-1.7007,7269855.47,633226.483
512480.SH,20221207,0.891,0.887,0.887,0.878,0.882,-0.009,-1.0101,8554005.99,754804.535
512480.SH,20221206,0.874,0.873,0.901,0.871,0.891,0.017,1.9451,13382745.04,1190101.709
512480.SH,20221205,0.869,0.873,0.878,0.863,0.874,0.005,0.5754,7869159.06,684463.688
512480.SH,20221202,0.876,0.872,0.883,0.868,0.869,-0.007,-0.7991,6343809.44,554216.524
512480.SH,20221201,0.864,0.878,0.888,0.873,0.876,0.012,1.3889,9031319.55,794871.241
512480.SH,20221130,0.869,0.867,0.874,0.858,0.864,-0.005,-0.5754,6663945.23,575617.206
512480.SH,20221129,0.853,0.855,0.873,0.847,0.869,0.016,1.8757,8361251.23,719921.843
512480.SH,20221128,0.864,0.848,0.86,0.845,0.853,-0.011,-1.2731,5890928.0,502374.977
512480.SH,20221125,0.871,0.869,0.887,0.863,0.864,-0.007,-0.8037,6645899.54,580138.461
512480.SH,20221124,0.879,0.88,0.884,0.869,0.871,-0.008,-0.9101,5314992.93,464988.254
512480.SH,20221123,0.887,0.884,0.89,0.861,0.879,-0.008,-0.9019,8371838.82,732457.747
512480.SH,20221122,0.895,0.894,0.906,0.882,0.887,-0.008,-0.8939,6620979.39,592339.661
512480.SH,20221121,0.903,0.89,0.905,0.886,0.895,-0.008,-0.8859,6322021.45,564308.827
512480.SH,20221118,0.926,0.918,0.933,0.898,0.903,-0.023,-2.4838,10389261.56,948596.836
512480.SH,20221117,0.904,0.897,0.929,0.881,0.926,0.022,2.4336,12882624.11,1163269.105
512480.SH,20221116,0.92,0.919,0.92,0.899,0.904,-0.016,-1.7391,8763733.71,795712.252
512480.SH,20221115,0.864,0.865,0.922,0.858,0.92,0.056,6.4815,17041198.24,1531315.064
512480.SH,20221114,0.855,0.855,0.873,0.846,0.864,0.009,1.0526,7001391.23,603283.871
512480.SH,20221111,0.843,0.879,0.879,0.854,0.855,0.012,1.4235,9287829.4,806136.655
512480.SH,20221110,0.867,0.86,0.871,0.84,0.843,-0.024,-2.7682,8037444.0,685321.34
512480.SH,20221109,0.875,0.875,0.881,0.866,0.867,-0.008,-0.9143,4709765.67,410619.133
512480.SH,20221108,0.885,0.885,0.889,0.868,0.875,-0.01,-1.1299,5250950.0,459116.356
512480.SH,20221107,0.898,0.893,0.905,0.881,0.885,-0.013,-1.4477,6842344.2,609105.891
512480.SH,20221104,0.89,0.889,0.903,0.881,0.898,0.008,0.8989,8482230.32,755712.409
512480.SH,20221103,0.862,0.853,0.894,0.851,0.89,0.028,3.2483,10171436.49,894584.48
512480.SH,20221102,0.86,0.856,0.875,0.855,0.862,0.002,0.2326,7455827.18,645313.759
512480.SH,20221101,0.855,0.852,0.861,0.842,0.86,0.005,0.5848,7638672.14,650481.969
512480.SH,20221031,0.837,0.827,0.861,0.823,0.855,0.018,2.1505,7893926.97,672443.373
512480.SH,20221028,0.848,0.84,0.869,0.832,0.837,-0.011,-1.2972,9121835.74,778299.437
512480.SH,20221027,0.843,0.839,0.864,0.833,0.848,0.005,0.5931,7290746.07,616772.151
512480.SH,20221026,0.821,0.821,0.849,0.81,0.843,0.022,2.6797,7881490.0,658118.642
512480.SH,20221025,0.826,0.82,0.834,0.811,0.821,-0.005,-0.6053,6074230.96,499743.901
512480.SH,20221024,0.824,0.821,0.85,0.82,0.826,0.002,0.2427,8390740.89,702078.349
512480.SH,20221021,0.839,0.83,0.836,0.811,0.824,-0.015,-1.7878,9607825.99,788728.914
512480.SH,20221020,0.797,0.792,0.846,0.791,0.839,0.042,5.2698,13091103.62,1079209.445
512480.SH,20221019,0.802,0.798,0.81,0.795,0.797,-0.005,-0.6234,4527902.93,362970.773
512480.SH,20221018,0.81,0.812,0.814,0.796,0.802,-0.008,-0.9877,5130714.16,411478.419
512480.SH,20221017,0.793,0.784,0.813,0.781,0.81,0.017,2.1438,7855473.73,629095.786
512480.SH,20221014,0.774,0.785,0.794,0.771,0.793,0.019,2.4548,8231548.8,646045.336
512480.SH,20221013,0.78,0.77,0.787,0.767,0.774,-0.006,-0.7692,6104628.29,475454.818
512480.SH,20221012,0.749,0.745,0.78,0.74,0.78,0.031,4.1389,9310926.27,705166.322
512480.SH,20221011,0.76,0.754,0.76,0.743,0.749,-0.011,-1.4474,6351945.48,475926.922
512480.SH,20221010,0.819,0.808,0.808,0.759,0.76,-0.059,-7.2039,10803823.54,835605.351
512480.SH,20220930,0.839,0.837,0.841,0.816,0.819,-0.02,-2.3838,4791453.07,397027.121
512480.SH,20220929,0.839,0.846,0.853,0.835,0.839,0.0,0.0,4171037.0,351533.494
512480.SH,20220928,0.864,0.86,0.861,0.838,0.839,-0.025,-2.8935,4500271.23,381763.286
512480.SH,20220927,0.845,0.846,0.865,0.843,0.864,0.019,2.2485,5784009.29,495572.55
512480.SH,20220926,0.844,0.836,0.856,0.834,0.845,0.001,0.1185,4881339.38,413507.786
512480.SH,20220923,0.868,0.868,0.871,0.838,0.844,-0.024,-2.765,5834888.23,496443.238
512480.SH,20220922,0.871,0.864,0.879,0.863,0.868,-0.003,-0.3444,4362531.0,379972.047
512480.SH,20220921,0.889,0.883,0.883,0.865,0.871,-0.018,-2.0247,5776867.29,503744.038
512480.SH,20220920,0.888,0.892,0.896,0.875,0.889,0.001,0.1126,4667705.69,413497.915
512480.SH,20220919,0.905,0.904,0.917,0.885,0.888,-0.017,-1.8785,6015530.85,540653.079
512480.SH,20220916,0.911,0.908,0.925,0.904,0.905,-0.006,-0.6586,7574803.69,693796.678
512480.SH,20220915,0.942,0.939,0.942,0.901,0.911,-0.031,-3.2909,9898798.49,908587.997
512480.SH,20220914,0.939,0.925,0.944,0.921,0.942,0.003,0.3195,5937327.78,554276.767
512480.SH,20220913,0.939,0.942,0.956,0.938,0.939,0.0,0.0,4950485.0,467813.139
512480.SH,20220909,0.942,0.943,0.946,0.928,0.939,-0.003,-0.3185,5316192.66,496655.584
512480.SH,20220908,0.955,0.949,0.955,0.941,0.942,-0.013,-1.3613,4937037.62,467108.839
512480.SH,20220907,0.932,0.934,0.963,0.932,0.955,0.023,2.4678,10953020.7,1042047.731
512480.SH,20220906,0.924,0.926,0.932,0.919,0.932,0.008,0.8658,5765983.0,534509.744
512480.SH,20220905,0.93,0.926,0.933,0.906,0.924,-0.006,-0.6452,6610013.94,607813.77
512480.SH,20220902,0.917,0.918,0.934,0.913,0.93,0.013,1.4177,7185637.07,666214.579
512480.SH,20220901,0.925,0.931,0.944,0.914,0.917,-0.008,-0.8649,6331881.56,587534.998
512480.SH,20220831,0.935,0.929,0.938,0.918,0.925,-0.01,-1.0695,6352635.82,588762.308
512480.SH,20220830,0.928,0.929,0.942,0.925,0.935,0.007,0.7543,5105844.08,476323.923
512480.SH,20220829,0.929,0.913,0.937,0.91,0.928,-0.001,-0.1076,5632029.53,522918.636
512480.SH,20220826,0.945,0.948,0.951,0.928,0.929,-0.016,-1.6931,7056027.25,661663.661
512480.SH,20220825,0.949,0.949,0.956,0.931,0.945,-0.004,-0.4215,6756104.34,636331.895
512480.SH,20220824,0.996,0.996,0.998,0.947,0.949,-0.047,-4.7189,12417478.35,1198674.492
512480.SH,20220823,1.002,0.997,1.008,0.992,0.996,-0.006,-0.5988,4519320.88,450854.221
512480.SH,20220822,1.002,0.996,1.01,0.987,1.002,0.0,0.0,5493454.69,549395.576
512480.SH,20220819,1.032,1.028,1.049,1.001,1.002,-0.03,-2.907,9095566.81,928291.222
512480.SH,20220818,1.025,1.023,1.035,1.012,1.032,0.007,0.6829,8985136.64,921588.115
512480.SH,20220817,1.023,1.021,1.028,1.01,1.025,0.002,0.1955,7295510.93,743309.25
512480.SH,20220816,1.032,1.03,1.04,1.018,1.023,-0.009,-0.8721,7468762.8,766457.244
512480.SH,20220815,1.043,1.036,1.051,1.03,1.032,-0.011,-1.0547,6005812.57,622062.134
512480.SH,20220812,1.069,1.06,1.071,1.041,1.043,-0.026,-2.4322,6794736.24,717483.74
512480.SH,20220811,1.051,1.053,1.079,1.053,1.069,0.018,1.7127,8779022.08,937528.821
512480.SH,20220810,1.062,1.043,1.076,1.035,1.051,-0.011,-1.0358,11946989.46,1267480.598
512480.SH,20220809,1.051,1.037,1.064,1.017,1.062,0.011,1.0466,14148519.92,1467281.651
512480.SH,20220808,1.064,1.072,1.075,1.035,1.051,-0.013,-1.2218,11666315.69,1225739.129
512480.SH,20220805,0.983,0.986,1.065,0.98,1.064,0.081,8.2401,16469677.45,1698182.371
512480.SH,20220804,0.965,0.972,0.993,0.966,0.983,0.018,1.8653,8005802.33,785005.763
512480.SH,20220803,0.931,0.936,0.986,0.931,0.965,0.034,3.652,12662577.11,1218348.025
512480.SH,20220802,0.935,0.921,0.949,0.911,0.931,-0.004,-0.4278,6657013.19,621516.65
512480.SH,20220801,0.922,0.916,0.935,0.898,0.935,0.013,1.41,5472015.0,503589.018
512480.SH,20220729,0.947,0.945,0.946,0.92,0.922,-0.025,-2.6399,5500414.65,511471.688
512480.SH,20220728,0.926,0.934,0.955,0.933,0.947,0.021,2.2678,8352410.39,790844.043
512480.SH,20220727,0.937,0.933,0.935,0.921,0.926,-0.011,-1.174,4467743.5,414116.025
512480.SH,20220726,0.932,0.93,0.937,0.918,0.937,0.005,0.5365,4377784.52,406175.527
512480.SH,20220725,0.944,0.938,0.952,0.928,0.932,-0.012,-1.2712,3664865.76,343260.621
512480.SH,20220722,0.959,0.964,0.967,0.936,0.944,-0.015,-1.5641,5936090.04,562093.89
512480.SH,20220721,0.935,0.933,0.973,0.926,0.959,0.024,2.5668,11245176.57,1081121.604
512480.SH,20220720,0.925,0.935,0.945,0.931,0.935,0.01,1.0811,5306053.82,497799.264
512480.SH,20220719,0.932,0.928,0.934,0.913,0.925,-0.007,-0.7511,5514929.82,508863.489
512480.SH,20220718,0.931,0.932,0.937,0.911,0.932,0.001,0.1074,6414967.61,591492.582
512480.SH,20220715,0.934,0.932,0.954,0.927,0.931,-0.003,-0.3212,5459784.37,514116.771
512480.SH,20220714,0.924,0.922,0.942,0.919,0.934,0.01,1.0823,5163856.18,482179.411
512480.SH,20220713,0.938,0.939,0.943,0.913,0.924,-0.014,-1.4925,6873017.22,635608.924
512480.SH,20220712,0.971,0.966,0.975,0.937,0.938,-0.033,-3.3986,7493963.55,710577.221
512480.SH,20220711,0.998,0.99,0.992,0.963,0.971,-0.027,-2.7054,5941604.6,578324.112
512480.SH,20220708,0.991,0.998,1.018,0.993,0.998,0.007,0.7064,6285193.38,631380.527
512480.SH,20220707,0.996,0.995,1.001,0.976,0.991,-0.005,-0.502,4786052.93,472532.125
512480.SH,20220706,0.975,0.975,1.019,0.974,0.996,0.021,2.1538,11346540.95,1134528.099
512480.SH,20220705,0.98,0.978,0.99,0.961,0.975,-0.005,-0.5102,6608453.74,644446.017
512480.SH,20220704,1.01,0.99,0.994,0.963,0.98,-0.03,-2.9703,9873352.71,961823.268
512480.SH,20220701,1.014,1.012,1.026,1.004,1.01,-0.004,-0.3945,6403854.95,649409.09
512480.SH,20220630,0.993,0.991,1.02,0.99,1.014,0.021,2.1148,7300187.11,735804.963
512480.SH,20220629,1.01,1.004,1.031,0.99,0.993,-0.017,-1.6832,10398199.57,1054138.807
512480.SH,20220628,0.976,0.974,1.012,0.955,1.01,0.034,3.4836,10569923.35,1037594.668
512480.SH,20220627,0.962,0.965,0.983,0.965,0.976,0.014,1.4553,6660866.76,649110.357
512480.SH,20220624,0.949,0.953,0.971,0.944,0.962,0.013,1.3699,6972923.39,668403.575
512480.SH,20220623,0.925,0.924,0.95,0.922,0.949,0.024,2.5946,5389325.52,505999.945
512480.SH,20220622,0.957,0.959,0.962,0.924,0.925,-0.032,-3.3438,7165650.42,673282.407
512480.SH,20220621,0.966,0.968,0.969,0.947,0.957,-0.009,-0.9317,5993043.86,573546.848
512480.SH,20220620,0.959,0.963,0.981,0.956,0.966,0.007,0.7299,6450283.05,624554.972
512480.SH,20220617,0.963,0.951,0.96,0.936,0.959,-0.004,-0.4154,5632765.19,535854.535
512480.SH,20220616,0.947,0.947,0.979,0.947,0.963,0.016,1.6895,6088017.09,588461.777
512480.SH,20220615,0.934,0.934,0.963,0.931,0.947,0.013,1.3919,6645534.28,632544.622
512480.SH,20220614,0.957,0.945,0.947,0.906,0.934,-0.023,-2.4033,6710321.37,620071.655
512480.SH,20220613,0.971,0.96,0.969,0.947,0.957,-0.014,-1.4418,4519949.39,432503.493
512480.SH,20220610,0.956,0.947,0.972,0.946,0.971,0.015,1.569,4083331.0,392345.356
512480.SH,20220609,0.988,0.984,0.986,0.95,0.956,-0.032,-3.2389,5479100.57,527704.83
512480.SH,20220608,0.993,0.987,1.001,0.972,0.988,-0.005,-0.5035,4127040.85,406661.033
512480.SH,20220607,1.013,1.01,1.011,0.985,0.993,-0.02,-1.9743,4481244.0,445610.844
512480.SH,20220606,0.985,0.985,1.014,0.98,1.013,0.028,2.8426,4101922.45,411264.278
512480.SH,20220602,0.947,0.94,0.986,0.939,0.985,0.038,4.0127,5154004.22,500531.186
512480.SH,20220601,0.946,0.939,0.955,0.937,0.947,0.001,0.1057,2880740.28,272220.958
512480.SH,20220531,0.927,0.927,0.946,0.908,0.946,0.019,2.0496,4306140.55,399611.22
512480.SH,20220530,0.914,0.916,0.934,0.908,0.927,0.013,1.4223,2893524.87,267028.959
512480.SH,20220527,0.921,0.926,0.938,0.908,0.914,-0.007,-0.76,2858528.53,263860.848
512480.SH,20220526,0.927,0.926,0.929,0.901,0.921,-0.006,-0.6472,3152452.28,288660.258
512480.SH,20220525,0.924,0.922,0.94,0.917,0.927,0.003,0.3247,2373775.76,220039.88
512480.SH,20220524,0.962,0.957,0.971,0.922,0.924,-0.038,-3.9501,4188985.38,396131.056
512480.SH,20220523,0.955,0.956,0.965,0.947,0.962,0.007,0.733,2524094.61,241434.211
512480.SH,20220520,0.952,0.951,0.961,0.94,0.955,0.003,0.3151,2750604.73,261407.57
512480.SH,20220519,0.935,0.918,0.952,0.916,0.952,0.017,1.8182,4145287.56,389819.508
512480.SH,20220518,0.933,0.935,0.946,0.929,0.935,0.002,0.2144,3338788.55,312803.655
512480.SH,20220517,0.903,0.901,0.935,0.896,0.933,0.03,3.3223,4792910.52,443044.644
512480.SH,20220516,0.912,0.918,0.926,0.898,0.903,-0.009,-0.9868,2563804.03,233294.128
512480.SH,20220513,0.914,0.92,0.926,0.902,0.912,-0.002,-0.2188,2918602.76,266172.087
512480.SH,20220512,0.908,0.9,0.926,0.896,0.914,0.006,0.6608,3533339.94,321836.972
512480.SH,20220511,0.876,0.876,0.928,0.873,0.908,0.032,3.653,7736477.4,705522.383
512480.SH,20220510,0.846,0.831,0.891,0.831,0.876,0.03,3.5461,5358230.92,467553.939
512480.SH,20220509,0.851,0.846,0.858,0.84,0.846,-0.005,-0.5875,1988644.01,168586.858
512480.SH,20220506,0.874,0.85,0.867,0.846,0.851,-0.023,-2.6316,2758658.7,235603.009
512480.SH,20220505,0.868,0.862,0.89,0.862,0.874,0.006,0.6912,4831128.8,423109.469
512480.SH,20220429,0.841,0.851,0.878,0.837,0.868,0.027,3.2105,6042960.0,518527.999
512480.SH,20220428,0.85,0.84,0.851,0.828,0.841,-0.009,-1.0588,4760375.27,398289.753
512480.SH,20220427,0.799,0.783,0.853,0.78,0.85,0.051,6.383,6841845.83,564682.397
512480.SH,20220426,0.819,0.821,0.835,0.795,0.799,-0.02,-2.442,4288235.56,350287.855
512480.SH,20220425,0.885,0.865,0.87,0.818,0.819,-0.066,-7.4576,5072339.44,429969.367
512480.SH,20220422,0.911,0.901,0.915,0.882,0.885,-0.026,-2.854,4788708.02,427995.624
512480.SH,20220421,0.927,0.922,0.945,0.906,0.911,-0.016,-1.726,4209959.41,389611.968
512480.SH,20220420,0.939,0.938,0.948,0.925,0.927,-0.012,-1.278,3423504.63,320146.143
512480.SH,20220419,0.962,0.956,0.962,0.936,0.939,-0.023,-2.3909,5583013.04,527263.464
512480.SH,20220418,0.927,0.919,0.963,0.919,0.962,0.035,3.7756,7098665.9,673064.836
512480.SH,20220415,0.927,0.912,0.935,0.907,0.927,0.0,0.0,4421629.41,407999.037
512480.SH,20220414,0.908,0.915,0.936,0.898,0.927,0.019,2.0925,6083241.76,558329.874
512480.SH,20220413,0.934,0.924,0.925,0.907,0.908,-0.026,-2.7837,3464952.0,317527.46
512480.SH,20220412,0.92,0.917,0.934,0.906,0.934,0.014,1.5217,3923287.96,361660.726
512480.SH,20220411,0.972,0.961,0.963,0.916,0.92,-0.052,-5.3498,4342021.83,406953.055
512480.SH,20220408,0.967,0.971,0.985,0.952,0.972,0.005,0.5171,4311346.82,418081.99
512480.SH,20220407,0.989,0.98,0.994,0.966,0.967,-0.022,-2.2245,4204693.41,410506.607
512480.SH,20220406,1.023,1.018,1.018,0.983,0.989,-0.034,-3.3236,6354162.15,631298.508
512480.SH,20220401,1.022,1.013,1.036,1.009,1.023,0.001,0.0978,3581633.99,366514.518
512480.SH,20220331,1.049,1.041,1.042,1.02,1.022,-0.027,-2.5739,3580906.07,368024.829
512480.SH,20220330,1.027,1.032,1.049,1.03,1.049,0.022,2.1422,4208467.36,437397.471
512480.SH,20220329,1.048,1.052,1.056,1.024,1.027,-0.021,-2.0038,4037365.24,418530.726
512480.SH,20220328,1.06,1.048,1.057,1.041,1.048,-0.012,-1.1321,3305820.91,346584.508
512480.SH,20220325,1.072,1.082,1.091,1.058,1.06,-0.012,-1.1194,3763335.96,403112.563
512480.SH,20220324,1.099,1.089,1.089,1.066,1.072,-0.027,-2.4568,3727565.42,400251.815
512480.SH,20220323,1.1,1.104,1.107,1.086,1.099,-0.001,-0.0909,2863323.01,313793.936
512480.SH,20220322,1.117,1.108,1.118,1.095,1.1,-0.017,-1.5219,2953236.03,326314.452
512480.SH,20220321,1.11,1.111,1.122,1.101,1.117,0.007,0.6306,3343435.72,372022.973
512480.SH,20220318,1.116,1.108,1.118,1.098,1.11,-0.006,-0.5376,3658238.71,404850.076
512480.SH,20220317,1.101,1.12,1.139,1.11,1.116,0.015,1.3624,6659437.52,748809.55
512480.SH,20220316,1.041,1.063,1.102,1.03,1.101,0.06,5.7637,6595193.06,704124.461
512480.SH,20220315,1.08,1.066,1.098,1.038,1.041,-0.039,-3.6111,5492381.81,585711.364
512480.SH,20220314,1.118,1.104,1.107,1.079,1.08,-0.038,-3.3989,3895032.52,426503.362
512480.SH,20220311,1.118,1.099,1.119,1.088,1.118,0.0,0.0,5189069.24,572601.866
512480.SH,20220310,1.112,1.14,1.145,1.116,1.118,0.006,0.5396,7821782.38,883076.815
512480.SH,20220309,1.104,1.111,1.13,1.068,1.112,0.008,0.7246,7088873.39,783516.152
512480.SH,20220308,1.097,1.098,1.128,1.079,1.104,0.007,0.6381,6144616.39,679119.657
512480.SH,20220307,1.14,1.131,1.136,1.09,1.097,-0.043,-3.7719,4710772.74,521454.251
512480.SH,20220304,1.128,1.119,1.162,1.116,1.14,0.012,1.0638,4151440.97,475125.086
512480.SH,20220303,1.151,1.158,1.162,1.125,1.128,-0.023,-1.9983,3793167.0,431051.974
512480.SH,20220302,1.169,1.16,1.16,1.14,1.151,-0.018,-1.5398,3016225.65,346243.868
512480.SH,20220301,1.169,1.169,1.172,1.16,1.169,0.0,0.0,2106820.98,245495.629
512480.SH,20220228,1.16,1.161,1.176,1.154,1.169,0.009,0.7759,2521291.31,294402.074
512480.SH,20220225,1.155,1.176,1.185,1.157,1.16,0.005,0.4329,4182012.34,488973.644
512480.SH,20220224,1.168,1.16,1.173,1.134,1.155,-0.013,-1.113,5999853.55,691225.957
512480.SH,20220223,1.1,1.101,1.169,1.1,1.168,0.068,6.1818,7879708.07,902188.499
512480.SH,20220222,1.097,1.09,1.106,1.07,1.1,0.003,0.2735,3229940.04,351755.91
512480.SH,20220221,1.103,1.1,1.107,1.094,1.097,-0.006,-0.544,1563379.6,171649.367
512480.SH,20220218,1.112,1.099,1.107,1.096,1.103,-0.009,-0.8094,1964489.31,216206.569
512480.SH,20220217,1.101,1.095,1.122,1.094,1.112,0.011,0.9991,3049366.16,338016.46
512480.SH,20220216,1.109,1.114,1.117,1.097,1.101,-0.008,-0.7214,2440872.4,269659.362
512480.SH,20220215,1.07,1.073,1.11,1.072,1.109,0.039,3.6449,4132464.91,452788.837
512480.SH,20220214,1.077,1.066,1.083,1.055,1.07,-0.007,-0.65,2053825.0,219626.245
512480.SH,20220211,1.094,1.088,1.098,1.075,1.077,-0.017,-1.5539,2546522.18,276401.621
512480.SH,20220210,1.094,1.099,1.105,1.086,1.094,0.0,0.0,2723042.75,298182.42
512480.SH,20220209,1.084,1.082,1.095,1.066,1.094,0.01,0.9225,2924309.77,316696.122
512480.SH,20220208,1.114,1.115,1.115,1.064,1.084,-0.03,-2.693,3004497.09,325196.247
512480.SH,20220207,1.111,1.128,1.146,1.11,1.114,0.003,0.27,2290024.22,257840.414
512480.SH,20220128,1.129,1.134,1.142,1.109,1.111,-0.018,-1.5943,2097227.09,235096.114
512480.SH,20220127,1.169,1.165,1.173,1.127,1.129,-0.04,-3.4217,2830976.85,324350.317
512480.SH,20220126,1.156,1.158,1.176,1.151,1.169,0.013,1.1246,1858652.66,216336.511
512480.SH,20220125,1.185,1.182,1.191,1.155,1.156,-0.029,-2.4473,2350216.0,275848.811
512480.SH,20220124,1.169,1.166,1.187,1.163,1.185,0.016,1.3687,2092964.06,246890.24
512480.SH,20220121,1.19,1.185,1.189,1.165,1.169,-0.021,-1.7647,2771867.0,325538.366
512480.SH,20220120,1.203,1.203,1.215,1.189,1.19,-0.013,-1.0806,2118878.7,254042.743
512480.SH,20220119,1.221,1.212,1.222,1.196,1.203,-0.018,-1.4742,2118353.79,255575.379
512480.SH,20220118,1.207,1.209,1.239,1.201,1.221,0.014,1.1599,4278084.38,524093.019
512480.SH,20220117,1.182,1.184,1.212,1.184,1.207,0.025,2.1151,3246793.94,390139.288
512480.SH,20220114,1.166,1.16,1.192,1.156,1.182,0.016,1.3722,3202000.99,378450.039
512480.SH,20220113,1.186,1.187,1.189,1.165,1.166,-0.02,-1.6863,2821595.0,330597.678
512480.SH,20220112,1.166,1.173,1.188,1.169,1.186,0.02,1.7153,3084790.09,363242.618
512480.SH,20220111,1.195,1.188,1.189,1.163,1.166,-0.029,-2.4268,3849646.15,451965.119
512480.SH,20220110,1.205,1.204,1.205,1.172,1.195,-0.01,-0.8299,3115783.47,370703.275
512480.SH,20220107,1.219,1.219,1.23,1.201,1.205,-0.014,-1.1485,2392331.88,290020.547
512480.SH,20220106,1.223,1.213,1.226,1.201,1.219,-0.004,-0.3271,2250896.32,273303.105
512480.SH,20220105,1.276,1.271,1.274,1.216,1.223,-0.053,-4.1536,4576950.0,564439.475
512480.SH,20220104,1.3,1.303,1.306,1.261,1.276,-0.024,-1.8462,2874602.02,366315.495
512480.SH,20211231,1.304,1.304,1.305,1.29,1.3,-0.004,-0.3067,2315494.14,300248.87
512480.SH,20211230,1.275,1.274,1.316,1.271,1.304,0.029,2.2745,4804673.38,624675.797
512480.SH,20211229,1.292,1.29,1.292,1.267,1.275,-0.017,-1.3158,2409362.0,307329.454
512480.SH,20211228,1.281,1.288,1.294,1.279,1.292,0.011,0.8587,1695450.59,218281.188
512480.SH,20211227,1.286,1.284,1.295,1.274,1.281,-0.005,-0.3888,1590158.06,204189.165
512480.SH,20211224,1.291,1.293,1.304,1.281,1.286,-0.005,-0.3873,1787105.99,230679.222
512480.SH,20211223,1.289,1.289,1.3,1.281,1.291,0.002,0.1552,1657373.13,214026.854
512480.SH,20211222,1.28,1.288,1.308,1.281,1.289,0.009,0.7031,3261101.51,422196.747
512480.SH,20211221,1.27,1.271,1.284,1.263,1.28,0.01,0.7874,2681338.41,341779.087
512480.SH,20211220,1.295,1.285,1.304,1.265,1.27,-0.025,-1.9305,3950163.04,506009.082
512480.SH,20211217,1.339,1.33,1.331,1.292,1.295,-0.044,-3.286,6847851.61,893583.51
512480.SH,20211216,1.338,1.347,1.354,1.334,1.339,0.001,0.0747,2576043.96,345517.642
512480.SH,20211215,1.358,1.357,1.364,1.335,1.338,-0.02,-1.4728,4143288.96,558038.358
512480.SH,20211214,1.372,1.362,1.364,1.35,1.358,-0.014,-1.0204,2682785.64,363969.425
512480.SH,20211213,1.368,1.367,1.377,1.356,1.372,0.004,0.2924,3447167.12,471150.936
512480.SH,20211210,1.375,1.368,1.372,1.348,1.368,-0.007,-0.5091,3404788.0,462086.465
512480.SH,20211209,1.376,1.369,1.378,1.363,1.375,-0.001,-0.0727,3230156.41,443247.978
512480.SH,20211208,1.339,1.345,1.376,1.344,1.376,0.037,2.7633,4796313.77,655976.599
512480.SH,20211207,1.374,1.38,1.387,1.331,1.339,-0.035,-2.5473,4937896.69,665812.992
512480.SH,20211206,1.407,1.407,1.412,1.371,1.374,-0.033,-2.3454,3605999.07,500766.327
512480.SH,20211203,1.372,1.379,1.422,1.377,1.407,0.035,2.551,5806692.23,816133.689
512480.SH,20211202,1.37,1.372,1.388,1.369,1.372,0.002,0.146,2904905.76,399921.659
512480.SH,20211201,1.366,1.364,1.393,1.361,1.37,0.004,0.2928,2970003.4,408563.92
512480.SH,20211130,1.352,1.359,1.379,1.355,1.366,0.014,1.0355,4133956.53,564440.941
512480.SH,20211129,1.345,1.325,1.355,1.32,1.352,0.007,0.5204,3315268.28,445576.139
512480.SH,20211126,1.382,1.373,1.374,1.339,1.345,-0.037,-2.6773,5850988.22,789615.452
512480.SH,20211125,1.365,1.357,1.4,1.354,1.382,0.017,1.2454,3524135.09,486712.125
512480.SH,20211124,1.37,1.367,1.392,1.364,1.365,-0.005,-0.365,3204920.45,441545.175
512480.SH,20211123,1.374,1.371,1.387,1.366,1.37,-0.004,-0.2911,4114441.46,565934.24
512480.SH,20211122,1.311,1.311,1.376,1.308,1.374,0.063,4.8055,11213127.31,1518923.393
512480.SH,20211119,1.306,1.306,1.317,1.296,1.311,0.005,0.3828,3464797.48,452490.203
512480.SH,20211118,1.323,1.317,1.327,1.302,1.306,-0.017,-1.285,3245591.0,425108.389
512480.SH,20211117,1.313,1.313,1.324,1.296,1.323,0.01,0.7616,3724671.8,488067.58
512480.SH,20211116,1.334,1.327,1.345,1.309,1.313,-0.021,-1.5742,4247995.09,562665.629
512480.SH,20211115,1.351,1.353,1.361,1.33,1.334,-0.017,-1.2583,3904402.13,524048.582
512480.SH,20211112,1.359,1.346,1.362,1.338,1.351,-0.008,-0.5887,4693886.53,632974.244
512480.SH,20211111,1.324,1.315,1.377,1.311,1.359,0.035,2.6435,7849299.94,1058128.613
512480.SH,20211110,1.315,1.304,1.325,1.295,1.324,0.009,0.6844,4870881.81,639207.288
512480.SH,20211109,1.285,1.281,1.319,1.274,1.315,0.03,2.3346,5198253.6,674549.626
512480.SH,20211108,1.31,1.303,1.303,1.261,1.285,-0.025,-1.9084,5302733.16,677224.604
512480.SH,20211105,1.309,1.329,1.343,1.308,1.31,0.001,0.0764,3893524.78,515203.809
512480.SH,20211104,1.295,1.299,1.325,1.298,1.309,0.014,1.0811,4243377.93,556781.675
512480.SH,20211103,1.305,1.311,1.322,1.28,1.295,-0.01,-0.7663,5202789.46,675768.629
512480.SH,20211102,1.27,1.273,1.32,1.273,1.305,0.035,2.7559,7845031.19,1022871.372
512480.SH,20211101,1.254,1.252,1.275,1.245,1.27,0.016,1.2759,4164873.95,527671.136
512480.SH,20211029,1.229,1.23,1.27,1.228,1.254,0.025,2.0342,5534113.55,693476.689
512480.SH,20211028,1.233,1.236,1.253,1.222,1.229,-0.004,-0.3244,3695527.84,458304.557
512480.SH,20211027,1.257,1.253,1.254,1.23,1.233,-0.024,-1.9093,4066248.0,503452.501
512480.SH,20211026,1.262,1.26,1.267,1.239,1.257,-0.005,-0.3962,4489868.66,562586.036
512480.SH,20211025,1.249,1.25,1.263,1.235,1.262,0.013,1.0408,3498929.84,436400.623
512480.SH,20211022,1.209,1.216,1.259,1.216,1.249,0.04,3.3085,6624350.37,824534.476
512480.SH,20211021,1.229,1.23,1.232,1.205,1.209,-0.02,-1.6273,3146518.92,382048.92
512480.SH,20211020,1.239,1.239,1.247,1.228,1.229,-0.01,-0.8071,2851556.39,352017.694
512480.SH,20211019,1.235,1.23,1.244,1.226,1.239,0.004,0.3239,2628764.65,324764.419
512480.SH,20211018,1.254,1.248,1.248,1.216,1.235,-0.019,-1.5152,3705701.73,454915.764
512480.SH,20211015,1.207,1.207,1.255,1.202,1.254,0.047,3.894,6104567.92,758231.404
512480.SH,20211014,1.207,1.2,1.218,1.199,1.207,0.0,0.0,1963160.44,237302.981
512480.SH,20211013,1.18,1.18,1.211,1.173,1.207,0.027,2.2881,4222142.93,503811.279
512480.SH,20211012,1.222,1.216,1.222,1.17,1.18,-0.042,-3.437,4834288.44,575784.303
512480.SH,20211011,1.238,1.238,1.249,1.217,1.222,-0.016,-1.2924,3623466.1,445903.612
512480.SH,20211008,1.252,1.269,1.277,1.237,1.238,-0.014,-1.1182,3731607.6,466687.233
512480.SH,20210930,1.238,1.239,1.259,1.237,1.252,0.014,1.1309,2176697.47,272428.76
512480.SH,20210929,1.264,1.244,1.259,1.23,1.238,-0.026,-2.057,3462917.0,430114.433
512480.SH,20210928,1.258,1.255,1.294,1.234,1.264,0.006,0.4769,3141970.89,399088.231
512480.SH,20210927,1.268,1.276,1.293,1.245,1.258,-0.01,-0.7886,2954686.01,375339.647
512480.SH,20210924,1.276,1.271,1.285,1.263,1.268,-0.008,-0.627,2202011.93,280513.225
512480.SH,20210923,1.246,1.25,1.293,1.23,1.276,0.03,2.4077,4534299.52,576761.481
512480.SH,20210922,1.238,1.22,1.261,1.215,1.246,0.008,0.6462,2792146.41,348087.636
512480.SH,20210917,1.224,1.225,1.247,1.216,1.238,0.014,1.1438,2886304.47,355404.114
512480.SH,20210916,1.267,1.257,1.265,1.222,1.224,-0.043,-3.3938,3865352.2,478713.983
512480.SH,20210915,1.28,1.281,1.284,1.246,1.267,-0.013,-1.0156,2743070.02,346490.899
512480.SH,20210914,1.27,1.26,1.3,1.259,1.28,0.01,0.7874,4107971.85,527681.9
512480.SH,20210913,1.327,1.321,1.321,1.264,1.27,-0.057,-4.2954,6824675.23,873790.267
512480.SH,20210910,1.267,1.266,1.339,1.258,1.327,0.06,4.7356,6262932.77,818498.505
512480.SH,20210909,1.278,1.271,1.278,1.252,1.267,-0.011,-0.8607,2195415.56,277428.643
512480.SH,20210908,1.29,1.285,1.295,1.273,1.278,-0.012,-0.9302,2664515.61,341174.699
512480.SH,20210907,1.288,1.28,1.299,1.275,1.29,0.002,0.1553,2970398.95,382370.136
512480.SH,20210906,1.256,1.254,1.289,1.236,1.288,0.032,2.5478,4058283.9,517050.881
512480.SH,20210903,1.254,1.251,1.274,1.226,1.256,0.002,0.1595,4383100.42,549790.565
512480.SH,20210902,1.304,1.288,1.294,1.25,1.254,-0.05,-3.8344,5075683.68,640711.299
512480.SH,20210901,1.295,1.295,1.308,1.26,1.304,0.009,0.695,3777412.84,484725.686
512480.SH,20210831,1.34,1.32,1.324,1.276,1.295,-0.045,-3.3582,4831633.76,625923.858
512480.SH,20210830,1.366,1.373,1.395,1.333,1.34,-0.026,-1.9034,3792869.67,516605.091
512480.SH,20210827,1.362,1.35,1.373,1.348,1.366,0.004,0.2937,2306199.25,314484.166
512480.SH,20210826,1.394,1.394,1.405,1.357,1.362,-0.032,-2.2956,3698316.35,511327.674
512480.SH,20210825,1.409,1.411,1.428,1.38,1.394,-0.015,-1.0646,3162167.22,440843.92
512480.SH,20210824,1.382,1.383,1.422,1.363,1.409,0.027,1.9537,4773037.45,668463.919
512480.SH,20210823,1.358,1.36,1.387,1.34,1.382,0.024,1.7673,4171229.57,572898.397
512480.SH,20210820,1.343,1.346,1.379,1.333,1.358,0.015,1.1169,4489414.85,608917.313
512480.SH,20210819,1.315,1.309,1.357,1.309,1.343,0.028,2.1293,5175650.7,692335.267
512480.SH,20210818,1.31,1.308,1.331,1.302,1.315,0.005,0.3817,3672630.91,483330.77
512480.SH,20210817,1.363,1.356,1.376,1.301,1.31,-0.053,-3.8885,4988498.56,662621.885
512480.SH,20210816,1.348,1.337,1.391,1.326,1.363,0.015,1.1128,5110355.67,695401.116
512480.SH,20210813,1.408,1.388,1.388,1.347,1.348,-0.06,-4.2614,6464691.97,880956.964
512480.SH,20210812,1.394,1.389,1.444,1.384,1.408,0.014,1.0043,5260481.81,744332.411
512480.SH,20210811,1.383,1.384,1.403,1.361,1.394,0.011,0.7954,4330865.86,599631.836
512480.SH,20210810,1.4,1.396,1.409,1.356,1.383,-0.017,-1.2143,4961477.88,684557.625
512480.SH,20210809,1.435,1.401,1.413,1.359,1.4,-0.035,-2.439,4930731.07,682522.77
512480.SH,20210806,1.452,1.469,1.482,1.415,1.435,-0.017,-1.1708,4197546.79,603979.3
512480.SH,20210805,1.448,1.432,1.474,1.411,1.452,0.004,0.2762,5289445.84,768443.215
512480.SH,20210804,1.396,1.39,1.454,1.388,1.448,0.052,3.7249,6964684.97,996584.239
512480.SH,20210803,1.496,1.468,1.477,1.385,1.396,-0.1,-6.6845,9169918.13,1302462.941
512480.SH,20210802,1.541,1.529,1.54,1.453,1.496,-0.045,-2.9202,8032913.59,1199218.344
512480.SH,20210730,1.516,1.51,1.559,1.493,1.541,0.025,1.6491,6050473.62,924054.234
512480.SH,20210729,1.413,1.445,1.525,1.423,1.516,0.103,7.2895,7568865.07,1118130.56
512480.SH,20210728,1.46,1.42,1.464,1.35,1.413,-0.047,-3.2192,7542051.36,1063270.916
512480.SH,20210727,1.437,1.443,1.568,1.443,1.46,0.023,1.6006,9406119.23,1401053.094
512480.SH,20210726,1.416,1.416,1.458,1.372,1.437,0.021,1.4831,5010001.95,713271.79
512480.SH,20210723,1.413,1.41,1.432,1.395,1.416,0.003,0.2123,3284849.79,464743.551
512480.SH,20210722,1.368,1.377,1.422,1.353,1.413,0.045,3.2895,5726516.48,798822.051
512480.SH,20210721,1.318,1.324,1.388,1.32,1.368,0.05,3.7936,7114865.28,970870.738
512480.SH,20210720,1.289,1.274,1.32,1.274,1.318,0.029,2.2498,4247231.45,553097.527
512480.SH,20210719,1.288,1.267,1.303,1.26,1.289,0.001,0.0776,3520911.95,452793.286
512480.SH,20210716,1.31,1.308,1.343,1.286,1.288,-0.022,-1.6794,4705696.86,619293.076
512480.SH,20210715,1.303,1.295,1.314,1.279,1.31,0.007,0.5372,4417691.71,573623.888
512480.SH,20210714,1.313,1.3,1.33,1.292,1.303,-0.01,-0.7616,4873765.87,637961.585
512480.SH,20210713,1.388,1.373,1.375,1.298,1.313,-0.075,-5.4035,10696789.79,1417684.88
512480.SH,20210712,1.369,1.375,1.403,1.342,1.388,0.019,1.3879,5335126.47,731480.064
512480.SH,20210709,1.387,1.374,1.385,1.331,1.369,-0.018,-1.2978,5865772.38,796176.15
512480.SH,20210708,1.342,1.341,1.396,1.341,1.387,0.045,3.3532,5380761.51,740168.032
512480.SH,20210707,1.315,1.286,1.348,1.27,1.342,0.027,2.0532,5667294.71,745508.695
512480.SH,20210706,1.346,1.348,1.366,1.279,1.315,-0.031,-2.3031,7059846.72,934435.047
512480.SH,20210705,1.283,1.3,1.348,1.3,1.346,0.063,4.9104,5423142.02,718406.513
512480.SH,20210702,1.306,1.29,1.308,1.269,1.283,-0.023,-1.7611,4252751.81,547416.433
512480.SH,20210701,1.335,1.336,1.337,1.3,1.306,-0.029,-2.1723,4283027.57,565432.437
512480.SH,20210630,1.273,1.285,1.352,1.285,1.335,0.062,4.8704,6138844.71,814943.013
512480.SH,20210629,1.282,1.279,1.283,1.247,1.273,-0.009,-0.702,3387408.15,428697.721
512480.SH,20210628,1.252,1.252,1.3,1.25,1.282,0.03,2.3962,3521755.05,449483.931
512480.SH,20210625,1.235,1.233,1.255,1.216,1.252,0.017,1.3765,3827565.56,474541.365
512480.SH,20210624,1.257,1.252,1.262,1.225,1.235,-0.022,-1.7502,3607157.84,446742.374
512480.SH,20210623,1.199,1.196,1.274,1.196,1.257,0.058,4.8374,5502343.54,685293.262
512480.SH,20210622,1.201,1.205,1.211,1.178,1.199,-0.002,-0.1665,3687541.0,440272.61
512480.SH,20210621,1.199,1.193,1.21,1.176,1.201,0.002,0.1668,3300507.78,394336.422
512480.SH,20210618,1.186,1.191,1.207,1.165,1.199,0.013,1.0961,4689302.71,558963.996
512480.SH,20210617,1.097,1.092,1.194,1.092,1.186,0.089,8.113,7894924.47,913051.524
512480.SH,20210616,1.131,1.134,1.155,1.096,1.097,-0.034,-3.0062,3984157.25,448533.024
512480.SH,20210615,1.116,1.114,1.143,1.112,1.131,0.015,1.3441,3696662.31,418445.758
512480.SH,20210611,1.14,1.14,1.142,1.114,1.116,-0.024,-2.1053,3458153.19,388147.479
512480.SH,20210610,1.124,1.121,1.14,1.116,1.14,0.016,1.4235,3549627.55,401691.616
512480.SH,20210609,1.113,1.111,1.13,1.108,1.124,0.011,0.9883,2473195.95,277301.908
512480.SH,20210608,1.121,1.13,1.13,1.104,1.113,-0.008,-0.7136,3637742.74,406269.723
512480.SH,20210607,1.085,1.111,1.132,1.11,1.121,0.036,3.318,4897573.52,549316.678
512480.SH,20210604,1.056,1.05,1.092,1.05,1.085,0.029,2.7462,3736706.71,402654.616
512480.SH,20210603,1.071,1.064,1.072,1.05,1.056,-0.015,-1.4006,2379353.06,252299.34
512480.SH,20210602,1.082,1.083,1.085,1.059,1.071,-0.011,-1.0166,3531595.0,378369.905
512480.SH,20210601,1.067,1.065,1.096,1.057,1.082,0.015,1.4058,3694473.13,399894.435
512480.SH,20210531,1.054,1.063,1.074,1.058,1.067,0.013,1.2334,2847067.05,303506.887
512480.SH,20210528,1.059,1.056,1.065,1.045,1.054,-0.005,-0.4721,3397635.22,358380.263
512480.SH,20210527,1.014,1.016,1.07,1.013,1.059,0.045,4.4379,6300469.48,662430.935
512480.SH,20210526,1.02,1.022,1.029,1.01,1.014,-0.006,-0.5882,2521951.97,257157.628
512480.SH,20210525,0.996,0.997,1.023,0.996,1.02,0.024,2.4096,3621815.33,366969.374
512480.SH,20210524,0.978,0.976,0.998,0.965,0.996,0.018,1.8405,2506832.44,246300.164
512480.SH,20210521,0.985,0.984,0.994,0.976,0.978,-0.007,-0.7107,1454817.97,143115.588
512480.SH,20210520,0.99,0.985,0.993,0.979,0.985,-0.005,-0.5051,1873195.66,184553.873
512480.SH,20210519,0.98,0.977,0.993,0.974,0.99,0.01,1.0204,2241885.56,221163.436
512480.SH,20210518,0.983,0.971,0.982,0.969,0.98,-0.003,-0.3052,1506213.53,147114.692
512480.SH,20210517,0.983,0.984,1.001,0.981,0.983,0.0,0.0,2836337.0,281259.338
512480.SH,20210514,0.96,0.966,0.991,0.951,0.983,0.023,2.3958,3592362.06,350430.555
512480.SH,20210513,0.959,0.945,0.975,0.942,0.96,0.001,0.1043,2357235.0,226853.415
512480.SH,20210512,0.939,0.937,0.959,0.924,0.959,0.02,2.1299,2519476.38,237422.264
512480.SH,20210511,0.936,0.925,0.941,0.918,0.939,0.003,0.3205,1900865.1,176573.735
512480.SH,20210510,0.953,0.949,0.95,0.93,0.936,-0.017,-1.7838,2400726.0,225181.284
512480.SH,20210507,1.0,1.0,1.008,0.951,0.953,-0.047,-4.7,3452760.0,336775.014
512480.SH,20210506,1.005,0.998,1.011,0.991,1.0,-0.005,-0.4975,1654562.0,165508.759
512480.SH,20210430,1.004,1.001,1.015,0.997,1.005,0.001,0.0996,2300337.21,231133.806
512480.SH,20210429,0.999,1.001,1.021,1.0,1.004,0.005,0.5005,2577595.51,259965.686
512480.SH,20210428,0.976,0.981,1.001,0.968,0.999,0.023,2.3566,2339893.08,231311.09
512480.SH,20210427,0.985,0.981,0.987,0.97,0.976,-0.009,-0.9137,1702866.0,166465.938
512480.SH,20210426,0.974,0.979,1.008,0.979,0.985,0.011,1.1294,4325116.26,429504.333
512480.SH,20210423,0.969,0.966,0.977,0.963,0.974,0.005,0.516,1900663.46,184687.242
512480.SH,20210422,0.954,0.959,0.977,0.955,0.969,0.015,1.5723,2452269.46,237216.643
512480.SH,20210421,0.952,0.945,0.958,0.943,0.954,0.002,0.2101,1527007.59,145269.27
512480.SH,20210420,0.965,0.958,0.962,0.951,0.952,-0.013,-1.3472,1743612.09,166882.787
512480.SH,20210419,0.952,0.946,0.965,0.932,0.965,0.013,1.3655,2517623.62,240191.388
512480.SH,20210416,0.954,0.957,0.96,0.94,0.952,-0.002,-0.2096,1251795.0,118853.331
512480.SH,20210415,0.956,0.956,0.956,0.938,0.954,-0.002,-0.2092,1518301.96,143504.042
512480.SH,20210414,0.951,0.955,0.961,0.948,0.956,0.005,0.5258,1453641.28,138650.167
512480.SH,20210413,0.957,0.95,0.968,0.946,0.951,-0.006,-0.627,1602158.0,152936.892
512480.SH,20210412,0.969,0.967,0.987,0.948,0.957,-0.012,-1.2384,2762021.64,266973.436
512480.SH,20210409,0.972,0.97,0.983,0.963,0.969,-0.003,-0.3086,1618514.2,157223.465
512480.SH,20210408,0.98,0.97,0.986,0.966,0.972,-0.008,-0.8163,2014194.61,196642.593
512480.SH,20210407,0.973,0.968,0.98,0.954,0.98,0.007,0.7194,2173656.74,210210.093
512480.SH,20210406,0.98,0.985,0.989,0.963,0.973,-0.007,-0.7143,2553404.8,248389.483
512480.SH,20210402,0.926,0.933,0.98,0.933,0.98,0.054,5.8315,7025813.8,678423.327
512480.SH,20210401,0.893,0.896,0.928,0.895,0.926,0.033,3.6954,4525795.81,416365.625
512480.SH,20210331,0.887,0.888,0.895,0.877,0.893,0.006,0.6764,1606515.71,142450.035
512480.SH,20210330,0.886,0.886,0.894,0.881,0.887,0.001,0.1129,1300696.36,115267.109
512480.SH,20210329,0.883,0.888,0.9,0.884,0.886,0.003,0.3398,2162493.44,192708.643
512480.SH,20210325,1.724,1.713,1.747,1.71,1.734,0.01,0.58,970506.52,168398.889
512480.SH,20210324,1.761,1.752,1.756,1.716,1.724,-0.037,-2.1011,1185628.23,205173.641
512480.SH,20210323,1.763,1.77,1.8,1.757,1.761,-0.002,-0.1134,1247118.66,221595.225
512480.SH,20210322,1.758,1.753,1.769,1.747,1.763,0.005,0.2844,847324.0,148919.867
512480.SH,20210319,1.761,1.725,1.777,1.721,1.758,-0.003,-0.1704,1333694.44,233748.933
512480.SH,20210318,1.769,1.772,1.78,1.752,1.761,-0.008,-0.4522,944919.52,166685.366
512480.SH,20210317,1.734,1.728,1.777,1.728,1.769,0.035,2.0185,2115879.82,373379.52
512480.SH,20210316,1.735,1.739,1.754,1.711,1.734,-0.001,-0.0576,1309076.97,226824.389
512480.SH,20210315,1.811,1.797,1.797,1.724,1.735,-0.076,-4.1966,1918019.37,336072.783
512480.SH,20210312,1.856,1.858,1.858,1.805,1.811,-0.045,-2.4246,1754174.3,319277.142
512480.SH,20210311,1.795,1.798,1.908,1.783,1.856,0.061,3.3983,2216231.79,407292.946
512480.SH,20210310,1.801,1.831,1.836,1.792,1.795,-0.006,-0.3331,1308241.93,237042.757
512480.SH,20210309,1.907,1.901,1.907,1.796,1.801,-0.106,-5.5585,2656129.85,488324.111
512480.SH,20210308,2.0,2.009,2.015,1.901,1.907,-0.093,-4.65,2691256.53,526855.237
512480.SH,20210305,2.011,1.99,2.008,1.98,2.0,-0.011,-0.547,1651793.94,329150.148
512480.SH,20210304,2.065,2.057,2.082,2.004,2.011,-0.054,-2.615,2159960.14,439282.02
512480.SH,20210303,2.069,2.061,2.067,2.028,2.065,-0.004,-0.1933,1428185.0,292372.827
512480.SH,20210302,2.056,2.069,2.08,2.042,2.069,0.013,0.6323,1994256.85,411809.128
512480.SH,20210301,1.978,1.995,2.058,1.99,2.056,0.078,3.9434,2443888.94,495473.372
512480.SH,20210226,2.028,1.995,2.012,1.973,1.978,-0.05,-2.4655,2101007.55,418301.414
512480.SH,20210225,2.054,2.066,2.071,2.022,2.028,-0.026,-1.2658,1784498.77,363984.282
512480.SH,20210224,2.025,2.029,2.097,2.027,2.054,0.029,1.4321,3399923.63,702554.423
512480.SH,20210223,2.04,2.025,2.042,1.997,2.025,-0.015,-0.7353,1508178.81,305094.43
512480.SH,20210222,2.083,2.084,2.104,2.038,2.04,-0.043,-2.0643,2056927.64,427022.047
512480.SH,20210219,2.091,2.083,2.085,2.04,2.083,-0.008,-0.3826,2353620.45,484667.12
512480.SH,20210218,2.039,2.08,2.117,2.054,2.091,0.052,2.5503,2878625.73,601513.598
512480.SH,20210210,2.036,2.039,2.042,2.012,2.039,0.003,0.1473,1471043.25,298785.518
512480.SH,20210209,2.0,2.002,2.036,1.987,2.036,0.036,1.8,1759432.08,355178.593
512480.SH,20210208,1.963,1.961,2.022,1.96,2.0,0.037,1.8849,2202079.52,440746.177
512480.SH,20210205,2.014,2.029,2.029,1.961,1.963,-0.051,-2.5323,2345752.83,466606.869
512480.SH,20210204,2.009,1.998,2.026,1.92,2.014,0.005,0.2489,3710760.2,730992.145
512480.SH,20210203,2.088,2.081,2.081,2.005,2.009,-0.079,-3.7835,2787056.42,567775.26
512480.SH,20210202,2.067,2.075,2.088,2.052,2.088,0.021,1.016,1400309.31,290493.816
512480.SH,20210201,2.057,2.05,2.077,2.045,2.067,0.01,0.4861,1271561.58,262176.301
512480.SH,20210129,2.09,2.103,2.112,2.026,2.057,-0.033,-1.5789,2348489.64,485099.586
512480.SH,20210128,2.156,2.128,2.153,2.086,2.09,-0.066,-3.0612,2260262.01,477887.45
512480.SH,20210127,2.184,2.187,2.198,2.128,2.156,-0.028,-1.2821,2034910.38,438514.426
512480.SH,20210126,2.213,2.223,2.247,2.175,2.184,-0.029,-1.3104,2427330.05,535694.987
512480.SH,20210125,2.218,2.175,2.233,2.153,2.213,-0.005,-0.2254,3264554.02,718176.212
512480.SH,20210122,2.277,2.276,2.281,2.191,2.218,-0.059,-2.5911,4472978.71,994388.258
512480.SH,20210121,2.284,2.29,2.298,2.25,2.277,-0.007,-0.3065,2745417.33,624882.128
512480.SH,20210120,2.275,2.285,2.294,2.241,2.284,0.009,0.3956,2337735.97,530421.653
512480.SH,20210119,2.324,2.32,2.326,2.264,2.275,-0.049,-2.1084,3449311.3,791258.204
512480.SH,20210118,2.224,2.213,2.34,2.196,2.324,0.1,4.4964,4692968.94,1073879.573
512480.SH,20210115,2.264,2.264,2.288,2.196,2.224,-0.04,-1.7668,3223671.25,723370.964
512480.SH,20210114,2.248,2.253,2.324,2.213,2.264,0.016,0.7117,4972205.11,1132407.197
512480.SH,20210113,2.191,2.203,2.25,2.182,2.248,0.057,2.6016,4226781.98,939829.412
512480.SH,20210112,2.175,2.171,2.192,2.14,2.191,0.016,0.7356,2761567.6,600167.048
512480.SH,20210111,2.144,2.159,2.226,2.151,2.175,0.031,1.4459,3982688.86,873933.173
512480.SH,20210108,2.142,2.145,2.161,2.115,2.144,0.002,0.0934,2212230.79,473846.495
512480.SH,20210107,2.169,2.168,2.168,2.115,2.142,-0.027,-1.2448,2821461.96,602463.789
512480.SH,20210106,2.217,2.225,2.23,2.16,2.169,-0.048,-2.1651,3451321.35,752986.712
512480.SH,20210105,2.143,2.139,2.219,2.12,2.217,0.074,3.4531,3672846.64,798579.223
512480.SH,20210104,2.101,2.111,2.147,2.085,2.143,0.042,1.999,2460363.6,522981.662
