ts_code,trade_date,pre_close,open,high,low,close,change,pct_chg,vol,amount
512800.SH,20260508,0.784,0.785,0.79,0.783,0.785,0.001,0.1276,7698890.0,604451.063
512800.SH,20260507,0.788,0.787,0.789,0.784,0.784,-0.004,-0.5076,7292740.26,573092.505
512800.SH,20260506,0.795,0.793,0.794,0.783,0.788,-0.007,-0.8805,10567806.0,830690.161
512800.SH,20260430,0.8,0.798,0.8,0.792,0.795,-0.005,-0.625,10150845.42,807184.213
512800.SH,20260429,0.803,0.8,0.803,0.794,0.8,-0.003,-0.3736,7695896.47,614600.23
512800.SH,20260428,0.8,0.798,0.803,0.797,0.803,0.003,0.375,7112420.8,569013.966
512800.SH,20260427,0.803,0.802,0.811,0.798,0.8,-0.003,-0.3736,5785464.26,465406.575
512800.SH,20260424,0.804,0.804,0.807,0.8,0.803,-0.001,-0.1244,6452956.0,518122.19
512800.SH,20260423,0.802,0.802,0.808,0.799,0.804,0.002,0.2494,7636190.0,614220.415
512800.SH,20260422,0.808,0.808,0.809,0.8,0.802,-0.006,-0.7426,6575247.0,528343.05
512800.SH,20260421,0.805,0.805,0.814,0.803,0.808,0.003,0.3727,7960166.5,644365.053
512800.SH,20260420,0.796,0.796,0.805,0.794,0.805,0.009,1.1307,7837479.5,628612.71
512800.SH,20260417,0.801,0.799,0.802,0.795,0.796,-0.005,-0.6242,6380878.0,509032.459
512800.SH,20260416,0.802,0.802,0.808,0.798,0.801,-0.001,-0.1247,7816561.25,626682.236
512800.SH,20260415,0.794,0.794,0.804,0.793,0.802,0.008,1.0076,8290893.77,663371.327
512800.SH,20260414,0.789,0.787,0.795,0.786,0.794,0.005,0.6337,7933022.19,628172.015
512800.SH,20260413,0.787,0.787,0.789,0.782,0.789,0.002,0.2541,7395119.69,580682.945
512800.SH,20260410,0.788,0.788,0.789,0.786,0.787,-0.001,-0.1269,8139513.0,640823.185
512800.SH,20260409,0.794,0.793,0.796,0.787,0.788,-0.006,-0.7557,6250158.59,493509.157
512800.SH,20260408,0.788,0.79,0.795,0.784,0.794,0.006,0.7614,11520314.59,911251.358
512800.SH,20260407,0.797,0.796,0.798,0.786,0.788,-0.009,-1.1292,8942832.0,706698.679
512800.SH,20260403,0.805,0.806,0.806,0.795,0.797,-0.008,-0.9938,6285286.39,501590.321
512800.SH,20260402,0.802,0.801,0.809,0.8,0.805,0.003,0.3741,9625430.42,774452.276
512800.SH,20260401,0.802,0.803,0.809,0.799,0.802,0.0,0.0,8047538.14,646767.934
512800.SH,20260331,0.795,0.795,0.806,0.795,0.802,0.007,0.8805,9962306.08,798997.077
512800.SH,20260330,0.792,0.789,0.798,0.786,0.795,0.003,0.3788,10250802.7,813673.139
512800.SH,20260327,0.796,0.795,0.798,0.789,0.792,-0.004,-0.5025,7990050.57,633130.17
512800.SH,20260326,0.794,0.79,0.799,0.79,0.796,0.002,0.2519,8216343.1,653763.524
512800.SH,20260325,0.787,0.787,0.795,0.779,0.794,0.007,0.8895,9664868.36,759976.019
512800.SH,20260324,0.771,0.773,0.788,0.773,0.787,0.016,2.0752,12274581.74,961588.588
512800.SH,20260323,0.797,0.793,0.794,0.768,0.771,-0.026,-3.2622,15343740.93,1196547.457
512800.SH,20260320,0.799,0.798,0.805,0.796,0.797,-0.002,-0.2503,9482237.99,758617.446
512800.SH,20260319,0.802,0.799,0.806,0.798,0.799,-0.003,-0.3741,11092867.46,889194.319
512800.SH,20260318,0.804,0.804,0.806,0.798,0.802,-0.002,-0.2488,12322624.53,988405.922
512800.SH,20260317,0.797,0.797,0.807,0.796,0.804,0.007,0.8783,12743503.09,1026084.767
512800.SH,20260316,0.795,0.795,0.802,0.793,0.797,0.002,0.2516,9998725.13,797686.131
512800.SH,20260313,0.793,0.792,0.801,0.788,0.795,0.002,0.2522,11364789.2,904070.842
512800.SH,20260312,0.786,0.785,0.793,0.784,0.793,0.007,0.8906,8451275.16,667436.132
512800.SH,20260311,0.779,0.779,0.787,0.776,0.786,0.007,0.8986,8802478.97,688972.917
512800.SH,20260310,0.778,0.777,0.781,0.774,0.779,0.001,0.1285,6638839.12,516547.232
512800.SH,20260309,0.784,0.78,0.786,0.777,0.778,-0.006,-0.7653,11006453.6,859351.295
512800.SH,20260306,0.783,0.781,0.786,0.779,0.784,0.001,0.1277,6373336.87,498574.875
512800.SH,20260305,0.775,0.773,0.784,0.773,0.783,0.008,1.0323,10171370.0,793143.325
512800.SH,20260304,0.784,0.781,0.782,0.77,0.775,-0.009,-1.148,10982024.92,850027.785
512800.SH,20260303,0.777,0.776,0.79,0.771,0.784,0.007,0.9009,18507248.62,1450139.639
512800.SH,20260302,0.773,0.771,0.779,0.767,0.777,0.004,0.5175,8391069.41,649231.335
512800.SH,20260227,0.772,0.772,0.776,0.77,0.773,0.001,0.1295,4618492.56,357094.612
512800.SH,20260226,0.774,0.773,0.778,0.769,0.772,-0.002,-0.2584,7517842.51,580055.304
512800.SH,20260225,0.777,0.777,0.781,0.772,0.774,-0.003,-0.3861,8076501.0,626760.605
512800.SH,20260224,0.779,0.78,0.784,0.777,0.777,-0.002,-0.2567,6395644.0,498544.741
512800.SH,20260213,0.784,0.785,0.787,0.778,0.779,-0.005,-0.6378,8898967.93,696515.689
512800.SH,20260212,0.796,0.796,0.796,0.783,0.784,-0.012,-1.5075,7036575.93,553745.138
512800.SH,20260211,0.794,0.794,0.797,0.79,0.796,0.002,0.2519,6515656.85,517312.052
512800.SH,20260210,0.792,0.792,0.797,0.791,0.794,0.002,0.2525,5952401.0,472614.868
512800.SH,20260209,0.79,0.786,0.794,0.784,0.792,0.002,0.2532,8746811.0,690839.125
512800.SH,20260206,0.792,0.791,0.796,0.785,0.79,-0.002,-0.2525,10822725.99,854326.731
512800.SH,20260205,0.779,0.781,0.794,0.779,0.792,0.013,1.6688,13591853.19,1071167.543
512800.SH,20260204,0.768,0.767,0.78,0.767,0.779,0.011,1.4323,9754997.19,756831.063
512800.SH,20260203,0.776,0.775,0.776,0.766,0.768,-0.008,-1.0309,11529097.9,886087.699
512800.SH,20260202,0.775,0.774,0.786,0.773,0.776,0.001,0.129,17257747.15,1344155.697
512800.SH,20260130,0.778,0.779,0.785,0.774,0.775,-0.003,-0.3856,12999656.0,1013993.113
512800.SH,20260129,0.765,0.764,0.779,0.76,0.778,0.013,1.6993,12790424.71,983671.46
512800.SH,20260128,0.77,0.768,0.775,0.763,0.765,-0.005,-0.6494,11818178.92,907533.834
512800.SH,20260127,0.771,0.771,0.78,0.768,0.77,-0.001,-0.1297,12581025.15,974847.719
512800.SH,20260126,0.767,0.765,0.777,0.763,0.771,0.004,0.5215,10547878.0,813219.741
512800.SH,20260123,0.775,0.775,0.778,0.765,0.767,-0.008,-1.0323,10766111.35,829970.1
512800.SH,20260122,0.778,0.778,0.784,0.773,0.775,-0.003,-0.3856,8861452.07,688729.714
512800.SH,20260121,0.79,0.79,0.794,0.776,0.778,-0.012,-1.519,11221681.94,878868.696
512800.SH,20260120,0.784,0.784,0.792,0.781,0.79,0.006,0.7653,11157960.75,878918.61
512800.SH,20260119,0.787,0.786,0.789,0.781,0.784,-0.003,-0.3812,7550713.85,592469.866
512800.SH,20260116,0.795,0.797,0.799,0.785,0.787,-0.008,-1.0063,10439650.02,825325.721
512800.SH,20260115,0.804,0.802,0.803,0.794,0.795,-0.009,-1.1194,11862717.19,947959.992
512800.SH,20260114,0.815,0.815,0.815,0.802,0.804,-0.011,-1.3497,12211364.71,987694.039
512800.SH,20260113,0.812,0.811,0.821,0.811,0.815,0.003,0.3695,9505859.94,775943.542
512800.SH,20260112,0.808,0.807,0.812,0.804,0.812,0.004,0.495,10743712.12,869123.459
512800.SH,20260109,0.811,0.811,0.813,0.806,0.808,-0.003,-0.3699,8026129.0,648579.411
512800.SH,20260108,0.819,0.819,0.819,0.81,0.811,-0.008,-0.9768,8353869.1,678900.567
512800.SH,20260107,0.825,0.824,0.827,0.818,0.819,-0.006,-0.7273,9023343.0,741157.364
512800.SH,20260106,0.82,0.82,0.825,0.815,0.825,0.005,0.6098,14265384.51,1169599.152
512800.SH,20260105,0.823,0.823,0.828,0.818,0.82,-0.003,-0.3645,7895136.97,648196.009
512800.SH,20251231,0.824,0.823,0.826,0.82,0.823,-0.001,-0.1214,5960480.33,490665.352
512800.SH,20251230,0.824,0.822,0.826,0.818,0.824,0.0,0.0,7853903.2,645575.007
512800.SH,20251229,0.816,0.816,0.824,0.813,0.824,0.008,0.9804,9215606.9,756097.036
512800.SH,20251226,0.819,0.818,0.82,0.815,0.816,-0.003,-0.3663,6833172.0,558241.455
512800.SH,20251225,0.82,0.819,0.824,0.818,0.819,-0.001,-0.122,8879561.0,728514.807
512800.SH,20251224,0.82,0.821,0.823,0.815,0.82,0.0,0.0,8375676.0,685809.638
512800.SH,20251223,0.819,0.818,0.824,0.817,0.82,0.001,0.1221,8515268.94,699040.615
512800.SH,20251222,0.824,0.823,0.823,0.818,0.819,-0.005,-0.6068,7956348.61,652212.029
512800.SH,20251219,0.827,0.825,0.828,0.821,0.824,-0.003,-0.3628,11371704.68,938104.542
512800.SH,20251218,0.812,0.81,0.828,0.809,0.827,0.015,1.8473,13584448.17,1114932.593
512800.SH,20251217,0.81,0.809,0.816,0.805,0.812,0.002,0.2469,10783559.2,874887.186
512800.SH,20251216,0.815,0.814,0.817,0.807,0.81,-0.005,-0.6135,8270896.0,670474.36
512800.SH,20251215,0.813,0.812,0.819,0.81,0.815,0.002,0.246,8026443.98,654412.068
512800.SH,20251212,0.815,0.814,0.815,0.809,0.813,-0.002,-0.2454,13861429.5,1125114.996
512800.SH,20251211,0.814,0.813,0.816,0.81,0.815,0.001,0.1229,11211978.65,911227.984
512800.SH,20251210,0.826,0.825,0.827,0.81,0.814,-0.012,-1.4528,15141751.63,1233677.799
512800.SH,20251209,0.827,0.827,0.83,0.821,0.826,-0.001,-0.1209,12854146.0,1060154.586
512800.SH,20251208,0.827,0.826,0.83,0.823,0.827,0.0,0.0,11361829.01,939552.029
512800.SH,20251205,0.831,0.829,0.834,0.822,0.827,-0.004,-0.4813,14238533.74,1175584.378
512800.SH,20251204,0.834,0.834,0.836,0.829,0.831,-0.003,-0.3597,9436494.17,784994.297
512800.SH,20251203,0.841,0.84,0.847,0.834,0.834,-0.007,-0.8323,12518474.23,1050803.064
512800.SH,20251202,0.842,0.842,0.846,0.836,0.841,-0.001,-0.1188,6830049.41,574488.442
512800.SH,20251201,0.836,0.833,0.843,0.832,0.842,0.006,0.7177,12876673.57,1079631.369
512800.SH,20251128,0.842,0.841,0.842,0.834,0.836,-0.006,-0.7126,12428895.34,1040591.25
512800.SH,20251127,0.839,0.837,0.845,0.831,0.842,0.003,0.3576,11907340.7,998190.325
512800.SH,20251126,0.846,0.846,0.85,0.837,0.839,-0.007,-0.8274,12750135.51,1072245.585
512800.SH,20251125,0.835,0.833,0.846,0.829,0.846,0.011,1.3174,16552736.49,1389838.84
512800.SH,20251124,0.84,0.839,0.843,0.833,0.835,-0.005,-0.5952,13858074.0,1159460.987
512800.SH,20251121,0.849,0.848,0.853,0.839,0.84,-0.009,-1.0601,17240505.66,1456548.288
512800.SH,20251120,0.842,0.84,0.858,0.838,0.849,0.007,0.8314,17530972.26,1491377.695
512800.SH,20251119,0.834,0.834,0.845,0.834,0.842,0.008,0.9592,12130661.7,1019894.428
512800.SH,20251118,0.838,0.835,0.839,0.832,0.834,-0.004,-0.4773,13201289.92,1101685.094
512800.SH,20251117,0.849,0.846,0.848,0.835,0.838,-0.011,-1.2956,15398370.72,1291529.423
512800.SH,20251114,0.846,0.846,0.857,0.846,0.849,0.003,0.3546,12129796.69,1033025.358
512800.SH,20251113,0.848,0.846,0.85,0.838,0.846,-0.002,-0.2358,11973724.58,1009950.339
512800.SH,20251112,0.843,0.844,0.854,0.844,0.848,0.005,0.5931,12940806.0,1099234.531
512800.SH,20251111,0.839,0.838,0.845,0.836,0.843,0.004,0.4768,10164592.58,854969.092
512800.SH,20251110,0.835,0.832,0.84,0.829,0.839,0.004,0.479,10813137.86,904944.357
512800.SH,20251107,0.836,0.836,0.843,0.833,0.835,-0.001,-0.1196,10253953.44,858175.773
512800.SH,20251106,0.84,0.835,0.841,0.831,0.836,-0.004,-0.4762,12100395.38,1011631.501
512800.SH,20251105,0.84,0.843,0.85,0.835,0.84,0.0,0.0,20804758.88,1750708.354
512800.SH,20251104,0.823,0.823,0.84,0.822,0.84,0.017,2.0656,18774173.0,1568850.885
512800.SH,20251103,0.813,0.813,0.825,0.812,0.823,0.01,1.23,20905985.88,1715163.052
512800.SH,20251031,0.812,0.813,0.815,0.807,0.813,0.001,0.1232,14434340.13,1169926.116
512800.SH,20251030,0.813,0.811,0.819,0.811,0.812,-0.001,-0.123,11832133.45,963554.384
512800.SH,20251029,0.829,0.827,0.827,0.81,0.813,-0.016,-1.93,26457110.63,2158108.2
512800.SH,20251028,0.83,0.831,0.834,0.821,0.829,-0.001,-0.1205,14252844.26,1179767.773
512800.SH,20251027,0.829,0.826,0.836,0.821,0.83,0.001,0.1206,23085187.13,1912645.514
512800.SH,20251024,0.834,0.831,0.837,0.828,0.829,-0.005,-0.5995,16902935.3,1406926.181
512800.SH,20251023,0.829,0.829,0.841,0.825,0.834,0.005,0.6031,25446471.98,2119390.348
512800.SH,20251022,0.822,0.819,0.831,0.819,0.829,0.007,0.8516,14389469.75,1188951.555
512800.SH,20251021,0.819,0.817,0.824,0.816,0.822,0.003,0.3663,15782254.58,1295141.712
512800.SH,20251020,0.821,0.817,0.821,0.806,0.819,-0.002,-0.2436,23317198.99,1899760.865
512800.SH,20251017,0.822,0.82,0.83,0.816,0.821,-0.001,-0.1217,35467440.55,2921926.642
512800.SH,20251016,0.81,0.809,0.823,0.809,0.822,0.012,1.4815,29555563.12,2418978.874
512800.SH,20251015,0.806,0.806,0.812,0.802,0.81,0.004,0.4963,28194127.76,2278117.347
512800.SH,20251014,0.787,0.784,0.807,0.781,0.806,0.019,2.4142,42157725.65,3373841.377
512800.SH,20251013,0.78,0.78,0.791,0.772,0.787,0.007,0.8974,27923742.01,2186968.437
512800.SH,20251010,0.777,0.777,0.786,0.775,0.78,0.003,0.3861,19777636.09,1545778.157
512800.SH,20251009,0.778,0.776,0.778,0.77,0.777,-0.001,-0.1285,16338793.62,1265203.541
512800.SH,20250930,0.786,0.785,0.785,0.776,0.778,-0.008,-1.0178,15797303.57,1230649.811
512800.SH,20250929,0.789,0.786,0.793,0.78,0.786,-0.003,-0.3802,15978499.47,1255484.804
512800.SH,20250926,0.788,0.786,0.79,0.779,0.789,0.001,0.1269,12694704.13,996230.365
512800.SH,20250925,0.792,0.792,0.793,0.783,0.788,-0.004,-0.5051,12416381.0,976163.348
512800.SH,20250924,0.794,0.792,0.802,0.79,0.792,-0.002,-0.2519,19211923.18,1527264.01
512800.SH,20250923,0.784,0.781,0.798,0.778,0.794,0.01,1.2755,24816714.0,1966670.607
512800.SH,20250922,0.792,0.791,0.792,0.781,0.784,-0.008,-1.0101,11395435.0,894913.139
512800.SH,20250919,0.79,0.79,0.794,0.782,0.792,0.002,0.2532,15760735.0,1243959.499
512800.SH,20250918,0.805,0.805,0.807,0.788,0.79,-0.015,-1.8634,21772357.0,1732389.63
512800.SH,20250917,0.808,0.808,0.812,0.804,0.805,-0.003,-0.3713,11440007.73,922186.679
512800.SH,20250916,0.816,0.815,0.819,0.807,0.808,-0.008,-0.9804,13866084.99,1125825.41
512800.SH,20250915,0.824,0.823,0.825,0.814,0.816,-0.008,-0.9709,17857381.99,1461290.109
512800.SH,20250912,0.837,0.835,0.838,0.823,0.824,-0.013,-1.5532,16555087.0,1373193.124
512800.SH,20250911,0.833,0.831,0.838,0.827,0.837,0.004,0.4802,14710756.58,1225576.468
512800.SH,20250910,0.832,0.83,0.835,0.827,0.833,0.001,0.1202,10234565.02,851888.862
512800.SH,20250909,0.826,0.825,0.833,0.824,0.832,0.006,0.7264,11019761.74,913599.153
512800.SH,20250908,0.83,0.828,0.833,0.824,0.826,-0.004,-0.4819,9797267.25,811239.003
512800.SH,20250905,0.838,0.834,0.835,0.826,0.83,-0.008,-0.9547,13148957.34,1091057.209
512800.SH,20250904,0.83,0.829,0.84,0.816,0.838,0.008,0.9639,16711197.37,1383692.747
512800.SH,20250903,0.842,0.84,0.843,0.827,0.83,-0.012,-1.4252,13775528.23,1150121.014
512800.SH,20250902,0.826,0.825,0.842,0.824,0.842,0.016,1.937,23232151.0,1939585.269
512800.SH,20250901,0.836,0.834,0.839,0.825,0.826,-0.01,-1.1962,14832895.88,1230020.878
512800.SH,20250829,0.842,0.84,0.852,0.835,0.836,-0.006,-0.7126,13503752.09,1137718.487
512800.SH,20250828,0.838,0.837,0.845,0.831,0.842,0.004,0.4773,11596393.89,971508.706
512800.SH,20250827,0.853,0.851,0.852,0.837,0.838,-0.015,-1.7585,11935530.07,1007559.34
512800.SH,20250826,0.858,0.856,0.86,0.852,0.853,-0.005,-0.5828,7802510.22,666530.496
512800.SH,20250825,0.852,0.849,0.859,0.848,0.858,0.006,0.7042,13957809.65,1191603.331
512800.SH,20250822,0.855,0.854,0.855,0.846,0.852,-0.003,-0.3509,13473719.78,1143977.892
512800.SH,20250821,0.851,0.85,0.857,0.845,0.855,0.004,0.47,12817798.68,1092353.038
512800.SH,20250820,0.847,0.847,0.856,0.843,0.851,0.004,0.4723,10547932.22,897343.86
512800.SH,20250819,0.846,0.845,0.849,0.842,0.847,0.001,0.1182,8538558.87,722344.968
512800.SH,20250818,0.844,0.841,0.847,0.836,0.846,0.002,0.237,11747591.32,989843.897
512800.SH,20250815,0.856,0.855,0.856,0.837,0.844,-0.012,-1.4019,18940978.19,1596230.515
512800.SH,20250814,0.857,0.856,0.86,0.854,0.856,-0.001,-0.1167,9356992.17,801763.294
512800.SH,20250813,0.865,0.866,0.868,0.854,0.857,-0.008,-0.9249,15814119.29,1358711.629
512800.SH,20250812,0.863,0.862,0.87,0.861,0.865,0.002,0.2317,9123797.48,790281.381
512800.SH,20250811,0.87,0.87,0.871,0.86,0.863,-0.007,-0.8046,12028575.0,1038467.902
512800.SH,20250808,0.874,0.874,0.878,0.869,0.87,-0.004,-0.4577,7212369.0,629646.093
512800.SH,20250807,0.87,0.869,0.875,0.864,0.874,0.004,0.4598,9299292.02,811115.7
512800.SH,20250806,0.871,0.871,0.876,0.866,0.87,-0.001,-0.1148,11503147.88,1001493.339
512800.SH,20250805,0.858,0.857,0.873,0.856,0.871,0.013,1.5152,13569783.57,1175428.194
512800.SH,20250804,0.853,0.851,0.864,0.849,0.858,0.005,0.5862,13871339.47,1191364.018
512800.SH,20250801,0.848,0.85,0.855,0.842,0.853,0.005,0.5896,11576569.07,984568.211
512800.SH,20250731,0.854,0.854,0.854,0.841,0.848,-0.006,-0.7026,13866574.6,1174169.736
512800.SH,20250730,0.849,0.849,0.86,0.846,0.854,0.005,0.5889,14036608.26,1199253.464
512800.SH,20250729,0.86,0.858,0.863,0.848,0.849,-0.011,-1.2791,11911842.0,1015955.207
512800.SH,20250728,0.858,0.856,0.866,0.856,0.86,0.002,0.2331,9569530.99,824018.991
512800.SH,20250725,0.859,0.858,0.864,0.856,0.858,-0.001,-0.1164,10971602.0,943381.789
512800.SH,20250724,0.872,0.872,0.873,0.858,0.859,-0.013,-1.4908,15347036.3,1323419.207
512800.SH,20250723,0.867,0.866,0.88,0.865,0.872,0.005,0.5767,12364662.74,1079742.9
512800.SH,20250722,0.88,0.875,0.877,0.861,0.867,-0.013,-1.4773,18632838.76,1616244.438
512800.SH,20250721,0.883,0.881,0.885,0.875,0.88,-0.003,-0.3398,10676581.07,937613.981
512800.SH,20250718,0.879,0.88,0.887,0.877,0.883,0.004,0.4551,9019601.0,796860.997
512800.SH,20250717,0.882,0.882,0.884,0.876,0.879,-0.003,-0.3401,7467934.04,656662.159
512800.SH,20250716,0.886,0.884,0.886,0.873,0.882,-0.004,-0.4515,12260518.85,1076589.321
512800.SH,20250715,0.895,0.896,0.898,0.881,0.886,-0.009,-1.0056,10071214.39,894823.441
512800.SH,20250714,0.888,0.888,0.903,0.887,0.895,0.007,0.7883,9760280.29,875578.54
512800.SH,20250711,0.906,0.906,0.912,0.887,0.888,-0.018,-1.9868,15847645.52,1424232.582
512800.SH,20250710,0.895,0.894,0.911,0.893,0.906,0.011,1.2291,9232436.63,835138.955
512800.SH,20250709,0.891,0.889,0.899,0.887,0.895,0.004,0.4489,5392142.59,481861.417
512800.SH,20250708,0.894,0.893,0.896,0.884,0.891,-0.003,-0.3356,7049190.67,627016.573
512800.SH,20250707,0.889,0.888,0.894,0.884,0.894,0.005,0.5624,6708951.19,597424.436
512800.SH,20250704,1.746,1.742,1.788,1.741,1.777,0.031,1.7755,4914427.6,869176.606
512800.SH,20250703,1.746,1.742,1.756,1.733,1.746,0.0,0.0,3763809.66,656689.078
512800.SH,20250702,1.737,1.734,1.754,1.733,1.746,0.009,0.5181,4871960.41,850917.08
512800.SH,20250701,1.711,1.709,1.741,1.708,1.737,0.026,1.5196,4068546.09,703330.856
512800.SH,20250630,1.713,1.705,1.712,1.693,1.711,-0.002,-0.1168,6461599.87,1100078.652
512800.SH,20250627,1.762,1.76,1.771,1.708,1.713,-0.049,-2.7809,11279424.61,1961468.258
512800.SH,20250626,1.744,1.741,1.765,1.734,1.762,0.018,1.0321,5713355.24,1000358.646
512800.SH,20250625,1.726,1.723,1.748,1.714,1.744,0.018,1.0429,4561961.44,790076.461
512800.SH,20250624,1.721,1.717,1.734,1.708,1.726,0.005,0.2905,4392472.88,756399.984
512800.SH,20250623,1.7,1.697,1.726,1.681,1.721,0.021,1.2353,5196198.0,888066.59
512800.SH,20250620,1.681,1.68,1.701,1.677,1.7,0.019,1.1303,3599713.0,609310.729
512800.SH,20250619,1.683,1.68,1.686,1.67,1.681,-0.002,-0.1188,3100584.0,520316.941
512800.SH,20250618,1.666,1.667,1.684,1.664,1.683,0.017,1.0204,2268498.73,379976.535
512800.SH,20250617,1.67,1.669,1.677,1.664,1.666,-0.004,-0.2395,2743735.8,457836.03
512800.SH,20250616,1.65,1.647,1.67,1.644,1.67,0.02,1.2121,2205094.17,365561.46
512800.SH,20250613,1.663,1.661,1.667,1.644,1.65,-0.013,-0.7817,4810479.31,794027.87
512800.SH,20250612,1.657,1.658,1.666,1.65,1.663,0.006,0.3621,2832639.26,470574.456
512800.SH,20250611,1.651,1.648,1.663,1.647,1.657,0.006,0.3634,2167349.0,358675.985
512800.SH,20250610,1.643,1.638,1.667,1.638,1.651,0.008,0.4869,3601576.0,595594.373
512800.SH,20250609,1.638,1.638,1.644,1.626,1.643,0.005,0.3053,2966406.0,485988.382
512800.SH,20250606,1.633,1.635,1.646,1.632,1.638,0.005,0.3062,1754297.0,287406.668
512800.SH,20250605,1.645,1.642,1.651,1.632,1.633,-0.012,-0.7295,2983354.24,488083.102
512800.SH,20250604,1.643,1.643,1.651,1.635,1.645,0.002,0.1217,2231418.48,366565.203
512800.SH,20250603,1.615,1.614,1.652,1.612,1.643,0.028,1.7337,3281772.16,537003.051
512800.SH,20250530,1.604,1.602,1.618,1.6,1.615,0.011,0.6858,2323826.0,374499.489
512800.SH,20250529,1.605,1.605,1.609,1.596,1.604,-0.001,-0.0623,2152336.0,344966.3
512800.SH,20250528,1.607,1.608,1.614,1.594,1.605,-0.002,-0.1245,2056337.0,329839.816
512800.SH,20250527,1.598,1.602,1.615,1.6,1.607,0.009,0.5632,2176844.0,349872.844
512800.SH,20250526,1.61,1.609,1.614,1.594,1.598,-0.012,-0.7453,2952835.0,473320.05
512800.SH,20250523,1.626,1.629,1.633,1.608,1.61,-0.016,-0.984,3041729.98,492534.616
512800.SH,20250522,1.612,1.611,1.628,1.605,1.626,0.014,0.8685,3154287.92,511300.711
512800.SH,20250521,1.601,1.602,1.618,1.595,1.612,0.011,0.6871,2451026.0,394566.401
512800.SH,20250520,1.596,1.599,1.614,1.595,1.601,0.005,0.3133,2064706.0,331007.667
512800.SH,20250519,1.601,1.601,1.613,1.594,1.596,-0.005,-0.3123,3677225.0,588522.492
512800.SH,20250516,1.615,1.613,1.619,1.591,1.601,-0.014,-0.8669,3294419.34,527443.735
512800.SH,20250515,1.619,1.618,1.632,1.613,1.615,-0.004,-0.2471,4114568.0,666509.801
512800.SH,20250514,1.605,1.602,1.626,1.597,1.619,0.014,0.8723,4827880.0,779719.69
512800.SH,20250513,1.582,1.579,1.607,1.576,1.605,0.023,1.4539,2216034.82,353303.535
512800.SH,20250512,1.577,1.577,1.596,1.567,1.582,0.005,0.3171,4848190.7,768579.81
512800.SH,20250509,1.558,1.556,1.581,1.555,1.577,0.019,1.2195,2493618.0,392512.088
512800.SH,20250508,1.542,1.538,1.56,1.536,1.558,0.016,1.0376,2751822.0,427577.413
512800.SH,20250507,1.519,1.525,1.543,1.519,1.542,0.023,1.5142,3266309.6,500527.056
512800.SH,20250506,1.52,1.522,1.525,1.508,1.519,-0.001,-0.0658,2608787.57,395346.864
512800.SH,20250430,1.554,1.548,1.549,1.515,1.52,-0.034,-2.1879,4056961.09,617557.223
512800.SH,20250429,1.558,1.556,1.565,1.55,1.554,-0.004,-0.2567,1737330.0,270082.972
512800.SH,20250428,1.545,1.544,1.561,1.542,1.558,0.013,0.8414,2032245.75,315918.62
512800.SH,20250425,1.55,1.551,1.557,1.536,1.545,-0.005,-0.3226,1900159.86,293344.932
512800.SH,20250424,1.533,1.53,1.553,1.53,1.55,0.017,1.1089,2136610.62,330112.913
512800.SH,20250423,1.541,1.54,1.542,1.529,1.533,-0.008,-0.5191,1718531.75,263661.119
512800.SH,20250422,1.528,1.528,1.542,1.528,1.541,0.013,0.8508,2870480.75,441080.222
512800.SH,20250421,1.548,1.546,1.561,1.527,1.528,-0.02,-1.292,3177603.12,489588.339
512800.SH,20250418,1.533,1.53,1.55,1.53,1.548,0.015,0.9785,2004671.29,309171.228
512800.SH,20250417,1.532,1.528,1.536,1.515,1.533,0.001,0.0653,1783334.35,272501.82
512800.SH,20250416,1.518,1.517,1.535,1.512,1.532,0.014,0.9223,2163276.0,329055.315
512800.SH,20250415,1.496,1.495,1.519,1.492,1.518,0.022,1.4706,2263452.0,341519.794
512800.SH,20250414,1.488,1.486,1.5,1.485,1.496,0.008,0.5376,2584326.0,386063.684
512800.SH,20250411,1.484,1.478,1.488,1.472,1.488,0.004,0.2695,2012103.53,297576.213
512800.SH,20250410,1.472,1.472,1.488,1.47,1.484,0.012,0.8152,2978245.91,440907.976
512800.SH,20250409,1.485,1.471,1.484,1.46,1.472,-0.013,-0.8754,4254814.0,625716.23
512800.SH,20250408,1.485,1.469,1.487,1.458,1.485,0.0,0.0,3362516.48,494544.622
512800.SH,20250407,1.533,1.51,1.512,1.423,1.485,-0.048,-3.1311,5302641.48,777352.343
512800.SH,20250403,1.528,1.522,1.535,1.518,1.533,0.005,0.3272,2554447.5,390208.824
512800.SH,20250402,1.515,1.513,1.532,1.512,1.528,0.013,0.8581,2734484.3,417096.023
512800.SH,20250401,1.524,1.52,1.525,1.507,1.515,-0.009,-0.5906,3431709.51,519307.952
512800.SH,20250331,1.519,1.53,1.534,1.506,1.524,0.005,0.3292,3376971.8,514404.69
512800.SH,20250328,1.523,1.523,1.525,1.515,1.519,-0.004,-0.2626,1603364.0,243511.778
512800.SH,20250327,1.517,1.516,1.53,1.513,1.523,0.006,0.3955,2105200.75,320971.099
512800.SH,20250326,1.54,1.535,1.536,1.514,1.517,-0.023,-1.4935,4603638.0,700397.174
512800.SH,20250325,1.532,1.531,1.542,1.53,1.54,0.008,0.5222,2212265.0,340017.707
512800.SH,20250324,1.518,1.518,1.535,1.517,1.532,0.014,0.9223,2973310.38,454429.856
512800.SH,20250321,1.537,1.534,1.54,1.516,1.518,-0.019,-1.2362,1923911.08,293912.898
512800.SH,20250320,1.547,1.546,1.55,1.532,1.537,-0.01,-0.6464,2072297.0,318619.401
512800.SH,20250319,1.524,1.524,1.547,1.524,1.547,0.023,1.5092,1980116.0,304421.974
512800.SH,20250318,1.527,1.529,1.53,1.521,1.524,-0.003,-0.1965,1152764.0,175890.918
512800.SH,20250317,1.522,1.523,1.533,1.518,1.527,0.005,0.3285,1614524.5,246528.123
512800.SH,20250314,1.502,1.502,1.529,1.501,1.522,0.02,1.3316,4213388.92,640532.669
512800.SH,20250313,1.497,1.499,1.509,1.496,1.502,0.005,0.334,2201949.8,331104.175
512800.SH,20250312,1.498,1.496,1.502,1.489,1.497,-0.001,-0.0668,2117289.0,316746.995
512800.SH,20250311,1.49,1.485,1.499,1.482,1.498,0.008,0.5369,2356141.8,351274.336
512800.SH,20250310,1.502,1.5,1.501,1.486,1.49,-0.012,-0.7989,2007522.0,299117.013
512800.SH,20250307,1.502,1.498,1.509,1.495,1.502,0.0,0.0,3216261.0,482984.126
512800.SH,20250306,1.509,1.508,1.508,1.493,1.502,-0.007,-0.4639,3337069.0,500651.107
512800.SH,20250305,1.485,1.483,1.51,1.48,1.509,0.024,1.6162,4908923.2,736924.835
512800.SH,20250304,1.486,1.482,1.492,1.48,1.485,-0.001,-0.0673,3231111.57,480421.225
512800.SH,20250303,1.489,1.489,1.494,1.476,1.486,-0.003,-0.2015,4249510.57,630941.856
512800.SH,20250228,1.497,1.493,1.504,1.488,1.489,-0.008,-0.5344,4152626.35,620969.129
512800.SH,20250227,1.478,1.479,1.497,1.469,1.497,0.019,1.2855,4633640.0,688422.499
512800.SH,20250226,1.47,1.47,1.488,1.47,1.478,0.008,0.5442,4686477.26,693769.509
512800.SH,20250225,1.481,1.484,1.486,1.466,1.47,-0.011,-0.7427,3346960.93,493521.263
512800.SH,20250224,1.494,1.49,1.494,1.48,1.481,-0.013,-0.8701,4027306.0,597828.417
512800.SH,20250221,1.515,1.513,1.514,1.49,1.494,-0.021,-1.3861,6127279.2,916624.605
512800.SH,20250220,1.514,1.51,1.517,1.506,1.515,0.001,0.0661,3151701.0,476323.819
512800.SH,20250219,1.522,1.517,1.523,1.511,1.514,-0.008,-0.5256,3026146.0,458790.961
512800.SH,20250218,1.506,1.502,1.529,1.499,1.522,0.016,1.0624,3976699.0,603834.814
512800.SH,20250217,1.509,1.51,1.51,1.494,1.506,-0.003,-0.1988,2636152.0,395380.571
512800.SH,20250214,1.502,1.502,1.509,1.495,1.509,0.007,0.466,2228727.0,334658.295
512800.SH,20250213,1.5,1.498,1.508,1.496,1.502,0.002,0.1333,2955718.0,444400.558
512800.SH,20250212,1.49,1.488,1.502,1.48,1.5,0.01,0.6711,3505732.0,522923.592
512800.SH,20250211,1.477,1.476,1.49,1.475,1.49,0.013,0.8802,2560520.0,380479.19
512800.SH,20250210,1.475,1.471,1.488,1.466,1.477,0.002,0.1356,3635576.0,537383.654
512800.SH,20250207,1.48,1.479,1.479,1.47,1.475,-0.005,-0.3378,5537474.0,816533.703
512800.SH,20250206,1.48,1.48,1.491,1.468,1.48,0.0,0.0,2602706.0,384654.129
512800.SH,20250205,1.503,1.503,1.507,1.477,1.48,-0.023,-1.5303,2526756.0,375028.482
512800.SH,20250127,1.483,1.484,1.509,1.484,1.503,0.02,1.3486,2706713.0,406467.711
512800.SH,20250124,1.479,1.482,1.49,1.459,1.483,0.004,0.2705,3189196.72,471689.09
512800.SH,20250123,1.443,1.451,1.485,1.45,1.479,0.036,2.4948,3720474.72,547681.849
512800.SH,20250122,1.471,1.471,1.471,1.44,1.443,-0.028,-1.9035,2902749.0,420423.28
512800.SH,20250121,1.471,1.473,1.479,1.462,1.471,0.0,0.0,1965936.0,289317.391
512800.SH,20250120,1.477,1.479,1.485,1.469,1.471,-0.006,-0.4062,2955355.59,435948.234
512800.SH,20250117,1.485,1.481,1.488,1.468,1.477,-0.008,-0.5387,2309367.0,341253.521
512800.SH,20250116,1.471,1.475,1.487,1.466,1.485,0.014,0.9517,3474024.77,514126.878
512800.SH,20250115,1.459,1.458,1.49,1.457,1.471,0.012,0.8225,3165100.2,466743.793
512800.SH,20250114,1.436,1.439,1.463,1.435,1.459,0.023,1.6017,3170621.0,460429.113
512800.SH,20250113,1.456,1.45,1.453,1.425,1.436,-0.02,-1.3736,3110938.0,447792.637
512800.SH,20250110,1.465,1.464,1.471,1.444,1.456,-0.009,-0.6143,2953748.0,430509.06
512800.SH,20250109,1.475,1.476,1.476,1.455,1.465,-0.01,-0.678,2684449.0,393284.173
512800.SH,20250108,1.464,1.46,1.483,1.459,1.475,0.011,0.7514,3572803.0,526016.001
512800.SH,20250107,1.455,1.449,1.465,1.442,1.464,0.009,0.6186,3795729.0,551835.718
512800.SH,20250106,1.442,1.444,1.455,1.418,1.455,0.013,0.9015,3847346.0,555192.914
512800.SH,20250103,1.451,1.451,1.463,1.435,1.442,-0.009,-0.6203,4619021.0,667865.211
512800.SH,20250102,1.485,1.485,1.495,1.444,1.451,-0.034,-2.2896,4710526.0,691397.697
512800.SH,20241231,1.502,1.501,1.512,1.483,1.485,-0.017,-1.1318,5213175.0,781041.242
512800.SH,20241230,1.483,1.477,1.505,1.477,1.502,0.019,1.2812,5792061.0,865476.092
512800.SH,20241227,1.487,1.482,1.489,1.455,1.483,-0.004,-0.269,5080235.0,748562.387
512800.SH,20241226,1.488,1.485,1.49,1.467,1.487,-0.001,-0.0672,2696685.0,398523.959
512800.SH,20241225,1.471,1.47,1.496,1.47,1.488,0.017,1.1557,4736016.0,703072.095
512800.SH,20241224,1.453,1.451,1.473,1.448,1.471,0.018,1.2388,3248441.68,475597.464
512800.SH,20241223,1.428,1.427,1.462,1.427,1.453,0.025,1.7507,3878321.68,562631.72
512800.SH,20241220,1.431,1.429,1.439,1.425,1.428,-0.003,-0.2096,2386970.68,341720.888
512800.SH,20241219,1.446,1.44,1.447,1.426,1.431,-0.015,-1.0373,2629257.0,376805.986
512800.SH,20241218,1.428,1.435,1.455,1.431,1.446,0.018,1.2605,2609787.0,377284.443
512800.SH,20241217,1.429,1.427,1.439,1.425,1.428,-0.001,-0.07,2210521.17,316397.718
512800.SH,20241216,1.416,1.414,1.439,1.414,1.429,0.013,0.9181,2224030.0,317971.723
512800.SH,20241213,1.447,1.437,1.44,1.415,1.416,-0.031,-2.1424,2668764.14,380419.701
512800.SH,20241212,1.429,1.428,1.447,1.425,1.447,0.018,1.2596,2550151.21,366860.995
512800.SH,20241211,1.443,1.441,1.449,1.427,1.429,-0.014,-0.9702,2265393.03,324542.401
512800.SH,20241210,1.429,1.444,1.46,1.433,1.443,0.014,0.9797,3356648.94,484722.167
512800.SH,20241209,1.423,1.42,1.435,1.414,1.429,0.006,0.4216,2449981.0,349600.169
512800.SH,20241206,1.408,1.406,1.432,1.406,1.423,0.015,1.0653,2936885.0,417414.829
512800.SH,20241205,1.408,1.406,1.416,1.403,1.408,0.0,0.0,1996762.0,281579.864
512800.SH,20241204,1.409,1.405,1.416,1.394,1.408,-0.001,-0.071,2926547.0,411948.847
512800.SH,20241203,1.387,1.388,1.409,1.383,1.409,0.022,1.5862,3213561.0,449586.785
512800.SH,20241202,1.394,1.393,1.395,1.38,1.387,-0.007,-0.5022,2313806.0,320673.962
512800.SH,20241129,1.392,1.393,1.409,1.389,1.394,0.002,0.1437,2520614.0,352637.186
512800.SH,20241128,1.393,1.391,1.399,1.385,1.392,-0.001,-0.0718,1809079.41,251902.815
512800.SH,20241127,1.38,1.376,1.395,1.37,1.393,0.013,0.942,2818812.0,390253.068
512800.SH,20241126,1.368,1.364,1.382,1.358,1.38,0.012,0.8772,2469916.0,339319.451
512800.SH,20241125,1.365,1.368,1.377,1.364,1.368,0.003,0.2198,2435457.0,333658.274
512800.SH,20241122,1.396,1.394,1.399,1.363,1.365,-0.031,-2.2206,2673946.0,369041.452
512800.SH,20241121,1.399,1.396,1.401,1.389,1.396,-0.003,-0.2144,2800728.0,390289.792
512800.SH,20241120,1.405,1.401,1.408,1.394,1.399,-0.006,-0.427,2358133.0,329812.628
512800.SH,20241119,1.41,1.409,1.425,1.387,1.405,-0.005,-0.3546,3431657.0,482351.336
512800.SH,20241118,1.384,1.397,1.433,1.393,1.41,0.026,1.8786,5235256.0,740708.435
512800.SH,20241115,1.386,1.382,1.397,1.374,1.384,-0.002,-0.1443,3984967.29,553167.68
512800.SH,20241114,1.382,1.381,1.397,1.375,1.386,0.004,0.2894,3477151.0,483414.161
512800.SH,20241113,1.375,1.372,1.387,1.371,1.382,0.007,0.5091,2526205.0,348771.911
512800.SH,20241112,1.387,1.386,1.401,1.371,1.375,-0.012,-0.8652,3013590.63,417452.979
512800.SH,20241111,1.409,1.401,1.401,1.38,1.387,-0.022,-1.5614,2552443.0,353771.449
512800.SH,20241108,1.429,1.429,1.433,1.403,1.409,-0.02,-1.3996,3756667.0,530864.001
512800.SH,20241107,1.399,1.395,1.43,1.392,1.429,0.03,2.1444,3793069.0,534760.627
512800.SH,20241106,1.409,1.407,1.408,1.391,1.399,-0.01,-0.7097,3199062.0,447190.802
512800.SH,20241105,1.398,1.393,1.41,1.39,1.409,0.011,0.7868,2933142.0,411231.488
512800.SH,20241104,1.391,1.391,1.399,1.369,1.398,0.007,0.5032,2322678.0,321478.001
512800.SH,20241101,1.372,1.37,1.399,1.37,1.391,0.019,1.3848,3378081.95,469009.265
512800.SH,20241031,1.381,1.378,1.388,1.362,1.372,-0.009,-0.6517,2642408.0,362788.334
512800.SH,20241030,1.397,1.396,1.405,1.375,1.381,-0.016,-1.1453,2246194.0,311532.452
512800.SH,20241029,1.398,1.398,1.414,1.394,1.397,-0.001,-0.0715,2665932.0,373974.244
512800.SH,20241028,1.411,1.406,1.406,1.389,1.398,-0.013,-0.9213,2098549.0,292599.569
512800.SH,20241025,1.417,1.415,1.419,1.405,1.411,-0.006,-0.4234,2147119.97,302964.518
512800.SH,20241024,1.422,1.42,1.429,1.414,1.417,-0.005,-0.3516,2285530.0,324529.502
512800.SH,20241023,1.416,1.416,1.425,1.412,1.422,0.006,0.4237,2635015.0,374183.133
512800.SH,20241022,1.419,1.414,1.428,1.408,1.416,-0.003,-0.2114,2342375.94,331491.244
512800.SH,20241021,1.439,1.432,1.433,1.405,1.419,-0.02,-1.3899,4092347.52,578164.487
512800.SH,20241018,1.431,1.431,1.448,1.404,1.439,0.008,0.559,4038328.0,576551.842
512800.SH,20241017,1.452,1.452,1.463,1.428,1.431,-0.021,-1.4463,3061539.0,442353.96
512800.SH,20241016,1.412,1.404,1.454,1.401,1.452,0.04,2.8329,3634709.0,523524.87
512800.SH,20241015,1.446,1.441,1.458,1.41,1.412,-0.034,-2.3513,3115063.0,447803.58
512800.SH,20241014,1.396,1.417,1.458,1.417,1.446,0.05,3.5817,5748949.0,828558.387
512800.SH,20241011,1.412,1.41,1.435,1.387,1.396,-0.016,-1.1331,3035436.95,428463.109
512800.SH,20241010,1.354,1.354,1.441,1.354,1.412,0.058,4.2836,3637443.0,512690.806
512800.SH,20241009,1.46,1.429,1.43,1.352,1.354,-0.106,-7.2603,3334920.05,464965.302
512800.SH,20241008,1.414,1.533,1.555,1.4,1.46,0.046,3.2532,6866895.03,1011260.301
512800.SH,20240930,1.378,1.385,1.428,1.347,1.414,0.036,2.6125,6836060.28,949865.495
512800.SH,20240927,1.359,1.369,1.389,1.325,1.378,0.019,1.3981,1553080.0,210381.908
512800.SH,20240926,1.31,1.308,1.36,1.305,1.359,0.049,3.7405,2600102.48,346084.713
512800.SH,20240925,1.285,1.3,1.33,1.295,1.31,0.025,1.9455,2758634.9,362822.701
512800.SH,20240924,1.236,1.241,1.287,1.238,1.285,0.049,3.9644,2854034.0,360393.977
512800.SH,20240923,1.217,1.213,1.237,1.209,1.236,0.019,1.5612,1632647.0,200485.987
512800.SH,20240920,1.208,1.207,1.218,1.204,1.217,0.009,0.745,1506223.0,182567.19
512800.SH,20240919,1.207,1.209,1.21,1.194,1.208,0.001,0.0829,1578309.0,189709.724
512800.SH,20240918,1.193,1.193,1.207,1.192,1.207,0.014,1.1735,1566473.0,188095.195
512800.SH,20240913,1.197,1.196,1.208,1.193,1.193,-0.004,-0.3342,1433508.39,172069.784
512800.SH,20240912,1.19,1.187,1.201,1.18,1.197,0.007,0.5882,1712618.39,204367.881
512800.SH,20240911,1.217,1.214,1.215,1.184,1.19,-0.027,-2.2186,2949134.74,352245.89
512800.SH,20240910,1.209,1.209,1.219,1.203,1.217,0.008,0.6617,1497531.17,181554.986
512800.SH,20240909,1.232,1.227,1.229,1.206,1.209,-0.023,-1.8669,2825609.0,341896.937
512800.SH,20240906,1.228,1.227,1.245,1.227,1.232,0.004,0.3257,1652343.0,204599.88
512800.SH,20240905,1.23,1.23,1.233,1.218,1.228,-0.002,-0.1626,1688601.0,206770.53
512800.SH,20240904,1.234,1.229,1.241,1.225,1.23,-0.004,-0.3241,2201372.0,271221.989
512800.SH,20240903,1.255,1.254,1.256,1.226,1.234,-0.021,-1.6733,2591159.0,319879.998
512800.SH,20240902,1.256,1.246,1.266,1.243,1.255,-0.001,-0.0796,2338409.0,294462.074
512800.SH,20240830,1.282,1.275,1.286,1.251,1.256,-0.026,-2.0281,4203444.0,530762.228
512800.SH,20240829,1.325,1.323,1.323,1.279,1.282,-0.043,-3.2453,2110658.0,272810.064
512800.SH,20240828,1.334,1.331,1.337,1.316,1.325,-0.009,-0.6747,1124284.0,148998.984
512800.SH,20240827,1.329,1.326,1.34,1.323,1.334,0.005,0.3762,1019799.0,136021.274
512800.SH,20240826,1.329,1.328,1.331,1.316,1.329,0.0,0.0,1028984.0,136294.378
512800.SH,20240823,1.322,1.321,1.33,1.31,1.329,0.007,0.5295,1105858.0,146245.789
512800.SH,20240822,1.31,1.307,1.327,1.307,1.322,0.012,0.916,1334234.0,176210.469
512800.SH,20240821,1.318,1.313,1.317,1.297,1.31,-0.008,-0.607,2628962.0,344035.679
512800.SH,20240820,1.315,1.314,1.322,1.309,1.318,0.003,0.2281,1736531.0,228773.043
512800.SH,20240819,1.293,1.294,1.317,1.289,1.315,0.022,1.7015,2029974.77,265083.559
512800.SH,20240816,1.278,1.278,1.294,1.275,1.293,0.015,1.1737,1974442.0,254260.32
512800.SH,20240815,1.26,1.258,1.279,1.257,1.278,0.018,1.4286,1348491.0,171483.544
512800.SH,20240814,1.261,1.259,1.268,1.257,1.26,-0.001,-0.0793,2504299.0,316050.369
512800.SH,20240813,1.255,1.254,1.266,1.253,1.261,0.006,0.4781,1008768.0,127131.403
512800.SH,20240812,1.259,1.258,1.259,1.251,1.255,-0.004,-0.3177,883220.0,110824.878
512800.SH,20240809,1.253,1.251,1.266,1.248,1.259,0.006,0.4789,1346681.0,169492.409
512800.SH,20240808,1.25,1.248,1.254,1.244,1.253,0.003,0.24,1176811.0,147049.483
512800.SH,20240807,1.248,1.247,1.258,1.246,1.25,0.002,0.1603,1034156.0,129495.334
512800.SH,20240806,1.26,1.264,1.267,1.24,1.248,-0.012,-0.9524,1992158.24,248730.706
512800.SH,20240805,1.271,1.27,1.275,1.259,1.26,-0.011,-0.8655,1590432.02,201428.499
512800.SH,20240802,1.278,1.271,1.279,1.267,1.271,-0.007,-0.5477,990484.0,126037.645
512800.SH,20240801,1.276,1.272,1.287,1.259,1.278,0.002,0.1567,1826668.0,233047.851
512800.SH,20240731,1.277,1.276,1.281,1.271,1.276,-0.001,-0.0783,1578210.0,201215.462
512800.SH,20240730,1.283,1.282,1.287,1.269,1.277,-0.006,-0.4677,930102.0,118760.62
512800.SH,20240729,1.265,1.264,1.284,1.257,1.283,0.018,1.4229,1147461.0,146142.608
512800.SH,20240726,1.283,1.281,1.283,1.255,1.265,-0.018,-1.403,1432209.0,181374.0
512800.SH,20240725,1.295,1.293,1.296,1.269,1.283,-0.012,-0.9266,1327152.0,170197.418
512800.SH,20240724,1.294,1.293,1.304,1.289,1.295,0.001,0.0773,1541880.0,199922.765
512800.SH,20240723,1.282,1.281,1.308,1.281,1.294,0.012,0.936,1961518.58,254308.251
512800.SH,20240722,1.303,1.299,1.3,1.276,1.282,-0.021,-1.6117,1911476.58,245134.088
512800.SH,20240719,1.307,1.306,1.306,1.287,1.303,-0.004,-0.306,1414165.3,183153.587
512800.SH,20240718,1.31,1.305,1.308,1.294,1.307,-0.003,-0.229,1115507.99,145098.693
512800.SH,20240717,1.299,1.296,1.31,1.294,1.31,0.011,0.8468,1260782.0,164366.893
512800.SH,20240716,1.304,1.303,1.309,1.289,1.299,-0.005,-0.3834,1552484.02,201613.208
512800.SH,20240715,1.289,1.288,1.304,1.286,1.304,0.015,1.1637,2740306.0,355539.452
512800.SH,20240712,1.263,1.262,1.291,1.262,1.289,0.026,2.0586,2431392.04,312357.959
512800.SH,20240711,1.271,1.275,1.276,1.258,1.263,-0.008,-0.6294,2085748.05,263529.232
512800.SH,20240710,1.265,1.266,1.276,1.264,1.271,0.006,0.4743,1036780.0,131732.115
512800.SH,20240709,1.253,1.253,1.267,1.244,1.265,0.012,0.9577,1525345.0,191725.007
512800.SH,20240708,1.246,1.243,1.258,1.241,1.253,0.007,0.5618,1252351.03,156853.842
512800.SH,20240705,1.272,1.272,1.275,1.238,1.246,-0.026,-2.044,2249435.51,280984.267
512800.SH,20240704,1.269,1.267,1.279,1.267,1.272,0.003,0.2364,1430120.0,182092.722
512800.SH,20240703,1.28,1.282,1.284,1.262,1.269,-0.011,-0.8594,2516628.0,319962.149
512800.SH,20240702,1.263,1.26,1.283,1.258,1.28,0.017,1.346,2017700.02,257588.392
512800.SH,20240701,1.247,1.245,1.265,1.244,1.263,0.016,1.2831,1545963.02,194422.864
512800.SH,20240628,1.242,1.239,1.252,1.233,1.247,0.005,0.4026,1404010.96,174738.423
512800.SH,20240627,1.227,1.225,1.257,1.221,1.242,0.015,1.2225,2456703.96,303391.843
512800.SH,20240626,1.226,1.224,1.23,1.221,1.227,0.001,0.0816,1546519.97,189527.714
512800.SH,20240625,1.219,1.219,1.229,1.216,1.226,0.007,0.5742,3100748.17,379125.223
512800.SH,20240624,1.218,1.215,1.223,1.206,1.219,0.001,0.0821,1112088.46,135044.687
512800.SH,20240621,1.218,1.218,1.221,1.209,1.218,0.0,0.0,2593218.98,314562.772
512800.SH,20240620,1.226,1.224,1.227,1.214,1.218,-0.008,-0.6525,2672264.5,325710.241
512800.SH,20240619,1.212,1.209,1.229,1.209,1.226,0.014,1.1551,1165956.7,142403.405
512800.SH,20240618,1.207,1.206,1.215,1.198,1.212,0.005,0.4143,1431225.7,173009.954
512800.SH,20240617,1.219,1.213,1.218,1.204,1.207,-0.012,-0.9844,1129175.0,136407.439
512800.SH,20240614,1.206,1.206,1.223,1.203,1.219,0.013,1.0779,1753261.0,212848.136
512800.SH,20240613,1.216,1.214,1.217,1.202,1.206,-0.01,-0.8224,3291881.0,397444.525
512800.SH,20240612,1.22,1.218,1.219,1.204,1.216,-0.004,-0.3279,1217487.0,147330.188
512800.SH,20240611,1.24,1.238,1.243,1.218,1.22,-0.02,-1.6129,1284852.0,157479.204
512800.SH,20240607,1.231,1.231,1.242,1.231,1.24,0.009,0.7311,1891648.0,234276.104
512800.SH,20240606,1.232,1.233,1.238,1.228,1.231,-0.001,-0.0812,1053750.0,129888.774
512800.SH,20240605,1.247,1.247,1.248,1.23,1.232,-0.015,-1.2029,1255899.57,155181.247
512800.SH,20240604,1.239,1.238,1.248,1.236,1.247,0.008,0.6457,974208.0,121147.635
512800.SH,20240603,1.254,1.252,1.252,1.233,1.239,-0.015,-1.1962,1944954.0,240736.121
512800.SH,20240531,1.249,1.251,1.258,1.25,1.254,0.005,0.4003,1146143.0,143703.922
512800.SH,20240530,1.258,1.256,1.267,1.244,1.249,-0.009,-0.7154,1432310.48,179799.877
512800.SH,20240529,1.27,1.269,1.275,1.257,1.258,-0.012,-0.9449,1790586.82,226502.093
512800.SH,20240528,1.276,1.275,1.282,1.266,1.27,-0.006,-0.4702,1342071.65,170604.855
512800.SH,20240527,1.258,1.259,1.278,1.259,1.276,0.018,1.4308,3597684.16,456796.433
512800.SH,20240524,1.269,1.268,1.277,1.257,1.258,-0.011,-0.8668,2036915.52,258055.611
512800.SH,20240523,1.278,1.275,1.28,1.265,1.269,-0.009,-0.7042,2332306.0,296600.976
512800.SH,20240522,1.272,1.273,1.287,1.268,1.278,0.006,0.4717,2669620.58,341673.271
512800.SH,20240521,1.263,1.261,1.277,1.257,1.272,0.009,0.7126,2075280.0,263448.732
512800.SH,20240520,1.269,1.271,1.28,1.258,1.263,-0.006,-0.4728,2002338.0,253778.787
512800.SH,20240517,1.254,1.254,1.271,1.249,1.269,0.015,1.1962,2946650.95,370573.66
512800.SH,20240516,1.231,1.231,1.258,1.231,1.254,0.023,1.8684,2533864.18,317193.413
512800.SH,20240515,1.235,1.231,1.238,1.225,1.231,-0.004,-0.3239,845624.0,104135.422
512800.SH,20240514,1.241,1.242,1.245,1.23,1.235,-0.006,-0.4835,1114597.99,137794.433
512800.SH,20240513,1.234,1.23,1.243,1.224,1.241,0.007,0.5673,1274713.0,157456.733
512800.SH,20240510,1.219,1.219,1.236,1.218,1.234,0.015,1.2305,1848965.0,227239.105
512800.SH,20240509,1.217,1.215,1.223,1.214,1.219,0.002,0.1643,1234583.0,150522.086
512800.SH,20240508,1.217,1.212,1.223,1.212,1.217,0.0,0.0,797590.0,97193.437
512800.SH,20240507,1.217,1.218,1.218,1.205,1.217,0.0,0.0,1170888.5,141895.255
512800.SH,20240506,1.218,1.226,1.23,1.214,1.217,-0.001,-0.0821,1504361.0,183602.275
512800.SH,20240430,1.211,1.207,1.224,1.207,1.218,0.007,0.578,1401915.0,170533.963
512800.SH,20240429,1.199,1.195,1.218,1.19,1.211,0.012,1.0008,2970667.0,359738.085
512800.SH,20240426,1.218,1.212,1.216,1.193,1.199,-0.019,-1.5599,2747740.0,330192.075
512800.SH,20240425,1.199,1.197,1.219,1.196,1.218,0.019,1.5847,1528806.0,184676.534
512800.SH,20240424,1.203,1.202,1.205,1.194,1.199,-0.004,-0.3325,2686362.0,321908.155
512800.SH,20240423,1.204,1.202,1.217,1.197,1.203,-0.001,-0.0831,2071213.0,249545.398
512800.SH,20240422,1.213,1.214,1.228,1.197,1.204,-0.009,-0.742,2114200.07,255862.11
512800.SH,20240419,1.215,1.209,1.221,1.208,1.213,-0.002,-0.1646,2084535.07,253029.467
512800.SH,20240418,1.205,1.2,1.233,1.2,1.215,0.01,0.8299,3068297.0,373647.447
512800.SH,20240417,1.185,1.182,1.207,1.172,1.205,0.02,1.6878,2479396.0,295541.978
512800.SH,20240416,1.184,1.183,1.19,1.174,1.185,0.001,0.0845,1450795.0,171582.266
512800.SH,20240415,1.16,1.162,1.184,1.16,1.184,0.024,2.069,1940850.44,228396.597
512800.SH,20240412,1.168,1.166,1.171,1.158,1.16,-0.008,-0.6849,1149632.85,133872.696
512800.SH,20240411,1.169,1.165,1.171,1.157,1.168,-0.001,-0.0855,1023060.0,119202.915
512800.SH,20240410,1.168,1.167,1.177,1.165,1.169,0.001,0.0856,1142271.0,133795.756
512800.SH,20240409,1.175,1.174,1.181,1.166,1.168,-0.007,-0.5957,3299924.0,386097.346
512800.SH,20240408,1.168,1.167,1.178,1.16,1.175,0.007,0.5993,1441037.0,168944.629
512800.SH,20240403,1.173,1.173,1.175,1.163,1.168,-0.005,-0.4263,816325.0,95492.346
512800.SH,20240402,1.174,1.173,1.182,1.17,1.173,-0.001,-0.0852,1293656.0,152130.684
512800.SH,20240401,1.161,1.161,1.175,1.159,1.174,0.013,1.1197,1585605.0,185429.487
512800.SH,20240329,1.163,1.157,1.168,1.151,1.161,-0.002,-0.172,1651255.0,191968.286
512800.SH,20240328,1.176,1.173,1.174,1.156,1.163,-0.013,-1.1054,2251277.0,261808.193
512800.SH,20240327,1.172,1.17,1.185,1.167,1.176,0.004,0.3413,1893410.0,223075.862
512800.SH,20240326,1.156,1.157,1.172,1.156,1.172,0.016,1.3841,1785231.0,208264.054
512800.SH,20240325,1.149,1.148,1.16,1.146,1.156,0.007,0.6092,2376578.93,274661.308
512800.SH,20240322,1.154,1.153,1.154,1.14,1.149,-0.005,-0.4333,2465336.0,283071.987
512800.SH,20240321,1.148,1.146,1.157,1.143,1.154,0.006,0.5226,2813219.31,324382.621
512800.SH,20240320,1.137,1.136,1.149,1.132,1.148,0.011,0.9675,1526497.0,174301.621
512800.SH,20240319,1.148,1.146,1.146,1.135,1.137,-0.011,-0.9582,1558315.0,177456.271
512800.SH,20240318,1.148,1.146,1.151,1.143,1.148,0.0,0.0,1322726.21,151599.36
512800.SH,20240315,1.142,1.145,1.152,1.144,1.148,0.006,0.5254,1452781.21,166776.589
512800.SH,20240314,1.143,1.14,1.151,1.139,1.142,-0.001,-0.0875,1314858.21,150456.965
512800.SH,20240313,1.155,1.152,1.152,1.14,1.143,-0.012,-1.039,1834400.0,209960.145
512800.SH,20240312,1.164,1.162,1.163,1.151,1.155,-0.009,-0.7732,3721884.0,429798.832
512800.SH,20240311,1.165,1.164,1.169,1.155,1.164,-0.001,-0.0858,1340220.0,155490.935
512800.SH,20240308,1.167,1.166,1.173,1.161,1.165,-0.002,-0.1714,1333982.0,155589.073
512800.SH,20240307,1.163,1.162,1.175,1.161,1.167,0.004,0.3439,1674642.57,195450.184
512800.SH,20240306,1.176,1.174,1.178,1.161,1.163,-0.013,-1.1054,1948933.12,228136.57
512800.SH,20240305,1.152,1.149,1.177,1.148,1.176,0.024,2.0833,2991336.12,348325.441
512800.SH,20240304,1.163,1.162,1.162,1.15,1.152,-0.011,-0.9458,1815308.0,209245.011
512800.SH,20240301,1.162,1.16,1.165,1.156,1.163,0.001,0.0861,1061220.0,123145.55
512800.SH,20240229,1.16,1.154,1.163,1.153,1.162,0.002,0.1724,1142562.0,132412.397
512800.SH,20240228,1.162,1.16,1.167,1.149,1.16,-0.002,-0.1721,1749101.0,202839.069
512800.SH,20240227,1.159,1.156,1.17,1.154,1.162,0.003,0.2588,1386300.0,160849.282
512800.SH,20240226,1.19,1.186,1.189,1.157,1.159,-0.031,-2.605,2841751.4,332603.568
512800.SH,20240223,1.185,1.183,1.206,1.183,1.19,0.005,0.4219,2125764.0,253700.776
512800.SH,20240222,1.183,1.179,1.186,1.171,1.185,0.002,0.1691,2230970.63,262935.195
512800.SH,20240221,1.15,1.147,1.194,1.146,1.183,0.033,2.8696,3174315.09,374123.57
512800.SH,20240220,1.145,1.141,1.153,1.135,1.15,0.005,0.4367,1983283.91,227702.721
512800.SH,20240219,1.12,1.125,1.145,1.118,1.145,0.025,2.2321,1780004.0,201535.456
512800.SH,20240208,1.126,1.121,1.122,1.107,1.12,-0.006,-0.5329,1725397.66,192247.935
512800.SH,20240207,1.135,1.132,1.133,1.106,1.126,-0.009,-0.793,2930531.28,327681.654
512800.SH,20240206,1.126,1.12,1.137,1.116,1.135,0.009,0.7993,2431303.34,274190.283
512800.SH,20240205,1.11,1.11,1.128,1.104,1.126,0.016,1.4414,1953326.13,218143.83
512800.SH,20240202,1.109,1.107,1.12,1.09,1.11,0.001,0.0902,1858648.0,206700.916
512800.SH,20240201,1.115,1.113,1.117,1.105,1.109,-0.006,-0.5381,1470933.18,163320.562
512800.SH,20240131,1.115,1.11,1.124,1.106,1.115,0.0,0.0,2107801.0,235388.724
512800.SH,20240130,1.127,1.121,1.131,1.109,1.115,-0.012,-1.0648,2175307.94,243359.085
512800.SH,20240129,1.117,1.12,1.137,1.117,1.127,0.01,0.8953,2604387.29,293518.012
512800.SH,20240126,1.098,1.1,1.119,1.098,1.117,0.019,1.7304,2461928.0,273585.4
512800.SH,20240125,1.083,1.083,1.1,1.083,1.098,0.015,1.385,2296919.66,251422.95
512800.SH,20240124,1.067,1.07,1.084,1.064,1.083,0.016,1.4995,1573902.66,169099.037
512800.SH,20240123,1.065,1.064,1.072,1.056,1.067,0.002,0.1878,1419032.0,150995.847
512800.SH,20240122,1.072,1.069,1.082,1.061,1.065,-0.007,-0.653,2088064.8,224441.515
512800.SH,20240119,1.071,1.066,1.073,1.058,1.072,0.001,0.0934,1346721.0,143592.91
512800.SH,20240118,1.066,1.062,1.074,1.039,1.071,0.005,0.469,2306521.0,243369.968
512800.SH,20240117,1.075,1.073,1.081,1.065,1.066,-0.009,-0.8372,1856413.28,199730.59
512800.SH,20240116,1.062,1.06,1.075,1.059,1.075,0.013,1.2241,2648697.0,283253.665
512800.SH,20240115,1.058,1.055,1.065,1.053,1.062,0.004,0.3781,1228062.65,130178.191
512800.SH,20240112,1.048,1.048,1.062,1.047,1.058,0.01,0.9542,1598257.55,168753.591
512800.SH,20240111,1.049,1.048,1.056,1.044,1.048,-0.001,-0.0953,1358348.0,142702.691
512800.SH,20240110,1.056,1.053,1.058,1.049,1.049,-0.007,-0.6629,857751.0,90301.351
512800.SH,20240109,1.05,1.05,1.057,1.043,1.056,0.006,0.5714,1465464.0,153678.844
512800.SH,20240108,1.058,1.055,1.063,1.047,1.05,-0.008,-0.7561,1544454.08,162753.908
512800.SH,20240105,1.048,1.046,1.071,1.044,1.058,0.01,0.9542,2128877.16,225557.186
512800.SH,20240104,1.046,1.045,1.049,1.038,1.048,0.002,0.1912,1089890.6,113660.525
512800.SH,20240103,1.042,1.038,1.046,1.037,1.046,0.004,0.3839,1052550.6,109685.229
512800.SH,20240102,1.042,1.043,1.046,1.039,1.042,0.0,0.0,1065365.0,111091.55
512800.SH,20231229,1.044,1.042,1.045,1.04,1.042,-0.002,-0.1916,1478286.1,154056.902
512800.SH,20231228,1.035,1.033,1.046,1.033,1.044,0.009,0.8696,1713729.94,178379.507
512800.SH,20231227,1.03,1.032,1.035,1.023,1.035,0.005,0.4854,1147889.0,118127.475
512800.SH,20231226,1.034,1.033,1.034,1.029,1.03,-0.004,-0.3868,556753.0,57383.914
512800.SH,20231225,1.033,1.033,1.035,1.029,1.034,0.001,0.0968,738615.0,76231.014
512800.SH,20231222,1.033,1.033,1.037,1.026,1.033,0.0,0.0,1476369.29,152414.317
512800.SH,20231221,1.026,1.025,1.033,1.02,1.033,0.007,0.6823,1169864.0,120198.658
512800.SH,20231220,1.028,1.03,1.036,1.026,1.026,-0.002,-0.1946,1613467.85,166247.97
512800.SH,20231219,1.03,1.029,1.031,1.025,1.028,-0.002,-0.1942,1017778.0,104673.702
512800.SH,20231218,1.03,1.027,1.033,1.021,1.03,0.0,0.0,1171604.0,120673.902
512800.SH,20231215,1.031,1.035,1.043,1.028,1.03,-0.001,-0.097,992590.09,102734.378
512800.SH,20231214,1.035,1.036,1.041,1.031,1.031,-0.004,-0.3865,1021225.0,105683.385
512800.SH,20231213,1.047,1.045,1.046,1.034,1.035,-0.012,-1.1461,1104241.0,114859.06
512800.SH,20231212,1.037,1.036,1.048,1.032,1.047,0.01,0.9643,1307871.0,136531.722
512800.SH,20231211,1.033,1.03,1.038,1.015,1.037,0.004,0.3872,1261369.56,129429.803
512800.SH,20231208,1.034,1.034,1.04,1.03,1.033,-0.001,-0.0967,632999.0,65526.079
512800.SH,20231207,1.032,1.033,1.037,1.023,1.034,0.002,0.1938,1154761.75,119068.159
512800.SH,20231206,1.034,1.034,1.036,1.024,1.032,-0.002,-0.1934,1070183.96,110448.135
512800.SH,20231205,1.051,1.051,1.051,1.034,1.034,-0.017,-1.6175,1160985.0,120999.372
512800.SH,20231204,1.054,1.055,1.058,1.05,1.051,-0.003,-0.2846,883675.0,92985.111
512800.SH,20231201,1.057,1.056,1.058,1.05,1.054,-0.003,-0.2838,931717.0,98196.601
512800.SH,20231130,1.053,1.051,1.057,1.05,1.057,0.004,0.3799,872711.0,91992.627
512800.SH,20231129,1.062,1.063,1.064,1.049,1.053,-0.009,-0.8475,1360651.0,143337.516
512800.SH,20231128,1.068,1.068,1.07,1.061,1.062,-0.006,-0.5618,1772424.0,188617.696
512800.SH,20231127,1.077,1.075,1.076,1.062,1.068,-0.009,-0.8357,1524575.0,162667.827
512800.SH,20231124,1.077,1.077,1.078,1.074,1.077,0.0,0.0,1086399.04,116927.215
512800.SH,20231123,1.077,1.076,1.077,1.071,1.077,0.0,0.0,1086873.0,116709.106
512800.SH,20231122,1.081,1.08,1.081,1.076,1.077,-0.004,-0.37,1216557.98,131243.928
512800.SH,20231121,1.078,1.079,1.086,1.078,1.081,0.003,0.2783,1526026.0,165269.077
512800.SH,20231120,1.072,1.072,1.078,1.069,1.078,0.006,0.5597,853271.32,91658.155
512800.SH,20231117,1.077,1.076,1.077,1.069,1.072,-0.005,-0.4643,1063968.63,113992.67
512800.SH,20231116,1.08,1.08,1.081,1.076,1.077,-0.003,-0.2778,1046342.38,112809.575
512800.SH,20231115,1.074,1.078,1.083,1.077,1.08,0.006,0.5587,1334527.02,144104.771
512800.SH,20231114,1.072,1.072,1.076,1.07,1.074,0.002,0.1866,957549.0,102761.386
512800.SH,20231113,1.077,1.078,1.078,1.067,1.072,-0.005,-0.4643,1093217.0,116957.519
512800.SH,20231110,1.086,1.083,1.088,1.075,1.077,-0.009,-0.8287,1280495.9,138117.136
512800.SH,20231109,1.08,1.079,1.087,1.077,1.086,0.006,0.5556,1495236.08,162146.058
512800.SH,20231108,1.086,1.085,1.086,1.077,1.08,-0.006,-0.5525,1464070.13,158332.108
512800.SH,20231107,1.087,1.086,1.087,1.081,1.086,-0.001,-0.092,1435152.0,155534.071
512800.SH,20231106,1.086,1.088,1.09,1.082,1.087,0.001,0.0921,2692049.0,292223.419
512800.SH,20231103,1.09,1.089,1.09,1.083,1.086,-0.004,-0.367,1417155.03,153913.727
512800.SH,20231102,1.082,1.082,1.092,1.081,1.09,0.008,0.7394,1833584.0,199492.975
512800.SH,20231101,1.082,1.083,1.084,1.076,1.082,0.0,0.0,993797.76,107346.057
512800.SH,20231031,1.081,1.079,1.082,1.072,1.082,0.001,0.0925,1297997.0,139956.164
512800.SH,20231030,1.099,1.097,1.098,1.074,1.081,-0.018,-1.6379,2878476.35,311005.954
512800.SH,20231027,1.101,1.097,1.102,1.091,1.099,-0.002,-0.1817,1205116.0,132245.231
512800.SH,20231026,1.09,1.085,1.102,1.085,1.101,0.011,1.0092,1278665.65,140158.118
512800.SH,20231025,1.088,1.093,1.094,1.084,1.09,0.002,0.1838,1222457.0,133024.495
512800.SH,20231024,1.092,1.096,1.097,1.083,1.088,-0.004,-0.3663,1003885.0,109191.981
512800.SH,20231023,1.103,1.098,1.103,1.087,1.092,-0.011,-0.9973,1356332.0,148331.638
512800.SH,20231020,1.102,1.1,1.107,1.096,1.103,0.001,0.0907,1263540.0,139017.039
512800.SH,20231019,1.13,1.128,1.128,1.101,1.102,-0.028,-2.4779,1696548.64,188452.719
512800.SH,20231018,1.132,1.13,1.137,1.127,1.13,-0.002,-0.1767,1318168.0,149243.6
512800.SH,20231017,1.129,1.13,1.134,1.125,1.132,0.003,0.2657,943657.0,106640.168
512800.SH,20231016,1.13,1.127,1.13,1.122,1.129,-0.001,-0.0885,1092173.0,123018.96
512800.SH,20231013,1.13,1.124,1.135,1.119,1.13,0.0,0.0,1719081.01,194042.423
512800.SH,20231012,1.113,1.128,1.133,1.121,1.13,0.017,1.5274,1867026.7,210577.609
512800.SH,20231011,1.117,1.118,1.121,1.111,1.113,-0.004,-0.3581,1273375.0,142119.211
512800.SH,20231010,1.117,1.121,1.127,1.115,1.117,0.0,0.0,1191681.94,133335.573
512800.SH,20231009,1.124,1.121,1.121,1.11,1.117,-0.007,-0.6228,1319974.0,147225.018
512800.SH,20230928,1.127,1.126,1.129,1.124,1.124,-0.003,-0.2662,1119979.0,126165.597
512800.SH,20230927,1.132,1.13,1.134,1.122,1.127,-0.005,-0.4417,1525562.0,171842.371
512800.SH,20230926,1.135,1.134,1.138,1.128,1.132,-0.003,-0.2643,1341940.0,151916.002
512800.SH,20230925,1.135,1.133,1.138,1.128,1.135,0.0,0.0,1651405.0,187284.542
512800.SH,20230922,1.123,1.121,1.136,1.118,1.135,0.012,1.0686,2942122.99,332350.004
512800.SH,20230921,1.13,1.128,1.133,1.121,1.123,-0.007,-0.6195,1451142.0,163405.208
512800.SH,20230920,1.126,1.125,1.132,1.121,1.13,0.004,0.3552,1320933.91,149111.09
512800.SH,20230919,1.119,1.118,1.126,1.116,1.126,0.007,0.6256,1215221.0,136376.754
512800.SH,20230918,1.118,1.116,1.12,1.111,1.119,0.001,0.0894,1640312.0,183016.232
512800.SH,20230915,1.124,1.126,1.132,1.116,1.118,-0.006,-0.5338,2968589.0,333435.2
512800.SH,20230914,1.112,1.113,1.125,1.113,1.124,0.012,1.0791,2046531.0,229400.044
512800.SH,20230913,1.112,1.113,1.117,1.11,1.112,0.0,0.0,1529521.0,170231.888
512800.SH,20230912,1.114,1.113,1.115,1.111,1.112,-0.002,-0.1795,773324.33,86046.19
512800.SH,20230911,1.112,1.112,1.119,1.111,1.114,0.002,0.1799,1442544.0,160733.797
512800.SH,20230908,1.117,1.114,1.115,1.109,1.112,-0.005,-0.4476,960747.0,106841.372
512800.SH,20230907,1.121,1.118,1.123,1.113,1.117,-0.004,-0.3568,2260434.99,252755.018
512800.SH,20230906,1.118,1.114,1.121,1.111,1.121,0.003,0.2683,1423379.75,158905.616
512800.SH,20230905,1.128,1.123,1.126,1.115,1.118,-0.01,-0.8865,1296369.99,144971.12
512800.SH,20230904,1.108,1.11,1.13,1.11,1.128,0.02,1.8051,2234937.96,251323.338
512800.SH,20230901,1.097,1.102,1.114,1.102,1.108,0.011,1.0027,2209337.66,244535.892
512800.SH,20230831,1.101,1.101,1.11,1.095,1.097,-0.004,-0.3633,3014606.33,331384.911
512800.SH,20230830,1.116,1.112,1.112,1.098,1.101,-0.015,-1.3441,3316819.0,365959.23
512800.SH,20230829,1.13,1.124,1.129,1.105,1.116,-0.014,-1.2389,2948548.59,328726.574
512800.SH,20230828,1.113,1.17,1.178,1.123,1.13,0.017,1.5274,3525718.86,401923.496
512800.SH,20230825,1.104,1.101,1.117,1.099,1.113,0.009,0.8152,3019818.0,335103.241
512800.SH,20230824,1.107,1.108,1.111,1.097,1.104,-0.003,-0.271,1329846.0,146655.479
512800.SH,20230823,1.11,1.107,1.116,1.106,1.107,-0.003,-0.2703,1760038.1,195667.109
512800.SH,20230822,1.099,1.101,1.112,1.101,1.11,0.011,1.0009,1224450.0,135354.139
512800.SH,20230821,1.114,1.116,1.118,1.097,1.099,-0.015,-1.3465,1843799.0,203983.987
512800.SH,20230818,1.111,1.111,1.13,1.109,1.114,0.003,0.27,1747921.19,195909.048
512800.SH,20230817,1.118,1.114,1.116,1.102,1.111,-0.007,-0.6261,1942798.0,215496.103
512800.SH,20230816,1.121,1.116,1.124,1.111,1.118,-0.003,-0.2676,1492200.0,166933.652
512800.SH,20230815,1.109,1.109,1.126,1.107,1.121,0.012,1.0821,3061936.9,341994.949
512800.SH,20230814,1.123,1.115,1.118,1.103,1.109,-0.014,-1.2467,2299305.0,254870.462
512800.SH,20230811,1.146,1.144,1.15,1.122,1.123,-0.023,-2.007,1645672.0,186504.45
512800.SH,20230810,1.147,1.145,1.148,1.137,1.146,-0.001,-0.0872,968081.0,110566.613
512800.SH,20230809,1.143,1.14,1.149,1.139,1.147,0.004,0.35,1332884.0,152766.478
512800.SH,20230808,1.149,1.147,1.152,1.139,1.143,-0.006,-0.5222,1378673.89,157941.898
512800.SH,20230807,1.16,1.152,1.155,1.145,1.149,-0.011,-0.9483,1661325.6,190838.358
512800.SH,20230804,1.156,1.161,1.173,1.154,1.16,0.004,0.346,3618637.6,420580.747
512800.SH,20230803,1.139,1.138,1.157,1.136,1.156,0.017,1.4925,2850860.0,327516.595
512800.SH,20230802,1.161,1.155,1.157,1.135,1.139,-0.022,-1.8949,2526450.0,289029.618
512800.SH,20230801,1.168,1.165,1.172,1.158,1.161,-0.007,-0.5993,2242139.94,260802.581
512800.SH,20230731,1.16,1.164,1.183,1.16,1.168,0.008,0.6897,3222892.68,376818.988
512800.SH,20230728,1.126,1.121,1.165,1.121,1.16,0.034,3.0195,3792540.0,435598.302
512800.SH,20230727,1.117,1.118,1.133,1.116,1.126,0.009,0.8057,2497156.79,281506.701
512800.SH,20230726,1.118,1.116,1.122,1.112,1.117,-0.001,-0.0894,1741159.0,194186.205
512800.SH,20230725,1.088,1.098,1.118,1.098,1.118,0.03,2.7574,2808021.0,312184.56
512800.SH,20230724,1.093,1.092,1.092,1.085,1.088,-0.005,-0.4575,1923678.0,209164.348
512800.SH,20230721,1.09,1.091,1.095,1.089,1.093,0.003,0.2752,1183757.0,129271.631
512800.SH,20230720,1.089,1.089,1.098,1.088,1.09,0.001,0.0918,1138852.0,124509.236
512800.SH,20230719,1.084,1.084,1.089,1.079,1.089,0.005,0.4613,1032124.0,111900.676
512800.SH,20230718,1.087,1.087,1.089,1.082,1.084,-0.003,-0.276,826103.0,89622.748
512800.SH,20230717,1.094,1.091,1.092,1.083,1.087,-0.007,-0.6399,1215070.0,131896.195
512800.SH,20230714,1.091,1.091,1.097,1.088,1.094,0.003,0.275,1821828.72,199064.353
512800.SH,20230713,1.076,1.081,1.091,1.078,1.091,0.015,1.3941,1624287.28,176393.364
512800.SH,20230712,1.072,1.072,1.083,1.07,1.076,0.004,0.3731,1731912.89,186760.154
512800.SH,20230711,1.066,1.066,1.072,1.066,1.072,0.006,0.5629,1629349.0,174309.185
512800.SH,20230710,1.065,1.067,1.07,1.062,1.066,0.001,0.0939,1573618.0,167642.962
512800.SH,20230707,1.065,1.064,1.069,1.062,1.065,0.0,0.0,1475878.89,157155.008
512800.SH,20230706,1.073,1.07,1.074,1.062,1.065,-0.008,-0.7456,2399617.0,256261.642
512800.SH,20230705,1.08,1.078,1.079,1.071,1.073,-0.007,-0.6481,1842471.0,197867.364
512800.SH,20230704,1.09,1.088,1.089,1.077,1.08,-0.01,-0.9174,1630597.0,176369.606
512800.SH,20230703,1.074,1.075,1.091,1.073,1.09,0.016,1.4898,2559165.0,277158.217
512800.SH,20230630,1.066,1.065,1.075,1.064,1.074,0.008,0.7505,1424823.0,152650.553
512800.SH,20230629,1.071,1.07,1.071,1.063,1.066,-0.005,-0.4669,1150684.36,122581.117
512800.SH,20230628,1.069,1.067,1.074,1.065,1.071,0.002,0.1871,1281966.36,137038.291
512800.SH,20230627,1.057,1.059,1.07,1.055,1.069,0.012,1.1353,2416319.61,257232.537
512800.SH,20230626,1.074,1.071,1.071,1.055,1.057,-0.017,-1.5829,1708291.75,181140.409
512800.SH,20230621,1.074,1.073,1.086,1.071,1.074,0.0,0.0,1874985.79,202348.667
512800.SH,20230620,1.078,1.077,1.081,1.073,1.074,-0.004,-0.3711,1540458.0,165870.8
512800.SH,20230619,1.093,1.091,1.091,1.077,1.078,-0.015,-1.3724,1723079.0,186338.95
512800.SH,20230616,1.094,1.093,1.098,1.091,1.093,-0.001,-0.0914,2144108.0,234467.941
512800.SH,20230615,1.087,1.088,1.097,1.086,1.094,0.007,0.644,2198693.0,239848.327
512800.SH,20230614,1.103,1.104,1.108,1.086,1.087,-0.016,-1.4506,5696807.9,622184.584
512800.SH,20230613,1.099,1.098,1.107,1.097,1.103,0.004,0.364,2453784.1,270644.222
512800.SH,20230612,1.115,1.116,1.117,1.098,1.099,-0.016,-1.435,1795661.0,198185.101
512800.SH,20230609,1.12,1.119,1.122,1.114,1.115,-0.005,-0.4464,3202459.0,357764.67
512800.SH,20230608,1.103,1.102,1.123,1.096,1.12,0.017,1.5413,5762533.0,642790.787
512800.SH,20230607,1.09,1.092,1.106,1.092,1.103,0.013,1.1927,2117353.0,233000.939
512800.SH,20230606,1.093,1.091,1.108,1.087,1.09,-0.003,-0.2745,2703613.64,296577.418
512800.SH,20230605,1.085,1.086,1.098,1.08,1.093,0.008,0.7373,1531975.49,166929.266
512800.SH,20230602,1.071,1.073,1.086,1.072,1.085,0.014,1.3072,2495069.0,269647.515
512800.SH,20230601,1.074,1.074,1.081,1.069,1.071,-0.003,-0.2793,2745894.0,294812.509
512800.SH,20230531,1.082,1.077,1.08,1.072,1.074,-0.008,-0.7394,2029854.39,218374.47
512800.SH,20230530,1.086,1.084,1.088,1.073,1.082,-0.004,-0.3683,2706683.76,292202.292
512800.SH,20230529,1.085,1.086,1.093,1.079,1.086,0.001,0.0922,1848501.0,200548.181
512800.SH,20230526,1.075,1.073,1.087,1.07,1.085,0.01,0.9302,1804198.4,194601.123
512800.SH,20230525,1.079,1.076,1.076,1.066,1.075,-0.004,-0.3707,3078022.4,329706.4
512800.SH,20230524,1.101,1.1,1.101,1.077,1.079,-0.022,-1.9982,2531980.6,274789.643
512800.SH,20230523,1.121,1.121,1.126,1.1,1.101,-0.02,-1.7841,3092001.71,342400.809
512800.SH,20230522,1.118,1.115,1.128,1.114,1.121,0.003,0.2683,1714060.16,192237.874
512800.SH,20230519,1.136,1.131,1.131,1.117,1.118,-0.018,-1.5845,1873271.16,210227.221
512800.SH,20230518,1.123,1.126,1.144,1.125,1.136,0.013,1.1576,3810182.86,432290.839
512800.SH,20230517,1.131,1.128,1.136,1.12,1.123,-0.008,-0.7073,1729134.0,194685.513
512800.SH,20230516,1.135,1.132,1.15,1.128,1.131,-0.004,-0.3524,3826228.59,435473.802
512800.SH,20230515,1.121,1.119,1.14,1.105,1.135,0.014,1.2489,4678291.72,524504.417
512800.SH,20230512,1.133,1.133,1.137,1.12,1.121,-0.012,-1.0591,2726318.12,307270.254
512800.SH,20230511,1.139,1.139,1.152,1.128,1.133,-0.006,-0.5268,2906644.11,330861.722
512800.SH,20230510,1.171,1.168,1.168,1.13,1.139,-0.032,-2.7327,6010919.89,686799.119
512800.SH,20230509,1.185,1.193,1.206,1.168,1.171,-0.014,-1.1814,8415371.13,998363.353
512800.SH,20230508,1.137,1.141,1.198,1.139,1.185,0.048,4.2216,11924215.97,1400579.844
512800.SH,20230505,1.127,1.126,1.154,1.124,1.137,0.01,0.8873,4631242.0,528608.897
512800.SH,20230504,1.095,1.089,1.128,1.08,1.127,0.032,2.9224,3152508.83,350581.996
512800.SH,20230428,1.085,1.084,1.104,1.082,1.095,0.01,0.9217,2174465.4,238450.004
512800.SH,20230427,1.085,1.082,1.087,1.074,1.085,0.0,0.0,1944482.03,209927.194
512800.SH,20230426,1.096,1.095,1.095,1.072,1.085,-0.011,-1.0036,2389884.82,258498.874
512800.SH,20230425,1.077,1.076,1.097,1.076,1.096,0.019,1.7642,2673941.99,291530.099
512800.SH,20230424,1.084,1.083,1.093,1.075,1.077,-0.007,-0.6458,1932601.22,209167.257
512800.SH,20230421,1.097,1.095,1.105,1.084,1.084,-0.013,-1.1851,2296581.94,251582.395
512800.SH,20230420,1.099,1.099,1.105,1.087,1.097,-0.002,-0.182,3299914.03,361139.362
512800.SH,20230419,1.101,1.103,1.109,1.095,1.099,-0.002,-0.1817,2379947.26,262326.426
512800.SH,20230418,1.091,1.09,1.109,1.089,1.101,0.01,0.9166,3623414.98,399180.557
512800.SH,20230417,1.071,1.071,1.094,1.067,1.091,0.02,1.8674,2876584.5,311037.368
512800.SH,20230414,1.067,1.067,1.077,1.065,1.071,0.004,0.3749,3159306.0,338386.057
512800.SH,20230413,1.057,1.056,1.072,1.052,1.067,0.01,0.9461,3386173.14,360344.523
512800.SH,20230412,1.055,1.055,1.062,1.054,1.057,0.002,0.1896,1795784.01,189856.377
512800.SH,20230411,1.058,1.057,1.059,1.051,1.055,-0.003,-0.2836,1439714.0,151836.191
512800.SH,20230410,1.055,1.056,1.059,1.052,1.058,0.003,0.2844,2863344.18,302531.914
512800.SH,20230407,1.052,1.053,1.057,1.051,1.055,0.003,0.2852,1444230.44,152332.808
512800.SH,20230406,1.058,1.055,1.056,1.05,1.052,-0.006,-0.5671,1429693.51,150389.778
512800.SH,20230404,1.052,1.05,1.058,1.048,1.058,0.006,0.5703,3437546.0,362514.353
512800.SH,20230403,1.05,1.05,1.053,1.046,1.052,0.002,0.1905,2350769.0,246706.879
512800.SH,20230331,1.054,1.053,1.059,1.047,1.05,-0.004,-0.3795,1354334.0,142516.254
512800.SH,20230330,1.046,1.048,1.055,1.042,1.054,0.008,0.7648,1580838.0,165773.093
512800.SH,20230329,1.049,1.051,1.054,1.045,1.046,-0.003,-0.286,1546065.0,161828.208
512800.SH,20230328,1.045,1.047,1.052,1.044,1.049,0.004,0.3828,1429372.0,149805.737
512800.SH,20230327,1.056,1.051,1.055,1.043,1.045,-0.011,-1.0417,1956397.0,204622.976
512800.SH,20230324,1.066,1.063,1.064,1.054,1.056,-0.01,-0.9381,1272085.0,134593.075
512800.SH,20230323,1.059,1.056,1.067,1.053,1.066,0.007,0.661,1984398.0,210866.2
512800.SH,20230322,1.05,1.052,1.061,1.05,1.059,0.009,0.8571,1515032.0,160104.546
512800.SH,20230321,1.052,1.053,1.061,1.047,1.05,-0.002,-0.1901,1761878.31,185192.627
512800.SH,20230320,1.058,1.058,1.066,1.052,1.052,-0.006,-0.5671,1867825.0,197759.935
512800.SH,20230317,1.057,1.061,1.069,1.053,1.058,0.001,0.0946,2683921.0,284855.491
512800.SH,20230316,1.056,1.052,1.069,1.049,1.057,0.001,0.0947,2205138.69,233814.075
512800.SH,20230315,1.045,1.05,1.06,1.05,1.056,0.011,1.0526,1742176.0,183915.948
512800.SH,20230314,1.053,1.047,1.053,1.041,1.045,-0.008,-0.7597,1541490.37,161184.427
512800.SH,20230313,1.05,1.049,1.056,1.045,1.053,0.003,0.2857,1601570.0,168200.985
512800.SH,20230310,1.067,1.061,1.064,1.05,1.05,-0.017,-1.5933,1902600.0,201009.44
512800.SH,20230309,1.071,1.07,1.076,1.065,1.067,-0.004,-0.3735,1454999.69,155587.324
512800.SH,20230308,1.078,1.072,1.073,1.064,1.071,-0.007,-0.6494,1979933.37,211423.55
512800.SH,20230307,1.077,1.075,1.099,1.073,1.078,0.001,0.0929,3162034.45,343885.054
512800.SH,20230306,1.094,1.094,1.095,1.076,1.077,-0.017,-1.5539,2257319.0,244162.895
512800.SH,20230303,1.083,1.086,1.096,1.082,1.094,0.011,1.0157,2969330.71,323766.744
512800.SH,20230302,1.079,1.079,1.087,1.077,1.083,0.004,0.3707,1678741.0,181709.066
512800.SH,20230301,1.069,1.067,1.081,1.067,1.079,0.01,0.9355,1669738.0,179890.164
512800.SH,20230228,1.066,1.067,1.069,1.061,1.069,0.003,0.2814,1029838.0,109656.834
512800.SH,20230227,1.07,1.068,1.07,1.064,1.066,-0.004,-0.3738,987888.0,105358.152
512800.SH,20230224,1.079,1.078,1.079,1.069,1.07,-0.009,-0.8341,1981454.0,212366.501
512800.SH,20230223,1.078,1.078,1.086,1.077,1.079,0.001,0.0928,1181538.61,127675.113
512800.SH,20230222,1.086,1.082,1.083,1.076,1.078,-0.008,-0.7366,1233979.0,133172.265
512800.SH,20230221,1.084,1.084,1.086,1.079,1.086,0.002,0.1845,1907051.98,206515.355
512800.SH,20230220,1.059,1.06,1.085,1.059,1.084,0.025,2.3607,3168888.41,340587.028
512800.SH,20230217,1.067,1.065,1.068,1.055,1.059,-0.008,-0.7498,1634763.0,173619.62
512800.SH,20230216,1.067,1.066,1.076,1.063,1.067,0.0,0.0,2521568.0,269982.604
512800.SH,20230215,1.076,1.075,1.076,1.065,1.067,-0.009,-0.8364,2000090.0,213614.081
512800.SH,20230214,1.074,1.074,1.078,1.072,1.076,0.002,0.1862,2235097.0,240119.213
512800.SH,20230213,1.083,1.083,1.083,1.067,1.074,-0.009,-0.831,3101412.0,332663.967
512800.SH,20230210,1.083,1.081,1.083,1.076,1.083,0.0,0.0,1274513.0,137573.664
512800.SH,20230209,1.079,1.077,1.086,1.076,1.083,0.004,0.3707,1888292.0,204416.155
512800.SH,20230208,1.081,1.081,1.085,1.077,1.079,-0.002,-0.185,1131027.0,122200.305
512800.SH,20230207,1.076,1.077,1.085,1.077,1.081,0.005,0.4647,2784191.0,300689.319
512800.SH,20230206,1.088,1.081,1.082,1.073,1.076,-0.012,-1.1029,2242641.0,241210.721
512800.SH,20230203,1.097,1.093,1.096,1.082,1.088,-0.009,-0.8204,3272125.0,355297.471
512800.SH,20230202,1.106,1.107,1.108,1.093,1.097,-0.009,-0.8137,2747914.5,301172.386
512800.SH,20230201,1.109,1.11,1.112,1.095,1.106,-0.003,-0.2705,2328205.0,256554.882
512800.SH,20230131,1.119,1.119,1.125,1.107,1.109,-0.01,-0.8937,1581673.0,176561.857
512800.SH,20230130,1.115,1.129,1.132,1.117,1.119,0.004,0.3587,2690304.0,302124.14
512800.SH,20230120,1.114,1.115,1.116,1.111,1.115,0.001,0.0898,1447865.06,161260.086
512800.SH,20230119,1.113,1.11,1.115,1.103,1.114,0.001,0.0898,1765287.0,195824.84
512800.SH,20230118,1.112,1.112,1.117,1.108,1.113,0.001,0.0899,1319923.0,146813.586
512800.SH,20230117,1.113,1.111,1.116,1.106,1.112,-0.001,-0.0898,1819569.06,201933.274
512800.SH,20230116,1.111,1.111,1.126,1.109,1.113,0.002,0.18,2065960.59,230565.946
512800.SH,20230113,1.1,1.099,1.111,1.098,1.111,0.011,1.0,1475715.0,162957.431
512800.SH,20230112,1.098,1.101,1.102,1.092,1.1,0.002,0.1821,1064590.5,116694.6
512800.SH,20230111,1.09,1.09,1.103,1.089,1.098,0.008,0.7339,2496820.5,274214.091
512800.SH,20230110,1.102,1.102,1.102,1.087,1.09,-0.012,-1.0889,1849029.0,201982.132
512800.SH,20230109,1.101,1.101,1.107,1.096,1.102,0.001,0.0908,2304884.0,254317.897
512800.SH,20230106,1.104,1.103,1.107,1.093,1.101,-0.003,-0.2717,1625014.47,178537.753
512800.SH,20230105,1.103,1.103,1.113,1.1,1.104,0.001,0.0907,2086562.77,230533.787
512800.SH,20230104,1.083,1.081,1.108,1.081,1.103,0.02,1.8467,2544147.77,279577.391
512800.SH,20230103,1.078,1.077,1.085,1.065,1.083,0.005,0.4638,1207495.0,130090.684
512800.SH,20221230,1.071,1.072,1.082,1.071,1.078,0.007,0.6536,1630533.0,175872.573
512800.SH,20221229,1.077,1.072,1.075,1.061,1.071,-0.006,-0.5571,2073464.0,221619.535
512800.SH,20221228,1.068,1.065,1.081,1.064,1.077,0.009,0.8427,1402611.0,150747.78
512800.SH,20221227,1.048,1.053,1.069,1.053,1.068,0.02,1.9084,1188921.22,126488.689
512800.SH,20221226,1.054,1.051,1.056,1.047,1.048,-0.006,-0.5693,968210.0,101763.824
512800.SH,20221223,1.056,1.052,1.061,1.05,1.054,-0.002,-0.1894,1861962.0,196071.246
512800.SH,20221222,1.053,1.058,1.066,1.054,1.056,0.003,0.2849,1683122.0,178284.041
512800.SH,20221221,1.048,1.048,1.06,1.048,1.053,0.005,0.4771,1589099.0,167559.919
512800.SH,20221220,1.062,1.061,1.065,1.043,1.048,-0.014,-1.3183,1337751.0,141132.644
512800.SH,20221219,1.078,1.08,1.084,1.06,1.062,-0.016,-1.4842,1257631.81,134850.3
512800.SH,20221216,1.068,1.063,1.082,1.063,1.078,0.01,0.9363,1616005.81,174006.436
512800.SH,20221215,1.079,1.077,1.08,1.066,1.068,-0.011,-1.0195,2173249.66,232389.031
512800.SH,20221214,1.076,1.077,1.084,1.07,1.079,0.003,0.2788,1192640.66,128417.824
512800.SH,20221213,1.068,1.065,1.079,1.065,1.076,0.008,0.7491,998808.59,107282.558
512800.SH,20221212,1.09,1.083,1.085,1.065,1.068,-0.022,-2.0183,1924239.81,206490.305
512800.SH,20221209,1.078,1.08,1.095,1.077,1.09,0.012,1.1132,1891686.13,205591.67
512800.SH,20221208,1.071,1.07,1.084,1.067,1.078,0.007,0.6536,1146631.0,123341.935
512800.SH,20221207,1.08,1.077,1.082,1.068,1.071,-0.009,-0.8333,2332295.0,250424.505
512800.SH,20221206,1.081,1.077,1.083,1.072,1.08,-0.001,-0.0925,1838070.71,198051.148
512800.SH,20221205,1.054,1.061,1.085,1.06,1.081,0.027,2.5617,4499953.6,483054.522
512800.SH,20221202,1.062,1.061,1.063,1.046,1.054,-0.008,-0.7533,1732531.42,182480.291
512800.SH,20221201,1.067,1.086,1.088,1.06,1.062,-0.005,-0.4686,2349070.79,251400.353
512800.SH,20221130,1.073,1.073,1.081,1.066,1.067,-0.006,-0.5592,2198088.37,235562.608
512800.SH,20221129,1.028,1.037,1.08,1.037,1.073,0.045,4.3774,6355201.46,675313.888
512800.SH,20221128,1.045,1.033,1.033,1.018,1.028,-0.017,-1.6268,2074464.86,212359.221
512800.SH,20221125,1.022,1.022,1.049,1.02,1.045,0.023,2.2505,3394702.79,353049.213
512800.SH,20221124,1.023,1.028,1.033,1.018,1.022,-0.001,-0.0978,1293187.0,132410.759
512800.SH,20221123,1.02,1.018,1.036,1.017,1.023,0.003,0.2941,2180365.04,224336.376
512800.SH,20221122,1.002,1.004,1.025,1.002,1.02,0.018,1.7964,2583099.05,262364.474
512800.SH,20221121,1.008,1.002,1.003,0.992,1.002,-0.006,-0.5952,1314082.0,131106.441
512800.SH,20221118,1.012,1.014,1.014,1.004,1.008,-0.004,-0.3953,1557522.0,156886.677
512800.SH,20221117,1.016,1.013,1.016,1.006,1.012,-0.004,-0.3937,1795752.0,181377.919
512800.SH,20221116,1.026,1.024,1.024,1.016,1.016,-0.01,-0.9747,1566089.0,159614.306
512800.SH,20221115,1.022,1.02,1.034,1.016,1.026,0.004,0.3914,2276994.33,233341.127
512800.SH,20221114,1.001,1.011,1.033,1.011,1.022,0.021,2.0979,4979517.33,510481.082
512800.SH,20221111,0.97,0.983,1.01,0.976,1.001,0.031,3.1959,5083789.54,504514.429
512800.SH,20221110,0.967,0.964,0.97,0.959,0.97,0.003,0.3102,1937542.0,186920.912
512800.SH,20221109,0.967,0.966,0.974,0.966,0.967,0.0,0.0,2638634.0,255804.056
512800.SH,20221108,0.97,0.968,0.971,0.963,0.967,-0.003,-0.3093,2326697.01,225004.694
512800.SH,20221107,0.968,0.964,0.97,0.961,0.97,0.002,0.2066,2461980.0,237663.601
512800.SH,20221104,0.952,0.951,0.972,0.95,0.968,0.016,1.6807,2900354.0,279546.144
512800.SH,20221103,0.96,0.952,0.954,0.947,0.952,-0.008,-0.8333,1264802.0,120259.627
512800.SH,20221102,0.959,0.956,0.962,0.949,0.96,0.001,0.1043,3377237.0,322419.783
512800.SH,20221101,0.944,0.945,0.96,0.945,0.959,0.015,1.589,1995198.81,189874.963
512800.SH,20221031,0.954,0.949,0.952,0.94,0.944,-0.01,-1.0482,2670738.68,252501.431
512800.SH,20221028,0.964,0.96,0.966,0.953,0.954,-0.01,-1.0373,1825893.0,175096.639
512800.SH,20221027,0.964,0.966,0.969,0.961,0.964,0.0,0.0,2360474.0,227760.613
512800.SH,20221026,0.973,0.972,0.976,0.961,0.964,-0.009,-0.925,2968916.0,287259.142
512800.SH,20221025,0.973,0.974,0.98,0.968,0.973,0.0,0.0,2320250.85,225851.213
512800.SH,20221024,1.003,1.001,1.002,0.972,0.973,-0.03,-2.991,4676134.0,460457.209
512800.SH,20221021,1.007,1.007,1.01,1.0,1.003,-0.004,-0.3972,2012898.0,202339.795
512800.SH,20221020,1.01,1.006,1.011,1.005,1.007,-0.003,-0.297,2503412.0,252205.142
512800.SH,20221019,1.02,1.018,1.022,1.008,1.01,-0.01,-0.9804,3066926.86,311043.288
512800.SH,20221018,1.022,1.025,1.028,1.017,1.02,-0.002,-0.1957,3114402.86,318221.115
512800.SH,20221017,1.026,1.018,1.023,1.014,1.022,-0.004,-0.3899,2227359.51,227009.87
512800.SH,20221014,1.013,1.017,1.027,1.017,1.026,0.013,1.2833,2844907.68,291381.16
512800.SH,20221013,1.028,1.025,1.025,1.01,1.013,-0.015,-1.4591,2425526.0,245970.595
512800.SH,20221012,1.025,1.026,1.028,1.015,1.028,0.003,0.2927,1907135.31,194703.687
512800.SH,20221011,1.027,1.028,1.033,1.023,1.025,-0.002,-0.1947,1495538.81,153565.142
512800.SH,20221010,1.042,1.039,1.039,1.026,1.027,-0.015,-1.4395,2123900.15,218765.795
512800.SH,20220930,1.037,1.037,1.046,1.036,1.042,0.005,0.4822,3288852.32,342837.821
512800.SH,20220929,1.048,1.051,1.055,1.033,1.037,-0.011,-1.0496,3411460.14,356212.055
512800.SH,20220928,1.047,1.045,1.053,1.038,1.048,0.001,0.0955,2652060.0,277770.209
512800.SH,20220927,1.042,1.042,1.048,1.035,1.047,0.005,0.4798,1768442.0,183958.431
512800.SH,20220926,1.058,1.054,1.061,1.042,1.042,-0.016,-1.5123,2078742.45,218206.098
512800.SH,20220923,1.054,1.052,1.064,1.051,1.058,0.004,0.3795,2276818.72,241077.544
512800.SH,20220922,1.057,1.051,1.055,1.049,1.054,-0.003,-0.2838,1511206.0,158867.944
512800.SH,20220921,1.053,1.051,1.063,1.046,1.057,0.004,0.3799,1712045.0,180484.12
512800.SH,20220920,1.063,1.064,1.065,1.051,1.053,-0.01,-0.9407,1809890.04,191075.622
512800.SH,20220919,1.062,1.062,1.066,1.058,1.063,0.001,0.0942,1654954.0,175678.415
512800.SH,20220916,1.08,1.076,1.079,1.061,1.062,-0.018,-1.6667,2183340.88,233269.274
512800.SH,20220915,1.068,1.072,1.084,1.072,1.08,0.012,1.1236,2649786.97,285966.817
512800.SH,20220914,1.076,1.069,1.076,1.067,1.068,-0.008,-0.7435,1721155.0,184393.585
512800.SH,20220913,1.07,1.07,1.082,1.065,1.076,0.006,0.5607,2778295.44,299114.56
512800.SH,20220909,1.051,1.052,1.071,1.052,1.07,0.019,1.8078,3513266.3,374674.072
512800.SH,20220908,1.048,1.048,1.055,1.046,1.051,0.003,0.2863,1992415.0,209426.449
512800.SH,20220907,1.055,1.052,1.052,1.044,1.048,-0.007,-0.6635,1611908.0,168654.484
512800.SH,20220906,1.056,1.056,1.063,1.051,1.055,-0.001,-0.0947,2061961.0,217768.213
512800.SH,20220905,1.054,1.054,1.057,1.045,1.056,0.002,0.1898,1361276.0,142975.826
512800.SH,20220902,1.055,1.055,1.061,1.05,1.054,-0.001,-0.0948,1631446.0,172050.763
512800.SH,20220901,1.058,1.055,1.062,1.053,1.055,-0.003,-0.2836,1826905.0,193226.876
512800.SH,20220831,1.044,1.04,1.063,1.039,1.058,0.014,1.341,3763703.22,396630.22
512800.SH,20220830,1.039,1.039,1.045,1.035,1.044,0.005,0.4812,2193818.0,228386.372
512800.SH,20220829,1.049,1.042,1.043,1.034,1.039,-0.01,-0.9533,1996309.47,206994.796
512800.SH,20220826,1.047,1.046,1.053,1.042,1.049,0.002,0.191,1928025.0,201879.369
512800.SH,20220825,1.034,1.034,1.049,1.032,1.047,0.013,1.2573,2991401.0,310478.317
512800.SH,20220824,1.039,1.038,1.043,1.034,1.034,-0.005,-0.4812,2640177.56,274091.692
512800.SH,20220823,1.047,1.045,1.045,1.036,1.039,-0.008,-0.7641,1994003.0,207159.64
512800.SH,20220822,1.046,1.043,1.051,1.042,1.047,0.001,0.0956,2007395.81,210242.224
512800.SH,20220819,1.044,1.042,1.052,1.041,1.046,0.002,0.1916,2308633.2,241849.179
512800.SH,20220818,1.054,1.052,1.052,1.041,1.044,-0.01,-0.9488,1659221.0,173270.962
512800.SH,20220817,1.045,1.045,1.055,1.04,1.054,0.009,0.8612,2935246.0,307705.92
512800.SH,20220816,1.043,1.043,1.048,1.041,1.045,0.002,0.1918,1708282.82,178429.064
512800.SH,20220815,1.056,1.051,1.055,1.042,1.043,-0.013,-1.2311,2116967.82,221459.168
512800.SH,20220812,1.054,1.05,1.057,1.048,1.056,0.002,0.1898,2057888.82,216566.984
512800.SH,20220811,1.034,1.038,1.056,1.035,1.054,0.02,1.9342,3704910.02,387935.233
512800.SH,20220810,1.042,1.041,1.045,1.033,1.034,-0.008,-0.7678,2178035.0,225863.348
512800.SH,20220809,1.048,1.048,1.048,1.041,1.042,-0.006,-0.5725,1806171.0,188415.892
512800.SH,20220808,1.053,1.051,1.056,1.045,1.048,-0.005,-0.4748,1632817.0,171276.598
512800.SH,20220805,1.042,1.042,1.054,1.038,1.053,0.011,1.0557,2650876.0,277031.01
512800.SH,20220804,1.034,1.037,1.042,1.035,1.042,0.008,0.7737,3461774.91,359594.812
512800.SH,20220803,1.043,1.042,1.049,1.031,1.034,-0.009,-0.8629,3701309.0,383982.077
512800.SH,20220802,1.06,1.056,1.056,1.035,1.043,-0.017,-1.6038,3075728.23,320316.04
512800.SH,20220801,1.066,1.066,1.067,1.058,1.06,-0.006,-0.5629,2917783.58,309482.414
512800.SH,20220729,1.079,1.078,1.082,1.066,1.066,-0.013,-1.2048,4688270.34,502808.178
512800.SH,20220728,1.08,1.082,1.085,1.077,1.079,-0.001,-0.0926,1772248.5,191538.919
512800.SH,20220727,1.085,1.084,1.085,1.078,1.08,-0.005,-0.4608,1721041.79,186065.028
512800.SH,20220726,1.076,1.075,1.086,1.075,1.085,0.009,0.8364,2337219.79,252887.326
512800.SH,20220725,1.074,1.071,1.077,1.068,1.076,0.002,0.1862,2581366.79,277079.556
512800.SH,20220722,1.07,1.072,1.078,1.066,1.074,0.004,0.3738,2218763.84,237833.954
512800.SH,20220721,1.082,1.081,1.083,1.069,1.07,-0.012,-1.1091,3570816.78,383491.365
512800.SH,20220720,1.08,1.082,1.086,1.081,1.082,0.002,0.1852,2207410.0,239230.87
512800.SH,20220719,1.076,1.073,1.082,1.072,1.08,0.004,0.3717,2750049.57,296372.911
512800.SH,20220718,1.062,1.065,1.078,1.065,1.076,0.014,1.3183,3602386.04,386503.939
512800.SH,20220715,1.071,1.072,1.081,1.062,1.062,-0.009,-0.8403,4082499.71,437462.12
512800.SH,20220714,1.094,1.088,1.088,1.06,1.071,-0.023,-2.1024,7899821.0,844578.135
512800.SH,20220713,1.119,1.118,1.118,1.091,1.094,-0.025,-2.2341,6903188.78,758609.369
512800.SH,20220712,1.114,1.114,1.125,1.113,1.119,0.005,0.4488,3495892.0,391447.035
512800.SH,20220711,1.114,1.112,1.115,1.109,1.114,0.0,0.0,3543847.0,393950.338
512800.SH,20220708,1.112,1.114,1.117,1.109,1.114,0.002,0.1799,2087254.0,232331.596
512800.SH,20220707,1.114,1.113,1.117,1.109,1.112,-0.002,-0.1795,1908579.0,212540.179
512800.SH,20220706,1.128,1.126,1.128,1.109,1.114,-0.014,-1.2411,4356186.22,485605.094
512800.SH,20220705,1.128,1.129,1.138,1.125,1.128,0.0,0.0,2933308.0,331724.928
512800.SH,20220704,1.133,1.13,1.133,1.125,1.128,-0.005,-0.4413,3089422.0,348477.256
512800.SH,20220701,1.141,1.139,1.14,1.131,1.133,-0.008,-0.7011,2287901.51,259399.535
512800.SH,20220630,1.127,1.127,1.143,1.124,1.141,0.014,1.2422,3291427.42,373738.523
512800.SH,20220629,1.125,1.123,1.135,1.121,1.127,0.002,0.1778,4094401.66,462513.422
512800.SH,20220628,1.119,1.117,1.126,1.115,1.125,0.006,0.5362,3706601.12,415376.652
512800.SH,20220627,1.109,1.109,1.121,1.107,1.119,0.01,0.9017,7119411.29,794081.336
512800.SH,20220624,1.11,1.109,1.113,1.102,1.109,-0.001,-0.0901,3620800.0,400399.114
512800.SH,20220623,1.102,1.102,1.11,1.102,1.11,0.008,0.726,3399992.0,376117.004
512800.SH,20220622,1.116,1.115,1.116,1.101,1.102,-0.014,-1.2545,2321146.0,256887.327
512800.SH,20220621,1.106,1.106,1.118,1.104,1.116,0.01,0.9042,2671810.0,297287.856
512800.SH,20220620,1.114,1.112,1.112,1.103,1.106,-0.008,-0.7181,3266342.96,361445.752
512800.SH,20220617,1.113,1.11,1.119,1.103,1.114,0.001,0.0898,3089378.56,343084.776
512800.SH,20220616,1.126,1.126,1.129,1.111,1.113,-0.013,-1.1545,3500026.92,391247.29
512800.SH,20220615,1.108,1.109,1.143,1.107,1.126,0.018,1.6245,6286304.85,708771.853
512800.SH,20220614,1.09,1.086,1.109,1.082,1.108,0.018,1.6514,4518959.0,494945.869
512800.SH,20220613,1.111,1.105,1.106,1.085,1.09,-0.021,-1.8902,3029615.19,331096.304
512800.SH,20220610,1.108,1.102,1.115,1.1,1.111,0.003,0.2708,3317213.88,367233.574
512800.SH,20220609,1.096,1.092,1.11,1.092,1.108,0.012,1.0949,5695676.36,628957.045
512800.SH,20220608,1.089,1.09,1.096,1.085,1.096,0.007,0.6428,5924922.49,645345.78
512800.SH,20220607,1.081,1.078,1.093,1.074,1.089,0.008,0.7401,5026512.49,545642.82
512800.SH,20220606,1.08,1.078,1.081,1.065,1.081,0.001,0.0926,4945499.09,529350.581
512800.SH,20220602,1.086,1.084,1.084,1.076,1.08,-0.006,-0.5525,2967746.57,319998.815
512800.SH,20220601,1.09,1.089,1.09,1.081,1.086,-0.004,-0.367,2178059.0,236221.577
512800.SH,20220531,1.087,1.085,1.091,1.081,1.09,0.003,0.276,2527577.47,275104.389
512800.SH,20220530,1.093,1.093,1.095,1.082,1.087,-0.006,-0.5489,2047318.69,222464.447
512800.SH,20220527,1.087,1.088,1.097,1.088,1.093,0.006,0.552,2384899.69,260701.107
512800.SH,20220526,1.089,1.089,1.09,1.08,1.087,-0.002,-0.1837,2961943.55,321950.302
512800.SH,20220525,1.084,1.083,1.09,1.083,1.089,0.005,0.4613,1457201.0,158353.947
512800.SH,20220524,1.095,1.095,1.098,1.083,1.084,-0.011,-1.0046,1908401.83,207927.671
512800.SH,20220523,1.101,1.1,1.101,1.092,1.095,-0.006,-0.545,1952605.0,213914.058
512800.SH,20220520,1.085,1.087,1.101,1.087,1.101,0.016,1.4747,3077368.38,337249.294
512800.SH,20220519,1.091,1.082,1.085,1.079,1.085,-0.006,-0.55,2028446.49,219662.228
512800.SH,20220518,1.098,1.1,1.101,1.085,1.091,-0.007,-0.6375,2608206.01,284182.167
512800.SH,20220517,1.089,1.09,1.103,1.087,1.098,0.009,0.8264,2120341.0,232245.236
512800.SH,20220516,1.098,1.098,1.1,1.082,1.089,-0.009,-0.8197,2322631.0,252287.467
512800.SH,20220513,1.084,1.089,1.101,1.088,1.098,0.014,1.2915,2107051.01,230978.53
512800.SH,20220512,1.091,1.087,1.09,1.082,1.084,-0.007,-0.6416,2049780.0,222409.671
512800.SH,20220511,1.095,1.094,1.099,1.089,1.091,-0.004,-0.3653,2782328.36,304401.753
512800.SH,20220510,1.087,1.081,1.099,1.071,1.095,0.008,0.736,2663191.0,289645.582
512800.SH,20220509,1.102,1.098,1.099,1.082,1.087,-0.015,-1.3612,1636701.46,178386.072
512800.SH,20220506,1.126,1.116,1.117,1.1,1.102,-0.024,-2.1314,2667661.0,295190.397
512800.SH,20220505,1.135,1.128,1.135,1.12,1.126,-0.009,-0.793,2212640.01,249000.578
512800.SH,20220429,1.13,1.129,1.137,1.111,1.135,0.005,0.4425,3565097.0,400081.039
512800.SH,20220428,1.114,1.111,1.133,1.11,1.13,0.016,1.4363,2951278.14,331862.691
512800.SH,20220427,1.112,1.107,1.122,1.103,1.114,0.002,0.1799,3425619.0,381142.586
512800.SH,20220426,1.114,1.116,1.126,1.108,1.112,-0.002,-0.1795,3163786.0,353199.249
512800.SH,20220425,1.164,1.149,1.153,1.113,1.114,-0.05,-4.2955,3534381.28,400751.196
512800.SH,20220422,1.143,1.136,1.167,1.136,1.164,0.021,1.8373,2491554.0,288518.533
512800.SH,20220421,1.148,1.144,1.161,1.137,1.143,-0.005,-0.4355,2112367.28,243091.911
512800.SH,20220420,1.158,1.155,1.161,1.146,1.148,-0.01,-0.8636,1731533.28,199318.566
512800.SH,20220419,1.161,1.156,1.162,1.143,1.158,-0.003,-0.2584,2340474.0,269653.714
512800.SH,20220418,1.194,1.18,1.18,1.157,1.161,-0.033,-2.7638,2805599.0,326626.984
512800.SH,20220415,1.175,1.171,1.195,1.168,1.194,0.019,1.617,3792212.0,448987.555
512800.SH,20220414,1.179,1.188,1.191,1.173,1.175,-0.004,-0.3393,3551377.48,418970.663
512800.SH,20220413,1.176,1.173,1.188,1.172,1.179,0.003,0.2551,1758981.08,207870.17
512800.SH,20220412,1.176,1.174,1.187,1.163,1.176,0.0,0.0,2915172.31,341395.017
512800.SH,20220411,1.192,1.187,1.188,1.17,1.176,-0.016,-1.3423,3616122.8,425560.294
512800.SH,20220408,1.184,1.181,1.193,1.177,1.192,0.008,0.6757,3410308.05,404337.624
512800.SH,20220407,1.195,1.193,1.204,1.179,1.184,-0.011,-0.9205,3076042.38,366075.67
512800.SH,20220406,1.178,1.17,1.204,1.168,1.195,0.017,1.4431,3852512.0,459679.286
512800.SH,20220401,1.155,1.149,1.178,1.147,1.178,0.023,1.9913,3662350.29,428151.127
512800.SH,20220331,1.14,1.137,1.162,1.134,1.155,0.015,1.3158,3001780.78,346236.432
512800.SH,20220330,1.126,1.127,1.142,1.125,1.14,0.014,1.2433,2615451.33,296705.582
512800.SH,20220329,1.122,1.125,1.131,1.121,1.126,0.004,0.3565,1497060.33,168541.111
512800.SH,20220328,1.118,1.113,1.129,1.101,1.122,0.004,0.3578,2065931.45,230996.039
512800.SH,20220325,1.119,1.119,1.129,1.115,1.118,-0.001,-0.0894,1787341.15,200515.334
512800.SH,20220324,1.116,1.11,1.124,1.108,1.119,0.003,0.2688,1748935.0,195480.299
512800.SH,20220323,1.123,1.123,1.123,1.11,1.116,-0.007,-0.6233,1590895.0,177603.685
512800.SH,20220322,1.104,1.104,1.13,1.103,1.123,0.019,1.721,4137543.52,463836.277
512800.SH,20220321,1.118,1.115,1.119,1.1,1.104,-0.014,-1.2522,2180904.05,241583.982
512800.SH,20220318,1.095,1.09,1.122,1.07,1.118,0.023,2.1005,4225072.3,469901.296
512800.SH,20220317,1.084,1.096,1.107,1.087,1.095,0.011,1.0148,4290420.93,470828.479
512800.SH,20220316,1.047,1.059,1.09,1.042,1.084,0.037,3.5339,4887124.34,522073.128
512800.SH,20220315,1.097,1.09,1.091,1.045,1.047,-0.05,-4.5579,6225958.46,663141.501
512800.SH,20220314,1.126,1.112,1.123,1.095,1.097,-0.029,-2.5755,4510192.91,498563.085
512800.SH,20220311,1.122,1.11,1.128,1.099,1.126,0.004,0.3565,3863720.0,429978.285
512800.SH,20220310,1.11,1.125,1.129,1.117,1.122,0.012,1.0811,4669720.0,524484.44
512800.SH,20220309,1.127,1.13,1.134,1.082,1.11,-0.017,-1.5084,5589468.0,619747.965
512800.SH,20220308,1.151,1.149,1.152,1.125,1.127,-0.024,-2.0851,2962985.28,337920.674
512800.SH,20220307,1.174,1.165,1.169,1.149,1.151,-0.023,-1.9591,3383083.91,391797.31
512800.SH,20220304,1.186,1.18,1.181,1.17,1.174,-0.012,-1.0118,2271052.0,266903.642
512800.SH,20220303,1.178,1.18,1.189,1.179,1.186,0.008,0.6791,2637471.6,312604.181
512800.SH,20220302,1.183,1.174,1.183,1.172,1.178,-0.005,-0.4227,2095697.37,246880.396
512800.SH,20220301,1.172,1.173,1.184,1.167,1.183,0.011,0.9386,2093915.18,246254.383
512800.SH,20220228,1.172,1.169,1.173,1.16,1.172,0.0,0.0,2024956.05,236393.471
512800.SH,20220225,1.178,1.181,1.185,1.169,1.172,-0.006,-0.5093,2980685.9,349979.003
512800.SH,20220224,1.195,1.191,1.194,1.175,1.178,-0.017,-1.4226,2618349.51,310051.882
512800.SH,20220223,1.205,1.205,1.206,1.191,1.195,-0.01,-0.8299,2227616.0,266185.733
512800.SH,20220222,1.211,1.203,1.21,1.199,1.205,-0.006,-0.4955,1935400.91,232851.621
512800.SH,20220221,1.215,1.212,1.212,1.198,1.211,-0.004,-0.3292,2289882.0,276102.798
512800.SH,20220218,1.202,1.196,1.216,1.196,1.215,0.013,1.0815,2235460.77,270065.942
512800.SH,20220217,1.199,1.199,1.211,1.195,1.202,0.003,0.2502,2556158.92,307613.946
512800.SH,20220216,1.188,1.19,1.204,1.189,1.199,0.011,0.9259,2360110.52,282541.857
512800.SH,20220215,1.201,1.201,1.206,1.181,1.188,-0.013,-1.0824,2856263.0,339977.425
512800.SH,20220214,1.228,1.227,1.228,1.197,1.201,-0.027,-2.1987,2942309.64,354970.364
512800.SH,20220211,1.222,1.217,1.237,1.217,1.228,0.006,0.491,4410157.0,542167.214
512800.SH,20220210,1.208,1.208,1.223,1.2,1.222,0.014,1.1589,2629990.14,318529.392
512800.SH,20220209,1.214,1.213,1.22,1.204,1.208,-0.006,-0.4942,3452981.63,418149.032
512800.SH,20220208,1.195,1.194,1.215,1.191,1.214,0.019,1.59,4904965.91,592514.245
512800.SH,20220207,1.162,1.173,1.198,1.171,1.195,0.033,2.8399,5793362.98,686514.216
512800.SH,20220128,1.175,1.179,1.183,1.161,1.162,-0.013,-1.1064,4259425.65,498943.089
512800.SH,20220127,1.181,1.18,1.186,1.171,1.175,-0.006,-0.508,2886752.0,340059.7
512800.SH,20220126,1.181,1.181,1.185,1.176,1.181,0.0,0.0,2573739.0,303809.882
512800.SH,20220125,1.199,1.195,1.195,1.18,1.181,-0.018,-1.5013,3295290.0,391279.979
512800.SH,20220124,1.201,1.2,1.205,1.187,1.199,-0.002,-0.1665,2098832.84,251146.894
512800.SH,20220121,1.206,1.203,1.207,1.196,1.201,-0.005,-0.4146,3794264.83,455715.641
512800.SH,20220120,1.184,1.184,1.214,1.183,1.206,0.022,1.8581,4711871.0,566068.418
512800.SH,20220119,1.178,1.175,1.186,1.175,1.184,0.006,0.5093,3832629.13,453070.041
512800.SH,20220118,1.154,1.155,1.178,1.153,1.178,0.024,2.0797,3417116.95,398974.372
512800.SH,20220117,1.155,1.153,1.163,1.148,1.154,-0.001,-0.0866,2288980.0,264271.846
512800.SH,20220114,1.181,1.179,1.18,1.153,1.155,-0.026,-2.2015,3289634.0,381607.221
512800.SH,20220113,1.18,1.177,1.194,1.175,1.181,0.001,0.0847,5029991.83,596042.811
512800.SH,20220112,1.183,1.184,1.186,1.172,1.18,-0.003,-0.2536,4394274.02,518506.453
512800.SH,20220111,1.17,1.172,1.188,1.168,1.183,0.013,1.1111,3887491.19,458998.865
512800.SH,20220110,1.164,1.169,1.176,1.159,1.17,0.006,0.5155,5205088.11,607157.637
512800.SH,20220107,1.149,1.149,1.166,1.148,1.164,0.015,1.3055,3906267.0,453234.407
512800.SH,20220106,1.153,1.15,1.155,1.145,1.149,-0.004,-0.3469,3138712.17,360859.833
512800.SH,20220105,1.136,1.135,1.159,1.133,1.153,0.017,1.4965,6561100.8,754260.1
512800.SH,20220104,1.132,1.133,1.137,1.123,1.136,0.004,0.3534,3768507.0,425749.744
512800.SH,20211231,1.133,1.133,1.135,1.13,1.132,-0.001,-0.0883,2615540.0,296176.482
512800.SH,20211230,1.128,1.127,1.136,1.127,1.133,0.005,0.4433,2654689.0,300627.567
512800.SH,20211229,1.138,1.139,1.14,1.127,1.128,-0.01,-0.8787,2974673.95,336686.823
512800.SH,20211228,1.135,1.135,1.141,1.134,1.138,0.003,0.2643,2123209.43,241537.109
512800.SH,20211227,1.14,1.14,1.141,1.131,1.135,-0.005,-0.4386,2853019.0,323814.744
512800.SH,20211224,1.144,1.145,1.146,1.138,1.14,-0.004,-0.3497,2700806.0,307808.624
512800.SH,20211223,1.145,1.145,1.146,1.141,1.144,-0.001,-0.0873,1247649.0,142628.175
512800.SH,20211222,1.154,1.155,1.156,1.143,1.145,-0.009,-0.7799,2082944.14,238961.599
512800.SH,20211221,1.148,1.145,1.157,1.145,1.154,0.006,0.5226,2569130.0,296067.492
512800.SH,20211220,1.15,1.145,1.154,1.143,1.148,-0.002,-0.1739,2271585.56,260986.032
512800.SH,20211217,1.154,1.153,1.155,1.147,1.15,-0.004,-0.3466,1833793.0,210977.341
512800.SH,20211216,1.149,1.149,1.154,1.144,1.154,0.005,0.4352,2394005.0,275503.066
512800.SH,20211215,1.147,1.145,1.15,1.142,1.149,0.002,0.1744,1596262.59,182772.455
512800.SH,20211214,1.161,1.157,1.161,1.145,1.147,-0.014,-1.2059,2640164.0,303612.57
512800.SH,20211213,1.169,1.171,1.182,1.16,1.161,-0.008,-0.6843,3204275.41,374755.213
512800.SH,20211210,1.172,1.166,1.176,1.163,1.169,-0.003,-0.256,2433977.0,284139.705
512800.SH,20211209,1.162,1.161,1.184,1.159,1.172,0.01,0.8606,4446030.0,520712.186
512800.SH,20211208,1.163,1.161,1.166,1.155,1.162,-0.001,-0.086,3147727.27,365668.82
512800.SH,20211207,1.151,1.159,1.166,1.151,1.163,0.012,1.0426,3558980.67,412676.513
512800.SH,20211206,1.144,1.145,1.161,1.145,1.151,0.007,0.6119,4615536.0,532641.1
512800.SH,20211203,1.138,1.138,1.145,1.131,1.144,0.006,0.5272,2454990.08,279697.314
512800.SH,20211202,1.134,1.131,1.142,1.127,1.138,0.004,0.3527,2244553.0,254908.431
512800.SH,20211201,1.127,1.128,1.136,1.126,1.134,0.007,0.6211,1676596.0,189866.922
512800.SH,20211130,1.129,1.131,1.133,1.124,1.127,-0.002,-0.1771,1716699.0,193700.252
512800.SH,20211129,1.135,1.13,1.133,1.125,1.129,-0.006,-0.5286,2268543.92,256120.163
512800.SH,20211126,1.143,1.143,1.144,1.134,1.135,-0.008,-0.6999,2132167.48,242464.927
512800.SH,20211125,1.147,1.146,1.147,1.141,1.143,-0.004,-0.3487,1372204.0,156914.662
512800.SH,20211124,1.147,1.147,1.149,1.141,1.147,0.0,0.0,2266442.99,259465.266
512800.SH,20211123,1.147,1.147,1.153,1.143,1.147,0.0,0.0,1963551.99,225353.746
512800.SH,20211122,1.155,1.153,1.154,1.144,1.147,-0.008,-0.6926,2162575.99,248151.727
512800.SH,20211119,1.143,1.141,1.157,1.141,1.155,0.012,1.0499,1919676.23,220751.492
512800.SH,20211118,1.153,1.151,1.153,1.142,1.143,-0.01,-0.8673,1335873.91,153028.154
512800.SH,20211117,1.159,1.156,1.161,1.15,1.153,-0.006,-0.5177,1272066.0,146778.35
512800.SH,20211116,1.166,1.165,1.17,1.154,1.159,-0.007,-0.6003,1946463.47,226235.49
512800.SH,20211115,1.16,1.16,1.169,1.157,1.166,0.006,0.5172,1540049.14,179315.583
512800.SH,20211112,1.162,1.162,1.168,1.158,1.16,-0.002,-0.1721,1934573.63,224720.145
512800.SH,20211111,1.136,1.135,1.165,1.133,1.162,0.026,2.2887,4776609.1,551551.991
512800.SH,20211110,1.14,1.138,1.139,1.127,1.136,-0.004,-0.3509,3805658.01,430662.87
512800.SH,20211109,1.139,1.139,1.143,1.132,1.14,0.001,0.0878,3711298.0,422224.995
512800.SH,20211108,1.142,1.141,1.143,1.135,1.139,-0.003,-0.2627,4408246.0,501826.088
512800.SH,20211105,1.148,1.143,1.147,1.14,1.142,-0.006,-0.5226,2245714.1,256829.837
512800.SH,20211104,1.153,1.154,1.155,1.142,1.148,-0.005,-0.4337,3030129.01,347234.48
512800.SH,20211103,1.153,1.151,1.155,1.147,1.153,0.0,0.0,1618889.66,186493.729
512800.SH,20211102,1.187,1.186,1.19,1.146,1.153,-0.034,-2.8644,7191664.66,832090.114
512800.SH,20211101,1.174,1.172,1.192,1.166,1.187,0.013,1.1073,2804533.03,331521.729
512800.SH,20211029,1.181,1.182,1.185,1.17,1.174,-0.007,-0.5927,1503134.24,176759.812
512800.SH,20211028,1.186,1.182,1.188,1.13,1.181,-0.005,-0.4216,1684132.78,198531.535
512800.SH,20211027,1.195,1.191,1.193,1.175,1.186,-0.009,-0.7531,3002362.98,355486.927
512800.SH,20211026,1.195,1.194,1.205,1.19,1.195,0.0,0.0,2074055.0,248306.359
512800.SH,20211025,1.197,1.182,1.198,1.181,1.195,-0.002,-0.1671,3051429.87,363478.372
512800.SH,20211022,1.194,1.197,1.208,1.189,1.197,0.003,0.2513,2824927.05,338498.999
512800.SH,20211021,1.171,1.177,1.198,1.177,1.194,0.023,1.9641,6121741.32,728318.82
512800.SH,20211020,1.178,1.18,1.187,1.169,1.171,-0.007,-0.5942,1980444.0,232549.967
512800.SH,20211019,1.17,1.171,1.184,1.169,1.178,0.008,0.6838,1913967.0,225346.671
512800.SH,20211018,1.179,1.177,1.179,1.167,1.17,-0.009,-0.7634,2220509.0,260103.912
512800.SH,20211015,1.168,1.168,1.183,1.168,1.179,0.011,0.9418,2177954.13,256311.504
512800.SH,20211014,1.181,1.178,1.187,1.165,1.168,-0.013,-1.1008,2225454.49,260991.892
512800.SH,20211013,1.184,1.183,1.186,1.168,1.181,-0.003,-0.2534,2764139.74,325733.556
512800.SH,20211012,1.182,1.179,1.194,1.174,1.184,0.002,0.1692,5037377.74,595782.883
512800.SH,20211011,1.156,1.161,1.192,1.161,1.182,0.026,2.2491,5721202.48,676117.172
512800.SH,20211008,1.14,1.144,1.159,1.141,1.156,0.016,1.4035,3121921.0,359614.432
512800.SH,20210930,1.151,1.149,1.149,1.134,1.14,-0.011,-0.9557,2735030.06,311502.594
512800.SH,20210929,1.143,1.135,1.158,1.13,1.151,0.008,0.6999,3609779.45,412541.27
512800.SH,20210928,1.122,1.121,1.146,1.12,1.143,0.021,1.8717,4704911.91,534534.595
512800.SH,20210927,1.123,1.121,1.127,1.113,1.122,-0.001,-0.089,5093803.0,570206.679
512800.SH,20210924,1.133,1.131,1.134,1.12,1.123,-0.01,-0.8826,3789564.0,426454.873
512800.SH,20210923,1.132,1.137,1.147,1.127,1.133,0.001,0.0883,2498796.19,283546.443
512800.SH,20210922,1.156,1.13,1.135,1.118,1.132,-0.024,-2.0761,4636428.15,521817.279
512800.SH,20210917,1.153,1.152,1.158,1.148,1.156,0.003,0.2602,3023244.47,348457.433
512800.SH,20210916,1.164,1.163,1.169,1.15,1.153,-0.011,-0.945,2369906.22,274405.214
512800.SH,20210915,1.173,1.168,1.176,1.159,1.164,-0.009,-0.7673,2633903.0,307336.796
512800.SH,20210914,1.207,1.207,1.212,1.17,1.173,-0.034,-2.8169,5046372.61,598465.719
512800.SH,20210913,1.206,1.201,1.209,1.196,1.207,0.001,0.0829,2616194.24,314783.355
512800.SH,20210910,1.183,1.182,1.218,1.18,1.206,0.023,1.9442,6253293.42,753317.907
512800.SH,20210909,1.184,1.18,1.187,1.171,1.183,-0.001,-0.0845,2219021.63,261657.172
512800.SH,20210908,1.186,1.185,1.198,1.181,1.184,-0.002,-0.1686,2810582.21,333933.251
512800.SH,20210907,1.169,1.167,1.191,1.159,1.186,0.017,1.4542,4700574.41,552940.951
512800.SH,20210906,1.165,1.162,1.176,1.159,1.169,0.004,0.3433,2997344.71,350453.856
512800.SH,20210903,1.164,1.168,1.178,1.15,1.165,0.001,0.0859,4343063.0,506661.985
512800.SH,20210902,1.156,1.155,1.168,1.152,1.164,0.008,0.692,4163638.45,484158.71
512800.SH,20210901,1.131,1.128,1.159,1.123,1.156,0.025,2.2104,3444225.34,394231.092
512800.SH,20210831,1.113,1.114,1.132,1.112,1.131,0.018,1.6173,2212051.98,248039.935
512800.SH,20210830,1.131,1.131,1.132,1.107,1.113,-0.018,-1.5915,3014390.8,336283.068
512800.SH,20210827,1.13,1.129,1.14,1.128,1.131,0.001,0.0885,2533805.63,287059.725
512800.SH,20210826,1.146,1.146,1.146,1.122,1.13,-0.016,-1.3962,3058204.76,346475.551
512800.SH,20210825,1.159,1.159,1.159,1.143,1.146,-0.013,-1.1217,1834874.0,210679.505
512800.SH,20210824,1.153,1.152,1.164,1.146,1.159,0.006,0.5204,2429769.04,280711.007
512800.SH,20210823,1.151,1.149,1.161,1.149,1.153,0.002,0.1738,2897142.56,334281.793
512800.SH,20210820,1.159,1.157,1.167,1.135,1.151,-0.008,-0.6903,2798819.0,321357.957
512800.SH,20210819,1.182,1.18,1.18,1.156,1.159,-0.023,-1.9459,2490580.0,289788.161
512800.SH,20210818,1.144,1.143,1.19,1.143,1.182,0.038,3.3217,3378374.48,395751.615
512800.SH,20210817,1.156,1.154,1.165,1.118,1.144,-0.012,-1.0381,2637032.82,304254.117
512800.SH,20210816,1.158,1.169,1.17,1.148,1.156,-0.002,-0.1727,1423713.82,164691.571
512800.SH,20210813,1.155,1.155,1.158,1.148,1.158,0.003,0.2597,1335932.25,154136.22
512800.SH,20210812,1.162,1.159,1.165,1.153,1.155,-0.007,-0.6024,1486483.28,172100.097
512800.SH,20210811,1.151,1.15,1.175,1.149,1.162,0.011,0.9557,4399012.92,511835.341
512800.SH,20210810,1.131,1.128,1.158,1.121,1.151,0.02,1.7683,4346788.38,496611.879
512800.SH,20210809,1.101,1.1,1.139,1.098,1.131,0.03,2.7248,3992420.01,450183.782
512800.SH,20210806,1.098,1.094,1.104,1.088,1.101,0.003,0.2732,1967985.08,215967.979
512800.SH,20210805,1.101,1.099,1.107,1.094,1.098,-0.003,-0.2725,1579246.6,173946.956
512800.SH,20210804,1.11,1.11,1.112,1.099,1.101,-0.009,-0.8108,2246550.13,247802.046
512800.SH,20210803,1.116,1.11,1.113,1.102,1.11,-0.006,-0.5376,2073531.37,229704.158
512800.SH,20210802,1.102,1.098,1.122,1.084,1.116,0.014,1.2704,3186890.96,353219.883
512800.SH,20210730,1.115,1.112,1.112,1.093,1.102,-0.013,-1.1659,2411785.6,265294.017
512800.SH,20210729,1.124,1.128,1.13,1.113,1.115,-0.009,-0.8007,2918175.0,325892.697
512800.SH,20210728,1.113,1.112,1.129,1.111,1.124,0.011,0.9883,2012374.05,225690.039
512800.SH,20210727,1.139,1.14,1.143,1.108,1.113,-0.026,-2.2827,2881617.11,323571.393
512800.SH,20210726,1.178,1.171,1.174,1.136,1.139,-0.039,-3.3107,3659382.0,421483.309
512800.SH,20210723,1.183,1.18,1.183,1.171,1.178,-0.005,-0.4227,2338505.25,274920.871
512800.SH,20210722,1.176,1.174,1.193,1.173,1.183,0.007,0.5952,2770480.9,328162.552
512800.SH,20210721,1.18,1.184,1.186,1.17,1.176,-0.004,-0.339,3137171.9,368529.613
512800.SH,20210720,1.197,1.188,1.194,1.177,1.18,-0.017,-1.4202,2230756.66,263908.934
512800.SH,20210719,1.197,1.195,1.198,1.178,1.197,0.0,0.0,1777280.54,211272.089
512800.SH,20210716,1.2,1.195,1.205,1.191,1.197,-0.003,-0.25,1584189.66,189474.688
512800.SH,20210715,1.17,1.169,1.202,1.168,1.2,0.03,2.5641,3708266.66,441634.7
512800.SH,20210714,1.193,1.189,1.189,1.165,1.17,-0.023,-1.9279,3572561.79,418836.055
512800.SH,20210713,1.185,1.186,1.196,1.176,1.193,0.008,0.6751,2750089.88,327032.446
512800.SH,20210712,1.191,1.198,1.204,1.181,1.185,-0.006,-0.5038,4130684.0,491352.486
512800.SH,20210709,1.201,1.198,1.206,1.188,1.191,-0.01,-0.8326,2760013.11,329828.527
512800.SH,20210708,1.234,1.241,1.248,1.197,1.201,-0.033,-2.6742,5771550.7,697208.173
512800.SH,20210707,1.236,1.233,1.249,1.227,1.234,-0.002,-0.1618,1904677.98,234982.521
512800.SH,20210706,1.222,1.22,1.238,1.218,1.236,0.014,1.1457,2167770.04,266745.184
512800.SH,20210705,1.225,1.223,1.225,1.205,1.222,-0.003,-0.2449,2450127.0,297325.206
512800.SH,20210702,1.248,1.24,1.24,1.218,1.225,-0.023,-1.8429,2104261.0,257819.653
512800.SH,20210701,1.23,1.233,1.249,1.228,1.248,0.018,1.4634,3224132.96,400174.909
512800.SH,20210630,1.219,1.222,1.233,1.22,1.23,0.011,0.9024,1921979.96,236090.733
512800.SH,20210629,1.226,1.222,1.229,1.216,1.219,-0.007,-0.571,2961067.0,361185.544
512800.SH,20210628,1.247,1.246,1.247,1.221,1.226,-0.021,-1.684,3545131.0,435266.859
512800.SH,20210625,1.231,1.231,1.25,1.23,1.247,0.016,1.2998,2497327.96,310156.186
512800.SH,20210624,1.226,1.227,1.239,1.221,1.231,0.005,0.4078,1934635.0,237406.533
512800.SH,20210623,1.228,1.226,1.231,1.222,1.226,-0.002,-0.1629,1583260.96,194088.951
512800.SH,20210622,1.213,1.215,1.23,1.215,1.228,0.015,1.2366,2279012.51,279232.355
512800.SH,20210621,1.227,1.227,1.228,1.209,1.213,-0.014,-1.141,2309242.14,280548.856
512800.SH,20210618,1.238,1.233,1.239,1.222,1.227,-0.011,-0.8885,2171671.15,266545.895
512800.SH,20210617,1.242,1.242,1.25,1.235,1.238,-0.004,-0.3221,1774006.96,220216.517
512800.SH,20210616,1.237,1.236,1.25,1.233,1.242,0.005,0.4042,1914304.07,237925.796
512800.SH,20210615,1.249,1.244,1.248,1.23,1.237,-0.012,-0.9608,1520318.68,188011.793
512800.SH,20210611,1.268,1.27,1.272,1.244,1.249,-0.019,-1.4984,2839753.05,356099.916
512800.SH,20210610,1.269,1.27,1.282,1.267,1.268,-0.001,-0.0788,2278200.0,289993.894
512800.SH,20210609,1.273,1.269,1.277,1.267,1.269,-0.004,-0.3142,2217833.64,281905.589
512800.SH,20210608,1.276,1.273,1.282,1.264,1.273,-0.003,-0.2351,2062706.52,262164.564
512800.SH,20210607,1.284,1.284,1.285,1.268,1.276,-0.008,-0.6231,2338454.0,297623.309
512800.SH,20210604,1.269,1.269,1.296,1.266,1.284,0.015,1.182,3329167.11,426485.125
512800.SH,20210603,1.275,1.272,1.285,1.267,1.269,-0.006,-0.4706,2437932.78,310686.607
512800.SH,20210602,1.274,1.275,1.276,1.262,1.275,0.001,0.0785,2289349.56,290449.857
512800.SH,20210601,1.285,1.28,1.28,1.268,1.274,-0.011,-0.856,2793578.0,355364.057
512800.SH,20210531,1.294,1.288,1.289,1.275,1.285,-0.009,-0.6955,1965993.87,251696.729
512800.SH,20210528,1.292,1.29,1.3,1.284,1.294,0.002,0.1548,2495867.96,321954.083
512800.SH,20210527,1.298,1.295,1.299,1.279,1.292,-0.006,-0.4622,2786752.04,358847.072
512800.SH,20210526,1.286,1.287,1.305,1.286,1.298,0.012,0.9331,2425331.92,314187.643
512800.SH,20210525,1.243,1.244,1.291,1.241,1.286,0.043,3.4594,3654514.73,463538.228
512800.SH,20210524,1.244,1.241,1.251,1.24,1.243,-0.001,-0.0804,1499688.47,186639.888
512800.SH,20210521,1.258,1.257,1.262,1.24,1.244,-0.014,-1.1129,1691124.95,210980.533
512800.SH,20210520,1.248,1.245,1.259,1.237,1.258,0.01,0.8013,2129237.91,266043.625
512800.SH,20210519,1.264,1.261,1.263,1.242,1.248,-0.016,-1.2658,1859970.03,232233.155
512800.SH,20210518,1.268,1.267,1.269,1.259,1.264,-0.004,-0.3155,1364763.25,172411.532
512800.SH,20210517,1.265,1.263,1.279,1.259,1.268,0.003,0.2372,2768469.6,350939.096
512800.SH,20210514,1.246,1.248,1.268,1.24,1.265,0.019,1.5249,2398744.0,300948.905
512800.SH,20210513,1.254,1.249,1.259,1.243,1.246,-0.008,-0.638,2319712.59,289621.304
512800.SH,20210512,1.249,1.243,1.265,1.243,1.254,0.005,0.4003,1693716.42,212611.878
512800.SH,20210511,1.245,1.24,1.25,1.237,1.249,0.004,0.3213,1282648.99,159757.335
512800.SH,20210510,1.255,1.255,1.255,1.232,1.245,-0.01,-0.7968,1639261.05,203207.081
512800.SH,20210507,1.239,1.24,1.264,1.237,1.255,0.016,1.2914,1958137.51,245485.417
512800.SH,20210506,1.226,1.23,1.247,1.226,1.239,0.013,1.0604,1779446.69,220616.233
512800.SH,20210430,1.247,1.245,1.246,1.218,1.226,-0.021,-1.684,2546101.65,313106.262
512800.SH,20210429,1.224,1.225,1.248,1.224,1.247,0.023,1.8791,2043674.93,253401.862
512800.SH,20210428,1.226,1.226,1.229,1.216,1.224,-0.002,-0.1631,1061711.33,129626.465
512800.SH,20210427,1.224,1.222,1.229,1.219,1.226,0.002,0.1634,1129759.19,138442.712
512800.SH,20210426,1.236,1.247,1.251,1.22,1.224,-0.012,-0.9709,2367077.9,292134.765
512800.SH,20210423,1.233,1.23,1.243,1.227,1.236,0.003,0.2433,1750193.87,216218.825
512800.SH,20210422,1.242,1.242,1.245,1.226,1.233,-0.009,-0.7246,2113898.37,260459.907
512800.SH,20210421,1.221,1.223,1.247,1.223,1.242,0.021,1.7199,2843341.52,351981.692
512800.SH,20210420,1.219,1.214,1.229,1.212,1.221,0.002,0.1641,1968892.28,240418.215
512800.SH,20210419,1.201,1.198,1.222,1.191,1.219,0.018,1.4988,2140837.21,259018.4
512800.SH,20210416,1.197,1.196,1.202,1.189,1.201,0.004,0.3342,1427900.0,170836.569
512800.SH,20210415,1.21,1.208,1.209,1.186,1.197,-0.013,-1.0744,3660562.0,436645.038
512800.SH,20210414,1.224,1.223,1.225,1.206,1.21,-0.014,-1.1438,2498460.5,303081.967
512800.SH,20210413,1.228,1.227,1.238,1.219,1.224,-0.004,-0.3257,1799379.0,220526.162
512800.SH,20210412,1.23,1.229,1.234,1.222,1.228,-0.002,-0.1626,2275860.0,279169.715
512800.SH,20210409,1.238,1.237,1.239,1.229,1.23,-0.008,-0.6462,1496571.0,184394.586
512800.SH,20210408,1.242,1.239,1.241,1.235,1.238,-0.004,-0.3221,1600622.04,198187.878
512800.SH,20210407,1.245,1.245,1.248,1.235,1.242,-0.003,-0.241,1647097.24,204172.486
512800.SH,20210406,1.244,1.243,1.251,1.241,1.245,0.001,0.0804,1445332.24,179982.122
512800.SH,20210402,1.258,1.258,1.258,1.239,1.244,-0.014,-1.1129,2649794.03,329795.49
512800.SH,20210401,1.261,1.26,1.262,1.251,1.258,-0.003,-0.2379,1998948.0,251242.314
512800.SH,20210331,1.257,1.254,1.266,1.243,1.261,0.004,0.3182,2267369.07,284557.21
512800.SH,20210330,1.25,1.249,1.257,1.24,1.257,0.007,0.56,2033945.99,253913.641
512800.SH,20210329,1.243,1.243,1.25,1.235,1.25,0.007,0.5632,1796478.0,223283.862
512800.SH,20210326,1.23,1.235,1.244,1.231,1.243,0.013,1.0569,1878429.0,232487.322
512800.SH,20210325,1.238,1.238,1.249,1.228,1.23,-0.008,-0.6462,1649865.0,203771.377
512800.SH,20210324,1.257,1.253,1.259,1.235,1.238,-0.019,-1.5115,1869703.77,232097.392
512800.SH,20210323,1.264,1.264,1.273,1.25,1.257,-0.007,-0.5538,2635579.77,331810.305
512800.SH,20210322,1.24,1.238,1.273,1.238,1.264,0.024,1.9355,2363035.15,297777.798
512800.SH,20210319,1.277,1.276,1.281,1.235,1.24,-0.037,-2.8974,2795672.34,350057.938
512800.SH,20210318,1.272,1.27,1.281,1.267,1.277,0.005,0.3931,2336569.92,297640.105
512800.SH,20210317,1.293,1.284,1.288,1.267,1.272,-0.021,-1.6241,2952524.57,376715.243
512800.SH,20210316,1.278,1.28,1.305,1.279,1.293,0.015,1.1737,2864952.37,370484.089
512800.SH,20210315,1.267,1.265,1.298,1.264,1.278,0.011,0.8682,4140575.9,530593.194
512800.SH,20210312,1.254,1.253,1.272,1.253,1.267,0.013,1.0367,2439330.74,308313.697
512800.SH,20210311,1.219,1.23,1.265,1.23,1.254,0.035,2.8712,3711348.74,463958.315
512800.SH,20210310,1.222,1.226,1.229,1.212,1.219,-0.003,-0.2455,2126841.25,259345.831
512800.SH,20210309,1.246,1.248,1.261,1.216,1.222,-0.024,-1.9262,5351705.36,662106.024
512800.SH,20210308,1.267,1.268,1.283,1.245,1.246,-0.021,-1.6575,2879543.59,363517.586
512800.SH,20210305,1.279,1.265,1.288,1.244,1.267,-0.012,-0.9382,3094365.01,390191.363
512800.SH,20210304,1.288,1.28,1.297,1.268,1.279,-0.009,-0.6988,4826925.26,618172.684
512800.SH,20210303,1.231,1.23,1.289,1.23,1.288,0.057,4.6304,5544833.06,704325.033
512800.SH,20210302,1.241,1.245,1.252,1.219,1.231,-0.01,-0.8058,2502124.75,309123.358
512800.SH,20210301,1.24,1.245,1.249,1.233,1.241,0.001,0.0806,7579634.94,939267.834
512800.SH,20210226,1.285,1.269,1.283,1.236,1.24,-0.045,-3.5019,4917367.9,617499.689
512800.SH,20210225,1.265,1.273,1.295,1.266,1.285,0.02,1.581,5272446.45,676606.378
512800.SH,20210224,1.285,1.285,1.288,1.255,1.265,-0.02,-1.5564,3905079.72,497265.866
512800.SH,20210223,1.274,1.271,1.311,1.271,1.285,0.011,0.8634,6382463.94,825166.031
512800.SH,20210222,1.295,1.295,1.295,1.27,1.274,-0.021,-1.6216,5208004.26,666971.836
512800.SH,20210219,1.305,1.299,1.316,1.29,1.295,-0.01,-0.7663,5273706.26,686971.358
512800.SH,20210218,1.28,1.293,1.319,1.289,1.305,0.025,1.9531,5574073.93,726346.691
512800.SH,20210210,1.293,1.297,1.313,1.266,1.28,-0.013,-1.0054,7018146.36,901690.941
512800.SH,20210209,1.29,1.287,1.294,1.271,1.293,0.003,0.2326,6271645.35,803291.786
512800.SH,20210208,1.286,1.284,1.296,1.261,1.29,0.004,0.311,7935129.42,1019379.517
512800.SH,20210205,1.246,1.251,1.29,1.247,1.286,0.04,3.2103,8701295.88,1112090.026
512800.SH,20210204,1.242,1.234,1.267,1.231,1.246,0.004,0.3221,5929638.88,741763.793
512800.SH,20210203,1.223,1.22,1.255,1.213,1.242,0.019,1.5536,6295378.33,779135.906
512800.SH,20210202,1.242,1.228,1.242,1.219,1.223,-0.019,-1.5298,4541256.37,557629.093
512800.SH,20210201,1.212,1.205,1.243,1.195,1.242,0.03,2.4752,6110835.92,747980.819
512800.SH,20210129,1.205,1.221,1.224,1.2,1.212,0.007,0.5809,5047301.0,611919.137
512800.SH,20210128,1.218,1.207,1.209,1.196,1.205,-0.013,-1.0673,3942992.02,473940.748
512800.SH,20210127,1.199,1.196,1.23,1.196,1.218,0.019,1.5847,5267800.99,642395.35
512800.SH,20210126,1.207,1.2,1.221,1.197,1.199,-0.008,-0.6628,3526212.72,425568.444
512800.SH,20210125,1.203,1.196,1.21,1.181,1.207,0.004,0.3325,4178238.88,499706.46
512800.SH,20210122,1.227,1.224,1.224,1.194,1.203,-0.024,-1.956,4243458.85,510800.542
512800.SH,20210121,1.22,1.222,1.235,1.218,1.227,0.007,0.5738,4637257.8,568907.9
512800.SH,20210120,1.232,1.23,1.245,1.215,1.22,-0.012,-0.974,4343301.25,532829.62
512800.SH,20210119,1.23,1.23,1.248,1.217,1.232,0.002,0.1626,5642862.05,695544.87
512800.SH,20210118,1.206,1.207,1.241,1.206,1.23,0.024,1.99,6337304.43,777417.686
512800.SH,20210115,1.172,1.197,1.236,1.197,1.206,0.034,2.901,11269338.31,1372925.226
512800.SH,20210114,1.175,1.172,1.192,1.168,1.172,-0.003,-0.2553,4826010.22,568840.437
512800.SH,20210113,1.177,1.178,1.179,1.166,1.175,-0.002,-0.1699,5364374.14,628452.058
512800.SH,20210112,1.16,1.16,1.178,1.153,1.177,0.017,1.4655,4748679.73,552738.397
512800.SH,20210111,1.146,1.149,1.17,1.149,1.16,0.014,1.2216,7619674.86,886964.014
512800.SH,20210108,1.143,1.145,1.157,1.137,1.146,0.003,0.2625,5943667.48,680656.922
512800.SH,20210107,1.132,1.134,1.146,1.128,1.143,0.011,0.9717,7452026.09,846933.555
512800.SH,20210106,1.108,1.105,1.133,1.101,1.132,0.024,2.1661,9758282.4,1091593.87
512800.SH,20210105,1.123,1.116,1.116,1.095,1.108,-0.015,-1.3357,11188995.79,1234197.109
512800.SH,20210104,1.145,1.137,1.137,1.111,1.123,-0.022,-1.9214,10859582.1,1214342.224
