ts_code,trade_date,pre_close,open,high,low,close,change,pct_chg,vol,amount
512400.SH,20260508,2.207,2.188,2.215,2.165,2.206,-0.001,-0.0453,5402753.62,1185767.596
512400.SH,20260507,2.199,2.231,2.235,2.178,2.207,0.008,0.3638,7521275.63,1658626.372
512400.SH,20260506,2.119,2.134,2.2,2.114,2.199,0.08,3.7754,7010343.11,1518315.837
512400.SH,20260430,2.14,2.128,2.154,2.101,2.119,-0.021,-0.9813,3802627.04,807395.293
512400.SH,20260429,2.043,2.032,2.14,2.032,2.14,0.097,4.7479,5640091.75,1186274.821
512400.SH,20260428,2.095,2.081,2.084,2.036,2.043,-0.052,-2.4821,4231090.77,867853.166
512400.SH,20260427,2.118,2.112,2.12,2.091,2.095,-0.023,-1.0859,3263695.46,685380.331
512400.SH,20260424,2.098,2.083,2.131,2.066,2.118,0.02,0.9533,5021145.86,1050990.72
512400.SH,20260423,2.179,2.178,2.185,2.081,2.098,-0.081,-3.7173,7641207.79,1612859.892
512400.SH,20260422,2.18,2.158,2.187,2.153,2.179,-0.001,-0.0459,4610108.2,1002010.25
512400.SH,20260421,2.179,2.182,2.186,2.147,2.18,0.001,0.0459,3793951.9,824157.616
512400.SH,20260420,2.167,2.166,2.197,2.16,2.179,0.012,0.5538,4008419.18,872691.514
512400.SH,20260417,2.17,2.152,2.184,2.15,2.167,-0.003,-0.1382,3438027.56,745783.562
512400.SH,20260416,2.104,2.115,2.17,2.115,2.17,0.066,3.1369,5274975.32,1133518.617
512400.SH,20260415,2.136,2.168,2.174,2.097,2.104,-0.032,-1.4981,5137963.41,1098272.76
512400.SH,20260414,2.096,2.14,2.144,2.108,2.136,0.04,1.9084,5368810.63,1140808.668
512400.SH,20260413,2.096,2.078,2.104,2.075,2.096,0.0,0.0,4117044.56,860705.749
512400.SH,20260410,2.103,2.12,2.128,2.09,2.096,-0.007,-0.3329,4429296.12,932549.685
512400.SH,20260409,2.119,2.081,2.122,2.075,2.103,-0.016,-0.7551,5137457.26,1077600.681
512400.SH,20260408,1.992,2.06,2.12,2.06,2.119,0.127,6.3755,7502238.96,1569912.677
512400.SH,20260407,1.971,1.97,1.998,1.97,1.992,0.021,1.0654,2715045.59,539126.4
512400.SH,20260403,1.991,1.99,2.0,1.961,1.971,-0.02,-1.0045,3047414.05,602205.047
512400.SH,20260402,2.026,2.018,2.03,1.972,1.991,-0.035,-1.7275,5037142.74,1007097.536
512400.SH,20260401,1.983,2.032,2.035,2.004,2.026,0.043,2.1684,5602440.0,1132264.45
512400.SH,20260331,2.008,2.009,2.024,1.968,1.983,-0.025,-1.245,4501869.32,898228.896
512400.SH,20260330,1.976,1.978,2.01,1.951,2.008,0.032,1.6194,4977174.48,987634.457
512400.SH,20260327,1.919,1.881,1.989,1.877,1.976,0.057,2.9703,6291081.78,1228465.525
512400.SH,20260326,1.952,1.945,1.961,1.908,1.919,-0.033,-1.6906,4393096.17,850369.038
512400.SH,20260325,1.892,1.95,1.976,1.934,1.952,0.06,3.1712,7816051.1,1528907.892
512400.SH,20260324,1.823,1.87,1.894,1.811,1.892,0.069,3.785,10216093.25,1894311.895
512400.SH,20260323,1.917,1.852,1.907,1.819,1.823,-0.094,-4.9035,10427630.01,1938348.195
512400.SH,20260320,1.944,1.935,1.978,1.915,1.917,-0.027,-1.3889,9231870.72,1799586.404
512400.SH,20260319,2.075,2.01,2.023,1.935,1.944,-0.131,-6.3133,12406757.58,2447335.454
512400.SH,20260318,2.091,2.085,2.094,2.038,2.075,-0.016,-0.7652,6370075.25,1314591.157
512400.SH,20260317,2.126,2.131,2.157,2.09,2.091,-0.035,-1.6463,7395884.7,1572143.02
512400.SH,20260316,2.193,2.163,2.183,2.073,2.126,-0.067,-3.0552,13092811.58,2775299.938
512400.SH,20260313,2.254,2.233,2.283,2.187,2.193,-0.061,-2.7063,6902744.1,1540568.972
512400.SH,20260312,2.271,2.25,2.284,2.228,2.254,-0.017,-0.7486,6620574.98,1492032.109
512400.SH,20260311,2.279,2.29,2.299,2.262,2.271,-0.008,-0.351,4149849.45,945084.585
512400.SH,20260310,2.257,2.272,2.289,2.259,2.279,0.022,0.9747,4500542.87,1023695.713
512400.SH,20260309,2.279,2.226,2.273,2.173,2.257,-0.022,-0.9653,9343232.07,2071183.749
512400.SH,20260306,2.326,2.292,2.319,2.245,2.279,-0.047,-2.0206,6987934.17,1595479.547
512400.SH,20260305,2.345,2.383,2.39,2.3,2.326,-0.019,-0.8102,8785819.46,2049931.601
512400.SH,20260304,2.362,2.263,2.398,2.263,2.345,-0.017,-0.7197,8870072.01,2084727.503
512400.SH,20260303,2.498,2.453,2.48,2.35,2.362,-0.136,-5.4444,13259419.1,3189432.576
512400.SH,20260302,2.41,2.482,2.5,2.371,2.498,0.088,3.6515,12623270.06,3077336.629
512400.SH,20260227,2.329,2.313,2.414,2.313,2.41,0.081,3.4779,8799912.57,2096756.782
512400.SH,20260226,2.347,2.37,2.372,2.321,2.329,-0.018,-0.7669,7593331.19,1777340.264
512400.SH,20260225,2.26,2.27,2.373,2.262,2.347,0.087,3.8496,9041771.0,2107995.723
512400.SH,20260224,2.193,2.262,2.276,2.244,2.26,0.067,3.0552,6757794.98,1527811.52
512400.SH,20260213,2.271,2.223,2.245,2.187,2.193,-0.078,-3.4346,7707055.0,1706193.078
512400.SH,20260212,2.256,2.255,2.299,2.25,2.271,0.015,0.6649,6083098.92,1385331.627
512400.SH,20260211,2.195,2.193,2.274,2.191,2.256,0.061,2.779,6241051.0,1400321.87
512400.SH,20260210,2.199,2.204,2.215,2.181,2.195,-0.004,-0.1819,4948320.27,1086863.345
512400.SH,20260209,2.153,2.203,2.216,2.175,2.199,0.046,2.1366,6092699.1,1336846.952
512400.SH,20260206,2.144,2.047,2.182,2.047,2.153,0.009,0.4198,8257875.58,1761784.76
512400.SH,20260205,2.253,2.198,2.226,2.11,2.144,-0.109,-4.838,10401399.0,2242038.212
512400.SH,20260204,2.249,2.297,2.307,2.223,2.253,0.004,0.1779,9481406.62,2138074.475
512400.SH,20260203,2.105,2.189,2.26,2.139,2.249,0.144,6.8409,18048538.76,3958825.171
512400.SH,20260202,2.339,2.105,2.22,2.105,2.105,-0.234,-10.0043,21225405.35,4587158.434
512400.SH,20260130,2.595,2.45,2.474,2.336,2.339,-0.256,-9.8651,26194639.42,6255985.703
512400.SH,20260129,2.549,2.63,2.674,2.462,2.595,0.046,1.8046,23641935.61,6086809.192
512400.SH,20260128,2.391,2.405,2.563,2.381,2.549,0.158,6.6081,16324977.15,4066148.22
512400.SH,20260127,2.414,2.386,2.451,2.341,2.391,-0.023,-0.9528,17363458.52,4154591.664
512400.SH,20260126,2.293,2.358,2.427,2.356,2.414,0.121,5.2769,12628902.4,3027127.967
512400.SH,20260123,2.236,2.266,2.308,2.245,2.293,0.057,2.5492,7835384.2,1784756.989
512400.SH,20260122,2.253,2.225,2.247,2.202,2.236,-0.017,-0.7545,8472648.79,1887714.637
512400.SH,20260121,2.184,2.184,2.255,2.177,2.253,0.069,3.1593,9744567.05,2167679.854
512400.SH,20260120,2.177,2.188,2.209,2.107,2.184,0.007,0.3215,12200104.86,2636004.994
512400.SH,20260119,2.175,2.174,2.19,2.127,2.177,0.002,0.092,10057366.43,2177613.843
512400.SH,20260116,2.206,2.206,2.249,2.163,2.175,-0.031,-1.4053,14566480.09,3207798.649
512400.SH,20260115,2.148,2.147,2.245,2.136,2.206,0.058,2.7002,14256949.86,3127162.294
512400.SH,20260114,2.141,2.157,2.2,2.131,2.148,0.007,0.327,12969038.56,2811846.782
512400.SH,20260113,2.118,2.119,2.186,2.114,2.141,0.023,1.0859,11210518.56,2408308.432
512400.SH,20260112,2.094,2.149,2.157,2.081,2.118,0.024,1.1461,10805666.95,2276867.295
512400.SH,20260109,2.032,2.013,2.101,2.012,2.094,0.062,3.0512,9183073.72,1905426.966
512400.SH,20260108,2.068,2.04,2.081,2.007,2.032,-0.036,-1.7408,10036481.07,2050661.659
512400.SH,20260107,2.06,2.08,2.103,2.046,2.068,0.008,0.3883,9295786.74,1924579.79
512400.SH,20260106,1.981,2.014,2.073,2.007,2.06,0.079,3.9879,8159779.83,1669367.215
512400.SH,20260105,1.927,1.956,1.984,1.937,1.981,0.054,2.8023,8211032.58,1614568.536
512400.SH,20251231,1.909,1.909,1.962,1.907,1.927,0.018,0.9429,6088530.75,1175517.513
512400.SH,20251230,1.878,1.816,1.921,1.816,1.909,0.031,1.6507,9679351.21,1818131.207
512400.SH,20251229,1.92,1.95,1.951,1.875,1.878,-0.042,-2.1875,12752254.92,2430104.226
512400.SH,20251226,1.847,1.873,1.932,1.873,1.92,0.073,3.9524,7819516.05,1490585.874
512400.SH,20251225,1.869,1.844,1.855,1.824,1.847,-0.022,-1.1771,4900190.83,900447.936
512400.SH,20251224,1.859,1.877,1.883,1.85,1.869,0.01,0.5379,6286544.78,1169480.269
512400.SH,20251223,1.847,1.859,1.891,1.837,1.859,0.012,0.6497,5546429.85,1031754.314
512400.SH,20251222,1.807,1.83,1.858,1.821,1.847,0.04,2.2136,4871826.51,897941.19
512400.SH,20251219,1.772,1.768,1.809,1.751,1.807,0.035,1.9752,4084973.32,730362.367
512400.SH,20251218,1.775,1.774,1.8,1.761,1.772,-0.003,-0.169,4013358.88,714714.415
512400.SH,20251217,1.715,1.726,1.784,1.726,1.775,0.06,3.4985,4403658.89,773547.691
512400.SH,20251216,1.762,1.755,1.757,1.702,1.715,-0.047,-2.6674,5907293.76,1016575.305
512400.SH,20251215,1.77,1.748,1.782,1.746,1.762,-0.008,-0.452,2947601.78,520815.849
512400.SH,20251212,1.751,1.779,1.784,1.754,1.77,0.019,1.0851,3338019.5,590750.336
512400.SH,20251211,1.764,1.781,1.793,1.749,1.751,-0.013,-0.737,3996808.24,708630.254
512400.SH,20251210,1.746,1.754,1.766,1.737,1.764,0.018,1.0309,4829043.1,846848.492
512400.SH,20251209,1.806,1.79,1.791,1.734,1.746,-0.06,-3.3223,4880436.76,856737.96
512400.SH,20251208,1.793,1.8,1.806,1.769,1.806,0.013,0.725,5673161.25,1015511.286
512400.SH,20251205,1.748,1.739,1.797,1.739,1.793,0.045,2.5744,5055597.47,898744.118
512400.SH,20251204,1.742,1.769,1.787,1.741,1.748,0.006,0.3444,3767599.41,664073.543
512400.SH,20251203,1.731,1.732,1.764,1.729,1.742,0.011,0.6355,3563313.1,621174.478
512400.SH,20251202,1.756,1.745,1.745,1.72,1.731,-0.025,-1.4237,3357507.04,580873.958
512400.SH,20251201,1.704,1.748,1.784,1.742,1.756,0.052,3.0516,5416374.72,953410.969
512400.SH,20251128,1.676,1.682,1.71,1.67,1.704,0.028,1.6706,3009898.98,510612.272
512400.SH,20251127,1.674,1.689,1.71,1.673,1.676,0.002,0.1195,2881715.79,488372.072
512400.SH,20251126,1.674,1.681,1.694,1.668,1.674,0.0,0.0,2424354.0,407303.739
512400.SH,20251125,1.638,1.657,1.684,1.648,1.674,0.036,2.1978,3568943.16,595964.751
512400.SH,20251124,1.65,1.65,1.658,1.608,1.638,-0.012,-0.7273,4300506.39,701376.21
512400.SH,20251121,1.742,1.712,1.712,1.648,1.65,-0.092,-5.2813,6447825.77,1075404.175
512400.SH,20251120,1.75,1.75,1.785,1.738,1.742,-0.008,-0.4571,4100026.9,722425.088
512400.SH,20251119,1.702,1.707,1.76,1.707,1.75,0.048,2.8202,3786973.07,655836.308
512400.SH,20251118,1.751,1.745,1.749,1.688,1.702,-0.049,-2.7984,5285790.08,905046.122
512400.SH,20251117,1.76,1.753,1.771,1.742,1.751,-0.009,-0.5114,3932586.94,689736.187
512400.SH,20251114,1.794,1.766,1.781,1.747,1.76,-0.034,-1.8952,4372860.57,773036.5
512400.SH,20251113,1.723,1.739,1.81,1.733,1.794,0.071,4.1207,7234231.53,1291354.002
512400.SH,20251112,1.722,1.715,1.75,1.696,1.723,0.001,0.0581,3562330.73,614181.093
512400.SH,20251111,1.746,1.762,1.768,1.718,1.722,-0.024,-1.3746,3425726.78,594701.376
512400.SH,20251110,1.738,1.757,1.777,1.731,1.746,0.008,0.4603,5045549.25,883618.33
512400.SH,20251107,1.728,1.724,1.749,1.711,1.738,0.01,0.5787,3421762.0,593571.644
512400.SH,20251106,1.674,1.673,1.729,1.669,1.728,0.054,3.2258,5971162.0,1020250.298
512400.SH,20251105,1.667,1.626,1.681,1.619,1.674,0.007,0.4199,6101284.2,1008808.653
512400.SH,20251104,1.719,1.705,1.716,1.651,1.667,-0.052,-3.025,3990151.18,669157.732
512400.SH,20251103,1.744,1.731,1.74,1.671,1.719,-0.025,-1.4335,6271419.79,1064766.455
512400.SH,20251031,1.784,1.776,1.785,1.742,1.744,-0.04,-2.2422,5026879.06,885472.556
512400.SH,20251030,1.764,1.754,1.808,1.746,1.784,0.02,1.1338,7639711.99,1359465.375
512400.SH,20251029,1.686,1.691,1.767,1.691,1.764,0.078,4.6263,6749167.16,1170523.259
512400.SH,20251028,1.741,1.73,1.732,1.681,1.686,-0.055,-3.1591,6937335.56,1180047.302
512400.SH,20251027,1.7,1.714,1.753,1.71,1.741,0.041,2.4118,6658490.62,1154417.386
512400.SH,20251024,1.671,1.688,1.709,1.677,1.7,0.029,1.7355,5486222.17,928793.685
512400.SH,20251023,1.652,1.642,1.676,1.619,1.671,0.019,1.1501,4725554.29,779005.382
512400.SH,20251022,1.674,1.61,1.656,1.608,1.652,-0.022,-1.3142,5748305.19,940168.386
512400.SH,20251021,1.648,1.668,1.69,1.648,1.674,0.026,1.5777,5174440.71,865684.065
512400.SH,20251020,1.671,1.658,1.673,1.636,1.648,-0.023,-1.3764,5968239.51,986476.583
512400.SH,20251017,1.704,1.726,1.745,1.666,1.671,-0.033,-1.9366,6894562.42,1172643.072
512400.SH,20251016,1.744,1.735,1.746,1.696,1.704,-0.04,-2.2936,6133966.79,1055816.489
512400.SH,20251015,1.728,1.741,1.756,1.693,1.744,0.016,0.9259,9970861.52,1722245.438
512400.SH,20251014,1.799,1.846,1.851,1.712,1.728,-0.071,-3.9466,14140099.87,2530465.125
512400.SH,20251013,1.732,1.678,1.806,1.678,1.799,0.067,3.8684,14068552.55,2457507.025
512400.SH,20251010,1.797,1.785,1.791,1.721,1.732,-0.065,-3.6171,13633463.91,2391171.597
512400.SH,20251009,1.653,1.75,1.8,1.716,1.797,0.144,8.7114,11733723.64,2060595.625
512400.SH,20250930,1.595,1.615,1.658,1.614,1.653,0.058,3.6364,7237017.53,1188432.665
512400.SH,20250929,1.532,1.551,1.596,1.533,1.595,0.063,4.1123,5921147.09,929013.07
512400.SH,20250926,1.533,1.531,1.566,1.526,1.532,-0.001,-0.0652,4718503.22,728550.439
512400.SH,20250925,1.503,1.529,1.548,1.518,1.533,0.03,1.996,6344502.02,974204.643
512400.SH,20250924,1.483,1.474,1.504,1.473,1.503,0.02,1.3486,4307502.92,642457.64
512400.SH,20250923,1.497,1.497,1.519,1.459,1.483,-0.014,-0.9352,5303340.81,789934.411
512400.SH,20250922,1.483,1.498,1.504,1.467,1.497,0.014,0.944,3587704.43,532385.391
512400.SH,20250919,1.464,1.46,1.495,1.46,1.483,0.019,1.2978,4510147.2,667891.624
512400.SH,20250918,1.518,1.499,1.5,1.444,1.464,-0.054,-3.5573,7740817.51,1145287.512
512400.SH,20250917,1.515,1.502,1.52,1.488,1.518,0.003,0.198,5302238.36,797713.416
512400.SH,20250916,1.535,1.551,1.556,1.481,1.515,-0.02,-1.3029,8417420.38,1269653.573
512400.SH,20250915,1.547,1.549,1.559,1.531,1.535,-0.012,-0.7757,4640556.24,716447.086
512400.SH,20250912,1.524,1.538,1.578,1.533,1.562,0.038,2.4934,6543397.0,1018166.047
512400.SH,20250911,1.5,1.495,1.525,1.49,1.524,0.024,1.6,3681220.53,556123.556
512400.SH,20250910,1.515,1.494,1.515,1.475,1.5,-0.015,-0.9901,4821340.34,721488.606
512400.SH,20250909,1.504,1.505,1.549,1.499,1.515,0.011,0.7314,6003637.59,915778.243
512400.SH,20250908,1.507,1.538,1.538,1.491,1.504,-0.003,-0.1991,4584083.33,690756.134
512400.SH,20250905,1.444,1.431,1.508,1.431,1.507,0.063,4.3629,4921927.07,727484.743
512400.SH,20250904,1.506,1.5,1.517,1.414,1.444,-0.062,-4.1169,7026244.72,1026054.87
512400.SH,20250903,1.511,1.533,1.545,1.483,1.506,-0.005,-0.3309,5123351.92,775490.695
512400.SH,20250902,1.533,1.543,1.555,1.499,1.511,-0.022,-1.4351,8231338.33,1252318.553
512400.SH,20250901,1.486,1.516,1.534,1.473,1.533,0.047,3.1629,6235502.25,942237.645
512400.SH,20250829,1.443,1.445,1.492,1.445,1.486,0.043,2.9799,3241224.87,477320.213
512400.SH,20250828,1.417,1.415,1.444,1.402,1.443,0.026,1.8349,4605921.02,657351.475
512400.SH,20250827,1.427,1.435,1.452,1.414,1.417,-0.01,-0.7008,4752315.57,680821.262
512400.SH,20250826,1.446,1.441,1.444,1.414,1.427,-0.019,-1.314,4649322.26,663298.214
512400.SH,20250825,1.368,1.4,1.45,1.392,1.446,0.078,5.7018,5763972.48,818886.819
512400.SH,20250822,1.351,1.347,1.374,1.347,1.368,0.017,1.2583,2427555.66,331068.149
512400.SH,20250821,1.356,1.355,1.377,1.343,1.351,-0.005,-0.3687,2474703.25,335870.132
512400.SH,20250820,1.344,1.334,1.368,1.332,1.356,0.012,0.8929,1726531.35,233172.099
512400.SH,20250819,1.352,1.349,1.365,1.338,1.344,-0.008,-0.5917,3463037.96,467626.718
512400.SH,20250818,1.346,1.352,1.368,1.332,1.352,0.006,0.4458,3907658.9,528215.552
512400.SH,20250815,1.32,1.308,1.349,1.303,1.346,0.026,1.9697,2655044.0,353661.408
512400.SH,20250814,1.327,1.327,1.334,1.311,1.32,-0.007,-0.5275,2886845.0,381355.461
512400.SH,20250813,1.299,1.296,1.327,1.296,1.327,0.028,2.1555,2834567.0,372357.445
512400.SH,20250812,1.305,1.297,1.303,1.286,1.299,-0.006,-0.4598,1755773.08,227418.691
512400.SH,20250811,1.297,1.307,1.31,1.291,1.305,0.008,0.6168,2290729.48,297917.575
512400.SH,20250808,1.281,1.281,1.305,1.274,1.297,0.016,1.249,3017029.0,389886.788
512400.SH,20250807,1.264,1.269,1.282,1.245,1.281,0.017,1.3449,2990398.0,377798.368
512400.SH,20250806,1.25,1.25,1.267,1.248,1.264,0.014,1.12,2341187.7,294870.856
512400.SH,20250805,1.245,1.248,1.254,1.242,1.25,0.005,0.4016,2505805.0,312663.959
512400.SH,20250804,1.224,1.222,1.245,1.222,1.245,0.021,1.7157,1837051.97,227378.778
512400.SH,20250801,1.229,1.225,1.232,1.22,1.224,-0.005,-0.4068,1528971.94,187507.559
512400.SH,20250731,1.271,1.251,1.254,1.222,1.229,-0.042,-3.3045,3629593.0,448300.772
512400.SH,20250730,1.279,1.282,1.286,1.258,1.271,-0.008,-0.6255,2295532.0,292762.47
512400.SH,20250729,1.282,1.27,1.284,1.267,1.279,-0.003,-0.234,2237047.11,285319.129
512400.SH,20250728,1.288,1.274,1.285,1.259,1.282,-0.006,-0.4658,2214910.42,282036.983
512400.SH,20250725,1.288,1.282,1.294,1.279,1.288,0.0,0.0,2259572.89,290406.949
512400.SH,20250724,1.247,1.239,1.298,1.237,1.288,0.041,3.2879,4259648.0,541195.814
512400.SH,20250723,1.252,1.262,1.266,1.244,1.247,-0.005,-0.3994,4410959.9,553101.95
512400.SH,20250722,1.223,1.226,1.252,1.222,1.252,0.029,2.3712,2721028.0,336978.914
512400.SH,20250721,1.189,1.195,1.224,1.191,1.223,0.034,2.8595,3765578.95,457560.837
512400.SH,20250718,1.16,1.163,1.196,1.162,1.189,0.029,2.5,2065674.0,244223.794
512400.SH,20250717,1.156,1.156,1.162,1.149,1.16,0.004,0.346,1018585.0,117768.234
512400.SH,20250716,1.159,1.157,1.164,1.15,1.156,-0.003,-0.2588,1557279.41,179919.29
512400.SH,20250715,1.173,1.167,1.174,1.15,1.159,-0.014,-1.1935,2675276.79,310231.312
512400.SH,20250714,1.168,1.177,1.189,1.171,1.173,0.005,0.4281,2299047.13,271096.217
512400.SH,20250711,1.146,1.153,1.185,1.151,1.168,0.022,1.9197,3220839.46,375196.376
512400.SH,20250710,1.13,1.135,1.149,1.135,1.146,0.016,1.4159,1592380.84,181700.961
512400.SH,20250709,1.152,1.157,1.162,1.126,1.13,-0.022,-1.9097,3042508.92,346677.453
512400.SH,20250708,1.14,1.14,1.157,1.14,1.152,0.012,1.0526,2395083.76,275882.285
512400.SH,20250707,1.149,1.145,1.148,1.139,1.14,-0.009,-0.7833,1655950.5,189139.391
512400.SH,20250704,1.166,1.159,1.163,1.146,1.149,-0.017,-1.458,3124597.5,359486.941
512400.SH,20250703,1.164,1.169,1.172,1.158,1.166,0.002,0.1718,1991813.0,231927.716
512400.SH,20250702,1.155,1.152,1.173,1.148,1.164,0.009,0.7792,3330428.0,387278.037
512400.SH,20250701,1.139,1.139,1.155,1.128,1.155,0.016,1.4047,1636250.0,187015.066
512400.SH,20250630,1.138,1.14,1.14,1.128,1.139,0.001,0.0879,2743251.66,311483.658
512400.SH,20250627,1.116,1.126,1.15,1.122,1.138,0.022,1.9713,2904673.9,330808.499
512400.SH,20250626,1.111,1.11,1.127,1.106,1.116,0.005,0.45,1288245.53,143709.703
512400.SH,20250625,1.103,1.106,1.111,1.098,1.111,0.008,0.7253,986715.09,109014.045
512400.SH,20250624,1.097,1.097,1.111,1.092,1.103,0.006,0.5469,677898.26,74773.727
512400.SH,20250623,1.087,1.086,1.098,1.086,1.097,0.01,0.92,752257.13,82309.383
512400.SH,20250620,1.091,1.09,1.096,1.085,1.087,-0.004,-0.3666,587121.16,64002.006
512400.SH,20250619,1.11,1.103,1.109,1.088,1.091,-0.019,-1.7117,879362.88,96385.303
512400.SH,20250618,1.112,1.114,1.115,1.099,1.11,-0.002,-0.1799,679759.24,75222.122
512400.SH,20250617,1.112,1.109,1.119,1.108,1.112,0.0,0.0,781346.32,87028.566
512400.SH,20250616,1.116,1.116,1.124,1.107,1.112,-0.004,-0.3584,1481700.65,165444.066
512400.SH,20250613,1.117,1.121,1.126,1.111,1.116,-0.001,-0.0895,1246013.0,139268.567
512400.SH,20250612,1.105,1.105,1.119,1.098,1.117,0.012,1.086,1430533.0,159132.243
512400.SH,20250611,1.083,1.083,1.109,1.081,1.105,0.022,2.0314,1413729.83,155591.7
512400.SH,20250610,1.082,1.08,1.088,1.075,1.083,0.001,0.0924,878724.21,95033.76
512400.SH,20250609,1.079,1.074,1.084,1.067,1.082,0.003,0.278,1283209.9,138195.569
512400.SH,20250606,1.066,1.069,1.083,1.069,1.079,0.013,1.2195,1292178.84,139487.557
512400.SH,20250605,1.07,1.071,1.077,1.065,1.066,-0.004,-0.3738,1521226.76,162517.261
512400.SH,20250604,1.057,1.055,1.075,1.055,1.07,0.013,1.2299,863020.89,92324.618
512400.SH,20250603,1.044,1.053,1.063,1.052,1.057,0.013,1.2452,540674.0,57156.614
512400.SH,20250530,1.052,1.052,1.052,1.04,1.044,-0.008,-0.7605,582107.47,60803.338
512400.SH,20250529,1.047,1.042,1.055,1.039,1.052,0.005,0.4776,446432.0,46874.236
512400.SH,20250528,1.048,1.044,1.052,1.044,1.047,-0.001,-0.0954,331585.0,34740.889
512400.SH,20250527,1.069,1.065,1.068,1.042,1.048,-0.021,-1.9645,1349864.0,141783.323
512400.SH,20250526,1.069,1.064,1.078,1.063,1.069,0.0,0.0,1195611.72,127966.888
512400.SH,20250523,1.068,1.066,1.076,1.064,1.069,0.001,0.0936,584159.5,62539.014
512400.SH,20250522,1.078,1.075,1.078,1.066,1.068,-0.01,-0.9276,541464.0,57980.154
512400.SH,20250521,1.055,1.06,1.078,1.058,1.078,0.023,2.1801,1244464.69,133213.29
512400.SH,20250520,1.051,1.05,1.057,1.049,1.055,0.004,0.3806,342493.27,36095.458
512400.SH,20250519,1.055,1.055,1.057,1.045,1.051,-0.004,-0.3791,398505.0,41811.042
512400.SH,20250516,1.057,1.057,1.063,1.051,1.055,-0.002,-0.1892,1072267.0,113099.548
512400.SH,20250515,1.07,1.067,1.068,1.052,1.057,-0.013,-1.215,536751.0,56918.044
512400.SH,20250514,1.062,1.061,1.07,1.057,1.07,0.008,0.7533,851571.0,90792.887
512400.SH,20250513,1.058,1.058,1.064,1.054,1.062,0.004,0.3781,806356.47,85417.097
512400.SH,20250512,1.049,1.049,1.059,1.042,1.058,0.009,0.858,1393174.0,147012.945
512400.SH,20250509,1.052,1.048,1.052,1.042,1.049,-0.003,-0.2852,574162.97,60105.238
512400.SH,20250508,1.06,1.056,1.059,1.047,1.052,-0.008,-0.7547,739448.0,77927.749
512400.SH,20250507,1.057,1.061,1.065,1.052,1.06,0.003,0.2838,758957.0,80338.569
512400.SH,20250506,1.032,1.041,1.057,1.041,1.057,0.025,2.4225,1102502.0,116051.718
512400.SH,20250430,1.034,1.034,1.039,1.03,1.032,-0.002,-0.1934,370515.0,38336.06
512400.SH,20250429,1.036,1.033,1.039,1.031,1.034,-0.002,-0.1931,450359.0,46607.831
512400.SH,20250428,1.04,1.038,1.04,1.031,1.036,-0.004,-0.3846,563856.75,58411.541
512400.SH,20250425,1.038,1.041,1.052,1.038,1.04,0.002,0.1927,640131.04,66915.798
512400.SH,20250424,1.045,1.049,1.056,1.037,1.038,-0.007,-0.6699,804693.0,84225.443
512400.SH,20250423,1.06,1.052,1.057,1.041,1.045,-0.015,-1.4151,1042855.0,109284.696
512400.SH,20250422,1.065,1.066,1.071,1.057,1.06,-0.005,-0.4695,1007700.0,107207.517
512400.SH,20250421,1.026,1.03,1.066,1.03,1.065,0.039,3.8012,1799443.0,189560.595
512400.SH,20250418,1.029,1.022,1.028,1.014,1.026,-0.003,-0.2915,493553.43,50377.231
512400.SH,20250417,1.034,1.04,1.051,1.026,1.029,-0.005,-0.4836,959703.12,99324.229
512400.SH,20250416,1.035,1.043,1.043,1.019,1.034,-0.001,-0.0966,680806.0,70088.601
512400.SH,20250415,1.043,1.04,1.041,1.027,1.035,-0.008,-0.767,803293.0,83068.132
512400.SH,20250414,1.018,1.023,1.053,1.023,1.043,0.025,2.4558,1486737.0,154821.834
512400.SH,20250411,1.01,1.015,1.025,1.012,1.018,0.008,0.7921,948872.0,96689.414
512400.SH,20250410,0.973,0.995,1.022,0.99,1.01,0.037,3.8027,2491458.89,251172.958
512400.SH,20250409,0.961,0.95,0.977,0.924,0.973,0.012,1.2487,1457682.28,138477.916
512400.SH,20250408,0.948,0.958,0.962,0.938,0.961,0.013,1.3713,2611825.0,248141.301
512400.SH,20250407,1.053,0.983,0.989,0.948,0.948,-0.105,-9.9715,4255870.0,413092.277
512400.SH,20250403,1.069,1.066,1.07,1.051,1.053,-0.016,-1.4967,3365377.99,355365.08
512400.SH,20250402,1.08,1.076,1.084,1.067,1.069,-0.011,-1.0185,1089162.1,116997.614
512400.SH,20250401,1.077,1.079,1.089,1.075,1.08,0.003,0.2786,2472502.99,267531.825
512400.SH,20250331,1.086,1.083,1.087,1.066,1.077,-0.009,-0.8287,1448078.26,155927.821
512400.SH,20250328,1.086,1.088,1.093,1.075,1.086,0.0,0.0,2803931.92,303437.679
512400.SH,20250327,1.097,1.087,1.094,1.078,1.086,-0.011,-1.0027,1491434.0,162050.263
512400.SH,20250326,1.104,1.112,1.126,1.095,1.097,-0.007,-0.6341,2102669.0,233436.599
512400.SH,20250325,1.102,1.102,1.111,1.093,1.104,0.002,0.1815,2627119.59,290054.638
512400.SH,20250324,1.081,1.081,1.105,1.077,1.102,0.021,1.9426,2164731.0,236952.594
512400.SH,20250321,1.107,1.104,1.109,1.077,1.081,-0.026,-2.3487,2451013.0,267934.405
512400.SH,20250320,1.11,1.118,1.122,1.106,1.107,-0.003,-0.2703,2349250.81,261910.282
512400.SH,20250319,1.111,1.11,1.112,1.099,1.11,-0.001,-0.09,4014322.81,443885.713
512400.SH,20250318,1.096,1.096,1.121,1.096,1.111,0.015,1.3686,1760585.0,195703.655
512400.SH,20250317,1.106,1.107,1.109,1.094,1.096,-0.01,-0.9042,1813748.0,199571.742
512400.SH,20250314,1.093,1.115,1.125,1.099,1.106,0.013,1.1894,4139964.0,458243.895
512400.SH,20250313,1.086,1.09,1.1,1.082,1.093,0.007,0.6446,2843581.8,309969.951
512400.SH,20250312,1.086,1.09,1.095,1.08,1.086,0.0,0.0,2978521.0,323773.863
512400.SH,20250311,1.08,1.065,1.088,1.061,1.086,0.006,0.5556,2455239.0,263102.039
512400.SH,20250310,1.068,1.077,1.082,1.065,1.08,0.012,1.1236,2855487.75,307150.873
512400.SH,20250307,1.054,1.051,1.079,1.051,1.068,0.014,1.3283,2871897.75,307453.142
512400.SH,20250306,1.04,1.043,1.055,1.043,1.054,0.014,1.3462,2273588.0,238923.835
512400.SH,20250305,1.03,1.028,1.041,1.018,1.04,0.01,0.9709,1807212.0,186236.549
512400.SH,20250304,1.027,1.027,1.032,1.015,1.03,0.003,0.2921,2286328.0,234587.523
512400.SH,20250303,1.0,1.007,1.036,1.007,1.027,0.027,2.7,2972719.0,305050.848
512400.SH,20250228,1.018,1.016,1.017,1.0,1.0,-0.018,-1.7682,2473278.0,249165.856
512400.SH,20250227,1.023,1.022,1.024,1.008,1.018,-0.005,-0.4888,1379325.0,140043.418
512400.SH,20250226,1.017,1.017,1.03,1.016,1.023,0.006,0.59,1151208.0,117663.273
512400.SH,20250225,1.03,1.026,1.034,1.016,1.017,-0.013,-1.2621,1381401.0,141684.091
512400.SH,20250224,1.031,1.028,1.032,1.022,1.03,-0.001,-0.097,1302894.0,133864.056
512400.SH,20250221,1.035,1.035,1.044,1.028,1.031,-0.004,-0.3865,1424762.0,147422.04
512400.SH,20250220,1.03,1.028,1.036,1.026,1.035,0.005,0.4854,1304987.0,134697.213
512400.SH,20250219,1.021,1.023,1.03,1.02,1.03,0.009,0.8815,1113334.9,114223.008
512400.SH,20250218,1.03,1.029,1.034,1.018,1.021,-0.009,-0.8738,1225258.0,125723.946
512400.SH,20250217,1.055,1.046,1.046,1.026,1.03,-0.025,-2.3697,2627236.0,270951.467
512400.SH,20250214,1.047,1.05,1.058,1.046,1.055,0.008,0.7641,5000346.0,526996.584
512400.SH,20250213,1.054,1.051,1.061,1.046,1.047,-0.007,-0.6641,2201906.0,231881.389
512400.SH,20250212,1.06,1.055,1.056,1.04,1.054,-0.006,-0.566,2104820.0,220750.534
512400.SH,20250211,1.06,1.062,1.074,1.058,1.06,0.0,0.0,1897571.0,201867.188
512400.SH,20250210,1.058,1.059,1.065,1.053,1.06,0.002,0.189,2095183.19,221861.237
512400.SH,20250207,1.045,1.043,1.062,1.036,1.058,0.013,1.244,3944688.99,414626.187
512400.SH,20250206,1.032,1.034,1.045,1.029,1.045,0.013,1.2597,1334282.0,138388.356
512400.SH,20250205,1.02,1.029,1.036,1.024,1.032,0.012,1.1765,1230509.0,126738.795
512400.SH,20250127,1.024,1.023,1.032,1.018,1.02,-0.004,-0.3906,815978.0,83625.688
512400.SH,20250124,1.014,1.012,1.025,1.008,1.024,0.01,0.9862,1133054.0,115355.164
512400.SH,20250123,1.021,1.023,1.036,1.013,1.014,-0.007,-0.6856,1035856.99,106081.611
512400.SH,20250122,1.021,1.021,1.024,1.013,1.021,0.0,0.0,1002968.0,102296.523
512400.SH,20250121,1.027,1.027,1.029,1.012,1.021,-0.006,-0.5842,1395473.12,142428.249
512400.SH,20250120,1.037,1.036,1.037,1.024,1.027,-0.01,-0.9643,2226816.72,229114.753
512400.SH,20250117,1.032,1.032,1.039,1.028,1.037,0.005,0.4845,1159800.0,119963.768
512400.SH,20250116,1.014,1.02,1.036,1.018,1.032,0.018,1.7751,3116270.19,320700.277
512400.SH,20250115,1.025,1.02,1.026,1.005,1.014,-0.011,-1.0732,1821652.0,184664.733
512400.SH,20250114,1.01,1.009,1.025,0.999,1.025,0.015,1.4851,2530194.0,256979.352
512400.SH,20250113,0.987,0.982,1.016,0.979,1.01,0.023,2.3303,3186695.98,320347.522
512400.SH,20250110,0.991,0.991,1.005,0.985,0.987,-0.004,-0.4036,1520947.0,151239.326
512400.SH,20250109,0.984,0.981,0.993,0.978,0.991,0.007,0.7114,1395577.0,137958.656
512400.SH,20250108,1.0,0.999,0.999,0.969,0.984,-0.016,-1.6,1726189.0,169463.401
512400.SH,20250107,0.981,0.981,1.0,0.972,1.0,0.019,1.9368,1724958.0,171110.373
512400.SH,20250106,0.972,0.972,0.996,0.965,0.981,0.009,0.9259,2954617.0,290497.482
512400.SH,20250103,0.963,0.964,0.995,0.964,0.972,0.009,0.9346,1934381.0,189830.395
512400.SH,20250102,0.973,0.972,0.985,0.957,0.963,-0.01,-1.0277,1479495.0,143907.016
512400.SH,20241231,0.996,0.996,0.997,0.972,0.973,-0.023,-2.3092,1765141.0,173191.077
512400.SH,20241230,0.993,0.993,0.999,0.99,0.996,0.003,0.3021,973435.0,96874.071
512400.SH,20241227,0.998,0.994,1.002,0.991,0.993,-0.005,-0.501,1235146.0,123112.535
512400.SH,20241226,0.994,0.996,1.002,0.994,0.998,0.004,0.4024,731351.0,72994.355
512400.SH,20241225,1.004,1.004,1.004,0.988,0.994,-0.01,-0.996,1405272.0,139689.165
512400.SH,20241224,0.996,0.997,1.005,0.992,1.004,0.008,0.8032,2589440.0,258340.27
512400.SH,20241223,0.999,0.998,1.005,0.993,0.996,-0.003,-0.3003,1291200.0,129100.8
512400.SH,20241220,1.005,1.0,1.005,0.996,0.999,-0.006,-0.597,1086654.0,108694.621
512400.SH,20241219,1.009,1.003,1.006,0.988,1.005,-0.004,-0.3964,1028083.0,102600.431
512400.SH,20241218,1.014,1.015,1.019,1.007,1.009,-0.005,-0.4931,1083969.0,109841.228
512400.SH,20241217,1.021,1.02,1.025,1.012,1.014,-0.007,-0.6856,756223.0,76971.222
512400.SH,20241216,1.037,1.036,1.037,1.016,1.021,-0.016,-1.5429,1058922.0,108461.224
512400.SH,20241213,1.067,1.06,1.06,1.035,1.037,-0.03,-2.8116,1298070.0,135334.856
512400.SH,20241212,1.061,1.061,1.069,1.057,1.067,0.006,0.5655,1149043.0,122249.54
512400.SH,20241211,1.048,1.049,1.069,1.046,1.061,0.013,1.2405,1332497.0,141181.071
512400.SH,20241210,1.043,1.07,1.076,1.045,1.048,0.005,0.4794,1917237.0,203240.772
512400.SH,20241209,1.044,1.042,1.055,1.039,1.043,-0.001,-0.0958,1361676.0,142454.156
512400.SH,20241206,1.034,1.03,1.046,1.026,1.044,0.01,0.9671,1871537.0,194096.324
512400.SH,20241205,1.041,1.04,1.04,1.028,1.034,-0.007,-0.6724,849801.0,87764.449
512400.SH,20241204,1.04,1.047,1.052,1.039,1.041,0.001,0.0962,1471559.0,153831.965
512400.SH,20241203,1.041,1.04,1.042,1.031,1.04,-0.001,-0.0961,1641325.99,170311.526
512400.SH,20241202,1.031,1.032,1.043,1.029,1.041,0.01,0.9699,1232265.0,127690.114
512400.SH,20241129,1.019,1.017,1.038,1.011,1.031,0.012,1.1776,1108486.0,113770.131
512400.SH,20241128,1.034,1.034,1.034,1.017,1.019,-0.015,-1.4507,940520.0,96324.688
512400.SH,20241127,1.023,1.023,1.034,1.001,1.034,0.011,1.0753,1446829.48,146986.918
512400.SH,20241126,1.038,1.034,1.037,1.021,1.023,-0.015,-1.4451,825595.0,84987.264
512400.SH,20241125,1.042,1.046,1.058,1.027,1.038,-0.004,-0.3839,1095997.0,114298.66
512400.SH,20241122,1.07,1.068,1.072,1.04,1.042,-0.028,-2.6168,1014763.0,107093.414
512400.SH,20241121,1.068,1.065,1.072,1.058,1.07,0.002,0.1873,1986621.0,211623.495
512400.SH,20241120,1.062,1.063,1.072,1.057,1.068,0.006,0.565,2111852.0,224773.596
512400.SH,20241119,1.027,1.031,1.064,1.029,1.062,0.035,3.408,1944378.0,203373.129
512400.SH,20241118,1.046,1.043,1.05,1.02,1.027,-0.019,-1.8164,1976319.0,204646.09
512400.SH,20241115,1.064,1.059,1.074,1.045,1.046,-0.018,-1.6917,1777580.35,188597.837
512400.SH,20241114,1.1,1.094,1.099,1.061,1.064,-0.036,-3.2727,2275366.0,245225.697
512400.SH,20241113,1.091,1.088,1.111,1.084,1.1,0.009,0.8249,1974523.0,216730.525
512400.SH,20241112,1.107,1.1,1.127,1.082,1.091,-0.016,-1.4453,2470626.0,273761.4
512400.SH,20241111,1.104,1.089,1.108,1.083,1.107,0.003,0.2717,2478696.0,271686.643
512400.SH,20241108,1.118,1.137,1.142,1.101,1.104,-0.014,-1.2522,4057385.0,454978.171
512400.SH,20241107,1.12,1.099,1.118,1.083,1.118,-0.002,-0.1786,3788432.62,418093.846
512400.SH,20241106,1.11,1.112,1.138,1.105,1.12,0.01,0.9009,4100063.0,460779.456
512400.SH,20241105,1.076,1.07,1.115,1.066,1.11,0.034,3.1599,4098897.0,447829.727
512400.SH,20241104,1.075,1.084,1.086,1.057,1.076,0.001,0.093,2780189.8,296766.082
512400.SH,20241101,1.036,1.033,1.096,1.03,1.075,0.039,3.7645,4542731.0,487796.82
512400.SH,20241031,1.04,1.038,1.046,1.029,1.036,-0.004,-0.3846,1355588.0,140611.161
512400.SH,20241030,1.052,1.047,1.057,1.03,1.04,-0.012,-1.1407,1664244.0,173285.352
512400.SH,20241029,1.069,1.071,1.071,1.049,1.052,-0.017,-1.5903,2312522.0,244878.722
512400.SH,20241028,1.059,1.061,1.069,1.054,1.069,0.01,0.9443,1769152.0,187951.817
512400.SH,20241025,1.055,1.052,1.072,1.046,1.059,0.004,0.3791,1909293.0,201845.799
512400.SH,20241024,1.07,1.058,1.06,1.042,1.055,-0.015,-1.4019,1776221.0,186611.386
512400.SH,20241023,1.068,1.074,1.08,1.055,1.07,0.002,0.1873,2878004.0,307343.356
512400.SH,20241022,1.061,1.059,1.07,1.049,1.068,0.007,0.6598,2415729.0,256266.917
512400.SH,20241021,1.036,1.043,1.072,1.041,1.061,0.025,2.4131,2806914.0,296892.088
512400.SH,20241018,1.011,1.009,1.052,1.009,1.036,0.025,2.4728,2840495.0,292696.891
512400.SH,20241017,1.027,1.03,1.037,1.01,1.011,-0.016,-1.5579,1425961.0,145815.77
512400.SH,20241016,1.018,1.01,1.034,1.006,1.027,0.009,0.8841,2674864.48,273575.655
512400.SH,20241015,1.054,1.043,1.049,1.017,1.018,-0.036,-3.4156,1994287.0,206071.872
512400.SH,20241014,1.023,1.027,1.058,1.025,1.054,0.031,3.0303,2344686.0,244670.591
512400.SH,20241011,1.046,1.051,1.051,1.012,1.023,-0.023,-2.1989,2393353.0,246480.736
512400.SH,20241010,1.029,1.023,1.073,1.018,1.046,0.017,1.6521,4128044.0,431529.872
512400.SH,20241009,1.143,1.095,1.095,1.029,1.029,-0.114,-9.9738,4521909.15,477860.75
512400.SH,20241008,1.118,1.23,1.23,1.067,1.143,0.025,2.2361,10113322.0,1158461.816
512400.SH,20240930,1.023,1.08,1.122,1.035,1.118,0.095,9.2864,4999804.0,541545.076
512400.SH,20240927,0.979,0.996,1.027,0.99,1.023,0.044,4.4944,907945.0,91578.449
512400.SH,20240926,0.942,0.94,0.979,0.939,0.979,0.037,3.9278,1878785.0,179042.263
512400.SH,20240925,0.933,0.945,0.969,0.941,0.942,0.009,0.9646,2043304.0,195115.389
512400.SH,20240924,0.897,0.901,0.933,0.901,0.933,0.036,4.0134,1520494.0,139462.817
512400.SH,20240923,0.898,0.893,0.908,0.893,0.897,-0.001,-0.1114,1315073.0,118273.494
512400.SH,20240920,0.887,0.885,0.898,0.879,0.898,0.011,1.2401,1294999.0,115287.624
512400.SH,20240919,0.86,0.86,0.887,0.849,0.887,0.027,3.1395,1897553.0,165679.202
512400.SH,20240918,0.853,0.856,0.864,0.846,0.86,0.007,0.8206,1017906.0,87185.669
512400.SH,20240913,0.866,0.874,0.88,0.862,0.863,-0.003,-0.3464,892982.0,77808.425
512400.SH,20240912,0.867,0.869,0.877,0.863,0.866,-0.001,-0.1153,1317915.0,114453.782
512400.SH,20240911,0.858,0.855,0.868,0.855,0.867,0.009,1.049,906922.8,78202.806
512400.SH,20240910,0.862,0.862,0.864,0.846,0.858,-0.004,-0.464,1018789.0,87054.998
512400.SH,20240909,0.877,0.871,0.871,0.854,0.862,-0.015,-1.7104,1528002.82,131430.271
512400.SH,20240906,0.882,0.882,0.886,0.875,0.877,-0.005,-0.5669,870535.0,76573.683
512400.SH,20240905,0.882,0.882,0.896,0.877,0.882,0.0,0.0,1691840.0,149462.952
512400.SH,20240904,0.903,0.895,0.895,0.88,0.882,-0.021,-2.3256,1219792.3,108082.66
512400.SH,20240903,0.9,0.897,0.911,0.893,0.903,0.003,0.3333,971688.0,87802.865
512400.SH,20240902,0.921,0.916,0.916,0.897,0.9,-0.021,-2.2801,1425950.0,128781.204
512400.SH,20240830,0.915,0.914,0.931,0.909,0.921,0.006,0.6557,1685121.0,155035.997
512400.SH,20240829,0.908,0.901,0.92,0.897,0.915,0.007,0.7709,940321.0,85721.155
512400.SH,20240828,0.916,0.912,0.925,0.904,0.908,-0.008,-0.8734,1193066.0,108932.718
512400.SH,20240827,0.929,0.925,0.925,0.909,0.916,-0.013,-1.3994,863297.0,79114.543
512400.SH,20240826,0.917,0.925,0.929,0.918,0.929,0.012,1.3086,869977.0,80493.316
512400.SH,20240823,0.92,0.914,0.92,0.909,0.917,-0.003,-0.3261,769627.0,70423.975
512400.SH,20240822,0.933,0.933,0.934,0.919,0.92,-0.013,-1.3934,864022.0,79902.052
512400.SH,20240821,0.923,0.921,0.936,0.917,0.933,0.01,1.0834,1996449.0,186108.715
512400.SH,20240820,0.934,0.934,0.941,0.919,0.923,-0.011,-1.1777,1913419.0,177391.198
512400.SH,20240819,0.919,0.921,0.943,0.92,0.934,0.015,1.6322,1574633.0,147351.279
512400.SH,20240816,0.918,0.926,0.931,0.915,0.919,0.001,0.1089,1185928.0,109445.441
512400.SH,20240815,0.909,0.906,0.922,0.902,0.918,0.009,0.9901,1117433.0,102101.881
512400.SH,20240814,0.922,0.919,0.924,0.908,0.909,-0.013,-1.41,1123076.0,102615.959
512400.SH,20240813,0.918,0.925,0.926,0.913,0.922,0.004,0.4357,988251.76,90801.782
512400.SH,20240812,0.918,0.916,0.921,0.912,0.918,0.0,0.0,826596.0,75685.992
512400.SH,20240809,0.913,0.921,0.932,0.917,0.918,0.005,0.5476,1329301.0,123009.659
512400.SH,20240808,0.922,0.917,0.918,0.904,0.913,-0.009,-0.9761,1057392.0,96376.388
512400.SH,20240807,0.919,0.919,0.929,0.91,0.922,0.003,0.3264,1350423.0,124208.142
512400.SH,20240806,0.919,0.922,0.93,0.91,0.919,0.0,0.0,956806.0,87915.021
512400.SH,20240805,0.942,0.932,0.944,0.919,0.919,-0.023,-2.4416,1203964.97,112152.493
512400.SH,20240802,0.958,0.943,0.949,0.938,0.942,-0.016,-1.6701,908604.0,85651.514
512400.SH,20240801,0.961,0.97,0.976,0.953,0.958,-0.003,-0.3122,1353683.0,130577.554
512400.SH,20240731,0.925,0.928,0.961,0.927,0.961,0.036,3.8919,1696845.8,160955.114
512400.SH,20240730,0.933,0.928,0.929,0.916,0.925,-0.008,-0.8574,1211388.0,111503.62
512400.SH,20240729,0.935,0.938,0.944,0.93,0.933,-0.002,-0.2139,1050984.8,98348.17
512400.SH,20240726,0.913,0.913,0.941,0.913,0.935,0.022,2.4096,1927606.0,179865.953
512400.SH,20240725,0.936,0.925,0.928,0.91,0.913,-0.023,-2.4573,1580831.0,145037.038
512400.SH,20240724,0.944,0.941,0.948,0.932,0.936,-0.008,-0.8475,1453422.0,136431.332
512400.SH,20240723,0.99,0.987,0.994,0.943,0.944,-0.046,-4.6465,2005425.0,192991.577
512400.SH,20240722,1.002,0.994,0.998,0.982,0.99,-0.012,-1.1976,1226168.0,121384.736
512400.SH,20240719,1.019,1.003,1.005,0.978,1.002,-0.017,-1.6683,1711976.0,170198.031
512400.SH,20240718,1.02,1.012,1.02,0.997,1.019,-0.001,-0.098,2014743.0,202962.867
512400.SH,20240717,1.047,1.052,1.054,1.018,1.02,-0.027,-2.5788,2002973.0,206220.963
512400.SH,20240716,1.038,1.036,1.05,1.032,1.047,0.009,0.8671,1367568.0,142749.969
512400.SH,20240715,1.031,1.028,1.048,1.023,1.038,0.007,0.679,1655659.31,172044.155
512400.SH,20240712,1.05,1.056,1.057,1.025,1.031,-0.019,-1.8095,2432497.31,251604.758
512400.SH,20240711,1.012,1.02,1.054,1.015,1.05,0.038,3.7549,2744563.39,285792.113
512400.SH,20240710,1.027,1.026,1.04,1.008,1.012,-0.015,-1.4606,1833539.0,188033.04
512400.SH,20240709,1.006,1.003,1.03,1.002,1.027,0.021,2.0875,1954309.52,198858.225
512400.SH,20240708,1.017,1.016,1.023,1.005,1.006,-0.011,-1.0816,1427812.94,144838.917
512400.SH,20240705,0.991,0.99,1.018,0.982,1.017,0.026,2.6236,1987526.6,199649.516
512400.SH,20240704,0.998,1.006,1.014,0.99,0.991,-0.007,-0.7014,1479078.0,148623.864
512400.SH,20240703,0.998,0.997,1.001,0.99,0.998,0.0,0.0,1084165.0,107846.707
512400.SH,20240702,1.01,1.01,1.011,0.994,0.998,-0.012,-1.1881,1064898.0,106496.397
512400.SH,20240701,0.987,0.995,1.013,0.987,1.01,0.023,2.3303,1602251.16,160760.506
512400.SH,20240628,0.968,0.967,0.995,0.967,0.987,0.019,1.9628,1493100.0,146892.941
512400.SH,20240627,0.991,0.983,0.988,0.967,0.968,-0.023,-2.3209,1177421.0,114859.091
512400.SH,20240626,0.981,0.976,0.992,0.964,0.991,0.01,1.0194,1860058.0,181159.125
512400.SH,20240625,0.98,0.98,0.992,0.975,0.981,0.001,0.102,1339785.0,131323.104
512400.SH,20240624,1.002,0.987,0.992,0.976,0.98,-0.022,-2.1956,1220757.0,120049.951
512400.SH,20240621,1.007,1.011,1.015,0.998,1.002,-0.005,-0.4965,1556487.0,156513.724
512400.SH,20240620,1.014,1.016,1.028,1.004,1.007,-0.007,-0.6903,2126734.0,215402.872
512400.SH,20240619,1.01,1.014,1.026,1.01,1.014,0.004,0.396,1790019.0,182183.163
512400.SH,20240618,1.003,1.003,1.015,0.996,1.01,0.007,0.6979,2761371.0,278244.997
512400.SH,20240617,1.016,1.014,1.02,1.002,1.003,-0.013,-1.2795,1370064.0,138207.202
512400.SH,20240614,1.013,1.006,1.018,1.002,1.016,0.003,0.2962,1036370.0,104727.016
512400.SH,20240613,1.03,1.03,1.03,1.005,1.013,-0.017,-1.6505,1846573.0,186986.026
512400.SH,20240612,1.021,1.016,1.034,1.016,1.03,0.009,0.8815,1065280.0,109231.635
512400.SH,20240611,1.044,1.02,1.023,1.011,1.021,-0.023,-2.2031,1950651.0,198173.236
512400.SH,20240607,1.042,1.053,1.056,1.03,1.044,0.002,0.1919,1826495.0,189949.194
512400.SH,20240606,1.032,1.042,1.055,1.039,1.042,0.01,0.969,2047301.02,214397.864
512400.SH,20240605,1.056,1.04,1.046,1.03,1.032,-0.024,-2.2727,2091506.81,216773.377
512400.SH,20240604,1.044,1.044,1.063,1.038,1.056,0.012,1.1494,1530752.0,160775.258
512400.SH,20240603,1.065,1.057,1.061,1.034,1.044,-0.021,-1.9718,2148340.0,224650.661
512400.SH,20240531,1.07,1.068,1.074,1.057,1.065,-0.005,-0.4673,1156642.0,123368.1
512400.SH,20240530,1.102,1.101,1.104,1.066,1.07,-0.032,-2.9038,2127309.0,230292.013
512400.SH,20240529,1.075,1.074,1.109,1.074,1.102,0.027,2.5116,3977951.67,437265.843
512400.SH,20240528,1.077,1.084,1.096,1.074,1.075,-0.002,-0.1857,2334685.0,252938.178
512400.SH,20240527,1.062,1.059,1.078,1.059,1.077,0.015,1.4124,2335412.0,250311.863
512400.SH,20240524,1.062,1.056,1.069,1.055,1.062,0.0,0.0,2074175.33,220599.023
512400.SH,20240523,1.097,1.068,1.071,1.052,1.062,-0.035,-3.1905,2577443.0,274141.497
512400.SH,20240522,1.107,1.104,1.114,1.092,1.097,-0.01,-0.9033,2349531.0,259204.893
512400.SH,20240521,1.142,1.143,1.146,1.103,1.107,-0.035,-3.0648,2982244.0,333108.943
512400.SH,20240520,1.101,1.13,1.15,1.113,1.142,0.041,3.7239,4238313.0,480468.341
512400.SH,20240517,1.086,1.082,1.102,1.072,1.101,0.015,1.3812,1789380.0,193849.74
512400.SH,20240516,1.092,1.106,1.113,1.081,1.086,-0.006,-0.5495,1904405.16,208982.156
512400.SH,20240515,1.104,1.101,1.115,1.091,1.092,-0.012,-1.087,2055667.2,226768.283
512400.SH,20240514,1.097,1.103,1.115,1.095,1.104,0.007,0.6381,1520211.0,168117.212
512400.SH,20240513,1.111,1.098,1.103,1.083,1.097,-0.014,-1.2601,1870668.62,204972.231
512400.SH,20240510,1.103,1.116,1.122,1.091,1.111,0.008,0.7253,1963495.62,217249.517
512400.SH,20240509,1.077,1.074,1.11,1.071,1.103,0.026,2.4141,2305313.0,252714.617
512400.SH,20240508,1.085,1.076,1.087,1.063,1.077,-0.008,-0.7373,1587962.0,171052.75
512400.SH,20240507,1.077,1.082,1.099,1.08,1.085,0.008,0.7428,1719927.0,186988.905
512400.SH,20240506,1.069,1.06,1.078,1.049,1.077,0.008,0.7484,1936487.36,206108.041
512400.SH,20240430,1.079,1.079,1.089,1.066,1.069,-0.01,-0.9268,1530273.0,164882.216
512400.SH,20240429,1.085,1.084,1.084,1.064,1.079,-0.006,-0.553,1839459.0,197584.748
512400.SH,20240426,1.057,1.059,1.086,1.053,1.085,0.028,2.649,1634566.0,175473.147
512400.SH,20240425,1.047,1.04,1.065,1.032,1.057,0.01,0.9551,1753719.1,184575.729
512400.SH,20240424,1.037,1.029,1.049,1.026,1.047,0.01,0.9643,1821362.11,188853.397
512400.SH,20240423,1.086,1.064,1.067,1.036,1.037,-0.049,-4.512,3361269.11,352351.634
512400.SH,20240422,1.111,1.117,1.129,1.085,1.086,-0.025,-2.2502,1752760.28,193736.738
512400.SH,20240419,1.118,1.119,1.143,1.101,1.111,-0.007,-0.6261,2196943.54,246007.072
512400.SH,20240418,1.103,1.098,1.121,1.091,1.118,0.015,1.3599,2066119.0,229216.071
512400.SH,20240417,1.08,1.079,1.105,1.075,1.103,0.023,2.1296,1997690.42,218152.166
512400.SH,20240416,1.129,1.122,1.128,1.075,1.08,-0.049,-4.3401,3017477.42,332303.829
512400.SH,20240415,1.13,1.116,1.131,1.088,1.129,-0.001,-0.0885,2277918.41,253268.416
512400.SH,20240412,1.119,1.13,1.14,1.113,1.13,0.011,0.983,2316687.35,261508.138
512400.SH,20240411,1.122,1.1,1.147,1.094,1.119,-0.003,-0.2674,3526575.51,394559.057
512400.SH,20240410,1.115,1.119,1.132,1.101,1.122,0.007,0.6278,2856805.67,319481.791
512400.SH,20240409,1.111,1.104,1.124,1.099,1.115,0.004,0.36,4353848.94,484340.383
512400.SH,20240408,1.114,1.119,1.155,1.103,1.111,-0.003,-0.2693,5919134.53,669711.578
512400.SH,20240403,1.078,1.088,1.119,1.079,1.114,0.036,3.3395,4120930.05,454143.208
512400.SH,20240402,1.067,1.067,1.079,1.062,1.078,0.011,1.0309,2300784.88,246881.396
512400.SH,20240401,1.047,1.06,1.077,1.055,1.067,0.02,1.9102,2913708.24,310850.143
512400.SH,20240329,1.013,1.022,1.047,1.022,1.047,0.034,3.3564,2711576.36,281602.568
512400.SH,20240328,0.995,0.992,1.021,0.992,1.013,0.018,1.809,1703367.0,172146.818
512400.SH,20240327,1.009,1.009,1.012,0.995,0.995,-0.014,-1.3875,1220830.0,122630.638
512400.SH,20240326,1.011,1.012,1.017,0.995,1.009,-0.002,-0.1978,1848827.0,185556.509
512400.SH,20240325,1.005,1.002,1.029,1.002,1.011,0.006,0.597,2311164.0,235170.969
512400.SH,20240322,1.031,1.024,1.028,0.999,1.005,-0.026,-2.5218,3148571.0,317548.353
512400.SH,20240321,1.027,1.04,1.046,1.026,1.031,0.004,0.3895,1868072.0,193345.535
512400.SH,20240320,1.028,1.022,1.032,1.014,1.027,-0.001,-0.0973,1526517.84,156070.969
512400.SH,20240319,1.035,1.03,1.051,1.027,1.028,-0.007,-0.6763,2180174.26,226655.183
512400.SH,20240318,1.033,1.033,1.039,1.019,1.035,0.002,0.1936,3209613.31,331017.255
512400.SH,20240315,0.998,0.99,1.034,0.988,1.033,0.035,3.507,3522316.73,357989.067
512400.SH,20240314,0.985,0.999,1.022,0.992,0.998,0.013,1.3198,1910457.83,192295.174
512400.SH,20240313,0.978,0.975,0.989,0.97,0.985,0.007,0.7157,1570258.55,153391.987
512400.SH,20240312,0.998,0.998,0.999,0.972,0.978,-0.02,-2.004,1505156.0,147940.473
512400.SH,20240311,0.986,0.988,0.999,0.983,0.998,0.012,1.217,1947841.2,193165.099
512400.SH,20240308,0.983,0.983,0.986,0.968,0.986,0.003,0.3052,1891100.0,184847.497
512400.SH,20240307,0.954,0.958,0.996,0.958,0.983,0.029,3.0398,3365812.0,331100.501
512400.SH,20240306,0.949,0.95,0.962,0.942,0.954,0.005,0.5269,577207.22,55000.742
512400.SH,20240305,0.95,0.951,0.961,0.944,0.949,-0.001,-0.1053,924559.33,88058.165
512400.SH,20240304,0.945,0.95,0.96,0.944,0.95,0.005,0.5291,710882.0,67657.441
512400.SH,20240301,0.935,0.934,0.948,0.934,0.945,0.01,1.0695,906294.0,85357.703
512400.SH,20240229,0.912,0.912,0.94,0.91,0.935,0.023,2.5219,927760.78,85969.267
512400.SH,20240228,0.922,0.922,0.943,0.911,0.912,-0.01,-1.0846,776918.41,72182.692
512400.SH,20240227,0.914,0.911,0.923,0.907,0.922,0.008,0.8753,561440.0,51469.074
512400.SH,20240226,0.923,0.92,0.929,0.91,0.914,-0.009,-0.9751,659731.0,60713.198
512400.SH,20240223,0.913,0.916,0.926,0.912,0.923,0.01,1.0953,568766.0,52250.968
512400.SH,20240222,0.905,0.902,0.915,0.896,0.913,0.008,0.884,691269.0,62575.161
512400.SH,20240221,0.896,0.894,0.921,0.89,0.905,0.009,1.0045,1003862.0,91193.229
512400.SH,20240220,0.891,0.887,0.897,0.88,0.896,0.005,0.5612,534874.0,47634.912
512400.SH,20240219,0.885,0.887,0.894,0.879,0.891,0.006,0.678,660369.09,58561.711
512400.SH,20240208,0.876,0.878,0.899,0.877,0.885,0.009,1.0274,866352.51,76969.853
512400.SH,20240207,0.842,0.845,0.876,0.84,0.876,0.034,4.038,1188422.7,102600.909
512400.SH,20240206,0.8,0.791,0.846,0.791,0.842,0.042,5.25,914185.0,75396.424
512400.SH,20240205,0.821,0.81,0.819,0.778,0.8,-0.021,-2.5579,869277.28,69633.323
512400.SH,20240202,0.842,0.842,0.849,0.798,0.821,-0.021,-2.4941,1050294.0,87732.209
512400.SH,20240201,0.841,0.835,0.854,0.83,0.842,0.001,0.1189,517365.0,43524.494
512400.SH,20240131,0.867,0.863,0.866,0.841,0.841,-0.026,-2.9988,737371.0,62862.922
512400.SH,20240130,0.883,0.881,0.887,0.865,0.867,-0.016,-1.812,576237.0,50574.316
512400.SH,20240129,0.9,0.901,0.904,0.882,0.883,-0.017,-1.8889,718476.0,64056.058
512400.SH,20240126,0.897,0.896,0.908,0.894,0.9,0.003,0.3344,639081.0,57574.073
512400.SH,20240125,0.872,0.872,0.9,0.871,0.897,0.025,2.867,1033089.0,91796.253
512400.SH,20240124,0.861,0.862,0.876,0.844,0.872,0.011,1.2776,922421.53,79661.623
512400.SH,20240123,0.85,0.848,0.866,0.838,0.861,0.011,1.2941,970905.9,82962.84
512400.SH,20240122,0.891,0.891,0.891,0.846,0.85,-0.041,-4.6016,1092802.0,94951.419
512400.SH,20240119,0.896,0.892,0.906,0.891,0.891,-0.005,-0.558,794647.0,71259.017
512400.SH,20240118,0.896,0.89,0.899,0.87,0.896,0.0,0.0,895474.24,79387.36
512400.SH,20240117,0.926,0.924,0.924,0.895,0.896,-0.03,-3.2397,699939.24,63689.76
512400.SH,20240116,0.926,0.924,0.934,0.913,0.926,0.0,0.0,794502.17,73314.936
512400.SH,20240115,0.936,0.936,0.938,0.925,0.926,-0.01,-1.0684,721378.0,67084.424
512400.SH,20240112,0.941,0.936,0.946,0.932,0.936,-0.005,-0.5313,741864.0,69765.517
512400.SH,20240111,0.925,0.922,0.945,0.917,0.941,0.016,1.7297,788252.8,73393.5
512400.SH,20240110,0.93,0.927,0.94,0.919,0.925,-0.005,-0.5376,550980.0,51178.791
512400.SH,20240109,0.919,0.919,0.931,0.914,0.93,0.011,1.197,643537.9,59461.085
512400.SH,20240108,0.931,0.931,0.937,0.919,0.919,-0.012,-1.2889,550225.0,51068.37
512400.SH,20240105,0.936,0.934,0.952,0.927,0.931,-0.005,-0.5342,817483.0,76995.598
512400.SH,20240104,0.947,0.943,0.944,0.93,0.936,-0.011,-1.1616,575278.0,53829.68
512400.SH,20240103,0.945,0.942,0.95,0.94,0.947,0.002,0.2116,790975.0,74734.508
512400.SH,20240102,0.945,0.945,0.952,0.941,0.945,0.0,0.0,736987.0,69863.573
512400.SH,20231229,0.943,0.939,0.948,0.936,0.945,0.002,0.2121,810114.0,76444.977
512400.SH,20231228,0.917,0.916,0.946,0.916,0.943,0.026,2.8353,953032.35,89381.912
512400.SH,20231227,0.913,0.913,0.918,0.903,0.917,0.004,0.4381,570841.0,52067.896
512400.SH,20231226,0.915,0.915,0.917,0.907,0.913,-0.002,-0.2186,377974.0,34455.125
512400.SH,20231225,0.909,0.903,0.915,0.903,0.915,0.006,0.6601,492122.0,44778.623
512400.SH,20231222,0.891,0.892,0.916,0.885,0.909,0.018,2.0202,865686.0,78061.997
512400.SH,20231221,0.883,0.878,0.893,0.875,0.891,0.008,0.906,635198.0,56243.314
512400.SH,20231220,0.883,0.887,0.893,0.882,0.883,0.0,0.0,549819.17,48798.294
512400.SH,20231219,0.887,0.884,0.889,0.878,0.883,-0.004,-0.451,375481.0,33172.634
512400.SH,20231218,0.9,0.895,0.9,0.884,0.887,-0.013,-1.4444,483033.17,43028.307
512400.SH,20231215,0.895,0.901,0.912,0.896,0.9,0.005,0.5587,542899.0,49173.942
512400.SH,20231214,0.895,0.907,0.911,0.893,0.895,0.0,0.0,639218.0,57679.396
512400.SH,20231213,0.912,0.909,0.909,0.893,0.895,-0.017,-1.864,566336.0,51022.018
512400.SH,20231212,0.913,0.911,0.913,0.905,0.912,-0.001,-0.1095,386522.0,35127.869
512400.SH,20231211,0.922,0.915,0.917,0.898,0.913,-0.009,-0.9761,636454.0,57658.93
512400.SH,20231208,0.929,0.934,0.935,0.921,0.922,-0.007,-0.7535,551821.0,51015.669
512400.SH,20231207,0.934,0.932,0.934,0.919,0.929,-0.005,-0.5353,788462.01,72999.776
512400.SH,20231206,0.917,0.915,0.941,0.911,0.934,0.017,1.8539,957154.01,89293.443
512400.SH,20231205,0.932,0.923,0.93,0.913,0.917,-0.015,-1.6094,795272.0,73389.777
512400.SH,20231204,0.923,0.928,0.943,0.924,0.932,0.009,0.9751,1063235.0,99435.822
512400.SH,20231201,0.923,0.922,0.927,0.914,0.923,0.0,0.0,586729.0,53934.993
512400.SH,20231130,0.929,0.925,0.929,0.917,0.923,-0.006,-0.6459,545429.91,50311.455
512400.SH,20231129,0.928,0.93,0.935,0.927,0.929,0.001,0.1078,446592.0,41581.838
512400.SH,20231128,0.925,0.924,0.928,0.918,0.928,0.003,0.3243,362559.0,33473.008
512400.SH,20231127,0.931,0.929,0.934,0.921,0.925,-0.006,-0.6445,531394.0,49207.638
512400.SH,20231124,0.942,0.938,0.939,0.93,0.931,-0.011,-1.1677,612410.0,57220.835
512400.SH,20231123,0.938,0.936,0.942,0.931,0.942,0.004,0.4264,1004004.0,94103.903
512400.SH,20231122,0.957,0.953,0.955,0.937,0.938,-0.019,-1.9854,1060607.0,100116.438
512400.SH,20231121,0.955,0.956,0.967,0.955,0.957,0.002,0.2094,690612.0,66389.392
512400.SH,20231120,0.953,0.955,0.956,0.944,0.955,0.002,0.2099,752522.0,71510.778
512400.SH,20231117,0.951,0.947,0.954,0.944,0.953,0.002,0.2103,632932.0,60014.119
512400.SH,20231116,0.964,0.96,0.961,0.948,0.951,-0.013,-1.3485,1110175.82,105684.731
512400.SH,20231115,0.946,0.956,0.968,0.956,0.964,0.018,1.9027,1542959.0,148676.971
512400.SH,20231114,0.948,0.951,0.951,0.941,0.946,-0.002,-0.211,577413.0,54645.476
512400.SH,20231113,0.943,0.945,0.949,0.939,0.948,0.005,0.5302,581900.0,54959.519
512400.SH,20231110,0.949,0.945,0.947,0.94,0.943,-0.006,-0.6322,481653.0,45422.867
512400.SH,20231109,0.946,0.942,0.953,0.941,0.949,0.003,0.3171,704224.0,66837.691
512400.SH,20231108,0.954,0.948,0.952,0.94,0.946,-0.008,-0.8386,737012.0,69791.153
512400.SH,20231107,0.963,0.96,0.96,0.946,0.954,-0.009,-0.9346,1131147.0,107474.037
512400.SH,20231106,0.955,0.963,0.965,0.953,0.963,0.008,0.8377,1099539.5,105296.779
512400.SH,20231103,0.951,0.954,0.959,0.951,0.955,0.004,0.4206,629742.5,60126.863
512400.SH,20231102,0.963,0.964,0.97,0.951,0.951,-0.012,-1.2461,607213.18,58225.685
512400.SH,20231101,0.968,0.969,0.97,0.958,0.963,-0.005,-0.5165,354000.0,34069.602
512400.SH,20231031,0.972,0.968,0.973,0.961,0.968,-0.004,-0.4115,526213.0,50815.681
512400.SH,20231030,0.966,0.966,0.98,0.964,0.972,0.006,0.6211,670086.0,65197.804
512400.SH,20231027,0.948,0.942,0.969,0.941,0.966,0.018,1.8987,646754.0,62075.395
512400.SH,20231026,0.946,0.942,0.949,0.933,0.948,0.002,0.2114,569101.0,53475.987
512400.SH,20231025,0.94,0.948,0.958,0.945,0.946,0.006,0.6383,902100.0,85807.991
512400.SH,20231024,0.924,0.924,0.94,0.924,0.94,0.016,1.7316,997095.0,93154.567
512400.SH,20231023,0.95,0.948,0.948,0.916,0.924,-0.026,-2.7368,762988.0,70960.622
512400.SH,20231020,0.945,0.944,0.961,0.943,0.95,0.005,0.5291,814465.0,77559.067
512400.SH,20231019,0.962,0.958,0.96,0.945,0.945,-0.017,-1.7672,1375596.0,130869.163
512400.SH,20231018,0.978,0.975,0.977,0.96,0.962,-0.016,-1.636,623980.0,60301.424
512400.SH,20231017,0.977,0.978,0.979,0.97,0.978,0.001,0.1024,588777.0,57398.676
512400.SH,20231016,0.991,0.994,0.997,0.974,0.977,-0.014,-1.4127,686804.0,67524.484
512400.SH,20231013,1.007,0.998,0.999,0.986,0.991,-0.016,-1.5889,857118.0,84897.301
512400.SH,20231012,0.98,0.984,1.008,0.984,1.007,0.027,2.7551,1650868.0,164370.538
512400.SH,20231011,0.99,0.992,0.993,0.977,0.98,-0.01,-1.0101,926855.0,91036.583
512400.SH,20231010,0.986,0.985,0.999,0.985,0.99,0.004,0.4057,786699.0,78022.069
512400.SH,20231009,0.99,0.985,0.988,0.971,0.986,-0.004,-0.404,872100.0,85451.863
512400.SH,20230928,0.993,0.993,0.998,0.986,0.99,-0.003,-0.3021,667565.0,66131.044
512400.SH,20230927,0.992,0.99,1.001,0.987,0.993,0.001,0.1008,1211178.0,120334.641
512400.SH,20230926,1.0,0.998,1.0,0.991,0.992,-0.008,-0.8,594485.0,59105.351
512400.SH,20230925,1.01,1.005,1.008,0.997,1.0,-0.01,-0.9901,699544.0,70104.904
512400.SH,20230922,1.004,1.001,1.01,0.994,1.01,0.006,0.5976,999747.0,100040.253
512400.SH,20230921,1.014,1.012,1.015,1.003,1.004,-0.01,-0.9862,759204.22,76563.443
512400.SH,20230920,1.022,1.02,1.021,1.014,1.014,-0.008,-0.7828,700213.0,71200.569
512400.SH,20230919,1.029,1.027,1.029,1.019,1.022,-0.007,-0.6803,649621.0,66519.71
512400.SH,20230918,1.028,1.023,1.032,1.013,1.029,0.001,0.0973,1079220.0,110517.689
512400.SH,20230915,1.028,1.031,1.038,1.022,1.028,0.0,0.0,1099160.0,113233.759
512400.SH,20230914,1.022,1.022,1.03,1.021,1.028,0.006,0.5871,1892637.0,193863.858
512400.SH,20230913,1.028,1.026,1.031,1.016,1.022,-0.006,-0.5837,885766.0,90632.925
512400.SH,20230912,1.031,1.031,1.04,1.026,1.028,-0.003,-0.291,1027884.0,106010.181
512400.SH,20230911,1.015,1.016,1.037,1.012,1.031,0.016,1.5764,1237900.0,126862.767
512400.SH,20230908,1.025,1.024,1.027,1.012,1.015,-0.01,-0.9756,980972.0,99882.389
512400.SH,20230907,1.042,1.038,1.04,1.023,1.025,-0.017,-1.6315,1436834.0,147890.502
512400.SH,20230906,1.045,1.042,1.044,1.035,1.042,-0.003,-0.2871,868978.0,90304.695
512400.SH,20230905,1.05,1.042,1.048,1.036,1.045,-0.005,-0.4762,1212885.0,126462.318
512400.SH,20230904,1.019,1.024,1.054,1.023,1.05,0.031,3.0422,2596455.0,270735.331
512400.SH,20230901,0.997,0.999,1.022,0.998,1.019,0.022,2.2066,1431984.0,145421.515
512400.SH,20230831,1.007,1.006,1.011,0.994,0.997,-0.01,-0.993,846682.0,84634.379
512400.SH,20230830,1.006,1.007,1.02,1.002,1.007,0.001,0.0994,780067.41,78901.465
512400.SH,20230829,0.992,0.99,1.009,0.986,1.006,0.014,1.4113,1361435.0,136119.363
512400.SH,20230828,0.987,1.035,1.038,0.986,0.992,0.005,0.5066,1670746.0,168214.18
512400.SH,20230825,1.002,0.995,0.998,0.982,0.987,-0.015,-1.497,1550660.07,153312.343
512400.SH,20230824,0.984,0.991,1.012,0.99,1.002,0.018,1.8293,997195.07,99739.121
512400.SH,20230823,1.007,1.004,1.006,0.983,0.984,-0.023,-2.284,915364.0,90877.079
512400.SH,20230822,1.001,1.002,1.011,0.991,1.007,0.006,0.5994,1087559.0,109033.332
512400.SH,20230821,1.01,1.009,1.014,1.0,1.001,-0.009,-0.8911,815986.59,82225.473
512400.SH,20230818,1.031,1.027,1.032,1.009,1.01,-0.021,-2.0369,1146961.59,117405.096
512400.SH,20230817,1.025,1.021,1.031,1.009,1.031,0.006,0.5854,1043044.0,106396.753
512400.SH,20230816,1.036,1.03,1.036,1.025,1.025,-0.011,-1.0618,920840.0,94856.24
512400.SH,20230815,1.043,1.04,1.046,1.026,1.036,-0.007,-0.6711,1131944.0,117249.979
512400.SH,20230814,1.052,1.046,1.05,1.031,1.043,-0.009,-0.8555,1905140.0,198454.585
512400.SH,20230811,1.076,1.075,1.078,1.051,1.052,-0.024,-2.2305,1058154.0,112230.537
512400.SH,20230810,1.074,1.074,1.081,1.071,1.076,0.002,0.1862,544979.31,58631.709
512400.SH,20230809,1.085,1.08,1.084,1.072,1.074,-0.011,-1.0138,1011718.31,108995.044
512400.SH,20230808,1.08,1.079,1.092,1.073,1.085,0.005,0.463,1488794.0,161487.537
512400.SH,20230807,1.087,1.079,1.087,1.076,1.08,-0.007,-0.644,1169767.0,126361.396
512400.SH,20230804,1.076,1.08,1.091,1.08,1.087,0.011,1.0223,1887981.78,204626.167
512400.SH,20230803,1.079,1.077,1.078,1.069,1.076,-0.003,-0.278,1889381.58,202971.097
512400.SH,20230802,1.09,1.089,1.089,1.077,1.079,-0.011,-1.0092,1108464.0,119998.8
512400.SH,20230801,1.088,1.089,1.098,1.081,1.09,0.002,0.1838,2767760.0,301682.215
512400.SH,20230731,1.073,1.073,1.1,1.073,1.088,0.015,1.3979,2504704.15,273035.852
512400.SH,20230728,1.066,1.057,1.075,1.048,1.073,0.007,0.6567,2134695.15,227706.22
512400.SH,20230727,1.075,1.075,1.076,1.062,1.066,-0.009,-0.8372,959167.0,102568.759
512400.SH,20230726,1.072,1.071,1.077,1.065,1.075,0.003,0.2799,2114780.0,226853.464
512400.SH,20230725,1.038,1.048,1.072,1.048,1.072,0.034,3.2755,1616732.0,172279.725
512400.SH,20230724,1.055,1.052,1.053,1.036,1.038,-0.017,-1.6114,867558.0,90510.736
512400.SH,20230721,1.065,1.062,1.065,1.05,1.055,-0.01,-0.939,833034.0,88040.551
512400.SH,20230720,1.062,1.063,1.082,1.063,1.065,0.003,0.2825,1037325.0,111160.448
512400.SH,20230719,1.059,1.059,1.066,1.055,1.062,0.003,0.2833,881424.0,93426.866
512400.SH,20230718,1.059,1.057,1.065,1.052,1.059,0.0,0.0,694090.0,73410.324
512400.SH,20230717,1.072,1.068,1.069,1.055,1.059,-0.013,-1.2127,1272739.0,134626.697
512400.SH,20230714,1.08,1.08,1.085,1.07,1.072,-0.008,-0.7407,1078933.0,116238.525
512400.SH,20230713,1.058,1.071,1.084,1.058,1.08,0.022,2.0794,1459197.8,157325.736
512400.SH,20230712,1.061,1.061,1.066,1.054,1.058,-0.003,-0.2828,882098.8,93608.041
512400.SH,20230711,1.056,1.056,1.062,1.046,1.061,0.005,0.4735,1464690.0,154317.531
512400.SH,20230710,1.049,1.051,1.064,1.05,1.056,0.007,0.6673,816040.0,86303.499
512400.SH,20230707,1.05,1.046,1.057,1.032,1.049,-0.001,-0.0952,1185691.0,123891.645
512400.SH,20230706,1.07,1.07,1.07,1.047,1.05,-0.02,-1.8692,1100786.34,115867.728
512400.SH,20230705,1.049,1.044,1.071,1.044,1.07,0.021,2.0019,1569279.96,166806.212
512400.SH,20230704,1.052,1.06,1.068,1.044,1.049,-0.003,-0.2852,989928.0,104158.578
512400.SH,20230703,1.034,1.038,1.053,1.038,1.052,0.018,1.7408,968236.21,101608.07
512400.SH,20230630,1.021,1.018,1.038,1.018,1.034,0.013,1.2733,1123887.0,115949.719
512400.SH,20230629,1.027,1.024,1.026,1.018,1.021,-0.006,-0.5842,586048.0,59900.082
512400.SH,20230628,1.031,1.029,1.03,1.014,1.027,-0.004,-0.388,713462.79,72929.589
512400.SH,20230627,1.015,1.015,1.031,1.012,1.031,0.016,1.5764,1019443.93,104211.915
512400.SH,20230626,1.023,1.02,1.029,1.014,1.015,-0.008,-0.782,776638.0,79225.705
512400.SH,20230621,1.043,1.04,1.046,1.023,1.023,-0.02,-1.9175,804903.06,83228.159
512400.SH,20230620,1.05,1.046,1.05,1.039,1.043,-0.007,-0.6667,926188.06,96637.137
512400.SH,20230619,1.071,1.068,1.07,1.047,1.05,-0.021,-1.9608,1075099.0,113356.522
512400.SH,20230616,1.065,1.062,1.073,1.062,1.071,0.006,0.5634,1415129.0,151035.928
512400.SH,20230615,1.053,1.054,1.065,1.038,1.065,0.012,1.1396,1762892.0,185118.612
512400.SH,20230614,1.051,1.056,1.059,1.047,1.053,0.002,0.1903,2374629.0,250367.4
512400.SH,20230613,1.051,1.051,1.054,1.043,1.051,0.0,0.0,749422.0,78558.21
512400.SH,20230612,1.057,1.049,1.056,1.043,1.051,-0.006,-0.5676,1118898.0,117527.458
512400.SH,20230609,1.045,1.052,1.059,1.047,1.057,0.012,1.1483,870303.0,91709.752
512400.SH,20230608,1.039,1.035,1.051,1.033,1.045,0.006,0.5775,784506.0,81974.664
512400.SH,20230607,1.047,1.051,1.054,1.034,1.039,-0.008,-0.7641,670259.17,69890.676
512400.SH,20230606,1.059,1.057,1.064,1.043,1.047,-0.012,-1.1331,766596.17,81038.013
512400.SH,20230605,1.072,1.066,1.066,1.054,1.059,-0.013,-1.2127,2081426.0,220494.033
512400.SH,20230602,1.032,1.039,1.073,1.038,1.072,0.04,3.876,2081746.0,221387.369
512400.SH,20230601,1.024,1.024,1.041,1.022,1.032,0.008,0.7813,910708.0,94090.823
512400.SH,20230531,1.026,1.026,1.029,1.016,1.024,-0.002,-0.1949,1311069.0,133879.036
512400.SH,20230530,1.028,1.026,1.031,1.012,1.026,-0.002,-0.1946,1408972.0,143843.995
512400.SH,20230529,1.033,1.033,1.037,1.022,1.028,-0.005,-0.484,881177.0,90568.633
512400.SH,20230526,1.034,1.033,1.036,1.015,1.033,-0.001,-0.0967,928542.0,95118.502
512400.SH,20230525,1.047,1.043,1.046,1.024,1.034,-0.013,-1.2416,1372860.0,142052.864
512400.SH,20230524,1.052,1.052,1.059,1.045,1.047,-0.005,-0.4753,803920.2,84566.204
512400.SH,20230523,1.069,1.07,1.07,1.052,1.052,-0.017,-1.5903,847577.0,89917.832
512400.SH,20230522,1.067,1.066,1.073,1.062,1.069,0.002,0.1874,568561.0,60612.536
512400.SH,20230519,1.078,1.071,1.075,1.058,1.067,-0.011,-1.0204,697185.0,74237.152
512400.SH,20230518,1.078,1.082,1.086,1.068,1.078,0.0,0.0,861367.2,92687.297
512400.SH,20230517,1.087,1.082,1.087,1.073,1.078,-0.009,-0.828,952322.0,102593.353
512400.SH,20230516,1.094,1.095,1.097,1.084,1.087,-0.007,-0.6399,891499.2,97278.151
512400.SH,20230515,1.055,1.056,1.098,1.056,1.094,0.039,3.6967,1552037.34,167521.898
512400.SH,20230512,1.091,1.086,1.087,1.055,1.055,-0.036,-3.2997,1351403.0,143864.553
512400.SH,20230511,1.099,1.096,1.099,1.087,1.091,-0.008,-0.7279,705317.0,77020.939
512400.SH,20230510,1.091,1.091,1.106,1.089,1.099,0.008,0.7333,850341.0,93206.531
512400.SH,20230509,1.109,1.112,1.115,1.09,1.091,-0.018,-1.6231,1031105.0,113450.167
512400.SH,20230508,1.092,1.095,1.114,1.094,1.109,0.017,1.5568,970694.0,107131.008
512400.SH,20230505,1.113,1.113,1.115,1.088,1.092,-0.021,-1.8868,777274.0,85318.677
512400.SH,20230504,1.113,1.118,1.127,1.11,1.113,0.0,0.0,843073.0,94278.453
512400.SH,20230428,1.103,1.102,1.119,1.1,1.113,0.01,0.9066,1244700.0,138180.875
512400.SH,20230427,1.103,1.101,1.11,1.092,1.103,0.0,0.0,1044346.39,114904.296
512400.SH,20230426,1.09,1.085,1.117,1.073,1.103,0.013,1.1927,1415043.0,155332.556
512400.SH,20230425,1.125,1.124,1.132,1.079,1.09,-0.035,-3.1111,1646544.0,181272.174
512400.SH,20230424,1.153,1.148,1.149,1.118,1.125,-0.028,-2.4284,1444203.0,163459.714
512400.SH,20230421,1.176,1.17,1.177,1.147,1.153,-0.023,-1.9558,1964465.0,227786.05
512400.SH,20230420,1.202,1.197,1.197,1.165,1.176,-0.026,-2.1631,2516598.0,295530.548
512400.SH,20230419,1.207,1.206,1.211,1.197,1.202,-0.005,-0.4143,1293493.0,155911.609
512400.SH,20230418,1.208,1.205,1.22,1.196,1.207,-0.001,-0.0828,1921313.0,232363.453
512400.SH,20230417,1.196,1.191,1.21,1.181,1.208,0.012,1.0033,2383882.0,286082.353
512400.SH,20230414,1.16,1.167,1.198,1.167,1.196,0.036,3.1034,2308644.88,274767.286
512400.SH,20230413,1.172,1.165,1.177,1.154,1.16,-0.012,-1.0239,1406395.0,164040.451
512400.SH,20230412,1.166,1.166,1.177,1.16,1.172,0.006,0.5146,1364884.0,159540.999
512400.SH,20230411,1.14,1.138,1.167,1.13,1.166,0.026,2.2807,1623735.82,187221.592
512400.SH,20230410,1.134,1.132,1.141,1.125,1.14,0.006,0.5291,1072230.0,121663.949
512400.SH,20230407,1.14,1.14,1.162,1.13,1.134,-0.006,-0.5263,1225204.0,139038.739
512400.SH,20230406,1.125,1.124,1.14,1.12,1.14,0.015,1.3333,1074415.01,121618.581
512400.SH,20230404,1.132,1.132,1.132,1.12,1.125,-0.007,-0.6184,1410273.69,158519.826
512400.SH,20230403,1.126,1.126,1.136,1.117,1.132,0.006,0.5329,1286395.0,144855.296
512400.SH,20230331,1.117,1.121,1.13,1.118,1.126,0.009,0.8057,1006557.0,113060.014
512400.SH,20230330,1.107,1.105,1.117,1.096,1.117,0.01,0.9033,670650.0,74083.224
512400.SH,20230329,1.112,1.112,1.122,1.105,1.107,-0.005,-0.4496,521513.0,58051.191
512400.SH,20230328,1.128,1.128,1.132,1.108,1.112,-0.016,-1.4184,648833.0,72469.31
512400.SH,20230327,1.13,1.127,1.13,1.116,1.128,-0.002,-0.177,738989.0,82961.043
512400.SH,20230324,1.133,1.134,1.138,1.126,1.13,-0.003,-0.2648,688673.0,77822.711
512400.SH,20230323,1.122,1.12,1.134,1.118,1.133,0.011,0.9804,763413.0,86088.883
512400.SH,20230322,1.126,1.127,1.134,1.117,1.122,-0.004,-0.3552,717140.0,80569.079
512400.SH,20230321,1.111,1.114,1.127,1.105,1.126,0.015,1.3501,841066.0,93839.506
512400.SH,20230320,1.1,1.105,1.116,1.099,1.111,0.011,1.0,891422.9,98652.211
512400.SH,20230317,1.093,1.099,1.111,1.095,1.1,0.007,0.6404,1110447.0,122321.097
512400.SH,20230316,1.129,1.119,1.119,1.089,1.093,-0.036,-3.1887,1364686.0,150663.932
512400.SH,20230315,1.133,1.133,1.138,1.128,1.129,-0.004,-0.353,597608.0,67728.025
512400.SH,20230314,1.138,1.139,1.15,1.117,1.133,-0.005,-0.4394,1197029.91,135801.455
512400.SH,20230313,1.128,1.127,1.142,1.122,1.138,0.01,0.8865,966186.91,109441.943
512400.SH,20230310,1.146,1.14,1.14,1.126,1.128,-0.018,-1.5707,1235145.62,139702.504
512400.SH,20230309,1.146,1.151,1.157,1.142,1.146,0.0,0.0,835741.0,96039.863
512400.SH,20230308,1.156,1.149,1.15,1.139,1.146,-0.01,-0.8651,870418.0,99593.327
512400.SH,20230307,1.167,1.163,1.178,1.155,1.156,-0.011,-0.9426,1385640.0,161778.566
512400.SH,20230306,1.167,1.168,1.171,1.149,1.167,0.0,0.0,1339637.0,155385.205
512400.SH,20230303,1.168,1.166,1.171,1.158,1.167,-0.001,-0.0856,829994.1,96672.058
512400.SH,20230302,1.186,1.183,1.184,1.167,1.168,-0.018,-1.5177,1911968.5,224006.053
512400.SH,20230301,1.17,1.171,1.186,1.165,1.186,0.016,1.3675,1286682.0,151635.757
512400.SH,20230228,1.166,1.17,1.172,1.156,1.17,0.004,0.3431,718457.0,83657.448
512400.SH,20230227,1.175,1.167,1.18,1.162,1.166,-0.009,-0.766,985540.23,115233.432
512400.SH,20230224,1.195,1.193,1.195,1.167,1.175,-0.02,-1.6736,1045426.15,123056.194
512400.SH,20230223,1.187,1.187,1.195,1.183,1.195,0.008,0.674,894976.38,106492.709
512400.SH,20230222,1.204,1.196,1.197,1.183,1.187,-0.017,-1.412,1238777.0,147562.171
512400.SH,20230221,1.177,1.179,1.205,1.177,1.204,0.027,2.294,4375655.15,522296.565
512400.SH,20230220,1.155,1.153,1.177,1.147,1.177,0.022,1.9048,1027705.0,119368.798
512400.SH,20230217,1.159,1.16,1.173,1.153,1.155,-0.004,-0.3451,1865555.0,217236.187
512400.SH,20230216,1.189,1.186,1.19,1.15,1.159,-0.03,-2.5231,3771222.0,445377.442
512400.SH,20230215,1.202,1.202,1.21,1.186,1.189,-0.013,-1.0815,1212606.0,145189.492
512400.SH,20230214,1.192,1.193,1.21,1.192,1.202,0.01,0.8389,1075616.0,129296.661
512400.SH,20230213,1.193,1.183,1.196,1.18,1.192,-0.001,-0.0838,1313802.0,156311.047
512400.SH,20230210,1.211,1.211,1.211,1.183,1.193,-0.018,-1.4864,1065202.82,127057.934
512400.SH,20230209,1.205,1.203,1.212,1.195,1.211,0.006,0.4979,1511075.0,182502.292
512400.SH,20230208,1.211,1.213,1.222,1.205,1.205,-0.006,-0.4955,876484.0,106334.976
512400.SH,20230207,1.204,1.203,1.215,1.2,1.211,0.007,0.5814,796915.0,96250.284
512400.SH,20230206,1.229,1.211,1.213,1.194,1.204,-0.025,-2.0342,1110534.0,133419.142
512400.SH,20230203,1.246,1.24,1.24,1.209,1.229,-0.017,-1.3644,1625987.0,198736.239
512400.SH,20230202,1.257,1.258,1.259,1.238,1.246,-0.011,-0.8751,2101073.62,261824.839
512400.SH,20230201,1.221,1.229,1.26,1.227,1.257,0.036,2.9484,1857831.0,232279.369
512400.SH,20230131,1.215,1.214,1.228,1.209,1.221,0.006,0.4938,1286102.0,157239.637
512400.SH,20230130,1.205,1.226,1.239,1.213,1.215,0.01,0.8299,1413183.0,173046.473
512400.SH,20230120,1.168,1.168,1.215,1.168,1.205,0.037,3.1678,1528249.0,183095.497
512400.SH,20230119,1.161,1.163,1.17,1.157,1.168,0.007,0.6029,962713.0,112000.652
512400.SH,20230118,1.152,1.152,1.172,1.152,1.161,0.009,0.7813,1063149.0,123433.128
512400.SH,20230117,1.155,1.156,1.157,1.143,1.152,-0.003,-0.2597,767914.55,88241.949
512400.SH,20230116,1.145,1.145,1.162,1.143,1.155,0.01,0.8734,806546.0,92996.588
512400.SH,20230113,1.138,1.143,1.156,1.135,1.145,0.007,0.6151,762076.0,87268.513
512400.SH,20230112,1.131,1.141,1.158,1.137,1.138,0.007,0.6189,785610.0,90044.545
512400.SH,20230111,1.136,1.137,1.15,1.129,1.131,-0.005,-0.4401,1090524.0,124420.476
512400.SH,20230110,1.135,1.131,1.143,1.123,1.136,0.001,0.0881,1056191.0,119772.711
512400.SH,20230109,1.103,1.109,1.139,1.107,1.135,0.032,2.9012,1074018.0,121090.161
512400.SH,20230106,1.086,1.084,1.113,1.081,1.103,0.017,1.5654,790277.0,86961.478
512400.SH,20230105,1.073,1.076,1.097,1.076,1.086,0.013,1.2116,649756.39,70582.978
512400.SH,20230104,1.092,1.083,1.088,1.068,1.073,-0.019,-1.7399,506075.0,54544.63
512400.SH,20230103,1.063,1.063,1.093,1.056,1.092,0.029,2.7281,586735.78,63002.878
512400.SH,20221230,1.071,1.076,1.079,1.063,1.063,-0.008,-0.747,505190.0,54065.254
512400.SH,20221229,1.077,1.072,1.082,1.07,1.071,-0.006,-0.5571,453530.0,48745.08
512400.SH,20221228,1.087,1.081,1.087,1.066,1.077,-0.01,-0.92,494202.0,53231.944
512400.SH,20221227,1.073,1.073,1.088,1.072,1.087,0.014,1.3048,522195.0,56443.052
512400.SH,20221226,1.059,1.052,1.073,1.05,1.073,0.014,1.322,879225.0,93346.84
512400.SH,20221223,1.063,1.052,1.063,1.05,1.059,-0.004,-0.3763,572328.0,60435.781
512400.SH,20221222,1.082,1.088,1.093,1.06,1.063,-0.019,-1.756,490959.0,52803.121
512400.SH,20221221,1.089,1.094,1.102,1.081,1.082,-0.007,-0.6428,847960.0,92672.965
512400.SH,20221220,1.104,1.101,1.102,1.084,1.089,-0.015,-1.3587,479231.0,52394.153
512400.SH,20221219,1.115,1.114,1.137,1.099,1.104,-0.011,-0.9865,730035.0,81602.926
512400.SH,20221216,1.141,1.129,1.129,1.107,1.115,-0.026,-2.2787,669266.0,74807.311
512400.SH,20221215,1.135,1.133,1.142,1.116,1.141,0.006,0.5286,759907.0,85706.276
512400.SH,20221214,1.138,1.141,1.15,1.132,1.135,-0.003,-0.2636,666844.0,76100.48
512400.SH,20221213,1.137,1.133,1.148,1.132,1.138,0.001,0.088,562112.0,64095.638
512400.SH,20221212,1.173,1.166,1.166,1.132,1.137,-0.036,-3.0691,996758.0,113868.621
512400.SH,20221209,1.146,1.144,1.175,1.142,1.173,0.027,2.356,1028448.65,119184.77
512400.SH,20221208,1.148,1.145,1.157,1.139,1.146,-0.002,-0.1742,652729.0,75033.034
512400.SH,20221207,1.156,1.148,1.163,1.141,1.148,-0.008,-0.692,1310096.34,150751.756
512400.SH,20221206,1.154,1.145,1.158,1.133,1.156,0.002,0.1733,776131.26,89018.682
512400.SH,20221205,1.132,1.139,1.155,1.133,1.154,0.022,1.9435,1245004.0,142879.864
512400.SH,20221202,1.149,1.145,1.148,1.129,1.132,-0.017,-1.4795,751496.34,85436.786
512400.SH,20221201,1.128,1.147,1.158,1.144,1.149,0.021,1.8617,1419646.74,163572.715
512400.SH,20221130,1.124,1.117,1.137,1.117,1.128,0.004,0.3559,681967.88,76817.883
512400.SH,20221129,1.104,1.102,1.125,1.102,1.124,0.02,1.8116,755350.0,84245.279
512400.SH,20221128,1.121,1.099,1.109,1.087,1.104,-0.017,-1.5165,593880.0,65262.114
512400.SH,20221125,1.128,1.126,1.132,1.117,1.121,-0.007,-0.6206,580753.0,65182.551
512400.SH,20221124,1.122,1.13,1.142,1.124,1.128,0.006,0.5348,869984.0,98380.112
512400.SH,20221123,1.116,1.115,1.127,1.11,1.122,0.006,0.5376,515468.0,57737.408
512400.SH,20221122,1.125,1.125,1.131,1.111,1.116,-0.009,-0.8,635376.92,71201.986
512400.SH,20221121,1.124,1.11,1.125,1.101,1.125,0.001,0.089,597781.0,66737.11
512400.SH,20221118,1.141,1.137,1.139,1.121,1.124,-0.017,-1.4899,854055.0,96526.571
512400.SH,20221117,1.158,1.153,1.154,1.127,1.141,-0.017,-1.468,724773.0,82623.644
512400.SH,20221116,1.174,1.174,1.175,1.156,1.158,-0.016,-1.3629,810659.0,94332.576
512400.SH,20221115,1.159,1.147,1.174,1.142,1.174,0.015,1.2942,939747.0,109220.75
512400.SH,20221114,1.18,1.19,1.192,1.15,1.159,-0.021,-1.7797,1083771.0,127177.611
512400.SH,20221111,1.148,1.196,1.205,1.173,1.18,0.032,2.7875,1404560.0,166475.297
512400.SH,20221110,1.173,1.158,1.16,1.143,1.148,-0.025,-2.1313,850451.41,97831.966
512400.SH,20221109,1.177,1.198,1.205,1.171,1.173,-0.004,-0.3398,1179171.55,139614.901
512400.SH,20221108,1.174,1.166,1.181,1.16,1.177,0.003,0.2555,1183078.0,138838.486
512400.SH,20221107,1.147,1.174,1.185,1.164,1.174,0.027,2.354,1561626.0,183407.073
512400.SH,20221104,1.094,1.096,1.148,1.094,1.147,0.053,4.8446,796980.0,89655.435
512400.SH,20221103,1.103,1.088,1.105,1.082,1.094,-0.009,-0.816,479209.0,52531.086
512400.SH,20221102,1.086,1.081,1.11,1.078,1.103,0.017,1.5654,785887.0,86061.586
512400.SH,20221101,1.04,1.045,1.086,1.044,1.086,0.046,4.4231,600866.99,64173.493
512400.SH,20221031,1.05,1.038,1.056,1.033,1.04,-0.01,-0.9524,643833.0,67036.036
512400.SH,20221028,1.089,1.08,1.08,1.047,1.05,-0.039,-3.5813,604671.0,64269.188
512400.SH,20221027,1.082,1.089,1.108,1.087,1.089,0.007,0.647,596586.0,65504.989
512400.SH,20221026,1.071,1.07,1.093,1.069,1.082,0.011,1.0271,545481.93,58868.157
512400.SH,20221025,1.073,1.073,1.083,1.042,1.071,-0.002,-0.1864,681292.83,72175.928
512400.SH,20221024,1.075,1.083,1.104,1.066,1.073,-0.002,-0.186,619099.83,67481.594
512400.SH,20221021,1.087,1.09,1.093,1.068,1.075,-0.012,-1.104,518436.0,56211.205
512400.SH,20221020,1.099,1.09,1.099,1.073,1.087,-0.012,-1.0919,708265.0,76713.346
512400.SH,20221019,1.109,1.111,1.123,1.098,1.099,-0.01,-0.9017,532035.0,59053.519
512400.SH,20221018,1.114,1.119,1.124,1.106,1.109,-0.005,-0.4488,450043.0,50090.997
512400.SH,20221017,1.121,1.107,1.117,1.096,1.114,-0.007,-0.6244,819429.92,90732.894
512400.SH,20221014,1.089,1.099,1.123,1.092,1.121,0.032,2.9385,692936.0,76677.021
512400.SH,20221013,1.103,1.089,1.103,1.087,1.089,-0.014,-1.2693,508956.0,55687.409
512400.SH,20221012,1.082,1.079,1.104,1.051,1.103,0.021,1.9409,820470.0,88482.081
512400.SH,20221011,1.067,1.072,1.088,1.068,1.082,0.015,1.4058,893479.65,96416.999
512400.SH,20221010,1.088,1.088,1.098,1.062,1.067,-0.021,-1.9301,763942.07,82575.513
512400.SH,20220930,1.098,1.094,1.112,1.087,1.088,-0.01,-0.9107,720185.0,79139.851
512400.SH,20220929,1.084,1.1,1.11,1.091,1.098,0.014,1.2915,1289624.0,141890.257
512400.SH,20220928,1.146,1.137,1.138,1.082,1.084,-0.062,-5.4101,1129008.0,124357.87
512400.SH,20220927,1.145,1.146,1.149,1.118,1.146,0.001,0.0873,856495.66,97158.439
512400.SH,20220926,1.173,1.152,1.171,1.14,1.145,-0.028,-2.387,828064.0,95555.941
512400.SH,20220923,1.203,1.197,1.199,1.16,1.173,-0.03,-2.4938,873126.0,103024.242
512400.SH,20220922,1.204,1.195,1.213,1.191,1.203,-0.001,-0.0831,891569.0,107073.022
512400.SH,20220921,1.195,1.19,1.208,1.181,1.204,0.009,0.7531,894299.0,106816.547
512400.SH,20220920,1.158,1.169,1.205,1.168,1.195,0.037,3.1952,896734.0,106625.536
512400.SH,20220919,1.159,1.157,1.174,1.14,1.158,-0.001,-0.0863,825939.0,95933.695
512400.SH,20220916,1.198,1.194,1.197,1.158,1.159,-0.039,-3.2554,1024828.0,119967.915
512400.SH,20220915,1.238,1.244,1.253,1.191,1.198,-0.04,-3.231,1050661.0,128063.927
512400.SH,20220914,1.256,1.235,1.258,1.232,1.238,-0.018,-1.4331,823776.0,102320.766
512400.SH,20220913,1.251,1.255,1.27,1.251,1.256,0.005,0.3997,1411266.0,177722.228
512400.SH,20220909,1.219,1.224,1.251,1.222,1.251,0.032,2.6251,844577.0,104723.98
512400.SH,20220908,1.231,1.229,1.235,1.218,1.219,-0.012,-0.9748,691318.0,84724.004
512400.SH,20220907,1.214,1.201,1.237,1.2,1.231,0.017,1.4003,817827.58,100017.019
512400.SH,20220906,1.177,1.18,1.215,1.179,1.214,0.037,3.1436,1234024.0,148021.764
512400.SH,20220905,1.172,1.167,1.181,1.165,1.177,0.005,0.4266,774315.0,90806.453
512400.SH,20220902,1.181,1.185,1.193,1.165,1.172,-0.009,-0.7621,866577.08,101836.977
512400.SH,20220901,1.194,1.194,1.201,1.18,1.181,-0.013,-1.0888,871683.2,103736.097
512400.SH,20220831,1.237,1.231,1.242,1.188,1.194,-0.043,-3.4762,1031090.0,124674.791
512400.SH,20220830,1.248,1.247,1.249,1.23,1.237,-0.011,-0.8814,971621.8,120206.717
512400.SH,20220829,1.257,1.238,1.255,1.231,1.248,-0.009,-0.716,1069962.24,132996.419
512400.SH,20220826,1.25,1.25,1.28,1.245,1.257,0.007,0.56,1036810.28,130623.167
512400.SH,20220825,1.25,1.248,1.261,1.229,1.25,0.0,0.0,1136543.0,141453.891
512400.SH,20220824,1.286,1.289,1.298,1.246,1.25,-0.036,-2.7994,1027676.0,130626.793
512400.SH,20220823,1.293,1.289,1.294,1.273,1.286,-0.007,-0.5414,1231301.0,157743.556
512400.SH,20220822,1.242,1.241,1.295,1.228,1.293,0.051,4.1063,1506926.0,190530.063
512400.SH,20220819,1.271,1.265,1.271,1.241,1.242,-0.029,-2.2817,825757.0,103845.953
512400.SH,20220818,1.28,1.273,1.287,1.269,1.271,-0.009,-0.7031,766900.0,97868.166
512400.SH,20220817,1.295,1.297,1.298,1.265,1.28,-0.015,-1.1583,1135081.99,144952.305
512400.SH,20220816,1.314,1.316,1.316,1.291,1.295,-0.019,-1.446,710748.01,92464.839
512400.SH,20220815,1.291,1.29,1.319,1.287,1.314,0.023,1.7816,1125020.49,147048.077
512400.SH,20220812,1.292,1.288,1.307,1.284,1.291,-0.001,-0.0774,850104.0,110166.505
512400.SH,20220811,1.287,1.293,1.295,1.268,1.292,0.005,0.3885,804157.82,102984.562
512400.SH,20220810,1.285,1.289,1.306,1.276,1.287,0.002,0.1556,975599.0,126169.656
512400.SH,20220809,1.273,1.277,1.291,1.268,1.285,0.012,0.9427,873761.66,111838.342
512400.SH,20220808,1.269,1.258,1.281,1.251,1.273,0.004,0.3152,926787.0,117397.664
512400.SH,20220805,1.233,1.238,1.27,1.228,1.269,0.036,2.9197,1097384.0,136762.356
512400.SH,20220804,1.223,1.224,1.249,1.216,1.233,0.01,0.8177,759980.0,93757.686
512400.SH,20220803,1.231,1.232,1.257,1.215,1.223,-0.008,-0.6499,873904.0,108555.284
512400.SH,20220802,1.277,1.261,1.261,1.223,1.231,-0.046,-3.6022,1038154.0,128753.141
512400.SH,20220801,1.255,1.255,1.278,1.242,1.277,0.022,1.753,738762.65,92956.089
512400.SH,20220729,1.265,1.266,1.274,1.254,1.255,-0.01,-0.7905,742151.0,93803.636
512400.SH,20220728,1.267,1.274,1.277,1.259,1.265,-0.002,-0.1579,757545.0,96028.977
512400.SH,20220727,1.267,1.265,1.271,1.247,1.267,0.0,0.0,790612.5,99486.632
512400.SH,20220726,1.241,1.244,1.278,1.244,1.267,0.026,2.0951,867981.0,109511.167
512400.SH,20220725,1.252,1.252,1.264,1.24,1.241,-0.011,-0.8786,764710.89,95747.21
512400.SH,20220722,1.255,1.255,1.263,1.235,1.252,-0.003,-0.239,979171.56,122498.477
512400.SH,20220721,1.278,1.277,1.277,1.251,1.255,-0.023,-1.7997,1161678.51,146588.183
512400.SH,20220720,1.264,1.27,1.29,1.27,1.278,0.014,1.1076,716999.16,91741.535
512400.SH,20220719,1.269,1.264,1.284,1.254,1.264,-0.005,-0.394,987010.5,125286.841
512400.SH,20220718,1.249,1.25,1.269,1.24,1.269,0.02,1.6013,769206.08,96716.09
512400.SH,20220715,1.271,1.262,1.287,1.246,1.249,-0.022,-1.7309,859082.13,109148.617
512400.SH,20220714,1.271,1.26,1.283,1.248,1.271,0.0,0.0,799007.73,100970.312
512400.SH,20220713,1.265,1.259,1.274,1.237,1.271,0.006,0.4743,1094908.26,137432.727
512400.SH,20220712,1.282,1.279,1.298,1.258,1.265,-0.017,-1.3261,810613.0,103615.382
512400.SH,20220711,1.338,1.329,1.332,1.269,1.282,-0.056,-4.1854,960672.87,123947.302
512400.SH,20220708,1.348,1.353,1.366,1.335,1.338,-0.01,-0.7418,880005.48,119032.9
512400.SH,20220707,1.337,1.335,1.356,1.321,1.348,0.011,0.8227,761234.93,101878.89
512400.SH,20220706,1.376,1.353,1.361,1.321,1.337,-0.039,-2.8343,1031995.4,138505.539
512400.SH,20220705,1.361,1.361,1.381,1.348,1.376,0.015,1.1021,1269879.04,173344.673
512400.SH,20220704,1.342,1.324,1.366,1.324,1.361,0.019,1.4158,984894.63,132820.211
512400.SH,20220701,1.314,1.314,1.349,1.3,1.342,0.028,2.1309,1878670.89,249559.551
512400.SH,20220630,1.288,1.292,1.323,1.291,1.314,0.026,2.0186,1146277.28,150417.925
512400.SH,20220629,1.345,1.34,1.34,1.287,1.288,-0.057,-4.2379,1489284.21,195227.034
512400.SH,20220628,1.322,1.322,1.346,1.313,1.345,0.023,1.7398,1067914.0,141798.793
512400.SH,20220627,1.277,1.272,1.339,1.27,1.322,0.045,3.5239,1636390.09,214464.983
512400.SH,20220624,1.285,1.276,1.282,1.264,1.277,-0.008,-0.6226,1350410.5,172093.474
512400.SH,20220623,1.262,1.263,1.286,1.236,1.285,0.023,1.8225,1061737.34,134217.511
512400.SH,20220622,1.269,1.267,1.286,1.262,1.262,-0.007,-0.5516,1070994.51,136346.053
512400.SH,20220621,1.319,1.312,1.312,1.253,1.269,-0.05,-3.7908,1615996.0,206444.39
512400.SH,20220620,1.333,1.335,1.336,1.302,1.319,-0.014,-1.0503,1232689.86,162196.035
512400.SH,20220617,1.292,1.283,1.333,1.28,1.333,0.041,3.1734,1491493.82,196381.304
512400.SH,20220616,1.293,1.293,1.313,1.285,1.292,-0.001,-0.0773,950962.5,123672.357
512400.SH,20220615,1.301,1.299,1.318,1.284,1.293,-0.008,-0.6149,1084790.0,141074.467
512400.SH,20220614,1.31,1.287,1.302,1.256,1.301,-0.009,-0.687,1053572.97,135120.338
512400.SH,20220613,1.284,1.271,1.323,1.269,1.31,0.026,2.0249,1511075.79,196827.136
512400.SH,20220610,1.253,1.237,1.286,1.235,1.284,0.031,2.4741,833644.82,104950.453
512400.SH,20220609,1.268,1.255,1.268,1.24,1.253,-0.015,-1.183,1018413.85,127912.861
512400.SH,20220608,1.241,1.244,1.276,1.232,1.268,0.027,2.1757,1458763.48,183535.183
512400.SH,20220607,1.242,1.242,1.252,1.227,1.241,-0.001,-0.0805,826903.57,102437.16
512400.SH,20220606,1.18,1.18,1.245,1.18,1.242,0.062,5.2542,1226061.69,149391.363
512400.SH,20220602,1.163,1.159,1.187,1.153,1.18,0.017,1.4617,1182714.98,139067.49
512400.SH,20220601,1.179,1.166,1.168,1.15,1.163,-0.016,-1.3571,1498227.0,173659.434
512400.SH,20220531,1.17,1.17,1.18,1.149,1.179,0.009,0.7692,985758.84,114956.461
512400.SH,20220530,1.165,1.165,1.178,1.16,1.17,0.005,0.4292,739298.0,86482.851
512400.SH,20220527,1.17,1.179,1.185,1.153,1.165,-0.005,-0.4274,1095972.0,128635.53
512400.SH,20220526,1.168,1.169,1.179,1.14,1.17,0.002,0.1712,859105.0,99891.367
512400.SH,20220525,1.157,1.154,1.173,1.145,1.168,0.011,0.9507,939017.0,108949.814
512400.SH,20220524,1.199,1.194,1.204,1.154,1.157,-0.042,-3.5029,1041568.18,123273.068
512400.SH,20220523,1.17,1.175,1.203,1.166,1.199,0.029,2.4786,1144488.18,135650.112
512400.SH,20220520,1.136,1.149,1.172,1.136,1.17,0.034,2.993,1380740.0,159550.558
512400.SH,20220519,1.124,1.107,1.136,1.096,1.136,0.012,1.0676,947872.0,106134.838
512400.SH,20220518,1.129,1.132,1.135,1.119,1.124,-0.005,-0.4429,937918.61,105597.087
512400.SH,20220517,1.094,1.094,1.134,1.093,1.129,0.035,3.1993,1201917.6,134290.612
512400.SH,20220516,1.091,1.099,1.115,1.09,1.094,0.003,0.275,923950.99,101571.22
512400.SH,20220513,1.086,1.09,1.095,1.074,1.091,0.005,0.4604,1401329.72,152252.381
512400.SH,20220512,1.098,1.083,1.097,1.074,1.086,-0.012,-1.0929,2049903.7,223319.414
512400.SH,20220511,1.074,1.069,1.115,1.064,1.098,0.024,2.2346,5221639.16,564143.324
512400.SH,20220510,1.062,1.041,1.075,1.033,1.074,0.012,1.1299,4127298.72,439409.655
512400.SH,20220509,1.057,1.046,1.069,1.043,1.062,0.005,0.473,1354068.0,142907.103
512400.SH,20220506,1.098,1.064,1.071,1.048,1.057,-0.041,-3.7341,909724.72,96337.638
512400.SH,20220505,1.1,1.1,1.11,1.082,1.098,-0.002,-0.1818,667649.0,73192.707
512400.SH,20220429,1.047,1.054,1.102,1.05,1.1,0.053,5.0621,1055816.0,113296.402
512400.SH,20220428,1.054,1.046,1.07,1.037,1.047,-0.007,-0.6641,927821.0,97502.409
512400.SH,20220427,0.975,0.96,1.06,0.959,1.054,0.079,8.1026,1679023.0,168613.498
512400.SH,20220426,1.007,1.004,1.012,0.968,0.975,-0.032,-3.1778,1451754.63,144110.241
512400.SH,20220425,1.098,1.07,1.072,1.003,1.007,-0.091,-8.2878,1816581.0,187801.88
512400.SH,20220422,1.104,1.092,1.108,1.076,1.098,-0.006,-0.5435,1225511.0,134102.602
512400.SH,20220421,1.152,1.152,1.158,1.099,1.104,-0.048,-4.1667,1234649.31,139140.076
512400.SH,20220420,1.201,1.2,1.2,1.151,1.152,-0.049,-4.0799,1777764.0,207098.071
512400.SH,20220419,1.196,1.2,1.214,1.196,1.201,0.005,0.4181,951497.0,114645.796
512400.SH,20220418,1.204,1.193,1.199,1.168,1.196,-0.008,-0.6645,988746.0,116994.504
512400.SH,20220415,1.235,1.216,1.226,1.197,1.204,-0.031,-2.5101,942234.0,114163.501
512400.SH,20220414,1.229,1.23,1.241,1.217,1.235,0.006,0.4882,1003239.0,123342.804
512400.SH,20220413,1.194,1.192,1.239,1.185,1.229,0.035,2.9313,1589108.0,193475.983
512400.SH,20220412,1.175,1.169,1.195,1.164,1.194,0.019,1.617,1451116.0,171304.848
512400.SH,20220411,1.239,1.231,1.231,1.169,1.175,-0.064,-5.1655,908268.0,108200.088
512400.SH,20220408,1.234,1.23,1.249,1.216,1.239,0.005,0.4052,827394.0,102321.206
512400.SH,20220407,1.247,1.237,1.254,1.231,1.234,-0.013,-1.0425,772277.0,95712.39
512400.SH,20220406,1.254,1.248,1.252,1.226,1.247,-0.007,-0.5582,781630.0,96541.152
512400.SH,20220401,1.246,1.238,1.265,1.231,1.254,0.008,0.6421,874583.95,109315.04
512400.SH,20220331,1.275,1.274,1.274,1.235,1.246,-0.029,-2.2745,798124.0,99922.036
512400.SH,20220330,1.256,1.261,1.276,1.249,1.275,0.019,1.5127,833516.0,105361.066
512400.SH,20220329,1.256,1.255,1.268,1.246,1.256,0.0,0.0,824521.0,103822.908
512400.SH,20220328,1.273,1.259,1.274,1.234,1.256,-0.017,-1.3354,940684.0,118048.255
512400.SH,20220325,1.292,1.289,1.304,1.27,1.273,-0.019,-1.4706,980340.0,126333.471
512400.SH,20220324,1.275,1.277,1.3,1.267,1.292,0.017,1.3333,1249334.0,160226.879
512400.SH,20220323,1.281,1.281,1.286,1.267,1.275,-0.006,-0.4684,744519.0,94984.435
512400.SH,20220322,1.274,1.271,1.298,1.26,1.281,0.007,0.5495,902489.05,115870.066
512400.SH,20220321,1.247,1.262,1.284,1.242,1.274,0.027,2.1652,813013.0,103074.2
512400.SH,20220318,1.238,1.228,1.251,1.225,1.247,0.009,0.727,775591.0,95870.639
512400.SH,20220317,1.219,1.235,1.26,1.233,1.238,0.019,1.5587,1041367.0,129591.04
512400.SH,20220316,1.171,1.198,1.226,1.15,1.219,0.048,4.0991,1519515.0,181341.472
512400.SH,20220315,1.232,1.217,1.229,1.17,1.171,-0.061,-4.9513,1300557.0,156187.8
512400.SH,20220314,1.283,1.26,1.268,1.231,1.232,-0.051,-3.9751,734712.61,91904.517
512400.SH,20220311,1.288,1.268,1.287,1.241,1.283,-0.005,-0.3882,847474.0,106767.483
512400.SH,20220310,1.266,1.278,1.306,1.266,1.288,0.022,1.7378,1398464.64,179457.421
512400.SH,20220309,1.303,1.297,1.297,1.219,1.266,-0.037,-2.8396,2130758.0,269154.468
512400.SH,20220308,1.381,1.381,1.381,1.288,1.303,-0.078,-5.6481,2001218.62,266081.029
512400.SH,20220307,1.385,1.395,1.407,1.37,1.381,-0.004,-0.2888,1000367.69,139077.105
512400.SH,20220304,1.412,1.406,1.419,1.377,1.385,-0.027,-1.9122,1396886.0,195141.408
512400.SH,20220303,1.416,1.425,1.435,1.41,1.412,-0.004,-0.2825,2244011.0,319437.34
512400.SH,20220302,1.397,1.396,1.424,1.391,1.416,0.019,1.3601,1892568.97,266570.977
512400.SH,20220301,1.431,1.431,1.431,1.382,1.397,-0.034,-2.376,1632157.13,228494.94
512400.SH,20220228,1.399,1.402,1.431,1.4,1.431,0.032,2.2873,1136902.36,160972.76
512400.SH,20220225,1.381,1.39,1.418,1.381,1.399,0.018,1.3034,1190567.0,166893.592
512400.SH,20220224,1.397,1.389,1.403,1.363,1.381,-0.016,-1.1453,1060518.07,147183.797
512400.SH,20220223,1.392,1.385,1.399,1.377,1.397,0.005,0.3592,1304351.0,181387.868
512400.SH,20220222,1.361,1.377,1.393,1.365,1.392,0.031,2.2777,1388004.0,191387.261
512400.SH,20220221,1.367,1.369,1.376,1.347,1.361,-0.006,-0.4389,1368795.0,186337.037
512400.SH,20220218,1.372,1.364,1.372,1.355,1.367,-0.005,-0.3644,1163084.0,158495.316
512400.SH,20220217,1.325,1.321,1.375,1.318,1.372,0.047,3.5472,1624285.0,220018.943
512400.SH,20220216,1.318,1.319,1.34,1.312,1.325,0.007,0.5311,1148481.8,152222.092
512400.SH,20220215,1.307,1.31,1.32,1.289,1.318,0.011,0.8416,1253464.41,163797.61
512400.SH,20220214,1.295,1.288,1.323,1.288,1.307,0.012,0.9266,1293284.0,168981.148
512400.SH,20220211,1.298,1.296,1.33,1.283,1.295,-0.003,-0.2311,1806239.21,236215.993
512400.SH,20220210,1.288,1.292,1.307,1.282,1.298,0.01,0.7764,1561566.0,202472.875
512400.SH,20220209,1.244,1.25,1.288,1.248,1.288,0.044,3.537,1524787.0,193781.262
512400.SH,20220208,1.244,1.247,1.247,1.208,1.244,0.0,0.0,931668.9,114580.674
512400.SH,20220207,1.202,1.23,1.262,1.228,1.244,0.042,3.4942,1273947.0,158893.676
512400.SH,20220128,1.231,1.232,1.24,1.181,1.202,-0.029,-2.3558,1162876.0,140039.086
512400.SH,20220127,1.261,1.266,1.273,1.229,1.231,-0.03,-2.3791,866472.0,108470.895
512400.SH,20220126,1.253,1.262,1.275,1.246,1.261,0.008,0.6385,875079.0,110487.387
512400.SH,20220125,1.284,1.276,1.293,1.252,1.253,-0.031,-2.4143,1078373.0,137771.159
512400.SH,20220124,1.265,1.255,1.294,1.247,1.284,0.019,1.502,1344789.0,170954.027
512400.SH,20220121,1.255,1.252,1.274,1.241,1.265,0.01,0.7968,1444392.92,182414.126
512400.SH,20220120,1.265,1.269,1.283,1.25,1.255,-0.01,-0.7905,1027719.08,130308.503
512400.SH,20220119,1.297,1.293,1.297,1.256,1.265,-0.032,-2.4672,1183936.0,150652.933
512400.SH,20220118,1.287,1.287,1.305,1.278,1.297,0.01,0.777,929914.9,120373.818
512400.SH,20220117,1.299,1.293,1.293,1.273,1.287,-0.012,-0.9238,1075317.7,137956.689
512400.SH,20220114,1.298,1.295,1.303,1.283,1.299,0.001,0.077,935415.0,120836.935
512400.SH,20220113,1.329,1.333,1.335,1.298,1.298,-0.031,-2.3326,1687772.0,221974.865
512400.SH,20220112,1.278,1.301,1.33,1.299,1.329,0.051,3.9906,2049724.0,269715.138
512400.SH,20220111,1.282,1.28,1.292,1.273,1.278,-0.004,-0.312,871350.0,111688.055
512400.SH,20220110,1.27,1.27,1.29,1.263,1.282,0.012,0.9449,1001238.18,128260.882
512400.SH,20220107,1.301,1.295,1.299,1.262,1.27,-0.031,-2.3828,1203155.0,153646.292
512400.SH,20220106,1.284,1.278,1.306,1.274,1.301,0.017,1.324,1061506.0,136778.799
512400.SH,20220105,1.319,1.309,1.317,1.28,1.284,-0.035,-2.6535,1136738.0,147134.506
512400.SH,20220104,1.349,1.356,1.359,1.309,1.319,-0.03,-2.2239,1082069.0,143745.872
512400.SH,20211231,1.331,1.334,1.354,1.332,1.349,0.018,1.3524,1141541.0,153460.029
512400.SH,20211230,1.329,1.331,1.342,1.327,1.331,0.002,0.1505,855538.0,114027.303
512400.SH,20211229,1.338,1.335,1.353,1.328,1.329,-0.009,-0.6726,1053026.3,141262.149
512400.SH,20211228,1.299,1.3,1.339,1.3,1.338,0.039,3.0023,1475184.0,194915.368
512400.SH,20211227,1.302,1.302,1.313,1.289,1.299,-0.003,-0.2304,2119934.0,276316.816
512400.SH,20211224,1.354,1.356,1.361,1.3,1.302,-0.052,-3.8405,1794909.83,236816.47
512400.SH,20211223,1.35,1.364,1.367,1.349,1.354,0.004,0.2963,1085077.99,147038.285
512400.SH,20211222,1.352,1.356,1.362,1.345,1.35,-0.002,-0.1479,861104.0,116504.611
512400.SH,20211221,1.348,1.345,1.356,1.336,1.352,0.004,0.2967,780946.0,105155.726
512400.SH,20211220,1.388,1.38,1.397,1.346,1.348,-0.04,-2.8818,1248669.0,170711.827
512400.SH,20211217,1.403,1.403,1.418,1.386,1.388,-0.015,-1.0691,1176583.77,164828.754
512400.SH,20211216,1.391,1.391,1.405,1.378,1.403,0.012,0.8627,1050891.02,146428.55
512400.SH,20211215,1.417,1.415,1.423,1.386,1.391,-0.026,-1.8349,1307185.0,183259.876
512400.SH,20211214,1.46,1.454,1.454,1.414,1.417,-0.043,-2.9452,1516154.0,216157.243
512400.SH,20211213,1.459,1.46,1.46,1.435,1.46,0.001,0.0685,1083199.32,156936.317
512400.SH,20211210,1.445,1.435,1.46,1.431,1.459,0.014,0.9689,961777.83,139549.423
512400.SH,20211209,1.446,1.448,1.453,1.436,1.445,-0.001,-0.0692,977735.0,141255.767
512400.SH,20211208,1.422,1.426,1.448,1.424,1.446,0.024,1.6878,980872.77,141090.244
512400.SH,20211207,1.438,1.449,1.453,1.401,1.422,-0.016,-1.1127,1266858.77,180161.706
512400.SH,20211206,1.46,1.46,1.466,1.436,1.438,-0.022,-1.5068,990626.67,144089.96
512400.SH,20211203,1.445,1.445,1.463,1.428,1.46,0.015,1.0381,982328.64,142312.347
512400.SH,20211202,1.445,1.443,1.456,1.428,1.445,0.0,0.0,960035.0,138552.488
512400.SH,20211201,1.452,1.452,1.458,1.427,1.445,-0.007,-0.4821,957848.68,138148.715
512400.SH,20211130,1.466,1.481,1.486,1.445,1.452,-0.014,-0.955,920895.07,134635.285
512400.SH,20211129,1.458,1.43,1.468,1.426,1.466,0.008,0.5487,1148020.07,166788.879
512400.SH,20211126,1.444,1.438,1.477,1.431,1.458,0.014,0.9695,1105528.07,161442.855
512400.SH,20211125,1.446,1.45,1.46,1.438,1.444,-0.002,-0.1383,1148560.64,166563.197
512400.SH,20211124,1.423,1.423,1.452,1.421,1.446,0.023,1.6163,1690679.0,243059.531
512400.SH,20211123,1.426,1.436,1.441,1.422,1.423,-0.003,-0.2104,1903382.07,272228.885
512400.SH,20211122,1.384,1.388,1.427,1.386,1.426,0.042,3.0347,1778977.51,251576.919
512400.SH,20211119,1.371,1.365,1.385,1.36,1.384,0.013,0.9482,1293786.79,177909.545
512400.SH,20211118,1.354,1.348,1.387,1.338,1.371,0.017,1.2555,1456417.24,198653.918
512400.SH,20211117,1.321,1.316,1.355,1.316,1.354,0.033,2.4981,1321552.55,177565.889
512400.SH,20211116,1.344,1.337,1.347,1.318,1.321,-0.023,-1.7113,1023030.0,136111.519
512400.SH,20211115,1.377,1.376,1.376,1.336,1.344,-0.033,-2.3965,1073602.54,144590.771
512400.SH,20211112,1.376,1.379,1.394,1.373,1.377,0.001,0.0727,1378898.0,190487.739
512400.SH,20211111,1.367,1.363,1.378,1.356,1.376,0.009,0.6584,1175733.0,160929.965
512400.SH,20211110,1.394,1.39,1.39,1.343,1.367,-0.027,-1.9369,1388896.58,189270.36
512400.SH,20211109,1.39,1.396,1.398,1.38,1.394,0.004,0.2878,1144645.0,158789.594
512400.SH,20211108,1.333,1.339,1.392,1.339,1.39,0.057,4.2761,1858123.09,254836.404
512400.SH,20211105,1.346,1.34,1.365,1.332,1.333,-0.013,-0.9658,1431924.0,193256.144
512400.SH,20211104,1.341,1.339,1.348,1.33,1.346,0.005,0.3729,1139552.99,152615.438
512400.SH,20211103,1.345,1.342,1.343,1.312,1.341,-0.004,-0.2974,1313927.0,174521.342
512400.SH,20211102,1.361,1.369,1.38,1.327,1.345,-0.016,-1.1756,1660439.0,224750.519
512400.SH,20211101,1.38,1.376,1.387,1.351,1.361,-0.019,-1.3768,1170008.0,159762.557
512400.SH,20211029,1.369,1.374,1.387,1.363,1.38,0.011,0.8035,1200049.0,165318.711
512400.SH,20211028,1.426,1.41,1.423,1.365,1.369,-0.057,-3.9972,1453146.39,201787.84
512400.SH,20211027,1.443,1.44,1.45,1.415,1.426,-0.017,-1.1781,845570.0,120989.179
512400.SH,20211026,1.435,1.441,1.463,1.438,1.443,0.008,0.5575,1143823.0,165958.793
512400.SH,20211025,1.412,1.405,1.437,1.392,1.435,0.023,1.6289,1212749.0,171852.457
512400.SH,20211022,1.46,1.446,1.457,1.406,1.412,-0.048,-3.2877,1445064.49,206577.05
512400.SH,20211021,1.444,1.456,1.48,1.447,1.46,0.016,1.108,1440114.62,210848.434
512400.SH,20211020,1.452,1.419,1.463,1.411,1.444,-0.008,-0.551,1600858.85,230807.008
512400.SH,20211019,1.452,1.443,1.454,1.425,1.452,0.0,0.0,1342480.0,193598.597
512400.SH,20211018,1.412,1.425,1.452,1.405,1.452,0.04,2.8329,1983152.81,283978.209
512400.SH,20211015,1.401,1.401,1.419,1.386,1.412,0.011,0.7852,1320027.44,185437.152
512400.SH,20211014,1.365,1.371,1.411,1.369,1.401,0.036,2.6374,1879316.46,262276.904
512400.SH,20211013,1.346,1.342,1.37,1.337,1.365,0.019,1.4116,1321695.0,178696.403
512400.SH,20211012,1.388,1.382,1.388,1.323,1.346,-0.042,-3.0259,1330947.2,179769.431
512400.SH,20211011,1.367,1.373,1.394,1.351,1.388,0.021,1.5362,1232344.6,170005.03
512400.SH,20211008,1.378,1.407,1.415,1.355,1.367,-0.011,-0.7983,2303621.09,315560.884
512400.SH,20210930,1.346,1.356,1.382,1.352,1.378,0.032,2.3774,1865519.75,255741.613
512400.SH,20210929,1.4,1.382,1.394,1.336,1.346,-0.054,-3.8571,2152656.29,293079.475
512400.SH,20210928,1.408,1.4,1.415,1.387,1.4,-0.008,-0.5682,2379897.0,333411.991
512400.SH,20210927,1.493,1.48,1.484,1.39,1.408,-0.085,-5.6932,2088986.0,297500.981
512400.SH,20210924,1.546,1.549,1.567,1.489,1.493,-0.053,-3.4282,1440751.0,219062.905
512400.SH,20210923,1.544,1.56,1.57,1.533,1.546,0.002,0.1295,2277830.0,353390.299
512400.SH,20210922,1.542,1.512,1.552,1.512,1.544,0.002,0.1297,1687365.0,259404.215
512400.SH,20210917,1.592,1.574,1.599,1.496,1.542,-0.05,-3.1407,2466406.57,382734.313
512400.SH,20210916,1.668,1.676,1.688,1.587,1.592,-0.076,-4.5564,2495247.71,406741.096
512400.SH,20210915,1.654,1.641,1.676,1.628,1.668,0.014,0.8464,1859113.61,308419.346
512400.SH,20210914,1.715,1.678,1.7,1.637,1.654,-0.061,-3.5569,2502683.28,417154.741
512400.SH,20210913,1.67,1.692,1.717,1.658,1.715,0.045,2.6946,2474392.84,419109.136
512400.SH,20210910,1.631,1.634,1.696,1.622,1.67,0.039,2.3912,2495740.0,414686.367
512400.SH,20210909,1.581,1.578,1.634,1.578,1.631,0.05,3.1626,2788467.0,447521.01
512400.SH,20210908,1.581,1.57,1.608,1.565,1.581,0.0,0.0,2002952.0,317564.354
512400.SH,20210907,1.548,1.542,1.594,1.531,1.581,0.033,2.1318,2043753.0,319968.096
512400.SH,20210906,1.53,1.54,1.551,1.489,1.548,0.018,1.1765,2411752.0,367730.707
512400.SH,20210903,1.588,1.572,1.603,1.514,1.53,-0.058,-3.6524,2655399.0,412210.465
512400.SH,20210902,1.556,1.532,1.605,1.532,1.588,0.032,2.0566,2603625.11,409758.016
512400.SH,20210901,1.671,1.676,1.7,1.548,1.556,-0.115,-6.8821,5201592.59,836803.798
512400.SH,20210831,1.639,1.63,1.675,1.601,1.671,0.032,1.9524,3278197.0,537192.449
512400.SH,20210830,1.591,1.599,1.659,1.594,1.639,0.048,3.017,2822566.32,458906.961
512400.SH,20210827,1.542,1.537,1.599,1.521,1.591,0.049,3.1777,2228240.0,349242.969
512400.SH,20210826,1.523,1.523,1.566,1.515,1.542,0.019,1.2475,1906279.0,294339.262
512400.SH,20210825,1.5,1.5,1.526,1.466,1.523,0.023,1.5333,1638177.0,245891.076
512400.SH,20210824,1.46,1.463,1.523,1.462,1.5,0.04,2.7397,1753256.17,262784.63
512400.SH,20210823,1.419,1.43,1.47,1.417,1.46,0.041,2.8894,1509788.0,218215.799
512400.SH,20210820,1.424,1.407,1.434,1.39,1.419,-0.005,-0.3511,1707484.68,241104.033
512400.SH,20210819,1.415,1.398,1.438,1.371,1.424,0.009,0.636,1610211.68,225686.088
512400.SH,20210818,1.402,1.401,1.44,1.383,1.415,0.013,0.9272,1876577.43,264490.447
512400.SH,20210817,1.417,1.414,1.446,1.39,1.402,-0.015,-1.0586,1961610.0,278997.878
512400.SH,20210816,1.48,1.472,1.475,1.411,1.417,-0.063,-4.2568,2525292.23,362125.769
512400.SH,20210813,1.467,1.454,1.5,1.439,1.48,0.013,0.8862,2522061.67,372570.652
512400.SH,20210812,1.435,1.435,1.475,1.424,1.467,0.032,2.23,2357743.85,342514.591
512400.SH,20210811,1.41,1.413,1.449,1.404,1.435,0.025,1.773,2647506.38,377993.368
512400.SH,20210810,1.421,1.409,1.437,1.382,1.41,-0.011,-0.7741,1965138.0,277400.38
512400.SH,20210809,1.45,1.419,1.427,1.384,1.421,-0.029,-2.0,2278800.0,320838.678
512400.SH,20210806,1.401,1.425,1.458,1.413,1.45,0.049,3.4975,2237289.0,322211.924
512400.SH,20210805,1.425,1.402,1.424,1.378,1.401,-0.024,-1.6842,1671459.55,233799.311
512400.SH,20210804,1.357,1.358,1.428,1.352,1.425,0.068,5.0111,2398478.51,334413.191
512400.SH,20210803,1.442,1.418,1.429,1.346,1.357,-0.085,-5.8946,2740494.49,379305.984
512400.SH,20210802,1.44,1.457,1.477,1.396,1.442,0.002,0.1389,2873158.78,412739.798
512400.SH,20210730,1.425,1.425,1.45,1.396,1.44,0.015,1.0526,2900381.53,412797.801
512400.SH,20210729,1.341,1.376,1.428,1.363,1.425,0.084,6.264,2767005.14,385511.045
512400.SH,20210728,1.376,1.348,1.384,1.308,1.341,-0.035,-2.5436,3129850.42,421834.757
512400.SH,20210727,1.448,1.458,1.494,1.366,1.376,-0.072,-4.9724,4721278.58,681074.065
512400.SH,20210726,1.43,1.441,1.46,1.39,1.448,0.018,1.2587,3189171.44,457922.87
512400.SH,20210723,1.43,1.43,1.48,1.419,1.43,0.0,0.0,2727186.0,394266.97
512400.SH,20210722,1.401,1.41,1.438,1.391,1.43,0.029,2.07,2236011.1,316250.491
512400.SH,20210721,1.334,1.346,1.402,1.339,1.401,0.067,5.0225,2319241.69,318911.138
512400.SH,20210720,1.331,1.304,1.343,1.302,1.334,0.003,0.2254,2256784.09,299526.619
512400.SH,20210719,1.343,1.336,1.378,1.322,1.331,-0.012,-0.8935,2791747.74,377218.125
512400.SH,20210716,1.34,1.33,1.381,1.324,1.343,0.003,0.2239,3132349.2,424474.797
512400.SH,20210715,1.3,1.296,1.347,1.276,1.34,0.04,3.0769,2630927.04,345655.163
512400.SH,20210714,1.347,1.33,1.333,1.293,1.3,-0.047,-3.4892,2502971.45,327683.371
512400.SH,20210713,1.347,1.349,1.351,1.318,1.347,0.0,0.0,2881027.01,384449.407
512400.SH,20210712,1.31,1.334,1.366,1.316,1.347,0.037,2.8244,3852517.32,517883.36
512400.SH,20210709,1.23,1.23,1.312,1.223,1.31,0.08,6.5041,3342098.56,425442.862
512400.SH,20210708,1.228,1.231,1.257,1.229,1.23,0.002,0.1629,3155496.97,392711.639
512400.SH,20210707,1.19,1.172,1.23,1.158,1.228,0.038,3.1933,3447303.8,415468.356
512400.SH,20210706,1.183,1.19,1.203,1.163,1.19,0.007,0.5917,3048262.67,361449.83
512400.SH,20210705,1.124,1.131,1.185,1.131,1.183,0.059,5.2491,3650881.52,426678.586
512400.SH,20210702,1.11,1.106,1.139,1.103,1.124,0.014,1.2613,2480244.99,279217.439
512400.SH,20210701,1.13,1.131,1.134,1.109,1.11,-0.02,-1.7699,1530605.75,171470.387
512400.SH,20210630,1.111,1.111,1.135,1.11,1.13,0.019,1.7102,1669123.0,188219.418
512400.SH,20210629,1.129,1.129,1.135,1.109,1.111,-0.018,-1.5943,1338797.07,149774.577
512400.SH,20210628,1.139,1.137,1.144,1.123,1.129,-0.01,-0.878,1477199.39,167460.104
512400.SH,20210625,1.109,1.111,1.144,1.108,1.139,0.03,2.7051,2128683.1,240123.581
512400.SH,20210624,1.117,1.122,1.124,1.102,1.109,-0.008,-0.7162,1362183.0,151322.654
512400.SH,20210623,1.097,1.097,1.122,1.094,1.117,0.02,1.8232,2065232.41,229262.832
512400.SH,20210622,1.091,1.096,1.105,1.083,1.097,0.006,0.55,1612987.0,176532.041
512400.SH,20210621,1.1,1.089,1.104,1.083,1.091,-0.009,-0.8182,1695107.52,185415.133
512400.SH,20210618,1.076,1.061,1.1,1.051,1.1,0.024,2.2305,2522219.81,271857.071
512400.SH,20210617,1.071,1.061,1.085,1.061,1.076,0.005,0.4669,1946254.66,209744.341
512400.SH,20210616,1.12,1.11,1.112,1.068,1.071,-0.049,-4.375,3284069.61,356784.873
512400.SH,20210615,1.163,1.157,1.158,1.115,1.12,-0.043,-3.6973,2538045.0,285930.071
512400.SH,20210611,1.159,1.156,1.169,1.137,1.163,0.004,0.3451,3366008.0,389493.079
512400.SH,20210610,1.15,1.148,1.164,1.147,1.159,0.009,0.7826,1881922.98,217637.71
512400.SH,20210609,1.146,1.152,1.16,1.142,1.15,0.004,0.349,1856103.82,213634.786
512400.SH,20210608,1.174,1.171,1.185,1.142,1.146,-0.028,-2.385,2353502.28,272573.718
512400.SH,20210607,1.179,1.176,1.189,1.166,1.174,-0.005,-0.4241,1542387.55,181600.291
512400.SH,20210604,1.184,1.156,1.193,1.15,1.179,-0.005,-0.4223,2367957.15,277538.928
512400.SH,20210603,1.182,1.18,1.204,1.173,1.184,0.002,0.1692,2794964.15,331973.689
512400.SH,20210602,1.199,1.192,1.21,1.177,1.182,-0.017,-1.4178,3280584.15,390756.699
512400.SH,20210601,1.198,1.191,1.202,1.173,1.199,0.001,0.0835,2908767.51,345489.635
512400.SH,20210531,1.168,1.18,1.203,1.177,1.198,0.03,2.5685,3194815.54,381657.21
512400.SH,20210528,1.151,1.171,1.182,1.162,1.168,0.017,1.477,4364027.95,512076.157
512400.SH,20210527,1.153,1.15,1.152,1.141,1.151,-0.002,-0.1735,2631139.06,301687.158
512400.SH,20210526,1.141,1.138,1.156,1.133,1.153,0.012,1.0517,4315578.0,494863.441
512400.SH,20210525,1.128,1.132,1.142,1.112,1.141,0.013,1.1525,3728171.45,421913.323
512400.SH,20210524,1.136,1.13,1.142,1.121,1.128,-0.008,-0.7042,2330836.31,263152.657
512400.SH,20210521,1.131,1.128,1.152,1.123,1.136,0.005,0.4421,2977129.21,338406.63
512400.SH,20210520,1.166,1.133,1.144,1.119,1.131,-0.035,-3.0017,3225968.1,364711.566
512400.SH,20210519,1.159,1.142,1.17,1.139,1.166,0.007,0.604,3322696.64,384679.605
512400.SH,20210518,1.147,1.16,1.176,1.152,1.159,0.012,1.0462,3393898.0,394920.63
512400.SH,20210517,1.115,1.11,1.154,1.11,1.147,0.032,2.87,4493474.99,509747.467
512400.SH,20210514,1.107,1.107,1.116,1.089,1.115,0.008,0.7227,4353216.66,481001.722
512400.SH,20210513,1.166,1.135,1.136,1.104,1.107,-0.059,-5.06,4576503.16,512547.704
512400.SH,20210512,1.16,1.15,1.173,1.144,1.166,0.006,0.5172,4030077.78,468025.37
512400.SH,20210511,1.217,1.18,1.181,1.133,1.16,-0.057,-4.6836,6005635.88,694248.322
512400.SH,20210510,1.156,1.18,1.218,1.171,1.217,0.061,5.2768,5244790.38,626485.567
512400.SH,20210507,1.126,1.137,1.18,1.137,1.156,0.03,2.6643,4906133.79,568755.586
512400.SH,20210506,1.096,1.116,1.133,1.1,1.126,0.03,2.7372,3671966.76,411577.776
512400.SH,20210430,1.102,1.094,1.109,1.084,1.096,-0.006,-0.5445,2966342.33,324675.452
512400.SH,20210429,1.09,1.096,1.108,1.078,1.102,0.012,1.1009,3192068.61,349838.811
512400.SH,20210428,1.088,1.079,1.095,1.064,1.09,0.002,0.1838,2253899.99,244101.892
512400.SH,20210427,1.087,1.092,1.102,1.069,1.088,0.001,0.092,2870900.99,312341.64
512400.SH,20210426,1.076,1.089,1.11,1.082,1.087,0.011,1.0223,3954643.36,433734.471
512400.SH,20210423,1.067,1.058,1.08,1.056,1.076,0.009,0.8435,2420568.46,259303.417
512400.SH,20210422,1.063,1.071,1.078,1.062,1.067,0.004,0.3763,2240148.46,239553.202
512400.SH,20210421,1.068,1.055,1.067,1.047,1.063,-0.005,-0.4682,1978654.48,209456.784
512400.SH,20210420,1.078,1.068,1.085,1.061,1.068,-0.01,-0.9276,2832897.34,303623.451
512400.SH,20210419,1.041,1.035,1.08,1.026,1.078,0.037,3.5543,3892233.72,412839.133
512400.SH,20210416,1.045,1.058,1.059,1.035,1.041,-0.004,-0.3828,2896289.0,302896.174
512400.SH,20210415,1.03,1.034,1.048,1.021,1.045,0.015,1.4563,3333065.0,344794.615
512400.SH,20210414,1.007,1.008,1.031,1.007,1.03,0.023,2.284,2476704.58,252814.812
512400.SH,20210413,1.013,1.006,1.014,0.996,1.007,-0.006,-0.5923,2038643.45,205166.058
512400.SH,20210412,1.057,1.05,1.054,1.008,1.013,-0.044,-4.1627,2736082.83,280798.096
512400.SH,20210409,1.061,1.062,1.072,1.05,1.057,-0.004,-0.377,2807251.44,297621.572
512400.SH,20210408,1.047,1.04,1.072,1.036,1.061,0.014,1.3372,3555043.27,375954.05
512400.SH,20210407,1.033,1.033,1.048,1.021,1.047,0.014,1.3553,2912683.27,301855.181
512400.SH,20210406,1.03,1.04,1.048,1.033,1.033,0.003,0.2913,2432814.0,253112.958
512400.SH,20210402,1.02,1.023,1.033,1.012,1.03,0.01,0.9804,2589372.61,265052.084
512400.SH,20210401,1.01,1.013,1.023,1.007,1.02,0.01,0.9901,1772969.95,180175.501
512400.SH,20210331,1.038,1.028,1.028,1.002,1.01,-0.028,-2.6975,2074097.67,209857.482
512400.SH,20210330,1.021,1.014,1.042,1.003,1.038,0.017,1.665,3224487.09,331338.134
512400.SH,20210329,1.024,1.029,1.033,1.01,1.021,-0.003,-0.293,2268503.6,231683.753
512400.SH,20210326,0.991,0.99,1.029,0.99,1.024,0.033,3.33,3098830.67,313500.903
512400.SH,20210325,0.982,0.98,1.001,0.98,0.991,0.009,0.9165,3516511.84,348810.818
512400.SH,20210324,1.025,1.013,1.022,0.981,0.982,-0.043,-4.1951,3899369.89,386747.948
512400.SH,20210323,1.067,1.071,1.072,1.018,1.025,-0.042,-3.9363,3424780.0,354970.468
512400.SH,20210322,1.065,1.062,1.08,1.05,1.067,0.002,0.1878,2328084.0,248262.162
512400.SH,20210319,1.09,1.06,1.077,1.05,1.065,-0.025,-2.2936,2754127.15,293200.399
512400.SH,20210318,1.089,1.101,1.106,1.087,1.09,0.001,0.0918,2785267.0,305027.123
512400.SH,20210317,1.082,1.065,1.093,1.051,1.089,0.007,0.647,3304789.0,356170.229
512400.SH,20210316,1.109,1.109,1.109,1.064,1.082,-0.027,-2.4346,3777730.77,409150.29
512400.SH,20210315,1.104,1.097,1.129,1.088,1.109,0.005,0.4529,5154585.0,572481.087
512400.SH,20210312,1.121,1.125,1.125,1.091,1.104,-0.017,-1.5165,5745933.88,634735.258
512400.SH,20210311,1.055,1.06,1.122,1.051,1.121,0.066,6.2559,7370496.42,808517.071
512400.SH,20210310,1.049,1.064,1.07,1.043,1.055,0.006,0.572,3539024.33,374352.057
512400.SH,20210309,1.068,1.06,1.087,1.016,1.049,-0.019,-1.779,6081313.57,642105.557
512400.SH,20210308,1.101,1.12,1.131,1.067,1.068,-0.033,-2.9973,4580397.67,503611.108
512400.SH,20210305,1.14,1.1,1.114,1.077,1.101,-0.039,-3.4211,6160023.08,676480.74
512400.SH,20210304,1.188,1.156,1.162,1.13,1.14,-0.048,-4.0404,6181306.9,709338.688
512400.SH,20210303,1.145,1.151,1.189,1.145,1.188,0.043,3.7555,6758168.85,791017.801
512400.SH,20210302,1.185,1.175,1.179,1.135,1.145,-0.04,-3.3755,6572589.0,756263.386
512400.SH,20210301,1.145,1.146,1.186,1.139,1.185,0.04,3.4934,7355585.74,853484.515
512400.SH,20210226,1.194,1.14,1.172,1.132,1.145,-0.049,-4.1039,7612760.01,873628.18
512400.SH,20210225,1.207,1.244,1.249,1.188,1.194,-0.013,-1.0771,9192927.1,1118447.505
512400.SH,20210224,1.263,1.254,1.28,1.194,1.207,-0.056,-4.4339,9640926.81,1187536.024
512400.SH,20210223,1.29,1.275,1.295,1.247,1.263,-0.027,-2.093,9788304.73,1247651.947
512400.SH,20210222,1.223,1.264,1.345,1.264,1.29,0.067,5.4783,9726702.9,1272439.009
512400.SH,20210219,1.225,1.205,1.232,1.173,1.223,-0.002,-0.1633,7476572.83,902671.641
512400.SH,20210218,1.134,1.247,1.247,1.186,1.225,0.091,8.0247,8092451.53,984142.421
512400.SH,20210210,1.11,1.109,1.139,1.091,1.134,0.024,2.1622,3224379.07,360445.157
512400.SH,20210209,1.054,1.061,1.11,1.061,1.11,0.056,5.3131,3902267.41,425561.801
512400.SH,20210208,1.012,1.019,1.057,1.006,1.054,0.042,4.1502,3709889.0,384233.345
512400.SH,20210205,1.063,1.057,1.069,1.008,1.012,-0.051,-4.7977,4484657.09,463597.286
512400.SH,20210204,1.109,1.1,1.103,1.046,1.063,-0.046,-4.1479,3610932.5,386634.047
512400.SH,20210203,1.102,1.09,1.134,1.086,1.109,0.007,0.6352,3148437.32,350061.678
512400.SH,20210202,1.071,1.078,1.106,1.064,1.102,0.031,2.8945,2919822.89,316787.785
512400.SH,20210201,1.059,1.066,1.078,1.051,1.071,0.012,1.1331,2396286.43,255617.249
512400.SH,20210129,1.071,1.088,1.095,1.035,1.059,-0.012,-1.1204,3047630.28,324289.529
512400.SH,20210128,1.11,1.082,1.107,1.067,1.071,-0.039,-3.5135,3487223.33,378466.74
512400.SH,20210127,1.119,1.115,1.122,1.076,1.11,-0.009,-0.8043,3937096.74,432329.744
512400.SH,20210126,1.14,1.13,1.143,1.095,1.119,-0.021,-1.8421,4063405.56,455053.872
512400.SH,20210125,1.126,1.123,1.173,1.12,1.14,0.014,1.2433,4662216.83,534010.936
512400.SH,20210122,1.116,1.114,1.137,1.096,1.126,0.01,0.8961,5033777.23,561849.667
512400.SH,20210121,1.075,1.076,1.126,1.071,1.116,0.041,3.814,4834531.18,534238.0
512400.SH,20210120,1.045,1.045,1.079,1.045,1.075,0.03,2.8708,4296597.43,458175.608
512400.SH,20210119,1.083,1.078,1.085,1.037,1.045,-0.038,-3.5088,4480316.74,474608.077
512400.SH,20210118,1.065,1.057,1.088,1.043,1.083,0.018,1.6901,3886040.75,415974.238
512400.SH,20210115,1.055,1.06,1.074,1.033,1.065,0.01,0.9479,4047977.18,428089.898
512400.SH,20210114,1.081,1.064,1.077,1.045,1.055,-0.026,-2.4052,3840748.9,407038.404
512400.SH,20210113,1.114,1.113,1.144,1.071,1.081,-0.033,-2.9623,5315014.23,585576.169
512400.SH,20210112,1.09,1.068,1.115,1.06,1.114,0.024,2.2018,5370764.76,584372.053
512400.SH,20210111,1.134,1.12,1.138,1.08,1.09,-0.044,-3.8801,6199648.01,687023.041
512400.SH,20210108,1.137,1.148,1.158,1.091,1.134,-0.003,-0.2639,6525105.72,728586.134
512400.SH,20210107,1.094,1.089,1.145,1.085,1.137,0.043,3.9305,5596501.7,630555.678
512400.SH,20210106,1.091,1.1,1.114,1.075,1.094,0.003,0.275,3809992.16,416900.276
512400.SH,20210105,1.083,1.08,1.101,1.062,1.091,0.008,0.7387,3662809.33,396084.968
512400.SH,20210104,1.019,1.033,1.09,1.033,1.083,0.064,6.2807,3834517.98,408128.544
